RouteID|BMP|EMP|ValueDate|Comments|ValueNumeric|StateID|BeginDate|ValueText|DataItem
12200480000EB|0.0|0.1|2018|||54|01/01/2023||YEAR_LAST_CONSTRUCTION
12200480000EB|0.1|0.2|2018|||54|01/01/2023||YEAR_LAST_CONSTRUCTION
12200480000EB|0.2|0.3|2018|||54|01/01/2023||YEAR_LAST_CONSTRUCTION
12200480000EB|0.3|0.4|2018|||54|01/01/2023||YEAR_LAST_CONSTRUCTION
12200480000EB|0.4|0.5|2018|||54|01/01/2023||YEAR_LAST_CONSTRUCTION
12200480000EB|0.5|0.6|2018|||54|01/01/2023||YEAR_LAST_CONSTRUCTION
12200480000EB|0.6|0.7|2018|||54|01/01/2023||YEAR_LAST_CONSTRUCTION
12200480000EB|0.7|0.8|2018|||54|01/01/2023||YEAR_LAST_CONSTRUCTION
12200480000EB|0.8|0.9|2018|||54|01/01/2023||YEAR_LAST_CONSTRUCTION
12200480000EB|0.9|1.0|2018|||54|01/01/2023||YEAR_LAST_CONSTRUCTION
12200480000EB|1.0|1.1|2018|||54|01/01/2023||YEAR_LAST_CONSTRUCTION
12200480000EB|1.1|1.2|2018|||54|01/01/2023||YEAR_LAST_CONSTRUCTION
12200480000EB|1.2|1.3|2018|||54|01/01/2023||YEAR_LAST_CONSTRUCTION
12200480000EB|1.3|1.4|2018|||54|01/01/2023||YEAR_LAST_CONSTRUCTION
12200480000EB|1.4|1.5|2018|||54|01/01/2023||YEAR_LAST_CONSTRUCTION
12200480000EB|1.5|1.6|2018|||54|01/01/2023||YEAR_LAST_CONSTRUCTION
12200480000EB|1.6|1.7|2018|||54|01/01/2023||YEAR_LAST_CONSTRUCTION
12200480000EB|1.7|1.8|2018|||54|01/01/2023||YEAR_LAST_CONSTRUCTION
12200480000EB|1.8|1.9|2018|||54|01/01/2023||YEAR_LAST_CONSTRUCTION
12200480000EB|1.9|2.0|2018|||54|01/01/2023||YEAR_LAST_CONSTRUCTION
12200480000EB|2.0|2.1|2018|||54|01/01/2023||YEAR_LAST_CONSTRUCTION
12200480000EB|2.1|2.2|2018|||54|01/01/2023||YEAR_LAST_CONSTRUCTION
12200480000EB|2.2|2.3|2018|||54|01/01/2023||YEAR_LAST_CONSTRUCTION
12200480000EB|2.3|2.4|2018|||54|01/01/2023||YEAR_LAST_CONSTRUCTION
12200480000EB|2.4|2.5|2018|||54|01/01/2023||YEAR_LAST_CONSTRUCTION
12200480000EB|2.5|2.6|2018|||54|01/01/2023||YEAR_LAST_CONSTRUCTION
12200480000EB|2.6|2.7|2018|||54|01/01/2023||YEAR_LAST_CONSTRUCTION
12200480000EB|2.7|2.8|2018|||54|01/01/2023||YEAR_LAST_CONSTRUCTION
12200480000EB|2.8|2.9|2018|||54|01/01/2023||YEAR_LAST_CONSTRUCTION
12200480000EB|2.9|3.0|2018|||54|01/01/2023||YEAR_LAST_CONSTRUCTION
12200480000EB|3.0|3.1|2018|||54|01/01/2023||YEAR_LAST_CONSTRUCTION
12200480000EB|3.1|3.2|2018|||54|01/01/2023||YEAR_LAST_CONSTRUCTION
12200480000EB|3.2|3.3|2018|||54|01/01/2023||YEAR_LAST_CONSTRUCTION
12200480000EB|3.3|3.4|2018|||54|01/01/2023||YEAR_LAST_CONSTRUCTION
12200480000EB|3.4|3.5|2018|||54|01/01/2023||YEAR_LAST_CONSTRUCTION
12200480000EB|3.5|3.6|2018|||54|01/01/2023||YEAR_LAST_CONSTRUCTION
12200480000EB|3.6|3.7|2018|||54|01/01/2023||YEAR_LAST_CONSTRUCTION
12200480000EB|3.7|3.8|2018|||54|01/01/2023||YEAR_LAST_CONSTRUCTION
12200480000EB|3.8|3.9|2018|||54|01/01/2023||YEAR_LAST_CONSTRUCTION
12200480000EB|3.9|4.0|2018|||54|01/01/2023||YEAR_LAST_CONSTRUCTION
12200480000EB|4.0|4.1|2018|||54|01/01/2023||YEAR_LAST_CONSTRUCTION
12200480000EB|4.1|4.2|2018|||54|01/01/2023||YEAR_LAST_CONSTRUCTION
12200480000EB|4.2|4.3|2018|||54|01/01/2023||YEAR_LAST_CONSTRUCTION
12200480000EB|4.3|4.4|2018|||54|01/01/2023||YEAR_LAST_CONSTRUCTION
12200480000EB|4.4|4.5|2018|||54|01/01/2023||YEAR_LAST_CONSTRUCTION
12200480000EB|4.5|4.6|2018|||54|01/01/2023||YEAR_LAST_CONSTRUCTION
12200480000EB|4.6|4.7|2018|||54|01/01/2023||YEAR_LAST_CONSTRUCTION
12200480000EB|4.7|4.8|2018|||54|01/01/2023||YEAR_LAST_CONSTRUCTION
12200480000EB|4.8|4.9|2018|||54|01/01/2023||YEAR_LAST_CONSTRUCTION
12200480000EB|4.9|5.0|2018|||54|01/01/2023||YEAR_LAST_CONSTRUCTION
12200480000EB|5.0|5.1|2018|||54|01/01/2023||YEAR_LAST_CONSTRUCTION
12200480000EB|5.1|5.2|2018|||54|01/01/2023||YEAR_LAST_CONSTRUCTION
12200480000EB|5.2|5.3|2018|||54|01/01/2023||YEAR_LAST_CONSTRUCTION
12200480000EB|5.3|5.4|2018|||54|01/01/2023||YEAR_LAST_CONSTRUCTION
12200480000EB|5.4|5.5|2018|||54|01/01/2023||YEAR_LAST_CONSTRUCTION
12200480000EB|5.5|5.6|2018|||54|01/01/2023||YEAR_LAST_CONSTRUCTION
12200480000EB|5.6|5.7|2018|||54|01/01/2023||YEAR_LAST_CONSTRUCTION
12200480000EB|5.7|5.8|2018|||54|01/01/2023||YEAR_LAST_CONSTRUCTION
12200480000EB|5.8|5.82|2018|||54|01/01/2023||YEAR_LAST_CONSTRUCTION
0230051000000|4.54|4.58|2022|||54|01/01/2023||YEAR_LAST_CONSTRUCTION
0230051000000|4.58|4.62|2022|||54|01/01/2023||YEAR_LAST_CONSTRUCTION
0230051000000|4.62|5.18|2022|||54|01/01/2023||YEAR_LAST_CONSTRUCTION
19203400005SB|0.0|0.1|35796|||54|01/01/2023||YEAR_LAST_CONSTRUCTION
19203400005SB|0.1|0.17|1998|||54|01/01/2023||YEAR_LAST_CONSTRUCTION
2930093000000|0.0|0.069|2008|||54|01/01/2023||YEAR_LAST_CONSTRUCTION
2930093000000|0.069|0.1|2008|||54|01/01/2023||YEAR_LAST_CONSTRUCTION
2930093000000|0.1|0.2|2008|||54|01/01/2023||YEAR_LAST_CONSTRUCTION
2930093000000|0.2|0.3|2008|||54|01/01/2023||YEAR_LAST_CONSTRUCTION
2930093000000|0.3|0.4|2008|||54|01/01/2023||YEAR_LAST_CONSTRUCTION
2930093000000|0.4|0.5|2008|||54|01/01/2023||YEAR_LAST_CONSTRUCTION
2930093000000|0.5|0.6|2008|||54|01/01/2023||YEAR_LAST_CONSTRUCTION
2930093000000|0.6|0.7|2008|||54|01/01/2023||YEAR_LAST_CONSTRUCTION
2930093000000|0.7|0.8|2008|||54|01/01/2023||YEAR_LAST_CONSTRUCTION
2930093000000|0.8|0.9|2008|||54|01/01/2023||YEAR_LAST_CONSTRUCTION
2930093000000|0.9|1.0|2008|||54|01/01/2023||YEAR_LAST_CONSTRUCTION
2930093000000|1.0|1.1|2008|||54|01/01/2023||YEAR_LAST_CONSTRUCTION
2930093000000|1.1|1.2|2008|||54|01/01/2023||YEAR_LAST_CONSTRUCTION
2930093000000|1.2|1.3|2008|||54|01/01/2023||YEAR_LAST_CONSTRUCTION
2930093000000|1.3|1.4|2008|||54|01/01/2023||YEAR_LAST_CONSTRUCTION
2930093000000|1.4|1.5|2008|||54|01/01/2023||YEAR_LAST_CONSTRUCTION
2930093000000|1.5|1.6|2008|||54|01/01/2023||YEAR_LAST_CONSTRUCTION
2930093000000|1.6|1.7|2008|||54|01/01/2023||YEAR_LAST_CONSTRUCTION
2930093000000|1.7|1.8|2008|||54|01/01/2023||YEAR_LAST_CONSTRUCTION
2930093000000|1.8|1.9|2008|||54|01/01/2023||YEAR_LAST_CONSTRUCTION
2930093000000|1.9|2.0|2008|||54|01/01/2023||YEAR_LAST_CONSTRUCTION
2930093000000|2.0|2.1|2008|||54|01/01/2023||YEAR_LAST_CONSTRUCTION
2930093000000|2.1|2.2|2008|||54|01/01/2023||YEAR_LAST_CONSTRUCTION
2930093000000|2.2|2.3|2008|||54|01/01/2023||YEAR_LAST_CONSTRUCTION
2930093000000|2.3|2.4|2008|||54|01/01/2023||YEAR_LAST_CONSTRUCTION
2930093000000|2.4|2.5|2008|||54|01/01/2023||YEAR_LAST_CONSTRUCTION
2930093000000|2.5|2.6|2008|||54|01/01/2023||YEAR_LAST_CONSTRUCTION
2930093000000|2.6|2.7|2008|||54|01/01/2023||YEAR_LAST_CONSTRUCTION
2930093000000|2.7|2.8|2008|||54|01/01/2023||YEAR_LAST_CONSTRUCTION
2930093000000|2.8|2.9|2008|||54|01/01/2023||YEAR_LAST_CONSTRUCTION
2930093000000|2.9|3.0|2008|||54|01/01/2023||YEAR_LAST_CONSTRUCTION
2930093000000|3.0|3.1|2008|||54|01/01/2023||YEAR_LAST_CONSTRUCTION
2930093000000|3.1|3.2|2008|||54|01/01/2023||YEAR_LAST_CONSTRUCTION
2930093000000|3.2|3.3|2008|||54|01/01/2023||YEAR_LAST_CONSTRUCTION
2930093000000|3.3|3.4|2008|||54|01/01/2023||YEAR_LAST_CONSTRUCTION
2930093000000|3.4|3.42|2008|||54|01/01/2023||YEAR_LAST_CONSTRUCTION
0230009000000|0.35|0.4|1930|||54|01/01/2023||YEAR_LAST_CONSTRUCTION
0230009000000|0.4|0.5|1930|||54|01/01/2023||YEAR_LAST_CONSTRUCTION
0230009000000|0.5|0.6|1930|||54|01/01/2023||YEAR_LAST_CONSTRUCTION
0230009000000|0.6|0.7|1930|||54|01/01/2023||YEAR_LAST_CONSTRUCTION
0230009000000|0.7|0.8|1930|||54|01/01/2023||YEAR_LAST_CONSTRUCTION
0230009000000|0.8|0.9|1930|||54|01/01/2023||YEAR_LAST_CONSTRUCTION
0230009000000|0.9|1.0|1930|||54|01/01/2023||YEAR_LAST_CONSTRUCTION
0230009000000|1.0|1.1|1930|||54|01/01/2023||YEAR_LAST_CONSTRUCTION
0230009000000|1.1|1.2|1930|||54|01/01/2023||YEAR_LAST_CONSTRUCTION
0230009000000|1.2|1.3|1930|||54|01/01/2023||YEAR_LAST_CONSTRUCTION
0230009000000|1.3|1.4|1930|||54|01/01/2023||YEAR_LAST_CONSTRUCTION
0230009000000|1.4|1.5|1930|||54|01/01/2023||YEAR_LAST_CONSTRUCTION
0230009000000|1.5|1.6|1930|||54|01/01/2023||YEAR_LAST_CONSTRUCTION
0230009000000|1.6|1.7|1930|||54|01/01/2023||YEAR_LAST_CONSTRUCTION
0230009000000|1.7|1.8|1930|||54|01/01/2023||YEAR_LAST_CONSTRUCTION
0230009000000|1.8|1.9|1930|||54|01/01/2023||YEAR_LAST_CONSTRUCTION
0230009000000|1.9|2.0|1930|||54|01/01/2023||YEAR_LAST_CONSTRUCTION
0230009000000|2.0|2.1|1930|||54|01/01/2023||YEAR_LAST_CONSTRUCTION
0230009000000|2.1|2.2|1930|||54|01/01/2023||YEAR_LAST_CONSTRUCTION
0230009000000|4.9|5.0|1930|||54|01/01/2023||YEAR_LAST_CONSTRUCTION
0230009000000|5.0|5.1|1930|||54|01/01/2023||YEAR_LAST_CONSTRUCTION
0230009000000|5.1|5.2|1930|||54|01/01/2023||YEAR_LAST_CONSTRUCTION
0230009000000|5.2|5.3|1930|||54|01/01/2023||YEAR_LAST_CONSTRUCTION
0230009000000|5.3|5.4|1930|||54|01/01/2023||YEAR_LAST_CONSTRUCTION
0230009000000|5.4|5.5|1930|||54|01/01/2023||YEAR_LAST_CONSTRUCTION
0230009000000|5.5|5.6|1930|||54|01/01/2023||YEAR_LAST_CONSTRUCTION
0230009000000|5.6|5.7|1930|||54|01/01/2023||YEAR_LAST_CONSTRUCTION
0230009000000|5.7|5.8|1930|||54|01/01/2023||YEAR_LAST_CONSTRUCTION
0230009000000|5.8|5.9|1930|||54|01/01/2023||YEAR_LAST_CONSTRUCTION
0230009000000|5.9|6.0|1930|||54|01/01/2023||YEAR_LAST_CONSTRUCTION
0230009000000|6.0|6.1|1930|||54|01/01/2023||YEAR_LAST_CONSTRUCTION
0230009000000|6.1|6.17|1930|||54|01/01/2023||YEAR_LAST_CONSTRUCTION
0230009000000|6.17|6.2|1930|||54|01/01/2023||YEAR_LAST_CONSTRUCTION
0230009000000|6.2|6.27|1930|||54|01/01/2023||YEAR_LAST_CONSTRUCTION
0230009000000|6.381|6.4|1930|||54|01/01/2023||YEAR_LAST_CONSTRUCTION
0230009000000|6.4|6.47|1930|||54|01/01/2023||YEAR_LAST_CONSTRUCTION
0230009000000|6.47|6.5|1930|||54|01/01/2023||YEAR_LAST_CONSTRUCTION
0230009000000|6.5|6.6|1930|||54|01/01/2023||YEAR_LAST_CONSTRUCTION
0230009000000|6.6|6.7|1930|||54|01/01/2023||YEAR_LAST_CONSTRUCTION
0230009000000|6.7|6.8|1930|||54|01/01/2023||YEAR_LAST_CONSTRUCTION
0230009000000|6.8|6.9|1930|||54|01/01/2023||YEAR_LAST_CONSTRUCTION
0230009000000|6.9|7.0|1930|||54|01/01/2023||YEAR_LAST_CONSTRUCTION
0230009000000|7.0|7.1|1930|||54|01/01/2023||YEAR_LAST_CONSTRUCTION
0230009000000|7.1|7.2|1930|||54|01/01/2023||YEAR_LAST_CONSTRUCTION
0230009000000|7.2|7.3|1930|||54|01/01/2023||YEAR_LAST_CONSTRUCTION
0230009000000|7.3|7.4|1930|||54|01/01/2023||YEAR_LAST_CONSTRUCTION
0230009000000|7.4|7.5|1930|||54|01/01/2023||YEAR_LAST_CONSTRUCTION
0230009000000|7.5|7.58|1930|||54|01/01/2023||YEAR_LAST_CONSTRUCTION
0230009000000|7.584|7.6|1930|||54|01/01/2023||YEAR_LAST_CONSTRUCTION
0230009000000|7.6|7.7|1930|||54|01/01/2023||YEAR_LAST_CONSTRUCTION
0230009000000|7.7|7.8|1930|||54|01/01/2023||YEAR_LAST_CONSTRUCTION
0230009000000|7.8|7.9|1930|||54|01/01/2023||YEAR_LAST_CONSTRUCTION
0230009000000|7.9|8.0|1930|||54|01/01/2023||YEAR_LAST_CONSTRUCTION
0230009000000|8.0|8.1|1930|||54|01/01/2023||YEAR_LAST_CONSTRUCTION
0230009000000|8.1|8.2|1930|||54|01/01/2023||YEAR_LAST_CONSTRUCTION
0230009000000|8.2|8.3|1930|||54|01/01/2023||YEAR_LAST_CONSTRUCTION
0230009000000|8.3|8.4|1930|||54|01/01/2023||YEAR_LAST_CONSTRUCTION
0230009000000|8.4|8.5|1930|||54|01/01/2023||YEAR_LAST_CONSTRUCTION
0230009000000|8.5|8.6|1930|||54|01/01/2023||YEAR_LAST_CONSTRUCTION
0230009000000|8.6|8.7|1930|||54|01/01/2023||YEAR_LAST_CONSTRUCTION
0230009000000|8.7|8.8|1930|||54|01/01/2023||YEAR_LAST_CONSTRUCTION
0230009000000|8.8|8.9|1930|||54|01/01/2023||YEAR_LAST_CONSTRUCTION
0230009000000|8.9|9.0|1930|||54|01/01/2023||YEAR_LAST_CONSTRUCTION
0230009000000|9.0|9.1|1930|||54|01/01/2023||YEAR_LAST_CONSTRUCTION
0230009000000|9.1|9.2|1930|||54|01/01/2023||YEAR_LAST_CONSTRUCTION
0230009000000|9.2|9.3|1930|||54|01/01/2023||YEAR_LAST_CONSTRUCTION
0230009000000|9.3|9.4|1930|||54|01/01/2023||YEAR_LAST_CONSTRUCTION
0230009000000|9.4|9.5|1930|||54|01/01/2023||YEAR_LAST_CONSTRUCTION
0230009000000|9.5|9.6|1930|||54|01/01/2023||YEAR_LAST_CONSTRUCTION
0230009000000|9.6|9.7|1930|||54|01/01/2023||YEAR_LAST_CONSTRUCTION
0230009000000|9.7|9.8|1930|||54|01/01/2023||YEAR_LAST_CONSTRUCTION
0230009000000|9.8|9.9|1930|||54|01/01/2023||YEAR_LAST_CONSTRUCTION
0230009000000|9.9|9.95|1930|||54|01/01/2023||YEAR_LAST_CONSTRUCTION
0230009000000|10.12|10.2|1930|||54|01/01/2023||YEAR_LAST_CONSTRUCTION
0230009000000|10.2|10.3|1930|||54|01/01/2023||YEAR_LAST_CONSTRUCTION
0230009000000|10.3|10.37|1930|||54|01/01/2023||YEAR_LAST_CONSTRUCTION
0230009000000|10.532|10.6|1930|||54|01/01/2023||YEAR_LAST_CONSTRUCTION
0230009000000|10.6|10.7|1930|||54|01/01/2023||YEAR_LAST_CONSTRUCTION
0230009000000|10.7|10.8|1930|||54|01/01/2023||YEAR_LAST_CONSTRUCTION
0230009000000|10.8|10.893|1930|||54|01/01/2023||YEAR_LAST_CONSTRUCTION
0230009000000|10.893|10.9|1930|||54|01/01/2023||YEAR_LAST_CONSTRUCTION
0230009000000|10.9|11.0|1930|||54|01/01/2023||YEAR_LAST_CONSTRUCTION
0230009000000|11.0|11.1|1930|||54|01/01/2023||YEAR_LAST_CONSTRUCTION
0230009000000|11.1|11.2|1930|||54|01/01/2023||YEAR_LAST_CONSTRUCTION
0230009000000|11.2|11.243|1930|||54|01/01/2023||YEAR_LAST_CONSTRUCTION
0230009000000|14.0|14.1|1950|||54|01/01/2023||YEAR_LAST_CONSTRUCTION
0230009000000|14.1|14.2|1950|||54|01/01/2023||YEAR_LAST_CONSTRUCTION
0230009000000|14.55|14.6|1950|||54|01/01/2023||YEAR_LAST_CONSTRUCTION
0230009000000|14.6|14.7|1950|||54|01/01/2023||YEAR_LAST_CONSTRUCTION
0230009000000|14.7|14.8|1950|||54|01/01/2023||YEAR_LAST_CONSTRUCTION
0230009000000|14.8|14.9|1950|||54|01/01/2023||YEAR_LAST_CONSTRUCTION
0230009000000|15.57|15.6|1950|||54|01/01/2023||YEAR_LAST_CONSTRUCTION
0230009000000|15.6|15.7|1950|||54|01/01/2023||YEAR_LAST_CONSTRUCTION
0230009000000|15.7|15.79|1950|||54|01/01/2023||YEAR_LAST_CONSTRUCTION
0230009000000|15.79|15.8|1950|||54|01/01/2023||YEAR_LAST_CONSTRUCTION
0230009000000|15.8|15.9|1950|||54|01/01/2023||YEAR_LAST_CONSTRUCTION
0230009000000|15.9|16.0|1950|||54|01/01/2023||YEAR_LAST_CONSTRUCTION
0230009000000|16.0|16.09|1950|||54|01/01/2023||YEAR_LAST_CONSTRUCTION
0230009000000|17.07|17.1|2010|||54|01/01/2023||YEAR_LAST_CONSTRUCTION
0230009000000|17.1|17.2|2010|||54|01/01/2023||YEAR_LAST_CONSTRUCTION
0230009000000|17.2|17.3|2010|||54|01/01/2023||YEAR_LAST_CONSTRUCTION
0230009000000|17.3|17.4|2010|||54|01/01/2023||YEAR_LAST_CONSTRUCTION
0230009000000|17.4|17.48|2010|||54|01/01/2023||YEAR_LAST_CONSTRUCTION
0230009000000|18.18|18.2|2010|||54|01/01/2023||YEAR_LAST_CONSTRUCTION
0230009000000|18.2|18.3|2010|||54|01/01/2023||YEAR_LAST_CONSTRUCTION
0230009000000|18.3|18.4|2010|||54|01/01/2023||YEAR_LAST_CONSTRUCTION
0230009000000|18.4|18.5|2010|||54|01/01/2023||YEAR_LAST_CONSTRUCTION
0230009000000|18.5|18.6|2010|||54|01/01/2023||YEAR_LAST_CONSTRUCTION
0230009000000|18.6|18.7|2010|||54|01/01/2023||YEAR_LAST_CONSTRUCTION
0230009000000|18.7|18.8|2010|||54|01/01/2023||YEAR_LAST_CONSTRUCTION
0230009000000|18.8|18.9|2010|||54|01/01/2023||YEAR_LAST_CONSTRUCTION
0230009000000|18.9|19.0|2010|||54|01/01/2023||YEAR_LAST_CONSTRUCTION
0230009000000|19.0|19.1|2010|||54|01/01/2023||YEAR_LAST_CONSTRUCTION
0230009000000|19.1|19.2|2010|||54|01/01/2023||YEAR_LAST_CONSTRUCTION
0230009000000|19.2|19.3|2010|||54|01/01/2023||YEAR_LAST_CONSTRUCTION
0230009000000|19.3|19.4|2010|||54|01/01/2023||YEAR_LAST_CONSTRUCTION
0230009000000|19.4|19.5|2010|||54|01/01/2023||YEAR_LAST_CONSTRUCTION
0230009000000|19.5|19.6|2010|||54|01/01/2023||YEAR_LAST_CONSTRUCTION
0230009000000|19.6|19.7|2010|||54|01/01/2023||YEAR_LAST_CONSTRUCTION
0230009000000|19.7|19.8|2010|||54|01/01/2023||YEAR_LAST_CONSTRUCTION
0230009000000|19.8|19.9|2010|||54|01/01/2023||YEAR_LAST_CONSTRUCTION
0230009000000|19.9|20.0|2010|||54|01/01/2023||YEAR_LAST_CONSTRUCTION
0230009000000|20.0|20.1|2010|||54|01/01/2023||YEAR_LAST_CONSTRUCTION
0230009000000|20.1|20.16|2010|||54|01/01/2023||YEAR_LAST_CONSTRUCTION
14200500000EB|7.48|7.5| |||54|01/01/2023||YEAR_LAST_CONSTRUCTION
1930051000000|8.66|8.78|1998|||54|01/01/2023||YEAR_LAST_CONSTRUCTION
19203400000NB|6.9|7.0|1998|||54|01/01/2023||YEAR_LAST_CONSTRUCTION
19203400000NB|7.0|7.1|1998|||54|01/01/2023||YEAR_LAST_CONSTRUCTION
19203400000NB|7.1|7.2|1998|||54|01/01/2023||YEAR_LAST_CONSTRUCTION
19203400000NB|7.2|7.3|1998|||54|01/01/2023||YEAR_LAST_CONSTRUCTION
19203400000NB|7.3|7.4|1998|||54|01/01/2023||YEAR_LAST_CONSTRUCTION
19203400000NB|7.4|7.5|1998|||54|01/01/2023||YEAR_LAST_CONSTRUCTION
19203400000NB|7.5|7.6|1998|||54|01/01/2023||YEAR_LAST_CONSTRUCTION
19203400000NB|7.6|7.7|1998|||54|01/01/2023||YEAR_LAST_CONSTRUCTION
19203400000NB|7.7|7.8|1998|||54|01/01/2023||YEAR_LAST_CONSTRUCTION
19203400000NB|7.8|7.9|1998|||54|01/01/2023||YEAR_LAST_CONSTRUCTION
19203400000NB|7.9|8.0|1998|||54|01/01/2023||YEAR_LAST_CONSTRUCTION
19203400000NB|8.0|8.1|1998|||54|01/01/2023||YEAR_LAST_CONSTRUCTION
19203400000NB|8.1|8.2|1998|||54|01/01/2023||YEAR_LAST_CONSTRUCTION
19203400000NB|8.2|8.3|1998|||54|01/01/2023||YEAR_LAST_CONSTRUCTION
19203400000NB|8.3|8.4|1998|||54|01/01/2023||YEAR_LAST_CONSTRUCTION
19203400000NB|8.4|8.5|1998|||54|01/01/2023||YEAR_LAST_CONSTRUCTION
19203400000NB|8.5|8.56|1998|||54|01/01/2023||YEAR_LAST_CONSTRUCTION
19203400000NB|8.56|8.6|1998|||54|01/01/2023||YEAR_LAST_CONSTRUCTION
19203400000NB|8.6|8.627|1998|||54|01/01/2023||YEAR_LAST_CONSTRUCTION
19203400000NB|8.627|8.7|1998|||54|01/01/2023||YEAR_LAST_CONSTRUCTION
19203400000NB|8.7|8.8|1998|||54|01/01/2023||YEAR_LAST_CONSTRUCTION
19203400000NB|8.8|8.9|1998|||54|01/01/2023||YEAR_LAST_CONSTRUCTION
19203400000NB|8.9|9.0|1998|||54|01/01/2023||YEAR_LAST_CONSTRUCTION
19203400000NB|9.0|9.1|1998|||54|01/01/2023||YEAR_LAST_CONSTRUCTION
19203400000NB|9.1|9.13|1998|||54|01/01/2023||YEAR_LAST_CONSTRUCTION
19203400000NB|9.13|9.2|1998|||54|01/01/2023||YEAR_LAST_CONSTRUCTION
19203400000NB|9.2|9.3|1998|||54|01/01/2023||YEAR_LAST_CONSTRUCTION
19203400000NB|9.3|9.38|1998|||54|01/01/2023||YEAR_LAST_CONSTRUCTION
19203400000NB|9.38|9.4|1998|||54|01/01/2023||YEAR_LAST_CONSTRUCTION
19203400000NB|9.4|9.5|1998|||54|01/01/2023||YEAR_LAST_CONSTRUCTION
19203400000NB|9.6|9.7|1998|||54|01/01/2023||YEAR_LAST_CONSTRUCTION
19203400000NB|9.7|9.8|1998|||54|01/01/2023||YEAR_LAST_CONSTRUCTION
19203400000NB|9.8|9.9|1998|||54|01/01/2023||YEAR_LAST_CONSTRUCTION
19203400000NB|9.9|10.0|1998|||54|01/01/2023||YEAR_LAST_CONSTRUCTION
19203400000NB|10.0|10.1|1998|||54|01/01/2023||YEAR_LAST_CONSTRUCTION
19203400000NB|10.1|10.2|1998|||54|01/01/2023||YEAR_LAST_CONSTRUCTION
19203400000NB|10.2|10.3|1998|||54|01/01/2023||YEAR_LAST_CONSTRUCTION
19203400000NB|10.3|10.4|1998|||54|01/01/2023||YEAR_LAST_CONSTRUCTION
19203400000NB|10.4|10.41|1998|||54|01/01/2023||YEAR_LAST_CONSTRUCTION
19203400000NB|10.41|10.5|1998|||54|01/01/2023||YEAR_LAST_CONSTRUCTION
19203400000NB|10.5|10.6|1998|||54|01/01/2023||YEAR_LAST_CONSTRUCTION
19203400000NB|10.6|10.7|1998|||54|01/01/2023||YEAR_LAST_CONSTRUCTION
19203400000NB|10.7|10.8|1998|||54|01/01/2023||YEAR_LAST_CONSTRUCTION
19203400000NB|10.8|10.9|1998|||54|01/01/2023||YEAR_LAST_CONSTRUCTION
19203400000NB|10.9|11.0|1998|||54|01/01/2023||YEAR_LAST_CONSTRUCTION
19203400000NB|11.0|11.1|1998|||54|01/01/2023||YEAR_LAST_CONSTRUCTION
19203400000NB|11.1|11.2|1998|||54|01/01/2023||YEAR_LAST_CONSTRUCTION
19203400000NB|11.2|11.3|1998|||54|01/01/2023||YEAR_LAST_CONSTRUCTION
19203400000NB|11.3|11.4|1998|||54|01/01/2023||YEAR_LAST_CONSTRUCTION
19203400000NB|11.4|11.5|1998|||54|01/01/2023||YEAR_LAST_CONSTRUCTION
19203400000NB|11.5|11.6|1998|||54|01/01/2023||YEAR_LAST_CONSTRUCTION
19203400000NB|11.6|11.7|1998|||54|01/01/2023||YEAR_LAST_CONSTRUCTION
19203400000NB|11.7|11.8|1998|||54|01/01/2023||YEAR_LAST_CONSTRUCTION
19203400000NB|11.8|11.86|1998|||54|01/01/2023||YEAR_LAST_CONSTRUCTION
19203400000NB|11.9|12.0|1998|||54|01/01/2023||YEAR_LAST_CONSTRUCTION
19203400000NB|12.0|12.047|1998|||54|01/01/2023||YEAR_LAST_CONSTRUCTION
19203400000NB|12.047|12.1|1998|||54|01/01/2023||YEAR_LAST_CONSTRUCTION
19203400000NB|12.1|12.2|1998|||54|01/01/2023||YEAR_LAST_CONSTRUCTION
19203400000NB|12.2|12.3|1998|||54|01/01/2023||YEAR_LAST_CONSTRUCTION
19203400000NB|12.3|12.4|1998|||54|01/01/2023||YEAR_LAST_CONSTRUCTION
19203400000NB|12.4|12.5|1998|||54|01/01/2023||YEAR_LAST_CONSTRUCTION
19203400000NB|12.5|12.6|1998|||54|01/01/2023||YEAR_LAST_CONSTRUCTION
19203400000NB|12.6|12.7|1998|||54|01/01/2023||YEAR_LAST_CONSTRUCTION
19203400000NB|12.7|12.8|1998|||54|01/01/2023||YEAR_LAST_CONSTRUCTION
19203400000NB|12.8|12.88|1998|||54|01/01/2023||YEAR_LAST_CONSTRUCTION
19203400000NB|12.88|12.9|1998|||54|01/01/2023||YEAR_LAST_CONSTRUCTION
19203400000NB|12.9|13.0|1998|||54|01/01/2023||YEAR_LAST_CONSTRUCTION
19203400000NB|13.0|13.1|1998|||54|01/01/2023||YEAR_LAST_CONSTRUCTION
19203400000NB|13.1|13.2|1998|||54|01/01/2023||YEAR_LAST_CONSTRUCTION
19203400000NB|13.2|13.26|1998|||54|01/01/2023||YEAR_LAST_CONSTRUCTION
19203400000NB|13.26|13.3|1998|||54|01/01/2023||YEAR_LAST_CONSTRUCTION
19203400000NB|13.3|13.4|1998|||54|01/01/2023||YEAR_LAST_CONSTRUCTION
19203400000NB|13.4|13.5|1998|||54|01/01/2023||YEAR_LAST_CONSTRUCTION
19203400000NB|13.5|13.6|1998|||54|01/01/2023||YEAR_LAST_CONSTRUCTION
19203400000NB|13.6|13.7|1998|||54|01/01/2023||YEAR_LAST_CONSTRUCTION
19203400000NB|13.7|13.8|1998|||54|01/01/2023||YEAR_LAST_CONSTRUCTION
19203400000NB|13.8|13.82|1998|||54|01/01/2023||YEAR_LAST_CONSTRUCTION
19203400000NB|14.66|14.7|1998|||54|01/01/2023||YEAR_LAST_CONSTRUCTION
19203400000NB|14.7|14.8|1998|||54|01/01/2023||YEAR_LAST_CONSTRUCTION
19203400000NB|14.8|14.86|1998|||54|01/01/2023||YEAR_LAST_CONSTRUCTION
19203400000NB|14.86|14.9|1998|||54|01/01/2023||YEAR_LAST_CONSTRUCTION
19203400000NB|14.9|15.0|1998|||54|01/01/2023||YEAR_LAST_CONSTRUCTION
19203400000NB|15.0|15.1|1998|||54|01/01/2023||YEAR_LAST_CONSTRUCTION
19203400000NB|15.1|15.2|1998|||54|01/01/2023||YEAR_LAST_CONSTRUCTION
19203400000NB|15.2|15.3|1998|||54|01/01/2023||YEAR_LAST_CONSTRUCTION
19203400000NB|15.3|15.31|1998|||54|01/01/2023||YEAR_LAST_CONSTRUCTION
1930009000000|0.0|0.059|2010|||54|01/01/2023||YEAR_LAST_CONSTRUCTION
1930009000000|0.059|0.1|2010|||54|01/01/2023||YEAR_LAST_CONSTRUCTION
1930009000000|0.1|0.2|2010|||54|01/01/2023||YEAR_LAST_CONSTRUCTION
1930009000000|0.2|0.3|2010|||54|01/01/2023||YEAR_LAST_CONSTRUCTION
1930009000000|0.3|0.4|2010|||54|01/01/2023||YEAR_LAST_CONSTRUCTION
1930009000000|0.4|0.5|2010|||54|01/01/2023||YEAR_LAST_CONSTRUCTION
1930009000000|0.5|0.6|2010|||54|01/01/2023||YEAR_LAST_CONSTRUCTION
1930009000000|0.6|0.7|2010|||54|01/01/2023||YEAR_LAST_CONSTRUCTION
1930009000000|0.7|0.8|2010|||54|01/01/2023||YEAR_LAST_CONSTRUCTION
1930009000000|0.8|0.9|2010|||54|01/01/2023||YEAR_LAST_CONSTRUCTION
1930009000000|0.9|1.0|2010|||54|01/01/2023||YEAR_LAST_CONSTRUCTION
1930009000000|1.0|1.1|2010|||54|01/01/2023||YEAR_LAST_CONSTRUCTION
1930009000000|1.1|1.2|2010|||54|01/01/2023||YEAR_LAST_CONSTRUCTION
1930009000000|1.2|1.3|2010|||54|01/01/2023||YEAR_LAST_CONSTRUCTION
1930009000000|1.3|1.4|2010|||54|01/01/2023||YEAR_LAST_CONSTRUCTION
1930009000000|1.4|1.45|2010|||54|01/01/2023||YEAR_LAST_CONSTRUCTION
1930009000000|1.45|1.5|2008|||54|01/01/2023||YEAR_LAST_CONSTRUCTION
1930009000000|1.5|1.6|2008|||54|01/01/2023||YEAR_LAST_CONSTRUCTION
1930009000000|1.6|1.7|2008|||54|01/01/2023||YEAR_LAST_CONSTRUCTION
1930009000000|1.7|1.8|2008|||54|01/01/2023||YEAR_LAST_CONSTRUCTION
1930009000000|1.8|1.9|2008|||54|01/01/2023||YEAR_LAST_CONSTRUCTION
1930009000000|1.9|2.0|2008|||54|01/01/2023||YEAR_LAST_CONSTRUCTION
1930009000000|2.0|2.1|2008|||54|01/01/2023||YEAR_LAST_CONSTRUCTION
1930009000000|2.1|2.2|2008|||54|01/01/2023||YEAR_LAST_CONSTRUCTION
1930009000000|2.2|2.3|2008|||54|01/01/2023||YEAR_LAST_CONSTRUCTION
1930009000000|2.3|2.4|2008|||54|01/01/2023||YEAR_LAST_CONSTRUCTION
1930009000000|2.4|2.5|2008|||54|01/01/2023||YEAR_LAST_CONSTRUCTION
1930009000000|2.5|2.6|2008|||54|01/01/2023||YEAR_LAST_CONSTRUCTION
1930009000000|2.6|2.7|2008|||54|01/01/2023||YEAR_LAST_CONSTRUCTION
1930009000000|2.7|2.8|2008|||54|01/01/2023||YEAR_LAST_CONSTRUCTION
1930009000000|2.8|2.9|2008|||54|01/01/2023||YEAR_LAST_CONSTRUCTION
1930009000000|2.9|3.0|2008|||54|01/01/2023||YEAR_LAST_CONSTRUCTION
1930009000000|3.0|3.1|2008|||54|01/01/2023||YEAR_LAST_CONSTRUCTION
1930009000000|3.1|3.2|2008|||54|01/01/2023||YEAR_LAST_CONSTRUCTION
1930009000000|3.2|3.3|2008|||54|01/01/2023||YEAR_LAST_CONSTRUCTION
1930009000000|3.3|3.4|2008|||54|01/01/2023||YEAR_LAST_CONSTRUCTION
1930009000000|3.4|3.5|2008|||54|01/01/2023||YEAR_LAST_CONSTRUCTION
1930009000000|3.5|3.6|2008|||54|01/01/2023||YEAR_LAST_CONSTRUCTION
1930009000000|3.6|3.7|2008|||54|01/01/2023||YEAR_LAST_CONSTRUCTION
1930009000000|3.7|3.8|2008|||54|01/01/2023||YEAR_LAST_CONSTRUCTION
1930009000000|3.8|3.9|2008|||54|01/01/2023||YEAR_LAST_CONSTRUCTION
1930009000000|3.9|3.94|2008|||54|01/01/2023||YEAR_LAST_CONSTRUCTION
1930009000000|4.97|5.0|2010|||54|01/01/2023||YEAR_LAST_CONSTRUCTION
1930009000000|5.0|5.1|2010|||54|01/01/2023||YEAR_LAST_CONSTRUCTION
1930009000000|5.1|5.2|2010|||54|01/01/2023||YEAR_LAST_CONSTRUCTION
1930009000000|5.2|5.3|2010|||54|01/01/2023||YEAR_LAST_CONSTRUCTION
1930009000000|5.3|5.4|2010|||54|01/01/2023||YEAR_LAST_CONSTRUCTION
1930009000000|5.4|5.5|2010|||54|01/01/2023||YEAR_LAST_CONSTRUCTION
1930009000000|5.5|5.6|2010|||54|01/01/2023||YEAR_LAST_CONSTRUCTION
1930009000000|5.6|5.7|2010|||54|01/01/2023||YEAR_LAST_CONSTRUCTION
1930009000000|5.7|5.8|2010|||54|01/01/2023||YEAR_LAST_CONSTRUCTION
1930009000000|5.8|5.9|2010|||54|01/01/2023||YEAR_LAST_CONSTRUCTION
1930009000000|5.9|6.0|2010|||54|01/01/2023||YEAR_LAST_CONSTRUCTION
1930009000000|6.0|6.1|2010|||54|01/01/2023||YEAR_LAST_CONSTRUCTION
1930009000000|6.1|6.2|2010|||54|01/01/2023||YEAR_LAST_CONSTRUCTION
1930009000000|6.2|6.3|2010|||54|01/01/2023||YEAR_LAST_CONSTRUCTION
1930009000000|6.3|6.35|2010|||54|01/01/2023||YEAR_LAST_CONSTRUCTION
1930009000000|10.91|11.0|2010|||54|01/01/2023||YEAR_LAST_CONSTRUCTION
1930009000000|11.0|11.1|2010|||54|01/01/2023||YEAR_LAST_CONSTRUCTION
1930009000000|11.1|11.2|2010|||54|01/01/2023||YEAR_LAST_CONSTRUCTION
1930009000000|11.2|11.3|2010|||54|01/01/2023||YEAR_LAST_CONSTRUCTION
1930009000000|11.3|11.4|2010|||54|01/01/2023||YEAR_LAST_CONSTRUCTION
1930009000000|11.4|11.418|2010|||54|01/01/2023||YEAR_LAST_CONSTRUCTION
1930009000000|14.435|14.5|2010|||54|01/01/2023||YEAR_LAST_CONSTRUCTION
1930009000000|14.5|14.6|2010|||54|01/01/2023||YEAR_LAST_CONSTRUCTION
1930009000000|14.6|14.7|2010|||54|01/01/2023||YEAR_LAST_CONSTRUCTION
1930009000000|14.7|14.8|2010|||54|01/01/2023||YEAR_LAST_CONSTRUCTION
1930009000000|14.8|14.9|2010|||54|01/01/2023||YEAR_LAST_CONSTRUCTION
1930009000000|14.9|14.96|2010|||54|01/01/2023||YEAR_LAST_CONSTRUCTION
1230093000000|9.71|9.8|1940|||54|01/01/2023||YEAR_LAST_CONSTRUCTION
1230093000000|9.8|9.9|1940|||54|01/01/2023||YEAR_LAST_CONSTRUCTION
1230093000000|9.9|10.0|1940|||54|01/01/2023||YEAR_LAST_CONSTRUCTION
1230093000000|10.0|10.1|1940|||54|01/01/2023||YEAR_LAST_CONSTRUCTION
1230093000000|10.1|10.2|1940|||54|01/01/2023||YEAR_LAST_CONSTRUCTION
1230093000000|10.2|10.3|1940|||54|01/01/2023||YEAR_LAST_CONSTRUCTION
1230093000000|10.3|10.4|1940|||54|01/01/2023||YEAR_LAST_CONSTRUCTION
1230093000000|10.4|10.5|1940|||54|01/01/2023||YEAR_LAST_CONSTRUCTION
1230093000000|10.5|10.6|1940|||54|01/01/2023||YEAR_LAST_CONSTRUCTION
1230093000000|10.6|10.7|1940|||54|01/01/2023||YEAR_LAST_CONSTRUCTION
1230093000000|10.7|10.8|1940|||54|01/01/2023||YEAR_LAST_CONSTRUCTION
1230093000000|10.8|10.9|1940|||54|01/01/2023||YEAR_LAST_CONSTRUCTION
1230093000000|10.9|11.0|1940|||54|01/01/2023||YEAR_LAST_CONSTRUCTION
1230093000000|11.0|11.1|1940|||54|01/01/2023||YEAR_LAST_CONSTRUCTION
1230093000000|11.1|11.2|1940|||54|01/01/2023||YEAR_LAST_CONSTRUCTION
1230093000000|11.2|11.3|1940|||54|01/01/2023||YEAR_LAST_CONSTRUCTION
1230093000000|11.3|11.4|1940|||54|01/01/2023||YEAR_LAST_CONSTRUCTION
1230093000000|11.4|11.5|1940|||54|01/01/2023||YEAR_LAST_CONSTRUCTION
1230093000000|11.5|11.6|1940|||54|01/01/2023||YEAR_LAST_CONSTRUCTION
1230093000000|11.6|11.7|1940|||54|01/01/2023||YEAR_LAST_CONSTRUCTION
1230093000000|11.7|11.8|1940|||54|01/01/2023||YEAR_LAST_CONSTRUCTION
1230093000000|11.8|11.9|1940|||54|01/01/2023||YEAR_LAST_CONSTRUCTION
1230093000000|11.9|12.0|1940|||54|01/01/2023||YEAR_LAST_CONSTRUCTION
1230093000000|12.0|12.1|1940|||54|01/01/2023||YEAR_LAST_CONSTRUCTION
1230093000000|12.1|12.2|1940|||54|01/01/2023||YEAR_LAST_CONSTRUCTION
1230093000000|12.2|12.3|1940|||54|01/01/2023||YEAR_LAST_CONSTRUCTION
1230093000000|12.3|12.4|1940|||54|01/01/2023||YEAR_LAST_CONSTRUCTION
1230093000000|12.4|12.5|1940|||54|01/01/2023||YEAR_LAST_CONSTRUCTION
1230093000000|12.5|12.6|1940|||54|01/01/2023||YEAR_LAST_CONSTRUCTION
1230093000000|12.6|12.7|1940|||54|01/01/2023||YEAR_LAST_CONSTRUCTION
1230093000000|12.7|12.8|1940|||54|01/01/2023||YEAR_LAST_CONSTRUCTION
1230093000000|12.8|12.9|1940|||54|01/01/2023||YEAR_LAST_CONSTRUCTION
1230093000000|12.9|13.0|1940|||54|01/01/2023||YEAR_LAST_CONSTRUCTION
1230093000000|13.0|13.1|1940|||54|01/01/2023||YEAR_LAST_CONSTRUCTION
1230093000000|13.1|13.2|1940|||54|01/01/2023||YEAR_LAST_CONSTRUCTION
1230093000000|13.2|13.3|1940|||54|01/01/2023||YEAR_LAST_CONSTRUCTION
1230093000000|13.3|13.4|1940|||54|01/01/2023||YEAR_LAST_CONSTRUCTION
1230093000000|13.4|13.45|1940|||54|01/01/2023||YEAR_LAST_CONSTRUCTION
02100810000NB|0.0|0.1|1950|||54|01/01/2023||YEAR_LAST_CONSTRUCTION
02100810000NB|0.1|0.2|1950|||54|01/01/2023||YEAR_LAST_CONSTRUCTION
02100810000NB|0.2|0.3|1950|||54|01/01/2023||YEAR_LAST_CONSTRUCTION
02100810000NB|0.3|0.4|1950|||54|01/01/2023||YEAR_LAST_CONSTRUCTION
02100810000NB|0.4|0.5|1950|||54|01/01/2023||YEAR_LAST_CONSTRUCTION
02100810000NB|0.5|0.6|1950|||54|01/01/2023||YEAR_LAST_CONSTRUCTION
02100810000NB|0.6|0.7|1950|||54|01/01/2023||YEAR_LAST_CONSTRUCTION
02100810000NB|0.7|0.8|1950|||54|01/01/2023||YEAR_LAST_CONSTRUCTION
02100810000NB|0.8|0.9|1950|||54|01/01/2023||YEAR_LAST_CONSTRUCTION
02100810000NB|0.9|1.0|1950|||54|01/01/2023||YEAR_LAST_CONSTRUCTION
02100810000NB|1.0|1.1|1950|||54|01/01/2023||YEAR_LAST_CONSTRUCTION
02100810000NB|1.1|1.2|1950|||54|01/01/2023||YEAR_LAST_CONSTRUCTION
02100810000NB|1.2|1.3|1950|||54|01/01/2023||YEAR_LAST_CONSTRUCTION
02100810000NB|1.3|1.39|1950|||54|01/01/2023||YEAR_LAST_CONSTRUCTION
02100810000NB|1.39|1.4|1950|||54|01/01/2023||YEAR_LAST_CONSTRUCTION
02100810000NB|1.4|1.5|1950|||54|01/01/2023||YEAR_LAST_CONSTRUCTION
02100810000NB|1.5|1.6|1950|||54|01/01/2023||YEAR_LAST_CONSTRUCTION
02100810000NB|1.6|1.7|1950|||54|01/01/2023||YEAR_LAST_CONSTRUCTION
02100810000NB|1.7|1.8|1950|||54|01/01/2023||YEAR_LAST_CONSTRUCTION
02100810000NB|1.8|1.9|1950|||54|01/01/2023||YEAR_LAST_CONSTRUCTION
02100810000NB|1.9|2.0|1950|||54|01/01/2023||YEAR_LAST_CONSTRUCTION
02100810000NB|2.0|2.1|1950|||54|01/01/2023||YEAR_LAST_CONSTRUCTION
02100810000NB|2.1|2.2|1950|||54|01/01/2023||YEAR_LAST_CONSTRUCTION
02100810000NB|2.2|2.3|1950|||54|01/01/2023||YEAR_LAST_CONSTRUCTION
02100810000NB|2.3|2.4|1950|||54|01/01/2023||YEAR_LAST_CONSTRUCTION
02100810000NB|2.4|2.5|1950|||54|01/01/2023||YEAR_LAST_CONSTRUCTION
02100810000NB|2.5|2.6|1950|||54|01/01/2023||YEAR_LAST_CONSTRUCTION
02100810000NB|2.6|2.7|1950|||54|01/01/2023||YEAR_LAST_CONSTRUCTION
02100810000NB|2.7|2.8|1950|||54|01/01/2023||YEAR_LAST_CONSTRUCTION
02100810000NB|2.8|2.9|1950|||54|01/01/2023||YEAR_LAST_CONSTRUCTION
02100810000NB|2.9|3.0|1950|||54|01/01/2023||YEAR_LAST_CONSTRUCTION
02100810000NB|3.0|3.1|1950|||54|01/01/2023||YEAR_LAST_CONSTRUCTION
02100810000NB|3.1|3.2|1950|||54|01/01/2023||YEAR_LAST_CONSTRUCTION
02100810000NB|3.2|3.3|1950|||54|01/01/2023||YEAR_LAST_CONSTRUCTION
02100810000NB|3.3|3.4|1950|||54|01/01/2023||YEAR_LAST_CONSTRUCTION
02100810000NB|3.4|3.5|1950|||54|01/01/2023||YEAR_LAST_CONSTRUCTION
02100810000NB|3.5|3.6|1950|||54|01/01/2023||YEAR_LAST_CONSTRUCTION
02100810000NB|3.6|3.7|1950|||54|01/01/2023||YEAR_LAST_CONSTRUCTION
02100810000NB|3.7|3.8|1950|||54|01/01/2023||YEAR_LAST_CONSTRUCTION
02100810000NB|3.8|3.9|1950|||54|01/01/2023||YEAR_LAST_CONSTRUCTION
02100810000NB|3.9|4.0|1950|||54|01/01/2023||YEAR_LAST_CONSTRUCTION
02100810000NB|4.0|4.1|1950|||54|01/01/2023||YEAR_LAST_CONSTRUCTION
02100810000NB|4.1|4.2|1950|||54|01/01/2023||YEAR_LAST_CONSTRUCTION
02100810000NB|4.2|4.3|1950|||54|01/01/2023||YEAR_LAST_CONSTRUCTION
02100810000NB|4.3|4.4|1950|||54|01/01/2023||YEAR_LAST_CONSTRUCTION
02100810000NB|4.4|4.5|1950|||54|01/01/2023||YEAR_LAST_CONSTRUCTION
02100810000NB|4.5|4.6|1950|||54|01/01/2023||YEAR_LAST_CONSTRUCTION
02100810000NB|4.6|4.7|1950|||54|01/01/2023||YEAR_LAST_CONSTRUCTION
02100810000NB|4.7|4.8|1950|||54|01/01/2023||YEAR_LAST_CONSTRUCTION
02100810000NB|4.8|4.9|1950|||54|01/01/2023||YEAR_LAST_CONSTRUCTION
02100810000NB|4.9|5.0|1950|||54|01/01/2023||YEAR_LAST_CONSTRUCTION
02100810000NB|5.0|5.1|1950|||54|01/01/2023||YEAR_LAST_CONSTRUCTION
02100810000NB|5.1|5.2|1950|||54|01/01/2023||YEAR_LAST_CONSTRUCTION
02100810000NB|5.2|5.3|1950|||54|01/01/2023||YEAR_LAST_CONSTRUCTION
02100810000NB|5.3|5.4|1950|||54|01/01/2023||YEAR_LAST_CONSTRUCTION
02100810000NB|5.4|5.5|1950|||54|01/01/2023||YEAR_LAST_CONSTRUCTION
02100810000NB|5.5|5.6|1950|||54|01/01/2023||YEAR_LAST_CONSTRUCTION
02100810000NB|5.6|5.7|1950|||54|01/01/2023||YEAR_LAST_CONSTRUCTION
02100810000NB|5.7|5.8|1950|||54|01/01/2023||YEAR_LAST_CONSTRUCTION
02100810000NB|5.8|5.9|1950|||54|01/01/2023||YEAR_LAST_CONSTRUCTION
02100810000NB|5.9|6.0|1950|||54|01/01/2023||YEAR_LAST_CONSTRUCTION
02100810000NB|6.0|6.1|1950|||54|01/01/2023||YEAR_LAST_CONSTRUCTION
02100810000NB|6.1|6.2|1950|||54|01/01/2023||YEAR_LAST_CONSTRUCTION
02100810000NB|6.2|6.27|1950|||54|01/01/2023||YEAR_LAST_CONSTRUCTION
02100810000NB|6.27|6.3|1950|||54|01/01/2023||YEAR_LAST_CONSTRUCTION
02100810000NB|6.3|6.4|1950|||54|01/01/2023||YEAR_LAST_CONSTRUCTION
02100810000NB|6.4|6.5|1950|||54|01/01/2023||YEAR_LAST_CONSTRUCTION
02100810000NB|6.5|6.6|1950|||54|01/01/2023||YEAR_LAST_CONSTRUCTION
02100810000NB|6.6|6.7|1950|||54|01/01/2023||YEAR_LAST_CONSTRUCTION
02100810000NB|6.7|6.8|1950|||54|01/01/2023||YEAR_LAST_CONSTRUCTION
02100810000NB|6.8|6.9|1950|||54|01/01/2023||YEAR_LAST_CONSTRUCTION
02100810000NB|6.9|7.0|1950|||54|01/01/2023||YEAR_LAST_CONSTRUCTION
02100810000NB|7.0|7.1|1950|||54|01/01/2023||YEAR_LAST_CONSTRUCTION
02100810000NB|7.1|7.2|1950|||54|01/01/2023||YEAR_LAST_CONSTRUCTION
02100810000NB|7.2|7.3|1950|||54|01/01/2023||YEAR_LAST_CONSTRUCTION
02100810000NB|7.3|7.4|1950|||54|01/01/2023||YEAR_LAST_CONSTRUCTION
02100810000NB|7.4|7.5|1950|||54|01/01/2023||YEAR_LAST_CONSTRUCTION
02100810000NB|7.5|7.6|1950|||54|01/01/2023||YEAR_LAST_CONSTRUCTION
02100810000NB|7.6|7.7|1950|||54|01/01/2023||YEAR_LAST_CONSTRUCTION
02100810000NB|7.7|7.8|1950|||54|01/01/2023||YEAR_LAST_CONSTRUCTION
02100810000NB|7.8|7.9|1950|||54|01/01/2023||YEAR_LAST_CONSTRUCTION
02100810000NB|7.9|8.0|2022|||54|01/01/2023||YEAR_LAST_CONSTRUCTION
02100810000NB|8.0|8.1|2022|||54|01/01/2023||YEAR_LAST_CONSTRUCTION
02100810000NB|8.1|8.2|2022|||54|01/01/2023||YEAR_LAST_CONSTRUCTION
02100810000NB|8.2|8.3|2022|||54|01/01/2023||YEAR_LAST_CONSTRUCTION
02100810000NB|8.3|8.4|2022|||54|01/01/2023||YEAR_LAST_CONSTRUCTION
02100810000NB|8.4|8.5|2022|||54|01/01/2023||YEAR_LAST_CONSTRUCTION
02100810000NB|8.5|8.6|2022|||54|01/01/2023||YEAR_LAST_CONSTRUCTION
02100810000NB|8.6|8.7|2022|||54|01/01/2023||YEAR_LAST_CONSTRUCTION
02100810000NB|8.7|8.8|2022|||54|01/01/2023||YEAR_LAST_CONSTRUCTION
02100810000NB|8.8|8.9|2022|||54|01/01/2023||YEAR_LAST_CONSTRUCTION
02100810000NB|8.9|9.0|2022|||54|01/01/2023||YEAR_LAST_CONSTRUCTION
02100810000NB|9.0|9.1|2022|||54|01/01/2023||YEAR_LAST_CONSTRUCTION
02100810000NB|9.1|9.2|2022|||54|01/01/2023||YEAR_LAST_CONSTRUCTION
02100810000NB|9.2|9.3|2022|||54|01/01/2023||YEAR_LAST_CONSTRUCTION
02100810000NB|9.3|9.4|2022|||54|01/01/2023||YEAR_LAST_CONSTRUCTION
02100810000NB|9.4|9.5|2022|||54|01/01/2023||YEAR_LAST_CONSTRUCTION
02100810000NB|9.5|9.6|2022|||54|01/01/2023||YEAR_LAST_CONSTRUCTION
02100810000NB|9.6|9.7|2022|||54|01/01/2023||YEAR_LAST_CONSTRUCTION
02100810000NB|9.7|9.8|2022|||54|01/01/2023||YEAR_LAST_CONSTRUCTION
02100810000NB|9.8|9.9|2022|||54|01/01/2023||YEAR_LAST_CONSTRUCTION
02100810000NB|9.9|10.0|2022|||54|01/01/2023||YEAR_LAST_CONSTRUCTION
02100810000NB|10.0|10.1|2022|||54|01/01/2023||YEAR_LAST_CONSTRUCTION
02100810000NB|10.1|10.2|2022|||54|01/01/2023||YEAR_LAST_CONSTRUCTION
02100810000NB|10.2|10.3|2022|||54|01/01/2023||YEAR_LAST_CONSTRUCTION
02100810000NB|10.3|10.4|2022|||54|01/01/2023||YEAR_LAST_CONSTRUCTION
02100810000NB|10.4|10.5|2022|||54|01/01/2023||YEAR_LAST_CONSTRUCTION
02100810000NB|10.5|10.6|2022|||54|01/01/2023||YEAR_LAST_CONSTRUCTION
02100810000NB|10.6|10.7|2022|||54|01/01/2023||YEAR_LAST_CONSTRUCTION
02100810000NB|10.7|10.8|2022|||54|01/01/2023||YEAR_LAST_CONSTRUCTION
02100810000NB|10.8|10.9|2022|||54|01/01/2023||YEAR_LAST_CONSTRUCTION
02100810000NB|10.9|11.0|2022|||54|01/01/2023||YEAR_LAST_CONSTRUCTION
02100810000NB|11.0|11.1|2022|||54|01/01/2023||YEAR_LAST_CONSTRUCTION
02100810000NB|11.1|11.2|2022|||54|01/01/2023||YEAR_LAST_CONSTRUCTION
02100810000NB|11.2|11.3|2022|||54|01/01/2023||YEAR_LAST_CONSTRUCTION
02100810000NB|11.3|11.4|2022|||54|01/01/2023||YEAR_LAST_CONSTRUCTION
02100810000NB|11.4|11.5|2022|||54|01/01/2023||YEAR_LAST_CONSTRUCTION
02100810000NB|11.5|11.6|2022|||54|01/01/2023||YEAR_LAST_CONSTRUCTION
02100810000NB|11.6|11.63|2022|||54|01/01/2023||YEAR_LAST_CONSTRUCTION
02100810000NB|11.63|11.7|2022|||54|01/01/2023||YEAR_LAST_CONSTRUCTION
02100810000NB|11.7|11.8|2022|||54|01/01/2023||YEAR_LAST_CONSTRUCTION
02100810000NB|11.8|11.9|2022|||54|01/01/2023||YEAR_LAST_CONSTRUCTION
02100810000NB|11.9|12.0|1996|||54|01/01/2023||YEAR_LAST_CONSTRUCTION
02100810000NB|12.0|12.1|1996|||54|01/01/2023||YEAR_LAST_CONSTRUCTION
02100810000NB|12.1|12.2|1996|||54|01/01/2023||YEAR_LAST_CONSTRUCTION
02100810000NB|12.2|12.3|1996|||54|01/01/2023||YEAR_LAST_CONSTRUCTION
02100810000NB|12.3|12.4|1996|||54|01/01/2023||YEAR_LAST_CONSTRUCTION
02100810000NB|12.4|12.5|1996|||54|01/01/2023||YEAR_LAST_CONSTRUCTION
02100810000NB|12.5|12.6|1996|||54|01/01/2023||YEAR_LAST_CONSTRUCTION
02100810000NB|12.6|12.7|1996|||54|01/01/2023||YEAR_LAST_CONSTRUCTION
02100810000NB|12.7|12.8|1996|||54|01/01/2023||YEAR_LAST_CONSTRUCTION
02100810000NB|12.8|12.9|1996|||54|01/01/2023||YEAR_LAST_CONSTRUCTION
02100810000NB|12.9|13.0|1996|||54|01/01/2023||YEAR_LAST_CONSTRUCTION
02100810000NB|13.0|13.1|1996|||54|01/01/2023||YEAR_LAST_CONSTRUCTION
02100810000NB|13.1|13.2|1996|||54|01/01/2023||YEAR_LAST_CONSTRUCTION
02100810000NB|13.2|13.3|1996|||54|01/01/2023||YEAR_LAST_CONSTRUCTION
02100810000NB|13.3|13.4|1996|||54|01/01/2023||YEAR_LAST_CONSTRUCTION
02100810000NB|13.4|13.5|1996|||54|01/01/2023||YEAR_LAST_CONSTRUCTION
02100810000NB|13.5|13.54|1996|||54|01/01/2023||YEAR_LAST_CONSTRUCTION
02100810000NB|13.54|13.6|1996|||54|01/01/2023||YEAR_LAST_CONSTRUCTION
02100810000NB|13.6|13.7|1998|||54|01/01/2023||YEAR_LAST_CONSTRUCTION
02100810000NB|13.7|13.8|1998|||54|01/01/2023||YEAR_LAST_CONSTRUCTION
02100810000NB|13.8|13.9|1998|||54|01/01/2023||YEAR_LAST_CONSTRUCTION
02100810000NB|13.9|14.0|1998|||54|01/01/2023||YEAR_LAST_CONSTRUCTION
02100810000NB|14.0|14.1|1998|||54|01/01/2023||YEAR_LAST_CONSTRUCTION
02100810000NB|14.1|14.2|1998|||54|01/01/2023||YEAR_LAST_CONSTRUCTION
02100810000NB|14.2|14.26|1998|||54|01/01/2023||YEAR_LAST_CONSTRUCTION
02100810000NB|14.26|14.3|1998|||54|01/01/2023||YEAR_LAST_CONSTRUCTION
02100810000NB|14.3|14.4|1998|||54|01/01/2023||YEAR_LAST_CONSTRUCTION
02100810000NB|14.4|14.5|1998|||54|01/01/2023||YEAR_LAST_CONSTRUCTION
02100810000NB|14.5|14.6|1998|||54|01/01/2023||YEAR_LAST_CONSTRUCTION
02100810000NB|14.6|14.7|1998|||54|01/01/2023||YEAR_LAST_CONSTRUCTION
02100810000NB|14.7|14.8|1998|||54|01/01/2023||YEAR_LAST_CONSTRUCTION
02100810000NB|14.8|14.9|1998|||54|01/01/2023||YEAR_LAST_CONSTRUCTION
02100810000NB|14.9|15.0|1998|||54|01/01/2023||YEAR_LAST_CONSTRUCTION
02100810000NB|15.0|15.1|1998|||54|01/01/2023||YEAR_LAST_CONSTRUCTION
02100810000NB|15.1|15.2|1998|||54|01/01/2023||YEAR_LAST_CONSTRUCTION
02100810000NB|15.2|15.22|1998|||54|01/01/2023||YEAR_LAST_CONSTRUCTION
02100810000NB|15.22|15.3|1998|||54|01/01/2023||YEAR_LAST_CONSTRUCTION
02100810000NB|15.3|15.4|1998|||54|01/01/2023||YEAR_LAST_CONSTRUCTION
02100810000NB|15.4|15.5|1998|||54|01/01/2023||YEAR_LAST_CONSTRUCTION
02100810000NB|15.5|15.6|1998|||54|01/01/2023||YEAR_LAST_CONSTRUCTION
02100810000NB|15.6|15.62|1998|||54|01/01/2023||YEAR_LAST_CONSTRUCTION
02100810000NB|15.62|15.7|1998|||54|01/01/2023||YEAR_LAST_CONSTRUCTION
02100810000NB|15.7|15.8|1998|||54|01/01/2023||YEAR_LAST_CONSTRUCTION
02100810000NB|15.8|15.9|1998|||54|01/01/2023||YEAR_LAST_CONSTRUCTION
02100810000NB|15.9|15.95|1998|||54|01/01/2023||YEAR_LAST_CONSTRUCTION
02100810000NB|15.95|16.0|1998|||54|01/01/2023||YEAR_LAST_CONSTRUCTION
02100810000NB|16.0|16.1|1998|||54|01/01/2023||YEAR_LAST_CONSTRUCTION
02100810000NB|16.1|16.2|1998|||54|01/01/2023||YEAR_LAST_CONSTRUCTION
02100810000NB|16.2|16.23|1998|||54|01/01/2023||YEAR_LAST_CONSTRUCTION
02100810000NB|16.23|16.3|1998|||54|01/01/2023||YEAR_LAST_CONSTRUCTION
02100810000NB|16.3|16.4|1998|||54|01/01/2023||YEAR_LAST_CONSTRUCTION
02100810000NB|16.4|16.5|1998|||54|01/01/2023||YEAR_LAST_CONSTRUCTION
02100810000NB|16.5|16.6|1998|||54|01/01/2023||YEAR_LAST_CONSTRUCTION
02100810000NB|16.6|16.7|1998|||54|01/01/2023||YEAR_LAST_CONSTRUCTION
02100810000NB|16.7|16.8|1998|||54|01/01/2023||YEAR_LAST_CONSTRUCTION
02100810000NB|16.8|16.9|1998|||54|01/01/2023||YEAR_LAST_CONSTRUCTION
02100810000NB|16.9|17.0|1998|||54|01/01/2023||YEAR_LAST_CONSTRUCTION
02100810000NB|17.0|17.1|1998|||54|01/01/2023||YEAR_LAST_CONSTRUCTION
02100810000NB|17.1|17.2|1998|||54|01/01/2023||YEAR_LAST_CONSTRUCTION
02100810000NB|17.2|17.3|1998|||54|01/01/2023||YEAR_LAST_CONSTRUCTION
02100810000NB|17.3|17.4|1998|||54|01/01/2023||YEAR_LAST_CONSTRUCTION
02100810000NB|17.4|17.5|1998|||54|01/01/2023||YEAR_LAST_CONSTRUCTION
02100810000NB|17.5|17.6|1998|||54|01/01/2023||YEAR_LAST_CONSTRUCTION
02100810000NB|17.6|17.7|1998|||54|01/01/2023||YEAR_LAST_CONSTRUCTION
02100810000NB|17.7|17.8|1998|||54|01/01/2023||YEAR_LAST_CONSTRUCTION
02100810000NB|17.8|17.9|1998|||54|01/01/2023||YEAR_LAST_CONSTRUCTION
02100810000NB|17.9|18.0|1998|||54|01/01/2023||YEAR_LAST_CONSTRUCTION
02100810000NB|18.0|18.1|1998|||54|01/01/2023||YEAR_LAST_CONSTRUCTION
02100810000NB|18.1|18.13|1998|||54|01/01/2023||YEAR_LAST_CONSTRUCTION
02100810000NB|18.13|18.2|1998|||54|01/01/2023||YEAR_LAST_CONSTRUCTION
02100810000NB|18.2|18.3|1998|||54|01/01/2023||YEAR_LAST_CONSTRUCTION
02100810000NB|18.3|18.4|1998|||54|01/01/2023||YEAR_LAST_CONSTRUCTION
02100810000NB|18.4|18.5|1998|||54|01/01/2023||YEAR_LAST_CONSTRUCTION
02100810000NB|18.5|18.6|1998|||54|01/01/2023||YEAR_LAST_CONSTRUCTION
02100810000NB|18.6|18.7|1998|||54|01/01/2023||YEAR_LAST_CONSTRUCTION
02100810000NB|18.7|18.8|1998|||54|01/01/2023||YEAR_LAST_CONSTRUCTION
02100810000NB|18.8|18.9|1998|||54|01/01/2023||YEAR_LAST_CONSTRUCTION
02100810000NB|18.9|19.0|1998|||54|01/01/2023||YEAR_LAST_CONSTRUCTION
02100810000NB|19.0|19.1|1998|||54|01/01/2023||YEAR_LAST_CONSTRUCTION
02100810000NB|19.1|19.2|1998|||54|01/01/2023||YEAR_LAST_CONSTRUCTION
02100810000NB|19.2|19.3|1998|||54|01/01/2023||YEAR_LAST_CONSTRUCTION
02100810000NB|19.3|19.4|1998|||54|01/01/2023||YEAR_LAST_CONSTRUCTION
02100810000NB|19.4|19.5|1998|||54|01/01/2023||YEAR_LAST_CONSTRUCTION
02100810000NB|19.5|19.6|1998|||54|01/01/2023||YEAR_LAST_CONSTRUCTION
02100810000NB|19.6|19.7|1998|||54|01/01/2023||YEAR_LAST_CONSTRUCTION
02100810000NB|19.7|19.8|1998|||54|01/01/2023||YEAR_LAST_CONSTRUCTION
02100810000NB|19.8|19.9|1998|||54|01/01/2023||YEAR_LAST_CONSTRUCTION
02100810000NB|19.9|20.0|1998|||54|01/01/2023||YEAR_LAST_CONSTRUCTION
02100810000NB|20.0|20.1|1998|||54|01/01/2023||YEAR_LAST_CONSTRUCTION
02100810000NB|20.1|20.2|1998|||54|01/01/2023||YEAR_LAST_CONSTRUCTION
02100810000NB|20.2|20.3|1998|||54|01/01/2023||YEAR_LAST_CONSTRUCTION
02100810000NB|20.3|20.37|1998|||54|01/01/2023||YEAR_LAST_CONSTRUCTION
02100810000NB|20.37|20.4|2010|||54|01/01/2023||YEAR_LAST_CONSTRUCTION
02100810000NB|20.4|20.5|2010|||54|01/01/2023||YEAR_LAST_CONSTRUCTION
02100810000NB|20.5|20.6|2010|||54|01/01/2023||YEAR_LAST_CONSTRUCTION
02100810000NB|20.6|20.7|2010|||54|01/01/2023||YEAR_LAST_CONSTRUCTION
02100810000NB|20.7|20.8|2010|||54|01/01/2023||YEAR_LAST_CONSTRUCTION
02100810000NB|20.8|20.9|2010|||54|01/01/2023||YEAR_LAST_CONSTRUCTION
02100810000NB|20.9|21.0|2010|||54|01/01/2023||YEAR_LAST_CONSTRUCTION
02100810000NB|21.0|21.1|2010|||54|01/01/2023||YEAR_LAST_CONSTRUCTION
02100810000NB|21.1|21.2|2010|||54|01/01/2023||YEAR_LAST_CONSTRUCTION
02100810000NB|21.2|21.3|2010|||54|01/01/2023||YEAR_LAST_CONSTRUCTION
02100810000NB|21.3|21.4|2010|||54|01/01/2023||YEAR_LAST_CONSTRUCTION
02100810000NB|21.4|21.5|2010|||54|01/01/2023||YEAR_LAST_CONSTRUCTION
02100810000NB|21.5|21.6|2010|||54|01/01/2023||YEAR_LAST_CONSTRUCTION
02100810000NB|21.6|21.7|2010|||54|01/01/2023||YEAR_LAST_CONSTRUCTION
02100810000NB|21.7|21.8|2010|||54|01/01/2023||YEAR_LAST_CONSTRUCTION
02100810000NB|21.8|21.9|2010|||54|01/01/2023||YEAR_LAST_CONSTRUCTION
02100810000NB|21.9|22.0|2010|||54|01/01/2023||YEAR_LAST_CONSTRUCTION
02100810000NB|22.0|22.1|2010|||54|01/01/2023||YEAR_LAST_CONSTRUCTION
02100810000NB|22.1|22.2|2010|||54|01/01/2023||YEAR_LAST_CONSTRUCTION
02100810000NB|22.2|22.3|2010|||54|01/01/2023||YEAR_LAST_CONSTRUCTION
02100810000NB|22.3|22.4|2010|||54|01/01/2023||YEAR_LAST_CONSTRUCTION
02100810000NB|22.4|22.5|2010|||54|01/01/2023||YEAR_LAST_CONSTRUCTION
02100810000NB|22.5|22.6|2010|||54|01/01/2023||YEAR_LAST_CONSTRUCTION
02100810000NB|22.6|22.7|2010|||54|01/01/2023||YEAR_LAST_CONSTRUCTION
02100810000NB|22.7|22.8|2010|||54|01/01/2023||YEAR_LAST_CONSTRUCTION
02100810000NB|22.8|22.9|2010|||54|01/01/2023||YEAR_LAST_CONSTRUCTION
02100810000NB|22.9|23.0|2010|||54|01/01/2023||YEAR_LAST_CONSTRUCTION
02100810000NB|23.0|23.1|2010|||54|01/01/2023||YEAR_LAST_CONSTRUCTION
02100810000NB|23.1|23.2|2010|||54|01/01/2023||YEAR_LAST_CONSTRUCTION
02100810000NB|23.2|23.3|2010|||54|01/01/2023||YEAR_LAST_CONSTRUCTION
02100810000NB|23.3|23.4|2010|||54|01/01/2023||YEAR_LAST_CONSTRUCTION
02100810000NB|23.4|23.46|2010|||54|01/01/2023||YEAR_LAST_CONSTRUCTION
02100810000NB|23.46|23.5|2010|||54|01/01/2023||YEAR_LAST_CONSTRUCTION
02100810000NB|23.5|23.6|2010|||54|01/01/2023||YEAR_LAST_CONSTRUCTION
02100810000NB|23.6|23.7|2010|||54|01/01/2023||YEAR_LAST_CONSTRUCTION
02100810000NB|23.7|23.8|2010|||54|01/01/2023||YEAR_LAST_CONSTRUCTION
02100810000NB|23.8|23.9|2010|||54|01/01/2023||YEAR_LAST_CONSTRUCTION
02100810000NB|23.9|24.0|2010|||54|01/01/2023||YEAR_LAST_CONSTRUCTION
02100810000NB|24.0|24.1|2010|||54|01/01/2023||YEAR_LAST_CONSTRUCTION
02100810000NB|24.1|24.2|2010|||54|01/01/2023||YEAR_LAST_CONSTRUCTION
02100810000NB|24.2|24.3|2010|||54|01/01/2023||YEAR_LAST_CONSTRUCTION
02100810000NB|24.3|24.4|2010|||54|01/01/2023||YEAR_LAST_CONSTRUCTION
02100810000NB|24.4|24.5|2010|||54|01/01/2023||YEAR_LAST_CONSTRUCTION
02100810000NB|24.5|24.53|2010|||54|01/01/2023||YEAR_LAST_CONSTRUCTION
02100810000NB|24.53|24.6|2010|||54|01/01/2023||YEAR_LAST_CONSTRUCTION
02100810000NB|24.6|24.7|2010|||54|01/01/2023||YEAR_LAST_CONSTRUCTION
02100810000NB|24.7|24.8|2010|||54|01/01/2023||YEAR_LAST_CONSTRUCTION
02100810000NB|24.8|24.9|2010|||54|01/01/2023||YEAR_LAST_CONSTRUCTION
02100810000NB|24.9|25.0|2010|||54|01/01/2023||YEAR_LAST_CONSTRUCTION
02100810000NB|25.0|25.1|2010|||54|01/01/2023||YEAR_LAST_CONSTRUCTION
02100810000NB|25.1|25.2|2010|||54|01/01/2023||YEAR_LAST_CONSTRUCTION
02100810000NB|25.2|25.3|2010|||54|01/01/2023||YEAR_LAST_CONSTRUCTION
02100810000NB|25.3|25.4|2010|||54|01/01/2023||YEAR_LAST_CONSTRUCTION
02100810000NB|25.4|25.5|2010|||54|01/01/2023||YEAR_LAST_CONSTRUCTION
02100810000NB|25.5|25.6|2010|||54|01/01/2023||YEAR_LAST_CONSTRUCTION
02100810000NB|25.6|25.7|2010|||54|01/01/2023||YEAR_LAST_CONSTRUCTION
02100810000NB|25.7|25.8|2010|||54|01/01/2023||YEAR_LAST_CONSTRUCTION
02100810000NB|25.8|25.9|2010|||54|01/01/2023||YEAR_LAST_CONSTRUCTION
02100810000NB|25.9|26.0|2010|||54|01/01/2023||YEAR_LAST_CONSTRUCTION
29202200000NB|12.61|12.7|1960|||54|01/01/2023||YEAR_LAST_CONSTRUCTION
29202200000NB|12.7|12.8|1960|||54|01/01/2023||YEAR_LAST_CONSTRUCTION
29202200000NB|12.8|12.9|1960|||54|01/01/2023||YEAR_LAST_CONSTRUCTION
29202200000NB|12.9|13.0|1960|||54|01/01/2023||YEAR_LAST_CONSTRUCTION
29202200000NB|13.0|13.1|1960|||54|01/01/2023||YEAR_LAST_CONSTRUCTION
29202200000NB|13.1|13.2|1960|||54|01/01/2023||YEAR_LAST_CONSTRUCTION
29202200000NB|13.2|13.26|1960|||54|01/01/2023||YEAR_LAST_CONSTRUCTION
29202200000NB|13.78|13.8|1960|||54|01/01/2023||YEAR_LAST_CONSTRUCTION
29202200000NB|13.8|13.9|1960|||54|01/01/2023||YEAR_LAST_CONSTRUCTION
29202200000NB|13.9|13.96|1960|||54|01/01/2023||YEAR_LAST_CONSTRUCTION
06100640000EB|5.87|5.9|2022|||54|01/01/2023||YEAR_LAST_CONSTRUCTION
06100640000EB|5.9|6.0|2022|||54|01/01/2023||YEAR_LAST_CONSTRUCTION
06100640000EB|6.0|6.1|2022|||54|01/01/2023||YEAR_LAST_CONSTRUCTION
06100640000EB|6.1|6.2|2022|||54|01/01/2023||YEAR_LAST_CONSTRUCTION
06100640000EB|6.2|6.3|2022|||54|01/01/2023||YEAR_LAST_CONSTRUCTION
06100640000EB|6.3|6.4|2022|||54|01/01/2023||YEAR_LAST_CONSTRUCTION
06100640000EB|6.4|6.47|2022|||54|01/01/2023||YEAR_LAST_CONSTRUCTION
06100640000EB|6.47|6.5|2022|||54|01/01/2023||YEAR_LAST_CONSTRUCTION
06100640000EB|6.5|6.6|2022|||54|01/01/2023||YEAR_LAST_CONSTRUCTION
06100640000EB|6.6|6.7|2022|||54|01/01/2023||YEAR_LAST_CONSTRUCTION
06100640000EB|6.7|6.74|2022|||54|01/01/2023||YEAR_LAST_CONSTRUCTION
06100640000EB|6.74|6.8|2022|||54|01/01/2023||YEAR_LAST_CONSTRUCTION
06100640000EB|6.8|6.9|2022|||54|01/01/2023||YEAR_LAST_CONSTRUCTION
06100640000EB|6.9|7.0|2022|||54|01/01/2023||YEAR_LAST_CONSTRUCTION
06100640000EB|7.0|7.1|2022|||54|01/01/2023||YEAR_LAST_CONSTRUCTION
06100640000EB|7.1|7.2|2022|||54|01/01/2023||YEAR_LAST_CONSTRUCTION
06100640000EB|7.2|7.26|2022|||54|01/01/2023||YEAR_LAST_CONSTRUCTION
06100640000EB|7.26|7.3|2022|||54|01/01/2023||YEAR_LAST_CONSTRUCTION
06100640000EB|7.3|7.4|2022|||54|01/01/2023||YEAR_LAST_CONSTRUCTION
06100640000EB|7.4|7.5|2022|||54|01/01/2023||YEAR_LAST_CONSTRUCTION
06100640000EB|7.5|7.6|2022|||54|01/01/2023||YEAR_LAST_CONSTRUCTION
06100640000EB|7.6|7.7|2022|||54|01/01/2023||YEAR_LAST_CONSTRUCTION
06100640000EB|7.7|7.72|2022|||54|01/01/2023||YEAR_LAST_CONSTRUCTION
06100640000EB|7.72|7.8|2022|||54|01/01/2023||YEAR_LAST_CONSTRUCTION
06100640000EB|7.8|7.9|2022|||54|01/01/2023||YEAR_LAST_CONSTRUCTION
06100640000EB|7.9|8.0|2022|||54|01/01/2023||YEAR_LAST_CONSTRUCTION
06100640000EB|8.0|8.1|2022|||54|01/01/2023||YEAR_LAST_CONSTRUCTION
06100640000EB|8.1|8.19|2022|||54|01/01/2023||YEAR_LAST_CONSTRUCTION
06100640000EB|8.19|8.2|2022|||54|01/01/2023||YEAR_LAST_CONSTRUCTION
06100640000EB|8.2|8.3|2022|||54|01/01/2023||YEAR_LAST_CONSTRUCTION
06100640000EB|8.3|8.4|2017|||54|01/01/2023||YEAR_LAST_CONSTRUCTION
06100640000EB|8.4|8.5|2017|||54|01/01/2023||YEAR_LAST_CONSTRUCTION
06100640000EB|8.5|8.6|2017|||54|01/01/2023||YEAR_LAST_CONSTRUCTION
06100640000EB|8.6|8.7|2017|||54|01/01/2023||YEAR_LAST_CONSTRUCTION
06100640000EB|8.7|8.8|2017|||54|01/01/2023||YEAR_LAST_CONSTRUCTION
06100640000EB|8.8|8.9|2017|||54|01/01/2023||YEAR_LAST_CONSTRUCTION
06100640000EB|8.9|9.0|2017|||54|01/01/2023||YEAR_LAST_CONSTRUCTION
06100640000EB|9.0|9.1|2017|||54|01/01/2023||YEAR_LAST_CONSTRUCTION
06100640000EB|9.1|9.2|2017|||54|01/01/2023||YEAR_LAST_CONSTRUCTION
06100640000EB|9.2|9.22|2017|||54|01/01/2023||YEAR_LAST_CONSTRUCTION
06100640000EB|9.22|9.3|2017|||54|01/01/2023||YEAR_LAST_CONSTRUCTION
06100640000EB|9.3|9.4|2017|||54|01/01/2023||YEAR_LAST_CONSTRUCTION
06100640000EB|9.4|9.5|2017|||54|01/01/2023||YEAR_LAST_CONSTRUCTION
06100640000EB|9.5|9.52|2017|||54|01/01/2023||YEAR_LAST_CONSTRUCTION
06100640000EB|11.02|11.1|2015|||54|01/01/2023||YEAR_LAST_CONSTRUCTION
06100640000EB|11.1|11.2|2015|||54|01/01/2023||YEAR_LAST_CONSTRUCTION
06100640000EB|11.2|11.3|2015|||54|01/01/2023||YEAR_LAST_CONSTRUCTION
06100640000EB|11.3|11.37|2015|||54|01/01/2023||YEAR_LAST_CONSTRUCTION
06100640000EB|11.37|11.4|2015|||54|01/01/2023||YEAR_LAST_CONSTRUCTION
06100640000EB|11.4|11.5|2015|||54|01/01/2023||YEAR_LAST_CONSTRUCTION
06100640000EB|11.5|11.6|2015|||54|01/01/2023||YEAR_LAST_CONSTRUCTION
06100640000EB|11.6|11.7|2015|||54|01/01/2023||YEAR_LAST_CONSTRUCTION
06100640000EB|11.7|11.8|2015|||54|01/01/2023||YEAR_LAST_CONSTRUCTION
06100640000EB|11.8|11.9|2015|||54|01/01/2023||YEAR_LAST_CONSTRUCTION
06100640000EB|11.9|12.0|2015|||54|01/01/2023||YEAR_LAST_CONSTRUCTION
06100640000EB|12.0|12.1|2015|||54|01/01/2023||YEAR_LAST_CONSTRUCTION
06100640000EB|12.1|12.2|2015|||54|01/01/2023||YEAR_LAST_CONSTRUCTION
06100640000EB|12.2|12.3|2015|||54|01/01/2023||YEAR_LAST_CONSTRUCTION
06100640000EB|12.3|12.4|2015|||54|01/01/2023||YEAR_LAST_CONSTRUCTION
06100640000EB|12.4|12.5|2015|||54|01/01/2023||YEAR_LAST_CONSTRUCTION
06100640000EB|12.5|12.6|2015|||54|01/01/2023||YEAR_LAST_CONSTRUCTION
06100640000EB|12.6|12.7|2015|||54|01/01/2023||YEAR_LAST_CONSTRUCTION
06100640000EB|12.7|12.8|2015|||54|01/01/2023||YEAR_LAST_CONSTRUCTION
06100640000EB|12.8|12.9|2015|||54|01/01/2023||YEAR_LAST_CONSTRUCTION
06100640000EB|12.9|13.0|2015|||54|01/01/2023||YEAR_LAST_CONSTRUCTION
06100640000EB|13.0|13.1|2015|||54|01/01/2023||YEAR_LAST_CONSTRUCTION
06100640000EB|13.1|13.2|2015|||54|01/01/2023||YEAR_LAST_CONSTRUCTION
06100640000EB|13.2|13.3|2015|||54|01/01/2023||YEAR_LAST_CONSTRUCTION
06100640000EB|13.3|13.4|2015|||54|01/01/2023||YEAR_LAST_CONSTRUCTION
06100640000EB|13.4|13.5|2015|||54|01/01/2023||YEAR_LAST_CONSTRUCTION
06100640000EB|13.5|13.6|2015|||54|01/01/2023||YEAR_LAST_CONSTRUCTION
06100640000EB|13.6|13.7|2015|||54|01/01/2023||YEAR_LAST_CONSTRUCTION
06100640000EB|13.7|13.8|2015|||54|01/01/2023||YEAR_LAST_CONSTRUCTION
06100640000EB|13.8|13.9|2015|||54|01/01/2023||YEAR_LAST_CONSTRUCTION
06100640000EB|13.9|14.0|2015|||54|01/01/2023||YEAR_LAST_CONSTRUCTION
06100640000EB|14.0|14.1|2015|||54|01/01/2023||YEAR_LAST_CONSTRUCTION
06100640000EB|14.1|14.2|2015|||54|01/01/2023||YEAR_LAST_CONSTRUCTION
06100640000EB|14.2|14.3|2015|||54|01/01/2023||YEAR_LAST_CONSTRUCTION
06100640000EB|14.3|14.4|2015|||54|01/01/2023||YEAR_LAST_CONSTRUCTION
06100640000EB|14.4|14.5|2015|||54|01/01/2023||YEAR_LAST_CONSTRUCTION
06100640000EB|14.5|14.53|2015|||54|01/01/2023||YEAR_LAST_CONSTRUCTION
06100640000EB|14.57|14.6|2016|||54|01/01/2023||YEAR_LAST_CONSTRUCTION
06100640000EB|14.6|14.7|2016|||54|01/01/2023||YEAR_LAST_CONSTRUCTION
06100640000EB|14.7|14.8|2016|||54|01/01/2023||YEAR_LAST_CONSTRUCTION
06100640000EB|14.8|14.9|2016|||54|01/01/2023||YEAR_LAST_CONSTRUCTION
06100640000EB|14.9|15.0|2016|||54|01/01/2023||YEAR_LAST_CONSTRUCTION
06100640000EB|15.0|15.1|2016|||54|01/01/2023||YEAR_LAST_CONSTRUCTION
06100640000EB|15.1|15.2|2016|||54|01/01/2023||YEAR_LAST_CONSTRUCTION
06100640000EB|15.2|15.3|2016|||54|01/01/2023||YEAR_LAST_CONSTRUCTION
06100640000EB|15.3|15.4|2016|||54|01/01/2023||YEAR_LAST_CONSTRUCTION
06100640000EB|15.4|15.5|2016|||54|01/01/2023||YEAR_LAST_CONSTRUCTION
06100640000EB|15.5|15.6|2016|||54|01/01/2023||YEAR_LAST_CONSTRUCTION
06100640000EB|15.6|15.7|2016|||54|01/01/2023||YEAR_LAST_CONSTRUCTION
06100640000EB|15.7|15.8|2016|||54|01/01/2023||YEAR_LAST_CONSTRUCTION
06100640000EB|15.8|15.9|2016|||54|01/01/2023||YEAR_LAST_CONSTRUCTION
06100640000EB|15.9|16.0|2016|||54|01/01/2023||YEAR_LAST_CONSTRUCTION
06100640000EB|16.0|16.1|2016|||54|01/01/2023||YEAR_LAST_CONSTRUCTION
06100640000EB|16.1|16.2|2016|||54|01/01/2023||YEAR_LAST_CONSTRUCTION
06100640000EB|16.2|16.3|2016|||54|01/01/2023||YEAR_LAST_CONSTRUCTION
06100640000EB|16.3|16.4|2016|||54|01/01/2023||YEAR_LAST_CONSTRUCTION
06100640000EB|16.4|16.5|2016|||54|01/01/2023||YEAR_LAST_CONSTRUCTION
06100640000EB|16.5|16.6|2016|||54|01/01/2023||YEAR_LAST_CONSTRUCTION
06100640000EB|16.6|16.7|2016|||54|01/01/2023||YEAR_LAST_CONSTRUCTION
06100640000EB|16.7|16.8|2016|||54|01/01/2023||YEAR_LAST_CONSTRUCTION
06100640000EB|16.8|16.9|2016|||54|01/01/2023||YEAR_LAST_CONSTRUCTION
06100640000EB|16.9|17.0|2016|||54|01/01/2023||YEAR_LAST_CONSTRUCTION
06100640000EB|17.0|17.1|2016|||54|01/01/2023||YEAR_LAST_CONSTRUCTION
06100640000EB|17.1|17.2|2016|||54|01/01/2023||YEAR_LAST_CONSTRUCTION
06100640000EB|17.2|17.3|2016|||54|01/01/2023||YEAR_LAST_CONSTRUCTION
06100640000EB|17.3|17.4|2016|||54|01/01/2023||YEAR_LAST_CONSTRUCTION
06100640000EB|17.4|17.5|2016|||54|01/01/2023||YEAR_LAST_CONSTRUCTION
06100640000EB|17.5|17.6|2016|||54|01/01/2023||YEAR_LAST_CONSTRUCTION
06100640000EB|17.6|17.68|2016|||54|01/01/2023||YEAR_LAST_CONSTRUCTION
06100640000EB|17.68|17.7|2016|||54|01/01/2023||YEAR_LAST_CONSTRUCTION
06100640000EB|17.7|17.8|2016|||54|01/01/2023||YEAR_LAST_CONSTRUCTION
06100640000EB|17.8|17.9|2016|||54|01/01/2023||YEAR_LAST_CONSTRUCTION
06100640000EB|17.9|18.0|2016|||54|01/01/2023||YEAR_LAST_CONSTRUCTION
06100640000EB|18.0|18.08|2016|||54|01/01/2023||YEAR_LAST_CONSTRUCTION
06100640000EB|18.08|18.1|2015|||54|01/01/2023||YEAR_LAST_CONSTRUCTION
06100640000EB|18.1|18.2|2015|||54|01/01/2023||YEAR_LAST_CONSTRUCTION
06100640000EB|18.2|18.3|2015|||54|01/01/2023||YEAR_LAST_CONSTRUCTION
06100640000EB|18.3|18.4|2015|||54|01/01/2023||YEAR_LAST_CONSTRUCTION
06100640000EB|18.4|18.49|2015|||54|01/01/2023||YEAR_LAST_CONSTRUCTION
06100640000EB|18.49|18.5|2016|||54|01/01/2023||YEAR_LAST_CONSTRUCTION
06100640000EB|18.5|18.6|2016|||54|01/01/2023||YEAR_LAST_CONSTRUCTION
06100640000EB|18.6|18.7|2016|||54|01/01/2023||YEAR_LAST_CONSTRUCTION
06100640000EB|18.7|18.8|2016|||54|01/01/2023||YEAR_LAST_CONSTRUCTION
06100640000EB|18.8|18.9|2016|||54|01/01/2023||YEAR_LAST_CONSTRUCTION
06100640000EB|18.9|19.0|2016|||54|01/01/2023||YEAR_LAST_CONSTRUCTION
06100640000EB|19.0|19.1|2016|||54|01/01/2023||YEAR_LAST_CONSTRUCTION
06100640000EB|19.1|19.2|2016|||54|01/01/2023||YEAR_LAST_CONSTRUCTION
06100640000EB|19.2|19.3|2016|||54|01/01/2023||YEAR_LAST_CONSTRUCTION
06100640000EB|19.3|19.32|2016|||54|01/01/2023||YEAR_LAST_CONSTRUCTION
06100640000EB|19.32|19.4|2016|||54|01/01/2023||YEAR_LAST_CONSTRUCTION
06100640000EB|19.4|19.5|2016|||54|01/01/2023||YEAR_LAST_CONSTRUCTION
06100640000EB|19.5|19.6|2016|||54|01/01/2023||YEAR_LAST_CONSTRUCTION
06100640000EB|19.6|19.7|2016|||54|01/01/2023||YEAR_LAST_CONSTRUCTION
06100640000EB|19.7|19.71|2016|||54|01/01/2023||YEAR_LAST_CONSTRUCTION
06100640000EB|19.71|19.8|2012|||54|01/01/2023||YEAR_LAST_CONSTRUCTION
06100640000EB|19.8|19.9|2012|||54|01/01/2023||YEAR_LAST_CONSTRUCTION
06100640000EB|19.9|20.0|2012|||54|01/01/2023||YEAR_LAST_CONSTRUCTION
06100640000EB|20.0|20.1|2012|||54|01/01/2023||YEAR_LAST_CONSTRUCTION
06100640000EB|20.1|20.19|2012|||54|01/01/2023||YEAR_LAST_CONSTRUCTION
06100640000EB|20.19|20.2|2012|||54|01/01/2023||YEAR_LAST_CONSTRUCTION
06100640000EB|20.2|20.3|2012|||54|01/01/2023||YEAR_LAST_CONSTRUCTION
06100640000EB|20.3|20.4|2012|||54|01/01/2023||YEAR_LAST_CONSTRUCTION
06100640000EB|20.4|20.5|2012|||54|01/01/2023||YEAR_LAST_CONSTRUCTION
06100640000EB|20.5|20.6|2012|||54|01/01/2023||YEAR_LAST_CONSTRUCTION
06100640000EB|20.6|20.7|2012|||54|01/01/2023||YEAR_LAST_CONSTRUCTION
06100640000EB|20.7|20.8|2012|||54|01/01/2023||YEAR_LAST_CONSTRUCTION
06100640000EB|20.8|20.9|2012|||54|01/01/2023||YEAR_LAST_CONSTRUCTION
06100640000EB|20.9|21.0|2012|||54|01/01/2023||YEAR_LAST_CONSTRUCTION
06100640000EB|21.0|21.04|2012|||54|01/01/2023||YEAR_LAST_CONSTRUCTION
06100640000EB|21.04|21.1|2012|||54|01/01/2023||YEAR_LAST_CONSTRUCTION
06100640000EB|21.1|21.16|2012|||54|01/01/2023||YEAR_LAST_CONSTRUCTION
06100640000EB|21.16|21.2|2012|||54|01/01/2023||YEAR_LAST_CONSTRUCTION
06100640000EB|21.2|21.3|2012|||54|01/01/2023||YEAR_LAST_CONSTRUCTION
06100640000EB|21.3|21.4|2012|||54|01/01/2023||YEAR_LAST_CONSTRUCTION
06100640000EB|21.4|21.5|2012|||54|01/01/2023||YEAR_LAST_CONSTRUCTION
06100640000EB|21.5|21.6|2012|||54|01/01/2023||YEAR_LAST_CONSTRUCTION
06100640000EB|21.6|21.7|2012|||54|01/01/2023||YEAR_LAST_CONSTRUCTION
06100640000EB|21.7|21.75|2012|||54|01/01/2023||YEAR_LAST_CONSTRUCTION
06100640000EB|21.75|21.8|2012|||54|01/01/2023||YEAR_LAST_CONSTRUCTION
06100640000EB|21.8|21.9|2012|||54|01/01/2023||YEAR_LAST_CONSTRUCTION
06100640000EB|21.9|22.0|2012|||54|01/01/2023||YEAR_LAST_CONSTRUCTION
06100640000EB|22.0|22.1|2012|||54|01/01/2023||YEAR_LAST_CONSTRUCTION
06100640000EB|22.1|22.2|2012|||54|01/01/2023||YEAR_LAST_CONSTRUCTION
06100640000EB|22.2|22.3|2012|||54|01/01/2023||YEAR_LAST_CONSTRUCTION
06100640000EB|22.3|22.39|2012|||54|01/01/2023||YEAR_LAST_CONSTRUCTION
06100640000EB|22.39|22.4|2017|||54|01/01/2023||YEAR_LAST_CONSTRUCTION
06100640000EB|22.4|22.5|2017|||54|01/01/2023||YEAR_LAST_CONSTRUCTION
06100640000EB|22.5|22.6|2017|||54|01/01/2023||YEAR_LAST_CONSTRUCTION
06100640000EB|22.6|22.7|2017|||54|01/01/2023||YEAR_LAST_CONSTRUCTION
06100640000EB|22.7|22.8|2017|||54|01/01/2023||YEAR_LAST_CONSTRUCTION
06100640000EB|22.8|22.9|2017|||54|01/01/2023||YEAR_LAST_CONSTRUCTION
06100640000EB|22.9|23.0|2017|||54|01/01/2023||YEAR_LAST_CONSTRUCTION
06100640000EB|23.0|23.1|2017|||54|01/01/2023||YEAR_LAST_CONSTRUCTION
06100640000EB|23.1|23.2|2017|||54|01/01/2023||YEAR_LAST_CONSTRUCTION
06100640000EB|23.2|23.3|2017|||54|01/01/2023||YEAR_LAST_CONSTRUCTION
06100640000EB|23.3|23.4|2017|||54|01/01/2023||YEAR_LAST_CONSTRUCTION
06100640000EB|23.4|23.5|2017|||54|01/01/2023||YEAR_LAST_CONSTRUCTION
06100640000EB|23.5|23.6|2017|||54|01/01/2023||YEAR_LAST_CONSTRUCTION
06100640000EB|23.6|23.7|2017|||54|01/01/2023||YEAR_LAST_CONSTRUCTION
06100640000EB|23.7|23.8|2017|||54|01/01/2023||YEAR_LAST_CONSTRUCTION
06100640000EB|23.8|23.9|2017|||54|01/01/2023||YEAR_LAST_CONSTRUCTION
06100640000EB|23.9|24.0|2017|||54|01/01/2023||YEAR_LAST_CONSTRUCTION
06100640000EB|24.0|24.1|2017|||54|01/01/2023||YEAR_LAST_CONSTRUCTION
06100640000EB|24.1|24.2|2017|||54|01/01/2023||YEAR_LAST_CONSTRUCTION
06100640000EB|24.2|24.3|2017|||54|01/01/2023||YEAR_LAST_CONSTRUCTION
06100640000EB|24.3|24.4|2017|||54|01/01/2023||YEAR_LAST_CONSTRUCTION
06100640000EB|24.4|24.5|2017|||54|01/01/2023||YEAR_LAST_CONSTRUCTION
06100640000EB|24.5|24.6|2017|||54|01/01/2023||YEAR_LAST_CONSTRUCTION
06100640000EB|24.6|24.7|2017|||54|01/01/2023||YEAR_LAST_CONSTRUCTION
06100640000EB|24.7|24.8|2017|||54|01/01/2023||YEAR_LAST_CONSTRUCTION
06100640000EB|24.8|24.9|2017|||54|01/01/2023||YEAR_LAST_CONSTRUCTION
06100640000EB|24.9|25.0|2017|||54|01/01/2023||YEAR_LAST_CONSTRUCTION
06100640000EB|25.0|25.1|2017|||54|01/01/2023||YEAR_LAST_CONSTRUCTION
06100640000EB|25.1|25.2|2017|||54|01/01/2023||YEAR_LAST_CONSTRUCTION
06100640000EB|25.2|25.3|2017|||54|01/01/2023||YEAR_LAST_CONSTRUCTION
06100640000EB|25.3|25.4|2017|||54|01/01/2023||YEAR_LAST_CONSTRUCTION
06100640000EB|25.4|25.5|2017|||54|01/01/2023||YEAR_LAST_CONSTRUCTION
06100640000EB|25.5|25.6|2017|||54|01/01/2023||YEAR_LAST_CONSTRUCTION
06100640000EB|25.6|25.7|2017|||54|01/01/2023||YEAR_LAST_CONSTRUCTION
06100640000EB|25.7|25.8|2017|||54|01/01/2023||YEAR_LAST_CONSTRUCTION
06100640000EB|25.8|25.9|2017|||54|01/01/2023||YEAR_LAST_CONSTRUCTION
06100640000EB|25.9|26.0|2017|||54|01/01/2023||YEAR_LAST_CONSTRUCTION
06100640000EB|26.0|26.1|2017|||54|01/01/2023||YEAR_LAST_CONSTRUCTION
06100640000EB|26.1|26.2|2017|||54|01/01/2023||YEAR_LAST_CONSTRUCTION
06100640000EB|26.2|26.3|2017|||54|01/01/2023||YEAR_LAST_CONSTRUCTION
06100640000EB|26.3|26.4|2017|||54|01/01/2023||YEAR_LAST_CONSTRUCTION
06100640000EB|26.4|26.5|2017|||54|01/01/2023||YEAR_LAST_CONSTRUCTION
06100640000EB|26.5|26.6|2017|||54|01/01/2023||YEAR_LAST_CONSTRUCTION
06100640000EB|26.6|26.7|2017|||54|01/01/2023||YEAR_LAST_CONSTRUCTION
06100640000EB|26.7|26.8|2017|||54|01/01/2023||YEAR_LAST_CONSTRUCTION
06100640000EB|26.8|26.9|2017|||54|01/01/2023||YEAR_LAST_CONSTRUCTION
06100640000EB|26.9|27.0|2017|||54|01/01/2023||YEAR_LAST_CONSTRUCTION
06100640000EB|27.0|27.1|2017|||54|01/01/2023||YEAR_LAST_CONSTRUCTION
06100640000EB|27.1|27.11|2017|||54|01/01/2023||YEAR_LAST_CONSTRUCTION
06100640000EB|27.11|27.2|2017|||54|01/01/2023||YEAR_LAST_CONSTRUCTION
06100640000EB|27.2|27.3|2017|||54|01/01/2023||YEAR_LAST_CONSTRUCTION
06100640000EB|27.3|27.4|2017|||54|01/01/2023||YEAR_LAST_CONSTRUCTION
06100640000EB|27.4|27.5|2017|||54|01/01/2023||YEAR_LAST_CONSTRUCTION
06100640000EB|27.5|27.55|2017|||54|01/01/2023||YEAR_LAST_CONSTRUCTION
06100640000EB|27.55|27.6|2018|||54|01/01/2023||YEAR_LAST_CONSTRUCTION
06100640000EB|27.6|27.7|2018|||54|01/01/2023||YEAR_LAST_CONSTRUCTION
06100640000EB|27.7|27.8|2018|||54|01/01/2023||YEAR_LAST_CONSTRUCTION
06100640000EB|27.8|27.9|2018|||54|01/01/2023||YEAR_LAST_CONSTRUCTION
06100640000EB|27.9|28.0|2018|||54|01/01/2023||YEAR_LAST_CONSTRUCTION
06100640000EB|28.0|28.1|2018|||54|01/01/2023||YEAR_LAST_CONSTRUCTION
06100640000EB|28.1|28.2|2018|||54|01/01/2023||YEAR_LAST_CONSTRUCTION
06100640000EB|28.2|28.3|2018|||54|01/01/2023||YEAR_LAST_CONSTRUCTION
06100640000EB|28.3|28.4|2018|||54|01/01/2023||YEAR_LAST_CONSTRUCTION
06100640000EB|28.4|28.5|2018|||54|01/01/2023||YEAR_LAST_CONSTRUCTION
06100640000EB|28.5|28.6|2018|||54|01/01/2023||YEAR_LAST_CONSTRUCTION
06100640000EB|28.6|28.67|2018|||54|01/01/2023||YEAR_LAST_CONSTRUCTION
06100640000EB|28.67|28.7|2018|||54|01/01/2023||YEAR_LAST_CONSTRUCTION
06100640000EB|28.7|28.8|2018|||54|01/01/2023||YEAR_LAST_CONSTRUCTION
06100640000EB|28.8|28.9|2018|||54|01/01/2023||YEAR_LAST_CONSTRUCTION
06100640000EB|28.9|29.0|2018|||54|01/01/2023||YEAR_LAST_CONSTRUCTION
06100640000EB|29.0|29.1|2018|||54|01/01/2023||YEAR_LAST_CONSTRUCTION
06100640000EB|29.1|29.2|2018|||54|01/01/2023||YEAR_LAST_CONSTRUCTION
06100640000EB|29.2|29.3|2018|||54|01/01/2023||YEAR_LAST_CONSTRUCTION
06100640000EB|29.3|29.4|2018|||54|01/01/2023||YEAR_LAST_CONSTRUCTION
06100640000EB|29.4|29.44|2018|||54|01/01/2023||YEAR_LAST_CONSTRUCTION
06100640000EB|29.44|29.5|2018|||54|01/01/2023||YEAR_LAST_CONSTRUCTION
06100640000EB|29.5|29.6|2018|||54|01/01/2023||YEAR_LAST_CONSTRUCTION
06100640000EB|29.6|29.7|2018|||54|01/01/2023||YEAR_LAST_CONSTRUCTION
06100640000EB|29.7|29.8|2018|||54|01/01/2023||YEAR_LAST_CONSTRUCTION
06100640000EB|29.8|29.9|2018|||54|01/01/2023||YEAR_LAST_CONSTRUCTION
06100640000EB|29.9|30.0|2018|||54|01/01/2023||YEAR_LAST_CONSTRUCTION
06100640000EB|30.0|30.1|2018|||54|01/01/2023||YEAR_LAST_CONSTRUCTION
06100640000EB|30.1|30.2|2018|||54|01/01/2023||YEAR_LAST_CONSTRUCTION
06100640000EB|30.2|30.3|2018|||54|01/01/2023||YEAR_LAST_CONSTRUCTION
06100640000EB|30.3|30.4|2018|||54|01/01/2023||YEAR_LAST_CONSTRUCTION
06100640000EB|30.4|30.5|2018|||54|01/01/2023||YEAR_LAST_CONSTRUCTION
06100640000EB|30.5|30.6|2018|||54|01/01/2023||YEAR_LAST_CONSTRUCTION
06100640000EB|30.6|30.7|2018|||54|01/01/2023||YEAR_LAST_CONSTRUCTION
06100640000EB|30.7|30.8|2018|||54|01/01/2023||YEAR_LAST_CONSTRUCTION
06100640000EB|30.8|30.9|2018|||54|01/01/2023||YEAR_LAST_CONSTRUCTION
06100640000EB|30.9|31.0|2018|||54|01/01/2023||YEAR_LAST_CONSTRUCTION
06100640000EB|31.0|31.1|2018|||54|01/01/2023||YEAR_LAST_CONSTRUCTION
06100640000EB|31.1|31.2|2018|||54|01/01/2023||YEAR_LAST_CONSTRUCTION
06100640000EB|31.2|31.3|2018|||54|01/01/2023||YEAR_LAST_CONSTRUCTION
06100640000EB|31.3|31.4|2018|||54|01/01/2023||YEAR_LAST_CONSTRUCTION
06100640000EB|31.4|31.5|2018|||54|01/01/2023||YEAR_LAST_CONSTRUCTION
06100640000EB|31.5|31.6|2018|||54|01/01/2023||YEAR_LAST_CONSTRUCTION
06100640000EB|31.6|31.7|2018|||54|01/01/2023||YEAR_LAST_CONSTRUCTION
06100640000EB|31.7|31.77|2018|||54|01/01/2023||YEAR_LAST_CONSTRUCTION
06200520000EB|0.33|0.4|2021|||54|01/01/2023||YEAR_LAST_CONSTRUCTION
06200520000EB|0.4|0.45|2021|||54|01/01/2023||YEAR_LAST_CONSTRUCTION
06200520000EB|0.75|0.8|2021|||54|01/01/2023||YEAR_LAST_CONSTRUCTION
06200520000EB|0.8|0.9|2021|||54|01/01/2023||YEAR_LAST_CONSTRUCTION
06200520000EB|0.9|1.0|2021|||54|01/01/2023||YEAR_LAST_CONSTRUCTION
06200520000EB|1.0|1.01|2021|||54|01/01/2023||YEAR_LAST_CONSTRUCTION
06200520004NB|0.0|0.1|2022|||54|01/01/2023||YEAR_LAST_CONSTRUCTION
06200520004NB|0.1|0.2|2022|||54|01/01/2023||YEAR_LAST_CONSTRUCTION
06200520004NB|0.2|0.3|2022|||54|01/01/2023||YEAR_LAST_CONSTRUCTION
06200520004NB|0.3|0.32|2022|||54|01/01/2023||YEAR_LAST_CONSTRUCTION
06200520004NB|0.321|0.4|2022|||54|01/01/2023||YEAR_LAST_CONSTRUCTION
06200520004NB|0.4|0.46|2022|||54|01/01/2023||YEAR_LAST_CONSTRUCTION
06200600000EB|2.97|3.0|2013|||54|01/01/2023||YEAR_LAST_CONSTRUCTION
06200600000EB|3.0|3.07|2013|||54|01/01/2023||YEAR_LAST_CONSTRUCTION
06200600000EB|6.97|7.0|2019|||54|01/01/2023||YEAR_LAST_CONSTRUCTION
06200600000EB|7.0|7.1|2019|||54|01/01/2023||YEAR_LAST_CONSTRUCTION
06200600000EB|7.1|7.2|2019|||54|01/01/2023||YEAR_LAST_CONSTRUCTION
06200600000EB|7.2|7.3|2019|||54|01/01/2023||YEAR_LAST_CONSTRUCTION
06200600000EB|7.3|7.4|2019|||54|01/01/2023||YEAR_LAST_CONSTRUCTION
06200600000EB|7.4|7.5|2019|||54|01/01/2023||YEAR_LAST_CONSTRUCTION
06200600000EB|7.5|7.51|2019|||54|01/01/2023||YEAR_LAST_CONSTRUCTION
06200600000EB|7.59|7.6|2019|||54|01/01/2023||YEAR_LAST_CONSTRUCTION
06200600000EB|7.6|7.7|2019|||54|01/01/2023||YEAR_LAST_CONSTRUCTION
06200600000EB|7.7|7.8|2019|||54|01/01/2023||YEAR_LAST_CONSTRUCTION
06200600000EB|7.8|7.9|2019|||54|01/01/2023||YEAR_LAST_CONSTRUCTION
06200600000EB|7.9|7.96|2019|||54|01/01/2023||YEAR_LAST_CONSTRUCTION
06200600000EB|7.96|8.0|2019|||54|01/01/2023||YEAR_LAST_CONSTRUCTION
06200600000EB|8.0|8.1|2019|||54|01/01/2023||YEAR_LAST_CONSTRUCTION
06200600000EB|8.1|8.2|2019|||54|01/01/2023||YEAR_LAST_CONSTRUCTION
06200600000EB|8.2|8.3|2019|||54|01/01/2023||YEAR_LAST_CONSTRUCTION
06200600000EB|8.3|8.4|2019|||54|01/01/2023||YEAR_LAST_CONSTRUCTION
06200600000EB|8.4|8.43|2019|||54|01/01/2023||YEAR_LAST_CONSTRUCTION
06200600000EB|8.43|8.5|2019|||54|01/01/2023||YEAR_LAST_CONSTRUCTION
06200600000EB|8.5|8.6|2019|||54|01/01/2023||YEAR_LAST_CONSTRUCTION
06200600000EB|8.6|8.7|2019|||54|01/01/2023||YEAR_LAST_CONSTRUCTION
06200600000EB|8.7|8.78|2019|||54|01/01/2023||YEAR_LAST_CONSTRUCTION
06200600000EB|8.78|8.8|2019|||54|01/01/2023||YEAR_LAST_CONSTRUCTION
06200600000EB|8.8|8.82|2019|||54|01/01/2023||YEAR_LAST_CONSTRUCTION
06200600000EB|8.82|8.9|2008|||54|01/01/2023||YEAR_LAST_CONSTRUCTION
06200600000EB|8.9|9.0|2008|||54|01/01/2023||YEAR_LAST_CONSTRUCTION
06200600000EB|9.0|9.1|2008|||54|01/01/2023||YEAR_LAST_CONSTRUCTION
06200600000EB|9.1|9.2|2008|||54|01/01/2023||YEAR_LAST_CONSTRUCTION
06200600000EB|9.2|9.3|2008|||54|01/01/2023||YEAR_LAST_CONSTRUCTION
06200600000EB|9.3|9.4|2008|||54|01/01/2023||YEAR_LAST_CONSTRUCTION
06200600000EB|9.4|9.5|2008|||54|01/01/2023||YEAR_LAST_CONSTRUCTION
06200600000EB|9.56|9.6|2008|||54|01/01/2023||YEAR_LAST_CONSTRUCTION
06200600000EB|9.6|9.7|2008|||54|01/01/2023||YEAR_LAST_CONSTRUCTION
06200600000EB|9.7|9.8|2008|||54|01/01/2023||YEAR_LAST_CONSTRUCTION
06200600000EB|9.8|9.9|2008|||54|01/01/2023||YEAR_LAST_CONSTRUCTION
06200600000EB|9.9|9.92|2008|||54|01/01/2023||YEAR_LAST_CONSTRUCTION
06200600000EB|9.92|10.0|2008|||54|01/01/2023||YEAR_LAST_CONSTRUCTION
06200600000EB|10.0|10.1|2008|||54|01/01/2023||YEAR_LAST_CONSTRUCTION
06200600000EB|10.1|10.2|2008|||54|01/01/2023||YEAR_LAST_CONSTRUCTION
06200600000EB|10.2|10.27|2008|||54|01/01/2023||YEAR_LAST_CONSTRUCTION
06200600000EB|15.59|15.6|2022|||54|01/01/2023||YEAR_LAST_CONSTRUCTION
06200600000EB|15.6|15.7|2022|||54|01/01/2023||YEAR_LAST_CONSTRUCTION
06200600000EB|15.7|15.8|2022|||54|01/01/2023||YEAR_LAST_CONSTRUCTION
06200600000EB|15.8|15.9|2022|||54|01/01/2023||YEAR_LAST_CONSTRUCTION
06200600000EB|15.9|16.0|2022|||54|01/01/2023||YEAR_LAST_CONSTRUCTION
06200600000EB|16.0|16.1|2022|||54|01/01/2023||YEAR_LAST_CONSTRUCTION
06200600000EB|16.1|16.2|2022|||54|01/01/2023||YEAR_LAST_CONSTRUCTION
06200600000EB|16.2|16.3|2022|||54|01/01/2023||YEAR_LAST_CONSTRUCTION
06200600000EB|16.3|16.4|2022|||54|01/01/2023||YEAR_LAST_CONSTRUCTION
06200600000EB|16.4|16.5|2022|||54|01/01/2023||YEAR_LAST_CONSTRUCTION
06200600000EB|16.5|16.6|2022|||54|01/01/2023||YEAR_LAST_CONSTRUCTION
06200600000EB|16.6|16.7|2022|||54|01/01/2023||YEAR_LAST_CONSTRUCTION
06200600000EB|16.7|16.8|2022|||54|01/01/2023||YEAR_LAST_CONSTRUCTION
06200600000EB|16.8|16.9|2022|||54|01/01/2023||YEAR_LAST_CONSTRUCTION
06200600000EB|16.9|17.0|2022|||54|01/01/2023||YEAR_LAST_CONSTRUCTION
06200600000EB|17.0|17.1|2022|||54|01/01/2023||YEAR_LAST_CONSTRUCTION
06200600000EB|17.1|17.2|2022|||54|01/01/2023||YEAR_LAST_CONSTRUCTION
06200600000EB|17.2|17.29|2022|||54|01/01/2023||YEAR_LAST_CONSTRUCTION
06200600001EB|0.0|0.1|2017|||54|01/01/2023||YEAR_LAST_CONSTRUCTION
06200600001EB|0.1|0.2|2017|||54|01/01/2023||YEAR_LAST_CONSTRUCTION
06200600001EB|0.2|0.3|2017|||54|01/01/2023||YEAR_LAST_CONSTRUCTION
06200600001EB|0.3|0.39|2017|||54|01/01/2023||YEAR_LAST_CONSTRUCTION
0630002000000|0.1|0.2|2007|||54|01/01/2023||YEAR_LAST_CONSTRUCTION
0630002000000|0.2|0.21|2007|||54|01/01/2023||YEAR_LAST_CONSTRUCTION
0630002000000|9.98|10.0|2016|||54|01/01/2023||YEAR_LAST_CONSTRUCTION
0630002000000|10.0|10.08|2016|||54|01/01/2023||YEAR_LAST_CONSTRUCTION
0630002000000|14.38|14.4|2022|||54|01/01/2023||YEAR_LAST_CONSTRUCTION
0630002000000|14.4|14.5|2022|||54|01/01/2023||YEAR_LAST_CONSTRUCTION
0630002000000|14.5|14.6|2022|||54|01/01/2023||YEAR_LAST_CONSTRUCTION
0630002000000|14.6|14.7|2022|||54|01/01/2023||YEAR_LAST_CONSTRUCTION
0630002000000|14.7|14.8|2022|||54|01/01/2023||YEAR_LAST_CONSTRUCTION
0630002000000|14.8|14.9|2022|||54|01/01/2023||YEAR_LAST_CONSTRUCTION
0630002000000|14.9|15.0|2022|||54|01/01/2023||YEAR_LAST_CONSTRUCTION
0630002000000|15.0|15.1|2022|||54|01/01/2023||YEAR_LAST_CONSTRUCTION
0630002000000|15.1|15.2|2022|||54|01/01/2023||YEAR_LAST_CONSTRUCTION
0630002000000|15.2|15.3|2022|||54|01/01/2023||YEAR_LAST_CONSTRUCTION
0630002000000|15.3|15.4|2022|||54|01/01/2023||YEAR_LAST_CONSTRUCTION
0630002000000|15.4|15.5|2022|||54|01/01/2023||YEAR_LAST_CONSTRUCTION
0630002000000|15.5|15.6|2022|||54|01/01/2023||YEAR_LAST_CONSTRUCTION
0630002000000|15.6|15.7|2022|||54|01/01/2023||YEAR_LAST_CONSTRUCTION
0630002000000|15.7|15.8|2022|||54|01/01/2023||YEAR_LAST_CONSTRUCTION
0630002000000|15.8|15.9|2022|||54|01/01/2023||YEAR_LAST_CONSTRUCTION
0630002000000|15.9|16.0|2022|||54|01/01/2023||YEAR_LAST_CONSTRUCTION
0630002000000|16.0|16.1|2022|||54|01/01/2023||YEAR_LAST_CONSTRUCTION
0630002000000|16.1|16.2|2022|||54|01/01/2023||YEAR_LAST_CONSTRUCTION
0630002000000|16.2|16.3|2022|||54|01/01/2023||YEAR_LAST_CONSTRUCTION
0630002000000|16.3|16.4|2022|||54|01/01/2023||YEAR_LAST_CONSTRUCTION
0630002000000|16.4|16.5|2022|||54|01/01/2023||YEAR_LAST_CONSTRUCTION
0630002000000|16.5|16.6|2022|||54|01/01/2023||YEAR_LAST_CONSTRUCTION
0630002000000|16.6|16.7|2022|||54|01/01/2023||YEAR_LAST_CONSTRUCTION
0630002000000|16.7|16.8|2022|||54|01/01/2023||YEAR_LAST_CONSTRUCTION
0630002000000|16.8|16.9|2022|||54|01/01/2023||YEAR_LAST_CONSTRUCTION
0630002000000|16.9|17.0|2022|||54|01/01/2023||YEAR_LAST_CONSTRUCTION
0630002000000|17.0|17.1|2022|||54|01/01/2023||YEAR_LAST_CONSTRUCTION
0630002000000|17.1|17.2|2022|||54|01/01/2023||YEAR_LAST_CONSTRUCTION
0630002000000|17.2|17.3|2022|||54|01/01/2023||YEAR_LAST_CONSTRUCTION
0630002000000|17.3|17.4|2022|||54|01/01/2023||YEAR_LAST_CONSTRUCTION
0630002000000|17.4|17.5|2022|||54|01/01/2023||YEAR_LAST_CONSTRUCTION
0630002000000|17.5|17.6|2022|||54|01/01/2023||YEAR_LAST_CONSTRUCTION
0630002000000|17.6|17.7|2022|||54|01/01/2023||YEAR_LAST_CONSTRUCTION
0630002000000|17.7|17.8|2022|||54|01/01/2023||YEAR_LAST_CONSTRUCTION
0630002000000|17.8|17.9|2022|||54|01/01/2023||YEAR_LAST_CONSTRUCTION
0630002000000|17.9|17.99|2022|||54|01/01/2023||YEAR_LAST_CONSTRUCTION
0630002001300|0.0|0.1|2007|||54|01/01/2023||YEAR_LAST_CONSTRUCTION
0630002001300|0.1|0.17|2007|||54|01/01/2023||YEAR_LAST_CONSTRUCTION
0630002001300|0.17|0.2|2013|||54|01/01/2023||YEAR_LAST_CONSTRUCTION
0630002001300|0.2|0.3|2013|||54|01/01/2023||YEAR_LAST_CONSTRUCTION
0630002001300|0.3|0.39|2013|||54|01/01/2023||YEAR_LAST_CONSTRUCTION
0630010000000|15.69|15.7|2021|||54|01/01/2023||YEAR_LAST_CONSTRUCTION
0630010000000|15.7|15.8|2021|||54|01/01/2023||YEAR_LAST_CONSTRUCTION
0630010000000|15.8|15.82|2021|||54|01/01/2023||YEAR_LAST_CONSTRUCTION
0630010000000|15.82|15.9|2021|||54|01/01/2023||YEAR_LAST_CONSTRUCTION
0630010000000|15.9|16.0|2021|||54|01/01/2023||YEAR_LAST_CONSTRUCTION
0630010000000|16.0|16.1|2021|||54|01/01/2023||YEAR_LAST_CONSTRUCTION
0630010000000|16.1|16.2|2021|||54|01/01/2023||YEAR_LAST_CONSTRUCTION
0630010000000|16.2|16.27|2021|||54|01/01/2023||YEAR_LAST_CONSTRUCTION
0630010000000|17.46|17.5|2012|||54|01/01/2023||YEAR_LAST_CONSTRUCTION
0630010000000|17.5|17.6|2012|||54|01/01/2023||YEAR_LAST_CONSTRUCTION
0630010000000|17.6|17.7|2012|||54|01/01/2023||YEAR_LAST_CONSTRUCTION
0630010000000|17.7|17.8|2012|||54|01/01/2023||YEAR_LAST_CONSTRUCTION
0630010000000|17.8|17.9|2012|||54|01/01/2023||YEAR_LAST_CONSTRUCTION
0630010000000|17.9|18.0|2012|||54|01/01/2023||YEAR_LAST_CONSTRUCTION
0630010000000|18.0|18.1|2012|||54|01/01/2023||YEAR_LAST_CONSTRUCTION
0630010000000|18.1|18.2|2012|||54|01/01/2023||YEAR_LAST_CONSTRUCTION
0630010000000|18.2|18.3|2012|||54|01/01/2023||YEAR_LAST_CONSTRUCTION
0630010000000|18.3|18.4|2012|||54|01/01/2023||YEAR_LAST_CONSTRUCTION
0630010000000|18.4|18.41|2012|||54|01/01/2023||YEAR_LAST_CONSTRUCTION
0630010000100|1.94|2.56|2020|||54|01/01/2023||YEAR_LAST_CONSTRUCTION
0630101000000|0.16|0.36|2022|||54|01/01/2023||YEAR_LAST_CONSTRUCTION
0630152000000|0.76|0.99|2016|||54|01/01/2023||YEAR_LAST_CONSTRUCTION
0630193000000|0.46|0.5|2020|||54|01/01/2023||YEAR_LAST_CONSTRUCTION
0630193000000|0.5|0.6|2020|||54|01/01/2023||YEAR_LAST_CONSTRUCTION
0630193000000|0.6|0.7|2020|||54|01/01/2023||YEAR_LAST_CONSTRUCTION
0630193000000|0.7|0.8|2020|||54|01/01/2023||YEAR_LAST_CONSTRUCTION
0630193000000|0.8|0.9|2020|||54|01/01/2023||YEAR_LAST_CONSTRUCTION
0630193000000|0.9|1.0|2020|||54|01/01/2023||YEAR_LAST_CONSTRUCTION
0630193000000|1.0|1.1|2020|||54|01/01/2023||YEAR_LAST_CONSTRUCTION
0630193000000|1.1|1.2|2020|||54|01/01/2023||YEAR_LAST_CONSTRUCTION
0630193000000|1.2|1.3|2020|||54|01/01/2023||YEAR_LAST_CONSTRUCTION
0630193000000|1.3|1.4|2020|||54|01/01/2023||YEAR_LAST_CONSTRUCTION
0630193000000|1.4|1.5|2020|||54|01/01/2023||YEAR_LAST_CONSTRUCTION
0630193000000|1.5|1.6|2020|||54|01/01/2023||YEAR_LAST_CONSTRUCTION
0630193000000|1.6|1.7|2020|||54|01/01/2023||YEAR_LAST_CONSTRUCTION
0630193000000|1.7|1.8|2020|||54|01/01/2023||YEAR_LAST_CONSTRUCTION
0630193000000|1.8|1.9|2020|||54|01/01/2023||YEAR_LAST_CONSTRUCTION
0630193000000|1.9|2.0|2020|||54|01/01/2023||YEAR_LAST_CONSTRUCTION
0630193000000|2.0|2.1|2020|||54|01/01/2023||YEAR_LAST_CONSTRUCTION
0630193000000|2.1|2.2|2020|||54|01/01/2023||YEAR_LAST_CONSTRUCTION
0630193000000|2.2|2.3|2020|||54|01/01/2023||YEAR_LAST_CONSTRUCTION
0630193000000|2.3|2.4|2020|||54|01/01/2023||YEAR_LAST_CONSTRUCTION
0630193000000|2.4|2.5|2020|||54|01/01/2023||YEAR_LAST_CONSTRUCTION
0630193000000|2.5|2.6|2020|||54|01/01/2023||YEAR_LAST_CONSTRUCTION
0630193000000|2.6|2.7|2020|||54|01/01/2023||YEAR_LAST_CONSTRUCTION
0630193000000|2.7|2.8|2020|||54|01/01/2023||YEAR_LAST_CONSTRUCTION
0630193000000|2.8|2.9|2020|||54|01/01/2023||YEAR_LAST_CONSTRUCTION
0630193000000|2.9|3.0|2020|||54|01/01/2023||YEAR_LAST_CONSTRUCTION
0630193000000|3.0|3.1|2020|||54|01/01/2023||YEAR_LAST_CONSTRUCTION
0630193000000|3.1|3.2|2020|||54|01/01/2023||YEAR_LAST_CONSTRUCTION
0630193000000|3.2|3.3|2020|||54|01/01/2023||YEAR_LAST_CONSTRUCTION
0630193000000|3.3|3.4|2020|||54|01/01/2023||YEAR_LAST_CONSTRUCTION
0630193000000|3.4|3.5|2020|||54|01/01/2023||YEAR_LAST_CONSTRUCTION
0630193000000|3.5|3.55|2020|||54|01/01/2023||YEAR_LAST_CONSTRUCTION
0640001000000|2.1|2.224|2022|||54|01/01/2023||YEAR_LAST_CONSTRUCTION
0640001000000|2.477|2.619|2022|||54|01/01/2023||YEAR_LAST_CONSTRUCTION
0640009000000|1.688|1.803|2010|||54|01/01/2023||YEAR_LAST_CONSTRUCTION
0640013000000|0.02|0.42|2018|||54|01/01/2023||YEAR_LAST_CONSTRUCTION
0640017000000|4.05|4.17|2020|||54|01/01/2023||YEAR_LAST_CONSTRUCTION
0640017000000|4.3|4.41|2020|||54|01/01/2023||YEAR_LAST_CONSTRUCTION
0640017000000|4.47|5.02|2020|||54|01/01/2023||YEAR_LAST_CONSTRUCTION
0640021000000|0.537|0.9|2016|||54|01/01/2023||YEAR_LAST_CONSTRUCTION
0640021000000|0.9|1.51|2016|||54|01/01/2023||YEAR_LAST_CONSTRUCTION
0640021000000|1.51|2.939|2016|||54|01/01/2023||YEAR_LAST_CONSTRUCTION
0640021000000|2.947|2.98|2016|||54|01/01/2023||YEAR_LAST_CONSTRUCTION
0640031000000|0.16|0.5|2013|||54|01/01/2023||YEAR_LAST_CONSTRUCTION
0640031060000|0.0|0.38|2019|||54|01/01/2023||YEAR_LAST_CONSTRUCTION
0640031060000|0.38|0.41|2018|||54|01/01/2023||YEAR_LAST_CONSTRUCTION
0640031060000|0.41|0.48|2019|||54|01/01/2023||YEAR_LAST_CONSTRUCTION
0640035000000|7.83|8.63|2015|||54|01/01/2023||YEAR_LAST_CONSTRUCTION
0640039000000|2.08|2.62|2020|||54|01/01/2023||YEAR_LAST_CONSTRUCTION
0640052030000|0.0|0.22|2019|||54|01/01/2023||YEAR_LAST_CONSTRUCTION
0640060050000|0.0|0.88|2014|||54|01/01/2023||YEAR_LAST_CONSTRUCTION
0640060050000|0.88|1.68|2014|||54|01/01/2023||YEAR_LAST_CONSTRUCTION
0640060050000|1.68|1.97|2014|||54|01/01/2023||YEAR_LAST_CONSTRUCTION
0640060700000|0.0|0.18|2019|||54|01/01/2023||YEAR_LAST_CONSTRUCTION
0640060700000|0.18|0.56|2019|||54|01/01/2023||YEAR_LAST_CONSTRUCTION
0640060700000|0.56|0.76|2019|||54|01/01/2023||YEAR_LAST_CONSTRUCTION
0673272001900|0.35|0.754|2013|||54|01/01/2023||YEAR_LAST_CONSTRUCTION
0673272001900|0.754|0.87|2013|||54|01/01/2023||YEAR_LAST_CONSTRUCTION
0673272001900|0.87|1.04|2013|||54|01/01/2023||YEAR_LAST_CONSTRUCTION
0673272001900|1.08|1.28|2013|||54|01/01/2023||YEAR_LAST_CONSTRUCTION
0673272001900|1.28|1.44|2013|||54|01/01/2023||YEAR_LAST_CONSTRUCTION
0673274001900|1.46|1.56|2013|||54|01/01/2023||YEAR_LAST_CONSTRUCTION
0673281001900|0.19|0.48|2015|||54|01/01/2023||YEAR_LAST_CONSTRUCTION
0673285001900|0.0|0.32|2009|||54|01/01/2023||YEAR_LAST_CONSTRUCTION
0673287001900|0.0|0.28|2011|||54|01/01/2023||YEAR_LAST_CONSTRUCTION
0673287001900|0.51|0.69|2015|||54|01/01/2023||YEAR_LAST_CONSTRUCTION
0673287001900|0.69|0.86|2015|||54|01/01/2023||YEAR_LAST_CONSTRUCTION
0673287001900|1.03|1.14|2011|||54|01/01/2023||YEAR_LAST_CONSTRUCTION
0673288001900|0.78|0.89|2009|||54|01/01/2023||YEAR_LAST_CONSTRUCTION
0673295001900|0.0|1.08|2022|||54|01/01/2023||YEAR_LAST_CONSTRUCTION
0673313001900|0.0|0.17|2019|||54|01/01/2023||YEAR_LAST_CONSTRUCTION
0673317001900|0.0|0.24|2009|||54|01/01/2023||YEAR_LAST_CONSTRUCTION
2230003000000|5.71|6.1|2007|||54|01/01/2023||YEAR_LAST_CONSTRUCTION
2230010000000|17.81|19.07|2021|||54|01/01/2023||YEAR_LAST_CONSTRUCTION
23201190000NB|0.0|0.1|2020|||54|01/01/2023||YEAR_LAST_CONSTRUCTION
23201190000NB|0.1|0.2|2020|||54|01/01/2023||YEAR_LAST_CONSTRUCTION
23201190000NB|0.2|0.3|2020|||54|01/01/2023||YEAR_LAST_CONSTRUCTION
23201190000NB|0.3|0.4|2020|||54|01/01/2023||YEAR_LAST_CONSTRUCTION
23201190000NB|0.4|0.5|2020|||54|01/01/2023||YEAR_LAST_CONSTRUCTION
23201190000NB|0.5|0.6|2020|||54|01/01/2023||YEAR_LAST_CONSTRUCTION
23201190000NB|0.6|0.7|2020|||54|01/01/2023||YEAR_LAST_CONSTRUCTION
23201190000NB|0.7|0.8|2020|||54|01/01/2023||YEAR_LAST_CONSTRUCTION
23201190000NB|0.8|0.85|2020|||54|01/01/2023||YEAR_LAST_CONSTRUCTION
23201190000NB|1.44|1.5|2020|||54|01/01/2023||YEAR_LAST_CONSTRUCTION
23201190000NB|1.5|1.6|2020|||54|01/01/2023||YEAR_LAST_CONSTRUCTION
23201190000NB|1.6|1.7|2020|||54|01/01/2023||YEAR_LAST_CONSTRUCTION
23201190000NB|1.7|1.8|2020|||54|01/01/2023||YEAR_LAST_CONSTRUCTION
23201190000NB|1.8|1.9|2020|||54|01/01/2023||YEAR_LAST_CONSTRUCTION
23201190000NB|1.9|2.0|2020|||54|01/01/2023||YEAR_LAST_CONSTRUCTION
23201190000NB|2.0|2.1|2020|||54|01/01/2023||YEAR_LAST_CONSTRUCTION
23201190000NB|2.1|2.2|2020|||54|01/01/2023||YEAR_LAST_CONSTRUCTION
23201190000NB|2.2|2.3|2020|||54|01/01/2023||YEAR_LAST_CONSTRUCTION
23201190000NB|2.3|2.4|2020|||54|01/01/2023||YEAR_LAST_CONSTRUCTION
23201190000NB|2.4|2.5|2020|||54|01/01/2023||YEAR_LAST_CONSTRUCTION
23201190000NB|2.5|2.54|2020|||54|01/01/2023||YEAR_LAST_CONSTRUCTION
23201190000NB|2.54|2.6|2020|||54|01/01/2023||YEAR_LAST_CONSTRUCTION
23201190000NB|2.6|2.67|2020|||54|01/01/2023||YEAR_LAST_CONSTRUCTION
23201190000NB|2.67|2.7|2020|||54|01/01/2023||YEAR_LAST_CONSTRUCTION
23201190000NB|2.7|2.8|2020|||54|01/01/2023||YEAR_LAST_CONSTRUCTION
23201190000NB|2.8|2.9|2020|||54|01/01/2023||YEAR_LAST_CONSTRUCTION
23201190000NB|2.9|3.0|2020|||54|01/01/2023||YEAR_LAST_CONSTRUCTION
23201190000NB|3.0|3.1|2020|||54|01/01/2023||YEAR_LAST_CONSTRUCTION
23201190000NB|3.1|3.2|2020|||54|01/01/2023||YEAR_LAST_CONSTRUCTION
23201190000NB|3.2|3.3|2020|||54|01/01/2023||YEAR_LAST_CONSTRUCTION
23201190000NB|3.3|3.37|2020|||54|01/01/2023||YEAR_LAST_CONSTRUCTION
23201190000NB|11.87|11.9|2015|||54|01/01/2023||YEAR_LAST_CONSTRUCTION
23201190000NB|11.9|12.0|2015|||54|01/01/2023||YEAR_LAST_CONSTRUCTION
23201190000NB|12.0|12.1|2015|||54|01/01/2023||YEAR_LAST_CONSTRUCTION
23201190000NB|12.1|12.2|2015|||54|01/01/2023||YEAR_LAST_CONSTRUCTION
23201190000NB|12.2|12.283|2015|||54|01/01/2023||YEAR_LAST_CONSTRUCTION
2330010000000|12.79|12.8|2022|||54|01/01/2023||YEAR_LAST_CONSTRUCTION
2330010000000|12.8|12.9|2022|||54|01/01/2023||YEAR_LAST_CONSTRUCTION
2330010000000|12.9|12.95|2022|||54|01/01/2023||YEAR_LAST_CONSTRUCTION
2330010000000|14.782|14.8|2010|||54|01/01/2023||YEAR_LAST_CONSTRUCTION
2330010000000|14.8|14.9|2010|||54|01/01/2023||YEAR_LAST_CONSTRUCTION
2330010000000|14.9|15.0|2010|||54|01/01/2023||YEAR_LAST_CONSTRUCTION
2330010000000|15.0|15.1|2010|||54|01/01/2023||YEAR_LAST_CONSTRUCTION
2330010000000|15.1|15.2|2010|||54|01/01/2023||YEAR_LAST_CONSTRUCTION
2330010000000|15.2|15.25|2010|||54|01/01/2023||YEAR_LAST_CONSTRUCTION
2330010000000|15.25|15.3|2010|||54|01/01/2023||YEAR_LAST_CONSTRUCTION
2330010000000|15.3|15.4|2010|||54|01/01/2023||YEAR_LAST_CONSTRUCTION
2330010000000|15.4|15.5|2010|||54|01/01/2023||YEAR_LAST_CONSTRUCTION
2330010000000|15.5|15.6|2010|||54|01/01/2023||YEAR_LAST_CONSTRUCTION
2330010000000|15.6|15.7|2010|||54|01/01/2023||YEAR_LAST_CONSTRUCTION
2330010000000|15.7|15.8|2010|||54|01/01/2023||YEAR_LAST_CONSTRUCTION
2330010000000|15.8|15.9|2010|||54|01/01/2023||YEAR_LAST_CONSTRUCTION
2330010000000|15.9|16.0|2010|||54|01/01/2023||YEAR_LAST_CONSTRUCTION
2330010000000|16.0|16.1|2010|||54|01/01/2023||YEAR_LAST_CONSTRUCTION
2330010000000|16.1|16.17|2010|||54|01/01/2023||YEAR_LAST_CONSTRUCTION
2330010000000|16.77|16.8|2008|||54|01/01/2023||YEAR_LAST_CONSTRUCTION
2330010000000|16.8|16.9|2008|||54|01/01/2023||YEAR_LAST_CONSTRUCTION
2330010000000|16.9|17.0|2008|||54|01/01/2023||YEAR_LAST_CONSTRUCTION
2330010000000|17.0|17.1|2008|||54|01/01/2023||YEAR_LAST_CONSTRUCTION
2330010000000|17.1|17.2|2008|||54|01/01/2023||YEAR_LAST_CONSTRUCTION
2330010000000|17.2|17.3|2008|||54|01/01/2023||YEAR_LAST_CONSTRUCTION
2330010000000|17.3|17.4|2008|||54|01/01/2023||YEAR_LAST_CONSTRUCTION
2330010000000|17.4|17.46|2008|||54|01/01/2023||YEAR_LAST_CONSTRUCTION
2330010000000|17.46|17.5|2010|||54|01/01/2023||YEAR_LAST_CONSTRUCTION
2330010000000|17.5|17.6|2010|||54|01/01/2023||YEAR_LAST_CONSTRUCTION
2330010000000|17.6|17.7|2010|||54|01/01/2023||YEAR_LAST_CONSTRUCTION
2330010000000|17.7|17.76|2010|||54|01/01/2023||YEAR_LAST_CONSTRUCTION
2330010000000|17.76|17.8|2008|||54|01/01/2023||YEAR_LAST_CONSTRUCTION
2330010000000|17.8|17.9|2008|||54|01/01/2023||YEAR_LAST_CONSTRUCTION
2330010000000|17.9|18.0|2008|||54|01/01/2023||YEAR_LAST_CONSTRUCTION
2330010000000|18.0|18.1|2008|||54|01/01/2023||YEAR_LAST_CONSTRUCTION
2330010000000|18.1|18.2|2008|||54|01/01/2023||YEAR_LAST_CONSTRUCTION
2330010000000|18.2|18.21|2008|||54|01/01/2023||YEAR_LAST_CONSTRUCTION
2330010000000|18.76|18.8|2008|||54|01/01/2023||YEAR_LAST_CONSTRUCTION
2330010000000|18.8|18.9|2008|||54|01/01/2023||YEAR_LAST_CONSTRUCTION
2330010000000|18.9|19.0|2008|||54|01/01/2023||YEAR_LAST_CONSTRUCTION
2330010000000|19.0|19.1|2008|||54|01/01/2023||YEAR_LAST_CONSTRUCTION
2330010000000|19.1|19.2|2008|||54|01/01/2023||YEAR_LAST_CONSTRUCTION
2330010000000|19.2|19.3|2008|||54|01/01/2023||YEAR_LAST_CONSTRUCTION
2330010000000|19.3|19.4|2008|||54|01/01/2023||YEAR_LAST_CONSTRUCTION
2330010000000|19.4|19.41|2008|||54|01/01/2023||YEAR_LAST_CONSTRUCTION
2330010000000|19.41|19.5|2008|||54|01/01/2023||YEAR_LAST_CONSTRUCTION
2330010000000|19.5|19.6|2008|||54|01/01/2023||YEAR_LAST_CONSTRUCTION
2330010000000|19.6|19.7|2008|||54|01/01/2023||YEAR_LAST_CONSTRUCTION
2330010000000|19.7|19.8|2008|||54|01/01/2023||YEAR_LAST_CONSTRUCTION
2330010000000|19.8|19.9|2008|||54|01/01/2023||YEAR_LAST_CONSTRUCTION
2330010000000|19.9|20.0|2008|||54|01/01/2023||YEAR_LAST_CONSTRUCTION
2330010000000|20.0|20.1|2008|||54|01/01/2023||YEAR_LAST_CONSTRUCTION
2330010000000|20.1|20.2|2008|||54|01/01/2023||YEAR_LAST_CONSTRUCTION
2330010000000|20.2|20.3|2008|||54|01/01/2023||YEAR_LAST_CONSTRUCTION
2330010000000|20.3|20.39|2008|||54|01/01/2023||YEAR_LAST_CONSTRUCTION
2330010000000|20.39|20.4|2021|||54|01/01/2023||YEAR_LAST_CONSTRUCTION
2330010000000|20.4|20.5|2021|||54|01/01/2023||YEAR_LAST_CONSTRUCTION
2330010000000|20.5|20.6|2021|||54|01/01/2023||YEAR_LAST_CONSTRUCTION
2330010000000|20.6|20.7|2021|||54|01/01/2023||YEAR_LAST_CONSTRUCTION
2330010000000|20.7|20.8|2021|||54|01/01/2023||YEAR_LAST_CONSTRUCTION
2330010000000|20.8|20.9|2021|||54|01/01/2023||YEAR_LAST_CONSTRUCTION
2330010000000|20.9|21.0|2021|||54|01/01/2023||YEAR_LAST_CONSTRUCTION
2330010000000|21.0|21.1|2021|||54|01/01/2023||YEAR_LAST_CONSTRUCTION
2330010000000|21.1|21.2|2021|||54|01/01/2023||YEAR_LAST_CONSTRUCTION
2330010000000|21.2|21.3|2021|||54|01/01/2023||YEAR_LAST_CONSTRUCTION
2330010000000|21.3|21.4|2021|||54|01/01/2023||YEAR_LAST_CONSTRUCTION
2330010000000|21.4|21.421|2021|||54|01/01/2023||YEAR_LAST_CONSTRUCTION
2330010000000|21.421|21.5|2021|||54|01/01/2023||YEAR_LAST_CONSTRUCTION
2330010000000|21.5|21.6|2021|||54|01/01/2023||YEAR_LAST_CONSTRUCTION
2330010000000|21.6|21.7|2021|||54|01/01/2023||YEAR_LAST_CONSTRUCTION
2330010000000|21.7|21.8|2021|||54|01/01/2023||YEAR_LAST_CONSTRUCTION
2330010000000|21.8|21.9|2021|||54|01/01/2023||YEAR_LAST_CONSTRUCTION
2330010000000|21.9|22.0|2021|||54|01/01/2023||YEAR_LAST_CONSTRUCTION
2330010000000|22.0|22.05|2021|||54|01/01/2023||YEAR_LAST_CONSTRUCTION
2330010000000|27.14|28.6|2021|||54|01/01/2023||YEAR_LAST_CONSTRUCTION
2330017000000|0.32|1.074|2007|||54|01/01/2023||YEAR_LAST_CONSTRUCTION
2330017000000|1.074|1.1|2007|||54|01/01/2023||YEAR_LAST_CONSTRUCTION
2330044000000|16.02|17.07|2008|||54|01/01/2023||YEAR_LAST_CONSTRUCTION
2330073000000|0.31|0.4|2016|||54|01/01/2023||YEAR_LAST_CONSTRUCTION
2330073000000|0.4|0.5|2016|||54|01/01/2023||YEAR_LAST_CONSTRUCTION
2330073000000|0.5|0.6|2016|||54|01/01/2023||YEAR_LAST_CONSTRUCTION
2330073000000|0.6|0.7|2016|||54|01/01/2023||YEAR_LAST_CONSTRUCTION
2330073000000|0.7|0.8|2016|||54|01/01/2023||YEAR_LAST_CONSTRUCTION
2330073000000|0.8|0.9|2016|||54|01/01/2023||YEAR_LAST_CONSTRUCTION
2330073000000|0.9|1.0|2016|||54|01/01/2023||YEAR_LAST_CONSTRUCTION
2330073000000|1.0|1.1|2016|||54|01/01/2023||YEAR_LAST_CONSTRUCTION
2330073000000|1.1|1.2|2016|||54|01/01/2023||YEAR_LAST_CONSTRUCTION
2330073000000|1.2|1.3|2016|||54|01/01/2023||YEAR_LAST_CONSTRUCTION
2330073000000|1.3|1.4|2016|||54|01/01/2023||YEAR_LAST_CONSTRUCTION
2330073000000|1.4|1.5|2016|||54|01/01/2023||YEAR_LAST_CONSTRUCTION
2330073000000|1.5|1.6|2016|||54|01/01/2023||YEAR_LAST_CONSTRUCTION
2330073000000|1.6|1.7|2016|||54|01/01/2023||YEAR_LAST_CONSTRUCTION
2330073000000|1.7|1.8|2016|||54|01/01/2023||YEAR_LAST_CONSTRUCTION
2330073000000|1.8|1.9|2016|||54|01/01/2023||YEAR_LAST_CONSTRUCTION
2330073000000|1.9|2.0|2016|||54|01/01/2023||YEAR_LAST_CONSTRUCTION
2330073000000|2.0|2.1|2016|||54|01/01/2023||YEAR_LAST_CONSTRUCTION
2330073000000|2.1|2.15|2016|||54|01/01/2023||YEAR_LAST_CONSTRUCTION
2330080000000|0.86|0.9|2017|||54|01/01/2023||YEAR_LAST_CONSTRUCTION
2330080000000|0.9|1.0|2017|||54|01/01/2023||YEAR_LAST_CONSTRUCTION
2330080000000|1.0|1.1|2017|||54|01/01/2023||YEAR_LAST_CONSTRUCTION
2330080000000|1.1|1.2|2017|||54|01/01/2023||YEAR_LAST_CONSTRUCTION
2330080000000|1.2|1.3|2017|||54|01/01/2023||YEAR_LAST_CONSTRUCTION
2330080000000|1.3|1.4|2017|||54|01/01/2023||YEAR_LAST_CONSTRUCTION
2330080000000|1.4|1.5|2017|||54|01/01/2023||YEAR_LAST_CONSTRUCTION
2330080000000|1.5|1.57|2017|||54|01/01/2023||YEAR_LAST_CONSTRUCTION
2340005000000|0.45|2.789|2022|||54|01/01/2023||YEAR_LAST_CONSTRUCTION
2340110580000|0.0|0.14|2022|||54|01/01/2023||YEAR_LAST_CONSTRUCTION
2340110580000|0.14|0.44|2022|||54|01/01/2023||YEAR_LAST_CONSTRUCTION
2340110580000|0.44|0.98|2022|||54|01/01/2023||YEAR_LAST_CONSTRUCTION
30200520000EB|9.95|10.0|2014|||54|01/01/2023||YEAR_LAST_CONSTRUCTION
30200520000EB|10.0|10.1|2014|||54|01/01/2023||YEAR_LAST_CONSTRUCTION
30200520000EB|10.1|10.2|2014|||54|01/01/2023||YEAR_LAST_CONSTRUCTION
30200520000EB|10.2|10.3|2014|||54|01/01/2023||YEAR_LAST_CONSTRUCTION
30200520000EB|10.3|10.4|2014|||54|01/01/2023||YEAR_LAST_CONSTRUCTION
30200520000EB|10.4|10.5|2014|||54|01/01/2023||YEAR_LAST_CONSTRUCTION
30200520000EB|10.5|10.6|2014|||54|01/01/2023||YEAR_LAST_CONSTRUCTION
30200520000EB|10.6|10.7|2014|||54|01/01/2023||YEAR_LAST_CONSTRUCTION
30200520000EB|10.7|10.8|2014|||54|01/01/2023||YEAR_LAST_CONSTRUCTION
30200520000EB|10.8|10.9|2014|||54|01/01/2023||YEAR_LAST_CONSTRUCTION
30200520000EB|10.9|11.0|2014|||54|01/01/2023||YEAR_LAST_CONSTRUCTION
30200520000EB|11.0|11.1|2014|||54|01/01/2023||YEAR_LAST_CONSTRUCTION
30200520000EB|11.1|11.2|2014|||54|01/01/2023||YEAR_LAST_CONSTRUCTION
30200520000EB|11.2|11.3|2014|||54|01/01/2023||YEAR_LAST_CONSTRUCTION
30200520000EB|11.3|11.4|2014|||54|01/01/2023||YEAR_LAST_CONSTRUCTION
30200520000EB|11.4|11.5|2014|||54|01/01/2023||YEAR_LAST_CONSTRUCTION
30200520000EB|11.5|11.6|2014|||54|01/01/2023||YEAR_LAST_CONSTRUCTION
30200520000EB|11.6|11.65|2014|||54|01/01/2023||YEAR_LAST_CONSTRUCTION
30200520000EB|21.06|21.1|2022|||54|01/01/2023||YEAR_LAST_CONSTRUCTION
30200520000EB|21.1|21.2|2022|||54|01/01/2023||YEAR_LAST_CONSTRUCTION
30200520000EB|21.2|21.3|2022|||54|01/01/2023||YEAR_LAST_CONSTRUCTION
30200520000EB|21.3|21.4|2022|||54|01/01/2023||YEAR_LAST_CONSTRUCTION
30200520000EB|21.4|21.5|2022|||54|01/01/2023||YEAR_LAST_CONSTRUCTION
30200520000EB|21.5|21.6|2022|||54|01/01/2023||YEAR_LAST_CONSTRUCTION
30200520000EB|21.6|21.7|2022|||54|01/01/2023||YEAR_LAST_CONSTRUCTION
30200520000EB|21.7|21.8|2022|||54|01/01/2023||YEAR_LAST_CONSTRUCTION
30200520000EB|21.8|21.9|2022|||54|01/01/2023||YEAR_LAST_CONSTRUCTION
30200520000EB|21.9|21.95|2022|||54|01/01/2023||YEAR_LAST_CONSTRUCTION
30200520000EB|21.97|22.0|2022|||54|01/01/2023||YEAR_LAST_CONSTRUCTION
30200520000EB|22.0|22.1|2022|||54|01/01/2023||YEAR_LAST_CONSTRUCTION
30200520000EB|22.1|22.2|2022|||54|01/01/2023||YEAR_LAST_CONSTRUCTION
30200520000EB|22.2|22.28|2022|||54|01/01/2023||YEAR_LAST_CONSTRUCTION
30200520000EB|26.08|26.1|2016|||54|01/01/2023||YEAR_LAST_CONSTRUCTION
30200520000EB|26.1|26.2|2016|||54|01/01/2023||YEAR_LAST_CONSTRUCTION
30200520000EB|26.2|26.3|2016|||54|01/01/2023||YEAR_LAST_CONSTRUCTION
30200520000EB|26.3|26.4|2016|||54|01/01/2023||YEAR_LAST_CONSTRUCTION
30200520000EB|26.4|26.5|2016|||54|01/01/2023||YEAR_LAST_CONSTRUCTION
30200520000EB|26.5|26.53|2016|||54|01/01/2023||YEAR_LAST_CONSTRUCTION
30200520004NB|0.096|0.1|2009|||54|01/01/2023||YEAR_LAST_CONSTRUCTION
30200520004NB|0.1|0.2|2009|||54|01/01/2023||YEAR_LAST_CONSTRUCTION
30200520004NB|0.2|0.3|2009|||54|01/01/2023||YEAR_LAST_CONSTRUCTION
30200520004NB|0.3|0.39|2009|||54|01/01/2023||YEAR_LAST_CONSTRUCTION
30201190000NB|11.73|11.8|2015|||54|01/01/2023||YEAR_LAST_CONSTRUCTION
30201190000NB|11.8|11.9|2015|||54|01/01/2023||YEAR_LAST_CONSTRUCTION
30201190000NB|11.9|12.0|2015|||54|01/01/2023||YEAR_LAST_CONSTRUCTION
30201190000NB|12.0|12.1|2015|||54|01/01/2023||YEAR_LAST_CONSTRUCTION
30201190000NB|12.1|12.2|2015|||54|01/01/2023||YEAR_LAST_CONSTRUCTION
30201190000NB|12.2|12.3|2015|||54|01/01/2023||YEAR_LAST_CONSTRUCTION
30201190000NB|12.3|12.4|2015|||54|01/01/2023||YEAR_LAST_CONSTRUCTION
30201190000NB|12.4|12.5|2015|||54|01/01/2023||YEAR_LAST_CONSTRUCTION
30201190000NB|12.5|12.6|2015|||54|01/01/2023||YEAR_LAST_CONSTRUCTION
30201190000NB|12.6|12.7|2015|||54|01/01/2023||YEAR_LAST_CONSTRUCTION
30201190000NB|12.7|12.8|2015|||54|01/01/2023||YEAR_LAST_CONSTRUCTION
30201190000NB|12.88|12.9|2015|||54|01/01/2023||YEAR_LAST_CONSTRUCTION
30201190000NB|12.9|13.0|2015|||54|01/01/2023||YEAR_LAST_CONSTRUCTION
30201190000NB|13.0|13.1|2015|||54|01/01/2023||YEAR_LAST_CONSTRUCTION
30201190000NB|13.1|13.2|2015|||54|01/01/2023||YEAR_LAST_CONSTRUCTION
30201190000NB|13.2|13.3|2015|||54|01/01/2023||YEAR_LAST_CONSTRUCTION
30201190000NB|13.3|13.4|2015|||54|01/01/2023||YEAR_LAST_CONSTRUCTION
30201190000NB|13.4|13.5|2015|||54|01/01/2023||YEAR_LAST_CONSTRUCTION
30201190000NB|13.5|13.6|2015|||54|01/01/2023||YEAR_LAST_CONSTRUCTION
30201190000NB|13.6|13.7|2015|||54|01/01/2023||YEAR_LAST_CONSTRUCTION
30201190000NB|13.7|13.8|2015|||54|01/01/2023||YEAR_LAST_CONSTRUCTION
30201190000NB|13.8|13.9|2015|||54|01/01/2023||YEAR_LAST_CONSTRUCTION
30201190000NB|13.9|14.0|2015|||54|01/01/2023||YEAR_LAST_CONSTRUCTION
30201190000NB|14.0|14.1|2015|||54|01/01/2023||YEAR_LAST_CONSTRUCTION
30201190000NB|14.1|14.2|2015|||54|01/01/2023||YEAR_LAST_CONSTRUCTION
30201190000NB|14.2|14.28|2015|||54|01/01/2023||YEAR_LAST_CONSTRUCTION
3030080000000|7.05|7.1|2012|||54|01/01/2023||YEAR_LAST_CONSTRUCTION
3030080000000|7.1|7.2|2012|||54|01/01/2023||YEAR_LAST_CONSTRUCTION
3030080000000|7.2|7.3|2012|||54|01/01/2023||YEAR_LAST_CONSTRUCTION
3030080000000|7.3|7.4|2012|||54|01/01/2023||YEAR_LAST_CONSTRUCTION
3030080000000|7.4|7.5|2012|||54|01/01/2023||YEAR_LAST_CONSTRUCTION
3030080000000|7.5|7.6|2012|||54|01/01/2023||YEAR_LAST_CONSTRUCTION
3030080000000|7.6|7.7|2012|||54|01/01/2023||YEAR_LAST_CONSTRUCTION
3030080000000|7.7|7.8|2012|||54|01/01/2023||YEAR_LAST_CONSTRUCTION
3030080000000|7.8|7.9|2012|||54|01/01/2023||YEAR_LAST_CONSTRUCTION
3030080000000|7.9|8.0|2012|||54|01/01/2023||YEAR_LAST_CONSTRUCTION
3030080000000|8.0|8.1|2012|||54|01/01/2023||YEAR_LAST_CONSTRUCTION
3030080000000|8.1|8.2|2012|||54|01/01/2023||YEAR_LAST_CONSTRUCTION
3030080000000|8.2|8.3|2012|||54|01/01/2023||YEAR_LAST_CONSTRUCTION
3030080000000|8.3|8.4|2012|||54|01/01/2023||YEAR_LAST_CONSTRUCTION
3030080000000|8.4|8.5|2012|||54|01/01/2023||YEAR_LAST_CONSTRUCTION
3030080000000|8.5|8.6|2012|||54|01/01/2023||YEAR_LAST_CONSTRUCTION
3030080000000|8.6|8.7|2012|||54|01/01/2023||YEAR_LAST_CONSTRUCTION
3030080000000|8.7|8.8|2012|||54|01/01/2023||YEAR_LAST_CONSTRUCTION
3030080000000|8.8|8.9|2012|||54|01/01/2023||YEAR_LAST_CONSTRUCTION
3030080000000|8.9|9.0|2012|||54|01/01/2023||YEAR_LAST_CONSTRUCTION
3030080000000|9.0|9.1|2012|||54|01/01/2023||YEAR_LAST_CONSTRUCTION
3030080000000|9.1|9.2|2012|||54|01/01/2023||YEAR_LAST_CONSTRUCTION
3030080000000|9.2|9.3|2012|||54|01/01/2023||YEAR_LAST_CONSTRUCTION
3030080000000|9.3|9.4|2012|||54|01/01/2023||YEAR_LAST_CONSTRUCTION
3030080000000|9.4|9.46|2012|||54|01/01/2023||YEAR_LAST_CONSTRUCTION
50100640000EB|0.0|0.1|2017|||54|01/01/2023||YEAR_LAST_CONSTRUCTION
50100640000EB|0.1|0.11|2017|||54|01/01/2023||YEAR_LAST_CONSTRUCTION
50100640000EB|0.11|0.2|2017|||54|01/01/2023||YEAR_LAST_CONSTRUCTION
50100640000EB|0.2|0.3|2017|||54|01/01/2023||YEAR_LAST_CONSTRUCTION
50100640000EB|0.3|0.4|2017|||54|01/01/2023||YEAR_LAST_CONSTRUCTION
50100640000EB|0.4|0.5|2017|||54|01/01/2023||YEAR_LAST_CONSTRUCTION
50100640000EB|0.5|0.6|2017|||54|01/01/2023||YEAR_LAST_CONSTRUCTION
50100640000EB|0.6|0.7|2017|||54|01/01/2023||YEAR_LAST_CONSTRUCTION
50100640000EB|0.7|0.8|2017|||54|01/01/2023||YEAR_LAST_CONSTRUCTION
50100640000EB|0.8|0.9|2017|||54|01/01/2023||YEAR_LAST_CONSTRUCTION
50100640000EB|0.9|1.0|2017|||54|01/01/2023||YEAR_LAST_CONSTRUCTION
50100640000EB|1.0|1.1|2017|||54|01/01/2023||YEAR_LAST_CONSTRUCTION
50100640000EB|1.1|1.2|2017|||54|01/01/2023||YEAR_LAST_CONSTRUCTION
50100640000EB|1.2|1.25|2017|||54|01/01/2023||YEAR_LAST_CONSTRUCTION
50100640000EB|1.29|1.3|2015|||54|01/01/2023||YEAR_LAST_CONSTRUCTION
50100640000EB|1.3|1.4|2015|||54|01/01/2023||YEAR_LAST_CONSTRUCTION
50100640000EB|1.4|1.5|2015|||54|01/01/2023||YEAR_LAST_CONSTRUCTION
50100640000EB|1.5|1.6|2015|||54|01/01/2023||YEAR_LAST_CONSTRUCTION
50100640000EB|1.6|1.66|2015|||54|01/01/2023||YEAR_LAST_CONSTRUCTION
50100640000EB|1.66|1.7|2015|||54|01/01/2023||YEAR_LAST_CONSTRUCTION
50100640000EB|1.7|1.8|2015|||54|01/01/2023||YEAR_LAST_CONSTRUCTION
50100640000EB|1.8|1.9|2015|||54|01/01/2023||YEAR_LAST_CONSTRUCTION
50100640000EB|1.9|2.0|2015|||54|01/01/2023||YEAR_LAST_CONSTRUCTION
50100640000EB|2.0|2.1|2015|||54|01/01/2023||YEAR_LAST_CONSTRUCTION
50100640000EB|2.1|2.17|2015|||54|01/01/2023||YEAR_LAST_CONSTRUCTION
50100640000EB|2.17|2.2|2015|||54|01/01/2023||YEAR_LAST_CONSTRUCTION
50100640000EB|2.2|2.3|2015|||54|01/01/2023||YEAR_LAST_CONSTRUCTION
50100640000EB|2.3|2.4|2015|||54|01/01/2023||YEAR_LAST_CONSTRUCTION
50100640000EB|2.4|2.5|2015|||54|01/01/2023||YEAR_LAST_CONSTRUCTION
50100640000EB|2.5|2.6|2015|||54|01/01/2023||YEAR_LAST_CONSTRUCTION
50100640000EB|2.6|2.7|2015|||54|01/01/2023||YEAR_LAST_CONSTRUCTION
50100640000EB|2.7|2.75|2015|||54|01/01/2023||YEAR_LAST_CONSTRUCTION
50100640000EB|2.75|2.8|2015|||54|01/01/2023||YEAR_LAST_CONSTRUCTION
50100640000EB|2.8|2.9|2015|||54|01/01/2023||YEAR_LAST_CONSTRUCTION
50100640000EB|2.9|3.0|2015|||54|01/01/2023||YEAR_LAST_CONSTRUCTION
50100640000EB|3.0|3.1|2015|||54|01/01/2023||YEAR_LAST_CONSTRUCTION
50100640000EB|3.1|3.2|2015|||54|01/01/2023||YEAR_LAST_CONSTRUCTION
50100640000EB|3.2|3.3|2015|||54|01/01/2023||YEAR_LAST_CONSTRUCTION
50100640000EB|3.3|3.4|2015|||54|01/01/2023||YEAR_LAST_CONSTRUCTION
50100640000EB|3.4|3.5|2015|||54|01/01/2023||YEAR_LAST_CONSTRUCTION
50100640000EB|3.5|3.6|2015|||54|01/01/2023||YEAR_LAST_CONSTRUCTION
50100640000EB|3.6|3.7|2015|||54|01/01/2023||YEAR_LAST_CONSTRUCTION
50100640000EB|3.7|3.8|2015|||54|01/01/2023||YEAR_LAST_CONSTRUCTION
50100640000EB|3.8|3.9|2015|||54|01/01/2023||YEAR_LAST_CONSTRUCTION
50100640000EB|3.9|4.0|2015|||54|01/01/2023||YEAR_LAST_CONSTRUCTION
50100640000EB|4.0|4.1|2015|||54|01/01/2023||YEAR_LAST_CONSTRUCTION
50100640000EB|4.1|4.2|2015|||54|01/01/2023||YEAR_LAST_CONSTRUCTION
50100640000EB|4.2|4.22|2015|||54|01/01/2023||YEAR_LAST_CONSTRUCTION
50100640000EB|4.22|4.3|2015|||54|01/01/2023||YEAR_LAST_CONSTRUCTION
50100640000EB|4.3|4.4|2015|||54|01/01/2023||YEAR_LAST_CONSTRUCTION
50100640000EB|4.4|4.5|2015|||54|01/01/2023||YEAR_LAST_CONSTRUCTION
50100640000EB|4.5|4.6|2015|||54|01/01/2023||YEAR_LAST_CONSTRUCTION
50100640000EB|4.6|4.7|2015|||54|01/01/2023||YEAR_LAST_CONSTRUCTION
50100640000EB|4.7|4.8|2015|||54|01/01/2023||YEAR_LAST_CONSTRUCTION
50100640000EB|4.8|4.9|2015|||54|01/01/2023||YEAR_LAST_CONSTRUCTION
50100640000EB|4.9|5.0|2015|||54|01/01/2023||YEAR_LAST_CONSTRUCTION
50100640000EB|5.0|5.1|2015|||54|01/01/2023||YEAR_LAST_CONSTRUCTION
50100640000EB|5.1|5.2|2015|||54|01/01/2023||YEAR_LAST_CONSTRUCTION
50100640000EB|5.2|5.29|2015|||54|01/01/2023||YEAR_LAST_CONSTRUCTION
50100640000EB|5.29|5.3|2015|||54|01/01/2023||YEAR_LAST_CONSTRUCTION
50100640000EB|5.3|5.4|2015|||54|01/01/2023||YEAR_LAST_CONSTRUCTION
50100640000EB|5.4|5.5|2015|||54|01/01/2023||YEAR_LAST_CONSTRUCTION
50100640000EB|5.5|5.6|2015|||54|01/01/2023||YEAR_LAST_CONSTRUCTION
50100640000EB|5.6|5.7|2015|||54|01/01/2023||YEAR_LAST_CONSTRUCTION
50100640000EB|5.7|5.8|2015|||54|01/01/2023||YEAR_LAST_CONSTRUCTION
50100640000EB|5.8|5.87|2015|||54|01/01/2023||YEAR_LAST_CONSTRUCTION
50200520000EB|5.8|5.9|2019|||54|01/01/2023||YEAR_LAST_CONSTRUCTION
50200520000EB|5.9|6.0|2019|||54|01/01/2023||YEAR_LAST_CONSTRUCTION
50200520000EB|6.0|6.1|2019|||54|01/01/2023||YEAR_LAST_CONSTRUCTION
50200520000EB|6.1|6.2|2019|||54|01/01/2023||YEAR_LAST_CONSTRUCTION
50200520000EB|6.2|6.3|2019|||54|01/01/2023||YEAR_LAST_CONSTRUCTION
50200520000EB|6.3|6.4|2019|||54|01/01/2023||YEAR_LAST_CONSTRUCTION
50200520000EB|6.4|6.5|2019|||54|01/01/2023||YEAR_LAST_CONSTRUCTION
50200520000EB|6.5|6.51|2019|||54|01/01/2023||YEAR_LAST_CONSTRUCTION
50200520000EB|29.12|29.2|2008|||54|01/01/2023||YEAR_LAST_CONSTRUCTION
50200520000EB|29.2|29.3|2008|||54|01/01/2023||YEAR_LAST_CONSTRUCTION
50200520000EB|29.3|29.4|2008|||54|01/01/2023||YEAR_LAST_CONSTRUCTION
50200520000EB|29.4|29.5|2008|||54|01/01/2023||YEAR_LAST_CONSTRUCTION
50200520000EB|29.5|29.6|2008|||54|01/01/2023||YEAR_LAST_CONSTRUCTION
50200520000EB|29.6|29.7|2008|||54|01/01/2023||YEAR_LAST_CONSTRUCTION
50200520000EB|29.7|29.8|2008|||54|01/01/2023||YEAR_LAST_CONSTRUCTION
50200520000EB|29.8|29.9|2008|||54|01/01/2023||YEAR_LAST_CONSTRUCTION
50200520000EB|29.9|30.0|2008|||54|01/01/2023||YEAR_LAST_CONSTRUCTION
50200520000EB|30.0|30.1|2008|||54|01/01/2023||YEAR_LAST_CONSTRUCTION
50200520000EB|30.1|30.2|2008|||54|01/01/2023||YEAR_LAST_CONSTRUCTION
50200520000EB|30.2|30.3|2008|||54|01/01/2023||YEAR_LAST_CONSTRUCTION
50200520000EB|30.3|30.4|2008|||54|01/01/2023||YEAR_LAST_CONSTRUCTION
50200520000EB|30.4|30.5|2008|||54|01/01/2023||YEAR_LAST_CONSTRUCTION
50200520000EB|30.5|30.6|2008|||54|01/01/2023||YEAR_LAST_CONSTRUCTION
50200520000EB|30.6|30.7|2008|||54|01/01/2023||YEAR_LAST_CONSTRUCTION
50200520000EB|30.7|30.8|2008|||54|01/01/2023||YEAR_LAST_CONSTRUCTION
50200520000EB|30.8|30.9|2008|||54|01/01/2023||YEAR_LAST_CONSTRUCTION
50200520000EB|30.9|31.0|2008|||54|01/01/2023||YEAR_LAST_CONSTRUCTION
50200520000EB|31.0|31.1|2008|||54|01/01/2023||YEAR_LAST_CONSTRUCTION
50200520000EB|31.1|31.2|2008|||54|01/01/2023||YEAR_LAST_CONSTRUCTION
50200520000EB|31.2|31.3|2008|||54|01/01/2023||YEAR_LAST_CONSTRUCTION
50200520000EB|31.3|31.4|2008|||54|01/01/2023||YEAR_LAST_CONSTRUCTION
50200600000EB|0.0|0.1|2018|||54|01/01/2023||YEAR_LAST_CONSTRUCTION
50200600000EB|0.1|0.16|2018|||54|01/01/2023||YEAR_LAST_CONSTRUCTION
50200600000EB|0.16|0.2|2018|||54|01/01/2023||YEAR_LAST_CONSTRUCTION
50200600000EB|0.2|0.24|2018|||54|01/01/2023||YEAR_LAST_CONSTRUCTION
50200600000EB|0.49|0.5|2018|||54|01/01/2023||YEAR_LAST_CONSTRUCTION
50200600000EB|0.5|0.6|2018|||54|01/01/2023||YEAR_LAST_CONSTRUCTION
50200600000EB|0.6|0.7|2018|||54|01/01/2023||YEAR_LAST_CONSTRUCTION
50200600000EB|0.7|0.72|2018|||54|01/01/2023||YEAR_LAST_CONSTRUCTION
50200600000EB|1.13|1.2|2018|||54|01/01/2023||YEAR_LAST_CONSTRUCTION
50200600000EB|1.2|1.3|2018|||54|01/01/2023||YEAR_LAST_CONSTRUCTION
50200600000EB|1.3|1.4|2018|||54|01/01/2023||YEAR_LAST_CONSTRUCTION
50200600000EB|1.4|1.5|2018|||54|01/01/2023||YEAR_LAST_CONSTRUCTION
50200600000EB|1.5|1.6|2018|||54|01/01/2023||YEAR_LAST_CONSTRUCTION
50200600000EB|1.6|1.7|2018|||54|01/01/2023||YEAR_LAST_CONSTRUCTION
50200600000EB|1.7|1.8|2018|||54|01/01/2023||YEAR_LAST_CONSTRUCTION
50200600000EB|1.8|1.83|2018|||54|01/01/2023||YEAR_LAST_CONSTRUCTION
50200600000EB|3.79|3.8|2011|||54|01/01/2023||YEAR_LAST_CONSTRUCTION
50200600000EB|3.8|3.9|2011|||54|01/01/2023||YEAR_LAST_CONSTRUCTION
50200600000EB|3.9|4.0|2011|||54|01/01/2023||YEAR_LAST_CONSTRUCTION
50200600000EB|4.0|4.04|2011|||54|01/01/2023||YEAR_LAST_CONSTRUCTION
50200600000EB|4.04|4.1|2011|||54|01/01/2023||YEAR_LAST_CONSTRUCTION
50200600000EB|4.1|4.2|2011|||54|01/01/2023||YEAR_LAST_CONSTRUCTION
50200600000EB|4.2|4.3|2011|||54|01/01/2023||YEAR_LAST_CONSTRUCTION
50200600000EB|4.3|4.39|2011|||54|01/01/2023||YEAR_LAST_CONSTRUCTION
5030152000000|29.86|30.39|2008|||54|01/01/2023||YEAR_LAST_CONSTRUCTION
5030152000000|40.4|43.98|2020|||54|01/01/2023||YEAR_LAST_CONSTRUCTION
5030152000000|43.98|44.59|2020|||54|01/01/2023||YEAR_LAST_CONSTRUCTION
5040001000000|2.16|2.29|2020|||54|01/01/2023||YEAR_LAST_CONSTRUCTION
5040003000000|3.75|3.85|2019|||54|01/01/2023||YEAR_LAST_CONSTRUCTION
5040003000000|3.94|4.06|2019|||54|01/01/2023||YEAR_LAST_CONSTRUCTION
5040003010000|0.09|0.1|2019|||54|01/01/2023||YEAR_LAST_CONSTRUCTION
5040003010000|0.1|0.2|2019|||54|01/01/2023||YEAR_LAST_CONSTRUCTION
5040003010000|0.2|0.3|2019|||54|01/01/2023||YEAR_LAST_CONSTRUCTION
5040003010000|0.3|0.4|2019|||54|01/01/2023||YEAR_LAST_CONSTRUCTION
5040003010000|0.4|0.5|2019|||54|01/01/2023||YEAR_LAST_CONSTRUCTION
5040003010000|0.5|0.6|2019|||54|01/01/2023||YEAR_LAST_CONSTRUCTION
5040003010000|0.6|0.65|2019|||54|01/01/2023||YEAR_LAST_CONSTRUCTION
5040003010000|0.65|0.68|2019|||54|01/01/2023||YEAR_LAST_CONSTRUCTION
5040003020000|0.0|0.1|2019|||54|01/01/2023||YEAR_LAST_CONSTRUCTION
5040003020000|0.1|0.2|2019|||54|01/01/2023||YEAR_LAST_CONSTRUCTION
5040003020000|0.2|0.3|2019|||54|01/01/2023||YEAR_LAST_CONSTRUCTION
5040003020000|0.3|0.4|2019|||54|01/01/2023||YEAR_LAST_CONSTRUCTION
5040003020000|0.4|0.5|2019|||54|01/01/2023||YEAR_LAST_CONSTRUCTION
5040003020000|0.5|0.6|2019|||54|01/01/2023||YEAR_LAST_CONSTRUCTION
5040003020000|0.6|0.64|2019|||54|01/01/2023||YEAR_LAST_CONSTRUCTION
5040003020000|0.64|0.7|2019|||54|01/01/2023||YEAR_LAST_CONSTRUCTION
5040003020000|0.7|0.8|2019|||54|01/01/2023||YEAR_LAST_CONSTRUCTION
5040003020000|0.8|0.9|2019|||54|01/01/2023||YEAR_LAST_CONSTRUCTION
5040003020000|0.9|1.0|2019|||54|01/01/2023||YEAR_LAST_CONSTRUCTION
5040003020000|1.0|1.1|2019|||54|01/01/2023||YEAR_LAST_CONSTRUCTION
5040003020000|1.1|1.2|2019|||54|01/01/2023||YEAR_LAST_CONSTRUCTION
5040003020000|1.2|1.25|2019|||54|01/01/2023||YEAR_LAST_CONSTRUCTION
5040007000000|17.84|18.87|2016|||54|01/01/2023||YEAR_LAST_CONSTRUCTION
5040007000000|19.35|19.76|2016|||54|01/01/2023||YEAR_LAST_CONSTRUCTION
5040008000000|0.0|0.45|2016|||54|01/01/2023||YEAR_LAST_CONSTRUCTION
5040009000000|0.65|1.92|2011|||54|01/01/2023||YEAR_LAST_CONSTRUCTION
5040009000000|1.92|3.59|2022|||54|01/01/2023||YEAR_LAST_CONSTRUCTION
5040012000000|3.176|4.65|2016|||54|01/01/2023||YEAR_LAST_CONSTRUCTION
5040060030000|1.37|1.47|2019|||54|01/01/2023||YEAR_LAST_CONSTRUCTION
5040060040000|1.24|2.4|2012|||54|01/01/2023||YEAR_LAST_CONSTRUCTION
5040060070000|0.24|0.87|2018|||54|01/01/2023||YEAR_LAST_CONSTRUCTION
5040060070000|0.87|1.44|2018|||54|01/01/2023||YEAR_LAST_CONSTRUCTION
24200520000EB|0.0|0.1|1943|||54|01/01/2023||YEAR_LAST_CONSTRUCTION
24200520000EB|0.1|0.2|1943|||54|01/01/2023||YEAR_LAST_CONSTRUCTION
24200520000EB|0.2|0.3|1943|||54|01/01/2023||YEAR_LAST_CONSTRUCTION
24200520000EB|0.3|0.4|1943|||54|01/01/2023||YEAR_LAST_CONSTRUCTION
24200520000EB|0.4|0.5|1943|||54|01/01/2023||YEAR_LAST_CONSTRUCTION
24200520000EB|0.5|0.6|1943|||54|01/01/2023||YEAR_LAST_CONSTRUCTION
24200520000EB|0.6|0.7|1943|||54|01/01/2023||YEAR_LAST_CONSTRUCTION
24200520000EB|0.7|0.8|1943|||54|01/01/2023||YEAR_LAST_CONSTRUCTION
24200520000EB|0.8|0.9|1943|||54|01/01/2023||YEAR_LAST_CONSTRUCTION
24200520000EB|0.9|1.0|1943|||54|01/01/2023||YEAR_LAST_CONSTRUCTION
24200520000EB|1.0|1.09|1943|||54|01/01/2023||YEAR_LAST_CONSTRUCTION
24200520000EB|2.54|2.6|1943|||54|01/01/2023||YEAR_LAST_CONSTRUCTION
24200520000EB|2.6|2.7|1943|||54|01/01/2023||YEAR_LAST_CONSTRUCTION
24200520000EB|2.7|2.8|1943|||54|01/01/2023||YEAR_LAST_CONSTRUCTION
24200520000EB|2.8|2.9|1943|||54|01/01/2023||YEAR_LAST_CONSTRUCTION
24200520000EB|2.9|3.0|1943|||54|01/01/2023||YEAR_LAST_CONSTRUCTION
24200520000EB|3.0|3.1|1943|||54|01/01/2023||YEAR_LAST_CONSTRUCTION
24200520000EB|3.1|3.2|1943|||54|01/01/2023||YEAR_LAST_CONSTRUCTION
24200520000EB|3.2|3.3|1943|||54|01/01/2023||YEAR_LAST_CONSTRUCTION
24200520000EB|3.3|3.4|1943|||54|01/01/2023||YEAR_LAST_CONSTRUCTION
24200520000EB|3.4|3.5|1943|||54|01/01/2023||YEAR_LAST_CONSTRUCTION
24200520000EB|3.5|3.6|1943|||54|01/01/2023||YEAR_LAST_CONSTRUCTION
24200520000EB|3.6|3.7|1943|||54|01/01/2023||YEAR_LAST_CONSTRUCTION
24200520000EB|3.7|3.72|1943|||54|01/01/2023||YEAR_LAST_CONSTRUCTION
24200520000EB|5.19|5.2|1943|||54|01/01/2023||YEAR_LAST_CONSTRUCTION
24200520000EB|5.2|5.3|1943|||54|01/01/2023||YEAR_LAST_CONSTRUCTION
24200520000EB|5.3|5.4|1943|||54|01/01/2023||YEAR_LAST_CONSTRUCTION
24200520000EB|5.4|5.5|1943|||54|01/01/2023||YEAR_LAST_CONSTRUCTION
24200520000EB|5.5|5.6|1943|||54|01/01/2023||YEAR_LAST_CONSTRUCTION
24200520000EB|5.6|5.7|1943|||54|01/01/2023||YEAR_LAST_CONSTRUCTION
24200520000EB|5.7|5.8|1943|||54|01/01/2023||YEAR_LAST_CONSTRUCTION
24200520000EB|5.8|5.9|1943|||54|01/01/2023||YEAR_LAST_CONSTRUCTION
24200520000EB|5.9|6.0|1943|||54|01/01/2023||YEAR_LAST_CONSTRUCTION
24200520000EB|6.0|6.1|1943|||54|01/01/2023||YEAR_LAST_CONSTRUCTION
24200520000EB|6.1|6.2|1943|||54|01/01/2023||YEAR_LAST_CONSTRUCTION
24200520000EB|6.2|6.3|1943|||54|01/01/2023||YEAR_LAST_CONSTRUCTION
24200520000EB|6.3|6.4|1943|||54|01/01/2023||YEAR_LAST_CONSTRUCTION
24200520000EB|6.4|6.5|1943|||54|01/01/2023||YEAR_LAST_CONSTRUCTION
24200520000EB|6.5|6.6|1943|||54|01/01/2023||YEAR_LAST_CONSTRUCTION
24200520000EB|6.6|6.7|1943|||54|01/01/2023||YEAR_LAST_CONSTRUCTION
24200520000EB|6.7|6.8|1943|||54|01/01/2023||YEAR_LAST_CONSTRUCTION
24200520000EB|6.8|6.9|1943|||54|01/01/2023||YEAR_LAST_CONSTRUCTION
24200520000EB|6.9|7.0|1943|||54|01/01/2023||YEAR_LAST_CONSTRUCTION
24200520000EB|7.0|7.1|1943|||54|01/01/2023||YEAR_LAST_CONSTRUCTION
24200520000EB|7.1|7.2|1943|||54|01/01/2023||YEAR_LAST_CONSTRUCTION
24200520000EB|7.2|7.3|1943|||54|01/01/2023||YEAR_LAST_CONSTRUCTION
24200520000EB|7.3|7.4|1943|||54|01/01/2023||YEAR_LAST_CONSTRUCTION
24200520000EB|7.4|7.5|1943|||54|01/01/2023||YEAR_LAST_CONSTRUCTION
24200520000EB|7.5|7.6|1943|||54|01/01/2023||YEAR_LAST_CONSTRUCTION
24200520000EB|7.6|7.7|1943|||54|01/01/2023||YEAR_LAST_CONSTRUCTION
24200520000EB|7.7|7.8|1943|||54|01/01/2023||YEAR_LAST_CONSTRUCTION
24200520000EB|7.8|7.9|1943|||54|01/01/2023||YEAR_LAST_CONSTRUCTION
24200520000EB|7.9|7.91|1943|||54|01/01/2023||YEAR_LAST_CONSTRUCTION
24200520000EB|9.59|9.6|1943|||54|01/01/2023||YEAR_LAST_CONSTRUCTION
24200520000EB|9.6|9.7|1943|||54|01/01/2023||YEAR_LAST_CONSTRUCTION
24200520000EB|9.7|9.8|1943|||54|01/01/2023||YEAR_LAST_CONSTRUCTION
24200520000EB|9.8|9.9|1943|||54|01/01/2023||YEAR_LAST_CONSTRUCTION
24200520000EB|9.9|10.0|1943|||54|01/01/2023||YEAR_LAST_CONSTRUCTION
24200520000EB|10.0|10.1|1943|||54|01/01/2023||YEAR_LAST_CONSTRUCTION
24200520000EB|10.1|10.2|1943|||54|01/01/2023||YEAR_LAST_CONSTRUCTION
24200520000EB|10.2|10.3|1943|||54|01/01/2023||YEAR_LAST_CONSTRUCTION
24200520000EB|10.3|10.4|1943|||54|01/01/2023||YEAR_LAST_CONSTRUCTION
24200520000EB|10.4|10.5|1943|||54|01/01/2023||YEAR_LAST_CONSTRUCTION
24200520000EB|10.5|10.6|1943|||54|01/01/2023||YEAR_LAST_CONSTRUCTION
24200520000EB|10.6|10.7|1943|||54|01/01/2023||YEAR_LAST_CONSTRUCTION
24200520000EB|10.7|10.8|1943|||54|01/01/2023||YEAR_LAST_CONSTRUCTION
24200520000EB|10.8|10.9|1943|||54|01/01/2023||YEAR_LAST_CONSTRUCTION
24200520000EB|10.9|11.0|1943|||54|01/01/2023||YEAR_LAST_CONSTRUCTION
24200520000EB|11.0|11.1|1943|||54|01/01/2023||YEAR_LAST_CONSTRUCTION
24200520000EB|11.1|11.2|1943|||54|01/01/2023||YEAR_LAST_CONSTRUCTION
24200520000EB|11.2|11.3|1943|||54|01/01/2023||YEAR_LAST_CONSTRUCTION
24200520000EB|11.3|11.4|1943|||54|01/01/2023||YEAR_LAST_CONSTRUCTION
24200520000EB|11.4|11.5|1943|||54|01/01/2023||YEAR_LAST_CONSTRUCTION
24200520000EB|11.5|11.6|1943|||54|01/01/2023||YEAR_LAST_CONSTRUCTION
24200520000EB|11.6|11.7|1943|||54|01/01/2023||YEAR_LAST_CONSTRUCTION
24200520000EB|11.7|11.8|1943|||54|01/01/2023||YEAR_LAST_CONSTRUCTION
24200520000EB|11.8|11.9|1943|||54|01/01/2023||YEAR_LAST_CONSTRUCTION
24200520000EB|11.9|12.0|1943|||54|01/01/2023||YEAR_LAST_CONSTRUCTION
24200520000EB|12.0|12.1|1943|||54|01/01/2023||YEAR_LAST_CONSTRUCTION
24200520000EB|12.1|12.2|1943|||54|01/01/2023||YEAR_LAST_CONSTRUCTION
24200520000EB|12.2|12.3|1943|||54|01/01/2023||YEAR_LAST_CONSTRUCTION
24200520000EB|12.3|12.4|1943|||54|01/01/2023||YEAR_LAST_CONSTRUCTION
24200520000EB|12.4|12.5|1943|||54|01/01/2023||YEAR_LAST_CONSTRUCTION
24200520000EB|12.5|12.6|1943|||54|01/01/2023||YEAR_LAST_CONSTRUCTION
24200520000EB|12.6|12.7|1943|||54|01/01/2023||YEAR_LAST_CONSTRUCTION
24200520000EB|12.7|12.8|1943|||54|01/01/2023||YEAR_LAST_CONSTRUCTION
24200520000EB|12.8|12.82|1943|||54|01/01/2023||YEAR_LAST_CONSTRUCTION
24200520000EB|24.59|24.6|1943|||54|01/01/2023||YEAR_LAST_CONSTRUCTION
24200520000EB|24.6|24.7|1943|||54|01/01/2023||YEAR_LAST_CONSTRUCTION
24200520000EB|24.7|24.8|1943|||54|01/01/2023||YEAR_LAST_CONSTRUCTION
24200520000EB|24.8|24.9|1943|||54|01/01/2023||YEAR_LAST_CONSTRUCTION
24200520000EB|24.9|25.0|1943|||54|01/01/2023||YEAR_LAST_CONSTRUCTION
24200520000EB|25.0|25.1|1943|||54|01/01/2023||YEAR_LAST_CONSTRUCTION
24200520000EB|25.1|25.2|1943|||54|01/01/2023||YEAR_LAST_CONSTRUCTION
24200520000EB|25.2|25.3|1943|||54|01/01/2023||YEAR_LAST_CONSTRUCTION
24200520000EB|25.3|25.4|1943|||54|01/01/2023||YEAR_LAST_CONSTRUCTION
24200520000EB|25.4|25.5|1943|||54|01/01/2023||YEAR_LAST_CONSTRUCTION
24200520000EB|25.5|25.6|1943|||54|01/01/2023||YEAR_LAST_CONSTRUCTION
24200520000EB|25.6|25.7|1943|||54|01/01/2023||YEAR_LAST_CONSTRUCTION
24200520000EB|25.7|25.8|1943|||54|01/01/2023||YEAR_LAST_CONSTRUCTION
24200520000EB|25.8|25.9|1943|||54|01/01/2023||YEAR_LAST_CONSTRUCTION
24200520000EB|25.9|26.0|1943|||54|01/01/2023||YEAR_LAST_CONSTRUCTION
24200520000EB|26.0|26.1|1943|||54|01/01/2023||YEAR_LAST_CONSTRUCTION
24200520000EB|26.1|26.2|1943|||54|01/01/2023||YEAR_LAST_CONSTRUCTION
24200520000EB|26.2|26.3|1943|||54|01/01/2023||YEAR_LAST_CONSTRUCTION
24200520000EB|26.3|26.4|1943|||54|01/01/2023||YEAR_LAST_CONSTRUCTION
24200520000EB|26.4|26.5|1943|||54|01/01/2023||YEAR_LAST_CONSTRUCTION
24200520000EB|26.5|26.6|1943|||54|01/01/2023||YEAR_LAST_CONSTRUCTION
24200520000EB|26.6|26.7|1943|||54|01/01/2023||YEAR_LAST_CONSTRUCTION
24200520000EB|26.7|26.77|1943|||54|01/01/2023||YEAR_LAST_CONSTRUCTION
2430016000000|0.06|1.73|1938|||54|01/01/2023||YEAR_LAST_CONSTRUCTION
2430016000000|4.05|6.18|1938|||54|01/01/2023||YEAR_LAST_CONSTRUCTION
2430016000000|9.47|10.14|1938|||54|01/01/2023||YEAR_LAST_CONSTRUCTION
2430016000000|13.75|14.05|1938|||54|01/01/2023||YEAR_LAST_CONSTRUCTION
2430016000000|16.06|16.1|1938|||54|01/01/2023||YEAR_LAST_CONSTRUCTION
2430016000000|16.1|16.2|1938|||54|01/01/2023||YEAR_LAST_CONSTRUCTION
2430016000000|16.2|16.3|1938|||54|01/01/2023||YEAR_LAST_CONSTRUCTION
2430016000000|16.3|16.4|1938|||54|01/01/2023||YEAR_LAST_CONSTRUCTION
2430016000000|16.4|16.5|1938|||54|01/01/2023||YEAR_LAST_CONSTRUCTION
2430016000000|16.5|16.6|1938|||54|01/01/2023||YEAR_LAST_CONSTRUCTION
2430016000000|16.6|16.7|1938|||54|01/01/2023||YEAR_LAST_CONSTRUCTION
2430016000000|16.7|16.8|1938|||54|01/01/2023||YEAR_LAST_CONSTRUCTION
2430016000000|16.8|16.9|1938|||54|01/01/2023||YEAR_LAST_CONSTRUCTION
2430016000000|16.9|17.0|1938|||54|01/01/2023||YEAR_LAST_CONSTRUCTION
2430016000000|17.0|17.1|1938|||54|01/01/2023||YEAR_LAST_CONSTRUCTION
2430016000000|17.1|17.2|1938|||54|01/01/2023||YEAR_LAST_CONSTRUCTION
2430016000000|17.2|17.3|1938|||54|01/01/2023||YEAR_LAST_CONSTRUCTION
2430016000000|17.3|17.4|1938|||54|01/01/2023||YEAR_LAST_CONSTRUCTION
2430016000000|17.4|17.5|1938|||54|01/01/2023||YEAR_LAST_CONSTRUCTION
2430016000000|17.5|17.6|1938|||54|01/01/2023||YEAR_LAST_CONSTRUCTION
2430016000000|17.6|17.7|1938|||54|01/01/2023||YEAR_LAST_CONSTRUCTION
2430016000000|17.7|17.8|1938|||54|01/01/2023||YEAR_LAST_CONSTRUCTION
2430016000000|17.8|17.9|1938|||54|01/01/2023||YEAR_LAST_CONSTRUCTION
2430016000000|17.9|18.0|1938|||54|01/01/2023||YEAR_LAST_CONSTRUCTION
2430016000000|18.0|18.1|1938|||54|01/01/2023||YEAR_LAST_CONSTRUCTION
2430016000000|18.1|18.2|1938|||54|01/01/2023||YEAR_LAST_CONSTRUCTION
2430016000000|18.2|18.3|1938|||54|01/01/2023||YEAR_LAST_CONSTRUCTION
2430016000000|18.3|18.4|1938|||54|01/01/2023||YEAR_LAST_CONSTRUCTION
2430016000000|18.4|18.5|1938|||54|01/01/2023||YEAR_LAST_CONSTRUCTION
2430016000000|18.5|18.6|1938|||54|01/01/2023||YEAR_LAST_CONSTRUCTION
2430016000000|18.6|18.7|1938|||54|01/01/2023||YEAR_LAST_CONSTRUCTION
2430016000000|18.7|18.8|1938|||54|01/01/2023||YEAR_LAST_CONSTRUCTION
2430016000000|18.8|18.9|1938|||54|01/01/2023||YEAR_LAST_CONSTRUCTION
2430016000000|18.9|19.0|1938|||54|01/01/2023||YEAR_LAST_CONSTRUCTION
2430016000000|19.0|19.1|1938|||54|01/01/2023||YEAR_LAST_CONSTRUCTION
2430016000000|19.1|19.2|1938|||54|01/01/2023||YEAR_LAST_CONSTRUCTION
2430016000000|19.2|19.3|1938|||54|01/01/2023||YEAR_LAST_CONSTRUCTION
2430016000000|19.3|19.4|1938|||54|01/01/2023||YEAR_LAST_CONSTRUCTION
2430016000000|19.4|19.5|1938|||54|01/01/2023||YEAR_LAST_CONSTRUCTION
2430016000000|19.5|19.56|1938|||54|01/01/2023||YEAR_LAST_CONSTRUCTION
2430016000000|19.56|19.6|1938|||54|01/01/2023||YEAR_LAST_CONSTRUCTION
2430016000000|19.6|19.7|1938|||54|01/01/2023||YEAR_LAST_CONSTRUCTION
2430016000000|19.7|19.8|1938|||54|01/01/2023||YEAR_LAST_CONSTRUCTION
2430016000000|19.8|19.9|1938|||54|01/01/2023||YEAR_LAST_CONSTRUCTION
2430016000000|19.9|20.0|1938|||54|01/01/2023||YEAR_LAST_CONSTRUCTION
2430016000000|20.0|20.1|1938|||54|01/01/2023||YEAR_LAST_CONSTRUCTION
2430016000000|20.1|20.156|1938|||54|01/01/2023||YEAR_LAST_CONSTRUCTION
2430016000000|20.156|20.2|1938|||54|01/01/2023||YEAR_LAST_CONSTRUCTION
2430016000000|20.2|20.3|1938|||54|01/01/2023||YEAR_LAST_CONSTRUCTION
2430016000000|20.3|20.4|1938|||54|01/01/2023||YEAR_LAST_CONSTRUCTION
2430016000000|20.4|20.5|1938|||54|01/01/2023||YEAR_LAST_CONSTRUCTION
2430016000000|20.5|20.6|1938|||54|01/01/2023||YEAR_LAST_CONSTRUCTION
2430016000000|20.6|20.7|1938|||54|01/01/2023||YEAR_LAST_CONSTRUCTION
2430016000000|20.7|20.79|1938|||54|01/01/2023||YEAR_LAST_CONSTRUCTION
2430016000000|20.79|20.8|1938|||54|01/01/2023||YEAR_LAST_CONSTRUCTION
2430016000000|20.8|20.9|1938|||54|01/01/2023||YEAR_LAST_CONSTRUCTION
2430016000000|20.9|21.0|1938|||54|01/01/2023||YEAR_LAST_CONSTRUCTION
2430016000000|21.0|21.1|1938|||54|01/01/2023||YEAR_LAST_CONSTRUCTION
2430016000000|21.1|21.2|1938|||54|01/01/2023||YEAR_LAST_CONSTRUCTION
2430016000000|21.2|21.3|1938|||54|01/01/2023||YEAR_LAST_CONSTRUCTION
2430016000000|21.3|21.4|1938|||54|01/01/2023||YEAR_LAST_CONSTRUCTION
2430016000000|21.4|21.5|1938|||54|01/01/2023||YEAR_LAST_CONSTRUCTION
2430016000000|21.5|21.6|1938|||54|01/01/2023||YEAR_LAST_CONSTRUCTION
2430016000000|21.6|21.7|1938|||54|01/01/2023||YEAR_LAST_CONSTRUCTION
2430016000000|21.7|21.8|1938|||54|01/01/2023||YEAR_LAST_CONSTRUCTION
2430016000000|21.8|21.9|1938|||54|01/01/2023||YEAR_LAST_CONSTRUCTION
2430016000000|21.9|22.0|1938|||54|01/01/2023||YEAR_LAST_CONSTRUCTION
2430016000000|22.0|22.05|1938|||54|01/01/2023||YEAR_LAST_CONSTRUCTION
2430016000000|22.05|22.1|1938|||54|01/01/2023||YEAR_LAST_CONSTRUCTION
2430016000000|22.1|22.2|1938|||54|01/01/2023||YEAR_LAST_CONSTRUCTION
2430016000000|22.2|22.3|1938|||54|01/01/2023||YEAR_LAST_CONSTRUCTION
2430016000000|22.3|22.4|1938|||54|01/01/2023||YEAR_LAST_CONSTRUCTION
2430016000000|22.4|22.5|1938|||54|01/01/2023||YEAR_LAST_CONSTRUCTION
2430016000000|22.5|22.6|1938|||54|01/01/2023||YEAR_LAST_CONSTRUCTION
2430016000000|22.6|22.7|1938|||54|01/01/2023||YEAR_LAST_CONSTRUCTION
2430016000000|22.7|22.8|1938|||54|01/01/2023||YEAR_LAST_CONSTRUCTION
2430016000000|22.8|22.9|1938|||54|01/01/2023||YEAR_LAST_CONSTRUCTION
2430016000000|22.9|23.0|1938|||54|01/01/2023||YEAR_LAST_CONSTRUCTION
2430016000000|23.0|23.1|1938|||54|01/01/2023||YEAR_LAST_CONSTRUCTION
2430016000000|23.1|23.2|1938|||54|01/01/2023||YEAR_LAST_CONSTRUCTION
2430016000000|23.2|23.3|1938|||54|01/01/2023||YEAR_LAST_CONSTRUCTION
2430016000000|23.3|23.4|1938|||54|01/01/2023||YEAR_LAST_CONSTRUCTION
2430016000000|23.4|23.5|1938|||54|01/01/2023||YEAR_LAST_CONSTRUCTION
2430016000000|23.5|23.6|1938|||54|01/01/2023||YEAR_LAST_CONSTRUCTION
2430016000000|23.6|23.7|1938|||54|01/01/2023||YEAR_LAST_CONSTRUCTION
2430016000000|23.7|23.76|1938|||54|01/01/2023||YEAR_LAST_CONSTRUCTION
2430016000000|23.76|23.8|1938|||54|01/01/2023||YEAR_LAST_CONSTRUCTION
2430016000000|23.8|23.9|1938|||54|01/01/2023||YEAR_LAST_CONSTRUCTION
2430016000000|23.9|24.0|1938|||54|01/01/2023||YEAR_LAST_CONSTRUCTION
2430016000000|24.0|24.1|1938|||54|01/01/2023||YEAR_LAST_CONSTRUCTION
2430016000000|24.1|24.2|1938|||54|01/01/2023||YEAR_LAST_CONSTRUCTION
2430016000000|24.2|24.3|1938|||54|01/01/2023||YEAR_LAST_CONSTRUCTION
2430016000000|24.3|24.4|1938|||54|01/01/2023||YEAR_LAST_CONSTRUCTION
2430016000000|24.4|24.5|1938|||54|01/01/2023||YEAR_LAST_CONSTRUCTION
2430016000000|24.5|24.6|1938|||54|01/01/2023||YEAR_LAST_CONSTRUCTION
2430016000000|24.6|24.7|1938|||54|01/01/2023||YEAR_LAST_CONSTRUCTION
2430016000000|24.7|24.8|1938|||54|01/01/2023||YEAR_LAST_CONSTRUCTION
2430016000000|24.8|24.86|1938|||54|01/01/2023||YEAR_LAST_CONSTRUCTION
2430016000000|29.19|29.2|1938|||54|01/01/2023||YEAR_LAST_CONSTRUCTION
2430016000000|29.2|29.3|1938|||54|01/01/2023||YEAR_LAST_CONSTRUCTION
2430016000000|29.3|29.4|1938|||54|01/01/2023||YEAR_LAST_CONSTRUCTION
2430016000000|29.4|29.41|1938|||54|01/01/2023||YEAR_LAST_CONSTRUCTION
2430016000000|32.7|32.8|1938|||54|01/01/2023||YEAR_LAST_CONSTRUCTION
2430016000000|32.8|32.9|1938|||54|01/01/2023||YEAR_LAST_CONSTRUCTION
2430016000000|32.9|33.0|1938|||54|01/01/2023||YEAR_LAST_CONSTRUCTION
2430016000000|33.0|33.1|1938|||54|01/01/2023||YEAR_LAST_CONSTRUCTION
2430016000000|33.1|33.2|1938|||54|01/01/2023||YEAR_LAST_CONSTRUCTION
2430016000000|33.2|33.3|1938|||54|01/01/2023||YEAR_LAST_CONSTRUCTION
2430016000000|33.3|33.4|1938|||54|01/01/2023||YEAR_LAST_CONSTRUCTION
2430016000000|33.4|33.5|1938|||54|01/01/2023||YEAR_LAST_CONSTRUCTION
2430016000000|33.5|33.6|1938|||54|01/01/2023||YEAR_LAST_CONSTRUCTION
2430016000000|33.6|33.7|1938|||54|01/01/2023||YEAR_LAST_CONSTRUCTION
2430016000000|33.7|33.8|1938|||54|01/01/2023||YEAR_LAST_CONSTRUCTION
2430016000000|33.8|33.9|1938|||54|01/01/2023||YEAR_LAST_CONSTRUCTION
2430016000000|33.9|34.0|1938|||54|01/01/2023||YEAR_LAST_CONSTRUCTION
2430016000000|34.0|34.1|1938|||54|01/01/2023||YEAR_LAST_CONSTRUCTION
2430016000000|34.1|34.2|1938|||54|01/01/2023||YEAR_LAST_CONSTRUCTION
2430016000000|34.2|34.3|1938|||54|01/01/2023||YEAR_LAST_CONSTRUCTION
2430016000000|34.3|34.4|1938|||54|01/01/2023||YEAR_LAST_CONSTRUCTION
2430016000000|34.4|34.5|1938|||54|01/01/2023||YEAR_LAST_CONSTRUCTION
2430016000000|34.5|34.6|1938|||54|01/01/2023||YEAR_LAST_CONSTRUCTION
2430016000000|34.6|34.7|1938|||54|01/01/2023||YEAR_LAST_CONSTRUCTION
2430016000000|34.7|34.8|1938|||54|01/01/2023||YEAR_LAST_CONSTRUCTION
2430016000000|34.8|34.9|1938|||54|01/01/2023||YEAR_LAST_CONSTRUCTION
2430016000000|34.9|35.0|1938|||54|01/01/2023||YEAR_LAST_CONSTRUCTION
2430016000000|35.0|35.1|1938|||54|01/01/2023||YEAR_LAST_CONSTRUCTION
2430016000000|35.1|35.2|1938|||54|01/01/2023||YEAR_LAST_CONSTRUCTION
2430016000000|35.2|35.3|1938|||54|01/01/2023||YEAR_LAST_CONSTRUCTION
2430016000000|35.3|35.38|1938|||54|01/01/2023||YEAR_LAST_CONSTRUCTION
2430083000000|0.0|0.1|1933|||54|01/01/2023||YEAR_LAST_CONSTRUCTION
2430083000000|0.1|0.2|1933|||54|01/01/2023||YEAR_LAST_CONSTRUCTION
2430083000000|0.2|0.3|1933|||54|01/01/2023||YEAR_LAST_CONSTRUCTION
2430083000000|0.3|0.4|1933|||54|01/01/2023||YEAR_LAST_CONSTRUCTION
2430083000000|0.4|0.5|1933|||54|01/01/2023||YEAR_LAST_CONSTRUCTION
2430083000000|0.5|0.6|1933|||54|01/01/2023||YEAR_LAST_CONSTRUCTION
2430083000000|0.6|0.7|1933|||54|01/01/2023||YEAR_LAST_CONSTRUCTION
2430083000000|0.7|0.8|1933|||54|01/01/2023||YEAR_LAST_CONSTRUCTION
2430083000000|0.8|0.9|1933|||54|01/01/2023||YEAR_LAST_CONSTRUCTION
2430083000000|0.9|1.0|1933|||54|01/01/2023||YEAR_LAST_CONSTRUCTION
2430083000000|1.0|1.1|1933|||54|01/01/2023||YEAR_LAST_CONSTRUCTION
2430083000000|1.1|1.2|1933|||54|01/01/2023||YEAR_LAST_CONSTRUCTION
2430083000000|1.2|1.3|1933|||54|01/01/2023||YEAR_LAST_CONSTRUCTION
2430083000000|1.3|1.4|1933|||54|01/01/2023||YEAR_LAST_CONSTRUCTION
2430083000000|1.4|1.5|1933|||54|01/01/2023||YEAR_LAST_CONSTRUCTION
2430083000000|1.5|1.6|1933|||54|01/01/2023||YEAR_LAST_CONSTRUCTION
2430083000000|1.6|1.7|1933|||54|01/01/2023||YEAR_LAST_CONSTRUCTION
2430083000000|1.7|1.8|1933|||54|01/01/2023||YEAR_LAST_CONSTRUCTION
2430083000000|1.8|1.9|1933|||54|01/01/2023||YEAR_LAST_CONSTRUCTION
2430083000000|1.9|2.0|1933|||54|01/01/2023||YEAR_LAST_CONSTRUCTION
2430083000000|2.0|2.1|1933|||54|01/01/2023||YEAR_LAST_CONSTRUCTION
2430083000000|2.1|2.2|1933|||54|01/01/2023||YEAR_LAST_CONSTRUCTION
2430083000000|2.2|2.3|1933|||54|01/01/2023||YEAR_LAST_CONSTRUCTION
2430083000000|2.3|2.4|1933|||54|01/01/2023||YEAR_LAST_CONSTRUCTION
2430083000000|2.4|2.5|1933|||54|01/01/2023||YEAR_LAST_CONSTRUCTION
2430083000000|2.5|2.6|1933|||54|01/01/2023||YEAR_LAST_CONSTRUCTION
2430083000000|2.6|2.7|1933|||54|01/01/2023||YEAR_LAST_CONSTRUCTION
2430083000000|2.7|2.8|1933|||54|01/01/2023||YEAR_LAST_CONSTRUCTION
2430083000000|2.8|2.9|1933|||54|01/01/2023||YEAR_LAST_CONSTRUCTION
2430083000000|2.9|3.0|1933|||54|01/01/2023||YEAR_LAST_CONSTRUCTION
2430083000000|3.0|3.1|1933|||54|01/01/2023||YEAR_LAST_CONSTRUCTION
2430083000000|3.1|3.2|1933|||54|01/01/2023||YEAR_LAST_CONSTRUCTION
2430083000000|3.2|3.3|1933|||54|01/01/2023||YEAR_LAST_CONSTRUCTION
2430083000000|3.3|3.4|1933|||54|01/01/2023||YEAR_LAST_CONSTRUCTION
2430083000000|3.4|3.5|1933|||54|01/01/2023||YEAR_LAST_CONSTRUCTION
2430083000000|3.5|3.6|1933|||54|01/01/2023||YEAR_LAST_CONSTRUCTION
2430083000000|3.6|3.7|1933|||54|01/01/2023||YEAR_LAST_CONSTRUCTION
2430083000000|3.7|3.8|1933|||54|01/01/2023||YEAR_LAST_CONSTRUCTION
2430083000000|3.8|3.9|1933|||54|01/01/2023||YEAR_LAST_CONSTRUCTION
2430083000000|3.9|4.0|1933|||54|01/01/2023||YEAR_LAST_CONSTRUCTION
2430083000000|4.0|4.1|1933|||54|01/01/2023||YEAR_LAST_CONSTRUCTION
2430083000000|4.1|4.2|1933|||54|01/01/2023||YEAR_LAST_CONSTRUCTION
2430083000000|4.2|4.3|1933|||54|01/01/2023||YEAR_LAST_CONSTRUCTION
2430083000000|4.3|4.4|1933|||54|01/01/2023||YEAR_LAST_CONSTRUCTION
2430083000000|4.4|4.5|1933|||54|01/01/2023||YEAR_LAST_CONSTRUCTION
2430083000000|4.5|4.6|1933|||54|01/01/2023||YEAR_LAST_CONSTRUCTION
2430083000000|4.6|4.7|1933|||54|01/01/2023||YEAR_LAST_CONSTRUCTION
2430083000000|4.7|4.8|1933|||54|01/01/2023||YEAR_LAST_CONSTRUCTION
2430083000000|4.8|4.9|1933|||54|01/01/2023||YEAR_LAST_CONSTRUCTION
2430083000000|4.9|5.0|1933|||54|01/01/2023||YEAR_LAST_CONSTRUCTION
2430083000000|5.0|5.1|1933|||54|01/01/2023||YEAR_LAST_CONSTRUCTION
2430083000000|5.1|5.2|1933|||54|01/01/2023||YEAR_LAST_CONSTRUCTION
2430083000000|5.2|5.3|1933|||54|01/01/2023||YEAR_LAST_CONSTRUCTION
2430083000000|5.3|5.4|1933|||54|01/01/2023||YEAR_LAST_CONSTRUCTION
2430083000000|5.4|5.5|1933|||54|01/01/2023||YEAR_LAST_CONSTRUCTION
2430083000000|5.5|5.6|1933|||54|01/01/2023||YEAR_LAST_CONSTRUCTION
2430083000000|5.6|5.7|1933|||54|01/01/2023||YEAR_LAST_CONSTRUCTION
2430083000000|5.7|5.8|1933|||54|01/01/2023||YEAR_LAST_CONSTRUCTION
2430083000000|5.8|5.9|1933|||54|01/01/2023||YEAR_LAST_CONSTRUCTION
2430083000000|5.9|6.0|1933|||54|01/01/2023||YEAR_LAST_CONSTRUCTION
2430083000000|6.0|6.1|1933|||54|01/01/2023||YEAR_LAST_CONSTRUCTION
2430083000000|6.1|6.2|1933|||54|01/01/2023||YEAR_LAST_CONSTRUCTION
2430083000000|6.2|6.3|1933|||54|01/01/2023||YEAR_LAST_CONSTRUCTION
2430083000000|6.3|6.4|1933|||54|01/01/2023||YEAR_LAST_CONSTRUCTION
2430083000000|6.4|6.42|1933|||54|01/01/2023||YEAR_LAST_CONSTRUCTION
2430083000000|6.42|6.5|1933|||54|01/01/2023||YEAR_LAST_CONSTRUCTION
2430083000000|6.5|6.6|1933|||54|01/01/2023||YEAR_LAST_CONSTRUCTION
2430083000000|6.6|6.7|1933|||54|01/01/2023||YEAR_LAST_CONSTRUCTION
2430083000000|6.7|6.8|1933|||54|01/01/2023||YEAR_LAST_CONSTRUCTION
2430083000000|6.8|6.9|1933|||54|01/01/2023||YEAR_LAST_CONSTRUCTION
2430083000000|6.9|7.0|1933|||54|01/01/2023||YEAR_LAST_CONSTRUCTION
2430083000000|7.0|7.1|1933|||54|01/01/2023||YEAR_LAST_CONSTRUCTION
2430083000000|7.1|7.2|1933|||54|01/01/2023||YEAR_LAST_CONSTRUCTION
2430083000000|7.2|7.3|1933|||54|01/01/2023||YEAR_LAST_CONSTRUCTION
2430083000000|7.3|7.4|1933|||54|01/01/2023||YEAR_LAST_CONSTRUCTION
2430083000000|7.4|7.46|1933|||54|01/01/2023||YEAR_LAST_CONSTRUCTION
2430083000000|7.94|8.0|1933|||54|01/01/2023||YEAR_LAST_CONSTRUCTION
2430083000000|8.0|8.06|1933|||54|01/01/2023||YEAR_LAST_CONSTRUCTION
2430083000000|14.092|14.1|1933|||54|01/01/2023||YEAR_LAST_CONSTRUCTION
2430083000000|14.1|14.2|1933|||54|01/01/2023||YEAR_LAST_CONSTRUCTION
2430083000000|14.2|14.3|1933|||54|01/01/2023||YEAR_LAST_CONSTRUCTION
2430083000000|14.3|14.4|1933|||54|01/01/2023||YEAR_LAST_CONSTRUCTION
2430083000000|14.4|14.5|1933|||54|01/01/2023||YEAR_LAST_CONSTRUCTION
2430083000000|14.5|14.6|1933|||54|01/01/2023||YEAR_LAST_CONSTRUCTION
2430083000000|14.6|14.7|1933|||54|01/01/2023||YEAR_LAST_CONSTRUCTION
2430083000000|14.7|14.8|1933|||54|01/01/2023||YEAR_LAST_CONSTRUCTION
2430083000000|14.8|14.9|1933|||54|01/01/2023||YEAR_LAST_CONSTRUCTION
2430083000000|14.9|15.0|1933|||54|01/01/2023||YEAR_LAST_CONSTRUCTION
2430083000000|15.0|15.1|1933|||54|01/01/2023||YEAR_LAST_CONSTRUCTION
2430083000000|15.1|15.2|1933|||54|01/01/2023||YEAR_LAST_CONSTRUCTION
2430083000000|15.2|15.3|1933|||54|01/01/2023||YEAR_LAST_CONSTRUCTION
2430083000000|15.3|15.4|1933|||54|01/01/2023||YEAR_LAST_CONSTRUCTION
2430083000000|15.4|15.5|1933|||54|01/01/2023||YEAR_LAST_CONSTRUCTION
2430083000000|15.5|15.6|1933|||54|01/01/2023||YEAR_LAST_CONSTRUCTION
2430083000000|15.6|15.7|1933|||54|01/01/2023||YEAR_LAST_CONSTRUCTION
2430083000000|15.7|15.8|1933|||54|01/01/2023||YEAR_LAST_CONSTRUCTION
2430083000000|15.8|15.9|1933|||54|01/01/2023||YEAR_LAST_CONSTRUCTION
2430083000000|15.9|16.0|1933|||54|01/01/2023||YEAR_LAST_CONSTRUCTION
2430083000000|16.0|16.1|1933|||54|01/01/2023||YEAR_LAST_CONSTRUCTION
2430083000000|16.1|16.2|1933|||54|01/01/2023||YEAR_LAST_CONSTRUCTION
2430083000000|16.2|16.3|1933|||54|01/01/2023||YEAR_LAST_CONSTRUCTION
2430083000000|16.3|16.4|1933|||54|01/01/2023||YEAR_LAST_CONSTRUCTION
2430083000000|16.4|16.5|1933|||54|01/01/2023||YEAR_LAST_CONSTRUCTION
2430083000000|16.5|16.6|1933|||54|01/01/2023||YEAR_LAST_CONSTRUCTION
2430083000000|16.6|16.7|1933|||54|01/01/2023||YEAR_LAST_CONSTRUCTION
2430083000000|16.7|16.8|1933|||54|01/01/2023||YEAR_LAST_CONSTRUCTION
2430083000000|16.8|16.9|1933|||54|01/01/2023||YEAR_LAST_CONSTRUCTION
2430083000000|16.9|17.0|1933|||54|01/01/2023||YEAR_LAST_CONSTRUCTION
2430083000000|17.0|17.1|1933|||54|01/01/2023||YEAR_LAST_CONSTRUCTION
2430083000000|17.1|17.2|1933|||54|01/01/2023||YEAR_LAST_CONSTRUCTION
2430083000000|17.2|17.3|1933|||54|01/01/2023||YEAR_LAST_CONSTRUCTION
2430083000000|17.3|17.4|1933|||54|01/01/2023||YEAR_LAST_CONSTRUCTION
2430083000000|17.4|17.5|1933|||54|01/01/2023||YEAR_LAST_CONSTRUCTION
2430083000000|17.5|17.6|1933|||54|01/01/2023||YEAR_LAST_CONSTRUCTION
2430083000000|17.6|17.7|1933|||54|01/01/2023||YEAR_LAST_CONSTRUCTION
2430083000000|17.7|17.8|1933|||54|01/01/2023||YEAR_LAST_CONSTRUCTION
2430083000000|17.8|17.9|1933|||54|01/01/2023||YEAR_LAST_CONSTRUCTION
2430083000000|17.9|18.0|1933|||54|01/01/2023||YEAR_LAST_CONSTRUCTION
2430083000000|18.0|18.01|1933|||54|01/01/2023||YEAR_LAST_CONSTRUCTION
2440009000000|7.87|9.2|1969|||54|01/01/2023||YEAR_LAST_CONSTRUCTION
28100770000NB|0.69|0.7|1967|||54|01/01/2023||YEAR_LAST_CONSTRUCTION
28100770000NB|0.7|0.8|1967|||54|01/01/2023||YEAR_LAST_CONSTRUCTION
28100770000NB|0.8|0.9|1967|||54|01/01/2023||YEAR_LAST_CONSTRUCTION
28100770000NB|0.9|1.0|1967|||54|01/01/2023||YEAR_LAST_CONSTRUCTION
28100770000NB|1.0|1.1|1967|||54|01/01/2023||YEAR_LAST_CONSTRUCTION
28100770000NB|1.1|1.2|1967|||54|01/01/2023||YEAR_LAST_CONSTRUCTION
28100770000NB|1.2|1.3|1967|||54|01/01/2023||YEAR_LAST_CONSTRUCTION
28100770000NB|1.3|1.4|1967|||54|01/01/2023||YEAR_LAST_CONSTRUCTION
28100770000NB|1.4|1.5|1967|||54|01/01/2023||YEAR_LAST_CONSTRUCTION
28100770000NB|1.5|1.6|1967|||54|01/01/2023||YEAR_LAST_CONSTRUCTION
28100770000NB|1.6|1.7|1967|||54|01/01/2023||YEAR_LAST_CONSTRUCTION
28100770000NB|1.7|1.8|1967|||54|01/01/2023||YEAR_LAST_CONSTRUCTION
28100770000NB|1.8|1.9|1967|||54|01/01/2023||YEAR_LAST_CONSTRUCTION
28100770000NB|1.9|2.0|1967|||54|01/01/2023||YEAR_LAST_CONSTRUCTION
28100770000NB|2.0|2.1|1967|||54|01/01/2023||YEAR_LAST_CONSTRUCTION
28100770000NB|2.1|2.2|1967|||54|01/01/2023||YEAR_LAST_CONSTRUCTION
28100770000NB|2.2|2.3|1967|||54|01/01/2023||YEAR_LAST_CONSTRUCTION
28100770000NB|2.3|2.4|1967|||54|01/01/2023||YEAR_LAST_CONSTRUCTION
28100770000NB|2.4|2.5|1967|||54|01/01/2023||YEAR_LAST_CONSTRUCTION
28100770000NB|2.5|2.56|1967|||54|01/01/2023||YEAR_LAST_CONSTRUCTION
28100770000NB|2.56|2.6|1967|||54|01/01/2023||YEAR_LAST_CONSTRUCTION
28100770000NB|2.6|2.7|1967|||54|01/01/2023||YEAR_LAST_CONSTRUCTION
28100770000NB|2.7|2.8|1967|||54|01/01/2023||YEAR_LAST_CONSTRUCTION
28100770000NB|2.8|2.9|1967|||54|01/01/2023||YEAR_LAST_CONSTRUCTION
28100770000NB|2.9|3.0|1967|||54|01/01/2023||YEAR_LAST_CONSTRUCTION
28100770000NB|3.0|3.1|1967|||54|01/01/2023||YEAR_LAST_CONSTRUCTION
28100770000NB|3.1|3.2|1967|||54|01/01/2023||YEAR_LAST_CONSTRUCTION
28100770000NB|3.2|3.3|1967|||54|01/01/2023||YEAR_LAST_CONSTRUCTION
28100770000NB|3.3|3.4|1967|||54|01/01/2023||YEAR_LAST_CONSTRUCTION
28100770000NB|3.4|3.5|1967|||54|01/01/2023||YEAR_LAST_CONSTRUCTION
28100770000NB|3.5|3.6|1967|||54|01/01/2023||YEAR_LAST_CONSTRUCTION
28100770000NB|3.6|3.7|1967|||54|01/01/2023||YEAR_LAST_CONSTRUCTION
28100770000NB|3.7|3.8|1967|||54|01/01/2023||YEAR_LAST_CONSTRUCTION
28100770000NB|3.8|3.9|1967|||54|01/01/2023||YEAR_LAST_CONSTRUCTION
28100770000NB|3.9|4.0|1967|||54|01/01/2023||YEAR_LAST_CONSTRUCTION
28100770000NB|4.0|4.1|1967|||54|01/01/2023||YEAR_LAST_CONSTRUCTION
28100770000NB|4.1|4.2|1967|||54|01/01/2023||YEAR_LAST_CONSTRUCTION
28100770000NB|4.2|4.3|1967|||54|01/01/2023||YEAR_LAST_CONSTRUCTION
28100770000NB|4.3|4.4|1967|||54|01/01/2023||YEAR_LAST_CONSTRUCTION
28100770000NB|4.4|4.5|1967|||54|01/01/2023||YEAR_LAST_CONSTRUCTION
28100770000NB|4.5|4.6|1967|||54|01/01/2023||YEAR_LAST_CONSTRUCTION
28100770000NB|4.6|4.7|1967|||54|01/01/2023||YEAR_LAST_CONSTRUCTION
28100770000NB|4.7|4.8|1967|||54|01/01/2023||YEAR_LAST_CONSTRUCTION
28100770000NB|4.8|4.9|1967|||54|01/01/2023||YEAR_LAST_CONSTRUCTION
28100770000NB|4.9|5.0|1967|||54|01/01/2023||YEAR_LAST_CONSTRUCTION
28100770000NB|5.0|5.1|1967|||54|01/01/2023||YEAR_LAST_CONSTRUCTION
28100770000NB|5.1|5.12|1967|||54|01/01/2023||YEAR_LAST_CONSTRUCTION
28100770000NB|5.12|5.2|1967|||54|01/01/2023||YEAR_LAST_CONSTRUCTION
28100770000NB|5.2|5.3|1967|||54|01/01/2023||YEAR_LAST_CONSTRUCTION
28100770000NB|5.3|5.4|1967|||54|01/01/2023||YEAR_LAST_CONSTRUCTION
28100770000NB|5.4|5.5|1967|||54|01/01/2023||YEAR_LAST_CONSTRUCTION
28100770000NB|5.5|5.6|1967|||54|01/01/2023||YEAR_LAST_CONSTRUCTION
28100770000NB|5.6|5.7|1967|||54|01/01/2023||YEAR_LAST_CONSTRUCTION
28100770000NB|5.7|5.8|1967|||54|01/01/2023||YEAR_LAST_CONSTRUCTION
28100770000NB|5.8|5.9|1967|||54|01/01/2023||YEAR_LAST_CONSTRUCTION
28100770000NB|5.9|6.0|1967|||54|01/01/2023||YEAR_LAST_CONSTRUCTION
28100770000NB|6.0|6.1|1967|||54|01/01/2023||YEAR_LAST_CONSTRUCTION
28100770000NB|6.1|6.2|1967|||54|01/01/2023||YEAR_LAST_CONSTRUCTION
28100770000NB|6.2|6.3|1967|||54|01/01/2023||YEAR_LAST_CONSTRUCTION
28100770000NB|6.3|6.4|1967|||54|01/01/2023||YEAR_LAST_CONSTRUCTION
28100770000NB|6.4|6.5|1967|||54|01/01/2023||YEAR_LAST_CONSTRUCTION
28100770000NB|6.5|6.6|1967|||54|01/01/2023||YEAR_LAST_CONSTRUCTION
28100770000NB|6.6|6.7|1967|||54|01/01/2023||YEAR_LAST_CONSTRUCTION
28100770000NB|6.7|6.8|1967|||54|01/01/2023||YEAR_LAST_CONSTRUCTION
28100770000NB|6.8|6.9|1967|||54|01/01/2023||YEAR_LAST_CONSTRUCTION
28200190000NB|2.88|2.9|1933|||54|01/01/2023||YEAR_LAST_CONSTRUCTION
28200190000NB|2.9|3.0|1933|||54|01/01/2023||YEAR_LAST_CONSTRUCTION
28200190000NB|3.0|3.1|1933|||54|01/01/2023||YEAR_LAST_CONSTRUCTION
28200190000NB|3.1|3.2|1933|||54|01/01/2023||YEAR_LAST_CONSTRUCTION
28200190000NB|3.2|3.3|1933|||54|01/01/2023||YEAR_LAST_CONSTRUCTION
28200190000NB|3.3|3.4|1933|||54|01/01/2023||YEAR_LAST_CONSTRUCTION
28200190000NB|3.4|3.5|1933|||54|01/01/2023||YEAR_LAST_CONSTRUCTION
28200190000NB|3.5|3.6|1933|||54|01/01/2023||YEAR_LAST_CONSTRUCTION
28200190000NB|3.6|3.7|1933|||54|01/01/2023||YEAR_LAST_CONSTRUCTION
28200190000NB|3.7|3.8|1933|||54|01/01/2023||YEAR_LAST_CONSTRUCTION
28200190000NB|3.8|3.87|1933|||54|01/01/2023||YEAR_LAST_CONSTRUCTION
28200190000NB|5.34|5.4|1933|||54|01/01/2023||YEAR_LAST_CONSTRUCTION
28200190000NB|5.4|5.5|1933|||54|01/01/2023||YEAR_LAST_CONSTRUCTION
28200190000NB|5.5|5.6|1933|||54|01/01/2023||YEAR_LAST_CONSTRUCTION
28200190000NB|5.6|5.7|1933|||54|01/01/2023||YEAR_LAST_CONSTRUCTION
28200190000NB|5.7|5.8|1933|||54|01/01/2023||YEAR_LAST_CONSTRUCTION
28200190000NB|5.8|5.9|1933|||54|01/01/2023||YEAR_LAST_CONSTRUCTION
28200190000NB|5.9|6.0|1933|||54|01/01/2023||YEAR_LAST_CONSTRUCTION
28200190000NB|6.0|6.01|1933|||54|01/01/2023||YEAR_LAST_CONSTRUCTION
28200190000NB|6.01|6.1|1933|||54|01/01/2023||YEAR_LAST_CONSTRUCTION
28200190000NB|6.1|6.2|1933|||54|01/01/2023||YEAR_LAST_CONSTRUCTION
28200190000NB|6.2|6.3|1933|||54|01/01/2023||YEAR_LAST_CONSTRUCTION
28200190000NB|6.3|6.4|1933|||54|01/01/2023||YEAR_LAST_CONSTRUCTION
28200190000NB|6.4|6.5|1933|||54|01/01/2023||YEAR_LAST_CONSTRUCTION
28200190000NB|6.5|6.6|1933|||54|01/01/2023||YEAR_LAST_CONSTRUCTION
28200190000NB|6.6|6.7|1933|||54|01/01/2023||YEAR_LAST_CONSTRUCTION
28200190000NB|6.7|6.8|1933|||54|01/01/2023||YEAR_LAST_CONSTRUCTION
28200190000NB|6.8|6.9|1933|||54|01/01/2023||YEAR_LAST_CONSTRUCTION
28200190000NB|6.9|7.0|1933|||54|01/01/2023||YEAR_LAST_CONSTRUCTION
28200190000NB|7.0|7.1|1933|||54|01/01/2023||YEAR_LAST_CONSTRUCTION
28200190000NB|7.1|7.2|1933|||54|01/01/2023||YEAR_LAST_CONSTRUCTION
28200190000NB|7.2|7.3|1933|||54|01/01/2023||YEAR_LAST_CONSTRUCTION
28200190000NB|7.3|7.4|1933|||54|01/01/2023||YEAR_LAST_CONSTRUCTION
28200190000NB|7.4|7.44|1933|||54|01/01/2023||YEAR_LAST_CONSTRUCTION
28200190000NB|10.69|10.7|1933|||54|01/01/2023||YEAR_LAST_CONSTRUCTION
28200190000NB|10.7|10.8|1933|||54|01/01/2023||YEAR_LAST_CONSTRUCTION
28200190000NB|10.8|10.9|1933|||54|01/01/2023||YEAR_LAST_CONSTRUCTION
28200190000NB|10.9|11.0|1933|||54|01/01/2023||YEAR_LAST_CONSTRUCTION
28200190000NB|11.0|11.1|1933|||54|01/01/2023||YEAR_LAST_CONSTRUCTION
28200190000NB|11.1|11.2|1933|||54|01/01/2023||YEAR_LAST_CONSTRUCTION
28200190000NB|11.2|11.3|1933|||54|01/01/2023||YEAR_LAST_CONSTRUCTION
28200190000NB|11.3|11.4|1933|||54|01/01/2023||YEAR_LAST_CONSTRUCTION
28200190000NB|11.4|11.5|1933|||54|01/01/2023||YEAR_LAST_CONSTRUCTION
28200190000NB|11.5|11.6|1933|||54|01/01/2023||YEAR_LAST_CONSTRUCTION
28200190000NB|11.6|11.63|1933|||54|01/01/2023||YEAR_LAST_CONSTRUCTION
28200520000EB|0.0|0.1|1921|||54|01/01/2023||YEAR_LAST_CONSTRUCTION
28200520000EB|0.1|0.2|1921|||54|01/01/2023||YEAR_LAST_CONSTRUCTION
28200520000EB|0.2|0.3|1921|||54|01/01/2023||YEAR_LAST_CONSTRUCTION
28200520000EB|0.3|0.4|1921|||54|01/01/2023||YEAR_LAST_CONSTRUCTION
28200520000EB|0.4|0.5|1921|||54|01/01/2023||YEAR_LAST_CONSTRUCTION
28200520000EB|0.5|0.58|1921|||54|01/01/2023||YEAR_LAST_CONSTRUCTION
28200520000EB|4.12|4.2|1921|||54|01/01/2023||YEAR_LAST_CONSTRUCTION
28200520000EB|4.2|4.3|1921|||54|01/01/2023||YEAR_LAST_CONSTRUCTION
28200520000EB|4.3|4.4|1921|||54|01/01/2023||YEAR_LAST_CONSTRUCTION
28200520000EB|4.4|4.5|1921|||54|01/01/2023||YEAR_LAST_CONSTRUCTION
28200520000EB|4.5|4.6|1921|||54|01/01/2023||YEAR_LAST_CONSTRUCTION
28200520000EB|4.6|4.7|1921|||54|01/01/2023||YEAR_LAST_CONSTRUCTION
28200520000EB|4.7|4.8|1921|||54|01/01/2023||YEAR_LAST_CONSTRUCTION
28200520000EB|4.8|4.9|1921|||54|01/01/2023||YEAR_LAST_CONSTRUCTION
28200520000EB|4.9|5.0|1921|||54|01/01/2023||YEAR_LAST_CONSTRUCTION
28200520000EB|5.0|5.1|1921|||54|01/01/2023||YEAR_LAST_CONSTRUCTION
28200520000EB|5.1|5.2|1921|||54|01/01/2023||YEAR_LAST_CONSTRUCTION
28200520000EB|6.96|7.0|1921|||54|01/01/2023||YEAR_LAST_CONSTRUCTION
28200520000EB|7.0|7.1|1921|||54|01/01/2023||YEAR_LAST_CONSTRUCTION
28200520000EB|7.1|7.2|1921|||54|01/01/2023||YEAR_LAST_CONSTRUCTION
28200520000EB|7.2|7.3|1921|||54|01/01/2023||YEAR_LAST_CONSTRUCTION
28200520000EB|7.3|7.4|1921|||54|01/01/2023||YEAR_LAST_CONSTRUCTION
28200520000EB|7.4|7.5|1921|||54|01/01/2023||YEAR_LAST_CONSTRUCTION
28200520000EB|7.5|7.6|1921|||54|01/01/2023||YEAR_LAST_CONSTRUCTION
28200520000EB|7.6|7.7|1921|||54|01/01/2023||YEAR_LAST_CONSTRUCTION
28200520000EB|7.7|7.76|1921|||54|01/01/2023||YEAR_LAST_CONSTRUCTION
28200520000EB|12.97|13.0|1921|||54|01/01/2023||YEAR_LAST_CONSTRUCTION
28200520000EB|13.0|13.1|1921|||54|01/01/2023||YEAR_LAST_CONSTRUCTION
28200520000EB|13.1|13.2|1921|||54|01/01/2023||YEAR_LAST_CONSTRUCTION
28200520000EB|13.2|13.3|1921|||54|01/01/2023||YEAR_LAST_CONSTRUCTION
28200520000EB|13.3|13.39|1921|||54|01/01/2023||YEAR_LAST_CONSTRUCTION
28200520000EB|13.44|13.5|1921|||54|01/01/2023||YEAR_LAST_CONSTRUCTION
28200520000EB|13.5|13.6|1921|||54|01/01/2023||YEAR_LAST_CONSTRUCTION
28200520000EB|13.6|13.67|1921|||54|01/01/2023||YEAR_LAST_CONSTRUCTION
28200520000EB|14.91|15.0|1921|||54|01/01/2023||YEAR_LAST_CONSTRUCTION
28200520000EB|15.0|15.1|1921|||54|01/01/2023||YEAR_LAST_CONSTRUCTION
28200520000EB|15.1|15.2|1921|||54|01/01/2023||YEAR_LAST_CONSTRUCTION
28200520000EB|15.2|15.3|1921|||54|01/01/2023||YEAR_LAST_CONSTRUCTION
28200520000EB|15.3|15.37|1921|||54|01/01/2023||YEAR_LAST_CONSTRUCTION
28200520004NB|0.0|0.1|1921|||54|01/01/2023||YEAR_LAST_CONSTRUCTION
28200520004NB|0.1|0.2|1921|||54|01/01/2023||YEAR_LAST_CONSTRUCTION
28200520004NB|0.2|0.22|1921|||54|01/01/2023||YEAR_LAST_CONSTRUCTION
28200520018EB|0.0|0.02|1921|||54|01/01/2023||YEAR_LAST_CONSTRUCTION
28204600000EB|0.029|0.1|1947|||54|01/01/2023||YEAR_LAST_CONSTRUCTION
28204600000EB|0.1|0.2|1947|||54|01/01/2023||YEAR_LAST_CONSTRUCTION
28204600000EB|0.2|0.3|1947|||54|01/01/2023||YEAR_LAST_CONSTRUCTION
28204600000EB|0.3|0.4|1947|||54|01/01/2023||YEAR_LAST_CONSTRUCTION
28204600000EB|0.4|0.5|1947|||54|01/01/2023||YEAR_LAST_CONSTRUCTION
28204600000EB|0.5|0.6|1947|||54|01/01/2023||YEAR_LAST_CONSTRUCTION
28204600000EB|0.6|0.7|1947|||54|01/01/2023||YEAR_LAST_CONSTRUCTION
28204600000EB|0.7|0.8|1947|||54|01/01/2023||YEAR_LAST_CONSTRUCTION
28204600000EB|0.8|0.9|1947|||54|01/01/2023||YEAR_LAST_CONSTRUCTION
28204600000EB|0.9|1.0|1947|||54|01/01/2023||YEAR_LAST_CONSTRUCTION
28204600000EB|1.0|1.06|1947|||54|01/01/2023||YEAR_LAST_CONSTRUCTION
28204600000EB|1.33|1.4|1947|||54|01/01/2023||YEAR_LAST_CONSTRUCTION
28204600000EB|1.4|1.5|1947|||54|01/01/2023||YEAR_LAST_CONSTRUCTION
28204600000EB|1.5|1.6|1947|||54|01/01/2023||YEAR_LAST_CONSTRUCTION
28204600000EB|1.6|1.7|1947|||54|01/01/2023||YEAR_LAST_CONSTRUCTION
28204600000EB|1.7|1.8|1947|||54|01/01/2023||YEAR_LAST_CONSTRUCTION
28204600000EB|1.8|1.9|1947|||54|01/01/2023||YEAR_LAST_CONSTRUCTION
28204600000EB|1.9|2.0|1947|||54|01/01/2023||YEAR_LAST_CONSTRUCTION
28204600000EB|2.0|2.1|1947|||54|01/01/2023||YEAR_LAST_CONSTRUCTION
28204600000EB|2.1|2.2|1947|||54|01/01/2023||YEAR_LAST_CONSTRUCTION
28204600000EB|2.2|2.3|1947|||54|01/01/2023||YEAR_LAST_CONSTRUCTION
28204600000EB|2.3|2.4|1947|||54|01/01/2023||YEAR_LAST_CONSTRUCTION
28204600000EB|2.4|2.5|1947|||54|01/01/2023||YEAR_LAST_CONSTRUCTION
28204600000EB|2.5|2.6|1947|||54|01/01/2023||YEAR_LAST_CONSTRUCTION
28204600000EB|2.6|2.7|1947|||54|01/01/2023||YEAR_LAST_CONSTRUCTION
28204600000EB|2.7|2.8|1947|||54|01/01/2023||YEAR_LAST_CONSTRUCTION
28204600000EB|2.8|2.9|1947|||54|01/01/2023||YEAR_LAST_CONSTRUCTION
28204600000EB|2.9|3.0|1947|||54|01/01/2023||YEAR_LAST_CONSTRUCTION
28204600000EB|3.0|3.09|1947|||54|01/01/2023||YEAR_LAST_CONSTRUCTION
28204600000EB|4.29|4.3|1947|||54|01/01/2023||YEAR_LAST_CONSTRUCTION
28204600000EB|4.3|4.4|1947|||54|01/01/2023||YEAR_LAST_CONSTRUCTION
28204600000EB|4.4|4.5|1947|||54|01/01/2023||YEAR_LAST_CONSTRUCTION
28204600000EB|4.5|4.6|1947|||54|01/01/2023||YEAR_LAST_CONSTRUCTION
28204600000EB|4.6|4.7|1947|||54|01/01/2023||YEAR_LAST_CONSTRUCTION
28204600000EB|4.7|4.8|1947|||54|01/01/2023||YEAR_LAST_CONSTRUCTION
28204600000EB|4.8|4.9|1947|||54|01/01/2023||YEAR_LAST_CONSTRUCTION
28204600000EB|4.9|5.0|1947|||54|01/01/2023||YEAR_LAST_CONSTRUCTION
28204600000EB|5.0|5.1|1947|||54|01/01/2023||YEAR_LAST_CONSTRUCTION
28204600000EB|5.1|5.2|1947|||54|01/01/2023||YEAR_LAST_CONSTRUCTION
28204600000EB|5.2|5.3|1947|||54|01/01/2023||YEAR_LAST_CONSTRUCTION
28204600000EB|5.3|5.38|1947|||54|01/01/2023||YEAR_LAST_CONSTRUCTION
28204600000EB|13.48|13.5|1947|||54|01/01/2023||YEAR_LAST_CONSTRUCTION
28204600000EB|13.5|13.6|1947|||54|01/01/2023||YEAR_LAST_CONSTRUCTION
28204600000EB|13.6|13.7|1947|||54|01/01/2023||YEAR_LAST_CONSTRUCTION
28204600000EB|13.7|13.8|1947|||54|01/01/2023||YEAR_LAST_CONSTRUCTION
28204600000EB|13.8|13.9|1947|||54|01/01/2023||YEAR_LAST_CONSTRUCTION
28204600000EB|13.9|14.0|1947|||54|01/01/2023||YEAR_LAST_CONSTRUCTION
28204600000EB|14.0|14.1|1947|||54|01/01/2023||YEAR_LAST_CONSTRUCTION
28204600000EB|14.1|14.2|1947|||54|01/01/2023||YEAR_LAST_CONSTRUCTION
28204600000EB|14.2|14.3|1947|||54|01/01/2023||YEAR_LAST_CONSTRUCTION
28204600000EB|14.3|14.4|1947|||54|01/01/2023||YEAR_LAST_CONSTRUCTION
28204600000EB|14.4|14.5|1947|||54|01/01/2023||YEAR_LAST_CONSTRUCTION
28204600000EB|14.5|14.6|1947|||54|01/01/2023||YEAR_LAST_CONSTRUCTION
28204600000EB|14.6|14.7|1947|||54|01/01/2023||YEAR_LAST_CONSTRUCTION
28204600000EB|14.7|14.72|1947|||54|01/01/2023||YEAR_LAST_CONSTRUCTION
28204600000EB|14.72|14.8|1947|||54|01/01/2023||YEAR_LAST_CONSTRUCTION
28204600000EB|14.8|14.9|1947|||54|01/01/2023||YEAR_LAST_CONSTRUCTION
28204600000EB|14.9|15.0|1947|||54|01/01/2023||YEAR_LAST_CONSTRUCTION
28204600000EB|15.0|15.1|1947|||54|01/01/2023||YEAR_LAST_CONSTRUCTION
28204600000EB|15.1|15.15|1947|||54|01/01/2023||YEAR_LAST_CONSTRUCTION
2830020000000|4.23|5.2|1939|||54|01/01/2023||YEAR_LAST_CONSTRUCTION
2830020000000|10.32|11.4|1939|||54|01/01/2023||YEAR_LAST_CONSTRUCTION
2830020000000|12.05|12.78|1939|||54|01/01/2023||YEAR_LAST_CONSTRUCTION
2830104000000|1.65|1.93|1967|||54|01/01/2023||YEAR_LAST_CONSTRUCTION
2830104000000|1.93|1.95|1967|||54|01/01/2023||YEAR_LAST_CONSTRUCTION
2830104000000|1.95|2.65|1967|||54|01/01/2023||YEAR_LAST_CONSTRUCTION
2830598000000|0.0|0.1|1980|||54|01/01/2023||YEAR_LAST_CONSTRUCTION
2830598000000|0.1|0.2|1980|||54|01/01/2023||YEAR_LAST_CONSTRUCTION
2830598000000|0.2|0.3|1980|||54|01/01/2023||YEAR_LAST_CONSTRUCTION
2830598000000|0.3|0.4|1980|||54|01/01/2023||YEAR_LAST_CONSTRUCTION
2830598000000|0.4|0.5|1980|||54|01/01/2023||YEAR_LAST_CONSTRUCTION
2830598000000|0.5|0.6|1980|||54|01/01/2023||YEAR_LAST_CONSTRUCTION
2830598000000|0.6|0.7|1980|||54|01/01/2023||YEAR_LAST_CONSTRUCTION
2830598000000|0.7|0.8|1980|||54|01/01/2023||YEAR_LAST_CONSTRUCTION
2830598000000|0.8|0.9|1980|||54|01/01/2023||YEAR_LAST_CONSTRUCTION
2830598000000|0.9|1.0|1980|||54|01/01/2023||YEAR_LAST_CONSTRUCTION
2830598000000|1.0|1.1|1980|||54|01/01/2023||YEAR_LAST_CONSTRUCTION
2830598000000|1.1|1.2|1980|||54|01/01/2023||YEAR_LAST_CONSTRUCTION
2830598000000|1.2|1.3|1980|||54|01/01/2023||YEAR_LAST_CONSTRUCTION
2830598000000|1.3|1.4|1980|||54|01/01/2023||YEAR_LAST_CONSTRUCTION
2830598000000|1.4|1.5|1980|||54|01/01/2023||YEAR_LAST_CONSTRUCTION
2830598000000|1.5|1.6|1980|||54|01/01/2023||YEAR_LAST_CONSTRUCTION
2830598000000|1.6|1.7|1980|||54|01/01/2023||YEAR_LAST_CONSTRUCTION
2830598000000|1.7|1.8|1980|||54|01/01/2023||YEAR_LAST_CONSTRUCTION
2830598000000|1.8|1.9|1980|||54|01/01/2023||YEAR_LAST_CONSTRUCTION
2830598000000|1.9|2.0|1980|||54|01/01/2023||YEAR_LAST_CONSTRUCTION
2830598000000|2.0|2.1|1980|||54|01/01/2023||YEAR_LAST_CONSTRUCTION
2830598000000|2.1|2.13|1980|||54|01/01/2023||YEAR_LAST_CONSTRUCTION
2830598000000|2.4|2.5|1980|||54|01/01/2023||YEAR_LAST_CONSTRUCTION
2830598000000|2.5|2.59|1980|||54|01/01/2023||YEAR_LAST_CONSTRUCTION
2830598000000|2.59|2.6|1980|||54|01/01/2023||YEAR_LAST_CONSTRUCTION
2830598000000|2.6|2.7|1980|||54|01/01/2023||YEAR_LAST_CONSTRUCTION
2830598000000|2.7|2.8|1980|||54|01/01/2023||YEAR_LAST_CONSTRUCTION
2830598000000|2.8|2.9|1980|||54|01/01/2023||YEAR_LAST_CONSTRUCTION
2830598000000|2.9|2.98|1980|||54|01/01/2023||YEAR_LAST_CONSTRUCTION
2840007050000|0.0|0.324|1933|||54|01/01/2023||YEAR_LAST_CONSTRUCTION
2840007050000|0.343|1.11|1933|||54|01/01/2023||YEAR_LAST_CONSTRUCTION
2840007050000|1.11|1.83|1969|||54|01/01/2023||YEAR_LAST_CONSTRUCTION
2840007050000|1.836|2.1|1969|||54|01/01/2023||YEAR_LAST_CONSTRUCTION
2840011000000|0.08|0.58|1933|||54|01/01/2023||YEAR_LAST_CONSTRUCTION
2840014000000|0.0|0.63|1933|||54|01/01/2023||YEAR_LAST_CONSTRUCTION
2840016000000|1.7|2.5|1930|||54|01/01/2023||YEAR_LAST_CONSTRUCTION
2840016000000|2.5|2.614|1933|||54|01/01/2023||YEAR_LAST_CONSTRUCTION
2840016010000|0.59|0.74|1933|||54|01/01/2023||YEAR_LAST_CONSTRUCTION
2840016100000|0.0|0.66|1981|||54|01/01/2023||YEAR_LAST_CONSTRUCTION
2840019290000|2.54|3.32|1975|||54|01/01/2023||YEAR_LAST_CONSTRUCTION
2840021010000|0.0|0.89|1933|||54|01/01/2023||YEAR_LAST_CONSTRUCTION
2840024000000|0.0|0.3|1933|||54|01/01/2023||YEAR_LAST_CONSTRUCTION
2840024000000|0.3|2.789|1933|||54|01/01/2023||YEAR_LAST_CONSTRUCTION
2840025000000|0.0|0.57|1933|||54|01/01/2023||YEAR_LAST_CONSTRUCTION
2840025000000|0.57|1.53|1933|||54|01/01/2023||YEAR_LAST_CONSTRUCTION
2840027000000|0.0|1.57|1933|||54|01/01/2023||YEAR_LAST_CONSTRUCTION
2840027000000|2.12|2.59|1933|||54|01/01/2023||YEAR_LAST_CONSTRUCTION
2840052200000|0.001|0.82|1964|||54|01/01/2023||YEAR_LAST_CONSTRUCTION
41100640000EB|120.0|120.1|1979|||54|01/01/2023||YEAR_LAST_CONSTRUCTION
41100640000EB|120.69|120.7|1979|||54|01/01/2023||YEAR_LAST_CONSTRUCTION
41100640000EB|120.7|120.8|1979|||54|01/01/2023||YEAR_LAST_CONSTRUCTION
41100640000EB|120.8|120.9|1979|||54|01/01/2023||YEAR_LAST_CONSTRUCTION
41100640000EB|120.9|121.0|1979|||54|01/01/2023||YEAR_LAST_CONSTRUCTION
41100640000EB|121.0|121.1|1979|||54|01/01/2023||YEAR_LAST_CONSTRUCTION
41100640000EB|121.1|121.2|1979|||54|01/01/2023||YEAR_LAST_CONSTRUCTION
41100640000EB|121.2|121.3|1979|||54|01/01/2023||YEAR_LAST_CONSTRUCTION
41100640000EB|121.3|121.4|1979|||54|01/01/2023||YEAR_LAST_CONSTRUCTION
41100640000EB|121.4|121.5|1979|||54|01/01/2023||YEAR_LAST_CONSTRUCTION
41100640000EB|121.5|121.6|1979|||54|01/01/2023||YEAR_LAST_CONSTRUCTION
41100640000EB|121.6|121.7|1979|||54|01/01/2023||YEAR_LAST_CONSTRUCTION
41100640000EB|121.7|121.8|1979|||54|01/01/2023||YEAR_LAST_CONSTRUCTION
41100640000EB|121.8|121.9|1979|||54|01/01/2023||YEAR_LAST_CONSTRUCTION
41100640000EB|121.9|122.0|1979|||54|01/01/2023||YEAR_LAST_CONSTRUCTION
41100640000EB|122.0|122.1|1979|||54|01/01/2023||YEAR_LAST_CONSTRUCTION
41100640000EB|122.1|122.2|1979|||54|01/01/2023||YEAR_LAST_CONSTRUCTION
41100640000EB|122.2|122.3|1979|||54|01/01/2023||YEAR_LAST_CONSTRUCTION
41100640000EB|122.3|122.4|1979|||54|01/01/2023||YEAR_LAST_CONSTRUCTION
41100640000EB|122.4|122.5|1979|||54|01/01/2023||YEAR_LAST_CONSTRUCTION
41100640000EB|122.5|122.6|1979|||54|01/01/2023||YEAR_LAST_CONSTRUCTION
41100640000EB|122.6|122.62|1979|||54|01/01/2023||YEAR_LAST_CONSTRUCTION
41100640000EB|122.71|122.8|1979|||54|01/01/2023||YEAR_LAST_CONSTRUCTION
41100640000EB|122.8|122.9|1979|||54|01/01/2023||YEAR_LAST_CONSTRUCTION
41100640000EB|122.9|123.0|1979|||54|01/01/2023||YEAR_LAST_CONSTRUCTION
41100640000EB|123.0|123.1|1979|||54|01/01/2023||YEAR_LAST_CONSTRUCTION
41100640000EB|123.1|123.18|1979|||54|01/01/2023||YEAR_LAST_CONSTRUCTION
41100640000EB|123.63|123.7|1979|||54|01/01/2023||YEAR_LAST_CONSTRUCTION
41100640000EB|123.7|123.8|1979|||54|01/01/2023||YEAR_LAST_CONSTRUCTION
41100640000EB|123.8|123.9|1979|||54|01/01/2023||YEAR_LAST_CONSTRUCTION
41100640000EB|123.9|124.0|1979|||54|01/01/2023||YEAR_LAST_CONSTRUCTION
41100640000EB|124.0|124.1|1979|||54|01/01/2023||YEAR_LAST_CONSTRUCTION
41100640000EB|124.1|124.2|1979|||54|01/01/2023||YEAR_LAST_CONSTRUCTION
41100640000EB|124.2|124.3|1979|||54|01/01/2023||YEAR_LAST_CONSTRUCTION
41100640000EB|124.3|124.4|1979|||54|01/01/2023||YEAR_LAST_CONSTRUCTION
41100640000EB|124.4|124.47|1979|||54|01/01/2023||YEAR_LAST_CONSTRUCTION
41100640000EB|126.65|126.7|1979|||54|01/01/2023||YEAR_LAST_CONSTRUCTION
41100640000EB|126.7|126.8|1979|||54|01/01/2023||YEAR_LAST_CONSTRUCTION
41100640000EB|126.8|126.9|1979|||54|01/01/2023||YEAR_LAST_CONSTRUCTION
41100640000EB|126.9|127.0|1979|||54|01/01/2023||YEAR_LAST_CONSTRUCTION
41100640000EB|127.0|127.1|1979|||54|01/01/2023||YEAR_LAST_CONSTRUCTION
41100640000EB|127.1|127.2|1979|||54|01/01/2023||YEAR_LAST_CONSTRUCTION
41100640000EB|127.2|127.3|1979|||54|01/01/2023||YEAR_LAST_CONSTRUCTION
41100640000EB|127.3|127.4|1979|||54|01/01/2023||YEAR_LAST_CONSTRUCTION
41100640000EB|127.4|127.5|1979|||54|01/01/2023||YEAR_LAST_CONSTRUCTION
41100640000EB|127.5|127.58|1979|||54|01/01/2023||YEAR_LAST_CONSTRUCTION
41100640000EB|128.91|129.0|1979|||54|01/01/2023||YEAR_LAST_CONSTRUCTION
41100640000EB|129.0|129.1|1979|||54|01/01/2023||YEAR_LAST_CONSTRUCTION
41100640000EB|129.1|129.2|1979|||54|01/01/2023||YEAR_LAST_CONSTRUCTION
41100640000EB|129.2|129.3|1979|||54|01/01/2023||YEAR_LAST_CONSTRUCTION
41100640000EB|129.3|129.4|1979|||54|01/01/2023||YEAR_LAST_CONSTRUCTION
41100640000EB|129.4|129.49|1979|||54|01/01/2023||YEAR_LAST_CONSTRUCTION
41100640000EB|129.49|129.5|1979|||54|01/01/2023||YEAR_LAST_CONSTRUCTION
41100640000EB|129.5|129.6|1979|||54|01/01/2023||YEAR_LAST_CONSTRUCTION
41100640000EB|129.6|129.7|1979|||54|01/01/2023||YEAR_LAST_CONSTRUCTION
41100640000EB|129.7|129.8|1979|||54|01/01/2023||YEAR_LAST_CONSTRUCTION
41100640000EB|129.8|129.9|1979|||54|01/01/2023||YEAR_LAST_CONSTRUCTION
41100640000EB|129.9|130.0|1979|||54|01/01/2023||YEAR_LAST_CONSTRUCTION
41100640000EB|130.0|130.1|1979|||54|01/01/2023||YEAR_LAST_CONSTRUCTION
41100640000EB|130.1|130.2|1979|||54|01/01/2023||YEAR_LAST_CONSTRUCTION
41100640000EB|130.2|130.3|1979|||54|01/01/2023||YEAR_LAST_CONSTRUCTION
41100640000EB|130.3|130.4|1979|||54|01/01/2023||YEAR_LAST_CONSTRUCTION
41100640000EB|130.4|130.5|1979|||54|01/01/2023||YEAR_LAST_CONSTRUCTION
41100640000EB|130.5|130.6|1979|||54|01/01/2023||YEAR_LAST_CONSTRUCTION
41100640000EB|130.6|130.7|1979|||54|01/01/2023||YEAR_LAST_CONSTRUCTION
41100640000EB|130.7|130.8|1979|||54|01/01/2023||YEAR_LAST_CONSTRUCTION
41100640000EB|130.8|130.9|1979|||54|01/01/2023||YEAR_LAST_CONSTRUCTION
41100640000EB|130.9|131.0|1979|||54|01/01/2023||YEAR_LAST_CONSTRUCTION
41100640000EB|131.0|131.1|1979|||54|01/01/2023||YEAR_LAST_CONSTRUCTION
41100640000EB|131.1|131.2|1979|||54|01/01/2023||YEAR_LAST_CONSTRUCTION
41100640000EB|131.2|131.3|1979|||54|01/01/2023||YEAR_LAST_CONSTRUCTION
41100640000EB|131.3|131.4|1979|||54|01/01/2023||YEAR_LAST_CONSTRUCTION
41100640000EB|131.4|131.5|1979|||54|01/01/2023||YEAR_LAST_CONSTRUCTION
41100640000EB|131.5|131.6|1979|||54|01/01/2023||YEAR_LAST_CONSTRUCTION
41100640000EB|131.6|131.7|1979|||54|01/01/2023||YEAR_LAST_CONSTRUCTION
41100640000EB|131.7|131.8|1979|||54|01/01/2023||YEAR_LAST_CONSTRUCTION
41100640000EB|131.8|131.9|1979|||54|01/01/2023||YEAR_LAST_CONSTRUCTION
41100640000EB|131.9|132.0|1979|||54|01/01/2023||YEAR_LAST_CONSTRUCTION
41100640000EB|132.0|132.1|1979|||54|01/01/2023||YEAR_LAST_CONSTRUCTION
41100640000EB|132.1|132.2|1979|||54|01/01/2023||YEAR_LAST_CONSTRUCTION
41100640000EB|132.2|132.3|1979|||54|01/01/2023||YEAR_LAST_CONSTRUCTION
41100640000EB|132.3|132.4|1979|||54|01/01/2023||YEAR_LAST_CONSTRUCTION
41100640000EB|132.4|132.5|1979|||54|01/01/2023||YEAR_LAST_CONSTRUCTION
41100640000EB|132.5|132.53|1979|||54|01/01/2023||YEAR_LAST_CONSTRUCTION
41100640000EB|132.84|132.9|1979|||54|01/01/2023||YEAR_LAST_CONSTRUCTION
41100640000EB|132.9|133.0|1979|||54|01/01/2023||YEAR_LAST_CONSTRUCTION
41100640000EB|133.0|133.1|1979|||54|01/01/2023||YEAR_LAST_CONSTRUCTION
41100640000EB|133.1|133.2|1979|||54|01/01/2023||YEAR_LAST_CONSTRUCTION
41100640000EB|133.2|133.3|1979|||54|01/01/2023||YEAR_LAST_CONSTRUCTION
41100640000EB|133.3|133.4|1979|||54|01/01/2023||YEAR_LAST_CONSTRUCTION
41100640000EB|133.4|133.5|1979|||54|01/01/2023||YEAR_LAST_CONSTRUCTION
41100640000EB|133.5|133.6|1979|||54|01/01/2023||YEAR_LAST_CONSTRUCTION
41100640000EB|133.6|133.7|1979|||54|01/01/2023||YEAR_LAST_CONSTRUCTION
41100640000EB|133.7|133.8|1979|||54|01/01/2023||YEAR_LAST_CONSTRUCTION
41100640000EB|133.8|133.9|1979|||54|01/01/2023||YEAR_LAST_CONSTRUCTION
41100640000EB|133.9|134.0|1979|||54|01/01/2023||YEAR_LAST_CONSTRUCTION
41100640000EB|134.0|134.1|1979|||54|01/01/2023||YEAR_LAST_CONSTRUCTION
41100640000EB|134.1|134.2|1979|||54|01/01/2023||YEAR_LAST_CONSTRUCTION
41100640000EB|134.2|134.3|1979|||54|01/01/2023||YEAR_LAST_CONSTRUCTION
41100640000EB|134.3|134.4|1979|||54|01/01/2023||YEAR_LAST_CONSTRUCTION
41100640000EB|134.4|134.5|1979|||54|01/01/2023||YEAR_LAST_CONSTRUCTION
41100640000EB|134.5|134.6|1979|||54|01/01/2023||YEAR_LAST_CONSTRUCTION
41100640000EB|134.6|134.7|1979|||54|01/01/2023||YEAR_LAST_CONSTRUCTION
41100640000EB|134.7|134.8|1979|||54|01/01/2023||YEAR_LAST_CONSTRUCTION
41100640000EB|134.8|134.9|1979|||54|01/01/2023||YEAR_LAST_CONSTRUCTION
41100640000EB|134.9|135.0|1979|||54|01/01/2023||YEAR_LAST_CONSTRUCTION
41100640000EB|135.0|135.1|1979|||54|01/01/2023||YEAR_LAST_CONSTRUCTION
41100640000EB|135.1|135.2|1979|||54|01/01/2023||YEAR_LAST_CONSTRUCTION
41100640000EB|135.2|135.3|1979|||54|01/01/2023||YEAR_LAST_CONSTRUCTION
41100640000EB|135.3|135.4|1979|||54|01/01/2023||YEAR_LAST_CONSTRUCTION
41100640000EB|135.4|135.5|1979|||54|01/01/2023||YEAR_LAST_CONSTRUCTION
41100640000EB|135.5|135.6|1979|||54|01/01/2023||YEAR_LAST_CONSTRUCTION
41100640000EB|135.6|135.7|1979|||54|01/01/2023||YEAR_LAST_CONSTRUCTION
41100640000EB|135.7|135.8|1979|||54|01/01/2023||YEAR_LAST_CONSTRUCTION
41100640000EB|135.8|135.9|1979|||54|01/01/2023||YEAR_LAST_CONSTRUCTION
41100640000EB|135.9|136.0|1979|||54|01/01/2023||YEAR_LAST_CONSTRUCTION
41100640000EB|136.0|136.1|1979|||54|01/01/2023||YEAR_LAST_CONSTRUCTION
41100640000EB|136.1|136.2|1979|||54|01/01/2023||YEAR_LAST_CONSTRUCTION
41100640000EB|136.2|136.3|1979|||54|01/01/2023||YEAR_LAST_CONSTRUCTION
41100640000EB|136.3|136.4|1979|||54|01/01/2023||YEAR_LAST_CONSTRUCTION
41100640000EB|136.4|136.5|1979|||54|01/01/2023||YEAR_LAST_CONSTRUCTION
41100640000EB|136.5|136.6|1979|||54|01/01/2023||YEAR_LAST_CONSTRUCTION
41100640000EB|136.6|136.7|1979|||54|01/01/2023||YEAR_LAST_CONSTRUCTION
41100640000EB|136.7|136.8|1979|||54|01/01/2023||YEAR_LAST_CONSTRUCTION
41100640000EB|136.8|136.9|1979|||54|01/01/2023||YEAR_LAST_CONSTRUCTION
41100640000EB|136.9|137.0|1979|||54|01/01/2023||YEAR_LAST_CONSTRUCTION
41100640000EB|137.0|137.1|1979|||54|01/01/2023||YEAR_LAST_CONSTRUCTION
41100640000EB|137.1|137.2|1979|||54|01/01/2023||YEAR_LAST_CONSTRUCTION
41100640000EB|137.2|137.3|1979|||54|01/01/2023||YEAR_LAST_CONSTRUCTION
41100640000EB|137.3|137.4|1979|||54|01/01/2023||YEAR_LAST_CONSTRUCTION
41100640000EB|137.4|137.48|1979|||54|01/01/2023||YEAR_LAST_CONSTRUCTION
41100640000EB|137.48|137.5|1979|||54|01/01/2023||YEAR_LAST_CONSTRUCTION
41100640000EB|137.5|137.6|1979|||54|01/01/2023||YEAR_LAST_CONSTRUCTION
41100640000EB|137.6|137.7|1979|||54|01/01/2023||YEAR_LAST_CONSTRUCTION
41100640000EB|137.7|137.8|1979|||54|01/01/2023||YEAR_LAST_CONSTRUCTION
41100640000EB|137.8|137.9|1979|||54|01/01/2023||YEAR_LAST_CONSTRUCTION
41100640000EB|137.9|138.0|1979|||54|01/01/2023||YEAR_LAST_CONSTRUCTION
41100640000EB|138.0|138.01|1979|||54|01/01/2023||YEAR_LAST_CONSTRUCTION
41200190000NB|0.0|0.1|1922|||54|01/01/2023||YEAR_LAST_CONSTRUCTION
41200190000NB|0.1|0.2|1922|||54|01/01/2023||YEAR_LAST_CONSTRUCTION
41200190000NB|0.2|0.3|1922|||54|01/01/2023||YEAR_LAST_CONSTRUCTION
41200190000NB|0.3|0.4|1922|||54|01/01/2023||YEAR_LAST_CONSTRUCTION
41200190000NB|0.4|0.5|1922|||54|01/01/2023||YEAR_LAST_CONSTRUCTION
41200190000NB|0.5|0.6|1922|||54|01/01/2023||YEAR_LAST_CONSTRUCTION
41200190000NB|0.6|0.7|1922|||54|01/01/2023||YEAR_LAST_CONSTRUCTION
41200190000NB|0.7|0.8|1922|||54|01/01/2023||YEAR_LAST_CONSTRUCTION
41200190000NB|0.8|0.9|1922|||54|01/01/2023||YEAR_LAST_CONSTRUCTION
41200190000NB|0.9|1.0|1922|||54|01/01/2023||YEAR_LAST_CONSTRUCTION
41200190000NB|1.0|1.1|1922|||54|01/01/2023||YEAR_LAST_CONSTRUCTION
41200190000NB|1.1|1.2|1922|||54|01/01/2023||YEAR_LAST_CONSTRUCTION
41200190000NB|1.2|1.3|1922|||54|01/01/2023||YEAR_LAST_CONSTRUCTION
41200190000NB|1.3|1.4|1922|||54|01/01/2023||YEAR_LAST_CONSTRUCTION
41200190000NB|1.4|1.5|1922|||54|01/01/2023||YEAR_LAST_CONSTRUCTION
41200190000NB|1.5|1.6|1922|||54|01/01/2023||YEAR_LAST_CONSTRUCTION
41200190000NB|1.6|1.7|1922|||54|01/01/2023||YEAR_LAST_CONSTRUCTION
41200190000NB|1.7|1.8|1922|||54|01/01/2023||YEAR_LAST_CONSTRUCTION
41200190000NB|1.8|1.9|1922|||54|01/01/2023||YEAR_LAST_CONSTRUCTION
41200190000NB|1.9|2.0|1922|||54|01/01/2023||YEAR_LAST_CONSTRUCTION
41200190000NB|2.0|2.1|1922|||54|01/01/2023||YEAR_LAST_CONSTRUCTION
41200190000NB|2.1|2.17|1922|||54|01/01/2023||YEAR_LAST_CONSTRUCTION
41200190000NB|2.17|2.2|1922|||54|01/01/2023||YEAR_LAST_CONSTRUCTION
41200190000NB|2.2|2.3|1922|||54|01/01/2023||YEAR_LAST_CONSTRUCTION
41200190000NB|2.3|2.4|1922|||54|01/01/2023||YEAR_LAST_CONSTRUCTION
41200190000NB|2.4|2.5|1922|||54|01/01/2023||YEAR_LAST_CONSTRUCTION
41200190000NB|2.5|2.6|1922|||54|01/01/2023||YEAR_LAST_CONSTRUCTION
41200190000NB|2.6|2.7|1922|||54|01/01/2023||YEAR_LAST_CONSTRUCTION
41200190000NB|2.7|2.8|1922|||54|01/01/2023||YEAR_LAST_CONSTRUCTION
41200190000NB|2.8|2.9|1922|||54|01/01/2023||YEAR_LAST_CONSTRUCTION
41200190000NB|2.9|3.0|1922|||54|01/01/2023||YEAR_LAST_CONSTRUCTION
41200190000NB|3.0|3.1|1922|||54|01/01/2023||YEAR_LAST_CONSTRUCTION
41200190000NB|3.1|3.2|1922|||54|01/01/2023||YEAR_LAST_CONSTRUCTION
41200190000NB|3.2|3.3|1922|||54|01/01/2023||YEAR_LAST_CONSTRUCTION
41200190000NB|3.3|3.4|1922|||54|01/01/2023||YEAR_LAST_CONSTRUCTION
41200190000NB|3.4|3.5|1922|||54|01/01/2023||YEAR_LAST_CONSTRUCTION
41200190000NB|3.5|3.6|1922|||54|01/01/2023||YEAR_LAST_CONSTRUCTION
41200190000NB|3.6|3.7|1922|||54|01/01/2023||YEAR_LAST_CONSTRUCTION
41200190000NB|3.7|3.8|1922|||54|01/01/2023||YEAR_LAST_CONSTRUCTION
41200190000NB|3.8|3.9|1922|||54|01/01/2023||YEAR_LAST_CONSTRUCTION
41200190000NB|3.9|4.0|1922|||54|01/01/2023||YEAR_LAST_CONSTRUCTION
41200190000NB|4.0|4.1|1922|||54|01/01/2023||YEAR_LAST_CONSTRUCTION
41200190000NB|4.1|4.2|1922|||54|01/01/2023||YEAR_LAST_CONSTRUCTION
41200190000NB|4.2|4.3|1922|||54|01/01/2023||YEAR_LAST_CONSTRUCTION
41200190000NB|4.3|4.4|1922|||54|01/01/2023||YEAR_LAST_CONSTRUCTION
41200190000NB|4.4|4.5|1922|||54|01/01/2023||YEAR_LAST_CONSTRUCTION
41200190000NB|4.5|4.6|1922|||54|01/01/2023||YEAR_LAST_CONSTRUCTION
41200190000NB|4.6|4.7|1922|||54|01/01/2023||YEAR_LAST_CONSTRUCTION
41200190000NB|4.7|4.8|1922|||54|01/01/2023||YEAR_LAST_CONSTRUCTION
41200190000NB|4.8|4.9|1922|||54|01/01/2023||YEAR_LAST_CONSTRUCTION
41200190000NB|4.9|5.0|1922|||54|01/01/2023||YEAR_LAST_CONSTRUCTION
41200190000NB|5.0|5.1|1922|||54|01/01/2023||YEAR_LAST_CONSTRUCTION
41200190000NB|5.1|5.2|1922|||54|01/01/2023||YEAR_LAST_CONSTRUCTION
41200190000NB|5.2|5.3|1922|||54|01/01/2023||YEAR_LAST_CONSTRUCTION
41200190000NB|5.3|5.4|1922|||54|01/01/2023||YEAR_LAST_CONSTRUCTION
41200190000NB|5.4|5.5|1922|||54|01/01/2023||YEAR_LAST_CONSTRUCTION
41200190000NB|5.5|5.6|1922|||54|01/01/2023||YEAR_LAST_CONSTRUCTION
41200190000NB|5.6|5.7|1922|||54|01/01/2023||YEAR_LAST_CONSTRUCTION
41200190000NB|5.7|5.8|1922|||54|01/01/2023||YEAR_LAST_CONSTRUCTION
41200190000NB|5.8|5.9|1922|||54|01/01/2023||YEAR_LAST_CONSTRUCTION
41200190000NB|5.9|6.0|1922|||54|01/01/2023||YEAR_LAST_CONSTRUCTION
41200190000NB|6.0|6.1|1922|||54|01/01/2023||YEAR_LAST_CONSTRUCTION
41200190000NB|6.1|6.2|1922|||54|01/01/2023||YEAR_LAST_CONSTRUCTION
41200190000NB|6.2|6.3|1922|||54|01/01/2023||YEAR_LAST_CONSTRUCTION
41200190000NB|6.3|6.4|1922|||54|01/01/2023||YEAR_LAST_CONSTRUCTION
41200190000NB|6.4|6.47|1922|||54|01/01/2023||YEAR_LAST_CONSTRUCTION
41200190000NB|16.669|16.7|1922|||54|01/01/2023||YEAR_LAST_CONSTRUCTION
41200190000NB|16.7|16.8|1922|||54|01/01/2023||YEAR_LAST_CONSTRUCTION
41200190000NB|16.8|16.9|1922|||54|01/01/2023||YEAR_LAST_CONSTRUCTION
41200190000NB|16.9|16.925|1922|||54|01/01/2023||YEAR_LAST_CONSTRUCTION
41200190000NB|17.18|17.2|1922|||54|01/01/2023||YEAR_LAST_CONSTRUCTION
41200190000NB|17.2|17.3|1922|||54|01/01/2023||YEAR_LAST_CONSTRUCTION
41200190000NB|17.3|17.4|1922|||54|01/01/2023||YEAR_LAST_CONSTRUCTION
41200190000NB|17.4|17.5|1922|||54|01/01/2023||YEAR_LAST_CONSTRUCTION
41200190000NB|17.5|17.6|1922|||54|01/01/2023||YEAR_LAST_CONSTRUCTION
41200190000NB|17.6|17.7|1922|||54|01/01/2023||YEAR_LAST_CONSTRUCTION
41200190000NB|17.7|17.8|1922|||54|01/01/2023||YEAR_LAST_CONSTRUCTION
41200190000NB|17.8|17.9|1922|||54|01/01/2023||YEAR_LAST_CONSTRUCTION
41200190000NB|17.9|17.95|1922|||54|01/01/2023||YEAR_LAST_CONSTRUCTION
41200190000NB|18.31|18.4|1922|||54|01/01/2023||YEAR_LAST_CONSTRUCTION
41200190000NB|18.4|18.41|1922|||54|01/01/2023||YEAR_LAST_CONSTRUCTION
41200190000NB|18.41|18.5|1922|||54|01/01/2023||YEAR_LAST_CONSTRUCTION
41200190000NB|18.5|18.6|1922|||54|01/01/2023||YEAR_LAST_CONSTRUCTION
41200190000NB|18.6|18.64|1922|||54|01/01/2023||YEAR_LAST_CONSTRUCTION
41200190000NB|18.64|18.7|1922|||54|01/01/2023||YEAR_LAST_CONSTRUCTION
41200190000NB|18.7|18.8|1922|||54|01/01/2023||YEAR_LAST_CONSTRUCTION
41200190000NB|18.8|18.9|1922|||54|01/01/2023||YEAR_LAST_CONSTRUCTION
41200190000NB|18.9|19.0|1922|||54|01/01/2023||YEAR_LAST_CONSTRUCTION
41200190000NB|19.0|19.1|1922|||54|01/01/2023||YEAR_LAST_CONSTRUCTION
41200190000NB|19.1|19.2|1922|||54|01/01/2023||YEAR_LAST_CONSTRUCTION
41200190000NB|19.2|19.3|1922|||54|01/01/2023||YEAR_LAST_CONSTRUCTION
41200190000NB|19.3|19.33|1922|||54|01/01/2023||YEAR_LAST_CONSTRUCTION
41200190000NB|19.8|19.9|1922|||54|01/01/2023||YEAR_LAST_CONSTRUCTION
41200190000NB|19.9|20.0|1922|||54|01/01/2023||YEAR_LAST_CONSTRUCTION
41200190000NB|20.0|20.1|1922|||54|01/01/2023||YEAR_LAST_CONSTRUCTION
41200190000NB|20.1|20.2|1922|||54|01/01/2023||YEAR_LAST_CONSTRUCTION
41200190000NB|20.2|20.3|1922|||54|01/01/2023||YEAR_LAST_CONSTRUCTION
41200190000NB|20.3|20.4|1922|||54|01/01/2023||YEAR_LAST_CONSTRUCTION
41200190000NB|20.4|20.5|1922|||54|01/01/2023||YEAR_LAST_CONSTRUCTION
41200190000NB|20.5|20.6|1922|||54|01/01/2023||YEAR_LAST_CONSTRUCTION
41200190000NB|20.6|20.7|1922|||54|01/01/2023||YEAR_LAST_CONSTRUCTION
41200190000NB|20.7|20.8|1922|||54|01/01/2023||YEAR_LAST_CONSTRUCTION
41200190000NB|20.8|20.9|1922|||54|01/01/2023||YEAR_LAST_CONSTRUCTION
41200190000NB|20.9|21.0|1922|||54|01/01/2023||YEAR_LAST_CONSTRUCTION
41200190000NB|21.0|21.1|1922|||54|01/01/2023||YEAR_LAST_CONSTRUCTION
41200190000NB|21.1|21.2|1922|||54|01/01/2023||YEAR_LAST_CONSTRUCTION
41200190000NB|21.2|21.3|1922|||54|01/01/2023||YEAR_LAST_CONSTRUCTION
41200190000NB|21.3|21.4|1922|||54|01/01/2023||YEAR_LAST_CONSTRUCTION
41200190000NB|21.4|21.5|1922|||54|01/01/2023||YEAR_LAST_CONSTRUCTION
41200190000NB|21.5|21.6|1922|||54|01/01/2023||YEAR_LAST_CONSTRUCTION
41200190000NB|21.6|21.61|1922|||54|01/01/2023||YEAR_LAST_CONSTRUCTION
41200190000NB|23.31|23.4|1922|||54|01/01/2023||YEAR_LAST_CONSTRUCTION
41200190000NB|23.4|23.5|1922|||54|01/01/2023||YEAR_LAST_CONSTRUCTION
41200190000NB|23.5|23.6|1922|||54|01/01/2023||YEAR_LAST_CONSTRUCTION
41200190000NB|23.6|23.7|1922|||54|01/01/2023||YEAR_LAST_CONSTRUCTION
41200190000NB|23.7|23.8|1922|||54|01/01/2023||YEAR_LAST_CONSTRUCTION
41200190000NB|23.8|23.9|1922|||54|01/01/2023||YEAR_LAST_CONSTRUCTION
41200190000NB|23.9|24.0|1922|||54|01/01/2023||YEAR_LAST_CONSTRUCTION
41200190000NB|24.0|24.09|1922|||54|01/01/2023||YEAR_LAST_CONSTRUCTION
41200190014NB|0.0|0.1|1922|||54|01/01/2023||YEAR_LAST_CONSTRUCTION
41200190014NB|0.1|0.2|1922|||54|01/01/2023||YEAR_LAST_CONSTRUCTION
41200190014NB|0.2|0.3|1922|||54|01/01/2023||YEAR_LAST_CONSTRUCTION
41200190014NB|0.3|0.4|1922|||54|01/01/2023||YEAR_LAST_CONSTRUCTION
41200190014NB|0.4|0.5|1922|||54|01/01/2023||YEAR_LAST_CONSTRUCTION
41200190014NB|0.5|0.6|1922|||54|01/01/2023||YEAR_LAST_CONSTRUCTION
41200190014NB|0.6|0.7|1922|||54|01/01/2023||YEAR_LAST_CONSTRUCTION
41200190014NB|0.7|0.8|1922|||54|01/01/2023||YEAR_LAST_CONSTRUCTION
41200190014NB|0.8|0.9|1922|||54|01/01/2023||YEAR_LAST_CONSTRUCTION
41200190014NB|0.9|1.0|1922|||54|01/01/2023||YEAR_LAST_CONSTRUCTION
41200190014NB|1.0|1.1|1922|||54|01/01/2023||YEAR_LAST_CONSTRUCTION
41200190014NB|1.1|1.2|1922|||54|01/01/2023||YEAR_LAST_CONSTRUCTION
41200190014NB|1.2|1.3|1922|||54|01/01/2023||YEAR_LAST_CONSTRUCTION
41200190014NB|1.3|1.4|1922|||54|01/01/2023||YEAR_LAST_CONSTRUCTION
41200190014NB|1.4|1.5|1922|||54|01/01/2023||YEAR_LAST_CONSTRUCTION
41200190014NB|1.5|1.6|1922|||54|01/01/2023||YEAR_LAST_CONSTRUCTION
41200190014NB|1.6|1.7|1922|||54|01/01/2023||YEAR_LAST_CONSTRUCTION
41200190014NB|1.7|1.8|1922|||54|01/01/2023||YEAR_LAST_CONSTRUCTION
41200190014NB|1.8|1.9|1922|||54|01/01/2023||YEAR_LAST_CONSTRUCTION
41200190014NB|1.9|2.0|1922|||54|01/01/2023||YEAR_LAST_CONSTRUCTION
41200190014NB|2.0|2.1|1922|||54|01/01/2023||YEAR_LAST_CONSTRUCTION
41200190014NB|2.1|2.2|1922|||54|01/01/2023||YEAR_LAST_CONSTRUCTION
41200190014NB|2.2|2.3|1922|||54|01/01/2023||YEAR_LAST_CONSTRUCTION
41200190014NB|2.3|2.4|1922|||54|01/01/2023||YEAR_LAST_CONSTRUCTION
41200190014NB|2.4|2.5|1922|||54|01/01/2023||YEAR_LAST_CONSTRUCTION
41200190014NB|2.5|2.6|1922|||54|01/01/2023||YEAR_LAST_CONSTRUCTION
41200190014NB|2.6|2.7|1922|||54|01/01/2023||YEAR_LAST_CONSTRUCTION
41200190023EB|0.0|0.033|1922|||54|01/01/2023||YEAR_LAST_CONSTRUCTION
41200190023EB|0.033|0.034|1922|||54|01/01/2023||YEAR_LAST_CONSTRUCTION
41200190023EB|0.034|0.1|1922|||54|01/01/2023||YEAR_LAST_CONSTRUCTION
41200190023EB|0.1|0.2|1922|||54|01/01/2023||YEAR_LAST_CONSTRUCTION
41200190023EB|0.2|0.3|1922|||54|01/01/2023||YEAR_LAST_CONSTRUCTION
41200190023EB|0.3|0.4|1922|||54|01/01/2023||YEAR_LAST_CONSTRUCTION
41200190023EB|0.4|0.5|1922|||54|01/01/2023||YEAR_LAST_CONSTRUCTION
41200190023EB|0.5|0.6|1922|||54|01/01/2023||YEAR_LAST_CONSTRUCTION
41200190023EB|0.6|0.7|1922|||54|01/01/2023||YEAR_LAST_CONSTRUCTION
41200190023EB|0.7|0.8|1922|||54|01/01/2023||YEAR_LAST_CONSTRUCTION
41200190023EB|0.8|0.9|1922|||54|01/01/2023||YEAR_LAST_CONSTRUCTION
41200190023EB|0.9|1.0|1922|||54|01/01/2023||YEAR_LAST_CONSTRUCTION
41200190023EB|1.0|1.1|1922|||54|01/01/2023||YEAR_LAST_CONSTRUCTION
41200190023EB|1.1|1.2|1922|||54|01/01/2023||YEAR_LAST_CONSTRUCTION
41200190023EB|1.2|1.3|1922|||54|01/01/2023||YEAR_LAST_CONSTRUCTION
41200190023EB|1.3|1.36|1922|||54|01/01/2023||YEAR_LAST_CONSTRUCTION
4130003000000|35.98|36.0|1966|||54|01/01/2023||YEAR_LAST_CONSTRUCTION
4130003000000|36.0|36.1|1966|||54|01/01/2023||YEAR_LAST_CONSTRUCTION
4130003000000|36.1|36.18|1966|||54|01/01/2023||YEAR_LAST_CONSTRUCTION
4130003000000|36.23|36.49|1966|||54|01/01/2023||YEAR_LAST_CONSTRUCTION
4130003000000|37.1|37.73|1966|||54|01/01/2023||YEAR_LAST_CONSTRUCTION
4130016000000|8.47|9.485|1947|||54|01/01/2023||YEAR_LAST_CONSTRUCTION
4130016000000|9.485|9.8|1947|||54|01/01/2023||YEAR_LAST_CONSTRUCTION
4130016000000|12.0|12.009|1947|||54|01/01/2023||YEAR_LAST_CONSTRUCTION
4130016000000|12.009|12.1|1947|||54|01/01/2023||YEAR_LAST_CONSTRUCTION
4130016000000|12.1|12.2|1947|||54|01/01/2023||YEAR_LAST_CONSTRUCTION
4130016000000|12.2|12.3|1947|||54|01/01/2023||YEAR_LAST_CONSTRUCTION
4130016000000|12.3|12.4|1947|||54|01/01/2023||YEAR_LAST_CONSTRUCTION
4130016000000|12.4|12.5|1947|||54|01/01/2023||YEAR_LAST_CONSTRUCTION
4130016000000|12.5|12.6|1947|||54|01/01/2023||YEAR_LAST_CONSTRUCTION
4130016000000|12.6|12.7|1947|||54|01/01/2023||YEAR_LAST_CONSTRUCTION
4130016000000|12.7|12.8|1947|||54|01/01/2023||YEAR_LAST_CONSTRUCTION
4130016000000|12.8|12.9|1947|||54|01/01/2023||YEAR_LAST_CONSTRUCTION
4130016000000|12.9|13.0|1947|||54|01/01/2023||YEAR_LAST_CONSTRUCTION
4130016000000|13.0|13.1|1947|||54|01/01/2023||YEAR_LAST_CONSTRUCTION
4130016000000|13.1|13.2|1947|||54|01/01/2023||YEAR_LAST_CONSTRUCTION
4130016000000|13.2|13.3|1947|||54|01/01/2023||YEAR_LAST_CONSTRUCTION
4130016000000|13.3|13.4|1947|||54|01/01/2023||YEAR_LAST_CONSTRUCTION
4130016000000|13.4|13.5|1947|||54|01/01/2023||YEAR_LAST_CONSTRUCTION
4130016000000|13.5|13.6|1947|||54|01/01/2023||YEAR_LAST_CONSTRUCTION
4130016000000|13.6|13.7|1947|||54|01/01/2023||YEAR_LAST_CONSTRUCTION
4130016000000|13.7|13.8|1947|||54|01/01/2023||YEAR_LAST_CONSTRUCTION
4130016000000|13.8|13.9|1947|||54|01/01/2023||YEAR_LAST_CONSTRUCTION
4130016000000|13.9|14.0|1947|||54|01/01/2023||YEAR_LAST_CONSTRUCTION
4130016000000|14.0|14.1|1947|||54|01/01/2023||YEAR_LAST_CONSTRUCTION
4130016000000|14.1|14.12|1947|||54|01/01/2023||YEAR_LAST_CONSTRUCTION
4130016000000|14.42|14.5|1947|||54|01/01/2023||YEAR_LAST_CONSTRUCTION
4130016000000|14.5|14.6|1947|||54|01/01/2023||YEAR_LAST_CONSTRUCTION
4130016000000|14.6|14.7|1947|||54|01/01/2023||YEAR_LAST_CONSTRUCTION
4130016000000|14.7|14.72|1947|||54|01/01/2023||YEAR_LAST_CONSTRUCTION
4130016000000|14.72|14.8|1947|||54|01/01/2023||YEAR_LAST_CONSTRUCTION
4130016000000|14.8|14.9|1947|||54|01/01/2023||YEAR_LAST_CONSTRUCTION
4130016000000|14.9|15.0|1947|||54|01/01/2023||YEAR_LAST_CONSTRUCTION
4130016000000|15.0|15.08|1947|||54|01/01/2023||YEAR_LAST_CONSTRUCTION
4130016000000|15.08|15.1|1947|||54|01/01/2023||YEAR_LAST_CONSTRUCTION
4130016000000|15.1|15.2|1947|||54|01/01/2023||YEAR_LAST_CONSTRUCTION
4130016000000|15.2|15.3|1947|||54|01/01/2023||YEAR_LAST_CONSTRUCTION
4130016000000|15.3|15.4|1947|||54|01/01/2023||YEAR_LAST_CONSTRUCTION
4130016000000|15.65|15.7|1947|||54|01/01/2023||YEAR_LAST_CONSTRUCTION
4130016000000|15.7|15.8|1947|||54|01/01/2023||YEAR_LAST_CONSTRUCTION
4130016000000|15.8|15.81|1947|||54|01/01/2023||YEAR_LAST_CONSTRUCTION
4130016000000|18.53|18.82|1947|||54|01/01/2023||YEAR_LAST_CONSTRUCTION
4130016000000|18.82|18.96|1947|||54|01/01/2023||YEAR_LAST_CONSTRUCTION
4130016000000|18.96|19.79|1947|||54|01/01/2023||YEAR_LAST_CONSTRUCTION
4130041000000|0.0|0.71|1933|||54|01/01/2023||YEAR_LAST_CONSTRUCTION
4130041000000|1.85|1.9|1933|||54|01/01/2023||YEAR_LAST_CONSTRUCTION
4130041000000|1.99|2.0|1933|||54|01/01/2023||YEAR_LAST_CONSTRUCTION
4130041000000|2.0|2.1|1933|||54|01/01/2023||YEAR_LAST_CONSTRUCTION
4130041000000|2.1|2.19|1933|||54|01/01/2023||YEAR_LAST_CONSTRUCTION
4130054000000|2.48|2.5|1961|||54|01/01/2023||YEAR_LAST_CONSTRUCTION
4130054000000|2.5|2.6|1961|||54|01/01/2023||YEAR_LAST_CONSTRUCTION
4130054000000|2.6|2.7|1961|||54|01/01/2023||YEAR_LAST_CONSTRUCTION
4130054000000|2.7|2.8|1961|||54|01/01/2023||YEAR_LAST_CONSTRUCTION
4130054000000|2.8|2.9|1961|||54|01/01/2023||YEAR_LAST_CONSTRUCTION
4130054000000|2.9|3.0|1961|||54|01/01/2023||YEAR_LAST_CONSTRUCTION
4130054000000|3.0|3.1|1961|||54|01/01/2023||YEAR_LAST_CONSTRUCTION
4130054000000|3.1|3.2|1961|||54|01/01/2023||YEAR_LAST_CONSTRUCTION
4130054000000|3.2|3.3|1961|||54|01/01/2023||YEAR_LAST_CONSTRUCTION
4130054000000|3.3|3.4|1961|||54|01/01/2023||YEAR_LAST_CONSTRUCTION
4130054000000|3.4|3.5|1961|||54|01/01/2023||YEAR_LAST_CONSTRUCTION
4130054000000|3.5|3.6|1961|||54|01/01/2023||YEAR_LAST_CONSTRUCTION
4130054000000|3.6|3.7|1961|||54|01/01/2023||YEAR_LAST_CONSTRUCTION
4130054000000|3.7|3.8|1961|||54|01/01/2023||YEAR_LAST_CONSTRUCTION
4130054000000|3.8|3.9|1961|||54|01/01/2023||YEAR_LAST_CONSTRUCTION
4130054000000|3.9|4.0|1961|||54|01/01/2023||YEAR_LAST_CONSTRUCTION
4130054000000|4.0|4.1|1961|||54|01/01/2023||YEAR_LAST_CONSTRUCTION
4130054000000|4.1|4.2|1961|||54|01/01/2023||YEAR_LAST_CONSTRUCTION
4130054000000|4.2|4.3|1961|||54|01/01/2023||YEAR_LAST_CONSTRUCTION
4130054000000|4.3|4.4|1961|||54|01/01/2023||YEAR_LAST_CONSTRUCTION
4130054000000|4.4|4.5|1961|||54|01/01/2023||YEAR_LAST_CONSTRUCTION
4130054000000|4.5|4.6|1961|||54|01/01/2023||YEAR_LAST_CONSTRUCTION
4130054000000|4.6|4.7|1961|||54|01/01/2023||YEAR_LAST_CONSTRUCTION
4130054000000|4.7|4.8|1961|||54|01/01/2023||YEAR_LAST_CONSTRUCTION
4130054000000|4.8|4.86|1961|||54|01/01/2023||YEAR_LAST_CONSTRUCTION
4130054000000|4.86|4.9|1961|||54|01/01/2023||YEAR_LAST_CONSTRUCTION
4130054000000|4.9|5.0|1961|||54|01/01/2023||YEAR_LAST_CONSTRUCTION
4130054000000|5.0|5.1|1961|||54|01/01/2023||YEAR_LAST_CONSTRUCTION
4130054000000|5.1|5.2|1961|||54|01/01/2023||YEAR_LAST_CONSTRUCTION
4130054000000|5.2|5.3|1961|||54|01/01/2023||YEAR_LAST_CONSTRUCTION
4130054000000|5.3|5.4|1961|||54|01/01/2023||YEAR_LAST_CONSTRUCTION
4130054000000|5.4|5.5|1961|||54|01/01/2023||YEAR_LAST_CONSTRUCTION
4130054000000|5.5|5.6|1961|||54|01/01/2023||YEAR_LAST_CONSTRUCTION
4130054000000|5.6|5.7|1961|||54|01/01/2023||YEAR_LAST_CONSTRUCTION
4130054000000|5.7|5.72|1961|||54|01/01/2023||YEAR_LAST_CONSTRUCTION
4130054000000|6.35|6.4|1961|||54|01/01/2023||YEAR_LAST_CONSTRUCTION
4130054000000|6.4|6.5|1961|||54|01/01/2023||YEAR_LAST_CONSTRUCTION
4130054000000|6.5|6.54|1961|||54|01/01/2023||YEAR_LAST_CONSTRUCTION
4130054000000|6.54|6.6|1961|||54|01/01/2023||YEAR_LAST_CONSTRUCTION
4130054000000|6.6|6.7|1961|||54|01/01/2023||YEAR_LAST_CONSTRUCTION
4130054000000|6.7|6.8|1961|||54|01/01/2023||YEAR_LAST_CONSTRUCTION
4130054000000|6.8|6.9|1961|||54|01/01/2023||YEAR_LAST_CONSTRUCTION
4130054000000|6.9|7.0|1961|||54|01/01/2023||YEAR_LAST_CONSTRUCTION
4130054000000|7.0|7.1|1961|||54|01/01/2023||YEAR_LAST_CONSTRUCTION
4130054000000|7.1|7.2|1961|||54|01/01/2023||YEAR_LAST_CONSTRUCTION
4130054000000|7.2|7.3|1961|||54|01/01/2023||YEAR_LAST_CONSTRUCTION
4130054000000|7.3|7.4|1961|||54|01/01/2023||YEAR_LAST_CONSTRUCTION
4130054000000|7.4|7.41|1961|||54|01/01/2023||YEAR_LAST_CONSTRUCTION
4130054000000|7.41|7.5|1961|||54|01/01/2023||YEAR_LAST_CONSTRUCTION
4130054000000|7.5|7.6|1961|||54|01/01/2023||YEAR_LAST_CONSTRUCTION
4130054000000|7.6|7.7|1961|||54|01/01/2023||YEAR_LAST_CONSTRUCTION
4130054000000|7.7|7.8|1961|||54|01/01/2023||YEAR_LAST_CONSTRUCTION
4130054000000|7.8|7.9|1961|||54|01/01/2023||YEAR_LAST_CONSTRUCTION
4130054000000|7.9|8.0|1961|||54|01/01/2023||YEAR_LAST_CONSTRUCTION
4130054000000|8.0|8.1|1961|||54|01/01/2023||YEAR_LAST_CONSTRUCTION
4130054000000|8.1|8.2|1961|||54|01/01/2023||YEAR_LAST_CONSTRUCTION
4130054000000|8.2|8.3|1961|||54|01/01/2023||YEAR_LAST_CONSTRUCTION
4130054000000|8.3|8.4|1961|||54|01/01/2023||YEAR_LAST_CONSTRUCTION
4130054000000|8.4|8.5|1961|||54|01/01/2023||YEAR_LAST_CONSTRUCTION
4130054000000|8.5|8.6|1961|||54|01/01/2023||YEAR_LAST_CONSTRUCTION
4130054000000|8.6|8.7|1961|||54|01/01/2023||YEAR_LAST_CONSTRUCTION
4130054000000|8.7|8.8|1961|||54|01/01/2023||YEAR_LAST_CONSTRUCTION
4130054000000|8.8|8.84|1961|||54|01/01/2023||YEAR_LAST_CONSTRUCTION
4130054000000|10.14|10.2|1961|||54|01/01/2023||YEAR_LAST_CONSTRUCTION
4130054000000|10.2|10.3|1961|||54|01/01/2023||YEAR_LAST_CONSTRUCTION
4130054000000|10.3|10.33|1961|||54|01/01/2023||YEAR_LAST_CONSTRUCTION
4130061000000|2.604|3.29|1971|||54|01/01/2023||YEAR_LAST_CONSTRUCTION
4130210000000|1.2|1.89|1966|||54|01/01/2023||YEAR_LAST_CONSTRUCTION
4130210000000|1.89|2.79|1966|||54|01/01/2023||YEAR_LAST_CONSTRUCTION
4130307000000|4.55|5.59|1978|||54|01/01/2023||YEAR_LAST_CONSTRUCTION
4130307000000|7.42|8.45|1978|||54|01/01/2023||YEAR_LAST_CONSTRUCTION
4140001000000|1.95|3.4|1970|||54|01/01/2023||YEAR_LAST_CONSTRUCTION
4140001000000|3.4|4.14|1970|||54|01/01/2023||YEAR_LAST_CONSTRUCTION
4140003180000|2.77|3.51|1954|||54|01/01/2023||YEAR_LAST_CONSTRUCTION
4140004030000|0.0|0.47|1973|||54|01/01/2023||YEAR_LAST_CONSTRUCTION
4140006000000|0.0|0.14|1983|||54|01/01/2023||YEAR_LAST_CONSTRUCTION
4140006000000|0.91|1.13|1983|||54|01/01/2023||YEAR_LAST_CONSTRUCTION
4140006020000|1.57|1.69|1983|||54|01/01/2023||YEAR_LAST_CONSTRUCTION
4140006030000|0.53|1.48|1983|||54|01/01/2023||YEAR_LAST_CONSTRUCTION
4140006090000|0.6|1.37|1983|||54|01/01/2023||YEAR_LAST_CONSTRUCTION
4140008000000|0.0|0.11|1966|||54|01/01/2023||YEAR_LAST_CONSTRUCTION
4140008000000|0.19|0.75|1966|||54|01/01/2023||YEAR_LAST_CONSTRUCTION
4140008010000|1.02|1.6|1966|||54|01/01/2023||YEAR_LAST_CONSTRUCTION
4140008030000|0.0|0.65|1966|||54|01/01/2023||YEAR_LAST_CONSTRUCTION
2071026001900|0.0|0.33|1954|||54|01/01/2023||YEAR_LAST_CONSTRUCTION
45100640000EB|138.01|138.1|1954|||54|01/01/2023||YEAR_LAST_CONSTRUCTION
45100640000EB|138.1|138.2|1969|||54|01/01/2023||YEAR_LAST_CONSTRUCTION
45100640000EB|138.2|138.3|1947|||54|01/01/2023||YEAR_LAST_CONSTRUCTION
45100640000EB|138.3|138.38|1947|||54|01/01/2023||YEAR_LAST_CONSTRUCTION
45100640000EB|138.38|138.4|1947|||54|01/01/2023||YEAR_LAST_CONSTRUCTION
45100640000EB|138.4|138.5|1970|||54|01/01/2023||YEAR_LAST_CONSTRUCTION
4140009000000|5.28|5.54|1954|||54|01/01/2023||YEAR_LAST_CONSTRUCTION
4140009090000|0.0|1.81|1954|||54|01/01/2023||YEAR_LAST_CONSTRUCTION
4140011000000|0.0|1.26|1969|||54|01/01/2023||YEAR_LAST_CONSTRUCTION
4140016100000|0.53|0.9|1947|||54|01/01/2023||YEAR_LAST_CONSTRUCTION
4140016160000|0.0|0.42|1947|||54|01/01/2023||YEAR_LAST_CONSTRUCTION
4140016390000|0.0|0.64|1947|||54|01/01/2023||YEAR_LAST_CONSTRUCTION
4140018000000|2.99|3.0|1970|||54|01/01/2023||YEAR_LAST_CONSTRUCTION
4140018000000|3.0|3.51|1970|||54|01/01/2023||YEAR_LAST_CONSTRUCTION
4140018000000|3.51|4.41|1970|||54|01/01/2023||YEAR_LAST_CONSTRUCTION
4140019030000|0.387|0.5|1922|||54|01/01/2023||YEAR_LAST_CONSTRUCTION
4140019030000|0.5|0.98|1922|||54|01/01/2023||YEAR_LAST_CONSTRUCTION
4140019210000|3.73|5.14|1922|||54|01/01/2023||YEAR_LAST_CONSTRUCTION
4140025000000|3.7|5.9|1941|||54|01/01/2023||YEAR_LAST_CONSTRUCTION
4140030000000|4.27|4.52|2006|||54|01/01/2023||YEAR_LAST_CONSTRUCTION
4140048000000|0.0|1.9|1973|||54|01/01/2023||YEAR_LAST_CONSTRUCTION
55200520000EB|0.0|0.1|1978|||54|01/01/2023||YEAR_LAST_CONSTRUCTION
55200520000EB|0.1|0.2|1978|||54|01/01/2023||YEAR_LAST_CONSTRUCTION
55200520000EB|0.2|0.3|1978|||54|01/01/2023||YEAR_LAST_CONSTRUCTION
55200520000EB|0.3|0.4|1978|||54|01/01/2023||YEAR_LAST_CONSTRUCTION
55200520000EB|0.4|0.5|1978|||54|01/01/2023||YEAR_LAST_CONSTRUCTION
55200520000EB|0.5|0.6|1978|||54|01/01/2023||YEAR_LAST_CONSTRUCTION
55200520000EB|0.6|0.7|1978|||54|01/01/2023||YEAR_LAST_CONSTRUCTION
55200520000EB|0.7|0.8|1978|||54|01/01/2023||YEAR_LAST_CONSTRUCTION
55200520000EB|0.8|0.9|1978|||54|01/01/2023||YEAR_LAST_CONSTRUCTION
55200520000EB|0.9|1.0|1978|||54|01/01/2023||YEAR_LAST_CONSTRUCTION
55200520000EB|1.0|1.1|1978|||54|01/01/2023||YEAR_LAST_CONSTRUCTION
55200520000EB|1.1|1.2|1978|||54|01/01/2023||YEAR_LAST_CONSTRUCTION
55200520000EB|1.2|1.3|1978|||54|01/01/2023||YEAR_LAST_CONSTRUCTION
55200520000EB|1.3|1.4|1978|||54|01/01/2023||YEAR_LAST_CONSTRUCTION
55200520000EB|4.78|4.8|1933|||54|01/01/2023||YEAR_LAST_CONSTRUCTION
55200520000EB|4.8|4.9|1933|||54|01/01/2023||YEAR_LAST_CONSTRUCTION
55200520000EB|4.9|5.0|1933|||54|01/01/2023||YEAR_LAST_CONSTRUCTION
55200520000EB|5.0|5.1|1933|||54|01/01/2023||YEAR_LAST_CONSTRUCTION
55200520000EB|5.1|5.2|1933|||54|01/01/2023||YEAR_LAST_CONSTRUCTION
55200520000EB|5.2|5.3|1933|||54|01/01/2023||YEAR_LAST_CONSTRUCTION
55200520000EB|5.3|5.4|1933|||54|01/01/2023||YEAR_LAST_CONSTRUCTION
55200520000EB|5.4|5.5|1933|||54|01/01/2023||YEAR_LAST_CONSTRUCTION
55200520000EB|5.5|5.6|1933|||54|01/01/2023||YEAR_LAST_CONSTRUCTION
55200520000EB|5.6|5.7|1933|||54|01/01/2023||YEAR_LAST_CONSTRUCTION
55200520000EB|5.7|5.8|1933|||54|01/01/2023||YEAR_LAST_CONSTRUCTION
55200520000EB|5.8|5.9|1933|||54|01/01/2023||YEAR_LAST_CONSTRUCTION
55200520000EB|5.9|6.0|1933|||54|01/01/2023||YEAR_LAST_CONSTRUCTION
55200520000EB|6.0|6.1|1933|||54|01/01/2023||YEAR_LAST_CONSTRUCTION
55200520000EB|6.1|6.2|1933|||54|01/01/2023||YEAR_LAST_CONSTRUCTION
55200520000EB|6.2|6.3|1933|||54|01/01/2023||YEAR_LAST_CONSTRUCTION
55200520000EB|6.3|6.4|1933|||54|01/01/2023||YEAR_LAST_CONSTRUCTION
55200520000EB|6.4|6.5|1933|||54|01/01/2023||YEAR_LAST_CONSTRUCTION
55200520000EB|6.5|6.6|1933|||54|01/01/2023||YEAR_LAST_CONSTRUCTION
55200520000EB|6.6|6.7|1933|||54|01/01/2023||YEAR_LAST_CONSTRUCTION
55200520000EB|6.7|6.8|1933|||54|01/01/2023||YEAR_LAST_CONSTRUCTION
55200520000EB|6.8|6.9|1933|||54|01/01/2023||YEAR_LAST_CONSTRUCTION
55200520000EB|6.9|7.0|1933|||54|01/01/2023||YEAR_LAST_CONSTRUCTION
55200520000EB|7.0|7.1|1933|||54|01/01/2023||YEAR_LAST_CONSTRUCTION
55200520000EB|7.1|7.2|1933|||54|01/01/2023||YEAR_LAST_CONSTRUCTION
55200520000EB|7.2|7.3|1933|||54|01/01/2023||YEAR_LAST_CONSTRUCTION
55200520000EB|7.3|7.4|1933|||54|01/01/2023||YEAR_LAST_CONSTRUCTION
55200520000EB|7.4|7.5|1933|||54|01/01/2023||YEAR_LAST_CONSTRUCTION
55200520000EB|7.5|7.6|1933|||54|01/01/2023||YEAR_LAST_CONSTRUCTION
55200520000EB|7.6|7.65|1933|||54|01/01/2023||YEAR_LAST_CONSTRUCTION
55200520000EB|7.65|7.7|1933|||54|01/01/2023||YEAR_LAST_CONSTRUCTION
55200520000EB|7.7|7.8|1933|||54|01/01/2023||YEAR_LAST_CONSTRUCTION
55200520000EB|7.8|7.9|1933|||54|01/01/2023||YEAR_LAST_CONSTRUCTION
55200520000EB|7.9|8.0|1933|||54|01/01/2023||YEAR_LAST_CONSTRUCTION
55200520000EB|8.0|8.1|1933|||54|01/01/2023||YEAR_LAST_CONSTRUCTION
55200520000EB|8.1|8.2|1933|||54|01/01/2023||YEAR_LAST_CONSTRUCTION
55200520000EB|8.2|8.3|1933|||54|01/01/2023||YEAR_LAST_CONSTRUCTION
55200520000EB|8.3|8.34|1933|||54|01/01/2023||YEAR_LAST_CONSTRUCTION
5530010000000|24.14|24.2|1933|||54|01/01/2023||YEAR_LAST_CONSTRUCTION
5530010000000|24.2|24.3|1933|||54|01/01/2023||YEAR_LAST_CONSTRUCTION
5530010000000|24.3|24.38|1933|||54|01/01/2023||YEAR_LAST_CONSTRUCTION
5530016000000|1.73|1.8|1966|||54|01/01/2023||YEAR_LAST_CONSTRUCTION
5530016000000|1.8|1.9|1966|||54|01/01/2023||YEAR_LAST_CONSTRUCTION
5530016000000|1.9|2.0|1966|||54|01/01/2023||YEAR_LAST_CONSTRUCTION
5530016000000|2.0|2.1|1966|||54|01/01/2023||YEAR_LAST_CONSTRUCTION
5530016000000|2.1|2.2|1966|||54|01/01/2023||YEAR_LAST_CONSTRUCTION
5530016000000|2.2|2.3|1966|||54|01/01/2023||YEAR_LAST_CONSTRUCTION
5530016000000|2.3|2.4|1966|||54|01/01/2023||YEAR_LAST_CONSTRUCTION
5530016000000|2.4|2.5|1966|||54|01/01/2023||YEAR_LAST_CONSTRUCTION
5530016000000|2.5|2.6|1966|||54|01/01/2023||YEAR_LAST_CONSTRUCTION
5530016000000|2.6|2.7|1966|||54|01/01/2023||YEAR_LAST_CONSTRUCTION
5530016000000|2.7|2.8|1966|||54|01/01/2023||YEAR_LAST_CONSTRUCTION
5530016000000|2.8|2.9|1966|||54|01/01/2023||YEAR_LAST_CONSTRUCTION
5530016000000|2.9|3.0|1966|||54|01/01/2023||YEAR_LAST_CONSTRUCTION
5530016000000|3.0|3.1|1966|||54|01/01/2023||YEAR_LAST_CONSTRUCTION
5530016000000|3.1|3.2|1966|||54|01/01/2023||YEAR_LAST_CONSTRUCTION
5530016000000|3.2|3.3|1966|||54|01/01/2023||YEAR_LAST_CONSTRUCTION
5530016000000|3.3|3.33|1966|||54|01/01/2023||YEAR_LAST_CONSTRUCTION
5530016000000|6.42|6.5|1966|||54|01/01/2023||YEAR_LAST_CONSTRUCTION
5530016000000|6.5|6.6|1966|||54|01/01/2023||YEAR_LAST_CONSTRUCTION
5530016000000|6.6|6.7|1966|||54|01/01/2023||YEAR_LAST_CONSTRUCTION
5530016000000|6.7|6.8|1966|||54|01/01/2023||YEAR_LAST_CONSTRUCTION
5530016000000|6.8|6.9|1966|||54|01/01/2023||YEAR_LAST_CONSTRUCTION
5530016000000|6.9|7.0|1966|||54|01/01/2023||YEAR_LAST_CONSTRUCTION
5530016000000|7.0|7.1|1966|||54|01/01/2023||YEAR_LAST_CONSTRUCTION
5530016000000|7.1|7.2|1966|||54|01/01/2023||YEAR_LAST_CONSTRUCTION
5530016000000|7.2|7.3|1966|||54|01/01/2023||YEAR_LAST_CONSTRUCTION
5530016000000|7.3|7.4|1966|||54|01/01/2023||YEAR_LAST_CONSTRUCTION
5530016000000|7.4|7.5|1966|||54|01/01/2023||YEAR_LAST_CONSTRUCTION
5530016000000|7.5|7.6|1966|||54|01/01/2023||YEAR_LAST_CONSTRUCTION
5530016000000|7.6|7.7|1966|||54|01/01/2023||YEAR_LAST_CONSTRUCTION
5530016000000|7.7|7.8|1966|||54|01/01/2023||YEAR_LAST_CONSTRUCTION
5530016000000|7.8|7.9|1966|||54|01/01/2023||YEAR_LAST_CONSTRUCTION
5530016000000|7.9|8.0|1966|||54|01/01/2023||YEAR_LAST_CONSTRUCTION
5530016000000|8.0|8.1|1966|||54|01/01/2023||YEAR_LAST_CONSTRUCTION
5530016000000|8.1|8.2|1966|||54|01/01/2023||YEAR_LAST_CONSTRUCTION
5530016000000|8.2|8.3|1966|||54|01/01/2023||YEAR_LAST_CONSTRUCTION
5530016000000|8.3|8.4|1966|||54|01/01/2023||YEAR_LAST_CONSTRUCTION
5530016000000|8.4|8.5|1966|||54|01/01/2023||YEAR_LAST_CONSTRUCTION
5530016000000|8.5|8.6|1966|||54|01/01/2023||YEAR_LAST_CONSTRUCTION
5530016000000|8.6|8.7|1966|||54|01/01/2023||YEAR_LAST_CONSTRUCTION
5530016000000|8.7|8.8|1966|||54|01/01/2023||YEAR_LAST_CONSTRUCTION
5530016000000|8.8|8.9|1966|||54|01/01/2023||YEAR_LAST_CONSTRUCTION
5530016000000|8.9|8.95|1966|||54|01/01/2023||YEAR_LAST_CONSTRUCTION
5530016000000|10.99|11.0|1966|||54|01/01/2023||YEAR_LAST_CONSTRUCTION
5530016000000|11.0|11.1|1966|||54|01/01/2023||YEAR_LAST_CONSTRUCTION
5530016000000|11.1|11.2|1966|||54|01/01/2023||YEAR_LAST_CONSTRUCTION
5530016000000|11.2|11.3|1966|||54|01/01/2023||YEAR_LAST_CONSTRUCTION
5530016000000|11.3|11.4|1966|||54|01/01/2023||YEAR_LAST_CONSTRUCTION
5530097000000|21.56|22.26|1978|||54|01/01/2023||YEAR_LAST_CONSTRUCTION
5530097000000|22.83|22.9|1978|||54|01/01/2023||YEAR_LAST_CONSTRUCTION
5530097000000|22.9|23.0|1978|||54|01/01/2023||YEAR_LAST_CONSTRUCTION
5530097000000|23.0|23.1|1978|||54|01/01/2023||YEAR_LAST_CONSTRUCTION
5530097000000|23.1|23.2|1978|||54|01/01/2023||YEAR_LAST_CONSTRUCTION
5530097000000|28.09|28.1|1978|||54|01/01/2023||YEAR_LAST_CONSTRUCTION
5530097000000|28.1|28.2|1978|||54|01/01/2023||YEAR_LAST_CONSTRUCTION
5530097000000|28.2|28.3|1978|||54|01/01/2023||YEAR_LAST_CONSTRUCTION
5530097000000|28.3|28.4|1978|||54|01/01/2023||YEAR_LAST_CONSTRUCTION
5530097000000|28.4|28.5|1978|||54|01/01/2023||YEAR_LAST_CONSTRUCTION
5530097000000|28.5|28.6|1978|||54|01/01/2023||YEAR_LAST_CONSTRUCTION
5530097000000|28.6|28.7|1978|||54|01/01/2023||YEAR_LAST_CONSTRUCTION
5530097000000|28.7|28.8|1978|||54|01/01/2023||YEAR_LAST_CONSTRUCTION
5530097000000|28.8|28.9|1978|||54|01/01/2023||YEAR_LAST_CONSTRUCTION
5530097000000|28.9|29.0|1978|||54|01/01/2023||YEAR_LAST_CONSTRUCTION
5530097000000|29.0|29.1|1978|||54|01/01/2023||YEAR_LAST_CONSTRUCTION
5530097000000|29.1|29.2|1978|||54|01/01/2023||YEAR_LAST_CONSTRUCTION
5530097000000|29.2|29.3|1978|||54|01/01/2023||YEAR_LAST_CONSTRUCTION
5530097000000|29.3|29.4|1978|||54|01/01/2023||YEAR_LAST_CONSTRUCTION
5530097000000|29.4|29.5|1978|||54|01/01/2023||YEAR_LAST_CONSTRUCTION
5530097000000|29.5|29.6|1978|||54|01/01/2023||YEAR_LAST_CONSTRUCTION
5530097000000|29.6|29.7|1978|||54|01/01/2023||YEAR_LAST_CONSTRUCTION
5530097000000|29.7|29.8|1978|||54|01/01/2023||YEAR_LAST_CONSTRUCTION
5530097000000|29.8|29.9|1978|||54|01/01/2023||YEAR_LAST_CONSTRUCTION
5530097000000|29.9|30.0|1978|||54|01/01/2023||YEAR_LAST_CONSTRUCTION
5530097000000|30.0|30.1|1978|||54|01/01/2023||YEAR_LAST_CONSTRUCTION
5530097000000|30.1|30.2|1978|||54|01/01/2023||YEAR_LAST_CONSTRUCTION
5530097000000|30.2|30.3|1978|||54|01/01/2023||YEAR_LAST_CONSTRUCTION
5530097000000|30.3|30.4|1978|||54|01/01/2023||YEAR_LAST_CONSTRUCTION
5530097000000|30.4|30.5|1978|||54|01/01/2023||YEAR_LAST_CONSTRUCTION
5530097000000|30.5|30.6|1978|||54|01/01/2023||YEAR_LAST_CONSTRUCTION
5530097000000|30.6|30.7|1978|||54|01/01/2023||YEAR_LAST_CONSTRUCTION
5530097000000|30.7|30.8|1978|||54|01/01/2023||YEAR_LAST_CONSTRUCTION
5530097000000|30.8|30.9|1978|||54|01/01/2023||YEAR_LAST_CONSTRUCTION
5530097000000|30.9|31.0|1978|||54|01/01/2023||YEAR_LAST_CONSTRUCTION
5530097000000|31.0|31.1|1978|||54|01/01/2023||YEAR_LAST_CONSTRUCTION
5530097000000|31.1|31.2|1978|||54|01/01/2023||YEAR_LAST_CONSTRUCTION
5530097000000|31.2|31.3|1978|||54|01/01/2023||YEAR_LAST_CONSTRUCTION
5530097000000|31.3|31.4|1978|||54|01/01/2023||YEAR_LAST_CONSTRUCTION
5530097000000|31.4|31.5|1978|||54|01/01/2023||YEAR_LAST_CONSTRUCTION
5530097000000|31.5|31.6|1978|||54|01/01/2023||YEAR_LAST_CONSTRUCTION
5530097000000|31.6|31.7|1978|||54|01/01/2023||YEAR_LAST_CONSTRUCTION
5530097000000|31.7|31.8|1978|||54|01/01/2023||YEAR_LAST_CONSTRUCTION
5530097000000|31.8|31.9|1978|||54|01/01/2023||YEAR_LAST_CONSTRUCTION
5530097000000|31.9|32.0|1978|||54|01/01/2023||YEAR_LAST_CONSTRUCTION
5530097000000|32.0|32.1|1978|||54|01/01/2023||YEAR_LAST_CONSTRUCTION
5530097000000|32.1|32.2|1978|||54|01/01/2023||YEAR_LAST_CONSTRUCTION
5530097000000|32.2|32.3|1978|||54|01/01/2023||YEAR_LAST_CONSTRUCTION
5530097000000|32.3|32.4|1978|||54|01/01/2023||YEAR_LAST_CONSTRUCTION
5530097000000|32.4|32.5|1978|||54|01/01/2023||YEAR_LAST_CONSTRUCTION
5530097000000|32.5|32.512|1978|||54|01/01/2023||YEAR_LAST_CONSTRUCTION
5530097000000|32.512|32.6|1978|||54|01/01/2023||YEAR_LAST_CONSTRUCTION
5530097000000|32.6|32.7|1978|||54|01/01/2023||YEAR_LAST_CONSTRUCTION
5530097000000|32.7|32.8|1978|||54|01/01/2023||YEAR_LAST_CONSTRUCTION
5530097000000|32.8|32.88|1978|||54|01/01/2023||YEAR_LAST_CONSTRUCTION
17200500000EB|1.53|3.37|1969|same as 2020||54|01/01/2023||YEAR_LAST_CONSTRUCTION
17200500000EB|3.42|3.8|1969|same as 2020||54|01/01/2023||YEAR_LAST_CONSTRUCTION
17200500000EB|6.11|7.18|1969|same as 2020||54|01/01/2023||YEAR_LAST_CONSTRUCTION
1740011000000|4.24|4.7|1980|same as 2020||54|01/01/2023||YEAR_LAST_CONSTRUCTION
1740011000000|4.7|5.24|1980|same as 2020||54|01/01/2023||YEAR_LAST_CONSTRUCTION
1740012000000|0.14|0.9|1980|same as 2020||54|01/01/2023||YEAR_LAST_CONSTRUCTION
1740024000000|4.78|5.67|1986|same as 2020||54|01/01/2023||YEAR_LAST_CONSTRUCTION
1740024020000|0.0|0.75|1979|same as 2020||54|01/01/2023||YEAR_LAST_CONSTRUCTION
1740024020000|0.75|0.87|1979|same as 2020||54|01/01/2023||YEAR_LAST_CONSTRUCTION
1740024020000|0.87|1.09|1988|same as 2020||54|01/01/2023||YEAR_LAST_CONSTRUCTION
1740024020000|1.09|1.86|1980|same as 2020||54|01/01/2023||YEAR_LAST_CONSTRUCTION
1740024020000|1.86|2.95|1983|same as 2020||54|01/01/2023||YEAR_LAST_CONSTRUCTION
1740024270000|0.0|0.41|1991|same as 2020||54|01/01/2023||YEAR_LAST_CONSTRUCTION
1740031000000|0.5|1.45|1971|same as 2020||54|01/01/2023||YEAR_LAST_CONSTRUCTION
1740050160000|0.12|0.54|1992|same as 2020||54|01/01/2023||YEAR_LAST_CONSTRUCTION
2540031010000|1.72|2.03|1972|same as 2020||54|01/01/2023||YEAR_LAST_CONSTRUCTION
2540054000000|0.0|0.183|1973|same as 2020||54|01/01/2023||YEAR_LAST_CONSTRUCTION
2540060000000|2.11|2.61|1988|same as 2020||54|01/01/2023||YEAR_LAST_CONSTRUCTION
2540072000000|1.02|1.79|1977|same as 2020||54|01/01/2023||YEAR_LAST_CONSTRUCTION
2540072000000|2.07|2.67|1978|same as 2020||54|01/01/2023||YEAR_LAST_CONSTRUCTION
2540072020000|0.0|0.5|1972|same as 2020||54|01/01/2023||YEAR_LAST_CONSTRUCTION
2540072020000|0.5|0.72|1972|same as 2020||54|01/01/2023||YEAR_LAST_CONSTRUCTION
2540072020000|0.72|1.17|1972|same as 2020||54|01/01/2023||YEAR_LAST_CONSTRUCTION
2540072020000|1.17|1.71|1972|same as 2020||54|01/01/2023||YEAR_LAST_CONSTRUCTION
2540072020000|1.76|1.93|1972|same as 2020||54|01/01/2023||YEAR_LAST_CONSTRUCTION
2540073000000|2.45|3.55|1991|same as 2020||54|01/01/2023||YEAR_LAST_CONSTRUCTION
2540073730000|2.11|2.33|1989|same as 2020||54|01/01/2023||YEAR_LAST_CONSTRUCTION
2540073730000|2.673|3.34|1982|same as 2020||54|01/01/2023||YEAR_LAST_CONSTRUCTION
2540250320000|2.05|2.49|1987|same as 2020||54|01/01/2023||YEAR_LAST_CONSTRUCTION
31100790000NB|157.0|160.5|2019|same as 2020||54|01/01/2023||YEAR_LAST_CONSTRUCTION
31100790000NB|160.5|160.52|2019|same as 2020||54|01/01/2023||YEAR_LAST_CONSTRUCTION
31200190000NB|8.29|8.806|1986|same as 2020||54|01/01/2023||YEAR_LAST_CONSTRUCTION
31200190000NB|8.99|9.16|1986|same as 2020||54|01/01/2023||YEAR_LAST_CONSTRUCTION
31200190000NB|9.54|9.94|1986|same as 2020||54|01/01/2023||YEAR_LAST_CONSTRUCTION
31200190000NB|10.59|11.08|1970|same as 2020||54|01/01/2023||YEAR_LAST_CONSTRUCTION
31200190000NB|11.51|12.33|1978|same as 2020||54|01/01/2023||YEAR_LAST_CONSTRUCTION
31200190000NB|13.74|14.19|1978|same as 2020||54|01/01/2023||YEAR_LAST_CONSTRUCTION
31200190000NB|14.25|14.3|1972|same as 2020||54|01/01/2023||YEAR_LAST_CONSTRUCTION
31200190000NB|14.3|14.35|1972|same as 2020||54|01/01/2023||YEAR_LAST_CONSTRUCTION
31200190000NB|14.44|14.5|1972|same as 2020||54|01/01/2023||YEAR_LAST_CONSTRUCTION
31200190000NB|14.5|14.8|1972|same as 2020||54|01/01/2023||YEAR_LAST_CONSTRUCTION
31200190000NB|14.8|14.98|1972|same as 2020||54|01/01/2023||YEAR_LAST_CONSTRUCTION
31200190000NB|15.62|16.49|1972|same as 2020||54|01/01/2023||YEAR_LAST_CONSTRUCTION
31200190000NB|16.49|17.021|1972|same as 2020||54|01/01/2023||YEAR_LAST_CONSTRUCTION
31201190000NB|7.81|9.82|1978|same as 2020||54|01/01/2023||YEAR_LAST_CONSTRUCTION
31201190000NB|11.9|12.06|1978|same as 2020||54|01/01/2023||YEAR_LAST_CONSTRUCTION
31201190000NB|13.78|13.8|1978|same as 2020||54|01/01/2023||YEAR_LAST_CONSTRUCTION
31201190000NB|13.8|13.99|1978|same as 2020||54|01/01/2023||YEAR_LAST_CONSTRUCTION
31201190000NB|13.99|14.1|1978|same as 2020||54|01/01/2023||YEAR_LAST_CONSTRUCTION
31201190000NB|14.1|14.22|1978|same as 2020||54|01/01/2023||YEAR_LAST_CONSTRUCTION
31201190000NB|14.42|14.62|1978|same as 2020||54|01/01/2023||YEAR_LAST_CONSTRUCTION
31201190000NB|14.85|15.15|1978|same as 2020||54|01/01/2023||YEAR_LAST_CONSTRUCTION
31201190000NB|15.72|16.0|1978|same as 2020||54|01/01/2023||YEAR_LAST_CONSTRUCTION
31201190000NB|16.82|17.35|1978|same as 2020||54|01/01/2023||YEAR_LAST_CONSTRUCTION
31201190000NB|17.44|18.2|1987|same as 2020||54|01/01/2023||YEAR_LAST_CONSTRUCTION
31201190000NB|18.2|19.66|1987|same as 2020||54|01/01/2023||YEAR_LAST_CONSTRUCTION
31201190000NB|19.66|20.0|1987|same as 2020||54|01/01/2023||YEAR_LAST_CONSTRUCTION
31201190000NB|20.0|20.47|1987|same as 2020||54|01/01/2023||YEAR_LAST_CONSTRUCTION
3130007000000|0.0|3.42|1962|same as 2020||54|01/01/2023||YEAR_LAST_CONSTRUCTION
3130007000000|4.42|4.54|1970|same as 2020||54|01/01/2023||YEAR_LAST_CONSTRUCTION
3130007000000|13.21|13.45|1980|same as 2020||54|01/01/2023||YEAR_LAST_CONSTRUCTION
3130007000000|22.54|24.0|1982|same as 2020||54|01/01/2023||YEAR_LAST_CONSTRUCTION
3130007000000|25.15|25.85|1982|same as 2020||54|01/01/2023||YEAR_LAST_CONSTRUCTION
3130007000000|25.85|26.01|1982|same as 2020||54|01/01/2023||YEAR_LAST_CONSTRUCTION
3130007000000|26.01|27.03|1982|same as 2020||54|01/01/2023||YEAR_LAST_CONSTRUCTION
3130007000000|27.03|27.265|1982|same as 2020||54|01/01/2023||YEAR_LAST_CONSTRUCTION
3130007000000|33.83|34.1|1982|same as 2020||54|01/01/2023||YEAR_LAST_CONSTRUCTION
3130007000000|34.71|35.76|1982|same as 2020||54|01/01/2023||YEAR_LAST_CONSTRUCTION
3130007000000|35.76|36.13|1982|same as 2020||54|01/01/2023||YEAR_LAST_CONSTRUCTION
3130007000000|36.13|36.55|1982|same as 2020||54|01/01/2023||YEAR_LAST_CONSTRUCTION
3130007000000|36.55|38.29|1982|same as 2020||54|01/01/2023||YEAR_LAST_CONSTRUCTION
3130007000000|38.29|38.65|1982|same as 2020||54|01/01/2023||YEAR_LAST_CONSTRUCTION
3130100000000|0.0|0.97|1987|same as 2020||54|01/01/2023||YEAR_LAST_CONSTRUCTION
3130100000000|0.97|1.34|1987|same as 2020||54|01/01/2023||YEAR_LAST_CONSTRUCTION
3130100000000|1.34|1.64|1987|same as 2020||54|01/01/2023||YEAR_LAST_CONSTRUCTION
3130100000000|2.54|2.9|1988|same as 2020||54|01/01/2023||YEAR_LAST_CONSTRUCTION
3130100000000|2.9|3.08|1987|same as 2020||54|01/01/2023||YEAR_LAST_CONSTRUCTION
3140007210000|0.0|1.11|1905|same as 2020||54|01/01/2023||YEAR_LAST_CONSTRUCTION
3140057000000|1.21|1.33|1970|same as 2020||54|01/01/2023||YEAR_LAST_CONSTRUCTION
3140059020000|0.0|0.44|1971|same as 2020||54|01/01/2023||YEAR_LAST_CONSTRUCTION
3140061010000|0.0|0.37|1967|same as 2020||54|01/01/2023||YEAR_LAST_CONSTRUCTION
3140061010000|0.41|0.52|1967|same as 2020||54|01/01/2023||YEAR_LAST_CONSTRUCTION
3140064000000|0.0|0.38|1977|same as 2020||54|01/01/2023||YEAR_LAST_CONSTRUCTION
3140064030000|0.0|0.29|1988|same as 2020||54|01/01/2023||YEAR_LAST_CONSTRUCTION
3140065000000|0.0|0.263|1972|same as 2020||54|01/01/2023||YEAR_LAST_CONSTRUCTION
3140068070000|0.25|0.75|1990|same as 2020||54|01/01/2023||YEAR_LAST_CONSTRUCTION
3140068070000|0.75|1.32|1990|same as 2020||54|01/01/2023||YEAR_LAST_CONSTRUCTION
3140068070000|1.61|2.15|1990|same as 2020||54|01/01/2023||YEAR_LAST_CONSTRUCTION
3140070000000|0.0|0.38|1990|same as 2020||54|01/01/2023||YEAR_LAST_CONSTRUCTION
3140070000000|0.387|1.47|1990|same as 2020||54|01/01/2023||YEAR_LAST_CONSTRUCTION
3140072000000|3.772|3.78|1967|same as 2020||54|01/01/2023||YEAR_LAST_CONSTRUCTION
3140073730000|0.0|0.58|1974|same as 2020||54|01/01/2023||YEAR_LAST_CONSTRUCTION
3140081000000|7.25|8.03|1978|same as 2020||54|01/01/2023||YEAR_LAST_CONSTRUCTION
3140082000000|0.0|1.88|1968|same as 2020||54|01/01/2023||YEAR_LAST_CONSTRUCTION
3140857000000|0.5|1.41|1983|same as 2020||54|01/01/2023||YEAR_LAST_CONSTRUCTION
39100680000EB|14.66|18.1|1972|same as 2020||54|01/01/2023||YEAR_LAST_CONSTRUCTION
39100680000EB|18.1|18.12|1972|same as 2020||54|01/01/2023||YEAR_LAST_CONSTRUCTION
39100680000EB|18.12|18.2|1972|same as 2020||54|01/01/2023||YEAR_LAST_CONSTRUCTION
39100680000EB|18.2|23.34|1972|same as 2020||54|01/01/2023||YEAR_LAST_CONSTRUCTION
39100680000EB|26.75|28.64|1972|same as 2020||54|01/01/2023||YEAR_LAST_CONSTRUCTION
39100680000EB|28.64|29.23|1972|same as 2020||54|01/01/2023||YEAR_LAST_CONSTRUCTION
39100680000EB|29.23|31.24|1972|same as 2020||54|01/01/2023||YEAR_LAST_CONSTRUCTION
39100680000EB|31.24|31.42|1972|same as 2020||54|01/01/2023||YEAR_LAST_CONSTRUCTION
39100680000EB|31.42|32.06|1972|same as 2020||54|01/01/2023||YEAR_LAST_CONSTRUCTION
39202190000NB|0.0|0.8|1963|same as 2020||54|01/01/2023||YEAR_LAST_CONSTRUCTION
39202190000NB|0.8|3.01|1963|same as 2020||54|01/01/2023||YEAR_LAST_CONSTRUCTION
39202190000NB|3.01|3.31|1963|same as 2020||54|01/01/2023||YEAR_LAST_CONSTRUCTION
39202190000NB|3.31|4.76|1963|same as 2020||54|01/01/2023||YEAR_LAST_CONSTRUCTION
3930072000000|18.42|20.44|1968|same as 2020||54|01/01/2023||YEAR_LAST_CONSTRUCTION
3940003000000|4.6|7.27|1952|same as 2020||54|01/01/2023||YEAR_LAST_CONSTRUCTION
0330085000000|10.67|13.13|2020|same as 2020||54|01/01/2023||YEAR_LAST_CONSTRUCTION
2030622000000|1.96|2.13|2019|New 2021||54|01/01/2023||YEAR_LAST_CONSTRUCTION
20100790000NB|0.0|0.8|2017|same as 2020||54|01/01/2023||YEAR_LAST_CONSTRUCTION
20100790000NB|0.9|1.95|2017|same as 2020||54|01/01/2023||YEAR_LAST_CONSTRUCTION
20100790000NB|1.95|2.24|2017|same as 2020||54|01/01/2023||YEAR_LAST_CONSTRUCTION
20100790000NB|2.24|3.51|2017|same as 2020||54|01/01/2023||YEAR_LAST_CONSTRUCTION
20100790000NB|3.51|4.51|2011|same as 2020||54|01/01/2023||YEAR_LAST_CONSTRUCTION
20100790000NB|4.51|5.42|2011|same as 2020||54|01/01/2023||YEAR_LAST_CONSTRUCTION
20100790000NB|5.42|5.56|2017|same as 2020||54|01/01/2023||YEAR_LAST_CONSTRUCTION
20100790000NB|5.56|6.12|2017|same as 2020||54|01/01/2023||YEAR_LAST_CONSTRUCTION
20100790000NB|6.82|7.19|2017|same as 2020||54|01/01/2023||YEAR_LAST_CONSTRUCTION
20100790000NB|7.19|7.38|2017|same as 2020||54|01/01/2023||YEAR_LAST_CONSTRUCTION
20100790000NB|9.97|10.64|2017|same as 2020||54|01/01/2023||YEAR_LAST_CONSTRUCTION
20100790000NB|10.64|15.6|2014|same as 2020||54|01/01/2023||YEAR_LAST_CONSTRUCTION
20100790000NB|16.04|16.1|2012|same as 2020||54|01/01/2023||YEAR_LAST_CONSTRUCTION
20100790000NB|16.2|19.22|2014|same as 2020||54|01/01/2023||YEAR_LAST_CONSTRUCTION
20100790000NB|19.22|20.6|2014|same as 2020||54|01/01/2023||YEAR_LAST_CONSTRUCTION
20100790000NB|20.62|20.7|2014|same as 2020||54|01/01/2023||YEAR_LAST_CONSTRUCTION
20100790000NB|20.7|21.28|2014|same as 2020||54|01/01/2023||YEAR_LAST_CONSTRUCTION
4030025000000|0.0|0.63|2020|same as 2020||54|01/01/2023||YEAR_LAST_CONSTRUCTION
0830004000000|21.98|22.98|2019|same as 2020||54|01/01/2023||YEAR_LAST_CONSTRUCTION
0830036000000|2.48|4.2|2010|same as 2020||54|01/01/2023||YEAR_LAST_CONSTRUCTION
2040160070000|0.0|0.27|2020|same as 2020||54|01/01/2023||YEAR_LAST_CONSTRUCTION
2040160070000|0.27|0.51|2020|same as 2020||54|01/01/2023||YEAR_LAST_CONSTRUCTION
0330003000000|8.17|11.14|2017|same as 2020||54|01/01/2023||YEAR_LAST_CONSTRUCTION
20100770000NB|98.28|99.12|2012|same as 2020||54|01/01/2023||YEAR_LAST_CONSTRUCTION
20100770000NB|99.12|100.07|2012|same as 2020||54|01/01/2023||YEAR_LAST_CONSTRUCTION
20100770000NB|100.07|100.28|2012|same as 2020||54|01/01/2023||YEAR_LAST_CONSTRUCTION
20100770000NB|100.28|100.7|1973|same as 2020||54|01/01/2023||YEAR_LAST_CONSTRUCTION
20100770000NB|100.78|101.0|1973|same as 2020||54|01/01/2023||YEAR_LAST_CONSTRUCTION
20100770000NB|101.65|102.16|2009|same as 2020||54|01/01/2023||YEAR_LAST_CONSTRUCTION
20100770000NB|102.16|102.66|2009|same as 2020||54|01/01/2023||YEAR_LAST_CONSTRUCTION
20100770000NB|102.66|103.69|2009|same as 2020||54|01/01/2023||YEAR_LAST_CONSTRUCTION
20100770000NB|103.69|104.81|2011|same as 2020||54|01/01/2023||YEAR_LAST_CONSTRUCTION
20100770000NB|104.81|105.002|2011|same as 2020||54|01/01/2023||YEAR_LAST_CONSTRUCTION
20100770000NB|106.17|107.6|2011|same as 2020||54|01/01/2023||YEAR_LAST_CONSTRUCTION
20100770000NB|113.47|114.59|2010|same as 2020||54|01/01/2023||YEAR_LAST_CONSTRUCTION
20100770000NB|114.59|116.05|2010|same as 2020||54|01/01/2023||YEAR_LAST_CONSTRUCTION
20100770000NB|116.05|116.66|2010|same as 2020||54|01/01/2023||YEAR_LAST_CONSTRUCTION
20100770000NB|116.66|117.2|2010|same as 2020||54|01/01/2023||YEAR_LAST_CONSTRUCTION
2730062000000|19.72|20.33|2012|same as 2020||54|01/01/2023||YEAR_LAST_CONSTRUCTION
2730062000000|20.33|20.53|2012|same as 2020||54|01/01/2023||YEAR_LAST_CONSTRUCTION
2730062000000|20.55|21.94|2012|same as 2020||54|01/01/2023||YEAR_LAST_CONSTRUCTION
20201190000NB|14.22|16.28|2022|same as 2020||54|01/01/2023||YEAR_LAST_CONSTRUCTION
0330094000000|0.0|3.01|2017|same as 2020||54|01/01/2023||YEAR_LAST_CONSTRUCTION
27200350000NB|8.53|8.7|2010|same as 2020||54|01/01/2023||YEAR_LAST_CONSTRUCTION
27200350000NB|9.644|10.37|2010|same as 2020||54|01/01/2023||YEAR_LAST_CONSTRUCTION
27200350000NB|11.532|11.87|2010|same as 2020||54|01/01/2023||YEAR_LAST_CONSTRUCTION
27200350000NB|16.41|16.6|2015|same as 2020||54|01/01/2023||YEAR_LAST_CONSTRUCTION
27200350000NB|16.64|17.28|2015|same as 2020||54|01/01/2023||YEAR_LAST_CONSTRUCTION
27200350000NB|17.413|17.5|2015|same as 2020||54|01/01/2023||YEAR_LAST_CONSTRUCTION
27200350000NB|17.85|17.98|2015|same as 2020||54|01/01/2023||YEAR_LAST_CONSTRUCTION
27200350000NB|17.98|18.097|2015|same as 2020||54|01/01/2023||YEAR_LAST_CONSTRUCTION
27200350000NB|18.35|18.46|2015|same as 2020||54|01/01/2023||YEAR_LAST_CONSTRUCTION
20200600000EB|2.44|2.86|2015|same as 2020||54|01/01/2023||YEAR_LAST_CONSTRUCTION
20200600000EB|6.2|6.92|2012|same as 2020||54|01/01/2023||YEAR_LAST_CONSTRUCTION
20200600000EB|9.19|10.9|2009|same as 2020||54|01/01/2023||YEAR_LAST_CONSTRUCTION
20200600000EB|16.07|16.48|2015|same as 2020||54|01/01/2023||YEAR_LAST_CONSTRUCTION
20200600000EB|23.08|23.52|2015|same as 2020||54|01/01/2023||YEAR_LAST_CONSTRUCTION
20200600000EB|28.43|29.18|2015|same as 2020||54|01/01/2023||YEAR_LAST_CONSTRUCTION
2040022000000|0.86|1.19|2019|same as 2020||54|01/01/2023||YEAR_LAST_CONSTRUCTION
2040022000000|1.19|2.47|2019|same as 2020||54|01/01/2023||YEAR_LAST_CONSTRUCTION
40100640000EB|31.77|32.57|2018|same as 2020||54|01/01/2023||YEAR_LAST_CONSTRUCTION
40100640000EB|32.57|33.45|2018|same as 2020||54|01/01/2023||YEAR_LAST_CONSTRUCTION
40100640000EB|33.45|34.45|2018|same as 2020||54|01/01/2023||YEAR_LAST_CONSTRUCTION
40100640000EB|34.45|36.27|2018|same as 2020||54|01/01/2023||YEAR_LAST_CONSTRUCTION
40100640000EB|36.27|38.54|2018|same as 2020||54|01/01/2023||YEAR_LAST_CONSTRUCTION
40100640000EB|40.46|40.568|2009|same as 2020||54|01/01/2023||YEAR_LAST_CONSTRUCTION
40100640000EB|41.66|41.86|2009|same as 2020||54|01/01/2023||YEAR_LAST_CONSTRUCTION
40100640000EB|41.86|41.89|2009|same as 2020||54|01/01/2023||YEAR_LAST_CONSTRUCTION
40100640000EB|42.79|43.77|2009|same as 2020||54|01/01/2023||YEAR_LAST_CONSTRUCTION
40100640000EB|43.77|43.8|2009|same as 2020||54|01/01/2023||YEAR_LAST_CONSTRUCTION
40100640000EB|44.47|44.78|2018|same as 2020||54|01/01/2023||YEAR_LAST_CONSTRUCTION
4040050000000|13.38|14.06|2012|same as 2020||54|01/01/2023||YEAR_LAST_CONSTRUCTION
2040073000000|0.0|1.18|2015|same as 2020||54|01/01/2023||YEAR_LAST_CONSTRUCTION
4040046000000|0.0|2.29|2010|same as 2020||54|01/01/2023||YEAR_LAST_CONSTRUCTION
2040025260000|0.0|0.31|2019|same as 2020||54|01/01/2023||YEAR_LAST_CONSTRUCTION
2040025260000|0.4|0.71|2019|same as 2020||54|01/01/2023||YEAR_LAST_CONSTRUCTION
2730002000000|1.39|3.15|2012|same as 2020||54|01/01/2023||YEAR_LAST_CONSTRUCTION
2730002000000|15.93|18.05|2017|same as 2020||54|01/01/2023||YEAR_LAST_CONSTRUCTION
2730002000000|18.91|19.89|2018|same as 2020||54|01/01/2023||YEAR_LAST_CONSTRUCTION
2730002000000|29.27|35.98|2015|same as 2020||54|01/01/2023||YEAR_LAST_CONSTRUCTION
0340005000000|15.1|17.57|2011|same as 2020||54|01/01/2023||YEAR_LAST_CONSTRUCTION
40200350000NB|0.29|0.65|2006|same as 2020||54|01/01/2023||YEAR_LAST_CONSTRUCTION
40200350000NB|1.36|1.6|2006|same as 2020||54|01/01/2023||YEAR_LAST_CONSTRUCTION
40200350000NB|1.64|2.06|2006|same as 2020||54|01/01/2023||YEAR_LAST_CONSTRUCTION
40200350000NB|2.1|2.3|2006|same as 2020||54|01/01/2023||YEAR_LAST_CONSTRUCTION
2040025250000|0.15|2.17|2015|same as 2020||54|01/01/2023||YEAR_LAST_CONSTRUCTION
4040012000000|4.71|8.19|2013|same as 2020||54|01/01/2023||YEAR_LAST_CONSTRUCTION
08100790000NB|36.0|39.91|2018|same as 2020||54|01/01/2023||YEAR_LAST_CONSTRUCTION
08100790000NB|39.91|40.0|2016|same as 2020||54|01/01/2023||YEAR_LAST_CONSTRUCTION
08100790000NB|41.43|44.6|2016|same as 2020||54|01/01/2023||YEAR_LAST_CONSTRUCTION
20100640000EB|45.39|45.4|2018|same as 2020||54|01/01/2023||YEAR_LAST_CONSTRUCTION
20100640000EB|47.44|48.4|2018|same as 2020||54|01/01/2023||YEAR_LAST_CONSTRUCTION
20100640000EB|48.4|49.75|2018|same as 2020||54|01/01/2023||YEAR_LAST_CONSTRUCTION
20100640000EB|49.75|50.11|2013|same as 2020||54|01/01/2023||YEAR_LAST_CONSTRUCTION
20100640000EB|50.11|51.56|2013|same as 2020||54|01/01/2023||YEAR_LAST_CONSTRUCTION
20100640000EB|51.56|52.38|2013|same as 2020||54|01/01/2023||YEAR_LAST_CONSTRUCTION
20100640000EB|52.38|52.73|2013|same as 2020||54|01/01/2023||YEAR_LAST_CONSTRUCTION
20100640000EB|52.73|53.1|2010|same as 2020||54|01/01/2023||YEAR_LAST_CONSTRUCTION
20100640000EB|53.75|54.3|2010|same as 2020||54|01/01/2023||YEAR_LAST_CONSTRUCTION
20100640000EB|54.37|54.4|2009|same as 2020||54|01/01/2023||YEAR_LAST_CONSTRUCTION
20100640000EB|54.8|55.21|2009|same as 2020||54|01/01/2023||YEAR_LAST_CONSTRUCTION
20100640000EB|55.21|56.33|2009|same as 2020||54|01/01/2023||YEAR_LAST_CONSTRUCTION
20100640000EB|56.33|57.02|2009|same as 2020||54|01/01/2023||YEAR_LAST_CONSTRUCTION
20100640000EB|57.02|57.48|2009|same as 2020||54|01/01/2023||YEAR_LAST_CONSTRUCTION
2040046000000|0.0|0.41|2012|same as 2020||54|01/01/2023||YEAR_LAST_CONSTRUCTION
03201190000NB|0.0|2.93|2015|same as 2020||54|01/01/2023||YEAR_LAST_CONSTRUCTION
03201190000NB|9.44|11.49|2013|same as 2020||54|01/01/2023||YEAR_LAST_CONSTRUCTION
03201190000NB|11.49|12.36|2013|same as 2020||54|01/01/2023||YEAR_LAST_CONSTRUCTION
03201190000NB|12.83|13.54|1973|same as 2020||54|01/01/2023||YEAR_LAST_CONSTRUCTION
03201190000NB|16.97|17.8|1973|same as 2020||54|01/01/2023||YEAR_LAST_CONSTRUCTION
4030062001882|18.82|21.9|2022|||54|01/01/2023||YEAR_LAST_CONSTRUCTION
2010064005242|52.42|57.47|2022|||54|01/01/2023||YEAR_LAST_CONSTRUCTION
0320119001329|13.29|13.54|2022|||54|01/01/2023||YEAR_LAST_CONSTRUCTION
2040022000149|1.49|2.44|2022|||54|01/01/2023||YEAR_LAST_CONSTRUCTION
2040053000000|0.0|2.55|2022|||54|01/01/2023||YEAR_LAST_CONSTRUCTION
2040008000118|1.18|3.46|2022|||54|01/01/2023||YEAR_LAST_CONSTRUCTION
2040021160000|0.0|1.94|2022|||54|01/01/2023||YEAR_LAST_CONSTRUCTION
2040039000097|9.7|10.35|2022|||54|01/01/2023||YEAR_LAST_CONSTRUCTION
2040079300035|3.5|7.96|2022|||54|01/01/2023||YEAR_LAST_CONSTRUCTION
2040009100000|0.0|2.02|2022|||54|01/01/2023||YEAR_LAST_CONSTRUCTION
2040041000000|0.0|3.96|2022|||54|01/01/2023||YEAR_LAST_CONSTRUCTION
2040045000000|0.0|4.68|2022|||54|01/01/2023||YEAR_LAST_CONSTRUCTION
0340005000016|1.6|4.0|2022|||54|01/01/2023||YEAR_LAST_CONSTRUCTION
2040060170000|0.0|1.0|2022|||54|01/01/2023||YEAR_LAST_CONSTRUCTION
4040033000063|6.3|10.1|2022|||54|01/01/2023||YEAR_LAST_CONSTRUCTION
2040060210000|0.0|1.0|2022|||54|01/01/2023||YEAR_LAST_CONSTRUCTION
2040016000000|0.0|5.62|2022|||54|01/01/2023||YEAR_LAST_CONSTRUCTION
2040020000221|2.21|4.64|2022|||54|01/01/2023||YEAR_LAST_CONSTRUCTION
2030025000000|0.0|0.96|2022|||54|01/01/2023||YEAR_LAST_CONSTRUCTION
2040022010000|0.0|1.31|2022|||54|01/01/2023||YEAR_LAST_CONSTRUCTION
2040025090026|0.26|0.34|2022|||54|01/01/2023||YEAR_LAST_CONSTRUCTION
2040062030006|0.06|0.36|2022|||54|01/01/2023||YEAR_LAST_CONSTRUCTION
1030006000000|0.0|0.12|1956|||54|01/01/2023||YEAR_LAST_CONSTRUCTION
1030006000000|0.12|0.33|1956|||54|01/01/2023||YEAR_LAST_CONSTRUCTION
1030016000000|1.75|2.38|1921|||54|01/01/2023||YEAR_LAST_CONSTRUCTION
1030016000000|14.616|14.746|1921|||54|01/01/2023||YEAR_LAST_CONSTRUCTION
1030016000000|15.526|16.666|1921|||54|01/01/2023||YEAR_LAST_CONSTRUCTION
1030016000000|23.176|23.516|1921|||54|01/01/2023||YEAR_LAST_CONSTRUCTION
1030061000000|0.0|1.04|1921|||54|01/01/2023||YEAR_LAST_CONSTRUCTION
1030061000000|1.04|1.12|1921|||54|01/01/2023||YEAR_LAST_CONSTRUCTION
1030061000000|8.74|9.33|1921|||54|01/01/2023||YEAR_LAST_CONSTRUCTION
1030061000000|22.53|25.56|1921|||54|01/01/2023||YEAR_LAST_CONSTRUCTION
1030061000100|0.0|0.16|1957|||54|01/01/2023||YEAR_LAST_CONSTRUCTION
1040008000000|1.3|2.0|1933|||54|01/01/2023||YEAR_LAST_CONSTRUCTION
1040008000000|2.47|2.82|1933|||54|01/01/2023||YEAR_LAST_CONSTRUCTION
1040008000000|3.28|6.25|1933|||54|01/01/2023||YEAR_LAST_CONSTRUCTION
1040012000000|0.18|1.9|1933|||54|01/01/2023||YEAR_LAST_CONSTRUCTION
1040012000000|1.9|3.28|1933|||54|01/01/2023||YEAR_LAST_CONSTRUCTION
1040014020000|0.2|0.35|1941|||54|01/01/2023||YEAR_LAST_CONSTRUCTION
1040015000000|0.0|1.58|1933|||54|01/01/2023||YEAR_LAST_CONSTRUCTION
1040018230000|0.0|0.44|1997|||54|01/01/2023||YEAR_LAST_CONSTRUCTION
1040019020000|0.0|0.82|1965|||54|01/01/2023||YEAR_LAST_CONSTRUCTION
1040019430000|0.09|0.34|1979|||54|01/01/2023||YEAR_LAST_CONSTRUCTION
1040021200000|0.0|0.98|1969|||54|01/01/2023||YEAR_LAST_CONSTRUCTION
1040061100000|0.08|0.45|1945|||54|01/01/2023||YEAR_LAST_CONSTRUCTION
1040061280000|0.0|0.59|1976|||54|01/01/2023||YEAR_LAST_CONSTRUCTION
1330063000000|6.06|7.63|1921|||54|01/01/2023||YEAR_LAST_CONSTRUCTION
1340045000000|0.66|1.04|1933|||54|01/01/2023||YEAR_LAST_CONSTRUCTION
1340045010000|0.0|0.539|1951|||54|01/01/2023||YEAR_LAST_CONSTRUCTION
1340060140000|6.25|6.39|1933|||54|01/01/2023||YEAR_LAST_CONSTRUCTION
3230012000000|0.78|5.93|1943|||54|01/01/2023||YEAR_LAST_CONSTRUCTION
3230012000000|5.93|6.11|1943|||54|01/01/2023||YEAR_LAST_CONSTRUCTION
3230012000000|9.33|11.31|1943|||54|01/01/2023||YEAR_LAST_CONSTRUCTION
3430020000000|28.29|29.07|1946|||54|01/01/2023||YEAR_LAST_CONSTRUCTION
3430039000000|24.6|24.96|1921|||54|01/01/2023||YEAR_LAST_CONSTRUCTION
3430041000000|0.03|2.59|1930|||54|01/01/2023||YEAR_LAST_CONSTRUCTION
4530003000000|9.56|10.91|1942|||54|01/01/2023||YEAR_LAST_CONSTRUCTION
4530020000000|24.37|24.94|1943|||54|01/01/2023||YEAR_LAST_CONSTRUCTION
4530020000000|24.94|24.99|1943|||54|01/01/2023||YEAR_LAST_CONSTRUCTION
4530020000000|24.99|25.32|1943|||54|01/01/2023||YEAR_LAST_CONSTRUCTION
4530020000000|25.32|32.0|1943|||54|01/01/2023||YEAR_LAST_CONSTRUCTION
4530020000000|32.0|32.14|1943|||54|01/01/2023||YEAR_LAST_CONSTRUCTION
4530107000000|0.29|0.76|1976|||54|01/01/2023||YEAR_LAST_CONSTRUCTION
10200190000NB|0.0|0.1|1921|||54|01/01/2023||YEAR_LAST_CONSTRUCTION
10200190000NB|0.1|0.2|1921|||54|01/01/2023||YEAR_LAST_CONSTRUCTION
10200190000NB|0.2|0.3|1921|||54|01/01/2023||YEAR_LAST_CONSTRUCTION
10200190000NB|0.3|0.4|1921|||54|01/01/2023||YEAR_LAST_CONSTRUCTION
10200190000NB|0.4|0.5|1921|||54|01/01/2023||YEAR_LAST_CONSTRUCTION
10200190000NB|0.5|0.6|1921|||54|01/01/2023||YEAR_LAST_CONSTRUCTION
10200190000NB|0.6|0.7|1921|||54|01/01/2023||YEAR_LAST_CONSTRUCTION
10200190000NB|0.7|0.8|1921|||54|01/01/2023||YEAR_LAST_CONSTRUCTION
10200190000NB|0.8|0.9|1921|||54|01/01/2023||YEAR_LAST_CONSTRUCTION
10200190000NB|0.9|1.0|1921|||54|01/01/2023||YEAR_LAST_CONSTRUCTION
10200190000NB|1.0|1.02|1921|||54|01/01/2023||YEAR_LAST_CONSTRUCTION
10200190000NB|2.85|2.9|1921|||54|01/01/2023||YEAR_LAST_CONSTRUCTION
10200190000NB|2.9|3.0|1921|||54|01/01/2023||YEAR_LAST_CONSTRUCTION
10200190000NB|3.0|3.1|1921|||54|01/01/2023||YEAR_LAST_CONSTRUCTION
10200190000NB|3.1|3.2|1921|||54|01/01/2023||YEAR_LAST_CONSTRUCTION
10200190000NB|3.2|3.3|1921|||54|01/01/2023||YEAR_LAST_CONSTRUCTION
10200190000NB|3.3|3.4|1921|||54|01/01/2023||YEAR_LAST_CONSTRUCTION
10200190000NB|3.4|3.5|1921|||54|01/01/2023||YEAR_LAST_CONSTRUCTION
10200190000NB|3.5|3.6|1921|||54|01/01/2023||YEAR_LAST_CONSTRUCTION
10200190000NB|3.6|3.7|1921|||54|01/01/2023||YEAR_LAST_CONSTRUCTION
10200190000NB|3.7|3.8|1921|||54|01/01/2023||YEAR_LAST_CONSTRUCTION
10200190000NB|3.8|3.82|1921|||54|01/01/2023||YEAR_LAST_CONSTRUCTION
10200190000NB|3.89|3.9|1921|||54|01/01/2023||YEAR_LAST_CONSTRUCTION
10200190000NB|3.9|4.0|1921|||54|01/01/2023||YEAR_LAST_CONSTRUCTION
10200190000NB|4.0|4.1|1921|||54|01/01/2023||YEAR_LAST_CONSTRUCTION
10200190000NB|4.1|4.2|1921|||54|01/01/2023||YEAR_LAST_CONSTRUCTION
10200190000NB|4.2|4.3|1921|||54|01/01/2023||YEAR_LAST_CONSTRUCTION
10200190000NB|4.3|4.4|1921|||54|01/01/2023||YEAR_LAST_CONSTRUCTION
10200190000NB|4.4|4.5|1921|||54|01/01/2023||YEAR_LAST_CONSTRUCTION
10200190000NB|4.5|4.6|1921|||54|01/01/2023||YEAR_LAST_CONSTRUCTION
10200190000NB|4.6|4.7|1921|||54|01/01/2023||YEAR_LAST_CONSTRUCTION
10200190000NB|4.7|4.8|1921|||54|01/01/2023||YEAR_LAST_CONSTRUCTION
10200190000NB|4.8|4.9|1921|||54|01/01/2023||YEAR_LAST_CONSTRUCTION
10200190000NB|4.9|5.0|1921|||54|01/01/2023||YEAR_LAST_CONSTRUCTION
10200190000NB|5.0|5.1|1921|||54|01/01/2023||YEAR_LAST_CONSTRUCTION
10200190000NB|5.1|5.2|1921|||54|01/01/2023||YEAR_LAST_CONSTRUCTION
10200190000NB|5.2|5.3|1921|||54|01/01/2023||YEAR_LAST_CONSTRUCTION
10200190000NB|5.3|5.4|1921|||54|01/01/2023||YEAR_LAST_CONSTRUCTION
10200190000NB|5.4|5.5|1921|||54|01/01/2023||YEAR_LAST_CONSTRUCTION
10200190000NB|5.5|5.6|1921|||54|01/01/2023||YEAR_LAST_CONSTRUCTION
10200190000NB|5.6|5.7|1921|||54|01/01/2023||YEAR_LAST_CONSTRUCTION
10200190000NB|5.7|5.8|1921|||54|01/01/2023||YEAR_LAST_CONSTRUCTION
10200190000NB|5.8|5.9|1921|||54|01/01/2023||YEAR_LAST_CONSTRUCTION
10200190000NB|5.9|6.0|1921|||54|01/01/2023||YEAR_LAST_CONSTRUCTION
10200190000NB|6.0|6.1|1921|||54|01/01/2023||YEAR_LAST_CONSTRUCTION
10200190000NB|6.1|6.16|1921|||54|01/01/2023||YEAR_LAST_CONSTRUCTION
10200190000NB|6.16|6.2|1921|||54|01/01/2023||YEAR_LAST_CONSTRUCTION
10200190000NB|6.2|6.3|1921|||54|01/01/2023||YEAR_LAST_CONSTRUCTION
10200190000NB|6.3|6.4|1921|||54|01/01/2023||YEAR_LAST_CONSTRUCTION
10200190000NB|6.4|6.5|1921|||54|01/01/2023||YEAR_LAST_CONSTRUCTION
10200190000NB|6.5|6.6|1921|||54|01/01/2023||YEAR_LAST_CONSTRUCTION
10200190000NB|6.6|6.66|1921|||54|01/01/2023||YEAR_LAST_CONSTRUCTION
10200190000NB|6.66|6.7|1921|||54|01/01/2023||YEAR_LAST_CONSTRUCTION
10200190000NB|6.7|6.8|1921|||54|01/01/2023||YEAR_LAST_CONSTRUCTION
10200190000NB|6.8|6.9|1921|||54|01/01/2023||YEAR_LAST_CONSTRUCTION
10200190000NB|6.9|7.0|1921|||54|01/01/2023||YEAR_LAST_CONSTRUCTION
10200190000NB|7.0|7.1|1921|||54|01/01/2023||YEAR_LAST_CONSTRUCTION
10200190000NB|7.1|7.2|1921|||54|01/01/2023||YEAR_LAST_CONSTRUCTION
10200190000NB|7.2|7.3|1921|||54|01/01/2023||YEAR_LAST_CONSTRUCTION
10200190000NB|7.3|7.4|1921|||54|01/01/2023||YEAR_LAST_CONSTRUCTION
10200190000NB|7.4|7.5|1921|||54|01/01/2023||YEAR_LAST_CONSTRUCTION
10200190000NB|7.5|7.6|1921|||54|01/01/2023||YEAR_LAST_CONSTRUCTION
10200190000NB|7.6|7.7|1921|||54|01/01/2023||YEAR_LAST_CONSTRUCTION
10200190000NB|7.7|7.8|1921|||54|01/01/2023||YEAR_LAST_CONSTRUCTION
10200190000NB|7.8|7.9|1921|||54|01/01/2023||YEAR_LAST_CONSTRUCTION
10200190000NB|7.9|8.0|1921|||54|01/01/2023||YEAR_LAST_CONSTRUCTION
10200190000NB|8.0|8.1|1921|||54|01/01/2023||YEAR_LAST_CONSTRUCTION
10200190000NB|8.1|8.2|1921|||54|01/01/2023||YEAR_LAST_CONSTRUCTION
10200190000NB|8.2|8.23|1921|||54|01/01/2023||YEAR_LAST_CONSTRUCTION
10200190000NB|14.64|14.7|1921|||54|01/01/2023||YEAR_LAST_CONSTRUCTION
10200190000NB|14.7|14.8|1921|||54|01/01/2023||YEAR_LAST_CONSTRUCTION
10200190000NB|14.8|14.9|1921|||54|01/01/2023||YEAR_LAST_CONSTRUCTION
10200190000NB|14.9|15.0|1921|||54|01/01/2023||YEAR_LAST_CONSTRUCTION
10200190000NB|15.0|15.1|1921|||54|01/01/2023||YEAR_LAST_CONSTRUCTION
10200190000NB|15.1|15.2|1921|||54|01/01/2023||YEAR_LAST_CONSTRUCTION
10200190000NB|15.2|15.3|1921|||54|01/01/2023||YEAR_LAST_CONSTRUCTION
10200190000NB|15.3|15.4|1921|||54|01/01/2023||YEAR_LAST_CONSTRUCTION
10200190000NB|15.4|15.5|1921|||54|01/01/2023||YEAR_LAST_CONSTRUCTION
10200190000NB|15.5|15.6|1921|||54|01/01/2023||YEAR_LAST_CONSTRUCTION
10200190000NB|15.6|15.627|1921|||54|01/01/2023||YEAR_LAST_CONSTRUCTION
10200600000EB|0.34|0.345|1921|||54|01/01/2023||YEAR_LAST_CONSTRUCTION
10200600000EB|0.345|0.4|1921|||54|01/01/2023||YEAR_LAST_CONSTRUCTION
10200600000EB|0.4|0.5|1921|||54|01/01/2023||YEAR_LAST_CONSTRUCTION
10200600000EB|0.5|0.6|1921|||54|01/01/2023||YEAR_LAST_CONSTRUCTION
10200600000EB|0.6|0.7|1921|||54|01/01/2023||YEAR_LAST_CONSTRUCTION
10200600000EB|0.7|0.8|1921|||54|01/01/2023||YEAR_LAST_CONSTRUCTION
10200600000EB|0.8|0.9|1921|||54|01/01/2023||YEAR_LAST_CONSTRUCTION
10200600000EB|0.9|1.0|1921|||54|01/01/2023||YEAR_LAST_CONSTRUCTION
10200600000EB|1.0|1.01|1921|||54|01/01/2023||YEAR_LAST_CONSTRUCTION
13100640000EB|147.6|147.7|1968|||54|01/01/2023||YEAR_LAST_CONSTRUCTION
13100640000EB|147.7|147.8|1968|||54|01/01/2023||YEAR_LAST_CONSTRUCTION
13100640000EB|147.8|147.9|1968|||54|01/01/2023||YEAR_LAST_CONSTRUCTION
13100640000EB|147.9|147.93|1968|||54|01/01/2023||YEAR_LAST_CONSTRUCTION
13100640000EB|147.93|148.0|1968|||54|01/01/2023||YEAR_LAST_CONSTRUCTION
13100640000EB|148.0|148.1|1968|||54|01/01/2023||YEAR_LAST_CONSTRUCTION
13100640000EB|148.1|148.2|1968|||54|01/01/2023||YEAR_LAST_CONSTRUCTION
13100640000EB|148.2|148.3|1968|||54|01/01/2023||YEAR_LAST_CONSTRUCTION
13100640000EB|148.3|148.4|1968|||54|01/01/2023||YEAR_LAST_CONSTRUCTION
13100640000EB|148.4|148.5|1968|||54|01/01/2023||YEAR_LAST_CONSTRUCTION
13100640000EB|148.5|148.6|1968|||54|01/01/2023||YEAR_LAST_CONSTRUCTION
13100640000EB|148.6|148.7|1968|||54|01/01/2023||YEAR_LAST_CONSTRUCTION
13100640000EB|148.7|148.8|1968|||54|01/01/2023||YEAR_LAST_CONSTRUCTION
13100640000EB|148.8|148.9|1968|||54|01/01/2023||YEAR_LAST_CONSTRUCTION
13100640000EB|148.9|149.0|1968|||54|01/01/2023||YEAR_LAST_CONSTRUCTION
13100640000EB|149.0|149.1|1968|||54|01/01/2023||YEAR_LAST_CONSTRUCTION
13100640000EB|149.1|149.2|1968|||54|01/01/2023||YEAR_LAST_CONSTRUCTION
13100640000EB|149.2|149.3|1968|||54|01/01/2023||YEAR_LAST_CONSTRUCTION
13100640000EB|149.3|149.4|1968|||54|01/01/2023||YEAR_LAST_CONSTRUCTION
13100640000EB|149.4|149.5|1968|||54|01/01/2023||YEAR_LAST_CONSTRUCTION
13100640000EB|149.5|149.6|1968|||54|01/01/2023||YEAR_LAST_CONSTRUCTION
13100640000EB|149.6|149.7|1968|||54|01/01/2023||YEAR_LAST_CONSTRUCTION
13100640000EB|149.7|149.8|1968|||54|01/01/2023||YEAR_LAST_CONSTRUCTION
13100640000EB|149.8|149.84|1968|||54|01/01/2023||YEAR_LAST_CONSTRUCTION
13100640000EB|149.84|149.9|1968|||54|01/01/2023||YEAR_LAST_CONSTRUCTION
13100640000EB|149.9|150.0|1968|||54|01/01/2023||YEAR_LAST_CONSTRUCTION
13100640000EB|150.0|150.1|1968|||54|01/01/2023||YEAR_LAST_CONSTRUCTION
13100640000EB|150.1|150.2|1968|||54|01/01/2023||YEAR_LAST_CONSTRUCTION
13100640000EB|150.2|150.3|1968|||54|01/01/2023||YEAR_LAST_CONSTRUCTION
13100640000EB|150.3|150.4|1968|||54|01/01/2023||YEAR_LAST_CONSTRUCTION
13100640000EB|150.4|150.5|1968|||54|01/01/2023||YEAR_LAST_CONSTRUCTION
13100640000EB|150.5|150.6|1968|||54|01/01/2023||YEAR_LAST_CONSTRUCTION
13100640000EB|150.6|150.7|1968|||54|01/01/2023||YEAR_LAST_CONSTRUCTION
13100640000EB|150.7|150.8|1968|||54|01/01/2023||YEAR_LAST_CONSTRUCTION
13100640000EB|150.8|150.9|1968|||54|01/01/2023||YEAR_LAST_CONSTRUCTION
13100640000EB|150.9|151.0|1968|||54|01/01/2023||YEAR_LAST_CONSTRUCTION
13100640000EB|151.0|151.1|1968|||54|01/01/2023||YEAR_LAST_CONSTRUCTION
13100640000EB|151.1|151.2|1968|||54|01/01/2023||YEAR_LAST_CONSTRUCTION
13100640000EB|151.2|151.3|1968|||54|01/01/2023||YEAR_LAST_CONSTRUCTION
13100640000EB|151.3|151.4|1968|||54|01/01/2023||YEAR_LAST_CONSTRUCTION
13100640000EB|151.4|151.5|1968|||54|01/01/2023||YEAR_LAST_CONSTRUCTION
13100640000EB|151.5|151.6|1968|||54|01/01/2023||YEAR_LAST_CONSTRUCTION
13100640000EB|151.6|151.7|1968|||54|01/01/2023||YEAR_LAST_CONSTRUCTION
13100640000EB|151.7|151.8|1968|||54|01/01/2023||YEAR_LAST_CONSTRUCTION
13100640000EB|151.8|151.9|1968|||54|01/01/2023||YEAR_LAST_CONSTRUCTION
13100640000EB|151.9|152.0|1968|||54|01/01/2023||YEAR_LAST_CONSTRUCTION
13100640000EB|152.0|152.1|1968|||54|01/01/2023||YEAR_LAST_CONSTRUCTION
13100640000EB|152.1|152.2|1968|||54|01/01/2023||YEAR_LAST_CONSTRUCTION
13100640000EB|152.2|152.3|1968|||54|01/01/2023||YEAR_LAST_CONSTRUCTION
13100640000EB|152.3|152.4|1968|||54|01/01/2023||YEAR_LAST_CONSTRUCTION
13100640000EB|152.4|152.5|1968|||54|01/01/2023||YEAR_LAST_CONSTRUCTION
13100640000EB|152.5|152.6|1968|||54|01/01/2023||YEAR_LAST_CONSTRUCTION
13100640000EB|152.6|152.7|1968|||54|01/01/2023||YEAR_LAST_CONSTRUCTION
13100640000EB|152.7|152.8|1968|||54|01/01/2023||YEAR_LAST_CONSTRUCTION
13100640000EB|152.8|152.9|1968|||54|01/01/2023||YEAR_LAST_CONSTRUCTION
13100640000EB|152.9|153.0|1968|||54|01/01/2023||YEAR_LAST_CONSTRUCTION
13100640000EB|153.0|153.1|1968|||54|01/01/2023||YEAR_LAST_CONSTRUCTION
13100640000EB|153.1|153.2|1968|||54|01/01/2023||YEAR_LAST_CONSTRUCTION
13100640000EB|153.2|153.3|1968|||54|01/01/2023||YEAR_LAST_CONSTRUCTION
13100640000EB|153.3|153.4|1968|||54|01/01/2023||YEAR_LAST_CONSTRUCTION
13100640000EB|153.4|153.5|1968|||54|01/01/2023||YEAR_LAST_CONSTRUCTION
13100640000EB|153.5|153.6|1968|||54|01/01/2023||YEAR_LAST_CONSTRUCTION
13100640000EB|153.6|153.7|1968|||54|01/01/2023||YEAR_LAST_CONSTRUCTION
13100640000EB|153.7|153.8|1968|||54|01/01/2023||YEAR_LAST_CONSTRUCTION
13100640000EB|153.8|153.9|1968|||54|01/01/2023||YEAR_LAST_CONSTRUCTION
13100640000EB|153.9|154.0|1968|||54|01/01/2023||YEAR_LAST_CONSTRUCTION
13100640000EB|154.0|154.1|1968|||54|01/01/2023||YEAR_LAST_CONSTRUCTION
13100640000EB|154.1|154.2|1968|||54|01/01/2023||YEAR_LAST_CONSTRUCTION
13100640000EB|154.2|154.3|1968|||54|01/01/2023||YEAR_LAST_CONSTRUCTION
13100640000EB|154.3|154.4|1968|||54|01/01/2023||YEAR_LAST_CONSTRUCTION
13100640000EB|154.4|154.5|1968|||54|01/01/2023||YEAR_LAST_CONSTRUCTION
13100640000EB|154.5|154.6|1968|||54|01/01/2023||YEAR_LAST_CONSTRUCTION
13100640000EB|154.6|154.7|1968|||54|01/01/2023||YEAR_LAST_CONSTRUCTION
13100640000EB|154.7|154.8|1968|||54|01/01/2023||YEAR_LAST_CONSTRUCTION
13100640000EB|154.8|154.9|1968|||54|01/01/2023||YEAR_LAST_CONSTRUCTION
13100640000EB|154.9|155.0|1968|||54|01/01/2023||YEAR_LAST_CONSTRUCTION
13100640000EB|155.0|155.1|1968|||54|01/01/2023||YEAR_LAST_CONSTRUCTION
13100640000EB|155.1|155.2|1968|||54|01/01/2023||YEAR_LAST_CONSTRUCTION
13100640000EB|155.2|155.3|1968|||54|01/01/2023||YEAR_LAST_CONSTRUCTION
13100640000EB|155.3|155.4|1968|||54|01/01/2023||YEAR_LAST_CONSTRUCTION
13100640000EB|155.4|155.5|1968|||54|01/01/2023||YEAR_LAST_CONSTRUCTION
13100640000EB|155.5|155.6|1968|||54|01/01/2023||YEAR_LAST_CONSTRUCTION
13100640000EB|155.6|155.7|1968|||54|01/01/2023||YEAR_LAST_CONSTRUCTION
13100640000EB|155.7|155.8|1968|||54|01/01/2023||YEAR_LAST_CONSTRUCTION
13100640000EB|155.8|155.9|1968|||54|01/01/2023||YEAR_LAST_CONSTRUCTION
13100640000EB|155.9|156.0|1968|||54|01/01/2023||YEAR_LAST_CONSTRUCTION
13100640000EB|156.0|156.1|1968|||54|01/01/2023||YEAR_LAST_CONSTRUCTION
13100640000EB|156.1|156.18|1968|||54|01/01/2023||YEAR_LAST_CONSTRUCTION
13100640000EB|156.18|156.2|1968|||54|01/01/2023||YEAR_LAST_CONSTRUCTION
13100640000EB|156.2|156.3|1968|||54|01/01/2023||YEAR_LAST_CONSTRUCTION
13100640000EB|156.3|156.4|1968|||54|01/01/2023||YEAR_LAST_CONSTRUCTION
13100640000EB|156.4|156.5|1968|||54|01/01/2023||YEAR_LAST_CONSTRUCTION
13100640000EB|156.5|156.6|1968|||54|01/01/2023||YEAR_LAST_CONSTRUCTION
13100640000EB|156.6|156.7|1968|||54|01/01/2023||YEAR_LAST_CONSTRUCTION
13100640000EB|156.7|156.8|1968|||54|01/01/2023||YEAR_LAST_CONSTRUCTION
13100640000EB|156.8|156.9|1968|||54|01/01/2023||YEAR_LAST_CONSTRUCTION
13100640000EB|156.9|157.0|1968|||54|01/01/2023||YEAR_LAST_CONSTRUCTION
13100640000EB|157.0|157.1|1968|||54|01/01/2023||YEAR_LAST_CONSTRUCTION
13100640000EB|157.1|157.2|1968|||54|01/01/2023||YEAR_LAST_CONSTRUCTION
13100640000EB|157.2|157.3|1968|||54|01/01/2023||YEAR_LAST_CONSTRUCTION
13100640000EB|157.3|157.4|1968|||54|01/01/2023||YEAR_LAST_CONSTRUCTION
13100640000EB|157.4|157.5|1968|||54|01/01/2023||YEAR_LAST_CONSTRUCTION
13100640000EB|157.5|157.6|1968|||54|01/01/2023||YEAR_LAST_CONSTRUCTION
13100640000EB|157.6|157.7|1968|||54|01/01/2023||YEAR_LAST_CONSTRUCTION
13100640000EB|157.7|157.8|1968|||54|01/01/2023||YEAR_LAST_CONSTRUCTION
13100640000EB|157.8|157.9|1968|||54|01/01/2023||YEAR_LAST_CONSTRUCTION
13100640000EB|157.9|158.0|1968|||54|01/01/2023||YEAR_LAST_CONSTRUCTION
13100640000EB|158.0|158.1|1968|||54|01/01/2023||YEAR_LAST_CONSTRUCTION
13100640000EB|158.1|158.2|1968|||54|01/01/2023||YEAR_LAST_CONSTRUCTION
13100640000EB|158.2|158.3|1968|||54|01/01/2023||YEAR_LAST_CONSTRUCTION
13100640000EB|158.3|158.4|1968|||54|01/01/2023||YEAR_LAST_CONSTRUCTION
13100640000EB|158.4|158.5|1968|||54|01/01/2023||YEAR_LAST_CONSTRUCTION
13100640000EB|158.5|158.6|1968|||54|01/01/2023||YEAR_LAST_CONSTRUCTION
13100640000EB|158.6|158.7|1968|||54|01/01/2023||YEAR_LAST_CONSTRUCTION
13100640000EB|158.7|158.8|1968|||54|01/01/2023||YEAR_LAST_CONSTRUCTION
13100640000EB|158.8|158.9|1968|||54|01/01/2023||YEAR_LAST_CONSTRUCTION
13100640000EB|158.9|159.0|1968|||54|01/01/2023||YEAR_LAST_CONSTRUCTION
13100640000EB|159.0|159.1|1968|||54|01/01/2023||YEAR_LAST_CONSTRUCTION
13100640000EB|159.1|159.2|1968|||54|01/01/2023||YEAR_LAST_CONSTRUCTION
13100640000EB|159.2|159.3|1968|||54|01/01/2023||YEAR_LAST_CONSTRUCTION
13100640000EB|159.3|159.4|1968|||54|01/01/2023||YEAR_LAST_CONSTRUCTION
13100640000EB|159.4|159.5|1968|||54|01/01/2023||YEAR_LAST_CONSTRUCTION
13100640000EB|159.5|159.6|1968|||54|01/01/2023||YEAR_LAST_CONSTRUCTION
13100640000EB|159.6|159.7|1968|||54|01/01/2023||YEAR_LAST_CONSTRUCTION
13100640000EB|159.7|159.8|1968|||54|01/01/2023||YEAR_LAST_CONSTRUCTION
13100640000EB|159.8|159.9|1968|||54|01/01/2023||YEAR_LAST_CONSTRUCTION
13100640000EB|159.9|160.0|1968|||54|01/01/2023||YEAR_LAST_CONSTRUCTION
13100640000EB|160.0|160.1|1968|||54|01/01/2023||YEAR_LAST_CONSTRUCTION
13100640000EB|160.1|160.2|1968|||54|01/01/2023||YEAR_LAST_CONSTRUCTION
13100640000EB|160.2|160.3|1968|||54|01/01/2023||YEAR_LAST_CONSTRUCTION
13100640000EB|160.3|160.4|1968|||54|01/01/2023||YEAR_LAST_CONSTRUCTION
13100640000EB|160.4|160.5|1968|||54|01/01/2023||YEAR_LAST_CONSTRUCTION
13100640000EB|160.5|160.6|1968|||54|01/01/2023||YEAR_LAST_CONSTRUCTION
13100640000EB|160.6|160.7|1968|||54|01/01/2023||YEAR_LAST_CONSTRUCTION
13100640000EB|160.7|160.8|1968|||54|01/01/2023||YEAR_LAST_CONSTRUCTION
13100640000EB|160.8|160.9|1968|||54|01/01/2023||YEAR_LAST_CONSTRUCTION
13100640000EB|160.9|161.0|1968|||54|01/01/2023||YEAR_LAST_CONSTRUCTION
13100640000EB|161.0|161.1|1968|||54|01/01/2023||YEAR_LAST_CONSTRUCTION
13100640000EB|161.1|161.2|1968|||54|01/01/2023||YEAR_LAST_CONSTRUCTION
13100640000EB|161.2|161.3|1968|||54|01/01/2023||YEAR_LAST_CONSTRUCTION
13100640000EB|161.3|161.4|1968|||54|01/01/2023||YEAR_LAST_CONSTRUCTION
13100640000EB|161.4|161.46|1968|||54|01/01/2023||YEAR_LAST_CONSTRUCTION
13100640000EB|161.46|161.5|1968|||54|01/01/2023||YEAR_LAST_CONSTRUCTION
13100640000EB|161.5|161.6|1968|||54|01/01/2023||YEAR_LAST_CONSTRUCTION
13100640000EB|161.6|161.7|1968|||54|01/01/2023||YEAR_LAST_CONSTRUCTION
13100640000EB|161.7|161.8|1968|||54|01/01/2023||YEAR_LAST_CONSTRUCTION
13100640000EB|161.8|161.9|1968|||54|01/01/2023||YEAR_LAST_CONSTRUCTION
13100640000EB|161.9|162.0|1968|||54|01/01/2023||YEAR_LAST_CONSTRUCTION
13100640000EB|162.0|162.1|1968|||54|01/01/2023||YEAR_LAST_CONSTRUCTION
13100640000EB|162.1|162.2|1968|||54|01/01/2023||YEAR_LAST_CONSTRUCTION
13100640000EB|162.2|162.3|1968|||54|01/01/2023||YEAR_LAST_CONSTRUCTION
13100640000EB|162.3|162.4|1968|||54|01/01/2023||YEAR_LAST_CONSTRUCTION
13100640000EB|162.4|162.5|1968|||54|01/01/2023||YEAR_LAST_CONSTRUCTION
13100640000EB|162.5|162.6|1968|||54|01/01/2023||YEAR_LAST_CONSTRUCTION
13100640000EB|162.6|162.7|1968|||54|01/01/2023||YEAR_LAST_CONSTRUCTION
13100640000EB|162.7|162.8|1968|||54|01/01/2023||YEAR_LAST_CONSTRUCTION
13100640000EB|162.8|162.9|1968|||54|01/01/2023||YEAR_LAST_CONSTRUCTION
13100640000EB|162.9|163.0|1968|||54|01/01/2023||YEAR_LAST_CONSTRUCTION
13100640000EB|163.0|163.1|1968|||54|01/01/2023||YEAR_LAST_CONSTRUCTION
13100640000EB|163.1|163.2|1968|||54|01/01/2023||YEAR_LAST_CONSTRUCTION
13100640000EB|163.2|163.3|1968|||54|01/01/2023||YEAR_LAST_CONSTRUCTION
13100640000EB|163.3|163.4|1968|||54|01/01/2023||YEAR_LAST_CONSTRUCTION
13100640000EB|163.4|163.5|1968|||54|01/01/2023||YEAR_LAST_CONSTRUCTION
13100640000EB|163.5|163.6|1968|||54|01/01/2023||YEAR_LAST_CONSTRUCTION
13100640000EB|163.6|163.7|1968|||54|01/01/2023||YEAR_LAST_CONSTRUCTION
13100640000EB|163.7|163.8|1968|||54|01/01/2023||YEAR_LAST_CONSTRUCTION
13100640000EB|163.8|163.9|1968|||54|01/01/2023||YEAR_LAST_CONSTRUCTION
13100640000EB|163.9|164.0|1968|||54|01/01/2023||YEAR_LAST_CONSTRUCTION
13100640000EB|164.0|164.1|1968|||54|01/01/2023||YEAR_LAST_CONSTRUCTION
13100640000EB|164.1|164.2|1968|||54|01/01/2023||YEAR_LAST_CONSTRUCTION
13100640000EB|164.2|164.3|1968|||54|01/01/2023||YEAR_LAST_CONSTRUCTION
13100640000EB|164.3|164.4|1968|||54|01/01/2023||YEAR_LAST_CONSTRUCTION
13100640000EB|164.4|164.5|1968|||54|01/01/2023||YEAR_LAST_CONSTRUCTION
13100640000EB|164.5|164.6|1968|||54|01/01/2023||YEAR_LAST_CONSTRUCTION
13100640000EB|164.6|164.7|1968|||54|01/01/2023||YEAR_LAST_CONSTRUCTION
13100640000EB|164.7|164.8|1968|||54|01/01/2023||YEAR_LAST_CONSTRUCTION
13100640000EB|164.8|164.9|1968|||54|01/01/2023||YEAR_LAST_CONSTRUCTION
13100640000EB|164.9|165.0|1968|||54|01/01/2023||YEAR_LAST_CONSTRUCTION
13100640000EB|165.0|165.1|1968|||54|01/01/2023||YEAR_LAST_CONSTRUCTION
13100640000EB|165.1|165.2|1968|||54|01/01/2023||YEAR_LAST_CONSTRUCTION
13100640000EB|165.2|165.3|1968|||54|01/01/2023||YEAR_LAST_CONSTRUCTION
13100640000EB|165.3|165.4|1968|||54|01/01/2023||YEAR_LAST_CONSTRUCTION
13100640000EB|165.4|165.5|1968|||54|01/01/2023||YEAR_LAST_CONSTRUCTION
13100640000EB|165.5|165.6|1968|||54|01/01/2023||YEAR_LAST_CONSTRUCTION
13100640000EB|165.6|165.7|1968|||54|01/01/2023||YEAR_LAST_CONSTRUCTION
13100640000EB|165.7|165.8|1968|||54|01/01/2023||YEAR_LAST_CONSTRUCTION
13100640000EB|165.8|165.87|1968|||54|01/01/2023||YEAR_LAST_CONSTRUCTION
13100640000EB|165.87|165.9|1968|||54|01/01/2023||YEAR_LAST_CONSTRUCTION
13100640000EB|165.9|165.95|1968|||54|01/01/2023||YEAR_LAST_CONSTRUCTION
13100640000EB|165.95|166.0|1968|||54|01/01/2023||YEAR_LAST_CONSTRUCTION
13100640000EB|166.0|166.1|1968|||54|01/01/2023||YEAR_LAST_CONSTRUCTION
13100640000EB|166.1|166.2|1968|||54|01/01/2023||YEAR_LAST_CONSTRUCTION
13100640000EB|166.2|166.3|1968|||54|01/01/2023||YEAR_LAST_CONSTRUCTION
13100640000EB|166.3|166.4|1968|||54|01/01/2023||YEAR_LAST_CONSTRUCTION
13100640000EB|166.4|166.5|1968|||54|01/01/2023||YEAR_LAST_CONSTRUCTION
13100640000EB|166.5|166.6|1968|||54|01/01/2023||YEAR_LAST_CONSTRUCTION
13100640000EB|166.6|166.7|1968|||54|01/01/2023||YEAR_LAST_CONSTRUCTION
13100640000EB|166.7|166.8|1968|||54|01/01/2023||YEAR_LAST_CONSTRUCTION
13100640000EB|166.8|166.9|1968|||54|01/01/2023||YEAR_LAST_CONSTRUCTION
13100640000EB|166.9|167.0|1968|||54|01/01/2023||YEAR_LAST_CONSTRUCTION
13100640000EB|167.0|167.1|1968|||54|01/01/2023||YEAR_LAST_CONSTRUCTION
13100640000EB|167.1|167.2|1968|||54|01/01/2023||YEAR_LAST_CONSTRUCTION
13100640000EB|167.2|167.3|1968|||54|01/01/2023||YEAR_LAST_CONSTRUCTION
13100640000EB|167.3|167.4|1968|||54|01/01/2023||YEAR_LAST_CONSTRUCTION
13100640000EB|167.4|167.5|1968|||54|01/01/2023||YEAR_LAST_CONSTRUCTION
13100640000EB|167.5|167.6|1968|||54|01/01/2023||YEAR_LAST_CONSTRUCTION
13100640000EB|167.6|167.7|1968|||54|01/01/2023||YEAR_LAST_CONSTRUCTION
13100640000EB|167.7|167.8|1968|||54|01/01/2023||YEAR_LAST_CONSTRUCTION
13100640000EB|167.8|167.9|1968|||54|01/01/2023||YEAR_LAST_CONSTRUCTION
13100640000EB|167.9|168.0|1968|||54|01/01/2023||YEAR_LAST_CONSTRUCTION
13100640000EB|168.0|168.1|1968|||54|01/01/2023||YEAR_LAST_CONSTRUCTION
13100640000EB|168.1|168.2|1968|||54|01/01/2023||YEAR_LAST_CONSTRUCTION
13100640000EB|168.2|168.3|1968|||54|01/01/2023||YEAR_LAST_CONSTRUCTION
13100640000EB|168.3|168.4|1968|||54|01/01/2023||YEAR_LAST_CONSTRUCTION
13100640000EB|168.4|168.5|1968|||54|01/01/2023||YEAR_LAST_CONSTRUCTION
13100640000EB|168.5|168.6|1968|||54|01/01/2023||YEAR_LAST_CONSTRUCTION
13100640000EB|168.6|168.7|1968|||54|01/01/2023||YEAR_LAST_CONSTRUCTION
13100640000EB|168.7|168.8|1968|||54|01/01/2023||YEAR_LAST_CONSTRUCTION
13100640000EB|168.8|168.89|1968|||54|01/01/2023||YEAR_LAST_CONSTRUCTION
13100640000EB|168.96|169.0|1968|||54|01/01/2023||YEAR_LAST_CONSTRUCTION
13100640000EB|169.0|169.1|1968|||54|01/01/2023||YEAR_LAST_CONSTRUCTION
13100640000EB|169.1|169.2|1968|||54|01/01/2023||YEAR_LAST_CONSTRUCTION
13100640000EB|169.2|169.3|1968|||54|01/01/2023||YEAR_LAST_CONSTRUCTION
13100640000EB|169.3|169.38|1968|||54|01/01/2023||YEAR_LAST_CONSTRUCTION
13100640000EB|169.38|169.4|1968|||54|01/01/2023||YEAR_LAST_CONSTRUCTION
13100640000EB|169.4|169.41|1968|||54|01/01/2023||YEAR_LAST_CONSTRUCTION
13100640000EB|169.41|169.5|1968|||54|01/01/2023||YEAR_LAST_CONSTRUCTION
13100640000EB|169.5|169.6|1968|||54|01/01/2023||YEAR_LAST_CONSTRUCTION
13100640000EB|169.6|169.7|1968|||54|01/01/2023||YEAR_LAST_CONSTRUCTION
13100640000EB|169.7|169.8|1968|||54|01/01/2023||YEAR_LAST_CONSTRUCTION
13100640000EB|169.8|169.9|1968|||54|01/01/2023||YEAR_LAST_CONSTRUCTION
13100640000EB|169.9|170.0|1968|||54|01/01/2023||YEAR_LAST_CONSTRUCTION
13100640000EB|170.0|170.09|1968|||54|01/01/2023||YEAR_LAST_CONSTRUCTION
13100640000EB|170.09|170.1|1968|||54|01/01/2023||YEAR_LAST_CONSTRUCTION
13100640000EB|170.1|170.2|1968|||54|01/01/2023||YEAR_LAST_CONSTRUCTION
13100640000EB|170.2|170.23|1968|||54|01/01/2023||YEAR_LAST_CONSTRUCTION
13100640000EB|172.62|172.7|1968|||54|01/01/2023||YEAR_LAST_CONSTRUCTION
13100640000EB|172.7|172.8|1968|||54|01/01/2023||YEAR_LAST_CONSTRUCTION
13100640000EB|172.8|172.9|1968|||54|01/01/2023||YEAR_LAST_CONSTRUCTION
13100640000EB|172.9|173.0|1968|||54|01/01/2023||YEAR_LAST_CONSTRUCTION
13100640000EB|173.0|173.1|1968|||54|01/01/2023||YEAR_LAST_CONSTRUCTION
13100640000EB|173.1|173.2|1968|||54|01/01/2023||YEAR_LAST_CONSTRUCTION
13100640000EB|173.2|173.3|1968|||54|01/01/2023||YEAR_LAST_CONSTRUCTION
13100640000EB|173.3|173.4|1968|||54|01/01/2023||YEAR_LAST_CONSTRUCTION
13100640000EB|173.4|173.5|1968|||54|01/01/2023||YEAR_LAST_CONSTRUCTION
13100640000EB|173.5|173.6|1968|||54|01/01/2023||YEAR_LAST_CONSTRUCTION
13100640000EB|173.6|173.7|1968|||54|01/01/2023||YEAR_LAST_CONSTRUCTION
13100640000EB|173.7|173.8|1968|||54|01/01/2023||YEAR_LAST_CONSTRUCTION
13100640000EB|173.8|173.9|1968|||54|01/01/2023||YEAR_LAST_CONSTRUCTION
13100640000EB|173.9|174.0|1968|||54|01/01/2023||YEAR_LAST_CONSTRUCTION
13100640000EB|174.0|174.1|1968|||54|01/01/2023||YEAR_LAST_CONSTRUCTION
13100640000EB|174.1|174.2|1968|||54|01/01/2023||YEAR_LAST_CONSTRUCTION
13100640000EB|174.2|174.3|1968|||54|01/01/2023||YEAR_LAST_CONSTRUCTION
13100640000EB|174.3|174.4|1968|||54|01/01/2023||YEAR_LAST_CONSTRUCTION
13100640000EB|174.4|174.5|1968|||54|01/01/2023||YEAR_LAST_CONSTRUCTION
13100640000EB|174.5|174.6|1968|||54|01/01/2023||YEAR_LAST_CONSTRUCTION
13100640000EB|174.6|174.7|1968|||54|01/01/2023||YEAR_LAST_CONSTRUCTION
13100640000EB|174.7|174.8|1968|||54|01/01/2023||YEAR_LAST_CONSTRUCTION
13100640000EB|174.8|174.9|1968|||54|01/01/2023||YEAR_LAST_CONSTRUCTION
13100640000EB|174.9|175.0|1968|||54|01/01/2023||YEAR_LAST_CONSTRUCTION
13100640000EB|175.0|175.1|1968|||54|01/01/2023||YEAR_LAST_CONSTRUCTION
13100640000EB|175.1|175.2|1968|||54|01/01/2023||YEAR_LAST_CONSTRUCTION
13100640000EB|175.2|175.3|1968|||54|01/01/2023||YEAR_LAST_CONSTRUCTION
13100640000EB|175.3|175.31|1968|||54|01/01/2023||YEAR_LAST_CONSTRUCTION
13100640000EB|175.31|175.4|1968|||54|01/01/2023||YEAR_LAST_CONSTRUCTION
13100640000EB|175.4|175.5|1968|||54|01/01/2023||YEAR_LAST_CONSTRUCTION
13100640000EB|175.5|175.6|1968|||54|01/01/2023||YEAR_LAST_CONSTRUCTION
13100640000EB|175.6|175.7|1968|||54|01/01/2023||YEAR_LAST_CONSTRUCTION
13100640000EB|175.7|175.8|1968|||54|01/01/2023||YEAR_LAST_CONSTRUCTION
13100640000EB|175.8|175.9|1968|||54|01/01/2023||YEAR_LAST_CONSTRUCTION
13100640000EB|175.9|176.0|1968|||54|01/01/2023||YEAR_LAST_CONSTRUCTION
13100640000EB|176.0|176.1|1968|||54|01/01/2023||YEAR_LAST_CONSTRUCTION
13100640000EB|176.1|176.16|1968|||54|01/01/2023||YEAR_LAST_CONSTRUCTION
13100640000EB|176.16|176.2|1968|||54|01/01/2023||YEAR_LAST_CONSTRUCTION
13100640000EB|176.2|176.3|1968|||54|01/01/2023||YEAR_LAST_CONSTRUCTION
13100640000EB|176.3|176.4|1968|||54|01/01/2023||YEAR_LAST_CONSTRUCTION
13100640000EB|176.4|176.5|1968|||54|01/01/2023||YEAR_LAST_CONSTRUCTION
13100640000EB|176.5|176.6|1968|||54|01/01/2023||YEAR_LAST_CONSTRUCTION
13100640000EB|176.6|176.7|1968|||54|01/01/2023||YEAR_LAST_CONSTRUCTION
13100640000EB|176.7|176.8|1968|||54|01/01/2023||YEAR_LAST_CONSTRUCTION
13100640000EB|176.8|176.9|1968|||54|01/01/2023||YEAR_LAST_CONSTRUCTION
13100640000EB|176.9|177.0|1968|||54|01/01/2023||YEAR_LAST_CONSTRUCTION
13100640000EB|177.0|177.1|1968|||54|01/01/2023||YEAR_LAST_CONSTRUCTION
13100640000EB|177.1|177.2|1968|||54|01/01/2023||YEAR_LAST_CONSTRUCTION
13100640000EB|177.2|177.3|1968|||54|01/01/2023||YEAR_LAST_CONSTRUCTION
13100640000EB|177.3|177.4|1968|||54|01/01/2023||YEAR_LAST_CONSTRUCTION
13100640000EB|177.4|177.5|1968|||54|01/01/2023||YEAR_LAST_CONSTRUCTION
13100640000EB|177.5|177.6|1968|||54|01/01/2023||YEAR_LAST_CONSTRUCTION
13100640000EB|177.6|177.7|1968|||54|01/01/2023||YEAR_LAST_CONSTRUCTION
13100640000EB|177.7|177.8|1968|||54|01/01/2023||YEAR_LAST_CONSTRUCTION
13100640000EB|177.8|177.9|1968|||54|01/01/2023||YEAR_LAST_CONSTRUCTION
13100640000EB|177.9|178.0|1968|||54|01/01/2023||YEAR_LAST_CONSTRUCTION
13100640000EB|178.0|178.1|1968|||54|01/01/2023||YEAR_LAST_CONSTRUCTION
13100640000EB|178.1|178.2|1968|||54|01/01/2023||YEAR_LAST_CONSTRUCTION
13100640000EB|178.2|178.3|1968|||54|01/01/2023||YEAR_LAST_CONSTRUCTION
13100640000EB|178.3|178.4|1968|||54|01/01/2023||YEAR_LAST_CONSTRUCTION
13100640000EB|178.4|178.43|1968|||54|01/01/2023||YEAR_LAST_CONSTRUCTION
13100640000EB|178.43|178.5|1968|||54|01/01/2023||YEAR_LAST_CONSTRUCTION
13100640000EB|178.5|178.6|1968|||54|01/01/2023||YEAR_LAST_CONSTRUCTION
13100640000EB|178.6|178.7|1968|||54|01/01/2023||YEAR_LAST_CONSTRUCTION
13100640000EB|178.7|178.8|1968|||54|01/01/2023||YEAR_LAST_CONSTRUCTION
13100640000EB|178.8|178.9|1968|||54|01/01/2023||YEAR_LAST_CONSTRUCTION
13100640000EB|178.9|179.0|1968|||54|01/01/2023||YEAR_LAST_CONSTRUCTION
13100640000EB|179.0|179.1|1968|||54|01/01/2023||YEAR_LAST_CONSTRUCTION
13100640000EB|179.1|179.2|1968|||54|01/01/2023||YEAR_LAST_CONSTRUCTION
13100640000EB|179.2|179.3|1968|||54|01/01/2023||YEAR_LAST_CONSTRUCTION
13100640000EB|179.3|179.4|1968|||54|01/01/2023||YEAR_LAST_CONSTRUCTION
13100640000EB|179.4|179.5|1968|||54|01/01/2023||YEAR_LAST_CONSTRUCTION
13100640000EB|179.5|179.6|1968|||54|01/01/2023||YEAR_LAST_CONSTRUCTION
13100640000EB|179.6|179.7|1968|||54|01/01/2023||YEAR_LAST_CONSTRUCTION
13100640000EB|179.7|179.8|1968|||54|01/01/2023||YEAR_LAST_CONSTRUCTION
13100640000EB|179.8|179.9|1968|||54|01/01/2023||YEAR_LAST_CONSTRUCTION
13100640000EB|179.9|180.0|1968|||54|01/01/2023||YEAR_LAST_CONSTRUCTION
13100640000EB|180.0|180.1|1968|||54|01/01/2023||YEAR_LAST_CONSTRUCTION
13100640000EB|180.1|180.2|1968|||54|01/01/2023||YEAR_LAST_CONSTRUCTION
13100640000EB|180.2|180.3|1968|||54|01/01/2023||YEAR_LAST_CONSTRUCTION
13100640000EB|180.3|180.4|1968|||54|01/01/2023||YEAR_LAST_CONSTRUCTION
13100640000EB|180.4|180.5|1968|||54|01/01/2023||YEAR_LAST_CONSTRUCTION
13100640000EB|180.5|180.6|1968|||54|01/01/2023||YEAR_LAST_CONSTRUCTION
13100640000EB|180.6|180.7|1968|||54|01/01/2023||YEAR_LAST_CONSTRUCTION
13100640000EB|180.7|180.8|1968|||54|01/01/2023||YEAR_LAST_CONSTRUCTION
13100640000EB|180.8|180.9|1968|||54|01/01/2023||YEAR_LAST_CONSTRUCTION
13100640000EB|180.9|181.0|1968|||54|01/01/2023||YEAR_LAST_CONSTRUCTION
13100640000EB|181.0|181.1|1968|||54|01/01/2023||YEAR_LAST_CONSTRUCTION
13100640000EB|181.1|181.12|1968|||54|01/01/2023||YEAR_LAST_CONSTRUCTION
13100640000EB|181.12|181.2|1968|||54|01/01/2023||YEAR_LAST_CONSTRUCTION
13100640000EB|181.2|181.3|1968|||54|01/01/2023||YEAR_LAST_CONSTRUCTION
13100640000EB|181.3|181.4|1968|||54|01/01/2023||YEAR_LAST_CONSTRUCTION
13100640000EB|181.4|181.5|1968|||54|01/01/2023||YEAR_LAST_CONSTRUCTION
13100640000EB|181.5|181.6|1968|||54|01/01/2023||YEAR_LAST_CONSTRUCTION
13100640000EB|181.6|181.7|1968|||54|01/01/2023||YEAR_LAST_CONSTRUCTION
13100640000EB|181.7|181.8|1968|||54|01/01/2023||YEAR_LAST_CONSTRUCTION
13100640000EB|181.8|181.9|1968|||54|01/01/2023||YEAR_LAST_CONSTRUCTION
13100640000EB|181.9|182.0|1968|||54|01/01/2023||YEAR_LAST_CONSTRUCTION
13100640000EB|182.0|182.02|1968|||54|01/01/2023||YEAR_LAST_CONSTRUCTION
13100640000EB|182.02|182.1|1968|||54|01/01/2023||YEAR_LAST_CONSTRUCTION
13100640000EB|182.1|182.2|1968|||54|01/01/2023||YEAR_LAST_CONSTRUCTION
13100640000EB|182.2|182.3|1968|||54|01/01/2023||YEAR_LAST_CONSTRUCTION
13100640000EB|182.3|182.4|1968|||54|01/01/2023||YEAR_LAST_CONSTRUCTION
13100640000EB|182.4|182.5|1968|||54|01/01/2023||YEAR_LAST_CONSTRUCTION
13100640000EB|182.5|182.6|1968|||54|01/01/2023||YEAR_LAST_CONSTRUCTION
13100640000EB|182.6|182.7|1968|||54|01/01/2023||YEAR_LAST_CONSTRUCTION
13100640000EB|182.7|182.8|1968|||54|01/01/2023||YEAR_LAST_CONSTRUCTION
13100640000EB|182.8|182.9|1968|||54|01/01/2023||YEAR_LAST_CONSTRUCTION
13100640000EB|182.9|183.0|1968|||54|01/01/2023||YEAR_LAST_CONSTRUCTION
13100640000EB|183.0|183.1|1968|||54|01/01/2023||YEAR_LAST_CONSTRUCTION
13100640000EB|183.1|183.2|1968|||54|01/01/2023||YEAR_LAST_CONSTRUCTION
13100640000EB|183.2|183.3|1968|||54|01/01/2023||YEAR_LAST_CONSTRUCTION
13100640000EB|183.3|183.4|1968|||54|01/01/2023||YEAR_LAST_CONSTRUCTION
13100640000EB|183.4|183.5|1968|||54|01/01/2023||YEAR_LAST_CONSTRUCTION
13100640000EB|183.5|183.6|1968|||54|01/01/2023||YEAR_LAST_CONSTRUCTION
13100640000EB|183.6|183.7|1968|||54|01/01/2023||YEAR_LAST_CONSTRUCTION
13100640000EB|183.7|183.8|1968|||54|01/01/2023||YEAR_LAST_CONSTRUCTION
13100640000EB|183.8|183.9|1968|||54|01/01/2023||YEAR_LAST_CONSTRUCTION
13100640000EB|183.9|184.0|1968|||54|01/01/2023||YEAR_LAST_CONSTRUCTION
13100640000EB|184.0|184.02|1968|||54|01/01/2023||YEAR_LAST_CONSTRUCTION
13200600000EB|16.48|16.5|1921|||54|01/01/2023||YEAR_LAST_CONSTRUCTION
13200600000EB|16.5|16.6|1921|||54|01/01/2023||YEAR_LAST_CONSTRUCTION
13200600000EB|16.6|16.7|1921|||54|01/01/2023||YEAR_LAST_CONSTRUCTION
13200600000EB|16.7|16.8|1921|||54|01/01/2023||YEAR_LAST_CONSTRUCTION
13200600000EB|16.8|16.9|1921|||54|01/01/2023||YEAR_LAST_CONSTRUCTION
13200600000EB|16.9|17.0|1921|||54|01/01/2023||YEAR_LAST_CONSTRUCTION
13200600000EB|17.0|17.1|1921|||54|01/01/2023||YEAR_LAST_CONSTRUCTION
13200600000EB|17.1|17.2|1921|||54|01/01/2023||YEAR_LAST_CONSTRUCTION
13200600000EB|17.2|17.3|1921|||54|01/01/2023||YEAR_LAST_CONSTRUCTION
13200600000EB|17.3|17.4|1921|||54|01/01/2023||YEAR_LAST_CONSTRUCTION
13200600000EB|17.4|17.43|1921|||54|01/01/2023||YEAR_LAST_CONSTRUCTION
13200600000EB|28.53|28.6|1921|||54|01/01/2023||YEAR_LAST_CONSTRUCTION
13200600000EB|28.6|28.7|1921|||54|01/01/2023||YEAR_LAST_CONSTRUCTION
13200600000EB|28.7|28.8|1921|||54|01/01/2023||YEAR_LAST_CONSTRUCTION
13200600000EB|28.8|28.9|1921|||54|01/01/2023||YEAR_LAST_CONSTRUCTION
13200600000EB|28.9|29.0|1921|||54|01/01/2023||YEAR_LAST_CONSTRUCTION
13200600000EB|29.0|29.1|1921|||54|01/01/2023||YEAR_LAST_CONSTRUCTION
13200600000EB|29.1|29.2|1921|||54|01/01/2023||YEAR_LAST_CONSTRUCTION
13200600000EB|29.2|29.3|1921|||54|01/01/2023||YEAR_LAST_CONSTRUCTION
13200600000EB|29.3|29.4|1921|||54|01/01/2023||YEAR_LAST_CONSTRUCTION
13200600000EB|29.4|29.5|1921|||54|01/01/2023||YEAR_LAST_CONSTRUCTION
13200600000EB|29.5|29.6|1921|||54|01/01/2023||YEAR_LAST_CONSTRUCTION
13200600000EB|29.6|29.61|1921|||54|01/01/2023||YEAR_LAST_CONSTRUCTION
13200600000EB|35.19|35.2|1921|||54|01/01/2023||YEAR_LAST_CONSTRUCTION
13200600000EB|35.2|35.3|1921|||54|01/01/2023||YEAR_LAST_CONSTRUCTION
13200600000EB|35.3|35.4|1921|||54|01/01/2023||YEAR_LAST_CONSTRUCTION
13200600000EB|35.4|35.5|1921|||54|01/01/2023||YEAR_LAST_CONSTRUCTION
13200600000EB|35.5|35.6|1921|||54|01/01/2023||YEAR_LAST_CONSTRUCTION
13200600000EB|35.6|35.7|1921|||54|01/01/2023||YEAR_LAST_CONSTRUCTION
13200600000EB|35.7|35.8|1921|||54|01/01/2023||YEAR_LAST_CONSTRUCTION
13200600000EB|35.8|35.9|1921|||54|01/01/2023||YEAR_LAST_CONSTRUCTION
13200600000EB|35.9|36.0|1921|||54|01/01/2023||YEAR_LAST_CONSTRUCTION
13200600000EB|36.0|36.1|1921|||54|01/01/2023||YEAR_LAST_CONSTRUCTION
13200600000EB|36.1|36.2|1921|||54|01/01/2023||YEAR_LAST_CONSTRUCTION
13200600000EB|36.2|36.3|1921|||54|01/01/2023||YEAR_LAST_CONSTRUCTION
13200600000EB|36.3|36.4|1921|||54|01/01/2023||YEAR_LAST_CONSTRUCTION
13200600000EB|36.4|36.5|1921|||54|01/01/2023||YEAR_LAST_CONSTRUCTION
13200600000EB|36.5|36.6|1921|||54|01/01/2023||YEAR_LAST_CONSTRUCTION
13200600000EB|36.6|36.7|1921|||54|01/01/2023||YEAR_LAST_CONSTRUCTION
13200600000EB|36.7|36.8|1921|||54|01/01/2023||YEAR_LAST_CONSTRUCTION
13200600000EB|36.8|36.9|1921|||54|01/01/2023||YEAR_LAST_CONSTRUCTION
13200600000EB|36.9|37.0|1921|||54|01/01/2023||YEAR_LAST_CONSTRUCTION
13200600000EB|37.0|37.1|1921|||54|01/01/2023||YEAR_LAST_CONSTRUCTION
13200600000EB|37.1|37.2|1921|||54|01/01/2023||YEAR_LAST_CONSTRUCTION
13200600000EB|37.2|37.3|1921|||54|01/01/2023||YEAR_LAST_CONSTRUCTION
13200600000EB|37.3|37.4|1921|||54|01/01/2023||YEAR_LAST_CONSTRUCTION
13200600000EB|37.4|37.5|1921|||54|01/01/2023||YEAR_LAST_CONSTRUCTION
13200600000EB|37.5|37.6|1921|||54|01/01/2023||YEAR_LAST_CONSTRUCTION
13200600000EB|37.6|37.65|1921|||54|01/01/2023||YEAR_LAST_CONSTRUCTION
13202190000NB|2.57|2.6|1921|||54|01/01/2023||YEAR_LAST_CONSTRUCTION
13202190000NB|2.6|2.7|1921|||54|01/01/2023||YEAR_LAST_CONSTRUCTION
13202190000NB|2.7|2.8|1921|||54|01/01/2023||YEAR_LAST_CONSTRUCTION
13202190000NB|2.8|2.9|1921|||54|01/01/2023||YEAR_LAST_CONSTRUCTION
13202190000NB|2.9|3.0|1921|||54|01/01/2023||YEAR_LAST_CONSTRUCTION
13202190000NB|3.0|3.1|1921|||54|01/01/2023||YEAR_LAST_CONSTRUCTION
13202190000NB|3.1|3.2|1921|||54|01/01/2023||YEAR_LAST_CONSTRUCTION
13202190000NB|3.2|3.3|1921|||54|01/01/2023||YEAR_LAST_CONSTRUCTION
13202190000NB|3.3|3.4|1921|||54|01/01/2023||YEAR_LAST_CONSTRUCTION
13202190000NB|3.4|3.5|1921|||54|01/01/2023||YEAR_LAST_CONSTRUCTION
13202190000NB|3.5|3.6|1921|||54|01/01/2023||YEAR_LAST_CONSTRUCTION
13202190000NB|3.6|3.7|1921|||54|01/01/2023||YEAR_LAST_CONSTRUCTION
13202190000NB|3.7|3.8|1921|||54|01/01/2023||YEAR_LAST_CONSTRUCTION
13202190000NB|3.8|3.9|1921|||54|01/01/2023||YEAR_LAST_CONSTRUCTION
13202190000NB|3.9|4.0|1921|||54|01/01/2023||YEAR_LAST_CONSTRUCTION
13202190000NB|4.0|4.1|1921|||54|01/01/2023||YEAR_LAST_CONSTRUCTION
13202190000NB|4.1|4.2|1921|||54|01/01/2023||YEAR_LAST_CONSTRUCTION
13202190000NB|4.2|4.3|1921|||54|01/01/2023||YEAR_LAST_CONSTRUCTION
13202190000NB|4.3|4.4|1921|||54|01/01/2023||YEAR_LAST_CONSTRUCTION
13202190000NB|4.4|4.5|1921|||54|01/01/2023||YEAR_LAST_CONSTRUCTION
13202190000NB|4.5|4.6|1921|||54|01/01/2023||YEAR_LAST_CONSTRUCTION
13202190000NB|4.6|4.7|1921|||54|01/01/2023||YEAR_LAST_CONSTRUCTION
13202190000NB|4.7|4.79|1921|||54|01/01/2023||YEAR_LAST_CONSTRUCTION
13202190000NB|5.37|5.4|1921|||54|01/01/2023||YEAR_LAST_CONSTRUCTION
13202190000NB|5.4|5.5|1921|||54|01/01/2023||YEAR_LAST_CONSTRUCTION
13202190000NB|5.5|5.6|1921|||54|01/01/2023||YEAR_LAST_CONSTRUCTION
13202190000NB|5.6|5.69|1921|||54|01/01/2023||YEAR_LAST_CONSTRUCTION
13202190000NB|5.69|5.7|1921|||54|01/01/2023||YEAR_LAST_CONSTRUCTION
13202190000NB|5.7|5.8|1921|||54|01/01/2023||YEAR_LAST_CONSTRUCTION
13202190000NB|5.8|5.9|1921|||54|01/01/2023||YEAR_LAST_CONSTRUCTION
13202190000NB|5.9|6.0|1921|||54|01/01/2023||YEAR_LAST_CONSTRUCTION
13202190000NB|6.0|6.03|1921|||54|01/01/2023||YEAR_LAST_CONSTRUCTION
13202190000NB|6.03|6.04|1921|||54|01/01/2023||YEAR_LAST_CONSTRUCTION
13202190000NB|6.04|6.1|1921|||54|01/01/2023||YEAR_LAST_CONSTRUCTION
13202190000NB|6.1|6.2|1921|||54|01/01/2023||YEAR_LAST_CONSTRUCTION
13202190000NB|6.2|6.3|1921|||54|01/01/2023||YEAR_LAST_CONSTRUCTION
13202190000NB|6.3|6.39|1921|||54|01/01/2023||YEAR_LAST_CONSTRUCTION
13202190000NB|6.39|6.4|1921|||54|01/01/2023||YEAR_LAST_CONSTRUCTION
13202190000NB|6.4|6.5|1921|||54|01/01/2023||YEAR_LAST_CONSTRUCTION
13202190000NB|6.5|6.52|1921|||54|01/01/2023||YEAR_LAST_CONSTRUCTION
13202190000NB|6.52|6.6|1921|||54|01/01/2023||YEAR_LAST_CONSTRUCTION
13202190000NB|6.6|6.69|1921|||54|01/01/2023||YEAR_LAST_CONSTRUCTION
13202190000NB|6.69|6.7|1921|||54|01/01/2023||YEAR_LAST_CONSTRUCTION
13202190000NB|6.7|6.8|1921|||54|01/01/2023||YEAR_LAST_CONSTRUCTION
13202190000NB|6.8|6.9|1921|||54|01/01/2023||YEAR_LAST_CONSTRUCTION
13202190000NB|6.9|7.0|1921|||54|01/01/2023||YEAR_LAST_CONSTRUCTION
13202190000NB|7.0|7.1|1921|||54|01/01/2023||YEAR_LAST_CONSTRUCTION
13202190000NB|7.1|7.11|1921|||54|01/01/2023||YEAR_LAST_CONSTRUCTION
13202190000NB|7.43|7.5|1921|||54|01/01/2023||YEAR_LAST_CONSTRUCTION
13202190000NB|7.5|7.6|1921|||54|01/01/2023||YEAR_LAST_CONSTRUCTION
13202190000NB|7.6|7.7|1921|||54|01/01/2023||YEAR_LAST_CONSTRUCTION
13202190000NB|7.7|7.8|1921|||54|01/01/2023||YEAR_LAST_CONSTRUCTION
13202190000NB|7.8|7.9|1921|||54|01/01/2023||YEAR_LAST_CONSTRUCTION
13202190000NB|7.9|8.0|1921|||54|01/01/2023||YEAR_LAST_CONSTRUCTION
13202190000NB|8.0|8.1|1921|||54|01/01/2023||YEAR_LAST_CONSTRUCTION
13202190000NB|8.1|8.2|1921|||54|01/01/2023||YEAR_LAST_CONSTRUCTION
13202190000NB|8.2|8.3|1921|||54|01/01/2023||YEAR_LAST_CONSTRUCTION
13202190000NB|8.3|8.4|1921|||54|01/01/2023||YEAR_LAST_CONSTRUCTION
13202190000NB|8.4|8.5|1921|||54|01/01/2023||YEAR_LAST_CONSTRUCTION
13202190000NB|8.5|8.59|1921|||54|01/01/2023||YEAR_LAST_CONSTRUCTION
13202190000NB|8.59|8.6|1921|||54|01/01/2023||YEAR_LAST_CONSTRUCTION
13202190000NB|8.6|8.7|1921|||54|01/01/2023||YEAR_LAST_CONSTRUCTION
13202190000NB|8.7|8.8|1921|||54|01/01/2023||YEAR_LAST_CONSTRUCTION
13202190000NB|8.8|8.9|1921|||54|01/01/2023||YEAR_LAST_CONSTRUCTION
13202190000NB|8.9|9.0|1921|||54|01/01/2023||YEAR_LAST_CONSTRUCTION
13202190000NB|9.0|9.06|1921|||54|01/01/2023||YEAR_LAST_CONSTRUCTION
13202190000NB|9.06|9.1|1921|||54|01/01/2023||YEAR_LAST_CONSTRUCTION
13202190000NB|9.1|9.2|1921|||54|01/01/2023||YEAR_LAST_CONSTRUCTION
13202190000NB|9.2|9.3|1921|||54|01/01/2023||YEAR_LAST_CONSTRUCTION
13202190000NB|9.3|9.4|1921|||54|01/01/2023||YEAR_LAST_CONSTRUCTION
13202190000NB|9.4|9.5|1921|||54|01/01/2023||YEAR_LAST_CONSTRUCTION
13202190000NB|9.5|9.6|1921|||54|01/01/2023||YEAR_LAST_CONSTRUCTION
13202190000NB|9.6|9.7|1921|||54|01/01/2023||YEAR_LAST_CONSTRUCTION
13202190000NB|9.7|9.8|1921|||54|01/01/2023||YEAR_LAST_CONSTRUCTION
13202190000NB|9.8|9.87|1921|||54|01/01/2023||YEAR_LAST_CONSTRUCTION
13202190000NB|9.87|9.9|1921|||54|01/01/2023||YEAR_LAST_CONSTRUCTION
13202190000NB|10.01|10.1|1921|||54|01/01/2023||YEAR_LAST_CONSTRUCTION
13202190000NB|10.1|10.2|1921|||54|01/01/2023||YEAR_LAST_CONSTRUCTION
13202190000NB|10.2|10.3|1921|||54|01/01/2023||YEAR_LAST_CONSTRUCTION
13202190000NB|10.3|10.4|1921|||54|01/01/2023||YEAR_LAST_CONSTRUCTION
13202190000NB|10.4|10.48|1921|||54|01/01/2023||YEAR_LAST_CONSTRUCTION
13202190000NB|10.48|10.5|1921|||54|01/01/2023||YEAR_LAST_CONSTRUCTION
13202190000NB|10.5|10.6|1921|||54|01/01/2023||YEAR_LAST_CONSTRUCTION
13202190000NB|10.6|10.7|1921|||54|01/01/2023||YEAR_LAST_CONSTRUCTION
13202190000NB|10.7|10.8|1921|||54|01/01/2023||YEAR_LAST_CONSTRUCTION
13202190000NB|10.8|10.85|1921|||54|01/01/2023||YEAR_LAST_CONSTRUCTION
13202190000NB|10.85|10.9|1921|||54|01/01/2023||YEAR_LAST_CONSTRUCTION
13202190000NB|10.9|11.0|1921|||54|01/01/2023||YEAR_LAST_CONSTRUCTION
13202190000NB|11.0|11.06|1921|||54|01/01/2023||YEAR_LAST_CONSTRUCTION
13202190000NB|11.06|11.1|1921|||54|01/01/2023||YEAR_LAST_CONSTRUCTION
13202190000NB|11.1|11.12|1921|||54|01/01/2023||YEAR_LAST_CONSTRUCTION
13202190000NB|11.12|11.2|1921|||54|01/01/2023||YEAR_LAST_CONSTRUCTION
13202190000NB|11.2|11.26|1921|||54|01/01/2023||YEAR_LAST_CONSTRUCTION
13202190000NB|14.154|14.2|1921|||54|01/01/2023||YEAR_LAST_CONSTRUCTION
13202190000NB|14.2|14.3|1921|||54|01/01/2023||YEAR_LAST_CONSTRUCTION
13202190000NB|14.3|14.34|1921|||54|01/01/2023||YEAR_LAST_CONSTRUCTION
13202190000NB|14.34|14.4|1921|||54|01/01/2023||YEAR_LAST_CONSTRUCTION
13202190000NB|14.4|14.45|1921|||54|01/01/2023||YEAR_LAST_CONSTRUCTION
13202190000NB|15.74|15.8|1921|||54|01/01/2023||YEAR_LAST_CONSTRUCTION
13202190000NB|15.8|15.9|1921|||54|01/01/2023||YEAR_LAST_CONSTRUCTION
13202190000NB|15.9|16.0|1921|||54|01/01/2023||YEAR_LAST_CONSTRUCTION
13202190000NB|16.0|16.1|1921|||54|01/01/2023||YEAR_LAST_CONSTRUCTION
13202190000NB|16.1|16.2|1921|||54|01/01/2023||YEAR_LAST_CONSTRUCTION
13202190000NB|16.2|16.3|1921|||54|01/01/2023||YEAR_LAST_CONSTRUCTION
13202190000NB|16.3|16.37|1921|||54|01/01/2023||YEAR_LAST_CONSTRUCTION
13202190000NB|21.34|21.4|1921|||54|01/01/2023||YEAR_LAST_CONSTRUCTION
13202190000NB|21.4|21.5|1921|||54|01/01/2023||YEAR_LAST_CONSTRUCTION
13202190000NB|21.5|21.6|1921|||54|01/01/2023||YEAR_LAST_CONSTRUCTION
13202190000NB|21.6|21.7|1921|||54|01/01/2023||YEAR_LAST_CONSTRUCTION
13202190000NB|21.7|21.8|1921|||54|01/01/2023||YEAR_LAST_CONSTRUCTION
13202190000NB|21.8|21.86|1921|||54|01/01/2023||YEAR_LAST_CONSTRUCTION
13202190000NB|25.9|26.0|1921|||54|01/01/2023||YEAR_LAST_CONSTRUCTION
13202190000NB|26.0|26.1|1921|||54|01/01/2023||YEAR_LAST_CONSTRUCTION
13202190000NB|26.1|26.2|1921|||54|01/01/2023||YEAR_LAST_CONSTRUCTION
13202190000NB|26.2|26.3|1921|||54|01/01/2023||YEAR_LAST_CONSTRUCTION
13202190000NB|26.3|26.4|1921|||54|01/01/2023||YEAR_LAST_CONSTRUCTION
13202190000NB|26.4|26.5|1921|||54|01/01/2023||YEAR_LAST_CONSTRUCTION
13202190000NB|26.5|26.6|1921|||54|01/01/2023||YEAR_LAST_CONSTRUCTION
13202190000NB|26.6|26.7|1921|||54|01/01/2023||YEAR_LAST_CONSTRUCTION
13202190000NB|26.7|26.76|1921|||54|01/01/2023||YEAR_LAST_CONSTRUCTION
13202190000NB|26.76|26.8|1921|||54|01/01/2023||YEAR_LAST_CONSTRUCTION
13202190000NB|26.8|26.9|1921|||54|01/01/2023||YEAR_LAST_CONSTRUCTION
13202190000NB|26.9|26.97|1921|||54|01/01/2023||YEAR_LAST_CONSTRUCTION
13202190000NB|26.97|27.0|1921|||54|01/01/2023||YEAR_LAST_CONSTRUCTION
13202190000NB|27.0|27.1|1921|||54|01/01/2023||YEAR_LAST_CONSTRUCTION
13202190000NB|27.1|27.2|1921|||54|01/01/2023||YEAR_LAST_CONSTRUCTION
13202190000NB|27.2|27.3|1921|||54|01/01/2023||YEAR_LAST_CONSTRUCTION
13202190000NB|27.3|27.33|1921|||54|01/01/2023||YEAR_LAST_CONSTRUCTION
13202190000NB|27.33|27.4|1921|||54|01/01/2023||YEAR_LAST_CONSTRUCTION
13202190000NB|27.4|27.5|1921|||54|01/01/2023||YEAR_LAST_CONSTRUCTION
13202190000NB|27.5|27.6|1921|||54|01/01/2023||YEAR_LAST_CONSTRUCTION
13202190000NB|27.6|27.7|1921|||54|01/01/2023||YEAR_LAST_CONSTRUCTION
13202190000NB|27.7|27.8|1921|||54|01/01/2023||YEAR_LAST_CONSTRUCTION
13202190000NB|27.8|27.9|1921|||54|01/01/2023||YEAR_LAST_CONSTRUCTION
13202190000NB|27.9|28.0|1921|||54|01/01/2023||YEAR_LAST_CONSTRUCTION
13202190000NB|28.0|28.1|1921|||54|01/01/2023||YEAR_LAST_CONSTRUCTION
13202190000NB|28.1|28.2|1921|||54|01/01/2023||YEAR_LAST_CONSTRUCTION
13202190000NB|28.2|28.3|1921|||54|01/01/2023||YEAR_LAST_CONSTRUCTION
13202190000NB|28.3|28.4|1921|||54|01/01/2023||YEAR_LAST_CONSTRUCTION
13202190000NB|28.4|28.5|1921|||54|01/01/2023||YEAR_LAST_CONSTRUCTION
13202190000NB|28.5|28.6|1921|||54|01/01/2023||YEAR_LAST_CONSTRUCTION
13202190000NB|28.6|28.7|1921|||54|01/01/2023||YEAR_LAST_CONSTRUCTION
13202190000NB|28.7|28.8|1921|||54|01/01/2023||YEAR_LAST_CONSTRUCTION
13202190000NB|28.8|28.9|1921|||54|01/01/2023||YEAR_LAST_CONSTRUCTION
13202190000NB|28.9|29.0|1921|||54|01/01/2023||YEAR_LAST_CONSTRUCTION
13202190000NB|29.0|29.1|1921|||54|01/01/2023||YEAR_LAST_CONSTRUCTION
13202190000NB|29.1|29.2|1921|||54|01/01/2023||YEAR_LAST_CONSTRUCTION
13202190000NB|29.2|29.3|1921|||54|01/01/2023||YEAR_LAST_CONSTRUCTION
13202190000NB|29.3|29.4|1921|||54|01/01/2023||YEAR_LAST_CONSTRUCTION
13202190000NB|29.4|29.5|1921|||54|01/01/2023||YEAR_LAST_CONSTRUCTION
13202190000NB|29.5|29.6|1921|||54|01/01/2023||YEAR_LAST_CONSTRUCTION
13202190000NB|29.6|29.7|1921|||54|01/01/2023||YEAR_LAST_CONSTRUCTION
13202190000NB|29.7|29.72|1921|||54|01/01/2023||YEAR_LAST_CONSTRUCTION
13202190000NB|29.72|29.8|1921|||54|01/01/2023||YEAR_LAST_CONSTRUCTION
13202190000NB|29.8|29.9|1921|||54|01/01/2023||YEAR_LAST_CONSTRUCTION
13202190000NB|29.9|30.0|1921|||54|01/01/2023||YEAR_LAST_CONSTRUCTION
13202190000NB|30.0|30.1|1921|||54|01/01/2023||YEAR_LAST_CONSTRUCTION
13202190000NB|30.1|30.2|1921|||54|01/01/2023||YEAR_LAST_CONSTRUCTION
13202190000NB|30.2|30.3|1921|||54|01/01/2023||YEAR_LAST_CONSTRUCTION
13202190000NB|30.3|30.4|1921|||54|01/01/2023||YEAR_LAST_CONSTRUCTION
13202190000NB|30.4|30.5|1921|||54|01/01/2023||YEAR_LAST_CONSTRUCTION
13202190000NB|30.5|30.6|1921|||54|01/01/2023||YEAR_LAST_CONSTRUCTION
13202190000NB|30.6|30.7|1921|||54|01/01/2023||YEAR_LAST_CONSTRUCTION
13202190000NB|30.7|30.8|1921|||54|01/01/2023||YEAR_LAST_CONSTRUCTION
13202190000NB|30.8|30.9|1921|||54|01/01/2023||YEAR_LAST_CONSTRUCTION
13202190000NB|30.9|31.0|1921|||54|01/01/2023||YEAR_LAST_CONSTRUCTION
13202190000NB|31.0|31.1|1921|||54|01/01/2023||YEAR_LAST_CONSTRUCTION
13202190000NB|31.1|31.2|1921|||54|01/01/2023||YEAR_LAST_CONSTRUCTION
13202190000NB|31.2|31.3|1921|||54|01/01/2023||YEAR_LAST_CONSTRUCTION
13202190000NB|31.3|31.4|1921|||54|01/01/2023||YEAR_LAST_CONSTRUCTION
13202190000NB|31.4|31.5|1921|||54|01/01/2023||YEAR_LAST_CONSTRUCTION
13202190000NB|31.5|31.56|1921|||54|01/01/2023||YEAR_LAST_CONSTRUCTION
13202190000NB|31.56|31.6|1921|||54|01/01/2023||YEAR_LAST_CONSTRUCTION
13202190000NB|31.6|31.7|1921|||54|01/01/2023||YEAR_LAST_CONSTRUCTION
13202190000NB|31.7|31.8|1921|||54|01/01/2023||YEAR_LAST_CONSTRUCTION
13202190000NB|31.8|31.9|1921|||54|01/01/2023||YEAR_LAST_CONSTRUCTION
13202190000NB|31.9|32.0|1921|||54|01/01/2023||YEAR_LAST_CONSTRUCTION
13202190000NB|32.0|32.1|1921|||54|01/01/2023||YEAR_LAST_CONSTRUCTION
13202190000NB|32.1|32.2|1921|||54|01/01/2023||YEAR_LAST_CONSTRUCTION
13202190000NB|32.2|32.3|1921|||54|01/01/2023||YEAR_LAST_CONSTRUCTION
13202190000NB|32.3|32.4|1921|||54|01/01/2023||YEAR_LAST_CONSTRUCTION
13202190000NB|32.4|32.5|1921|||54|01/01/2023||YEAR_LAST_CONSTRUCTION
13202190000NB|32.5|32.6|1921|||54|01/01/2023||YEAR_LAST_CONSTRUCTION
13202190000NB|32.6|32.7|1921|||54|01/01/2023||YEAR_LAST_CONSTRUCTION
13202190000NB|32.7|32.8|1921|||54|01/01/2023||YEAR_LAST_CONSTRUCTION
13202190000NB|32.8|32.9|1921|||54|01/01/2023||YEAR_LAST_CONSTRUCTION
13202190000NB|32.9|33.0|1921|||54|01/01/2023||YEAR_LAST_CONSTRUCTION
13202190000NB|33.0|33.1|1921|||54|01/01/2023||YEAR_LAST_CONSTRUCTION
13202190000NB|33.1|33.2|1921|||54|01/01/2023||YEAR_LAST_CONSTRUCTION
13202190000NB|33.2|33.3|1921|||54|01/01/2023||YEAR_LAST_CONSTRUCTION
13202190000NB|33.3|33.4|1921|||54|01/01/2023||YEAR_LAST_CONSTRUCTION
13202190000NB|33.4|33.5|1921|||54|01/01/2023||YEAR_LAST_CONSTRUCTION
13202190000NB|33.5|33.6|1921|||54|01/01/2023||YEAR_LAST_CONSTRUCTION
13202190000NB|33.6|33.7|1921|||54|01/01/2023||YEAR_LAST_CONSTRUCTION
13202190000NB|33.7|33.8|1921|||54|01/01/2023||YEAR_LAST_CONSTRUCTION
13202190000NB|33.8|33.9|1921|||54|01/01/2023||YEAR_LAST_CONSTRUCTION
13202190000NB|33.9|34.0|1921|||54|01/01/2023||YEAR_LAST_CONSTRUCTION
13202190000NB|34.0|34.1|1921|||54|01/01/2023||YEAR_LAST_CONSTRUCTION
13202190000NB|34.1|34.2|1921|||54|01/01/2023||YEAR_LAST_CONSTRUCTION
13202190000NB|34.2|34.22|1921|||54|01/01/2023||YEAR_LAST_CONSTRUCTION
13202190005SB|0.0|0.1|1997|||54|01/01/2023||YEAR_LAST_CONSTRUCTION
13202190005SB|0.1|0.2|1997|||54|01/01/2023||YEAR_LAST_CONSTRUCTION
13202190005SB|0.2|0.3|1997|||54|01/01/2023||YEAR_LAST_CONSTRUCTION
13202190005SB|0.3|0.33|1997|||54|01/01/2023||YEAR_LAST_CONSTRUCTION
13202190005SB|0.33|0.4|1997|||54|01/01/2023||YEAR_LAST_CONSTRUCTION
13202190005SB|0.4|0.5|1997|||54|01/01/2023||YEAR_LAST_CONSTRUCTION
13202190005SB|0.5|0.6|1997|||54|01/01/2023||YEAR_LAST_CONSTRUCTION
13202190005SB|0.6|0.7|1997|||54|01/01/2023||YEAR_LAST_CONSTRUCTION
13202190005SB|0.7|0.8|1997|||54|01/01/2023||YEAR_LAST_CONSTRUCTION
13202190005SB|0.8|0.9|1997|||54|01/01/2023||YEAR_LAST_CONSTRUCTION
13202190005SB|0.9|1.0|1997|||54|01/01/2023||YEAR_LAST_CONSTRUCTION
13202190005SB|1.0|1.1|1997|||54|01/01/2023||YEAR_LAST_CONSTRUCTION
13202190005SB|1.1|1.2|1997|||54|01/01/2023||YEAR_LAST_CONSTRUCTION
13202190005SB|1.2|1.3|1997|||54|01/01/2023||YEAR_LAST_CONSTRUCTION
13202190005SB|1.3|1.4|1997|||54|01/01/2023||YEAR_LAST_CONSTRUCTION
13202190005SB|1.4|1.5|1997|||54|01/01/2023||YEAR_LAST_CONSTRUCTION
13202190005SB|1.5|1.6|1997|||54|01/01/2023||YEAR_LAST_CONSTRUCTION
13202190005SB|1.6|1.64|1997|||54|01/01/2023||YEAR_LAST_CONSTRUCTION
32202190000NB|1.92|2.0|1921|||54|01/01/2023||YEAR_LAST_CONSTRUCTION
32202190000NB|2.0|2.1|1921|||54|01/01/2023||YEAR_LAST_CONSTRUCTION
32202190000NB|2.1|2.2|1921|||54|01/01/2023||YEAR_LAST_CONSTRUCTION
32202190000NB|2.2|2.3|1921|||54|01/01/2023||YEAR_LAST_CONSTRUCTION
32202190000NB|2.3|2.4|1921|||54|01/01/2023||YEAR_LAST_CONSTRUCTION
32202190000NB|2.4|2.5|1921|||54|01/01/2023||YEAR_LAST_CONSTRUCTION
32202190000NB|2.5|2.6|1921|||54|01/01/2023||YEAR_LAST_CONSTRUCTION
32202190000NB|2.6|2.7|1921|||54|01/01/2023||YEAR_LAST_CONSTRUCTION
32202190000NB|2.7|2.8|1921|||54|01/01/2023||YEAR_LAST_CONSTRUCTION
32202190000NB|2.8|2.9|1921|||54|01/01/2023||YEAR_LAST_CONSTRUCTION
32202190000NB|2.9|3.0|1921|||54|01/01/2023||YEAR_LAST_CONSTRUCTION
32202190000NB|3.0|3.1|1921|||54|01/01/2023||YEAR_LAST_CONSTRUCTION
32202190000NB|3.1|3.2|1921|||54|01/01/2023||YEAR_LAST_CONSTRUCTION
32202190000NB|3.2|3.3|1921|||54|01/01/2023||YEAR_LAST_CONSTRUCTION
32202190000NB|3.3|3.4|1921|||54|01/01/2023||YEAR_LAST_CONSTRUCTION
32202190000NB|3.4|3.5|1921|||54|01/01/2023||YEAR_LAST_CONSTRUCTION
32202190000NB|3.5|3.6|1921|||54|01/01/2023||YEAR_LAST_CONSTRUCTION
32202190000NB|3.6|3.7|1921|||54|01/01/2023||YEAR_LAST_CONSTRUCTION
32202190000NB|3.7|3.8|1921|||54|01/01/2023||YEAR_LAST_CONSTRUCTION
32202190000NB|3.8|3.9|1921|||54|01/01/2023||YEAR_LAST_CONSTRUCTION
32202190000NB|3.9|4.0|1921|||54|01/01/2023||YEAR_LAST_CONSTRUCTION
32202190000NB|4.0|4.1|1921|||54|01/01/2023||YEAR_LAST_CONSTRUCTION
32202190000NB|4.1|4.2|1921|||54|01/01/2023||YEAR_LAST_CONSTRUCTION
32202190000NB|4.2|4.3|1921|||54|01/01/2023||YEAR_LAST_CONSTRUCTION
32202190000NB|4.3|4.4|1921|||54|01/01/2023||YEAR_LAST_CONSTRUCTION
32202190000NB|4.4|4.5|1921|||54|01/01/2023||YEAR_LAST_CONSTRUCTION
32202190000NB|4.5|4.6|1921|||54|01/01/2023||YEAR_LAST_CONSTRUCTION
32202190000NB|4.6|4.7|1921|||54|01/01/2023||YEAR_LAST_CONSTRUCTION
32202190000NB|4.7|4.8|1921|||54|01/01/2023||YEAR_LAST_CONSTRUCTION
32202190000NB|4.8|4.9|1921|||54|01/01/2023||YEAR_LAST_CONSTRUCTION
32202190000NB|4.9|5.0|1921|||54|01/01/2023||YEAR_LAST_CONSTRUCTION
32202190000NB|5.0|5.1|1921|||54|01/01/2023||YEAR_LAST_CONSTRUCTION
32202190000NB|5.1|5.2|1921|||54|01/01/2023||YEAR_LAST_CONSTRUCTION
32202190000NB|5.2|5.3|1921|||54|01/01/2023||YEAR_LAST_CONSTRUCTION
32202190000NB|5.3|5.4|1921|||54|01/01/2023||YEAR_LAST_CONSTRUCTION
32202190000NB|5.4|5.5|1921|||54|01/01/2023||YEAR_LAST_CONSTRUCTION
32202190000NB|5.5|5.6|1921|||54|01/01/2023||YEAR_LAST_CONSTRUCTION
32202190000NB|5.6|5.7|1921|||54|01/01/2023||YEAR_LAST_CONSTRUCTION
32202190000NB|5.7|5.8|1921|||54|01/01/2023||YEAR_LAST_CONSTRUCTION
32202190000NB|5.8|5.9|1921|||54|01/01/2023||YEAR_LAST_CONSTRUCTION
32202190000NB|5.9|6.0|1921|||54|01/01/2023||YEAR_LAST_CONSTRUCTION
32202190000NB|6.0|6.1|1921|||54|01/01/2023||YEAR_LAST_CONSTRUCTION
32202190000NB|6.1|6.2|1921|||54|01/01/2023||YEAR_LAST_CONSTRUCTION
32202190000NB|6.2|6.3|1921|||54|01/01/2023||YEAR_LAST_CONSTRUCTION
32202190000NB|6.3|6.4|1921|||54|01/01/2023||YEAR_LAST_CONSTRUCTION
32202190000NB|6.4|6.5|1921|||54|01/01/2023||YEAR_LAST_CONSTRUCTION
32202190000NB|6.5|6.6|1921|||54|01/01/2023||YEAR_LAST_CONSTRUCTION
32202190000NB|6.6|6.7|1921|||54|01/01/2023||YEAR_LAST_CONSTRUCTION
32202190000NB|6.7|6.8|1921|||54|01/01/2023||YEAR_LAST_CONSTRUCTION
32202190000NB|6.8|6.9|1921|||54|01/01/2023||YEAR_LAST_CONSTRUCTION
32202190000NB|6.9|7.0|1921|||54|01/01/2023||YEAR_LAST_CONSTRUCTION
32202190000NB|7.0|7.1|1921|||54|01/01/2023||YEAR_LAST_CONSTRUCTION
32202190000NB|7.1|7.2|1921|||54|01/01/2023||YEAR_LAST_CONSTRUCTION
32202190000NB|7.2|7.3|1921|||54|01/01/2023||YEAR_LAST_CONSTRUCTION
32202190000NB|7.3|7.4|1921|||54|01/01/2023||YEAR_LAST_CONSTRUCTION
32202190000NB|7.4|7.5|1921|||54|01/01/2023||YEAR_LAST_CONSTRUCTION
32202190000NB|7.5|7.6|1921|||54|01/01/2023||YEAR_LAST_CONSTRUCTION
32202190000NB|7.6|7.7|1921|||54|01/01/2023||YEAR_LAST_CONSTRUCTION
32202190000NB|7.7|7.8|1921|||54|01/01/2023||YEAR_LAST_CONSTRUCTION
32202190000NB|7.8|7.87|1921|||54|01/01/2023||YEAR_LAST_CONSTRUCTION
32202190000NB|14.38|14.4|1921|||54|01/01/2023||YEAR_LAST_CONSTRUCTION
32202190000NB|14.4|14.5|1921|||54|01/01/2023||YEAR_LAST_CONSTRUCTION
32202190000NB|14.5|14.6|1921|||54|01/01/2023||YEAR_LAST_CONSTRUCTION
32202190000NB|14.6|14.7|1921|||54|01/01/2023||YEAR_LAST_CONSTRUCTION
32202190000NB|14.7|14.8|1921|||54|01/01/2023||YEAR_LAST_CONSTRUCTION
32202190000NB|14.8|14.9|1921|||54|01/01/2023||YEAR_LAST_CONSTRUCTION
32202190000NB|14.9|15.0|1921|||54|01/01/2023||YEAR_LAST_CONSTRUCTION
32202190000NB|15.0|15.1|1921|||54|01/01/2023||YEAR_LAST_CONSTRUCTION
32202190000NB|15.1|15.2|1921|||54|01/01/2023||YEAR_LAST_CONSTRUCTION
32202190000NB|15.2|15.3|1921|||54|01/01/2023||YEAR_LAST_CONSTRUCTION
32202190000NB|15.3|15.4|1921|||54|01/01/2023||YEAR_LAST_CONSTRUCTION
32202190000NB|15.4|15.5|1921|||54|01/01/2023||YEAR_LAST_CONSTRUCTION
32202190000NB|15.5|15.6|1921|||54|01/01/2023||YEAR_LAST_CONSTRUCTION
32202190000NB|15.6|15.7|1921|||54|01/01/2023||YEAR_LAST_CONSTRUCTION
32202190000NB|15.7|15.8|1921|||54|01/01/2023||YEAR_LAST_CONSTRUCTION
32202190000NB|15.8|15.9|1921|||54|01/01/2023||YEAR_LAST_CONSTRUCTION
32202190000NB|15.9|16.0|1921|||54|01/01/2023||YEAR_LAST_CONSTRUCTION
32202190000NB|16.0|16.1|1921|||54|01/01/2023||YEAR_LAST_CONSTRUCTION
32202190000NB|16.1|16.18|1921|||54|01/01/2023||YEAR_LAST_CONSTRUCTION
32202190000NB|16.18|16.2|1921|||54|01/01/2023||YEAR_LAST_CONSTRUCTION
32202190000NB|16.2|16.3|1921|||54|01/01/2023||YEAR_LAST_CONSTRUCTION
32202190000NB|16.3|16.4|1921|||54|01/01/2023||YEAR_LAST_CONSTRUCTION
32202190000NB|16.4|16.5|1921|||54|01/01/2023||YEAR_LAST_CONSTRUCTION
32202190000NB|16.5|16.6|1921|||54|01/01/2023||YEAR_LAST_CONSTRUCTION
32202190000NB|16.6|16.7|1921|||54|01/01/2023||YEAR_LAST_CONSTRUCTION
32202190000NB|16.7|16.8|1921|||54|01/01/2023||YEAR_LAST_CONSTRUCTION
32202190000NB|16.8|16.9|1921|||54|01/01/2023||YEAR_LAST_CONSTRUCTION
32202190000NB|16.9|17.0|1921|||54|01/01/2023||YEAR_LAST_CONSTRUCTION
32202190000NB|17.0|17.1|1921|||54|01/01/2023||YEAR_LAST_CONSTRUCTION
32202190000NB|17.1|17.2|1921|||54|01/01/2023||YEAR_LAST_CONSTRUCTION
32202190000NB|17.2|17.3|1921|||54|01/01/2023||YEAR_LAST_CONSTRUCTION
32202190000NB|17.3|17.4|1921|||54|01/01/2023||YEAR_LAST_CONSTRUCTION
32202190000NB|17.4|17.5|1921|||54|01/01/2023||YEAR_LAST_CONSTRUCTION
32202190000NB|17.5|17.6|1921|||54|01/01/2023||YEAR_LAST_CONSTRUCTION
32202190000NB|17.6|17.7|1921|||54|01/01/2023||YEAR_LAST_CONSTRUCTION
32202190000NB|17.7|17.8|1921|||54|01/01/2023||YEAR_LAST_CONSTRUCTION
32202190000NB|17.8|17.9|1921|||54|01/01/2023||YEAR_LAST_CONSTRUCTION
32202190000NB|17.9|18.0|1921|||54|01/01/2023||YEAR_LAST_CONSTRUCTION
32202190000NB|18.0|18.1|1921|||54|01/01/2023||YEAR_LAST_CONSTRUCTION
32202190000NB|18.1|18.2|1921|||54|01/01/2023||YEAR_LAST_CONSTRUCTION
32202190000NB|18.2|18.3|1921|||54|01/01/2023||YEAR_LAST_CONSTRUCTION
32202190000NB|18.3|18.4|1921|||54|01/01/2023||YEAR_LAST_CONSTRUCTION
32202190000NB|18.4|18.5|1921|||54|01/01/2023||YEAR_LAST_CONSTRUCTION
32202190000NB|18.5|18.6|1921|||54|01/01/2023||YEAR_LAST_CONSTRUCTION
32202190000NB|18.6|18.7|1921|||54|01/01/2023||YEAR_LAST_CONSTRUCTION
32202190000NB|18.7|18.8|1921|||54|01/01/2023||YEAR_LAST_CONSTRUCTION
32202190000NB|18.8|18.9|1921|||54|01/01/2023||YEAR_LAST_CONSTRUCTION
32202190000NB|18.9|19.0|1921|||54|01/01/2023||YEAR_LAST_CONSTRUCTION
32202190000NB|19.0|19.1|1921|||54|01/01/2023||YEAR_LAST_CONSTRUCTION
32202190000NB|19.1|19.2|1921|||54|01/01/2023||YEAR_LAST_CONSTRUCTION
32202190000NB|19.2|19.24|1921|||54|01/01/2023||YEAR_LAST_CONSTRUCTION
32202190000NB|19.24|19.3|1921|||54|01/01/2023||YEAR_LAST_CONSTRUCTION
32202190000NB|19.3|19.4|1921|||54|01/01/2023||YEAR_LAST_CONSTRUCTION
32202190000NB|19.4|19.5|1921|||54|01/01/2023||YEAR_LAST_CONSTRUCTION
32202190000NB|19.5|19.6|1921|||54|01/01/2023||YEAR_LAST_CONSTRUCTION
32202190000NB|19.6|19.66|1921|||54|01/01/2023||YEAR_LAST_CONSTRUCTION
32202190000NB|19.66|19.7|1921|||54|01/01/2023||YEAR_LAST_CONSTRUCTION
32202190000NB|19.7|19.8|1921|||54|01/01/2023||YEAR_LAST_CONSTRUCTION
32202190000NB|19.8|19.9|1921|||54|01/01/2023||YEAR_LAST_CONSTRUCTION
32202190000NB|19.9|20.0|1921|||54|01/01/2023||YEAR_LAST_CONSTRUCTION
32202190000NB|20.0|20.1|1921|||54|01/01/2023||YEAR_LAST_CONSTRUCTION
32202190000NB|20.1|20.2|1921|||54|01/01/2023||YEAR_LAST_CONSTRUCTION
32202190000NB|20.2|20.3|1921|||54|01/01/2023||YEAR_LAST_CONSTRUCTION
32202190000NB|20.3|20.4|1921|||54|01/01/2023||YEAR_LAST_CONSTRUCTION
32202190000NB|20.4|20.5|1921|||54|01/01/2023||YEAR_LAST_CONSTRUCTION
32202190000NB|20.5|20.6|1921|||54|01/01/2023||YEAR_LAST_CONSTRUCTION
32202190000NB|20.6|20.7|1921|||54|01/01/2023||YEAR_LAST_CONSTRUCTION
32202190000NB|20.7|20.8|1921|||54|01/01/2023||YEAR_LAST_CONSTRUCTION
32202190000NB|20.8|20.9|1921|||54|01/01/2023||YEAR_LAST_CONSTRUCTION
32202190000NB|20.9|21.0|1921|||54|01/01/2023||YEAR_LAST_CONSTRUCTION
32202190000NB|21.0|21.1|1921|||54|01/01/2023||YEAR_LAST_CONSTRUCTION
32202190000NB|21.1|21.2|1921|||54|01/01/2023||YEAR_LAST_CONSTRUCTION
32202190000NB|21.2|21.3|1921|||54|01/01/2023||YEAR_LAST_CONSTRUCTION
32202190000NB|21.3|21.4|1921|||54|01/01/2023||YEAR_LAST_CONSTRUCTION
32202190000NB|21.4|21.5|1921|||54|01/01/2023||YEAR_LAST_CONSTRUCTION
32202190000NB|21.5|21.6|1921|||54|01/01/2023||YEAR_LAST_CONSTRUCTION
32202190000NB|21.6|21.7|1921|||54|01/01/2023||YEAR_LAST_CONSTRUCTION
32202190000NB|21.7|21.8|1921|||54|01/01/2023||YEAR_LAST_CONSTRUCTION
32202190000NB|21.8|21.9|1921|||54|01/01/2023||YEAR_LAST_CONSTRUCTION
32202190000NB|21.9|22.0|1921|||54|01/01/2023||YEAR_LAST_CONSTRUCTION
32202190000NB|22.0|22.1|1921|||54|01/01/2023||YEAR_LAST_CONSTRUCTION
32202190000NB|22.1|22.2|1921|||54|01/01/2023||YEAR_LAST_CONSTRUCTION
32202190000NB|22.2|22.3|1921|||54|01/01/2023||YEAR_LAST_CONSTRUCTION
32202190000NB|22.3|22.4|1921|||54|01/01/2023||YEAR_LAST_CONSTRUCTION
32202190000NB|22.4|22.5|1921|||54|01/01/2023||YEAR_LAST_CONSTRUCTION
32202190000NB|22.5|22.6|1921|||54|01/01/2023||YEAR_LAST_CONSTRUCTION
32202190000NB|22.6|22.7|1921|||54|01/01/2023||YEAR_LAST_CONSTRUCTION
32202190000NB|22.7|22.8|1921|||54|01/01/2023||YEAR_LAST_CONSTRUCTION
32202190000NB|22.8|22.9|1921|||54|01/01/2023||YEAR_LAST_CONSTRUCTION
32202190000NB|22.9|23.0|1921|||54|01/01/2023||YEAR_LAST_CONSTRUCTION
32202190000NB|24.92|25.0|1921|||54|01/01/2023||YEAR_LAST_CONSTRUCTION
32202190000NB|25.0|25.1|1921|||54|01/01/2023||YEAR_LAST_CONSTRUCTION
32202190000NB|25.1|25.2|1921|||54|01/01/2023||YEAR_LAST_CONSTRUCTION
32202190000NB|25.2|25.3|1921|||54|01/01/2023||YEAR_LAST_CONSTRUCTION
32202190000NB|25.3|25.4|1921|||54|01/01/2023||YEAR_LAST_CONSTRUCTION
32202190000NB|25.4|25.5|1921|||54|01/01/2023||YEAR_LAST_CONSTRUCTION
32202190000NB|25.5|25.6|1921|||54|01/01/2023||YEAR_LAST_CONSTRUCTION
32202190000NB|25.6|25.7|1921|||54|01/01/2023||YEAR_LAST_CONSTRUCTION
32202190000NB|25.7|25.8|1921|||54|01/01/2023||YEAR_LAST_CONSTRUCTION
32202190000NB|25.8|25.9|1921|||54|01/01/2023||YEAR_LAST_CONSTRUCTION
32202190000NB|25.9|25.93|1921|||54|01/01/2023||YEAR_LAST_CONSTRUCTION
32202190000NB|25.93|26.0|1921|||54|01/01/2023||YEAR_LAST_CONSTRUCTION
32202190000NB|26.0|26.1|1921|||54|01/01/2023||YEAR_LAST_CONSTRUCTION
32202190000NB|26.1|26.2|1921|||54|01/01/2023||YEAR_LAST_CONSTRUCTION
32202190000NB|26.2|26.24|1921|||54|01/01/2023||YEAR_LAST_CONSTRUCTION
32202190000NB|26.24|26.3|1921|||54|01/01/2023||YEAR_LAST_CONSTRUCTION
32202190000NB|26.3|26.4|1921|||54|01/01/2023||YEAR_LAST_CONSTRUCTION
32202190000NB|26.4|26.5|1921|||54|01/01/2023||YEAR_LAST_CONSTRUCTION
32202190000NB|26.5|26.6|1921|||54|01/01/2023||YEAR_LAST_CONSTRUCTION
32202190000NB|26.6|26.7|1921|||54|01/01/2023||YEAR_LAST_CONSTRUCTION
32202190000NB|26.7|26.8|1921|||54|01/01/2023||YEAR_LAST_CONSTRUCTION
32202190000NB|26.8|26.9|1921|||54|01/01/2023||YEAR_LAST_CONSTRUCTION
32202190000NB|26.9|27.0|1921|||54|01/01/2023||YEAR_LAST_CONSTRUCTION
32202190000NB|27.0|27.1|1921|||54|01/01/2023||YEAR_LAST_CONSTRUCTION
32202190000NB|27.1|27.2|1921|||54|01/01/2023||YEAR_LAST_CONSTRUCTION
32202190000NB|27.2|27.3|1921|||54|01/01/2023||YEAR_LAST_CONSTRUCTION
32202190000NB|27.3|27.4|1921|||54|01/01/2023||YEAR_LAST_CONSTRUCTION
32202190000NB|27.4|27.5|1921|||54|01/01/2023||YEAR_LAST_CONSTRUCTION
32202190000NB|27.5|27.59|1921|||54|01/01/2023||YEAR_LAST_CONSTRUCTION
32202190000NB|27.59|27.6|1921|||54|01/01/2023||YEAR_LAST_CONSTRUCTION
32202190000NB|27.6|27.7|1921|||54|01/01/2023||YEAR_LAST_CONSTRUCTION
32202190000NB|27.7|27.8|1921|||54|01/01/2023||YEAR_LAST_CONSTRUCTION
32202190000NB|27.8|27.9|1921|||54|01/01/2023||YEAR_LAST_CONSTRUCTION
32202190000NB|27.9|28.0|1921|||54|01/01/2023||YEAR_LAST_CONSTRUCTION
32202190000NB|28.0|28.1|1921|||54|01/01/2023||YEAR_LAST_CONSTRUCTION
32202190000NB|28.1|28.2|1921|||54|01/01/2023||YEAR_LAST_CONSTRUCTION
32202190000NB|28.2|28.3|1921|||54|01/01/2023||YEAR_LAST_CONSTRUCTION
32202190000NB|28.3|28.4|1921|||54|01/01/2023||YEAR_LAST_CONSTRUCTION
32202190000NB|28.4|28.5|1921|||54|01/01/2023||YEAR_LAST_CONSTRUCTION
32202190000NB|28.5|28.6|1921|||54|01/01/2023||YEAR_LAST_CONSTRUCTION
32202190000NB|28.6|28.68|1921|||54|01/01/2023||YEAR_LAST_CONSTRUCTION
34200190000NB|1.38|1.4|1921|||54|01/01/2023||YEAR_LAST_CONSTRUCTION
34200190000NB|1.4|1.5|1921|||54|01/01/2023||YEAR_LAST_CONSTRUCTION
34200190000NB|1.5|1.6|1921|||54|01/01/2023||YEAR_LAST_CONSTRUCTION
34200190000NB|1.6|1.7|1921|||54|01/01/2023||YEAR_LAST_CONSTRUCTION
34200190000NB|1.7|1.8|1921|||54|01/01/2023||YEAR_LAST_CONSTRUCTION
34200190000NB|1.8|1.9|1921|||54|01/01/2023||YEAR_LAST_CONSTRUCTION
34200190000NB|1.9|2.0|1921|||54|01/01/2023||YEAR_LAST_CONSTRUCTION
34200190000NB|2.0|2.1|1921|||54|01/01/2023||YEAR_LAST_CONSTRUCTION
34200190000NB|2.1|2.2|1921|||54|01/01/2023||YEAR_LAST_CONSTRUCTION
34200190000NB|2.2|2.3|1921|||54|01/01/2023||YEAR_LAST_CONSTRUCTION
34200190000NB|2.3|2.4|1921|||54|01/01/2023||YEAR_LAST_CONSTRUCTION
34200190000NB|2.4|2.5|1921|||54|01/01/2023||YEAR_LAST_CONSTRUCTION
34200190000NB|2.5|2.6|1921|||54|01/01/2023||YEAR_LAST_CONSTRUCTION
34200190000NB|2.6|2.7|1921|||54|01/01/2023||YEAR_LAST_CONSTRUCTION
34200190000NB|2.7|2.8|1921|||54|01/01/2023||YEAR_LAST_CONSTRUCTION
34200190000NB|2.8|2.9|1921|||54|01/01/2023||YEAR_LAST_CONSTRUCTION
34200190000NB|2.9|3.0|1921|||54|01/01/2023||YEAR_LAST_CONSTRUCTION
34200190000NB|3.0|3.1|1921|||54|01/01/2023||YEAR_LAST_CONSTRUCTION
34200190000NB|3.1|3.2|1921|||54|01/01/2023||YEAR_LAST_CONSTRUCTION
34200190000NB|3.2|3.3|1921|||54|01/01/2023||YEAR_LAST_CONSTRUCTION
34200190000NB|3.3|3.4|1921|||54|01/01/2023||YEAR_LAST_CONSTRUCTION
34200190000NB|11.03|11.1|1921|||54|01/01/2023||YEAR_LAST_CONSTRUCTION
34200190000NB|11.1|11.2|1921|||54|01/01/2023||YEAR_LAST_CONSTRUCTION
34200190000NB|11.2|11.3|1921|||54|01/01/2023||YEAR_LAST_CONSTRUCTION
34200190000NB|11.3|11.4|1921|||54|01/01/2023||YEAR_LAST_CONSTRUCTION
34200190000NB|11.4|11.47|1921|||54|01/01/2023||YEAR_LAST_CONSTRUCTION
34200190000NB|31.65|31.7|1921|||54|01/01/2023||YEAR_LAST_CONSTRUCTION
34200190000NB|31.7|31.8|1921|||54|01/01/2023||YEAR_LAST_CONSTRUCTION
34200190000NB|31.8|31.85|1921|||54|01/01/2023||YEAR_LAST_CONSTRUCTION
0140011000000|3.05|3.78|1974|||54|01/01/2023||YEAR_LAST_CONSTRUCTION
0130020000000|0.0|2.15|1925|||54|01/01/2023||YEAR_LAST_CONSTRUCTION
0140024000000|1.64|2.79|1978|||54|01/01/2023||YEAR_LAST_CONSTRUCTION
0140024000000|2.79|4.74|1978|||54|01/01/2023||YEAR_LAST_CONSTRUCTION
01200330000EB|0.0|0.1|1993|||54|01/01/2023||YEAR_LAST_CONSTRUCTION
01200330000EB|0.1|0.2|1993|||54|01/01/2023||YEAR_LAST_CONSTRUCTION
01200330000EB|0.2|0.3|1993|||54|01/01/2023||YEAR_LAST_CONSTRUCTION
01200330000EB|0.3|0.4|1993|||54|01/01/2023||YEAR_LAST_CONSTRUCTION
01200330000EB|0.4|0.5|1993|||54|01/01/2023||YEAR_LAST_CONSTRUCTION
01200330000EB|0.5|0.6|1993|||54|01/01/2023||YEAR_LAST_CONSTRUCTION
01200330000EB|0.6|0.7|1993|||54|01/01/2023||YEAR_LAST_CONSTRUCTION
01200330000EB|0.7|0.8|1993|||54|01/01/2023||YEAR_LAST_CONSTRUCTION
01200330000EB|0.8|0.9|1993|||54|01/01/2023||YEAR_LAST_CONSTRUCTION
01200330000EB|0.9|1.0|1993|||54|01/01/2023||YEAR_LAST_CONSTRUCTION
01200330000EB|1.0|1.1|1993|||54|01/01/2023||YEAR_LAST_CONSTRUCTION
01200330000EB|1.1|1.2|1993|||54|01/01/2023||YEAR_LAST_CONSTRUCTION
01200330000EB|1.2|1.3|1993|||54|01/01/2023||YEAR_LAST_CONSTRUCTION
01200330000EB|1.3|1.4|1993|||54|01/01/2023||YEAR_LAST_CONSTRUCTION
01200330000EB|1.4|1.5|1993|||54|01/01/2023||YEAR_LAST_CONSTRUCTION
01200330000EB|1.5|1.6|1993|||54|01/01/2023||YEAR_LAST_CONSTRUCTION
01200330000EB|1.6|1.7|1993|||54|01/01/2023||YEAR_LAST_CONSTRUCTION
01200330000EB|1.7|1.8|1993|||54|01/01/2023||YEAR_LAST_CONSTRUCTION
01200330000EB|1.8|1.87|1993|||54|01/01/2023||YEAR_LAST_CONSTRUCTION
0130038000000|0.43|2.43|1965|||54|01/01/2023||YEAR_LAST_CONSTRUCTION
0130038000000|5.53|6.31|1965|||54|01/01/2023||YEAR_LAST_CONSTRUCTION
0140046010000|0.0|1.62|1905|||54|01/01/2023||YEAR_LAST_CONSTRUCTION
0130076000000|1.75|6.62|1925|||54|01/01/2023||YEAR_LAST_CONSTRUCTION
0130092000000|8.64|9.265|1934|||54|01/01/2023||YEAR_LAST_CONSTRUCTION
0130092000000|9.265|10.73|1934|||54|01/01/2023||YEAR_LAST_CONSTRUCTION
01201190000NB|6.95|7.0|1924|||54|01/01/2023||YEAR_LAST_CONSTRUCTION
01201190000NB|7.0|7.1|1924|||54|01/01/2023||YEAR_LAST_CONSTRUCTION
01201190000NB|7.1|7.2|1924|||54|01/01/2023||YEAR_LAST_CONSTRUCTION
01201190000NB|7.2|7.3|1924|||54|01/01/2023||YEAR_LAST_CONSTRUCTION
01201190000NB|7.3|7.4|1924|||54|01/01/2023||YEAR_LAST_CONSTRUCTION
01201190000NB|7.4|7.5|1924|||54|01/01/2023||YEAR_LAST_CONSTRUCTION
01201190000NB|7.5|7.6|1924|||54|01/01/2023||YEAR_LAST_CONSTRUCTION
01201190000NB|7.6|7.7|1924|||54|01/01/2023||YEAR_LAST_CONSTRUCTION
01201190000NB|7.7|7.8|1924|||54|01/01/2023||YEAR_LAST_CONSTRUCTION
01201190000NB|7.8|7.9|1924|||54|01/01/2023||YEAR_LAST_CONSTRUCTION
01201190000NB|7.9|8.0|1924|||54|01/01/2023||YEAR_LAST_CONSTRUCTION
01201190000NB|8.0|8.1|1924|||54|01/01/2023||YEAR_LAST_CONSTRUCTION
01201190000NB|8.1|8.2|1924|||54|01/01/2023||YEAR_LAST_CONSTRUCTION
01201190000NB|8.2|8.3|1924|||54|01/01/2023||YEAR_LAST_CONSTRUCTION
01201190000NB|8.3|8.4|1924|||54|01/01/2023||YEAR_LAST_CONSTRUCTION
01201190000NB|8.4|8.5|1924|||54|01/01/2023||YEAR_LAST_CONSTRUCTION
01201190000NB|8.5|8.6|1924|||54|01/01/2023||YEAR_LAST_CONSTRUCTION
01201190000NB|8.6|8.7|1924|||54|01/01/2023||YEAR_LAST_CONSTRUCTION
01201190000NB|8.7|8.8|1924|||54|01/01/2023||YEAR_LAST_CONSTRUCTION
01201190000NB|8.8|8.9|1924|||54|01/01/2023||YEAR_LAST_CONSTRUCTION
01201190000NB|8.9|9.0|1924|||54|01/01/2023||YEAR_LAST_CONSTRUCTION
01201190000NB|9.0|9.1|1924|||54|01/01/2023||YEAR_LAST_CONSTRUCTION
01201190000NB|9.1|9.2|1924|||54|01/01/2023||YEAR_LAST_CONSTRUCTION
01201190000NB|9.2|9.29|1924|||54|01/01/2023||YEAR_LAST_CONSTRUCTION
01201190000NB|10.66|10.7|1924|||54|01/01/2023||YEAR_LAST_CONSTRUCTION
01201190000NB|10.7|10.8|1924|||54|01/01/2023||YEAR_LAST_CONSTRUCTION
01201190000NB|10.8|10.9|1924|||54|01/01/2023||YEAR_LAST_CONSTRUCTION
01201190000NB|10.9|11.0|1924|||54|01/01/2023||YEAR_LAST_CONSTRUCTION
01201190000NB|11.0|11.1|1924|||54|01/01/2023||YEAR_LAST_CONSTRUCTION
01201190000NB|11.1|11.2|1924|||54|01/01/2023||YEAR_LAST_CONSTRUCTION
01201190000NB|11.2|11.3|1924|||54|01/01/2023||YEAR_LAST_CONSTRUCTION
01201190000NB|11.3|11.4|1924|||54|01/01/2023||YEAR_LAST_CONSTRUCTION
01201190000NB|11.4|11.5|1924|||54|01/01/2023||YEAR_LAST_CONSTRUCTION
04200190000NB|26.57|26.6|1938|||54|01/01/2023||YEAR_LAST_CONSTRUCTION
04200190000NB|26.6|26.7|1938|||54|01/01/2023||YEAR_LAST_CONSTRUCTION
04200190000NB|26.7|26.8|1938|||54|01/01/2023||YEAR_LAST_CONSTRUCTION
04200190000NB|26.8|26.9|1938|||54|01/01/2023||YEAR_LAST_CONSTRUCTION
04200190000NB|26.9|27.0|1938|||54|01/01/2023||YEAR_LAST_CONSTRUCTION
04200190000NB|27.0|27.1|1938|||54|01/01/2023||YEAR_LAST_CONSTRUCTION
04200190000NB|27.1|27.2|1938|||54|01/01/2023||YEAR_LAST_CONSTRUCTION
04200190000NB|27.2|27.3|1938|||54|01/01/2023||YEAR_LAST_CONSTRUCTION
04200190000NB|27.3|27.4|1938|||54|01/01/2023||YEAR_LAST_CONSTRUCTION
04200190000NB|27.4|27.5|1938|||54|01/01/2023||YEAR_LAST_CONSTRUCTION
04200190000NB|27.5|27.56|1938|||54|01/01/2023||YEAR_LAST_CONSTRUCTION
04200190000NB|27.56|27.6|1938|||54|01/01/2023||YEAR_LAST_CONSTRUCTION
04200190000NB|27.6|27.64|1938|||54|01/01/2023||YEAR_LAST_CONSTRUCTION
04100790000NB|44.6|44.7|1972|||54|01/01/2023||YEAR_LAST_CONSTRUCTION
04100790000NB|44.7|44.8|1972|||54|01/01/2023||YEAR_LAST_CONSTRUCTION
04100790000NB|44.8|44.9|1972|||54|01/01/2023||YEAR_LAST_CONSTRUCTION
04100790000NB|44.9|45.0|1972|||54|01/01/2023||YEAR_LAST_CONSTRUCTION
04100790000NB|45.0|45.1|1972|||54|01/01/2023||YEAR_LAST_CONSTRUCTION
04100790000NB|45.1|45.2|1972|||54|01/01/2023||YEAR_LAST_CONSTRUCTION
04100790000NB|45.2|45.3|1972|||54|01/01/2023||YEAR_LAST_CONSTRUCTION
04100790000NB|45.3|45.4|1972|||54|01/01/2023||YEAR_LAST_CONSTRUCTION
04100790000NB|45.4|45.5|1972|||54|01/01/2023||YEAR_LAST_CONSTRUCTION
04100790000NB|45.5|45.6|1972|||54|01/01/2023||YEAR_LAST_CONSTRUCTION
04100790000NB|45.6|45.7|1972|||54|01/01/2023||YEAR_LAST_CONSTRUCTION
04100790000NB|45.7|45.8|1972|||54|01/01/2023||YEAR_LAST_CONSTRUCTION
04100790000NB|45.8|45.9|1972|||54|01/01/2023||YEAR_LAST_CONSTRUCTION
04100790000NB|45.9|46.0|1972|||54|01/01/2023||YEAR_LAST_CONSTRUCTION
04100790000NB|46.0|46.1|1972|||54|01/01/2023||YEAR_LAST_CONSTRUCTION
04100790000NB|46.1|46.18|1972|||54|01/01/2023||YEAR_LAST_CONSTRUCTION
04100790000NB|46.18|46.2|1972|||54|01/01/2023||YEAR_LAST_CONSTRUCTION
04100790000NB|46.2|46.22|1972|||54|01/01/2023||YEAR_LAST_CONSTRUCTION
04100790000NB|46.22|46.3|2022|||54|01/01/2023||YEAR_LAST_CONSTRUCTION
04100790000NB|46.3|46.4|2022|||54|01/01/2023||YEAR_LAST_CONSTRUCTION
04100790000NB|46.4|46.5|2022|||54|01/01/2023||YEAR_LAST_CONSTRUCTION
04100790000NB|46.5|46.6|2022|||54|01/01/2023||YEAR_LAST_CONSTRUCTION
04100790000NB|46.6|46.7|2022|||54|01/01/2023||YEAR_LAST_CONSTRUCTION
04100790000NB|46.7|46.8|2022|||54|01/01/2023||YEAR_LAST_CONSTRUCTION
04100790000NB|46.8|46.9|2022|||54|01/01/2023||YEAR_LAST_CONSTRUCTION
04100790000NB|46.9|47.0|2018|||54|01/01/2023||YEAR_LAST_CONSTRUCTION
04100790000NB|47.0|47.1|2018|||54|01/01/2023||YEAR_LAST_CONSTRUCTION
04100790000NB|47.1|47.2|2018|||54|01/01/2023||YEAR_LAST_CONSTRUCTION
04100790000NB|47.2|47.3|2018|||54|01/01/2023||YEAR_LAST_CONSTRUCTION
04100790000NB|47.3|47.4|2018|||54|01/01/2023||YEAR_LAST_CONSTRUCTION
04100790000NB|47.4|47.5|2018|||54|01/01/2023||YEAR_LAST_CONSTRUCTION
04100790000NB|47.5|47.6|2018|||54|01/01/2023||YEAR_LAST_CONSTRUCTION
04100790000NB|47.6|47.7|2018|||54|01/01/2023||YEAR_LAST_CONSTRUCTION
04100790000NB|47.7|47.8|2018|||54|01/01/2023||YEAR_LAST_CONSTRUCTION
04100790000NB|47.8|47.9|2018|||54|01/01/2023||YEAR_LAST_CONSTRUCTION
04100790000NB|47.9|48.0|2018|||54|01/01/2023||YEAR_LAST_CONSTRUCTION
04100790000NB|48.0|48.1|2018|||54|01/01/2023||YEAR_LAST_CONSTRUCTION
04100790000NB|48.1|48.2|2018|||54|01/01/2023||YEAR_LAST_CONSTRUCTION
04100790000NB|48.2|48.3|2018|||54|01/01/2023||YEAR_LAST_CONSTRUCTION
04100790000NB|48.3|48.4|2018|||54|01/01/2023||YEAR_LAST_CONSTRUCTION
04100790000NB|48.4|48.5|2018|||54|01/01/2023||YEAR_LAST_CONSTRUCTION
04100790000NB|48.5|48.6|2018|||54|01/01/2023||YEAR_LAST_CONSTRUCTION
04100790000NB|48.6|48.7|2018|||54|01/01/2023||YEAR_LAST_CONSTRUCTION
04100790000NB|48.7|48.8|2018|||54|01/01/2023||YEAR_LAST_CONSTRUCTION
04100790000NB|48.8|48.9|2018|||54|01/01/2023||YEAR_LAST_CONSTRUCTION
04100790000NB|48.9|49.0|2018|||54|01/01/2023||YEAR_LAST_CONSTRUCTION
04100790000NB|49.0|49.1|2018|||54|01/01/2023||YEAR_LAST_CONSTRUCTION
04100790000NB|49.1|49.2|2018|||54|01/01/2023||YEAR_LAST_CONSTRUCTION
04100790000NB|49.2|49.3|2018|||54|01/01/2023||YEAR_LAST_CONSTRUCTION
04100790000NB|49.3|49.4|2018|||54|01/01/2023||YEAR_LAST_CONSTRUCTION
04100790000NB|49.4|49.5|2018|||54|01/01/2023||YEAR_LAST_CONSTRUCTION
04100790000NB|49.5|49.6|2018|||54|01/01/2023||YEAR_LAST_CONSTRUCTION
04100790000NB|49.6|49.7|2018|||54|01/01/2023||YEAR_LAST_CONSTRUCTION
04100790000NB|49.7|49.73|2018|||54|01/01/2023||YEAR_LAST_CONSTRUCTION
04100790000NB|49.73|49.8|2018|||54|01/01/2023||YEAR_LAST_CONSTRUCTION
04100790000NB|49.8|49.9|2018|||54|01/01/2023||YEAR_LAST_CONSTRUCTION
04100790000NB|49.9|50.0|2018|||54|01/01/2023||YEAR_LAST_CONSTRUCTION
04100790000NB|50.0|50.1|2018|||54|01/01/2023||YEAR_LAST_CONSTRUCTION
04100790000NB|50.1|50.2|2018|||54|01/01/2023||YEAR_LAST_CONSTRUCTION
04100790000NB|50.2|50.3|2018|||54|01/01/2023||YEAR_LAST_CONSTRUCTION
04100790000NB|50.3|50.35|2018|||54|01/01/2023||YEAR_LAST_CONSTRUCTION
04100790000NB|50.35|50.4|2018|||54|01/01/2023||YEAR_LAST_CONSTRUCTION
04100790000NB|50.4|50.5|2018|||54|01/01/2023||YEAR_LAST_CONSTRUCTION
04100790000NB|50.5|50.6|2018|||54|01/01/2023||YEAR_LAST_CONSTRUCTION
04100790000NB|50.6|50.7|2018|||54|01/01/2023||YEAR_LAST_CONSTRUCTION
04100790000NB|50.7|50.8|2018|||54|01/01/2023||YEAR_LAST_CONSTRUCTION
04100790000NB|50.8|50.9|2018|||54|01/01/2023||YEAR_LAST_CONSTRUCTION
04100790000NB|50.9|51.0|2018|||54|01/01/2023||YEAR_LAST_CONSTRUCTION
04100790000NB|51.0|51.1|2018|||54|01/01/2023||YEAR_LAST_CONSTRUCTION
04100790000NB|51.1|51.2|2018|||54|01/01/2023||YEAR_LAST_CONSTRUCTION
04100790000NB|51.2|51.3|2018|||54|01/01/2023||YEAR_LAST_CONSTRUCTION
04100790000NB|51.3|51.4|2018|||54|01/01/2023||YEAR_LAST_CONSTRUCTION
04100790000NB|51.4|51.5|2018|||54|01/01/2023||YEAR_LAST_CONSTRUCTION
04100790000NB|51.5|51.6|2018|||54|01/01/2023||YEAR_LAST_CONSTRUCTION
04100790000NB|51.6|51.61|2018|||54|01/01/2023||YEAR_LAST_CONSTRUCTION
04100790000NB|51.61|51.7|2018|||54|01/01/2023||YEAR_LAST_CONSTRUCTION
04100790000NB|51.7|51.8|2018|||54|01/01/2023||YEAR_LAST_CONSTRUCTION
04100790000NB|51.8|51.9|2018|||54|01/01/2023||YEAR_LAST_CONSTRUCTION
04100790000NB|51.9|52.0|2018|||54|01/01/2023||YEAR_LAST_CONSTRUCTION
04100790000NB|52.0|52.1|2018|||54|01/01/2023||YEAR_LAST_CONSTRUCTION
04100790000NB|52.1|52.2|2018|||54|01/01/2023||YEAR_LAST_CONSTRUCTION
04100790000NB|52.2|52.3|2018|||54|01/01/2023||YEAR_LAST_CONSTRUCTION
04100790000NB|52.3|52.4|2018|||54|01/01/2023||YEAR_LAST_CONSTRUCTION
04100790000NB|52.4|52.5|2018|||54|01/01/2023||YEAR_LAST_CONSTRUCTION
04100790000NB|52.5|52.6|2018|||54|01/01/2023||YEAR_LAST_CONSTRUCTION
04100790000NB|52.6|52.61|2018|||54|01/01/2023||YEAR_LAST_CONSTRUCTION
04100790000NB|52.61|52.7|2018|||54|01/01/2023||YEAR_LAST_CONSTRUCTION
04100790000NB|52.7|52.8|2018|||54|01/01/2023||YEAR_LAST_CONSTRUCTION
04100790000NB|52.8|52.9|2018|||54|01/01/2023||YEAR_LAST_CONSTRUCTION
04100790000NB|52.9|53.0|2018|||54|01/01/2023||YEAR_LAST_CONSTRUCTION
04100790000NB|53.0|53.1|2018|||54|01/01/2023||YEAR_LAST_CONSTRUCTION
04100790000NB|53.1|53.2|2018|||54|01/01/2023||YEAR_LAST_CONSTRUCTION
04100790000NB|53.2|53.27|2018|||54|01/01/2023||YEAR_LAST_CONSTRUCTION
04100790000NB|53.27|53.3|2018|||54|01/01/2023||YEAR_LAST_CONSTRUCTION
04100790000NB|53.3|53.4|2018|||54|01/01/2023||YEAR_LAST_CONSTRUCTION
04100790000NB|53.4|53.5|2018|||54|01/01/2023||YEAR_LAST_CONSTRUCTION
04100790000NB|53.5|53.6|2018|||54|01/01/2023||YEAR_LAST_CONSTRUCTION
04100790000NB|53.6|53.7|2018|||54|01/01/2023||YEAR_LAST_CONSTRUCTION
04100790000NB|53.7|53.8|2018|||54|01/01/2023||YEAR_LAST_CONSTRUCTION
04100790000NB|53.8|53.9|2018|||54|01/01/2023||YEAR_LAST_CONSTRUCTION
04100790000NB|53.9|54.0|2018|||54|01/01/2023||YEAR_LAST_CONSTRUCTION
04100790000NB|54.0|54.1|2018|||54|01/01/2023||YEAR_LAST_CONSTRUCTION
04100790000NB|54.1|54.18|2018|||54|01/01/2023||YEAR_LAST_CONSTRUCTION
04100790000NB|54.18|54.2|1972|||54|01/01/2023||YEAR_LAST_CONSTRUCTION
04100790000NB|54.2|54.3|1972|||54|01/01/2023||YEAR_LAST_CONSTRUCTION
04100790000NB|54.3|54.4|1972|||54|01/01/2023||YEAR_LAST_CONSTRUCTION
04100790000NB|54.4|54.5|1972|||54|01/01/2023||YEAR_LAST_CONSTRUCTION
04100790000NB|54.5|54.6|1972|||54|01/01/2023||YEAR_LAST_CONSTRUCTION
04100790000NB|54.6|54.7|1972|||54|01/01/2023||YEAR_LAST_CONSTRUCTION
04100790000NB|54.7|54.8|1972|||54|01/01/2023||YEAR_LAST_CONSTRUCTION
04100790000NB|54.8|54.9|1972|||54|01/01/2023||YEAR_LAST_CONSTRUCTION
04100790000NB|54.9|55.0|1972|||54|01/01/2023||YEAR_LAST_CONSTRUCTION
04100790000NB|55.0|55.1|1972|||54|01/01/2023||YEAR_LAST_CONSTRUCTION
04100790000NB|55.1|55.2|1972|||54|01/01/2023||YEAR_LAST_CONSTRUCTION
04100790000NB|55.2|55.3|1972|||54|01/01/2023||YEAR_LAST_CONSTRUCTION
04100790000NB|55.3|55.4|1972|||54|01/01/2023||YEAR_LAST_CONSTRUCTION
04100790000NB|55.4|55.5|1972|||54|01/01/2023||YEAR_LAST_CONSTRUCTION
04100790000NB|55.5|55.6|1972|||54|01/01/2023||YEAR_LAST_CONSTRUCTION
04100790000NB|55.6|55.7|1972|||54|01/01/2023||YEAR_LAST_CONSTRUCTION
04100790000NB|55.7|55.8|1972|||54|01/01/2023||YEAR_LAST_CONSTRUCTION
04100790000NB|55.8|55.9|1972|||54|01/01/2023||YEAR_LAST_CONSTRUCTION
04100790000NB|55.9|56.0|1972|||54|01/01/2023||YEAR_LAST_CONSTRUCTION
04100790000NB|56.0|56.1|1972|||54|01/01/2023||YEAR_LAST_CONSTRUCTION
04100790000NB|56.1|56.2|1972|||54|01/01/2023||YEAR_LAST_CONSTRUCTION
04100790000NB|56.2|56.3|1972|||54|01/01/2023||YEAR_LAST_CONSTRUCTION
04100790000NB|56.3|56.4|1972|||54|01/01/2023||YEAR_LAST_CONSTRUCTION
04100790000NB|56.4|56.5|1972|||54|01/01/2023||YEAR_LAST_CONSTRUCTION
04100790000NB|56.5|56.6|1972|||54|01/01/2023||YEAR_LAST_CONSTRUCTION
04100790000NB|56.6|56.7|1972|||54|01/01/2023||YEAR_LAST_CONSTRUCTION
04100790000NB|56.7|56.8|1972|||54|01/01/2023||YEAR_LAST_CONSTRUCTION
04100790000NB|56.8|56.9|1972|||54|01/01/2023||YEAR_LAST_CONSTRUCTION
04100790000NB|56.9|57.0|1972|||54|01/01/2023||YEAR_LAST_CONSTRUCTION
04100790000NB|57.0|57.1|1972|||54|01/01/2023||YEAR_LAST_CONSTRUCTION
04100790000NB|57.1|57.2|1972|||54|01/01/2023||YEAR_LAST_CONSTRUCTION
04100790000NB|57.2|57.3|1972|||54|01/01/2023||YEAR_LAST_CONSTRUCTION
04100790000NB|57.3|57.4|1972|||54|01/01/2023||YEAR_LAST_CONSTRUCTION
04100790000NB|57.4|57.5|1972|||54|01/01/2023||YEAR_LAST_CONSTRUCTION
04100790000NB|57.5|57.51|1972|||54|01/01/2023||YEAR_LAST_CONSTRUCTION
04100790000NB|57.51|57.6|1972|||54|01/01/2023||YEAR_LAST_CONSTRUCTION
04100790000NB|57.6|57.7|1972|||54|01/01/2023||YEAR_LAST_CONSTRUCTION
04100790000NB|57.7|57.8|1972|||54|01/01/2023||YEAR_LAST_CONSTRUCTION
04100790000NB|57.8|57.9|2018|||54|01/01/2023||YEAR_LAST_CONSTRUCTION
04100790000NB|57.9|58.0|2018|||54|01/01/2023||YEAR_LAST_CONSTRUCTION
04100790000NB|58.0|58.1|2018|||54|01/01/2023||YEAR_LAST_CONSTRUCTION
04100790000NB|58.1|58.2|2018|||54|01/01/2023||YEAR_LAST_CONSTRUCTION
04100790000NB|58.2|58.3|2018|||54|01/01/2023||YEAR_LAST_CONSTRUCTION
04100790000NB|58.3|58.4|2018|||54|01/01/2023||YEAR_LAST_CONSTRUCTION
04100790000NB|58.4|58.5|2018|||54|01/01/2023||YEAR_LAST_CONSTRUCTION
04100790000NB|58.5|58.6|2018|||54|01/01/2023||YEAR_LAST_CONSTRUCTION
04100790000NB|58.6|58.7|2018|||54|01/01/2023||YEAR_LAST_CONSTRUCTION
04100790000NB|58.7|58.8|2018|||54|01/01/2023||YEAR_LAST_CONSTRUCTION
04100790000NB|58.8|58.9|2018|||54|01/01/2023||YEAR_LAST_CONSTRUCTION
04100790000NB|58.9|59.0|2018|||54|01/01/2023||YEAR_LAST_CONSTRUCTION
04100790000NB|59.0|59.1|2018|||54|01/01/2023||YEAR_LAST_CONSTRUCTION
04100790000NB|59.1|59.2|2018|||54|01/01/2023||YEAR_LAST_CONSTRUCTION
04100790000NB|59.2|59.3|2018|||54|01/01/2023||YEAR_LAST_CONSTRUCTION
04100790000NB|59.3|59.4|2018|||54|01/01/2023||YEAR_LAST_CONSTRUCTION
04100790000NB|59.4|59.5|2018|||54|01/01/2023||YEAR_LAST_CONSTRUCTION
04100790000NB|59.5|59.6|2018|||54|01/01/2023||YEAR_LAST_CONSTRUCTION
04100790000NB|59.6|59.7|2018|||54|01/01/2023||YEAR_LAST_CONSTRUCTION
04100790000NB|59.7|59.8|2018|||54|01/01/2023||YEAR_LAST_CONSTRUCTION
04100790000NB|59.8|59.9|2018|||54|01/01/2023||YEAR_LAST_CONSTRUCTION
04100790000NB|59.9|60.0|2018|||54|01/01/2023||YEAR_LAST_CONSTRUCTION
04100790000NB|60.0|60.1|2018|||54|01/01/2023||YEAR_LAST_CONSTRUCTION
04100790000NB|60.1|60.2|2018|||54|01/01/2023||YEAR_LAST_CONSTRUCTION
04100790000NB|60.2|60.3|2018|||54|01/01/2023||YEAR_LAST_CONSTRUCTION
04100790000NB|60.3|60.4|2018|||54|01/01/2023||YEAR_LAST_CONSTRUCTION
04100790000NB|60.4|60.5|2018|||54|01/01/2023||YEAR_LAST_CONSTRUCTION
04100790000NB|60.5|60.6|2018|||54|01/01/2023||YEAR_LAST_CONSTRUCTION
04100790000NB|60.6|60.7|2018|||54|01/01/2023||YEAR_LAST_CONSTRUCTION
04100790000NB|60.7|60.8|2018|||54|01/01/2023||YEAR_LAST_CONSTRUCTION
04100790000NB|60.8|60.9|2018|||54|01/01/2023||YEAR_LAST_CONSTRUCTION
04100790000NB|60.9|61.0|2018|||54|01/01/2023||YEAR_LAST_CONSTRUCTION
04100790000NB|61.0|61.1|2018|||54|01/01/2023||YEAR_LAST_CONSTRUCTION
04100790000NB|61.1|61.2|2018|||54|01/01/2023||YEAR_LAST_CONSTRUCTION
04100790000NB|61.2|61.3|2018|||54|01/01/2023||YEAR_LAST_CONSTRUCTION
04100790000NB|61.3|61.4|2018|||54|01/01/2023||YEAR_LAST_CONSTRUCTION
04100790000NB|61.4|61.47|2018|||54|01/01/2023||YEAR_LAST_CONSTRUCTION
04100790000NB|61.47|61.5|2018|||54|01/01/2023||YEAR_LAST_CONSTRUCTION
04100790000NB|61.5|61.6|2018|||54|01/01/2023||YEAR_LAST_CONSTRUCTION
04100790000NB|61.6|61.7|2018|||54|01/01/2023||YEAR_LAST_CONSTRUCTION
04100790000NB|61.7|61.8|2018|||54|01/01/2023||YEAR_LAST_CONSTRUCTION
04100790000NB|61.8|61.9|2018|||54|01/01/2023||YEAR_LAST_CONSTRUCTION
04100790000NB|61.9|62.0|2018|||54|01/01/2023||YEAR_LAST_CONSTRUCTION
04100790000NB|62.0|62.04|2018|||54|01/01/2023||YEAR_LAST_CONSTRUCTION
04100790000NB|62.04|62.1|1973|||54|01/01/2023||YEAR_LAST_CONSTRUCTION
04100790000NB|62.1|62.2|1973|||54|01/01/2023||YEAR_LAST_CONSTRUCTION
04100790000NB|62.2|62.3|1973|||54|01/01/2023||YEAR_LAST_CONSTRUCTION
04100790000NB|62.3|62.4|1973|||54|01/01/2023||YEAR_LAST_CONSTRUCTION
04100790000NB|62.4|62.5|1973|||54|01/01/2023||YEAR_LAST_CONSTRUCTION
04100790000NB|62.5|62.6|1973|||54|01/01/2023||YEAR_LAST_CONSTRUCTION
04100790000NB|62.6|62.7|1973|||54|01/01/2023||YEAR_LAST_CONSTRUCTION
04100790000NB|62.7|62.8|1973|||54|01/01/2023||YEAR_LAST_CONSTRUCTION
04100790000NB|62.8|62.9|1973|||54|01/01/2023||YEAR_LAST_CONSTRUCTION
04100790000NB|62.9|63.0|1973|||54|01/01/2023||YEAR_LAST_CONSTRUCTION
04100790000NB|63.0|63.1|1973|||54|01/01/2023||YEAR_LAST_CONSTRUCTION
04100790000NB|63.1|63.2|1973|||54|01/01/2023||YEAR_LAST_CONSTRUCTION
04100790000NB|63.2|63.3|1973|||54|01/01/2023||YEAR_LAST_CONSTRUCTION
04100790000NB|63.3|63.4|1973|||54|01/01/2023||YEAR_LAST_CONSTRUCTION
04100790000NB|63.4|63.46|1973|||54|01/01/2023||YEAR_LAST_CONSTRUCTION
04100790000NB|63.46|63.5|1973|||54|01/01/2023||YEAR_LAST_CONSTRUCTION
04100790000NB|63.5|63.6|1973|||54|01/01/2023||YEAR_LAST_CONSTRUCTION
04100790000NB|63.6|63.7|1973|||54|01/01/2023||YEAR_LAST_CONSTRUCTION
04100790000NB|63.7|63.8|1973|||54|01/01/2023||YEAR_LAST_CONSTRUCTION
04100790000NB|63.8|63.9|1973|||54|01/01/2023||YEAR_LAST_CONSTRUCTION
04100790000NB|63.9|64.0|1973|||54|01/01/2023||YEAR_LAST_CONSTRUCTION
04100790000NB|64.0|64.1|1973|||54|01/01/2023||YEAR_LAST_CONSTRUCTION
04100790000NB|64.1|64.2|1973|||54|01/01/2023||YEAR_LAST_CONSTRUCTION
04100790000NB|64.2|64.3|1973|||54|01/01/2023||YEAR_LAST_CONSTRUCTION
04100790000NB|64.3|64.4|1973|||54|01/01/2023||YEAR_LAST_CONSTRUCTION
04100790000NB|64.4|64.5|1973|||54|01/01/2023||YEAR_LAST_CONSTRUCTION
04100790000NB|64.5|64.6|1973|||54|01/01/2023||YEAR_LAST_CONSTRUCTION
04100790000NB|64.6|64.7|1973|||54|01/01/2023||YEAR_LAST_CONSTRUCTION
04100790000NB|64.7|64.8|1973|||54|01/01/2023||YEAR_LAST_CONSTRUCTION
04100790000NB|64.8|64.83|1973|||54|01/01/2023||YEAR_LAST_CONSTRUCTION
04100790000NB|64.83|64.9|1973|||54|01/01/2023||YEAR_LAST_CONSTRUCTION
04100790000NB|64.9|65.0|1973|||54|01/01/2023||YEAR_LAST_CONSTRUCTION
04100790000NB|65.0|65.1|1973|||54|01/01/2023||YEAR_LAST_CONSTRUCTION
04100790000NB|65.1|65.2|1973|||54|01/01/2023||YEAR_LAST_CONSTRUCTION
04100790000NB|65.2|65.3|1973|||54|01/01/2023||YEAR_LAST_CONSTRUCTION
04100790000NB|65.3|65.4|1973|||54|01/01/2023||YEAR_LAST_CONSTRUCTION
04100790000NB|65.4|65.5|1973|||54|01/01/2023||YEAR_LAST_CONSTRUCTION
04100790000NB|65.5|65.6|1973|||54|01/01/2023||YEAR_LAST_CONSTRUCTION
04100790000NB|65.6|65.7|1973|||54|01/01/2023||YEAR_LAST_CONSTRUCTION
04100790000NB|65.7|65.8|1973|||54|01/01/2023||YEAR_LAST_CONSTRUCTION
04100790000NB|65.8|65.9|2018|||54|01/01/2023||YEAR_LAST_CONSTRUCTION
04100790000NB|65.9|66.0|2018|||54|01/01/2023||YEAR_LAST_CONSTRUCTION
04100790000NB|66.0|66.1|2018|||54|01/01/2023||YEAR_LAST_CONSTRUCTION
04100790000NB|66.1|66.2|2018|||54|01/01/2023||YEAR_LAST_CONSTRUCTION
04100790000NB|66.2|66.3|2018|||54|01/01/2023||YEAR_LAST_CONSTRUCTION
04100790000NB|66.3|66.4|2018|||54|01/01/2023||YEAR_LAST_CONSTRUCTION
04100790000NB|66.4|66.5|2018|||54|01/01/2023||YEAR_LAST_CONSTRUCTION
04100790000NB|66.5|66.6|2018|||54|01/01/2023||YEAR_LAST_CONSTRUCTION
04100790000NB|66.6|66.7|2018|||54|01/01/2023||YEAR_LAST_CONSTRUCTION
04100790000NB|66.7|66.8|2018|||54|01/01/2023||YEAR_LAST_CONSTRUCTION
04100790000NB|66.8|66.9|2018|||54|01/01/2023||YEAR_LAST_CONSTRUCTION
04100790000NB|66.9|67.0|2018|||54|01/01/2023||YEAR_LAST_CONSTRUCTION
04100790000NB|67.0|67.1|2018|||54|01/01/2023||YEAR_LAST_CONSTRUCTION
04100790000NB|67.1|67.2|2018|||54|01/01/2023||YEAR_LAST_CONSTRUCTION
04100790000NB|67.2|67.3|2018|||54|01/01/2023||YEAR_LAST_CONSTRUCTION
04100790000NB|67.3|67.4|2018|||54|01/01/2023||YEAR_LAST_CONSTRUCTION
04100790000NB|67.4|67.5|2018|||54|01/01/2023||YEAR_LAST_CONSTRUCTION
04100790000NB|67.5|67.52|2018|||54|01/01/2023||YEAR_LAST_CONSTRUCTION
04100790000NB|67.52|67.6|2018|||54|01/01/2023||YEAR_LAST_CONSTRUCTION
04100790000NB|67.6|67.7|2018|||54|01/01/2023||YEAR_LAST_CONSTRUCTION
04100790000NB|67.7|67.8|2018|||54|01/01/2023||YEAR_LAST_CONSTRUCTION
04100790000NB|67.8|67.9|2018|||54|01/01/2023||YEAR_LAST_CONSTRUCTION
04100790000NB|67.9|68.0|2018|||54|01/01/2023||YEAR_LAST_CONSTRUCTION
04100790000NB|68.0|68.1|2018|||54|01/01/2023||YEAR_LAST_CONSTRUCTION
04100790000NB|68.1|68.2|2018|||54|01/01/2023||YEAR_LAST_CONSTRUCTION
04100790000NB|68.2|68.3|2018|||54|01/01/2023||YEAR_LAST_CONSTRUCTION
04100790000NB|68.3|68.4|2018|||54|01/01/2023||YEAR_LAST_CONSTRUCTION
04100790000NB|68.4|68.5|2018|||54|01/01/2023||YEAR_LAST_CONSTRUCTION
04100790000NB|68.5|68.6|2018|||54|01/01/2023||YEAR_LAST_CONSTRUCTION
04100790000NB|68.6|68.7|2018|||54|01/01/2023||YEAR_LAST_CONSTRUCTION
04100790000NB|68.7|68.8|2018|||54|01/01/2023||YEAR_LAST_CONSTRUCTION
04100790000NB|68.8|68.9|2018|||54|01/01/2023||YEAR_LAST_CONSTRUCTION
04100790000NB|68.9|69.0|2018|||54|01/01/2023||YEAR_LAST_CONSTRUCTION
04100790000NB|69.0|69.1|2018|||54|01/01/2023||YEAR_LAST_CONSTRUCTION
04100790000NB|69.1|69.2|2018|||54|01/01/2023||YEAR_LAST_CONSTRUCTION
04100790000NB|69.2|69.3|2018|||54|01/01/2023||YEAR_LAST_CONSTRUCTION
04100790000NB|69.3|69.32|2018|||54|01/01/2023||YEAR_LAST_CONSTRUCTION
04100790000NB|69.32|69.4|2018|||54|01/01/2023||YEAR_LAST_CONSTRUCTION
04100790000NB|69.4|69.5|2018|||54|01/01/2023||YEAR_LAST_CONSTRUCTION
04100790000NB|69.5|69.6|2018|||54|01/01/2023||YEAR_LAST_CONSTRUCTION
04100790000NB|69.6|69.7|2018|||54|01/01/2023||YEAR_LAST_CONSTRUCTION
04100790000NB|69.7|69.8|2018|||54|01/01/2023||YEAR_LAST_CONSTRUCTION
04100790000NB|69.8|69.9|2018|||54|01/01/2023||YEAR_LAST_CONSTRUCTION
04100790000NB|69.9|70.0|2018|||54|01/01/2023||YEAR_LAST_CONSTRUCTION
04100790000NB|70.0|70.1|2018|||54|01/01/2023||YEAR_LAST_CONSTRUCTION
04100790000NB|70.1|70.2|2018|||54|01/01/2023||YEAR_LAST_CONSTRUCTION
04100790000NB|70.2|70.3|2018|||54|01/01/2023||YEAR_LAST_CONSTRUCTION
04100790000NB|70.3|70.4|2018|||54|01/01/2023||YEAR_LAST_CONSTRUCTION
04100790000NB|70.4|70.5|2018|||54|01/01/2023||YEAR_LAST_CONSTRUCTION
04100790000NB|70.5|70.6|2018|||54|01/01/2023||YEAR_LAST_CONSTRUCTION
04100790000NB|70.6|70.7|2018|||54|01/01/2023||YEAR_LAST_CONSTRUCTION
04100790000NB|70.7|70.8|2018|||54|01/01/2023||YEAR_LAST_CONSTRUCTION
04100790000NB|70.8|70.83|2018|||54|01/01/2023||YEAR_LAST_CONSTRUCTION
04100790000NB|70.83|70.9|2018|||54|01/01/2023||YEAR_LAST_CONSTRUCTION
04100790000NB|70.9|71.0|2018|||54|01/01/2023||YEAR_LAST_CONSTRUCTION
04100790000NB|71.0|71.1|2018|||54|01/01/2023||YEAR_LAST_CONSTRUCTION
04100790000NB|71.1|71.2|2018|||54|01/01/2023||YEAR_LAST_CONSTRUCTION
04100790000NB|71.2|71.3|2018|||54|01/01/2023||YEAR_LAST_CONSTRUCTION
04100790000NB|71.3|71.4|2018|||54|01/01/2023||YEAR_LAST_CONSTRUCTION
04100790000NB|71.4|71.5|1973|||54|01/01/2023||YEAR_LAST_CONSTRUCTION
04100790000NB|71.5|71.6|1973|||54|01/01/2023||YEAR_LAST_CONSTRUCTION
04100790000NB|71.6|71.7|1973|||54|01/01/2023||YEAR_LAST_CONSTRUCTION
04100790000NB|71.7|71.8|1973|||54|01/01/2023||YEAR_LAST_CONSTRUCTION
04100790000NB|71.8|71.9|1973|||54|01/01/2023||YEAR_LAST_CONSTRUCTION
04100790000NB|71.9|72.0|1973|||54|01/01/2023||YEAR_LAST_CONSTRUCTION
04100790000NB|72.0|72.1|1973|||54|01/01/2023||YEAR_LAST_CONSTRUCTION
04100790000NB|72.1|72.2|1973|||54|01/01/2023||YEAR_LAST_CONSTRUCTION
04100790000NB|72.2|72.3|1973|||54|01/01/2023||YEAR_LAST_CONSTRUCTION
04100790000NB|72.3|72.4|1973|||54|01/01/2023||YEAR_LAST_CONSTRUCTION
04100790000NB|72.4|72.5|1973|||54|01/01/2023||YEAR_LAST_CONSTRUCTION
04100790000NB|72.5|72.6|1973|||54|01/01/2023||YEAR_LAST_CONSTRUCTION
04100790000NB|72.6|72.7|1973|||54|01/01/2023||YEAR_LAST_CONSTRUCTION
04100790000NB|72.7|72.8|1973|||54|01/01/2023||YEAR_LAST_CONSTRUCTION
04100790000NB|72.8|72.9|1973|||54|01/01/2023||YEAR_LAST_CONSTRUCTION
04100790000NB|72.9|73.0|1973|||54|01/01/2023||YEAR_LAST_CONSTRUCTION
04100790000NB|73.0|73.1|1973|||54|01/01/2023||YEAR_LAST_CONSTRUCTION
04100790000NB|73.1|73.2|1973|||54|01/01/2023||YEAR_LAST_CONSTRUCTION
04100790000NB|73.2|73.3|1973|||54|01/01/2023||YEAR_LAST_CONSTRUCTION
04100790000NB|73.3|73.4|1973|||54|01/01/2023||YEAR_LAST_CONSTRUCTION
04100790000NB|73.4|73.5|1973|||54|01/01/2023||YEAR_LAST_CONSTRUCTION
04100790000NB|73.5|73.6|1973|||54|01/01/2023||YEAR_LAST_CONSTRUCTION
04100790000NB|73.6|73.7|1973|||54|01/01/2023||YEAR_LAST_CONSTRUCTION
04100790000NB|73.7|73.8|1973|||54|01/01/2023||YEAR_LAST_CONSTRUCTION
04100790000NB|73.8|73.9|1973|||54|01/01/2023||YEAR_LAST_CONSTRUCTION
04100790000NB|73.9|74.0|1973|||54|01/01/2023||YEAR_LAST_CONSTRUCTION
04100790000NB|74.0|74.1|1973|||54|01/01/2023||YEAR_LAST_CONSTRUCTION
04100790000NB|74.1|74.2|1973|||54|01/01/2023||YEAR_LAST_CONSTRUCTION
04100790000NB|74.2|74.3|1973|||54|01/01/2023||YEAR_LAST_CONSTRUCTION
04100790000NB|74.3|74.4|1973|||54|01/01/2023||YEAR_LAST_CONSTRUCTION
04100790000NB|74.4|74.5|1973|||54|01/01/2023||YEAR_LAST_CONSTRUCTION
04100790000NB|74.5|74.6|1973|||54|01/01/2023||YEAR_LAST_CONSTRUCTION
04100790000NB|74.6|74.7|1973|||54|01/01/2023||YEAR_LAST_CONSTRUCTION
04100790000NB|74.7|74.8|1973|||54|01/01/2023||YEAR_LAST_CONSTRUCTION
04100790000NB|74.8|74.9|1973|||54|01/01/2023||YEAR_LAST_CONSTRUCTION
04100790000NB|74.9|75.0|1973|||54|01/01/2023||YEAR_LAST_CONSTRUCTION
04100790000NB|75.0|75.1|1973|||54|01/01/2023||YEAR_LAST_CONSTRUCTION
04100790000NB|75.1|75.2|1973|||54|01/01/2023||YEAR_LAST_CONSTRUCTION
04100790000NB|75.2|75.3|1973|||54|01/01/2023||YEAR_LAST_CONSTRUCTION
04100790000NB|75.3|75.4|1973|||54|01/01/2023||YEAR_LAST_CONSTRUCTION
04100790000NB|75.4|75.5|1973|||54|01/01/2023||YEAR_LAST_CONSTRUCTION
04100790000NB|75.5|75.6|1973|||54|01/01/2023||YEAR_LAST_CONSTRUCTION
04100790000NB|75.6|75.7|1973|||54|01/01/2023||YEAR_LAST_CONSTRUCTION
04100790000NB|75.7|75.8|1973|||54|01/01/2023||YEAR_LAST_CONSTRUCTION
04100790000NB|75.8|75.9|1973|||54|01/01/2023||YEAR_LAST_CONSTRUCTION
04100790000NB|75.9|76.0|1973|||54|01/01/2023||YEAR_LAST_CONSTRUCTION
04100790000NB|76.0|76.1|1973|||54|01/01/2023||YEAR_LAST_CONSTRUCTION
04100790000NB|76.1|76.2|1973|||54|01/01/2023||YEAR_LAST_CONSTRUCTION
04100790000NB|76.2|76.3|1973|||54|01/01/2023||YEAR_LAST_CONSTRUCTION
04100790000NB|76.3|76.4|1973|||54|01/01/2023||YEAR_LAST_CONSTRUCTION
04100790000NB|76.4|76.5|1973|||54|01/01/2023||YEAR_LAST_CONSTRUCTION
04100790000NB|76.5|76.6|1973|||54|01/01/2023||YEAR_LAST_CONSTRUCTION
04100790000NB|76.6|76.7|1973|||54|01/01/2023||YEAR_LAST_CONSTRUCTION
04100790000NB|76.7|76.8|1973|||54|01/01/2023||YEAR_LAST_CONSTRUCTION
04100790000NB|76.8|76.9|1973|||54|01/01/2023||YEAR_LAST_CONSTRUCTION
04100790000NB|76.9|77.0|1973|||54|01/01/2023||YEAR_LAST_CONSTRUCTION
04100790000NB|77.0|77.1|1973|||54|01/01/2023||YEAR_LAST_CONSTRUCTION
04100790000NB|77.1|77.2|1973|||54|01/01/2023||YEAR_LAST_CONSTRUCTION
04100790000NB|77.2|77.3|1973|||54|01/01/2023||YEAR_LAST_CONSTRUCTION
04100790000NB|77.3|77.4|1973|||54|01/01/2023||YEAR_LAST_CONSTRUCTION
04100790000NB|77.4|77.5|1973|||54|01/01/2023||YEAR_LAST_CONSTRUCTION
04100790000NB|77.5|77.6|1973|||54|01/01/2023||YEAR_LAST_CONSTRUCTION
04100790000NB|77.6|77.7|1973|||54|01/01/2023||YEAR_LAST_CONSTRUCTION
04100790000NB|77.7|77.8|1973|||54|01/01/2023||YEAR_LAST_CONSTRUCTION
04100790000NB|77.8|77.9|1973|||54|01/01/2023||YEAR_LAST_CONSTRUCTION
04100790000NB|77.9|78.0|1973|||54|01/01/2023||YEAR_LAST_CONSTRUCTION
04100790000NB|78.0|78.1|1973|||54|01/01/2023||YEAR_LAST_CONSTRUCTION
04100790000NB|78.1|78.2|1973|||54|01/01/2023||YEAR_LAST_CONSTRUCTION
04100790000NB|78.2|78.3|1973|||54|01/01/2023||YEAR_LAST_CONSTRUCTION
04100790000NB|78.3|78.4|1973|||54|01/01/2023||YEAR_LAST_CONSTRUCTION
04100790000NB|78.4|78.41|1973|||54|01/01/2023||YEAR_LAST_CONSTRUCTION
04100790000NB|78.41|78.5|1973|||54|01/01/2023||YEAR_LAST_CONSTRUCTION
04100790000NB|78.5|78.6|1973|||54|01/01/2023||YEAR_LAST_CONSTRUCTION
04100790000NB|78.6|78.7|1973|||54|01/01/2023||YEAR_LAST_CONSTRUCTION
04100790000NB|78.7|78.8|1973|||54|01/01/2023||YEAR_LAST_CONSTRUCTION
04100790000NB|78.8|78.9|1973|||54|01/01/2023||YEAR_LAST_CONSTRUCTION
04100790000NB|78.9|79.0|1973|||54|01/01/2023||YEAR_LAST_CONSTRUCTION
04100790000NB|79.0|79.08|1973|||54|01/01/2023||YEAR_LAST_CONSTRUCTION
04100790000NB|79.08|79.1|1973|||54|01/01/2023||YEAR_LAST_CONSTRUCTION
04100790000NB|79.1|79.2|1973|||54|01/01/2023||YEAR_LAST_CONSTRUCTION
04100790000NB|79.2|79.3|1973|||54|01/01/2023||YEAR_LAST_CONSTRUCTION
04100790000NB|79.3|79.4|1973|||54|01/01/2023||YEAR_LAST_CONSTRUCTION
04100790000NB|79.4|79.5|1973|||54|01/01/2023||YEAR_LAST_CONSTRUCTION
04100790000NB|79.5|79.6|1973|||54|01/01/2023||YEAR_LAST_CONSTRUCTION
04100790000NB|79.6|79.7|1973|||54|01/01/2023||YEAR_LAST_CONSTRUCTION
04100790000NB|79.7|79.8|1973|||54|01/01/2023||YEAR_LAST_CONSTRUCTION
04100790000NB|79.8|79.9|1973|||54|01/01/2023||YEAR_LAST_CONSTRUCTION
04100790000NB|79.9|80.0|1973|||54|01/01/2023||YEAR_LAST_CONSTRUCTION
04100790000NB|80.0|80.1|1973|||54|01/01/2023||YEAR_LAST_CONSTRUCTION
04100790000NB|80.1|80.2|1973|||54|01/01/2023||YEAR_LAST_CONSTRUCTION
04100790000NB|80.2|80.3|1973|||54|01/01/2023||YEAR_LAST_CONSTRUCTION
04100790000NB|80.3|80.4|1973|||54|01/01/2023||YEAR_LAST_CONSTRUCTION
04100790000NB|80.4|80.5|1973|||54|01/01/2023||YEAR_LAST_CONSTRUCTION
04100790000NB|80.5|80.6|1973|||54|01/01/2023||YEAR_LAST_CONSTRUCTION
04100790000NB|80.6|80.7|1973|||54|01/01/2023||YEAR_LAST_CONSTRUCTION
04100790000NB|80.7|80.8|1973|||54|01/01/2023||YEAR_LAST_CONSTRUCTION
04100790000NB|80.8|80.9|1973|||54|01/01/2023||YEAR_LAST_CONSTRUCTION
04100790000NB|80.9|81.0|1973|||54|01/01/2023||YEAR_LAST_CONSTRUCTION
04100790000NB|81.0|81.1|1973|||54|01/01/2023||YEAR_LAST_CONSTRUCTION
04100790000NB|81.1|81.2|1973|||54|01/01/2023||YEAR_LAST_CONSTRUCTION
04100790000NB|81.2|81.3|1973|||54|01/01/2023||YEAR_LAST_CONSTRUCTION
04100790000NB|81.3|81.4|1973|||54|01/01/2023||YEAR_LAST_CONSTRUCTION
04100790000NB|81.4|81.5|1973|||54|01/01/2023||YEAR_LAST_CONSTRUCTION
04100790000NB|81.5|81.6|1973|||54|01/01/2023||YEAR_LAST_CONSTRUCTION
04100790000NB|81.6|81.7|1973|||54|01/01/2023||YEAR_LAST_CONSTRUCTION
04100790000NB|81.7|81.8|1973|||54|01/01/2023||YEAR_LAST_CONSTRUCTION
04100790000NB|81.8|81.9|1973|||54|01/01/2023||YEAR_LAST_CONSTRUCTION
04100790000NB|81.9|82.0|1973|||54|01/01/2023||YEAR_LAST_CONSTRUCTION
04100790000NB|82.0|82.1|1973|||54|01/01/2023||YEAR_LAST_CONSTRUCTION
04100790000NB|82.1|82.2|1973|||54|01/01/2023||YEAR_LAST_CONSTRUCTION
04100790000NB|82.2|82.3|1973|||54|01/01/2023||YEAR_LAST_CONSTRUCTION
04100790000NB|82.3|82.4|1973|||54|01/01/2023||YEAR_LAST_CONSTRUCTION
04100790000NB|82.4|82.5|1973|||54|01/01/2023||YEAR_LAST_CONSTRUCTION
04100790000NB|82.5|82.6|1973|||54|01/01/2023||YEAR_LAST_CONSTRUCTION
04100790000NB|82.6|82.7|1973|||54|01/01/2023||YEAR_LAST_CONSTRUCTION
04100790000NB|82.7|82.8|1973|||54|01/01/2023||YEAR_LAST_CONSTRUCTION
04100790000NB|82.8|82.9|1973|||54|01/01/2023||YEAR_LAST_CONSTRUCTION
04100790000NB|82.9|83.0|1973|||54|01/01/2023||YEAR_LAST_CONSTRUCTION
04100790000NB|83.0|83.1|1973|||54|01/01/2023||YEAR_LAST_CONSTRUCTION
04100790000NB|83.1|83.15|1973|||54|01/01/2023||YEAR_LAST_CONSTRUCTION
1130005000000|10.83|12.51|1936|||54|01/01/2023||YEAR_LAST_CONSTRUCTION
1130005000000|14.58|14.89|1936|||54|01/01/2023||YEAR_LAST_CONSTRUCTION
1140007000000|6.97|8.45|1944|||54|01/01/2023||YEAR_LAST_CONSTRUCTION
1140007000000|8.45|8.67|1944|||54|01/01/2023||YEAR_LAST_CONSTRUCTION
11200330000EB|0.0|0.1|1926|||54|01/01/2023||YEAR_LAST_CONSTRUCTION
11200330000EB|0.1|0.2|1926|||54|01/01/2023||YEAR_LAST_CONSTRUCTION
11200330000EB|0.2|0.3|1926|||54|01/01/2023||YEAR_LAST_CONSTRUCTION
11200330000EB|0.3|0.4|1926|||54|01/01/2023||YEAR_LAST_CONSTRUCTION
11200330000EB|0.4|0.5|1926|||54|01/01/2023||YEAR_LAST_CONSTRUCTION
11200330000EB|0.5|0.59|1926|||54|01/01/2023||YEAR_LAST_CONSTRUCTION
11200330000EB|1.12|1.18|1926|||54|01/01/2023||YEAR_LAST_CONSTRUCTION
11200330000EB|1.18|1.2|1926|||54|01/01/2023||YEAR_LAST_CONSTRUCTION
11200330000EB|1.2|1.3|1926|||54|01/01/2023||YEAR_LAST_CONSTRUCTION
11200330000EB|1.3|1.39|1926|||54|01/01/2023||YEAR_LAST_CONSTRUCTION
11200330000EB|1.39|1.4|1926|||54|01/01/2023||YEAR_LAST_CONSTRUCTION
11200330000EB|1.4|1.5|1926|||54|01/01/2023||YEAR_LAST_CONSTRUCTION
11200330000EB|1.5|1.6|1926|||54|01/01/2023||YEAR_LAST_CONSTRUCTION
11200330000EB|1.6|1.7|1926|||54|01/01/2023||YEAR_LAST_CONSTRUCTION
11200330000EB|1.7|1.8|1926|||54|01/01/2023||YEAR_LAST_CONSTRUCTION
11200330000EB|1.8|1.9|1926|||54|01/01/2023||YEAR_LAST_CONSTRUCTION
11200330000EB|1.9|1.96|1926|||54|01/01/2023||YEAR_LAST_CONSTRUCTION
11200330000EB|2.2|2.3|1926|||54|01/01/2023||YEAR_LAST_CONSTRUCTION
11200330000EB|2.3|2.4|1926|||54|01/01/2023||YEAR_LAST_CONSTRUCTION
11200330000EB|2.4|2.5|1926|||54|01/01/2023||YEAR_LAST_CONSTRUCTION
11200330000EB|2.5|2.6|1926|||54|01/01/2023||YEAR_LAST_CONSTRUCTION
11200330000EB|2.6|2.7|1926|||54|01/01/2023||YEAR_LAST_CONSTRUCTION
11200330000EB|2.7|2.8|1926|||54|01/01/2023||YEAR_LAST_CONSTRUCTION
11200330000EB|2.8|2.9|1926|||54|01/01/2023||YEAR_LAST_CONSTRUCTION
11200330000EB|2.9|3.0|1926|||54|01/01/2023||YEAR_LAST_CONSTRUCTION
11200330000EB|3.0|3.1|1926|||54|01/01/2023||YEAR_LAST_CONSTRUCTION
11200330000EB|3.1|3.2|1926|||54|01/01/2023||YEAR_LAST_CONSTRUCTION
11200330000EB|3.2|3.3|1926|||54|01/01/2023||YEAR_LAST_CONSTRUCTION
11200330000EB|3.3|3.4|1926|||54|01/01/2023||YEAR_LAST_CONSTRUCTION
11200330000EB|3.4|3.5|1926|||54|01/01/2023||YEAR_LAST_CONSTRUCTION
11200330000EB|3.5|3.6|1926|||54|01/01/2023||YEAR_LAST_CONSTRUCTION
11200330000EB|3.6|3.7|1926|||54|01/01/2023||YEAR_LAST_CONSTRUCTION
11200330000EB|3.7|3.8|1926|||54|01/01/2023||YEAR_LAST_CONSTRUCTION
11200330000EB|3.8|3.9|1926|||54|01/01/2023||YEAR_LAST_CONSTRUCTION
11200330000EB|3.9|4.0|1926|||54|01/01/2023||YEAR_LAST_CONSTRUCTION
11200330000EB|4.0|4.1|1926|||54|01/01/2023||YEAR_LAST_CONSTRUCTION
11200330000EB|4.1|4.2|1926|||54|01/01/2023||YEAR_LAST_CONSTRUCTION
11200330000EB|4.2|4.3|1926|||54|01/01/2023||YEAR_LAST_CONSTRUCTION
11200330000EB|4.3|4.4|1926|||54|01/01/2023||YEAR_LAST_CONSTRUCTION
11200330000EB|4.4|4.5|1926|||54|01/01/2023||YEAR_LAST_CONSTRUCTION
11200330000EB|4.5|4.6|1926|||54|01/01/2023||YEAR_LAST_CONSTRUCTION
11200330000EB|4.6|4.7|1926|||54|01/01/2023||YEAR_LAST_CONSTRUCTION
11200330000EB|4.7|4.8|1926|||54|01/01/2023||YEAR_LAST_CONSTRUCTION
11200330000EB|4.8|4.9|1926|||54|01/01/2023||YEAR_LAST_CONSTRUCTION
11200330000EB|4.9|5.0|1926|||54|01/01/2023||YEAR_LAST_CONSTRUCTION
11200330000EB|5.0|5.05|1926|||54|01/01/2023||YEAR_LAST_CONSTRUCTION
11200330000EB|5.05|5.1|1926|||54|01/01/2023||YEAR_LAST_CONSTRUCTION
11200330000EB|5.1|5.2|1926|||54|01/01/2023||YEAR_LAST_CONSTRUCTION
11200330000EB|5.2|5.3|1926|||54|01/01/2023||YEAR_LAST_CONSTRUCTION
11200330000EB|5.3|5.4|1926|||54|01/01/2023||YEAR_LAST_CONSTRUCTION
11200330000EB|5.4|5.5|1926|||54|01/01/2023||YEAR_LAST_CONSTRUCTION
11200330000EB|5.5|5.6|1926|||54|01/01/2023||YEAR_LAST_CONSTRUCTION
11200330000EB|5.6|5.7|1926|||54|01/01/2023||YEAR_LAST_CONSTRUCTION
11200330000EB|5.7|5.8|1926|||54|01/01/2023||YEAR_LAST_CONSTRUCTION
11200330000EB|5.8|5.9|1926|||54|01/01/2023||YEAR_LAST_CONSTRUCTION
11200330000EB|5.9|6.0|1926|||54|01/01/2023||YEAR_LAST_CONSTRUCTION
11200330000EB|6.0|6.1|1926|||54|01/01/2023||YEAR_LAST_CONSTRUCTION
11200330000EB|6.1|6.2|1926|||54|01/01/2023||YEAR_LAST_CONSTRUCTION
11200330000EB|6.2|6.3|1926|||54|01/01/2023||YEAR_LAST_CONSTRUCTION
11200330000EB|6.3|6.4|1926|||54|01/01/2023||YEAR_LAST_CONSTRUCTION
11200330000EB|6.4|6.44|1926|||54|01/01/2023||YEAR_LAST_CONSTRUCTION
11200330000EB|17.3|17.4|1926|||54|01/01/2023||YEAR_LAST_CONSTRUCTION
11200330000EB|17.4|17.5|1926|||54|01/01/2023||YEAR_LAST_CONSTRUCTION
11200330000EB|17.5|17.6|1926|||54|01/01/2023||YEAR_LAST_CONSTRUCTION
11200330000EB|17.6|17.7|1926|||54|01/01/2023||YEAR_LAST_CONSTRUCTION
11200330000EB|17.7|17.8|1926|||54|01/01/2023||YEAR_LAST_CONSTRUCTION
11200330000EB|17.8|17.82|1926|||54|01/01/2023||YEAR_LAST_CONSTRUCTION
11200330000EB|18.2|18.3|1926|||54|01/01/2023||YEAR_LAST_CONSTRUCTION
11200330000EB|18.3|18.4|1926|||54|01/01/2023||YEAR_LAST_CONSTRUCTION
11200330000EB|18.4|18.5|1926|||54|01/01/2023||YEAR_LAST_CONSTRUCTION
11200330000EB|18.5|18.6|1926|||54|01/01/2023||YEAR_LAST_CONSTRUCTION
11200330000EB|18.6|18.7|1926|||54|01/01/2023||YEAR_LAST_CONSTRUCTION
11200330000EB|18.7|18.8|1926|||54|01/01/2023||YEAR_LAST_CONSTRUCTION
11200330000EB|18.8|18.9|1926|||54|01/01/2023||YEAR_LAST_CONSTRUCTION
11200330000EB|18.9|19.0|1926|||54|01/01/2023||YEAR_LAST_CONSTRUCTION
11200330000EB|19.0|19.1|1926|||54|01/01/2023||YEAR_LAST_CONSTRUCTION
11200330000EB|19.1|19.2|1926|||54|01/01/2023||YEAR_LAST_CONSTRUCTION
11200330000EB|19.2|19.3|1926|||54|01/01/2023||YEAR_LAST_CONSTRUCTION
11200330000EB|19.3|19.4|1926|||54|01/01/2023||YEAR_LAST_CONSTRUCTION
11200330000EB|19.4|19.5|1926|||54|01/01/2023||YEAR_LAST_CONSTRUCTION
11200330000EB|19.5|19.6|1926|||54|01/01/2023||YEAR_LAST_CONSTRUCTION
11200330000EB|19.6|19.62|1926|||54|01/01/2023||YEAR_LAST_CONSTRUCTION
11200330000EB|19.62|19.7|1926|||54|01/01/2023||YEAR_LAST_CONSTRUCTION
11200330000EB|19.7|19.8|1926|||54|01/01/2023||YEAR_LAST_CONSTRUCTION
11200330000EB|19.8|19.9|1926|||54|01/01/2023||YEAR_LAST_CONSTRUCTION
11200330000EB|19.9|20.0|1926|||54|01/01/2023||YEAR_LAST_CONSTRUCTION
11200330000EB|20.0|20.1|1926|||54|01/01/2023||YEAR_LAST_CONSTRUCTION
11200330000EB|20.1|20.2|1926|||54|01/01/2023||YEAR_LAST_CONSTRUCTION
11200330000EB|20.2|20.3|1926|||54|01/01/2023||YEAR_LAST_CONSTRUCTION
11200330000EB|20.3|20.4|1926|||54|01/01/2023||YEAR_LAST_CONSTRUCTION
11200330000EB|20.4|20.5|1926|||54|01/01/2023||YEAR_LAST_CONSTRUCTION
11200330000EB|20.5|20.6|1926|||54|01/01/2023||YEAR_LAST_CONSTRUCTION
11200330000EB|20.6|20.7|1926|||54|01/01/2023||YEAR_LAST_CONSTRUCTION
11200330000EB|20.7|20.8|1926|||54|01/01/2023||YEAR_LAST_CONSTRUCTION
11200330000EB|20.8|20.9|1926|||54|01/01/2023||YEAR_LAST_CONSTRUCTION
11200330000EB|20.9|21.0|1926|||54|01/01/2023||YEAR_LAST_CONSTRUCTION
11200330000EB|21.0|21.1|1926|||54|01/01/2023||YEAR_LAST_CONSTRUCTION
11200330000EB|21.1|21.2|1926|||54|01/01/2023||YEAR_LAST_CONSTRUCTION
11200330000EB|21.2|21.3|1926|||54|01/01/2023||YEAR_LAST_CONSTRUCTION
11200330000EB|21.3|21.4|1926|||54|01/01/2023||YEAR_LAST_CONSTRUCTION
11200330000EB|21.4|21.5|1926|||54|01/01/2023||YEAR_LAST_CONSTRUCTION
11200330000EB|21.5|21.6|1926|||54|01/01/2023||YEAR_LAST_CONSTRUCTION
11200330000EB|21.6|21.7|1926|||54|01/01/2023||YEAR_LAST_CONSTRUCTION
11200330000EB|21.7|21.8|1926|||54|01/01/2023||YEAR_LAST_CONSTRUCTION
11200330000EB|21.8|21.9|1926|||54|01/01/2023||YEAR_LAST_CONSTRUCTION
11200330000EB|21.9|22.0|1926|||54|01/01/2023||YEAR_LAST_CONSTRUCTION
11200330000EB|22.0|22.1|1926|||54|01/01/2023||YEAR_LAST_CONSTRUCTION
11200330000EB|22.1|22.18|1926|||54|01/01/2023||YEAR_LAST_CONSTRUCTION
11200330000EB|22.28|22.3|1926|||54|01/01/2023||YEAR_LAST_CONSTRUCTION
11200330000EB|22.3|22.4|1926|||54|01/01/2023||YEAR_LAST_CONSTRUCTION
11200330000EB|22.4|22.5|1926|||54|01/01/2023||YEAR_LAST_CONSTRUCTION
11200330000EB|22.5|22.6|1926|||54|01/01/2023||YEAR_LAST_CONSTRUCTION
11200330000EB|22.6|22.7|1926|||54|01/01/2023||YEAR_LAST_CONSTRUCTION
11200330000EB|22.7|22.8|1926|||54|01/01/2023||YEAR_LAST_CONSTRUCTION
11200330000EB|22.8|22.9|1926|||54|01/01/2023||YEAR_LAST_CONSTRUCTION
11200330000EB|22.9|23.0|1926|||54|01/01/2023||YEAR_LAST_CONSTRUCTION
11200330000EB|23.0|23.1|1926|||54|01/01/2023||YEAR_LAST_CONSTRUCTION
11200330000EB|23.1|23.146|1926|||54|01/01/2023||YEAR_LAST_CONSTRUCTION
11200330000EB|23.146|23.2|1926|||54|01/01/2023||YEAR_LAST_CONSTRUCTION
11200330000EB|23.2|23.3|1926|||54|01/01/2023||YEAR_LAST_CONSTRUCTION
11200330000EB|23.3|23.4|1926|||54|01/01/2023||YEAR_LAST_CONSTRUCTION
11200330000EB|23.4|23.5|1926|||54|01/01/2023||YEAR_LAST_CONSTRUCTION
11200330000EB|23.5|23.6|1926|||54|01/01/2023||YEAR_LAST_CONSTRUCTION
11200330000EB|23.6|23.7|1926|||54|01/01/2023||YEAR_LAST_CONSTRUCTION
11200330000EB|23.7|23.8|1926|||54|01/01/2023||YEAR_LAST_CONSTRUCTION
11200330000EB|23.8|23.9|1926|||54|01/01/2023||YEAR_LAST_CONSTRUCTION
11200330000EB|23.9|24.0|1926|||54|01/01/2023||YEAR_LAST_CONSTRUCTION
11200330000EB|24.0|24.1|1926|||54|01/01/2023||YEAR_LAST_CONSTRUCTION
11200330000EB|24.1|24.2|1926|||54|01/01/2023||YEAR_LAST_CONSTRUCTION
11200330000EB|24.2|24.3|1926|||54|01/01/2023||YEAR_LAST_CONSTRUCTION
11200330000EB|24.3|24.4|1926|||54|01/01/2023||YEAR_LAST_CONSTRUCTION
11200330000EB|24.4|24.5|1926|||54|01/01/2023||YEAR_LAST_CONSTRUCTION
11200330000EB|24.5|24.6|1926|||54|01/01/2023||YEAR_LAST_CONSTRUCTION
11200330000EB|24.6|24.7|1926|||54|01/01/2023||YEAR_LAST_CONSTRUCTION
11200330000EB|24.7|24.8|1926|||54|01/01/2023||YEAR_LAST_CONSTRUCTION
11200330000EB|24.8|24.9|1926|||54|01/01/2023||YEAR_LAST_CONSTRUCTION
11200330000EB|24.9|25.0|1926|||54|01/01/2023||YEAR_LAST_CONSTRUCTION
11200330000EB|25.0|25.09|1926|||54|01/01/2023||YEAR_LAST_CONSTRUCTION
11200330000EB|25.09|25.1|1926|||54|01/01/2023||YEAR_LAST_CONSTRUCTION
11200330000EB|25.1|25.2|1926|||54|01/01/2023||YEAR_LAST_CONSTRUCTION
11200330000EB|25.2|25.3|1926|||54|01/01/2023||YEAR_LAST_CONSTRUCTION
11200330000EB|25.3|25.4|1926|||54|01/01/2023||YEAR_LAST_CONSTRUCTION
11200330000EB|25.4|25.5|1926|||54|01/01/2023||YEAR_LAST_CONSTRUCTION
11200330000EB|25.5|25.6|1926|||54|01/01/2023||YEAR_LAST_CONSTRUCTION
11200330000EB|25.6|25.7|1926|||54|01/01/2023||YEAR_LAST_CONSTRUCTION
11200330000EB|25.7|25.8|1926|||54|01/01/2023||YEAR_LAST_CONSTRUCTION
11200330000EB|25.8|25.9|1926|||54|01/01/2023||YEAR_LAST_CONSTRUCTION
11200330000EB|25.9|26.0|1926|||54|01/01/2023||YEAR_LAST_CONSTRUCTION
11200330000EB|26.0|26.1|1926|||54|01/01/2023||YEAR_LAST_CONSTRUCTION
11200330000EB|26.1|26.2|1926|||54|01/01/2023||YEAR_LAST_CONSTRUCTION
11200330000EB|26.2|26.3|1926|||54|01/01/2023||YEAR_LAST_CONSTRUCTION
11200330000EB|26.3|26.4|1926|||54|01/01/2023||YEAR_LAST_CONSTRUCTION
11200330000EB|26.4|26.5|1926|||54|01/01/2023||YEAR_LAST_CONSTRUCTION
11200330000EB|26.5|26.6|1926|||54|01/01/2023||YEAR_LAST_CONSTRUCTION
11200330000EB|26.6|26.7|1926|||54|01/01/2023||YEAR_LAST_CONSTRUCTION
11200330000EB|26.7|26.73|1926|||54|01/01/2023||YEAR_LAST_CONSTRUCTION
2140007000000|3.84|4.17|1968|||54|01/01/2023||YEAR_LAST_CONSTRUCTION
2140013000000|0.0|0.4|1951|||54|01/01/2023||YEAR_LAST_CONSTRUCTION
21200190000NB|22.72|22.8|1923|||54|01/01/2023||YEAR_LAST_CONSTRUCTION
21200190000NB|22.8|22.9|1923|||54|01/01/2023||YEAR_LAST_CONSTRUCTION
21200190000NB|22.9|23.0|1923|||54|01/01/2023||YEAR_LAST_CONSTRUCTION
21200190000NB|23.0|23.1|1923|||54|01/01/2023||YEAR_LAST_CONSTRUCTION
21200190000NB|23.1|23.2|1923|||54|01/01/2023||YEAR_LAST_CONSTRUCTION
21200190000NB|23.2|23.3|1923|||54|01/01/2023||YEAR_LAST_CONSTRUCTION
21200190000NB|23.3|23.4|1923|||54|01/01/2023||YEAR_LAST_CONSTRUCTION
21200190000NB|23.4|23.48|1923|||54|01/01/2023||YEAR_LAST_CONSTRUCTION
21200190000NB|22.37|22.4|1923|||54|01/01/2023||YEAR_LAST_CONSTRUCTION
21200190000NB|22.4|22.5|1923|||54|01/01/2023||YEAR_LAST_CONSTRUCTION
21200190000NB|22.5|22.58|1923|||54|01/01/2023||YEAR_LAST_CONSTRUCTION
21200330000EB|16.0|16.1|1973|||54|01/01/2023||YEAR_LAST_CONSTRUCTION
21200330000EB|16.1|16.2|1973|||54|01/01/2023||YEAR_LAST_CONSTRUCTION
21200330000EB|16.2|16.23|1973|||54|01/01/2023||YEAR_LAST_CONSTRUCTION
21200330000EB|17.59|17.6|1973|||54|01/01/2023||YEAR_LAST_CONSTRUCTION
21200330000EB|17.6|17.7|1973|||54|01/01/2023||YEAR_LAST_CONSTRUCTION
21200330000EB|17.7|17.8|1973|||54|01/01/2023||YEAR_LAST_CONSTRUCTION
21200330000EB|17.8|17.9|1973|||54|01/01/2023||YEAR_LAST_CONSTRUCTION
21200330000EB|17.9|17.967|1973|||54|01/01/2023||YEAR_LAST_CONSTRUCTION
21200330000EB|19.84|19.9|1973|||54|01/01/2023||YEAR_LAST_CONSTRUCTION
21200330000EB|19.9|20.0|1973|||54|01/01/2023||YEAR_LAST_CONSTRUCTION
21200330000EB|20.0|20.1|1973|||54|01/01/2023||YEAR_LAST_CONSTRUCTION
21200330000EB|20.1|20.19|1973|||54|01/01/2023||YEAR_LAST_CONSTRUCTION
21200330000EB|20.19|20.2|1973|||54|01/01/2023||YEAR_LAST_CONSTRUCTION
21200330000EB|20.2|20.3|1973|||54|01/01/2023||YEAR_LAST_CONSTRUCTION
21200330000EB|20.3|20.4|1973|||54|01/01/2023||YEAR_LAST_CONSTRUCTION
21200330000EB|20.4|20.5|1973|||54|01/01/2023||YEAR_LAST_CONSTRUCTION
21200330000EB|20.5|20.6|1973|||54|01/01/2023||YEAR_LAST_CONSTRUCTION
21200330000EB|20.6|20.7|1973|||54|01/01/2023||YEAR_LAST_CONSTRUCTION
21200330000EB|20.7|20.8|1973|||54|01/01/2023||YEAR_LAST_CONSTRUCTION
21200330000EB|20.8|20.9|1973|||54|01/01/2023||YEAR_LAST_CONSTRUCTION
21200330000EB|20.9|21.0|1973|||54|01/01/2023||YEAR_LAST_CONSTRUCTION
21200330000EB|21.0|21.03|1973|||54|01/01/2023||YEAR_LAST_CONSTRUCTION
21200330000EB|21.25|21.3|1973|||54|01/01/2023||YEAR_LAST_CONSTRUCTION
21200330000EB|21.3|21.4|1973|||54|01/01/2023||YEAR_LAST_CONSTRUCTION
21200330000EB|21.4|21.5|1973|||54|01/01/2023||YEAR_LAST_CONSTRUCTION
21200330000EB|21.5|21.6|1973|||54|01/01/2023||YEAR_LAST_CONSTRUCTION
21200330000EB|21.6|21.7|1973|||54|01/01/2023||YEAR_LAST_CONSTRUCTION
21200330000EB|21.7|21.8|1973|||54|01/01/2023||YEAR_LAST_CONSTRUCTION
21200330000EB|21.8|21.9|1973|||54|01/01/2023||YEAR_LAST_CONSTRUCTION
21200330000EB|21.9|22.0|1973|||54|01/01/2023||YEAR_LAST_CONSTRUCTION
21200330000EB|22.0|22.1|1973|||54|01/01/2023||YEAR_LAST_CONSTRUCTION
21200330000EB|22.1|22.2|1973|||54|01/01/2023||YEAR_LAST_CONSTRUCTION
21200330000EB|22.2|22.25|1973|||54|01/01/2023||YEAR_LAST_CONSTRUCTION
21200330000EB|22.25|22.3|1973|||54|01/01/2023||YEAR_LAST_CONSTRUCTION
21200330000EB|22.3|22.4|1973|||54|01/01/2023||YEAR_LAST_CONSTRUCTION
21200330000EB|22.4|22.5|1973|||54|01/01/2023||YEAR_LAST_CONSTRUCTION
21200330000EB|22.5|22.6|1973|||54|01/01/2023||YEAR_LAST_CONSTRUCTION
21200330000EB|22.6|22.7|1973|||54|01/01/2023||YEAR_LAST_CONSTRUCTION
21200330000EB|22.7|22.8|1973|||54|01/01/2023||YEAR_LAST_CONSTRUCTION
21200330000EB|22.8|22.84|1973|||54|01/01/2023||YEAR_LAST_CONSTRUCTION
21100790000NB|83.55|83.6|1973|||54|01/01/2023||YEAR_LAST_CONSTRUCTION
21100790000NB|83.6|83.7|1973|||54|01/01/2023||YEAR_LAST_CONSTRUCTION
21100790000NB|83.7|83.8|1973|||54|01/01/2023||YEAR_LAST_CONSTRUCTION
21100790000NB|83.8|83.9|1973|||54|01/01/2023||YEAR_LAST_CONSTRUCTION
21100790000NB|83.9|84.0|1973|||54|01/01/2023||YEAR_LAST_CONSTRUCTION
21100790000NB|84.0|84.1|1973|||54|01/01/2023||YEAR_LAST_CONSTRUCTION
21100790000NB|84.1|84.2|1973|||54|01/01/2023||YEAR_LAST_CONSTRUCTION
21100790000NB|84.2|84.3|1973|||54|01/01/2023||YEAR_LAST_CONSTRUCTION
21100790000NB|84.3|84.4|1973|||54|01/01/2023||YEAR_LAST_CONSTRUCTION
21100790000NB|84.4|84.5|1973|||54|01/01/2023||YEAR_LAST_CONSTRUCTION
21100790000NB|84.5|84.6|1973|||54|01/01/2023||YEAR_LAST_CONSTRUCTION
21100790000NB|84.6|84.7|1973|||54|01/01/2023||YEAR_LAST_CONSTRUCTION
21100790000NB|84.7|84.8|1973|||54|01/01/2023||YEAR_LAST_CONSTRUCTION
21100790000NB|84.8|84.9|1973|||54|01/01/2023||YEAR_LAST_CONSTRUCTION
21100790000NB|84.9|85.0|1973|||54|01/01/2023||YEAR_LAST_CONSTRUCTION
21100790000NB|85.0|85.1|1973|||54|01/01/2023||YEAR_LAST_CONSTRUCTION
21100790000NB|85.1|85.2|1973|||54|01/01/2023||YEAR_LAST_CONSTRUCTION
21100790000NB|85.2|85.3|1973|||54|01/01/2023||YEAR_LAST_CONSTRUCTION
21100790000NB|85.3|85.4|1973|||54|01/01/2023||YEAR_LAST_CONSTRUCTION
21100790000NB|85.4|85.5|1973|||54|01/01/2023||YEAR_LAST_CONSTRUCTION
21100790000NB|85.5|85.6|1973|||54|01/01/2023||YEAR_LAST_CONSTRUCTION
21100790000NB|85.6|85.7|1973|||54|01/01/2023||YEAR_LAST_CONSTRUCTION
21100790000NB|85.7|85.8|1973|||54|01/01/2023||YEAR_LAST_CONSTRUCTION
21100790000NB|85.8|85.9|1973|||54|01/01/2023||YEAR_LAST_CONSTRUCTION
21100790000NB|85.9|86.0|1973|||54|01/01/2023||YEAR_LAST_CONSTRUCTION
21100790000NB|86.0|86.1|1973|||54|01/01/2023||YEAR_LAST_CONSTRUCTION
21100790000NB|86.1|86.2|1973|||54|01/01/2023||YEAR_LAST_CONSTRUCTION
21100790000NB|86.2|86.3|1973|||54|01/01/2023||YEAR_LAST_CONSTRUCTION
21100790000NB|86.3|86.4|1973|||54|01/01/2023||YEAR_LAST_CONSTRUCTION
21100790000NB|86.4|86.5|1973|||54|01/01/2023||YEAR_LAST_CONSTRUCTION
21100790000NB|86.5|86.6|1973|||54|01/01/2023||YEAR_LAST_CONSTRUCTION
21100790000NB|86.6|86.7|1973|||54|01/01/2023||YEAR_LAST_CONSTRUCTION
21100790000NB|86.7|86.8|1973|||54|01/01/2023||YEAR_LAST_CONSTRUCTION
21100790000NB|86.8|86.9|1973|||54|01/01/2023||YEAR_LAST_CONSTRUCTION
21100790000NB|86.9|87.0|1973|||54|01/01/2023||YEAR_LAST_CONSTRUCTION
21100790000NB|87.0|87.1|1973|||54|01/01/2023||YEAR_LAST_CONSTRUCTION
21100790000NB|87.1|87.2|1973|||54|01/01/2023||YEAR_LAST_CONSTRUCTION
21100790000NB|87.2|87.3|1973|||54|01/01/2023||YEAR_LAST_CONSTRUCTION
21100790000NB|87.3|87.4|1973|||54|01/01/2023||YEAR_LAST_CONSTRUCTION
21100790000NB|87.4|87.45|1973|||54|01/01/2023||YEAR_LAST_CONSTRUCTION
21100790000NB|87.45|87.5|1973|||54|01/01/2023||YEAR_LAST_CONSTRUCTION
21100790000NB|87.5|87.6|1973|||54|01/01/2023||YEAR_LAST_CONSTRUCTION
21100790000NB|87.6|87.7|1973|||54|01/01/2023||YEAR_LAST_CONSTRUCTION
21100790000NB|87.7|87.8|1973|||54|01/01/2023||YEAR_LAST_CONSTRUCTION
21100790000NB|87.8|87.9|1973|||54|01/01/2023||YEAR_LAST_CONSTRUCTION
21100790000NB|87.9|88.0|1973|||54|01/01/2023||YEAR_LAST_CONSTRUCTION
21100790000NB|88.0|88.1|1973|||54|01/01/2023||YEAR_LAST_CONSTRUCTION
21100790000NB|88.1|88.2|1973|||54|01/01/2023||YEAR_LAST_CONSTRUCTION
21100790000NB|88.2|88.3|1973|||54|01/01/2023||YEAR_LAST_CONSTRUCTION
21100790000NB|88.3|88.4|1973|||54|01/01/2023||YEAR_LAST_CONSTRUCTION
21100790000NB|88.4|88.5|1973|||54|01/01/2023||YEAR_LAST_CONSTRUCTION
21100790000NB|88.5|88.6|1973|||54|01/01/2023||YEAR_LAST_CONSTRUCTION
21100790000NB|88.6|88.7|1973|||54|01/01/2023||YEAR_LAST_CONSTRUCTION
21100790000NB|88.7|88.8|1973|||54|01/01/2023||YEAR_LAST_CONSTRUCTION
21100790000NB|88.8|88.9|1973|||54|01/01/2023||YEAR_LAST_CONSTRUCTION
21100790000NB|88.9|89.0|1973|||54|01/01/2023||YEAR_LAST_CONSTRUCTION
21100790000NB|89.0|89.1|1973|||54|01/01/2023||YEAR_LAST_CONSTRUCTION
21100790000NB|89.1|89.2|1973|||54|01/01/2023||YEAR_LAST_CONSTRUCTION
21100790000NB|89.2|89.3|1973|||54|01/01/2023||YEAR_LAST_CONSTRUCTION
21100790000NB|89.3|89.4|1973|||54|01/01/2023||YEAR_LAST_CONSTRUCTION
21100790000NB|89.4|89.5|1973|||54|01/01/2023||YEAR_LAST_CONSTRUCTION
21100790000NB|89.5|89.6|1973|||54|01/01/2023||YEAR_LAST_CONSTRUCTION
21100790000NB|89.6|89.7|1973|||54|01/01/2023||YEAR_LAST_CONSTRUCTION
21100790000NB|89.7|89.8|1973|||54|01/01/2023||YEAR_LAST_CONSTRUCTION
21100790000NB|89.8|89.9|1973|||54|01/01/2023||YEAR_LAST_CONSTRUCTION
21100790000NB|89.9|90.0|1973|||54|01/01/2023||YEAR_LAST_CONSTRUCTION
21100790000NB|90.0|90.1|1973|||54|01/01/2023||YEAR_LAST_CONSTRUCTION
21100790000NB|90.1|90.2|1973|||54|01/01/2023||YEAR_LAST_CONSTRUCTION
21100790000NB|90.2|90.3|1973|||54|01/01/2023||YEAR_LAST_CONSTRUCTION
21100790000NB|90.3|90.4|1973|||54|01/01/2023||YEAR_LAST_CONSTRUCTION
21100790000NB|90.4|90.5|1973|||54|01/01/2023||YEAR_LAST_CONSTRUCTION
21100790000NB|90.5|90.6|1973|||54|01/01/2023||YEAR_LAST_CONSTRUCTION
21100790000NB|90.6|90.7|1973|||54|01/01/2023||YEAR_LAST_CONSTRUCTION
21100790000NB|90.7|90.77|1973|||54|01/01/2023||YEAR_LAST_CONSTRUCTION
21100790000NB|90.77|90.8|1973|||54|01/01/2023||YEAR_LAST_CONSTRUCTION
21100790000NB|90.8|90.82|1973|||54|01/01/2023||YEAR_LAST_CONSTRUCTION
21100790000NB|90.82|90.9|1973|||54|01/01/2023||YEAR_LAST_CONSTRUCTION
21100790000NB|90.9|90.92|1973|||54|01/01/2023||YEAR_LAST_CONSTRUCTION
21100790000NB|90.92|91.0|1973|||54|01/01/2023||YEAR_LAST_CONSTRUCTION
21100790000NB|91.0|91.1|1973|||54|01/01/2023||YEAR_LAST_CONSTRUCTION
21100790000NB|91.1|91.2|1973|||54|01/01/2023||YEAR_LAST_CONSTRUCTION
21100790000NB|91.2|91.3|1973|||54|01/01/2023||YEAR_LAST_CONSTRUCTION
21100790000NB|91.3|91.4|1973|||54|01/01/2023||YEAR_LAST_CONSTRUCTION
21100790000NB|91.4|91.5|1973|||54|01/01/2023||YEAR_LAST_CONSTRUCTION
21100790000NB|91.5|91.6|1973|||54|01/01/2023||YEAR_LAST_CONSTRUCTION
21100790000NB|91.6|91.7|1973|||54|01/01/2023||YEAR_LAST_CONSTRUCTION
21100790000NB|91.7|91.8|1973|||54|01/01/2023||YEAR_LAST_CONSTRUCTION
21100790000NB|91.8|91.9|1973|||54|01/01/2023||YEAR_LAST_CONSTRUCTION
21100790000NB|91.9|92.0|1973|||54|01/01/2023||YEAR_LAST_CONSTRUCTION
21100790000NB|92.0|92.1|1973|||54|01/01/2023||YEAR_LAST_CONSTRUCTION
21100790000NB|92.1|92.2|1973|||54|01/01/2023||YEAR_LAST_CONSTRUCTION
21100790000NB|92.2|92.3|1973|||54|01/01/2023||YEAR_LAST_CONSTRUCTION
21100790000NB|92.3|92.4|1973|||54|01/01/2023||YEAR_LAST_CONSTRUCTION
21100790000NB|92.4|92.5|1973|||54|01/01/2023||YEAR_LAST_CONSTRUCTION
21100790000NB|92.5|92.6|1973|||54|01/01/2023||YEAR_LAST_CONSTRUCTION
21100790000NB|92.6|92.7|1973|||54|01/01/2023||YEAR_LAST_CONSTRUCTION
21100790000NB|92.7|92.8|1973|||54|01/01/2023||YEAR_LAST_CONSTRUCTION
21100790000NB|92.8|92.9|1973|||54|01/01/2023||YEAR_LAST_CONSTRUCTION
21100790000NB|92.9|93.0|1973|||54|01/01/2023||YEAR_LAST_CONSTRUCTION
21100790000NB|93.0|93.1|1973|||54|01/01/2023||YEAR_LAST_CONSTRUCTION
21100790000NB|93.1|93.2|1973|||54|01/01/2023||YEAR_LAST_CONSTRUCTION
21100790000NB|93.2|93.3|1973|||54|01/01/2023||YEAR_LAST_CONSTRUCTION
21100790000NB|93.3|93.4|1973|||54|01/01/2023||YEAR_LAST_CONSTRUCTION
21100790000NB|93.4|93.5|1973|||54|01/01/2023||YEAR_LAST_CONSTRUCTION
21100790000NB|93.5|93.6|1973|||54|01/01/2023||YEAR_LAST_CONSTRUCTION
21100790000NB|93.6|93.7|1973|||54|01/01/2023||YEAR_LAST_CONSTRUCTION
21100790000NB|93.7|93.8|1973|||54|01/01/2023||YEAR_LAST_CONSTRUCTION
21100790000NB|93.8|93.9|1973|||54|01/01/2023||YEAR_LAST_CONSTRUCTION
21100790000NB|93.9|94.0|1973|||54|01/01/2023||YEAR_LAST_CONSTRUCTION
21100790000NB|94.0|94.1|1973|||54|01/01/2023||YEAR_LAST_CONSTRUCTION
21100790000NB|94.1|94.2|1973|||54|01/01/2023||YEAR_LAST_CONSTRUCTION
21100790000NB|94.2|94.3|1973|||54|01/01/2023||YEAR_LAST_CONSTRUCTION
21100790000NB|94.3|94.4|1973|||54|01/01/2023||YEAR_LAST_CONSTRUCTION
21100790000NB|94.4|94.5|1973|||54|01/01/2023||YEAR_LAST_CONSTRUCTION
21100790000NB|94.5|94.6|1973|||54|01/01/2023||YEAR_LAST_CONSTRUCTION
21100790000NB|94.6|94.7|1973|||54|01/01/2023||YEAR_LAST_CONSTRUCTION
21100790000NB|94.7|94.8|1973|||54|01/01/2023||YEAR_LAST_CONSTRUCTION
21100790000NB|94.8|94.9|1973|||54|01/01/2023||YEAR_LAST_CONSTRUCTION
21100790000NB|94.9|95.0|1973|||54|01/01/2023||YEAR_LAST_CONSTRUCTION
21100790000NB|95.0|95.1|1973|||54|01/01/2023||YEAR_LAST_CONSTRUCTION
21100790000NB|95.1|95.2|1973|||54|01/01/2023||YEAR_LAST_CONSTRUCTION
21100790000NB|95.2|95.3|1973|||54|01/01/2023||YEAR_LAST_CONSTRUCTION
21100790000NB|95.3|95.4|1973|||54|01/01/2023||YEAR_LAST_CONSTRUCTION
21100790000NB|95.4|95.5|1973|||54|01/01/2023||YEAR_LAST_CONSTRUCTION
21100790000NB|95.5|95.6|1973|||54|01/01/2023||YEAR_LAST_CONSTRUCTION
21100790000NB|95.6|95.7|1973|||54|01/01/2023||YEAR_LAST_CONSTRUCTION
21100790000NB|95.7|95.73|1973|||54|01/01/2023||YEAR_LAST_CONSTRUCTION
21100790000NB|95.73|95.8|1973|||54|01/01/2023||YEAR_LAST_CONSTRUCTION
21100790000NB|95.8|95.82|1973|||54|01/01/2023||YEAR_LAST_CONSTRUCTION
21100790000NB|95.82|95.9|1973|||54|01/01/2023||YEAR_LAST_CONSTRUCTION
21100790000NB|95.9|96.0|1973|||54|01/01/2023||YEAR_LAST_CONSTRUCTION
21100790000NB|96.0|96.1|1973|||54|01/01/2023||YEAR_LAST_CONSTRUCTION
21100790000NB|96.1|96.17|1973|||54|01/01/2023||YEAR_LAST_CONSTRUCTION
21100790000NB|96.17|96.2|1973|||54|01/01/2023||YEAR_LAST_CONSTRUCTION
21100790000NB|96.2|96.3|1973|||54|01/01/2023||YEAR_LAST_CONSTRUCTION
21100790000NB|96.3|96.4|1973|||54|01/01/2023||YEAR_LAST_CONSTRUCTION
21100790000NB|96.4|96.5|1973|||54|01/01/2023||YEAR_LAST_CONSTRUCTION
21100790000NB|96.5|96.6|1973|||54|01/01/2023||YEAR_LAST_CONSTRUCTION
21100790000NB|96.6|96.7|1973|||54|01/01/2023||YEAR_LAST_CONSTRUCTION
21100790000NB|96.7|96.8|1973|||54|01/01/2023||YEAR_LAST_CONSTRUCTION
21100790000NB|96.8|96.9|1973|||54|01/01/2023||YEAR_LAST_CONSTRUCTION
21100790000NB|96.9|97.0|1973|||54|01/01/2023||YEAR_LAST_CONSTRUCTION
21100790000NB|97.0|97.1|1973|||54|01/01/2023||YEAR_LAST_CONSTRUCTION
21100790000NB|97.1|97.13|1973|||54|01/01/2023||YEAR_LAST_CONSTRUCTION
21100790000NB|97.13|97.2|1973|||54|01/01/2023||YEAR_LAST_CONSTRUCTION
21100790000NB|97.2|97.3|1973|||54|01/01/2023||YEAR_LAST_CONSTRUCTION
21100790000NB|97.3|97.4|1973|||54|01/01/2023||YEAR_LAST_CONSTRUCTION
21100790000NB|97.4|97.5|1973|||54|01/01/2023||YEAR_LAST_CONSTRUCTION
21100790000NB|97.5|97.6|1973|||54|01/01/2023||YEAR_LAST_CONSTRUCTION
21100790000NB|97.6|97.7|1973|||54|01/01/2023||YEAR_LAST_CONSTRUCTION
21100790000NB|97.7|97.8|1973|||54|01/01/2023||YEAR_LAST_CONSTRUCTION
21100790000NB|97.8|97.9|1973|||54|01/01/2023||YEAR_LAST_CONSTRUCTION
21100790000NB|97.9|98.0|1973|||54|01/01/2023||YEAR_LAST_CONSTRUCTION
21100790000NB|98.0|98.1|1973|||54|01/01/2023||YEAR_LAST_CONSTRUCTION
21100790000NB|98.1|98.2|1973|||54|01/01/2023||YEAR_LAST_CONSTRUCTION
21100790000NB|98.2|98.287|1973|||54|01/01/2023||YEAR_LAST_CONSTRUCTION
21100790000NB|98.4|98.5|1973|||54|01/01/2023||YEAR_LAST_CONSTRUCTION
21100790000NB|98.5|98.6|1973|||54|01/01/2023||YEAR_LAST_CONSTRUCTION
21100790000NB|98.6|98.63|1973|||54|01/01/2023||YEAR_LAST_CONSTRUCTION
21100790000NB|98.63|98.7|1973|||54|01/01/2023||YEAR_LAST_CONSTRUCTION
21100790000NB|98.7|98.8|1973|||54|01/01/2023||YEAR_LAST_CONSTRUCTION
21100790000NB|98.8|98.9|1973|||54|01/01/2023||YEAR_LAST_CONSTRUCTION
21100790000NB|98.9|98.925|1973|||54|01/01/2023||YEAR_LAST_CONSTRUCTION
21100790000NB|100.39|100.4|1973|||54|01/01/2023||YEAR_LAST_CONSTRUCTION
21100790000NB|100.4|100.5|1973|||54|01/01/2023||YEAR_LAST_CONSTRUCTION
21100790000NB|100.5|100.6|1973|||54|01/01/2023||YEAR_LAST_CONSTRUCTION
21100790000NB|100.6|100.7|1973|||54|01/01/2023||YEAR_LAST_CONSTRUCTION
21100790000NB|100.7|100.8|1973|||54|01/01/2023||YEAR_LAST_CONSTRUCTION
21100790000NB|100.8|100.9|1973|||54|01/01/2023||YEAR_LAST_CONSTRUCTION
21100790000NB|100.9|101.0|1973|||54|01/01/2023||YEAR_LAST_CONSTRUCTION
21100790000NB|101.0|101.1|1973|||54|01/01/2023||YEAR_LAST_CONSTRUCTION
21100790000NB|101.1|101.2|1973|||54|01/01/2023||YEAR_LAST_CONSTRUCTION
21100790000NB|101.2|101.3|1973|||54|01/01/2023||YEAR_LAST_CONSTRUCTION
21100790000NB|101.3|101.4|1973|||54|01/01/2023||YEAR_LAST_CONSTRUCTION
21100790000NB|101.4|101.5|1973|||54|01/01/2023||YEAR_LAST_CONSTRUCTION
21100790000NB|101.5|101.6|1973|||54|01/01/2023||YEAR_LAST_CONSTRUCTION
21100790000NB|101.6|101.69|1973|||54|01/01/2023||YEAR_LAST_CONSTRUCTION
21100790000NB|101.69|101.7|1973|||54|01/01/2023||YEAR_LAST_CONSTRUCTION
21100790000NB|101.7|101.8|1973|||54|01/01/2023||YEAR_LAST_CONSTRUCTION
21100790000NB|101.8|101.9|1973|||54|01/01/2023||YEAR_LAST_CONSTRUCTION
21100790000NB|101.9|102.0|1973|||54|01/01/2023||YEAR_LAST_CONSTRUCTION
21100790000NB|102.0|102.1|1973|||54|01/01/2023||YEAR_LAST_CONSTRUCTION
21100790000NB|102.1|102.2|1973|||54|01/01/2023||YEAR_LAST_CONSTRUCTION
21100790000NB|102.2|102.3|1973|||54|01/01/2023||YEAR_LAST_CONSTRUCTION
21100790000NB|102.3|102.4|1973|||54|01/01/2023||YEAR_LAST_CONSTRUCTION
21100790000NB|102.4|102.5|1973|||54|01/01/2023||YEAR_LAST_CONSTRUCTION
21100790000NB|102.5|102.6|1973|||54|01/01/2023||YEAR_LAST_CONSTRUCTION
21100790000NB|102.6|102.7|1973|||54|01/01/2023||YEAR_LAST_CONSTRUCTION
21100790000NB|102.7|102.8|1973|||54|01/01/2023||YEAR_LAST_CONSTRUCTION
21100790000NB|102.8|102.9|1973|||54|01/01/2023||YEAR_LAST_CONSTRUCTION
21100790000NB|102.9|103.0|1973|||54|01/01/2023||YEAR_LAST_CONSTRUCTION
21100790000NB|103.0|103.1|1973|||54|01/01/2023||YEAR_LAST_CONSTRUCTION
21100790000NB|103.1|103.2|1973|||54|01/01/2023||YEAR_LAST_CONSTRUCTION
21100790000NB|103.2|103.3|1973|||54|01/01/2023||YEAR_LAST_CONSTRUCTION
21100790000NB|103.3|103.4|1973|||54|01/01/2023||YEAR_LAST_CONSTRUCTION
21100790000NB|103.4|103.5|1973|||54|01/01/2023||YEAR_LAST_CONSTRUCTION
21100790000NB|103.5|103.6|1973|||54|01/01/2023||YEAR_LAST_CONSTRUCTION
21100790000NB|103.6|103.7|1973|||54|01/01/2023||YEAR_LAST_CONSTRUCTION
21100790000NB|103.7|103.8|1973|||54|01/01/2023||YEAR_LAST_CONSTRUCTION
21100790000NB|103.8|103.9|1973|||54|01/01/2023||YEAR_LAST_CONSTRUCTION
21100790000NB|103.9|104.0|1973|||54|01/01/2023||YEAR_LAST_CONSTRUCTION
21100790000NB|104.0|104.1|1973|||54|01/01/2023||YEAR_LAST_CONSTRUCTION
21100790000NB|104.1|104.15|1973|||54|01/01/2023||YEAR_LAST_CONSTRUCTION
21100790000NB|104.15|104.2|1973|||54|01/01/2023||YEAR_LAST_CONSTRUCTION
21100790000NB|104.2|104.3|1973|||54|01/01/2023||YEAR_LAST_CONSTRUCTION
21100790000NB|104.3|104.4|1973|||54|01/01/2023||YEAR_LAST_CONSTRUCTION
21100790000NB|104.4|104.5|1973|||54|01/01/2023||YEAR_LAST_CONSTRUCTION
21100790000NB|104.5|104.6|1973|||54|01/01/2023||YEAR_LAST_CONSTRUCTION
21100790000NB|104.6|104.69|1973|||54|01/01/2023||YEAR_LAST_CONSTRUCTION
21100790000NB|104.69|104.7|1973|||54|01/01/2023||YEAR_LAST_CONSTRUCTION
21100790000NB|104.7|104.8|1973|||54|01/01/2023||YEAR_LAST_CONSTRUCTION
21100790000NB|104.8|104.9|1973|||54|01/01/2023||YEAR_LAST_CONSTRUCTION
21100790000NB|104.9|105.0|1973|||54|01/01/2023||YEAR_LAST_CONSTRUCTION
21100790000NB|105.0|105.1|1973|||54|01/01/2023||YEAR_LAST_CONSTRUCTION
21100790000NB|105.1|105.2|1973|||54|01/01/2023||YEAR_LAST_CONSTRUCTION
21100790000NB|105.2|105.3|1973|||54|01/01/2023||YEAR_LAST_CONSTRUCTION
21100790000NB|105.3|105.4|1973|||54|01/01/2023||YEAR_LAST_CONSTRUCTION
21100790000NB|105.4|105.5|1973|||54|01/01/2023||YEAR_LAST_CONSTRUCTION
21100790000NB|105.5|105.6|1973|||54|01/01/2023||YEAR_LAST_CONSTRUCTION
21100790000NB|105.6|105.7|1973|||54|01/01/2023||YEAR_LAST_CONSTRUCTION
21100790000NB|105.7|105.8|1973|||54|01/01/2023||YEAR_LAST_CONSTRUCTION
21100790000NB|105.8|105.9|1973|||54|01/01/2023||YEAR_LAST_CONSTRUCTION
21100790000NB|105.9|106.0|1973|||54|01/01/2023||YEAR_LAST_CONSTRUCTION
21100790000NB|106.0|106.1|1973|||54|01/01/2023||YEAR_LAST_CONSTRUCTION
21100790000NB|106.1|106.2|1973|||54|01/01/2023||YEAR_LAST_CONSTRUCTION
21100790000NB|106.2|106.3|1973|||54|01/01/2023||YEAR_LAST_CONSTRUCTION
21100790000NB|106.3|106.4|1973|||54|01/01/2023||YEAR_LAST_CONSTRUCTION
21100790000NB|106.4|106.42|1973|||54|01/01/2023||YEAR_LAST_CONSTRUCTION
4940001000000|2.28|3.09|1900|||54|01/01/2023||YEAR_LAST_CONSTRUCTION
4940001000000|3.09|3.14|1900|||54|01/01/2023||YEAR_LAST_CONSTRUCTION
4940001000000|3.14|3.17|1900|||54|01/01/2023||YEAR_LAST_CONSTRUCTION
4930020000000|22.87|23.54|1923|||54|01/01/2023||YEAR_LAST_CONSTRUCTION
49200330000EB|1.22|1.3|1993|||54|01/01/2023||YEAR_LAST_CONSTRUCTION
49200330000EB|1.3|1.4|1993|||54|01/01/2023||YEAR_LAST_CONSTRUCTION
49200330000EB|1.4|1.5|1993|||54|01/01/2023||YEAR_LAST_CONSTRUCTION
49200330000EB|1.5|1.6|1993|||54|01/01/2023||YEAR_LAST_CONSTRUCTION
49200330000EB|1.6|1.7|1993|||54|01/01/2023||YEAR_LAST_CONSTRUCTION
49200330000EB|1.7|1.8|1993|||54|01/01/2023||YEAR_LAST_CONSTRUCTION
49200330000EB|1.8|1.9|1993|||54|01/01/2023||YEAR_LAST_CONSTRUCTION
49200330000EB|1.9|2.0|1993|||54|01/01/2023||YEAR_LAST_CONSTRUCTION
49200330000EB|2.0|2.1|1993|||54|01/01/2023||YEAR_LAST_CONSTRUCTION
49200330000EB|2.1|2.2|1993|||54|01/01/2023||YEAR_LAST_CONSTRUCTION
49200330000EB|2.2|2.3|1993|||54|01/01/2023||YEAR_LAST_CONSTRUCTION
49200330000EB|2.3|2.4|1993|||54|01/01/2023||YEAR_LAST_CONSTRUCTION
49200330000EB|2.4|2.5|1993|||54|01/01/2023||YEAR_LAST_CONSTRUCTION
49200330000EB|2.5|2.51|1993|||54|01/01/2023||YEAR_LAST_CONSTRUCTION
49200330000EB|2.51|2.6|1993|||54|01/01/2023||YEAR_LAST_CONSTRUCTION
49200330000EB|2.6|2.7|1993|||54|01/01/2023||YEAR_LAST_CONSTRUCTION
49200330000EB|2.7|2.8|1993|||54|01/01/2023||YEAR_LAST_CONSTRUCTION
49200330000EB|2.8|2.9|1993|||54|01/01/2023||YEAR_LAST_CONSTRUCTION
49200330000EB|2.9|3.0|1993|||54|01/01/2023||YEAR_LAST_CONSTRUCTION
49200330000EB|3.0|3.1|1993|||54|01/01/2023||YEAR_LAST_CONSTRUCTION
49200330000EB|3.1|3.2|1993|||54|01/01/2023||YEAR_LAST_CONSTRUCTION
49200330000EB|3.2|3.3|1993|||54|01/01/2023||YEAR_LAST_CONSTRUCTION
49200330000EB|3.3|3.4|1993|||54|01/01/2023||YEAR_LAST_CONSTRUCTION
49200330000EB|3.4|3.5|1993|||54|01/01/2023||YEAR_LAST_CONSTRUCTION
49200330000EB|3.5|3.6|1993|||54|01/01/2023||YEAR_LAST_CONSTRUCTION
49200330000EB|3.6|3.7|1993|||54|01/01/2023||YEAR_LAST_CONSTRUCTION
49200330000EB|3.7|3.8|1993|||54|01/01/2023||YEAR_LAST_CONSTRUCTION
49200330000EB|3.8|3.9|1993|||54|01/01/2023||YEAR_LAST_CONSTRUCTION
49200330000EB|3.9|4.0|1993|||54|01/01/2023||YEAR_LAST_CONSTRUCTION
49200330000EB|4.0|4.1|1993|||54|01/01/2023||YEAR_LAST_CONSTRUCTION
49200330000EB|4.1|4.2|1993|||54|01/01/2023||YEAR_LAST_CONSTRUCTION
49200330000EB|4.2|4.3|1993|||54|01/01/2023||YEAR_LAST_CONSTRUCTION
49200330000EB|4.3|4.35|1993|||54|01/01/2023||YEAR_LAST_CONSTRUCTION
49200330000EB|5.37|5.4|1993|||54|01/01/2023||YEAR_LAST_CONSTRUCTION
49200330000EB|5.4|5.5|1993|||54|01/01/2023||YEAR_LAST_CONSTRUCTION
49200330000EB|5.5|5.6|1993|||54|01/01/2023||YEAR_LAST_CONSTRUCTION
49200330000EB|5.6|5.7|1993|||54|01/01/2023||YEAR_LAST_CONSTRUCTION
49200330000EB|5.7|5.8|1993|||54|01/01/2023||YEAR_LAST_CONSTRUCTION
49200330000EB|5.8|5.9|1993|||54|01/01/2023||YEAR_LAST_CONSTRUCTION
49200330000EB|5.9|6.0|1993|||54|01/01/2023||YEAR_LAST_CONSTRUCTION
49200330000EB|6.0|6.1|1993|||54|01/01/2023||YEAR_LAST_CONSTRUCTION
49200330000EB|6.1|6.2|1993|||54|01/01/2023||YEAR_LAST_CONSTRUCTION
49200330000EB|6.2|6.3|1993|||54|01/01/2023||YEAR_LAST_CONSTRUCTION
49200330000EB|6.3|6.4|1993|||54|01/01/2023||YEAR_LAST_CONSTRUCTION
49200330000EB|6.4|6.5|1993|||54|01/01/2023||YEAR_LAST_CONSTRUCTION
49200330000EB|6.5|6.6|1993|||54|01/01/2023||YEAR_LAST_CONSTRUCTION
49200330000EB|6.6|6.7|1993|||54|01/01/2023||YEAR_LAST_CONSTRUCTION
49200330000EB|6.7|6.8|1993|||54|01/01/2023||YEAR_LAST_CONSTRUCTION
49200330000EB|6.8|6.9|1993|||54|01/01/2023||YEAR_LAST_CONSTRUCTION
49200330000EB|6.9|7.0|1993|||54|01/01/2023||YEAR_LAST_CONSTRUCTION
49200330000EB|7.0|7.1|1993|||54|01/01/2023||YEAR_LAST_CONSTRUCTION
49200330000EB|7.1|7.192|1993|||54|01/01/2023||YEAR_LAST_CONSTRUCTION
49200330000EB|8.31|8.4|1993|||54|01/01/2023||YEAR_LAST_CONSTRUCTION
49200330000EB|8.4|8.5|1993|||54|01/01/2023||YEAR_LAST_CONSTRUCTION
49200330000EB|8.5|8.6|1993|||54|01/01/2023||YEAR_LAST_CONSTRUCTION
49200330000EB|8.6|8.7|1993|||54|01/01/2023||YEAR_LAST_CONSTRUCTION
49200330000EB|8.7|8.8|1993|||54|01/01/2023||YEAR_LAST_CONSTRUCTION
49200330000EB|8.8|8.9|1993|||54|01/01/2023||YEAR_LAST_CONSTRUCTION
49200330000EB|8.9|9.0|1993|||54|01/01/2023||YEAR_LAST_CONSTRUCTION
49200330000EB|9.0|9.1|1993|||54|01/01/2023||YEAR_LAST_CONSTRUCTION
49200330000EB|9.1|9.2|1993|||54|01/01/2023||YEAR_LAST_CONSTRUCTION
49200330000EB|9.2|9.3|1993|||54|01/01/2023||YEAR_LAST_CONSTRUCTION
49200330000EB|9.3|9.4|1993|||54|01/01/2023||YEAR_LAST_CONSTRUCTION
49200330000EB|9.4|9.5|1993|||54|01/01/2023||YEAR_LAST_CONSTRUCTION
49200330000EB|9.5|9.6|1993|||54|01/01/2023||YEAR_LAST_CONSTRUCTION
49200330000EB|9.6|9.7|1993|||54|01/01/2023||YEAR_LAST_CONSTRUCTION
49200330000EB|9.7|9.8|1993|||54|01/01/2023||YEAR_LAST_CONSTRUCTION
49200330000EB|9.8|9.9|1993|||54|01/01/2023||YEAR_LAST_CONSTRUCTION
49200330000EB|9.9|10.0|1993|||54|01/01/2023||YEAR_LAST_CONSTRUCTION
49200330000EB|10.0|10.1|1993|||54|01/01/2023||YEAR_LAST_CONSTRUCTION
49200330000EB|10.1|10.2|1993|||54|01/01/2023||YEAR_LAST_CONSTRUCTION
49200330000EB|10.2|10.3|1993|||54|01/01/2023||YEAR_LAST_CONSTRUCTION
49200330000EB|10.3|10.4|1993|||54|01/01/2023||YEAR_LAST_CONSTRUCTION
49200330000EB|10.4|10.5|1993|||54|01/01/2023||YEAR_LAST_CONSTRUCTION
49200330000EB|10.5|10.6|1993|||54|01/01/2023||YEAR_LAST_CONSTRUCTION
49200330000EB|10.6|10.7|1993|||54|01/01/2023||YEAR_LAST_CONSTRUCTION
49200330000EB|10.7|10.8|1993|||54|01/01/2023||YEAR_LAST_CONSTRUCTION
49200330000EB|10.8|10.87|1993|||54|01/01/2023||YEAR_LAST_CONSTRUCTION
5130015000000|6.3|8.48|1927|||54|01/01/2023||YEAR_LAST_CONSTRUCTION
38202500000NB|0.0|0.1|1996|||54|01/01/2023||YEAR_LAST_CONSTRUCTION
38202500000NB|0.1|0.2|1996|||54|01/01/2023||YEAR_LAST_CONSTRUCTION
38202500000NB|0.2|0.3|1996|||54|01/01/2023||YEAR_LAST_CONSTRUCTION
38202500000NB|0.3|0.4|1996|||54|01/01/2023||YEAR_LAST_CONSTRUCTION
38202500000NB|0.4|0.5|1996|||54|01/01/2023||YEAR_LAST_CONSTRUCTION
38202500000NB|0.5|0.6|1996|||54|01/01/2023||YEAR_LAST_CONSTRUCTION
38202500000NB|0.6|0.7|1996|||54|01/01/2023||YEAR_LAST_CONSTRUCTION
38202500000NB|0.7|0.8|1996|||54|01/01/2023||YEAR_LAST_CONSTRUCTION
38202500000NB|0.8|0.9|1996|||54|01/01/2023||YEAR_LAST_CONSTRUCTION
38202500000NB|0.9|1.0|1996|||54|01/01/2023||YEAR_LAST_CONSTRUCTION
38202500000NB|1.0|1.1|1996|||54|01/01/2023||YEAR_LAST_CONSTRUCTION
38202500000NB|1.1|1.2|1996|||54|01/01/2023||YEAR_LAST_CONSTRUCTION
38202500000NB|1.2|1.3|1996|||54|01/01/2023||YEAR_LAST_CONSTRUCTION
38202500000NB|1.3|1.4|1996|||54|01/01/2023||YEAR_LAST_CONSTRUCTION
38202500000NB|1.4|1.5|1996|||54|01/01/2023||YEAR_LAST_CONSTRUCTION
38202500000NB|1.5|1.6|1996|||54|01/01/2023||YEAR_LAST_CONSTRUCTION
38202500000NB|1.6|1.7|1996|||54|01/01/2023||YEAR_LAST_CONSTRUCTION
38202500000NB|1.7|1.8|1996|||54|01/01/2023||YEAR_LAST_CONSTRUCTION
38202500000NB|1.8|1.9|1996|||54|01/01/2023||YEAR_LAST_CONSTRUCTION
38202500000NB|1.9|2.0|1996|||54|01/01/2023||YEAR_LAST_CONSTRUCTION
38202500000NB|2.0|2.1|1996|||54|01/01/2023||YEAR_LAST_CONSTRUCTION
38202500000NB|2.1|2.2|1996|||54|01/01/2023||YEAR_LAST_CONSTRUCTION
38202500000NB|2.2|2.3|1996|||54|01/01/2023||YEAR_LAST_CONSTRUCTION
38202500000NB|2.3|2.4|1996|||54|01/01/2023||YEAR_LAST_CONSTRUCTION
38202500000NB|2.4|2.5|1996|||54|01/01/2023||YEAR_LAST_CONSTRUCTION
38202500000NB|2.5|2.6|1996|||54|01/01/2023||YEAR_LAST_CONSTRUCTION
38202500000NB|2.6|2.7|1996|||54|01/01/2023||YEAR_LAST_CONSTRUCTION
38202500000NB|2.7|2.8|1996|||54|01/01/2023||YEAR_LAST_CONSTRUCTION
38202500000NB|2.8|2.9|1996|||54|01/01/2023||YEAR_LAST_CONSTRUCTION
38202500000NB|2.9|3.0|1996|||54|01/01/2023||YEAR_LAST_CONSTRUCTION
38202500000NB|3.0|3.1|1996|||54|01/01/2023||YEAR_LAST_CONSTRUCTION
38202500000NB|3.1|3.2|1996|||54|01/01/2023||YEAR_LAST_CONSTRUCTION
38202500000NB|3.2|3.3|1996|||54|01/01/2023||YEAR_LAST_CONSTRUCTION
38202500000NB|3.3|3.4|1996|||54|01/01/2023||YEAR_LAST_CONSTRUCTION
38202500000NB|3.4|3.5|1996|||54|01/01/2023||YEAR_LAST_CONSTRUCTION
38202500000NB|3.5|3.6|1996|||54|01/01/2023||YEAR_LAST_CONSTRUCTION
38202500000NB|3.6|3.7|1996|||54|01/01/2023||YEAR_LAST_CONSTRUCTION
38202500000NB|3.7|3.8|1996|||54|01/01/2023||YEAR_LAST_CONSTRUCTION
38202500000NB|3.8|3.9|1996|||54|01/01/2023||YEAR_LAST_CONSTRUCTION
38202500000NB|3.9|4.0|1996|||54|01/01/2023||YEAR_LAST_CONSTRUCTION
38202500000NB|4.0|4.1|1996|||54|01/01/2023||YEAR_LAST_CONSTRUCTION
38202500000NB|4.1|4.2|1996|||54|01/01/2023||YEAR_LAST_CONSTRUCTION
38202500000NB|4.2|4.3|1996|||54|01/01/2023||YEAR_LAST_CONSTRUCTION
38202500000NB|4.3|4.4|1996|||54|01/01/2023||YEAR_LAST_CONSTRUCTION
38202500000NB|4.4|4.5|1996|||54|01/01/2023||YEAR_LAST_CONSTRUCTION
38202500000NB|4.5|4.6|1996|||54|01/01/2023||YEAR_LAST_CONSTRUCTION
38202500000NB|4.6|4.7|1996|||54|01/01/2023||YEAR_LAST_CONSTRUCTION
38202500000NB|4.7|4.8|1996|||54|01/01/2023||YEAR_LAST_CONSTRUCTION
38202500000NB|4.8|4.9|1996|||54|01/01/2023||YEAR_LAST_CONSTRUCTION
38202500000NB|4.9|5.0|1996|||54|01/01/2023||YEAR_LAST_CONSTRUCTION
38202500000NB|5.01|5.1|1996|||54|01/01/2023||YEAR_LAST_CONSTRUCTION
38202500000NB|5.1|5.2|1996|||54|01/01/2023||YEAR_LAST_CONSTRUCTION
38202500000NB|5.2|5.3|1996|||54|01/01/2023||YEAR_LAST_CONSTRUCTION
38202500000NB|5.3|5.4|1996|||54|01/01/2023||YEAR_LAST_CONSTRUCTION
38202500000NB|5.4|5.5|1996|||54|01/01/2023||YEAR_LAST_CONSTRUCTION
38202500000NB|5.5|5.6|1996|||54|01/01/2023||YEAR_LAST_CONSTRUCTION
38202500000NB|5.6|5.7|1996|||54|01/01/2023||YEAR_LAST_CONSTRUCTION
38202500000NB|5.7|5.8|1996|||54|01/01/2023||YEAR_LAST_CONSTRUCTION
38202500000NB|5.8|5.9|1996|||54|01/01/2023||YEAR_LAST_CONSTRUCTION
38202500000NB|5.9|6.0|1996|||54|01/01/2023||YEAR_LAST_CONSTRUCTION
38202500000NB|6.0|6.1|1996|||54|01/01/2023||YEAR_LAST_CONSTRUCTION
38202500000NB|6.1|6.2|1996|||54|01/01/2023||YEAR_LAST_CONSTRUCTION
38202500000NB|6.2|6.3|1996|||54|01/01/2023||YEAR_LAST_CONSTRUCTION
38202500000NB|6.3|6.4|1996|||54|01/01/2023||YEAR_LAST_CONSTRUCTION
38202500000NB|6.4|6.5|1996|||54|01/01/2023||YEAR_LAST_CONSTRUCTION
38202500000NB|6.5|6.6|1996|||54|01/01/2023||YEAR_LAST_CONSTRUCTION
38202500000NB|6.6|6.7|1996|||54|01/01/2023||YEAR_LAST_CONSTRUCTION
38202500000NB|6.7|6.8|1996|||54|01/01/2023||YEAR_LAST_CONSTRUCTION
38202500000NB|6.8|6.9|1996|||54|01/01/2023||YEAR_LAST_CONSTRUCTION
38202500000NB|6.9|7.0|1996|||54|01/01/2023||YEAR_LAST_CONSTRUCTION
4730093000000|5.1|5.2|2008|||54|01/01/2023||YEAR_LAST_CONSTRUCTION
4730093000000|5.2|5.3|2008|||54|01/01/2023||YEAR_LAST_CONSTRUCTION
4730093000000|5.3|5.4|2008|||54|01/01/2023||YEAR_LAST_CONSTRUCTION
4730093000000|5.4|5.5|2008|||54|01/01/2023||YEAR_LAST_CONSTRUCTION
4730093000000|5.5|5.6|2008|||54|01/01/2023||YEAR_LAST_CONSTRUCTION
4730093000000|5.6|5.7|2008|||54|01/01/2023||YEAR_LAST_CONSTRUCTION
4730093000000|5.7|5.8|2008|||54|01/01/2023||YEAR_LAST_CONSTRUCTION
4730093000000|5.8|5.9|2008|||54|01/01/2023||YEAR_LAST_CONSTRUCTION
4730093000000|5.9|6.0|2008|||54|01/01/2023||YEAR_LAST_CONSTRUCTION
4730093000000|6.0|6.1|2008|||54|01/01/2023||YEAR_LAST_CONSTRUCTION
4730093000000|6.1|6.2|2008|||54|01/01/2023||YEAR_LAST_CONSTRUCTION
4730093000000|6.2|6.3|2008|||54|01/01/2023||YEAR_LAST_CONSTRUCTION
4730093000000|6.3|6.4|2008|||54|01/01/2023||YEAR_LAST_CONSTRUCTION
4730093000000|6.4|6.5|2008|||54|01/01/2023||YEAR_LAST_CONSTRUCTION
4730093000000|6.5|6.6|2008|||54|01/01/2023||YEAR_LAST_CONSTRUCTION
4730093000000|6.6|6.7|2008|||54|01/01/2023||YEAR_LAST_CONSTRUCTION
4730093000000|6.7|6.8|2008|||54|01/01/2023||YEAR_LAST_CONSTRUCTION
4730093000000|6.8|6.9|2008|||54|01/01/2023||YEAR_LAST_CONSTRUCTION
4730093000000|6.9|7.0|2008|||54|01/01/2023||YEAR_LAST_CONSTRUCTION
4730093000000|7.0|7.1|2008|||54|01/01/2023||YEAR_LAST_CONSTRUCTION
4730093000000|7.1|7.2|2008|||54|01/01/2023||YEAR_LAST_CONSTRUCTION
4730093000000|7.2|7.3|2008|||54|01/01/2023||YEAR_LAST_CONSTRUCTION
4730093000000|7.3|7.4|2008|||54|01/01/2023||YEAR_LAST_CONSTRUCTION
4730093000000|7.4|7.42|2008|||54|01/01/2023||YEAR_LAST_CONSTRUCTION
4272252001900|0.0|0.39|2008|||54|01/01/2023||YEAR_LAST_CONSTRUCTION
3630028000000|24.07|24.33|1996|||54|01/01/2023||YEAR_LAST_CONSTRUCTION
3630028000000|24.33|25.57|1996|||54|01/01/2023||YEAR_LAST_CONSTRUCTION
38202190000NB|19.58|19.6|1978|||54|01/01/2023||YEAR_LAST_CONSTRUCTION
38202190000NB|19.6|19.7|1978|||54|01/01/2023||YEAR_LAST_CONSTRUCTION
38202190000NB|19.7|19.8|1978|||54|01/01/2023||YEAR_LAST_CONSTRUCTION
38202190000NB|19.8|19.9|1978|||54|01/01/2023||YEAR_LAST_CONSTRUCTION
38202190000NB|19.9|20.0|1978|||54|01/01/2023||YEAR_LAST_CONSTRUCTION
38202190000NB|20.0|20.1|1978|||54|01/01/2023||YEAR_LAST_CONSTRUCTION
38202190000NB|20.1|20.2|1978|||54|01/01/2023||YEAR_LAST_CONSTRUCTION
38202190000NB|20.2|20.3|1978|||54|01/01/2023||YEAR_LAST_CONSTRUCTION
38202190000NB|20.3|20.4|1978|||54|01/01/2023||YEAR_LAST_CONSTRUCTION
38202190000NB|20.4|20.5|1978|||54|01/01/2023||YEAR_LAST_CONSTRUCTION
38202190000NB|20.5|20.6|1978|||54|01/01/2023||YEAR_LAST_CONSTRUCTION
38202190000NB|20.6|20.7|1978|||54|01/01/2023||YEAR_LAST_CONSTRUCTION
38202190000NB|20.7|20.8|1978|||54|01/01/2023||YEAR_LAST_CONSTRUCTION
38202190000NB|20.8|20.9|1978|||54|01/01/2023||YEAR_LAST_CONSTRUCTION
38202190000NB|20.9|21.0|1978|||54|01/01/2023||YEAR_LAST_CONSTRUCTION
38202190000NB|21.0|21.1|1978|||54|01/01/2023||YEAR_LAST_CONSTRUCTION
38202190000NB|21.1|21.2|1978|||54|01/01/2023||YEAR_LAST_CONSTRUCTION
38202190000NB|21.2|21.3|1978|||54|01/01/2023||YEAR_LAST_CONSTRUCTION
38202190000NB|21.3|21.4|1978|||54|01/01/2023||YEAR_LAST_CONSTRUCTION
38202190000NB|21.4|21.5|1978|||54|01/01/2023||YEAR_LAST_CONSTRUCTION
38202190000NB|21.5|21.6|1978|||54|01/01/2023||YEAR_LAST_CONSTRUCTION
38202190000NB|21.6|21.69|1978|||54|01/01/2023||YEAR_LAST_CONSTRUCTION
38202190000NB|21.69|21.7|1984|||54|01/01/2023||YEAR_LAST_CONSTRUCTION
38202190000NB|21.7|21.8|1984|||54|01/01/2023||YEAR_LAST_CONSTRUCTION
38202190000NB|21.8|21.84|1984|||54|01/01/2023||YEAR_LAST_CONSTRUCTION
38202190000NB|25.34|25.4|1984|||54|01/01/2023||YEAR_LAST_CONSTRUCTION
42200330000EB|4.522|4.6|1997|||54|01/01/2023||YEAR_LAST_CONSTRUCTION
42200330000EB|4.6|4.7|1997|||54|01/01/2023||YEAR_LAST_CONSTRUCTION
42200330000EB|4.7|4.8|1997|||54|01/01/2023||YEAR_LAST_CONSTRUCTION
42200330000EB|4.8|4.9|1997|||54|01/01/2023||YEAR_LAST_CONSTRUCTION
42200330000EB|4.9|5.0|1997|||54|01/01/2023||YEAR_LAST_CONSTRUCTION
42200330000EB|5.0|5.1|1997|||54|01/01/2023||YEAR_LAST_CONSTRUCTION
42200330000EB|5.1|5.2|1997|||54|01/01/2023||YEAR_LAST_CONSTRUCTION
42200330000EB|5.2|5.3|1997|||54|01/01/2023||YEAR_LAST_CONSTRUCTION
42200330000EB|5.3|5.4|1997|||54|01/01/2023||YEAR_LAST_CONSTRUCTION
42200330000EB|5.4|5.5|1997|||54|01/01/2023||YEAR_LAST_CONSTRUCTION
42200330000EB|5.5|5.6|1997|||54|01/01/2023||YEAR_LAST_CONSTRUCTION
42200330000EB|5.6|5.7|1997|||54|01/01/2023||YEAR_LAST_CONSTRUCTION
42200330000EB|5.7|5.76|1997|||54|01/01/2023||YEAR_LAST_CONSTRUCTION
42200330000EB|5.76|5.8|1997|||54|01/01/2023||YEAR_LAST_CONSTRUCTION
42200330000EB|5.8|5.9|1997|||54|01/01/2023||YEAR_LAST_CONSTRUCTION
42200330000EB|5.9|6.0|1997|||54|01/01/2023||YEAR_LAST_CONSTRUCTION
42200330000EB|6.0|6.1|1997|||54|01/01/2023||YEAR_LAST_CONSTRUCTION
42200330000EB|6.1|6.2|1997|||54|01/01/2023||YEAR_LAST_CONSTRUCTION
42200330000EB|6.2|6.3|1997|||54|01/01/2023||YEAR_LAST_CONSTRUCTION
42200330000EB|6.3|6.4|1997|||54|01/01/2023||YEAR_LAST_CONSTRUCTION
42200330000EB|6.4|6.5|1997|||54|01/01/2023||YEAR_LAST_CONSTRUCTION
42200330000EB|6.5|6.6|1997|||54|01/01/2023||YEAR_LAST_CONSTRUCTION
42200330000EB|6.6|6.7|1997|||54|01/01/2023||YEAR_LAST_CONSTRUCTION
42200330000EB|6.7|6.8|1997|||54|01/01/2023||YEAR_LAST_CONSTRUCTION
42200330000EB|6.8|6.9|1997|||54|01/01/2023||YEAR_LAST_CONSTRUCTION
42200330000EB|6.9|7.0|1997|||54|01/01/2023||YEAR_LAST_CONSTRUCTION
42200330000EB|7.0|7.1|1997|||54|01/01/2023||YEAR_LAST_CONSTRUCTION
42200330000EB|7.1|7.2|1997|||54|01/01/2023||YEAR_LAST_CONSTRUCTION
42200330000EB|7.2|7.26|1997|||54|01/01/2023||YEAR_LAST_CONSTRUCTION
42200330000EB|7.26|7.3|1997|||54|01/01/2023||YEAR_LAST_CONSTRUCTION
42200330000EB|7.3|7.4|1997|||54|01/01/2023||YEAR_LAST_CONSTRUCTION
42200330000EB|7.4|7.5|1997|||54|01/01/2023||YEAR_LAST_CONSTRUCTION
42200330000EB|7.5|7.6|1997|||54|01/01/2023||YEAR_LAST_CONSTRUCTION
42200330000EB|7.6|7.7|1997|||54|01/01/2023||YEAR_LAST_CONSTRUCTION
42200330000EB|7.7|7.76|1997|||54|01/01/2023||YEAR_LAST_CONSTRUCTION
42200330000EB|7.76|7.8|1997|||54|01/01/2023||YEAR_LAST_CONSTRUCTION
42200330000EB|7.8|7.9|1997|||54|01/01/2023||YEAR_LAST_CONSTRUCTION
42200330000EB|7.9|8.0|1997|||54|01/01/2023||YEAR_LAST_CONSTRUCTION
42200330000EB|8.0|8.05|1997|||54|01/01/2023||YEAR_LAST_CONSTRUCTION
42200330000EB|8.05|8.1|1997|||54|01/01/2023||YEAR_LAST_CONSTRUCTION
42200330000EB|8.1|8.2|1997|||54|01/01/2023||YEAR_LAST_CONSTRUCTION
42200330000EB|8.2|8.3|1997|||54|01/01/2023||YEAR_LAST_CONSTRUCTION
42200330000EB|8.3|8.4|1997|||54|01/01/2023||YEAR_LAST_CONSTRUCTION
42200330000EB|8.4|8.5|1997|||54|01/01/2023||YEAR_LAST_CONSTRUCTION
42200330000EB|8.5|8.6|1997|||54|01/01/2023||YEAR_LAST_CONSTRUCTION
42200330000EB|8.6|8.63|1997|||54|01/01/2023||YEAR_LAST_CONSTRUCTION
42200330000EB|8.63|8.64|1997|||54|01/01/2023||YEAR_LAST_CONSTRUCTION
42200330000EB|8.64|8.7|1997|||54|01/01/2023||YEAR_LAST_CONSTRUCTION
42200330000EB|8.7|8.78|1997|||54|01/01/2023||YEAR_LAST_CONSTRUCTION
42200330000EB|8.78|8.8|1997|||54|01/01/2023||YEAR_LAST_CONSTRUCTION
42200330000EB|8.8|8.9|1997|||54|01/01/2023||YEAR_LAST_CONSTRUCTION
42200330000EB|8.9|9.0|1997|||54|01/01/2023||YEAR_LAST_CONSTRUCTION
42200330000EB|9.0|9.1|1997|||54|01/01/2023||YEAR_LAST_CONSTRUCTION
42200330000EB|9.1|9.2|1997|||54|01/01/2023||YEAR_LAST_CONSTRUCTION
42200330000EB|9.2|9.3|1997|||54|01/01/2023||YEAR_LAST_CONSTRUCTION
42200330000EB|9.3|9.4|1997|||54|01/01/2023||YEAR_LAST_CONSTRUCTION
42200330000EB|9.4|9.5|1997|||54|01/01/2023||YEAR_LAST_CONSTRUCTION
42200330000EB|9.5|9.6|1997|||54|01/01/2023||YEAR_LAST_CONSTRUCTION
42200330000EB|9.6|9.7|1997|||54|01/01/2023||YEAR_LAST_CONSTRUCTION
42200330000EB|9.7|9.74|1997|||54|01/01/2023||YEAR_LAST_CONSTRUCTION
42200330000EB|10.26|10.3|1997|||54|01/01/2023||YEAR_LAST_CONSTRUCTION
42200330000EB|10.3|10.4|1997|||54|01/01/2023||YEAR_LAST_CONSTRUCTION
42200330000EB|10.4|10.41|1997|||54|01/01/2023||YEAR_LAST_CONSTRUCTION
42200330000EB|10.41|10.5|1997|||54|01/01/2023||YEAR_LAST_CONSTRUCTION
42200330000EB|10.5|10.6|1997|||54|01/01/2023||YEAR_LAST_CONSTRUCTION
42200330000EB|10.6|10.7|1997|||54|01/01/2023||YEAR_LAST_CONSTRUCTION
42200330000EB|10.7|10.8|1997|||54|01/01/2023||YEAR_LAST_CONSTRUCTION
42200330000EB|10.8|10.9|1997|||54|01/01/2023||YEAR_LAST_CONSTRUCTION
42200330000EB|10.9|10.99|1997|||54|01/01/2023||YEAR_LAST_CONSTRUCTION
42202190000NB|13.8|13.9|1996|||54|01/01/2023||YEAR_LAST_CONSTRUCTION
42202190000NB|13.9|14.0|1996|||54|01/01/2023||YEAR_LAST_CONSTRUCTION
42202190000NB|14.0|14.1|1996|||54|01/01/2023||YEAR_LAST_CONSTRUCTION
42202190000NB|14.1|14.2|1996|||54|01/01/2023||YEAR_LAST_CONSTRUCTION
42202190000NB|14.2|14.3|1996|||54|01/01/2023||YEAR_LAST_CONSTRUCTION
42202190000NB|14.3|14.4|1996|||54|01/01/2023||YEAR_LAST_CONSTRUCTION
42202190000NB|14.4|14.5|1996|||54|01/01/2023||YEAR_LAST_CONSTRUCTION
42202190000NB|14.5|14.6|1996|||54|01/01/2023||YEAR_LAST_CONSTRUCTION
42202190000NB|14.6|14.7|1996|||54|01/01/2023||YEAR_LAST_CONSTRUCTION
42202190000NB|14.7|14.8|1996|||54|01/01/2023||YEAR_LAST_CONSTRUCTION
42202190000NB|14.8|14.9|1996|||54|01/01/2023||YEAR_LAST_CONSTRUCTION
42202190000NB|14.9|15.0|1996|||54|01/01/2023||YEAR_LAST_CONSTRUCTION
42202190000NB|15.0|15.03|1996|||54|01/01/2023||YEAR_LAST_CONSTRUCTION
42202190000NB|15.03|15.1|1996|||54|01/01/2023||YEAR_LAST_CONSTRUCTION
42202190000NB|15.1|15.2|1996|||54|01/01/2023||YEAR_LAST_CONSTRUCTION
42202190000NB|15.2|15.3|1996|||54|01/01/2023||YEAR_LAST_CONSTRUCTION
42202190000NB|15.3|15.4|1996|||54|01/01/2023||YEAR_LAST_CONSTRUCTION
42202190000NB|15.4|15.5|1996|||54|01/01/2023||YEAR_LAST_CONSTRUCTION
42202190000NB|15.5|15.6|1996|||54|01/01/2023||YEAR_LAST_CONSTRUCTION
42202190000NB|15.6|15.7|1996|||54|01/01/2023||YEAR_LAST_CONSTRUCTION
42202190000NB|15.7|15.8|1996|||54|01/01/2023||YEAR_LAST_CONSTRUCTION
42202190000NB|15.8|15.89|1996|||54|01/01/2023||YEAR_LAST_CONSTRUCTION
42202190000NB|15.89|15.9|1996|||54|01/01/2023||YEAR_LAST_CONSTRUCTION
42202190000NB|15.9|16.0|1996|||54|01/01/2023||YEAR_LAST_CONSTRUCTION
42202190000NB|16.0|16.1|1996|||54|01/01/2023||YEAR_LAST_CONSTRUCTION
42202190000NB|16.1|16.2|1996|||54|01/01/2023||YEAR_LAST_CONSTRUCTION
42202190000NB|16.2|16.3|1996|||54|01/01/2023||YEAR_LAST_CONSTRUCTION
42202190000NB|16.3|16.4|1996|||54|01/01/2023||YEAR_LAST_CONSTRUCTION
42202190000NB|16.4|16.5|1996|||54|01/01/2023||YEAR_LAST_CONSTRUCTION
42202190000NB|16.5|16.6|1996|||54|01/01/2023||YEAR_LAST_CONSTRUCTION
42202190000NB|16.6|16.7|1996|||54|01/01/2023||YEAR_LAST_CONSTRUCTION
42202190000NB|16.7|16.8|1996|||54|01/01/2023||YEAR_LAST_CONSTRUCTION
42202190000NB|16.8|16.9|1996|||54|01/01/2023||YEAR_LAST_CONSTRUCTION
42202190000NB|16.9|17.0|1996|||54|01/01/2023||YEAR_LAST_CONSTRUCTION
42202190000NB|17.0|17.1|1996|||54|01/01/2023||YEAR_LAST_CONSTRUCTION
42202190000NB|37.1|37.2|1963|||54|01/01/2023||YEAR_LAST_CONSTRUCTION
42202190000NB|37.2|37.3|1963|||54|01/01/2023||YEAR_LAST_CONSTRUCTION
42202190000NB|37.3|37.4|1963|||54|01/01/2023||YEAR_LAST_CONSTRUCTION
42202190000NB|37.4|37.5|1963|||54|01/01/2023||YEAR_LAST_CONSTRUCTION
42202190000NB|37.5|37.54|1963|||54|01/01/2023||YEAR_LAST_CONSTRUCTION
42202190000NB|37.54|37.6|1963|||54|01/01/2023||YEAR_LAST_CONSTRUCTION
42202190000NB|37.6|37.7|1963|||54|01/01/2023||YEAR_LAST_CONSTRUCTION
42202190000NB|37.7|37.8|1963|||54|01/01/2023||YEAR_LAST_CONSTRUCTION
42202190000NB|37.8|37.86|1963|||54|01/01/2023||YEAR_LAST_CONSTRUCTION
42202190000NB|37.86|37.87|1963|||54|01/01/2023||YEAR_LAST_CONSTRUCTION
