BeginDate|StateID|RouteID|BMP|EMP|DataItem|ValueNumeric|ValueText|ValueDate|Comments
01/01/2024|54|4140009000000|5.28|5.54|thickness_flexible|6.0|||
01/01/2024|54|06200520000EB|0.33|0.4|thickness_flexible|1.0|||
01/01/2024|54|06200520000EB|0.4|0.45|thickness_flexible|1.0|||
01/01/2024|54|06200520000EB|0.75|0.8|thickness_flexible|1.0|||
01/01/2024|54|06200520000EB|0.8|0.9|thickness_flexible|1.0|||
01/01/2024|54|06200520000EB|0.9|1.0|thickness_flexible|1.0|||
01/01/2024|54|06200520000EB|1.0|1.01|thickness_flexible|1.0|||
01/01/2024|54|2840011000000|0.08|0.58|thickness_flexible|6.0|||
01/01/2024|54|2040006010000|0.46|1.89|thickness_flexible|9.0|||
01/01/2024|54|1530002000000|0.28|0.56|thickness_flexible|2.0|||
01/01/2024|54|2840016100000|0.0|0.66|thickness_flexible|6.0|||
01/01/2024|54|0640060050000|0.0|0.88|thickness_flexible|1.0|||
01/01/2024|54|0640060050000|0.88|1.68|thickness_flexible|1.0|||
01/01/2024|54|0640060050000|1.68|1.97|thickness_flexible|1.0|||
01/01/2024|54|0330099000000|0.0|1.84|thickness_flexible|9.0|||
01/01/2024|54|2840024000000|0.0|0.3|thickness_flexible|6.0|||
01/01/2024|54|2840024000000|0.3|2.789|thickness_flexible|6.0|||
01/01/2024|54|2071026001900|0.0|0.33|thickness_flexible|6.0|||
01/01/2024|54|3578277001900|0.0|0.13|thickness_flexible|9.0|||
01/01/2024|54|0230009000000|0.35|0.4|thickness_flexible|7.0|||
01/01/2024|54|0230009000000|0.4|0.5|thickness_flexible|7.0|||
01/01/2024|54|0230009000000|0.5|0.6|thickness_flexible|7.0|||
01/01/2024|54|0230009000000|0.6|0.7|thickness_flexible|7.0|||
01/01/2024|54|0230009000000|0.7|0.8|thickness_flexible|7.0|||
01/01/2024|54|0230009000000|0.8|0.9|thickness_flexible|7.0|||
01/01/2024|54|0230009000000|0.9|1.0|thickness_flexible|7.0|||
01/01/2024|54|0230009000000|1.0|1.1|thickness_flexible|7.0|||
01/01/2024|54|0230009000000|1.1|1.2|thickness_flexible|7.0|||
01/01/2024|54|0230009000000|1.2|1.3|thickness_flexible|7.0|||
01/01/2024|54|0230009000000|1.3|1.4|thickness_flexible|7.0|||
01/01/2024|54|0230009000000|1.4|1.5|thickness_flexible|7.0|||
01/01/2024|54|0230009000000|1.5|1.6|thickness_flexible|7.0|||
01/01/2024|54|0230009000000|1.6|1.7|thickness_flexible|7.0|||
01/01/2024|54|0230009000000|1.7|1.8|thickness_flexible|7.0|||
01/01/2024|54|0230009000000|1.8|1.9|thickness_flexible|7.0|||
01/01/2024|54|0230009000000|1.9|2.0|thickness_flexible|7.0|||
01/01/2024|54|0230009000000|2.0|2.1|thickness_flexible|7.0|||
01/01/2024|54|0230009000000|2.1|2.2|thickness_flexible|7.0|||
01/01/2024|54|0230009000000|4.81|4.9|thickness_flexible|7.0|||
01/01/2024|54|0230009000000|4.9|5.0|thickness_flexible|7.0|||
01/01/2024|54|0230009000000|5.0|5.1|thickness_flexible|7.0|||
01/01/2024|54|0230009000000|5.1|5.2|thickness_flexible|7.0|||
01/01/2024|54|0230009000000|5.2|5.3|thickness_flexible|7.0|||
01/01/2024|54|0230009000000|5.3|5.4|thickness_flexible|7.0|||
01/01/2024|54|0230009000000|5.4|5.5|thickness_flexible|7.0|||
01/01/2024|54|0230009000000|5.5|5.6|thickness_flexible|7.0|||
01/01/2024|54|0230009000000|5.6|5.7|thickness_flexible|7.0|||
01/01/2024|54|0230009000000|5.7|5.8|thickness_flexible|7.0|||
01/01/2024|54|0230009000000|5.8|5.9|thickness_flexible|7.0|||
01/01/2024|54|0230009000000|5.9|6.0|thickness_flexible|7.0|||
01/01/2024|54|0230009000000|6.0|6.1|thickness_flexible|7.0|||
01/01/2024|54|0230009000000|6.1|6.17|thickness_flexible|7.0|||
01/01/2024|54|0230009000000|6.17|6.2|thickness_flexible|7.0|||
01/01/2024|54|0230009000000|6.2|6.27|thickness_flexible|7.0|||
01/01/2024|54|0230009000000|6.381|6.4|thickness_flexible|7.0|||
01/01/2024|54|0230009000000|6.4|6.47|thickness_flexible|7.0|||
01/01/2024|54|0230009000000|6.47|6.5|thickness_flexible|7.0|||
01/01/2024|54|0230009000000|6.5|6.6|thickness_flexible|7.0|||
01/01/2024|54|0230009000000|6.6|6.7|thickness_flexible|7.0|||
01/01/2024|54|0230009000000|6.7|6.8|thickness_flexible|7.0|||
01/01/2024|54|0230009000000|6.8|6.9|thickness_flexible|7.0|||
01/01/2024|54|0230009000000|6.9|7.0|thickness_flexible|7.0|||
01/01/2024|54|0230009000000|7.0|7.1|thickness_flexible|7.0|||
01/01/2024|54|0230009000000|7.1|7.2|thickness_flexible|7.0|||
01/01/2024|54|0230009000000|7.2|7.3|thickness_flexible|7.0|||
01/01/2024|54|0230009000000|7.3|7.4|thickness_flexible|7.0|||
01/01/2024|54|0230009000000|7.4|7.5|thickness_flexible|7.0|||
01/01/2024|54|0230009000000|7.5|7.58|thickness_flexible|7.0|||
01/01/2024|54|0230009000000|7.584|7.6|thickness_flexible|7.0|||
01/01/2024|54|0230009000000|7.6|7.7|thickness_flexible|7.0|||
01/01/2024|54|0230009000000|7.7|7.8|thickness_flexible|7.0|||
01/01/2024|54|0230009000000|7.8|7.9|thickness_flexible|7.0|||
01/01/2024|54|0230009000000|7.9|8.0|thickness_flexible|7.0|||
01/01/2024|54|0230009000000|8.0|8.1|thickness_flexible|7.0|||
01/01/2024|54|0230009000000|8.1|8.2|thickness_flexible|7.0|||
01/01/2024|54|0230009000000|8.2|8.3|thickness_flexible|7.0|||
01/01/2024|54|0230009000000|8.3|8.4|thickness_flexible|7.0|||
01/01/2024|54|0230009000000|8.4|8.5|thickness_flexible|7.0|||
01/01/2024|54|0230009000000|8.5|8.6|thickness_flexible|7.0|||
01/01/2024|54|0230009000000|8.6|8.7|thickness_flexible|7.0|||
01/01/2024|54|0230009000000|8.7|8.8|thickness_flexible|7.0|||
01/01/2024|54|0230009000000|8.8|8.9|thickness_flexible|7.0|||
01/01/2024|54|0230009000000|8.9|9.0|thickness_flexible|7.0|||
01/01/2024|54|0230009000000|9.0|9.1|thickness_flexible|7.0|||
01/01/2024|54|0230009000000|9.1|9.2|thickness_flexible|7.0|||
01/01/2024|54|0230009000000|9.2|9.3|thickness_flexible|7.0|||
01/01/2024|54|0230009000000|9.3|9.4|thickness_flexible|7.0|||
01/01/2024|54|0230009000000|9.4|9.5|thickness_flexible|7.0|||
01/01/2024|54|0230009000000|9.5|9.6|thickness_flexible|7.0|||
01/01/2024|54|0230009000000|9.6|9.7|thickness_flexible|7.0|||
01/01/2024|54|0230009000000|9.7|9.8|thickness_flexible|7.0|||
01/01/2024|54|0230009000000|9.8|9.9|thickness_flexible|7.0|||
01/01/2024|54|0230009000000|9.9|9.95|thickness_flexible|7.0|||
01/01/2024|54|0230009000000|10.12|10.2|thickness_flexible|7.0|||
01/01/2024|54|0230009000000|10.2|10.3|thickness_flexible|7.0|||
01/01/2024|54|0230009000000|10.3|10.37|thickness_flexible|7.0|||
01/01/2024|54|0230009000000|10.532|10.59|thickness_flexible|7.0|||
01/01/2024|54|0230009000000|10.59|10.6|thickness_flexible|7.0|||
01/01/2024|54|0230009000000|10.6|10.7|thickness_flexible|7.0|||
01/01/2024|54|0230009000000|10.7|10.8|thickness_flexible|7.0|||
01/01/2024|54|0230009000000|10.8|10.893|thickness_flexible|7.0|||
01/01/2024|54|0230009000000|10.893|10.9|thickness_flexible|7.0|||
01/01/2024|54|0230009000000|10.9|11.0|thickness_flexible|7.0|||
01/01/2024|54|0230009000000|11.0|11.1|thickness_flexible|7.0|||
01/01/2024|54|0230009000000|11.1|11.2|thickness_flexible|7.0|||
01/01/2024|54|0230009000000|11.2|11.243|thickness_flexible|7.0|||
01/01/2024|54|0230009000000|14.0|14.1|thickness_flexible|7.0|||
01/01/2024|54|0230009000000|14.1|14.2|thickness_flexible|7.0|||
01/01/2024|54|0230009000000|14.55|14.6|thickness_flexible|7.0|||
01/01/2024|54|0230009000000|14.6|14.7|thickness_flexible|7.0|||
01/01/2024|54|0230009000000|14.7|14.8|thickness_flexible|7.0|||
01/01/2024|54|0230009000000|14.8|14.9|thickness_flexible|7.0|||
01/01/2024|54|0230009000000|15.57|15.6|thickness_flexible|7.0|||
01/01/2024|54|0230009000000|15.6|15.7|thickness_flexible|7.0|||
01/01/2024|54|0230009000000|15.7|15.79|thickness_flexible|7.0|||
01/01/2024|54|0230009000000|15.79|15.8|thickness_flexible|7.0|||
01/01/2024|54|0230009000000|15.8|15.9|thickness_flexible|7.0|||
01/01/2024|54|0230009000000|15.9|16.0|thickness_flexible|7.0|||
01/01/2024|54|0230009000000|16.0|16.09|thickness_flexible|7.0|||
01/01/2024|54|0640035000000|7.83|8.63|thickness_flexible|1.0|||
01/01/2024|54|1540105010000|0.0|0.34|thickness_flexible|2.0|||
01/01/2024|54|30200520004NB|0.096|0.1|thickness_flexible|2.0|||
01/01/2024|54|30200520004NB|0.1|0.2|thickness_flexible|2.0|||
01/01/2024|54|30200520004NB|0.2|0.3|thickness_flexible|2.0|||
01/01/2024|54|30200520004NB|0.3|0.39|thickness_flexible|2.0|||
01/01/2024|54|0530002000000|3.88|6.35|thickness_flexible|2.0|||
01/01/2024|54|0530002000000|6.8|7.06|thickness_flexible|2.0|||
01/01/2024|54|0530002000000|7.06|7.47|thickness_flexible|2.0|||
01/01/2024|54|2830020000000|4.23|5.2|thickness_flexible|9.0|||
01/01/2024|54|2830020000000|10.32|11.4|thickness_flexible|9.0|||
01/01/2024|54|2830020000000|12.05|12.78|thickness_flexible|9.0|||
01/01/2024|54|0630010000100|1.94|2.56|thickness_flexible|1.0|||
01/01/2024|54|30201190000NB|11.73|11.8|thickness_flexible|1.0|||
01/01/2024|54|30201190000NB|11.8|11.9|thickness_flexible|1.0|||
01/01/2024|54|30201190000NB|11.9|12.0|thickness_flexible|1.0|||
01/01/2024|54|30201190000NB|12.0|12.1|thickness_flexible|1.0|||
01/01/2024|54|30201190000NB|12.1|12.2|thickness_flexible|1.0|||
01/01/2024|54|30201190000NB|12.2|12.3|thickness_flexible|1.0|||
01/01/2024|54|30201190000NB|12.3|12.4|thickness_flexible|1.0|||
01/01/2024|54|30201190000NB|12.4|12.5|thickness_flexible|1.0|||
01/01/2024|54|30201190000NB|12.5|12.6|thickness_flexible|1.0|||
01/01/2024|54|30201190000NB|12.6|12.7|thickness_flexible|1.0|||
01/01/2024|54|30201190000NB|12.7|12.8|thickness_flexible|1.0|||
01/01/2024|54|30201190000NB|12.88|12.9|thickness_flexible|1.0|||
01/01/2024|54|30201190000NB|12.9|13.0|thickness_flexible|1.0|||
01/01/2024|54|30201190000NB|13.0|13.1|thickness_flexible|1.0|||
01/01/2024|54|30201190000NB|13.1|13.2|thickness_flexible|1.0|||
01/01/2024|54|30201190000NB|13.2|13.3|thickness_flexible|1.0|||
01/01/2024|54|30201190000NB|13.3|13.4|thickness_flexible|1.0|||
01/01/2024|54|30201190000NB|13.4|13.5|thickness_flexible|1.0|||
01/01/2024|54|30201190000NB|13.5|13.6|thickness_flexible|1.0|||
01/01/2024|54|30201190000NB|13.6|13.7|thickness_flexible|1.0|||
01/01/2024|54|30201190000NB|13.7|13.8|thickness_flexible|1.0|||
01/01/2024|54|30201190000NB|13.8|13.9|thickness_flexible|1.0|||
01/01/2024|54|30201190000NB|13.9|14.0|thickness_flexible|1.0|||
01/01/2024|54|30201190000NB|14.0|14.1|thickness_flexible|1.0|||
01/01/2024|54|30201190000NB|14.1|14.2|thickness_flexible|1.0|||
01/01/2024|54|30201190000NB|14.2|14.28|thickness_flexible|1.0|||
01/01/2024|54|2230010000000|17.81|19.07|thickness_flexible|1.0|||
01/01/2024|54|4140030000000|4.27|4.52|thickness_flexible|9.0|||
01/01/2024|54|2330044000000|16.02|17.07|thickness_flexible|1.0|||
01/01/2024|54|2040049000000|0.68|1.17|thickness_flexible|9.0|||
01/01/2024|54|4730093000000|2.34|7.42|thickness_flexible|14.0|||
01/01/2024|54|0530067000000|6.14|6.71|thickness_flexible|3.0|||
01/01/2024|54|2330010000000|10.58|10.6|thickness_flexible|9.0|||
01/01/2024|54|2330010000000|10.6|10.7|thickness_flexible|9.0|||
01/01/2024|54|2330010000000|10.7|10.76|thickness_flexible|9.0|||
01/01/2024|54|2330010000000|12.79|12.8|thickness_flexible|2.0|||
01/01/2024|54|2330010000000|12.8|12.9|thickness_flexible|2.0|||
01/01/2024|54|2330010000000|12.9|12.95|thickness_flexible|2.0|||
01/01/2024|54|2330010000000|14.782|14.8|thickness_flexible|1.0|||
01/01/2024|54|2330010000000|14.8|14.9|thickness_flexible|1.0|||
01/01/2024|54|2330010000000|14.9|15.0|thickness_flexible|1.0|||
01/01/2024|54|2330010000000|15.0|15.1|thickness_flexible|1.0|||
01/01/2024|54|2330010000000|15.1|15.2|thickness_flexible|1.0|||
01/01/2024|54|2330010000000|15.2|15.25|thickness_flexible|1.0|||
01/01/2024|54|2330010000000|15.25|15.3|thickness_flexible|1.0|||
01/01/2024|54|2330010000000|15.3|15.4|thickness_flexible|1.0|||
01/01/2024|54|2330010000000|15.4|15.5|thickness_flexible|1.0|||
01/01/2024|54|2330010000000|15.5|15.6|thickness_flexible|1.0|||
01/01/2024|54|2330010000000|15.6|15.7|thickness_flexible|1.0|||
01/01/2024|54|2330010000000|15.7|15.8|thickness_flexible|1.0|||
01/01/2024|54|2330010000000|15.8|15.9|thickness_flexible|1.0|||
01/01/2024|54|2330010000000|15.9|16.0|thickness_flexible|1.0|||
01/01/2024|54|2330010000000|16.0|16.1|thickness_flexible|1.0|||
01/01/2024|54|2330010000000|16.1|16.17|thickness_flexible|1.0|||
01/01/2024|54|2330010000000|16.77|16.8|thickness_flexible|1.0|||
01/01/2024|54|2330010000000|16.8|16.9|thickness_flexible|1.0|||
01/01/2024|54|2330010000000|16.9|17.0|thickness_flexible|1.0|||
01/01/2024|54|2330010000000|17.0|17.1|thickness_flexible|1.0|||
01/01/2024|54|2330010000000|17.1|17.2|thickness_flexible|1.0|||
01/01/2024|54|2330010000000|17.2|17.3|thickness_flexible|1.0|||
01/01/2024|54|2330010000000|17.3|17.4|thickness_flexible|1.0|||
01/01/2024|54|2330010000000|17.4|17.46|thickness_flexible|1.0|||
01/01/2024|54|2330010000000|17.46|17.5|thickness_flexible|1.0|||
01/01/2024|54|2330010000000|17.5|17.6|thickness_flexible|1.0|||
01/01/2024|54|2330010000000|17.6|17.7|thickness_flexible|1.0|||
01/01/2024|54|2330010000000|17.7|17.76|thickness_flexible|1.0|||
01/01/2024|54|2330010000000|17.76|17.8|thickness_flexible|1.0|||
01/01/2024|54|2330010000000|17.8|17.9|thickness_flexible|1.0|||
01/01/2024|54|2330010000000|17.9|18.0|thickness_flexible|1.0|||
01/01/2024|54|2330010000000|18.0|18.1|thickness_flexible|1.0|||
01/01/2024|54|2330010000000|18.1|18.2|thickness_flexible|1.0|||
01/01/2024|54|2330010000000|18.2|18.21|thickness_flexible|1.0|||
01/01/2024|54|2330010000000|18.76|18.8|thickness_flexible|1.0|||
01/01/2024|54|2330010000000|18.8|18.9|thickness_flexible|1.0|||
01/01/2024|54|2330010000000|18.9|19.0|thickness_flexible|1.0|||
01/01/2024|54|2330010000000|19.0|19.1|thickness_flexible|1.0|||
01/01/2024|54|2330010000000|19.1|19.2|thickness_flexible|1.0|||
01/01/2024|54|2330010000000|19.2|19.3|thickness_flexible|1.0|||
01/01/2024|54|2330010000000|19.3|19.4|thickness_flexible|1.0|||
01/01/2024|54|2330010000000|19.4|19.41|thickness_flexible|1.0|||
01/01/2024|54|2330010000000|19.41|19.5|thickness_flexible|1.0|||
01/01/2024|54|2330010000000|19.5|19.6|thickness_flexible|1.0|||
01/01/2024|54|2330010000000|19.6|19.7|thickness_flexible|1.0|||
01/01/2024|54|2330010000000|19.7|19.8|thickness_flexible|1.0|||
01/01/2024|54|2330010000000|19.8|19.9|thickness_flexible|1.0|||
01/01/2024|54|2330010000000|19.9|20.0|thickness_flexible|1.0|||
01/01/2024|54|2330010000000|20.0|20.1|thickness_flexible|1.0|||
01/01/2024|54|2330010000000|20.1|20.2|thickness_flexible|1.0|||
01/01/2024|54|2330010000000|20.2|20.3|thickness_flexible|1.0|||
01/01/2024|54|2330010000000|20.3|20.39|thickness_flexible|1.0|||
01/01/2024|54|2330010000000|20.39|20.4|thickness_flexible|1.0|||
01/01/2024|54|2330010000000|20.4|20.5|thickness_flexible|1.0|||
01/01/2024|54|2330010000000|20.5|20.6|thickness_flexible|1.0|||
01/01/2024|54|2330010000000|20.6|20.7|thickness_flexible|1.0|||
01/01/2024|54|2330010000000|20.7|20.8|thickness_flexible|1.0|||
01/01/2024|54|2330010000000|20.8|20.9|thickness_flexible|1.0|||
01/01/2024|54|2330010000000|20.9|21.0|thickness_flexible|1.0|||
01/01/2024|54|2330010000000|21.0|21.1|thickness_flexible|1.0|||
01/01/2024|54|2330010000000|21.1|21.2|thickness_flexible|1.0|||
01/01/2024|54|2330010000000|21.2|21.3|thickness_flexible|1.0|||
01/01/2024|54|2330010000000|21.3|21.4|thickness_flexible|1.0|||
01/01/2024|54|2330010000000|21.4|21.421|thickness_flexible|1.0|||
01/01/2024|54|2330010000000|21.421|21.5|thickness_flexible|1.0|||
01/01/2024|54|2330010000000|21.5|21.6|thickness_flexible|1.0|||
01/01/2024|54|2330010000000|21.6|21.7|thickness_flexible|1.0|||
01/01/2024|54|2330010000000|21.7|21.8|thickness_flexible|1.0|||
01/01/2024|54|2330010000000|21.8|21.9|thickness_flexible|1.0|||
01/01/2024|54|2330010000000|21.9|22.0|thickness_flexible|1.0|||
01/01/2024|54|2330010000000|22.0|22.05|thickness_flexible|1.0|||
01/01/2024|54|2330010000000|26.308|27.14|thickness_flexible|1.0|||
01/01/2024|54|2330010000000|27.14|27.71|thickness_flexible|1.0|||
01/01/2024|54|2330010000000|27.71|28.6|thickness_flexible|1.0|||
01/01/2024|54|4970764001900|0.0|0.39|thickness_flexible|9.0|||
01/01/2024|54|5040060040000|1.24|2.4|thickness_flexible|1.0|||
01/01/2024|54|1330063000000|6.06|7.63|thickness_flexible|2.0|||
01/01/2024|54|06200520004NB|0.0|0.1|thickness_flexible|2.0|||
01/01/2024|54|06200520004NB|0.1|0.2|thickness_flexible|2.0|||
01/01/2024|54|06200520004NB|0.2|0.3|thickness_flexible|2.0|||
01/01/2024|54|06200520004NB|0.3|0.32|thickness_flexible|2.0|||
01/01/2024|54|06200520004NB|0.321|0.4|thickness_flexible|2.0|||
01/01/2024|54|06200520004NB|0.4|0.46|thickness_flexible|2.0|||
01/01/2024|54|4030034000000|14.57|14.97|thickness_flexible|1.0|||
01/01/2024|54|4030034000000|15.27|15.39|thickness_flexible|1.0|||
01/01/2024|54|4030034000000|15.39|15.68|thickness_flexible|1.0|||
01/01/2024|54|4030034000000|15.68|17.018|thickness_flexible|1.0|||
01/01/2024|54|4130307000000|4.55|5.59|thickness_flexible|9.0|||
01/01/2024|54|4130307000000|7.42|8.45|thickness_flexible|9.0|||
01/01/2024|54|28204600000EB|0.029|0.1|thickness_flexible|9.0|||
01/01/2024|54|28204600000EB|0.1|0.2|thickness_flexible|9.0|||
01/01/2024|54|28204600000EB|0.2|0.3|thickness_flexible|9.0|||
01/01/2024|54|28204600000EB|0.3|0.4|thickness_flexible|9.0|||
01/01/2024|54|28204600000EB|0.4|0.5|thickness_flexible|9.0|||
01/01/2024|54|28204600000EB|0.5|0.6|thickness_flexible|9.0|||
01/01/2024|54|28204600000EB|0.6|0.7|thickness_flexible|9.0|||
01/01/2024|54|28204600000EB|0.7|0.8|thickness_flexible|9.0|||
01/01/2024|54|28204600000EB|0.8|0.9|thickness_flexible|9.0|||
01/01/2024|54|28204600000EB|0.9|1.0|thickness_flexible|9.0|||
01/01/2024|54|28204600000EB|1.0|1.06|thickness_flexible|9.0|||
01/01/2024|54|28204600000EB|1.33|1.4|thickness_flexible|9.0|||
01/01/2024|54|28204600000EB|1.4|1.5|thickness_flexible|9.0|||
01/01/2024|54|28204600000EB|1.5|1.6|thickness_flexible|9.0|||
01/01/2024|54|28204600000EB|1.6|1.7|thickness_flexible|9.0|||
01/01/2024|54|28204600000EB|1.7|1.8|thickness_flexible|9.0|||
01/01/2024|54|28204600000EB|1.8|1.9|thickness_flexible|9.0|||
01/01/2024|54|28204600000EB|1.9|2.0|thickness_flexible|9.0|||
01/01/2024|54|28204600000EB|2.0|2.1|thickness_flexible|9.0|||
01/01/2024|54|28204600000EB|2.1|2.2|thickness_flexible|9.0|||
01/01/2024|54|28204600000EB|2.2|2.3|thickness_flexible|9.0|||
01/01/2024|54|28204600000EB|2.3|2.4|thickness_flexible|9.0|||
01/01/2024|54|28204600000EB|2.4|2.5|thickness_flexible|9.0|||
01/01/2024|54|28204600000EB|2.5|2.6|thickness_flexible|9.0|||
01/01/2024|54|28204600000EB|2.6|2.7|thickness_flexible|9.0|||
01/01/2024|54|28204600000EB|2.7|2.8|thickness_flexible|9.0|||
01/01/2024|54|28204600000EB|2.8|2.9|thickness_flexible|9.0|||
01/01/2024|54|28204600000EB|2.9|3.0|thickness_flexible|9.0|||
01/01/2024|54|28204600000EB|3.0|3.09|thickness_flexible|9.0|||
01/01/2024|54|28204600000EB|4.29|4.3|thickness_flexible|9.0|||
01/01/2024|54|28204600000EB|4.3|4.4|thickness_flexible|9.0|||
01/01/2024|54|28204600000EB|4.4|4.5|thickness_flexible|9.0|||
01/01/2024|54|28204600000EB|4.5|4.6|thickness_flexible|9.0|||
01/01/2024|54|28204600000EB|4.6|4.7|thickness_flexible|9.0|||
01/01/2024|54|28204600000EB|4.7|4.8|thickness_flexible|9.0|||
01/01/2024|54|28204600000EB|4.8|4.9|thickness_flexible|9.0|||
01/01/2024|54|28204600000EB|4.9|5.0|thickness_flexible|9.0|||
01/01/2024|54|28204600000EB|5.0|5.1|thickness_flexible|9.0|||
01/01/2024|54|28204600000EB|5.1|5.2|thickness_flexible|9.0|||
01/01/2024|54|28204600000EB|5.2|5.3|thickness_flexible|9.0|||
01/01/2024|54|28204600000EB|5.3|5.38|thickness_flexible|9.0|||
01/01/2024|54|28204600000EB|13.48|13.5|thickness_flexible|9.0|||
01/01/2024|54|28204600000EB|13.5|13.6|thickness_flexible|9.0|||
01/01/2024|54|28204600000EB|13.6|13.7|thickness_flexible|9.0|||
01/01/2024|54|28204600000EB|13.7|13.8|thickness_flexible|9.0|||
01/01/2024|54|28204600000EB|13.8|13.9|thickness_flexible|9.0|||
01/01/2024|54|28204600000EB|13.9|14.0|thickness_flexible|9.0|||
01/01/2024|54|28204600000EB|14.0|14.1|thickness_flexible|9.0|||
01/01/2024|54|28204600000EB|14.1|14.2|thickness_flexible|9.0|||
01/01/2024|54|28204600000EB|14.2|14.3|thickness_flexible|9.0|||
01/01/2024|54|28204600000EB|14.3|14.4|thickness_flexible|9.0|||
01/01/2024|54|28204600000EB|14.4|14.5|thickness_flexible|9.0|||
01/01/2024|54|28204600000EB|14.5|14.6|thickness_flexible|9.0|||
01/01/2024|54|28204600000EB|14.6|14.7|thickness_flexible|9.0|||
01/01/2024|54|28204600000EB|14.7|14.72|thickness_flexible|9.0|||
01/01/2024|54|28204600000EB|14.72|14.8|thickness_flexible|9.0|||
01/01/2024|54|28204600000EB|14.8|14.9|thickness_flexible|9.0|||
01/01/2024|54|28204600000EB|14.9|15.0|thickness_flexible|9.0|||
01/01/2024|54|28204600000EB|15.0|15.1|thickness_flexible|9.0|||
01/01/2024|54|28204600000EB|15.1|15.15|thickness_flexible|9.0|||
01/01/2024|54|20100790000NB|5.56|6.12|thickness_flexible|3.0|||
01/01/2024|54|20100790000NB|6.82|7.19|thickness_flexible|3.0|||
01/01/2024|54|20100790000NB|16.04|16.1|thickness_flexible|9.0|||
01/01/2024|54|20100790000NB|16.1|19.22|thickness_flexible|9.0|||
01/01/2024|54|2040023000000|2.48|2.67|thickness_flexible|9.0|||
01/01/2024|54|2040023000000|2.67|3.6|thickness_flexible|9.0|||
01/01/2024|54|50100640000EB|0.0|0.1|thickness_flexible|1.0|||
01/01/2024|54|50100640000EB|0.1|0.11|thickness_flexible|1.0|||
01/01/2024|54|50100640000EB|0.11|0.2|thickness_flexible|1.0|||
01/01/2024|54|50100640000EB|0.2|0.3|thickness_flexible|1.0|||
01/01/2024|54|50100640000EB|0.3|0.4|thickness_flexible|1.0|||
01/01/2024|54|50100640000EB|0.4|0.5|thickness_flexible|1.0|||
01/01/2024|54|50100640000EB|0.5|0.6|thickness_flexible|1.0|||
01/01/2024|54|50100640000EB|0.6|0.7|thickness_flexible|1.0|||
01/01/2024|54|50100640000EB|0.7|0.8|thickness_flexible|1.0|||
01/01/2024|54|50100640000EB|0.8|0.9|thickness_flexible|1.0|||
01/01/2024|54|50100640000EB|0.9|1.0|thickness_flexible|1.0|||
01/01/2024|54|50100640000EB|1.0|1.1|thickness_flexible|1.0|||
01/01/2024|54|50100640000EB|1.1|1.2|thickness_flexible|1.0|||
01/01/2024|54|50100640000EB|1.2|1.25|thickness_flexible|1.0|||
01/01/2024|54|50100640000EB|1.29|1.3|thickness_flexible|4.0|||
01/01/2024|54|50100640000EB|1.3|1.4|thickness_flexible|4.0|||
01/01/2024|54|50100640000EB|1.4|1.5|thickness_flexible|4.0|||
01/01/2024|54|50100640000EB|1.5|1.6|thickness_flexible|4.0|||
01/01/2024|54|50100640000EB|1.6|1.66|thickness_flexible|4.0|||
01/01/2024|54|50100640000EB|1.66|1.7|thickness_flexible|4.0|||
01/01/2024|54|50100640000EB|1.7|1.8|thickness_flexible|4.0|||
01/01/2024|54|50100640000EB|1.8|1.9|thickness_flexible|4.0|||
01/01/2024|54|50100640000EB|1.9|2.0|thickness_flexible|4.0|||
01/01/2024|54|50100640000EB|2.0|2.1|thickness_flexible|4.0|||
01/01/2024|54|50100640000EB|2.1|2.17|thickness_flexible|4.0|||
01/01/2024|54|50100640000EB|2.17|2.2|thickness_flexible|4.0|||
01/01/2024|54|50100640000EB|2.2|2.3|thickness_flexible|4.0|||
01/01/2024|54|50100640000EB|2.3|2.4|thickness_flexible|4.0|||
01/01/2024|54|50100640000EB|2.4|2.5|thickness_flexible|4.0|||
01/01/2024|54|50100640000EB|2.5|2.6|thickness_flexible|4.0|||
01/01/2024|54|50100640000EB|2.6|2.7|thickness_flexible|4.0|||
01/01/2024|54|50100640000EB|2.7|2.75|thickness_flexible|4.0|||
01/01/2024|54|50100640000EB|2.75|2.8|thickness_flexible|4.0|||
01/01/2024|54|50100640000EB|2.8|2.9|thickness_flexible|4.0|||
01/01/2024|54|50100640000EB|2.9|3.0|thickness_flexible|4.0|||
01/01/2024|54|50100640000EB|3.0|3.1|thickness_flexible|4.0|||
01/01/2024|54|50100640000EB|3.1|3.2|thickness_flexible|4.0|||
01/01/2024|54|50100640000EB|3.2|3.3|thickness_flexible|4.0|||
01/01/2024|54|50100640000EB|3.3|3.4|thickness_flexible|4.0|||
01/01/2024|54|50100640000EB|3.4|3.5|thickness_flexible|4.0|||
01/01/2024|54|50100640000EB|3.5|3.6|thickness_flexible|4.0|||
01/01/2024|54|50100640000EB|3.6|3.7|thickness_flexible|4.0|||
01/01/2024|54|50100640000EB|3.7|3.8|thickness_flexible|4.0|||
01/01/2024|54|50100640000EB|3.8|3.9|thickness_flexible|4.0|||
01/01/2024|54|50100640000EB|3.9|4.0|thickness_flexible|4.0|||
01/01/2024|54|50100640000EB|4.0|4.1|thickness_flexible|4.0|||
01/01/2024|54|50100640000EB|4.1|4.2|thickness_flexible|4.0|||
01/01/2024|54|50100640000EB|4.2|4.22|thickness_flexible|4.0|||
01/01/2024|54|50100640000EB|4.22|4.3|thickness_flexible|4.0|||
01/01/2024|54|50100640000EB|4.3|4.4|thickness_flexible|4.0|||
01/01/2024|54|50100640000EB|4.4|4.5|thickness_flexible|4.0|||
01/01/2024|54|50100640000EB|4.5|4.6|thickness_flexible|4.0|||
01/01/2024|54|50100640000EB|4.6|4.7|thickness_flexible|4.0|||
01/01/2024|54|50100640000EB|4.7|4.8|thickness_flexible|4.0|||
01/01/2024|54|50100640000EB|4.8|4.9|thickness_flexible|4.0|||
01/01/2024|54|50100640000EB|4.9|5.0|thickness_flexible|4.0|||
01/01/2024|54|50100640000EB|5.0|5.1|thickness_flexible|4.0|||
01/01/2024|54|50100640000EB|5.1|5.2|thickness_flexible|4.0|||
01/01/2024|54|50100640000EB|5.2|5.29|thickness_flexible|4.0|||
01/01/2024|54|50100640000EB|5.29|5.3|thickness_flexible|4.0|||
01/01/2024|54|50100640000EB|5.3|5.4|thickness_flexible|4.0|||
01/01/2024|54|50100640000EB|5.4|5.5|thickness_flexible|4.0|||
01/01/2024|54|50100640000EB|5.5|5.6|thickness_flexible|4.0|||
01/01/2024|54|50100640000EB|5.6|5.7|thickness_flexible|4.0|||
01/01/2024|54|50100640000EB|5.7|5.8|thickness_flexible|4.0|||
01/01/2024|54|50100640000EB|5.8|5.87|thickness_flexible|4.0|||
01/01/2024|54|2870504001900|0.0|0.47|thickness_flexible|9.0|||
01/01/2024|54|2870504001900|0.47|0.71|thickness_flexible|9.0|||
01/01/2024|54|4640044000000|0.24|0.73|thickness_flexible|9.0|||
01/01/2024|54|4640044000000|0.76|1.76|thickness_flexible|9.0|||
01/01/2024|54|4640044000000|1.92|2.03|thickness_flexible|9.0|||
01/01/2024|54|4140006000000|0.0|0.14|thickness_flexible|6.0|||
01/01/2024|54|4140006000000|0.91|1.13|thickness_flexible|6.0|||
01/01/2024|54|1040019020000|0.0|0.82|thickness_flexible|1.0|||
01/01/2024|54|4140006030000|0.53|1.48|thickness_flexible|6.0|||
01/01/2024|54|0640001000000|2.1|2.224|thickness_flexible|1.0|||
01/01/2024|54|0640001000000|2.477|2.619|thickness_flexible|1.0|||
01/01/2024|54|2430083000000|0.0|0.1|thickness_flexible|9.0|||
01/01/2024|54|2430083000000|0.1|0.2|thickness_flexible|9.0|||
01/01/2024|54|2430083000000|0.2|0.3|thickness_flexible|9.0|||
01/01/2024|54|2430083000000|0.3|0.4|thickness_flexible|9.0|||
01/01/2024|54|2430083000000|0.4|0.5|thickness_flexible|9.0|||
01/01/2024|54|2430083000000|0.5|0.6|thickness_flexible|9.0|||
01/01/2024|54|2430083000000|0.6|0.7|thickness_flexible|9.0|||
01/01/2024|54|2430083000000|0.7|0.8|thickness_flexible|9.0|||
01/01/2024|54|2430083000000|0.8|0.9|thickness_flexible|9.0|||
01/01/2024|54|2430083000000|0.9|1.0|thickness_flexible|9.0|||
01/01/2024|54|2430083000000|1.0|1.1|thickness_flexible|9.0|||
01/01/2024|54|2430083000000|1.1|1.2|thickness_flexible|9.0|||
01/01/2024|54|2430083000000|1.2|1.3|thickness_flexible|9.0|||
01/01/2024|54|2430083000000|1.3|1.4|thickness_flexible|9.0|||
01/01/2024|54|2430083000000|1.4|1.5|thickness_flexible|9.0|||
01/01/2024|54|2430083000000|1.5|1.6|thickness_flexible|9.0|||
01/01/2024|54|2430083000000|1.6|1.7|thickness_flexible|9.0|||
01/01/2024|54|2430083000000|1.7|1.8|thickness_flexible|9.0|||
01/01/2024|54|2430083000000|1.8|1.9|thickness_flexible|9.0|||
01/01/2024|54|2430083000000|1.9|2.0|thickness_flexible|9.0|||
01/01/2024|54|2430083000000|2.0|2.1|thickness_flexible|9.0|||
01/01/2024|54|2430083000000|2.1|2.2|thickness_flexible|9.0|||
01/01/2024|54|2430083000000|2.2|2.3|thickness_flexible|9.0|||
01/01/2024|54|2430083000000|2.3|2.4|thickness_flexible|9.0|||
01/01/2024|54|2430083000000|2.4|2.5|thickness_flexible|9.0|||
01/01/2024|54|2430083000000|2.5|2.6|thickness_flexible|9.0|||
01/01/2024|54|2430083000000|2.6|2.7|thickness_flexible|9.0|||
01/01/2024|54|2430083000000|2.7|2.8|thickness_flexible|9.0|||
01/01/2024|54|2430083000000|2.8|2.9|thickness_flexible|9.0|||
01/01/2024|54|2430083000000|2.9|3.0|thickness_flexible|9.0|||
01/01/2024|54|2430083000000|3.0|3.1|thickness_flexible|9.0|||
01/01/2024|54|2430083000000|3.1|3.2|thickness_flexible|9.0|||
01/01/2024|54|2430083000000|3.2|3.3|thickness_flexible|9.0|||
01/01/2024|54|2430083000000|3.3|3.4|thickness_flexible|9.0|||
01/01/2024|54|2430083000000|3.4|3.5|thickness_flexible|9.0|||
01/01/2024|54|2430083000000|3.5|3.6|thickness_flexible|9.0|||
01/01/2024|54|2430083000000|3.6|3.7|thickness_flexible|9.0|||
01/01/2024|54|2430083000000|3.7|3.8|thickness_flexible|9.0|||
01/01/2024|54|2430083000000|3.8|3.9|thickness_flexible|9.0|||
01/01/2024|54|2430083000000|3.9|4.0|thickness_flexible|9.0|||
01/01/2024|54|2430083000000|4.0|4.1|thickness_flexible|9.0|||
01/01/2024|54|2430083000000|4.1|4.2|thickness_flexible|9.0|||
01/01/2024|54|2430083000000|4.2|4.3|thickness_flexible|9.0|||
01/01/2024|54|2430083000000|4.3|4.4|thickness_flexible|9.0|||
01/01/2024|54|2430083000000|4.4|4.5|thickness_flexible|9.0|||
01/01/2024|54|2430083000000|4.5|4.6|thickness_flexible|9.0|||
01/01/2024|54|2430083000000|4.6|4.7|thickness_flexible|9.0|||
01/01/2024|54|2430083000000|4.7|4.8|thickness_flexible|9.0|||
01/01/2024|54|2430083000000|4.8|4.9|thickness_flexible|9.0|||
01/01/2024|54|2430083000000|4.9|5.0|thickness_flexible|9.0|||
01/01/2024|54|2430083000000|5.0|5.1|thickness_flexible|9.0|||
01/01/2024|54|2430083000000|5.1|5.2|thickness_flexible|9.0|||
01/01/2024|54|2430083000000|5.2|5.3|thickness_flexible|9.0|||
01/01/2024|54|2430083000000|5.3|5.4|thickness_flexible|9.0|||
01/01/2024|54|2430083000000|5.4|5.5|thickness_flexible|9.0|||
01/01/2024|54|2430083000000|5.5|5.6|thickness_flexible|9.0|||
01/01/2024|54|2430083000000|5.6|5.7|thickness_flexible|9.0|||
01/01/2024|54|2430083000000|5.7|5.8|thickness_flexible|9.0|||
01/01/2024|54|2430083000000|5.8|5.9|thickness_flexible|9.0|||
01/01/2024|54|2430083000000|5.9|6.0|thickness_flexible|9.0|||
01/01/2024|54|2430083000000|6.0|6.1|thickness_flexible|9.0|||
01/01/2024|54|2430083000000|6.1|6.2|thickness_flexible|9.0|||
01/01/2024|54|2430083000000|6.2|6.3|thickness_flexible|9.0|||
01/01/2024|54|2430083000000|6.3|6.4|thickness_flexible|9.0|||
01/01/2024|54|2430083000000|6.4|6.42|thickness_flexible|9.0|||
01/01/2024|54|2430083000000|6.42|6.5|thickness_flexible|9.0|||
01/01/2024|54|2430083000000|6.5|6.6|thickness_flexible|9.0|||
01/01/2024|54|2430083000000|6.6|6.7|thickness_flexible|9.0|||
01/01/2024|54|2430083000000|6.7|6.8|thickness_flexible|9.0|||
01/01/2024|54|2430083000000|6.8|6.9|thickness_flexible|9.0|||
01/01/2024|54|2430083000000|6.9|7.0|thickness_flexible|9.0|||
01/01/2024|54|2430083000000|7.0|7.1|thickness_flexible|9.0|||
01/01/2024|54|2430083000000|7.1|7.2|thickness_flexible|9.0|||
01/01/2024|54|2430083000000|7.2|7.3|thickness_flexible|9.0|||
01/01/2024|54|2430083000000|7.3|7.4|thickness_flexible|9.0|||
01/01/2024|54|2430083000000|7.4|7.46|thickness_flexible|9.0|||
01/01/2024|54|2430083000000|7.94|8.0|thickness_flexible|9.0|||
01/01/2024|54|2430083000000|8.0|8.06|thickness_flexible|9.0|||
01/01/2024|54|2430083000000|14.092|14.1|thickness_flexible|9.0|||
01/01/2024|54|2430083000000|14.1|14.2|thickness_flexible|9.0|||
01/01/2024|54|2430083000000|14.2|14.3|thickness_flexible|9.0|||
01/01/2024|54|2430083000000|14.3|14.4|thickness_flexible|9.0|||
01/01/2024|54|2430083000000|14.4|14.5|thickness_flexible|9.0|||
01/01/2024|54|2430083000000|14.5|14.6|thickness_flexible|9.0|||
01/01/2024|54|2430083000000|14.6|14.7|thickness_flexible|9.0|||
01/01/2024|54|2430083000000|14.7|14.8|thickness_flexible|9.0|||
01/01/2024|54|2430083000000|14.8|14.9|thickness_flexible|9.0|||
01/01/2024|54|2430083000000|14.9|15.0|thickness_flexible|9.0|||
01/01/2024|54|2430083000000|15.0|15.1|thickness_flexible|9.0|||
01/01/2024|54|2430083000000|15.1|15.2|thickness_flexible|9.0|||
01/01/2024|54|2430083000000|15.2|15.3|thickness_flexible|9.0|||
01/01/2024|54|2430083000000|15.3|15.4|thickness_flexible|9.0|||
01/01/2024|54|2430083000000|15.4|15.5|thickness_flexible|9.0|||
01/01/2024|54|2430083000000|15.5|15.6|thickness_flexible|9.0|||
01/01/2024|54|2430083000000|15.6|15.7|thickness_flexible|9.0|||
01/01/2024|54|2430083000000|15.7|15.8|thickness_flexible|9.0|||
01/01/2024|54|2430083000000|15.8|15.9|thickness_flexible|9.0|||
01/01/2024|54|2430083000000|15.9|16.0|thickness_flexible|9.0|||
01/01/2024|54|2430083000000|16.0|16.1|thickness_flexible|9.0|||
01/01/2024|54|2430083000000|16.1|16.2|thickness_flexible|9.0|||
01/01/2024|54|2430083000000|16.2|16.3|thickness_flexible|9.0|||
01/01/2024|54|2430083000000|16.3|16.4|thickness_flexible|9.0|||
01/01/2024|54|2430083000000|16.4|16.5|thickness_flexible|9.0|||
01/01/2024|54|2430083000000|16.5|16.6|thickness_flexible|9.0|||
01/01/2024|54|2430083000000|16.6|16.7|thickness_flexible|9.0|||
01/01/2024|54|2430083000000|16.7|16.8|thickness_flexible|9.0|||
01/01/2024|54|2430083000000|16.8|16.9|thickness_flexible|9.0|||
01/01/2024|54|2430083000000|16.9|17.0|thickness_flexible|9.0|||
01/01/2024|54|2430083000000|17.0|17.1|thickness_flexible|9.0|||
01/01/2024|54|2430083000000|17.1|17.2|thickness_flexible|9.0|||
01/01/2024|54|2430083000000|17.2|17.3|thickness_flexible|9.0|||
01/01/2024|54|2430083000000|17.3|17.4|thickness_flexible|9.0|||
01/01/2024|54|2430083000000|17.4|17.5|thickness_flexible|9.0|||
01/01/2024|54|2430083000000|17.5|17.6|thickness_flexible|9.0|||
01/01/2024|54|2430083000000|17.6|17.7|thickness_flexible|9.0|||
01/01/2024|54|2430083000000|17.7|17.8|thickness_flexible|9.0|||
01/01/2024|54|2430083000000|17.8|17.9|thickness_flexible|9.0|||
01/01/2024|54|2430083000000|17.9|18.0|thickness_flexible|9.0|||
01/01/2024|54|2430083000000|18.0|18.01|thickness_flexible|9.0|||
01/01/2024|54|0540507000000|0.0|0.25|thickness_flexible|9.0|||
01/01/2024|54|0540507000000|0.25|0.34|thickness_flexible|9.0|||
01/01/2024|54|0540507000000|0.62|1.2|thickness_flexible|9.0|||
01/01/2024|54|13200600000EB|28.53|29.61|thickness_flexible|2.0|||
01/01/2024|54|20100640000EB|52.73|53.1|thickness_flexible|7.0|||
01/01/2024|54|20100640000EB|53.1|53.75|thickness_flexible|7.0|||
01/01/2024|54|20100640000EB|53.75|54.3|thickness_flexible|7.0|||
01/01/2024|54|20100640000EB|54.3|54.37|thickness_flexible|7.0|||
01/01/2024|54|4830002000000|2.84|4.64|thickness_flexible|2.0|||
01/01/2024|54|32202190000NB|16.18|19.24|thickness_flexible|2.0|||
01/01/2024|54|32202190000NB|19.24|19.66|thickness_flexible|2.0|||
01/01/2024|54|32202190000NB|19.66|21.45|thickness_flexible|2.0|||
01/01/2024|54|32202190000NB|21.45|23.0|thickness_flexible|2.0|||
01/01/2024|54|32202190000NB|24.92|25.93|thickness_flexible|2.0|||
01/01/2024|54|32202190000NB|25.93|26.24|thickness_flexible|2.0|||
01/01/2024|54|32202190000NB|26.24|27.59|thickness_flexible|2.0|||
01/01/2024|54|32202190000NB|28.1|28.68|thickness_flexible|2.0|||
01/01/2024|54|3230012000000|0.78|5.93|thickness_flexible|1.0|||
01/01/2024|54|28200520000EB|0.0|0.1|thickness_flexible|9.0|||
01/01/2024|54|28200520000EB|0.1|0.2|thickness_flexible|9.0|||
01/01/2024|54|28200520000EB|0.2|0.3|thickness_flexible|9.0|||
01/01/2024|54|28200520000EB|0.3|0.4|thickness_flexible|9.0|||
01/01/2024|54|28200520000EB|0.4|0.5|thickness_flexible|9.0|||
01/01/2024|54|28200520000EB|0.5|0.58|thickness_flexible|9.0|||
01/01/2024|54|28200520000EB|4.12|4.2|thickness_flexible|9.0|||
01/01/2024|54|28200520000EB|4.2|4.3|thickness_flexible|9.0|||
01/01/2024|54|28200520000EB|4.3|4.4|thickness_flexible|9.0|||
01/01/2024|54|28200520000EB|4.4|4.5|thickness_flexible|9.0|||
01/01/2024|54|28200520000EB|4.5|4.6|thickness_flexible|9.0|||
01/01/2024|54|28200520000EB|4.6|4.7|thickness_flexible|9.0|||
01/01/2024|54|28200520000EB|4.7|4.8|thickness_flexible|9.0|||
01/01/2024|54|28200520000EB|4.8|4.9|thickness_flexible|9.0|||
01/01/2024|54|28200520000EB|4.9|5.0|thickness_flexible|9.0|||
01/01/2024|54|28200520000EB|5.0|5.1|thickness_flexible|9.0|||
01/01/2024|54|28200520000EB|5.1|5.2|thickness_flexible|9.0|||
01/01/2024|54|28200520000EB|6.96|7.0|thickness_flexible|9.0|||
01/01/2024|54|28200520000EB|7.0|7.1|thickness_flexible|9.0|||
01/01/2024|54|28200520000EB|7.1|7.2|thickness_flexible|9.0|||
01/01/2024|54|28200520000EB|7.2|7.3|thickness_flexible|9.0|||
01/01/2024|54|28200520000EB|7.3|7.4|thickness_flexible|9.0|||
01/01/2024|54|28200520000EB|7.4|7.5|thickness_flexible|9.0|||
01/01/2024|54|28200520000EB|7.5|7.6|thickness_flexible|9.0|||
01/01/2024|54|28200520000EB|7.6|7.7|thickness_flexible|9.0|||
01/01/2024|54|28200520000EB|7.7|7.76|thickness_flexible|9.0|||
01/01/2024|54|28200520000EB|12.97|13.0|thickness_flexible|9.0|||
01/01/2024|54|28200520000EB|13.0|13.1|thickness_flexible|9.0|||
01/01/2024|54|28200520000EB|13.1|13.2|thickness_flexible|9.0|||
01/01/2024|54|28200520000EB|13.2|13.3|thickness_flexible|9.0|||
01/01/2024|54|28200520000EB|13.3|13.39|thickness_flexible|9.0|||
01/01/2024|54|28200520000EB|13.44|13.5|thickness_flexible|9.0|||
01/01/2024|54|28200520000EB|13.5|13.6|thickness_flexible|9.0|||
01/01/2024|54|28200520000EB|13.6|13.67|thickness_flexible|9.0|||
01/01/2024|54|28200520000EB|14.91|15.0|thickness_flexible|9.0|||
01/01/2024|54|28200520000EB|15.0|15.1|thickness_flexible|9.0|||
01/01/2024|54|28200520000EB|15.1|15.2|thickness_flexible|9.0|||
01/01/2024|54|28200520000EB|15.2|15.3|thickness_flexible|9.0|||
01/01/2024|54|28200520000EB|15.3|15.37|thickness_flexible|9.0|||
01/01/2024|54|2030622000000|1.96|2.13|thickness_flexible|1.0|||
01/01/2024|54|4140025000000|3.7|5.9|thickness_flexible|9.0|||
01/01/2024|54|2440009000000|7.87|9.2|thickness_flexible|6.0|||
01/01/2024|54|04100790000NB|44.6|46.18|thickness_flexible|9.0|||
01/01/2024|54|04100790000NB|46.18|46.22|thickness_flexible|9.0|||
01/01/2024|54|04100790000NB|46.22|46.3|thickness_flexible|9.0|||
01/01/2024|54|04100790000NB|46.3|46.4|thickness_flexible|9.0|||
01/01/2024|54|04100790000NB|46.4|46.5|thickness_flexible|9.0|||
01/01/2024|54|04100790000NB|46.5|46.6|thickness_flexible|9.0|||
01/01/2024|54|04100790000NB|46.6|46.7|thickness_flexible|9.0|||
01/01/2024|54|04100790000NB|46.7|46.8|thickness_flexible|9.0|||
01/01/2024|54|04100790000NB|46.8|46.9|thickness_flexible|9.0|||
01/01/2024|54|04100790000NB|46.9|47.0|thickness_flexible|9.0|||
01/01/2024|54|04100790000NB|47.0|47.1|thickness_flexible|9.0|||
01/01/2024|54|04100790000NB|47.1|47.2|thickness_flexible|9.0|||
01/01/2024|54|04100790000NB|47.2|47.3|thickness_flexible|9.0|||
01/01/2024|54|04100790000NB|47.3|47.4|thickness_flexible|9.0|||
01/01/2024|54|04100790000NB|47.4|47.5|thickness_flexible|9.0|||
01/01/2024|54|04100790000NB|47.5|47.6|thickness_flexible|9.0|||
01/01/2024|54|04100790000NB|47.6|47.7|thickness_flexible|9.0|||
01/01/2024|54|04100790000NB|47.7|47.8|thickness_flexible|9.0|||
01/01/2024|54|04100790000NB|47.8|47.9|thickness_flexible|9.0|||
01/01/2024|54|04100790000NB|47.9|48.0|thickness_flexible|9.0|||
01/01/2024|54|04100790000NB|48.0|48.1|thickness_flexible|9.0|||
01/01/2024|54|04100790000NB|48.1|48.2|thickness_flexible|9.0|||
01/01/2024|54|04100790000NB|48.2|48.3|thickness_flexible|9.0|||
01/01/2024|54|04100790000NB|48.3|48.4|thickness_flexible|9.0|||
01/01/2024|54|04100790000NB|48.4|48.5|thickness_flexible|9.0|||
01/01/2024|54|04100790000NB|48.5|48.6|thickness_flexible|9.0|||
01/01/2024|54|04100790000NB|48.6|48.7|thickness_flexible|9.0|||
01/01/2024|54|04100790000NB|48.7|48.8|thickness_flexible|9.0|||
01/01/2024|54|04100790000NB|48.8|48.9|thickness_flexible|9.0|||
01/01/2024|54|04100790000NB|48.9|49.0|thickness_flexible|9.0|||
01/01/2024|54|04100790000NB|49.0|49.1|thickness_flexible|9.0|||
01/01/2024|54|04100790000NB|49.1|49.2|thickness_flexible|9.0|||
01/01/2024|54|04100790000NB|49.2|49.3|thickness_flexible|9.0|||
01/01/2024|54|04100790000NB|49.3|49.4|thickness_flexible|9.0|||
01/01/2024|54|04100790000NB|49.4|49.5|thickness_flexible|9.0|||
01/01/2024|54|04100790000NB|49.5|49.6|thickness_flexible|9.0|||
01/01/2024|54|04100790000NB|49.6|49.7|thickness_flexible|9.0|||
01/01/2024|54|04100790000NB|49.7|49.73|thickness_flexible|9.0|||
01/01/2024|54|04100790000NB|49.73|49.8|thickness_flexible|9.0|||
01/01/2024|54|04100790000NB|49.8|49.9|thickness_flexible|9.0|||
01/01/2024|54|04100790000NB|49.9|50.0|thickness_flexible|9.0|||
01/01/2024|54|04100790000NB|50.0|50.1|thickness_flexible|9.0|||
01/01/2024|54|04100790000NB|50.1|50.2|thickness_flexible|9.0|||
01/01/2024|54|04100790000NB|50.2|50.3|thickness_flexible|9.0|||
01/01/2024|54|04100790000NB|50.3|50.35|thickness_flexible|9.0|||
01/01/2024|54|04100790000NB|50.35|50.4|thickness_flexible|9.0|||
01/01/2024|54|04100790000NB|50.4|50.5|thickness_flexible|9.0|||
01/01/2024|54|04100790000NB|50.5|50.6|thickness_flexible|9.0|||
01/01/2024|54|04100790000NB|50.6|50.7|thickness_flexible|9.0|||
01/01/2024|54|04100790000NB|50.7|50.8|thickness_flexible|9.0|||
01/01/2024|54|04100790000NB|50.8|50.9|thickness_flexible|9.0|||
01/01/2024|54|04100790000NB|50.9|51.0|thickness_flexible|9.0|||
01/01/2024|54|04100790000NB|51.0|51.1|thickness_flexible|9.0|||
01/01/2024|54|04100790000NB|51.1|51.2|thickness_flexible|9.0|||
01/01/2024|54|04100790000NB|51.2|51.3|thickness_flexible|9.0|||
01/01/2024|54|04100790000NB|51.3|51.4|thickness_flexible|9.0|||
01/01/2024|54|04100790000NB|51.4|51.5|thickness_flexible|9.0|||
01/01/2024|54|04100790000NB|51.5|51.6|thickness_flexible|9.0|||
01/01/2024|54|04100790000NB|51.6|51.61|thickness_flexible|9.0|||
01/01/2024|54|04100790000NB|51.61|51.7|thickness_flexible|9.0|||
01/01/2024|54|04100790000NB|51.7|51.8|thickness_flexible|9.0|||
01/01/2024|54|04100790000NB|51.8|51.9|thickness_flexible|9.0|||
01/01/2024|54|04100790000NB|51.9|52.0|thickness_flexible|9.0|||
01/01/2024|54|04100790000NB|52.0|52.1|thickness_flexible|9.0|||
01/01/2024|54|04100790000NB|52.1|52.2|thickness_flexible|9.0|||
01/01/2024|54|04100790000NB|52.2|52.3|thickness_flexible|9.0|||
01/01/2024|54|04100790000NB|52.3|52.4|thickness_flexible|9.0|||
01/01/2024|54|04100790000NB|52.4|52.5|thickness_flexible|9.0|||
01/01/2024|54|04100790000NB|52.5|52.6|thickness_flexible|9.0|||
01/01/2024|54|04100790000NB|52.6|52.61|thickness_flexible|9.0|||
01/01/2024|54|04100790000NB|52.61|52.7|thickness_flexible|9.0|||
01/01/2024|54|04100790000NB|52.7|52.8|thickness_flexible|9.0|||
01/01/2024|54|04100790000NB|52.8|52.9|thickness_flexible|9.0|||
01/01/2024|54|04100790000NB|52.9|53.0|thickness_flexible|9.0|||
01/01/2024|54|04100790000NB|53.0|53.1|thickness_flexible|9.0|||
01/01/2024|54|04100790000NB|53.1|53.2|thickness_flexible|9.0|||
01/01/2024|54|04100790000NB|53.2|53.27|thickness_flexible|9.0|||
01/01/2024|54|04100790000NB|53.27|53.3|thickness_flexible|9.0|||
01/01/2024|54|04100790000NB|53.3|53.4|thickness_flexible|9.0|||
01/01/2024|54|04100790000NB|53.4|53.5|thickness_flexible|9.0|||
01/01/2024|54|04100790000NB|53.5|53.6|thickness_flexible|9.0|||
01/01/2024|54|04100790000NB|53.6|53.7|thickness_flexible|9.0|||
01/01/2024|54|04100790000NB|53.7|53.8|thickness_flexible|9.0|||
01/01/2024|54|04100790000NB|53.8|53.9|thickness_flexible|9.0|||
01/01/2024|54|04100790000NB|53.9|54.0|thickness_flexible|9.0|||
01/01/2024|54|04100790000NB|54.0|54.1|thickness_flexible|9.0|||
01/01/2024|54|04100790000NB|54.1|54.18|thickness_flexible|9.0|||
01/01/2024|54|04100790000NB|57.51|57.8|thickness_flexible|9.0|||
01/01/2024|54|04100790000NB|57.8|57.9|thickness_flexible|9.0|||
01/01/2024|54|04100790000NB|57.9|58.0|thickness_flexible|9.0|||
01/01/2024|54|04100790000NB|58.0|58.1|thickness_flexible|9.0|||
01/01/2024|54|04100790000NB|58.1|58.2|thickness_flexible|9.0|||
01/01/2024|54|04100790000NB|58.2|58.3|thickness_flexible|9.0|||
01/01/2024|54|04100790000NB|58.3|58.4|thickness_flexible|9.0|||
01/01/2024|54|04100790000NB|58.4|58.5|thickness_flexible|9.0|||
01/01/2024|54|04100790000NB|58.5|58.6|thickness_flexible|9.0|||
01/01/2024|54|04100790000NB|58.6|58.7|thickness_flexible|9.0|||
01/01/2024|54|04100790000NB|58.7|58.8|thickness_flexible|9.0|||
01/01/2024|54|04100790000NB|58.8|58.9|thickness_flexible|9.0|||
01/01/2024|54|04100790000NB|58.9|59.0|thickness_flexible|9.0|||
01/01/2024|54|04100790000NB|59.0|59.1|thickness_flexible|9.0|||
01/01/2024|54|04100790000NB|59.1|59.2|thickness_flexible|9.0|||
01/01/2024|54|04100790000NB|59.2|59.3|thickness_flexible|9.0|||
01/01/2024|54|04100790000NB|59.3|59.4|thickness_flexible|9.0|||
01/01/2024|54|04100790000NB|59.4|59.5|thickness_flexible|9.0|||
01/01/2024|54|04100790000NB|59.5|59.6|thickness_flexible|9.0|||
01/01/2024|54|04100790000NB|59.6|59.7|thickness_flexible|9.0|||
01/01/2024|54|04100790000NB|59.7|59.8|thickness_flexible|9.0|||
01/01/2024|54|04100790000NB|59.8|59.9|thickness_flexible|9.0|||
01/01/2024|54|04100790000NB|59.9|60.0|thickness_flexible|9.0|||
01/01/2024|54|04100790000NB|60.0|60.1|thickness_flexible|9.0|||
01/01/2024|54|04100790000NB|60.1|60.2|thickness_flexible|9.0|||
01/01/2024|54|04100790000NB|60.2|60.3|thickness_flexible|9.0|||
01/01/2024|54|04100790000NB|60.3|60.4|thickness_flexible|9.0|||
01/01/2024|54|04100790000NB|60.4|60.5|thickness_flexible|9.0|||
01/01/2024|54|04100790000NB|60.5|60.6|thickness_flexible|9.0|||
01/01/2024|54|04100790000NB|60.6|60.7|thickness_flexible|9.0|||
01/01/2024|54|04100790000NB|60.7|60.8|thickness_flexible|9.0|||
01/01/2024|54|04100790000NB|60.8|60.9|thickness_flexible|9.0|||
01/01/2024|54|04100790000NB|60.9|61.0|thickness_flexible|9.0|||
01/01/2024|54|04100790000NB|61.0|61.1|thickness_flexible|9.0|||
01/01/2024|54|04100790000NB|61.1|61.2|thickness_flexible|9.0|||
01/01/2024|54|04100790000NB|61.2|61.3|thickness_flexible|9.0|||
01/01/2024|54|04100790000NB|61.3|61.4|thickness_flexible|9.0|||
01/01/2024|54|04100790000NB|61.4|61.47|thickness_flexible|9.0|||
01/01/2024|54|04100790000NB|61.47|61.5|thickness_flexible|9.0|||
01/01/2024|54|04100790000NB|61.5|61.6|thickness_flexible|9.0|||
01/01/2024|54|04100790000NB|61.6|61.7|thickness_flexible|9.0|||
01/01/2024|54|04100790000NB|61.7|61.8|thickness_flexible|9.0|||
01/01/2024|54|04100790000NB|61.8|61.9|thickness_flexible|9.0|||
01/01/2024|54|04100790000NB|61.9|62.0|thickness_flexible|9.0|||
01/01/2024|54|04100790000NB|62.0|62.04|thickness_flexible|9.0|||
01/01/2024|54|04100790000NB|62.04|62.1|thickness_flexible|5.0|||
01/01/2024|54|04100790000NB|62.1|62.2|thickness_flexible|5.0|||
01/01/2024|54|04100790000NB|62.2|62.3|thickness_flexible|5.0|||
01/01/2024|54|04100790000NB|62.3|62.4|thickness_flexible|5.0|||
01/01/2024|54|04100790000NB|62.4|62.5|thickness_flexible|5.0|||
01/01/2024|54|04100790000NB|62.5|62.6|thickness_flexible|5.0|||
01/01/2024|54|04100790000NB|62.6|62.7|thickness_flexible|5.0|||
01/01/2024|54|04100790000NB|62.7|62.8|thickness_flexible|5.0|||
01/01/2024|54|04100790000NB|62.8|62.9|thickness_flexible|5.0|||
01/01/2024|54|04100790000NB|62.9|63.0|thickness_flexible|5.0|||
01/01/2024|54|04100790000NB|63.0|63.1|thickness_flexible|5.0|||
01/01/2024|54|04100790000NB|63.1|63.2|thickness_flexible|5.0|||
01/01/2024|54|04100790000NB|63.2|63.3|thickness_flexible|5.0|||
01/01/2024|54|04100790000NB|63.3|63.4|thickness_flexible|5.0|||
01/01/2024|54|04100790000NB|63.4|63.46|thickness_flexible|5.0|||
01/01/2024|54|04100790000NB|63.46|63.5|thickness_flexible|5.0|||
01/01/2024|54|04100790000NB|63.5|63.6|thickness_flexible|5.0|||
01/01/2024|54|04100790000NB|63.6|63.7|thickness_flexible|5.0|||
01/01/2024|54|04100790000NB|63.7|63.8|thickness_flexible|5.0|||
01/01/2024|54|04100790000NB|63.8|63.9|thickness_flexible|5.0|||
01/01/2024|54|04100790000NB|63.9|64.0|thickness_flexible|5.0|||
01/01/2024|54|04100790000NB|64.0|64.1|thickness_flexible|5.0|||
01/01/2024|54|04100790000NB|64.1|64.2|thickness_flexible|5.0|||
01/01/2024|54|04100790000NB|64.2|64.3|thickness_flexible|5.0|||
01/01/2024|54|04100790000NB|64.3|64.4|thickness_flexible|5.0|||
01/01/2024|54|04100790000NB|64.4|64.5|thickness_flexible|5.0|||
01/01/2024|54|04100790000NB|64.5|64.6|thickness_flexible|5.0|||
01/01/2024|54|04100790000NB|64.6|64.7|thickness_flexible|5.0|||
01/01/2024|54|04100790000NB|64.7|64.8|thickness_flexible|5.0|||
01/01/2024|54|04100790000NB|64.8|64.83|thickness_flexible|5.0|||
01/01/2024|54|04100790000NB|64.83|64.9|thickness_flexible|5.0|||
01/01/2024|54|04100790000NB|64.9|65.0|thickness_flexible|5.0|||
01/01/2024|54|04100790000NB|65.0|65.1|thickness_flexible|5.0|||
01/01/2024|54|04100790000NB|65.1|65.2|thickness_flexible|5.0|||
01/01/2024|54|04100790000NB|65.2|65.3|thickness_flexible|5.0|||
01/01/2024|54|04100790000NB|65.3|65.4|thickness_flexible|5.0|||
01/01/2024|54|04100790000NB|65.4|65.5|thickness_flexible|5.0|||
01/01/2024|54|04100790000NB|65.5|65.6|thickness_flexible|5.0|||
01/01/2024|54|04100790000NB|65.6|65.7|thickness_flexible|5.0|||
01/01/2024|54|04100790000NB|65.7|65.8|thickness_flexible|5.0|||
01/01/2024|54|04100790000NB|65.8|65.9|thickness_flexible|5.0|||
01/01/2024|54|04100790000NB|65.9|66.0|thickness_flexible|5.0|||
01/01/2024|54|04100790000NB|66.0|66.1|thickness_flexible|5.0|||
01/01/2024|54|04100790000NB|66.1|66.2|thickness_flexible|5.0|||
01/01/2024|54|04100790000NB|66.2|66.3|thickness_flexible|5.0|||
01/01/2024|54|04100790000NB|66.3|66.4|thickness_flexible|5.0|||
01/01/2024|54|04100790000NB|66.4|66.5|thickness_flexible|5.0|||
01/01/2024|54|04100790000NB|66.5|66.6|thickness_flexible|5.0|||
01/01/2024|54|04100790000NB|66.6|66.7|thickness_flexible|5.0|||
01/01/2024|54|04100790000NB|66.7|66.8|thickness_flexible|5.0|||
01/01/2024|54|04100790000NB|66.8|66.9|thickness_flexible|5.0|||
01/01/2024|54|04100790000NB|66.9|67.0|thickness_flexible|5.0|||
01/01/2024|54|04100790000NB|67.0|67.1|thickness_flexible|5.0|||
01/01/2024|54|04100790000NB|67.1|67.2|thickness_flexible|5.0|||
01/01/2024|54|04100790000NB|67.2|67.3|thickness_flexible|5.0|||
01/01/2024|54|04100790000NB|67.3|67.4|thickness_flexible|5.0|||
01/01/2024|54|04100790000NB|67.4|67.5|thickness_flexible|5.0|||
01/01/2024|54|04100790000NB|67.5|67.52|thickness_flexible|5.0|||
01/01/2024|54|04100790000NB|67.52|67.6|thickness_flexible|9.0|||
01/01/2024|54|04100790000NB|67.6|67.7|thickness_flexible|9.0|||
01/01/2024|54|04100790000NB|67.7|67.8|thickness_flexible|9.0|||
01/01/2024|54|04100790000NB|67.8|67.9|thickness_flexible|9.0|||
01/01/2024|54|04100790000NB|67.9|68.0|thickness_flexible|9.0|||
01/01/2024|54|04100790000NB|68.0|68.1|thickness_flexible|9.0|||
01/01/2024|54|04100790000NB|68.1|68.2|thickness_flexible|9.0|||
01/01/2024|54|04100790000NB|68.2|68.3|thickness_flexible|9.0|||
01/01/2024|54|04100790000NB|68.3|68.4|thickness_flexible|9.0|||
01/01/2024|54|04100790000NB|68.4|68.5|thickness_flexible|9.0|||
01/01/2024|54|04100790000NB|68.5|68.6|thickness_flexible|9.0|||
01/01/2024|54|04100790000NB|68.6|68.7|thickness_flexible|9.0|||
01/01/2024|54|04100790000NB|68.7|68.8|thickness_flexible|9.0|||
01/01/2024|54|04100790000NB|68.8|68.9|thickness_flexible|9.0|||
01/01/2024|54|04100790000NB|68.9|69.0|thickness_flexible|9.0|||
01/01/2024|54|04100790000NB|69.0|69.1|thickness_flexible|9.0|||
01/01/2024|54|04100790000NB|69.1|69.2|thickness_flexible|9.0|||
01/01/2024|54|04100790000NB|69.2|69.3|thickness_flexible|9.0|||
01/01/2024|54|04100790000NB|69.3|69.32|thickness_flexible|9.0|||
01/01/2024|54|04100790000NB|69.32|69.4|thickness_flexible|9.0|||
01/01/2024|54|04100790000NB|69.4|69.5|thickness_flexible|9.0|||
01/01/2024|54|04100790000NB|69.5|69.6|thickness_flexible|9.0|||
01/01/2024|54|04100790000NB|69.6|69.7|thickness_flexible|9.0|||
01/01/2024|54|04100790000NB|69.7|69.8|thickness_flexible|9.0|||
01/01/2024|54|04100790000NB|69.8|69.9|thickness_flexible|9.0|||
01/01/2024|54|04100790000NB|69.9|70.0|thickness_flexible|9.0|||
01/01/2024|54|04100790000NB|70.0|70.1|thickness_flexible|9.0|||
01/01/2024|54|04100790000NB|70.1|70.2|thickness_flexible|9.0|||
01/01/2024|54|04100790000NB|70.2|70.3|thickness_flexible|9.0|||
01/01/2024|54|04100790000NB|70.3|70.4|thickness_flexible|9.0|||
01/01/2024|54|04100790000NB|70.4|70.5|thickness_flexible|9.0|||
01/01/2024|54|04100790000NB|70.5|70.6|thickness_flexible|9.0|||
01/01/2024|54|04100790000NB|70.6|70.7|thickness_flexible|9.0|||
01/01/2024|54|04100790000NB|70.7|70.8|thickness_flexible|9.0|||
01/01/2024|54|04100790000NB|70.8|70.83|thickness_flexible|9.0|||
01/01/2024|54|04100790000NB|70.83|70.9|thickness_flexible|5.0|||
01/01/2024|54|04100790000NB|70.9|71.0|thickness_flexible|5.0|||
01/01/2024|54|04100790000NB|71.0|71.1|thickness_flexible|5.0|||
01/01/2024|54|04100790000NB|71.1|71.2|thickness_flexible|5.0|||
01/01/2024|54|04100790000NB|71.2|71.3|thickness_flexible|5.0|||
01/01/2024|54|04100790000NB|71.3|71.4|thickness_flexible|5.0|||
01/01/2024|54|04100790000NB|71.4|71.5|thickness_flexible|5.0|||
01/01/2024|54|04100790000NB|71.5|71.6|thickness_flexible|5.0|||
01/01/2024|54|04100790000NB|71.6|71.7|thickness_flexible|5.0|||
01/01/2024|54|04100790000NB|71.7|71.8|thickness_flexible|5.0|||
01/01/2024|54|04100790000NB|71.8|71.9|thickness_flexible|5.0|||
01/01/2024|54|04100790000NB|71.9|72.0|thickness_flexible|5.0|||
01/01/2024|54|04100790000NB|72.0|72.1|thickness_flexible|5.0|||
01/01/2024|54|04100790000NB|72.1|72.2|thickness_flexible|5.0|||
01/01/2024|54|04100790000NB|72.2|72.3|thickness_flexible|5.0|||
01/01/2024|54|04100790000NB|72.3|72.4|thickness_flexible|5.0|||
01/01/2024|54|04100790000NB|72.4|72.5|thickness_flexible|5.0|||
01/01/2024|54|04100790000NB|72.5|72.6|thickness_flexible|5.0|||
01/01/2024|54|04100790000NB|72.6|72.7|thickness_flexible|5.0|||
01/01/2024|54|04100790000NB|72.7|72.8|thickness_flexible|5.0|||
01/01/2024|54|04100790000NB|72.8|72.9|thickness_flexible|5.0|||
01/01/2024|54|04100790000NB|72.9|73.0|thickness_flexible|5.0|||
01/01/2024|54|04100790000NB|73.0|73.1|thickness_flexible|5.0|||
01/01/2024|54|04100790000NB|73.1|73.2|thickness_flexible|5.0|||
01/01/2024|54|04100790000NB|73.2|73.3|thickness_flexible|5.0|||
01/01/2024|54|04100790000NB|73.3|73.4|thickness_flexible|5.0|||
01/01/2024|54|04100790000NB|73.4|73.5|thickness_flexible|5.0|||
01/01/2024|54|04100790000NB|73.5|73.6|thickness_flexible|5.0|||
01/01/2024|54|04100790000NB|73.6|73.7|thickness_flexible|5.0|||
01/01/2024|54|04100790000NB|73.7|73.8|thickness_flexible|5.0|||
01/01/2024|54|04100790000NB|73.8|73.9|thickness_flexible|5.0|||
01/01/2024|54|04100790000NB|73.9|74.0|thickness_flexible|5.0|||
01/01/2024|54|04100790000NB|74.0|74.1|thickness_flexible|5.0|||
01/01/2024|54|04100790000NB|74.1|74.2|thickness_flexible|5.0|||
01/01/2024|54|04100790000NB|74.2|74.3|thickness_flexible|5.0|||
01/01/2024|54|04100790000NB|74.3|74.4|thickness_flexible|5.0|||
01/01/2024|54|04100790000NB|74.4|74.5|thickness_flexible|5.0|||
01/01/2024|54|04100790000NB|74.5|74.6|thickness_flexible|5.0|||
01/01/2024|54|04100790000NB|74.6|74.7|thickness_flexible|5.0|||
01/01/2024|54|04100790000NB|74.7|74.8|thickness_flexible|5.0|||
01/01/2024|54|04100790000NB|74.8|74.9|thickness_flexible|5.0|||
01/01/2024|54|04100790000NB|74.9|75.0|thickness_flexible|5.0|||
01/01/2024|54|04100790000NB|75.0|75.1|thickness_flexible|5.0|||
01/01/2024|54|04100790000NB|75.1|75.2|thickness_flexible|5.0|||
01/01/2024|54|04100790000NB|75.2|75.3|thickness_flexible|5.0|||
01/01/2024|54|04100790000NB|75.3|75.4|thickness_flexible|5.0|||
01/01/2024|54|04100790000NB|75.4|75.5|thickness_flexible|5.0|||
01/01/2024|54|04100790000NB|75.5|75.6|thickness_flexible|5.0|||
01/01/2024|54|04100790000NB|75.6|75.7|thickness_flexible|5.0|||
01/01/2024|54|04100790000NB|75.7|75.8|thickness_flexible|5.0|||
01/01/2024|54|04100790000NB|75.8|75.9|thickness_flexible|5.0|||
01/01/2024|54|04100790000NB|75.9|76.0|thickness_flexible|5.0|||
01/01/2024|54|04100790000NB|76.0|76.1|thickness_flexible|5.0|||
01/01/2024|54|04100790000NB|76.1|76.2|thickness_flexible|5.0|||
01/01/2024|54|04100790000NB|76.2|76.3|thickness_flexible|5.0|||
01/01/2024|54|04100790000NB|76.3|76.4|thickness_flexible|5.0|||
01/01/2024|54|04100790000NB|76.4|76.5|thickness_flexible|5.0|||
01/01/2024|54|04100790000NB|76.5|76.6|thickness_flexible|5.0|||
01/01/2024|54|04100790000NB|76.6|76.7|thickness_flexible|5.0|||
01/01/2024|54|04100790000NB|76.7|76.8|thickness_flexible|5.0|||
01/01/2024|54|04100790000NB|76.8|76.9|thickness_flexible|5.0|||
01/01/2024|54|04100790000NB|76.9|77.0|thickness_flexible|5.0|||
01/01/2024|54|04100790000NB|77.0|77.1|thickness_flexible|5.0|||
01/01/2024|54|04100790000NB|77.1|77.2|thickness_flexible|5.0|||
01/01/2024|54|04100790000NB|77.2|77.3|thickness_flexible|5.0|||
01/01/2024|54|04100790000NB|77.3|77.4|thickness_flexible|5.0|||
01/01/2024|54|04100790000NB|77.4|77.5|thickness_flexible|5.0|||
01/01/2024|54|04100790000NB|77.5|77.6|thickness_flexible|5.0|||
01/01/2024|54|04100790000NB|77.6|77.7|thickness_flexible|5.0|||
01/01/2024|54|04100790000NB|77.7|77.8|thickness_flexible|5.0|||
01/01/2024|54|04100790000NB|77.8|77.9|thickness_flexible|5.0|||
01/01/2024|54|04100790000NB|77.9|78.0|thickness_flexible|5.0|||
01/01/2024|54|04100790000NB|78.0|78.1|thickness_flexible|5.0|||
01/01/2024|54|04100790000NB|78.1|78.2|thickness_flexible|5.0|||
01/01/2024|54|04100790000NB|78.2|78.3|thickness_flexible|5.0|||
01/01/2024|54|04100790000NB|78.3|78.4|thickness_flexible|5.0|||
01/01/2024|54|04100790000NB|78.4|78.41|thickness_flexible|5.0|||
01/01/2024|54|04100790000NB|78.41|78.5|thickness_flexible|5.0|||
01/01/2024|54|04100790000NB|78.5|78.6|thickness_flexible|5.0|||
01/01/2024|54|04100790000NB|78.6|78.7|thickness_flexible|5.0|||
01/01/2024|54|04100790000NB|78.7|78.8|thickness_flexible|5.0|||
01/01/2024|54|04100790000NB|78.8|78.9|thickness_flexible|5.0|||
01/01/2024|54|04100790000NB|78.9|79.0|thickness_flexible|5.0|||
01/01/2024|54|04100790000NB|79.0|79.08|thickness_flexible|5.0|||
01/01/2024|54|04100790000NB|79.08|79.1|thickness_flexible|5.0|||
01/01/2024|54|04100790000NB|79.1|79.2|thickness_flexible|5.0|||
01/01/2024|54|04100790000NB|79.2|79.3|thickness_flexible|5.0|||
01/01/2024|54|04100790000NB|79.3|79.4|thickness_flexible|5.0|||
01/01/2024|54|04100790000NB|79.4|79.5|thickness_flexible|5.0|||
01/01/2024|54|04100790000NB|79.5|79.6|thickness_flexible|5.0|||
01/01/2024|54|04100790000NB|79.6|79.7|thickness_flexible|5.0|||
01/01/2024|54|04100790000NB|79.7|79.8|thickness_flexible|5.0|||
01/01/2024|54|04100790000NB|79.8|79.9|thickness_flexible|5.0|||
01/01/2024|54|04100790000NB|79.9|80.0|thickness_flexible|5.0|||
01/01/2024|54|04100790000NB|80.0|80.1|thickness_flexible|5.0|||
01/01/2024|54|04100790000NB|80.1|80.2|thickness_flexible|5.0|||
01/01/2024|54|04100790000NB|80.2|80.3|thickness_flexible|5.0|||
01/01/2024|54|04100790000NB|80.3|80.4|thickness_flexible|5.0|||
01/01/2024|54|04100790000NB|80.4|80.5|thickness_flexible|5.0|||
01/01/2024|54|04100790000NB|80.5|80.6|thickness_flexible|5.0|||
01/01/2024|54|04100790000NB|80.6|80.7|thickness_flexible|5.0|||
01/01/2024|54|04100790000NB|80.7|80.8|thickness_flexible|5.0|||
01/01/2024|54|04100790000NB|80.8|80.9|thickness_flexible|5.0|||
01/01/2024|54|04100790000NB|80.9|81.0|thickness_flexible|5.0|||
01/01/2024|54|04100790000NB|81.0|81.1|thickness_flexible|5.0|||
01/01/2024|54|04100790000NB|81.1|81.2|thickness_flexible|5.0|||
01/01/2024|54|04100790000NB|81.2|81.3|thickness_flexible|5.0|||
01/01/2024|54|04100790000NB|81.3|81.4|thickness_flexible|5.0|||
01/01/2024|54|04100790000NB|81.4|81.5|thickness_flexible|5.0|||
01/01/2024|54|04100790000NB|81.5|81.6|thickness_flexible|5.0|||
01/01/2024|54|04100790000NB|81.6|81.7|thickness_flexible|5.0|||
01/01/2024|54|04100790000NB|81.7|81.8|thickness_flexible|5.0|||
01/01/2024|54|04100790000NB|81.8|81.9|thickness_flexible|5.0|||
01/01/2024|54|04100790000NB|81.9|82.0|thickness_flexible|5.0|||
01/01/2024|54|04100790000NB|82.0|82.1|thickness_flexible|5.0|||
01/01/2024|54|04100790000NB|82.1|82.2|thickness_flexible|5.0|||
01/01/2024|54|04100790000NB|82.2|82.3|thickness_flexible|5.0|||
01/01/2024|54|04100790000NB|82.3|82.4|thickness_flexible|5.0|||
01/01/2024|54|04100790000NB|82.4|82.5|thickness_flexible|5.0|||
01/01/2024|54|04100790000NB|82.5|82.6|thickness_flexible|5.0|||
01/01/2024|54|04100790000NB|82.6|82.7|thickness_flexible|5.0|||
01/01/2024|54|04100790000NB|82.7|82.8|thickness_flexible|5.0|||
01/01/2024|54|04100790000NB|82.8|82.9|thickness_flexible|5.0|||
01/01/2024|54|04100790000NB|82.9|83.0|thickness_flexible|5.0|||
01/01/2024|54|04100790000NB|83.0|83.1|thickness_flexible|5.0|||
01/01/2024|54|04100790000NB|83.1|83.15|thickness_flexible|5.0|||
01/01/2024|54|3140857000000|0.5|0.6|thickness_flexible|9.0|||
01/01/2024|54|3140857000000|0.6|0.7|thickness_flexible|9.0|||
01/01/2024|54|3140857000000|0.7|0.8|thickness_flexible|9.0|||
01/01/2024|54|3140857000000|0.8|0.9|thickness_flexible|9.0|||
01/01/2024|54|3140857000000|0.9|1.0|thickness_flexible|9.0|||
01/01/2024|54|3140857000000|1.0|1.1|thickness_flexible|9.0|||
01/01/2024|54|3140857000000|1.1|1.2|thickness_flexible|9.0|||
01/01/2024|54|3140857000000|1.2|1.3|thickness_flexible|9.0|||
01/01/2024|54|3140857000000|1.3|1.4|thickness_flexible|9.0|||
01/01/2024|54|3140857000000|1.4|1.41|thickness_flexible|9.0|||
01/01/2024|54|3140857000000|5.11|5.2|thickness_flexible|9.0|||
01/01/2024|54|3140857000000|5.2|5.3|thickness_flexible|9.0|||
01/01/2024|54|3140857000000|5.3|5.4|thickness_flexible|9.0|||
01/01/2024|54|3140857000000|5.4|5.5|thickness_flexible|9.0|||
01/01/2024|54|3140857000000|5.5|5.59|thickness_flexible|9.0|||
01/01/2024|54|3140857000000|10.85|10.9|thickness_flexible|9.0|||
01/01/2024|54|3140857000000|10.9|11.0|thickness_flexible|9.0|||
01/01/2024|54|3140857000000|11.0|11.1|thickness_flexible|9.0|||
01/01/2024|54|3140857000000|11.1|11.2|thickness_flexible|9.0|||
01/01/2024|54|3140857000000|11.2|11.3|thickness_flexible|9.0|||
01/01/2024|54|3140857000000|11.3|11.35|thickness_flexible|9.0|||
01/01/2024|54|0630152000000|0.76|0.99|thickness_flexible|1.0|||
01/01/2024|54|2840025000000|0.0|0.57|thickness_flexible|6.0|||
01/01/2024|54|2840025000000|0.57|1.53|thickness_flexible|6.0|||
01/01/2024|54|3140060020000|0.0|0.1|thickness_flexible|9.0|||
01/01/2024|54|3140060020000|0.1|0.126|thickness_flexible|9.0|||
01/01/2024|54|3140060020000|0.126|0.2|thickness_flexible|9.0|||
01/01/2024|54|3140060020000|0.2|0.26|thickness_flexible|9.0|||
01/01/2024|54|4040046000000|0.0|2.29|thickness_flexible|9.0|||
01/01/2024|54|4040046000000|2.55|3.42|thickness_flexible|9.0|||
01/01/2024|54|5530097000000|21.56|22.26|thickness_flexible|9.0|||
01/01/2024|54|5530097000000|22.83|22.9|thickness_flexible|9.0|||
01/01/2024|54|5530097000000|22.9|23.0|thickness_flexible|9.0|||
01/01/2024|54|5530097000000|23.0|23.1|thickness_flexible|9.0|||
01/01/2024|54|5530097000000|23.1|23.2|thickness_flexible|9.0|||
01/01/2024|54|5530097000000|28.09|28.1|thickness_flexible|9.0|||
01/01/2024|54|5530097000000|28.1|28.2|thickness_flexible|9.0|||
01/01/2024|54|5530097000000|28.2|28.3|thickness_flexible|9.0|||
01/01/2024|54|5530097000000|28.3|28.4|thickness_flexible|9.0|||
01/01/2024|54|5530097000000|28.4|28.5|thickness_flexible|9.0|||
01/01/2024|54|5530097000000|28.5|28.6|thickness_flexible|9.0|||
01/01/2024|54|5530097000000|28.6|28.7|thickness_flexible|9.0|||
01/01/2024|54|5530097000000|28.7|28.8|thickness_flexible|9.0|||
01/01/2024|54|5530097000000|28.8|28.9|thickness_flexible|9.0|||
01/01/2024|54|5530097000000|28.9|29.0|thickness_flexible|9.0|||
01/01/2024|54|5530097000000|29.0|29.1|thickness_flexible|9.0|||
01/01/2024|54|5530097000000|29.1|29.2|thickness_flexible|9.0|||
01/01/2024|54|5530097000000|29.2|29.3|thickness_flexible|9.0|||
01/01/2024|54|5530097000000|29.3|29.4|thickness_flexible|9.0|||
01/01/2024|54|5530097000000|29.4|29.5|thickness_flexible|9.0|||
01/01/2024|54|5530097000000|29.5|29.6|thickness_flexible|9.0|||
01/01/2024|54|5530097000000|29.6|29.7|thickness_flexible|9.0|||
01/01/2024|54|5530097000000|29.7|29.8|thickness_flexible|9.0|||
01/01/2024|54|5530097000000|29.8|29.9|thickness_flexible|9.0|||
01/01/2024|54|5530097000000|29.9|30.0|thickness_flexible|9.0|||
01/01/2024|54|5530097000000|30.0|30.1|thickness_flexible|9.0|||
01/01/2024|54|5530097000000|30.1|30.2|thickness_flexible|9.0|||
01/01/2024|54|5530097000000|30.2|30.3|thickness_flexible|9.0|||
01/01/2024|54|5530097000000|30.3|30.4|thickness_flexible|9.0|||
01/01/2024|54|5530097000000|30.4|30.5|thickness_flexible|9.0|||
01/01/2024|54|5530097000000|30.5|30.6|thickness_flexible|9.0|||
01/01/2024|54|5530097000000|30.6|30.7|thickness_flexible|9.0|||
01/01/2024|54|5530097000000|30.7|30.8|thickness_flexible|9.0|||
01/01/2024|54|5530097000000|30.8|30.9|thickness_flexible|9.0|||
01/01/2024|54|5530097000000|30.9|31.0|thickness_flexible|9.0|||
01/01/2024|54|5530097000000|31.0|31.1|thickness_flexible|9.0|||
01/01/2024|54|5530097000000|31.1|31.2|thickness_flexible|9.0|||
01/01/2024|54|5530097000000|31.2|31.3|thickness_flexible|9.0|||
01/01/2024|54|5530097000000|31.3|31.4|thickness_flexible|9.0|||
01/01/2024|54|5530097000000|31.4|31.5|thickness_flexible|9.0|||
01/01/2024|54|5530097000000|31.5|31.6|thickness_flexible|9.0|||
01/01/2024|54|5530097000000|31.6|31.7|thickness_flexible|9.0|||
01/01/2024|54|5530097000000|31.7|31.8|thickness_flexible|9.0|||
01/01/2024|54|5530097000000|31.8|31.9|thickness_flexible|9.0|||
01/01/2024|54|5530097000000|31.9|32.0|thickness_flexible|9.0|||
01/01/2024|54|5530097000000|32.0|32.1|thickness_flexible|9.0|||
01/01/2024|54|5530097000000|32.1|32.2|thickness_flexible|9.0|||
01/01/2024|54|5530097000000|32.2|32.3|thickness_flexible|9.0|||
01/01/2024|54|5530097000000|32.3|32.4|thickness_flexible|9.0|||
01/01/2024|54|5530097000000|32.4|32.5|thickness_flexible|9.0|||
01/01/2024|54|5530097000000|32.5|32.512|thickness_flexible|9.0|||
01/01/2024|54|5530097000000|32.512|32.6|thickness_flexible|9.0|||
01/01/2024|54|5530097000000|32.6|32.7|thickness_flexible|9.0|||
01/01/2024|54|5530097000000|32.7|32.8|thickness_flexible|9.0|||
01/01/2024|54|5530097000000|32.8|32.88|thickness_flexible|9.0|||
01/01/2024|54|27200350000NB|8.53|8.7|thickness_flexible|13.0|||
01/01/2024|54|27200350000NB|16.41|16.6|thickness_flexible|13.0|||
01/01/2024|54|27200350000NB|16.64|17.28|thickness_flexible|13.0|||
01/01/2024|54|27200350000NB|17.413|17.5|thickness_flexible|13.0|||
01/01/2024|54|27200350000NB|17.85|17.98|thickness_flexible|13.0|||
01/01/2024|54|27200350000NB|17.98|18.097|thickness_flexible|13.0|||
01/01/2024|54|4140016160000|0.0|0.42|thickness_flexible|6.0|||
01/01/2024|54|2930093000000|0.0|0.069|thickness_flexible|6.0|||
01/01/2024|54|2930093000000|0.069|0.1|thickness_flexible|6.0|||
01/01/2024|54|2930093000000|0.1|0.2|thickness_flexible|6.0|||
01/01/2024|54|2930093000000|0.2|0.3|thickness_flexible|6.0|||
01/01/2024|54|2930093000000|0.3|0.4|thickness_flexible|6.0|||
01/01/2024|54|2930093000000|0.4|0.5|thickness_flexible|6.0|||
01/01/2024|54|2930093000000|0.5|0.6|thickness_flexible|6.0|||
01/01/2024|54|2930093000000|0.6|0.7|thickness_flexible|6.0|||
01/01/2024|54|2930093000000|0.7|0.8|thickness_flexible|6.0|||
01/01/2024|54|2930093000000|0.8|0.9|thickness_flexible|6.0|||
01/01/2024|54|2930093000000|0.9|1.0|thickness_flexible|6.0|||
01/01/2024|54|2930093000000|1.0|1.1|thickness_flexible|6.0|||
01/01/2024|54|2930093000000|1.1|1.2|thickness_flexible|6.0|||
01/01/2024|54|2930093000000|1.2|1.3|thickness_flexible|6.0|||
01/01/2024|54|2930093000000|1.3|1.4|thickness_flexible|6.0|||
01/01/2024|54|2930093000000|1.4|1.5|thickness_flexible|6.0|||
01/01/2024|54|2930093000000|1.5|1.6|thickness_flexible|6.0|||
01/01/2024|54|2930093000000|1.6|1.7|thickness_flexible|6.0|||
01/01/2024|54|2930093000000|1.7|1.8|thickness_flexible|6.0|||
01/01/2024|54|2930093000000|1.8|1.9|thickness_flexible|6.0|||
01/01/2024|54|2930093000000|1.9|2.0|thickness_flexible|6.0|||
01/01/2024|54|2930093000000|2.0|2.1|thickness_flexible|6.0|||
01/01/2024|54|2930093000000|2.1|2.2|thickness_flexible|6.0|||
01/01/2024|54|2930093000000|2.2|2.3|thickness_flexible|6.0|||
01/01/2024|54|2930093000000|2.3|2.4|thickness_flexible|6.0|||
01/01/2024|54|2930093000000|2.4|2.5|thickness_flexible|6.0|||
01/01/2024|54|2930093000000|2.5|2.6|thickness_flexible|6.0|||
01/01/2024|54|2930093000000|2.6|2.7|thickness_flexible|6.0|||
01/01/2024|54|2930093000000|2.7|2.8|thickness_flexible|6.0|||
01/01/2024|54|2930093000000|2.8|2.9|thickness_flexible|6.0|||
01/01/2024|54|2930093000000|2.9|3.0|thickness_flexible|6.0|||
01/01/2024|54|2930093000000|3.0|3.1|thickness_flexible|6.0|||
01/01/2024|54|2930093000000|3.1|3.2|thickness_flexible|6.0|||
01/01/2024|54|2930093000000|3.2|3.3|thickness_flexible|6.0|||
01/01/2024|54|2930093000000|3.3|3.4|thickness_flexible|6.0|||
01/01/2024|54|2930093000000|3.4|3.42|thickness_flexible|6.0|||
01/01/2024|54|0673272001900|0.35|0.754|thickness_flexible|1.0|||
01/01/2024|54|0673272001900|0.754|0.87|thickness_flexible|1.0|||
01/01/2024|54|0673272001900|0.87|1.04|thickness_flexible|1.0|||
01/01/2024|54|0673272001900|1.08|1.28|thickness_flexible|1.0|||
01/01/2024|54|0673272001900|1.28|1.44|thickness_flexible|1.0|||
01/01/2024|54|3140067010000|0.0|0.1|thickness_flexible|9.0|||
01/01/2024|54|3140067010000|0.1|0.2|thickness_flexible|9.0|||
01/01/2024|54|3140067010000|0.2|0.3|thickness_flexible|9.0|||
01/01/2024|54|3140067010000|0.3|0.4|thickness_flexible|9.0|||
01/01/2024|54|3140067010000|0.4|0.5|thickness_flexible|9.0|||
01/01/2024|54|3140067010000|0.5|0.6|thickness_flexible|9.0|||
01/01/2024|54|3140067010000|0.6|0.65|thickness_flexible|9.0|||
01/01/2024|54|4940151000000|0.0|0.24|thickness_flexible|9.0|||
01/01/2024|54|4940151000000|0.34|0.64|thickness_flexible|9.0|||
01/01/2024|54|4940151000000|1.13|1.6|thickness_flexible|9.0|||
01/01/2024|54|2830598000000|0.0|0.1|thickness_flexible|9.0|||
01/01/2024|54|2830598000000|0.1|0.2|thickness_flexible|9.0|||
01/01/2024|54|2830598000000|0.2|0.3|thickness_flexible|9.0|||
01/01/2024|54|2830598000000|0.3|0.4|thickness_flexible|9.0|||
01/01/2024|54|2830598000000|0.4|0.5|thickness_flexible|9.0|||
01/01/2024|54|2830598000000|0.5|0.6|thickness_flexible|9.0|||
01/01/2024|54|2830598000000|0.6|0.7|thickness_flexible|9.0|||
01/01/2024|54|2830598000000|0.7|0.8|thickness_flexible|9.0|||
01/01/2024|54|2830598000000|0.8|0.9|thickness_flexible|9.0|||
01/01/2024|54|2830598000000|0.9|1.0|thickness_flexible|9.0|||
01/01/2024|54|2830598000000|1.0|1.1|thickness_flexible|9.0|||
01/01/2024|54|2830598000000|1.1|1.2|thickness_flexible|9.0|||
01/01/2024|54|2830598000000|1.2|1.3|thickness_flexible|9.0|||
01/01/2024|54|2830598000000|1.3|1.4|thickness_flexible|9.0|||
01/01/2024|54|2830598000000|1.4|1.5|thickness_flexible|9.0|||
01/01/2024|54|2830598000000|1.5|1.6|thickness_flexible|9.0|||
01/01/2024|54|2830598000000|1.6|1.7|thickness_flexible|9.0|||
01/01/2024|54|2830598000000|1.7|1.8|thickness_flexible|9.0|||
01/01/2024|54|2830598000000|1.8|1.9|thickness_flexible|9.0|||
01/01/2024|54|2830598000000|1.9|2.0|thickness_flexible|9.0|||
01/01/2024|54|2830598000000|2.0|2.1|thickness_flexible|9.0|||
01/01/2024|54|2830598000000|2.1|2.13|thickness_flexible|9.0|||
01/01/2024|54|2830598000000|2.4|2.5|thickness_flexible|9.0|||
01/01/2024|54|2830598000000|2.5|2.59|thickness_flexible|9.0|||
01/01/2024|54|2830598000000|2.59|2.6|thickness_flexible|9.0|||
01/01/2024|54|2830598000000|2.6|2.7|thickness_flexible|9.0|||
01/01/2024|54|2830598000000|2.7|2.8|thickness_flexible|9.0|||
01/01/2024|54|2830598000000|2.8|2.9|thickness_flexible|9.0|||
01/01/2024|54|2830598000000|2.9|2.98|thickness_flexible|9.0|||
01/01/2024|54|0540002010000|0.0|0.13|thickness_flexible|9.0|||
01/01/2024|54|0540002010000|0.13|1.03|thickness_flexible|9.0|||
01/01/2024|54|4140016390000|0.0|0.64|thickness_flexible|6.0|||
01/01/2024|54|4530020000000|24.37|24.94|thickness_flexible|2.0|||
01/01/2024|54|4530020000000|32.0|32.14|thickness_flexible|2.0|||
01/01/2024|54|5440016000000|0.0|0.5|thickness_flexible|9.0|||
01/01/2024|54|5440016000000|0.5|0.9|thickness_flexible|9.0|||
01/01/2024|54|5440016000000|0.9|1.12|thickness_flexible|9.0|||
01/01/2024|54|5440016000000|1.21|1.47|thickness_flexible|9.0|||
01/01/2024|54|4140009090000|0.0|1.81|thickness_flexible|6.0|||
01/01/2024|54|5440004100000|0.0|0.4|thickness_flexible|9.0|||
01/01/2024|54|1030016000000|14.616|14.746|thickness_flexible|2.0|||
01/01/2024|54|1030016000000|15.526|16.666|thickness_flexible|2.0|||
01/01/2024|54|23201190000NB|0.0|0.1|thickness_flexible|1.0|||
01/01/2024|54|23201190000NB|0.1|0.2|thickness_flexible|1.0|||
01/01/2024|54|23201190000NB|0.2|0.3|thickness_flexible|1.0|||
01/01/2024|54|23201190000NB|0.3|0.4|thickness_flexible|1.0|||
01/01/2024|54|23201190000NB|0.4|0.5|thickness_flexible|1.0|||
01/01/2024|54|23201190000NB|0.5|0.6|thickness_flexible|1.0|||
01/01/2024|54|23201190000NB|0.6|0.7|thickness_flexible|1.0|||
01/01/2024|54|23201190000NB|0.7|0.8|thickness_flexible|1.0|||
01/01/2024|54|23201190000NB|0.8|0.85|thickness_flexible|1.0|||
01/01/2024|54|23201190000NB|1.44|1.5|thickness_flexible|1.0|||
01/01/2024|54|23201190000NB|1.5|1.6|thickness_flexible|1.0|||
01/01/2024|54|23201190000NB|1.6|1.7|thickness_flexible|1.0|||
01/01/2024|54|23201190000NB|1.7|1.8|thickness_flexible|1.0|||
01/01/2024|54|23201190000NB|1.8|1.9|thickness_flexible|1.0|||
01/01/2024|54|23201190000NB|1.9|2.0|thickness_flexible|1.0|||
01/01/2024|54|23201190000NB|2.0|2.1|thickness_flexible|1.0|||
01/01/2024|54|23201190000NB|2.1|2.2|thickness_flexible|1.0|||
01/01/2024|54|23201190000NB|2.2|2.3|thickness_flexible|1.0|||
01/01/2024|54|23201190000NB|2.3|2.4|thickness_flexible|1.0|||
01/01/2024|54|23201190000NB|2.4|2.5|thickness_flexible|1.0|||
01/01/2024|54|23201190000NB|2.5|2.54|thickness_flexible|1.0|||
01/01/2024|54|23201190000NB|2.54|2.6|thickness_flexible|1.0|||
01/01/2024|54|23201190000NB|2.6|2.67|thickness_flexible|1.0|||
01/01/2024|54|23201190000NB|2.67|2.7|thickness_flexible|1.0|||
01/01/2024|54|23201190000NB|2.7|2.8|thickness_flexible|1.0|||
01/01/2024|54|23201190000NB|2.8|2.9|thickness_flexible|1.0|||
01/01/2024|54|23201190000NB|2.9|3.0|thickness_flexible|1.0|||
01/01/2024|54|23201190000NB|3.0|3.1|thickness_flexible|1.0|||
01/01/2024|54|23201190000NB|3.1|3.2|thickness_flexible|1.0|||
01/01/2024|54|23201190000NB|3.2|3.3|thickness_flexible|1.0|||
01/01/2024|54|23201190000NB|3.3|3.37|thickness_flexible|1.0|||
01/01/2024|54|23201190000NB|3.37|3.59|thickness_flexible|1.0|||
01/01/2024|54|23201190000NB|3.59|5.27|thickness_flexible|1.0|||
01/01/2024|54|23201190000NB|5.27|5.915|thickness_flexible|1.0|||
01/01/2024|54|23201190000NB|11.87|11.9|thickness_flexible|1.0|||
01/01/2024|54|23201190000NB|11.9|12.0|thickness_flexible|1.0|||
01/01/2024|54|23201190000NB|12.0|12.1|thickness_flexible|1.0|||
01/01/2024|54|23201190000NB|12.1|12.2|thickness_flexible|1.0|||
01/01/2024|54|23201190000NB|12.2|12.283|thickness_flexible|1.0|||
01/01/2024|54|2630002000300|0.0|0.1|thickness_flexible|9.0|||
01/01/2024|54|2630002000300|0.1|0.2|thickness_flexible|9.0|||
01/01/2024|54|2630002000300|0.2|0.3|thickness_flexible|9.0|||
01/01/2024|54|2630002000300|0.3|0.4|thickness_flexible|9.0|||
01/01/2024|54|2630002000300|0.4|0.43|thickness_flexible|9.0|||
01/01/2024|54|0630101000000|0.16|0.36|thickness_flexible|1.0|||
01/01/2024|54|35202500005SB|0.0|0.1|thickness_flexible|9.0|||
01/01/2024|54|35202500005SB|0.1|0.2|thickness_flexible|9.0|||
01/01/2024|54|35202500005SB|0.2|0.3|thickness_flexible|9.0|||
01/01/2024|54|35202500005SB|0.3|0.36|thickness_flexible|9.0|||
01/01/2024|54|2040114010000|0.0|0.1|thickness_flexible|4.0|||
01/01/2024|54|2040114010000|0.1|0.2|thickness_flexible|4.0|||
01/01/2024|54|2040114010000|0.2|0.3|thickness_flexible|4.0|||
01/01/2024|54|2040114010000|0.3|0.4|thickness_flexible|4.0|||
01/01/2024|54|2040114010000|0.4|0.5|thickness_flexible|4.0|||
01/01/2024|54|2040114010000|0.5|0.6|thickness_flexible|4.0|||
01/01/2024|54|2040114010000|0.6|0.7|thickness_flexible|4.0|||
01/01/2024|54|2040114010000|0.7|0.8|thickness_flexible|4.0|||
01/01/2024|54|2040114010000|0.8|0.9|thickness_flexible|4.0|||
01/01/2024|54|2040114010000|0.9|1.0|thickness_flexible|4.0|||
01/01/2024|54|2040114010000|1.0|1.07|thickness_flexible|4.0|||
01/01/2024|54|1040012000000|1.9|3.28|thickness_flexible|1.0|||
01/01/2024|54|4630310000000|0.0|0.2|thickness_flexible|9.0|||
01/01/2024|54|2340110580000|0.0|0.14|thickness_flexible|1.0|||
01/01/2024|54|2340110580000|0.14|0.44|thickness_flexible|1.0|||
01/01/2024|54|2340110580000|0.44|0.98|thickness_flexible|1.0|||
01/01/2024|54|4140004030000|0.0|0.47|thickness_flexible|6.0|||
01/01/2024|54|4130061000000|2.604|3.29|thickness_flexible|9.0|||
01/01/2024|54|16202200000NB|10.0|10.1|thickness_flexible|9.0|||
01/01/2024|54|16202200000NB|10.1|10.2|thickness_flexible|9.0|||
01/01/2024|54|16202200000NB|10.2|10.3|thickness_flexible|9.0|||
01/01/2024|54|16202200000NB|10.3|10.4|thickness_flexible|9.0|||
01/01/2024|54|16202200000NB|10.4|10.5|thickness_flexible|9.0|||
01/01/2024|54|16202200000NB|10.5|10.53|thickness_flexible|9.0|||
01/01/2024|54|16202200000NB|10.53|10.6|thickness_flexible|9.0|||
01/01/2024|54|16202200000NB|10.6|10.69|thickness_flexible|9.0|||
01/01/2024|54|16202200000NB|10.7|10.8|thickness_flexible|9.0|||
01/01/2024|54|16202200000NB|10.8|10.9|thickness_flexible|9.0|||
01/01/2024|54|16202200000NB|10.9|11.0|thickness_flexible|9.0|||
01/01/2024|54|16202200000NB|11.0|11.1|thickness_flexible|9.0|||
01/01/2024|54|16202200000NB|11.1|11.2|thickness_flexible|9.0|||
01/01/2024|54|16202200000NB|11.2|11.3|thickness_flexible|9.0|||
01/01/2024|54|16202200000NB|11.3|11.4|thickness_flexible|9.0|||
01/01/2024|54|16202200000NB|11.4|11.5|thickness_flexible|9.0|||
01/01/2024|54|16202200000NB|11.5|11.6|thickness_flexible|9.0|||
01/01/2024|54|16202200000NB|11.6|11.7|thickness_flexible|9.0|||
01/01/2024|54|16202200000NB|11.8|11.9|thickness_flexible|9.0|||
01/01/2024|54|16202200000NB|11.9|12.0|thickness_flexible|9.0|||
01/01/2024|54|16202200000NB|12.0|12.1|thickness_flexible|9.0|||
01/01/2024|54|16202200000NB|12.1|12.2|thickness_flexible|9.0|||
01/01/2024|54|16202200000NB|12.2|12.3|thickness_flexible|9.0|||
01/01/2024|54|16202200000NB|12.3|12.4|thickness_flexible|9.0|||
01/01/2024|54|16202200000NB|12.4|12.5|thickness_flexible|9.0|||
01/01/2024|54|16202200000NB|12.5|12.6|thickness_flexible|9.0|||
01/01/2024|54|16202200000NB|12.6|12.7|thickness_flexible|9.0|||
01/01/2024|54|16202200000NB|12.7|12.8|thickness_flexible|9.0|||
01/01/2024|54|16202200000NB|12.8|12.9|thickness_flexible|9.0|||
01/01/2024|54|16202200000NB|12.9|12.96|thickness_flexible|9.0|||
01/01/2024|54|0673281001900|0.19|0.48|thickness_flexible|1.0|||
01/01/2024|54|4674200001900|0.0|1.05|thickness_flexible|9.0|||
01/01/2024|54|4170014001900|0.12|0.29|thickness_flexible|9.0|||
01/01/2024|54|4130054000000|2.48|2.5|thickness_flexible|9.0|||
01/01/2024|54|4130054000000|2.5|2.6|thickness_flexible|9.0|||
01/01/2024|54|4130054000000|2.6|2.7|thickness_flexible|9.0|||
01/01/2024|54|4130054000000|2.7|2.8|thickness_flexible|9.0|||
01/01/2024|54|4130054000000|2.8|2.9|thickness_flexible|9.0|||
01/01/2024|54|4130054000000|2.9|3.0|thickness_flexible|9.0|||
01/01/2024|54|4130054000000|3.0|3.1|thickness_flexible|9.0|||
01/01/2024|54|4130054000000|3.1|3.2|thickness_flexible|9.0|||
01/01/2024|54|4130054000000|3.2|3.3|thickness_flexible|9.0|||
01/01/2024|54|4130054000000|3.3|3.4|thickness_flexible|9.0|||
01/01/2024|54|4130054000000|3.4|3.5|thickness_flexible|9.0|||
01/01/2024|54|4130054000000|3.5|3.6|thickness_flexible|9.0|||
01/01/2024|54|4130054000000|3.6|3.7|thickness_flexible|9.0|||
01/01/2024|54|4130054000000|3.7|3.8|thickness_flexible|9.0|||
01/01/2024|54|4130054000000|3.8|3.9|thickness_flexible|9.0|||
01/01/2024|54|4130054000000|3.9|4.0|thickness_flexible|9.0|||
01/01/2024|54|4130054000000|4.0|4.1|thickness_flexible|9.0|||
01/01/2024|54|4130054000000|4.1|4.2|thickness_flexible|9.0|||
01/01/2024|54|4130054000000|4.2|4.3|thickness_flexible|9.0|||
01/01/2024|54|4130054000000|4.3|4.4|thickness_flexible|9.0|||
01/01/2024|54|4130054000000|4.4|4.5|thickness_flexible|9.0|||
01/01/2024|54|4130054000000|4.5|4.6|thickness_flexible|9.0|||
01/01/2024|54|4130054000000|4.6|4.7|thickness_flexible|9.0|||
01/01/2024|54|4130054000000|4.7|4.8|thickness_flexible|9.0|||
01/01/2024|54|4130054000000|4.8|4.86|thickness_flexible|9.0|||
01/01/2024|54|4130054000000|4.86|4.9|thickness_flexible|9.0|||
01/01/2024|54|4130054000000|4.9|5.0|thickness_flexible|9.0|||
01/01/2024|54|4130054000000|5.0|5.1|thickness_flexible|9.0|||
01/01/2024|54|4130054000000|5.1|5.2|thickness_flexible|9.0|||
01/01/2024|54|4130054000000|5.2|5.3|thickness_flexible|9.0|||
01/01/2024|54|4130054000000|5.3|5.4|thickness_flexible|9.0|||
01/01/2024|54|4130054000000|5.4|5.5|thickness_flexible|9.0|||
01/01/2024|54|4130054000000|5.5|5.6|thickness_flexible|9.0|||
01/01/2024|54|4130054000000|5.6|5.7|thickness_flexible|9.0|||
01/01/2024|54|4130054000000|5.7|5.72|thickness_flexible|9.0|||
01/01/2024|54|4130054000000|6.35|6.4|thickness_flexible|9.0|||
01/01/2024|54|4130054000000|6.4|6.5|thickness_flexible|9.0|||
01/01/2024|54|4130054000000|6.5|6.54|thickness_flexible|9.0|||
01/01/2024|54|4130054000000|6.54|6.6|thickness_flexible|9.0|||
01/01/2024|54|4130054000000|6.6|6.7|thickness_flexible|9.0|||
01/01/2024|54|4130054000000|6.7|6.8|thickness_flexible|9.0|||
01/01/2024|54|4130054000000|6.8|6.9|thickness_flexible|9.0|||
01/01/2024|54|4130054000000|6.9|7.0|thickness_flexible|9.0|||
01/01/2024|54|4130054000000|7.0|7.1|thickness_flexible|9.0|||
01/01/2024|54|4130054000000|7.1|7.2|thickness_flexible|9.0|||
01/01/2024|54|4130054000000|7.2|7.3|thickness_flexible|9.0|||
01/01/2024|54|4130054000000|7.3|7.4|thickness_flexible|9.0|||
01/01/2024|54|4130054000000|7.4|7.41|thickness_flexible|9.0|||
01/01/2024|54|4130054000000|7.41|7.5|thickness_flexible|9.0|||
01/01/2024|54|4130054000000|7.5|7.6|thickness_flexible|9.0|||
01/01/2024|54|4130054000000|7.6|7.7|thickness_flexible|9.0|||
01/01/2024|54|4130054000000|7.7|7.8|thickness_flexible|9.0|||
01/01/2024|54|4130054000000|7.8|7.9|thickness_flexible|9.0|||
01/01/2024|54|4130054000000|7.9|8.0|thickness_flexible|9.0|||
01/01/2024|54|4130054000000|8.0|8.1|thickness_flexible|9.0|||
01/01/2024|54|4130054000000|8.1|8.2|thickness_flexible|9.0|||
01/01/2024|54|4130054000000|8.2|8.3|thickness_flexible|9.0|||
01/01/2024|54|4130054000000|8.3|8.4|thickness_flexible|9.0|||
01/01/2024|54|4130054000000|8.4|8.5|thickness_flexible|9.0|||
01/01/2024|54|4130054000000|8.5|8.6|thickness_flexible|9.0|||
01/01/2024|54|4130054000000|8.6|8.7|thickness_flexible|9.0|||
01/01/2024|54|4130054000000|8.7|8.8|thickness_flexible|9.0|||
01/01/2024|54|4130054000000|8.8|8.84|thickness_flexible|9.0|||
01/01/2024|54|4130054000000|10.14|10.2|thickness_flexible|9.0|||
01/01/2024|54|4130054000000|10.2|10.3|thickness_flexible|9.0|||
01/01/2024|54|4130054000000|10.3|10.33|thickness_flexible|9.0|||
01/01/2024|54|0640052030000|0.0|0.22|thickness_flexible|1.0|||
01/01/2024|54|0630002001300|0.0|0.1|thickness_flexible|1.0|||
01/01/2024|54|0630002001300|0.1|0.17|thickness_flexible|1.0|||
01/01/2024|54|0630002001300|0.17|0.2|thickness_flexible|1.0|||
01/01/2024|54|0630002001300|0.2|0.3|thickness_flexible|1.0|||
01/01/2024|54|0630002001300|0.3|0.39|thickness_flexible|1.0|||
01/01/2024|54|06100640000EB|5.87|5.9|thickness_flexible|2.0|||
01/01/2024|54|06100640000EB|5.9|6.0|thickness_flexible|2.0|||
01/01/2024|54|06100640000EB|6.0|6.1|thickness_flexible|2.0|||
01/01/2024|54|06100640000EB|6.1|6.2|thickness_flexible|2.0|||
01/01/2024|54|06100640000EB|6.2|6.3|thickness_flexible|2.0|||
01/01/2024|54|06100640000EB|6.3|6.4|thickness_flexible|2.0|||
01/01/2024|54|06100640000EB|6.4|6.47|thickness_flexible|2.0|||
01/01/2024|54|06100640000EB|6.47|6.5|thickness_flexible|2.0|||
01/01/2024|54|06100640000EB|6.5|6.6|thickness_flexible|2.0|||
01/01/2024|54|06100640000EB|6.6|6.7|thickness_flexible|2.0|||
01/01/2024|54|06100640000EB|6.7|6.74|thickness_flexible|2.0|||
01/01/2024|54|06100640000EB|6.74|6.8|thickness_flexible|2.0|||
01/01/2024|54|06100640000EB|6.8|6.9|thickness_flexible|2.0|||
01/01/2024|54|06100640000EB|6.9|7.0|thickness_flexible|2.0|||
01/01/2024|54|06100640000EB|7.0|7.1|thickness_flexible|2.0|||
01/01/2024|54|06100640000EB|7.1|7.2|thickness_flexible|2.0|||
01/01/2024|54|06100640000EB|7.2|7.26|thickness_flexible|2.0|||
01/01/2024|54|06100640000EB|7.26|7.3|thickness_flexible|2.0|||
01/01/2024|54|06100640000EB|7.3|7.4|thickness_flexible|2.0|||
01/01/2024|54|06100640000EB|7.4|7.5|thickness_flexible|2.0|||
01/01/2024|54|06100640000EB|7.5|7.6|thickness_flexible|2.0|||
01/01/2024|54|06100640000EB|7.6|7.7|thickness_flexible|2.0|||
01/01/2024|54|06100640000EB|7.7|7.72|thickness_flexible|2.0|||
01/01/2024|54|06100640000EB|7.72|7.8|thickness_flexible|2.0|||
01/01/2024|54|06100640000EB|7.8|7.9|thickness_flexible|2.0|||
01/01/2024|54|06100640000EB|7.9|8.0|thickness_flexible|2.0|||
01/01/2024|54|06100640000EB|8.0|8.1|thickness_flexible|2.0|||
01/01/2024|54|06100640000EB|8.1|8.19|thickness_flexible|2.0|||
01/01/2024|54|06100640000EB|8.19|8.2|thickness_flexible|1.0|||
01/01/2024|54|06100640000EB|8.2|8.3|thickness_flexible|1.0|||
01/01/2024|54|06100640000EB|8.3|8.4|thickness_flexible|1.0|||
01/01/2024|54|06100640000EB|8.4|8.5|thickness_flexible|1.0|||
01/01/2024|54|06100640000EB|8.5|8.6|thickness_flexible|1.0|||
01/01/2024|54|06100640000EB|8.6|8.7|thickness_flexible|1.0|||
01/01/2024|54|06100640000EB|8.7|8.8|thickness_flexible|1.0|||
01/01/2024|54|06100640000EB|8.8|8.9|thickness_flexible|1.0|||
01/01/2024|54|06100640000EB|8.9|9.0|thickness_flexible|1.0|||
01/01/2024|54|06100640000EB|9.0|9.1|thickness_flexible|1.0|||
01/01/2024|54|06100640000EB|9.1|9.2|thickness_flexible|1.0|||
01/01/2024|54|06100640000EB|9.2|9.22|thickness_flexible|1.0|||
01/01/2024|54|06100640000EB|9.22|9.3|thickness_flexible|1.0|||
01/01/2024|54|06100640000EB|9.3|9.4|thickness_flexible|1.0|||
01/01/2024|54|06100640000EB|9.4|9.5|thickness_flexible|1.0|||
01/01/2024|54|06100640000EB|9.5|9.52|thickness_flexible|1.0|||
01/01/2024|54|06100640000EB|11.02|11.1|thickness_flexible|4.0|||
01/01/2024|54|06100640000EB|11.1|11.2|thickness_flexible|4.0|||
01/01/2024|54|06100640000EB|11.2|11.3|thickness_flexible|4.0|||
01/01/2024|54|06100640000EB|11.3|11.37|thickness_flexible|4.0|||
01/01/2024|54|06100640000EB|11.37|11.4|thickness_flexible|4.0|||
01/01/2024|54|06100640000EB|11.4|11.5|thickness_flexible|4.0|||
01/01/2024|54|06100640000EB|11.5|11.6|thickness_flexible|4.0|||
01/01/2024|54|06100640000EB|11.6|11.7|thickness_flexible|4.0|||
01/01/2024|54|06100640000EB|11.7|11.8|thickness_flexible|4.0|||
01/01/2024|54|06100640000EB|11.8|11.9|thickness_flexible|4.0|||
01/01/2024|54|06100640000EB|11.9|12.0|thickness_flexible|4.0|||
01/01/2024|54|06100640000EB|12.0|12.1|thickness_flexible|4.0|||
01/01/2024|54|06100640000EB|12.1|12.2|thickness_flexible|4.0|||
01/01/2024|54|06100640000EB|12.2|12.3|thickness_flexible|4.0|||
01/01/2024|54|06100640000EB|12.3|12.4|thickness_flexible|4.0|||
01/01/2024|54|06100640000EB|12.4|12.5|thickness_flexible|4.0|||
01/01/2024|54|06100640000EB|12.5|12.6|thickness_flexible|4.0|||
01/01/2024|54|06100640000EB|12.6|12.7|thickness_flexible|4.0|||
01/01/2024|54|06100640000EB|12.7|12.8|thickness_flexible|4.0|||
01/01/2024|54|06100640000EB|12.8|12.9|thickness_flexible|4.0|||
01/01/2024|54|06100640000EB|12.9|13.0|thickness_flexible|4.0|||
01/01/2024|54|06100640000EB|13.0|13.1|thickness_flexible|4.0|||
01/01/2024|54|06100640000EB|13.1|13.2|thickness_flexible|4.0|||
01/01/2024|54|06100640000EB|13.2|13.3|thickness_flexible|4.0|||
01/01/2024|54|06100640000EB|13.3|13.4|thickness_flexible|4.0|||
01/01/2024|54|06100640000EB|13.4|13.5|thickness_flexible|4.0|||
01/01/2024|54|06100640000EB|13.5|13.6|thickness_flexible|4.0|||
01/01/2024|54|06100640000EB|13.6|13.7|thickness_flexible|4.0|||
01/01/2024|54|06100640000EB|13.7|13.8|thickness_flexible|4.0|||
01/01/2024|54|06100640000EB|13.8|13.9|thickness_flexible|4.0|||
01/01/2024|54|06100640000EB|13.9|14.0|thickness_flexible|4.0|||
01/01/2024|54|06100640000EB|14.0|14.1|thickness_flexible|4.0|||
01/01/2024|54|06100640000EB|14.1|14.2|thickness_flexible|4.0|||
01/01/2024|54|06100640000EB|14.2|14.3|thickness_flexible|4.0|||
01/01/2024|54|06100640000EB|14.3|14.4|thickness_flexible|4.0|||
01/01/2024|54|06100640000EB|14.4|14.5|thickness_flexible|4.0|||
01/01/2024|54|06100640000EB|14.5|14.53|thickness_flexible|4.0|||
01/01/2024|54|06100640000EB|14.57|14.6|thickness_flexible|2.0|||
01/01/2024|54|06100640000EB|14.6|14.7|thickness_flexible|2.0|||
01/01/2024|54|06100640000EB|14.7|14.8|thickness_flexible|2.0|||
01/01/2024|54|06100640000EB|14.8|14.9|thickness_flexible|2.0|||
01/01/2024|54|06100640000EB|14.9|15.0|thickness_flexible|2.0|||
01/01/2024|54|06100640000EB|15.0|15.1|thickness_flexible|2.0|||
01/01/2024|54|06100640000EB|15.1|15.2|thickness_flexible|2.0|||
01/01/2024|54|06100640000EB|15.2|15.3|thickness_flexible|2.0|||
01/01/2024|54|06100640000EB|15.3|15.4|thickness_flexible|2.0|||
01/01/2024|54|06100640000EB|15.4|15.5|thickness_flexible|2.0|||
01/01/2024|54|06100640000EB|15.5|15.6|thickness_flexible|2.0|||
01/01/2024|54|06100640000EB|15.6|15.7|thickness_flexible|2.0|||
01/01/2024|54|06100640000EB|15.7|15.8|thickness_flexible|2.0|||
01/01/2024|54|06100640000EB|15.8|15.9|thickness_flexible|2.0|||
01/01/2024|54|06100640000EB|15.9|16.0|thickness_flexible|2.0|||
01/01/2024|54|06100640000EB|16.0|16.1|thickness_flexible|2.0|||
01/01/2024|54|06100640000EB|16.1|16.2|thickness_flexible|2.0|||
01/01/2024|54|06100640000EB|16.2|16.3|thickness_flexible|2.0|||
01/01/2024|54|06100640000EB|16.3|16.4|thickness_flexible|2.0|||
01/01/2024|54|06100640000EB|16.4|16.5|thickness_flexible|2.0|||
01/01/2024|54|06100640000EB|16.5|16.6|thickness_flexible|2.0|||
01/01/2024|54|06100640000EB|16.6|16.7|thickness_flexible|2.0|||
01/01/2024|54|06100640000EB|16.7|16.8|thickness_flexible|2.0|||
01/01/2024|54|06100640000EB|16.8|16.9|thickness_flexible|2.0|||
01/01/2024|54|06100640000EB|16.9|17.0|thickness_flexible|2.0|||
01/01/2024|54|06100640000EB|17.0|17.1|thickness_flexible|2.0|||
01/01/2024|54|06100640000EB|17.1|17.2|thickness_flexible|2.0|||
01/01/2024|54|06100640000EB|17.2|17.3|thickness_flexible|2.0|||
01/01/2024|54|06100640000EB|17.3|17.4|thickness_flexible|2.0|||
01/01/2024|54|06100640000EB|17.4|17.5|thickness_flexible|2.0|||
01/01/2024|54|06100640000EB|17.5|17.6|thickness_flexible|2.0|||
01/01/2024|54|06100640000EB|17.6|17.68|thickness_flexible|2.0|||
01/01/2024|54|06100640000EB|17.68|17.7|thickness_flexible|2.0|||
01/01/2024|54|06100640000EB|17.7|17.8|thickness_flexible|2.0|||
01/01/2024|54|06100640000EB|17.8|17.9|thickness_flexible|2.0|||
01/01/2024|54|06100640000EB|17.9|18.0|thickness_flexible|2.0|||
01/01/2024|54|06100640000EB|18.0|18.08|thickness_flexible|2.0|||
01/01/2024|54|06100640000EB|18.08|18.1|thickness_flexible|4.0|||
01/01/2024|54|06100640000EB|18.1|18.2|thickness_flexible|4.0|||
01/01/2024|54|06100640000EB|18.2|18.3|thickness_flexible|4.0|||
01/01/2024|54|06100640000EB|18.3|18.4|thickness_flexible|4.0|||
01/01/2024|54|06100640000EB|18.4|18.49|thickness_flexible|4.0|||
01/01/2024|54|06100640000EB|18.49|18.5|thickness_flexible|2.0|||
01/01/2024|54|06100640000EB|18.5|18.6|thickness_flexible|2.0|||
01/01/2024|54|06100640000EB|18.6|18.7|thickness_flexible|2.0|||
01/01/2024|54|06100640000EB|18.7|18.8|thickness_flexible|2.0|||
01/01/2024|54|06100640000EB|18.8|18.9|thickness_flexible|2.0|||
01/01/2024|54|06100640000EB|18.9|19.0|thickness_flexible|2.0|||
01/01/2024|54|06100640000EB|19.0|19.1|thickness_flexible|2.0|||
01/01/2024|54|06100640000EB|19.1|19.2|thickness_flexible|2.0|||
01/01/2024|54|06100640000EB|19.2|19.3|thickness_flexible|2.0|||
01/01/2024|54|06100640000EB|19.3|19.32|thickness_flexible|2.0|||
01/01/2024|54|06100640000EB|19.32|19.4|thickness_flexible|2.0|||
01/01/2024|54|06100640000EB|19.4|19.5|thickness_flexible|2.0|||
01/01/2024|54|06100640000EB|19.5|19.6|thickness_flexible|2.0|||
01/01/2024|54|06100640000EB|19.6|19.7|thickness_flexible|2.0|||
01/01/2024|54|06100640000EB|19.7|19.71|thickness_flexible|2.0|||
01/01/2024|54|06100640000EB|19.71|19.8|thickness_flexible|4.0|||
01/01/2024|54|06100640000EB|19.8|19.9|thickness_flexible|4.0|||
01/01/2024|54|06100640000EB|19.9|20.0|thickness_flexible|4.0|||
01/01/2024|54|06100640000EB|20.0|20.1|thickness_flexible|4.0|||
01/01/2024|54|06100640000EB|20.1|20.19|thickness_flexible|4.0|||
01/01/2024|54|06100640000EB|20.19|20.2|thickness_flexible|4.0|||
01/01/2024|54|06100640000EB|20.2|20.3|thickness_flexible|4.0|||
01/01/2024|54|06100640000EB|20.3|20.4|thickness_flexible|4.0|||
01/01/2024|54|06100640000EB|20.4|20.5|thickness_flexible|4.0|||
01/01/2024|54|06100640000EB|20.5|20.6|thickness_flexible|4.0|||
01/01/2024|54|06100640000EB|20.6|20.7|thickness_flexible|4.0|||
01/01/2024|54|06100640000EB|20.7|20.8|thickness_flexible|4.0|||
01/01/2024|54|06100640000EB|20.8|20.9|thickness_flexible|4.0|||
01/01/2024|54|06100640000EB|20.9|21.0|thickness_flexible|4.0|||
01/01/2024|54|06100640000EB|21.0|21.04|thickness_flexible|4.0|||
01/01/2024|54|06100640000EB|21.04|21.1|thickness_flexible|4.0|||
01/01/2024|54|06100640000EB|21.1|21.16|thickness_flexible|4.0|||
01/01/2024|54|06100640000EB|21.16|21.2|thickness_flexible|4.0|||
01/01/2024|54|06100640000EB|21.2|21.3|thickness_flexible|4.0|||
01/01/2024|54|06100640000EB|21.3|21.4|thickness_flexible|4.0|||
01/01/2024|54|06100640000EB|21.4|21.5|thickness_flexible|4.0|||
01/01/2024|54|06100640000EB|21.5|21.6|thickness_flexible|4.0|||
01/01/2024|54|06100640000EB|21.6|21.7|thickness_flexible|4.0|||
01/01/2024|54|06100640000EB|21.7|21.75|thickness_flexible|4.0|||
01/01/2024|54|06100640000EB|21.75|21.8|thickness_flexible|4.0|||
01/01/2024|54|06100640000EB|21.8|21.9|thickness_flexible|4.0|||
01/01/2024|54|06100640000EB|21.9|22.0|thickness_flexible|4.0|||
01/01/2024|54|06100640000EB|22.0|22.1|thickness_flexible|4.0|||
01/01/2024|54|06100640000EB|22.1|22.2|thickness_flexible|4.0|||
01/01/2024|54|06100640000EB|22.2|22.3|thickness_flexible|4.0|||
01/01/2024|54|06100640000EB|22.3|22.39|thickness_flexible|4.0|||
01/01/2024|54|06100640000EB|22.39|22.4|thickness_flexible|1.0|||
01/01/2024|54|06100640000EB|22.4|22.5|thickness_flexible|1.0|||
01/01/2024|54|06100640000EB|22.5|22.6|thickness_flexible|1.0|||
01/01/2024|54|06100640000EB|22.6|22.7|thickness_flexible|1.0|||
01/01/2024|54|06100640000EB|22.7|22.8|thickness_flexible|1.0|||
01/01/2024|54|06100640000EB|22.8|22.9|thickness_flexible|1.0|||
01/01/2024|54|06100640000EB|22.9|23.0|thickness_flexible|1.0|||
01/01/2024|54|06100640000EB|23.0|23.1|thickness_flexible|1.0|||
01/01/2024|54|06100640000EB|23.1|23.2|thickness_flexible|1.0|||
01/01/2024|54|06100640000EB|23.2|23.3|thickness_flexible|1.0|||
01/01/2024|54|06100640000EB|23.3|23.4|thickness_flexible|1.0|||
01/01/2024|54|06100640000EB|23.4|23.5|thickness_flexible|1.0|||
01/01/2024|54|06100640000EB|23.5|23.6|thickness_flexible|1.0|||
01/01/2024|54|06100640000EB|23.6|23.7|thickness_flexible|1.0|||
01/01/2024|54|06100640000EB|23.7|23.8|thickness_flexible|1.0|||
01/01/2024|54|06100640000EB|23.8|23.9|thickness_flexible|1.0|||
01/01/2024|54|06100640000EB|23.9|24.0|thickness_flexible|1.0|||
01/01/2024|54|06100640000EB|24.0|24.1|thickness_flexible|1.0|||
01/01/2024|54|06100640000EB|24.1|24.2|thickness_flexible|1.0|||
01/01/2024|54|06100640000EB|24.2|24.3|thickness_flexible|1.0|||
01/01/2024|54|06100640000EB|24.3|24.4|thickness_flexible|1.0|||
01/01/2024|54|06100640000EB|24.4|24.5|thickness_flexible|1.0|||
01/01/2024|54|06100640000EB|24.5|24.6|thickness_flexible|1.0|||
01/01/2024|54|06100640000EB|24.6|24.7|thickness_flexible|1.0|||
01/01/2024|54|06100640000EB|24.7|24.8|thickness_flexible|1.0|||
01/01/2024|54|06100640000EB|24.8|24.9|thickness_flexible|1.0|||
01/01/2024|54|06100640000EB|24.9|25.0|thickness_flexible|1.0|||
01/01/2024|54|06100640000EB|25.0|25.1|thickness_flexible|1.0|||
01/01/2024|54|06100640000EB|25.1|25.2|thickness_flexible|1.0|||
01/01/2024|54|06100640000EB|25.2|25.3|thickness_flexible|1.0|||
01/01/2024|54|06100640000EB|25.3|25.4|thickness_flexible|1.0|||
01/01/2024|54|06100640000EB|25.4|25.5|thickness_flexible|1.0|||
01/01/2024|54|06100640000EB|25.5|25.6|thickness_flexible|1.0|||
01/01/2024|54|06100640000EB|25.6|25.7|thickness_flexible|1.0|||
01/01/2024|54|06100640000EB|25.7|25.8|thickness_flexible|1.0|||
01/01/2024|54|06100640000EB|25.8|25.9|thickness_flexible|1.0|||
01/01/2024|54|06100640000EB|25.9|26.0|thickness_flexible|1.0|||
01/01/2024|54|06100640000EB|26.0|26.1|thickness_flexible|1.0|||
01/01/2024|54|06100640000EB|26.1|26.2|thickness_flexible|1.0|||
01/01/2024|54|06100640000EB|26.2|26.3|thickness_flexible|1.0|||
01/01/2024|54|06100640000EB|26.3|26.4|thickness_flexible|1.0|||
01/01/2024|54|06100640000EB|26.4|26.5|thickness_flexible|1.0|||
01/01/2024|54|06100640000EB|26.5|26.6|thickness_flexible|1.0|||
01/01/2024|54|06100640000EB|26.6|26.7|thickness_flexible|1.0|||
01/01/2024|54|06100640000EB|26.7|26.8|thickness_flexible|1.0|||
01/01/2024|54|06100640000EB|26.8|26.9|thickness_flexible|1.0|||
01/01/2024|54|06100640000EB|26.9|27.0|thickness_flexible|1.0|||
01/01/2024|54|06100640000EB|27.0|27.1|thickness_flexible|1.0|||
01/01/2024|54|06100640000EB|27.1|27.11|thickness_flexible|1.0|||
01/01/2024|54|06100640000EB|27.11|27.2|thickness_flexible|1.0|||
01/01/2024|54|06100640000EB|27.2|27.3|thickness_flexible|1.0|||
01/01/2024|54|06100640000EB|27.3|27.4|thickness_flexible|1.0|||
01/01/2024|54|06100640000EB|27.4|27.5|thickness_flexible|1.0|||
01/01/2024|54|06100640000EB|27.5|27.55|thickness_flexible|1.0|||
01/01/2024|54|06100640000EB|27.55|27.6|thickness_flexible|1.0|||
01/01/2024|54|06100640000EB|27.6|27.7|thickness_flexible|1.0|||
01/01/2024|54|06100640000EB|27.7|27.8|thickness_flexible|1.0|||
01/01/2024|54|06100640000EB|27.8|27.9|thickness_flexible|1.0|||
01/01/2024|54|06100640000EB|27.9|28.0|thickness_flexible|1.0|||
01/01/2024|54|06100640000EB|28.0|28.1|thickness_flexible|1.0|||
01/01/2024|54|06100640000EB|28.1|28.2|thickness_flexible|1.0|||
01/01/2024|54|06100640000EB|28.2|28.3|thickness_flexible|1.0|||
01/01/2024|54|06100640000EB|28.3|28.4|thickness_flexible|1.0|||
01/01/2024|54|06100640000EB|28.4|28.5|thickness_flexible|1.0|||
01/01/2024|54|06100640000EB|28.5|28.6|thickness_flexible|1.0|||
01/01/2024|54|06100640000EB|28.6|28.67|thickness_flexible|1.0|||
01/01/2024|54|06100640000EB|28.67|28.7|thickness_flexible|1.0|||
01/01/2024|54|06100640000EB|28.7|28.8|thickness_flexible|1.0|||
01/01/2024|54|06100640000EB|28.8|28.9|thickness_flexible|1.0|||
01/01/2024|54|06100640000EB|28.9|29.0|thickness_flexible|1.0|||
01/01/2024|54|06100640000EB|29.0|29.1|thickness_flexible|1.0|||
01/01/2024|54|06100640000EB|29.1|29.2|thickness_flexible|1.0|||
01/01/2024|54|06100640000EB|29.2|29.3|thickness_flexible|1.0|||
01/01/2024|54|06100640000EB|29.3|29.4|thickness_flexible|1.0|||
01/01/2024|54|06100640000EB|29.4|29.44|thickness_flexible|1.0|||
01/01/2024|54|06100640000EB|29.44|29.5|thickness_flexible|1.0|||
01/01/2024|54|06100640000EB|29.5|29.6|thickness_flexible|1.0|||
01/01/2024|54|06100640000EB|29.6|29.7|thickness_flexible|1.0|||
01/01/2024|54|06100640000EB|29.7|29.8|thickness_flexible|1.0|||
01/01/2024|54|06100640000EB|29.8|29.9|thickness_flexible|1.0|||
01/01/2024|54|06100640000EB|29.9|30.0|thickness_flexible|1.0|||
01/01/2024|54|06100640000EB|30.0|30.1|thickness_flexible|1.0|||
01/01/2024|54|06100640000EB|30.1|30.2|thickness_flexible|1.0|||
01/01/2024|54|06100640000EB|30.2|30.3|thickness_flexible|1.0|||
01/01/2024|54|06100640000EB|30.3|30.4|thickness_flexible|1.0|||
01/01/2024|54|06100640000EB|30.4|30.5|thickness_flexible|1.0|||
01/01/2024|54|06100640000EB|30.5|30.6|thickness_flexible|1.0|||
01/01/2024|54|06100640000EB|30.6|30.7|thickness_flexible|1.0|||
01/01/2024|54|06100640000EB|30.7|30.8|thickness_flexible|1.0|||
01/01/2024|54|06100640000EB|30.8|30.9|thickness_flexible|1.0|||
01/01/2024|54|06100640000EB|30.9|31.0|thickness_flexible|1.0|||
01/01/2024|54|06100640000EB|31.0|31.1|thickness_flexible|1.0|||
01/01/2024|54|06100640000EB|31.1|31.2|thickness_flexible|1.0|||
01/01/2024|54|06100640000EB|31.2|31.3|thickness_flexible|1.0|||
01/01/2024|54|06100640000EB|31.3|31.4|thickness_flexible|1.0|||
01/01/2024|54|06100640000EB|31.4|31.5|thickness_flexible|1.0|||
01/01/2024|54|06100640000EB|31.5|31.6|thickness_flexible|1.0|||
01/01/2024|54|06100640000EB|31.6|31.7|thickness_flexible|1.0|||
01/01/2024|54|06100640000EB|31.7|31.77|thickness_flexible|1.0|||
01/01/2024|54|39202190000NB|0.0|0.8|thickness_flexible|8.0|||
01/01/2024|54|39202190000NB|0.8|3.01|thickness_flexible|8.0|||
01/01/2024|54|39202190000NB|3.01|3.31|thickness_flexible|8.0|||
01/01/2024|54|39202190000NB|3.31|4.76|thickness_flexible|8.0|||
01/01/2024|54|1040008000000|1.3|2.0|thickness_flexible|1.0|||
01/01/2024|54|1040008000000|2.47|2.82|thickness_flexible|1.0|||
01/01/2024|54|1040008000000|3.28|6.25|thickness_flexible|1.0|||
01/01/2024|54|4530107000000|0.29|0.76|thickness_flexible|1.0|||
01/01/2024|54|0673295001900|0.0|1.08|thickness_flexible|1.0|||
01/01/2024|54|2040009030000|0.97|2.86|thickness_flexible|9.0|||
01/01/2024|54|0230051000000|4.54|4.58|thickness_flexible|12.0|||
01/01/2024|54|0230051000000|4.58|4.62|thickness_flexible|12.0|||
01/01/2024|54|0230051000000|4.62|5.18|thickness_flexible|12.0|||
01/01/2024|54|0640031000000|0.16|0.5|thickness_flexible|1.0|||
01/01/2024|54|2340210250000|8.09|8.78|thickness_flexible|1.0|||
01/01/2024|54|2340210250000|8.78|9.08|thickness_flexible|1.0|||
01/01/2024|54|2340210250000|9.08|9.53|thickness_flexible|1.0|||
01/01/2024|54|2340210250000|10.07|10.72|thickness_flexible|1.0|||
01/01/2024|54|2330017000000|0.32|1.074|thickness_flexible|2.0|||
01/01/2024|54|2330017000000|1.074|1.1|thickness_flexible|2.0|||
01/01/2024|54|2330017000000|1.394|2.174|thickness_flexible|2.0|||
01/01/2024|54|06200600000EB|2.97|3.0|thickness_flexible|1.0|||
01/01/2024|54|06200600000EB|3.0|3.07|thickness_flexible|1.0|||
01/01/2024|54|06200600000EB|6.97|7.0|thickness_flexible|1.0|||
01/01/2024|54|06200600000EB|7.0|7.1|thickness_flexible|1.0|||
01/01/2024|54|06200600000EB|7.1|7.2|thickness_flexible|1.0|||
01/01/2024|54|06200600000EB|7.2|7.3|thickness_flexible|1.0|||
01/01/2024|54|06200600000EB|7.3|7.4|thickness_flexible|1.0|||
01/01/2024|54|06200600000EB|7.4|7.5|thickness_flexible|1.0|||
01/01/2024|54|06200600000EB|7.5|7.51|thickness_flexible|1.0|||
01/01/2024|54|06200600000EB|7.59|7.6|thickness_flexible|1.0|||
01/01/2024|54|06200600000EB|7.6|7.7|thickness_flexible|1.0|||
01/01/2024|54|06200600000EB|7.7|7.8|thickness_flexible|1.0|||
01/01/2024|54|06200600000EB|7.8|7.9|thickness_flexible|1.0|||
01/01/2024|54|06200600000EB|7.9|7.96|thickness_flexible|1.0|||
01/01/2024|54|06200600000EB|7.96|8.0|thickness_flexible|1.0|||
01/01/2024|54|06200600000EB|8.0|8.1|thickness_flexible|1.0|||
01/01/2024|54|06200600000EB|8.1|8.2|thickness_flexible|1.0|||
01/01/2024|54|06200600000EB|8.2|8.3|thickness_flexible|1.0|||
01/01/2024|54|06200600000EB|8.3|8.4|thickness_flexible|1.0|||
01/01/2024|54|06200600000EB|8.4|8.43|thickness_flexible|1.0|||
01/01/2024|54|06200600000EB|8.43|8.5|thickness_flexible|1.0|||
01/01/2024|54|06200600000EB|8.5|8.6|thickness_flexible|1.0|||
01/01/2024|54|06200600000EB|8.6|8.7|thickness_flexible|1.0|||
01/01/2024|54|06200600000EB|8.7|8.78|thickness_flexible|1.0|||
01/01/2024|54|06200600000EB|8.78|8.8|thickness_flexible|1.0|||
01/01/2024|54|06200600000EB|8.8|8.82|thickness_flexible|1.0|||
01/01/2024|54|06200600000EB|8.82|8.9|thickness_flexible|1.0|||
01/01/2024|54|06200600000EB|8.9|9.0|thickness_flexible|1.0|||
01/01/2024|54|06200600000EB|9.0|9.1|thickness_flexible|1.0|||
01/01/2024|54|06200600000EB|9.1|9.2|thickness_flexible|1.0|||
01/01/2024|54|06200600000EB|9.2|9.3|thickness_flexible|1.0|||
01/01/2024|54|06200600000EB|9.3|9.4|thickness_flexible|1.0|||
01/01/2024|54|06200600000EB|9.4|9.5|thickness_flexible|1.0|||
01/01/2024|54|06200600000EB|9.56|9.6|thickness_flexible|1.0|||
01/01/2024|54|06200600000EB|9.6|9.7|thickness_flexible|1.0|||
01/01/2024|54|06200600000EB|9.7|9.8|thickness_flexible|1.0|||
01/01/2024|54|06200600000EB|9.8|9.9|thickness_flexible|1.0|||
01/01/2024|54|06200600000EB|9.9|9.92|thickness_flexible|1.0|||
01/01/2024|54|06200600000EB|9.92|10.0|thickness_flexible|1.0|||
01/01/2024|54|06200600000EB|10.0|10.1|thickness_flexible|1.0|||
01/01/2024|54|06200600000EB|10.1|10.2|thickness_flexible|1.0|||
01/01/2024|54|06200600000EB|10.2|10.27|thickness_flexible|1.0|||
01/01/2024|54|06200600000EB|15.59|15.6|thickness_flexible|1.0|||
01/01/2024|54|06200600000EB|15.6|15.7|thickness_flexible|1.0|||
01/01/2024|54|06200600000EB|15.7|15.8|thickness_flexible|1.0|||
01/01/2024|54|06200600000EB|15.8|15.9|thickness_flexible|1.0|||
01/01/2024|54|06200600000EB|15.9|16.0|thickness_flexible|1.0|||
01/01/2024|54|06200600000EB|16.0|16.1|thickness_flexible|1.0|||
01/01/2024|54|06200600000EB|16.1|16.2|thickness_flexible|1.0|||
01/01/2024|54|06200600000EB|16.2|16.3|thickness_flexible|1.0|||
01/01/2024|54|06200600000EB|16.3|16.4|thickness_flexible|1.0|||
01/01/2024|54|06200600000EB|16.4|16.5|thickness_flexible|1.0|||
01/01/2024|54|06200600000EB|16.5|16.6|thickness_flexible|1.0|||
01/01/2024|54|06200600000EB|16.6|16.7|thickness_flexible|1.0|||
01/01/2024|54|06200600000EB|16.7|16.8|thickness_flexible|1.0|||
01/01/2024|54|06200600000EB|16.8|16.9|thickness_flexible|1.0|||
01/01/2024|54|06200600000EB|16.9|17.0|thickness_flexible|1.0|||
01/01/2024|54|06200600000EB|17.0|17.1|thickness_flexible|1.0|||
01/01/2024|54|06200600000EB|17.1|17.2|thickness_flexible|1.0|||
01/01/2024|54|06200600000EB|17.2|17.29|thickness_flexible|1.0|||
01/01/2024|54|21100790000NB|83.55|83.6|thickness_flexible|7.0|||
01/01/2024|54|21100790000NB|83.6|83.7|thickness_flexible|7.0|||
01/01/2024|54|21100790000NB|83.7|83.8|thickness_flexible|7.0|||
01/01/2024|54|21100790000NB|83.8|83.9|thickness_flexible|7.0|||
01/01/2024|54|21100790000NB|83.9|84.0|thickness_flexible|7.0|||
01/01/2024|54|21100790000NB|84.0|84.1|thickness_flexible|7.0|||
01/01/2024|54|21100790000NB|84.1|84.2|thickness_flexible|7.0|||
01/01/2024|54|21100790000NB|84.2|84.3|thickness_flexible|7.0|||
01/01/2024|54|21100790000NB|84.3|84.4|thickness_flexible|7.0|||
01/01/2024|54|21100790000NB|84.4|84.5|thickness_flexible|7.0|||
01/01/2024|54|21100790000NB|84.5|84.6|thickness_flexible|7.0|||
01/01/2024|54|21100790000NB|84.6|84.7|thickness_flexible|7.0|||
01/01/2024|54|21100790000NB|84.7|84.8|thickness_flexible|7.0|||
01/01/2024|54|21100790000NB|84.8|84.9|thickness_flexible|7.0|||
01/01/2024|54|21100790000NB|84.9|85.0|thickness_flexible|7.0|||
01/01/2024|54|21100790000NB|85.0|85.1|thickness_flexible|7.0|||
01/01/2024|54|21100790000NB|85.1|85.2|thickness_flexible|7.0|||
01/01/2024|54|21100790000NB|85.2|85.3|thickness_flexible|7.0|||
01/01/2024|54|21100790000NB|85.3|85.4|thickness_flexible|7.0|||
01/01/2024|54|21100790000NB|85.4|85.5|thickness_flexible|7.0|||
01/01/2024|54|21100790000NB|85.5|85.6|thickness_flexible|7.0|||
01/01/2024|54|21100790000NB|85.6|85.7|thickness_flexible|7.0|||
01/01/2024|54|21100790000NB|85.7|85.8|thickness_flexible|7.0|||
01/01/2024|54|21100790000NB|85.8|85.9|thickness_flexible|7.0|||
01/01/2024|54|21100790000NB|85.9|86.0|thickness_flexible|7.0|||
01/01/2024|54|21100790000NB|86.0|86.1|thickness_flexible|7.0|||
01/01/2024|54|21100790000NB|86.1|86.2|thickness_flexible|7.0|||
01/01/2024|54|21100790000NB|86.2|86.3|thickness_flexible|7.0|||
01/01/2024|54|21100790000NB|86.3|86.4|thickness_flexible|7.0|||
01/01/2024|54|21100790000NB|86.4|86.5|thickness_flexible|7.0|||
01/01/2024|54|21100790000NB|86.5|86.6|thickness_flexible|7.0|||
01/01/2024|54|21100790000NB|86.6|86.7|thickness_flexible|7.0|||
01/01/2024|54|21100790000NB|86.7|86.8|thickness_flexible|7.0|||
01/01/2024|54|21100790000NB|86.8|86.9|thickness_flexible|7.0|||
01/01/2024|54|21100790000NB|86.9|87.0|thickness_flexible|7.0|||
01/01/2024|54|21100790000NB|87.0|87.1|thickness_flexible|7.0|||
01/01/2024|54|21100790000NB|87.1|87.2|thickness_flexible|7.0|||
01/01/2024|54|21100790000NB|87.2|87.3|thickness_flexible|7.0|||
01/01/2024|54|21100790000NB|87.3|87.4|thickness_flexible|7.0|||
01/01/2024|54|21100790000NB|87.4|87.45|thickness_flexible|7.0|||
01/01/2024|54|21100790000NB|87.45|87.5|thickness_flexible|5.0|||
01/01/2024|54|21100790000NB|87.5|87.6|thickness_flexible|5.0|||
01/01/2024|54|21100790000NB|87.6|87.7|thickness_flexible|5.0|||
01/01/2024|54|21100790000NB|87.7|87.8|thickness_flexible|5.0|||
01/01/2024|54|21100790000NB|87.8|87.9|thickness_flexible|5.0|||
01/01/2024|54|21100790000NB|87.9|88.0|thickness_flexible|5.0|||
01/01/2024|54|21100790000NB|88.0|88.1|thickness_flexible|5.0|||
01/01/2024|54|21100790000NB|88.1|88.2|thickness_flexible|5.0|||
01/01/2024|54|21100790000NB|88.2|88.3|thickness_flexible|5.0|||
01/01/2024|54|21100790000NB|88.3|88.4|thickness_flexible|5.0|||
01/01/2024|54|21100790000NB|88.4|88.5|thickness_flexible|5.0|||
01/01/2024|54|21100790000NB|88.5|88.6|thickness_flexible|5.0|||
01/01/2024|54|21100790000NB|88.6|88.7|thickness_flexible|5.0|||
01/01/2024|54|21100790000NB|88.7|88.8|thickness_flexible|5.0|||
01/01/2024|54|21100790000NB|88.8|88.9|thickness_flexible|5.0|||
01/01/2024|54|21100790000NB|88.9|89.0|thickness_flexible|5.0|||
01/01/2024|54|21100790000NB|89.0|89.1|thickness_flexible|5.0|||
01/01/2024|54|21100790000NB|89.1|89.2|thickness_flexible|5.0|||
01/01/2024|54|21100790000NB|89.2|89.3|thickness_flexible|5.0|||
01/01/2024|54|21100790000NB|89.3|89.4|thickness_flexible|5.0|||
01/01/2024|54|21100790000NB|89.4|89.5|thickness_flexible|5.0|||
01/01/2024|54|21100790000NB|89.5|89.6|thickness_flexible|5.0|||
01/01/2024|54|21100790000NB|89.6|89.7|thickness_flexible|5.0|||
01/01/2024|54|21100790000NB|89.7|89.8|thickness_flexible|5.0|||
01/01/2024|54|21100790000NB|89.8|89.9|thickness_flexible|5.0|||
01/01/2024|54|21100790000NB|89.9|90.0|thickness_flexible|5.0|||
01/01/2024|54|21100790000NB|90.0|90.1|thickness_flexible|5.0|||
01/01/2024|54|21100790000NB|90.1|90.2|thickness_flexible|5.0|||
01/01/2024|54|21100790000NB|90.2|90.3|thickness_flexible|5.0|||
01/01/2024|54|21100790000NB|90.3|90.4|thickness_flexible|5.0|||
01/01/2024|54|21100790000NB|90.4|90.5|thickness_flexible|5.0|||
01/01/2024|54|21100790000NB|90.5|90.6|thickness_flexible|5.0|||
01/01/2024|54|21100790000NB|90.6|90.7|thickness_flexible|5.0|||
01/01/2024|54|21100790000NB|90.7|90.77|thickness_flexible|5.0|||
01/01/2024|54|21100790000NB|90.77|90.8|thickness_flexible|5.0|||
01/01/2024|54|21100790000NB|90.8|90.82|thickness_flexible|5.0|||
01/01/2024|54|21100790000NB|90.82|90.9|thickness_flexible|5.0|||
01/01/2024|54|21100790000NB|90.9|90.92|thickness_flexible|5.0|||
01/01/2024|54|21100790000NB|90.92|91.0|thickness_flexible|5.0|||
01/01/2024|54|21100790000NB|91.0|91.1|thickness_flexible|5.0|||
01/01/2024|54|21100790000NB|91.1|91.2|thickness_flexible|5.0|||
01/01/2024|54|21100790000NB|91.2|91.3|thickness_flexible|5.0|||
01/01/2024|54|21100790000NB|91.3|91.4|thickness_flexible|5.0|||
01/01/2024|54|21100790000NB|91.4|91.5|thickness_flexible|5.0|||
01/01/2024|54|21100790000NB|91.5|91.6|thickness_flexible|5.0|||
01/01/2024|54|21100790000NB|91.6|91.7|thickness_flexible|5.0|||
01/01/2024|54|21100790000NB|91.7|91.8|thickness_flexible|5.0|||
01/01/2024|54|21100790000NB|91.8|91.9|thickness_flexible|5.0|||
01/01/2024|54|21100790000NB|91.9|92.0|thickness_flexible|5.0|||
01/01/2024|54|21100790000NB|92.0|92.1|thickness_flexible|5.0|||
01/01/2024|54|21100790000NB|92.1|92.2|thickness_flexible|5.0|||
01/01/2024|54|21100790000NB|92.2|92.3|thickness_flexible|5.0|||
01/01/2024|54|21100790000NB|92.3|92.4|thickness_flexible|5.0|||
01/01/2024|54|21100790000NB|92.4|92.5|thickness_flexible|5.0|||
01/01/2024|54|21100790000NB|92.5|92.6|thickness_flexible|5.0|||
01/01/2024|54|21100790000NB|92.6|92.7|thickness_flexible|5.0|||
01/01/2024|54|21100790000NB|92.7|92.8|thickness_flexible|5.0|||
01/01/2024|54|21100790000NB|92.8|92.9|thickness_flexible|5.0|||
01/01/2024|54|21100790000NB|92.9|93.0|thickness_flexible|5.0|||
01/01/2024|54|21100790000NB|93.0|93.1|thickness_flexible|5.0|||
01/01/2024|54|21100790000NB|93.1|93.2|thickness_flexible|5.0|||
01/01/2024|54|21100790000NB|93.2|93.3|thickness_flexible|5.0|||
01/01/2024|54|21100790000NB|93.3|93.4|thickness_flexible|5.0|||
01/01/2024|54|21100790000NB|93.4|93.5|thickness_flexible|5.0|||
01/01/2024|54|21100790000NB|93.5|93.6|thickness_flexible|5.0|||
01/01/2024|54|21100790000NB|93.6|93.7|thickness_flexible|5.0|||
01/01/2024|54|21100790000NB|93.7|93.8|thickness_flexible|5.0|||
01/01/2024|54|21100790000NB|93.8|93.9|thickness_flexible|5.0|||
01/01/2024|54|21100790000NB|93.9|94.0|thickness_flexible|5.0|||
01/01/2024|54|21100790000NB|94.0|94.1|thickness_flexible|5.0|||
01/01/2024|54|21100790000NB|94.1|94.2|thickness_flexible|5.0|||
01/01/2024|54|21100790000NB|94.2|94.3|thickness_flexible|5.0|||
01/01/2024|54|21100790000NB|94.3|94.4|thickness_flexible|5.0|||
01/01/2024|54|21100790000NB|94.4|94.5|thickness_flexible|5.0|||
01/01/2024|54|21100790000NB|94.5|94.6|thickness_flexible|5.0|||
01/01/2024|54|21100790000NB|94.6|94.7|thickness_flexible|5.0|||
01/01/2024|54|21100790000NB|94.7|94.8|thickness_flexible|5.0|||
01/01/2024|54|21100790000NB|94.8|94.9|thickness_flexible|5.0|||
01/01/2024|54|21100790000NB|94.9|95.0|thickness_flexible|5.0|||
01/01/2024|54|21100790000NB|95.0|95.1|thickness_flexible|5.0|||
01/01/2024|54|21100790000NB|95.1|95.2|thickness_flexible|5.0|||
01/01/2024|54|21100790000NB|95.2|95.3|thickness_flexible|5.0|||
01/01/2024|54|21100790000NB|95.3|95.4|thickness_flexible|5.0|||
01/01/2024|54|21100790000NB|95.4|95.5|thickness_flexible|5.0|||
01/01/2024|54|21100790000NB|95.5|95.6|thickness_flexible|5.0|||
01/01/2024|54|21100790000NB|95.6|95.7|thickness_flexible|5.0|||
01/01/2024|54|21100790000NB|95.7|95.73|thickness_flexible|5.0|||
01/01/2024|54|21100790000NB|95.73|95.8|thickness_flexible|5.0|||
01/01/2024|54|21100790000NB|95.8|95.82|thickness_flexible|5.0|||
01/01/2024|54|21100790000NB|95.82|95.9|thickness_flexible|5.0|||
01/01/2024|54|21100790000NB|95.9|96.0|thickness_flexible|5.0|||
01/01/2024|54|21100790000NB|96.0|96.1|thickness_flexible|5.0|||
01/01/2024|54|21100790000NB|96.1|96.17|thickness_flexible|5.0|||
01/01/2024|54|21100790000NB|96.17|96.2|thickness_flexible|5.0|||
01/01/2024|54|21100790000NB|96.2|96.3|thickness_flexible|5.0|||
01/01/2024|54|21100790000NB|96.3|96.4|thickness_flexible|5.0|||
01/01/2024|54|21100790000NB|96.4|96.5|thickness_flexible|5.0|||
01/01/2024|54|21100790000NB|96.5|96.6|thickness_flexible|5.0|||
01/01/2024|54|21100790000NB|96.6|96.7|thickness_flexible|5.0|||
01/01/2024|54|21100790000NB|96.7|96.8|thickness_flexible|5.0|||
01/01/2024|54|21100790000NB|96.8|96.9|thickness_flexible|5.0|||
01/01/2024|54|21100790000NB|96.9|97.0|thickness_flexible|5.0|||
01/01/2024|54|21100790000NB|97.0|97.1|thickness_flexible|5.0|||
01/01/2024|54|21100790000NB|97.1|97.13|thickness_flexible|5.0|||
01/01/2024|54|21100790000NB|97.13|97.2|thickness_flexible|5.0|||
01/01/2024|54|21100790000NB|97.2|97.3|thickness_flexible|5.0|||
01/01/2024|54|21100790000NB|97.3|97.4|thickness_flexible|5.0|||
01/01/2024|54|21100790000NB|97.4|97.5|thickness_flexible|5.0|||
01/01/2024|54|21100790000NB|97.5|97.6|thickness_flexible|5.0|||
01/01/2024|54|21100790000NB|97.6|97.7|thickness_flexible|5.0|||
01/01/2024|54|21100790000NB|97.7|97.8|thickness_flexible|5.0|||
01/01/2024|54|21100790000NB|97.8|97.9|thickness_flexible|5.0|||
01/01/2024|54|21100790000NB|97.9|98.0|thickness_flexible|5.0|||
01/01/2024|54|21100790000NB|98.0|98.1|thickness_flexible|5.0|||
01/01/2024|54|21100790000NB|98.1|98.2|thickness_flexible|5.0|||
01/01/2024|54|21100790000NB|98.2|98.287|thickness_flexible|5.0|||
01/01/2024|54|21100790000NB|98.4|98.5|thickness_flexible|5.0|||
01/01/2024|54|21100790000NB|98.5|98.6|thickness_flexible|5.0|||
01/01/2024|54|21100790000NB|98.6|98.63|thickness_flexible|5.0|||
01/01/2024|54|21100790000NB|98.63|98.7|thickness_flexible|5.0|||
01/01/2024|54|21100790000NB|98.7|98.8|thickness_flexible|5.0|||
01/01/2024|54|21100790000NB|98.8|98.9|thickness_flexible|5.0|||
01/01/2024|54|21100790000NB|98.9|98.925|thickness_flexible|5.0|||
01/01/2024|54|21100790000NB|100.39|100.4|thickness_flexible|5.0|||
01/01/2024|54|21100790000NB|100.4|100.5|thickness_flexible|5.0|||
01/01/2024|54|21100790000NB|100.5|100.6|thickness_flexible|5.0|||
01/01/2024|54|21100790000NB|100.6|100.7|thickness_flexible|5.0|||
01/01/2024|54|21100790000NB|100.7|100.8|thickness_flexible|5.0|||
01/01/2024|54|21100790000NB|100.8|100.9|thickness_flexible|5.0|||
01/01/2024|54|21100790000NB|100.9|101.0|thickness_flexible|5.0|||
01/01/2024|54|21100790000NB|101.0|101.1|thickness_flexible|5.0|||
01/01/2024|54|21100790000NB|101.1|101.2|thickness_flexible|5.0|||
01/01/2024|54|21100790000NB|101.2|101.3|thickness_flexible|5.0|||
01/01/2024|54|21100790000NB|101.3|101.4|thickness_flexible|5.0|||
01/01/2024|54|21100790000NB|101.4|101.5|thickness_flexible|5.0|||
01/01/2024|54|21100790000NB|101.5|101.6|thickness_flexible|5.0|||
01/01/2024|54|21100790000NB|101.6|101.69|thickness_flexible|5.0|||
01/01/2024|54|21100790000NB|101.69|101.7|thickness_flexible|5.0|||
01/01/2024|54|21100790000NB|101.7|101.8|thickness_flexible|5.0|||
01/01/2024|54|21100790000NB|101.8|101.9|thickness_flexible|5.0|||
01/01/2024|54|21100790000NB|101.9|102.0|thickness_flexible|5.0|||
01/01/2024|54|21100790000NB|102.0|102.1|thickness_flexible|5.0|||
01/01/2024|54|21100790000NB|102.1|102.2|thickness_flexible|5.0|||
01/01/2024|54|21100790000NB|102.2|102.3|thickness_flexible|5.0|||
01/01/2024|54|21100790000NB|102.3|102.4|thickness_flexible|5.0|||
01/01/2024|54|21100790000NB|102.4|102.5|thickness_flexible|5.0|||
01/01/2024|54|21100790000NB|102.5|102.6|thickness_flexible|5.0|||
01/01/2024|54|21100790000NB|102.6|102.7|thickness_flexible|5.0|||
01/01/2024|54|21100790000NB|102.7|102.8|thickness_flexible|5.0|||
01/01/2024|54|21100790000NB|102.8|102.9|thickness_flexible|5.0|||
01/01/2024|54|21100790000NB|102.9|103.0|thickness_flexible|5.0|||
01/01/2024|54|21100790000NB|103.0|103.1|thickness_flexible|5.0|||
01/01/2024|54|21100790000NB|103.1|103.2|thickness_flexible|5.0|||
01/01/2024|54|21100790000NB|103.2|103.3|thickness_flexible|5.0|||
01/01/2024|54|21100790000NB|103.3|103.4|thickness_flexible|5.0|||
01/01/2024|54|21100790000NB|103.4|103.5|thickness_flexible|5.0|||
01/01/2024|54|21100790000NB|103.5|103.6|thickness_flexible|5.0|||
01/01/2024|54|21100790000NB|103.6|103.7|thickness_flexible|5.0|||
01/01/2024|54|21100790000NB|103.7|103.8|thickness_flexible|5.0|||
01/01/2024|54|21100790000NB|103.8|103.9|thickness_flexible|5.0|||
01/01/2024|54|21100790000NB|103.9|104.0|thickness_flexible|5.0|||
01/01/2024|54|21100790000NB|104.0|104.1|thickness_flexible|5.0|||
01/01/2024|54|21100790000NB|104.1|104.15|thickness_flexible|5.0|||
01/01/2024|54|21100790000NB|104.69|104.7|thickness_flexible|5.0|||
01/01/2024|54|21100790000NB|104.7|104.8|thickness_flexible|5.0|||
01/01/2024|54|21100790000NB|104.8|104.9|thickness_flexible|5.0|||
01/01/2024|54|21100790000NB|104.9|105.0|thickness_flexible|5.0|||
01/01/2024|54|21100790000NB|105.0|105.1|thickness_flexible|5.0|||
01/01/2024|54|21100790000NB|105.1|105.2|thickness_flexible|5.0|||
01/01/2024|54|21100790000NB|105.2|105.3|thickness_flexible|5.0|||
01/01/2024|54|21100790000NB|105.3|105.4|thickness_flexible|5.0|||
01/01/2024|54|21100790000NB|105.4|105.5|thickness_flexible|5.0|||
01/01/2024|54|21100790000NB|105.5|105.6|thickness_flexible|5.0|||
01/01/2024|54|21100790000NB|105.6|105.7|thickness_flexible|5.0|||
01/01/2024|54|21100790000NB|105.7|105.8|thickness_flexible|5.0|||
01/01/2024|54|21100790000NB|105.8|105.9|thickness_flexible|5.0|||
01/01/2024|54|21100790000NB|105.9|106.0|thickness_flexible|5.0|||
01/01/2024|54|21100790000NB|106.0|106.1|thickness_flexible|5.0|||
01/01/2024|54|21100790000NB|106.1|106.2|thickness_flexible|5.0|||
01/01/2024|54|21100790000NB|106.2|106.3|thickness_flexible|5.0|||
01/01/2024|54|21100790000NB|106.3|106.4|thickness_flexible|5.0|||
01/01/2024|54|21100790000NB|106.4|106.42|thickness_flexible|5.0|||
01/01/2024|54|2840021010000|0.0|0.89|thickness_flexible|6.0|||
01/01/2024|54|0640017000000|4.05|4.17|thickness_flexible|1.0|||
01/01/2024|54|0640017000000|4.3|4.41|thickness_flexible|1.0|||
01/01/2024|54|0640017000000|4.47|5.02|thickness_flexible|1.0|||
01/01/2024|54|5430095000000|3.77|3.8|thickness_flexible|9.0|||
01/01/2024|54|5430095000000|3.8|3.9|thickness_flexible|9.0|||
01/01/2024|54|5430095000000|3.9|3.99|thickness_flexible|9.0|||
01/01/2024|54|5430095000000|4.2|4.3|thickness_flexible|9.0|||
01/01/2024|54|5430095000000|4.3|4.4|thickness_flexible|9.0|||
01/01/2024|54|5430095000000|4.4|4.5|thickness_flexible|9.0|||
01/01/2024|54|5430095000000|4.5|4.6|thickness_flexible|9.0|||
01/01/2024|54|5430095000000|4.6|4.7|thickness_flexible|9.0|||
01/01/2024|54|5430095000000|4.7|4.8|thickness_flexible|9.0|||
01/01/2024|54|5430095000000|4.8|4.9|thickness_flexible|9.0|||
01/01/2024|54|5430095000000|4.9|5.0|thickness_flexible|9.0|||
01/01/2024|54|5430095000000|5.0|5.1|thickness_flexible|9.0|||
01/01/2024|54|5430095000000|5.1|5.2|thickness_flexible|9.0|||
01/01/2024|54|5430095000000|5.2|5.3|thickness_flexible|9.0|||
01/01/2024|54|5430095000000|5.3|5.4|thickness_flexible|9.0|||
01/01/2024|54|5430095000000|5.4|5.5|thickness_flexible|9.0|||
01/01/2024|54|5430095000000|5.5|5.6|thickness_flexible|9.0|||
01/01/2024|54|5430095000000|5.6|5.7|thickness_flexible|9.0|||
01/01/2024|54|5430095000000|5.7|5.8|thickness_flexible|9.0|||
01/01/2024|54|5430095000000|5.8|5.9|thickness_flexible|9.0|||
01/01/2024|54|5430095000000|5.9|6.0|thickness_flexible|9.0|||
01/01/2024|54|5430095000000|6.0|6.1|thickness_flexible|9.0|||
01/01/2024|54|5430095000000|6.1|6.12|thickness_flexible|9.0|||
01/01/2024|54|5430095000000|6.12|6.2|thickness_flexible|9.0|||
01/01/2024|54|5430095000000|6.2|6.29|thickness_flexible|9.0|||
01/01/2024|54|5430095000000|6.44|6.5|thickness_flexible|9.0|||
01/01/2024|54|5430095000000|6.5|6.58|thickness_flexible|9.0|||
01/01/2024|54|2830104000000|1.65|1.93|thickness_flexible|9.0|||
01/01/2024|54|2830104000000|1.93|1.95|thickness_flexible|9.0|||
01/01/2024|54|2830104000000|1.95|2.65|thickness_flexible|9.0|||
01/01/2024|54|4140008000000|0.0|0.11|thickness_flexible|6.0|||
01/01/2024|54|4140008000000|0.19|0.75|thickness_flexible|6.0|||
01/01/2024|54|1940031000000|0.0|0.029|thickness_flexible|9.0|||
01/01/2024|54|5530010000000|24.14|24.2|thickness_flexible|9.0|||
01/01/2024|54|5530010000000|24.2|24.3|thickness_flexible|9.0|||
01/01/2024|54|5530010000000|24.3|24.38|thickness_flexible|9.0|||
01/01/2024|54|0640060700000|0.0|0.18|thickness_flexible|1.0|||
01/01/2024|54|0640060700000|0.18|0.56|thickness_flexible|1.0|||
01/01/2024|54|0640060700000|0.56|0.76|thickness_flexible|1.0|||
01/01/2024|54|17200500000EB|0.0|0.1|thickness_flexible|9.0|||
01/01/2024|54|17200500000EB|0.1|0.2|thickness_flexible|9.0|||
01/01/2024|54|17200500000EB|0.2|0.3|thickness_flexible|9.0|||
01/01/2024|54|17200500000EB|0.3|0.4|thickness_flexible|9.0|||
01/01/2024|54|17200500000EB|0.4|0.5|thickness_flexible|9.0|||
01/01/2024|54|17200500000EB|0.5|0.6|thickness_flexible|9.0|||
01/01/2024|54|17200500000EB|0.6|0.7|thickness_flexible|9.0|||
01/01/2024|54|17200500000EB|0.7|0.8|thickness_flexible|9.0|||
01/01/2024|54|17200500000EB|0.8|0.9|thickness_flexible|9.0|||
01/01/2024|54|17200500000EB|0.9|1.0|thickness_flexible|9.0|||
01/01/2024|54|17200500000EB|1.0|1.1|thickness_flexible|9.0|||
01/01/2024|54|17200500000EB|1.1|1.2|thickness_flexible|9.0|||
01/01/2024|54|17200500000EB|1.2|1.3|thickness_flexible|9.0|||
01/01/2024|54|17200500000EB|1.3|1.4|thickness_flexible|9.0|||
01/01/2024|54|17200500000EB|1.4|1.5|thickness_flexible|9.0|||
01/01/2024|54|17200500000EB|1.5|1.53|thickness_flexible|9.0|||
01/01/2024|54|17200500000EB|1.53|1.6|thickness_flexible|9.0|||
01/01/2024|54|17200500000EB|1.6|1.7|thickness_flexible|9.0|||
01/01/2024|54|17200500000EB|1.7|1.8|thickness_flexible|9.0|||
01/01/2024|54|17200500000EB|1.8|1.9|thickness_flexible|9.0|||
01/01/2024|54|17200500000EB|1.9|2.0|thickness_flexible|9.0|||
01/01/2024|54|17200500000EB|2.0|2.1|thickness_flexible|9.0|||
01/01/2024|54|17200500000EB|2.1|2.2|thickness_flexible|9.0|||
01/01/2024|54|17200500000EB|2.2|2.3|thickness_flexible|9.0|||
01/01/2024|54|17200500000EB|2.3|2.4|thickness_flexible|9.0|||
01/01/2024|54|17200500000EB|2.4|2.5|thickness_flexible|9.0|||
01/01/2024|54|17200500000EB|2.5|2.6|thickness_flexible|9.0|||
01/01/2024|54|17200500000EB|2.6|2.7|thickness_flexible|9.0|||
01/01/2024|54|17200500000EB|2.7|2.8|thickness_flexible|9.0|||
01/01/2024|54|17200500000EB|2.8|2.9|thickness_flexible|9.0|||
01/01/2024|54|17200500000EB|2.9|3.0|thickness_flexible|9.0|||
01/01/2024|54|17200500000EB|3.0|3.1|thickness_flexible|9.0|||
01/01/2024|54|17200500000EB|3.1|3.2|thickness_flexible|9.0|||
01/01/2024|54|17200500000EB|3.2|3.3|thickness_flexible|9.0|||
01/01/2024|54|17200500000EB|3.3|3.37|thickness_flexible|9.0|||
01/01/2024|54|17200500000EB|3.42|3.5|thickness_flexible|9.0|||
01/01/2024|54|17200500000EB|3.5|3.6|thickness_flexible|9.0|||
01/01/2024|54|17200500000EB|3.6|3.7|thickness_flexible|9.0|||
01/01/2024|54|17200500000EB|3.7|3.8|thickness_flexible|9.0|||
01/01/2024|54|17200500000EB|6.11|6.2|thickness_flexible|9.0|||
01/01/2024|54|17200500000EB|6.2|6.3|thickness_flexible|9.0|||
01/01/2024|54|17200500000EB|6.3|6.4|thickness_flexible|9.0|||
01/01/2024|54|17200500000EB|6.4|6.5|thickness_flexible|9.0|||
01/01/2024|54|17200500000EB|6.5|6.6|thickness_flexible|9.0|||
01/01/2024|54|17200500000EB|6.6|6.7|thickness_flexible|9.0|||
01/01/2024|54|17200500000EB|6.7|6.8|thickness_flexible|9.0|||
01/01/2024|54|17200500000EB|6.8|6.9|thickness_flexible|9.0|||
01/01/2024|54|17200500000EB|6.9|7.0|thickness_flexible|9.0|||
01/01/2024|54|17200500000EB|7.0|7.1|thickness_flexible|9.0|||
01/01/2024|54|17200500000EB|7.1|7.16|thickness_flexible|9.0|||
01/01/2024|54|17200500000EB|11.38|11.4|thickness_flexible|9.0|||
01/01/2024|54|17200500000EB|11.4|11.5|thickness_flexible|9.0|||
01/01/2024|54|17200500000EB|11.5|11.6|thickness_flexible|9.0|||
01/01/2024|54|17200500000EB|11.6|11.7|thickness_flexible|9.0|||
01/01/2024|54|17200500000EB|11.7|11.8|thickness_flexible|9.0|||
01/01/2024|54|17200500000EB|11.8|11.9|thickness_flexible|9.0|||
01/01/2024|54|17200500000EB|11.9|12.0|thickness_flexible|9.0|||
01/01/2024|54|17200500000EB|12.0|12.1|thickness_flexible|9.0|||
01/01/2024|54|17200500000EB|12.1|12.2|thickness_flexible|9.0|||
01/01/2024|54|17200500000EB|12.2|12.29|thickness_flexible|9.0|||
01/01/2024|54|17200500000EB|12.29|12.3|thickness_flexible|9.0|||
01/01/2024|54|17200500000EB|12.3|12.4|thickness_flexible|9.0|||
01/01/2024|54|17200500000EB|12.4|12.5|thickness_flexible|9.0|||
01/01/2024|54|17200500000EB|12.5|12.6|thickness_flexible|9.0|||
01/01/2024|54|17200500000EB|12.6|12.7|thickness_flexible|9.0|||
01/01/2024|54|17200500000EB|12.7|12.8|thickness_flexible|9.0|||
01/01/2024|54|17200500000EB|12.8|12.88|thickness_flexible|9.0|||
01/01/2024|54|17200500000EB|13.25|13.3|thickness_flexible|9.0|||
01/01/2024|54|17200500000EB|13.3|13.4|thickness_flexible|9.0|||
01/01/2024|54|17200500000EB|13.4|13.5|thickness_flexible|9.0|||
01/01/2024|54|17200500000EB|13.5|13.6|thickness_flexible|9.0|||
01/01/2024|54|17200500000EB|13.6|13.7|thickness_flexible|9.0|||
01/01/2024|54|17200500000EB|13.7|13.78|thickness_flexible|9.0|||
01/01/2024|54|17200500000EB|13.78|13.8|thickness_flexible|9.0|||
01/01/2024|54|17200500000EB|13.8|13.9|thickness_flexible|9.0|||
01/01/2024|54|17200500000EB|13.9|14.0|thickness_flexible|9.0|||
01/01/2024|54|17200500000EB|14.0|14.03|thickness_flexible|9.0|||
01/01/2024|54|4130003000000|35.98|36.0|thickness_flexible|6.0|||
01/01/2024|54|4130003000000|36.0|36.1|thickness_flexible|6.0|||
01/01/2024|54|4130003000000|36.1|36.18|thickness_flexible|6.0|||
01/01/2024|54|4130003000000|36.23|36.49|thickness_flexible|6.0|||
01/01/2024|54|4130003000000|37.1|37.73|thickness_flexible|6.0|||
01/01/2024|54|2840027000000|0.0|1.57|thickness_flexible|6.0|||
01/01/2024|54|2840027000000|2.12|2.59|thickness_flexible|6.0|||
01/01/2024|54|3140057000000|1.21|1.3|thickness_flexible|9.0|||
01/01/2024|54|3140057000000|1.3|1.33|thickness_flexible|9.0|||
01/01/2024|54|50200520000EB|5.8|5.9|thickness_flexible|1.0|||
01/01/2024|54|50200520000EB|5.9|6.0|thickness_flexible|1.0|||
01/01/2024|54|50200520000EB|6.0|6.1|thickness_flexible|1.0|||
01/01/2024|54|50200520000EB|6.1|6.2|thickness_flexible|1.0|||
01/01/2024|54|50200520000EB|6.2|6.3|thickness_flexible|1.0|||
01/01/2024|54|50200520000EB|6.3|6.4|thickness_flexible|1.0|||
01/01/2024|54|50200520000EB|6.4|6.5|thickness_flexible|1.0|||
01/01/2024|54|50200520000EB|6.5|6.51|thickness_flexible|1.0|||
01/01/2024|54|50200520000EB|29.12|29.2|thickness_flexible|3.0|||
01/01/2024|54|50200520000EB|29.2|29.3|thickness_flexible|3.0|||
01/01/2024|54|50200520000EB|29.3|29.4|thickness_flexible|3.0|||
01/01/2024|54|50200520000EB|29.4|29.5|thickness_flexible|3.0|||
01/01/2024|54|50200520000EB|29.5|29.6|thickness_flexible|3.0|||
01/01/2024|54|50200520000EB|29.6|29.7|thickness_flexible|3.0|||
01/01/2024|54|50200520000EB|29.7|29.8|thickness_flexible|3.0|||
01/01/2024|54|50200520000EB|29.8|29.9|thickness_flexible|3.0|||
01/01/2024|54|50200520000EB|29.9|30.0|thickness_flexible|3.0|||
01/01/2024|54|50200520000EB|30.0|30.1|thickness_flexible|3.0|||
01/01/2024|54|50200520000EB|30.1|30.2|thickness_flexible|3.0|||
01/01/2024|54|50200520000EB|30.2|30.3|thickness_flexible|3.0|||
01/01/2024|54|50200520000EB|30.3|30.4|thickness_flexible|3.0|||
01/01/2024|54|50200520000EB|30.4|30.5|thickness_flexible|3.0|||
01/01/2024|54|50200520000EB|30.5|30.6|thickness_flexible|3.0|||
01/01/2024|54|50200520000EB|30.6|30.7|thickness_flexible|3.0|||
01/01/2024|54|50200520000EB|30.7|30.8|thickness_flexible|3.0|||
01/01/2024|54|50200520000EB|30.8|30.9|thickness_flexible|3.0|||
01/01/2024|54|50200520000EB|30.9|31.0|thickness_flexible|3.0|||
01/01/2024|54|50200520000EB|31.0|31.1|thickness_flexible|3.0|||
01/01/2024|54|50200520000EB|31.1|31.2|thickness_flexible|3.0|||
01/01/2024|54|50200520000EB|31.2|31.3|thickness_flexible|3.0|||
01/01/2024|54|50200520000EB|31.3|31.4|thickness_flexible|3.0|||
01/01/2024|54|0640009000000|1.688|1.803|thickness_flexible|2.0|||
01/01/2024|54|4140008030000|0.0|0.65|thickness_flexible|6.0|||
01/01/2024|54|1540011030000|0.06|0.352|thickness_flexible|9.0|||
01/01/2024|54|10200600000EB|0.34|0.345|thickness_flexible|1.0|||
01/01/2024|54|10200600000EB|0.345|1.01|thickness_flexible|1.0|||
01/01/2024|54|4140001000000|1.95|3.4|thickness_flexible|9.0|||
01/01/2024|54|4140001000000|3.4|4.14|thickness_flexible|9.0|||
01/01/2024|54|38202500000NB|0.0|0.1|thickness_flexible|9.0|||
01/01/2024|54|38202500000NB|0.1|0.2|thickness_flexible|9.0|||
01/01/2024|54|38202500000NB|0.2|0.3|thickness_flexible|9.0|||
01/01/2024|54|38202500000NB|0.3|0.4|thickness_flexible|9.0|||
01/01/2024|54|38202500000NB|0.4|0.5|thickness_flexible|9.0|||
01/01/2024|54|38202500000NB|0.5|0.6|thickness_flexible|9.0|||
01/01/2024|54|38202500000NB|0.6|0.7|thickness_flexible|9.0|||
01/01/2024|54|38202500000NB|0.7|0.8|thickness_flexible|9.0|||
01/01/2024|54|38202500000NB|0.8|0.9|thickness_flexible|9.0|||
01/01/2024|54|38202500000NB|0.9|1.0|thickness_flexible|9.0|||
01/01/2024|54|38202500000NB|1.0|1.1|thickness_flexible|9.0|||
01/01/2024|54|38202500000NB|1.1|1.2|thickness_flexible|9.0|||
01/01/2024|54|38202500000NB|1.2|1.3|thickness_flexible|9.0|||
01/01/2024|54|38202500000NB|1.3|1.4|thickness_flexible|9.0|||
01/01/2024|54|38202500000NB|1.4|1.5|thickness_flexible|9.0|||
01/01/2024|54|38202500000NB|1.5|1.6|thickness_flexible|9.0|||
01/01/2024|54|38202500000NB|1.6|1.7|thickness_flexible|9.0|||
01/01/2024|54|38202500000NB|1.7|1.8|thickness_flexible|9.0|||
01/01/2024|54|38202500000NB|1.8|1.9|thickness_flexible|9.0|||
01/01/2024|54|38202500000NB|1.9|2.0|thickness_flexible|9.0|||
01/01/2024|54|38202500000NB|2.0|2.1|thickness_flexible|9.0|||
01/01/2024|54|38202500000NB|2.1|2.2|thickness_flexible|9.0|||
01/01/2024|54|38202500000NB|2.2|2.3|thickness_flexible|9.0|||
01/01/2024|54|38202500000NB|2.3|2.4|thickness_flexible|9.0|||
01/01/2024|54|38202500000NB|2.4|2.5|thickness_flexible|9.0|||
01/01/2024|54|38202500000NB|2.5|2.6|thickness_flexible|9.0|||
01/01/2024|54|38202500000NB|2.6|2.7|thickness_flexible|9.0|||
01/01/2024|54|38202500000NB|2.7|2.8|thickness_flexible|9.0|||
01/01/2024|54|38202500000NB|2.8|2.9|thickness_flexible|9.0|||
01/01/2024|54|38202500000NB|2.9|3.0|thickness_flexible|9.0|||
01/01/2024|54|38202500000NB|3.0|3.1|thickness_flexible|9.0|||
01/01/2024|54|38202500000NB|3.1|3.2|thickness_flexible|9.0|||
01/01/2024|54|38202500000NB|3.2|3.3|thickness_flexible|9.0|||
01/01/2024|54|38202500000NB|3.3|3.4|thickness_flexible|9.0|||
01/01/2024|54|38202500000NB|3.4|3.5|thickness_flexible|9.0|||
01/01/2024|54|38202500000NB|3.5|3.6|thickness_flexible|9.0|||
01/01/2024|54|38202500000NB|3.6|3.7|thickness_flexible|9.0|||
01/01/2024|54|38202500000NB|3.7|3.8|thickness_flexible|9.0|||
01/01/2024|54|38202500000NB|3.8|3.9|thickness_flexible|9.0|||
01/01/2024|54|38202500000NB|3.9|4.0|thickness_flexible|9.0|||
01/01/2024|54|38202500000NB|4.0|4.1|thickness_flexible|9.0|||
01/01/2024|54|38202500000NB|4.1|4.2|thickness_flexible|9.0|||
01/01/2024|54|38202500000NB|4.2|4.3|thickness_flexible|9.0|||
01/01/2024|54|38202500000NB|4.3|4.4|thickness_flexible|9.0|||
01/01/2024|54|38202500000NB|4.4|4.5|thickness_flexible|9.0|||
01/01/2024|54|38202500000NB|4.5|4.6|thickness_flexible|9.0|||
01/01/2024|54|38202500000NB|4.6|4.7|thickness_flexible|9.0|||
01/01/2024|54|38202500000NB|4.7|4.8|thickness_flexible|9.0|||
01/01/2024|54|38202500000NB|4.8|4.9|thickness_flexible|9.0|||
01/01/2024|54|38202500000NB|4.9|5.0|thickness_flexible|9.0|||
01/01/2024|54|38202500000NB|5.01|5.1|thickness_flexible|9.0|||
01/01/2024|54|38202500000NB|5.1|5.2|thickness_flexible|9.0|||
01/01/2024|54|38202500000NB|5.2|5.3|thickness_flexible|9.0|||
01/01/2024|54|38202500000NB|5.3|5.4|thickness_flexible|9.0|||
01/01/2024|54|38202500000NB|5.4|5.5|thickness_flexible|9.0|||
01/01/2024|54|38202500000NB|5.5|5.6|thickness_flexible|9.0|||
01/01/2024|54|38202500000NB|5.6|5.7|thickness_flexible|9.0|||
01/01/2024|54|38202500000NB|5.7|5.8|thickness_flexible|9.0|||
01/01/2024|54|38202500000NB|5.8|5.9|thickness_flexible|9.0|||
01/01/2024|54|38202500000NB|5.9|6.0|thickness_flexible|9.0|||
01/01/2024|54|38202500000NB|6.0|6.1|thickness_flexible|9.0|||
01/01/2024|54|38202500000NB|6.1|6.2|thickness_flexible|9.0|||
01/01/2024|54|38202500000NB|6.2|6.3|thickness_flexible|9.0|||
01/01/2024|54|38202500000NB|6.3|6.4|thickness_flexible|9.0|||
01/01/2024|54|38202500000NB|6.4|6.5|thickness_flexible|9.0|||
01/01/2024|54|38202500000NB|6.5|6.6|thickness_flexible|9.0|||
01/01/2024|54|38202500000NB|6.6|6.7|thickness_flexible|9.0|||
01/01/2024|54|38202500000NB|6.7|6.8|thickness_flexible|9.0|||
01/01/2024|54|38202500000NB|6.8|6.9|thickness_flexible|9.0|||
01/01/2024|54|38202500000NB|6.9|7.0|thickness_flexible|9.0|||
01/01/2024|54|0630010000000|15.69|15.7|thickness_flexible|1.0|||
01/01/2024|54|0630010000000|15.7|15.798|thickness_flexible|1.0|||
01/01/2024|54|0630010000000|15.798|15.8|thickness_flexible|1.0|||
01/01/2024|54|0630010000000|15.8|15.82|thickness_flexible|1.0|||
01/01/2024|54|0630010000000|15.82|15.9|thickness_flexible|1.0|||
01/01/2024|54|0630010000000|15.9|16.0|thickness_flexible|1.0|||
01/01/2024|54|0630010000000|16.0|16.1|thickness_flexible|1.0|||
01/01/2024|54|0630010000000|16.1|16.2|thickness_flexible|1.0|||
01/01/2024|54|0630010000000|16.2|16.27|thickness_flexible|1.0|||
01/01/2024|54|0630010000000|17.21|17.37|thickness_flexible|1.0|||
01/01/2024|54|0630010000000|17.46|17.5|thickness_flexible|1.0|||
01/01/2024|54|0630010000000|17.5|17.6|thickness_flexible|1.0|||
01/01/2024|54|0630010000000|17.6|17.7|thickness_flexible|1.0|||
01/01/2024|54|0630010000000|17.7|17.8|thickness_flexible|1.0|||
01/01/2024|54|0630010000000|17.8|17.9|thickness_flexible|1.0|||
01/01/2024|54|0630010000000|17.9|18.0|thickness_flexible|1.0|||
01/01/2024|54|0630010000000|18.0|18.1|thickness_flexible|1.0|||
01/01/2024|54|0630010000000|18.1|18.2|thickness_flexible|1.0|||
01/01/2024|54|0630010000000|18.2|18.3|thickness_flexible|1.0|||
01/01/2024|54|0630010000000|18.3|18.4|thickness_flexible|1.0|||
01/01/2024|54|0630010000000|18.4|18.41|thickness_flexible|1.0|||
01/01/2024|54|55200520000EB|0.0|0.1|thickness_flexible|9.0|||
01/01/2024|54|55200520000EB|0.1|0.2|thickness_flexible|9.0|||
01/01/2024|54|55200520000EB|0.2|0.3|thickness_flexible|9.0|||
01/01/2024|54|55200520000EB|0.3|0.4|thickness_flexible|9.0|||
01/01/2024|54|55200520000EB|0.4|0.5|thickness_flexible|9.0|||
01/01/2024|54|55200520000EB|0.5|0.6|thickness_flexible|9.0|||
01/01/2024|54|55200520000EB|0.6|0.7|thickness_flexible|9.0|||
01/01/2024|54|55200520000EB|0.7|0.8|thickness_flexible|9.0|||
01/01/2024|54|55200520000EB|0.8|0.9|thickness_flexible|9.0|||
01/01/2024|54|55200520000EB|0.9|1.0|thickness_flexible|9.0|||
01/01/2024|54|55200520000EB|1.0|1.1|thickness_flexible|9.0|||
01/01/2024|54|55200520000EB|1.1|1.2|thickness_flexible|9.0|||
01/01/2024|54|55200520000EB|1.2|1.3|thickness_flexible|9.0|||
01/01/2024|54|55200520000EB|1.3|1.4|thickness_flexible|9.0|||
01/01/2024|54|55200520000EB|4.78|4.8|thickness_flexible|9.0|||
01/01/2024|54|55200520000EB|4.8|4.9|thickness_flexible|9.0|||
01/01/2024|54|55200520000EB|4.9|5.0|thickness_flexible|9.0|||
01/01/2024|54|55200520000EB|5.0|5.1|thickness_flexible|9.0|||
01/01/2024|54|55200520000EB|5.1|5.2|thickness_flexible|9.0|||
01/01/2024|54|55200520000EB|5.2|5.3|thickness_flexible|9.0|||
01/01/2024|54|55200520000EB|5.3|5.4|thickness_flexible|9.0|||
01/01/2024|54|55200520000EB|5.4|5.5|thickness_flexible|9.0|||
01/01/2024|54|55200520000EB|5.5|5.6|thickness_flexible|9.0|||
01/01/2024|54|55200520000EB|5.6|5.7|thickness_flexible|9.0|||
01/01/2024|54|55200520000EB|5.7|5.8|thickness_flexible|9.0|||
01/01/2024|54|55200520000EB|5.8|5.9|thickness_flexible|9.0|||
01/01/2024|54|55200520000EB|5.9|6.0|thickness_flexible|9.0|||
01/01/2024|54|55200520000EB|6.0|6.1|thickness_flexible|9.0|||
01/01/2024|54|55200520000EB|6.1|6.2|thickness_flexible|9.0|||
01/01/2024|54|55200520000EB|6.2|6.3|thickness_flexible|9.0|||
01/01/2024|54|55200520000EB|6.3|6.4|thickness_flexible|9.0|||
01/01/2024|54|55200520000EB|6.4|6.5|thickness_flexible|9.0|||
01/01/2024|54|55200520000EB|6.5|6.6|thickness_flexible|9.0|||
01/01/2024|54|55200520000EB|6.6|6.7|thickness_flexible|9.0|||
01/01/2024|54|55200520000EB|6.7|6.8|thickness_flexible|9.0|||
01/01/2024|54|55200520000EB|6.8|6.9|thickness_flexible|9.0|||
01/01/2024|54|55200520000EB|6.9|7.0|thickness_flexible|9.0|||
01/01/2024|54|55200520000EB|7.0|7.1|thickness_flexible|9.0|||
01/01/2024|54|55200520000EB|7.1|7.2|thickness_flexible|9.0|||
01/01/2024|54|55200520000EB|7.2|7.3|thickness_flexible|9.0|||
01/01/2024|54|55200520000EB|7.3|7.4|thickness_flexible|9.0|||
01/01/2024|54|55200520000EB|7.4|7.5|thickness_flexible|9.0|||
01/01/2024|54|55200520000EB|7.5|7.6|thickness_flexible|9.0|||
01/01/2024|54|55200520000EB|7.6|7.65|thickness_flexible|9.0|||
01/01/2024|54|55200520000EB|7.65|7.7|thickness_flexible|9.0|||
01/01/2024|54|55200520000EB|7.7|7.8|thickness_flexible|9.0|||
01/01/2024|54|55200520000EB|7.8|7.9|thickness_flexible|9.0|||
01/01/2024|54|55200520000EB|7.9|8.0|thickness_flexible|9.0|||
01/01/2024|54|55200520000EB|8.0|8.1|thickness_flexible|9.0|||
01/01/2024|54|55200520000EB|8.1|8.2|thickness_flexible|9.0|||
01/01/2024|54|55200520000EB|8.2|8.3|thickness_flexible|9.0|||
01/01/2024|54|55200520000EB|8.3|8.34|thickness_flexible|9.0|||
01/01/2024|54|5040009000000|0.65|1.92|thickness_flexible|1.0|||
01/01/2024|54|5040009000000|1.92|3.59|thickness_flexible|1.0|||
01/01/2024|54|0673287001900|0.0|0.28|thickness_flexible|1.0|||
01/01/2024|54|0673287001900|0.51|0.69|thickness_flexible|1.0|||
01/01/2024|54|0673287001900|0.69|0.86|thickness_flexible|1.0|||
01/01/2024|54|0673287001900|1.03|1.14|thickness_flexible|1.0|||
01/01/2024|54|0673288001900|0.78|0.89|thickness_flexible|1.0|||
01/01/2024|54|2040011000000|0.899|0.95|thickness_flexible|2.0|||
01/01/2024|54|44200330000EB|4.33|4.4|thickness_flexible|9.0|||
01/01/2024|54|44200330000EB|4.4|4.5|thickness_flexible|9.0|||
01/01/2024|54|44200330000EB|4.5|4.6|thickness_flexible|9.0|||
01/01/2024|54|44200330000EB|4.6|4.7|thickness_flexible|9.0|||
01/01/2024|54|44200330000EB|4.7|4.8|thickness_flexible|9.0|||
01/01/2024|54|44200330000EB|4.8|4.9|thickness_flexible|9.0|||
01/01/2024|54|44200330000EB|4.9|5.0|thickness_flexible|9.0|||
01/01/2024|54|44200330000EB|5.0|5.1|thickness_flexible|9.0|||
01/01/2024|54|44200330000EB|5.1|5.2|thickness_flexible|9.0|||
01/01/2024|54|44200330000EB|5.2|5.3|thickness_flexible|9.0|||
01/01/2024|54|44200330000EB|5.3|5.4|thickness_flexible|9.0|||
01/01/2024|54|44200330000EB|5.4|5.5|thickness_flexible|9.0|||
01/01/2024|54|44200330000EB|5.5|5.6|thickness_flexible|9.0|||
01/01/2024|54|44200330000EB|5.6|5.61|thickness_flexible|9.0|||
01/01/2024|54|44200330000EB|6.75|6.8|thickness_flexible|9.0|||
01/01/2024|54|44200330000EB|6.8|6.9|thickness_flexible|9.0|||
01/01/2024|54|44200330000EB|6.9|7.0|thickness_flexible|9.0|||
01/01/2024|54|44200330000EB|7.0|7.1|thickness_flexible|9.0|||
01/01/2024|54|44200330000EB|7.1|7.2|thickness_flexible|9.0|||
01/01/2024|54|44200330000EB|7.2|7.3|thickness_flexible|9.0|||
01/01/2024|54|44200330000EB|7.3|7.4|thickness_flexible|9.0|||
01/01/2024|54|44200330000EB|7.4|7.5|thickness_flexible|9.0|||
01/01/2024|54|44200330000EB|7.5|7.6|thickness_flexible|9.0|||
01/01/2024|54|44200330000EB|7.6|7.7|thickness_flexible|9.0|||
01/01/2024|54|44200330000EB|7.7|7.8|thickness_flexible|9.0|||
01/01/2024|54|44200330000EB|7.8|7.9|thickness_flexible|9.0|||
01/01/2024|54|44200330000EB|7.9|8.0|thickness_flexible|9.0|||
01/01/2024|54|44200330000EB|8.0|8.1|thickness_flexible|9.0|||
01/01/2024|54|44200330000EB|8.1|8.2|thickness_flexible|9.0|||
01/01/2024|54|44200330000EB|8.2|8.3|thickness_flexible|9.0|||
01/01/2024|54|44200330000EB|8.3|8.4|thickness_flexible|9.0|||
01/01/2024|54|44200330000EB|8.4|8.5|thickness_flexible|9.0|||
01/01/2024|54|44200330000EB|8.5|8.6|thickness_flexible|9.0|||
01/01/2024|54|44200330000EB|8.6|8.7|thickness_flexible|9.0|||
01/01/2024|54|44200330000EB|8.7|8.8|thickness_flexible|9.0|||
01/01/2024|54|44200330000EB|8.8|8.9|thickness_flexible|9.0|||
01/01/2024|54|44200330000EB|8.9|9.0|thickness_flexible|9.0|||
01/01/2024|54|44200330000EB|9.0|9.1|thickness_flexible|9.0|||
01/01/2024|54|44200330000EB|15.77|15.8|thickness_flexible|9.0|||
01/01/2024|54|44200330000EB|15.8|15.9|thickness_flexible|9.0|||
01/01/2024|54|44200330000EB|15.9|16.0|thickness_flexible|9.0|||
01/01/2024|54|44200330000EB|16.0|16.1|thickness_flexible|9.0|||
01/01/2024|54|44200330000EB|16.1|16.2|thickness_flexible|9.0|||
01/01/2024|54|44200330000EB|16.2|16.3|thickness_flexible|9.0|||
01/01/2024|54|44200330000EB|16.3|16.4|thickness_flexible|9.0|||
01/01/2024|54|44200330000EB|16.4|16.5|thickness_flexible|9.0|||
01/01/2024|54|44200330000EB|16.5|16.6|thickness_flexible|9.0|||
01/01/2024|54|44200330000EB|16.6|16.7|thickness_flexible|9.0|||
01/01/2024|54|44200330000EB|16.7|16.8|thickness_flexible|9.0|||
01/01/2024|54|44200330000EB|16.8|16.9|thickness_flexible|9.0|||
01/01/2024|54|44200330000EB|16.9|17.0|thickness_flexible|9.0|||
01/01/2024|54|44200330000EB|17.0|17.1|thickness_flexible|9.0|||
01/01/2024|54|44200330000EB|17.1|17.2|thickness_flexible|9.0|||
01/01/2024|54|44200330000EB|17.2|17.3|thickness_flexible|9.0|||
01/01/2024|54|44200330000EB|17.3|17.4|thickness_flexible|9.0|||
01/01/2024|54|44200330000EB|17.4|17.5|thickness_flexible|9.0|||
01/01/2024|54|44200330000EB|17.5|17.6|thickness_flexible|9.0|||
01/01/2024|54|44200330000EB|17.6|17.7|thickness_flexible|9.0|||
01/01/2024|54|44200330000EB|17.7|17.73|thickness_flexible|9.0|||
01/01/2024|54|1030006000000|0.0|0.12|thickness_flexible|1.0|||
01/01/2024|54|5040012000000|3.176|4.65|thickness_flexible|1.0|||
01/01/2024|54|5040003020000|0.0|0.1|thickness_flexible|1.0|||
01/01/2024|54|5040003020000|0.1|0.2|thickness_flexible|1.0|||
01/01/2024|54|5040003020000|0.2|0.3|thickness_flexible|1.0|||
01/01/2024|54|5040003020000|0.3|0.4|thickness_flexible|1.0|||
01/01/2024|54|5040003020000|0.4|0.5|thickness_flexible|1.0|||
01/01/2024|54|5040003020000|0.5|0.6|thickness_flexible|1.0|||
01/01/2024|54|5040003020000|0.6|0.64|thickness_flexible|1.0|||
01/01/2024|54|5040003020000|0.64|0.7|thickness_flexible|1.0|||
01/01/2024|54|5040003020000|0.7|0.8|thickness_flexible|1.0|||
01/01/2024|54|5040003020000|0.8|0.9|thickness_flexible|1.0|||
01/01/2024|54|5040003020000|0.9|1.0|thickness_flexible|1.0|||
01/01/2024|54|5040003020000|1.0|1.1|thickness_flexible|1.0|||
01/01/2024|54|5040003020000|1.1|1.2|thickness_flexible|1.0|||
01/01/2024|54|5040003020000|1.2|1.25|thickness_flexible|1.0|||
01/01/2024|54|2330080000000|0.86|0.9|thickness_flexible|2.0|||
01/01/2024|54|2330080000000|0.9|1.0|thickness_flexible|2.0|||
01/01/2024|54|2330080000000|1.0|1.1|thickness_flexible|2.0|||
01/01/2024|54|2330080000000|1.1|1.2|thickness_flexible|2.0|||
01/01/2024|54|2330080000000|1.2|1.3|thickness_flexible|2.0|||
01/01/2024|54|2330080000000|1.3|1.4|thickness_flexible|2.0|||
01/01/2024|54|2330080000000|1.4|1.5|thickness_flexible|2.0|||
01/01/2024|54|2330080000000|1.5|1.57|thickness_flexible|2.0|||
01/01/2024|54|4140041210000|0.0|1.63|thickness_flexible|6.0|||
01/01/2024|54|4140018000000|2.99|3.0|thickness_flexible|6.0|||
01/01/2024|54|4140018000000|3.0|3.51|thickness_flexible|6.0|||
01/01/2024|54|4140018000000|3.51|4.41|thickness_flexible|6.0|||
01/01/2024|54|4140006090000|0.6|1.37|thickness_flexible|9.0|||
01/01/2024|54|29202200000NB|12.61|12.7|thickness_flexible|3.0|||
01/01/2024|54|29202200000NB|12.7|12.8|thickness_flexible|3.0|||
01/01/2024|54|29202200000NB|12.8|12.9|thickness_flexible|3.0|||
01/01/2024|54|29202200000NB|12.9|13.0|thickness_flexible|3.0|||
01/01/2024|54|29202200000NB|13.0|13.1|thickness_flexible|3.0|||
01/01/2024|54|29202200000NB|13.1|13.2|thickness_flexible|3.0|||
01/01/2024|54|29202200000NB|13.2|13.26|thickness_flexible|3.0|||
01/01/2024|54|29202200000NB|13.78|13.8|thickness_flexible|3.0|||
01/01/2024|54|2330073000000|0.31|0.4|thickness_flexible|1.0|||
01/01/2024|54|2330073000000|0.4|0.5|thickness_flexible|1.0|||
01/01/2024|54|2330073000000|0.5|0.6|thickness_flexible|1.0|||
01/01/2024|54|2330073000000|0.6|0.7|thickness_flexible|1.0|||
01/01/2024|54|2330073000000|0.7|0.8|thickness_flexible|1.0|||
01/01/2024|54|2330073000000|0.8|0.9|thickness_flexible|1.0|||
01/01/2024|54|2330073000000|0.9|1.0|thickness_flexible|1.0|||
01/01/2024|54|2330073000000|1.0|1.1|thickness_flexible|1.0|||
01/01/2024|54|2330073000000|1.1|1.2|thickness_flexible|1.0|||
01/01/2024|54|2330073000000|1.2|1.3|thickness_flexible|1.0|||
01/01/2024|54|2330073000000|1.3|1.4|thickness_flexible|1.0|||
01/01/2024|54|2330073000000|1.4|1.5|thickness_flexible|1.0|||
01/01/2024|54|2330073000000|1.5|1.6|thickness_flexible|1.0|||
01/01/2024|54|2330073000000|1.6|1.7|thickness_flexible|1.0|||
01/01/2024|54|2330073000000|1.7|1.8|thickness_flexible|1.0|||
01/01/2024|54|2330073000000|1.8|1.9|thickness_flexible|1.0|||
01/01/2024|54|2330073000000|1.9|2.0|thickness_flexible|1.0|||
01/01/2024|54|2330073000000|2.0|2.1|thickness_flexible|1.0|||
01/01/2024|54|2330073000000|2.1|2.15|thickness_flexible|1.0|||
01/01/2024|54|2840014000000|0.0|0.63|thickness_flexible|6.0|||
01/01/2024|54|1740011000000|0.0|1.14|thickness_flexible|9.0|||
01/01/2024|54|1740011000000|1.14|2.3|thickness_flexible|9.0|||
01/01/2024|54|1740011000000|4.24|4.7|thickness_flexible|9.0|||
01/01/2024|54|1740011000000|4.7|5.24|thickness_flexible|9.0|||
01/01/2024|54|1230093000000|9.71|9.8|thickness_flexible|6.0|||
01/01/2024|54|1230093000000|9.8|9.9|thickness_flexible|6.0|||
01/01/2024|54|1230093000000|9.9|10.0|thickness_flexible|6.0|||
01/01/2024|54|1230093000000|10.0|10.1|thickness_flexible|6.0|||
01/01/2024|54|1230093000000|10.1|10.2|thickness_flexible|6.0|||
01/01/2024|54|1230093000000|10.2|10.3|thickness_flexible|6.0|||
01/01/2024|54|1230093000000|10.3|10.4|thickness_flexible|6.0|||
01/01/2024|54|1230093000000|10.4|10.5|thickness_flexible|6.0|||
01/01/2024|54|1230093000000|10.5|10.6|thickness_flexible|6.0|||
01/01/2024|54|1230093000000|10.6|10.7|thickness_flexible|6.0|||
01/01/2024|54|1230093000000|10.7|10.8|thickness_flexible|6.0|||
01/01/2024|54|1230093000000|10.8|10.9|thickness_flexible|6.0|||
01/01/2024|54|1230093000000|10.9|11.0|thickness_flexible|6.0|||
01/01/2024|54|1230093000000|11.0|11.1|thickness_flexible|6.0|||
01/01/2024|54|1230093000000|11.1|11.2|thickness_flexible|6.0|||
01/01/2024|54|1230093000000|11.2|11.3|thickness_flexible|6.0|||
01/01/2024|54|1230093000000|11.3|11.4|thickness_flexible|6.0|||
01/01/2024|54|1230093000000|11.4|11.5|thickness_flexible|6.0|||
01/01/2024|54|1230093000000|11.5|11.6|thickness_flexible|6.0|||
01/01/2024|54|1230093000000|11.6|11.7|thickness_flexible|6.0|||
01/01/2024|54|1230093000000|11.7|11.8|thickness_flexible|6.0|||
01/01/2024|54|1230093000000|11.8|11.9|thickness_flexible|6.0|||
01/01/2024|54|1230093000000|11.9|12.0|thickness_flexible|6.0|||
01/01/2024|54|1230093000000|12.0|12.1|thickness_flexible|6.0|||
01/01/2024|54|1230093000000|12.1|12.2|thickness_flexible|6.0|||
01/01/2024|54|1230093000000|12.2|12.3|thickness_flexible|6.0|||
01/01/2024|54|1230093000000|12.3|12.4|thickness_flexible|6.0|||
01/01/2024|54|1230093000000|12.4|12.5|thickness_flexible|6.0|||
01/01/2024|54|1230093000000|12.5|12.6|thickness_flexible|6.0|||
01/01/2024|54|1230093000000|12.6|12.7|thickness_flexible|6.0|||
01/01/2024|54|1230093000000|12.7|12.8|thickness_flexible|6.0|||
01/01/2024|54|1230093000000|12.8|12.9|thickness_flexible|6.0|||
01/01/2024|54|1230093000000|12.9|13.0|thickness_flexible|6.0|||
01/01/2024|54|1230093000000|13.0|13.1|thickness_flexible|6.0|||
01/01/2024|54|1230093000000|13.1|13.2|thickness_flexible|6.0|||
01/01/2024|54|1230093000000|13.2|13.3|thickness_flexible|6.0|||
01/01/2024|54|1230093000000|13.3|13.4|thickness_flexible|6.0|||
01/01/2024|54|1230093000000|13.4|13.45|thickness_flexible|6.0|||
01/01/2024|54|3430039000000|24.6|24.96|thickness_flexible|2.0|||
01/01/2024|54|4130016000000|8.47|9.485|thickness_flexible|9.0|||
01/01/2024|54|4130016000000|9.485|9.8|thickness_flexible|9.0|||
01/01/2024|54|4130016000000|12.0|12.009|thickness_flexible|9.0|||
01/01/2024|54|4130016000000|12.009|12.1|thickness_flexible|9.0|||
01/01/2024|54|4130016000000|12.1|12.2|thickness_flexible|9.0|||
01/01/2024|54|4130016000000|12.2|12.3|thickness_flexible|9.0|||
01/01/2024|54|4130016000000|12.3|12.4|thickness_flexible|9.0|||
01/01/2024|54|4130016000000|12.4|12.5|thickness_flexible|9.0|||
01/01/2024|54|4130016000000|12.5|12.6|thickness_flexible|9.0|||
01/01/2024|54|4130016000000|12.6|12.7|thickness_flexible|9.0|||
01/01/2024|54|4130016000000|12.7|12.8|thickness_flexible|9.0|||
01/01/2024|54|4130016000000|12.8|12.9|thickness_flexible|9.0|||
01/01/2024|54|4130016000000|12.9|13.0|thickness_flexible|9.0|||
01/01/2024|54|4130016000000|13.0|13.1|thickness_flexible|9.0|||
01/01/2024|54|4130016000000|13.1|13.2|thickness_flexible|9.0|||
01/01/2024|54|4130016000000|13.2|13.3|thickness_flexible|9.0|||
01/01/2024|54|4130016000000|13.3|13.4|thickness_flexible|9.0|||
01/01/2024|54|4130016000000|13.4|13.5|thickness_flexible|9.0|||
01/01/2024|54|4130016000000|13.5|13.6|thickness_flexible|9.0|||
01/01/2024|54|4130016000000|13.6|13.7|thickness_flexible|9.0|||
01/01/2024|54|4130016000000|13.7|13.8|thickness_flexible|9.0|||
01/01/2024|54|4130016000000|13.8|13.9|thickness_flexible|9.0|||
01/01/2024|54|4130016000000|13.9|14.0|thickness_flexible|9.0|||
01/01/2024|54|4130016000000|14.0|14.1|thickness_flexible|9.0|||
01/01/2024|54|4130016000000|14.1|14.12|thickness_flexible|9.0|||
01/01/2024|54|4130016000000|14.42|14.5|thickness_flexible|9.0|||
01/01/2024|54|4130016000000|14.5|14.6|thickness_flexible|9.0|||
01/01/2024|54|4130016000000|14.6|14.7|thickness_flexible|9.0|||
01/01/2024|54|4130016000000|14.7|14.72|thickness_flexible|9.0|||
01/01/2024|54|4130016000000|14.72|14.8|thickness_flexible|9.0|||
01/01/2024|54|4130016000000|14.8|14.9|thickness_flexible|9.0|||
01/01/2024|54|4130016000000|14.9|15.0|thickness_flexible|9.0|||
01/01/2024|54|4130016000000|15.0|15.08|thickness_flexible|9.0|||
01/01/2024|54|4130016000000|15.08|15.1|thickness_flexible|9.0|||
01/01/2024|54|4130016000000|15.1|15.2|thickness_flexible|9.0|||
01/01/2024|54|4130016000000|15.2|15.3|thickness_flexible|9.0|||
01/01/2024|54|4130016000000|15.3|15.4|thickness_flexible|9.0|||
01/01/2024|54|4130016000000|15.4|15.61|thickness_flexible|9.0|||
01/01/2024|54|4130016000000|15.65|15.7|thickness_flexible|9.0|||
01/01/2024|54|4130016000000|15.7|15.8|thickness_flexible|9.0|||
01/01/2024|54|4130016000000|15.8|15.81|thickness_flexible|9.0|||
01/01/2024|54|4130016000000|18.53|18.82|thickness_flexible|9.0|||
01/01/2024|54|4130016000000|18.82|18.96|thickness_flexible|9.0|||
01/01/2024|54|4130016000000|18.96|19.79|thickness_flexible|9.0|||
01/01/2024|54|0330094000000|0.0|3.01|thickness_flexible|1.0|||
01/01/2024|54|4240031000000|0.0|1.81|thickness_flexible|9.0|||
01/01/2024|54|0274257001900|0.0|0.11|thickness_flexible|9.0|||
01/01/2024|54|0274257001900|0.11|0.114|thickness_flexible|9.0|||
01/01/2024|54|0274257001900|0.114|0.42|thickness_flexible|9.0|||
01/01/2024|54|13202190000NB|2.57|4.79|thickness_flexible|2.0|||
01/01/2024|54|13202190000NB|5.364|5.37|thickness_flexible|2.0|||
01/01/2024|54|13202190000NB|5.37|5.69|thickness_flexible|2.0|||
01/01/2024|54|13202190000NB|5.69|6.03|thickness_flexible|2.0|||
01/01/2024|54|13202190000NB|6.03|6.04|thickness_flexible|2.0|||
01/01/2024|54|13202190000NB|6.04|6.39|thickness_flexible|2.0|||
01/01/2024|54|13202190000NB|6.39|6.52|thickness_flexible|2.0|||
01/01/2024|54|13202190000NB|6.52|6.69|thickness_flexible|2.0|||
01/01/2024|54|13202190000NB|6.69|7.11|thickness_flexible|2.0|||
01/01/2024|54|13202190000NB|7.43|8.59|thickness_flexible|2.0|||
01/01/2024|54|13202190000NB|8.59|9.06|thickness_flexible|2.0|||
01/01/2024|54|13202190000NB|9.06|9.87|thickness_flexible|2.0|||
01/01/2024|54|13202190000NB|10.01|10.2|thickness_flexible|2.0|||
01/01/2024|54|13202190000NB|10.2|10.4|thickness_flexible|2.0|||
01/01/2024|54|13202190000NB|10.4|10.48|thickness_flexible|2.0|||
01/01/2024|54|13202190000NB|10.48|10.85|thickness_flexible|2.0|||
01/01/2024|54|13202190000NB|13.99|14.154|thickness_flexible|2.0|||
01/01/2024|54|13202190000NB|14.154|14.34|thickness_flexible|2.0|||
01/01/2024|54|13202190000NB|14.34|14.45|thickness_flexible|2.0|||
01/01/2024|54|13202190000NB|15.74|16.37|thickness_flexible|2.0|||
01/01/2024|54|13202190000NB|21.34|21.86|thickness_flexible|2.0|||
01/01/2024|54|13202190000NB|25.9|26.76|thickness_flexible|2.0|||
01/01/2024|54|13202190000NB|26.76|26.97|thickness_flexible|2.0|||
01/01/2024|54|13202190000NB|26.97|27.33|thickness_flexible|2.0|||
01/01/2024|54|2340005000000|0.45|2.789|thickness_flexible|2.0|||
01/01/2024|54|41200190023EB|0.0|0.033|thickness_flexible|9.0|||
01/01/2024|54|41200190023EB|0.033|0.034|thickness_flexible|9.0|||
01/01/2024|54|41200190023EB|0.034|0.1|thickness_flexible|9.0|||
01/01/2024|54|41200190023EB|0.1|0.2|thickness_flexible|9.0|||
01/01/2024|54|41200190023EB|0.2|0.3|thickness_flexible|9.0|||
01/01/2024|54|41200190023EB|0.3|0.4|thickness_flexible|9.0|||
01/01/2024|54|41200190023EB|0.4|0.5|thickness_flexible|9.0|||
01/01/2024|54|41200190023EB|0.5|0.6|thickness_flexible|9.0|||
01/01/2024|54|41200190023EB|0.6|0.7|thickness_flexible|9.0|||
01/01/2024|54|41200190023EB|0.7|0.8|thickness_flexible|9.0|||
01/01/2024|54|41200190023EB|0.8|0.9|thickness_flexible|9.0|||
01/01/2024|54|41200190023EB|0.9|1.0|thickness_flexible|9.0|||
01/01/2024|54|41200190023EB|1.0|1.1|thickness_flexible|9.0|||
01/01/2024|54|41200190023EB|1.1|1.2|thickness_flexible|9.0|||
01/01/2024|54|41200190023EB|1.2|1.3|thickness_flexible|9.0|||
01/01/2024|54|41200190023EB|1.3|1.36|thickness_flexible|9.0|||
01/01/2024|54|2040039000000|7.15|8.83|thickness_flexible|9.0|||
01/01/2024|54|0640021000000|0.537|0.9|thickness_flexible|1.0|||
01/01/2024|54|0640021000000|0.9|1.51|thickness_flexible|1.0|||
01/01/2024|54|0640021000000|1.51|2.939|thickness_flexible|1.0|||
01/01/2024|54|0640021000000|2.947|2.98|thickness_flexible|1.0|||
01/01/2024|54|2430016000000|0.06|1.73|thickness_flexible|9.0|||
01/01/2024|54|2430016000000|4.05|6.18|thickness_flexible|9.0|||
01/01/2024|54|2430016000000|9.47|10.14|thickness_flexible|9.0|||
01/01/2024|54|2430016000000|13.75|14.05|thickness_flexible|9.0|||
01/01/2024|54|2430016000000|16.06|16.1|thickness_flexible|9.0|||
01/01/2024|54|2430016000000|16.1|16.2|thickness_flexible|9.0|||
01/01/2024|54|2430016000000|16.2|16.3|thickness_flexible|9.0|||
01/01/2024|54|2430016000000|16.3|16.4|thickness_flexible|9.0|||
01/01/2024|54|2430016000000|16.4|16.5|thickness_flexible|9.0|||
01/01/2024|54|2430016000000|16.5|16.6|thickness_flexible|9.0|||
01/01/2024|54|2430016000000|16.6|16.7|thickness_flexible|9.0|||
01/01/2024|54|2430016000000|16.7|16.8|thickness_flexible|9.0|||
01/01/2024|54|2430016000000|16.8|16.9|thickness_flexible|9.0|||
01/01/2024|54|2430016000000|16.9|17.0|thickness_flexible|9.0|||
01/01/2024|54|2430016000000|17.0|17.1|thickness_flexible|9.0|||
01/01/2024|54|2430016000000|17.1|17.2|thickness_flexible|9.0|||
01/01/2024|54|2430016000000|17.2|17.3|thickness_flexible|9.0|||
01/01/2024|54|2430016000000|17.3|17.4|thickness_flexible|9.0|||
01/01/2024|54|2430016000000|17.4|17.5|thickness_flexible|9.0|||
01/01/2024|54|2430016000000|17.5|17.6|thickness_flexible|9.0|||
01/01/2024|54|2430016000000|17.6|17.7|thickness_flexible|9.0|||
01/01/2024|54|2430016000000|17.7|17.8|thickness_flexible|9.0|||
01/01/2024|54|2430016000000|17.8|17.9|thickness_flexible|9.0|||
01/01/2024|54|2430016000000|17.9|18.0|thickness_flexible|9.0|||
01/01/2024|54|2430016000000|18.0|18.1|thickness_flexible|9.0|||
01/01/2024|54|2430016000000|18.1|18.2|thickness_flexible|9.0|||
01/01/2024|54|2430016000000|18.2|18.3|thickness_flexible|9.0|||
01/01/2024|54|2430016000000|18.3|18.4|thickness_flexible|9.0|||
01/01/2024|54|2430016000000|18.4|18.5|thickness_flexible|9.0|||
01/01/2024|54|2430016000000|18.5|18.6|thickness_flexible|9.0|||
01/01/2024|54|2430016000000|18.6|18.7|thickness_flexible|9.0|||
01/01/2024|54|2430016000000|18.7|18.8|thickness_flexible|9.0|||
01/01/2024|54|2430016000000|18.8|18.9|thickness_flexible|9.0|||
01/01/2024|54|2430016000000|18.9|19.0|thickness_flexible|9.0|||
01/01/2024|54|2430016000000|19.0|19.1|thickness_flexible|9.0|||
01/01/2024|54|2430016000000|19.1|19.2|thickness_flexible|9.0|||
01/01/2024|54|2430016000000|19.2|19.3|thickness_flexible|9.0|||
01/01/2024|54|2430016000000|19.3|19.4|thickness_flexible|9.0|||
01/01/2024|54|2430016000000|19.4|19.5|thickness_flexible|9.0|||
01/01/2024|54|2430016000000|19.5|19.56|thickness_flexible|9.0|||
01/01/2024|54|2430016000000|19.56|19.6|thickness_flexible|9.0|||
01/01/2024|54|2430016000000|19.6|19.7|thickness_flexible|9.0|||
01/01/2024|54|2430016000000|19.7|19.8|thickness_flexible|9.0|||
01/01/2024|54|2430016000000|19.8|19.9|thickness_flexible|9.0|||
01/01/2024|54|2430016000000|19.9|20.0|thickness_flexible|9.0|||
01/01/2024|54|2430016000000|20.0|20.1|thickness_flexible|9.0|||
01/01/2024|54|2430016000000|20.1|20.156|thickness_flexible|9.0|||
01/01/2024|54|2430016000000|20.156|20.2|thickness_flexible|9.0|||
01/01/2024|54|2430016000000|20.2|20.3|thickness_flexible|9.0|||
01/01/2024|54|2430016000000|20.3|20.4|thickness_flexible|9.0|||
01/01/2024|54|2430016000000|20.4|20.5|thickness_flexible|9.0|||
01/01/2024|54|2430016000000|20.5|20.6|thickness_flexible|9.0|||
01/01/2024|54|2430016000000|20.6|20.7|thickness_flexible|9.0|||
01/01/2024|54|2430016000000|20.7|20.79|thickness_flexible|9.0|||
01/01/2024|54|2430016000000|20.79|20.8|thickness_flexible|9.0|||
01/01/2024|54|2430016000000|20.8|20.9|thickness_flexible|9.0|||
01/01/2024|54|2430016000000|20.9|21.0|thickness_flexible|9.0|||
01/01/2024|54|2430016000000|21.0|21.1|thickness_flexible|9.0|||
01/01/2024|54|2430016000000|21.1|21.2|thickness_flexible|9.0|||
01/01/2024|54|2430016000000|21.2|21.3|thickness_flexible|9.0|||
01/01/2024|54|2430016000000|21.3|21.4|thickness_flexible|9.0|||
01/01/2024|54|2430016000000|21.4|21.5|thickness_flexible|9.0|||
01/01/2024|54|2430016000000|21.5|21.6|thickness_flexible|9.0|||
01/01/2024|54|2430016000000|21.6|21.7|thickness_flexible|9.0|||
01/01/2024|54|2430016000000|21.7|21.8|thickness_flexible|9.0|||
01/01/2024|54|2430016000000|21.8|21.9|thickness_flexible|9.0|||
01/01/2024|54|2430016000000|21.9|22.0|thickness_flexible|9.0|||
01/01/2024|54|2430016000000|22.0|22.05|thickness_flexible|9.0|||
01/01/2024|54|2430016000000|22.05|22.1|thickness_flexible|9.0|||
01/01/2024|54|2430016000000|22.1|22.2|thickness_flexible|9.0|||
01/01/2024|54|2430016000000|22.2|22.3|thickness_flexible|9.0|||
01/01/2024|54|2430016000000|22.3|22.4|thickness_flexible|9.0|||
01/01/2024|54|2430016000000|22.4|22.5|thickness_flexible|9.0|||
01/01/2024|54|2430016000000|22.5|22.6|thickness_flexible|9.0|||
01/01/2024|54|2430016000000|22.6|22.7|thickness_flexible|9.0|||
01/01/2024|54|2430016000000|22.7|22.8|thickness_flexible|9.0|||
01/01/2024|54|2430016000000|22.8|22.9|thickness_flexible|9.0|||
01/01/2024|54|2430016000000|22.9|23.0|thickness_flexible|9.0|||
01/01/2024|54|2430016000000|23.0|23.1|thickness_flexible|9.0|||
01/01/2024|54|2430016000000|23.1|23.2|thickness_flexible|9.0|||
01/01/2024|54|2430016000000|23.2|23.3|thickness_flexible|9.0|||
01/01/2024|54|2430016000000|23.3|23.4|thickness_flexible|9.0|||
01/01/2024|54|2430016000000|23.4|23.5|thickness_flexible|9.0|||
01/01/2024|54|2430016000000|23.5|23.6|thickness_flexible|9.0|||
01/01/2024|54|2430016000000|23.6|23.7|thickness_flexible|9.0|||
01/01/2024|54|2430016000000|23.7|23.76|thickness_flexible|9.0|||
01/01/2024|54|2430016000000|23.76|23.8|thickness_flexible|9.0|||
01/01/2024|54|2430016000000|23.8|23.9|thickness_flexible|9.0|||
01/01/2024|54|2430016000000|23.9|24.0|thickness_flexible|9.0|||
01/01/2024|54|2430016000000|24.0|24.1|thickness_flexible|9.0|||
01/01/2024|54|2430016000000|24.1|24.2|thickness_flexible|9.0|||
01/01/2024|54|2430016000000|24.2|24.3|thickness_flexible|9.0|||
01/01/2024|54|2430016000000|24.3|24.4|thickness_flexible|9.0|||
01/01/2024|54|2430016000000|24.4|24.5|thickness_flexible|9.0|||
01/01/2024|54|2430016000000|24.5|24.6|thickness_flexible|9.0|||
01/01/2024|54|2430016000000|24.6|24.7|thickness_flexible|9.0|||
01/01/2024|54|2430016000000|24.7|24.8|thickness_flexible|9.0|||
01/01/2024|54|2430016000000|24.8|24.86|thickness_flexible|9.0|||
01/01/2024|54|2430016000000|29.19|29.2|thickness_flexible|9.0|||
01/01/2024|54|2430016000000|29.2|29.3|thickness_flexible|9.0|||
01/01/2024|54|2430016000000|29.3|29.4|thickness_flexible|9.0|||
01/01/2024|54|2430016000000|29.4|29.41|thickness_flexible|9.0|||
01/01/2024|54|2430016000000|32.7|32.8|thickness_flexible|9.0|||
01/01/2024|54|2430016000000|32.8|32.9|thickness_flexible|9.0|||
01/01/2024|54|2430016000000|32.9|33.0|thickness_flexible|9.0|||
01/01/2024|54|2430016000000|33.0|33.1|thickness_flexible|9.0|||
01/01/2024|54|2430016000000|33.1|33.2|thickness_flexible|9.0|||
01/01/2024|54|2430016000000|33.2|33.3|thickness_flexible|9.0|||
01/01/2024|54|2430016000000|33.3|33.4|thickness_flexible|9.0|||
01/01/2024|54|2430016000000|33.4|33.5|thickness_flexible|9.0|||
01/01/2024|54|2430016000000|33.5|33.6|thickness_flexible|9.0|||
01/01/2024|54|2430016000000|33.6|33.7|thickness_flexible|9.0|||
01/01/2024|54|2430016000000|33.7|33.8|thickness_flexible|9.0|||
01/01/2024|54|2430016000000|33.8|33.9|thickness_flexible|9.0|||
01/01/2024|54|2430016000000|33.9|34.0|thickness_flexible|9.0|||
01/01/2024|54|2430016000000|34.0|34.1|thickness_flexible|9.0|||
01/01/2024|54|2430016000000|34.1|34.2|thickness_flexible|9.0|||
01/01/2024|54|2430016000000|34.2|34.3|thickness_flexible|9.0|||
01/01/2024|54|2430016000000|34.3|34.4|thickness_flexible|9.0|||
01/01/2024|54|2430016000000|34.4|34.5|thickness_flexible|9.0|||
01/01/2024|54|2430016000000|34.5|34.6|thickness_flexible|9.0|||
01/01/2024|54|2430016000000|34.6|34.7|thickness_flexible|9.0|||
01/01/2024|54|2430016000000|34.7|34.8|thickness_flexible|9.0|||
01/01/2024|54|2430016000000|34.8|34.9|thickness_flexible|9.0|||
01/01/2024|54|2430016000000|34.9|35.0|thickness_flexible|9.0|||
01/01/2024|54|2430016000000|35.0|35.1|thickness_flexible|9.0|||
01/01/2024|54|2430016000000|35.1|35.2|thickness_flexible|9.0|||
01/01/2024|54|2430016000000|35.2|35.3|thickness_flexible|9.0|||
01/01/2024|54|2430016000000|35.3|35.38|thickness_flexible|9.0|||
01/01/2024|54|39100680000EB|31.42|32.06|thickness_flexible|8.0|||
01/01/2024|54|0640031060000|0.0|0.38|thickness_flexible|1.0|||
01/01/2024|54|0640031060000|0.38|0.41|thickness_flexible|1.0|||
01/01/2024|54|0640031060000|0.41|0.48|thickness_flexible|1.0|||
01/01/2024|54|2840016010000|0.59|0.74|thickness_flexible|6.0|||
01/01/2024|54|1640007000000|5.61|6.0|thickness_flexible|9.0|||
01/01/2024|54|1640007000000|19.2|20.5|thickness_flexible|9.0|||
01/01/2024|54|2840007050000|0.0|0.324|thickness_flexible|6.0|||
01/01/2024|54|2840007050000|0.324|0.343|thickness_flexible|6.0|||
01/01/2024|54|2840007050000|0.343|1.11|thickness_flexible|6.0|||
01/01/2024|54|2840007050000|1.11|1.83|thickness_flexible|6.0|||
01/01/2024|54|2840007050000|1.836|2.1|thickness_flexible|6.0|||
01/01/2024|54|0630002000000|0.1|0.2|thickness_flexible|1.0|||
01/01/2024|54|0630002000000|0.2|0.21|thickness_flexible|1.0|||
01/01/2024|54|0630002000000|9.98|10.0|thickness_flexible|1.0|||
01/01/2024|54|0630002000000|10.0|10.08|thickness_flexible|1.0|||
01/01/2024|54|0630002000000|14.38|14.4|thickness_flexible|1.0|||
01/01/2024|54|0630002000000|14.4|14.5|thickness_flexible|1.0|||
01/01/2024|54|0630002000000|14.5|14.6|thickness_flexible|1.0|||
01/01/2024|54|0630002000000|14.6|14.7|thickness_flexible|1.0|||
01/01/2024|54|0630002000000|14.7|14.8|thickness_flexible|1.0|||
01/01/2024|54|0630002000000|14.8|14.9|thickness_flexible|1.0|||
01/01/2024|54|0630002000000|14.9|15.0|thickness_flexible|1.0|||
01/01/2024|54|0630002000000|15.0|15.1|thickness_flexible|1.0|||
01/01/2024|54|0630002000000|15.1|15.2|thickness_flexible|1.0|||
01/01/2024|54|0630002000000|15.2|15.3|thickness_flexible|1.0|||
01/01/2024|54|0630002000000|15.3|15.4|thickness_flexible|1.0|||
01/01/2024|54|0630002000000|15.4|15.5|thickness_flexible|1.0|||
01/01/2024|54|0630002000000|15.5|15.6|thickness_flexible|1.0|||
01/01/2024|54|0630002000000|15.6|15.7|thickness_flexible|1.0|||
01/01/2024|54|0630002000000|15.7|15.8|thickness_flexible|1.0|||
01/01/2024|54|0630002000000|15.8|15.9|thickness_flexible|1.0|||
01/01/2024|54|0630002000000|15.9|16.0|thickness_flexible|1.0|||
01/01/2024|54|0630002000000|16.0|16.1|thickness_flexible|1.0|||
01/01/2024|54|0630002000000|16.1|16.2|thickness_flexible|1.0|||
01/01/2024|54|0630002000000|16.2|16.3|thickness_flexible|1.0|||
01/01/2024|54|0630002000000|16.3|16.4|thickness_flexible|1.0|||
01/01/2024|54|0630002000000|16.4|16.5|thickness_flexible|1.0|||
01/01/2024|54|0630002000000|16.5|16.6|thickness_flexible|1.0|||
01/01/2024|54|0630002000000|16.6|16.7|thickness_flexible|1.0|||
01/01/2024|54|0630002000000|16.7|16.8|thickness_flexible|1.0|||
01/01/2024|54|0630002000000|16.8|16.9|thickness_flexible|1.0|||
01/01/2024|54|0630002000000|16.9|17.0|thickness_flexible|1.0|||
01/01/2024|54|0630002000000|17.0|17.1|thickness_flexible|1.0|||
01/01/2024|54|0630002000000|17.1|17.2|thickness_flexible|1.0|||
01/01/2024|54|0630002000000|17.2|17.3|thickness_flexible|1.0|||
01/01/2024|54|0630002000000|17.3|17.4|thickness_flexible|1.0|||
01/01/2024|54|0630002000000|17.4|17.5|thickness_flexible|1.0|||
01/01/2024|54|0630002000000|17.5|17.6|thickness_flexible|1.0|||
01/01/2024|54|0630002000000|17.6|17.7|thickness_flexible|1.0|||
01/01/2024|54|0630002000000|17.7|17.8|thickness_flexible|1.0|||
01/01/2024|54|0630002000000|17.8|17.9|thickness_flexible|1.0|||
01/01/2024|54|0630002000000|17.9|17.99|thickness_flexible|1.0|||
01/01/2024|54|0640039000000|2.08|2.62|thickness_flexible|1.0|||
01/01/2024|54|0130092000000|8.64|9.265|thickness_flexible|9.0|||
01/01/2024|54|0130092000000|9.265|10.73|thickness_flexible|9.0|||
01/01/2024|54|4040012000000|4.71|8.19|thickness_flexible|2.0|||
01/01/2024|54|4040012000000|8.19|10.77|thickness_flexible|2.0|||
01/01/2024|54|4040012000000|10.77|12.37|thickness_flexible|2.0|||
01/01/2024|54|12200480000EB|5.2|5.3|thickness_flexible|12.0|||
01/01/2024|54|0673285001900|0.0|0.32|thickness_flexible|1.0|||
01/01/2024|54|2840019290000|0.0|2.54|thickness_flexible|6.0|||
01/01/2024|54|2840019290000|2.54|3.32|thickness_flexible|6.0|||
01/01/2024|54|40100640000EB|31.77|32.57|thickness_flexible|9.0|||
01/01/2024|54|40100640000EB|32.57|33.45|thickness_flexible|9.0|||
01/01/2024|54|40100640000EB|33.45|34.45|thickness_flexible|9.0|||
01/01/2024|54|40100640000EB|34.45|36.27|thickness_flexible|9.0|||
01/01/2024|54|40100640000EB|36.27|38.54|thickness_flexible|9.0|||
01/01/2024|54|40100640000EB|40.46|40.568|thickness_flexible|9.0|||
01/01/2024|54|2840016000000|1.7|2.5|thickness_flexible|6.0|||
01/01/2024|54|2840016000000|2.5|2.614|thickness_flexible|6.0|||
01/01/2024|54|1740006000000|0.0|0.808|thickness_flexible|9.0|||
01/01/2024|54|06200600001EB|0.0|0.1|thickness_flexible|1.0|||
01/01/2024|54|06200600001EB|0.1|0.2|thickness_flexible|1.0|||
01/01/2024|54|06200600001EB|0.2|0.3|thickness_flexible|1.0|||
01/01/2024|54|06200600001EB|0.3|0.39|thickness_flexible|1.0|||
01/01/2024|54|13100640000EB|147.6|147.7|thickness_flexible|5.0|||
01/01/2024|54|13100640000EB|147.7|147.8|thickness_flexible|5.0|||
01/01/2024|54|13100640000EB|147.8|147.9|thickness_flexible|5.0|||
01/01/2024|54|13100640000EB|147.9|147.93|thickness_flexible|5.0|||
01/01/2024|54|13100640000EB|147.93|148.0|thickness_flexible|5.0|||
01/01/2024|54|13100640000EB|148.0|148.1|thickness_flexible|5.0|||
01/01/2024|54|13100640000EB|148.1|148.2|thickness_flexible|5.0|||
01/01/2024|54|13100640000EB|148.2|148.3|thickness_flexible|5.0|||
01/01/2024|54|13100640000EB|148.3|148.4|thickness_flexible|5.0|||
01/01/2024|54|13100640000EB|148.4|148.5|thickness_flexible|5.0|||
01/01/2024|54|13100640000EB|148.5|148.6|thickness_flexible|5.0|||
01/01/2024|54|13100640000EB|148.6|148.7|thickness_flexible|5.0|||
01/01/2024|54|13100640000EB|148.7|148.8|thickness_flexible|5.0|||
01/01/2024|54|13100640000EB|148.8|148.9|thickness_flexible|5.0|||
01/01/2024|54|13100640000EB|148.9|149.0|thickness_flexible|5.0|||
01/01/2024|54|13100640000EB|149.0|149.1|thickness_flexible|5.0|||
01/01/2024|54|13100640000EB|149.1|149.2|thickness_flexible|5.0|||
01/01/2024|54|13100640000EB|149.2|149.3|thickness_flexible|5.0|||
01/01/2024|54|13100640000EB|149.3|149.4|thickness_flexible|5.0|||
01/01/2024|54|13100640000EB|149.4|149.5|thickness_flexible|5.0|||
01/01/2024|54|13100640000EB|149.5|149.6|thickness_flexible|5.0|||
01/01/2024|54|13100640000EB|149.6|149.7|thickness_flexible|5.0|||
01/01/2024|54|13100640000EB|149.7|149.8|thickness_flexible|5.0|||
01/01/2024|54|13100640000EB|149.8|149.84|thickness_flexible|5.0|||
01/01/2024|54|13100640000EB|149.84|149.9|thickness_flexible|5.0|||
01/01/2024|54|13100640000EB|149.9|150.0|thickness_flexible|5.0|||
01/01/2024|54|13100640000EB|150.0|150.1|thickness_flexible|5.0|||
01/01/2024|54|13100640000EB|150.1|150.2|thickness_flexible|5.0|||
01/01/2024|54|13100640000EB|150.2|150.3|thickness_flexible|5.0|||
01/01/2024|54|13100640000EB|150.3|150.4|thickness_flexible|5.0|||
01/01/2024|54|13100640000EB|150.4|150.5|thickness_flexible|5.0|||
01/01/2024|54|13100640000EB|150.5|150.6|thickness_flexible|5.0|||
01/01/2024|54|13100640000EB|150.6|150.7|thickness_flexible|5.0|||
01/01/2024|54|13100640000EB|150.7|150.8|thickness_flexible|5.0|||
01/01/2024|54|13100640000EB|150.8|150.9|thickness_flexible|5.0|||
01/01/2024|54|13100640000EB|150.9|151.0|thickness_flexible|5.0|||
01/01/2024|54|13100640000EB|151.0|151.1|thickness_flexible|5.0|||
01/01/2024|54|13100640000EB|151.1|151.2|thickness_flexible|5.0|||
01/01/2024|54|13100640000EB|151.2|151.3|thickness_flexible|5.0|||
01/01/2024|54|13100640000EB|151.3|151.4|thickness_flexible|5.0|||
01/01/2024|54|13100640000EB|151.4|151.5|thickness_flexible|5.0|||
01/01/2024|54|13100640000EB|151.5|151.6|thickness_flexible|5.0|||
01/01/2024|54|13100640000EB|151.6|151.7|thickness_flexible|5.0|||
01/01/2024|54|13100640000EB|151.7|151.8|thickness_flexible|5.0|||
01/01/2024|54|13100640000EB|151.8|151.9|thickness_flexible|5.0|||
01/01/2024|54|13100640000EB|151.9|152.0|thickness_flexible|5.0|||
01/01/2024|54|13100640000EB|152.0|152.1|thickness_flexible|5.0|||
01/01/2024|54|13100640000EB|152.1|152.2|thickness_flexible|5.0|||
01/01/2024|54|13100640000EB|152.2|152.3|thickness_flexible|5.0|||
01/01/2024|54|13100640000EB|152.3|152.4|thickness_flexible|5.0|||
01/01/2024|54|13100640000EB|152.4|152.5|thickness_flexible|5.0|||
01/01/2024|54|13100640000EB|152.5|152.6|thickness_flexible|5.0|||
01/01/2024|54|13100640000EB|152.6|152.7|thickness_flexible|5.0|||
01/01/2024|54|13100640000EB|152.7|152.8|thickness_flexible|5.0|||
01/01/2024|54|13100640000EB|152.8|152.9|thickness_flexible|5.0|||
01/01/2024|54|13100640000EB|152.9|153.0|thickness_flexible|5.0|||
01/01/2024|54|13100640000EB|153.0|153.1|thickness_flexible|5.0|||
01/01/2024|54|13100640000EB|153.1|153.2|thickness_flexible|5.0|||
01/01/2024|54|13100640000EB|153.2|153.3|thickness_flexible|5.0|||
01/01/2024|54|13100640000EB|153.3|153.4|thickness_flexible|5.0|||
01/01/2024|54|13100640000EB|153.4|153.5|thickness_flexible|5.0|||
01/01/2024|54|13100640000EB|153.5|153.6|thickness_flexible|5.0|||
01/01/2024|54|13100640000EB|153.6|153.7|thickness_flexible|5.0|||
01/01/2024|54|13100640000EB|153.7|153.8|thickness_flexible|5.0|||
01/01/2024|54|13100640000EB|153.8|153.9|thickness_flexible|5.0|||
01/01/2024|54|13100640000EB|153.9|154.0|thickness_flexible|5.0|||
01/01/2024|54|13100640000EB|154.0|154.1|thickness_flexible|5.0|||
01/01/2024|54|13100640000EB|154.1|154.2|thickness_flexible|5.0|||
01/01/2024|54|13100640000EB|154.2|154.3|thickness_flexible|5.0|||
01/01/2024|54|13100640000EB|154.3|154.4|thickness_flexible|5.0|||
01/01/2024|54|13100640000EB|154.4|154.5|thickness_flexible|5.0|||
01/01/2024|54|13100640000EB|154.5|154.6|thickness_flexible|5.0|||
01/01/2024|54|13100640000EB|154.6|154.7|thickness_flexible|5.0|||
01/01/2024|54|13100640000EB|154.7|154.8|thickness_flexible|5.0|||
01/01/2024|54|13100640000EB|154.8|154.9|thickness_flexible|5.0|||
01/01/2024|54|13100640000EB|154.9|155.0|thickness_flexible|5.0|||
01/01/2024|54|13100640000EB|155.0|155.1|thickness_flexible|5.0|||
01/01/2024|54|13100640000EB|155.1|155.2|thickness_flexible|5.0|||
01/01/2024|54|13100640000EB|155.2|155.3|thickness_flexible|5.0|||
01/01/2024|54|13100640000EB|155.3|155.4|thickness_flexible|5.0|||
01/01/2024|54|13100640000EB|155.4|155.5|thickness_flexible|9.0|||
01/01/2024|54|13100640000EB|155.5|155.6|thickness_flexible|9.0|||
01/01/2024|54|13100640000EB|155.6|155.7|thickness_flexible|9.0|||
01/01/2024|54|13100640000EB|155.7|155.8|thickness_flexible|9.0|||
01/01/2024|54|13100640000EB|155.8|155.9|thickness_flexible|9.0|||
01/01/2024|54|13100640000EB|155.9|156.0|thickness_flexible|9.0|||
01/01/2024|54|13100640000EB|156.0|156.1|thickness_flexible|9.0|||
01/01/2024|54|13100640000EB|156.1|156.18|thickness_flexible|9.0|||
01/01/2024|54|13100640000EB|156.18|156.2|thickness_flexible|9.0|||
01/01/2024|54|13100640000EB|156.2|156.3|thickness_flexible|9.0|||
01/01/2024|54|13100640000EB|156.3|156.4|thickness_flexible|9.0|||
01/01/2024|54|13100640000EB|156.4|156.5|thickness_flexible|9.0|||
01/01/2024|54|13100640000EB|156.5|156.6|thickness_flexible|9.0|||
01/01/2024|54|13100640000EB|156.6|156.7|thickness_flexible|9.0|||
01/01/2024|54|13100640000EB|156.7|156.8|thickness_flexible|9.0|||
01/01/2024|54|13100640000EB|156.8|156.9|thickness_flexible|9.0|||
01/01/2024|54|13100640000EB|156.9|157.0|thickness_flexible|9.0|||
01/01/2024|54|13100640000EB|157.0|157.1|thickness_flexible|9.0|||
01/01/2024|54|13100640000EB|157.1|157.2|thickness_flexible|9.0|||
01/01/2024|54|13100640000EB|157.2|157.3|thickness_flexible|9.0|||
01/01/2024|54|13100640000EB|157.3|157.4|thickness_flexible|9.0|||
01/01/2024|54|13100640000EB|157.4|157.5|thickness_flexible|9.0|||
01/01/2024|54|13100640000EB|157.5|157.6|thickness_flexible|9.0|||
01/01/2024|54|13100640000EB|157.6|157.7|thickness_flexible|9.0|||
01/01/2024|54|13100640000EB|157.7|157.8|thickness_flexible|9.0|||
01/01/2024|54|13100640000EB|157.8|157.9|thickness_flexible|9.0|||
01/01/2024|54|13100640000EB|157.9|158.0|thickness_flexible|9.0|||
01/01/2024|54|13100640000EB|158.0|158.1|thickness_flexible|9.0|||
01/01/2024|54|13100640000EB|158.1|158.2|thickness_flexible|9.0|||
01/01/2024|54|13100640000EB|158.2|158.3|thickness_flexible|9.0|||
01/01/2024|54|13100640000EB|158.3|158.4|thickness_flexible|9.0|||
01/01/2024|54|13100640000EB|158.4|158.5|thickness_flexible|9.0|||
01/01/2024|54|13100640000EB|158.5|158.6|thickness_flexible|9.0|||
01/01/2024|54|13100640000EB|158.6|158.7|thickness_flexible|9.0|||
01/01/2024|54|13100640000EB|158.7|158.8|thickness_flexible|9.0|||
01/01/2024|54|13100640000EB|158.8|158.9|thickness_flexible|9.0|||
01/01/2024|54|13100640000EB|158.9|159.0|thickness_flexible|9.0|||
01/01/2024|54|13100640000EB|159.0|159.1|thickness_flexible|9.0|||
01/01/2024|54|13100640000EB|159.1|159.2|thickness_flexible|9.0|||
01/01/2024|54|13100640000EB|159.2|159.3|thickness_flexible|9.0|||
01/01/2024|54|13100640000EB|159.3|159.4|thickness_flexible|9.0|||
01/01/2024|54|13100640000EB|159.4|159.5|thickness_flexible|9.0|||
01/01/2024|54|13100640000EB|159.5|159.6|thickness_flexible|9.0|||
01/01/2024|54|13100640000EB|159.6|159.7|thickness_flexible|9.0|||
01/01/2024|54|13100640000EB|159.7|159.8|thickness_flexible|9.0|||
01/01/2024|54|13100640000EB|159.8|159.9|thickness_flexible|9.0|||
01/01/2024|54|13100640000EB|159.9|160.0|thickness_flexible|9.0|||
01/01/2024|54|13100640000EB|160.0|160.1|thickness_flexible|9.0|||
01/01/2024|54|13100640000EB|160.1|160.2|thickness_flexible|9.0|||
01/01/2024|54|13100640000EB|160.2|160.3|thickness_flexible|9.0|||
01/01/2024|54|13100640000EB|160.3|160.4|thickness_flexible|9.0|||
01/01/2024|54|13100640000EB|160.4|160.5|thickness_flexible|9.0|||
01/01/2024|54|13100640000EB|160.5|160.6|thickness_flexible|9.0|||
01/01/2024|54|13100640000EB|160.6|160.7|thickness_flexible|9.0|||
01/01/2024|54|13100640000EB|160.7|160.8|thickness_flexible|9.0|||
01/01/2024|54|13100640000EB|160.8|160.9|thickness_flexible|9.0|||
01/01/2024|54|13100640000EB|160.9|161.0|thickness_flexible|9.0|||
01/01/2024|54|13100640000EB|161.0|161.1|thickness_flexible|9.0|||
01/01/2024|54|13100640000EB|161.1|161.2|thickness_flexible|9.0|||
01/01/2024|54|13100640000EB|161.2|161.3|thickness_flexible|9.0|||
01/01/2024|54|13100640000EB|161.3|161.4|thickness_flexible|9.0|||
01/01/2024|54|13100640000EB|161.4|161.46|thickness_flexible|9.0|||
01/01/2024|54|13100640000EB|161.46|161.5|thickness_flexible|9.0|||
01/01/2024|54|13100640000EB|161.5|161.6|thickness_flexible|9.0|||
01/01/2024|54|13100640000EB|161.6|161.7|thickness_flexible|9.0|||
01/01/2024|54|13100640000EB|161.7|161.8|thickness_flexible|9.0|||
01/01/2024|54|13100640000EB|161.8|161.9|thickness_flexible|9.0|||
01/01/2024|54|13100640000EB|161.9|162.0|thickness_flexible|9.0|||
01/01/2024|54|13100640000EB|162.0|162.1|thickness_flexible|9.0|||
01/01/2024|54|13100640000EB|162.1|162.2|thickness_flexible|9.0|||
01/01/2024|54|13100640000EB|162.2|162.3|thickness_flexible|9.0|||
01/01/2024|54|13100640000EB|162.3|162.4|thickness_flexible|9.0|||
01/01/2024|54|13100640000EB|162.4|162.5|thickness_flexible|9.0|||
01/01/2024|54|13100640000EB|162.5|162.6|thickness_flexible|9.0|||
01/01/2024|54|13100640000EB|162.6|162.7|thickness_flexible|9.0|||
01/01/2024|54|13100640000EB|162.7|162.8|thickness_flexible|9.0|||
01/01/2024|54|13100640000EB|162.8|162.9|thickness_flexible|9.0|||
01/01/2024|54|13100640000EB|162.9|163.0|thickness_flexible|9.0|||
01/01/2024|54|13100640000EB|163.0|163.1|thickness_flexible|9.0|||
01/01/2024|54|13100640000EB|163.1|163.2|thickness_flexible|9.0|||
01/01/2024|54|13100640000EB|163.2|163.3|thickness_flexible|9.0|||
01/01/2024|54|13100640000EB|163.3|163.4|thickness_flexible|9.0|||
01/01/2024|54|13100640000EB|163.4|163.5|thickness_flexible|9.0|||
01/01/2024|54|13100640000EB|163.5|163.6|thickness_flexible|9.0|||
01/01/2024|54|13100640000EB|163.6|163.7|thickness_flexible|9.0|||
01/01/2024|54|13100640000EB|163.7|163.8|thickness_flexible|9.0|||
01/01/2024|54|13100640000EB|163.8|163.9|thickness_flexible|9.0|||
01/01/2024|54|13100640000EB|163.9|164.0|thickness_flexible|9.0|||
01/01/2024|54|13100640000EB|164.0|164.1|thickness_flexible|9.0|||
01/01/2024|54|13100640000EB|164.1|164.2|thickness_flexible|9.0|||
01/01/2024|54|13100640000EB|164.2|164.3|thickness_flexible|9.0|||
01/01/2024|54|13100640000EB|164.3|164.4|thickness_flexible|9.0|||
01/01/2024|54|13100640000EB|164.4|164.5|thickness_flexible|9.0|||
01/01/2024|54|13100640000EB|164.5|164.6|thickness_flexible|9.0|||
01/01/2024|54|13100640000EB|164.6|164.7|thickness_flexible|9.0|||
01/01/2024|54|13100640000EB|164.7|164.8|thickness_flexible|9.0|||
01/01/2024|54|13100640000EB|164.8|164.9|thickness_flexible|9.0|||
01/01/2024|54|13100640000EB|164.9|165.0|thickness_flexible|9.0|||
01/01/2024|54|13100640000EB|165.0|165.1|thickness_flexible|9.0|||
01/01/2024|54|13100640000EB|165.1|165.2|thickness_flexible|9.0|||
01/01/2024|54|13100640000EB|165.2|165.3|thickness_flexible|9.0|||
01/01/2024|54|13100640000EB|165.3|165.4|thickness_flexible|9.0|||
01/01/2024|54|13100640000EB|165.4|165.5|thickness_flexible|9.0|||
01/01/2024|54|13100640000EB|165.5|165.6|thickness_flexible|9.0|||
01/01/2024|54|13100640000EB|165.6|165.7|thickness_flexible|9.0|||
01/01/2024|54|13100640000EB|165.7|165.8|thickness_flexible|9.0|||
01/01/2024|54|13100640000EB|165.8|165.87|thickness_flexible|9.0|||
01/01/2024|54|13100640000EB|165.87|165.9|thickness_flexible|9.0|||
01/01/2024|54|13100640000EB|165.9|165.95|thickness_flexible|9.0|||
01/01/2024|54|13100640000EB|165.95|166.0|thickness_flexible|9.0|||
01/01/2024|54|13100640000EB|166.0|166.1|thickness_flexible|9.0|||
01/01/2024|54|13100640000EB|166.1|166.2|thickness_flexible|9.0|||
01/01/2024|54|13100640000EB|166.2|166.3|thickness_flexible|9.0|||
01/01/2024|54|13100640000EB|166.3|166.4|thickness_flexible|9.0|||
01/01/2024|54|13100640000EB|166.4|166.5|thickness_flexible|9.0|||
01/01/2024|54|13100640000EB|166.5|166.6|thickness_flexible|9.0|||
01/01/2024|54|13100640000EB|166.6|166.7|thickness_flexible|9.0|||
01/01/2024|54|13100640000EB|166.7|166.8|thickness_flexible|9.0|||
01/01/2024|54|13100640000EB|166.8|166.9|thickness_flexible|9.0|||
01/01/2024|54|13100640000EB|166.9|167.0|thickness_flexible|9.0|||
01/01/2024|54|13100640000EB|167.0|167.1|thickness_flexible|9.0|||
01/01/2024|54|13100640000EB|167.1|167.2|thickness_flexible|9.0|||
01/01/2024|54|13100640000EB|167.2|167.3|thickness_flexible|9.0|||
01/01/2024|54|13100640000EB|167.3|167.4|thickness_flexible|9.0|||
01/01/2024|54|13100640000EB|167.4|167.5|thickness_flexible|9.0|||
01/01/2024|54|13100640000EB|167.5|167.6|thickness_flexible|9.0|||
01/01/2024|54|13100640000EB|167.6|167.7|thickness_flexible|9.0|||
01/01/2024|54|13100640000EB|167.7|167.8|thickness_flexible|9.0|||
01/01/2024|54|13100640000EB|167.8|167.9|thickness_flexible|9.0|||
01/01/2024|54|13100640000EB|167.9|168.0|thickness_flexible|9.0|||
01/01/2024|54|13100640000EB|168.0|168.1|thickness_flexible|9.0|||
01/01/2024|54|13100640000EB|168.1|168.2|thickness_flexible|9.0|||
01/01/2024|54|13100640000EB|168.2|168.3|thickness_flexible|9.0|||
01/01/2024|54|13100640000EB|168.3|168.4|thickness_flexible|9.0|||
01/01/2024|54|13100640000EB|168.4|168.5|thickness_flexible|9.0|||
01/01/2024|54|13100640000EB|168.5|168.6|thickness_flexible|9.0|||
01/01/2024|54|13100640000EB|168.6|168.7|thickness_flexible|9.0|||
01/01/2024|54|13100640000EB|168.7|168.8|thickness_flexible|9.0|||
01/01/2024|54|13100640000EB|168.8|168.89|thickness_flexible|9.0|||
01/01/2024|54|13100640000EB|168.96|169.0|thickness_flexible|2.0|||
01/01/2024|54|13100640000EB|169.0|169.1|thickness_flexible|2.0|||
01/01/2024|54|13100640000EB|169.1|169.2|thickness_flexible|2.0|||
01/01/2024|54|13100640000EB|169.2|169.3|thickness_flexible|2.0|||
01/01/2024|54|13100640000EB|169.3|169.38|thickness_flexible|2.0|||
01/01/2024|54|13100640000EB|169.38|169.4|thickness_flexible|2.0|||
01/01/2024|54|13100640000EB|169.4|169.41|thickness_flexible|2.0|||
01/01/2024|54|13100640000EB|169.41|169.5|thickness_flexible|2.0|||
01/01/2024|54|13100640000EB|169.5|169.6|thickness_flexible|2.0|||
01/01/2024|54|13100640000EB|169.6|169.7|thickness_flexible|2.0|||
01/01/2024|54|13100640000EB|169.7|169.8|thickness_flexible|2.0|||
01/01/2024|54|13100640000EB|169.8|169.9|thickness_flexible|2.0|||
01/01/2024|54|13100640000EB|169.9|170.0|thickness_flexible|2.0|||
01/01/2024|54|13100640000EB|170.0|170.09|thickness_flexible|2.0|||
01/01/2024|54|13100640000EB|170.09|170.1|thickness_flexible|2.0|||
01/01/2024|54|13100640000EB|170.1|170.2|thickness_flexible|2.0|||
01/01/2024|54|13100640000EB|170.2|170.23|thickness_flexible|2.0|||
01/01/2024|54|13100640000EB|172.62|172.7|thickness_flexible|2.0|||
01/01/2024|54|13100640000EB|172.7|172.8|thickness_flexible|2.0|||
01/01/2024|54|13100640000EB|172.8|172.9|thickness_flexible|2.0|||
01/01/2024|54|13100640000EB|172.9|173.0|thickness_flexible|2.0|||
01/01/2024|54|13100640000EB|173.0|173.1|thickness_flexible|2.0|||
01/01/2024|54|13100640000EB|173.1|173.2|thickness_flexible|2.0|||
01/01/2024|54|13100640000EB|173.2|173.3|thickness_flexible|2.0|||
01/01/2024|54|13100640000EB|173.3|173.4|thickness_flexible|2.0|||
01/01/2024|54|13100640000EB|173.4|173.5|thickness_flexible|2.0|||
01/01/2024|54|13100640000EB|173.5|173.6|thickness_flexible|2.0|||
01/01/2024|54|13100640000EB|173.6|173.7|thickness_flexible|2.0|||
01/01/2024|54|13100640000EB|173.7|173.8|thickness_flexible|2.0|||
01/01/2024|54|13100640000EB|173.8|173.9|thickness_flexible|2.0|||
01/01/2024|54|13100640000EB|173.9|174.0|thickness_flexible|2.0|||
01/01/2024|54|13100640000EB|174.0|174.1|thickness_flexible|2.0|||
01/01/2024|54|13100640000EB|174.1|174.2|thickness_flexible|9.0|||
01/01/2024|54|13100640000EB|174.2|174.3|thickness_flexible|9.0|||
01/01/2024|54|13100640000EB|174.3|174.4|thickness_flexible|9.0|||
01/01/2024|54|13100640000EB|174.4|174.5|thickness_flexible|9.0|||
01/01/2024|54|13100640000EB|174.5|174.6|thickness_flexible|9.0|||
01/01/2024|54|13100640000EB|174.6|174.7|thickness_flexible|9.0|||
01/01/2024|54|13100640000EB|174.7|174.8|thickness_flexible|9.0|||
01/01/2024|54|13100640000EB|174.8|174.9|thickness_flexible|9.0|||
01/01/2024|54|13100640000EB|174.9|175.0|thickness_flexible|9.0|||
01/01/2024|54|13100640000EB|175.0|175.1|thickness_flexible|9.0|||
01/01/2024|54|13100640000EB|175.1|175.2|thickness_flexible|9.0|||
01/01/2024|54|13100640000EB|175.2|175.3|thickness_flexible|9.0|||
01/01/2024|54|13100640000EB|175.3|175.31|thickness_flexible|9.0|||
01/01/2024|54|13100640000EB|175.31|175.4|thickness_flexible|9.0|||
01/01/2024|54|13100640000EB|175.4|175.5|thickness_flexible|9.0|||
01/01/2024|54|13100640000EB|175.5|175.6|thickness_flexible|9.0|||
01/01/2024|54|13100640000EB|175.6|175.7|thickness_flexible|9.0|||
01/01/2024|54|13100640000EB|175.7|175.8|thickness_flexible|9.0|||
01/01/2024|54|13100640000EB|175.8|175.9|thickness_flexible|9.0|||
01/01/2024|54|13100640000EB|175.9|176.0|thickness_flexible|9.0|||
01/01/2024|54|13100640000EB|176.0|176.1|thickness_flexible|9.0|||
01/01/2024|54|13100640000EB|176.1|176.16|thickness_flexible|9.0|||
01/01/2024|54|13100640000EB|176.16|176.2|thickness_flexible|2.0|||
01/01/2024|54|13100640000EB|176.2|176.3|thickness_flexible|2.0|||
01/01/2024|54|13100640000EB|176.3|176.4|thickness_flexible|2.0|||
01/01/2024|54|13100640000EB|176.4|176.5|thickness_flexible|2.0|||
01/01/2024|54|13100640000EB|176.5|176.6|thickness_flexible|2.0|||
01/01/2024|54|13100640000EB|176.6|176.7|thickness_flexible|2.0|||
01/01/2024|54|13100640000EB|176.7|176.8|thickness_flexible|2.0|||
01/01/2024|54|13100640000EB|176.8|176.9|thickness_flexible|2.0|||
01/01/2024|54|13100640000EB|176.9|177.0|thickness_flexible|2.0|||
01/01/2024|54|13100640000EB|177.0|177.1|thickness_flexible|2.0|||
01/01/2024|54|13100640000EB|177.1|177.2|thickness_flexible|2.0|||
01/01/2024|54|13100640000EB|177.2|177.3|thickness_flexible|2.0|||
01/01/2024|54|13100640000EB|177.3|177.4|thickness_flexible|2.0|||
01/01/2024|54|13100640000EB|177.4|177.5|thickness_flexible|2.0|||
01/01/2024|54|13100640000EB|177.5|177.6|thickness_flexible|2.0|||
01/01/2024|54|13100640000EB|177.6|177.7|thickness_flexible|2.0|||
01/01/2024|54|13100640000EB|177.7|177.8|thickness_flexible|2.0|||
01/01/2024|54|13100640000EB|177.8|177.9|thickness_flexible|2.0|||
01/01/2024|54|13100640000EB|177.9|178.0|thickness_flexible|2.0|||
01/01/2024|54|13100640000EB|178.0|178.1|thickness_flexible|2.0|||
01/01/2024|54|13100640000EB|178.1|178.2|thickness_flexible|2.0|||
01/01/2024|54|13100640000EB|178.2|178.3|thickness_flexible|2.0|||
01/01/2024|54|13100640000EB|178.3|178.4|thickness_flexible|2.0|||
01/01/2024|54|13100640000EB|178.4|178.43|thickness_flexible|2.0|||
01/01/2024|54|13100640000EB|178.43|178.5|thickness_flexible|2.0|||
01/01/2024|54|13100640000EB|178.5|178.6|thickness_flexible|2.0|||
01/01/2024|54|13100640000EB|178.6|178.7|thickness_flexible|2.0|||
01/01/2024|54|13100640000EB|178.7|178.8|thickness_flexible|2.0|||
01/01/2024|54|13100640000EB|178.8|178.9|thickness_flexible|2.0|||
01/01/2024|54|13100640000EB|178.9|179.0|thickness_flexible|2.0|||
01/01/2024|54|13100640000EB|179.0|179.1|thickness_flexible|2.0|||
01/01/2024|54|13100640000EB|179.1|179.2|thickness_flexible|2.0|||
01/01/2024|54|13100640000EB|179.2|179.3|thickness_flexible|2.0|||
01/01/2024|54|13100640000EB|179.3|179.4|thickness_flexible|2.0|||
01/01/2024|54|13100640000EB|179.4|179.5|thickness_flexible|2.0|||
01/01/2024|54|13100640000EB|179.5|179.6|thickness_flexible|2.0|||
01/01/2024|54|13100640000EB|179.6|179.7|thickness_flexible|2.0|||
01/01/2024|54|13100640000EB|179.7|179.8|thickness_flexible|2.0|||
01/01/2024|54|13100640000EB|179.8|179.9|thickness_flexible|2.0|||
01/01/2024|54|13100640000EB|179.9|180.0|thickness_flexible|2.0|||
01/01/2024|54|13100640000EB|180.0|180.1|thickness_flexible|2.0|||
01/01/2024|54|13100640000EB|180.1|180.2|thickness_flexible|2.0|||
01/01/2024|54|13100640000EB|180.2|180.3|thickness_flexible|2.0|||
01/01/2024|54|13100640000EB|180.3|180.4|thickness_flexible|2.0|||
01/01/2024|54|13100640000EB|180.4|180.5|thickness_flexible|2.0|||
01/01/2024|54|13100640000EB|180.5|180.6|thickness_flexible|2.0|||
01/01/2024|54|13100640000EB|180.6|180.7|thickness_flexible|2.0|||
01/01/2024|54|13100640000EB|180.7|180.8|thickness_flexible|2.0|||
01/01/2024|54|13100640000EB|180.8|180.9|thickness_flexible|2.0|||
01/01/2024|54|13100640000EB|180.9|181.0|thickness_flexible|2.0|||
01/01/2024|54|13100640000EB|181.0|181.1|thickness_flexible|2.0|||
01/01/2024|54|13100640000EB|181.1|181.12|thickness_flexible|2.0|||
01/01/2024|54|13100640000EB|181.12|181.2|thickness_flexible|2.0|||
01/01/2024|54|13100640000EB|181.2|181.3|thickness_flexible|2.0|||
01/01/2024|54|13100640000EB|181.3|181.4|thickness_flexible|2.0|||
01/01/2024|54|13100640000EB|181.4|181.5|thickness_flexible|2.0|||
01/01/2024|54|13100640000EB|181.5|181.6|thickness_flexible|2.0|||
01/01/2024|54|13100640000EB|181.6|181.7|thickness_flexible|2.0|||
01/01/2024|54|13100640000EB|181.7|181.8|thickness_flexible|2.0|||
01/01/2024|54|13100640000EB|181.8|181.9|thickness_flexible|2.0|||
01/01/2024|54|13100640000EB|181.9|182.0|thickness_flexible|2.0|||
01/01/2024|54|13100640000EB|182.0|182.02|thickness_flexible|2.0|||
01/01/2024|54|13100640000EB|182.02|182.1|thickness_flexible|2.0|||
01/01/2024|54|13100640000EB|182.1|182.2|thickness_flexible|2.0|||
01/01/2024|54|13100640000EB|182.2|182.3|thickness_flexible|2.0|||
01/01/2024|54|13100640000EB|182.3|182.4|thickness_flexible|2.0|||
01/01/2024|54|13100640000EB|182.4|182.5|thickness_flexible|2.0|||
01/01/2024|54|13100640000EB|182.5|182.6|thickness_flexible|2.0|||
01/01/2024|54|13100640000EB|182.6|182.7|thickness_flexible|2.0|||
01/01/2024|54|13100640000EB|182.7|182.8|thickness_flexible|2.0|||
01/01/2024|54|13100640000EB|182.8|182.9|thickness_flexible|2.0|||
01/01/2024|54|13100640000EB|182.9|183.0|thickness_flexible|2.0|||
01/01/2024|54|13100640000EB|183.0|183.1|thickness_flexible|2.0|||
01/01/2024|54|13100640000EB|183.1|183.2|thickness_flexible|2.0|||
01/01/2024|54|13100640000EB|183.2|183.3|thickness_flexible|2.0|||
01/01/2024|54|13100640000EB|183.3|183.4|thickness_flexible|2.0|||
01/01/2024|54|13100640000EB|183.4|183.5|thickness_flexible|2.0|||
01/01/2024|54|13100640000EB|183.5|183.6|thickness_flexible|2.0|||
01/01/2024|54|13100640000EB|183.6|183.7|thickness_flexible|2.0|||
01/01/2024|54|13100640000EB|183.7|183.8|thickness_flexible|2.0|||
01/01/2024|54|13100640000EB|183.8|183.9|thickness_flexible|2.0|||
01/01/2024|54|13100640000EB|183.9|184.0|thickness_flexible|2.0|||
01/01/2024|54|13100640000EB|184.0|184.02|thickness_flexible|2.0|||
01/01/2024|54|4140048000000|0.0|1.9|thickness_flexible|6.0|||
01/01/2024|54|0530027000100|0.4|0.96|thickness_flexible|3.0|||
01/01/2024|54|5040003010000|0.09|0.1|thickness_flexible|1.0|||
01/01/2024|54|5040003010000|0.1|0.2|thickness_flexible|1.0|||
01/01/2024|54|5040003010000|0.2|0.3|thickness_flexible|1.0|||
01/01/2024|54|5040003010000|0.3|0.4|thickness_flexible|1.0|||
01/01/2024|54|5040003010000|0.4|0.5|thickness_flexible|1.0|||
01/01/2024|54|5040003010000|0.5|0.6|thickness_flexible|1.0|||
01/01/2024|54|5040003010000|0.6|0.65|thickness_flexible|1.0|||
01/01/2024|54|5040003010000|0.65|0.68|thickness_flexible|1.0|||
01/01/2024|54|5030152000000|29.86|30.39|thickness_flexible|3.0|||
01/01/2024|54|5030152000000|40.4|43.98|thickness_flexible|1.0|||
01/01/2024|54|5030152000000|43.98|44.59|thickness_flexible|1.0|||
01/01/2024|54|4140011000000|0.0|1.26|thickness_flexible|6.0|||
01/01/2024|54|5230002000000|7.29|7.84|thickness_flexible|2.0|||
01/01/2024|54|5230002000000|8.35|8.6|thickness_flexible|2.0|||
01/01/2024|54|5230002000000|8.6|9.24|thickness_flexible|2.0|||
01/01/2024|54|0673274001900|1.46|1.56|thickness_flexible|1.0|||
01/01/2024|54|4240011000000|2.48|2.491|thickness_flexible|10.0|||
01/01/2024|54|5040003000000|3.75|3.85|thickness_flexible|1.0|||
01/01/2024|54|5040003000000|3.94|4.06|thickness_flexible|1.0|||
01/01/2024|54|28200520004NB|0.0|0.1|thickness_flexible|9.0|||
01/01/2024|54|28200520004NB|0.1|0.2|thickness_flexible|9.0|||
01/01/2024|54|28200520004NB|0.2|0.22|thickness_flexible|9.0|||
01/01/2024|54|20201190000NB|11.64|11.7|thickness_flexible|9.0|||
01/01/2024|54|20201190000NB|11.7|11.8|thickness_flexible|9.0|||
01/01/2024|54|20201190000NB|11.8|11.9|thickness_flexible|9.0|||
01/01/2024|54|20201190000NB|11.9|12.0|thickness_flexible|9.0|||
01/01/2024|54|20201190000NB|12.0|12.1|thickness_flexible|9.0|||
01/01/2024|54|20201190000NB|12.1|12.2|thickness_flexible|9.0|||
01/01/2024|54|20201190000NB|12.2|12.3|thickness_flexible|9.0|||
01/01/2024|54|20201190000NB|12.3|12.4|thickness_flexible|9.0|||
01/01/2024|54|20201190000NB|12.4|12.5|thickness_flexible|9.0|||
01/01/2024|54|20201190000NB|12.5|12.6|thickness_flexible|9.0|||
01/01/2024|54|20201190000NB|12.6|12.7|thickness_flexible|9.0|||
01/01/2024|54|20201190000NB|12.7|12.8|thickness_flexible|9.0|||
01/01/2024|54|20201190000NB|12.8|12.9|thickness_flexible|9.0|||
01/01/2024|54|20201190000NB|12.9|13.0|thickness_flexible|9.0|||
01/01/2024|54|20201190000NB|13.0|13.1|thickness_flexible|9.0|||
01/01/2024|54|20201190000NB|13.1|13.2|thickness_flexible|9.0|||
01/01/2024|54|20201190000NB|13.2|13.3|thickness_flexible|9.0|||
01/01/2024|54|20201190000NB|13.3|13.4|thickness_flexible|9.0|||
01/01/2024|54|20201190000NB|13.4|13.5|thickness_flexible|9.0|||
01/01/2024|54|20201190000NB|13.5|13.6|thickness_flexible|9.0|||
01/01/2024|54|20201190000NB|13.6|13.7|thickness_flexible|9.0|||
01/01/2024|54|20201190000NB|13.7|13.8|thickness_flexible|9.0|||
01/01/2024|54|20201190000NB|13.8|13.9|thickness_flexible|9.0|||
01/01/2024|54|20201190000NB|13.9|14.0|thickness_flexible|9.0|||
01/01/2024|54|20201190000NB|14.0|14.04|thickness_flexible|9.0|||
01/01/2024|54|20201190000NB|14.22|14.3|thickness_flexible|9.0|||
01/01/2024|54|20201190000NB|14.3|14.4|thickness_flexible|9.0|||
01/01/2024|54|20201190000NB|14.4|14.5|thickness_flexible|9.0|||
01/01/2024|54|20201190000NB|14.5|14.6|thickness_flexible|9.0|||
01/01/2024|54|20201190000NB|14.6|14.7|thickness_flexible|9.0|||
01/01/2024|54|20201190000NB|14.7|14.8|thickness_flexible|9.0|||
01/01/2024|54|20201190000NB|14.8|14.9|thickness_flexible|9.0|||
01/01/2024|54|20201190000NB|14.9|15.0|thickness_flexible|9.0|||
01/01/2024|54|20201190000NB|15.0|15.1|thickness_flexible|9.0|||
01/01/2024|54|20201190000NB|15.1|15.2|thickness_flexible|9.0|||
01/01/2024|54|20201190000NB|15.2|15.3|thickness_flexible|9.0|||
01/01/2024|54|20201190000NB|15.3|15.4|thickness_flexible|9.0|||
01/01/2024|54|20201190000NB|15.4|15.5|thickness_flexible|9.0|||
01/01/2024|54|20201190000NB|15.5|15.6|thickness_flexible|9.0|||
01/01/2024|54|20201190000NB|15.6|15.7|thickness_flexible|9.0|||
01/01/2024|54|20201190000NB|15.7|15.8|thickness_flexible|9.0|||
01/01/2024|54|20201190000NB|15.8|15.9|thickness_flexible|9.0|||
01/01/2024|54|20201190000NB|15.9|16.0|thickness_flexible|9.0|||
01/01/2024|54|20201190000NB|16.0|16.1|thickness_flexible|9.0|||
01/01/2024|54|20201190000NB|16.1|16.2|thickness_flexible|9.0|||
01/01/2024|54|20201190000NB|16.2|16.28|thickness_flexible|9.0|||
01/01/2024|54|20201190000NB|16.28|16.3|thickness_flexible|9.0|||
01/01/2024|54|20201190000NB|16.3|16.4|thickness_flexible|9.0|||
01/01/2024|54|20201190000NB|16.4|16.5|thickness_flexible|9.0|||
01/01/2024|54|20201190000NB|16.5|16.6|thickness_flexible|9.0|||
01/01/2024|54|20201190000NB|16.6|16.7|thickness_flexible|9.0|||
01/01/2024|54|20201190000NB|16.7|16.8|thickness_flexible|9.0|||
01/01/2024|54|20201190000NB|16.8|16.9|thickness_flexible|9.0|||
01/01/2024|54|20201190000NB|16.9|17.0|thickness_flexible|9.0|||
01/01/2024|54|20201190000NB|17.0|17.1|thickness_flexible|9.0|||
01/01/2024|54|20201190000NB|17.1|17.16|thickness_flexible|9.0|||
01/01/2024|54|28200190000NB|2.88|2.9|thickness_flexible|9.0|||
01/01/2024|54|28200190000NB|2.9|3.0|thickness_flexible|9.0|||
01/01/2024|54|28200190000NB|3.0|3.1|thickness_flexible|9.0|||
01/01/2024|54|28200190000NB|3.1|3.2|thickness_flexible|9.0|||
01/01/2024|54|28200190000NB|3.2|3.3|thickness_flexible|9.0|||
01/01/2024|54|28200190000NB|3.3|3.4|thickness_flexible|9.0|||
01/01/2024|54|28200190000NB|3.4|3.5|thickness_flexible|9.0|||
01/01/2024|54|28200190000NB|3.5|3.6|thickness_flexible|9.0|||
01/01/2024|54|28200190000NB|3.6|3.7|thickness_flexible|9.0|||
01/01/2024|54|28200190000NB|3.7|3.8|thickness_flexible|9.0|||
01/01/2024|54|28200190000NB|3.8|3.87|thickness_flexible|9.0|||
01/01/2024|54|28200190000NB|5.34|5.4|thickness_flexible|9.0|||
01/01/2024|54|28200190000NB|5.4|5.5|thickness_flexible|9.0|||
01/01/2024|54|28200190000NB|5.5|5.6|thickness_flexible|9.0|||
01/01/2024|54|28200190000NB|5.6|5.7|thickness_flexible|9.0|||
01/01/2024|54|28200190000NB|5.7|5.8|thickness_flexible|9.0|||
01/01/2024|54|28200190000NB|5.8|5.9|thickness_flexible|9.0|||
01/01/2024|54|28200190000NB|5.9|6.0|thickness_flexible|9.0|||
01/01/2024|54|28200190000NB|6.0|6.01|thickness_flexible|9.0|||
01/01/2024|54|28200190000NB|6.01|6.1|thickness_flexible|9.0|||
01/01/2024|54|28200190000NB|6.1|6.2|thickness_flexible|9.0|||
01/01/2024|54|28200190000NB|6.2|6.3|thickness_flexible|9.0|||
01/01/2024|54|28200190000NB|6.3|6.4|thickness_flexible|9.0|||
01/01/2024|54|28200190000NB|6.4|6.5|thickness_flexible|9.0|||
01/01/2024|54|28200190000NB|6.5|6.6|thickness_flexible|9.0|||
01/01/2024|54|28200190000NB|6.6|6.7|thickness_flexible|9.0|||
01/01/2024|54|28200190000NB|6.7|6.8|thickness_flexible|9.0|||
01/01/2024|54|28200190000NB|6.8|6.9|thickness_flexible|9.0|||
01/01/2024|54|28200190000NB|6.9|7.0|thickness_flexible|9.0|||
01/01/2024|54|28200190000NB|7.0|7.1|thickness_flexible|9.0|||
01/01/2024|54|28200190000NB|7.1|7.2|thickness_flexible|9.0|||
01/01/2024|54|28200190000NB|7.2|7.3|thickness_flexible|9.0|||
01/01/2024|54|28200190000NB|7.3|7.4|thickness_flexible|9.0|||
01/01/2024|54|28200190000NB|7.4|7.44|thickness_flexible|9.0|||
01/01/2024|54|28200190000NB|10.69|10.7|thickness_flexible|9.0|||
01/01/2024|54|28200190000NB|10.7|10.73|thickness_flexible|9.0|||
01/01/2024|54|28200190000NB|10.73|10.8|thickness_flexible|9.0|||
01/01/2024|54|28200190000NB|10.8|10.9|thickness_flexible|9.0|||
01/01/2024|54|28200190000NB|10.9|11.0|thickness_flexible|9.0|||
01/01/2024|54|28200190000NB|11.0|11.1|thickness_flexible|9.0|||
01/01/2024|54|28200190000NB|11.1|11.2|thickness_flexible|9.0|||
01/01/2024|54|28200190000NB|11.2|11.3|thickness_flexible|9.0|||
01/01/2024|54|28200190000NB|11.3|11.4|thickness_flexible|9.0|||
01/01/2024|54|28200190000NB|11.4|11.5|thickness_flexible|9.0|||
01/01/2024|54|28200190000NB|11.5|11.6|thickness_flexible|9.0|||
01/01/2024|54|28200190000NB|11.6|11.63|thickness_flexible|9.0|||
01/01/2024|54|45100640000EB|138.1|138.2|thickness_flexible|6.0|||
01/01/2024|54|45100640000EB|138.2|138.3|thickness_flexible|6.0|||
01/01/2024|54|45100640000EB|138.3|138.38|thickness_flexible|6.0|||
01/01/2024|54|45100640000EB|138.38|138.4|thickness_flexible|6.0|||
01/01/2024|54|45100640000EB|138.4|138.5|thickness_flexible|6.0|||
01/01/2024|54|0240034030000|0.0|1.01|thickness_flexible|9.0|||
01/01/2024|54|0673317001900|0.0|0.24|thickness_flexible|1.0|||
01/01/2024|54|2840052200000|0.001|0.82|thickness_flexible|9.0|||
01/01/2024|54|1940340180000|0.64|1.24|thickness_flexible|9.0|||
01/01/2024|54|2540064020000|0.0|0.24|thickness_flexible|9.0|||
01/01/2024|54|54300680005SB|1.69|1.7|thickness_flexible|9.0|||
01/01/2024|54|54300680005SB|1.7|1.8|thickness_flexible|9.0|||
01/01/2024|54|54300680005SB|1.8|1.9|thickness_flexible|9.0|||
01/01/2024|54|54300680005SB|1.9|1.92|thickness_flexible|9.0|||
01/01/2024|54|15200300000EB|0.53|0.61|thickness_flexible|1.0|||
01/01/2024|54|15200300000EB|1.543|2.38|thickness_flexible|1.0|||
01/01/2024|54|3430020000000|28.29|29.07|thickness_flexible|2.0|||
01/01/2024|54|5530016000000|1.73|1.8|thickness_flexible|9.0|||
01/01/2024|54|5530016000000|1.8|1.9|thickness_flexible|9.0|||
01/01/2024|54|5530016000000|1.9|2.0|thickness_flexible|9.0|||
01/01/2024|54|5530016000000|2.0|2.1|thickness_flexible|9.0|||
01/01/2024|54|5530016000000|2.1|2.2|thickness_flexible|9.0|||
01/01/2024|54|5530016000000|2.2|2.3|thickness_flexible|9.0|||
01/01/2024|54|5530016000000|2.3|2.4|thickness_flexible|9.0|||
01/01/2024|54|5530016000000|2.4|2.5|thickness_flexible|9.0|||
01/01/2024|54|5530016000000|2.5|2.6|thickness_flexible|9.0|||
01/01/2024|54|5530016000000|2.6|2.7|thickness_flexible|9.0|||
01/01/2024|54|5530016000000|2.7|2.8|thickness_flexible|9.0|||
01/01/2024|54|5530016000000|2.8|2.9|thickness_flexible|9.0|||
01/01/2024|54|5530016000000|2.9|3.0|thickness_flexible|9.0|||
01/01/2024|54|5530016000000|3.0|3.1|thickness_flexible|9.0|||
01/01/2024|54|5530016000000|3.1|3.2|thickness_flexible|9.0|||
01/01/2024|54|5530016000000|3.2|3.3|thickness_flexible|9.0|||
01/01/2024|54|5530016000000|3.3|3.33|thickness_flexible|9.0|||
01/01/2024|54|5530016000000|6.42|6.5|thickness_flexible|9.0|||
01/01/2024|54|5530016000000|6.5|6.6|thickness_flexible|9.0|||
01/01/2024|54|5530016000000|6.6|6.7|thickness_flexible|9.0|||
01/01/2024|54|5530016000000|6.7|6.8|thickness_flexible|9.0|||
01/01/2024|54|5530016000000|6.8|6.9|thickness_flexible|9.0|||
01/01/2024|54|5530016000000|6.9|7.0|thickness_flexible|9.0|||
01/01/2024|54|5530016000000|7.0|7.1|thickness_flexible|9.0|||
01/01/2024|54|5530016000000|7.1|7.2|thickness_flexible|9.0|||
01/01/2024|54|5530016000000|7.2|7.3|thickness_flexible|9.0|||
01/01/2024|54|5530016000000|7.3|7.4|thickness_flexible|9.0|||
01/01/2024|54|5530016000000|7.4|7.5|thickness_flexible|9.0|||
01/01/2024|54|5530016000000|7.5|7.6|thickness_flexible|9.0|||
01/01/2024|54|5530016000000|7.6|7.7|thickness_flexible|9.0|||
01/01/2024|54|5530016000000|7.7|7.8|thickness_flexible|9.0|||
01/01/2024|54|5530016000000|7.8|7.9|thickness_flexible|9.0|||
01/01/2024|54|5530016000000|7.9|8.0|thickness_flexible|9.0|||
01/01/2024|54|5530016000000|8.0|8.1|thickness_flexible|9.0|||
01/01/2024|54|5530016000000|8.1|8.2|thickness_flexible|9.0|||
01/01/2024|54|5530016000000|8.2|8.3|thickness_flexible|9.0|||
01/01/2024|54|5530016000000|8.3|8.4|thickness_flexible|9.0|||
01/01/2024|54|5530016000000|8.4|8.5|thickness_flexible|9.0|||
01/01/2024|54|5530016000000|8.5|8.6|thickness_flexible|9.0|||
01/01/2024|54|5530016000000|8.6|8.7|thickness_flexible|9.0|||
01/01/2024|54|5530016000000|8.7|8.8|thickness_flexible|9.0|||
01/01/2024|54|5530016000000|8.8|8.9|thickness_flexible|9.0|||
01/01/2024|54|5530016000000|8.9|8.95|thickness_flexible|9.0|||
01/01/2024|54|5530016000000|10.99|11.0|thickness_flexible|9.0|||
01/01/2024|54|5530016000000|11.0|11.1|thickness_flexible|9.0|||
01/01/2024|54|5530016000000|11.1|11.2|thickness_flexible|9.0|||
01/01/2024|54|5530016000000|11.2|11.3|thickness_flexible|9.0|||
01/01/2024|54|5530016000000|11.3|11.4|thickness_flexible|9.0|||
01/01/2024|54|3140059020000|0.0|0.1|thickness_flexible|9.0|||
01/01/2024|54|3140059020000|0.1|0.2|thickness_flexible|9.0|||
01/01/2024|54|3430041000000|0.03|2.59|thickness_flexible|2.0|||
01/01/2024|54|5040008000000|0.0|0.45|thickness_flexible|1.0|||
01/01/2024|54|35202500010SB|0.0|0.1|thickness_flexible|2.0|||
01/01/2024|54|35202500010SB|0.1|0.2|thickness_flexible|2.0|||
01/01/2024|54|35202500010SB|0.2|0.3|thickness_flexible|2.0|||
01/01/2024|54|35202500010SB|0.3|0.4|thickness_flexible|2.0|||
01/01/2024|54|35202500010SB|0.4|0.5|thickness_flexible|2.0|||
01/01/2024|54|35202500010SB|0.5|0.6|thickness_flexible|2.0|||
01/01/2024|54|35202500010SB|0.6|0.64|thickness_flexible|2.0|||
01/01/2024|54|0630193000000|0.46|0.5|thickness_flexible|2.0|||
01/01/2024|54|0630193000000|0.5|0.6|thickness_flexible|2.0|||
01/01/2024|54|0630193000000|0.6|0.7|thickness_flexible|2.0|||
01/01/2024|54|0630193000000|0.7|0.8|thickness_flexible|2.0|||
01/01/2024|54|0630193000000|0.8|0.9|thickness_flexible|2.0|||
01/01/2024|54|0630193000000|0.9|1.0|thickness_flexible|2.0|||
01/01/2024|54|0630193000000|1.0|1.1|thickness_flexible|2.0|||
01/01/2024|54|0630193000000|1.1|1.2|thickness_flexible|2.0|||
01/01/2024|54|0630193000000|1.2|1.3|thickness_flexible|2.0|||
01/01/2024|54|0630193000000|1.3|1.4|thickness_flexible|2.0|||
01/01/2024|54|0630193000000|1.4|1.5|thickness_flexible|2.0|||
01/01/2024|54|0630193000000|1.5|1.6|thickness_flexible|2.0|||
01/01/2024|54|0630193000000|1.6|1.7|thickness_flexible|2.0|||
01/01/2024|54|0630193000000|1.7|1.8|thickness_flexible|2.0|||
01/01/2024|54|0630193000000|1.8|1.9|thickness_flexible|2.0|||
01/01/2024|54|0630193000000|1.9|2.0|thickness_flexible|2.0|||
01/01/2024|54|0630193000000|2.0|2.1|thickness_flexible|2.0|||
01/01/2024|54|0630193000000|2.1|2.2|thickness_flexible|2.0|||
01/01/2024|54|0630193000000|2.2|2.3|thickness_flexible|2.0|||
01/01/2024|54|0630193000000|2.3|2.4|thickness_flexible|2.0|||
01/01/2024|54|0630193000000|2.4|2.5|thickness_flexible|2.0|||
01/01/2024|54|0630193000000|2.5|2.6|thickness_flexible|2.0|||
01/01/2024|54|0630193000000|2.6|2.7|thickness_flexible|2.0|||
01/01/2024|54|0630193000000|2.7|2.8|thickness_flexible|2.0|||
01/01/2024|54|0630193000000|2.8|2.9|thickness_flexible|2.0|||
01/01/2024|54|0630193000000|2.9|3.0|thickness_flexible|2.0|||
01/01/2024|54|0630193000000|3.0|3.1|thickness_flexible|2.0|||
01/01/2024|54|0630193000000|3.1|3.2|thickness_flexible|2.0|||
01/01/2024|54|0630193000000|3.2|3.3|thickness_flexible|2.0|||
01/01/2024|54|0630193000000|3.3|3.4|thickness_flexible|2.0|||
01/01/2024|54|0630193000000|3.4|3.5|thickness_flexible|2.0|||
01/01/2024|54|0630193000000|3.5|3.55|thickness_flexible|2.0|||
01/01/2024|54|5430892000000|2.81|4.73|thickness_flexible|9.0|||
01/01/2024|54|5430892000000|7.02|8.1|thickness_flexible|9.0|||
01/01/2024|54|5430892000000|8.1|8.55|thickness_flexible|9.0|||
01/01/2024|54|5430892000000|8.55|9.46|thickness_flexible|9.0|||
01/01/2024|54|5430892000000|9.46|9.9|thickness_flexible|9.0|||
01/01/2024|54|1030061000000|0.0|1.04|thickness_flexible|1.0|||
01/01/2024|54|1030061000000|8.74|9.33|thickness_flexible|1.0|||
01/01/2024|54|1030061000000|22.53|25.56|thickness_flexible|1.0|||
01/01/2024|54|5430014000000|15.19|15.32|thickness_flexible|2.0|||
01/01/2024|54|5430014000000|15.32|15.45|thickness_flexible|2.0|||
01/01/2024|54|5430014000000|16.1|16.76|thickness_flexible|2.0|||
01/01/2024|54|5040001000000|2.16|2.29|thickness_flexible|1.0|||
01/01/2024|54|34200190000NB|1.38|1.4|thickness_flexible|2.0|||
01/01/2024|54|34200190000NB|1.4|1.5|thickness_flexible|2.0|||
01/01/2024|54|34200190000NB|1.5|1.6|thickness_flexible|2.0|||
01/01/2024|54|34200190000NB|1.6|1.7|thickness_flexible|2.0|||
01/01/2024|54|34200190000NB|1.7|1.8|thickness_flexible|2.0|||
01/01/2024|54|34200190000NB|1.8|1.9|thickness_flexible|2.0|||
01/01/2024|54|34200190000NB|1.9|2.0|thickness_flexible|2.0|||
01/01/2024|54|34200190000NB|2.0|2.1|thickness_flexible|2.0|||
01/01/2024|54|34200190000NB|2.1|2.2|thickness_flexible|2.0|||
01/01/2024|54|34200190000NB|2.2|2.3|thickness_flexible|2.0|||
01/01/2024|54|34200190000NB|2.3|2.4|thickness_flexible|2.0|||
01/01/2024|54|34200190000NB|2.4|2.5|thickness_flexible|2.0|||
01/01/2024|54|34200190000NB|2.5|2.6|thickness_flexible|2.0|||
01/01/2024|54|34200190000NB|2.6|2.7|thickness_flexible|2.0|||
01/01/2024|54|34200190000NB|2.7|2.8|thickness_flexible|2.0|||
01/01/2024|54|34200190000NB|2.8|2.9|thickness_flexible|2.0|||
01/01/2024|54|34200190000NB|2.9|3.0|thickness_flexible|2.0|||
01/01/2024|54|34200190000NB|3.0|3.1|thickness_flexible|2.0|||
01/01/2024|54|34200190000NB|3.1|3.2|thickness_flexible|2.0|||
01/01/2024|54|34200190000NB|3.2|3.3|thickness_flexible|2.0|||
01/01/2024|54|34200190000NB|3.3|3.4|thickness_flexible|2.0|||
01/01/2024|54|34200190000NB|11.03|11.1|thickness_flexible|2.0|||
01/01/2024|54|34200190000NB|11.1|11.2|thickness_flexible|2.0|||
01/01/2024|54|34200190000NB|11.2|11.3|thickness_flexible|2.0|||
01/01/2024|54|34200190000NB|11.3|11.4|thickness_flexible|2.0|||
01/01/2024|54|34200190000NB|11.4|11.47|thickness_flexible|2.0|||
01/01/2024|54|34200190000NB|31.65|31.7|thickness_flexible|9.0|||
01/01/2024|54|34200190000NB|31.7|31.8|thickness_flexible|9.0|||
01/01/2024|54|34200190000NB|31.8|31.85|thickness_flexible|9.0|||
01/01/2024|54|4130210000000|1.2|1.89|thickness_flexible|6.0|||
01/01/2024|54|4130210000000|1.89|2.79|thickness_flexible|9.0|||
01/01/2024|54|30200520000EB|9.95|10.0|thickness_flexible|2.0|||
01/01/2024|54|30200520000EB|10.0|10.1|thickness_flexible|2.0|||
01/01/2024|54|30200520000EB|10.1|10.2|thickness_flexible|2.0|||
01/01/2024|54|30200520000EB|10.2|10.3|thickness_flexible|2.0|||
01/01/2024|54|30200520000EB|10.3|10.4|thickness_flexible|2.0|||
01/01/2024|54|30200520000EB|10.4|10.5|thickness_flexible|2.0|||
01/01/2024|54|30200520000EB|10.5|10.6|thickness_flexible|2.0|||
01/01/2024|54|30200520000EB|10.6|10.7|thickness_flexible|2.0|||
01/01/2024|54|30200520000EB|10.7|10.8|thickness_flexible|2.0|||
01/01/2024|54|30200520000EB|10.8|10.9|thickness_flexible|2.0|||
01/01/2024|54|30200520000EB|10.9|11.0|thickness_flexible|2.0|||
01/01/2024|54|30200520000EB|11.0|11.1|thickness_flexible|2.0|||
01/01/2024|54|30200520000EB|11.1|11.2|thickness_flexible|2.0|||
01/01/2024|54|30200520000EB|11.2|11.3|thickness_flexible|2.0|||
01/01/2024|54|30200520000EB|11.3|11.4|thickness_flexible|2.0|||
01/01/2024|54|30200520000EB|11.4|11.5|thickness_flexible|2.0|||
01/01/2024|54|30200520000EB|11.5|11.6|thickness_flexible|2.0|||
01/01/2024|54|30200520000EB|11.6|11.65|thickness_flexible|2.0|||
01/01/2024|54|30200520000EB|21.06|21.1|thickness_flexible|2.0|||
01/01/2024|54|30200520000EB|21.1|21.2|thickness_flexible|2.0|||
01/01/2024|54|30200520000EB|21.2|21.3|thickness_flexible|2.0|||
01/01/2024|54|30200520000EB|21.3|21.4|thickness_flexible|2.0|||
01/01/2024|54|30200520000EB|21.4|21.5|thickness_flexible|2.0|||
01/01/2024|54|30200520000EB|21.5|21.6|thickness_flexible|2.0|||
01/01/2024|54|30200520000EB|21.6|21.7|thickness_flexible|2.0|||
01/01/2024|54|30200520000EB|21.7|21.8|thickness_flexible|2.0|||
01/01/2024|54|30200520000EB|21.8|21.9|thickness_flexible|2.0|||
01/01/2024|54|30200520000EB|21.9|21.95|thickness_flexible|2.0|||
01/01/2024|54|30200520000EB|21.97|22.0|thickness_flexible|2.0|||
01/01/2024|54|30200520000EB|22.0|22.1|thickness_flexible|2.0|||
01/01/2024|54|30200520000EB|22.1|22.2|thickness_flexible|2.0|||
01/01/2024|54|30200520000EB|22.2|22.28|thickness_flexible|2.0|||
01/01/2024|54|30200520000EB|26.08|26.1|thickness_flexible|2.0|||
01/01/2024|54|30200520000EB|26.1|26.2|thickness_flexible|2.0|||
01/01/2024|54|30200520000EB|26.2|26.3|thickness_flexible|2.0|||
01/01/2024|54|30200520000EB|26.3|26.4|thickness_flexible|2.0|||
01/01/2024|54|30200520000EB|26.4|26.5|thickness_flexible|2.0|||
01/01/2024|54|30200520000EB|26.5|26.53|thickness_flexible|2.0|||
01/01/2024|54|4140019030000|0.387|0.5|thickness_flexible|6.0|||
01/01/2024|54|4140019030000|0.5|0.98|thickness_flexible|6.0|||
01/01/2024|54|3030080000000|4.6|5.6|thickness_flexible|2.0|||
01/01/2024|54|3030080000000|7.05|7.1|thickness_flexible|2.0|||
01/01/2024|54|3030080000000|7.1|7.2|thickness_flexible|2.0|||
01/01/2024|54|3030080000000|7.2|7.3|thickness_flexible|2.0|||
01/01/2024|54|3030080000000|7.3|7.4|thickness_flexible|2.0|||
01/01/2024|54|3030080000000|7.4|7.5|thickness_flexible|2.0|||
01/01/2024|54|3030080000000|7.5|7.6|thickness_flexible|2.0|||
01/01/2024|54|3030080000000|7.6|7.7|thickness_flexible|2.0|||
01/01/2024|54|3030080000000|7.7|7.8|thickness_flexible|2.0|||
01/01/2024|54|3030080000000|7.8|7.9|thickness_flexible|2.0|||
01/01/2024|54|3030080000000|7.9|8.0|thickness_flexible|2.0|||
01/01/2024|54|3030080000000|8.0|8.1|thickness_flexible|2.0|||
01/01/2024|54|3030080000000|8.1|8.2|thickness_flexible|2.0|||
01/01/2024|54|3030080000000|8.2|8.3|thickness_flexible|2.0|||
01/01/2024|54|3030080000000|8.3|8.4|thickness_flexible|2.0|||
01/01/2024|54|3030080000000|8.4|8.5|thickness_flexible|2.0|||
01/01/2024|54|3030080000000|8.5|8.6|thickness_flexible|2.0|||
01/01/2024|54|3030080000000|8.6|8.7|thickness_flexible|2.0|||
01/01/2024|54|3030080000000|8.7|8.8|thickness_flexible|2.0|||
01/01/2024|54|3030080000000|8.8|8.9|thickness_flexible|2.0|||
01/01/2024|54|3030080000000|8.9|9.0|thickness_flexible|2.0|||
01/01/2024|54|3030080000000|9.0|9.1|thickness_flexible|2.0|||
01/01/2024|54|3030080000000|9.1|9.2|thickness_flexible|2.0|||
01/01/2024|54|3030080000000|9.2|9.3|thickness_flexible|2.0|||
01/01/2024|54|3030080000000|9.3|9.4|thickness_flexible|2.0|||
01/01/2024|54|3030080000000|9.4|9.46|thickness_flexible|2.0|||
01/01/2024|54|0130038000000|0.43|2.43|thickness_flexible|9.0|||
01/01/2024|54|0130038000000|5.53|6.31|thickness_flexible|9.0|||
01/01/2024|54|49200330000EB|5.37|7.192|thickness_flexible|9.0|||
01/01/2024|54|49200330000EB|8.31|10.87|thickness_flexible|9.0|||
01/01/2024|54|3940003000000|4.6|7.27|thickness_flexible|8.0|||
01/01/2024|54|5040060030000|1.37|1.47|thickness_flexible|1.0|||
01/01/2024|54|10200190000NB|0.0|0.1|thickness_flexible|2.0|||
01/01/2024|54|10200190000NB|0.1|0.2|thickness_flexible|2.0|||
01/01/2024|54|10200190000NB|0.2|0.3|thickness_flexible|2.0|||
01/01/2024|54|10200190000NB|0.3|0.4|thickness_flexible|2.0|||
01/01/2024|54|10200190000NB|0.4|0.5|thickness_flexible|2.0|||
01/01/2024|54|10200190000NB|0.5|0.6|thickness_flexible|2.0|||
01/01/2024|54|10200190000NB|0.6|0.7|thickness_flexible|2.0|||
01/01/2024|54|10200190000NB|0.7|0.8|thickness_flexible|2.0|||
01/01/2024|54|10200190000NB|0.8|0.9|thickness_flexible|2.0|||
01/01/2024|54|10200190000NB|0.9|1.0|thickness_flexible|2.0|||
01/01/2024|54|10200190000NB|1.0|1.02|thickness_flexible|2.0|||
01/01/2024|54|10200190000NB|3.89|6.16|thickness_flexible|1.0|||
01/01/2024|54|10200190000NB|6.16|6.66|thickness_flexible|1.0|||
01/01/2024|54|10200190000NB|6.66|8.23|thickness_flexible|1.0|||
01/01/2024|54|10200190000NB|14.64|15.627|thickness_flexible|1.0|||
01/01/2024|54|41200190014NB|0.0|0.1|thickness_flexible|9.0|||
01/01/2024|54|41200190014NB|0.1|0.2|thickness_flexible|9.0|||
01/01/2024|54|41200190014NB|0.2|0.3|thickness_flexible|9.0|||
01/01/2024|54|41200190014NB|0.3|0.4|thickness_flexible|9.0|||
01/01/2024|54|41200190014NB|0.4|0.5|thickness_flexible|9.0|||
01/01/2024|54|41200190014NB|0.5|0.6|thickness_flexible|9.0|||
01/01/2024|54|41200190014NB|0.6|0.7|thickness_flexible|9.0|||
01/01/2024|54|41200190014NB|0.7|0.8|thickness_flexible|9.0|||
01/01/2024|54|41200190014NB|0.8|0.9|thickness_flexible|9.0|||
01/01/2024|54|41200190014NB|0.9|1.0|thickness_flexible|9.0|||
01/01/2024|54|41200190014NB|1.0|1.1|thickness_flexible|9.0|||
01/01/2024|54|41200190014NB|1.1|1.2|thickness_flexible|9.0|||
01/01/2024|54|41200190014NB|1.2|1.3|thickness_flexible|9.0|||
01/01/2024|54|41200190014NB|1.3|1.4|thickness_flexible|9.0|||
01/01/2024|54|41200190014NB|1.4|1.5|thickness_flexible|9.0|||
01/01/2024|54|41200190014NB|1.5|1.6|thickness_flexible|9.0|||
01/01/2024|54|41200190014NB|1.6|1.7|thickness_flexible|9.0|||
01/01/2024|54|41200190014NB|1.7|1.8|thickness_flexible|9.0|||
01/01/2024|54|41200190014NB|1.8|1.9|thickness_flexible|9.0|||
01/01/2024|54|41200190014NB|1.9|2.0|thickness_flexible|9.0|||
01/01/2024|54|41200190014NB|2.0|2.1|thickness_flexible|9.0|||
01/01/2024|54|41200190014NB|2.1|2.2|thickness_flexible|9.0|||
01/01/2024|54|41200190014NB|2.2|2.3|thickness_flexible|9.0|||
01/01/2024|54|41200190014NB|2.3|2.4|thickness_flexible|9.0|||
01/01/2024|54|41200190014NB|2.4|2.5|thickness_flexible|9.0|||
01/01/2024|54|41200190014NB|2.5|2.6|thickness_flexible|9.0|||
01/01/2024|54|41200190014NB|2.6|2.63|thickness_flexible|9.0|||
01/01/2024|54|41200190014NB|2.63|2.7|thickness_flexible|9.0|||
01/01/2024|54|4040031000000|0.0|0.3|thickness_flexible|2.0|||
01/01/2024|54|41200190000NB|0.0|0.1|thickness_flexible|8.0|||
01/01/2024|54|41200190000NB|0.1|0.2|thickness_flexible|8.0|||
01/01/2024|54|41200190000NB|0.2|0.3|thickness_flexible|8.0|||
01/01/2024|54|41200190000NB|0.3|0.4|thickness_flexible|8.0|||
01/01/2024|54|41200190000NB|0.4|0.5|thickness_flexible|8.0|||
01/01/2024|54|41200190000NB|0.5|0.6|thickness_flexible|8.0|||
01/01/2024|54|41200190000NB|0.6|0.7|thickness_flexible|8.0|||
01/01/2024|54|41200190000NB|0.7|0.8|thickness_flexible|8.0|||
01/01/2024|54|41200190000NB|0.8|0.9|thickness_flexible|8.0|||
01/01/2024|54|41200190000NB|0.9|1.0|thickness_flexible|8.0|||
01/01/2024|54|41200190000NB|1.0|1.1|thickness_flexible|8.0|||
01/01/2024|54|41200190000NB|1.1|1.2|thickness_flexible|8.0|||
01/01/2024|54|41200190000NB|1.2|1.3|thickness_flexible|8.0|||
01/01/2024|54|41200190000NB|1.3|1.4|thickness_flexible|8.0|||
01/01/2024|54|41200190000NB|1.4|1.5|thickness_flexible|8.0|||
01/01/2024|54|41200190000NB|1.5|1.6|thickness_flexible|8.0|||
01/01/2024|54|41200190000NB|1.6|1.7|thickness_flexible|8.0|||
01/01/2024|54|41200190000NB|1.7|1.8|thickness_flexible|8.0|||
01/01/2024|54|41200190000NB|1.8|1.9|thickness_flexible|8.0|||
01/01/2024|54|41200190000NB|1.9|2.0|thickness_flexible|8.0|||
01/01/2024|54|41200190000NB|2.0|2.1|thickness_flexible|8.0|||
01/01/2024|54|41200190000NB|2.1|2.17|thickness_flexible|8.0|||
01/01/2024|54|41200190000NB|2.17|2.2|thickness_flexible|9.0|||
01/01/2024|54|41200190000NB|2.2|2.3|thickness_flexible|9.0|||
01/01/2024|54|41200190000NB|2.3|2.4|thickness_flexible|9.0|||
01/01/2024|54|41200190000NB|2.4|2.5|thickness_flexible|9.0|||
01/01/2024|54|41200190000NB|2.5|2.6|thickness_flexible|9.0|||
01/01/2024|54|41200190000NB|2.6|2.7|thickness_flexible|9.0|||
01/01/2024|54|41200190000NB|2.7|2.8|thickness_flexible|9.0|||
01/01/2024|54|41200190000NB|2.8|2.9|thickness_flexible|9.0|||
01/01/2024|54|41200190000NB|2.9|3.0|thickness_flexible|9.0|||
01/01/2024|54|41200190000NB|3.0|3.1|thickness_flexible|9.0|||
01/01/2024|54|41200190000NB|3.1|3.2|thickness_flexible|9.0|||
01/01/2024|54|41200190000NB|3.2|3.3|thickness_flexible|9.0|||
01/01/2024|54|41200190000NB|3.3|3.4|thickness_flexible|9.0|||
01/01/2024|54|41200190000NB|3.4|3.5|thickness_flexible|9.0|||
01/01/2024|54|41200190000NB|3.5|3.6|thickness_flexible|9.0|||
01/01/2024|54|41200190000NB|3.6|3.7|thickness_flexible|9.0|||
01/01/2024|54|41200190000NB|3.7|3.8|thickness_flexible|9.0|||
01/01/2024|54|41200190000NB|3.8|3.9|thickness_flexible|9.0|||
01/01/2024|54|41200190000NB|3.9|4.0|thickness_flexible|9.0|||
01/01/2024|54|41200190000NB|4.0|4.1|thickness_flexible|9.0|||
01/01/2024|54|41200190000NB|4.1|4.2|thickness_flexible|9.0|||
01/01/2024|54|41200190000NB|4.2|4.3|thickness_flexible|9.0|||
01/01/2024|54|41200190000NB|4.3|4.4|thickness_flexible|9.0|||
01/01/2024|54|41200190000NB|4.4|4.5|thickness_flexible|9.0|||
01/01/2024|54|41200190000NB|4.5|4.6|thickness_flexible|9.0|||
01/01/2024|54|41200190000NB|4.6|4.7|thickness_flexible|9.0|||
01/01/2024|54|41200190000NB|4.7|4.8|thickness_flexible|9.0|||
01/01/2024|54|41200190000NB|4.8|4.9|thickness_flexible|9.0|||
01/01/2024|54|41200190000NB|4.9|5.0|thickness_flexible|9.0|||
01/01/2024|54|41200190000NB|5.0|5.1|thickness_flexible|9.0|||
01/01/2024|54|41200190000NB|5.1|5.2|thickness_flexible|9.0|||
01/01/2024|54|41200190000NB|5.2|5.3|thickness_flexible|9.0|||
01/01/2024|54|41200190000NB|5.3|5.4|thickness_flexible|9.0|||
01/01/2024|54|41200190000NB|5.4|5.5|thickness_flexible|9.0|||
01/01/2024|54|41200190000NB|5.5|5.6|thickness_flexible|9.0|||
01/01/2024|54|41200190000NB|5.6|5.7|thickness_flexible|9.0|||
01/01/2024|54|41200190000NB|5.7|5.8|thickness_flexible|9.0|||
01/01/2024|54|41200190000NB|5.8|5.9|thickness_flexible|9.0|||
01/01/2024|54|41200190000NB|5.9|6.0|thickness_flexible|9.0|||
01/01/2024|54|41200190000NB|6.0|6.1|thickness_flexible|9.0|||
01/01/2024|54|41200190000NB|6.1|6.2|thickness_flexible|9.0|||
01/01/2024|54|41200190000NB|6.2|6.3|thickness_flexible|9.0|||
01/01/2024|54|41200190000NB|6.3|6.4|thickness_flexible|9.0|||
01/01/2024|54|41200190000NB|6.4|6.47|thickness_flexible|9.0|||
01/01/2024|54|41200190000NB|16.669|16.7|thickness_flexible|9.0|||
01/01/2024|54|41200190000NB|16.7|16.8|thickness_flexible|9.0|||
01/01/2024|54|41200190000NB|16.8|16.9|thickness_flexible|9.0|||
01/01/2024|54|41200190000NB|16.9|16.925|thickness_flexible|9.0|||
01/01/2024|54|41200190000NB|17.18|17.2|thickness_flexible|9.0|||
01/01/2024|54|41200190000NB|17.2|17.3|thickness_flexible|9.0|||
01/01/2024|54|41200190000NB|17.3|17.4|thickness_flexible|9.0|||
01/01/2024|54|41200190000NB|17.4|17.5|thickness_flexible|9.0|||
01/01/2024|54|41200190000NB|17.5|17.6|thickness_flexible|9.0|||
01/01/2024|54|41200190000NB|17.6|17.7|thickness_flexible|9.0|||
01/01/2024|54|41200190000NB|17.7|17.8|thickness_flexible|9.0|||
01/01/2024|54|41200190000NB|17.8|17.9|thickness_flexible|9.0|||
01/01/2024|54|41200190000NB|17.9|17.95|thickness_flexible|9.0|||
01/01/2024|54|41200190000NB|18.31|18.4|thickness_flexible|9.0|||
01/01/2024|54|41200190000NB|18.4|18.408|thickness_flexible|9.0|||
01/01/2024|54|41200190000NB|18.408|18.41|thickness_flexible|9.0|||
01/01/2024|54|41200190000NB|18.41|18.5|thickness_flexible|9.0|||
01/01/2024|54|41200190000NB|18.5|18.6|thickness_flexible|9.0|||
01/01/2024|54|41200190000NB|18.6|18.635|thickness_flexible|9.0|||
01/01/2024|54|41200190000NB|18.635|18.64|thickness_flexible|9.0|||
01/01/2024|54|41200190000NB|18.64|18.7|thickness_flexible|9.0|||
01/01/2024|54|41200190000NB|18.7|18.8|thickness_flexible|9.0|||
01/01/2024|54|41200190000NB|18.8|18.9|thickness_flexible|9.0|||
01/01/2024|54|41200190000NB|18.9|19.0|thickness_flexible|9.0|||
01/01/2024|54|41200190000NB|19.0|19.1|thickness_flexible|9.0|||
01/01/2024|54|41200190000NB|19.1|19.2|thickness_flexible|9.0|||
01/01/2024|54|41200190000NB|19.2|19.3|thickness_flexible|9.0|||
01/01/2024|54|41200190000NB|19.3|19.329|thickness_flexible|9.0|||
01/01/2024|54|41200190000NB|19.329|19.33|thickness_flexible|9.0|||
01/01/2024|54|41200190000NB|19.8|19.9|thickness_flexible|9.0|||
01/01/2024|54|41200190000NB|19.9|20.0|thickness_flexible|9.0|||
01/01/2024|54|41200190000NB|20.0|20.1|thickness_flexible|9.0|||
01/01/2024|54|41200190000NB|20.1|20.2|thickness_flexible|9.0|||
01/01/2024|54|41200190000NB|20.2|20.3|thickness_flexible|9.0|||
01/01/2024|54|41200190000NB|20.3|20.4|thickness_flexible|9.0|||
01/01/2024|54|41200190000NB|20.4|20.5|thickness_flexible|9.0|||
01/01/2024|54|41200190000NB|20.5|20.6|thickness_flexible|9.0|||
01/01/2024|54|41200190000NB|20.6|20.7|thickness_flexible|9.0|||
01/01/2024|54|41200190000NB|20.7|20.8|thickness_flexible|9.0|||
01/01/2024|54|41200190000NB|20.8|20.9|thickness_flexible|9.0|||
01/01/2024|54|41200190000NB|20.9|21.0|thickness_flexible|9.0|||
01/01/2024|54|41200190000NB|21.0|21.1|thickness_flexible|9.0|||
01/01/2024|54|41200190000NB|21.1|21.2|thickness_flexible|9.0|||
01/01/2024|54|41200190000NB|21.2|21.3|thickness_flexible|9.0|||
01/01/2024|54|41200190000NB|21.3|21.4|thickness_flexible|9.0|||
01/01/2024|54|41200190000NB|21.4|21.5|thickness_flexible|9.0|||
01/01/2024|54|41200190000NB|21.5|21.6|thickness_flexible|9.0|||
01/01/2024|54|41200190000NB|21.6|21.61|thickness_flexible|9.0|||
01/01/2024|54|41200190000NB|23.31|23.4|thickness_flexible|9.0|||
01/01/2024|54|41200190000NB|23.4|23.5|thickness_flexible|9.0|||
01/01/2024|54|41200190000NB|23.5|23.6|thickness_flexible|9.0|||
01/01/2024|54|41200190000NB|23.6|23.7|thickness_flexible|9.0|||
01/01/2024|54|41200190000NB|23.7|23.8|thickness_flexible|9.0|||
01/01/2024|54|41200190000NB|23.8|23.9|thickness_flexible|9.0|||
01/01/2024|54|41200190000NB|23.9|24.0|thickness_flexible|9.0|||
01/01/2024|54|41200190000NB|24.0|24.09|thickness_flexible|9.0|||
01/01/2024|54|24200520000EB|0.0|0.1|thickness_flexible|9.0|||
01/01/2024|54|24200520000EB|0.1|0.2|thickness_flexible|9.0|||
01/01/2024|54|24200520000EB|0.2|0.3|thickness_flexible|9.0|||
01/01/2024|54|24200520000EB|0.3|0.4|thickness_flexible|9.0|||
01/01/2024|54|24200520000EB|0.4|0.5|thickness_flexible|9.0|||
01/01/2024|54|24200520000EB|0.5|0.6|thickness_flexible|9.0|||
01/01/2024|54|24200520000EB|0.6|0.7|thickness_flexible|9.0|||
01/01/2024|54|24200520000EB|0.7|0.8|thickness_flexible|9.0|||
01/01/2024|54|24200520000EB|0.8|0.9|thickness_flexible|9.0|||
01/01/2024|54|24200520000EB|0.9|1.0|thickness_flexible|9.0|||
01/01/2024|54|24200520000EB|1.0|1.09|thickness_flexible|9.0|||
01/01/2024|54|24200520000EB|2.54|2.6|thickness_flexible|9.0|||
01/01/2024|54|24200520000EB|2.6|2.7|thickness_flexible|9.0|||
01/01/2024|54|24200520000EB|2.7|2.8|thickness_flexible|9.0|||
01/01/2024|54|24200520000EB|2.8|2.9|thickness_flexible|9.0|||
01/01/2024|54|24200520000EB|2.9|3.0|thickness_flexible|9.0|||
01/01/2024|54|24200520000EB|3.0|3.1|thickness_flexible|9.0|||
01/01/2024|54|24200520000EB|3.1|3.2|thickness_flexible|9.0|||
01/01/2024|54|24200520000EB|3.2|3.3|thickness_flexible|9.0|||
01/01/2024|54|24200520000EB|3.3|3.4|thickness_flexible|9.0|||
01/01/2024|54|24200520000EB|3.4|3.5|thickness_flexible|9.0|||
01/01/2024|54|24200520000EB|3.5|3.6|thickness_flexible|9.0|||
01/01/2024|54|24200520000EB|3.6|3.7|thickness_flexible|9.0|||
01/01/2024|54|24200520000EB|3.7|3.72|thickness_flexible|9.0|||
01/01/2024|54|24200520000EB|5.19|5.2|thickness_flexible|9.0|||
01/01/2024|54|24200520000EB|5.2|5.3|thickness_flexible|9.0|||
01/01/2024|54|24200520000EB|5.3|5.4|thickness_flexible|9.0|||
01/01/2024|54|24200520000EB|5.4|5.5|thickness_flexible|9.0|||
01/01/2024|54|24200520000EB|5.5|5.6|thickness_flexible|9.0|||
01/01/2024|54|24200520000EB|5.6|5.7|thickness_flexible|9.0|||
01/01/2024|54|24200520000EB|5.7|5.8|thickness_flexible|9.0|||
01/01/2024|54|24200520000EB|5.8|5.9|thickness_flexible|9.0|||
01/01/2024|54|24200520000EB|5.9|6.0|thickness_flexible|9.0|||
01/01/2024|54|24200520000EB|6.0|6.1|thickness_flexible|9.0|||
01/01/2024|54|24200520000EB|6.1|6.2|thickness_flexible|9.0|||
01/01/2024|54|24200520000EB|6.2|6.3|thickness_flexible|9.0|||
01/01/2024|54|24200520000EB|6.3|6.4|thickness_flexible|9.0|||
01/01/2024|54|24200520000EB|6.4|6.5|thickness_flexible|9.0|||
01/01/2024|54|24200520000EB|6.5|6.6|thickness_flexible|9.0|||
01/01/2024|54|24200520000EB|6.6|6.7|thickness_flexible|9.0|||
01/01/2024|54|24200520000EB|6.7|6.8|thickness_flexible|9.0|||
01/01/2024|54|24200520000EB|6.8|6.9|thickness_flexible|9.0|||
01/01/2024|54|24200520000EB|6.9|7.0|thickness_flexible|9.0|||
01/01/2024|54|24200520000EB|7.0|7.1|thickness_flexible|9.0|||
01/01/2024|54|24200520000EB|7.1|7.2|thickness_flexible|9.0|||
01/01/2024|54|24200520000EB|7.2|7.3|thickness_flexible|9.0|||
01/01/2024|54|24200520000EB|7.3|7.4|thickness_flexible|9.0|||
01/01/2024|54|24200520000EB|7.4|7.5|thickness_flexible|9.0|||
01/01/2024|54|24200520000EB|7.5|7.6|thickness_flexible|9.0|||
01/01/2024|54|24200520000EB|7.6|7.7|thickness_flexible|9.0|||
01/01/2024|54|24200520000EB|7.7|7.8|thickness_flexible|9.0|||
01/01/2024|54|24200520000EB|7.8|7.9|thickness_flexible|9.0|||
01/01/2024|54|24200520000EB|7.9|7.91|thickness_flexible|9.0|||
01/01/2024|54|24200520000EB|9.59|9.6|thickness_flexible|9.0|||
01/01/2024|54|24200520000EB|9.6|9.7|thickness_flexible|9.0|||
01/01/2024|54|24200520000EB|9.7|9.8|thickness_flexible|9.0|||
01/01/2024|54|24200520000EB|9.8|9.9|thickness_flexible|9.0|||
01/01/2024|54|24200520000EB|9.9|10.0|thickness_flexible|9.0|||
01/01/2024|54|24200520000EB|10.0|10.1|thickness_flexible|9.0|||
01/01/2024|54|24200520000EB|10.1|10.2|thickness_flexible|9.0|||
01/01/2024|54|24200520000EB|10.2|10.3|thickness_flexible|9.0|||
01/01/2024|54|24200520000EB|10.3|10.4|thickness_flexible|9.0|||
01/01/2024|54|24200520000EB|10.4|10.5|thickness_flexible|9.0|||
01/01/2024|54|24200520000EB|10.5|10.6|thickness_flexible|9.0|||
01/01/2024|54|24200520000EB|10.6|10.7|thickness_flexible|9.0|||
01/01/2024|54|24200520000EB|10.7|10.8|thickness_flexible|9.0|||
01/01/2024|54|24200520000EB|10.8|10.9|thickness_flexible|9.0|||
01/01/2024|54|24200520000EB|10.9|11.0|thickness_flexible|9.0|||
01/01/2024|54|24200520000EB|11.0|11.1|thickness_flexible|9.0|||
01/01/2024|54|24200520000EB|11.1|11.2|thickness_flexible|9.0|||
01/01/2024|54|24200520000EB|11.2|11.3|thickness_flexible|9.0|||
01/01/2024|54|24200520000EB|11.3|11.4|thickness_flexible|9.0|||
01/01/2024|54|24200520000EB|11.4|11.5|thickness_flexible|9.0|||
01/01/2024|54|24200520000EB|11.5|11.6|thickness_flexible|9.0|||
01/01/2024|54|24200520000EB|11.6|11.7|thickness_flexible|9.0|||
01/01/2024|54|24200520000EB|11.7|11.8|thickness_flexible|9.0|||
01/01/2024|54|24200520000EB|11.8|11.9|thickness_flexible|9.0|||
01/01/2024|54|24200520000EB|11.9|12.0|thickness_flexible|9.0|||
01/01/2024|54|24200520000EB|12.0|12.1|thickness_flexible|9.0|||
01/01/2024|54|24200520000EB|12.1|12.2|thickness_flexible|9.0|||
01/01/2024|54|24200520000EB|12.2|12.3|thickness_flexible|9.0|||
01/01/2024|54|24200520000EB|12.3|12.4|thickness_flexible|9.0|||
01/01/2024|54|24200520000EB|12.4|12.5|thickness_flexible|9.0|||
01/01/2024|54|24200520000EB|12.5|12.6|thickness_flexible|9.0|||
01/01/2024|54|24200520000EB|12.6|12.7|thickness_flexible|9.0|||
01/01/2024|54|24200520000EB|12.7|12.8|thickness_flexible|9.0|||
01/01/2024|54|24200520000EB|12.8|12.82|thickness_flexible|9.0|||
01/01/2024|54|24200520000EB|24.59|24.6|thickness_flexible|9.0|||
01/01/2024|54|24200520000EB|24.6|24.7|thickness_flexible|9.0|||
01/01/2024|54|24200520000EB|24.7|24.8|thickness_flexible|9.0|||
01/01/2024|54|24200520000EB|24.8|24.9|thickness_flexible|9.0|||
01/01/2024|54|24200520000EB|24.9|25.0|thickness_flexible|9.0|||
01/01/2024|54|24200520000EB|25.0|25.1|thickness_flexible|9.0|||
01/01/2024|54|24200520000EB|25.1|25.2|thickness_flexible|9.0|||
01/01/2024|54|24200520000EB|25.2|25.3|thickness_flexible|9.0|||
01/01/2024|54|24200520000EB|25.3|25.4|thickness_flexible|9.0|||
01/01/2024|54|24200520000EB|25.4|25.5|thickness_flexible|9.0|||
01/01/2024|54|24200520000EB|25.5|25.6|thickness_flexible|9.0|||
01/01/2024|54|24200520000EB|25.6|25.7|thickness_flexible|9.0|||
01/01/2024|54|24200520000EB|25.7|25.8|thickness_flexible|9.0|||
01/01/2024|54|24200520000EB|25.8|25.9|thickness_flexible|9.0|||
01/01/2024|54|24200520000EB|25.9|26.0|thickness_flexible|9.0|||
01/01/2024|54|24200520000EB|26.0|26.1|thickness_flexible|9.0|||
01/01/2024|54|24200520000EB|26.1|26.2|thickness_flexible|9.0|||
01/01/2024|54|24200520000EB|26.2|26.3|thickness_flexible|9.0|||
01/01/2024|54|24200520000EB|26.3|26.4|thickness_flexible|9.0|||
01/01/2024|54|24200520000EB|26.4|26.5|thickness_flexible|9.0|||
01/01/2024|54|24200520000EB|26.5|26.6|thickness_flexible|9.0|||
01/01/2024|54|24200520000EB|26.6|26.7|thickness_flexible|9.0|||
01/01/2024|54|24200520000EB|26.7|26.77|thickness_flexible|9.0|||
01/01/2024|54|2040027000000|5.07|7.24|thickness_flexible|2.0|||
01/01/2024|54|02100810000NB|0.0|0.1|thickness_flexible|2.0|||
01/01/2024|54|02100810000NB|0.1|0.2|thickness_flexible|2.0|||
01/01/2024|54|02100810000NB|0.2|0.3|thickness_flexible|2.0|||
01/01/2024|54|02100810000NB|0.3|0.4|thickness_flexible|2.0|||
01/01/2024|54|02100810000NB|0.4|0.5|thickness_flexible|2.0|||
01/01/2024|54|02100810000NB|0.5|0.6|thickness_flexible|2.0|||
01/01/2024|54|02100810000NB|0.6|0.7|thickness_flexible|2.0|||
01/01/2024|54|02100810000NB|0.7|0.8|thickness_flexible|2.0|||
01/01/2024|54|02100810000NB|0.8|0.9|thickness_flexible|2.0|||
01/01/2024|54|02100810000NB|0.9|1.0|thickness_flexible|2.0|||
01/01/2024|54|02100810000NB|1.0|1.1|thickness_flexible|2.0|||
01/01/2024|54|02100810000NB|1.1|1.2|thickness_flexible|2.0|||
01/01/2024|54|02100810000NB|1.2|1.3|thickness_flexible|2.0|||
01/01/2024|54|02100810000NB|1.3|1.39|thickness_flexible|2.0|||
01/01/2024|54|02100810000NB|1.39|1.4|thickness_flexible|2.0|||
01/01/2024|54|02100810000NB|1.4|1.5|thickness_flexible|2.0|||
01/01/2024|54|02100810000NB|1.5|1.6|thickness_flexible|2.0|||
01/01/2024|54|02100810000NB|1.6|1.7|thickness_flexible|2.0|||
01/01/2024|54|02100810000NB|1.7|1.8|thickness_flexible|2.0|||
01/01/2024|54|02100810000NB|1.8|1.9|thickness_flexible|2.0|||
01/01/2024|54|02100810000NB|1.9|2.0|thickness_flexible|2.0|||
01/01/2024|54|02100810000NB|2.0|2.1|thickness_flexible|2.0|||
01/01/2024|54|02100810000NB|2.1|2.2|thickness_flexible|2.0|||
01/01/2024|54|02100810000NB|2.2|2.3|thickness_flexible|2.0|||
01/01/2024|54|02100810000NB|2.3|2.4|thickness_flexible|2.0|||
01/01/2024|54|02100810000NB|2.4|2.5|thickness_flexible|2.0|||
01/01/2024|54|02100810000NB|2.5|2.6|thickness_flexible|2.0|||
01/01/2024|54|02100810000NB|2.6|2.7|thickness_flexible|2.0|||
01/01/2024|54|02100810000NB|2.7|2.8|thickness_flexible|2.0|||
01/01/2024|54|02100810000NB|2.8|2.9|thickness_flexible|2.0|||
01/01/2024|54|02100810000NB|2.9|3.0|thickness_flexible|2.0|||
01/01/2024|54|02100810000NB|3.0|3.1|thickness_flexible|2.0|||
01/01/2024|54|02100810000NB|3.1|3.2|thickness_flexible|2.0|||
01/01/2024|54|02100810000NB|3.2|3.3|thickness_flexible|2.0|||
01/01/2024|54|02100810000NB|3.3|3.4|thickness_flexible|2.0|||
01/01/2024|54|02100810000NB|3.4|3.5|thickness_flexible|2.0|||
01/01/2024|54|02100810000NB|3.5|3.6|thickness_flexible|2.0|||
01/01/2024|54|02100810000NB|3.6|3.7|thickness_flexible|2.0|||
01/01/2024|54|02100810000NB|3.7|3.8|thickness_flexible|2.0|||
01/01/2024|54|02100810000NB|3.8|3.9|thickness_flexible|2.0|||
01/01/2024|54|02100810000NB|3.9|4.0|thickness_flexible|2.0|||
01/01/2024|54|02100810000NB|4.0|4.1|thickness_flexible|2.0|||
01/01/2024|54|02100810000NB|4.1|4.2|thickness_flexible|2.0|||
01/01/2024|54|02100810000NB|4.2|4.3|thickness_flexible|2.0|||
01/01/2024|54|02100810000NB|4.3|4.4|thickness_flexible|2.0|||
01/01/2024|54|02100810000NB|4.4|4.5|thickness_flexible|2.0|||
01/01/2024|54|02100810000NB|4.5|4.6|thickness_flexible|2.0|||
01/01/2024|54|02100810000NB|4.6|4.7|thickness_flexible|2.0|||
01/01/2024|54|02100810000NB|4.7|4.8|thickness_flexible|2.0|||
01/01/2024|54|02100810000NB|4.8|4.9|thickness_flexible|2.0|||
01/01/2024|54|02100810000NB|4.9|5.0|thickness_flexible|2.0|||
01/01/2024|54|02100810000NB|5.0|5.1|thickness_flexible|2.0|||
01/01/2024|54|02100810000NB|5.1|5.2|thickness_flexible|2.0|||
01/01/2024|54|02100810000NB|5.2|5.3|thickness_flexible|2.0|||
01/01/2024|54|02100810000NB|5.3|5.4|thickness_flexible|2.0|||
01/01/2024|54|02100810000NB|5.4|5.5|thickness_flexible|2.0|||
01/01/2024|54|02100810000NB|5.5|5.6|thickness_flexible|2.0|||
01/01/2024|54|02100810000NB|5.6|5.7|thickness_flexible|2.0|||
01/01/2024|54|02100810000NB|5.7|5.8|thickness_flexible|2.0|||
01/01/2024|54|02100810000NB|5.8|5.9|thickness_flexible|2.0|||
01/01/2024|54|02100810000NB|5.9|6.0|thickness_flexible|2.0|||
01/01/2024|54|02100810000NB|6.0|6.1|thickness_flexible|2.0|||
01/01/2024|54|02100810000NB|6.1|6.2|thickness_flexible|2.0|||
01/01/2024|54|02100810000NB|6.2|6.27|thickness_flexible|2.0|||
01/01/2024|54|02100810000NB|6.27|6.3|thickness_flexible|2.0|||
01/01/2024|54|02100810000NB|6.3|6.4|thickness_flexible|2.0|||
01/01/2024|54|02100810000NB|6.4|6.5|thickness_flexible|2.0|||
01/01/2024|54|02100810000NB|6.5|6.6|thickness_flexible|2.0|||
01/01/2024|54|02100810000NB|6.6|6.7|thickness_flexible|2.0|||
01/01/2024|54|02100810000NB|6.7|6.8|thickness_flexible|2.0|||
01/01/2024|54|02100810000NB|6.8|6.9|thickness_flexible|2.0|||
01/01/2024|54|02100810000NB|6.9|7.0|thickness_flexible|2.0|||
01/01/2024|54|02100810000NB|7.0|7.1|thickness_flexible|2.0|||
01/01/2024|54|02100810000NB|7.1|7.2|thickness_flexible|2.0|||
01/01/2024|54|02100810000NB|7.2|7.3|thickness_flexible|2.0|||
01/01/2024|54|02100810000NB|7.3|7.4|thickness_flexible|2.0|||
01/01/2024|54|02100810000NB|7.4|7.5|thickness_flexible|2.0|||
01/01/2024|54|02100810000NB|7.5|7.6|thickness_flexible|2.0|||
01/01/2024|54|02100810000NB|7.6|7.7|thickness_flexible|2.0|||
01/01/2024|54|02100810000NB|7.7|7.8|thickness_flexible|2.0|||
01/01/2024|54|02100810000NB|7.8|7.9|thickness_flexible|2.0|||
01/01/2024|54|02100810000NB|7.9|8.0|thickness_flexible|12.0|||
01/01/2024|54|02100810000NB|8.0|8.1|thickness_flexible|12.0|||
01/01/2024|54|02100810000NB|8.1|8.2|thickness_flexible|12.0|||
01/01/2024|54|02100810000NB|8.2|8.3|thickness_flexible|12.0|||
01/01/2024|54|02100810000NB|8.3|8.4|thickness_flexible|12.0|||
01/01/2024|54|02100810000NB|8.4|8.5|thickness_flexible|12.0|||
01/01/2024|54|02100810000NB|8.5|8.6|thickness_flexible|12.0|||
01/01/2024|54|02100810000NB|8.6|8.7|thickness_flexible|12.0|||
01/01/2024|54|02100810000NB|8.7|8.8|thickness_flexible|12.0|||
01/01/2024|54|02100810000NB|8.8|8.9|thickness_flexible|12.0|||
01/01/2024|54|02100810000NB|8.9|9.0|thickness_flexible|12.0|||
01/01/2024|54|02100810000NB|9.0|9.1|thickness_flexible|12.0|||
01/01/2024|54|02100810000NB|9.1|9.2|thickness_flexible|12.0|||
01/01/2024|54|02100810000NB|9.2|9.3|thickness_flexible|12.0|||
01/01/2024|54|02100810000NB|9.3|9.4|thickness_flexible|12.0|||
01/01/2024|54|02100810000NB|9.4|9.5|thickness_flexible|12.0|||
01/01/2024|54|02100810000NB|9.5|9.6|thickness_flexible|12.0|||
01/01/2024|54|02100810000NB|9.6|9.7|thickness_flexible|12.0|||
01/01/2024|54|02100810000NB|9.7|9.8|thickness_flexible|12.0|||
01/01/2024|54|02100810000NB|9.8|9.9|thickness_flexible|12.0|||
01/01/2024|54|02100810000NB|9.9|10.0|thickness_flexible|12.0|||
01/01/2024|54|02100810000NB|10.0|10.1|thickness_flexible|12.0|||
01/01/2024|54|02100810000NB|10.1|10.2|thickness_flexible|12.0|||
01/01/2024|54|02100810000NB|10.2|10.3|thickness_flexible|12.0|||
01/01/2024|54|02100810000NB|10.3|10.4|thickness_flexible|12.0|||
01/01/2024|54|02100810000NB|10.4|10.5|thickness_flexible|12.0|||
01/01/2024|54|02100810000NB|10.5|10.6|thickness_flexible|12.0|||
01/01/2024|54|02100810000NB|10.6|10.7|thickness_flexible|12.0|||
01/01/2024|54|02100810000NB|10.7|10.8|thickness_flexible|12.0|||
01/01/2024|54|02100810000NB|10.8|10.9|thickness_flexible|12.0|||
01/01/2024|54|02100810000NB|10.9|11.0|thickness_flexible|12.0|||
01/01/2024|54|02100810000NB|11.0|11.1|thickness_flexible|12.0|||
01/01/2024|54|02100810000NB|11.1|11.2|thickness_flexible|12.0|||
01/01/2024|54|02100810000NB|11.2|11.3|thickness_flexible|12.0|||
01/01/2024|54|02100810000NB|11.3|11.4|thickness_flexible|12.0|||
01/01/2024|54|02100810000NB|11.4|11.5|thickness_flexible|12.0|||
01/01/2024|54|02100810000NB|11.5|11.6|thickness_flexible|12.0|||
01/01/2024|54|02100810000NB|11.6|11.63|thickness_flexible|12.0|||
01/01/2024|54|02100810000NB|11.63|11.7|thickness_flexible|12.0|||
01/01/2024|54|02100810000NB|11.7|11.8|thickness_flexible|12.0|||
01/01/2024|54|02100810000NB|11.8|11.9|thickness_flexible|12.0|||
01/01/2024|54|02100810000NB|11.9|12.0|thickness_flexible|2.0|||
01/01/2024|54|02100810000NB|12.0|12.1|thickness_flexible|2.0|||
01/01/2024|54|02100810000NB|12.1|12.2|thickness_flexible|2.0|||
01/01/2024|54|02100810000NB|12.2|12.3|thickness_flexible|2.0|||
01/01/2024|54|02100810000NB|12.3|12.4|thickness_flexible|2.0|||
01/01/2024|54|02100810000NB|12.4|12.5|thickness_flexible|2.0|||
01/01/2024|54|02100810000NB|12.5|12.6|thickness_flexible|2.0|||
01/01/2024|54|02100810000NB|12.6|12.7|thickness_flexible|2.0|||
01/01/2024|54|02100810000NB|12.7|12.8|thickness_flexible|2.0|||
01/01/2024|54|02100810000NB|12.8|12.9|thickness_flexible|2.0|||
01/01/2024|54|02100810000NB|12.9|13.0|thickness_flexible|2.0|||
01/01/2024|54|02100810000NB|13.0|13.1|thickness_flexible|2.0|||
01/01/2024|54|02100810000NB|13.1|13.2|thickness_flexible|2.0|||
01/01/2024|54|02100810000NB|13.2|13.3|thickness_flexible|2.0|||
01/01/2024|54|02100810000NB|13.3|13.4|thickness_flexible|2.0|||
01/01/2024|54|02100810000NB|13.4|13.5|thickness_flexible|2.0|||
01/01/2024|54|02100810000NB|13.5|13.54|thickness_flexible|2.0|||
01/01/2024|54|02100810000NB|13.54|13.6|thickness_flexible|2.0|||
01/01/2024|54|02100810000NB|13.6|13.7|thickness_flexible|2.0|||
01/01/2024|54|02100810000NB|13.7|13.8|thickness_flexible|2.0|||
01/01/2024|54|02100810000NB|13.8|13.9|thickness_flexible|2.0|||
01/01/2024|54|02100810000NB|13.9|14.0|thickness_flexible|2.0|||
01/01/2024|54|02100810000NB|14.0|14.1|thickness_flexible|2.0|||
01/01/2024|54|02100810000NB|14.1|14.2|thickness_flexible|2.0|||
01/01/2024|54|02100810000NB|14.2|14.26|thickness_flexible|2.0|||
01/01/2024|54|02100810000NB|14.26|14.3|thickness_flexible|2.0|||
01/01/2024|54|02100810000NB|14.3|14.4|thickness_flexible|2.0|||
01/01/2024|54|02100810000NB|14.4|14.5|thickness_flexible|2.0|||
01/01/2024|54|02100810000NB|14.5|14.6|thickness_flexible|2.0|||
01/01/2024|54|02100810000NB|14.6|14.7|thickness_flexible|2.0|||
01/01/2024|54|02100810000NB|14.7|14.8|thickness_flexible|2.0|||
01/01/2024|54|02100810000NB|14.8|14.9|thickness_flexible|2.0|||
01/01/2024|54|02100810000NB|14.9|15.0|thickness_flexible|2.0|||
01/01/2024|54|02100810000NB|15.0|15.1|thickness_flexible|2.0|||
01/01/2024|54|02100810000NB|15.1|15.2|thickness_flexible|2.0|||
01/01/2024|54|02100810000NB|15.2|15.22|thickness_flexible|2.0|||
01/01/2024|54|02100810000NB|15.22|15.3|thickness_flexible|2.0|||
01/01/2024|54|02100810000NB|15.3|15.4|thickness_flexible|2.0|||
01/01/2024|54|02100810000NB|15.4|15.5|thickness_flexible|2.0|||
01/01/2024|54|02100810000NB|15.5|15.6|thickness_flexible|2.0|||
01/01/2024|54|02100810000NB|15.6|15.62|thickness_flexible|2.0|||
01/01/2024|54|02100810000NB|15.62|15.7|thickness_flexible|2.0|||
01/01/2024|54|02100810000NB|15.7|15.8|thickness_flexible|2.0|||
01/01/2024|54|02100810000NB|15.8|15.9|thickness_flexible|2.0|||
01/01/2024|54|02100810000NB|15.9|15.95|thickness_flexible|2.0|||
01/01/2024|54|02100810000NB|15.95|16.0|thickness_flexible|2.0|||
01/01/2024|54|02100810000NB|16.0|16.1|thickness_flexible|2.0|||
01/01/2024|54|02100810000NB|16.1|16.2|thickness_flexible|2.0|||
01/01/2024|54|02100810000NB|16.2|16.23|thickness_flexible|2.0|||
01/01/2024|54|02100810000NB|16.23|16.3|thickness_flexible|2.0|||
01/01/2024|54|02100810000NB|16.3|16.4|thickness_flexible|2.0|||
01/01/2024|54|02100810000NB|16.4|16.5|thickness_flexible|2.0|||
01/01/2024|54|02100810000NB|16.5|16.6|thickness_flexible|2.0|||
01/01/2024|54|02100810000NB|16.6|16.7|thickness_flexible|2.0|||
01/01/2024|54|02100810000NB|16.7|16.8|thickness_flexible|2.0|||
01/01/2024|54|02100810000NB|16.8|16.9|thickness_flexible|2.0|||
01/01/2024|54|02100810000NB|16.9|17.0|thickness_flexible|2.0|||
01/01/2024|54|02100810000NB|17.0|17.1|thickness_flexible|2.0|||
01/01/2024|54|02100810000NB|17.1|17.2|thickness_flexible|2.0|||
01/01/2024|54|02100810000NB|17.2|17.3|thickness_flexible|2.0|||
01/01/2024|54|02100810000NB|17.3|17.4|thickness_flexible|2.0|||
01/01/2024|54|02100810000NB|17.4|17.5|thickness_flexible|2.0|||
01/01/2024|54|02100810000NB|17.5|17.6|thickness_flexible|2.0|||
01/01/2024|54|02100810000NB|17.6|17.7|thickness_flexible|2.0|||
01/01/2024|54|02100810000NB|17.7|17.8|thickness_flexible|2.0|||
01/01/2024|54|02100810000NB|17.8|17.9|thickness_flexible|2.0|||
01/01/2024|54|02100810000NB|17.9|18.0|thickness_flexible|2.0|||
01/01/2024|54|02100810000NB|18.0|18.1|thickness_flexible|2.0|||
01/01/2024|54|02100810000NB|18.1|18.13|thickness_flexible|2.0|||
01/01/2024|54|02100810000NB|18.13|18.2|thickness_flexible|2.0|||
01/01/2024|54|02100810000NB|18.2|18.3|thickness_flexible|2.0|||
01/01/2024|54|02100810000NB|18.3|18.4|thickness_flexible|2.0|||
01/01/2024|54|02100810000NB|18.4|18.5|thickness_flexible|2.0|||
01/01/2024|54|02100810000NB|18.5|18.6|thickness_flexible|2.0|||
01/01/2024|54|02100810000NB|18.6|18.7|thickness_flexible|2.0|||
01/01/2024|54|02100810000NB|18.7|18.8|thickness_flexible|2.0|||
01/01/2024|54|02100810000NB|18.8|18.9|thickness_flexible|2.0|||
01/01/2024|54|02100810000NB|18.9|19.0|thickness_flexible|2.0|||
01/01/2024|54|02100810000NB|19.0|19.1|thickness_flexible|2.0|||
01/01/2024|54|02100810000NB|19.1|19.2|thickness_flexible|2.0|||
01/01/2024|54|02100810000NB|19.2|19.3|thickness_flexible|2.0|||
01/01/2024|54|02100810000NB|19.3|19.4|thickness_flexible|2.0|||
01/01/2024|54|02100810000NB|19.4|19.5|thickness_flexible|2.0|||
01/01/2024|54|02100810000NB|19.5|19.6|thickness_flexible|2.0|||
01/01/2024|54|02100810000NB|19.6|19.7|thickness_flexible|2.0|||
01/01/2024|54|02100810000NB|19.7|19.8|thickness_flexible|2.0|||
01/01/2024|54|02100810000NB|19.8|19.9|thickness_flexible|2.0|||
01/01/2024|54|02100810000NB|19.9|20.0|thickness_flexible|2.0|||
01/01/2024|54|02100810000NB|20.0|20.1|thickness_flexible|2.0|||
01/01/2024|54|02100810000NB|20.1|20.2|thickness_flexible|2.0|||
01/01/2024|54|02100810000NB|20.2|20.3|thickness_flexible|2.0|||
01/01/2024|54|02100810000NB|20.3|20.37|thickness_flexible|2.0|||
01/01/2024|54|02100810000NB|20.37|20.4|thickness_flexible|2.0|||
01/01/2024|54|02100810000NB|20.4|20.5|thickness_flexible|2.0|||
01/01/2024|54|02100810000NB|20.5|20.6|thickness_flexible|2.0|||
01/01/2024|54|02100810000NB|20.6|20.7|thickness_flexible|2.0|||
01/01/2024|54|02100810000NB|20.7|20.8|thickness_flexible|2.0|||
01/01/2024|54|02100810000NB|20.8|20.9|thickness_flexible|2.0|||
01/01/2024|54|02100810000NB|20.9|21.0|thickness_flexible|2.0|||
01/01/2024|54|02100810000NB|21.0|21.1|thickness_flexible|2.0|||
01/01/2024|54|02100810000NB|21.1|21.2|thickness_flexible|2.0|||
01/01/2024|54|02100810000NB|21.2|21.3|thickness_flexible|2.0|||
01/01/2024|54|02100810000NB|21.3|21.4|thickness_flexible|2.0|||
01/01/2024|54|02100810000NB|21.4|21.5|thickness_flexible|2.0|||
01/01/2024|54|02100810000NB|21.5|21.6|thickness_flexible|2.0|||
01/01/2024|54|02100810000NB|21.6|21.7|thickness_flexible|2.0|||
01/01/2024|54|02100810000NB|21.7|21.8|thickness_flexible|2.0|||
01/01/2024|54|02100810000NB|21.8|21.9|thickness_flexible|2.0|||
01/01/2024|54|02100810000NB|21.9|22.0|thickness_flexible|2.0|||
01/01/2024|54|02100810000NB|22.0|22.1|thickness_flexible|2.0|||
01/01/2024|54|02100810000NB|22.1|22.2|thickness_flexible|2.0|||
01/01/2024|54|02100810000NB|22.2|22.3|thickness_flexible|2.0|||
01/01/2024|54|02100810000NB|22.3|22.4|thickness_flexible|2.0|||
01/01/2024|54|02100810000NB|22.4|22.5|thickness_flexible|2.0|||
01/01/2024|54|02100810000NB|22.5|22.6|thickness_flexible|2.0|||
01/01/2024|54|02100810000NB|22.6|22.7|thickness_flexible|2.0|||
01/01/2024|54|02100810000NB|22.7|22.8|thickness_flexible|2.0|||
01/01/2024|54|02100810000NB|22.8|22.9|thickness_flexible|2.0|||
01/01/2024|54|02100810000NB|22.9|23.0|thickness_flexible|2.0|||
01/01/2024|54|02100810000NB|23.0|23.1|thickness_flexible|2.0|||
01/01/2024|54|02100810000NB|23.1|23.2|thickness_flexible|2.0|||
01/01/2024|54|02100810000NB|23.2|23.3|thickness_flexible|2.0|||
01/01/2024|54|02100810000NB|23.3|23.4|thickness_flexible|2.0|||
01/01/2024|54|02100810000NB|23.4|23.46|thickness_flexible|2.0|||
01/01/2024|54|02100810000NB|23.46|23.5|thickness_flexible|2.0|||
01/01/2024|54|02100810000NB|23.5|23.6|thickness_flexible|2.0|||
01/01/2024|54|02100810000NB|23.6|23.7|thickness_flexible|2.0|||
01/01/2024|54|02100810000NB|23.7|23.8|thickness_flexible|2.0|||
01/01/2024|54|02100810000NB|23.8|23.9|thickness_flexible|2.0|||
01/01/2024|54|02100810000NB|23.9|24.0|thickness_flexible|2.0|||
01/01/2024|54|02100810000NB|24.0|24.1|thickness_flexible|2.0|||
01/01/2024|54|02100810000NB|24.1|24.2|thickness_flexible|2.0|||
01/01/2024|54|02100810000NB|24.2|24.3|thickness_flexible|2.0|||
01/01/2024|54|02100810000NB|24.3|24.4|thickness_flexible|2.0|||
01/01/2024|54|02100810000NB|24.4|24.5|thickness_flexible|2.0|||
01/01/2024|54|02100810000NB|24.5|24.53|thickness_flexible|2.0|||
01/01/2024|54|02100810000NB|24.53|24.6|thickness_flexible|2.0|||
01/01/2024|54|02100810000NB|24.6|24.7|thickness_flexible|2.0|||
01/01/2024|54|02100810000NB|24.7|24.8|thickness_flexible|2.0|||
01/01/2024|54|02100810000NB|24.8|24.9|thickness_flexible|2.0|||
01/01/2024|54|02100810000NB|24.9|25.0|thickness_flexible|2.0|||
01/01/2024|54|02100810000NB|25.0|25.1|thickness_flexible|2.0|||
01/01/2024|54|02100810000NB|25.1|25.2|thickness_flexible|2.0|||
01/01/2024|54|02100810000NB|25.2|25.3|thickness_flexible|2.0|||
01/01/2024|54|02100810000NB|25.3|25.4|thickness_flexible|2.0|||
01/01/2024|54|02100810000NB|25.4|25.5|thickness_flexible|2.0|||
01/01/2024|54|02100810000NB|25.5|25.6|thickness_flexible|2.0|||
01/01/2024|54|02100810000NB|25.6|25.7|thickness_flexible|2.0|||
01/01/2024|54|02100810000NB|25.7|25.8|thickness_flexible|2.0|||
01/01/2024|54|02100810000NB|25.8|25.9|thickness_flexible|2.0|||
01/01/2024|54|02100810000NB|25.9|26.0|thickness_flexible|2.0|||
01/01/2024|54|0640013000000|0.02|0.42|thickness_flexible|1.0|||
01/01/2024|54|4140019210000|3.73|5.14|thickness_flexible|6.0|||
01/01/2024|54|50200600000EB|0.0|0.1|thickness_flexible|1.0|||
01/01/2024|54|50200600000EB|0.1|0.16|thickness_flexible|1.0|||
01/01/2024|54|50200600000EB|0.16|0.2|thickness_flexible|1.0|||
01/01/2024|54|50200600000EB|0.2|0.24|thickness_flexible|1.0|||
01/01/2024|54|50200600000EB|0.49|0.5|thickness_flexible|1.0|||
01/01/2024|54|50200600000EB|0.5|0.6|thickness_flexible|1.0|||
01/01/2024|54|50200600000EB|0.6|0.7|thickness_flexible|1.0|||
01/01/2024|54|50200600000EB|0.7|0.72|thickness_flexible|1.0|||
01/01/2024|54|50200600000EB|1.13|1.2|thickness_flexible|1.0|||
01/01/2024|54|50200600000EB|1.2|1.3|thickness_flexible|1.0|||
01/01/2024|54|50200600000EB|1.3|1.4|thickness_flexible|1.0|||
01/01/2024|54|50200600000EB|1.4|1.5|thickness_flexible|1.0|||
01/01/2024|54|50200600000EB|1.5|1.6|thickness_flexible|1.0|||
01/01/2024|54|50200600000EB|1.6|1.7|thickness_flexible|1.0|||
01/01/2024|54|50200600000EB|1.7|1.8|thickness_flexible|1.0|||
01/01/2024|54|50200600000EB|1.8|1.83|thickness_flexible|1.0|||
01/01/2024|54|50200600000EB|3.79|3.8|thickness_flexible|1.0|||
01/01/2024|54|50200600000EB|3.8|3.9|thickness_flexible|1.0|||
01/01/2024|54|50200600000EB|3.9|4.0|thickness_flexible|1.0|||
01/01/2024|54|50200600000EB|4.0|4.04|thickness_flexible|1.0|||
01/01/2024|54|50200600000EB|4.04|4.1|thickness_flexible|1.0|||
01/01/2024|54|50200600000EB|4.1|4.2|thickness_flexible|1.0|||
01/01/2024|54|50200600000EB|4.2|4.3|thickness_flexible|1.0|||
01/01/2024|54|50200600000EB|4.3|4.39|thickness_flexible|1.0|||
01/01/2024|54|2230003000000|5.71|6.1|thickness_flexible|1.0|||
01/01/2024|54|0673313001900|0.0|0.17|thickness_flexible|1.0|||
01/01/2024|54|47300320005SB|0.04|0.1|thickness_flexible|9.0|||
01/01/2024|54|47300320005SB|0.1|0.19|thickness_flexible|9.0|||
01/01/2024|54|2740001040000|1.647|1.65|thickness_flexible|2.0|||
01/01/2024|54|4140006020000|1.57|1.69|thickness_flexible|6.0|||
01/01/2024|54|4140003180000|2.77|3.51|thickness_flexible|6.0|||
01/01/2024|54|5040060070000|0.24|0.87|thickness_flexible|1.0|||
01/01/2024|54|5040060070000|0.87|1.44|thickness_flexible|1.0|||
01/01/2024|54|4130041000000|0.0|0.71|thickness_flexible|9.0|||
01/01/2024|54|4130041000000|1.85|1.9|thickness_flexible|6.0|||
01/01/2024|54|4130041000000|1.9|1.99|thickness_flexible|6.0|||
01/01/2024|54|4130041000000|1.99|2.0|thickness_flexible|6.0|||
01/01/2024|54|4130041000000|2.0|2.1|thickness_flexible|6.0|||
01/01/2024|54|4130041000000|2.1|2.19|thickness_flexible|6.0|||
01/01/2024|54|3830092000000|0.0|5.83|thickness_flexible|9.0|||
01/01/2024|54|1540507000000|0.43|0.92|thickness_flexible|2.0|||
01/01/2024|54|1540507000000|0.92|1.16|thickness_flexible|2.0|||
01/01/2024|54|1540507000000|1.51|3.33|thickness_flexible|9.0|||
01/01/2024|54|0830016000000|19.19|20.35|thickness_flexible|1.0|||
01/01/2024|54|3930072000000|18.42|20.44|thickness_flexible|8.0|||
01/01/2024|54|5440004000000|0.57|0.93|thickness_flexible|5.0|||
01/01/2024|54|4140008010000|1.02|1.6|thickness_flexible|6.0|||
01/01/2024|54|5475791001900|0.0|0.37|thickness_flexible|9.0|||
01/01/2024|54|1140007000000|6.97|8.45|thickness_flexible|9.0|||
01/01/2024|54|1140007000000|8.45|8.67|thickness_flexible|9.0|||
01/01/2024|54|08100790000NB|39.91|40.0|thickness_flexible|9.0|||
01/01/2024|54|08100790000NB|40.0|41.43|thickness_flexible|9.0|||
01/01/2024|54|08100790000NB|41.43|44.6|thickness_flexible|9.0|||
01/01/2024|54|4140016100000|0.53|0.9|thickness_flexible|6.0|||
01/01/2024|54|5040007000000|17.84|18.87|thickness_flexible|1.0|||
01/01/2024|54|5040007000000|19.35|19.76|thickness_flexible|1.0|||
01/01/2024|54|2030062000000|7.93|8.26|thickness_flexible|1.0|||
01/01/2024|54|20300610006EB|0.0|0.19|thickness_flexible|1.0|||
