RouteID|BMP|EMP|ValueNumeric|Comments|ValueDate|StateID|BeginDate|ValueText|DataItem
1540507000000|0.43|0.92|2|same as 2020||54|01/01/2023||THICKNESS_FLEXIBLE
1540507000000|0.92|1.16|2|New 2021||54|01/01/2023||THICKNESS_FLEXIBLE
4830002000000|2.84|4.64|2|same as 2020||54|01/01/2023||THICKNESS_FLEXIBLE
1530002000000|0.28|0.56|2|same as 2020||54|01/01/2023||THICKNESS_FLEXIBLE
0530067000000|6.14|6.71|3|same as 2020||54|01/01/2023||THICKNESS_FLEXIBLE
0530027000100|0.4|0.96|3|same as 2020||54|01/01/2023||THICKNESS_FLEXIBLE
12200480000EB|5.2|5.3|12|||54|01/01/2023||THICKNESS_FLEXIBLE
0230051000000|4.54|4.58|12|||54|01/01/2023||THICKNESS_FLEXIBLE
0230051000000|4.58|4.62|12|||54|01/01/2023||THICKNESS_FLEXIBLE
0230051000000|4.62|5.18|12|||54|01/01/2023||THICKNESS_FLEXIBLE
2930093000000|0.0|0.069|6|||54|01/01/2023||THICKNESS_FLEXIBLE
2930093000000|0.069|0.1|6|||54|01/01/2023||THICKNESS_FLEXIBLE
2930093000000|0.1|0.2|6|||54|01/01/2023||THICKNESS_FLEXIBLE
2930093000000|0.2|0.3|6|||54|01/01/2023||THICKNESS_FLEXIBLE
2930093000000|0.3|0.4|6|||54|01/01/2023||THICKNESS_FLEXIBLE
2930093000000|0.4|0.5|6|||54|01/01/2023||THICKNESS_FLEXIBLE
2930093000000|0.5|0.6|6|||54|01/01/2023||THICKNESS_FLEXIBLE
2930093000000|0.6|0.7|6|||54|01/01/2023||THICKNESS_FLEXIBLE
2930093000000|0.7|0.8|6|||54|01/01/2023||THICKNESS_FLEXIBLE
2930093000000|0.8|0.9|6|||54|01/01/2023||THICKNESS_FLEXIBLE
2930093000000|0.9|1.0|6|||54|01/01/2023||THICKNESS_FLEXIBLE
2930093000000|1.0|1.1|6|||54|01/01/2023||THICKNESS_FLEXIBLE
2930093000000|1.1|1.2|6|||54|01/01/2023||THICKNESS_FLEXIBLE
2930093000000|1.2|1.3|6|||54|01/01/2023||THICKNESS_FLEXIBLE
2930093000000|1.3|1.4|6|||54|01/01/2023||THICKNESS_FLEXIBLE
2930093000000|1.4|1.5|6|||54|01/01/2023||THICKNESS_FLEXIBLE
2930093000000|1.5|1.6|6|||54|01/01/2023||THICKNESS_FLEXIBLE
2930093000000|1.6|1.7|6|||54|01/01/2023||THICKNESS_FLEXIBLE
2930093000000|1.7|1.8|6|||54|01/01/2023||THICKNESS_FLEXIBLE
2930093000000|1.8|1.9|6|||54|01/01/2023||THICKNESS_FLEXIBLE
2930093000000|1.9|2.0|6|||54|01/01/2023||THICKNESS_FLEXIBLE
2930093000000|2.0|2.1|6|||54|01/01/2023||THICKNESS_FLEXIBLE
2930093000000|2.1|2.2|6|||54|01/01/2023||THICKNESS_FLEXIBLE
2930093000000|2.2|2.3|6|||54|01/01/2023||THICKNESS_FLEXIBLE
2930093000000|2.3|2.4|6|||54|01/01/2023||THICKNESS_FLEXIBLE
2930093000000|2.4|2.5|6|||54|01/01/2023||THICKNESS_FLEXIBLE
2930093000000|2.5|2.6|6|||54|01/01/2023||THICKNESS_FLEXIBLE
2930093000000|2.6|2.7|6|||54|01/01/2023||THICKNESS_FLEXIBLE
2930093000000|2.7|2.8|6|||54|01/01/2023||THICKNESS_FLEXIBLE
2930093000000|2.8|2.9|6|||54|01/01/2023||THICKNESS_FLEXIBLE
2930093000000|2.9|3.0|6|||54|01/01/2023||THICKNESS_FLEXIBLE
2930093000000|3.0|3.1|6|||54|01/01/2023||THICKNESS_FLEXIBLE
2930093000000|3.1|3.2|6|||54|01/01/2023||THICKNESS_FLEXIBLE
2930093000000|3.2|3.3|6|||54|01/01/2023||THICKNESS_FLEXIBLE
2930093000000|3.3|3.4|6|||54|01/01/2023||THICKNESS_FLEXIBLE
2930093000000|3.4|3.42|6|||54|01/01/2023||THICKNESS_FLEXIBLE
0230009000000|0.35|0.4|7|||54|01/01/2023||THICKNESS_FLEXIBLE
0230009000000|0.4|0.5|7|||54|01/01/2023||THICKNESS_FLEXIBLE
0230009000000|0.5|0.6|7|||54|01/01/2023||THICKNESS_FLEXIBLE
0230009000000|0.6|0.7|7|||54|01/01/2023||THICKNESS_FLEXIBLE
0230009000000|0.7|0.8|7|||54|01/01/2023||THICKNESS_FLEXIBLE
0230009000000|0.8|0.9|7|||54|01/01/2023||THICKNESS_FLEXIBLE
0230009000000|0.9|1.0|7|||54|01/01/2023||THICKNESS_FLEXIBLE
0230009000000|1.0|1.1|7|||54|01/01/2023||THICKNESS_FLEXIBLE
0230009000000|1.1|1.2|7|||54|01/01/2023||THICKNESS_FLEXIBLE
0230009000000|1.2|1.3|7|||54|01/01/2023||THICKNESS_FLEXIBLE
0230009000000|1.3|1.4|7|||54|01/01/2023||THICKNESS_FLEXIBLE
0230009000000|1.4|1.5|7|||54|01/01/2023||THICKNESS_FLEXIBLE
0230009000000|1.5|1.6|7|||54|01/01/2023||THICKNESS_FLEXIBLE
0230009000000|1.6|1.7|7|||54|01/01/2023||THICKNESS_FLEXIBLE
0230009000000|1.7|1.8|7|||54|01/01/2023||THICKNESS_FLEXIBLE
0230009000000|1.8|1.9|7|||54|01/01/2023||THICKNESS_FLEXIBLE
0230009000000|1.9|2.0|7|||54|01/01/2023||THICKNESS_FLEXIBLE
0230009000000|2.0|2.1|7|||54|01/01/2023||THICKNESS_FLEXIBLE
0230009000000|2.1|2.2|7|||54|01/01/2023||THICKNESS_FLEXIBLE
0230009000000|4.9|5.0|7|||54|01/01/2023||THICKNESS_FLEXIBLE
0230009000000|5.0|5.1|7|||54|01/01/2023||THICKNESS_FLEXIBLE
0230009000000|5.1|5.2|7|||54|01/01/2023||THICKNESS_FLEXIBLE
0230009000000|5.2|5.3|7|||54|01/01/2023||THICKNESS_FLEXIBLE
0230009000000|5.3|5.4|7|||54|01/01/2023||THICKNESS_FLEXIBLE
0230009000000|5.4|5.5|7|||54|01/01/2023||THICKNESS_FLEXIBLE
0230009000000|5.5|5.6|7|||54|01/01/2023||THICKNESS_FLEXIBLE
0230009000000|5.6|5.7|7|||54|01/01/2023||THICKNESS_FLEXIBLE
0230009000000|5.7|5.8|7|||54|01/01/2023||THICKNESS_FLEXIBLE
0230009000000|5.8|5.9|7|||54|01/01/2023||THICKNESS_FLEXIBLE
0230009000000|5.9|6.0|7|||54|01/01/2023||THICKNESS_FLEXIBLE
0230009000000|6.0|6.1|7|||54|01/01/2023||THICKNESS_FLEXIBLE
0230009000000|6.1|6.17|7|||54|01/01/2023||THICKNESS_FLEXIBLE
0230009000000|6.17|6.2|7|||54|01/01/2023||THICKNESS_FLEXIBLE
0230009000000|6.2|6.27|7|||54|01/01/2023||THICKNESS_FLEXIBLE
0230009000000|6.381|6.4|7|||54|01/01/2023||THICKNESS_FLEXIBLE
0230009000000|6.4|6.47|7|||54|01/01/2023||THICKNESS_FLEXIBLE
0230009000000|6.47|6.5|7|||54|01/01/2023||THICKNESS_FLEXIBLE
0230009000000|6.5|6.6|7|||54|01/01/2023||THICKNESS_FLEXIBLE
0230009000000|6.6|6.7|7|||54|01/01/2023||THICKNESS_FLEXIBLE
0230009000000|6.7|6.8|7|||54|01/01/2023||THICKNESS_FLEXIBLE
0230009000000|6.8|6.9|7|||54|01/01/2023||THICKNESS_FLEXIBLE
0230009000000|6.9|7.0|7|||54|01/01/2023||THICKNESS_FLEXIBLE
0230009000000|7.0|7.1|7|||54|01/01/2023||THICKNESS_FLEXIBLE
0230009000000|7.1|7.2|7|||54|01/01/2023||THICKNESS_FLEXIBLE
0230009000000|7.2|7.3|7|||54|01/01/2023||THICKNESS_FLEXIBLE
0230009000000|7.3|7.4|7|||54|01/01/2023||THICKNESS_FLEXIBLE
0230009000000|7.4|7.5|7|||54|01/01/2023||THICKNESS_FLEXIBLE
0230009000000|7.5|7.58|7|||54|01/01/2023||THICKNESS_FLEXIBLE
0230009000000|7.584|7.6|7|||54|01/01/2023||THICKNESS_FLEXIBLE
0230009000000|7.6|7.7|7|||54|01/01/2023||THICKNESS_FLEXIBLE
0230009000000|7.7|7.8|7|||54|01/01/2023||THICKNESS_FLEXIBLE
0230009000000|7.8|7.9|7|||54|01/01/2023||THICKNESS_FLEXIBLE
0230009000000|7.9|8.0|7|||54|01/01/2023||THICKNESS_FLEXIBLE
0230009000000|8.0|8.1|7|||54|01/01/2023||THICKNESS_FLEXIBLE
0230009000000|8.1|8.2|7|||54|01/01/2023||THICKNESS_FLEXIBLE
0230009000000|8.2|8.3|7|||54|01/01/2023||THICKNESS_FLEXIBLE
0230009000000|8.3|8.4|7|||54|01/01/2023||THICKNESS_FLEXIBLE
0230009000000|8.4|8.5|7|||54|01/01/2023||THICKNESS_FLEXIBLE
0230009000000|8.5|8.6|7|||54|01/01/2023||THICKNESS_FLEXIBLE
0230009000000|8.6|8.7|7|||54|01/01/2023||THICKNESS_FLEXIBLE
0230009000000|8.7|8.8|7|||54|01/01/2023||THICKNESS_FLEXIBLE
0230009000000|8.8|8.9|7|||54|01/01/2023||THICKNESS_FLEXIBLE
0230009000000|8.9|9.0|7|||54|01/01/2023||THICKNESS_FLEXIBLE
0230009000000|9.0|9.1|7|||54|01/01/2023||THICKNESS_FLEXIBLE
0230009000000|9.1|9.2|7|||54|01/01/2023||THICKNESS_FLEXIBLE
0230009000000|9.2|9.3|7|||54|01/01/2023||THICKNESS_FLEXIBLE
0230009000000|9.3|9.4|7|||54|01/01/2023||THICKNESS_FLEXIBLE
0230009000000|9.4|9.5|7|||54|01/01/2023||THICKNESS_FLEXIBLE
0230009000000|9.5|9.6|7|||54|01/01/2023||THICKNESS_FLEXIBLE
0230009000000|9.6|9.7|7|||54|01/01/2023||THICKNESS_FLEXIBLE
0230009000000|9.7|9.8|7|||54|01/01/2023||THICKNESS_FLEXIBLE
0230009000000|9.8|9.9|7|||54|01/01/2023||THICKNESS_FLEXIBLE
0230009000000|9.9|9.95|7|||54|01/01/2023||THICKNESS_FLEXIBLE
0230009000000|10.12|10.2|7|||54|01/01/2023||THICKNESS_FLEXIBLE
0230009000000|10.2|10.3|7|||54|01/01/2023||THICKNESS_FLEXIBLE
0230009000000|10.3|10.37|7|||54|01/01/2023||THICKNESS_FLEXIBLE
0230009000000|10.532|10.6|7|||54|01/01/2023||THICKNESS_FLEXIBLE
0230009000000|10.6|10.7|7|||54|01/01/2023||THICKNESS_FLEXIBLE
0230009000000|10.7|10.8|7|||54|01/01/2023||THICKNESS_FLEXIBLE
0230009000000|10.8|10.893|7|||54|01/01/2023||THICKNESS_FLEXIBLE
0230009000000|10.893|10.9|7|||54|01/01/2023||THICKNESS_FLEXIBLE
0230009000000|10.9|11.0|7|||54|01/01/2023||THICKNESS_FLEXIBLE
0230009000000|11.0|11.1|7|||54|01/01/2023||THICKNESS_FLEXIBLE
0230009000000|11.1|11.2|7|||54|01/01/2023||THICKNESS_FLEXIBLE
0230009000000|11.2|11.243|7|||54|01/01/2023||THICKNESS_FLEXIBLE
0230009000000|14.0|14.1|7|||54|01/01/2023||THICKNESS_FLEXIBLE
0230009000000|14.1|14.2|7|||54|01/01/2023||THICKNESS_FLEXIBLE
0230009000000|14.55|14.6|7|||54|01/01/2023||THICKNESS_FLEXIBLE
0230009000000|14.6|14.7|7|||54|01/01/2023||THICKNESS_FLEXIBLE
0230009000000|14.7|14.8|7|||54|01/01/2023||THICKNESS_FLEXIBLE
0230009000000|14.8|14.9|7|||54|01/01/2023||THICKNESS_FLEXIBLE
0230009000000|15.57|15.6|7|||54|01/01/2023||THICKNESS_FLEXIBLE
0230009000000|15.6|15.7|7|||54|01/01/2023||THICKNESS_FLEXIBLE
0230009000000|15.7|15.79|7|||54|01/01/2023||THICKNESS_FLEXIBLE
0230009000000|15.79|15.8|7|||54|01/01/2023||THICKNESS_FLEXIBLE
0230009000000|15.8|15.9|7|||54|01/01/2023||THICKNESS_FLEXIBLE
0230009000000|15.9|16.0|7|||54|01/01/2023||THICKNESS_FLEXIBLE
0230009000000|16.0|16.09|7|||54|01/01/2023||THICKNESS_FLEXIBLE
1230093000000|9.71|9.8|6|||54|01/01/2023||THICKNESS_FLEXIBLE
1230093000000|9.8|9.9|6|||54|01/01/2023||THICKNESS_FLEXIBLE
1230093000000|9.9|10.0|6|||54|01/01/2023||THICKNESS_FLEXIBLE
1230093000000|10.0|10.1|6|||54|01/01/2023||THICKNESS_FLEXIBLE
1230093000000|10.1|10.2|6|||54|01/01/2023||THICKNESS_FLEXIBLE
1230093000000|10.2|10.3|6|||54|01/01/2023||THICKNESS_FLEXIBLE
1230093000000|10.3|10.4|6|||54|01/01/2023||THICKNESS_FLEXIBLE
1230093000000|10.4|10.5|6|||54|01/01/2023||THICKNESS_FLEXIBLE
1230093000000|10.5|10.6|6|||54|01/01/2023||THICKNESS_FLEXIBLE
1230093000000|10.6|10.7|6|||54|01/01/2023||THICKNESS_FLEXIBLE
1230093000000|10.7|10.8|6|||54|01/01/2023||THICKNESS_FLEXIBLE
1230093000000|10.8|10.9|6|||54|01/01/2023||THICKNESS_FLEXIBLE
1230093000000|10.9|11.0|6|||54|01/01/2023||THICKNESS_FLEXIBLE
1230093000000|11.0|11.1|6|||54|01/01/2023||THICKNESS_FLEXIBLE
1230093000000|11.1|11.2|6|||54|01/01/2023||THICKNESS_FLEXIBLE
1230093000000|11.2|11.3|6|||54|01/01/2023||THICKNESS_FLEXIBLE
1230093000000|11.3|11.4|6|||54|01/01/2023||THICKNESS_FLEXIBLE
1230093000000|11.4|11.5|6|||54|01/01/2023||THICKNESS_FLEXIBLE
1230093000000|11.5|11.6|6|||54|01/01/2023||THICKNESS_FLEXIBLE
1230093000000|11.6|11.7|6|||54|01/01/2023||THICKNESS_FLEXIBLE
1230093000000|11.7|11.8|6|||54|01/01/2023||THICKNESS_FLEXIBLE
1230093000000|11.8|11.9|6|||54|01/01/2023||THICKNESS_FLEXIBLE
1230093000000|11.9|12.0|6|||54|01/01/2023||THICKNESS_FLEXIBLE
1230093000000|12.0|12.1|6|||54|01/01/2023||THICKNESS_FLEXIBLE
1230093000000|12.1|12.2|6|||54|01/01/2023||THICKNESS_FLEXIBLE
1230093000000|12.2|12.3|6|||54|01/01/2023||THICKNESS_FLEXIBLE
1230093000000|12.3|12.4|6|||54|01/01/2023||THICKNESS_FLEXIBLE
1230093000000|12.4|12.5|6|||54|01/01/2023||THICKNESS_FLEXIBLE
1230093000000|12.5|12.6|6|||54|01/01/2023||THICKNESS_FLEXIBLE
1230093000000|12.6|12.7|6|||54|01/01/2023||THICKNESS_FLEXIBLE
1230093000000|12.7|12.8|6|||54|01/01/2023||THICKNESS_FLEXIBLE
1230093000000|12.8|12.9|6|||54|01/01/2023||THICKNESS_FLEXIBLE
1230093000000|12.9|13.0|6|||54|01/01/2023||THICKNESS_FLEXIBLE
1230093000000|13.0|13.1|6|||54|01/01/2023||THICKNESS_FLEXIBLE
1230093000000|13.1|13.2|6|||54|01/01/2023||THICKNESS_FLEXIBLE
1230093000000|13.2|13.3|6|||54|01/01/2023||THICKNESS_FLEXIBLE
1230093000000|13.3|13.4|6|||54|01/01/2023||THICKNESS_FLEXIBLE
1230093000000|13.4|13.45|6|||54|01/01/2023||THICKNESS_FLEXIBLE
02100810000NB|0.0|0.1|2|||54|01/01/2023||THICKNESS_FLEXIBLE
02100810000NB|0.1|0.2|2|||54|01/01/2023||THICKNESS_FLEXIBLE
02100810000NB|0.2|0.3|2|||54|01/01/2023||THICKNESS_FLEXIBLE
02100810000NB|0.3|0.4|2|||54|01/01/2023||THICKNESS_FLEXIBLE
02100810000NB|0.4|0.5|2|||54|01/01/2023||THICKNESS_FLEXIBLE
02100810000NB|0.5|0.6|2|||54|01/01/2023||THICKNESS_FLEXIBLE
02100810000NB|0.6|0.7|2|||54|01/01/2023||THICKNESS_FLEXIBLE
02100810000NB|0.7|0.8|2|||54|01/01/2023||THICKNESS_FLEXIBLE
02100810000NB|0.8|0.9|2|||54|01/01/2023||THICKNESS_FLEXIBLE
02100810000NB|0.9|1.0|2|||54|01/01/2023||THICKNESS_FLEXIBLE
02100810000NB|1.0|1.1|2|||54|01/01/2023||THICKNESS_FLEXIBLE
02100810000NB|1.1|1.2|2|||54|01/01/2023||THICKNESS_FLEXIBLE
02100810000NB|1.2|1.3|2|||54|01/01/2023||THICKNESS_FLEXIBLE
02100810000NB|1.3|1.39|2|||54|01/01/2023||THICKNESS_FLEXIBLE
02100810000NB|1.39|1.4|2|||54|01/01/2023||THICKNESS_FLEXIBLE
02100810000NB|1.4|1.5|2|||54|01/01/2023||THICKNESS_FLEXIBLE
02100810000NB|1.5|1.6|2|||54|01/01/2023||THICKNESS_FLEXIBLE
02100810000NB|1.6|1.7|2|||54|01/01/2023||THICKNESS_FLEXIBLE
02100810000NB|1.7|1.8|2|||54|01/01/2023||THICKNESS_FLEXIBLE
02100810000NB|1.8|1.9|2|||54|01/01/2023||THICKNESS_FLEXIBLE
02100810000NB|1.9|2.0|2|||54|01/01/2023||THICKNESS_FLEXIBLE
02100810000NB|2.0|2.1|2|||54|01/01/2023||THICKNESS_FLEXIBLE
02100810000NB|2.1|2.2|2|||54|01/01/2023||THICKNESS_FLEXIBLE
02100810000NB|2.2|2.3|2|||54|01/01/2023||THICKNESS_FLEXIBLE
02100810000NB|2.3|2.4|2|||54|01/01/2023||THICKNESS_FLEXIBLE
02100810000NB|2.4|2.5|2|||54|01/01/2023||THICKNESS_FLEXIBLE
02100810000NB|2.5|2.6|2|||54|01/01/2023||THICKNESS_FLEXIBLE
02100810000NB|2.6|2.7|2|||54|01/01/2023||THICKNESS_FLEXIBLE
02100810000NB|2.7|2.8|2|||54|01/01/2023||THICKNESS_FLEXIBLE
02100810000NB|2.8|2.9|2|||54|01/01/2023||THICKNESS_FLEXIBLE
02100810000NB|2.9|3.0|2|||54|01/01/2023||THICKNESS_FLEXIBLE
02100810000NB|3.0|3.1|2|||54|01/01/2023||THICKNESS_FLEXIBLE
02100810000NB|3.1|3.2|2|||54|01/01/2023||THICKNESS_FLEXIBLE
02100810000NB|3.2|3.3|2|||54|01/01/2023||THICKNESS_FLEXIBLE
02100810000NB|3.3|3.4|2|||54|01/01/2023||THICKNESS_FLEXIBLE
02100810000NB|3.4|3.5|2|||54|01/01/2023||THICKNESS_FLEXIBLE
02100810000NB|3.5|3.6|2|||54|01/01/2023||THICKNESS_FLEXIBLE
02100810000NB|3.6|3.7|2|||54|01/01/2023||THICKNESS_FLEXIBLE
02100810000NB|3.7|3.8|2|||54|01/01/2023||THICKNESS_FLEXIBLE
02100810000NB|3.8|3.9|2|||54|01/01/2023||THICKNESS_FLEXIBLE
02100810000NB|3.9|4.0|2|||54|01/01/2023||THICKNESS_FLEXIBLE
02100810000NB|4.0|4.1|2|||54|01/01/2023||THICKNESS_FLEXIBLE
02100810000NB|4.1|4.2|2|||54|01/01/2023||THICKNESS_FLEXIBLE
02100810000NB|4.2|4.3|2|||54|01/01/2023||THICKNESS_FLEXIBLE
02100810000NB|4.3|4.4|2|||54|01/01/2023||THICKNESS_FLEXIBLE
02100810000NB|4.4|4.5|2|||54|01/01/2023||THICKNESS_FLEXIBLE
02100810000NB|4.5|4.6|2|||54|01/01/2023||THICKNESS_FLEXIBLE
02100810000NB|4.6|4.7|2|||54|01/01/2023||THICKNESS_FLEXIBLE
02100810000NB|4.7|4.8|2|||54|01/01/2023||THICKNESS_FLEXIBLE
02100810000NB|4.8|4.9|2|||54|01/01/2023||THICKNESS_FLEXIBLE
02100810000NB|4.9|5.0|2|||54|01/01/2023||THICKNESS_FLEXIBLE
02100810000NB|5.0|5.1|2|||54|01/01/2023||THICKNESS_FLEXIBLE
02100810000NB|5.1|5.2|2|||54|01/01/2023||THICKNESS_FLEXIBLE
02100810000NB|5.2|5.3|2|||54|01/01/2023||THICKNESS_FLEXIBLE
02100810000NB|5.3|5.4|2|||54|01/01/2023||THICKNESS_FLEXIBLE
02100810000NB|5.4|5.5|2|||54|01/01/2023||THICKNESS_FLEXIBLE
02100810000NB|5.5|5.6|2|||54|01/01/2023||THICKNESS_FLEXIBLE
02100810000NB|5.6|5.7|2|||54|01/01/2023||THICKNESS_FLEXIBLE
02100810000NB|5.7|5.8|2|||54|01/01/2023||THICKNESS_FLEXIBLE
02100810000NB|5.8|5.9|2|||54|01/01/2023||THICKNESS_FLEXIBLE
02100810000NB|5.9|6.0|2|||54|01/01/2023||THICKNESS_FLEXIBLE
02100810000NB|6.0|6.1|2|||54|01/01/2023||THICKNESS_FLEXIBLE
02100810000NB|6.1|6.2|2|||54|01/01/2023||THICKNESS_FLEXIBLE
02100810000NB|6.2|6.27|2|||54|01/01/2023||THICKNESS_FLEXIBLE
02100810000NB|6.27|6.3|2|||54|01/01/2023||THICKNESS_FLEXIBLE
02100810000NB|6.3|6.4|2|||54|01/01/2023||THICKNESS_FLEXIBLE
02100810000NB|6.4|6.5|2|||54|01/01/2023||THICKNESS_FLEXIBLE
02100810000NB|6.5|6.6|2|||54|01/01/2023||THICKNESS_FLEXIBLE
02100810000NB|6.6|6.7|2|||54|01/01/2023||THICKNESS_FLEXIBLE
02100810000NB|6.7|6.8|2|||54|01/01/2023||THICKNESS_FLEXIBLE
02100810000NB|6.8|6.9|2|||54|01/01/2023||THICKNESS_FLEXIBLE
02100810000NB|6.9|7.0|2|||54|01/01/2023||THICKNESS_FLEXIBLE
02100810000NB|7.0|7.1|2|||54|01/01/2023||THICKNESS_FLEXIBLE
02100810000NB|7.1|7.2|2|||54|01/01/2023||THICKNESS_FLEXIBLE
02100810000NB|7.2|7.3|2|||54|01/01/2023||THICKNESS_FLEXIBLE
02100810000NB|7.3|7.4|2|||54|01/01/2023||THICKNESS_FLEXIBLE
02100810000NB|7.4|7.5|2|||54|01/01/2023||THICKNESS_FLEXIBLE
02100810000NB|7.5|7.6|2|||54|01/01/2023||THICKNESS_FLEXIBLE
02100810000NB|7.6|7.7|2|||54|01/01/2023||THICKNESS_FLEXIBLE
02100810000NB|7.7|7.8|2|||54|01/01/2023||THICKNESS_FLEXIBLE
02100810000NB|7.8|7.9|2|||54|01/01/2023||THICKNESS_FLEXIBLE
02100810000NB|7.9|8.0|12|||54|01/01/2023||THICKNESS_FLEXIBLE
02100810000NB|8.0|8.1|12|||54|01/01/2023||THICKNESS_FLEXIBLE
02100810000NB|8.1|8.2|12|||54|01/01/2023||THICKNESS_FLEXIBLE
02100810000NB|8.2|8.3|12|||54|01/01/2023||THICKNESS_FLEXIBLE
02100810000NB|8.3|8.4|12|||54|01/01/2023||THICKNESS_FLEXIBLE
02100810000NB|8.4|8.5|12|||54|01/01/2023||THICKNESS_FLEXIBLE
02100810000NB|8.5|8.6|12|||54|01/01/2023||THICKNESS_FLEXIBLE
02100810000NB|8.6|8.7|12|||54|01/01/2023||THICKNESS_FLEXIBLE
02100810000NB|8.7|8.8|12|||54|01/01/2023||THICKNESS_FLEXIBLE
02100810000NB|8.8|8.9|12|||54|01/01/2023||THICKNESS_FLEXIBLE
02100810000NB|8.9|9.0|12|||54|01/01/2023||THICKNESS_FLEXIBLE
02100810000NB|9.0|9.1|12|||54|01/01/2023||THICKNESS_FLEXIBLE
02100810000NB|9.1|9.2|12|||54|01/01/2023||THICKNESS_FLEXIBLE
02100810000NB|9.2|9.3|12|||54|01/01/2023||THICKNESS_FLEXIBLE
02100810000NB|9.3|9.4|12|||54|01/01/2023||THICKNESS_FLEXIBLE
02100810000NB|9.4|9.5|12|||54|01/01/2023||THICKNESS_FLEXIBLE
02100810000NB|9.5|9.6|12|||54|01/01/2023||THICKNESS_FLEXIBLE
02100810000NB|9.6|9.7|12|||54|01/01/2023||THICKNESS_FLEXIBLE
02100810000NB|9.7|9.8|12|||54|01/01/2023||THICKNESS_FLEXIBLE
02100810000NB|9.8|9.9|12|||54|01/01/2023||THICKNESS_FLEXIBLE
02100810000NB|9.9|10.0|12|||54|01/01/2023||THICKNESS_FLEXIBLE
02100810000NB|10.0|10.1|12|||54|01/01/2023||THICKNESS_FLEXIBLE
02100810000NB|10.1|10.2|12|||54|01/01/2023||THICKNESS_FLEXIBLE
02100810000NB|10.2|10.3|12|||54|01/01/2023||THICKNESS_FLEXIBLE
02100810000NB|10.3|10.4|12|||54|01/01/2023||THICKNESS_FLEXIBLE
02100810000NB|10.4|10.5|12|||54|01/01/2023||THICKNESS_FLEXIBLE
02100810000NB|10.5|10.6|12|||54|01/01/2023||THICKNESS_FLEXIBLE
02100810000NB|10.6|10.7|12|||54|01/01/2023||THICKNESS_FLEXIBLE
02100810000NB|10.7|10.8|12|||54|01/01/2023||THICKNESS_FLEXIBLE
02100810000NB|10.8|10.9|12|||54|01/01/2023||THICKNESS_FLEXIBLE
02100810000NB|10.9|11.0|12|||54|01/01/2023||THICKNESS_FLEXIBLE
02100810000NB|11.0|11.1|12|||54|01/01/2023||THICKNESS_FLEXIBLE
02100810000NB|11.1|11.2|12|||54|01/01/2023||THICKNESS_FLEXIBLE
02100810000NB|11.2|11.3|12|||54|01/01/2023||THICKNESS_FLEXIBLE
02100810000NB|11.3|11.4|12|||54|01/01/2023||THICKNESS_FLEXIBLE
02100810000NB|11.4|11.5|12|||54|01/01/2023||THICKNESS_FLEXIBLE
02100810000NB|11.5|11.6|12|||54|01/01/2023||THICKNESS_FLEXIBLE
02100810000NB|11.6|11.63|12|||54|01/01/2023||THICKNESS_FLEXIBLE
02100810000NB|11.63|11.7|12|||54|01/01/2023||THICKNESS_FLEXIBLE
02100810000NB|11.7|11.8|12|||54|01/01/2023||THICKNESS_FLEXIBLE
02100810000NB|11.8|11.9|12|||54|01/01/2023||THICKNESS_FLEXIBLE
02100810000NB|11.9|12.0|2|||54|01/01/2023||THICKNESS_FLEXIBLE
02100810000NB|12.0|12.1|2|||54|01/01/2023||THICKNESS_FLEXIBLE
02100810000NB|12.1|12.2|2|||54|01/01/2023||THICKNESS_FLEXIBLE
02100810000NB|12.2|12.3|2|||54|01/01/2023||THICKNESS_FLEXIBLE
02100810000NB|12.3|12.4|2|||54|01/01/2023||THICKNESS_FLEXIBLE
02100810000NB|12.4|12.5|2|||54|01/01/2023||THICKNESS_FLEXIBLE
02100810000NB|12.5|12.6|2|||54|01/01/2023||THICKNESS_FLEXIBLE
02100810000NB|12.6|12.7|2|||54|01/01/2023||THICKNESS_FLEXIBLE
02100810000NB|12.7|12.8|2|||54|01/01/2023||THICKNESS_FLEXIBLE
02100810000NB|12.8|12.9|2|||54|01/01/2023||THICKNESS_FLEXIBLE
02100810000NB|12.9|13.0|2|||54|01/01/2023||THICKNESS_FLEXIBLE
02100810000NB|13.0|13.1|2|||54|01/01/2023||THICKNESS_FLEXIBLE
02100810000NB|13.1|13.2|2|||54|01/01/2023||THICKNESS_FLEXIBLE
02100810000NB|13.2|13.3|2|||54|01/01/2023||THICKNESS_FLEXIBLE
02100810000NB|13.3|13.4|2|||54|01/01/2023||THICKNESS_FLEXIBLE
02100810000NB|13.4|13.5|2|||54|01/01/2023||THICKNESS_FLEXIBLE
02100810000NB|13.5|13.54|2|||54|01/01/2023||THICKNESS_FLEXIBLE
02100810000NB|13.54|13.6|2|||54|01/01/2023||THICKNESS_FLEXIBLE
02100810000NB|13.6|13.7|2|||54|01/01/2023||THICKNESS_FLEXIBLE
02100810000NB|13.7|13.8|2|||54|01/01/2023||THICKNESS_FLEXIBLE
02100810000NB|13.8|13.9|2|||54|01/01/2023||THICKNESS_FLEXIBLE
02100810000NB|13.9|14.0|2|||54|01/01/2023||THICKNESS_FLEXIBLE
02100810000NB|14.0|14.1|2|||54|01/01/2023||THICKNESS_FLEXIBLE
02100810000NB|14.1|14.2|2|||54|01/01/2023||THICKNESS_FLEXIBLE
02100810000NB|14.2|14.26|2|||54|01/01/2023||THICKNESS_FLEXIBLE
02100810000NB|14.26|14.3|2|||54|01/01/2023||THICKNESS_FLEXIBLE
02100810000NB|14.3|14.4|2|||54|01/01/2023||THICKNESS_FLEXIBLE
02100810000NB|14.4|14.5|2|||54|01/01/2023||THICKNESS_FLEXIBLE
02100810000NB|14.5|14.6|2|||54|01/01/2023||THICKNESS_FLEXIBLE
02100810000NB|14.6|14.7|2|||54|01/01/2023||THICKNESS_FLEXIBLE
02100810000NB|14.7|14.8|2|||54|01/01/2023||THICKNESS_FLEXIBLE
02100810000NB|14.8|14.9|2|||54|01/01/2023||THICKNESS_FLEXIBLE
02100810000NB|14.9|15.0|2|||54|01/01/2023||THICKNESS_FLEXIBLE
02100810000NB|15.0|15.1|2|||54|01/01/2023||THICKNESS_FLEXIBLE
02100810000NB|15.1|15.2|2|||54|01/01/2023||THICKNESS_FLEXIBLE
02100810000NB|15.2|15.22|2|||54|01/01/2023||THICKNESS_FLEXIBLE
02100810000NB|15.22|15.3|2|||54|01/01/2023||THICKNESS_FLEXIBLE
02100810000NB|15.3|15.4|2|||54|01/01/2023||THICKNESS_FLEXIBLE
02100810000NB|15.4|15.5|2|||54|01/01/2023||THICKNESS_FLEXIBLE
02100810000NB|15.5|15.6|2|||54|01/01/2023||THICKNESS_FLEXIBLE
02100810000NB|15.6|15.62|2|||54|01/01/2023||THICKNESS_FLEXIBLE
02100810000NB|15.62|15.7|2|||54|01/01/2023||THICKNESS_FLEXIBLE
02100810000NB|15.7|15.8|2|||54|01/01/2023||THICKNESS_FLEXIBLE
02100810000NB|15.8|15.9|2|||54|01/01/2023||THICKNESS_FLEXIBLE
02100810000NB|15.9|15.95|2|||54|01/01/2023||THICKNESS_FLEXIBLE
02100810000NB|15.95|16.0|2|||54|01/01/2023||THICKNESS_FLEXIBLE
02100810000NB|16.0|16.1|2|||54|01/01/2023||THICKNESS_FLEXIBLE
02100810000NB|16.1|16.2|2|||54|01/01/2023||THICKNESS_FLEXIBLE
02100810000NB|16.2|16.23|2|||54|01/01/2023||THICKNESS_FLEXIBLE
02100810000NB|16.23|16.3|2|||54|01/01/2023||THICKNESS_FLEXIBLE
02100810000NB|16.3|16.4|2|||54|01/01/2023||THICKNESS_FLEXIBLE
02100810000NB|16.4|16.5|2|||54|01/01/2023||THICKNESS_FLEXIBLE
02100810000NB|16.5|16.6|2|||54|01/01/2023||THICKNESS_FLEXIBLE
02100810000NB|16.6|16.7|2|||54|01/01/2023||THICKNESS_FLEXIBLE
02100810000NB|16.7|16.8|2|||54|01/01/2023||THICKNESS_FLEXIBLE
02100810000NB|16.8|16.9|2|||54|01/01/2023||THICKNESS_FLEXIBLE
02100810000NB|16.9|17.0|2|||54|01/01/2023||THICKNESS_FLEXIBLE
02100810000NB|17.0|17.1|2|||54|01/01/2023||THICKNESS_FLEXIBLE
02100810000NB|17.1|17.2|2|||54|01/01/2023||THICKNESS_FLEXIBLE
02100810000NB|17.2|17.3|2|||54|01/01/2023||THICKNESS_FLEXIBLE
02100810000NB|17.3|17.4|2|||54|01/01/2023||THICKNESS_FLEXIBLE
02100810000NB|17.4|17.5|2|||54|01/01/2023||THICKNESS_FLEXIBLE
02100810000NB|17.5|17.6|2|||54|01/01/2023||THICKNESS_FLEXIBLE
02100810000NB|17.6|17.7|2|||54|01/01/2023||THICKNESS_FLEXIBLE
02100810000NB|17.7|17.8|2|||54|01/01/2023||THICKNESS_FLEXIBLE
02100810000NB|17.8|17.9|2|||54|01/01/2023||THICKNESS_FLEXIBLE
02100810000NB|17.9|18.0|2|||54|01/01/2023||THICKNESS_FLEXIBLE
02100810000NB|18.0|18.1|2|||54|01/01/2023||THICKNESS_FLEXIBLE
02100810000NB|18.1|18.13|2|||54|01/01/2023||THICKNESS_FLEXIBLE
02100810000NB|18.13|18.2|2|||54|01/01/2023||THICKNESS_FLEXIBLE
02100810000NB|18.2|18.3|2|||54|01/01/2023||THICKNESS_FLEXIBLE
02100810000NB|18.3|18.4|2|||54|01/01/2023||THICKNESS_FLEXIBLE
02100810000NB|18.4|18.5|2|||54|01/01/2023||THICKNESS_FLEXIBLE
02100810000NB|18.5|18.6|2|||54|01/01/2023||THICKNESS_FLEXIBLE
02100810000NB|18.6|18.7|2|||54|01/01/2023||THICKNESS_FLEXIBLE
02100810000NB|18.7|18.8|2|||54|01/01/2023||THICKNESS_FLEXIBLE
02100810000NB|18.8|18.9|2|||54|01/01/2023||THICKNESS_FLEXIBLE
02100810000NB|18.9|19.0|2|||54|01/01/2023||THICKNESS_FLEXIBLE
02100810000NB|19.0|19.1|2|||54|01/01/2023||THICKNESS_FLEXIBLE
02100810000NB|19.1|19.2|2|||54|01/01/2023||THICKNESS_FLEXIBLE
02100810000NB|19.2|19.3|2|||54|01/01/2023||THICKNESS_FLEXIBLE
02100810000NB|19.3|19.4|2|||54|01/01/2023||THICKNESS_FLEXIBLE
02100810000NB|19.4|19.5|2|||54|01/01/2023||THICKNESS_FLEXIBLE
02100810000NB|19.5|19.6|2|||54|01/01/2023||THICKNESS_FLEXIBLE
02100810000NB|19.6|19.7|2|||54|01/01/2023||THICKNESS_FLEXIBLE
02100810000NB|19.7|19.8|2|||54|01/01/2023||THICKNESS_FLEXIBLE
02100810000NB|19.8|19.9|2|||54|01/01/2023||THICKNESS_FLEXIBLE
02100810000NB|19.9|20.0|2|||54|01/01/2023||THICKNESS_FLEXIBLE
02100810000NB|20.0|20.1|2|||54|01/01/2023||THICKNESS_FLEXIBLE
02100810000NB|20.1|20.2|2|||54|01/01/2023||THICKNESS_FLEXIBLE
02100810000NB|20.2|20.3|2|||54|01/01/2023||THICKNESS_FLEXIBLE
02100810000NB|20.3|20.37|2|||54|01/01/2023||THICKNESS_FLEXIBLE
02100810000NB|20.37|20.4|2|||54|01/01/2023||THICKNESS_FLEXIBLE
02100810000NB|20.4|20.5|2|||54|01/01/2023||THICKNESS_FLEXIBLE
02100810000NB|20.5|20.6|2|||54|01/01/2023||THICKNESS_FLEXIBLE
02100810000NB|20.6|20.7|2|||54|01/01/2023||THICKNESS_FLEXIBLE
02100810000NB|20.7|20.8|2|||54|01/01/2023||THICKNESS_FLEXIBLE
02100810000NB|20.8|20.9|2|||54|01/01/2023||THICKNESS_FLEXIBLE
02100810000NB|20.9|21.0|2|||54|01/01/2023||THICKNESS_FLEXIBLE
02100810000NB|21.0|21.1|2|||54|01/01/2023||THICKNESS_FLEXIBLE
02100810000NB|21.1|21.2|2|||54|01/01/2023||THICKNESS_FLEXIBLE
02100810000NB|21.2|21.3|2|||54|01/01/2023||THICKNESS_FLEXIBLE
02100810000NB|21.3|21.4|2|||54|01/01/2023||THICKNESS_FLEXIBLE
02100810000NB|21.4|21.5|2|||54|01/01/2023||THICKNESS_FLEXIBLE
02100810000NB|21.5|21.6|2|||54|01/01/2023||THICKNESS_FLEXIBLE
02100810000NB|21.6|21.7|2|||54|01/01/2023||THICKNESS_FLEXIBLE
02100810000NB|21.7|21.8|2|||54|01/01/2023||THICKNESS_FLEXIBLE
02100810000NB|21.8|21.9|2|||54|01/01/2023||THICKNESS_FLEXIBLE
02100810000NB|21.9|22.0|2|||54|01/01/2023||THICKNESS_FLEXIBLE
02100810000NB|22.0|22.1|2|||54|01/01/2023||THICKNESS_FLEXIBLE
02100810000NB|22.1|22.2|2|||54|01/01/2023||THICKNESS_FLEXIBLE
02100810000NB|22.2|22.3|2|||54|01/01/2023||THICKNESS_FLEXIBLE
02100810000NB|22.3|22.4|2|||54|01/01/2023||THICKNESS_FLEXIBLE
02100810000NB|22.4|22.5|2|||54|01/01/2023||THICKNESS_FLEXIBLE
02100810000NB|22.5|22.6|2|||54|01/01/2023||THICKNESS_FLEXIBLE
02100810000NB|22.6|22.7|2|||54|01/01/2023||THICKNESS_FLEXIBLE
02100810000NB|22.7|22.8|2|||54|01/01/2023||THICKNESS_FLEXIBLE
02100810000NB|22.8|22.9|2|||54|01/01/2023||THICKNESS_FLEXIBLE
02100810000NB|22.9|23.0|2|||54|01/01/2023||THICKNESS_FLEXIBLE
02100810000NB|23.0|23.1|2|||54|01/01/2023||THICKNESS_FLEXIBLE
02100810000NB|23.1|23.2|2|||54|01/01/2023||THICKNESS_FLEXIBLE
02100810000NB|23.2|23.3|2|||54|01/01/2023||THICKNESS_FLEXIBLE
02100810000NB|23.3|23.4|2|||54|01/01/2023||THICKNESS_FLEXIBLE
02100810000NB|23.4|23.46|2|||54|01/01/2023||THICKNESS_FLEXIBLE
02100810000NB|23.46|23.5|2|||54|01/01/2023||THICKNESS_FLEXIBLE
02100810000NB|23.5|23.6|2|||54|01/01/2023||THICKNESS_FLEXIBLE
02100810000NB|23.6|23.7|2|||54|01/01/2023||THICKNESS_FLEXIBLE
02100810000NB|23.7|23.8|2|||54|01/01/2023||THICKNESS_FLEXIBLE
02100810000NB|23.8|23.9|2|||54|01/01/2023||THICKNESS_FLEXIBLE
02100810000NB|23.9|24.0|2|||54|01/01/2023||THICKNESS_FLEXIBLE
02100810000NB|24.0|24.1|2|||54|01/01/2023||THICKNESS_FLEXIBLE
02100810000NB|24.1|24.2|2|||54|01/01/2023||THICKNESS_FLEXIBLE
02100810000NB|24.2|24.3|2|||54|01/01/2023||THICKNESS_FLEXIBLE
02100810000NB|24.3|24.4|2|||54|01/01/2023||THICKNESS_FLEXIBLE
02100810000NB|24.4|24.5|2|||54|01/01/2023||THICKNESS_FLEXIBLE
02100810000NB|24.5|24.53|2|||54|01/01/2023||THICKNESS_FLEXIBLE
02100810000NB|24.53|24.6|2|||54|01/01/2023||THICKNESS_FLEXIBLE
02100810000NB|24.6|24.7|2|||54|01/01/2023||THICKNESS_FLEXIBLE
02100810000NB|24.7|24.8|2|||54|01/01/2023||THICKNESS_FLEXIBLE
02100810000NB|24.8|24.9|2|||54|01/01/2023||THICKNESS_FLEXIBLE
02100810000NB|24.9|25.0|2|||54|01/01/2023||THICKNESS_FLEXIBLE
02100810000NB|25.0|25.1|2|||54|01/01/2023||THICKNESS_FLEXIBLE
02100810000NB|25.1|25.2|2|||54|01/01/2023||THICKNESS_FLEXIBLE
02100810000NB|25.2|25.3|2|||54|01/01/2023||THICKNESS_FLEXIBLE
02100810000NB|25.3|25.4|2|||54|01/01/2023||THICKNESS_FLEXIBLE
02100810000NB|25.4|25.5|2|||54|01/01/2023||THICKNESS_FLEXIBLE
02100810000NB|25.5|25.6|2|||54|01/01/2023||THICKNESS_FLEXIBLE
02100810000NB|25.6|25.7|2|||54|01/01/2023||THICKNESS_FLEXIBLE
02100810000NB|25.7|25.8|2|||54|01/01/2023||THICKNESS_FLEXIBLE
02100810000NB|25.8|25.9|2|||54|01/01/2023||THICKNESS_FLEXIBLE
02100810000NB|25.9|26.0|2|||54|01/01/2023||THICKNESS_FLEXIBLE
29202200000NB|12.61|12.7|3|||54|01/01/2023||THICKNESS_FLEXIBLE
29202200000NB|12.7|12.8|3|||54|01/01/2023||THICKNESS_FLEXIBLE
29202200000NB|12.8|12.9|3|||54|01/01/2023||THICKNESS_FLEXIBLE
29202200000NB|12.9|13.0|3|||54|01/01/2023||THICKNESS_FLEXIBLE
29202200000NB|13.0|13.1|3|||54|01/01/2023||THICKNESS_FLEXIBLE
29202200000NB|13.1|13.2|3|||54|01/01/2023||THICKNESS_FLEXIBLE
29202200000NB|13.2|13.26|3|||54|01/01/2023||THICKNESS_FLEXIBLE
29202200000NB|13.78|13.8|3|||54|01/01/2023||THICKNESS_FLEXIBLE
06100640000EB|5.87|5.9|2|||54|01/01/2023||THICKNESS_FLEXIBLE
06100640000EB|5.9|6.0|2|||54|01/01/2023||THICKNESS_FLEXIBLE
06100640000EB|6.0|6.1|2|||54|01/01/2023||THICKNESS_FLEXIBLE
06100640000EB|6.1|6.2|2|||54|01/01/2023||THICKNESS_FLEXIBLE
06100640000EB|6.2|6.3|2|||54|01/01/2023||THICKNESS_FLEXIBLE
06100640000EB|6.3|6.4|2|||54|01/01/2023||THICKNESS_FLEXIBLE
06100640000EB|6.4|6.47|2|||54|01/01/2023||THICKNESS_FLEXIBLE
06100640000EB|6.47|6.5|2|||54|01/01/2023||THICKNESS_FLEXIBLE
06100640000EB|6.5|6.6|2|||54|01/01/2023||THICKNESS_FLEXIBLE
06100640000EB|6.6|6.7|2|||54|01/01/2023||THICKNESS_FLEXIBLE
06100640000EB|6.7|6.74|2|||54|01/01/2023||THICKNESS_FLEXIBLE
06100640000EB|6.74|6.8|2|||54|01/01/2023||THICKNESS_FLEXIBLE
06100640000EB|6.8|6.9|2|||54|01/01/2023||THICKNESS_FLEXIBLE
06100640000EB|6.9|7.0|2|||54|01/01/2023||THICKNESS_FLEXIBLE
06100640000EB|7.0|7.1|2|||54|01/01/2023||THICKNESS_FLEXIBLE
06100640000EB|7.1|7.2|2|||54|01/01/2023||THICKNESS_FLEXIBLE
06100640000EB|7.2|7.26|2|||54|01/01/2023||THICKNESS_FLEXIBLE
06100640000EB|7.26|7.3|2|||54|01/01/2023||THICKNESS_FLEXIBLE
06100640000EB|7.3|7.4|2|||54|01/01/2023||THICKNESS_FLEXIBLE
06100640000EB|7.4|7.5|2|||54|01/01/2023||THICKNESS_FLEXIBLE
06100640000EB|7.5|7.6|2|||54|01/01/2023||THICKNESS_FLEXIBLE
06100640000EB|7.6|7.7|2|||54|01/01/2023||THICKNESS_FLEXIBLE
06100640000EB|7.7|7.72|2|||54|01/01/2023||THICKNESS_FLEXIBLE
06100640000EB|7.72|7.8|2|||54|01/01/2023||THICKNESS_FLEXIBLE
06100640000EB|7.8|7.9|2|||54|01/01/2023||THICKNESS_FLEXIBLE
06100640000EB|7.9|8.0|2|||54|01/01/2023||THICKNESS_FLEXIBLE
06100640000EB|8.0|8.1|2|||54|01/01/2023||THICKNESS_FLEXIBLE
06100640000EB|8.1|8.19|2|||54|01/01/2023||THICKNESS_FLEXIBLE
06100640000EB|8.19|8.2|2|||54|01/01/2023||THICKNESS_FLEXIBLE
06100640000EB|8.2|8.3|2|||54|01/01/2023||THICKNESS_FLEXIBLE
06100640000EB|8.3|8.4|1|||54|01/01/2023||THICKNESS_FLEXIBLE
06100640000EB|8.4|8.5|1|||54|01/01/2023||THICKNESS_FLEXIBLE
06100640000EB|8.5|8.6|1|||54|01/01/2023||THICKNESS_FLEXIBLE
06100640000EB|8.6|8.7|1|||54|01/01/2023||THICKNESS_FLEXIBLE
06100640000EB|8.7|8.8|1|||54|01/01/2023||THICKNESS_FLEXIBLE
06100640000EB|8.8|8.9|1|||54|01/01/2023||THICKNESS_FLEXIBLE
06100640000EB|8.9|9.0|1|||54|01/01/2023||THICKNESS_FLEXIBLE
06100640000EB|9.0|9.1|1|||54|01/01/2023||THICKNESS_FLEXIBLE
06100640000EB|9.1|9.2|1|||54|01/01/2023||THICKNESS_FLEXIBLE
06100640000EB|9.2|9.22|1|||54|01/01/2023||THICKNESS_FLEXIBLE
06100640000EB|9.22|9.3|1|||54|01/01/2023||THICKNESS_FLEXIBLE
06100640000EB|9.3|9.4|1|||54|01/01/2023||THICKNESS_FLEXIBLE
06100640000EB|9.4|9.5|1|||54|01/01/2023||THICKNESS_FLEXIBLE
06100640000EB|9.5|9.52|1|||54|01/01/2023||THICKNESS_FLEXIBLE
06100640000EB|11.02|11.1|4|||54|01/01/2023||THICKNESS_FLEXIBLE
06100640000EB|11.1|11.2|4|||54|01/01/2023||THICKNESS_FLEXIBLE
06100640000EB|11.2|11.3|4|||54|01/01/2023||THICKNESS_FLEXIBLE
06100640000EB|11.3|11.37|4|||54|01/01/2023||THICKNESS_FLEXIBLE
06100640000EB|11.37|11.4|4|||54|01/01/2023||THICKNESS_FLEXIBLE
06100640000EB|11.4|11.5|4|||54|01/01/2023||THICKNESS_FLEXIBLE
06100640000EB|11.5|11.6|4|||54|01/01/2023||THICKNESS_FLEXIBLE
06100640000EB|11.6|11.7|4|||54|01/01/2023||THICKNESS_FLEXIBLE
06100640000EB|11.7|11.8|4|||54|01/01/2023||THICKNESS_FLEXIBLE
06100640000EB|11.8|11.9|4|||54|01/01/2023||THICKNESS_FLEXIBLE
06100640000EB|11.9|12.0|4|||54|01/01/2023||THICKNESS_FLEXIBLE
06100640000EB|12.0|12.1|4|||54|01/01/2023||THICKNESS_FLEXIBLE
06100640000EB|12.1|12.2|4|||54|01/01/2023||THICKNESS_FLEXIBLE
06100640000EB|12.2|12.3|4|||54|01/01/2023||THICKNESS_FLEXIBLE
06100640000EB|12.3|12.4|4|||54|01/01/2023||THICKNESS_FLEXIBLE
06100640000EB|12.4|12.5|4|||54|01/01/2023||THICKNESS_FLEXIBLE
06100640000EB|12.5|12.6|4|||54|01/01/2023||THICKNESS_FLEXIBLE
06100640000EB|12.6|12.7|4|||54|01/01/2023||THICKNESS_FLEXIBLE
06100640000EB|12.7|12.8|4|||54|01/01/2023||THICKNESS_FLEXIBLE
06100640000EB|12.8|12.9|4|||54|01/01/2023||THICKNESS_FLEXIBLE
06100640000EB|12.9|13.0|4|||54|01/01/2023||THICKNESS_FLEXIBLE
06100640000EB|13.0|13.1|4|||54|01/01/2023||THICKNESS_FLEXIBLE
06100640000EB|13.1|13.2|4|||54|01/01/2023||THICKNESS_FLEXIBLE
06100640000EB|13.2|13.3|4|||54|01/01/2023||THICKNESS_FLEXIBLE
06100640000EB|13.3|13.4|4|||54|01/01/2023||THICKNESS_FLEXIBLE
06100640000EB|13.4|13.5|4|||54|01/01/2023||THICKNESS_FLEXIBLE
06100640000EB|13.5|13.6|4|||54|01/01/2023||THICKNESS_FLEXIBLE
06100640000EB|13.6|13.7|4|||54|01/01/2023||THICKNESS_FLEXIBLE
06100640000EB|13.7|13.8|4|||54|01/01/2023||THICKNESS_FLEXIBLE
06100640000EB|13.8|13.9|4|||54|01/01/2023||THICKNESS_FLEXIBLE
06100640000EB|13.9|14.0|4|||54|01/01/2023||THICKNESS_FLEXIBLE
06100640000EB|14.0|14.1|4|||54|01/01/2023||THICKNESS_FLEXIBLE
06100640000EB|14.1|14.2|4|||54|01/01/2023||THICKNESS_FLEXIBLE
06100640000EB|14.2|14.3|4|||54|01/01/2023||THICKNESS_FLEXIBLE
06100640000EB|14.3|14.4|4|||54|01/01/2023||THICKNESS_FLEXIBLE
06100640000EB|14.4|14.5|4|||54|01/01/2023||THICKNESS_FLEXIBLE
06100640000EB|14.5|14.53|4|||54|01/01/2023||THICKNESS_FLEXIBLE
06100640000EB|14.57|14.6|2|||54|01/01/2023||THICKNESS_FLEXIBLE
06100640000EB|14.6|14.7|2|||54|01/01/2023||THICKNESS_FLEXIBLE
06100640000EB|14.7|14.8|2|||54|01/01/2023||THICKNESS_FLEXIBLE
06100640000EB|14.8|14.9|2|||54|01/01/2023||THICKNESS_FLEXIBLE
06100640000EB|14.9|15.0|2|||54|01/01/2023||THICKNESS_FLEXIBLE
06100640000EB|15.0|15.1|2|||54|01/01/2023||THICKNESS_FLEXIBLE
06100640000EB|15.1|15.2|2|||54|01/01/2023||THICKNESS_FLEXIBLE
06100640000EB|15.2|15.3|2|||54|01/01/2023||THICKNESS_FLEXIBLE
06100640000EB|15.3|15.4|2|||54|01/01/2023||THICKNESS_FLEXIBLE
06100640000EB|15.4|15.5|2|||54|01/01/2023||THICKNESS_FLEXIBLE
06100640000EB|15.5|15.6|2|||54|01/01/2023||THICKNESS_FLEXIBLE
06100640000EB|15.6|15.7|2|||54|01/01/2023||THICKNESS_FLEXIBLE
06100640000EB|15.7|15.8|2|||54|01/01/2023||THICKNESS_FLEXIBLE
06100640000EB|15.8|15.9|2|||54|01/01/2023||THICKNESS_FLEXIBLE
06100640000EB|15.9|16.0|2|||54|01/01/2023||THICKNESS_FLEXIBLE
06100640000EB|16.0|16.1|2|||54|01/01/2023||THICKNESS_FLEXIBLE
06100640000EB|16.1|16.2|2|||54|01/01/2023||THICKNESS_FLEXIBLE
06100640000EB|16.2|16.3|2|||54|01/01/2023||THICKNESS_FLEXIBLE
06100640000EB|16.3|16.4|2|||54|01/01/2023||THICKNESS_FLEXIBLE
06100640000EB|16.4|16.5|2|||54|01/01/2023||THICKNESS_FLEXIBLE
06100640000EB|16.5|16.6|2|||54|01/01/2023||THICKNESS_FLEXIBLE
06100640000EB|16.6|16.7|2|||54|01/01/2023||THICKNESS_FLEXIBLE
06100640000EB|16.7|16.8|2|||54|01/01/2023||THICKNESS_FLEXIBLE
06100640000EB|16.8|16.9|2|||54|01/01/2023||THICKNESS_FLEXIBLE
06100640000EB|16.9|17.0|2|||54|01/01/2023||THICKNESS_FLEXIBLE
06100640000EB|17.0|17.1|2|||54|01/01/2023||THICKNESS_FLEXIBLE
06100640000EB|17.1|17.2|2|||54|01/01/2023||THICKNESS_FLEXIBLE
06100640000EB|17.2|17.3|2|||54|01/01/2023||THICKNESS_FLEXIBLE
06100640000EB|17.3|17.4|2|||54|01/01/2023||THICKNESS_FLEXIBLE
06100640000EB|17.4|17.5|2|||54|01/01/2023||THICKNESS_FLEXIBLE
06100640000EB|17.5|17.6|2|||54|01/01/2023||THICKNESS_FLEXIBLE
06100640000EB|17.6|17.68|2|||54|01/01/2023||THICKNESS_FLEXIBLE
06100640000EB|17.68|17.7|2|||54|01/01/2023||THICKNESS_FLEXIBLE
06100640000EB|17.7|17.8|2|||54|01/01/2023||THICKNESS_FLEXIBLE
06100640000EB|17.8|17.9|2|||54|01/01/2023||THICKNESS_FLEXIBLE
06100640000EB|17.9|18.0|2|||54|01/01/2023||THICKNESS_FLEXIBLE
06100640000EB|18.0|18.08|2|||54|01/01/2023||THICKNESS_FLEXIBLE
06100640000EB|18.08|18.1|4|||54|01/01/2023||THICKNESS_FLEXIBLE
06100640000EB|18.1|18.2|4|||54|01/01/2023||THICKNESS_FLEXIBLE
06100640000EB|18.2|18.3|4|||54|01/01/2023||THICKNESS_FLEXIBLE
06100640000EB|18.3|18.4|4|||54|01/01/2023||THICKNESS_FLEXIBLE
06100640000EB|18.4|18.49|4|||54|01/01/2023||THICKNESS_FLEXIBLE
06100640000EB|18.49|18.5|2|||54|01/01/2023||THICKNESS_FLEXIBLE
06100640000EB|18.5|18.6|2|||54|01/01/2023||THICKNESS_FLEXIBLE
06100640000EB|18.6|18.7|2|||54|01/01/2023||THICKNESS_FLEXIBLE
06100640000EB|18.7|18.8|2|||54|01/01/2023||THICKNESS_FLEXIBLE
06100640000EB|18.8|18.9|2|||54|01/01/2023||THICKNESS_FLEXIBLE
06100640000EB|18.9|19.0|2|||54|01/01/2023||THICKNESS_FLEXIBLE
06100640000EB|19.0|19.1|2|||54|01/01/2023||THICKNESS_FLEXIBLE
06100640000EB|19.1|19.2|2|||54|01/01/2023||THICKNESS_FLEXIBLE
06100640000EB|19.2|19.3|2|||54|01/01/2023||THICKNESS_FLEXIBLE
06100640000EB|19.3|19.32|2|||54|01/01/2023||THICKNESS_FLEXIBLE
06100640000EB|19.32|19.4|2|||54|01/01/2023||THICKNESS_FLEXIBLE
06100640000EB|19.4|19.5|2|||54|01/01/2023||THICKNESS_FLEXIBLE
06100640000EB|19.5|19.6|2|||54|01/01/2023||THICKNESS_FLEXIBLE
06100640000EB|19.6|19.7|2|||54|01/01/2023||THICKNESS_FLEXIBLE
06100640000EB|19.7|19.71|2|||54|01/01/2023||THICKNESS_FLEXIBLE
06100640000EB|19.71|19.8|4|||54|01/01/2023||THICKNESS_FLEXIBLE
06100640000EB|19.8|19.9|4|||54|01/01/2023||THICKNESS_FLEXIBLE
06100640000EB|19.9|20.0|4|||54|01/01/2023||THICKNESS_FLEXIBLE
06100640000EB|20.0|20.1|4|||54|01/01/2023||THICKNESS_FLEXIBLE
06100640000EB|20.1|20.19|4|||54|01/01/2023||THICKNESS_FLEXIBLE
06100640000EB|20.19|20.2|4|||54|01/01/2023||THICKNESS_FLEXIBLE
06100640000EB|20.2|20.3|4|||54|01/01/2023||THICKNESS_FLEXIBLE
06100640000EB|20.3|20.4|4|||54|01/01/2023||THICKNESS_FLEXIBLE
06100640000EB|20.4|20.5|4|||54|01/01/2023||THICKNESS_FLEXIBLE
06100640000EB|20.5|20.6|4|||54|01/01/2023||THICKNESS_FLEXIBLE
06100640000EB|20.6|20.7|4|||54|01/01/2023||THICKNESS_FLEXIBLE
06100640000EB|20.7|20.8|4|||54|01/01/2023||THICKNESS_FLEXIBLE
06100640000EB|20.8|20.9|4|||54|01/01/2023||THICKNESS_FLEXIBLE
06100640000EB|20.9|21.0|4|||54|01/01/2023||THICKNESS_FLEXIBLE
06100640000EB|21.0|21.04|4|||54|01/01/2023||THICKNESS_FLEXIBLE
06100640000EB|21.04|21.1|4|||54|01/01/2023||THICKNESS_FLEXIBLE
06100640000EB|21.1|21.16|4|||54|01/01/2023||THICKNESS_FLEXIBLE
06100640000EB|21.16|21.2|4|||54|01/01/2023||THICKNESS_FLEXIBLE
06100640000EB|21.2|21.3|4|||54|01/01/2023||THICKNESS_FLEXIBLE
06100640000EB|21.3|21.4|4|||54|01/01/2023||THICKNESS_FLEXIBLE
06100640000EB|21.4|21.5|4|||54|01/01/2023||THICKNESS_FLEXIBLE
06100640000EB|21.5|21.6|4|||54|01/01/2023||THICKNESS_FLEXIBLE
06100640000EB|21.6|21.7|4|||54|01/01/2023||THICKNESS_FLEXIBLE
06100640000EB|21.7|21.75|4|||54|01/01/2023||THICKNESS_FLEXIBLE
06100640000EB|21.75|21.8|4|||54|01/01/2023||THICKNESS_FLEXIBLE
06100640000EB|21.8|21.9|4|||54|01/01/2023||THICKNESS_FLEXIBLE
06100640000EB|21.9|22.0|4|||54|01/01/2023||THICKNESS_FLEXIBLE
06100640000EB|22.0|22.1|4|||54|01/01/2023||THICKNESS_FLEXIBLE
06100640000EB|22.1|22.2|4|||54|01/01/2023||THICKNESS_FLEXIBLE
06100640000EB|22.2|22.3|4|||54|01/01/2023||THICKNESS_FLEXIBLE
06100640000EB|22.3|22.39|4|||54|01/01/2023||THICKNESS_FLEXIBLE
06100640000EB|22.39|22.4|1|||54|01/01/2023||THICKNESS_FLEXIBLE
06100640000EB|22.4|22.5|1|||54|01/01/2023||THICKNESS_FLEXIBLE
06100640000EB|22.5|22.6|1|||54|01/01/2023||THICKNESS_FLEXIBLE
06100640000EB|22.6|22.7|1|||54|01/01/2023||THICKNESS_FLEXIBLE
06100640000EB|22.7|22.8|1|||54|01/01/2023||THICKNESS_FLEXIBLE
06100640000EB|22.8|22.9|1|||54|01/01/2023||THICKNESS_FLEXIBLE
06100640000EB|22.9|23.0|1|||54|01/01/2023||THICKNESS_FLEXIBLE
06100640000EB|23.0|23.1|1|||54|01/01/2023||THICKNESS_FLEXIBLE
06100640000EB|23.1|23.2|1|||54|01/01/2023||THICKNESS_FLEXIBLE
06100640000EB|23.2|23.3|1|||54|01/01/2023||THICKNESS_FLEXIBLE
06100640000EB|23.3|23.4|1|||54|01/01/2023||THICKNESS_FLEXIBLE
06100640000EB|23.4|23.5|1|||54|01/01/2023||THICKNESS_FLEXIBLE
06100640000EB|23.5|23.6|1|||54|01/01/2023||THICKNESS_FLEXIBLE
06100640000EB|23.6|23.7|1|||54|01/01/2023||THICKNESS_FLEXIBLE
06100640000EB|23.7|23.8|1|||54|01/01/2023||THICKNESS_FLEXIBLE
06100640000EB|23.8|23.9|1|||54|01/01/2023||THICKNESS_FLEXIBLE
06100640000EB|23.9|24.0|1|||54|01/01/2023||THICKNESS_FLEXIBLE
06100640000EB|24.0|24.1|1|||54|01/01/2023||THICKNESS_FLEXIBLE
06100640000EB|24.1|24.2|1|||54|01/01/2023||THICKNESS_FLEXIBLE
06100640000EB|24.2|24.3|1|||54|01/01/2023||THICKNESS_FLEXIBLE
06100640000EB|24.3|24.4|1|||54|01/01/2023||THICKNESS_FLEXIBLE
06100640000EB|24.4|24.5|1|||54|01/01/2023||THICKNESS_FLEXIBLE
06100640000EB|24.5|24.6|1|||54|01/01/2023||THICKNESS_FLEXIBLE
06100640000EB|24.6|24.7|1|||54|01/01/2023||THICKNESS_FLEXIBLE
06100640000EB|24.7|24.8|1|||54|01/01/2023||THICKNESS_FLEXIBLE
06100640000EB|24.8|24.9|1|||54|01/01/2023||THICKNESS_FLEXIBLE
06100640000EB|24.9|25.0|1|||54|01/01/2023||THICKNESS_FLEXIBLE
06100640000EB|25.0|25.1|1|||54|01/01/2023||THICKNESS_FLEXIBLE
06100640000EB|25.1|25.2|1|||54|01/01/2023||THICKNESS_FLEXIBLE
06100640000EB|25.2|25.3|1|||54|01/01/2023||THICKNESS_FLEXIBLE
06100640000EB|25.3|25.4|1|||54|01/01/2023||THICKNESS_FLEXIBLE
06100640000EB|25.4|25.5|1|||54|01/01/2023||THICKNESS_FLEXIBLE
06100640000EB|25.5|25.6|1|||54|01/01/2023||THICKNESS_FLEXIBLE
06100640000EB|25.6|25.7|1|||54|01/01/2023||THICKNESS_FLEXIBLE
06100640000EB|25.7|25.8|1|||54|01/01/2023||THICKNESS_FLEXIBLE
06100640000EB|25.8|25.9|1|||54|01/01/2023||THICKNESS_FLEXIBLE
06100640000EB|25.9|26.0|1|||54|01/01/2023||THICKNESS_FLEXIBLE
06100640000EB|26.0|26.1|1|||54|01/01/2023||THICKNESS_FLEXIBLE
06100640000EB|26.1|26.2|1|||54|01/01/2023||THICKNESS_FLEXIBLE
06100640000EB|26.2|26.3|1|||54|01/01/2023||THICKNESS_FLEXIBLE
06100640000EB|26.3|26.4|1|||54|01/01/2023||THICKNESS_FLEXIBLE
06100640000EB|26.4|26.5|1|||54|01/01/2023||THICKNESS_FLEXIBLE
06100640000EB|26.5|26.6|1|||54|01/01/2023||THICKNESS_FLEXIBLE
06100640000EB|26.6|26.7|1|||54|01/01/2023||THICKNESS_FLEXIBLE
06100640000EB|26.7|26.8|1|||54|01/01/2023||THICKNESS_FLEXIBLE
06100640000EB|26.8|26.9|1|||54|01/01/2023||THICKNESS_FLEXIBLE
06100640000EB|26.9|27.0|1|||54|01/01/2023||THICKNESS_FLEXIBLE
06100640000EB|27.0|27.1|1|||54|01/01/2023||THICKNESS_FLEXIBLE
06100640000EB|27.1|27.11|1|||54|01/01/2023||THICKNESS_FLEXIBLE
06100640000EB|27.11|27.2|1|||54|01/01/2023||THICKNESS_FLEXIBLE
06100640000EB|27.2|27.3|1|||54|01/01/2023||THICKNESS_FLEXIBLE
06100640000EB|27.3|27.4|1|||54|01/01/2023||THICKNESS_FLEXIBLE
06100640000EB|27.4|27.5|1|||54|01/01/2023||THICKNESS_FLEXIBLE
06100640000EB|27.5|27.55|1|||54|01/01/2023||THICKNESS_FLEXIBLE
06100640000EB|27.55|27.6|1|||54|01/01/2023||THICKNESS_FLEXIBLE
06100640000EB|27.6|27.7|1|||54|01/01/2023||THICKNESS_FLEXIBLE
06100640000EB|27.7|27.8|1|||54|01/01/2023||THICKNESS_FLEXIBLE
06100640000EB|27.8|27.9|1|||54|01/01/2023||THICKNESS_FLEXIBLE
06100640000EB|27.9|28.0|1|||54|01/01/2023||THICKNESS_FLEXIBLE
06100640000EB|28.0|28.1|1|||54|01/01/2023||THICKNESS_FLEXIBLE
06100640000EB|28.1|28.2|1|||54|01/01/2023||THICKNESS_FLEXIBLE
06100640000EB|28.2|28.3|1|||54|01/01/2023||THICKNESS_FLEXIBLE
06100640000EB|28.3|28.4|1|||54|01/01/2023||THICKNESS_FLEXIBLE
06100640000EB|28.4|28.5|1|||54|01/01/2023||THICKNESS_FLEXIBLE
06100640000EB|28.5|28.6|1|||54|01/01/2023||THICKNESS_FLEXIBLE
06100640000EB|28.6|28.67|1|||54|01/01/2023||THICKNESS_FLEXIBLE
06100640000EB|28.67|28.7|1|||54|01/01/2023||THICKNESS_FLEXIBLE
06100640000EB|28.7|28.8|1|||54|01/01/2023||THICKNESS_FLEXIBLE
06100640000EB|28.8|28.9|1|||54|01/01/2023||THICKNESS_FLEXIBLE
06100640000EB|28.9|29.0|1|||54|01/01/2023||THICKNESS_FLEXIBLE
06100640000EB|29.0|29.1|1|||54|01/01/2023||THICKNESS_FLEXIBLE
06100640000EB|29.1|29.2|1|||54|01/01/2023||THICKNESS_FLEXIBLE
06100640000EB|29.2|29.3|1|||54|01/01/2023||THICKNESS_FLEXIBLE
06100640000EB|29.3|29.4|1|||54|01/01/2023||THICKNESS_FLEXIBLE
06100640000EB|29.4|29.44|1|||54|01/01/2023||THICKNESS_FLEXIBLE
06100640000EB|29.44|29.5|1|||54|01/01/2023||THICKNESS_FLEXIBLE
06100640000EB|29.5|29.6|1|||54|01/01/2023||THICKNESS_FLEXIBLE
06100640000EB|29.6|29.7|1|||54|01/01/2023||THICKNESS_FLEXIBLE
06100640000EB|29.7|29.8|1|||54|01/01/2023||THICKNESS_FLEXIBLE
06100640000EB|29.8|29.9|1|||54|01/01/2023||THICKNESS_FLEXIBLE
06100640000EB|29.9|30.0|1|||54|01/01/2023||THICKNESS_FLEXIBLE
06100640000EB|30.0|30.1|1|||54|01/01/2023||THICKNESS_FLEXIBLE
06100640000EB|30.1|30.2|1|||54|01/01/2023||THICKNESS_FLEXIBLE
06100640000EB|30.2|30.3|1|||54|01/01/2023||THICKNESS_FLEXIBLE
06100640000EB|30.3|30.4|1|||54|01/01/2023||THICKNESS_FLEXIBLE
06100640000EB|30.4|30.5|1|||54|01/01/2023||THICKNESS_FLEXIBLE
06100640000EB|30.5|30.6|1|||54|01/01/2023||THICKNESS_FLEXIBLE
06100640000EB|30.6|30.7|1|||54|01/01/2023||THICKNESS_FLEXIBLE
06100640000EB|30.7|30.8|1|||54|01/01/2023||THICKNESS_FLEXIBLE
06100640000EB|30.8|30.9|1|||54|01/01/2023||THICKNESS_FLEXIBLE
06100640000EB|30.9|31.0|1|||54|01/01/2023||THICKNESS_FLEXIBLE
06100640000EB|31.0|31.1|1|||54|01/01/2023||THICKNESS_FLEXIBLE
06100640000EB|31.1|31.2|1|||54|01/01/2023||THICKNESS_FLEXIBLE
06100640000EB|31.2|31.3|1|||54|01/01/2023||THICKNESS_FLEXIBLE
06100640000EB|31.3|31.4|1|||54|01/01/2023||THICKNESS_FLEXIBLE
06100640000EB|31.4|31.5|1|||54|01/01/2023||THICKNESS_FLEXIBLE
06100640000EB|31.5|31.6|1|||54|01/01/2023||THICKNESS_FLEXIBLE
06100640000EB|31.6|31.7|1|||54|01/01/2023||THICKNESS_FLEXIBLE
06100640000EB|31.7|31.77|1|||54|01/01/2023||THICKNESS_FLEXIBLE
06200520000EB|0.33|0.4|1|||54|01/01/2023||THICKNESS_FLEXIBLE
06200520000EB|0.4|0.45|1|||54|01/01/2023||THICKNESS_FLEXIBLE
06200520000EB|0.75|0.8|1|||54|01/01/2023||THICKNESS_FLEXIBLE
06200520000EB|0.8|0.9|1|||54|01/01/2023||THICKNESS_FLEXIBLE
06200520000EB|0.9|1.0|1|||54|01/01/2023||THICKNESS_FLEXIBLE
06200520000EB|1.0|1.01|1|||54|01/01/2023||THICKNESS_FLEXIBLE
06200520004NB|0.0|0.1|2|||54|01/01/2023||THICKNESS_FLEXIBLE
06200520004NB|0.1|0.2|2|||54|01/01/2023||THICKNESS_FLEXIBLE
06200520004NB|0.2|0.3|2|||54|01/01/2023||THICKNESS_FLEXIBLE
06200520004NB|0.3|0.32|2|||54|01/01/2023||THICKNESS_FLEXIBLE
06200520004NB|0.321|0.4|2|||54|01/01/2023||THICKNESS_FLEXIBLE
06200520004NB|0.4|0.46|2|||54|01/01/2023||THICKNESS_FLEXIBLE
06200600000EB|2.97|3.0|1|||54|01/01/2023||THICKNESS_FLEXIBLE
06200600000EB|3.0|3.07|1|||54|01/01/2023||THICKNESS_FLEXIBLE
06200600000EB|6.97|7.0|1|||54|01/01/2023||THICKNESS_FLEXIBLE
06200600000EB|7.0|7.1|1|||54|01/01/2023||THICKNESS_FLEXIBLE
06200600000EB|7.1|7.2|1|||54|01/01/2023||THICKNESS_FLEXIBLE
06200600000EB|7.2|7.3|1|||54|01/01/2023||THICKNESS_FLEXIBLE
06200600000EB|7.3|7.4|1|||54|01/01/2023||THICKNESS_FLEXIBLE
06200600000EB|7.4|7.5|1|||54|01/01/2023||THICKNESS_FLEXIBLE
06200600000EB|7.5|7.51|1|||54|01/01/2023||THICKNESS_FLEXIBLE
06200600000EB|7.59|7.6|1|||54|01/01/2023||THICKNESS_FLEXIBLE
06200600000EB|7.6|7.7|1|||54|01/01/2023||THICKNESS_FLEXIBLE
06200600000EB|7.7|7.8|1|||54|01/01/2023||THICKNESS_FLEXIBLE
06200600000EB|7.8|7.9|1|||54|01/01/2023||THICKNESS_FLEXIBLE
06200600000EB|7.9|7.96|1|||54|01/01/2023||THICKNESS_FLEXIBLE
06200600000EB|7.96|8.0|1|||54|01/01/2023||THICKNESS_FLEXIBLE
06200600000EB|8.0|8.1|1|||54|01/01/2023||THICKNESS_FLEXIBLE
06200600000EB|8.1|8.2|1|||54|01/01/2023||THICKNESS_FLEXIBLE
06200600000EB|8.2|8.3|1|||54|01/01/2023||THICKNESS_FLEXIBLE
06200600000EB|8.3|8.4|1|||54|01/01/2023||THICKNESS_FLEXIBLE
06200600000EB|8.4|8.43|1|||54|01/01/2023||THICKNESS_FLEXIBLE
06200600000EB|8.43|8.5|1|||54|01/01/2023||THICKNESS_FLEXIBLE
06200600000EB|8.5|8.6|1|||54|01/01/2023||THICKNESS_FLEXIBLE
06200600000EB|8.6|8.7|1|||54|01/01/2023||THICKNESS_FLEXIBLE
06200600000EB|8.7|8.78|1|||54|01/01/2023||THICKNESS_FLEXIBLE
06200600000EB|8.78|8.8|1|||54|01/01/2023||THICKNESS_FLEXIBLE
06200600000EB|8.8|8.82|1|||54|01/01/2023||THICKNESS_FLEXIBLE
06200600000EB|8.82|8.9|1|||54|01/01/2023||THICKNESS_FLEXIBLE
06200600000EB|8.9|9.0|1|||54|01/01/2023||THICKNESS_FLEXIBLE
06200600000EB|9.0|9.1|1|||54|01/01/2023||THICKNESS_FLEXIBLE
06200600000EB|9.1|9.2|1|||54|01/01/2023||THICKNESS_FLEXIBLE
06200600000EB|9.2|9.3|1|||54|01/01/2023||THICKNESS_FLEXIBLE
06200600000EB|9.3|9.4|1|||54|01/01/2023||THICKNESS_FLEXIBLE
06200600000EB|9.4|9.5|1|||54|01/01/2023||THICKNESS_FLEXIBLE
06200600000EB|9.56|9.6|1|||54|01/01/2023||THICKNESS_FLEXIBLE
06200600000EB|9.6|9.7|1|||54|01/01/2023||THICKNESS_FLEXIBLE
06200600000EB|9.7|9.8|1|||54|01/01/2023||THICKNESS_FLEXIBLE
06200600000EB|9.8|9.9|1|||54|01/01/2023||THICKNESS_FLEXIBLE
06200600000EB|9.9|9.92|1|||54|01/01/2023||THICKNESS_FLEXIBLE
06200600000EB|9.92|10.0|1|||54|01/01/2023||THICKNESS_FLEXIBLE
06200600000EB|10.0|10.1|1|||54|01/01/2023||THICKNESS_FLEXIBLE
06200600000EB|10.1|10.2|1|||54|01/01/2023||THICKNESS_FLEXIBLE
06200600000EB|10.2|10.27|1|||54|01/01/2023||THICKNESS_FLEXIBLE
06200600000EB|15.59|15.6|1|||54|01/01/2023||THICKNESS_FLEXIBLE
06200600000EB|15.6|15.7|1|||54|01/01/2023||THICKNESS_FLEXIBLE
06200600000EB|15.7|15.8|1|||54|01/01/2023||THICKNESS_FLEXIBLE
06200600000EB|15.8|15.9|1|||54|01/01/2023||THICKNESS_FLEXIBLE
06200600000EB|15.9|16.0|1|||54|01/01/2023||THICKNESS_FLEXIBLE
06200600000EB|16.0|16.1|1|||54|01/01/2023||THICKNESS_FLEXIBLE
06200600000EB|16.1|16.2|1|||54|01/01/2023||THICKNESS_FLEXIBLE
06200600000EB|16.2|16.3|1|||54|01/01/2023||THICKNESS_FLEXIBLE
06200600000EB|16.3|16.4|1|||54|01/01/2023||THICKNESS_FLEXIBLE
06200600000EB|16.4|16.5|1|||54|01/01/2023||THICKNESS_FLEXIBLE
06200600000EB|16.5|16.6|1|||54|01/01/2023||THICKNESS_FLEXIBLE
06200600000EB|16.6|16.7|1|||54|01/01/2023||THICKNESS_FLEXIBLE
06200600000EB|16.7|16.8|1|||54|01/01/2023||THICKNESS_FLEXIBLE
06200600000EB|16.8|16.9|1|||54|01/01/2023||THICKNESS_FLEXIBLE
06200600000EB|16.9|17.0|1|||54|01/01/2023||THICKNESS_FLEXIBLE
06200600000EB|17.0|17.1|1|||54|01/01/2023||THICKNESS_FLEXIBLE
06200600000EB|17.1|17.2|1|||54|01/01/2023||THICKNESS_FLEXIBLE
06200600000EB|17.2|17.29|1|||54|01/01/2023||THICKNESS_FLEXIBLE
06200600001EB|0.0|0.1|1|||54|01/01/2023||THICKNESS_FLEXIBLE
06200600001EB|0.1|0.2|1|||54|01/01/2023||THICKNESS_FLEXIBLE
06200600001EB|0.2|0.3|1|||54|01/01/2023||THICKNESS_FLEXIBLE
06200600001EB|0.3|0.39|1|||54|01/01/2023||THICKNESS_FLEXIBLE
0630002000000|0.1|0.2|1|||54|01/01/2023||THICKNESS_FLEXIBLE
0630002000000|0.2|0.21|1|||54|01/01/2023||THICKNESS_FLEXIBLE
0630002000000|9.98|10.0|1|||54|01/01/2023||THICKNESS_FLEXIBLE
0630002000000|10.0|10.08|1|||54|01/01/2023||THICKNESS_FLEXIBLE
0630002000000|14.38|14.4|1|||54|01/01/2023||THICKNESS_FLEXIBLE
0630002000000|14.4|14.5|1|||54|01/01/2023||THICKNESS_FLEXIBLE
0630002000000|14.5|14.6|1|||54|01/01/2023||THICKNESS_FLEXIBLE
0630002000000|14.6|14.7|1|||54|01/01/2023||THICKNESS_FLEXIBLE
0630002000000|14.7|14.8|1|||54|01/01/2023||THICKNESS_FLEXIBLE
0630002000000|14.8|14.9|1|||54|01/01/2023||THICKNESS_FLEXIBLE
0630002000000|14.9|15.0|1|||54|01/01/2023||THICKNESS_FLEXIBLE
0630002000000|15.0|15.1|1|||54|01/01/2023||THICKNESS_FLEXIBLE
0630002000000|15.1|15.2|1|||54|01/01/2023||THICKNESS_FLEXIBLE
0630002000000|15.2|15.3|1|||54|01/01/2023||THICKNESS_FLEXIBLE
0630002000000|15.3|15.4|1|||54|01/01/2023||THICKNESS_FLEXIBLE
0630002000000|15.4|15.5|1|||54|01/01/2023||THICKNESS_FLEXIBLE
0630002000000|15.5|15.6|1|||54|01/01/2023||THICKNESS_FLEXIBLE
0630002000000|15.6|15.7|1|||54|01/01/2023||THICKNESS_FLEXIBLE
0630002000000|15.7|15.8|1|||54|01/01/2023||THICKNESS_FLEXIBLE
0630002000000|15.8|15.9|1|||54|01/01/2023||THICKNESS_FLEXIBLE
0630002000000|15.9|16.0|1|||54|01/01/2023||THICKNESS_FLEXIBLE
0630002000000|16.0|16.1|1|||54|01/01/2023||THICKNESS_FLEXIBLE
0630002000000|16.1|16.2|1|||54|01/01/2023||THICKNESS_FLEXIBLE
0630002000000|16.2|16.3|1|||54|01/01/2023||THICKNESS_FLEXIBLE
0630002000000|16.3|16.4|1|||54|01/01/2023||THICKNESS_FLEXIBLE
0630002000000|16.4|16.5|1|||54|01/01/2023||THICKNESS_FLEXIBLE
0630002000000|16.5|16.6|1|||54|01/01/2023||THICKNESS_FLEXIBLE
0630002000000|16.6|16.7|1|||54|01/01/2023||THICKNESS_FLEXIBLE
0630002000000|16.7|16.8|1|||54|01/01/2023||THICKNESS_FLEXIBLE
0630002000000|16.8|16.9|1|||54|01/01/2023||THICKNESS_FLEXIBLE
0630002000000|16.9|17.0|1|||54|01/01/2023||THICKNESS_FLEXIBLE
0630002000000|17.0|17.1|1|||54|01/01/2023||THICKNESS_FLEXIBLE
0630002000000|17.1|17.2|1|||54|01/01/2023||THICKNESS_FLEXIBLE
0630002000000|17.2|17.3|1|||54|01/01/2023||THICKNESS_FLEXIBLE
0630002000000|17.3|17.4|1|||54|01/01/2023||THICKNESS_FLEXIBLE
0630002000000|17.4|17.5|1|||54|01/01/2023||THICKNESS_FLEXIBLE
0630002000000|17.5|17.6|1|||54|01/01/2023||THICKNESS_FLEXIBLE
0630002000000|17.6|17.7|1|||54|01/01/2023||THICKNESS_FLEXIBLE
0630002000000|17.7|17.8|1|||54|01/01/2023||THICKNESS_FLEXIBLE
0630002000000|17.8|17.9|1|||54|01/01/2023||THICKNESS_FLEXIBLE
0630002000000|17.9|17.99|1|||54|01/01/2023||THICKNESS_FLEXIBLE
0630002001300|0.0|0.1|1|||54|01/01/2023||THICKNESS_FLEXIBLE
0630002001300|0.1|0.17|1|||54|01/01/2023||THICKNESS_FLEXIBLE
0630002001300|0.17|0.2|1|||54|01/01/2023||THICKNESS_FLEXIBLE
0630002001300|0.2|0.3|1|||54|01/01/2023||THICKNESS_FLEXIBLE
0630002001300|0.3|0.39|1|||54|01/01/2023||THICKNESS_FLEXIBLE
0630010000000|15.69|15.7|1|||54|01/01/2023||THICKNESS_FLEXIBLE
0630010000000|15.7|15.8|1|||54|01/01/2023||THICKNESS_FLEXIBLE
0630010000000|15.8|15.82|1|||54|01/01/2023||THICKNESS_FLEXIBLE
0630010000000|15.82|15.9|1|||54|01/01/2023||THICKNESS_FLEXIBLE
0630010000000|15.9|16.0|1|||54|01/01/2023||THICKNESS_FLEXIBLE
0630010000000|16.0|16.1|1|||54|01/01/2023||THICKNESS_FLEXIBLE
0630010000000|16.1|16.2|1|||54|01/01/2023||THICKNESS_FLEXIBLE
0630010000000|16.2|16.27|1|||54|01/01/2023||THICKNESS_FLEXIBLE
0630010000000|17.46|17.5|1|||54|01/01/2023||THICKNESS_FLEXIBLE
0630010000000|17.5|17.6|1|||54|01/01/2023||THICKNESS_FLEXIBLE
0630010000000|17.6|17.7|1|||54|01/01/2023||THICKNESS_FLEXIBLE
0630010000000|17.7|17.8|1|||54|01/01/2023||THICKNESS_FLEXIBLE
0630010000000|17.8|17.9|1|||54|01/01/2023||THICKNESS_FLEXIBLE
0630010000000|17.9|18.0|1|||54|01/01/2023||THICKNESS_FLEXIBLE
0630010000000|18.0|18.1|1|||54|01/01/2023||THICKNESS_FLEXIBLE
0630010000000|18.1|18.2|1|||54|01/01/2023||THICKNESS_FLEXIBLE
0630010000000|18.2|18.3|1|||54|01/01/2023||THICKNESS_FLEXIBLE
0630010000000|18.3|18.4|1|||54|01/01/2023||THICKNESS_FLEXIBLE
0630010000000|18.4|18.41|1|||54|01/01/2023||THICKNESS_FLEXIBLE
0630010000100|1.94|2.56|1|||54|01/01/2023||THICKNESS_FLEXIBLE
0630101000000|0.16|0.36|1|||54|01/01/2023||THICKNESS_FLEXIBLE
0630152000000|0.76|0.99|1|||54|01/01/2023||THICKNESS_FLEXIBLE
0630193000000|0.46|0.5|2|||54|01/01/2023||THICKNESS_FLEXIBLE
0630193000000|0.5|0.6|2|||54|01/01/2023||THICKNESS_FLEXIBLE
0630193000000|0.6|0.7|2|||54|01/01/2023||THICKNESS_FLEXIBLE
0630193000000|0.7|0.8|2|||54|01/01/2023||THICKNESS_FLEXIBLE
0630193000000|0.8|0.9|2|||54|01/01/2023||THICKNESS_FLEXIBLE
0630193000000|0.9|1.0|2|||54|01/01/2023||THICKNESS_FLEXIBLE
0630193000000|1.0|1.1|2|||54|01/01/2023||THICKNESS_FLEXIBLE
0630193000000|1.1|1.2|2|||54|01/01/2023||THICKNESS_FLEXIBLE
0630193000000|1.2|1.3|2|||54|01/01/2023||THICKNESS_FLEXIBLE
0630193000000|1.3|1.4|2|||54|01/01/2023||THICKNESS_FLEXIBLE
0630193000000|1.4|1.5|2|||54|01/01/2023||THICKNESS_FLEXIBLE
0630193000000|1.5|1.6|2|||54|01/01/2023||THICKNESS_FLEXIBLE
0630193000000|1.6|1.7|2|||54|01/01/2023||THICKNESS_FLEXIBLE
0630193000000|1.7|1.8|2|||54|01/01/2023||THICKNESS_FLEXIBLE
0630193000000|1.8|1.9|2|||54|01/01/2023||THICKNESS_FLEXIBLE
0630193000000|1.9|2.0|2|||54|01/01/2023||THICKNESS_FLEXIBLE
0630193000000|2.0|2.1|2|||54|01/01/2023||THICKNESS_FLEXIBLE
0630193000000|2.1|2.2|2|||54|01/01/2023||THICKNESS_FLEXIBLE
0630193000000|2.2|2.3|2|||54|01/01/2023||THICKNESS_FLEXIBLE
0630193000000|2.3|2.4|2|||54|01/01/2023||THICKNESS_FLEXIBLE
0630193000000|2.4|2.5|2|||54|01/01/2023||THICKNESS_FLEXIBLE
0630193000000|2.5|2.6|2|||54|01/01/2023||THICKNESS_FLEXIBLE
0630193000000|2.6|2.7|2|||54|01/01/2023||THICKNESS_FLEXIBLE
0630193000000|2.7|2.8|2|||54|01/01/2023||THICKNESS_FLEXIBLE
0630193000000|2.8|2.9|2|||54|01/01/2023||THICKNESS_FLEXIBLE
0630193000000|2.9|3.0|2|||54|01/01/2023||THICKNESS_FLEXIBLE
0630193000000|3.0|3.1|2|||54|01/01/2023||THICKNESS_FLEXIBLE
0630193000000|3.1|3.2|2|||54|01/01/2023||THICKNESS_FLEXIBLE
0630193000000|3.2|3.3|2|||54|01/01/2023||THICKNESS_FLEXIBLE
0630193000000|3.3|3.4|2|||54|01/01/2023||THICKNESS_FLEXIBLE
0630193000000|3.4|3.5|2|||54|01/01/2023||THICKNESS_FLEXIBLE
0630193000000|3.5|3.55|2|||54|01/01/2023||THICKNESS_FLEXIBLE
0640001000000|2.1|2.224|1|||54|01/01/2023||THICKNESS_FLEXIBLE
0640001000000|2.477|2.619|1|||54|01/01/2023||THICKNESS_FLEXIBLE
0640009000000|1.688|1.803|1|||54|01/01/2023||THICKNESS_FLEXIBLE
0640013000000|0.02|0.42|1|||54|01/01/2023||THICKNESS_FLEXIBLE
0640017000000|4.05|4.17|1|||54|01/01/2023||THICKNESS_FLEXIBLE
0640017000000|4.3|4.41|1|||54|01/01/2023||THICKNESS_FLEXIBLE
0640017000000|4.47|5.02|1|||54|01/01/2023||THICKNESS_FLEXIBLE
0640021000000|0.537|0.9|1|||54|01/01/2023||THICKNESS_FLEXIBLE
0640021000000|0.9|1.51|1|||54|01/01/2023||THICKNESS_FLEXIBLE
0640021000000|1.51|2.939|1|||54|01/01/2023||THICKNESS_FLEXIBLE
0640021000000|2.947|2.98|1|||54|01/01/2023||THICKNESS_FLEXIBLE
0640031000000|0.16|0.5|1|||54|01/01/2023||THICKNESS_FLEXIBLE
0640031060000|0.0|0.38|1|||54|01/01/2023||THICKNESS_FLEXIBLE
0640031060000|0.38|0.41|1|||54|01/01/2023||THICKNESS_FLEXIBLE
0640031060000|0.41|0.48|1|||54|01/01/2023||THICKNESS_FLEXIBLE
0640035000000|7.83|8.63|1|||54|01/01/2023||THICKNESS_FLEXIBLE
0640039000000|2.08|2.62|1|||54|01/01/2023||THICKNESS_FLEXIBLE
0640052030000|0.0|0.22|1|||54|01/01/2023||THICKNESS_FLEXIBLE
0640060050000|0.0|0.88|1|||54|01/01/2023||THICKNESS_FLEXIBLE
0640060050000|0.88|1.68|1|||54|01/01/2023||THICKNESS_FLEXIBLE
0640060050000|1.68|1.97|1|||54|01/01/2023||THICKNESS_FLEXIBLE
0640060700000|0.0|0.18|1|||54|01/01/2023||THICKNESS_FLEXIBLE
0640060700000|0.18|0.56|1|||54|01/01/2023||THICKNESS_FLEXIBLE
0640060700000|0.56|0.76|1|||54|01/01/2023||THICKNESS_FLEXIBLE
0673272001900|0.35|0.754|1|||54|01/01/2023||THICKNESS_FLEXIBLE
0673272001900|0.754|0.87|1|||54|01/01/2023||THICKNESS_FLEXIBLE
0673272001900|0.87|1.04|1|||54|01/01/2023||THICKNESS_FLEXIBLE
0673272001900|1.08|1.28|1|||54|01/01/2023||THICKNESS_FLEXIBLE
0673272001900|1.28|1.44|1|||54|01/01/2023||THICKNESS_FLEXIBLE
0673274001900|1.46|1.56|1|||54|01/01/2023||THICKNESS_FLEXIBLE
0673281001900|0.19|0.48|1|||54|01/01/2023||THICKNESS_FLEXIBLE
0673285001900|0.0|0.32|1|||54|01/01/2023||THICKNESS_FLEXIBLE
0673287001900|0.0|0.28|1|||54|01/01/2023||THICKNESS_FLEXIBLE
0673287001900|0.51|0.69|1|||54|01/01/2023||THICKNESS_FLEXIBLE
0673287001900|0.69|0.86|1|||54|01/01/2023||THICKNESS_FLEXIBLE
0673287001900|1.03|1.14|1|||54|01/01/2023||THICKNESS_FLEXIBLE
0673288001900|0.78|0.89|1|||54|01/01/2023||THICKNESS_FLEXIBLE
0673295001900|0.0|1.08|1|||54|01/01/2023||THICKNESS_FLEXIBLE
0673313001900|0.0|0.17|1|||54|01/01/2023||THICKNESS_FLEXIBLE
0673317001900|0.0|0.24|1|||54|01/01/2023||THICKNESS_FLEXIBLE
2230003000000|5.71|6.1|1|||54|01/01/2023||THICKNESS_FLEXIBLE
2230010000000|17.81|19.07|1|||54|01/01/2023||THICKNESS_FLEXIBLE
23201190000NB|0.0|0.1|1|||54|01/01/2023||THICKNESS_FLEXIBLE
23201190000NB|0.1|0.2|1|||54|01/01/2023||THICKNESS_FLEXIBLE
23201190000NB|0.2|0.3|1|||54|01/01/2023||THICKNESS_FLEXIBLE
23201190000NB|0.3|0.4|1|||54|01/01/2023||THICKNESS_FLEXIBLE
23201190000NB|0.4|0.5|1|||54|01/01/2023||THICKNESS_FLEXIBLE
23201190000NB|0.5|0.6|1|||54|01/01/2023||THICKNESS_FLEXIBLE
23201190000NB|0.6|0.7|1|||54|01/01/2023||THICKNESS_FLEXIBLE
23201190000NB|0.7|0.8|1|||54|01/01/2023||THICKNESS_FLEXIBLE
23201190000NB|0.8|0.85|1|||54|01/01/2023||THICKNESS_FLEXIBLE
23201190000NB|1.44|1.5|1|||54|01/01/2023||THICKNESS_FLEXIBLE
23201190000NB|1.5|1.6|1|||54|01/01/2023||THICKNESS_FLEXIBLE
23201190000NB|1.6|1.7|1|||54|01/01/2023||THICKNESS_FLEXIBLE
23201190000NB|1.7|1.8|1|||54|01/01/2023||THICKNESS_FLEXIBLE
23201190000NB|1.8|1.9|1|||54|01/01/2023||THICKNESS_FLEXIBLE
23201190000NB|1.9|2.0|1|||54|01/01/2023||THICKNESS_FLEXIBLE
23201190000NB|2.0|2.1|1|||54|01/01/2023||THICKNESS_FLEXIBLE
23201190000NB|2.1|2.2|1|||54|01/01/2023||THICKNESS_FLEXIBLE
23201190000NB|2.2|2.3|1|||54|01/01/2023||THICKNESS_FLEXIBLE
23201190000NB|2.3|2.4|1|||54|01/01/2023||THICKNESS_FLEXIBLE
23201190000NB|2.4|2.5|1|||54|01/01/2023||THICKNESS_FLEXIBLE
23201190000NB|2.5|2.54|1|||54|01/01/2023||THICKNESS_FLEXIBLE
23201190000NB|2.54|2.6|1|||54|01/01/2023||THICKNESS_FLEXIBLE
23201190000NB|2.6|2.67|1|||54|01/01/2023||THICKNESS_FLEXIBLE
23201190000NB|2.67|2.7|1|||54|01/01/2023||THICKNESS_FLEXIBLE
23201190000NB|2.7|2.8|1|||54|01/01/2023||THICKNESS_FLEXIBLE
23201190000NB|2.8|2.9|1|||54|01/01/2023||THICKNESS_FLEXIBLE
23201190000NB|2.9|3.0|1|||54|01/01/2023||THICKNESS_FLEXIBLE
23201190000NB|3.0|3.1|1|||54|01/01/2023||THICKNESS_FLEXIBLE
23201190000NB|3.1|3.2|1|||54|01/01/2023||THICKNESS_FLEXIBLE
23201190000NB|3.2|3.3|1|||54|01/01/2023||THICKNESS_FLEXIBLE
23201190000NB|3.3|3.37|1|||54|01/01/2023||THICKNESS_FLEXIBLE
23201190000NB|11.87|11.9|1|||54|01/01/2023||THICKNESS_FLEXIBLE
23201190000NB|11.9|12.0|1|||54|01/01/2023||THICKNESS_FLEXIBLE
23201190000NB|12.0|12.1|1|||54|01/01/2023||THICKNESS_FLEXIBLE
23201190000NB|12.1|12.2|1|||54|01/01/2023||THICKNESS_FLEXIBLE
23201190000NB|12.2|12.283|1|||54|01/01/2023||THICKNESS_FLEXIBLE
2330010000000|12.79|12.8|2|||54|01/01/2023||THICKNESS_FLEXIBLE
2330010000000|12.8|12.9|2|||54|01/01/2023||THICKNESS_FLEXIBLE
2330010000000|12.9|12.95|2|||54|01/01/2023||THICKNESS_FLEXIBLE
2330010000000|14.782|14.8|1|||54|01/01/2023||THICKNESS_FLEXIBLE
2330010000000|14.8|14.9|1|||54|01/01/2023||THICKNESS_FLEXIBLE
2330010000000|14.9|15.0|1|||54|01/01/2023||THICKNESS_FLEXIBLE
2330010000000|15.0|15.1|1|||54|01/01/2023||THICKNESS_FLEXIBLE
2330010000000|15.1|15.2|1|||54|01/01/2023||THICKNESS_FLEXIBLE
2330010000000|15.2|15.25|1|||54|01/01/2023||THICKNESS_FLEXIBLE
2330010000000|15.25|15.3|1|||54|01/01/2023||THICKNESS_FLEXIBLE
2330010000000|15.3|15.4|1|||54|01/01/2023||THICKNESS_FLEXIBLE
2330010000000|15.4|15.5|1|||54|01/01/2023||THICKNESS_FLEXIBLE
2330010000000|15.5|15.6|1|||54|01/01/2023||THICKNESS_FLEXIBLE
2330010000000|15.6|15.7|1|||54|01/01/2023||THICKNESS_FLEXIBLE
2330010000000|15.7|15.8|1|||54|01/01/2023||THICKNESS_FLEXIBLE
2330010000000|15.8|15.9|1|||54|01/01/2023||THICKNESS_FLEXIBLE
2330010000000|15.9|16.0|1|||54|01/01/2023||THICKNESS_FLEXIBLE
2330010000000|16.0|16.1|1|||54|01/01/2023||THICKNESS_FLEXIBLE
2330010000000|16.1|16.17|1|||54|01/01/2023||THICKNESS_FLEXIBLE
2330010000000|16.77|16.8|1|||54|01/01/2023||THICKNESS_FLEXIBLE
2330010000000|16.8|16.9|1|||54|01/01/2023||THICKNESS_FLEXIBLE
2330010000000|16.9|17.0|1|||54|01/01/2023||THICKNESS_FLEXIBLE
2330010000000|17.0|17.1|1|||54|01/01/2023||THICKNESS_FLEXIBLE
2330010000000|17.1|17.2|1|||54|01/01/2023||THICKNESS_FLEXIBLE
2330010000000|17.2|17.3|1|||54|01/01/2023||THICKNESS_FLEXIBLE
2330010000000|17.3|17.4|1|||54|01/01/2023||THICKNESS_FLEXIBLE
2330010000000|17.4|17.46|1|||54|01/01/2023||THICKNESS_FLEXIBLE
2330010000000|17.46|17.5|1|||54|01/01/2023||THICKNESS_FLEXIBLE
2330010000000|17.5|17.6|1|||54|01/01/2023||THICKNESS_FLEXIBLE
2330010000000|17.6|17.7|1|||54|01/01/2023||THICKNESS_FLEXIBLE
2330010000000|17.7|17.76|1|||54|01/01/2023||THICKNESS_FLEXIBLE
2330010000000|17.76|17.8|1|||54|01/01/2023||THICKNESS_FLEXIBLE
2330010000000|17.8|17.9|1|||54|01/01/2023||THICKNESS_FLEXIBLE
2330010000000|17.9|18.0|1|||54|01/01/2023||THICKNESS_FLEXIBLE
2330010000000|18.0|18.1|1|||54|01/01/2023||THICKNESS_FLEXIBLE
2330010000000|18.1|18.2|1|||54|01/01/2023||THICKNESS_FLEXIBLE
2330010000000|18.2|18.21|1|||54|01/01/2023||THICKNESS_FLEXIBLE
2330010000000|18.76|18.8|1|||54|01/01/2023||THICKNESS_FLEXIBLE
2330010000000|18.8|18.9|1|||54|01/01/2023||THICKNESS_FLEXIBLE
2330010000000|18.9|19.0|1|||54|01/01/2023||THICKNESS_FLEXIBLE
2330010000000|19.0|19.1|1|||54|01/01/2023||THICKNESS_FLEXIBLE
2330010000000|19.1|19.2|1|||54|01/01/2023||THICKNESS_FLEXIBLE
2330010000000|19.2|19.3|1|||54|01/01/2023||THICKNESS_FLEXIBLE
2330010000000|19.3|19.4|1|||54|01/01/2023||THICKNESS_FLEXIBLE
2330010000000|19.4|19.41|1|||54|01/01/2023||THICKNESS_FLEXIBLE
2330010000000|19.41|19.5|1|||54|01/01/2023||THICKNESS_FLEXIBLE
2330010000000|19.5|19.6|1|||54|01/01/2023||THICKNESS_FLEXIBLE
2330010000000|19.6|19.7|1|||54|01/01/2023||THICKNESS_FLEXIBLE
2330010000000|19.7|19.8|1|||54|01/01/2023||THICKNESS_FLEXIBLE
2330010000000|19.8|19.9|1|||54|01/01/2023||THICKNESS_FLEXIBLE
2330010000000|19.9|20.0|1|||54|01/01/2023||THICKNESS_FLEXIBLE
2330010000000|20.0|20.1|1|||54|01/01/2023||THICKNESS_FLEXIBLE
2330010000000|20.1|20.2|1|||54|01/01/2023||THICKNESS_FLEXIBLE
2330010000000|20.2|20.3|1|||54|01/01/2023||THICKNESS_FLEXIBLE
2330010000000|20.3|20.39|1|||54|01/01/2023||THICKNESS_FLEXIBLE
2330010000000|20.39|20.4|1|||54|01/01/2023||THICKNESS_FLEXIBLE
2330010000000|20.4|20.5|1|||54|01/01/2023||THICKNESS_FLEXIBLE
2330010000000|20.5|20.6|1|||54|01/01/2023||THICKNESS_FLEXIBLE
2330010000000|20.6|20.7|1|||54|01/01/2023||THICKNESS_FLEXIBLE
2330010000000|20.7|20.8|1|||54|01/01/2023||THICKNESS_FLEXIBLE
2330010000000|20.8|20.9|1|||54|01/01/2023||THICKNESS_FLEXIBLE
2330010000000|20.9|21.0|1|||54|01/01/2023||THICKNESS_FLEXIBLE
2330010000000|21.0|21.1|1|||54|01/01/2023||THICKNESS_FLEXIBLE
2330010000000|21.1|21.2|1|||54|01/01/2023||THICKNESS_FLEXIBLE
2330010000000|21.2|21.3|1|||54|01/01/2023||THICKNESS_FLEXIBLE
2330010000000|21.3|21.4|1|||54|01/01/2023||THICKNESS_FLEXIBLE
2330010000000|21.4|21.421|1|||54|01/01/2023||THICKNESS_FLEXIBLE
2330010000000|21.421|21.5|1|||54|01/01/2023||THICKNESS_FLEXIBLE
2330010000000|21.5|21.6|1|||54|01/01/2023||THICKNESS_FLEXIBLE
2330010000000|21.6|21.7|1|||54|01/01/2023||THICKNESS_FLEXIBLE
2330010000000|21.7|21.8|1|||54|01/01/2023||THICKNESS_FLEXIBLE
2330010000000|21.8|21.9|1|||54|01/01/2023||THICKNESS_FLEXIBLE
2330010000000|21.9|22.0|1|||54|01/01/2023||THICKNESS_FLEXIBLE
2330010000000|22.0|22.05|1|||54|01/01/2023||THICKNESS_FLEXIBLE
2330010000000|27.14|28.6|1|||54|01/01/2023||THICKNESS_FLEXIBLE
2330017000000|0.32|1.074|2|||54|01/01/2023||THICKNESS_FLEXIBLE
2330017000000|1.074|1.1|2|||54|01/01/2023||THICKNESS_FLEXIBLE
2330044000000|16.02|17.07|1|||54|01/01/2023||THICKNESS_FLEXIBLE
2330073000000|0.31|0.4|1|||54|01/01/2023||THICKNESS_FLEXIBLE
2330073000000|0.4|0.5|1|||54|01/01/2023||THICKNESS_FLEXIBLE
2330073000000|0.5|0.6|1|||54|01/01/2023||THICKNESS_FLEXIBLE
2330073000000|0.6|0.7|1|||54|01/01/2023||THICKNESS_FLEXIBLE
2330073000000|0.7|0.8|1|||54|01/01/2023||THICKNESS_FLEXIBLE
2330073000000|0.8|0.9|1|||54|01/01/2023||THICKNESS_FLEXIBLE
2330073000000|0.9|1.0|1|||54|01/01/2023||THICKNESS_FLEXIBLE
2330073000000|1.0|1.1|1|||54|01/01/2023||THICKNESS_FLEXIBLE
2330073000000|1.1|1.2|1|||54|01/01/2023||THICKNESS_FLEXIBLE
2330073000000|1.2|1.3|1|||54|01/01/2023||THICKNESS_FLEXIBLE
2330073000000|1.3|1.4|1|||54|01/01/2023||THICKNESS_FLEXIBLE
2330073000000|1.4|1.5|1|||54|01/01/2023||THICKNESS_FLEXIBLE
2330073000000|1.5|1.6|1|||54|01/01/2023||THICKNESS_FLEXIBLE
2330073000000|1.6|1.7|1|||54|01/01/2023||THICKNESS_FLEXIBLE
2330073000000|1.7|1.8|1|||54|01/01/2023||THICKNESS_FLEXIBLE
2330073000000|1.8|1.9|1|||54|01/01/2023||THICKNESS_FLEXIBLE
2330073000000|1.9|2.0|1|||54|01/01/2023||THICKNESS_FLEXIBLE
2330073000000|2.0|2.1|1|||54|01/01/2023||THICKNESS_FLEXIBLE
2330073000000|2.1|2.15|1|||54|01/01/2023||THICKNESS_FLEXIBLE
2330080000000|0.86|0.9|2|||54|01/01/2023||THICKNESS_FLEXIBLE
2330080000000|0.9|1.0|2|||54|01/01/2023||THICKNESS_FLEXIBLE
2330080000000|1.0|1.1|2|||54|01/01/2023||THICKNESS_FLEXIBLE
2330080000000|1.1|1.2|2|||54|01/01/2023||THICKNESS_FLEXIBLE
2330080000000|1.2|1.3|2|||54|01/01/2023||THICKNESS_FLEXIBLE
2330080000000|1.3|1.4|2|||54|01/01/2023||THICKNESS_FLEXIBLE
2330080000000|1.4|1.5|2|||54|01/01/2023||THICKNESS_FLEXIBLE
2330080000000|1.5|1.57|2|||54|01/01/2023||THICKNESS_FLEXIBLE
2340005000000|0.45|2.789|2|||54|01/01/2023||THICKNESS_FLEXIBLE
2340110580000|0.0|0.14|1|||54|01/01/2023||THICKNESS_FLEXIBLE
2340110580000|0.14|0.44|1|||54|01/01/2023||THICKNESS_FLEXIBLE
2340110580000|0.44|0.98|1|||54|01/01/2023||THICKNESS_FLEXIBLE
30200520000EB|9.95|10.0|2|||54|01/01/2023||THICKNESS_FLEXIBLE
30200520000EB|10.0|10.1|2|||54|01/01/2023||THICKNESS_FLEXIBLE
30200520000EB|10.1|10.2|2|||54|01/01/2023||THICKNESS_FLEXIBLE
30200520000EB|10.2|10.3|2|||54|01/01/2023||THICKNESS_FLEXIBLE
30200520000EB|10.3|10.4|2|||54|01/01/2023||THICKNESS_FLEXIBLE
30200520000EB|10.4|10.5|2|||54|01/01/2023||THICKNESS_FLEXIBLE
30200520000EB|10.5|10.6|2|||54|01/01/2023||THICKNESS_FLEXIBLE
30200520000EB|10.6|10.7|2|||54|01/01/2023||THICKNESS_FLEXIBLE
30200520000EB|10.7|10.8|2|||54|01/01/2023||THICKNESS_FLEXIBLE
30200520000EB|10.8|10.9|2|||54|01/01/2023||THICKNESS_FLEXIBLE
30200520000EB|10.9|11.0|2|||54|01/01/2023||THICKNESS_FLEXIBLE
30200520000EB|11.0|11.1|2|||54|01/01/2023||THICKNESS_FLEXIBLE
30200520000EB|11.1|11.2|2|||54|01/01/2023||THICKNESS_FLEXIBLE
30200520000EB|11.2|11.3|2|||54|01/01/2023||THICKNESS_FLEXIBLE
30200520000EB|11.3|11.4|2|||54|01/01/2023||THICKNESS_FLEXIBLE
30200520000EB|11.4|11.5|2|||54|01/01/2023||THICKNESS_FLEXIBLE
30200520000EB|11.5|11.6|2|||54|01/01/2023||THICKNESS_FLEXIBLE
30200520000EB|11.6|11.65|2|||54|01/01/2023||THICKNESS_FLEXIBLE
30200520000EB|21.06|21.1|2|||54|01/01/2023||THICKNESS_FLEXIBLE
30200520000EB|21.1|21.2|2|||54|01/01/2023||THICKNESS_FLEXIBLE
30200520000EB|21.2|21.3|2|||54|01/01/2023||THICKNESS_FLEXIBLE
30200520000EB|21.3|21.4|2|||54|01/01/2023||THICKNESS_FLEXIBLE
30200520000EB|21.4|21.5|2|||54|01/01/2023||THICKNESS_FLEXIBLE
30200520000EB|21.5|21.6|2|||54|01/01/2023||THICKNESS_FLEXIBLE
30200520000EB|21.6|21.7|2|||54|01/01/2023||THICKNESS_FLEXIBLE
30200520000EB|21.7|21.8|2|||54|01/01/2023||THICKNESS_FLEXIBLE
30200520000EB|21.8|21.9|2|||54|01/01/2023||THICKNESS_FLEXIBLE
30200520000EB|21.9|21.95|2|||54|01/01/2023||THICKNESS_FLEXIBLE
30200520000EB|21.97|22.0|2|||54|01/01/2023||THICKNESS_FLEXIBLE
30200520000EB|22.0|22.1|2|||54|01/01/2023||THICKNESS_FLEXIBLE
30200520000EB|22.1|22.2|2|||54|01/01/2023||THICKNESS_FLEXIBLE
30200520000EB|22.2|22.28|2|||54|01/01/2023||THICKNESS_FLEXIBLE
30200520000EB|26.08|26.1|2|||54|01/01/2023||THICKNESS_FLEXIBLE
30200520000EB|26.1|26.2|2|||54|01/01/2023||THICKNESS_FLEXIBLE
30200520000EB|26.2|26.3|2|||54|01/01/2023||THICKNESS_FLEXIBLE
30200520000EB|26.3|26.4|2|||54|01/01/2023||THICKNESS_FLEXIBLE
30200520000EB|26.4|26.5|2|||54|01/01/2023||THICKNESS_FLEXIBLE
30200520000EB|26.5|26.53|2|||54|01/01/2023||THICKNESS_FLEXIBLE
30200520004NB|0.096|0.1|2|||54|01/01/2023||THICKNESS_FLEXIBLE
30200520004NB|0.1|0.2|2|||54|01/01/2023||THICKNESS_FLEXIBLE
30200520004NB|0.2|0.3|2|||54|01/01/2023||THICKNESS_FLEXIBLE
30200520004NB|0.3|0.39|2|||54|01/01/2023||THICKNESS_FLEXIBLE
30201190000NB|11.73|11.8|1|||54|01/01/2023||THICKNESS_FLEXIBLE
30201190000NB|11.8|11.9|1|||54|01/01/2023||THICKNESS_FLEXIBLE
30201190000NB|11.9|12.0|1|||54|01/01/2023||THICKNESS_FLEXIBLE
30201190000NB|12.0|12.1|1|||54|01/01/2023||THICKNESS_FLEXIBLE
30201190000NB|12.1|12.2|1|||54|01/01/2023||THICKNESS_FLEXIBLE
30201190000NB|12.2|12.3|1|||54|01/01/2023||THICKNESS_FLEXIBLE
30201190000NB|12.3|12.4|1|||54|01/01/2023||THICKNESS_FLEXIBLE
30201190000NB|12.4|12.5|1|||54|01/01/2023||THICKNESS_FLEXIBLE
30201190000NB|12.5|12.6|1|||54|01/01/2023||THICKNESS_FLEXIBLE
30201190000NB|12.6|12.7|1|||54|01/01/2023||THICKNESS_FLEXIBLE
30201190000NB|12.7|12.8|1|||54|01/01/2023||THICKNESS_FLEXIBLE
30201190000NB|12.88|12.9|1|||54|01/01/2023||THICKNESS_FLEXIBLE
30201190000NB|12.9|13.0|1|||54|01/01/2023||THICKNESS_FLEXIBLE
30201190000NB|13.0|13.1|1|||54|01/01/2023||THICKNESS_FLEXIBLE
30201190000NB|13.1|13.2|1|||54|01/01/2023||THICKNESS_FLEXIBLE
30201190000NB|13.2|13.3|1|||54|01/01/2023||THICKNESS_FLEXIBLE
30201190000NB|13.3|13.4|1|||54|01/01/2023||THICKNESS_FLEXIBLE
30201190000NB|13.4|13.5|1|||54|01/01/2023||THICKNESS_FLEXIBLE
30201190000NB|13.5|13.6|1|||54|01/01/2023||THICKNESS_FLEXIBLE
30201190000NB|13.6|13.7|1|||54|01/01/2023||THICKNESS_FLEXIBLE
30201190000NB|13.7|13.8|1|||54|01/01/2023||THICKNESS_FLEXIBLE
30201190000NB|13.8|13.9|1|||54|01/01/2023||THICKNESS_FLEXIBLE
30201190000NB|13.9|14.0|1|||54|01/01/2023||THICKNESS_FLEXIBLE
30201190000NB|14.0|14.1|1|||54|01/01/2023||THICKNESS_FLEXIBLE
30201190000NB|14.1|14.2|1|||54|01/01/2023||THICKNESS_FLEXIBLE
30201190000NB|14.2|14.28|1|||54|01/01/2023||THICKNESS_FLEXIBLE
3030080000000|7.05|7.1|2|||54|01/01/2023||THICKNESS_FLEXIBLE
3030080000000|7.1|7.2|2|||54|01/01/2023||THICKNESS_FLEXIBLE
3030080000000|7.2|7.3|2|||54|01/01/2023||THICKNESS_FLEXIBLE
3030080000000|7.3|7.4|2|||54|01/01/2023||THICKNESS_FLEXIBLE
3030080000000|7.4|7.5|2|||54|01/01/2023||THICKNESS_FLEXIBLE
3030080000000|7.5|7.6|2|||54|01/01/2023||THICKNESS_FLEXIBLE
3030080000000|7.6|7.7|2|||54|01/01/2023||THICKNESS_FLEXIBLE
3030080000000|7.7|7.8|2|||54|01/01/2023||THICKNESS_FLEXIBLE
3030080000000|7.8|7.9|2|||54|01/01/2023||THICKNESS_FLEXIBLE
3030080000000|7.9|8.0|2|||54|01/01/2023||THICKNESS_FLEXIBLE
3030080000000|8.0|8.1|2|||54|01/01/2023||THICKNESS_FLEXIBLE
3030080000000|8.1|8.2|2|||54|01/01/2023||THICKNESS_FLEXIBLE
3030080000000|8.2|8.3|2|||54|01/01/2023||THICKNESS_FLEXIBLE
3030080000000|8.3|8.4|2|||54|01/01/2023||THICKNESS_FLEXIBLE
3030080000000|8.4|8.5|2|||54|01/01/2023||THICKNESS_FLEXIBLE
3030080000000|8.5|8.6|2|||54|01/01/2023||THICKNESS_FLEXIBLE
3030080000000|8.6|8.7|2|||54|01/01/2023||THICKNESS_FLEXIBLE
3030080000000|8.7|8.8|2|||54|01/01/2023||THICKNESS_FLEXIBLE
3030080000000|8.8|8.9|2|||54|01/01/2023||THICKNESS_FLEXIBLE
3030080000000|8.9|9.0|2|||54|01/01/2023||THICKNESS_FLEXIBLE
3030080000000|9.0|9.1|2|||54|01/01/2023||THICKNESS_FLEXIBLE
3030080000000|9.1|9.2|2|||54|01/01/2023||THICKNESS_FLEXIBLE
3030080000000|9.2|9.3|2|||54|01/01/2023||THICKNESS_FLEXIBLE
3030080000000|9.3|9.4|2|||54|01/01/2023||THICKNESS_FLEXIBLE
3030080000000|9.4|9.46|2|||54|01/01/2023||THICKNESS_FLEXIBLE
50100640000EB|0.0|0.1|1|||54|01/01/2023||THICKNESS_FLEXIBLE
50100640000EB|0.1|0.11|1|||54|01/01/2023||THICKNESS_FLEXIBLE
50100640000EB|0.11|0.2|1|||54|01/01/2023||THICKNESS_FLEXIBLE
50100640000EB|0.2|0.3|1|||54|01/01/2023||THICKNESS_FLEXIBLE
50100640000EB|0.3|0.4|1|||54|01/01/2023||THICKNESS_FLEXIBLE
50100640000EB|0.4|0.5|1|||54|01/01/2023||THICKNESS_FLEXIBLE
50100640000EB|0.5|0.6|1|||54|01/01/2023||THICKNESS_FLEXIBLE
50100640000EB|0.6|0.7|1|||54|01/01/2023||THICKNESS_FLEXIBLE
50100640000EB|0.7|0.8|1|||54|01/01/2023||THICKNESS_FLEXIBLE
50100640000EB|0.8|0.9|1|||54|01/01/2023||THICKNESS_FLEXIBLE
50100640000EB|0.9|1.0|1|||54|01/01/2023||THICKNESS_FLEXIBLE
50100640000EB|1.0|1.1|1|||54|01/01/2023||THICKNESS_FLEXIBLE
50100640000EB|1.1|1.2|1|||54|01/01/2023||THICKNESS_FLEXIBLE
50100640000EB|1.2|1.25|1|||54|01/01/2023||THICKNESS_FLEXIBLE
50100640000EB|1.29|1.3|4|||54|01/01/2023||THICKNESS_FLEXIBLE
50100640000EB|1.3|1.4|4|||54|01/01/2023||THICKNESS_FLEXIBLE
50100640000EB|1.4|1.5|4|||54|01/01/2023||THICKNESS_FLEXIBLE
50100640000EB|1.5|1.6|4|||54|01/01/2023||THICKNESS_FLEXIBLE
50100640000EB|1.6|1.66|4|||54|01/01/2023||THICKNESS_FLEXIBLE
50100640000EB|1.66|1.7|4|||54|01/01/2023||THICKNESS_FLEXIBLE
50100640000EB|1.7|1.8|4|||54|01/01/2023||THICKNESS_FLEXIBLE
50100640000EB|1.8|1.9|4|||54|01/01/2023||THICKNESS_FLEXIBLE
50100640000EB|1.9|2.0|4|||54|01/01/2023||THICKNESS_FLEXIBLE
50100640000EB|2.0|2.1|4|||54|01/01/2023||THICKNESS_FLEXIBLE
50100640000EB|2.1|2.17|4|||54|01/01/2023||THICKNESS_FLEXIBLE
50100640000EB|2.17|2.2|4|||54|01/01/2023||THICKNESS_FLEXIBLE
50100640000EB|2.2|2.3|4|||54|01/01/2023||THICKNESS_FLEXIBLE
50100640000EB|2.3|2.4|4|||54|01/01/2023||THICKNESS_FLEXIBLE
50100640000EB|2.4|2.5|4|||54|01/01/2023||THICKNESS_FLEXIBLE
50100640000EB|2.5|2.6|4|||54|01/01/2023||THICKNESS_FLEXIBLE
50100640000EB|2.6|2.7|4|||54|01/01/2023||THICKNESS_FLEXIBLE
50100640000EB|2.7|2.75|4|||54|01/01/2023||THICKNESS_FLEXIBLE
50100640000EB|2.75|2.8|4|||54|01/01/2023||THICKNESS_FLEXIBLE
50100640000EB|2.8|2.9|4|||54|01/01/2023||THICKNESS_FLEXIBLE
50100640000EB|2.9|3.0|4|||54|01/01/2023||THICKNESS_FLEXIBLE
50100640000EB|3.0|3.1|4|||54|01/01/2023||THICKNESS_FLEXIBLE
50100640000EB|3.1|3.2|4|||54|01/01/2023||THICKNESS_FLEXIBLE
50100640000EB|3.2|3.3|4|||54|01/01/2023||THICKNESS_FLEXIBLE
50100640000EB|3.3|3.4|4|||54|01/01/2023||THICKNESS_FLEXIBLE
50100640000EB|3.4|3.5|4|||54|01/01/2023||THICKNESS_FLEXIBLE
50100640000EB|3.5|3.6|4|||54|01/01/2023||THICKNESS_FLEXIBLE
50100640000EB|3.6|3.7|4|||54|01/01/2023||THICKNESS_FLEXIBLE
50100640000EB|3.7|3.8|4|||54|01/01/2023||THICKNESS_FLEXIBLE
50100640000EB|3.8|3.9|4|||54|01/01/2023||THICKNESS_FLEXIBLE
50100640000EB|3.9|4.0|4|||54|01/01/2023||THICKNESS_FLEXIBLE
50100640000EB|4.0|4.1|4|||54|01/01/2023||THICKNESS_FLEXIBLE
50100640000EB|4.1|4.2|4|||54|01/01/2023||THICKNESS_FLEXIBLE
50100640000EB|4.2|4.22|4|||54|01/01/2023||THICKNESS_FLEXIBLE
50100640000EB|4.22|4.3|4|||54|01/01/2023||THICKNESS_FLEXIBLE
50100640000EB|4.3|4.4|4|||54|01/01/2023||THICKNESS_FLEXIBLE
50100640000EB|4.4|4.5|4|||54|01/01/2023||THICKNESS_FLEXIBLE
50100640000EB|4.5|4.6|4|||54|01/01/2023||THICKNESS_FLEXIBLE
50100640000EB|4.6|4.7|4|||54|01/01/2023||THICKNESS_FLEXIBLE
50100640000EB|4.7|4.8|4|||54|01/01/2023||THICKNESS_FLEXIBLE
50100640000EB|4.8|4.9|4|||54|01/01/2023||THICKNESS_FLEXIBLE
50100640000EB|4.9|5.0|4|||54|01/01/2023||THICKNESS_FLEXIBLE
50100640000EB|5.0|5.1|4|||54|01/01/2023||THICKNESS_FLEXIBLE
50100640000EB|5.1|5.2|4|||54|01/01/2023||THICKNESS_FLEXIBLE
50100640000EB|5.2|5.29|4|||54|01/01/2023||THICKNESS_FLEXIBLE
50100640000EB|5.29|5.3|4|||54|01/01/2023||THICKNESS_FLEXIBLE
50100640000EB|5.3|5.4|4|||54|01/01/2023||THICKNESS_FLEXIBLE
50100640000EB|5.4|5.5|4|||54|01/01/2023||THICKNESS_FLEXIBLE
50100640000EB|5.5|5.6|4|||54|01/01/2023||THICKNESS_FLEXIBLE
50100640000EB|5.6|5.7|4|||54|01/01/2023||THICKNESS_FLEXIBLE
50100640000EB|5.7|5.8|4|||54|01/01/2023||THICKNESS_FLEXIBLE
50100640000EB|5.8|5.87|4|||54|01/01/2023||THICKNESS_FLEXIBLE
50200520000EB|5.8|5.9|1|||54|01/01/2023||THICKNESS_FLEXIBLE
50200520000EB|5.9|6.0|1|||54|01/01/2023||THICKNESS_FLEXIBLE
50200520000EB|6.0|6.1|1|||54|01/01/2023||THICKNESS_FLEXIBLE
50200520000EB|6.1|6.2|1|||54|01/01/2023||THICKNESS_FLEXIBLE
50200520000EB|6.2|6.3|1|||54|01/01/2023||THICKNESS_FLEXIBLE
50200520000EB|6.3|6.4|1|||54|01/01/2023||THICKNESS_FLEXIBLE
50200520000EB|6.4|6.5|1|||54|01/01/2023||THICKNESS_FLEXIBLE
50200520000EB|6.5|6.51|1|||54|01/01/2023||THICKNESS_FLEXIBLE
50200520000EB|29.12|29.2|3|||54|01/01/2023||THICKNESS_FLEXIBLE
50200520000EB|29.2|29.3|3|||54|01/01/2023||THICKNESS_FLEXIBLE
50200520000EB|29.3|29.4|3|||54|01/01/2023||THICKNESS_FLEXIBLE
50200520000EB|29.4|29.5|3|||54|01/01/2023||THICKNESS_FLEXIBLE
50200520000EB|29.5|29.6|3|||54|01/01/2023||THICKNESS_FLEXIBLE
50200520000EB|29.6|29.7|3|||54|01/01/2023||THICKNESS_FLEXIBLE
50200520000EB|29.7|29.8|3|||54|01/01/2023||THICKNESS_FLEXIBLE
50200520000EB|29.8|29.9|3|||54|01/01/2023||THICKNESS_FLEXIBLE
50200520000EB|29.9|30.0|3|||54|01/01/2023||THICKNESS_FLEXIBLE
50200520000EB|30.0|30.1|3|||54|01/01/2023||THICKNESS_FLEXIBLE
50200520000EB|30.1|30.2|3|||54|01/01/2023||THICKNESS_FLEXIBLE
50200520000EB|30.2|30.3|3|||54|01/01/2023||THICKNESS_FLEXIBLE
50200520000EB|30.3|30.4|3|||54|01/01/2023||THICKNESS_FLEXIBLE
50200520000EB|30.4|30.5|3|||54|01/01/2023||THICKNESS_FLEXIBLE
50200520000EB|30.5|30.6|3|||54|01/01/2023||THICKNESS_FLEXIBLE
50200520000EB|30.6|30.7|3|||54|01/01/2023||THICKNESS_FLEXIBLE
50200520000EB|30.7|30.8|3|||54|01/01/2023||THICKNESS_FLEXIBLE
50200520000EB|30.8|30.9|3|||54|01/01/2023||THICKNESS_FLEXIBLE
50200520000EB|30.9|31.0|3|||54|01/01/2023||THICKNESS_FLEXIBLE
50200520000EB|31.0|31.1|3|||54|01/01/2023||THICKNESS_FLEXIBLE
50200520000EB|31.1|31.2|3|||54|01/01/2023||THICKNESS_FLEXIBLE
50200520000EB|31.2|31.3|3|||54|01/01/2023||THICKNESS_FLEXIBLE
50200520000EB|31.3|31.4|3|||54|01/01/2023||THICKNESS_FLEXIBLE
50200600000EB|0.0|0.1|1|||54|01/01/2023||THICKNESS_FLEXIBLE
50200600000EB|0.1|0.16|1|||54|01/01/2023||THICKNESS_FLEXIBLE
50200600000EB|0.16|0.2|1|||54|01/01/2023||THICKNESS_FLEXIBLE
50200600000EB|0.2|0.24|1|||54|01/01/2023||THICKNESS_FLEXIBLE
50200600000EB|0.49|0.5|1|||54|01/01/2023||THICKNESS_FLEXIBLE
50200600000EB|0.5|0.6|1|||54|01/01/2023||THICKNESS_FLEXIBLE
50200600000EB|0.6|0.7|1|||54|01/01/2023||THICKNESS_FLEXIBLE
50200600000EB|0.7|0.72|1|||54|01/01/2023||THICKNESS_FLEXIBLE
50200600000EB|1.13|1.2|1|||54|01/01/2023||THICKNESS_FLEXIBLE
50200600000EB|1.2|1.3|1|||54|01/01/2023||THICKNESS_FLEXIBLE
50200600000EB|1.3|1.4|1|||54|01/01/2023||THICKNESS_FLEXIBLE
50200600000EB|1.4|1.5|1|||54|01/01/2023||THICKNESS_FLEXIBLE
50200600000EB|1.5|1.6|1|||54|01/01/2023||THICKNESS_FLEXIBLE
50200600000EB|1.6|1.7|1|||54|01/01/2023||THICKNESS_FLEXIBLE
50200600000EB|1.7|1.8|1|||54|01/01/2023||THICKNESS_FLEXIBLE
50200600000EB|1.8|1.83|1|||54|01/01/2023||THICKNESS_FLEXIBLE
50200600000EB|3.79|3.8|1|||54|01/01/2023||THICKNESS_FLEXIBLE
50200600000EB|3.8|3.9|1|||54|01/01/2023||THICKNESS_FLEXIBLE
50200600000EB|3.9|4.0|1|||54|01/01/2023||THICKNESS_FLEXIBLE
50200600000EB|4.0|4.04|1|||54|01/01/2023||THICKNESS_FLEXIBLE
50200600000EB|4.04|4.1|1|||54|01/01/2023||THICKNESS_FLEXIBLE
50200600000EB|4.1|4.2|1|||54|01/01/2023||THICKNESS_FLEXIBLE
50200600000EB|4.2|4.3|1|||54|01/01/2023||THICKNESS_FLEXIBLE
50200600000EB|4.3|4.39|1|||54|01/01/2023||THICKNESS_FLEXIBLE
5030152000000|29.86|30.39|3|||54|01/01/2023||THICKNESS_FLEXIBLE
5030152000000|40.4|43.98|1|||54|01/01/2023||THICKNESS_FLEXIBLE
5030152000000|43.98|44.59|1|||54|01/01/2023||THICKNESS_FLEXIBLE
5040001000000|2.16|2.29|1|||54|01/01/2023||THICKNESS_FLEXIBLE
5040003000000|3.75|3.85|1|||54|01/01/2023||THICKNESS_FLEXIBLE
5040003000000|3.94|4.06|1|||54|01/01/2023||THICKNESS_FLEXIBLE
5040003010000|0.09|0.1|1|||54|01/01/2023||THICKNESS_FLEXIBLE
5040003010000|0.1|0.2|1|||54|01/01/2023||THICKNESS_FLEXIBLE
5040003010000|0.2|0.3|1|||54|01/01/2023||THICKNESS_FLEXIBLE
5040003010000|0.3|0.4|1|||54|01/01/2023||THICKNESS_FLEXIBLE
5040003010000|0.4|0.5|1|||54|01/01/2023||THICKNESS_FLEXIBLE
5040003010000|0.5|0.6|1|||54|01/01/2023||THICKNESS_FLEXIBLE
5040003010000|0.6|0.65|1|||54|01/01/2023||THICKNESS_FLEXIBLE
5040003010000|0.65|0.68|1|||54|01/01/2023||THICKNESS_FLEXIBLE
5040003020000|0.0|0.1|1|||54|01/01/2023||THICKNESS_FLEXIBLE
5040003020000|0.1|0.2|1|||54|01/01/2023||THICKNESS_FLEXIBLE
5040003020000|0.2|0.3|1|||54|01/01/2023||THICKNESS_FLEXIBLE
5040003020000|0.3|0.4|1|||54|01/01/2023||THICKNESS_FLEXIBLE
5040003020000|0.4|0.5|1|||54|01/01/2023||THICKNESS_FLEXIBLE
5040003020000|0.5|0.6|1|||54|01/01/2023||THICKNESS_FLEXIBLE
5040003020000|0.6|0.64|1|||54|01/01/2023||THICKNESS_FLEXIBLE
5040003020000|0.64|0.7|1|||54|01/01/2023||THICKNESS_FLEXIBLE
5040003020000|0.7|0.8|1|||54|01/01/2023||THICKNESS_FLEXIBLE
5040003020000|0.8|0.9|1|||54|01/01/2023||THICKNESS_FLEXIBLE
5040003020000|0.9|1.0|1|||54|01/01/2023||THICKNESS_FLEXIBLE
5040003020000|1.0|1.1|1|||54|01/01/2023||THICKNESS_FLEXIBLE
5040003020000|1.1|1.2|1|||54|01/01/2023||THICKNESS_FLEXIBLE
5040003020000|1.2|1.25|1|||54|01/01/2023||THICKNESS_FLEXIBLE
5040007000000|17.84|18.87|1|||54|01/01/2023||THICKNESS_FLEXIBLE
5040007000000|19.35|19.76|1|||54|01/01/2023||THICKNESS_FLEXIBLE
5040008000000|0.0|0.45|1|||54|01/01/2023||THICKNESS_FLEXIBLE
5040009000000|0.65|1.92|2|||54|01/01/2023||THICKNESS_FLEXIBLE
5040009000000|1.92|3.59|1|||54|01/01/2023||THICKNESS_FLEXIBLE
5040012000000|3.176|4.65|1|||54|01/01/2023||THICKNESS_FLEXIBLE
5040060030000|1.37|1.47|1|||54|01/01/2023||THICKNESS_FLEXIBLE
5040060040000|1.24|2.4|1|||54|01/01/2023||THICKNESS_FLEXIBLE
5040060070000|0.24|0.87|1|||54|01/01/2023||THICKNESS_FLEXIBLE
5040060070000|0.87|1.44|1|||54|01/01/2023||THICKNESS_FLEXIBLE
24200520000EB|0.0|0.1|9|||54|01/01/2023||THICKNESS_FLEXIBLE
24200520000EB|0.1|0.2|9|||54|01/01/2023||THICKNESS_FLEXIBLE
24200520000EB|0.2|0.3|9|||54|01/01/2023||THICKNESS_FLEXIBLE
24200520000EB|0.3|0.4|9|||54|01/01/2023||THICKNESS_FLEXIBLE
24200520000EB|0.4|0.5|9|||54|01/01/2023||THICKNESS_FLEXIBLE
24200520000EB|0.5|0.6|9|||54|01/01/2023||THICKNESS_FLEXIBLE
24200520000EB|0.6|0.7|9|||54|01/01/2023||THICKNESS_FLEXIBLE
24200520000EB|0.7|0.8|9|||54|01/01/2023||THICKNESS_FLEXIBLE
24200520000EB|0.8|0.9|9|||54|01/01/2023||THICKNESS_FLEXIBLE
24200520000EB|0.9|1.0|9|||54|01/01/2023||THICKNESS_FLEXIBLE
24200520000EB|1.0|1.09|9|||54|01/01/2023||THICKNESS_FLEXIBLE
24200520000EB|2.54|2.6|9|||54|01/01/2023||THICKNESS_FLEXIBLE
24200520000EB|2.6|2.7|9|||54|01/01/2023||THICKNESS_FLEXIBLE
24200520000EB|2.7|2.8|9|||54|01/01/2023||THICKNESS_FLEXIBLE
24200520000EB|2.8|2.9|9|||54|01/01/2023||THICKNESS_FLEXIBLE
24200520000EB|2.9|3.0|9|||54|01/01/2023||THICKNESS_FLEXIBLE
24200520000EB|3.0|3.1|9|||54|01/01/2023||THICKNESS_FLEXIBLE
24200520000EB|3.1|3.2|9|||54|01/01/2023||THICKNESS_FLEXIBLE
24200520000EB|3.2|3.3|9|||54|01/01/2023||THICKNESS_FLEXIBLE
24200520000EB|3.3|3.4|9|||54|01/01/2023||THICKNESS_FLEXIBLE
24200520000EB|3.4|3.5|9|||54|01/01/2023||THICKNESS_FLEXIBLE
24200520000EB|3.5|3.6|9|||54|01/01/2023||THICKNESS_FLEXIBLE
24200520000EB|3.6|3.7|9|||54|01/01/2023||THICKNESS_FLEXIBLE
24200520000EB|3.7|3.72|9|||54|01/01/2023||THICKNESS_FLEXIBLE
24200520000EB|5.19|5.2|9|||54|01/01/2023||THICKNESS_FLEXIBLE
24200520000EB|5.2|5.3|9|||54|01/01/2023||THICKNESS_FLEXIBLE
24200520000EB|5.3|5.4|9|||54|01/01/2023||THICKNESS_FLEXIBLE
24200520000EB|5.4|5.5|9|||54|01/01/2023||THICKNESS_FLEXIBLE
24200520000EB|5.5|5.6|9|||54|01/01/2023||THICKNESS_FLEXIBLE
24200520000EB|5.6|5.7|9|||54|01/01/2023||THICKNESS_FLEXIBLE
24200520000EB|5.7|5.8|9|||54|01/01/2023||THICKNESS_FLEXIBLE
24200520000EB|5.8|5.9|9|||54|01/01/2023||THICKNESS_FLEXIBLE
24200520000EB|5.9|6.0|9|||54|01/01/2023||THICKNESS_FLEXIBLE
24200520000EB|6.0|6.1|9|||54|01/01/2023||THICKNESS_FLEXIBLE
24200520000EB|6.1|6.2|9|||54|01/01/2023||THICKNESS_FLEXIBLE
24200520000EB|6.2|6.3|9|||54|01/01/2023||THICKNESS_FLEXIBLE
24200520000EB|6.3|6.4|9|||54|01/01/2023||THICKNESS_FLEXIBLE
24200520000EB|6.4|6.5|9|||54|01/01/2023||THICKNESS_FLEXIBLE
24200520000EB|6.5|6.6|9|||54|01/01/2023||THICKNESS_FLEXIBLE
24200520000EB|6.6|6.7|9|||54|01/01/2023||THICKNESS_FLEXIBLE
24200520000EB|6.7|6.8|9|||54|01/01/2023||THICKNESS_FLEXIBLE
24200520000EB|6.8|6.9|9|||54|01/01/2023||THICKNESS_FLEXIBLE
24200520000EB|6.9|7.0|9|||54|01/01/2023||THICKNESS_FLEXIBLE
24200520000EB|7.0|7.1|9|||54|01/01/2023||THICKNESS_FLEXIBLE
24200520000EB|7.1|7.2|9|||54|01/01/2023||THICKNESS_FLEXIBLE
24200520000EB|7.2|7.3|9|||54|01/01/2023||THICKNESS_FLEXIBLE
24200520000EB|7.3|7.4|9|||54|01/01/2023||THICKNESS_FLEXIBLE
24200520000EB|7.4|7.5|9|||54|01/01/2023||THICKNESS_FLEXIBLE
24200520000EB|7.5|7.6|9|||54|01/01/2023||THICKNESS_FLEXIBLE
24200520000EB|7.6|7.7|9|||54|01/01/2023||THICKNESS_FLEXIBLE
24200520000EB|7.7|7.8|9|||54|01/01/2023||THICKNESS_FLEXIBLE
24200520000EB|7.8|7.9|9|||54|01/01/2023||THICKNESS_FLEXIBLE
24200520000EB|7.9|7.91|9|||54|01/01/2023||THICKNESS_FLEXIBLE
24200520000EB|9.59|9.6|9|||54|01/01/2023||THICKNESS_FLEXIBLE
24200520000EB|9.6|9.7|9|||54|01/01/2023||THICKNESS_FLEXIBLE
24200520000EB|9.7|9.8|9|||54|01/01/2023||THICKNESS_FLEXIBLE
24200520000EB|9.8|9.9|9|||54|01/01/2023||THICKNESS_FLEXIBLE
24200520000EB|9.9|10.0|9|||54|01/01/2023||THICKNESS_FLEXIBLE
24200520000EB|10.0|10.1|9|||54|01/01/2023||THICKNESS_FLEXIBLE
24200520000EB|10.1|10.2|9|||54|01/01/2023||THICKNESS_FLEXIBLE
24200520000EB|10.2|10.3|9|||54|01/01/2023||THICKNESS_FLEXIBLE
24200520000EB|10.3|10.4|9|||54|01/01/2023||THICKNESS_FLEXIBLE
24200520000EB|10.4|10.5|9|||54|01/01/2023||THICKNESS_FLEXIBLE
24200520000EB|10.5|10.6|9|||54|01/01/2023||THICKNESS_FLEXIBLE
24200520000EB|10.6|10.7|9|||54|01/01/2023||THICKNESS_FLEXIBLE
24200520000EB|10.7|10.8|9|||54|01/01/2023||THICKNESS_FLEXIBLE
24200520000EB|10.8|10.9|9|||54|01/01/2023||THICKNESS_FLEXIBLE
24200520000EB|10.9|11.0|9|||54|01/01/2023||THICKNESS_FLEXIBLE
24200520000EB|11.0|11.1|9|||54|01/01/2023||THICKNESS_FLEXIBLE
24200520000EB|11.1|11.2|9|||54|01/01/2023||THICKNESS_FLEXIBLE
24200520000EB|11.2|11.3|9|||54|01/01/2023||THICKNESS_FLEXIBLE
24200520000EB|11.3|11.4|9|||54|01/01/2023||THICKNESS_FLEXIBLE
24200520000EB|11.4|11.5|9|||54|01/01/2023||THICKNESS_FLEXIBLE
24200520000EB|11.5|11.6|9|||54|01/01/2023||THICKNESS_FLEXIBLE
24200520000EB|11.6|11.7|9|||54|01/01/2023||THICKNESS_FLEXIBLE
24200520000EB|11.7|11.8|9|||54|01/01/2023||THICKNESS_FLEXIBLE
24200520000EB|11.8|11.9|9|||54|01/01/2023||THICKNESS_FLEXIBLE
24200520000EB|11.9|12.0|9|||54|01/01/2023||THICKNESS_FLEXIBLE
24200520000EB|12.0|12.1|9|||54|01/01/2023||THICKNESS_FLEXIBLE
24200520000EB|12.1|12.2|9|||54|01/01/2023||THICKNESS_FLEXIBLE
24200520000EB|12.2|12.3|9|||54|01/01/2023||THICKNESS_FLEXIBLE
24200520000EB|12.3|12.4|9|||54|01/01/2023||THICKNESS_FLEXIBLE
24200520000EB|12.4|12.5|9|||54|01/01/2023||THICKNESS_FLEXIBLE
24200520000EB|12.5|12.6|9|||54|01/01/2023||THICKNESS_FLEXIBLE
24200520000EB|12.6|12.7|9|||54|01/01/2023||THICKNESS_FLEXIBLE
24200520000EB|12.7|12.8|9|||54|01/01/2023||THICKNESS_FLEXIBLE
24200520000EB|12.8|12.82|9|||54|01/01/2023||THICKNESS_FLEXIBLE
24200520000EB|24.59|24.6|9|||54|01/01/2023||THICKNESS_FLEXIBLE
24200520000EB|24.6|24.7|9|||54|01/01/2023||THICKNESS_FLEXIBLE
24200520000EB|24.7|24.8|9|||54|01/01/2023||THICKNESS_FLEXIBLE
24200520000EB|24.8|24.9|9|||54|01/01/2023||THICKNESS_FLEXIBLE
24200520000EB|24.9|25.0|9|||54|01/01/2023||THICKNESS_FLEXIBLE
24200520000EB|25.0|25.1|9|||54|01/01/2023||THICKNESS_FLEXIBLE
24200520000EB|25.1|25.2|9|||54|01/01/2023||THICKNESS_FLEXIBLE
24200520000EB|25.2|25.3|9|||54|01/01/2023||THICKNESS_FLEXIBLE
24200520000EB|25.3|25.4|9|||54|01/01/2023||THICKNESS_FLEXIBLE
24200520000EB|25.4|25.5|9|||54|01/01/2023||THICKNESS_FLEXIBLE
24200520000EB|25.5|25.6|9|||54|01/01/2023||THICKNESS_FLEXIBLE
24200520000EB|25.6|25.7|9|||54|01/01/2023||THICKNESS_FLEXIBLE
24200520000EB|25.7|25.8|9|||54|01/01/2023||THICKNESS_FLEXIBLE
24200520000EB|25.8|25.9|9|||54|01/01/2023||THICKNESS_FLEXIBLE
24200520000EB|25.9|26.0|9|||54|01/01/2023||THICKNESS_FLEXIBLE
24200520000EB|26.0|26.1|9|||54|01/01/2023||THICKNESS_FLEXIBLE
24200520000EB|26.1|26.2|9|||54|01/01/2023||THICKNESS_FLEXIBLE
24200520000EB|26.2|26.3|9|||54|01/01/2023||THICKNESS_FLEXIBLE
24200520000EB|26.3|26.4|9|||54|01/01/2023||THICKNESS_FLEXIBLE
24200520000EB|26.4|26.5|9|||54|01/01/2023||THICKNESS_FLEXIBLE
24200520000EB|26.5|26.6|9|||54|01/01/2023||THICKNESS_FLEXIBLE
24200520000EB|26.6|26.7|9|||54|01/01/2023||THICKNESS_FLEXIBLE
24200520000EB|26.7|26.77|9|||54|01/01/2023||THICKNESS_FLEXIBLE
2430016000000|0.06|1.73|9|||54|01/01/2023||THICKNESS_FLEXIBLE
2430016000000|4.05|6.18|9|||54|01/01/2023||THICKNESS_FLEXIBLE
2430016000000|9.47|10.14|9|||54|01/01/2023||THICKNESS_FLEXIBLE
2430016000000|13.75|14.05|9|||54|01/01/2023||THICKNESS_FLEXIBLE
2430016000000|16.06|16.1|9|||54|01/01/2023||THICKNESS_FLEXIBLE
2430016000000|16.1|16.2|9|||54|01/01/2023||THICKNESS_FLEXIBLE
2430016000000|16.2|16.3|9|||54|01/01/2023||THICKNESS_FLEXIBLE
2430016000000|16.3|16.4|9|||54|01/01/2023||THICKNESS_FLEXIBLE
2430016000000|16.4|16.5|9|||54|01/01/2023||THICKNESS_FLEXIBLE
2430016000000|16.5|16.6|9|||54|01/01/2023||THICKNESS_FLEXIBLE
2430016000000|16.6|16.7|9|||54|01/01/2023||THICKNESS_FLEXIBLE
2430016000000|16.7|16.8|9|||54|01/01/2023||THICKNESS_FLEXIBLE
2430016000000|16.8|16.9|9|||54|01/01/2023||THICKNESS_FLEXIBLE
2430016000000|16.9|17.0|9|||54|01/01/2023||THICKNESS_FLEXIBLE
2430016000000|17.0|17.1|9|||54|01/01/2023||THICKNESS_FLEXIBLE
2430016000000|17.1|17.2|9|||54|01/01/2023||THICKNESS_FLEXIBLE
2430016000000|17.2|17.3|9|||54|01/01/2023||THICKNESS_FLEXIBLE
2430016000000|17.3|17.4|9|||54|01/01/2023||THICKNESS_FLEXIBLE
2430016000000|17.4|17.5|9|||54|01/01/2023||THICKNESS_FLEXIBLE
2430016000000|17.5|17.6|9|||54|01/01/2023||THICKNESS_FLEXIBLE
2430016000000|17.6|17.7|9|||54|01/01/2023||THICKNESS_FLEXIBLE
2430016000000|17.7|17.8|9|||54|01/01/2023||THICKNESS_FLEXIBLE
2430016000000|17.8|17.9|9|||54|01/01/2023||THICKNESS_FLEXIBLE
2430016000000|17.9|18.0|9|||54|01/01/2023||THICKNESS_FLEXIBLE
2430016000000|18.0|18.1|9|||54|01/01/2023||THICKNESS_FLEXIBLE
2430016000000|18.1|18.2|9|||54|01/01/2023||THICKNESS_FLEXIBLE
2430016000000|18.2|18.3|9|||54|01/01/2023||THICKNESS_FLEXIBLE
2430016000000|18.3|18.4|9|||54|01/01/2023||THICKNESS_FLEXIBLE
2430016000000|18.4|18.5|9|||54|01/01/2023||THICKNESS_FLEXIBLE
2430016000000|18.5|18.6|9|||54|01/01/2023||THICKNESS_FLEXIBLE
2430016000000|18.6|18.7|9|||54|01/01/2023||THICKNESS_FLEXIBLE
2430016000000|18.7|18.8|9|||54|01/01/2023||THICKNESS_FLEXIBLE
2430016000000|18.8|18.9|9|||54|01/01/2023||THICKNESS_FLEXIBLE
2430016000000|18.9|19.0|9|||54|01/01/2023||THICKNESS_FLEXIBLE
2430016000000|19.0|19.1|9|||54|01/01/2023||THICKNESS_FLEXIBLE
2430016000000|19.1|19.2|9|||54|01/01/2023||THICKNESS_FLEXIBLE
2430016000000|19.2|19.3|9|||54|01/01/2023||THICKNESS_FLEXIBLE
2430016000000|19.3|19.4|9|||54|01/01/2023||THICKNESS_FLEXIBLE
2430016000000|19.4|19.5|9|||54|01/01/2023||THICKNESS_FLEXIBLE
2430016000000|19.5|19.56|9|||54|01/01/2023||THICKNESS_FLEXIBLE
2430016000000|19.56|19.6|9|||54|01/01/2023||THICKNESS_FLEXIBLE
2430016000000|19.6|19.7|9|||54|01/01/2023||THICKNESS_FLEXIBLE
2430016000000|19.7|19.8|9|||54|01/01/2023||THICKNESS_FLEXIBLE
2430016000000|19.8|19.9|9|||54|01/01/2023||THICKNESS_FLEXIBLE
2430016000000|19.9|20.0|9|||54|01/01/2023||THICKNESS_FLEXIBLE
2430016000000|20.0|20.1|9|||54|01/01/2023||THICKNESS_FLEXIBLE
2430016000000|20.1|20.156|9|||54|01/01/2023||THICKNESS_FLEXIBLE
2430016000000|20.156|20.2|9|||54|01/01/2023||THICKNESS_FLEXIBLE
2430016000000|20.2|20.3|9|||54|01/01/2023||THICKNESS_FLEXIBLE
2430016000000|20.3|20.4|9|||54|01/01/2023||THICKNESS_FLEXIBLE
2430016000000|20.4|20.5|9|||54|01/01/2023||THICKNESS_FLEXIBLE
2430016000000|20.5|20.6|9|||54|01/01/2023||THICKNESS_FLEXIBLE
2430016000000|20.6|20.7|9|||54|01/01/2023||THICKNESS_FLEXIBLE
2430016000000|20.7|20.79|9|||54|01/01/2023||THICKNESS_FLEXIBLE
2430016000000|20.79|20.8|9|||54|01/01/2023||THICKNESS_FLEXIBLE
2430016000000|20.8|20.9|9|||54|01/01/2023||THICKNESS_FLEXIBLE
2430016000000|20.9|21.0|9|||54|01/01/2023||THICKNESS_FLEXIBLE
2430016000000|21.0|21.1|9|||54|01/01/2023||THICKNESS_FLEXIBLE
2430016000000|21.1|21.2|9|||54|01/01/2023||THICKNESS_FLEXIBLE
2430016000000|21.2|21.3|9|||54|01/01/2023||THICKNESS_FLEXIBLE
2430016000000|21.3|21.4|9|||54|01/01/2023||THICKNESS_FLEXIBLE
2430016000000|21.4|21.5|9|||54|01/01/2023||THICKNESS_FLEXIBLE
2430016000000|21.5|21.6|9|||54|01/01/2023||THICKNESS_FLEXIBLE
2430016000000|21.6|21.7|9|||54|01/01/2023||THICKNESS_FLEXIBLE
2430016000000|21.7|21.8|9|||54|01/01/2023||THICKNESS_FLEXIBLE
2430016000000|21.8|21.9|9|||54|01/01/2023||THICKNESS_FLEXIBLE
2430016000000|21.9|22.0|9|||54|01/01/2023||THICKNESS_FLEXIBLE
2430016000000|22.0|22.05|9|||54|01/01/2023||THICKNESS_FLEXIBLE
2430016000000|22.05|22.1|9|||54|01/01/2023||THICKNESS_FLEXIBLE
2430016000000|22.1|22.2|9|||54|01/01/2023||THICKNESS_FLEXIBLE
2430016000000|22.2|22.3|9|||54|01/01/2023||THICKNESS_FLEXIBLE
2430016000000|22.3|22.4|9|||54|01/01/2023||THICKNESS_FLEXIBLE
2430016000000|22.4|22.5|9|||54|01/01/2023||THICKNESS_FLEXIBLE
2430016000000|22.5|22.6|9|||54|01/01/2023||THICKNESS_FLEXIBLE
2430016000000|22.6|22.7|9|||54|01/01/2023||THICKNESS_FLEXIBLE
2430016000000|22.7|22.8|9|||54|01/01/2023||THICKNESS_FLEXIBLE
2430016000000|22.8|22.9|9|||54|01/01/2023||THICKNESS_FLEXIBLE
2430016000000|22.9|23.0|9|||54|01/01/2023||THICKNESS_FLEXIBLE
2430016000000|23.0|23.1|9|||54|01/01/2023||THICKNESS_FLEXIBLE
2430016000000|23.1|23.2|9|||54|01/01/2023||THICKNESS_FLEXIBLE
2430016000000|23.2|23.3|9|||54|01/01/2023||THICKNESS_FLEXIBLE
2430016000000|23.3|23.4|9|||54|01/01/2023||THICKNESS_FLEXIBLE
2430016000000|23.4|23.5|9|||54|01/01/2023||THICKNESS_FLEXIBLE
2430016000000|23.5|23.6|9|||54|01/01/2023||THICKNESS_FLEXIBLE
2430016000000|23.6|23.7|9|||54|01/01/2023||THICKNESS_FLEXIBLE
2430016000000|23.7|23.76|9|||54|01/01/2023||THICKNESS_FLEXIBLE
2430016000000|23.76|23.8|9|||54|01/01/2023||THICKNESS_FLEXIBLE
2430016000000|23.8|23.9|9|||54|01/01/2023||THICKNESS_FLEXIBLE
2430016000000|23.9|24.0|9|||54|01/01/2023||THICKNESS_FLEXIBLE
2430016000000|24.0|24.1|9|||54|01/01/2023||THICKNESS_FLEXIBLE
2430016000000|24.1|24.2|9|||54|01/01/2023||THICKNESS_FLEXIBLE
2430016000000|24.2|24.3|9|||54|01/01/2023||THICKNESS_FLEXIBLE
2430016000000|24.3|24.4|9|||54|01/01/2023||THICKNESS_FLEXIBLE
2430016000000|24.4|24.5|9|||54|01/01/2023||THICKNESS_FLEXIBLE
2430016000000|24.5|24.6|9|||54|01/01/2023||THICKNESS_FLEXIBLE
2430016000000|24.6|24.7|9|||54|01/01/2023||THICKNESS_FLEXIBLE
2430016000000|24.7|24.8|9|||54|01/01/2023||THICKNESS_FLEXIBLE
2430016000000|24.8|24.86|9|||54|01/01/2023||THICKNESS_FLEXIBLE
2430016000000|29.19|29.2|9|||54|01/01/2023||THICKNESS_FLEXIBLE
2430016000000|29.2|29.3|9|||54|01/01/2023||THICKNESS_FLEXIBLE
2430016000000|29.3|29.4|9|||54|01/01/2023||THICKNESS_FLEXIBLE
2430016000000|29.4|29.41|9|||54|01/01/2023||THICKNESS_FLEXIBLE
2430016000000|32.7|32.8|9|||54|01/01/2023||THICKNESS_FLEXIBLE
2430016000000|32.8|32.9|9|||54|01/01/2023||THICKNESS_FLEXIBLE
2430016000000|32.9|33.0|9|||54|01/01/2023||THICKNESS_FLEXIBLE
2430016000000|33.0|33.1|9|||54|01/01/2023||THICKNESS_FLEXIBLE
2430016000000|33.1|33.2|9|||54|01/01/2023||THICKNESS_FLEXIBLE
2430016000000|33.2|33.3|9|||54|01/01/2023||THICKNESS_FLEXIBLE
2430016000000|33.3|33.4|9|||54|01/01/2023||THICKNESS_FLEXIBLE
2430016000000|33.4|33.5|9|||54|01/01/2023||THICKNESS_FLEXIBLE
2430016000000|33.5|33.6|9|||54|01/01/2023||THICKNESS_FLEXIBLE
2430016000000|33.6|33.7|9|||54|01/01/2023||THICKNESS_FLEXIBLE
2430016000000|33.7|33.8|9|||54|01/01/2023||THICKNESS_FLEXIBLE
2430016000000|33.8|33.9|9|||54|01/01/2023||THICKNESS_FLEXIBLE
2430016000000|33.9|34.0|9|||54|01/01/2023||THICKNESS_FLEXIBLE
2430016000000|34.0|34.1|9|||54|01/01/2023||THICKNESS_FLEXIBLE
2430016000000|34.1|34.2|9|||54|01/01/2023||THICKNESS_FLEXIBLE
2430016000000|34.2|34.3|9|||54|01/01/2023||THICKNESS_FLEXIBLE
2430016000000|34.3|34.4|9|||54|01/01/2023||THICKNESS_FLEXIBLE
2430016000000|34.4|34.5|9|||54|01/01/2023||THICKNESS_FLEXIBLE
2430016000000|34.5|34.6|9|||54|01/01/2023||THICKNESS_FLEXIBLE
2430016000000|34.6|34.7|9|||54|01/01/2023||THICKNESS_FLEXIBLE
2430016000000|34.7|34.8|9|||54|01/01/2023||THICKNESS_FLEXIBLE
2430016000000|34.8|34.9|9|||54|01/01/2023||THICKNESS_FLEXIBLE
2430016000000|34.9|35.0|9|||54|01/01/2023||THICKNESS_FLEXIBLE
2430016000000|35.0|35.1|9|||54|01/01/2023||THICKNESS_FLEXIBLE
2430016000000|35.1|35.2|9|||54|01/01/2023||THICKNESS_FLEXIBLE
2430016000000|35.2|35.3|9|||54|01/01/2023||THICKNESS_FLEXIBLE
2430016000000|35.3|35.38|9|||54|01/01/2023||THICKNESS_FLEXIBLE
2430083000000|0.0|0.1|9|||54|01/01/2023||THICKNESS_FLEXIBLE
2430083000000|0.1|0.2|9|||54|01/01/2023||THICKNESS_FLEXIBLE
2430083000000|0.2|0.3|9|||54|01/01/2023||THICKNESS_FLEXIBLE
2430083000000|0.3|0.4|9|||54|01/01/2023||THICKNESS_FLEXIBLE
2430083000000|0.4|0.5|9|||54|01/01/2023||THICKNESS_FLEXIBLE
2430083000000|0.5|0.6|9|||54|01/01/2023||THICKNESS_FLEXIBLE
2430083000000|0.6|0.7|9|||54|01/01/2023||THICKNESS_FLEXIBLE
2430083000000|0.7|0.8|9|||54|01/01/2023||THICKNESS_FLEXIBLE
2430083000000|0.8|0.9|9|||54|01/01/2023||THICKNESS_FLEXIBLE
2430083000000|0.9|1.0|9|||54|01/01/2023||THICKNESS_FLEXIBLE
2430083000000|1.0|1.1|9|||54|01/01/2023||THICKNESS_FLEXIBLE
2430083000000|1.1|1.2|9|||54|01/01/2023||THICKNESS_FLEXIBLE
2430083000000|1.2|1.3|9|||54|01/01/2023||THICKNESS_FLEXIBLE
2430083000000|1.3|1.4|9|||54|01/01/2023||THICKNESS_FLEXIBLE
2430083000000|1.4|1.5|9|||54|01/01/2023||THICKNESS_FLEXIBLE
2430083000000|1.5|1.6|9|||54|01/01/2023||THICKNESS_FLEXIBLE
2430083000000|1.6|1.7|9|||54|01/01/2023||THICKNESS_FLEXIBLE
2430083000000|1.7|1.8|9|||54|01/01/2023||THICKNESS_FLEXIBLE
2430083000000|1.8|1.9|9|||54|01/01/2023||THICKNESS_FLEXIBLE
2430083000000|1.9|2.0|9|||54|01/01/2023||THICKNESS_FLEXIBLE
2430083000000|2.0|2.1|9|||54|01/01/2023||THICKNESS_FLEXIBLE
2430083000000|2.1|2.2|9|||54|01/01/2023||THICKNESS_FLEXIBLE
2430083000000|2.2|2.3|9|||54|01/01/2023||THICKNESS_FLEXIBLE
2430083000000|2.3|2.4|9|||54|01/01/2023||THICKNESS_FLEXIBLE
2430083000000|2.4|2.5|9|||54|01/01/2023||THICKNESS_FLEXIBLE
2430083000000|2.5|2.6|9|||54|01/01/2023||THICKNESS_FLEXIBLE
2430083000000|2.6|2.7|9|||54|01/01/2023||THICKNESS_FLEXIBLE
2430083000000|2.7|2.8|9|||54|01/01/2023||THICKNESS_FLEXIBLE
2430083000000|2.8|2.9|9|||54|01/01/2023||THICKNESS_FLEXIBLE
2430083000000|2.9|3.0|9|||54|01/01/2023||THICKNESS_FLEXIBLE
2430083000000|3.0|3.1|9|||54|01/01/2023||THICKNESS_FLEXIBLE
2430083000000|3.1|3.2|9|||54|01/01/2023||THICKNESS_FLEXIBLE
2430083000000|3.2|3.3|9|||54|01/01/2023||THICKNESS_FLEXIBLE
2430083000000|3.3|3.4|9|||54|01/01/2023||THICKNESS_FLEXIBLE
2430083000000|3.4|3.5|9|||54|01/01/2023||THICKNESS_FLEXIBLE
2430083000000|3.5|3.6|9|||54|01/01/2023||THICKNESS_FLEXIBLE
2430083000000|3.6|3.7|9|||54|01/01/2023||THICKNESS_FLEXIBLE
2430083000000|3.7|3.8|9|||54|01/01/2023||THICKNESS_FLEXIBLE
2430083000000|3.8|3.9|9|||54|01/01/2023||THICKNESS_FLEXIBLE
2430083000000|3.9|4.0|9|||54|01/01/2023||THICKNESS_FLEXIBLE
2430083000000|4.0|4.1|9|||54|01/01/2023||THICKNESS_FLEXIBLE
2430083000000|4.1|4.2|9|||54|01/01/2023||THICKNESS_FLEXIBLE
2430083000000|4.2|4.3|9|||54|01/01/2023||THICKNESS_FLEXIBLE
2430083000000|4.3|4.4|9|||54|01/01/2023||THICKNESS_FLEXIBLE
2430083000000|4.4|4.5|9|||54|01/01/2023||THICKNESS_FLEXIBLE
2430083000000|4.5|4.6|9|||54|01/01/2023||THICKNESS_FLEXIBLE
2430083000000|4.6|4.7|9|||54|01/01/2023||THICKNESS_FLEXIBLE
2430083000000|4.7|4.8|9|||54|01/01/2023||THICKNESS_FLEXIBLE
2430083000000|4.8|4.9|9|||54|01/01/2023||THICKNESS_FLEXIBLE
2430083000000|4.9|5.0|9|||54|01/01/2023||THICKNESS_FLEXIBLE
2430083000000|5.0|5.1|9|||54|01/01/2023||THICKNESS_FLEXIBLE
2430083000000|5.1|5.2|9|||54|01/01/2023||THICKNESS_FLEXIBLE
2430083000000|5.2|5.3|9|||54|01/01/2023||THICKNESS_FLEXIBLE
2430083000000|5.3|5.4|9|||54|01/01/2023||THICKNESS_FLEXIBLE
2430083000000|5.4|5.5|9|||54|01/01/2023||THICKNESS_FLEXIBLE
2430083000000|5.5|5.6|9|||54|01/01/2023||THICKNESS_FLEXIBLE
2430083000000|5.6|5.7|9|||54|01/01/2023||THICKNESS_FLEXIBLE
2430083000000|5.7|5.8|9|||54|01/01/2023||THICKNESS_FLEXIBLE
2430083000000|5.8|5.9|9|||54|01/01/2023||THICKNESS_FLEXIBLE
2430083000000|5.9|6.0|9|||54|01/01/2023||THICKNESS_FLEXIBLE
2430083000000|6.0|6.1|9|||54|01/01/2023||THICKNESS_FLEXIBLE
2430083000000|6.1|6.2|9|||54|01/01/2023||THICKNESS_FLEXIBLE
2430083000000|6.2|6.3|9|||54|01/01/2023||THICKNESS_FLEXIBLE
2430083000000|6.3|6.4|9|||54|01/01/2023||THICKNESS_FLEXIBLE
2430083000000|6.4|6.42|9|||54|01/01/2023||THICKNESS_FLEXIBLE
2430083000000|6.42|6.5|9|||54|01/01/2023||THICKNESS_FLEXIBLE
2430083000000|6.5|6.6|9|||54|01/01/2023||THICKNESS_FLEXIBLE
2430083000000|6.6|6.7|9|||54|01/01/2023||THICKNESS_FLEXIBLE
2430083000000|6.7|6.8|9|||54|01/01/2023||THICKNESS_FLEXIBLE
2430083000000|6.8|6.9|9|||54|01/01/2023||THICKNESS_FLEXIBLE
2430083000000|6.9|7.0|9|||54|01/01/2023||THICKNESS_FLEXIBLE
2430083000000|7.0|7.1|9|||54|01/01/2023||THICKNESS_FLEXIBLE
2430083000000|7.1|7.2|9|||54|01/01/2023||THICKNESS_FLEXIBLE
2430083000000|7.2|7.3|9|||54|01/01/2023||THICKNESS_FLEXIBLE
2430083000000|7.3|7.4|9|||54|01/01/2023||THICKNESS_FLEXIBLE
2430083000000|7.4|7.46|9|||54|01/01/2023||THICKNESS_FLEXIBLE
2430083000000|7.94|8.0|9|||54|01/01/2023||THICKNESS_FLEXIBLE
2430083000000|8.0|8.06|9|||54|01/01/2023||THICKNESS_FLEXIBLE
2430083000000|14.092|14.1|9|||54|01/01/2023||THICKNESS_FLEXIBLE
2430083000000|14.1|14.2|9|||54|01/01/2023||THICKNESS_FLEXIBLE
2430083000000|14.2|14.3|9|||54|01/01/2023||THICKNESS_FLEXIBLE
2430083000000|14.3|14.4|9|||54|01/01/2023||THICKNESS_FLEXIBLE
2430083000000|14.4|14.5|9|||54|01/01/2023||THICKNESS_FLEXIBLE
2430083000000|14.5|14.6|9|||54|01/01/2023||THICKNESS_FLEXIBLE
2430083000000|14.6|14.7|9|||54|01/01/2023||THICKNESS_FLEXIBLE
2430083000000|14.7|14.8|9|||54|01/01/2023||THICKNESS_FLEXIBLE
2430083000000|14.8|14.9|9|||54|01/01/2023||THICKNESS_FLEXIBLE
2430083000000|14.9|15.0|9|||54|01/01/2023||THICKNESS_FLEXIBLE
2430083000000|15.0|15.1|9|||54|01/01/2023||THICKNESS_FLEXIBLE
2430083000000|15.1|15.2|9|||54|01/01/2023||THICKNESS_FLEXIBLE
2430083000000|15.2|15.3|9|||54|01/01/2023||THICKNESS_FLEXIBLE
2430083000000|15.3|15.4|9|||54|01/01/2023||THICKNESS_FLEXIBLE
2430083000000|15.4|15.5|9|||54|01/01/2023||THICKNESS_FLEXIBLE
2430083000000|15.5|15.6|9|||54|01/01/2023||THICKNESS_FLEXIBLE
2430083000000|15.6|15.7|9|||54|01/01/2023||THICKNESS_FLEXIBLE
2430083000000|15.7|15.8|9|||54|01/01/2023||THICKNESS_FLEXIBLE
2430083000000|15.8|15.9|9|||54|01/01/2023||THICKNESS_FLEXIBLE
2430083000000|15.9|16.0|9|||54|01/01/2023||THICKNESS_FLEXIBLE
2430083000000|16.0|16.1|9|||54|01/01/2023||THICKNESS_FLEXIBLE
2430083000000|16.1|16.2|9|||54|01/01/2023||THICKNESS_FLEXIBLE
2430083000000|16.2|16.3|9|||54|01/01/2023||THICKNESS_FLEXIBLE
2430083000000|16.3|16.4|9|||54|01/01/2023||THICKNESS_FLEXIBLE
2430083000000|16.4|16.5|9|||54|01/01/2023||THICKNESS_FLEXIBLE
2430083000000|16.5|16.6|9|||54|01/01/2023||THICKNESS_FLEXIBLE
2430083000000|16.6|16.7|9|||54|01/01/2023||THICKNESS_FLEXIBLE
2430083000000|16.7|16.8|9|||54|01/01/2023||THICKNESS_FLEXIBLE
2430083000000|16.8|16.9|9|||54|01/01/2023||THICKNESS_FLEXIBLE
2430083000000|16.9|17.0|9|||54|01/01/2023||THICKNESS_FLEXIBLE
2430083000000|17.0|17.1|9|||54|01/01/2023||THICKNESS_FLEXIBLE
2430083000000|17.1|17.2|9|||54|01/01/2023||THICKNESS_FLEXIBLE
2430083000000|17.2|17.3|9|||54|01/01/2023||THICKNESS_FLEXIBLE
2430083000000|17.3|17.4|9|||54|01/01/2023||THICKNESS_FLEXIBLE
2430083000000|17.4|17.5|9|||54|01/01/2023||THICKNESS_FLEXIBLE
2430083000000|17.5|17.6|9|||54|01/01/2023||THICKNESS_FLEXIBLE
2430083000000|17.6|17.7|9|||54|01/01/2023||THICKNESS_FLEXIBLE
2430083000000|17.7|17.8|9|||54|01/01/2023||THICKNESS_FLEXIBLE
2430083000000|17.8|17.9|9|||54|01/01/2023||THICKNESS_FLEXIBLE
2430083000000|17.9|18.0|9|||54|01/01/2023||THICKNESS_FLEXIBLE
2430083000000|18.0|18.01|9|||54|01/01/2023||THICKNESS_FLEXIBLE
2440009000000|7.87|9.2|6|||54|01/01/2023||THICKNESS_FLEXIBLE
28200190000NB|2.88|2.9|9|||54|01/01/2023||THICKNESS_FLEXIBLE
28200190000NB|2.9|3.0|9|||54|01/01/2023||THICKNESS_FLEXIBLE
28200190000NB|3.0|3.1|9|||54|01/01/2023||THICKNESS_FLEXIBLE
28200190000NB|3.1|3.2|9|||54|01/01/2023||THICKNESS_FLEXIBLE
28200190000NB|3.2|3.3|9|||54|01/01/2023||THICKNESS_FLEXIBLE
28200190000NB|3.3|3.4|9|||54|01/01/2023||THICKNESS_FLEXIBLE
28200190000NB|3.4|3.5|9|||54|01/01/2023||THICKNESS_FLEXIBLE
28200190000NB|3.5|3.6|9|||54|01/01/2023||THICKNESS_FLEXIBLE
28200190000NB|3.6|3.7|9|||54|01/01/2023||THICKNESS_FLEXIBLE
28200190000NB|3.7|3.8|9|||54|01/01/2023||THICKNESS_FLEXIBLE
28200190000NB|3.8|3.87|9|||54|01/01/2023||THICKNESS_FLEXIBLE
28200190000NB|5.34|5.4|9|||54|01/01/2023||THICKNESS_FLEXIBLE
28200190000NB|5.4|5.5|9|||54|01/01/2023||THICKNESS_FLEXIBLE
28200190000NB|5.5|5.6|9|||54|01/01/2023||THICKNESS_FLEXIBLE
28200190000NB|5.6|5.7|9|||54|01/01/2023||THICKNESS_FLEXIBLE
28200190000NB|5.7|5.8|9|||54|01/01/2023||THICKNESS_FLEXIBLE
28200190000NB|5.8|5.9|9|||54|01/01/2023||THICKNESS_FLEXIBLE
28200190000NB|5.9|6.0|9|||54|01/01/2023||THICKNESS_FLEXIBLE
28200190000NB|6.0|6.01|9|||54|01/01/2023||THICKNESS_FLEXIBLE
28200190000NB|6.01|6.1|9|||54|01/01/2023||THICKNESS_FLEXIBLE
28200190000NB|6.1|6.2|9|||54|01/01/2023||THICKNESS_FLEXIBLE
28200190000NB|6.2|6.3|9|||54|01/01/2023||THICKNESS_FLEXIBLE
28200190000NB|6.3|6.4|9|||54|01/01/2023||THICKNESS_FLEXIBLE
28200190000NB|6.4|6.5|9|||54|01/01/2023||THICKNESS_FLEXIBLE
28200190000NB|6.5|6.6|9|||54|01/01/2023||THICKNESS_FLEXIBLE
28200190000NB|6.6|6.7|9|||54|01/01/2023||THICKNESS_FLEXIBLE
28200190000NB|6.7|6.8|9|||54|01/01/2023||THICKNESS_FLEXIBLE
28200190000NB|6.8|6.9|9|||54|01/01/2023||THICKNESS_FLEXIBLE
28200190000NB|6.9|7.0|9|||54|01/01/2023||THICKNESS_FLEXIBLE
28200190000NB|7.0|7.1|9|||54|01/01/2023||THICKNESS_FLEXIBLE
28200190000NB|7.1|7.2|9|||54|01/01/2023||THICKNESS_FLEXIBLE
28200190000NB|7.2|7.3|9|||54|01/01/2023||THICKNESS_FLEXIBLE
28200190000NB|7.3|7.4|9|||54|01/01/2023||THICKNESS_FLEXIBLE
28200190000NB|7.4|7.44|9|||54|01/01/2023||THICKNESS_FLEXIBLE
28200190000NB|10.69|10.7|9|||54|01/01/2023||THICKNESS_FLEXIBLE
28200190000NB|10.7|10.8|9|||54|01/01/2023||THICKNESS_FLEXIBLE
28200190000NB|10.8|10.9|9|||54|01/01/2023||THICKNESS_FLEXIBLE
28200190000NB|10.9|11.0|9|||54|01/01/2023||THICKNESS_FLEXIBLE
28200190000NB|11.0|11.1|9|||54|01/01/2023||THICKNESS_FLEXIBLE
28200190000NB|11.1|11.2|9|||54|01/01/2023||THICKNESS_FLEXIBLE
28200190000NB|11.2|11.3|9|||54|01/01/2023||THICKNESS_FLEXIBLE
28200190000NB|11.3|11.4|9|||54|01/01/2023||THICKNESS_FLEXIBLE
28200190000NB|11.4|11.5|9|||54|01/01/2023||THICKNESS_FLEXIBLE
28200190000NB|11.5|11.6|9|||54|01/01/2023||THICKNESS_FLEXIBLE
28200190000NB|11.6|11.63|9|||54|01/01/2023||THICKNESS_FLEXIBLE
28200520000EB|0.0|0.1|9|||54|01/01/2023||THICKNESS_FLEXIBLE
28200520000EB|0.1|0.2|9|||54|01/01/2023||THICKNESS_FLEXIBLE
28200520000EB|0.2|0.3|9|||54|01/01/2023||THICKNESS_FLEXIBLE
28200520000EB|0.3|0.4|9|||54|01/01/2023||THICKNESS_FLEXIBLE
28200520000EB|0.4|0.5|9|||54|01/01/2023||THICKNESS_FLEXIBLE
28200520000EB|0.5|0.58|9|||54|01/01/2023||THICKNESS_FLEXIBLE
28200520000EB|4.12|4.2|9|||54|01/01/2023||THICKNESS_FLEXIBLE
28200520000EB|4.2|4.3|9|||54|01/01/2023||THICKNESS_FLEXIBLE
28200520000EB|4.3|4.4|9|||54|01/01/2023||THICKNESS_FLEXIBLE
28200520000EB|4.4|4.5|9|||54|01/01/2023||THICKNESS_FLEXIBLE
28200520000EB|4.5|4.6|9|||54|01/01/2023||THICKNESS_FLEXIBLE
28200520000EB|4.6|4.7|9|||54|01/01/2023||THICKNESS_FLEXIBLE
28200520000EB|4.7|4.8|9|||54|01/01/2023||THICKNESS_FLEXIBLE
28200520000EB|4.8|4.9|9|||54|01/01/2023||THICKNESS_FLEXIBLE
28200520000EB|4.9|5.0|9|||54|01/01/2023||THICKNESS_FLEXIBLE
28200520000EB|5.0|5.1|9|||54|01/01/2023||THICKNESS_FLEXIBLE
28200520000EB|5.1|5.2|9|||54|01/01/2023||THICKNESS_FLEXIBLE
28200520000EB|6.96|7.0|9|||54|01/01/2023||THICKNESS_FLEXIBLE
28200520000EB|7.0|7.1|9|||54|01/01/2023||THICKNESS_FLEXIBLE
28200520000EB|7.1|7.2|9|||54|01/01/2023||THICKNESS_FLEXIBLE
28200520000EB|7.2|7.3|9|||54|01/01/2023||THICKNESS_FLEXIBLE
28200520000EB|7.3|7.4|9|||54|01/01/2023||THICKNESS_FLEXIBLE
28200520000EB|7.4|7.5|9|||54|01/01/2023||THICKNESS_FLEXIBLE
28200520000EB|7.5|7.6|9|||54|01/01/2023||THICKNESS_FLEXIBLE
28200520000EB|7.6|7.7|9|||54|01/01/2023||THICKNESS_FLEXIBLE
28200520000EB|7.7|7.76|9|||54|01/01/2023||THICKNESS_FLEXIBLE
28200520000EB|12.97|13.0|9|||54|01/01/2023||THICKNESS_FLEXIBLE
28200520000EB|13.0|13.1|9|||54|01/01/2023||THICKNESS_FLEXIBLE
28200520000EB|13.1|13.2|9|||54|01/01/2023||THICKNESS_FLEXIBLE
28200520000EB|13.2|13.3|9|||54|01/01/2023||THICKNESS_FLEXIBLE
28200520000EB|13.3|13.39|9|||54|01/01/2023||THICKNESS_FLEXIBLE
28200520000EB|13.44|13.5|9|||54|01/01/2023||THICKNESS_FLEXIBLE
28200520000EB|13.5|13.6|9|||54|01/01/2023||THICKNESS_FLEXIBLE
28200520000EB|13.6|13.67|9|||54|01/01/2023||THICKNESS_FLEXIBLE
28200520000EB|14.91|15.0|9|||54|01/01/2023||THICKNESS_FLEXIBLE
28200520000EB|15.0|15.1|9|||54|01/01/2023||THICKNESS_FLEXIBLE
28200520000EB|15.1|15.2|9|||54|01/01/2023||THICKNESS_FLEXIBLE
28200520000EB|15.2|15.3|9|||54|01/01/2023||THICKNESS_FLEXIBLE
28200520000EB|15.3|15.37|9|||54|01/01/2023||THICKNESS_FLEXIBLE
28200520004NB|0.0|0.1|9|||54|01/01/2023||THICKNESS_FLEXIBLE
28200520004NB|0.1|0.2|9|||54|01/01/2023||THICKNESS_FLEXIBLE
28200520004NB|0.2|0.22|9|||54|01/01/2023||THICKNESS_FLEXIBLE
28200520018EB|0.0|0.02|9|||54|01/01/2023||THICKNESS_FLEXIBLE
28204600000EB|0.029|0.1|9|||54|01/01/2023||THICKNESS_FLEXIBLE
28204600000EB|0.1|0.2|9|||54|01/01/2023||THICKNESS_FLEXIBLE
28204600000EB|0.2|0.3|9|||54|01/01/2023||THICKNESS_FLEXIBLE
28204600000EB|0.3|0.4|9|||54|01/01/2023||THICKNESS_FLEXIBLE
28204600000EB|0.4|0.5|9|||54|01/01/2023||THICKNESS_FLEXIBLE
28204600000EB|0.5|0.6|9|||54|01/01/2023||THICKNESS_FLEXIBLE
28204600000EB|0.6|0.7|9|||54|01/01/2023||THICKNESS_FLEXIBLE
28204600000EB|0.7|0.8|9|||54|01/01/2023||THICKNESS_FLEXIBLE
28204600000EB|0.8|0.9|9|||54|01/01/2023||THICKNESS_FLEXIBLE
28204600000EB|0.9|1.0|9|||54|01/01/2023||THICKNESS_FLEXIBLE
28204600000EB|1.0|1.06|9|||54|01/01/2023||THICKNESS_FLEXIBLE
28204600000EB|1.33|1.4|9|||54|01/01/2023||THICKNESS_FLEXIBLE
28204600000EB|1.4|1.5|9|||54|01/01/2023||THICKNESS_FLEXIBLE
28204600000EB|1.5|1.6|9|||54|01/01/2023||THICKNESS_FLEXIBLE
28204600000EB|1.6|1.7|9|||54|01/01/2023||THICKNESS_FLEXIBLE
28204600000EB|1.7|1.8|9|||54|01/01/2023||THICKNESS_FLEXIBLE
28204600000EB|1.8|1.9|9|||54|01/01/2023||THICKNESS_FLEXIBLE
28204600000EB|1.9|2.0|9|||54|01/01/2023||THICKNESS_FLEXIBLE
28204600000EB|2.0|2.1|9|||54|01/01/2023||THICKNESS_FLEXIBLE
28204600000EB|2.1|2.2|9|||54|01/01/2023||THICKNESS_FLEXIBLE
28204600000EB|2.2|2.3|9|||54|01/01/2023||THICKNESS_FLEXIBLE
28204600000EB|2.3|2.4|9|||54|01/01/2023||THICKNESS_FLEXIBLE
28204600000EB|2.4|2.5|9|||54|01/01/2023||THICKNESS_FLEXIBLE
28204600000EB|2.5|2.6|9|||54|01/01/2023||THICKNESS_FLEXIBLE
28204600000EB|2.6|2.7|9|||54|01/01/2023||THICKNESS_FLEXIBLE
28204600000EB|2.7|2.8|9|||54|01/01/2023||THICKNESS_FLEXIBLE
28204600000EB|2.8|2.9|9|||54|01/01/2023||THICKNESS_FLEXIBLE
28204600000EB|2.9|3.0|9|||54|01/01/2023||THICKNESS_FLEXIBLE
28204600000EB|3.0|3.09|9|||54|01/01/2023||THICKNESS_FLEXIBLE
28204600000EB|4.29|4.3|9|||54|01/01/2023||THICKNESS_FLEXIBLE
28204600000EB|4.3|4.4|9|||54|01/01/2023||THICKNESS_FLEXIBLE
28204600000EB|4.4|4.5|9|||54|01/01/2023||THICKNESS_FLEXIBLE
28204600000EB|4.5|4.6|9|||54|01/01/2023||THICKNESS_FLEXIBLE
28204600000EB|4.6|4.7|9|||54|01/01/2023||THICKNESS_FLEXIBLE
28204600000EB|4.7|4.8|9|||54|01/01/2023||THICKNESS_FLEXIBLE
28204600000EB|4.8|4.9|9|||54|01/01/2023||THICKNESS_FLEXIBLE
28204600000EB|4.9|5.0|9|||54|01/01/2023||THICKNESS_FLEXIBLE
28204600000EB|5.0|5.1|9|||54|01/01/2023||THICKNESS_FLEXIBLE
28204600000EB|5.1|5.2|9|||54|01/01/2023||THICKNESS_FLEXIBLE
28204600000EB|5.2|5.3|9|||54|01/01/2023||THICKNESS_FLEXIBLE
28204600000EB|5.3|5.38|9|||54|01/01/2023||THICKNESS_FLEXIBLE
28204600000EB|13.48|13.5|9|||54|01/01/2023||THICKNESS_FLEXIBLE
28204600000EB|13.5|13.6|9|||54|01/01/2023||THICKNESS_FLEXIBLE
28204600000EB|13.6|13.7|9|||54|01/01/2023||THICKNESS_FLEXIBLE
28204600000EB|13.7|13.8|9|||54|01/01/2023||THICKNESS_FLEXIBLE
28204600000EB|13.8|13.9|9|||54|01/01/2023||THICKNESS_FLEXIBLE
28204600000EB|13.9|14.0|9|||54|01/01/2023||THICKNESS_FLEXIBLE
28204600000EB|14.0|14.1|9|||54|01/01/2023||THICKNESS_FLEXIBLE
28204600000EB|14.1|14.2|9|||54|01/01/2023||THICKNESS_FLEXIBLE
28204600000EB|14.2|14.3|9|||54|01/01/2023||THICKNESS_FLEXIBLE
28204600000EB|14.3|14.4|9|||54|01/01/2023||THICKNESS_FLEXIBLE
28204600000EB|14.4|14.5|9|||54|01/01/2023||THICKNESS_FLEXIBLE
28204600000EB|14.5|14.6|9|||54|01/01/2023||THICKNESS_FLEXIBLE
28204600000EB|14.6|14.7|9|||54|01/01/2023||THICKNESS_FLEXIBLE
28204600000EB|14.7|14.72|9|||54|01/01/2023||THICKNESS_FLEXIBLE
28204600000EB|14.72|14.8|9|||54|01/01/2023||THICKNESS_FLEXIBLE
28204600000EB|14.8|14.9|9|||54|01/01/2023||THICKNESS_FLEXIBLE
28204600000EB|14.9|15.0|9|||54|01/01/2023||THICKNESS_FLEXIBLE
28204600000EB|15.0|15.1|9|||54|01/01/2023||THICKNESS_FLEXIBLE
28204600000EB|15.1|15.15|9|||54|01/01/2023||THICKNESS_FLEXIBLE
2830020000000|4.23|5.2|9|||54|01/01/2023||THICKNESS_FLEXIBLE
2830020000000|10.32|11.4|9|||54|01/01/2023||THICKNESS_FLEXIBLE
2830020000000|12.05|12.78|9|||54|01/01/2023||THICKNESS_FLEXIBLE
2830104000000|1.65|1.93|9|||54|01/01/2023||THICKNESS_FLEXIBLE
2830104000000|1.93|1.95|9|||54|01/01/2023||THICKNESS_FLEXIBLE
2830104000000|1.95|2.65|9|||54|01/01/2023||THICKNESS_FLEXIBLE
2830598000000|0.0|0.1|9|||54|01/01/2023||THICKNESS_FLEXIBLE
2830598000000|0.1|0.2|9|||54|01/01/2023||THICKNESS_FLEXIBLE
2830598000000|0.2|0.3|9|||54|01/01/2023||THICKNESS_FLEXIBLE
2830598000000|0.3|0.4|9|||54|01/01/2023||THICKNESS_FLEXIBLE
2830598000000|0.4|0.5|9|||54|01/01/2023||THICKNESS_FLEXIBLE
2830598000000|0.5|0.6|9|||54|01/01/2023||THICKNESS_FLEXIBLE
2830598000000|0.6|0.7|9|||54|01/01/2023||THICKNESS_FLEXIBLE
2830598000000|0.7|0.8|9|||54|01/01/2023||THICKNESS_FLEXIBLE
2830598000000|0.8|0.9|9|||54|01/01/2023||THICKNESS_FLEXIBLE
2830598000000|0.9|1.0|9|||54|01/01/2023||THICKNESS_FLEXIBLE
2830598000000|1.0|1.1|9|||54|01/01/2023||THICKNESS_FLEXIBLE
2830598000000|1.1|1.2|9|||54|01/01/2023||THICKNESS_FLEXIBLE
2830598000000|1.2|1.3|9|||54|01/01/2023||THICKNESS_FLEXIBLE
2830598000000|1.3|1.4|9|||54|01/01/2023||THICKNESS_FLEXIBLE
2830598000000|1.4|1.5|9|||54|01/01/2023||THICKNESS_FLEXIBLE
2830598000000|1.5|1.6|9|||54|01/01/2023||THICKNESS_FLEXIBLE
2830598000000|1.6|1.7|9|||54|01/01/2023||THICKNESS_FLEXIBLE
2830598000000|1.7|1.8|9|||54|01/01/2023||THICKNESS_FLEXIBLE
2830598000000|1.8|1.9|9|||54|01/01/2023||THICKNESS_FLEXIBLE
2830598000000|1.9|2.0|9|||54|01/01/2023||THICKNESS_FLEXIBLE
2830598000000|2.0|2.1|9|||54|01/01/2023||THICKNESS_FLEXIBLE
2830598000000|2.1|2.13|9|||54|01/01/2023||THICKNESS_FLEXIBLE
2830598000000|2.4|2.5|9|||54|01/01/2023||THICKNESS_FLEXIBLE
2830598000000|2.5|2.59|9|||54|01/01/2023||THICKNESS_FLEXIBLE
2830598000000|2.59|2.6|9|||54|01/01/2023||THICKNESS_FLEXIBLE
2830598000000|2.6|2.7|9|||54|01/01/2023||THICKNESS_FLEXIBLE
2830598000000|2.7|2.8|9|||54|01/01/2023||THICKNESS_FLEXIBLE
2830598000000|2.8|2.9|9|||54|01/01/2023||THICKNESS_FLEXIBLE
2830598000000|2.9|2.98|9|||54|01/01/2023||THICKNESS_FLEXIBLE
2840007050000|0.0|0.324|6|||54|01/01/2023||THICKNESS_FLEXIBLE
2840007050000|0.343|1.11|6|||54|01/01/2023||THICKNESS_FLEXIBLE
2840007050000|1.11|1.83|6|||54|01/01/2023||THICKNESS_FLEXIBLE
2840007050000|1.836|2.1|6|||54|01/01/2023||THICKNESS_FLEXIBLE
2840011000000|0.08|0.58|6|||54|01/01/2023||THICKNESS_FLEXIBLE
2840014000000|0.0|0.63|6|||54|01/01/2023||THICKNESS_FLEXIBLE
2840016000000|1.7|2.5|6|||54|01/01/2023||THICKNESS_FLEXIBLE
2840016000000|2.5|2.614|6|||54|01/01/2023||THICKNESS_FLEXIBLE
2840016010000|0.59|0.74|6|||54|01/01/2023||THICKNESS_FLEXIBLE
2840016100000|0.0|0.66|6|||54|01/01/2023||THICKNESS_FLEXIBLE
2840019290000|2.54|3.32|6|||54|01/01/2023||THICKNESS_FLEXIBLE
2840021010000|0.0|0.89|6|||54|01/01/2023||THICKNESS_FLEXIBLE
2840024000000|0.0|0.3|6|||54|01/01/2023||THICKNESS_FLEXIBLE
2840024000000|0.3|2.789|6|||54|01/01/2023||THICKNESS_FLEXIBLE
2840025000000|0.0|0.57|6|||54|01/01/2023||THICKNESS_FLEXIBLE
2840025000000|0.57|1.53|6|||54|01/01/2023||THICKNESS_FLEXIBLE
2840027000000|0.0|1.57|6|||54|01/01/2023||THICKNESS_FLEXIBLE
2840027000000|2.12|2.59|6|||54|01/01/2023||THICKNESS_FLEXIBLE
2840052200000|0.001|0.82|9|||54|01/01/2023||THICKNESS_FLEXIBLE
41200190000NB|0.0|0.1|9|||54|01/01/2023||THICKNESS_FLEXIBLE
41200190000NB|0.1|0.2|9|||54|01/01/2023||THICKNESS_FLEXIBLE
41200190000NB|0.2|0.3|9|||54|01/01/2023||THICKNESS_FLEXIBLE
41200190000NB|0.3|0.4|9|||54|01/01/2023||THICKNESS_FLEXIBLE
41200190000NB|0.4|0.5|9|||54|01/01/2023||THICKNESS_FLEXIBLE
41200190000NB|0.5|0.6|9|||54|01/01/2023||THICKNESS_FLEXIBLE
41200190000NB|0.6|0.7|9|||54|01/01/2023||THICKNESS_FLEXIBLE
41200190000NB|0.7|0.8|9|||54|01/01/2023||THICKNESS_FLEXIBLE
41200190000NB|0.8|0.9|9|||54|01/01/2023||THICKNESS_FLEXIBLE
41200190000NB|0.9|1.0|9|||54|01/01/2023||THICKNESS_FLEXIBLE
41200190000NB|1.0|1.1|9|||54|01/01/2023||THICKNESS_FLEXIBLE
41200190000NB|1.1|1.2|9|||54|01/01/2023||THICKNESS_FLEXIBLE
41200190000NB|1.2|1.3|9|||54|01/01/2023||THICKNESS_FLEXIBLE
41200190000NB|1.3|1.4|9|||54|01/01/2023||THICKNESS_FLEXIBLE
41200190000NB|1.4|1.5|9|||54|01/01/2023||THICKNESS_FLEXIBLE
41200190000NB|1.5|1.6|9|||54|01/01/2023||THICKNESS_FLEXIBLE
41200190000NB|1.6|1.7|9|||54|01/01/2023||THICKNESS_FLEXIBLE
41200190000NB|1.7|1.8|9|||54|01/01/2023||THICKNESS_FLEXIBLE
41200190000NB|1.8|1.9|9|||54|01/01/2023||THICKNESS_FLEXIBLE
41200190000NB|1.9|2.0|9|||54|01/01/2023||THICKNESS_FLEXIBLE
41200190000NB|2.0|2.1|9|||54|01/01/2023||THICKNESS_FLEXIBLE
41200190000NB|2.1|2.17|9|||54|01/01/2023||THICKNESS_FLEXIBLE
41200190000NB|2.17|2.2|9|||54|01/01/2023||THICKNESS_FLEXIBLE
41200190000NB|2.2|2.3|9|||54|01/01/2023||THICKNESS_FLEXIBLE
41200190000NB|2.3|2.4|9|||54|01/01/2023||THICKNESS_FLEXIBLE
41200190000NB|2.4|2.5|9|||54|01/01/2023||THICKNESS_FLEXIBLE
41200190000NB|2.5|2.6|9|||54|01/01/2023||THICKNESS_FLEXIBLE
41200190000NB|2.6|2.7|9|||54|01/01/2023||THICKNESS_FLEXIBLE
41200190000NB|2.7|2.8|9|||54|01/01/2023||THICKNESS_FLEXIBLE
41200190000NB|2.8|2.9|9|||54|01/01/2023||THICKNESS_FLEXIBLE
41200190000NB|2.9|3.0|9|||54|01/01/2023||THICKNESS_FLEXIBLE
41200190000NB|3.0|3.1|9|||54|01/01/2023||THICKNESS_FLEXIBLE
41200190000NB|3.1|3.2|9|||54|01/01/2023||THICKNESS_FLEXIBLE
41200190000NB|3.2|3.3|9|||54|01/01/2023||THICKNESS_FLEXIBLE
41200190000NB|3.3|3.4|9|||54|01/01/2023||THICKNESS_FLEXIBLE
41200190000NB|3.4|3.5|9|||54|01/01/2023||THICKNESS_FLEXIBLE
41200190000NB|3.5|3.6|9|||54|01/01/2023||THICKNESS_FLEXIBLE
41200190000NB|3.6|3.7|9|||54|01/01/2023||THICKNESS_FLEXIBLE
41200190000NB|3.7|3.8|9|||54|01/01/2023||THICKNESS_FLEXIBLE
41200190000NB|3.8|3.9|9|||54|01/01/2023||THICKNESS_FLEXIBLE
41200190000NB|3.9|4.0|9|||54|01/01/2023||THICKNESS_FLEXIBLE
41200190000NB|4.0|4.1|9|||54|01/01/2023||THICKNESS_FLEXIBLE
41200190000NB|4.1|4.2|9|||54|01/01/2023||THICKNESS_FLEXIBLE
41200190000NB|4.2|4.3|9|||54|01/01/2023||THICKNESS_FLEXIBLE
41200190000NB|4.3|4.4|9|||54|01/01/2023||THICKNESS_FLEXIBLE
41200190000NB|4.4|4.5|9|||54|01/01/2023||THICKNESS_FLEXIBLE
41200190000NB|4.5|4.6|9|||54|01/01/2023||THICKNESS_FLEXIBLE
41200190000NB|4.6|4.7|9|||54|01/01/2023||THICKNESS_FLEXIBLE
41200190000NB|4.7|4.8|9|||54|01/01/2023||THICKNESS_FLEXIBLE
41200190000NB|4.8|4.9|9|||54|01/01/2023||THICKNESS_FLEXIBLE
41200190000NB|4.9|5.0|9|||54|01/01/2023||THICKNESS_FLEXIBLE
41200190000NB|5.0|5.1|9|||54|01/01/2023||THICKNESS_FLEXIBLE
41200190000NB|5.1|5.2|9|||54|01/01/2023||THICKNESS_FLEXIBLE
41200190000NB|5.2|5.3|9|||54|01/01/2023||THICKNESS_FLEXIBLE
41200190000NB|5.3|5.4|9|||54|01/01/2023||THICKNESS_FLEXIBLE
41200190000NB|5.4|5.5|9|||54|01/01/2023||THICKNESS_FLEXIBLE
41200190000NB|5.5|5.6|9|||54|01/01/2023||THICKNESS_FLEXIBLE
41200190000NB|5.6|5.7|9|||54|01/01/2023||THICKNESS_FLEXIBLE
41200190000NB|5.7|5.8|9|||54|01/01/2023||THICKNESS_FLEXIBLE
41200190000NB|5.8|5.9|9|||54|01/01/2023||THICKNESS_FLEXIBLE
41200190000NB|5.9|6.0|9|||54|01/01/2023||THICKNESS_FLEXIBLE
41200190000NB|6.0|6.1|9|||54|01/01/2023||THICKNESS_FLEXIBLE
41200190000NB|6.1|6.2|9|||54|01/01/2023||THICKNESS_FLEXIBLE
41200190000NB|6.2|6.3|9|||54|01/01/2023||THICKNESS_FLEXIBLE
41200190000NB|6.3|6.4|9|||54|01/01/2023||THICKNESS_FLEXIBLE
41200190000NB|6.4|6.47|9|||54|01/01/2023||THICKNESS_FLEXIBLE
41200190000NB|16.669|16.7|9|||54|01/01/2023||THICKNESS_FLEXIBLE
41200190000NB|16.7|16.8|9|||54|01/01/2023||THICKNESS_FLEXIBLE
41200190000NB|16.8|16.9|9|||54|01/01/2023||THICKNESS_FLEXIBLE
41200190000NB|16.9|16.925|9|||54|01/01/2023||THICKNESS_FLEXIBLE
41200190000NB|17.18|17.2|9|||54|01/01/2023||THICKNESS_FLEXIBLE
41200190000NB|17.2|17.3|9|||54|01/01/2023||THICKNESS_FLEXIBLE
41200190000NB|17.3|17.4|9|||54|01/01/2023||THICKNESS_FLEXIBLE
41200190000NB|17.4|17.5|9|||54|01/01/2023||THICKNESS_FLEXIBLE
41200190000NB|17.5|17.6|9|||54|01/01/2023||THICKNESS_FLEXIBLE
41200190000NB|17.6|17.7|9|||54|01/01/2023||THICKNESS_FLEXIBLE
41200190000NB|17.7|17.8|9|||54|01/01/2023||THICKNESS_FLEXIBLE
41200190000NB|17.8|17.9|9|||54|01/01/2023||THICKNESS_FLEXIBLE
41200190000NB|17.9|17.95|9|||54|01/01/2023||THICKNESS_FLEXIBLE
41200190000NB|18.31|18.4|9|||54|01/01/2023||THICKNESS_FLEXIBLE
41200190000NB|18.4|18.41|9|||54|01/01/2023||THICKNESS_FLEXIBLE
41200190000NB|18.41|18.5|9|||54|01/01/2023||THICKNESS_FLEXIBLE
41200190000NB|18.5|18.6|9|||54|01/01/2023||THICKNESS_FLEXIBLE
41200190000NB|18.6|18.64|9|||54|01/01/2023||THICKNESS_FLEXIBLE
41200190000NB|18.64|18.7|9|||54|01/01/2023||THICKNESS_FLEXIBLE
41200190000NB|18.7|18.8|9|||54|01/01/2023||THICKNESS_FLEXIBLE
41200190000NB|18.8|18.9|9|||54|01/01/2023||THICKNESS_FLEXIBLE
41200190000NB|18.9|19.0|9|||54|01/01/2023||THICKNESS_FLEXIBLE
41200190000NB|19.0|19.1|9|||54|01/01/2023||THICKNESS_FLEXIBLE
41200190000NB|19.1|19.2|9|||54|01/01/2023||THICKNESS_FLEXIBLE
41200190000NB|19.2|19.3|9|||54|01/01/2023||THICKNESS_FLEXIBLE
41200190000NB|19.3|19.33|9|||54|01/01/2023||THICKNESS_FLEXIBLE
41200190000NB|19.8|19.9|9|||54|01/01/2023||THICKNESS_FLEXIBLE
41200190000NB|19.9|20.0|9|||54|01/01/2023||THICKNESS_FLEXIBLE
41200190000NB|20.0|20.1|9|||54|01/01/2023||THICKNESS_FLEXIBLE
41200190000NB|20.1|20.2|9|||54|01/01/2023||THICKNESS_FLEXIBLE
41200190000NB|20.2|20.3|9|||54|01/01/2023||THICKNESS_FLEXIBLE
41200190000NB|20.3|20.4|9|||54|01/01/2023||THICKNESS_FLEXIBLE
41200190000NB|20.4|20.5|9|||54|01/01/2023||THICKNESS_FLEXIBLE
41200190000NB|20.5|20.6|9|||54|01/01/2023||THICKNESS_FLEXIBLE
41200190000NB|20.6|20.7|9|||54|01/01/2023||THICKNESS_FLEXIBLE
41200190000NB|20.7|20.8|9|||54|01/01/2023||THICKNESS_FLEXIBLE
41200190000NB|20.8|20.9|9|||54|01/01/2023||THICKNESS_FLEXIBLE
41200190000NB|20.9|21.0|9|||54|01/01/2023||THICKNESS_FLEXIBLE
41200190000NB|21.0|21.1|9|||54|01/01/2023||THICKNESS_FLEXIBLE
41200190000NB|21.1|21.2|9|||54|01/01/2023||THICKNESS_FLEXIBLE
41200190000NB|21.2|21.3|9|||54|01/01/2023||THICKNESS_FLEXIBLE
41200190000NB|21.3|21.4|9|||54|01/01/2023||THICKNESS_FLEXIBLE
41200190000NB|21.4|21.5|9|||54|01/01/2023||THICKNESS_FLEXIBLE
41200190000NB|21.5|21.6|9|||54|01/01/2023||THICKNESS_FLEXIBLE
41200190000NB|21.6|21.61|9|||54|01/01/2023||THICKNESS_FLEXIBLE
41200190000NB|23.31|23.4|9|||54|01/01/2023||THICKNESS_FLEXIBLE
41200190000NB|23.4|23.5|9|||54|01/01/2023||THICKNESS_FLEXIBLE
41200190000NB|23.5|23.6|9|||54|01/01/2023||THICKNESS_FLEXIBLE
41200190000NB|23.6|23.7|9|||54|01/01/2023||THICKNESS_FLEXIBLE
41200190000NB|23.7|23.8|9|||54|01/01/2023||THICKNESS_FLEXIBLE
41200190000NB|23.8|23.9|9|||54|01/01/2023||THICKNESS_FLEXIBLE
41200190000NB|23.9|24.0|9|||54|01/01/2023||THICKNESS_FLEXIBLE
41200190000NB|24.0|24.09|9|||54|01/01/2023||THICKNESS_FLEXIBLE
41200190014NB|0.0|0.1|9|||54|01/01/2023||THICKNESS_FLEXIBLE
41200190014NB|0.1|0.2|9|||54|01/01/2023||THICKNESS_FLEXIBLE
41200190014NB|0.2|0.3|9|||54|01/01/2023||THICKNESS_FLEXIBLE
41200190014NB|0.3|0.4|9|||54|01/01/2023||THICKNESS_FLEXIBLE
41200190014NB|0.4|0.5|9|||54|01/01/2023||THICKNESS_FLEXIBLE
41200190014NB|0.5|0.6|9|||54|01/01/2023||THICKNESS_FLEXIBLE
41200190014NB|0.6|0.7|9|||54|01/01/2023||THICKNESS_FLEXIBLE
41200190014NB|0.7|0.8|9|||54|01/01/2023||THICKNESS_FLEXIBLE
41200190014NB|0.8|0.9|9|||54|01/01/2023||THICKNESS_FLEXIBLE
41200190014NB|0.9|1.0|9|||54|01/01/2023||THICKNESS_FLEXIBLE
41200190014NB|1.0|1.1|9|||54|01/01/2023||THICKNESS_FLEXIBLE
41200190014NB|1.1|1.2|9|||54|01/01/2023||THICKNESS_FLEXIBLE
41200190014NB|1.2|1.3|9|||54|01/01/2023||THICKNESS_FLEXIBLE
41200190014NB|1.3|1.4|9|||54|01/01/2023||THICKNESS_FLEXIBLE
41200190014NB|1.4|1.5|9|||54|01/01/2023||THICKNESS_FLEXIBLE
41200190014NB|1.5|1.6|9|||54|01/01/2023||THICKNESS_FLEXIBLE
41200190014NB|1.6|1.7|9|||54|01/01/2023||THICKNESS_FLEXIBLE
41200190014NB|1.7|1.8|9|||54|01/01/2023||THICKNESS_FLEXIBLE
41200190014NB|1.8|1.9|9|||54|01/01/2023||THICKNESS_FLEXIBLE
41200190014NB|1.9|2.0|9|||54|01/01/2023||THICKNESS_FLEXIBLE
41200190014NB|2.0|2.1|9|||54|01/01/2023||THICKNESS_FLEXIBLE
41200190014NB|2.1|2.2|9|||54|01/01/2023||THICKNESS_FLEXIBLE
41200190014NB|2.2|2.3|9|||54|01/01/2023||THICKNESS_FLEXIBLE
41200190014NB|2.3|2.4|9|||54|01/01/2023||THICKNESS_FLEXIBLE
41200190014NB|2.4|2.5|9|||54|01/01/2023||THICKNESS_FLEXIBLE
41200190014NB|2.5|2.6|9|||54|01/01/2023||THICKNESS_FLEXIBLE
41200190014NB|2.6|2.7|9|||54|01/01/2023||THICKNESS_FLEXIBLE
41200190023EB|0.0|0.033|9|||54|01/01/2023||THICKNESS_FLEXIBLE
41200190023EB|0.033|0.034|9|||54|01/01/2023||THICKNESS_FLEXIBLE
41200190023EB|0.034|0.1|9|||54|01/01/2023||THICKNESS_FLEXIBLE
41200190023EB|0.1|0.2|9|||54|01/01/2023||THICKNESS_FLEXIBLE
41200190023EB|0.2|0.3|9|||54|01/01/2023||THICKNESS_FLEXIBLE
41200190023EB|0.3|0.4|9|||54|01/01/2023||THICKNESS_FLEXIBLE
41200190023EB|0.4|0.5|9|||54|01/01/2023||THICKNESS_FLEXIBLE
41200190023EB|0.5|0.6|9|||54|01/01/2023||THICKNESS_FLEXIBLE
41200190023EB|0.6|0.7|9|||54|01/01/2023||THICKNESS_FLEXIBLE
41200190023EB|0.7|0.8|9|||54|01/01/2023||THICKNESS_FLEXIBLE
41200190023EB|0.8|0.9|9|||54|01/01/2023||THICKNESS_FLEXIBLE
41200190023EB|0.9|1.0|9|||54|01/01/2023||THICKNESS_FLEXIBLE
41200190023EB|1.0|1.1|9|||54|01/01/2023||THICKNESS_FLEXIBLE
41200190023EB|1.1|1.2|9|||54|01/01/2023||THICKNESS_FLEXIBLE
41200190023EB|1.2|1.3|9|||54|01/01/2023||THICKNESS_FLEXIBLE
41200190023EB|1.3|1.36|9|||54|01/01/2023||THICKNESS_FLEXIBLE
4130003000000|35.98|36.0|6|||54|01/01/2023||THICKNESS_FLEXIBLE
4130003000000|36.0|36.1|6|||54|01/01/2023||THICKNESS_FLEXIBLE
4130003000000|36.1|36.18|6|||54|01/01/2023||THICKNESS_FLEXIBLE
4130003000000|36.23|36.49|6|||54|01/01/2023||THICKNESS_FLEXIBLE
4130003000000|37.1|37.73|6|||54|01/01/2023||THICKNESS_FLEXIBLE
4130016000000|8.47|9.485|9|||54|01/01/2023||THICKNESS_FLEXIBLE
4130016000000|9.485|9.8|9|||54|01/01/2023||THICKNESS_FLEXIBLE
4130016000000|12.0|12.009|9|||54|01/01/2023||THICKNESS_FLEXIBLE
4130016000000|12.009|12.1|9|||54|01/01/2023||THICKNESS_FLEXIBLE
4130016000000|12.1|12.2|9|||54|01/01/2023||THICKNESS_FLEXIBLE
4130016000000|12.2|12.3|9|||54|01/01/2023||THICKNESS_FLEXIBLE
4130016000000|12.3|12.4|9|||54|01/01/2023||THICKNESS_FLEXIBLE
4130016000000|12.4|12.5|9|||54|01/01/2023||THICKNESS_FLEXIBLE
4130016000000|12.5|12.6|9|||54|01/01/2023||THICKNESS_FLEXIBLE
4130016000000|12.6|12.7|9|||54|01/01/2023||THICKNESS_FLEXIBLE
4130016000000|12.7|12.8|9|||54|01/01/2023||THICKNESS_FLEXIBLE
4130016000000|12.8|12.9|9|||54|01/01/2023||THICKNESS_FLEXIBLE
4130016000000|12.9|13.0|9|||54|01/01/2023||THICKNESS_FLEXIBLE
4130016000000|13.0|13.1|9|||54|01/01/2023||THICKNESS_FLEXIBLE
4130016000000|13.1|13.2|9|||54|01/01/2023||THICKNESS_FLEXIBLE
4130016000000|13.2|13.3|9|||54|01/01/2023||THICKNESS_FLEXIBLE
4130016000000|13.3|13.4|9|||54|01/01/2023||THICKNESS_FLEXIBLE
4130016000000|13.4|13.5|9|||54|01/01/2023||THICKNESS_FLEXIBLE
4130016000000|13.5|13.6|9|||54|01/01/2023||THICKNESS_FLEXIBLE
4130016000000|13.6|13.7|9|||54|01/01/2023||THICKNESS_FLEXIBLE
4130016000000|13.7|13.8|9|||54|01/01/2023||THICKNESS_FLEXIBLE
4130016000000|13.8|13.9|9|||54|01/01/2023||THICKNESS_FLEXIBLE
4130016000000|13.9|14.0|9|||54|01/01/2023||THICKNESS_FLEXIBLE
4130016000000|14.0|14.1|9|||54|01/01/2023||THICKNESS_FLEXIBLE
4130016000000|14.1|14.12|9|||54|01/01/2023||THICKNESS_FLEXIBLE
4130016000000|14.42|14.5|9|||54|01/01/2023||THICKNESS_FLEXIBLE
4130016000000|14.5|14.6|9|||54|01/01/2023||THICKNESS_FLEXIBLE
4130016000000|14.6|14.7|9|||54|01/01/2023||THICKNESS_FLEXIBLE
4130016000000|14.7|14.72|9|||54|01/01/2023||THICKNESS_FLEXIBLE
4130016000000|14.72|14.8|9|||54|01/01/2023||THICKNESS_FLEXIBLE
4130016000000|14.8|14.9|9|||54|01/01/2023||THICKNESS_FLEXIBLE
4130016000000|14.9|15.0|9|||54|01/01/2023||THICKNESS_FLEXIBLE
4130016000000|15.0|15.08|9|||54|01/01/2023||THICKNESS_FLEXIBLE
4130016000000|15.08|15.1|9|||54|01/01/2023||THICKNESS_FLEXIBLE
4130016000000|15.1|15.2|9|||54|01/01/2023||THICKNESS_FLEXIBLE
4130016000000|15.2|15.3|9|||54|01/01/2023||THICKNESS_FLEXIBLE
4130016000000|15.3|15.4|9|||54|01/01/2023||THICKNESS_FLEXIBLE
4130016000000|15.65|15.7|9|||54|01/01/2023||THICKNESS_FLEXIBLE
4130016000000|15.7|15.8|9|||54|01/01/2023||THICKNESS_FLEXIBLE
4130016000000|15.8|15.81|9|||54|01/01/2023||THICKNESS_FLEXIBLE
4130016000000|18.53|18.82|9|||54|01/01/2023||THICKNESS_FLEXIBLE
4130016000000|18.82|18.96|9|||54|01/01/2023||THICKNESS_FLEXIBLE
4130016000000|18.96|19.79|9|||54|01/01/2023||THICKNESS_FLEXIBLE
4130041000000|0.0|0.71|6|||54|01/01/2023||THICKNESS_FLEXIBLE
4130041000000|1.85|1.9|6|||54|01/01/2023||THICKNESS_FLEXIBLE
4130041000000|1.99|2.0|6|||54|01/01/2023||THICKNESS_FLEXIBLE
4130041000000|2.0|2.1|6|||54|01/01/2023||THICKNESS_FLEXIBLE
4130041000000|2.1|2.19|6|||54|01/01/2023||THICKNESS_FLEXIBLE
4130054000000|2.48|2.5|9|||54|01/01/2023||THICKNESS_FLEXIBLE
4130054000000|2.5|2.6|9|||54|01/01/2023||THICKNESS_FLEXIBLE
4130054000000|2.6|2.7|9|||54|01/01/2023||THICKNESS_FLEXIBLE
4130054000000|2.7|2.8|9|||54|01/01/2023||THICKNESS_FLEXIBLE
4130054000000|2.8|2.9|9|||54|01/01/2023||THICKNESS_FLEXIBLE
4130054000000|2.9|3.0|9|||54|01/01/2023||THICKNESS_FLEXIBLE
4130054000000|3.0|3.1|9|||54|01/01/2023||THICKNESS_FLEXIBLE
4130054000000|3.1|3.2|9|||54|01/01/2023||THICKNESS_FLEXIBLE
4130054000000|3.2|3.3|9|||54|01/01/2023||THICKNESS_FLEXIBLE
4130054000000|3.3|3.4|9|||54|01/01/2023||THICKNESS_FLEXIBLE
4130054000000|3.4|3.5|9|||54|01/01/2023||THICKNESS_FLEXIBLE
4130054000000|3.5|3.6|9|||54|01/01/2023||THICKNESS_FLEXIBLE
4130054000000|3.6|3.7|9|||54|01/01/2023||THICKNESS_FLEXIBLE
4130054000000|3.7|3.8|9|||54|01/01/2023||THICKNESS_FLEXIBLE
4130054000000|3.8|3.9|9|||54|01/01/2023||THICKNESS_FLEXIBLE
4130054000000|3.9|4.0|9|||54|01/01/2023||THICKNESS_FLEXIBLE
4130054000000|4.0|4.1|9|||54|01/01/2023||THICKNESS_FLEXIBLE
4130054000000|4.1|4.2|9|||54|01/01/2023||THICKNESS_FLEXIBLE
4130054000000|4.2|4.3|9|||54|01/01/2023||THICKNESS_FLEXIBLE
4130054000000|4.3|4.4|9|||54|01/01/2023||THICKNESS_FLEXIBLE
4130054000000|4.4|4.5|9|||54|01/01/2023||THICKNESS_FLEXIBLE
4130054000000|4.5|4.6|9|||54|01/01/2023||THICKNESS_FLEXIBLE
4130054000000|4.6|4.7|9|||54|01/01/2023||THICKNESS_FLEXIBLE
4130054000000|4.7|4.8|9|||54|01/01/2023||THICKNESS_FLEXIBLE
4130054000000|4.8|4.86|9|||54|01/01/2023||THICKNESS_FLEXIBLE
4130054000000|4.86|4.9|9|||54|01/01/2023||THICKNESS_FLEXIBLE
4130054000000|4.9|5.0|9|||54|01/01/2023||THICKNESS_FLEXIBLE
4130054000000|5.0|5.1|9|||54|01/01/2023||THICKNESS_FLEXIBLE
4130054000000|5.1|5.2|9|||54|01/01/2023||THICKNESS_FLEXIBLE
4130054000000|5.2|5.3|9|||54|01/01/2023||THICKNESS_FLEXIBLE
4130054000000|5.3|5.4|9|||54|01/01/2023||THICKNESS_FLEXIBLE
4130054000000|5.4|5.5|9|||54|01/01/2023||THICKNESS_FLEXIBLE
4130054000000|5.5|5.6|9|||54|01/01/2023||THICKNESS_FLEXIBLE
4130054000000|5.6|5.7|9|||54|01/01/2023||THICKNESS_FLEXIBLE
4130054000000|5.7|5.72|9|||54|01/01/2023||THICKNESS_FLEXIBLE
4130054000000|6.35|6.4|9|||54|01/01/2023||THICKNESS_FLEXIBLE
4130054000000|6.4|6.5|9|||54|01/01/2023||THICKNESS_FLEXIBLE
4130054000000|6.5|6.54|9|||54|01/01/2023||THICKNESS_FLEXIBLE
4130054000000|6.54|6.6|9|||54|01/01/2023||THICKNESS_FLEXIBLE
4130054000000|6.6|6.7|9|||54|01/01/2023||THICKNESS_FLEXIBLE
4130054000000|6.7|6.8|9|||54|01/01/2023||THICKNESS_FLEXIBLE
4130054000000|6.8|6.9|9|||54|01/01/2023||THICKNESS_FLEXIBLE
4130054000000|6.9|7.0|9|||54|01/01/2023||THICKNESS_FLEXIBLE
4130054000000|7.0|7.1|9|||54|01/01/2023||THICKNESS_FLEXIBLE
4130054000000|7.1|7.2|9|||54|01/01/2023||THICKNESS_FLEXIBLE
4130054000000|7.2|7.3|9|||54|01/01/2023||THICKNESS_FLEXIBLE
4130054000000|7.3|7.4|9|||54|01/01/2023||THICKNESS_FLEXIBLE
4130054000000|7.4|7.41|9|||54|01/01/2023||THICKNESS_FLEXIBLE
4130054000000|7.41|7.5|9|||54|01/01/2023||THICKNESS_FLEXIBLE
4130054000000|7.5|7.6|9|||54|01/01/2023||THICKNESS_FLEXIBLE
4130054000000|7.6|7.7|9|||54|01/01/2023||THICKNESS_FLEXIBLE
4130054000000|7.7|7.8|9|||54|01/01/2023||THICKNESS_FLEXIBLE
4130054000000|7.8|7.9|9|||54|01/01/2023||THICKNESS_FLEXIBLE
4130054000000|7.9|8.0|9|||54|01/01/2023||THICKNESS_FLEXIBLE
4130054000000|8.0|8.1|9|||54|01/01/2023||THICKNESS_FLEXIBLE
4130054000000|8.1|8.2|9|||54|01/01/2023||THICKNESS_FLEXIBLE
4130054000000|8.2|8.3|9|||54|01/01/2023||THICKNESS_FLEXIBLE
4130054000000|8.3|8.4|9|||54|01/01/2023||THICKNESS_FLEXIBLE
4130054000000|8.4|8.5|9|||54|01/01/2023||THICKNESS_FLEXIBLE
4130054000000|8.5|8.6|9|||54|01/01/2023||THICKNESS_FLEXIBLE
4130054000000|8.6|8.7|9|||54|01/01/2023||THICKNESS_FLEXIBLE
4130054000000|8.7|8.8|9|||54|01/01/2023||THICKNESS_FLEXIBLE
4130054000000|8.8|8.84|9|||54|01/01/2023||THICKNESS_FLEXIBLE
4130054000000|10.14|10.2|9|||54|01/01/2023||THICKNESS_FLEXIBLE
4130054000000|10.2|10.3|9|||54|01/01/2023||THICKNESS_FLEXIBLE
4130054000000|10.3|10.33|9|||54|01/01/2023||THICKNESS_FLEXIBLE
4130061000000|2.604|3.29|9|||54|01/01/2023||THICKNESS_FLEXIBLE
4130210000000|1.2|1.89|6|||54|01/01/2023||THICKNESS_FLEXIBLE
4130210000000|1.89|2.79|9|||54|01/01/2023||THICKNESS_FLEXIBLE
4130307000000|4.55|5.59|9|||54|01/01/2023||THICKNESS_FLEXIBLE
4140001000000|1.95|3.4|9|||54|01/01/2023||THICKNESS_FLEXIBLE
4140001000000|3.4|4.14|9|||54|01/01/2023||THICKNESS_FLEXIBLE
4140003180000|2.77|3.51|6|||54|01/01/2023||THICKNESS_FLEXIBLE
4140004030000|0.0|0.47|6|||54|01/01/2023||THICKNESS_FLEXIBLE
4140006000000|0.0|0.14|6|||54|01/01/2023||THICKNESS_FLEXIBLE
4140006000000|0.91|1.13|6|||54|01/01/2023||THICKNESS_FLEXIBLE
4140006020000|1.57|1.69|6|||54|01/01/2023||THICKNESS_FLEXIBLE
4140006030000|0.53|1.48|6|||54|01/01/2023||THICKNESS_FLEXIBLE
4140006090000|0.6|1.37|9|||54|01/01/2023||THICKNESS_FLEXIBLE
4140008000000|0.0|0.11|6|||54|01/01/2023||THICKNESS_FLEXIBLE
4140008000000|0.19|0.75|6|||54|01/01/2023||THICKNESS_FLEXIBLE
4140008010000|1.02|1.6|6|||54|01/01/2023||THICKNESS_FLEXIBLE
4140008030000|0.0|0.65|6|||54|01/01/2023||THICKNESS_FLEXIBLE
2071026001900|0.0|0.33|6|||54|01/01/2023||THICKNESS_FLEXIBLE
45100640000EB|138.1|138.2|6|||54|01/01/2023||THICKNESS_FLEXIBLE
45100640000EB|138.2|138.3|6|||54|01/01/2023||THICKNESS_FLEXIBLE
45100640000EB|138.3|138.38|6|||54|01/01/2023||THICKNESS_FLEXIBLE
45100640000EB|138.38|138.4|6|||54|01/01/2023||THICKNESS_FLEXIBLE
45100640000EB|138.4|138.5|6|||54|01/01/2023||THICKNESS_FLEXIBLE
4140009000000|5.28|5.54|6|||54|01/01/2023||THICKNESS_FLEXIBLE
4140011000000|0.0|1.26|6|||54|01/01/2023||THICKNESS_FLEXIBLE
4140016100000|0.53|0.9|6|||54|01/01/2023||THICKNESS_FLEXIBLE
4140016160000|0.0|0.42|6|||54|01/01/2023||THICKNESS_FLEXIBLE
4140016390000|0.0|0.64|6|||54|01/01/2023||THICKNESS_FLEXIBLE
4140018000000|2.99|3.0|6|||54|01/01/2023||THICKNESS_FLEXIBLE
4140018000000|3.0|3.51|6|||54|01/01/2023||THICKNESS_FLEXIBLE
4140018000000|3.51|4.41|6|||54|01/01/2023||THICKNESS_FLEXIBLE
4140019030000|0.387|0.5|6|||54|01/01/2023||THICKNESS_FLEXIBLE
4140019030000|0.5|0.98|6|||54|01/01/2023||THICKNESS_FLEXIBLE
4140019210000|3.73|5.14|6|||54|01/01/2023||THICKNESS_FLEXIBLE
4140025000000|3.7|5.9|9|||54|01/01/2023||THICKNESS_FLEXIBLE
4140030000000|4.27|4.52|9|||54|01/01/2023||THICKNESS_FLEXIBLE
4140041210000|0.0|1.63|6|||54|01/01/2023||THICKNESS_FLEXIBLE
4140048000000|0.0|1.9|6|||54|01/01/2023||THICKNESS_FLEXIBLE
55200520000EB|0.0|0.1|9|||54|01/01/2023||THICKNESS_FLEXIBLE
55200520000EB|0.1|0.2|9|||54|01/01/2023||THICKNESS_FLEXIBLE
55200520000EB|0.2|0.3|9|||54|01/01/2023||THICKNESS_FLEXIBLE
55200520000EB|0.3|0.4|9|||54|01/01/2023||THICKNESS_FLEXIBLE
55200520000EB|0.4|0.5|9|||54|01/01/2023||THICKNESS_FLEXIBLE
55200520000EB|0.5|0.6|9|||54|01/01/2023||THICKNESS_FLEXIBLE
55200520000EB|0.6|0.7|9|||54|01/01/2023||THICKNESS_FLEXIBLE
55200520000EB|0.7|0.8|9|||54|01/01/2023||THICKNESS_FLEXIBLE
55200520000EB|0.8|0.9|9|||54|01/01/2023||THICKNESS_FLEXIBLE
55200520000EB|0.9|1.0|9|||54|01/01/2023||THICKNESS_FLEXIBLE
55200520000EB|1.0|1.1|9|||54|01/01/2023||THICKNESS_FLEXIBLE
55200520000EB|1.1|1.2|9|||54|01/01/2023||THICKNESS_FLEXIBLE
55200520000EB|1.2|1.3|9|||54|01/01/2023||THICKNESS_FLEXIBLE
55200520000EB|1.3|1.4|9|||54|01/01/2023||THICKNESS_FLEXIBLE
55200520000EB|4.78|4.8|9|||54|01/01/2023||THICKNESS_FLEXIBLE
55200520000EB|4.8|4.9|9|||54|01/01/2023||THICKNESS_FLEXIBLE
55200520000EB|4.9|5.0|9|||54|01/01/2023||THICKNESS_FLEXIBLE
55200520000EB|5.0|5.1|9|||54|01/01/2023||THICKNESS_FLEXIBLE
55200520000EB|5.1|5.2|9|||54|01/01/2023||THICKNESS_FLEXIBLE
55200520000EB|5.2|5.3|9|||54|01/01/2023||THICKNESS_FLEXIBLE
55200520000EB|5.3|5.4|9|||54|01/01/2023||THICKNESS_FLEXIBLE
55200520000EB|5.4|5.5|9|||54|01/01/2023||THICKNESS_FLEXIBLE
55200520000EB|5.5|5.6|9|||54|01/01/2023||THICKNESS_FLEXIBLE
55200520000EB|5.6|5.7|9|||54|01/01/2023||THICKNESS_FLEXIBLE
55200520000EB|5.7|5.8|9|||54|01/01/2023||THICKNESS_FLEXIBLE
55200520000EB|5.8|5.9|9|||54|01/01/2023||THICKNESS_FLEXIBLE
55200520000EB|5.9|6.0|9|||54|01/01/2023||THICKNESS_FLEXIBLE
55200520000EB|6.0|6.1|9|||54|01/01/2023||THICKNESS_FLEXIBLE
55200520000EB|6.1|6.2|9|||54|01/01/2023||THICKNESS_FLEXIBLE
55200520000EB|6.2|6.3|9|||54|01/01/2023||THICKNESS_FLEXIBLE
55200520000EB|6.3|6.4|9|||54|01/01/2023||THICKNESS_FLEXIBLE
55200520000EB|6.4|6.5|9|||54|01/01/2023||THICKNESS_FLEXIBLE
55200520000EB|6.5|6.6|9|||54|01/01/2023||THICKNESS_FLEXIBLE
55200520000EB|6.6|6.7|9|||54|01/01/2023||THICKNESS_FLEXIBLE
55200520000EB|6.7|6.8|9|||54|01/01/2023||THICKNESS_FLEXIBLE
55200520000EB|6.8|6.9|9|||54|01/01/2023||THICKNESS_FLEXIBLE
55200520000EB|6.9|7.0|9|||54|01/01/2023||THICKNESS_FLEXIBLE
55200520000EB|7.0|7.1|9|||54|01/01/2023||THICKNESS_FLEXIBLE
55200520000EB|7.1|7.2|9|||54|01/01/2023||THICKNESS_FLEXIBLE
55200520000EB|7.2|7.3|9|||54|01/01/2023||THICKNESS_FLEXIBLE
55200520000EB|7.3|7.4|9|||54|01/01/2023||THICKNESS_FLEXIBLE
55200520000EB|7.4|7.5|9|||54|01/01/2023||THICKNESS_FLEXIBLE
55200520000EB|7.5|7.6|9|||54|01/01/2023||THICKNESS_FLEXIBLE
55200520000EB|7.6|7.65|9|||54|01/01/2023||THICKNESS_FLEXIBLE
55200520000EB|7.65|7.7|9|||54|01/01/2023||THICKNESS_FLEXIBLE
55200520000EB|7.7|7.8|9|||54|01/01/2023||THICKNESS_FLEXIBLE
55200520000EB|7.8|7.9|9|||54|01/01/2023||THICKNESS_FLEXIBLE
55200520000EB|7.9|8.0|9|||54|01/01/2023||THICKNESS_FLEXIBLE
55200520000EB|8.0|8.1|9|||54|01/01/2023||THICKNESS_FLEXIBLE
55200520000EB|8.1|8.2|9|||54|01/01/2023||THICKNESS_FLEXIBLE
55200520000EB|8.2|8.3|9|||54|01/01/2023||THICKNESS_FLEXIBLE
55200520000EB|8.3|8.34|9|||54|01/01/2023||THICKNESS_FLEXIBLE
5530010000000|24.14|24.2|9|||54|01/01/2023||THICKNESS_FLEXIBLE
5530010000000|24.2|24.3|9|||54|01/01/2023||THICKNESS_FLEXIBLE
5530010000000|24.3|24.38|9|||54|01/01/2023||THICKNESS_FLEXIBLE
5530016000000|1.73|1.8|9|||54|01/01/2023||THICKNESS_FLEXIBLE
5530016000000|1.8|1.9|9|||54|01/01/2023||THICKNESS_FLEXIBLE
5530016000000|1.9|2.0|9|||54|01/01/2023||THICKNESS_FLEXIBLE
5530016000000|2.0|2.1|9|||54|01/01/2023||THICKNESS_FLEXIBLE
5530016000000|2.1|2.2|9|||54|01/01/2023||THICKNESS_FLEXIBLE
5530016000000|2.2|2.3|9|||54|01/01/2023||THICKNESS_FLEXIBLE
5530016000000|2.3|2.4|9|||54|01/01/2023||THICKNESS_FLEXIBLE
5530016000000|2.4|2.5|9|||54|01/01/2023||THICKNESS_FLEXIBLE
5530016000000|2.5|2.6|9|||54|01/01/2023||THICKNESS_FLEXIBLE
5530016000000|2.6|2.7|9|||54|01/01/2023||THICKNESS_FLEXIBLE
5530016000000|2.7|2.8|9|||54|01/01/2023||THICKNESS_FLEXIBLE
5530016000000|2.8|2.9|9|||54|01/01/2023||THICKNESS_FLEXIBLE
5530016000000|2.9|3.0|9|||54|01/01/2023||THICKNESS_FLEXIBLE
5530016000000|3.0|3.1|9|||54|01/01/2023||THICKNESS_FLEXIBLE
5530016000000|3.1|3.2|9|||54|01/01/2023||THICKNESS_FLEXIBLE
5530016000000|3.2|3.3|9|||54|01/01/2023||THICKNESS_FLEXIBLE
5530016000000|3.3|3.33|9|||54|01/01/2023||THICKNESS_FLEXIBLE
5530016000000|6.42|6.5|9|||54|01/01/2023||THICKNESS_FLEXIBLE
5530016000000|6.5|6.6|9|||54|01/01/2023||THICKNESS_FLEXIBLE
5530016000000|6.6|6.7|9|||54|01/01/2023||THICKNESS_FLEXIBLE
5530016000000|6.7|6.8|9|||54|01/01/2023||THICKNESS_FLEXIBLE
5530016000000|6.8|6.9|9|||54|01/01/2023||THICKNESS_FLEXIBLE
5530016000000|6.9|7.0|9|||54|01/01/2023||THICKNESS_FLEXIBLE
5530016000000|7.0|7.1|9|||54|01/01/2023||THICKNESS_FLEXIBLE
5530016000000|7.1|7.2|9|||54|01/01/2023||THICKNESS_FLEXIBLE
5530016000000|7.2|7.3|9|||54|01/01/2023||THICKNESS_FLEXIBLE
5530016000000|7.3|7.4|9|||54|01/01/2023||THICKNESS_FLEXIBLE
5530016000000|7.4|7.5|9|||54|01/01/2023||THICKNESS_FLEXIBLE
5530016000000|7.5|7.6|9|||54|01/01/2023||THICKNESS_FLEXIBLE
5530016000000|7.6|7.7|9|||54|01/01/2023||THICKNESS_FLEXIBLE
5530016000000|7.7|7.8|9|||54|01/01/2023||THICKNESS_FLEXIBLE
5530016000000|7.8|7.9|9|||54|01/01/2023||THICKNESS_FLEXIBLE
5530016000000|7.9|8.0|9|||54|01/01/2023||THICKNESS_FLEXIBLE
5530016000000|8.0|8.1|9|||54|01/01/2023||THICKNESS_FLEXIBLE
5530016000000|8.1|8.2|9|||54|01/01/2023||THICKNESS_FLEXIBLE
5530016000000|8.2|8.3|9|||54|01/01/2023||THICKNESS_FLEXIBLE
5530016000000|8.3|8.4|9|||54|01/01/2023||THICKNESS_FLEXIBLE
5530016000000|8.4|8.5|9|||54|01/01/2023||THICKNESS_FLEXIBLE
5530016000000|8.5|8.6|9|||54|01/01/2023||THICKNESS_FLEXIBLE
5530016000000|8.6|8.7|9|||54|01/01/2023||THICKNESS_FLEXIBLE
5530016000000|8.7|8.8|9|||54|01/01/2023||THICKNESS_FLEXIBLE
5530016000000|8.8|8.9|9|||54|01/01/2023||THICKNESS_FLEXIBLE
5530016000000|8.9|8.95|9|||54|01/01/2023||THICKNESS_FLEXIBLE
5530016000000|10.99|11.0|9|||54|01/01/2023||THICKNESS_FLEXIBLE
5530016000000|11.0|11.1|9|||54|01/01/2023||THICKNESS_FLEXIBLE
5530016000000|11.1|11.2|9|||54|01/01/2023||THICKNESS_FLEXIBLE
5530016000000|11.2|11.3|9|||54|01/01/2023||THICKNESS_FLEXIBLE
5530016000000|11.3|11.4|9|||54|01/01/2023||THICKNESS_FLEXIBLE
5530097000000|21.56|22.26|9|||54|01/01/2023||THICKNESS_FLEXIBLE
5530097000000|22.83|22.9|9|||54|01/01/2023||THICKNESS_FLEXIBLE
5530097000000|22.9|23.0|9|||54|01/01/2023||THICKNESS_FLEXIBLE
5530097000000|23.0|23.1|9|||54|01/01/2023||THICKNESS_FLEXIBLE
5530097000000|23.1|23.2|9|||54|01/01/2023||THICKNESS_FLEXIBLE
5530097000000|28.09|28.1|9|||54|01/01/2023||THICKNESS_FLEXIBLE
5530097000000|28.1|28.2|9|||54|01/01/2023||THICKNESS_FLEXIBLE
5530097000000|28.2|28.3|9|||54|01/01/2023||THICKNESS_FLEXIBLE
5530097000000|28.3|28.4|9|||54|01/01/2023||THICKNESS_FLEXIBLE
5530097000000|28.4|28.5|9|||54|01/01/2023||THICKNESS_FLEXIBLE
5530097000000|28.5|28.6|9|||54|01/01/2023||THICKNESS_FLEXIBLE
5530097000000|28.6|28.7|9|||54|01/01/2023||THICKNESS_FLEXIBLE
5530097000000|28.7|28.8|9|||54|01/01/2023||THICKNESS_FLEXIBLE
5530097000000|28.8|28.9|9|||54|01/01/2023||THICKNESS_FLEXIBLE
5530097000000|28.9|29.0|9|||54|01/01/2023||THICKNESS_FLEXIBLE
5530097000000|29.0|29.1|9|||54|01/01/2023||THICKNESS_FLEXIBLE
5530097000000|29.1|29.2|9|||54|01/01/2023||THICKNESS_FLEXIBLE
5530097000000|29.2|29.3|9|||54|01/01/2023||THICKNESS_FLEXIBLE
5530097000000|29.3|29.4|9|||54|01/01/2023||THICKNESS_FLEXIBLE
5530097000000|29.4|29.5|9|||54|01/01/2023||THICKNESS_FLEXIBLE
5530097000000|29.5|29.6|9|||54|01/01/2023||THICKNESS_FLEXIBLE
5530097000000|29.6|29.7|9|||54|01/01/2023||THICKNESS_FLEXIBLE
5530097000000|29.7|29.8|9|||54|01/01/2023||THICKNESS_FLEXIBLE
5530097000000|29.8|29.9|9|||54|01/01/2023||THICKNESS_FLEXIBLE
5530097000000|29.9|30.0|9|||54|01/01/2023||THICKNESS_FLEXIBLE
5530097000000|30.0|30.1|9|||54|01/01/2023||THICKNESS_FLEXIBLE
5530097000000|30.1|30.2|9|||54|01/01/2023||THICKNESS_FLEXIBLE
5530097000000|30.2|30.3|9|||54|01/01/2023||THICKNESS_FLEXIBLE
5530097000000|30.3|30.4|9|||54|01/01/2023||THICKNESS_FLEXIBLE
5530097000000|30.4|30.5|9|||54|01/01/2023||THICKNESS_FLEXIBLE
5530097000000|30.5|30.6|9|||54|01/01/2023||THICKNESS_FLEXIBLE
5530097000000|30.6|30.7|9|||54|01/01/2023||THICKNESS_FLEXIBLE
5530097000000|30.7|30.8|9|||54|01/01/2023||THICKNESS_FLEXIBLE
5530097000000|30.8|30.9|9|||54|01/01/2023||THICKNESS_FLEXIBLE
5530097000000|30.9|31.0|9|||54|01/01/2023||THICKNESS_FLEXIBLE
5530097000000|31.0|31.1|9|||54|01/01/2023||THICKNESS_FLEXIBLE
5530097000000|31.1|31.2|9|||54|01/01/2023||THICKNESS_FLEXIBLE
5530097000000|31.2|31.3|9|||54|01/01/2023||THICKNESS_FLEXIBLE
5530097000000|31.3|31.4|9|||54|01/01/2023||THICKNESS_FLEXIBLE
5530097000000|31.4|31.5|9|||54|01/01/2023||THICKNESS_FLEXIBLE
5530097000000|31.5|31.6|9|||54|01/01/2023||THICKNESS_FLEXIBLE
5530097000000|31.6|31.7|9|||54|01/01/2023||THICKNESS_FLEXIBLE
5530097000000|31.7|31.8|9|||54|01/01/2023||THICKNESS_FLEXIBLE
5530097000000|31.8|31.9|9|||54|01/01/2023||THICKNESS_FLEXIBLE
5530097000000|31.9|32.0|9|||54|01/01/2023||THICKNESS_FLEXIBLE
5530097000000|32.0|32.1|9|||54|01/01/2023||THICKNESS_FLEXIBLE
5530097000000|32.1|32.2|9|||54|01/01/2023||THICKNESS_FLEXIBLE
5530097000000|32.2|32.3|9|||54|01/01/2023||THICKNESS_FLEXIBLE
5530097000000|32.3|32.4|9|||54|01/01/2023||THICKNESS_FLEXIBLE
5530097000000|32.4|32.5|9|||54|01/01/2023||THICKNESS_FLEXIBLE
5530097000000|32.5|32.512|9|||54|01/01/2023||THICKNESS_FLEXIBLE
5530097000000|32.512|32.6|9|||54|01/01/2023||THICKNESS_FLEXIBLE
5530097000000|32.6|32.7|9|||54|01/01/2023||THICKNESS_FLEXIBLE
5530097000000|32.7|32.8|9|||54|01/01/2023||THICKNESS_FLEXIBLE
5530097000000|32.8|32.88|9|||54|01/01/2023||THICKNESS_FLEXIBLE
39100680000EB|31.42|32.06|8|same as 2020||54|01/01/2023||THICKNESS_FLEXIBLE
39202190000NB|0.0|0.8|8|same as 2020||54|01/01/2023||THICKNESS_FLEXIBLE
39202190000NB|0.8|3.01|8|same as 2020||54|01/01/2023||THICKNESS_FLEXIBLE
39202190000NB|3.01|3.31|8|same as 2020||54|01/01/2023||THICKNESS_FLEXIBLE
39202190000NB|3.31|4.76|8|same as 2020||54|01/01/2023||THICKNESS_FLEXIBLE
3930072000000|18.42|20.44|8|same as 2020||54|01/01/2023||THICKNESS_FLEXIBLE
3940003000000|4.6|7.27|8|same as 2020||54|01/01/2023||THICKNESS_FLEXIBLE
20100790000NB|16.04|16.1|9|same as 2020||54|01/01/2023||THICKNESS_FLEXIBLE
27200350000NB|8.53|8.7|13|same as 2020||54|01/01/2023||THICKNESS_FLEXIBLE
27200350000NB|16.41|16.6|13|same as 2020||54|01/01/2023||THICKNESS_FLEXIBLE
27200350000NB|16.64|17.28|13|same as 2020||54|01/01/2023||THICKNESS_FLEXIBLE
27200350000NB|17.413|17.5|13|same as 2020||54|01/01/2023||THICKNESS_FLEXIBLE
27200350000NB|17.85|17.98|13|same as 2020||54|01/01/2023||THICKNESS_FLEXIBLE
27200350000NB|17.98|18.097|13|same as 2020||54|01/01/2023||THICKNESS_FLEXIBLE
40100640000EB|31.77|32.57|9|same as 2020||54|01/01/2023||THICKNESS_FLEXIBLE
40100640000EB|32.57|33.45|9|same as 2020||54|01/01/2023||THICKNESS_FLEXIBLE
40100640000EB|33.45|34.45|9|same as 2020||54|01/01/2023||THICKNESS_FLEXIBLE
40100640000EB|34.45|36.27|9|same as 2020||54|01/01/2023||THICKNESS_FLEXIBLE
40100640000EB|36.27|38.54|9|same as 2020||54|01/01/2023||THICKNESS_FLEXIBLE
40100640000EB|40.46|40.568|9|same as 2020||54|01/01/2023||THICKNESS_FLEXIBLE
08100790000NB|39.91|40.0|9|same as 2020||54|01/01/2023||THICKNESS_FLEXIBLE
08100790000NB|41.43|44.6|9|same as 2020||54|01/01/2023||THICKNESS_FLEXIBLE
20100640000EB|52.73|53.1|7|same as 2020||54|01/01/2023||THICKNESS_FLEXIBLE
20100640000EB|53.75|54.3|7|same as 2020||54|01/01/2023||THICKNESS_FLEXIBLE
1330063000000|6.06|7.63|2|||54|01/01/2023||THICKNESS_FLEXIBLE
3430020000000|28.29|29.07|2|||54|01/01/2023||THICKNESS_FLEXIBLE
3430039000000|24.6|24.96|2|||54|01/01/2023||THICKNESS_FLEXIBLE
3430041000000|0.03|2.59|2|||54|01/01/2023||THICKNESS_FLEXIBLE
4530020000000|32.0|32.14|2|||54|01/01/2023||THICKNESS_FLEXIBLE
10200190000NB|0.0|0.1|2|||54|01/01/2023||THICKNESS_FLEXIBLE
10200190000NB|0.1|0.2|2|||54|01/01/2023||THICKNESS_FLEXIBLE
10200190000NB|0.2|0.3|2|||54|01/01/2023||THICKNESS_FLEXIBLE
10200190000NB|0.3|0.4|2|||54|01/01/2023||THICKNESS_FLEXIBLE
10200190000NB|0.4|0.5|2|||54|01/01/2023||THICKNESS_FLEXIBLE
10200190000NB|0.5|0.6|2|||54|01/01/2023||THICKNESS_FLEXIBLE
10200190000NB|0.6|0.7|2|||54|01/01/2023||THICKNESS_FLEXIBLE
10200190000NB|0.7|0.8|2|||54|01/01/2023||THICKNESS_FLEXIBLE
10200190000NB|0.8|0.9|2|||54|01/01/2023||THICKNESS_FLEXIBLE
10200190000NB|0.9|1.0|2|||54|01/01/2023||THICKNESS_FLEXIBLE
10200190000NB|1.0|1.02|2|||54|01/01/2023||THICKNESS_FLEXIBLE
13100640000EB|147.6|147.7|5|||54|01/01/2023||THICKNESS_FLEXIBLE
13100640000EB|147.7|147.8|5|||54|01/01/2023||THICKNESS_FLEXIBLE
13100640000EB|147.8|147.9|5|||54|01/01/2023||THICKNESS_FLEXIBLE
13100640000EB|147.9|147.93|5|||54|01/01/2023||THICKNESS_FLEXIBLE
13100640000EB|147.93|148.0|5|||54|01/01/2023||THICKNESS_FLEXIBLE
13100640000EB|148.0|148.1|5|||54|01/01/2023||THICKNESS_FLEXIBLE
13100640000EB|148.1|148.2|5|||54|01/01/2023||THICKNESS_FLEXIBLE
13100640000EB|148.2|148.3|5|||54|01/01/2023||THICKNESS_FLEXIBLE
13100640000EB|148.3|148.4|5|||54|01/01/2023||THICKNESS_FLEXIBLE
13100640000EB|148.4|148.5|5|||54|01/01/2023||THICKNESS_FLEXIBLE
13100640000EB|148.5|148.6|5|||54|01/01/2023||THICKNESS_FLEXIBLE
13100640000EB|148.6|148.7|5|||54|01/01/2023||THICKNESS_FLEXIBLE
13100640000EB|148.7|148.8|5|||54|01/01/2023||THICKNESS_FLEXIBLE
13100640000EB|148.8|148.9|5|||54|01/01/2023||THICKNESS_FLEXIBLE
13100640000EB|148.9|149.0|5|||54|01/01/2023||THICKNESS_FLEXIBLE
13100640000EB|149.0|149.1|5|||54|01/01/2023||THICKNESS_FLEXIBLE
13100640000EB|149.1|149.2|5|||54|01/01/2023||THICKNESS_FLEXIBLE
13100640000EB|149.2|149.3|5|||54|01/01/2023||THICKNESS_FLEXIBLE
13100640000EB|149.3|149.4|5|||54|01/01/2023||THICKNESS_FLEXIBLE
13100640000EB|149.4|149.5|5|||54|01/01/2023||THICKNESS_FLEXIBLE
13100640000EB|149.5|149.6|5|||54|01/01/2023||THICKNESS_FLEXIBLE
13100640000EB|149.6|149.7|5|||54|01/01/2023||THICKNESS_FLEXIBLE
13100640000EB|149.7|149.8|5|||54|01/01/2023||THICKNESS_FLEXIBLE
13100640000EB|149.8|149.84|5|||54|01/01/2023||THICKNESS_FLEXIBLE
13100640000EB|149.84|149.9|5|||54|01/01/2023||THICKNESS_FLEXIBLE
13100640000EB|149.9|150.0|5|||54|01/01/2023||THICKNESS_FLEXIBLE
13100640000EB|150.0|150.1|5|||54|01/01/2023||THICKNESS_FLEXIBLE
13100640000EB|150.1|150.2|5|||54|01/01/2023||THICKNESS_FLEXIBLE
13100640000EB|150.2|150.3|5|||54|01/01/2023||THICKNESS_FLEXIBLE
13100640000EB|150.3|150.4|5|||54|01/01/2023||THICKNESS_FLEXIBLE
13100640000EB|150.4|150.5|5|||54|01/01/2023||THICKNESS_FLEXIBLE
13100640000EB|150.5|150.6|5|||54|01/01/2023||THICKNESS_FLEXIBLE
13100640000EB|150.6|150.7|5|||54|01/01/2023||THICKNESS_FLEXIBLE
13100640000EB|150.7|150.8|5|||54|01/01/2023||THICKNESS_FLEXIBLE
13100640000EB|150.8|150.9|5|||54|01/01/2023||THICKNESS_FLEXIBLE
13100640000EB|150.9|151.0|5|||54|01/01/2023||THICKNESS_FLEXIBLE
13100640000EB|151.0|151.1|5|||54|01/01/2023||THICKNESS_FLEXIBLE
13100640000EB|151.1|151.2|5|||54|01/01/2023||THICKNESS_FLEXIBLE
13100640000EB|151.2|151.3|5|||54|01/01/2023||THICKNESS_FLEXIBLE
13100640000EB|151.3|151.4|5|||54|01/01/2023||THICKNESS_FLEXIBLE
13100640000EB|151.4|151.5|5|||54|01/01/2023||THICKNESS_FLEXIBLE
13100640000EB|151.5|151.6|5|||54|01/01/2023||THICKNESS_FLEXIBLE
13100640000EB|151.6|151.7|5|||54|01/01/2023||THICKNESS_FLEXIBLE
13100640000EB|151.7|151.8|5|||54|01/01/2023||THICKNESS_FLEXIBLE
13100640000EB|151.8|151.9|5|||54|01/01/2023||THICKNESS_FLEXIBLE
13100640000EB|151.9|152.0|5|||54|01/01/2023||THICKNESS_FLEXIBLE
13100640000EB|152.0|152.1|5|||54|01/01/2023||THICKNESS_FLEXIBLE
13100640000EB|152.1|152.2|5|||54|01/01/2023||THICKNESS_FLEXIBLE
13100640000EB|152.2|152.3|5|||54|01/01/2023||THICKNESS_FLEXIBLE
13100640000EB|152.3|152.4|5|||54|01/01/2023||THICKNESS_FLEXIBLE
13100640000EB|152.4|152.5|5|||54|01/01/2023||THICKNESS_FLEXIBLE
13100640000EB|152.5|152.6|5|||54|01/01/2023||THICKNESS_FLEXIBLE
13100640000EB|152.6|152.7|5|||54|01/01/2023||THICKNESS_FLEXIBLE
13100640000EB|152.7|152.8|5|||54|01/01/2023||THICKNESS_FLEXIBLE
13100640000EB|152.8|152.9|5|||54|01/01/2023||THICKNESS_FLEXIBLE
13100640000EB|152.9|153.0|5|||54|01/01/2023||THICKNESS_FLEXIBLE
13100640000EB|153.0|153.1|5|||54|01/01/2023||THICKNESS_FLEXIBLE
13100640000EB|153.1|153.2|5|||54|01/01/2023||THICKNESS_FLEXIBLE
13100640000EB|153.2|153.3|5|||54|01/01/2023||THICKNESS_FLEXIBLE
13100640000EB|153.3|153.4|5|||54|01/01/2023||THICKNESS_FLEXIBLE
13100640000EB|153.4|153.5|5|||54|01/01/2023||THICKNESS_FLEXIBLE
13100640000EB|153.5|153.6|5|||54|01/01/2023||THICKNESS_FLEXIBLE
13100640000EB|153.6|153.7|5|||54|01/01/2023||THICKNESS_FLEXIBLE
13100640000EB|153.7|153.8|5|||54|01/01/2023||THICKNESS_FLEXIBLE
13100640000EB|153.8|153.9|5|||54|01/01/2023||THICKNESS_FLEXIBLE
13100640000EB|153.9|154.0|5|||54|01/01/2023||THICKNESS_FLEXIBLE
13100640000EB|154.0|154.1|5|||54|01/01/2023||THICKNESS_FLEXIBLE
13100640000EB|154.1|154.2|5|||54|01/01/2023||THICKNESS_FLEXIBLE
13100640000EB|154.2|154.3|5|||54|01/01/2023||THICKNESS_FLEXIBLE
13100640000EB|154.3|154.4|5|||54|01/01/2023||THICKNESS_FLEXIBLE
13100640000EB|154.4|154.5|5|||54|01/01/2023||THICKNESS_FLEXIBLE
13100640000EB|154.5|154.6|5|||54|01/01/2023||THICKNESS_FLEXIBLE
13100640000EB|154.6|154.7|5|||54|01/01/2023||THICKNESS_FLEXIBLE
13100640000EB|154.7|154.8|5|||54|01/01/2023||THICKNESS_FLEXIBLE
13100640000EB|154.8|154.9|5|||54|01/01/2023||THICKNESS_FLEXIBLE
13100640000EB|154.9|155.0|5|||54|01/01/2023||THICKNESS_FLEXIBLE
13100640000EB|155.0|155.1|5|||54|01/01/2023||THICKNESS_FLEXIBLE
13100640000EB|155.1|155.2|5|||54|01/01/2023||THICKNESS_FLEXIBLE
13100640000EB|155.2|155.3|5|||54|01/01/2023||THICKNESS_FLEXIBLE
13100640000EB|155.3|155.4|5|||54|01/01/2023||THICKNESS_FLEXIBLE
5440004000000|0.57|0.93|5|||54|01/01/2023||THICKNESS_FLEXIBLE
5430892000000|2.81|4.73|9|||54|01/01/2023||THICKNESS_FLEXIBLE
5430892000000|7.02|8.1|9|||54|01/01/2023||THICKNESS_FLEXIBLE
5430892000000|8.1|8.55|9|||54|01/01/2023||THICKNESS_FLEXIBLE
5430892000000|8.55|9.46|9|||54|01/01/2023||THICKNESS_FLEXIBLE
5430892000000|9.46|9.9|9|||54|01/01/2023||THICKNESS_FLEXIBLE
4970764001900|0.0|0.39|9|||54|01/01/2023||THICKNESS_FLEXIBLE
35202500005SB|0.0|0.1|9|||54|01/01/2023||THICKNESS_FLEXIBLE
35202500005SB|0.1|0.2|9|||54|01/01/2023||THICKNESS_FLEXIBLE
35202500005SB|0.2|0.3|9|||54|01/01/2023||THICKNESS_FLEXIBLE
35202500005SB|0.3|0.36|9|||54|01/01/2023||THICKNESS_FLEXIBLE
4640044000000|0.24|0.73|9|||54|01/01/2023||THICKNESS_FLEXIBLE
4640044000000|0.76|1.76|9|||54|01/01/2023||THICKNESS_FLEXIBLE
4640044000000|1.92|2.03|9|||54|01/01/2023||THICKNESS_FLEXIBLE
3140067010000|0.0|0.1|9|||54|01/01/2023||THICKNESS_FLEXIBLE
3140067010000|0.1|0.2|9|||54|01/01/2023||THICKNESS_FLEXIBLE
3140067010000|0.2|0.3|9|||54|01/01/2023||THICKNESS_FLEXIBLE
3140067010000|0.3|0.4|9|||54|01/01/2023||THICKNESS_FLEXIBLE
3140067010000|0.4|0.5|9|||54|01/01/2023||THICKNESS_FLEXIBLE
3140067010000|0.5|0.6|9|||54|01/01/2023||THICKNESS_FLEXIBLE
3140067010000|0.6|0.65|9|||54|01/01/2023||THICKNESS_FLEXIBLE
0130038000000|0.43|2.43|9|||54|01/01/2023||THICKNESS_FLEXIBLE
0130038000000|5.53|6.31|9|||54|01/01/2023||THICKNESS_FLEXIBLE
2040114010000|0.0|0.1|9|||54|01/01/2023||THICKNESS_FLEXIBLE
2040114010000|0.1|0.2|9|||54|01/01/2023||THICKNESS_FLEXIBLE
2040114010000|0.2|0.3|9|||54|01/01/2023||THICKNESS_FLEXIBLE
2040114010000|0.3|0.4|9|||54|01/01/2023||THICKNESS_FLEXIBLE
2040114010000|0.4|0.5|9|||54|01/01/2023||THICKNESS_FLEXIBLE
2040114010000|0.5|0.6|9|||54|01/01/2023||THICKNESS_FLEXIBLE
2040114010000|0.6|0.7|9|||54|01/01/2023||THICKNESS_FLEXIBLE
2040114010000|0.7|0.8|9|||54|01/01/2023||THICKNESS_FLEXIBLE
2040114010000|0.8|0.9|9|||54|01/01/2023||THICKNESS_FLEXIBLE
2040114010000|0.9|1.0|9|||54|01/01/2023||THICKNESS_FLEXIBLE
2040114010000|1.0|1.07|9|||54|01/01/2023||THICKNESS_FLEXIBLE
2040009030000|0.97|2.86|9|||54|01/01/2023||THICKNESS_FLEXIBLE
0240034030000|0.0|1.01|9|||54|01/01/2023||THICKNESS_FLEXIBLE
3140857000000|0.5|0.6|9|||54|01/01/2023||THICKNESS_FLEXIBLE
3140857000000|0.6|0.7|9|||54|01/01/2023||THICKNESS_FLEXIBLE
3140857000000|0.7|0.8|9|||54|01/01/2023||THICKNESS_FLEXIBLE
3140857000000|0.8|0.9|9|||54|01/01/2023||THICKNESS_FLEXIBLE
3140857000000|0.9|1.0|9|||54|01/01/2023||THICKNESS_FLEXIBLE
3140857000000|1.0|1.1|9|||54|01/01/2023||THICKNESS_FLEXIBLE
3140857000000|1.1|1.2|9|||54|01/01/2023||THICKNESS_FLEXIBLE
3140857000000|1.2|1.3|9|||54|01/01/2023||THICKNESS_FLEXIBLE
3140857000000|1.3|1.4|9|||54|01/01/2023||THICKNESS_FLEXIBLE
3140857000000|1.4|1.41|9|||54|01/01/2023||THICKNESS_FLEXIBLE
3140857000000|5.11|5.2|9|||54|01/01/2023||THICKNESS_FLEXIBLE
3140857000000|5.2|5.3|9|||54|01/01/2023||THICKNESS_FLEXIBLE
3140857000000|5.3|5.4|9|||54|01/01/2023||THICKNESS_FLEXIBLE
3140857000000|5.4|5.5|9|||54|01/01/2023||THICKNESS_FLEXIBLE
3140857000000|5.5|5.59|9|||54|01/01/2023||THICKNESS_FLEXIBLE
3140857000000|10.85|10.9|9|||54|01/01/2023||THICKNESS_FLEXIBLE
3140857000000|10.9|11.0|9|||54|01/01/2023||THICKNESS_FLEXIBLE
3140857000000|11.0|11.1|9|||54|01/01/2023||THICKNESS_FLEXIBLE
3140857000000|11.1|11.2|9|||54|01/01/2023||THICKNESS_FLEXIBLE
3140857000000|11.2|11.3|9|||54|01/01/2023||THICKNESS_FLEXIBLE
3140857000000|11.3|11.35|9|||54|01/01/2023||THICKNESS_FLEXIBLE
0130092000000|8.64|9.265|9|||54|01/01/2023||THICKNESS_FLEXIBLE
0130092000000|9.265|10.73|9|||54|01/01/2023||THICKNESS_FLEXIBLE
4170014001900|0.12|0.29|9|||54|01/01/2023||THICKNESS_FLEXIBLE
1940340180000|0.64|1.24|9|||54|01/01/2023||THICKNESS_FLEXIBLE
0540507000000|0.0|0.25|9|||54|01/01/2023||THICKNESS_FLEXIBLE
0540507000000|0.25|0.34|9|||54|01/01/2023||THICKNESS_FLEXIBLE
0540507000000|0.62|1.2|9|||54|01/01/2023||THICKNESS_FLEXIBLE
3140057000000|1.21|1.3|9|||54|01/01/2023||THICKNESS_FLEXIBLE
3140057000000|1.3|1.33|9|||54|01/01/2023||THICKNESS_FLEXIBLE
1740006000000|0.0|0.808|9|||54|01/01/2023||THICKNESS_FLEXIBLE
13100640000EB|155.4|155.5|9|||54|01/01/2023||THICKNESS_FLEXIBLE
4130041000000|1.9|1.99|9|||54|01/01/2023||THICKNESS_FLEXIBLE
47300320005SB|0.04|0.1|9|||54|01/01/2023||THICKNESS_FLEXIBLE
47300320005SB|0.1|0.19|9|||54|01/01/2023||THICKNESS_FLEXIBLE
0274257001900|0.0|0.11|9|||54|01/01/2023||THICKNESS_FLEXIBLE
0274257001900|0.11|0.114|9|||54|01/01/2023||THICKNESS_FLEXIBLE
0274257001900|0.114|0.42|9|||54|01/01/2023||THICKNESS_FLEXIBLE
3830092000000|0.0|5.83|9|||54|01/01/2023||THICKNESS_FLEXIBLE
1140007000000|6.97|8.45|9|||54|01/01/2023||THICKNESS_FLEXIBLE
1140007000000|8.45|8.67|9|||54|01/01/2023||THICKNESS_FLEXIBLE
4240031000000|0.0|1.81|9|||54|01/01/2023||THICKNESS_FLEXIBLE
13100640000EB|155.5|155.6|9|||54|01/01/2023||THICKNESS_FLEXIBLE
4040012000000|4.71|8.19|9|||54|01/01/2023||THICKNESS_FLEXIBLE
4040012000000|8.19|10.77|9|||54|01/01/2023||THICKNESS_FLEXIBLE
4040012000000|10.77|12.37|9|||54|01/01/2023||THICKNESS_FLEXIBLE
2040023000000|2.48|2.67|9|||54|01/01/2023||THICKNESS_FLEXIBLE
2040023000000|2.67|3.6|9|||54|01/01/2023||THICKNESS_FLEXIBLE
5430095000000|3.77|3.8|9|||54|01/01/2023||THICKNESS_FLEXIBLE
5430095000000|3.8|3.9|9|||54|01/01/2023||THICKNESS_FLEXIBLE
5430095000000|3.9|3.99|9|||54|01/01/2023||THICKNESS_FLEXIBLE
5430095000000|4.2|4.3|9|||54|01/01/2023||THICKNESS_FLEXIBLE
5430095000000|4.3|4.4|9|||54|01/01/2023||THICKNESS_FLEXIBLE
5430095000000|4.4|4.5|9|||54|01/01/2023||THICKNESS_FLEXIBLE
5430095000000|4.5|4.6|9|||54|01/01/2023||THICKNESS_FLEXIBLE
5430095000000|4.6|4.7|9|||54|01/01/2023||THICKNESS_FLEXIBLE
5430095000000|4.7|4.8|9|||54|01/01/2023||THICKNESS_FLEXIBLE
5430095000000|4.8|4.9|9|||54|01/01/2023||THICKNESS_FLEXIBLE
5430095000000|4.9|5.0|9|||54|01/01/2023||THICKNESS_FLEXIBLE
5430095000000|5.0|5.1|9|||54|01/01/2023||THICKNESS_FLEXIBLE
5430095000000|5.1|5.2|9|||54|01/01/2023||THICKNESS_FLEXIBLE
5430095000000|5.2|5.3|9|||54|01/01/2023||THICKNESS_FLEXIBLE
5430095000000|5.3|5.4|9|||54|01/01/2023||THICKNESS_FLEXIBLE
5430095000000|5.4|5.5|9|||54|01/01/2023||THICKNESS_FLEXIBLE
5430095000000|5.5|5.6|9|||54|01/01/2023||THICKNESS_FLEXIBLE
5430095000000|5.6|5.7|9|||54|01/01/2023||THICKNESS_FLEXIBLE
5430095000000|5.7|5.8|9|||54|01/01/2023||THICKNESS_FLEXIBLE
5430095000000|5.8|5.9|9|||54|01/01/2023||THICKNESS_FLEXIBLE
5430095000000|5.9|6.0|9|||54|01/01/2023||THICKNESS_FLEXIBLE
5430095000000|6.0|6.1|9|||54|01/01/2023||THICKNESS_FLEXIBLE
5430095000000|6.1|6.12|9|||54|01/01/2023||THICKNESS_FLEXIBLE
5430095000000|6.12|6.2|9|||54|01/01/2023||THICKNESS_FLEXIBLE
5430095000000|6.2|6.29|9|||54|01/01/2023||THICKNESS_FLEXIBLE
5430095000000|6.44|6.5|9|||54|01/01/2023||THICKNESS_FLEXIBLE
5430095000000|6.5|6.58|9|||54|01/01/2023||THICKNESS_FLEXIBLE
20201190000NB|11.64|11.7|9|||54|01/01/2023||THICKNESS_FLEXIBLE
20201190000NB|11.7|11.8|9|||54|01/01/2023||THICKNESS_FLEXIBLE
20201190000NB|11.8|11.9|9|||54|01/01/2023||THICKNESS_FLEXIBLE
20201190000NB|11.9|12.0|9|||54|01/01/2023||THICKNESS_FLEXIBLE
20201190000NB|12.0|12.1|9|||54|01/01/2023||THICKNESS_FLEXIBLE
20201190000NB|12.1|12.2|9|||54|01/01/2023||THICKNESS_FLEXIBLE
20201190000NB|12.2|12.3|9|||54|01/01/2023||THICKNESS_FLEXIBLE
20201190000NB|12.3|12.4|9|||54|01/01/2023||THICKNESS_FLEXIBLE
20201190000NB|12.4|12.5|9|||54|01/01/2023||THICKNESS_FLEXIBLE
20201190000NB|12.5|12.6|9|||54|01/01/2023||THICKNESS_FLEXIBLE
20201190000NB|12.6|12.7|9|||54|01/01/2023||THICKNESS_FLEXIBLE
20201190000NB|12.7|12.8|9|||54|01/01/2023||THICKNESS_FLEXIBLE
20201190000NB|12.8|12.9|9|||54|01/01/2023||THICKNESS_FLEXIBLE
20201190000NB|12.9|13.0|9|||54|01/01/2023||THICKNESS_FLEXIBLE
20201190000NB|13.0|13.1|9|||54|01/01/2023||THICKNESS_FLEXIBLE
20201190000NB|13.1|13.2|9|||54|01/01/2023||THICKNESS_FLEXIBLE
20201190000NB|13.2|13.3|9|||54|01/01/2023||THICKNESS_FLEXIBLE
20201190000NB|13.3|13.4|9|||54|01/01/2023||THICKNESS_FLEXIBLE
20201190000NB|13.4|13.5|9|||54|01/01/2023||THICKNESS_FLEXIBLE
20201190000NB|13.5|13.6|9|||54|01/01/2023||THICKNESS_FLEXIBLE
20201190000NB|13.6|13.7|9|||54|01/01/2023||THICKNESS_FLEXIBLE
20201190000NB|13.7|13.8|9|||54|01/01/2023||THICKNESS_FLEXIBLE
20201190000NB|13.8|13.9|9|||54|01/01/2023||THICKNESS_FLEXIBLE
20201190000NB|13.9|14.0|9|||54|01/01/2023||THICKNESS_FLEXIBLE
20201190000NB|14.0|14.04|9|||54|01/01/2023||THICKNESS_FLEXIBLE
20201190000NB|14.22|14.3|9|||54|01/01/2023||THICKNESS_FLEXIBLE
20201190000NB|14.3|14.4|9|||54|01/01/2023||THICKNESS_FLEXIBLE
20201190000NB|14.4|14.5|9|||54|01/01/2023||THICKNESS_FLEXIBLE
20201190000NB|14.5|14.6|9|||54|01/01/2023||THICKNESS_FLEXIBLE
20201190000NB|14.6|14.7|9|||54|01/01/2023||THICKNESS_FLEXIBLE
20201190000NB|14.7|14.8|9|||54|01/01/2023||THICKNESS_FLEXIBLE
20201190000NB|14.8|14.9|9|||54|01/01/2023||THICKNESS_FLEXIBLE
20201190000NB|14.9|15.0|9|||54|01/01/2023||THICKNESS_FLEXIBLE
20201190000NB|15.0|15.1|9|||54|01/01/2023||THICKNESS_FLEXIBLE
20201190000NB|15.1|15.2|9|||54|01/01/2023||THICKNESS_FLEXIBLE
20201190000NB|15.2|15.3|9|||54|01/01/2023||THICKNESS_FLEXIBLE
20201190000NB|15.3|15.4|9|||54|01/01/2023||THICKNESS_FLEXIBLE
20201190000NB|15.4|15.5|9|||54|01/01/2023||THICKNESS_FLEXIBLE
20201190000NB|15.5|15.6|9|||54|01/01/2023||THICKNESS_FLEXIBLE
20201190000NB|15.6|15.7|9|||54|01/01/2023||THICKNESS_FLEXIBLE
20201190000NB|15.7|15.8|9|||54|01/01/2023||THICKNESS_FLEXIBLE
20201190000NB|15.8|15.9|9|||54|01/01/2023||THICKNESS_FLEXIBLE
20201190000NB|15.9|16.0|9|||54|01/01/2023||THICKNESS_FLEXIBLE
20201190000NB|16.0|16.1|9|||54|01/01/2023||THICKNESS_FLEXIBLE
20201190000NB|16.1|16.2|9|||54|01/01/2023||THICKNESS_FLEXIBLE
20201190000NB|16.2|16.28|9|||54|01/01/2023||THICKNESS_FLEXIBLE
20201190000NB|16.28|16.3|9|||54|01/01/2023||THICKNESS_FLEXIBLE
20201190000NB|16.3|16.4|9|||54|01/01/2023||THICKNESS_FLEXIBLE
20201190000NB|16.4|16.5|9|||54|01/01/2023||THICKNESS_FLEXIBLE
20201190000NB|16.5|16.6|9|||54|01/01/2023||THICKNESS_FLEXIBLE
20201190000NB|16.6|16.7|9|||54|01/01/2023||THICKNESS_FLEXIBLE
20201190000NB|16.7|16.8|9|||54|01/01/2023||THICKNESS_FLEXIBLE
20201190000NB|16.8|16.9|9|||54|01/01/2023||THICKNESS_FLEXIBLE
20201190000NB|16.9|17.0|9|||54|01/01/2023||THICKNESS_FLEXIBLE
20201190000NB|17.0|17.1|9|||54|01/01/2023||THICKNESS_FLEXIBLE
20201190000NB|17.1|17.16|9|||54|01/01/2023||THICKNESS_FLEXIBLE
35202500010SB|0.0|0.1|9|||54|01/01/2023||THICKNESS_FLEXIBLE
35202500010SB|0.1|0.2|9|||54|01/01/2023||THICKNESS_FLEXIBLE
35202500010SB|0.2|0.3|9|||54|01/01/2023||THICKNESS_FLEXIBLE
35202500010SB|0.3|0.4|9|||54|01/01/2023||THICKNESS_FLEXIBLE
35202500010SB|0.4|0.5|9|||54|01/01/2023||THICKNESS_FLEXIBLE
35202500010SB|0.5|0.6|9|||54|01/01/2023||THICKNESS_FLEXIBLE
35202500010SB|0.6|0.64|9|||54|01/01/2023||THICKNESS_FLEXIBLE
4630310000000|0.0|0.2|9|||54|01/01/2023||THICKNESS_FLEXIBLE
4040046000000|0.0|2.29|9|||54|01/01/2023||THICKNESS_FLEXIBLE
4040046000000|2.55|3.42|9|||54|01/01/2023||THICKNESS_FLEXIBLE
0330099000000|0.0|1.84|9|||54|01/01/2023||THICKNESS_FLEXIBLE
1940031000000|0.0|0.029|9|||54|01/01/2023||THICKNESS_FLEXIBLE
1640007000000|5.61|6.0|9|||54|01/01/2023||THICKNESS_FLEXIBLE
1640007000000|19.2|20.5|9|||54|01/01/2023||THICKNESS_FLEXIBLE
5440004100000|0.0|0.4|9|||54|01/01/2023||THICKNESS_FLEXIBLE
2040039000000|7.15|8.83|9|||54|01/01/2023||THICKNESS_FLEXIBLE
4940151000000|0.0|0.24|9|||54|01/01/2023||THICKNESS_FLEXIBLE
4940151000000|0.34|0.64|9|||54|01/01/2023||THICKNESS_FLEXIBLE
4940151000000|1.13|1.6|9|||54|01/01/2023||THICKNESS_FLEXIBLE
1540507000000|1.51|3.33|9|||54|01/01/2023||THICKNESS_FLEXIBLE
4674200001900|0.0|1.05|9|||54|01/01/2023||THICKNESS_FLEXIBLE
2630002000300|0.0|0.1|9|||54|01/01/2023||THICKNESS_FLEXIBLE
2630002000300|0.1|0.2|9|||54|01/01/2023||THICKNESS_FLEXIBLE
2630002000300|0.2|0.3|9|||54|01/01/2023||THICKNESS_FLEXIBLE
2630002000300|0.3|0.4|9|||54|01/01/2023||THICKNESS_FLEXIBLE
2630002000300|0.4|0.43|9|||54|01/01/2023||THICKNESS_FLEXIBLE
3140060020000|0.0|0.1|9|||54|01/01/2023||THICKNESS_FLEXIBLE
3140060020000|0.1|0.126|9|||54|01/01/2023||THICKNESS_FLEXIBLE
3140060020000|0.126|0.2|9|||54|01/01/2023||THICKNESS_FLEXIBLE
3140060020000|0.2|0.26|9|||54|01/01/2023||THICKNESS_FLEXIBLE
3140059020000|0.0|0.1|9|||54|01/01/2023||THICKNESS_FLEXIBLE
3140059020000|0.1|0.2|9|||54|01/01/2023||THICKNESS_FLEXIBLE
13100640000EB|155.6|155.7|9|||54|01/01/2023||THICKNESS_FLEXIBLE
2330010000000|10.58|10.6|9|||54|01/01/2023||THICKNESS_FLEXIBLE
2330010000000|10.6|10.7|9|||54|01/01/2023||THICKNESS_FLEXIBLE
2330010000000|10.7|10.76|9|||54|01/01/2023||THICKNESS_FLEXIBLE
2540064020000|0.0|0.24|9|||54|01/01/2023||THICKNESS_FLEXIBLE
1740011000000|0.0|1.14|9|||54|01/01/2023||THICKNESS_FLEXIBLE
1740011000000|1.14|2.3|9|||54|01/01/2023||THICKNESS_FLEXIBLE
1740011000000|4.24|4.7|9|||54|01/01/2023||THICKNESS_FLEXIBLE
1740011000000|4.7|5.24|9|||54|01/01/2023||THICKNESS_FLEXIBLE
44200330000EB|4.33|4.4|9|||54|01/01/2023||THICKNESS_FLEXIBLE
44200330000EB|4.4|4.5|9|||54|01/01/2023||THICKNESS_FLEXIBLE
44200330000EB|4.5|4.6|9|||54|01/01/2023||THICKNESS_FLEXIBLE
44200330000EB|4.6|4.7|9|||54|01/01/2023||THICKNESS_FLEXIBLE
44200330000EB|4.7|4.8|9|||54|01/01/2023||THICKNESS_FLEXIBLE
44200330000EB|4.8|4.9|9|||54|01/01/2023||THICKNESS_FLEXIBLE
44200330000EB|4.9|5.0|9|||54|01/01/2023||THICKNESS_FLEXIBLE
44200330000EB|5.0|5.1|9|||54|01/01/2023||THICKNESS_FLEXIBLE
44200330000EB|5.1|5.2|9|||54|01/01/2023||THICKNESS_FLEXIBLE
44200330000EB|5.2|5.3|9|||54|01/01/2023||THICKNESS_FLEXIBLE
44200330000EB|5.3|5.4|9|||54|01/01/2023||THICKNESS_FLEXIBLE
44200330000EB|5.4|5.5|9|||54|01/01/2023||THICKNESS_FLEXIBLE
44200330000EB|5.5|5.6|9|||54|01/01/2023||THICKNESS_FLEXIBLE
44200330000EB|5.6|5.61|9|||54|01/01/2023||THICKNESS_FLEXIBLE
44200330000EB|6.75|6.8|9|||54|01/01/2023||THICKNESS_FLEXIBLE
44200330000EB|6.8|6.9|9|||54|01/01/2023||THICKNESS_FLEXIBLE
44200330000EB|6.9|7.0|9|||54|01/01/2023||THICKNESS_FLEXIBLE
44200330000EB|7.0|7.1|9|||54|01/01/2023||THICKNESS_FLEXIBLE
44200330000EB|7.1|7.2|9|||54|01/01/2023||THICKNESS_FLEXIBLE
44200330000EB|7.2|7.3|9|||54|01/01/2023||THICKNESS_FLEXIBLE
44200330000EB|7.3|7.4|9|||54|01/01/2023||THICKNESS_FLEXIBLE
44200330000EB|7.4|7.5|9|||54|01/01/2023||THICKNESS_FLEXIBLE
44200330000EB|7.5|7.6|9|||54|01/01/2023||THICKNESS_FLEXIBLE
44200330000EB|7.6|7.7|9|||54|01/01/2023||THICKNESS_FLEXIBLE
44200330000EB|7.7|7.8|9|||54|01/01/2023||THICKNESS_FLEXIBLE
44200330000EB|7.8|7.9|9|||54|01/01/2023||THICKNESS_FLEXIBLE
44200330000EB|7.9|8.0|9|||54|01/01/2023||THICKNESS_FLEXIBLE
44200330000EB|8.0|8.1|9|||54|01/01/2023||THICKNESS_FLEXIBLE
44200330000EB|8.1|8.2|9|||54|01/01/2023||THICKNESS_FLEXIBLE
44200330000EB|8.2|8.3|9|||54|01/01/2023||THICKNESS_FLEXIBLE
44200330000EB|8.3|8.4|9|||54|01/01/2023||THICKNESS_FLEXIBLE
44200330000EB|8.4|8.5|9|||54|01/01/2023||THICKNESS_FLEXIBLE
44200330000EB|8.5|8.6|9|||54|01/01/2023||THICKNESS_FLEXIBLE
44200330000EB|8.6|8.7|9|||54|01/01/2023||THICKNESS_FLEXIBLE
44200330000EB|8.7|8.8|9|||54|01/01/2023||THICKNESS_FLEXIBLE
44200330000EB|8.8|8.9|9|||54|01/01/2023||THICKNESS_FLEXIBLE
44200330000EB|8.9|9.0|9|||54|01/01/2023||THICKNESS_FLEXIBLE
44200330000EB|9.0|9.1|9|||54|01/01/2023||THICKNESS_FLEXIBLE
44200330000EB|15.77|15.8|9|||54|01/01/2023||THICKNESS_FLEXIBLE
44200330000EB|15.8|15.9|9|||54|01/01/2023||THICKNESS_FLEXIBLE
44200330000EB|15.9|16.0|9|||54|01/01/2023||THICKNESS_FLEXIBLE
44200330000EB|16.0|16.1|9|||54|01/01/2023||THICKNESS_FLEXIBLE
44200330000EB|16.1|16.2|9|||54|01/01/2023||THICKNESS_FLEXIBLE
44200330000EB|16.2|16.3|9|||54|01/01/2023||THICKNESS_FLEXIBLE
44200330000EB|16.3|16.4|9|||54|01/01/2023||THICKNESS_FLEXIBLE
44200330000EB|16.4|16.5|9|||54|01/01/2023||THICKNESS_FLEXIBLE
44200330000EB|16.5|16.6|9|||54|01/01/2023||THICKNESS_FLEXIBLE
44200330000EB|16.6|16.7|9|||54|01/01/2023||THICKNESS_FLEXIBLE
44200330000EB|16.7|16.8|9|||54|01/01/2023||THICKNESS_FLEXIBLE
44200330000EB|16.8|16.9|9|||54|01/01/2023||THICKNESS_FLEXIBLE
44200330000EB|16.9|17.0|9|||54|01/01/2023||THICKNESS_FLEXIBLE
44200330000EB|17.0|17.1|9|||54|01/01/2023||THICKNESS_FLEXIBLE
44200330000EB|17.1|17.2|9|||54|01/01/2023||THICKNESS_FLEXIBLE
44200330000EB|17.2|17.3|9|||54|01/01/2023||THICKNESS_FLEXIBLE
44200330000EB|17.3|17.4|9|||54|01/01/2023||THICKNESS_FLEXIBLE
44200330000EB|17.4|17.5|9|||54|01/01/2023||THICKNESS_FLEXIBLE
44200330000EB|17.5|17.6|9|||54|01/01/2023||THICKNESS_FLEXIBLE
44200330000EB|17.6|17.7|9|||54|01/01/2023||THICKNESS_FLEXIBLE
44200330000EB|17.7|17.73|9|||54|01/01/2023||THICKNESS_FLEXIBLE
38202500000NB|0.0|0.1|9|||54|01/01/2023||THICKNESS_FLEXIBLE
38202500000NB|0.1|0.2|9|||54|01/01/2023||THICKNESS_FLEXIBLE
38202500000NB|0.2|0.3|9|||54|01/01/2023||THICKNESS_FLEXIBLE
38202500000NB|0.3|0.4|9|||54|01/01/2023||THICKNESS_FLEXIBLE
38202500000NB|0.4|0.5|9|||54|01/01/2023||THICKNESS_FLEXIBLE
38202500000NB|0.5|0.6|9|||54|01/01/2023||THICKNESS_FLEXIBLE
38202500000NB|0.6|0.7|9|||54|01/01/2023||THICKNESS_FLEXIBLE
38202500000NB|0.7|0.8|9|||54|01/01/2023||THICKNESS_FLEXIBLE
38202500000NB|0.8|0.9|9|||54|01/01/2023||THICKNESS_FLEXIBLE
38202500000NB|0.9|1.0|9|||54|01/01/2023||THICKNESS_FLEXIBLE
38202500000NB|1.0|1.1|9|||54|01/01/2023||THICKNESS_FLEXIBLE
38202500000NB|1.1|1.2|9|||54|01/01/2023||THICKNESS_FLEXIBLE
38202500000NB|1.2|1.3|9|||54|01/01/2023||THICKNESS_FLEXIBLE
38202500000NB|1.3|1.4|9|||54|01/01/2023||THICKNESS_FLEXIBLE
38202500000NB|1.4|1.5|9|||54|01/01/2023||THICKNESS_FLEXIBLE
38202500000NB|1.5|1.6|9|||54|01/01/2023||THICKNESS_FLEXIBLE
38202500000NB|1.6|1.7|9|||54|01/01/2023||THICKNESS_FLEXIBLE
38202500000NB|1.7|1.8|9|||54|01/01/2023||THICKNESS_FLEXIBLE
38202500000NB|1.8|1.9|9|||54|01/01/2023||THICKNESS_FLEXIBLE
38202500000NB|1.9|2.0|9|||54|01/01/2023||THICKNESS_FLEXIBLE
38202500000NB|2.0|2.1|9|||54|01/01/2023||THICKNESS_FLEXIBLE
38202500000NB|2.1|2.2|9|||54|01/01/2023||THICKNESS_FLEXIBLE
38202500000NB|2.2|2.3|9|||54|01/01/2023||THICKNESS_FLEXIBLE
38202500000NB|2.3|2.4|9|||54|01/01/2023||THICKNESS_FLEXIBLE
38202500000NB|2.4|2.5|9|||54|01/01/2023||THICKNESS_FLEXIBLE
38202500000NB|2.5|2.6|9|||54|01/01/2023||THICKNESS_FLEXIBLE
38202500000NB|2.6|2.7|9|||54|01/01/2023||THICKNESS_FLEXIBLE
38202500000NB|2.7|2.8|9|||54|01/01/2023||THICKNESS_FLEXIBLE
38202500000NB|2.8|2.9|9|||54|01/01/2023||THICKNESS_FLEXIBLE
38202500000NB|2.9|3.0|9|||54|01/01/2023||THICKNESS_FLEXIBLE
38202500000NB|3.0|3.1|9|||54|01/01/2023||THICKNESS_FLEXIBLE
38202500000NB|3.1|3.2|9|||54|01/01/2023||THICKNESS_FLEXIBLE
38202500000NB|3.2|3.3|9|||54|01/01/2023||THICKNESS_FLEXIBLE
38202500000NB|3.3|3.4|9|||54|01/01/2023||THICKNESS_FLEXIBLE
38202500000NB|3.4|3.5|9|||54|01/01/2023||THICKNESS_FLEXIBLE
38202500000NB|3.5|3.6|9|||54|01/01/2023||THICKNESS_FLEXIBLE
38202500000NB|3.6|3.7|9|||54|01/01/2023||THICKNESS_FLEXIBLE
38202500000NB|3.7|3.8|9|||54|01/01/2023||THICKNESS_FLEXIBLE
38202500000NB|3.8|3.9|9|||54|01/01/2023||THICKNESS_FLEXIBLE
38202500000NB|3.9|4.0|9|||54|01/01/2023||THICKNESS_FLEXIBLE
38202500000NB|4.0|4.1|9|||54|01/01/2023||THICKNESS_FLEXIBLE
38202500000NB|4.1|4.2|9|||54|01/01/2023||THICKNESS_FLEXIBLE
38202500000NB|4.2|4.3|9|||54|01/01/2023||THICKNESS_FLEXIBLE
38202500000NB|4.3|4.4|9|||54|01/01/2023||THICKNESS_FLEXIBLE
38202500000NB|4.4|4.5|9|||54|01/01/2023||THICKNESS_FLEXIBLE
38202500000NB|4.5|4.6|9|||54|01/01/2023||THICKNESS_FLEXIBLE
38202500000NB|4.6|4.7|9|||54|01/01/2023||THICKNESS_FLEXIBLE
38202500000NB|4.7|4.8|9|||54|01/01/2023||THICKNESS_FLEXIBLE
38202500000NB|4.8|4.9|9|||54|01/01/2023||THICKNESS_FLEXIBLE
38202500000NB|4.9|5.0|9|||54|01/01/2023||THICKNESS_FLEXIBLE
38202500000NB|5.01|5.1|9|||54|01/01/2023||THICKNESS_FLEXIBLE
38202500000NB|5.1|5.2|9|||54|01/01/2023||THICKNESS_FLEXIBLE
38202500000NB|5.2|5.3|9|||54|01/01/2023||THICKNESS_FLEXIBLE
38202500000NB|5.3|5.4|9|||54|01/01/2023||THICKNESS_FLEXIBLE
38202500000NB|5.4|5.5|9|||54|01/01/2023||THICKNESS_FLEXIBLE
38202500000NB|5.5|5.6|9|||54|01/01/2023||THICKNESS_FLEXIBLE
38202500000NB|5.6|5.7|9|||54|01/01/2023||THICKNESS_FLEXIBLE
38202500000NB|5.7|5.8|9|||54|01/01/2023||THICKNESS_FLEXIBLE
38202500000NB|5.8|5.9|9|||54|01/01/2023||THICKNESS_FLEXIBLE
38202500000NB|5.9|6.0|9|||54|01/01/2023||THICKNESS_FLEXIBLE
38202500000NB|6.0|6.1|9|||54|01/01/2023||THICKNESS_FLEXIBLE
38202500000NB|6.1|6.2|9|||54|01/01/2023||THICKNESS_FLEXIBLE
38202500000NB|6.2|6.3|9|||54|01/01/2023||THICKNESS_FLEXIBLE
38202500000NB|6.3|6.4|9|||54|01/01/2023||THICKNESS_FLEXIBLE
38202500000NB|6.4|6.5|9|||54|01/01/2023||THICKNESS_FLEXIBLE
38202500000NB|6.5|6.6|9|||54|01/01/2023||THICKNESS_FLEXIBLE
38202500000NB|6.6|6.7|9|||54|01/01/2023||THICKNESS_FLEXIBLE
38202500000NB|6.7|6.8|9|||54|01/01/2023||THICKNESS_FLEXIBLE
38202500000NB|6.8|6.9|9|||54|01/01/2023||THICKNESS_FLEXIBLE
38202500000NB|6.9|7.0|9|||54|01/01/2023||THICKNESS_FLEXIBLE
3578277001900|0.0|0.13|9|||54|01/01/2023||THICKNESS_FLEXIBLE
0540002010000|0.0|0.13|9|||54|01/01/2023||THICKNESS_FLEXIBLE
0540002010000|0.13|1.03|9|||54|01/01/2023||THICKNESS_FLEXIBLE
16202200000NB|10.0|10.1|9|||54|01/01/2023||THICKNESS_FLEXIBLE
16202200000NB|10.1|10.2|9|||54|01/01/2023||THICKNESS_FLEXIBLE
16202200000NB|10.2|10.3|9|||54|01/01/2023||THICKNESS_FLEXIBLE
16202200000NB|10.3|10.4|9|||54|01/01/2023||THICKNESS_FLEXIBLE
16202200000NB|10.4|10.5|9|||54|01/01/2023||THICKNESS_FLEXIBLE
16202200000NB|10.5|10.53|9|||54|01/01/2023||THICKNESS_FLEXIBLE
16202200000NB|10.53|10.6|9|||54|01/01/2023||THICKNESS_FLEXIBLE
16202200000NB|10.6|10.69|9|||54|01/01/2023||THICKNESS_FLEXIBLE
16202200000NB|10.7|10.8|9|||54|01/01/2023||THICKNESS_FLEXIBLE
16202200000NB|10.8|10.9|9|||54|01/01/2023||THICKNESS_FLEXIBLE
16202200000NB|10.9|11.0|9|||54|01/01/2023||THICKNESS_FLEXIBLE
16202200000NB|11.0|11.1|9|||54|01/01/2023||THICKNESS_FLEXIBLE
16202200000NB|11.1|11.2|9|||54|01/01/2023||THICKNESS_FLEXIBLE
16202200000NB|11.2|11.3|9|||54|01/01/2023||THICKNESS_FLEXIBLE
16202200000NB|11.3|11.4|9|||54|01/01/2023||THICKNESS_FLEXIBLE
16202200000NB|11.4|11.5|9|||54|01/01/2023||THICKNESS_FLEXIBLE
16202200000NB|11.5|11.6|9|||54|01/01/2023||THICKNESS_FLEXIBLE
16202200000NB|11.6|11.7|9|||54|01/01/2023||THICKNESS_FLEXIBLE
16202200000NB|11.8|11.9|9|||54|01/01/2023||THICKNESS_FLEXIBLE
16202200000NB|11.9|12.0|9|||54|01/01/2023||THICKNESS_FLEXIBLE
16202200000NB|12.0|12.1|9|||54|01/01/2023||THICKNESS_FLEXIBLE
16202200000NB|12.1|12.2|9|||54|01/01/2023||THICKNESS_FLEXIBLE
16202200000NB|12.2|12.3|9|||54|01/01/2023||THICKNESS_FLEXIBLE
16202200000NB|12.3|12.4|9|||54|01/01/2023||THICKNESS_FLEXIBLE
16202200000NB|12.4|12.5|9|||54|01/01/2023||THICKNESS_FLEXIBLE
16202200000NB|12.5|12.6|9|||54|01/01/2023||THICKNESS_FLEXIBLE
16202200000NB|12.6|12.7|9|||54|01/01/2023||THICKNESS_FLEXIBLE
16202200000NB|12.7|12.8|9|||54|01/01/2023||THICKNESS_FLEXIBLE
16202200000NB|12.8|12.9|9|||54|01/01/2023||THICKNESS_FLEXIBLE
16202200000NB|12.9|12.96|9|||54|01/01/2023||THICKNESS_FLEXIBLE
5475791001900|0.0|0.37|9|||54|01/01/2023||THICKNESS_FLEXIBLE
2870504001900|0.0|0.47|9|||54|01/01/2023||THICKNESS_FLEXIBLE
2870504001900|0.47|0.71|9|||54|01/01/2023||THICKNESS_FLEXIBLE
5440016000000|0.0|0.5|9|||54|01/01/2023||THICKNESS_FLEXIBLE
5440016000000|0.5|0.9|9|||54|01/01/2023||THICKNESS_FLEXIBLE
5440016000000|0.9|1.12|9|||54|01/01/2023||THICKNESS_FLEXIBLE
5440016000000|1.21|1.47|9|||54|01/01/2023||THICKNESS_FLEXIBLE
4130307000000|7.42|8.45|9|||54|01/01/2023||THICKNESS_FLEXIBLE
2040006010000|0.46|1.89|9|||54|01/01/2023||THICKNESS_FLEXIBLE
2040049000000|0.68|1.17|9|||54|01/01/2023||THICKNESS_FLEXIBLE
1540011030000|0.06|0.352|9|||54|01/01/2023||THICKNESS_FLEXIBLE
13100640000EB|155.7|155.8|9|||54|01/01/2023||THICKNESS_FLEXIBLE
13100640000EB|155.8|155.9|9|||54|01/01/2023||THICKNESS_FLEXIBLE
13100640000EB|155.9|156.0|9|||54|01/01/2023||THICKNESS_FLEXIBLE
13100640000EB|156.0|156.1|9|||54|01/01/2023||THICKNESS_FLEXIBLE
13100640000EB|156.1|156.18|9|||54|01/01/2023||THICKNESS_FLEXIBLE
13100640000EB|156.18|156.2|9|||54|01/01/2023||THICKNESS_FLEXIBLE
13100640000EB|156.2|156.3|9|||54|01/01/2023||THICKNESS_FLEXIBLE
13100640000EB|156.3|156.4|9|||54|01/01/2023||THICKNESS_FLEXIBLE
13100640000EB|156.4|156.5|9|||54|01/01/2023||THICKNESS_FLEXIBLE
13100640000EB|156.5|156.6|9|||54|01/01/2023||THICKNESS_FLEXIBLE
13100640000EB|156.6|156.7|9|||54|01/01/2023||THICKNESS_FLEXIBLE
13100640000EB|156.7|156.8|9|||54|01/01/2023||THICKNESS_FLEXIBLE
13100640000EB|156.8|156.9|9|||54|01/01/2023||THICKNESS_FLEXIBLE
13100640000EB|156.9|157.0|9|||54|01/01/2023||THICKNESS_FLEXIBLE
13100640000EB|157.0|157.1|9|||54|01/01/2023||THICKNESS_FLEXIBLE
13100640000EB|157.1|157.2|9|||54|01/01/2023||THICKNESS_FLEXIBLE
13100640000EB|157.2|157.3|9|||54|01/01/2023||THICKNESS_FLEXIBLE
13100640000EB|157.3|157.4|9|||54|01/01/2023||THICKNESS_FLEXIBLE
13100640000EB|157.4|157.5|9|||54|01/01/2023||THICKNESS_FLEXIBLE
13100640000EB|157.5|157.6|9|||54|01/01/2023||THICKNESS_FLEXIBLE
13100640000EB|157.6|157.7|9|||54|01/01/2023||THICKNESS_FLEXIBLE
13100640000EB|157.7|157.8|9|||54|01/01/2023||THICKNESS_FLEXIBLE
13100640000EB|157.8|157.9|9|||54|01/01/2023||THICKNESS_FLEXIBLE
13100640000EB|157.9|158.0|9|||54|01/01/2023||THICKNESS_FLEXIBLE
13100640000EB|158.0|158.1|9|||54|01/01/2023||THICKNESS_FLEXIBLE
13100640000EB|158.1|158.2|9|||54|01/01/2023||THICKNESS_FLEXIBLE
13100640000EB|158.2|158.3|9|||54|01/01/2023||THICKNESS_FLEXIBLE
13100640000EB|158.3|158.4|9|||54|01/01/2023||THICKNESS_FLEXIBLE
13100640000EB|158.4|158.5|9|||54|01/01/2023||THICKNESS_FLEXIBLE
13100640000EB|158.5|158.6|9|||54|01/01/2023||THICKNESS_FLEXIBLE
13100640000EB|158.6|158.7|9|||54|01/01/2023||THICKNESS_FLEXIBLE
13100640000EB|158.7|158.8|9|||54|01/01/2023||THICKNESS_FLEXIBLE
13100640000EB|158.8|158.9|9|||54|01/01/2023||THICKNESS_FLEXIBLE
13100640000EB|158.9|159.0|9|||54|01/01/2023||THICKNESS_FLEXIBLE
13100640000EB|159.0|159.1|9|||54|01/01/2023||THICKNESS_FLEXIBLE
13100640000EB|159.1|159.2|9|||54|01/01/2023||THICKNESS_FLEXIBLE
13100640000EB|159.2|159.3|9|||54|01/01/2023||THICKNESS_FLEXIBLE
13100640000EB|159.3|159.4|9|||54|01/01/2023||THICKNESS_FLEXIBLE
13100640000EB|159.4|159.5|9|||54|01/01/2023||THICKNESS_FLEXIBLE
13100640000EB|159.5|159.6|9|||54|01/01/2023||THICKNESS_FLEXIBLE
13100640000EB|159.6|159.7|9|||54|01/01/2023||THICKNESS_FLEXIBLE
13100640000EB|159.7|159.8|9|||54|01/01/2023||THICKNESS_FLEXIBLE
13100640000EB|159.8|159.9|9|||54|01/01/2023||THICKNESS_FLEXIBLE
13100640000EB|159.9|160.0|9|||54|01/01/2023||THICKNESS_FLEXIBLE
13100640000EB|160.0|160.1|9|||54|01/01/2023||THICKNESS_FLEXIBLE
13100640000EB|160.1|160.2|9|||54|01/01/2023||THICKNESS_FLEXIBLE
13100640000EB|160.2|160.3|9|||54|01/01/2023||THICKNESS_FLEXIBLE
13100640000EB|160.3|160.4|9|||54|01/01/2023||THICKNESS_FLEXIBLE
13100640000EB|160.4|160.5|9|||54|01/01/2023||THICKNESS_FLEXIBLE
13100640000EB|160.5|160.6|9|||54|01/01/2023||THICKNESS_FLEXIBLE
13100640000EB|160.6|160.7|9|||54|01/01/2023||THICKNESS_FLEXIBLE
13100640000EB|160.7|160.8|9|||54|01/01/2023||THICKNESS_FLEXIBLE
13100640000EB|160.8|160.9|9|||54|01/01/2023||THICKNESS_FLEXIBLE
13100640000EB|160.9|161.0|9|||54|01/01/2023||THICKNESS_FLEXIBLE
13100640000EB|161.0|161.1|9|||54|01/01/2023||THICKNESS_FLEXIBLE
13100640000EB|161.1|161.2|9|||54|01/01/2023||THICKNESS_FLEXIBLE
13100640000EB|161.2|161.3|9|||54|01/01/2023||THICKNESS_FLEXIBLE
13100640000EB|161.3|161.4|9|||54|01/01/2023||THICKNESS_FLEXIBLE
13100640000EB|161.4|161.46|9|||54|01/01/2023||THICKNESS_FLEXIBLE
13100640000EB|161.46|161.5|9|||54|01/01/2023||THICKNESS_FLEXIBLE
13100640000EB|161.5|161.6|9|||54|01/01/2023||THICKNESS_FLEXIBLE
13100640000EB|161.6|161.7|9|||54|01/01/2023||THICKNESS_FLEXIBLE
13100640000EB|161.7|161.8|9|||54|01/01/2023||THICKNESS_FLEXIBLE
13100640000EB|161.8|161.9|9|||54|01/01/2023||THICKNESS_FLEXIBLE
13100640000EB|161.9|162.0|9|||54|01/01/2023||THICKNESS_FLEXIBLE
13100640000EB|162.0|162.1|9|||54|01/01/2023||THICKNESS_FLEXIBLE
13100640000EB|162.1|162.2|9|||54|01/01/2023||THICKNESS_FLEXIBLE
13100640000EB|162.2|162.3|9|||54|01/01/2023||THICKNESS_FLEXIBLE
13100640000EB|162.3|162.4|9|||54|01/01/2023||THICKNESS_FLEXIBLE
13100640000EB|162.4|162.5|9|||54|01/01/2023||THICKNESS_FLEXIBLE
13100640000EB|162.5|162.6|9|||54|01/01/2023||THICKNESS_FLEXIBLE
13100640000EB|162.6|162.7|9|||54|01/01/2023||THICKNESS_FLEXIBLE
13100640000EB|162.7|162.8|9|||54|01/01/2023||THICKNESS_FLEXIBLE
13100640000EB|162.8|162.9|9|||54|01/01/2023||THICKNESS_FLEXIBLE
13100640000EB|162.9|163.0|9|||54|01/01/2023||THICKNESS_FLEXIBLE
13100640000EB|163.0|163.1|9|||54|01/01/2023||THICKNESS_FLEXIBLE
13100640000EB|163.1|163.2|9|||54|01/01/2023||THICKNESS_FLEXIBLE
13100640000EB|163.2|163.3|9|||54|01/01/2023||THICKNESS_FLEXIBLE
13100640000EB|163.3|163.4|9|||54|01/01/2023||THICKNESS_FLEXIBLE
13100640000EB|163.4|163.5|9|||54|01/01/2023||THICKNESS_FLEXIBLE
13100640000EB|163.5|163.6|9|||54|01/01/2023||THICKNESS_FLEXIBLE
13100640000EB|163.6|163.7|9|||54|01/01/2023||THICKNESS_FLEXIBLE
13100640000EB|163.7|163.8|9|||54|01/01/2023||THICKNESS_FLEXIBLE
13100640000EB|163.8|163.9|9|||54|01/01/2023||THICKNESS_FLEXIBLE
13100640000EB|163.9|164.0|9|||54|01/01/2023||THICKNESS_FLEXIBLE
13100640000EB|164.0|164.1|9|||54|01/01/2023||THICKNESS_FLEXIBLE
13100640000EB|164.1|164.2|9|||54|01/01/2023||THICKNESS_FLEXIBLE
13100640000EB|164.2|164.3|9|||54|01/01/2023||THICKNESS_FLEXIBLE
13100640000EB|164.3|164.4|9|||54|01/01/2023||THICKNESS_FLEXIBLE
13100640000EB|164.4|164.5|9|||54|01/01/2023||THICKNESS_FLEXIBLE
13100640000EB|164.5|164.6|9|||54|01/01/2023||THICKNESS_FLEXIBLE
13100640000EB|164.6|164.7|9|||54|01/01/2023||THICKNESS_FLEXIBLE
13100640000EB|164.7|164.8|9|||54|01/01/2023||THICKNESS_FLEXIBLE
13100640000EB|164.8|164.9|9|||54|01/01/2023||THICKNESS_FLEXIBLE
13100640000EB|164.9|165.0|9|||54|01/01/2023||THICKNESS_FLEXIBLE
13100640000EB|165.0|165.1|9|||54|01/01/2023||THICKNESS_FLEXIBLE
13100640000EB|165.1|165.2|9|||54|01/01/2023||THICKNESS_FLEXIBLE
13100640000EB|165.2|165.3|9|||54|01/01/2023||THICKNESS_FLEXIBLE
13100640000EB|165.3|165.4|9|||54|01/01/2023||THICKNESS_FLEXIBLE
13100640000EB|165.4|165.5|9|||54|01/01/2023||THICKNESS_FLEXIBLE
13100640000EB|165.5|165.6|9|||54|01/01/2023||THICKNESS_FLEXIBLE
13100640000EB|165.6|165.7|9|||54|01/01/2023||THICKNESS_FLEXIBLE
13100640000EB|165.7|165.8|9|||54|01/01/2023||THICKNESS_FLEXIBLE
13100640000EB|165.8|165.87|9|||54|01/01/2023||THICKNESS_FLEXIBLE
13100640000EB|165.87|165.9|9|||54|01/01/2023||THICKNESS_FLEXIBLE
13100640000EB|165.9|165.95|9|||54|01/01/2023||THICKNESS_FLEXIBLE
13100640000EB|165.95|166.0|9|||54|01/01/2023||THICKNESS_FLEXIBLE
13100640000EB|166.0|166.1|9|||54|01/01/2023||THICKNESS_FLEXIBLE
13100640000EB|166.1|166.2|9|||54|01/01/2023||THICKNESS_FLEXIBLE
13100640000EB|166.2|166.3|9|||54|01/01/2023||THICKNESS_FLEXIBLE
13100640000EB|166.3|166.4|9|||54|01/01/2023||THICKNESS_FLEXIBLE
13100640000EB|166.4|166.5|9|||54|01/01/2023||THICKNESS_FLEXIBLE
13100640000EB|166.5|166.6|9|||54|01/01/2023||THICKNESS_FLEXIBLE
13100640000EB|166.6|166.7|9|||54|01/01/2023||THICKNESS_FLEXIBLE
13100640000EB|166.7|166.8|9|||54|01/01/2023||THICKNESS_FLEXIBLE
13100640000EB|166.8|166.9|9|||54|01/01/2023||THICKNESS_FLEXIBLE
13100640000EB|166.9|167.0|9|||54|01/01/2023||THICKNESS_FLEXIBLE
13100640000EB|167.0|167.1|9|||54|01/01/2023||THICKNESS_FLEXIBLE
13100640000EB|167.1|167.2|9|||54|01/01/2023||THICKNESS_FLEXIBLE
13100640000EB|167.2|167.3|9|||54|01/01/2023||THICKNESS_FLEXIBLE
13100640000EB|167.3|167.4|9|||54|01/01/2023||THICKNESS_FLEXIBLE
13100640000EB|167.4|167.5|9|||54|01/01/2023||THICKNESS_FLEXIBLE
13100640000EB|167.5|167.6|9|||54|01/01/2023||THICKNESS_FLEXIBLE
13100640000EB|167.6|167.7|9|||54|01/01/2023||THICKNESS_FLEXIBLE
13100640000EB|167.7|167.8|9|||54|01/01/2023||THICKNESS_FLEXIBLE
13100640000EB|167.8|167.9|9|||54|01/01/2023||THICKNESS_FLEXIBLE
13100640000EB|167.9|168.0|9|||54|01/01/2023||THICKNESS_FLEXIBLE
13100640000EB|168.0|168.1|9|||54|01/01/2023||THICKNESS_FLEXIBLE
13100640000EB|168.1|168.2|9|||54|01/01/2023||THICKNESS_FLEXIBLE
13100640000EB|168.2|168.3|9|||54|01/01/2023||THICKNESS_FLEXIBLE
13100640000EB|168.3|168.4|9|||54|01/01/2023||THICKNESS_FLEXIBLE
13100640000EB|168.4|168.5|9|||54|01/01/2023||THICKNESS_FLEXIBLE
13100640000EB|168.5|168.6|9|||54|01/01/2023||THICKNESS_FLEXIBLE
13100640000EB|168.6|168.7|9|||54|01/01/2023||THICKNESS_FLEXIBLE
13100640000EB|168.7|168.8|9|||54|01/01/2023||THICKNESS_FLEXIBLE
13100640000EB|168.8|168.89|9|||54|01/01/2023||THICKNESS_FLEXIBLE
13100640000EB|168.96|169.0|9|||54|01/01/2023||THICKNESS_FLEXIBLE
13100640000EB|169.0|169.1|9|||54|01/01/2023||THICKNESS_FLEXIBLE
13100640000EB|169.1|169.2|9|||54|01/01/2023||THICKNESS_FLEXIBLE
13100640000EB|169.2|169.3|9|||54|01/01/2023||THICKNESS_FLEXIBLE
13100640000EB|169.3|169.38|9|||54|01/01/2023||THICKNESS_FLEXIBLE
13100640000EB|169.38|169.4|9|||54|01/01/2023||THICKNESS_FLEXIBLE
13100640000EB|169.4|169.41|9|||54|01/01/2023||THICKNESS_FLEXIBLE
13100640000EB|169.41|169.5|9|||54|01/01/2023||THICKNESS_FLEXIBLE
13100640000EB|169.5|169.6|9|||54|01/01/2023||THICKNESS_FLEXIBLE
13100640000EB|169.6|169.7|9|||54|01/01/2023||THICKNESS_FLEXIBLE
13100640000EB|169.7|169.8|9|||54|01/01/2023||THICKNESS_FLEXIBLE
13100640000EB|169.8|169.9|9|||54|01/01/2023||THICKNESS_FLEXIBLE
13100640000EB|169.9|170.0|9|||54|01/01/2023||THICKNESS_FLEXIBLE
13100640000EB|170.0|170.09|9|||54|01/01/2023||THICKNESS_FLEXIBLE
13100640000EB|170.09|170.1|9|||54|01/01/2023||THICKNESS_FLEXIBLE
13100640000EB|170.1|170.2|9|||54|01/01/2023||THICKNESS_FLEXIBLE
13100640000EB|170.2|170.23|9|||54|01/01/2023||THICKNESS_FLEXIBLE
13100640000EB|172.62|172.7|9|||54|01/01/2023||THICKNESS_FLEXIBLE
13100640000EB|172.7|172.8|9|||54|01/01/2023||THICKNESS_FLEXIBLE
13100640000EB|172.8|172.9|9|||54|01/01/2023||THICKNESS_FLEXIBLE
13100640000EB|172.9|173.0|9|||54|01/01/2023||THICKNESS_FLEXIBLE
13100640000EB|173.0|173.1|9|||54|01/01/2023||THICKNESS_FLEXIBLE
13100640000EB|173.1|173.2|9|||54|01/01/2023||THICKNESS_FLEXIBLE
13100640000EB|173.2|173.3|9|||54|01/01/2023||THICKNESS_FLEXIBLE
13100640000EB|173.3|173.4|9|||54|01/01/2023||THICKNESS_FLEXIBLE
13100640000EB|173.4|173.5|9|||54|01/01/2023||THICKNESS_FLEXIBLE
13100640000EB|173.5|173.6|9|||54|01/01/2023||THICKNESS_FLEXIBLE
13100640000EB|173.6|173.7|9|||54|01/01/2023||THICKNESS_FLEXIBLE
13100640000EB|173.7|173.8|9|||54|01/01/2023||THICKNESS_FLEXIBLE
13100640000EB|173.8|173.9|9|||54|01/01/2023||THICKNESS_FLEXIBLE
13100640000EB|173.9|174.0|9|||54|01/01/2023||THICKNESS_FLEXIBLE
13100640000EB|174.0|174.1|9|||54|01/01/2023||THICKNESS_FLEXIBLE
13100640000EB|174.1|174.2|9|||54|01/01/2023||THICKNESS_FLEXIBLE
13100640000EB|174.2|174.3|9|||54|01/01/2023||THICKNESS_FLEXIBLE
13100640000EB|174.3|174.4|9|||54|01/01/2023||THICKNESS_FLEXIBLE
13100640000EB|174.4|174.5|9|||54|01/01/2023||THICKNESS_FLEXIBLE
13100640000EB|174.5|174.6|9|||54|01/01/2023||THICKNESS_FLEXIBLE
13100640000EB|174.6|174.7|9|||54|01/01/2023||THICKNESS_FLEXIBLE
13100640000EB|174.7|174.8|9|||54|01/01/2023||THICKNESS_FLEXIBLE
13100640000EB|174.8|174.9|9|||54|01/01/2023||THICKNESS_FLEXIBLE
13100640000EB|174.9|175.0|9|||54|01/01/2023||THICKNESS_FLEXIBLE
13100640000EB|175.0|175.1|9|||54|01/01/2023||THICKNESS_FLEXIBLE
13100640000EB|175.1|175.2|9|||54|01/01/2023||THICKNESS_FLEXIBLE
13100640000EB|175.2|175.3|9|||54|01/01/2023||THICKNESS_FLEXIBLE
13100640000EB|175.3|175.31|9|||54|01/01/2023||THICKNESS_FLEXIBLE
13100640000EB|175.31|175.4|9|||54|01/01/2023||THICKNESS_FLEXIBLE
13100640000EB|175.4|175.5|9|||54|01/01/2023||THICKNESS_FLEXIBLE
13100640000EB|175.5|175.6|9|||54|01/01/2023||THICKNESS_FLEXIBLE
13100640000EB|175.6|175.7|9|||54|01/01/2023||THICKNESS_FLEXIBLE
13100640000EB|175.7|175.8|9|||54|01/01/2023||THICKNESS_FLEXIBLE
13100640000EB|175.8|175.9|9|||54|01/01/2023||THICKNESS_FLEXIBLE
13100640000EB|175.9|176.0|9|||54|01/01/2023||THICKNESS_FLEXIBLE
13100640000EB|176.0|176.1|9|||54|01/01/2023||THICKNESS_FLEXIBLE
13100640000EB|176.1|176.16|9|||54|01/01/2023||THICKNESS_FLEXIBLE
13100640000EB|176.16|176.2|9|||54|01/01/2023||THICKNESS_FLEXIBLE
54300680005SB|1.69|1.7|9|||54|01/01/2023||THICKNESS_FLEXIBLE
54300680005SB|1.7|1.8|9|||54|01/01/2023||THICKNESS_FLEXIBLE
54300680005SB|1.8|1.9|9|||54|01/01/2023||THICKNESS_FLEXIBLE
54300680005SB|1.9|1.92|9|||54|01/01/2023||THICKNESS_FLEXIBLE
13100640000EB|176.2|176.3|9|||54|01/01/2023||THICKNESS_FLEXIBLE
17200500000EB|0.0|0.1|9|||54|01/01/2023||THICKNESS_FLEXIBLE
17200500000EB|0.1|0.2|9|||54|01/01/2023||THICKNESS_FLEXIBLE
17200500000EB|0.2|0.3|9|||54|01/01/2023||THICKNESS_FLEXIBLE
17200500000EB|0.3|0.4|9|||54|01/01/2023||THICKNESS_FLEXIBLE
17200500000EB|0.4|0.5|9|||54|01/01/2023||THICKNESS_FLEXIBLE
17200500000EB|0.5|0.6|9|||54|01/01/2023||THICKNESS_FLEXIBLE
17200500000EB|0.6|0.7|9|||54|01/01/2023||THICKNESS_FLEXIBLE
17200500000EB|0.7|0.8|9|||54|01/01/2023||THICKNESS_FLEXIBLE
17200500000EB|0.8|0.9|9|||54|01/01/2023||THICKNESS_FLEXIBLE
17200500000EB|0.9|1.0|9|||54|01/01/2023||THICKNESS_FLEXIBLE
17200500000EB|1.0|1.1|9|||54|01/01/2023||THICKNESS_FLEXIBLE
17200500000EB|1.1|1.2|9|||54|01/01/2023||THICKNESS_FLEXIBLE
17200500000EB|1.2|1.3|9|||54|01/01/2023||THICKNESS_FLEXIBLE
17200500000EB|1.3|1.4|9|||54|01/01/2023||THICKNESS_FLEXIBLE
17200500000EB|1.4|1.5|9|||54|01/01/2023||THICKNESS_FLEXIBLE
17200500000EB|1.5|1.53|9|||54|01/01/2023||THICKNESS_FLEXIBLE
17200500000EB|1.53|1.6|9|||54|01/01/2023||THICKNESS_FLEXIBLE
17200500000EB|1.6|1.7|9|||54|01/01/2023||THICKNESS_FLEXIBLE
17200500000EB|1.7|1.8|9|||54|01/01/2023||THICKNESS_FLEXIBLE
17200500000EB|1.8|1.9|9|||54|01/01/2023||THICKNESS_FLEXIBLE
17200500000EB|1.9|2.0|9|||54|01/01/2023||THICKNESS_FLEXIBLE
17200500000EB|2.0|2.1|9|||54|01/01/2023||THICKNESS_FLEXIBLE
17200500000EB|2.1|2.2|9|||54|01/01/2023||THICKNESS_FLEXIBLE
17200500000EB|2.2|2.3|9|||54|01/01/2023||THICKNESS_FLEXIBLE
17200500000EB|2.3|2.4|9|||54|01/01/2023||THICKNESS_FLEXIBLE
17200500000EB|2.4|2.5|9|||54|01/01/2023||THICKNESS_FLEXIBLE
17200500000EB|2.5|2.6|9|||54|01/01/2023||THICKNESS_FLEXIBLE
17200500000EB|2.6|2.7|9|||54|01/01/2023||THICKNESS_FLEXIBLE
17200500000EB|2.7|2.8|9|||54|01/01/2023||THICKNESS_FLEXIBLE
17200500000EB|2.8|2.9|9|||54|01/01/2023||THICKNESS_FLEXIBLE
17200500000EB|2.9|3.0|9|||54|01/01/2023||THICKNESS_FLEXIBLE
17200500000EB|3.0|3.1|9|||54|01/01/2023||THICKNESS_FLEXIBLE
17200500000EB|3.1|3.2|9|||54|01/01/2023||THICKNESS_FLEXIBLE
17200500000EB|3.2|3.3|9|||54|01/01/2023||THICKNESS_FLEXIBLE
17200500000EB|3.3|3.37|9|||54|01/01/2023||THICKNESS_FLEXIBLE
17200500000EB|3.42|3.5|9|||54|01/01/2023||THICKNESS_FLEXIBLE
17200500000EB|3.5|3.6|9|||54|01/01/2023||THICKNESS_FLEXIBLE
17200500000EB|3.6|3.7|9|||54|01/01/2023||THICKNESS_FLEXIBLE
17200500000EB|3.7|3.8|9|||54|01/01/2023||THICKNESS_FLEXIBLE
17200500000EB|6.11|6.2|9|||54|01/01/2023||THICKNESS_FLEXIBLE
17200500000EB|6.2|6.3|9|||54|01/01/2023||THICKNESS_FLEXIBLE
17200500000EB|6.3|6.4|9|||54|01/01/2023||THICKNESS_FLEXIBLE
17200500000EB|6.4|6.5|9|||54|01/01/2023||THICKNESS_FLEXIBLE
17200500000EB|6.5|6.6|9|||54|01/01/2023||THICKNESS_FLEXIBLE
17200500000EB|6.6|6.7|9|||54|01/01/2023||THICKNESS_FLEXIBLE
17200500000EB|6.7|6.8|9|||54|01/01/2023||THICKNESS_FLEXIBLE
17200500000EB|6.8|6.9|9|||54|01/01/2023||THICKNESS_FLEXIBLE
17200500000EB|6.9|7.0|9|||54|01/01/2023||THICKNESS_FLEXIBLE
17200500000EB|7.0|7.1|9|||54|01/01/2023||THICKNESS_FLEXIBLE
17200500000EB|7.1|7.16|9|||54|01/01/2023||THICKNESS_FLEXIBLE
17200500000EB|11.38|11.4|9|||54|01/01/2023||THICKNESS_FLEXIBLE
17200500000EB|11.4|11.5|9|||54|01/01/2023||THICKNESS_FLEXIBLE
17200500000EB|11.5|11.6|9|||54|01/01/2023||THICKNESS_FLEXIBLE
17200500000EB|11.6|11.7|9|||54|01/01/2023||THICKNESS_FLEXIBLE
17200500000EB|11.7|11.8|9|||54|01/01/2023||THICKNESS_FLEXIBLE
17200500000EB|11.8|11.9|9|||54|01/01/2023||THICKNESS_FLEXIBLE
17200500000EB|11.9|12.0|9|||54|01/01/2023||THICKNESS_FLEXIBLE
17200500000EB|12.0|12.1|9|||54|01/01/2023||THICKNESS_FLEXIBLE
17200500000EB|12.1|12.2|9|||54|01/01/2023||THICKNESS_FLEXIBLE
17200500000EB|12.2|12.29|9|||54|01/01/2023||THICKNESS_FLEXIBLE
17200500000EB|12.29|12.3|9|||54|01/01/2023||THICKNESS_FLEXIBLE
17200500000EB|12.3|12.4|9|||54|01/01/2023||THICKNESS_FLEXIBLE
17200500000EB|12.4|12.5|9|||54|01/01/2023||THICKNESS_FLEXIBLE
17200500000EB|12.5|12.6|9|||54|01/01/2023||THICKNESS_FLEXIBLE
17200500000EB|12.6|12.7|9|||54|01/01/2023||THICKNESS_FLEXIBLE
17200500000EB|12.7|12.8|9|||54|01/01/2023||THICKNESS_FLEXIBLE
17200500000EB|12.8|12.88|9|||54|01/01/2023||THICKNESS_FLEXIBLE
17200500000EB|13.25|13.3|9|||54|01/01/2023||THICKNESS_FLEXIBLE
17200500000EB|13.3|13.4|9|||54|01/01/2023||THICKNESS_FLEXIBLE
17200500000EB|13.4|13.5|9|||54|01/01/2023||THICKNESS_FLEXIBLE
17200500000EB|13.5|13.6|9|||54|01/01/2023||THICKNESS_FLEXIBLE
17200500000EB|13.6|13.7|9|||54|01/01/2023||THICKNESS_FLEXIBLE
17200500000EB|13.7|13.78|9|||54|01/01/2023||THICKNESS_FLEXIBLE
17200500000EB|13.78|13.8|9|||54|01/01/2023||THICKNESS_FLEXIBLE
17200500000EB|13.8|13.9|9|||54|01/01/2023||THICKNESS_FLEXIBLE
17200500000EB|13.9|14.0|9|||54|01/01/2023||THICKNESS_FLEXIBLE
17200500000EB|14.0|14.03|9|||54|01/01/2023||THICKNESS_FLEXIBLE
13100640000EB|176.3|176.4|9|||54|01/01/2023||THICKNESS_FLEXIBLE
13100640000EB|176.4|176.5|9|||54|01/01/2023||THICKNESS_FLEXIBLE
13100640000EB|176.5|176.6|9|||54|01/01/2023||THICKNESS_FLEXIBLE
13100640000EB|176.6|176.7|9|||54|01/01/2023||THICKNESS_FLEXIBLE
13100640000EB|176.7|176.8|9|||54|01/01/2023||THICKNESS_FLEXIBLE
13100640000EB|176.8|176.9|9|||54|01/01/2023||THICKNESS_FLEXIBLE
13100640000EB|176.9|177.0|9|||54|01/01/2023||THICKNESS_FLEXIBLE
13100640000EB|177.0|177.1|9|||54|01/01/2023||THICKNESS_FLEXIBLE
13100640000EB|177.1|177.2|9|||54|01/01/2023||THICKNESS_FLEXIBLE
13100640000EB|177.2|177.3|9|||54|01/01/2023||THICKNESS_FLEXIBLE
13100640000EB|177.3|177.4|9|||54|01/01/2023||THICKNESS_FLEXIBLE
13100640000EB|177.4|177.5|9|||54|01/01/2023||THICKNESS_FLEXIBLE
13100640000EB|177.5|177.6|9|||54|01/01/2023||THICKNESS_FLEXIBLE
13100640000EB|177.6|177.7|9|||54|01/01/2023||THICKNESS_FLEXIBLE
13100640000EB|177.7|177.8|9|||54|01/01/2023||THICKNESS_FLEXIBLE
13100640000EB|177.8|177.9|9|||54|01/01/2023||THICKNESS_FLEXIBLE
13100640000EB|177.9|178.0|9|||54|01/01/2023||THICKNESS_FLEXIBLE
13100640000EB|178.0|178.1|9|||54|01/01/2023||THICKNESS_FLEXIBLE
13100640000EB|178.1|178.2|9|||54|01/01/2023||THICKNESS_FLEXIBLE
13100640000EB|178.2|178.3|9|||54|01/01/2023||THICKNESS_FLEXIBLE
13100640000EB|178.3|178.4|9|||54|01/01/2023||THICKNESS_FLEXIBLE
13100640000EB|178.4|178.43|9|||54|01/01/2023||THICKNESS_FLEXIBLE
13100640000EB|178.43|178.5|9|||54|01/01/2023||THICKNESS_FLEXIBLE
13100640000EB|178.5|178.6|9|||54|01/01/2023||THICKNESS_FLEXIBLE
13100640000EB|178.6|178.7|9|||54|01/01/2023||THICKNESS_FLEXIBLE
13100640000EB|178.7|178.8|9|||54|01/01/2023||THICKNESS_FLEXIBLE
13100640000EB|178.8|178.9|9|||54|01/01/2023||THICKNESS_FLEXIBLE
13100640000EB|178.9|179.0|9|||54|01/01/2023||THICKNESS_FLEXIBLE
13100640000EB|179.0|179.1|9|||54|01/01/2023||THICKNESS_FLEXIBLE
13100640000EB|179.1|179.2|9|||54|01/01/2023||THICKNESS_FLEXIBLE
13100640000EB|179.2|179.3|9|||54|01/01/2023||THICKNESS_FLEXIBLE
13100640000EB|179.3|179.4|9|||54|01/01/2023||THICKNESS_FLEXIBLE
13100640000EB|179.4|179.5|9|||54|01/01/2023||THICKNESS_FLEXIBLE
13100640000EB|179.5|179.6|9|||54|01/01/2023||THICKNESS_FLEXIBLE
13100640000EB|179.6|179.7|9|||54|01/01/2023||THICKNESS_FLEXIBLE
13100640000EB|179.7|179.8|9|||54|01/01/2023||THICKNESS_FLEXIBLE
13100640000EB|179.8|179.9|9|||54|01/01/2023||THICKNESS_FLEXIBLE
13100640000EB|179.9|180.0|9|||54|01/01/2023||THICKNESS_FLEXIBLE
13100640000EB|180.0|180.1|9|||54|01/01/2023||THICKNESS_FLEXIBLE
13100640000EB|180.1|180.2|9|||54|01/01/2023||THICKNESS_FLEXIBLE
13100640000EB|180.2|180.3|9|||54|01/01/2023||THICKNESS_FLEXIBLE
13100640000EB|180.3|180.4|9|||54|01/01/2023||THICKNESS_FLEXIBLE
13100640000EB|180.4|180.5|9|||54|01/01/2023||THICKNESS_FLEXIBLE
13100640000EB|180.5|180.6|9|||54|01/01/2023||THICKNESS_FLEXIBLE
13100640000EB|180.6|180.7|9|||54|01/01/2023||THICKNESS_FLEXIBLE
13100640000EB|180.7|180.8|9|||54|01/01/2023||THICKNESS_FLEXIBLE
13100640000EB|180.8|180.9|9|||54|01/01/2023||THICKNESS_FLEXIBLE
13100640000EB|180.9|181.0|9|||54|01/01/2023||THICKNESS_FLEXIBLE
13100640000EB|181.0|181.1|9|||54|01/01/2023||THICKNESS_FLEXIBLE
13100640000EB|181.1|181.12|9|||54|01/01/2023||THICKNESS_FLEXIBLE
13100640000EB|181.12|181.2|9|||54|01/01/2023||THICKNESS_FLEXIBLE
13100640000EB|181.2|181.3|9|||54|01/01/2023||THICKNESS_FLEXIBLE
13100640000EB|181.3|181.4|9|||54|01/01/2023||THICKNESS_FLEXIBLE
13100640000EB|181.4|181.5|9|||54|01/01/2023||THICKNESS_FLEXIBLE
13100640000EB|181.5|181.6|9|||54|01/01/2023||THICKNESS_FLEXIBLE
13100640000EB|181.6|181.7|9|||54|01/01/2023||THICKNESS_FLEXIBLE
13100640000EB|181.7|181.8|9|||54|01/01/2023||THICKNESS_FLEXIBLE
13100640000EB|181.8|181.9|9|||54|01/01/2023||THICKNESS_FLEXIBLE
13100640000EB|181.9|182.0|9|||54|01/01/2023||THICKNESS_FLEXIBLE
13100640000EB|182.0|182.02|9|||54|01/01/2023||THICKNESS_FLEXIBLE
13100640000EB|182.02|182.1|9|||54|01/01/2023||THICKNESS_FLEXIBLE
13100640000EB|182.1|182.2|9|||54|01/01/2023||THICKNESS_FLEXIBLE
13100640000EB|182.2|182.3|9|||54|01/01/2023||THICKNESS_FLEXIBLE
13100640000EB|182.3|182.4|9|||54|01/01/2023||THICKNESS_FLEXIBLE
13100640000EB|182.4|182.5|9|||54|01/01/2023||THICKNESS_FLEXIBLE
13100640000EB|182.5|182.6|9|||54|01/01/2023||THICKNESS_FLEXIBLE
13100640000EB|182.6|182.7|9|||54|01/01/2023||THICKNESS_FLEXIBLE
13100640000EB|182.7|182.8|9|||54|01/01/2023||THICKNESS_FLEXIBLE
13100640000EB|182.8|182.9|9|||54|01/01/2023||THICKNESS_FLEXIBLE
13100640000EB|182.9|183.0|9|||54|01/01/2023||THICKNESS_FLEXIBLE
13100640000EB|183.0|183.1|9|||54|01/01/2023||THICKNESS_FLEXIBLE
13100640000EB|183.1|183.2|9|||54|01/01/2023||THICKNESS_FLEXIBLE
13100640000EB|183.2|183.3|9|||54|01/01/2023||THICKNESS_FLEXIBLE
13100640000EB|183.3|183.4|9|||54|01/01/2023||THICKNESS_FLEXIBLE
13100640000EB|183.4|183.5|9|||54|01/01/2023||THICKNESS_FLEXIBLE
13100640000EB|183.5|183.6|9|||54|01/01/2023||THICKNESS_FLEXIBLE
13100640000EB|183.6|183.7|9|||54|01/01/2023||THICKNESS_FLEXIBLE
13100640000EB|183.7|183.8|9|||54|01/01/2023||THICKNESS_FLEXIBLE
13100640000EB|183.8|183.9|9|||54|01/01/2023||THICKNESS_FLEXIBLE
13100640000EB|183.9|184.0|9|||54|01/01/2023||THICKNESS_FLEXIBLE
13100640000EB|184.0|184.02|9|||54|01/01/2023||THICKNESS_FLEXIBLE
34200190000NB|1.38|1.4|9|||54|01/01/2023||THICKNESS_FLEXIBLE
34200190000NB|1.4|1.5|9|||54|01/01/2023||THICKNESS_FLEXIBLE
34200190000NB|1.5|1.6|9|||54|01/01/2023||THICKNESS_FLEXIBLE
34200190000NB|1.6|1.7|9|||54|01/01/2023||THICKNESS_FLEXIBLE
34200190000NB|1.7|1.8|9|||54|01/01/2023||THICKNESS_FLEXIBLE
34200190000NB|1.8|1.9|9|||54|01/01/2023||THICKNESS_FLEXIBLE
34200190000NB|1.9|2.0|9|||54|01/01/2023||THICKNESS_FLEXIBLE
34200190000NB|2.0|2.1|9|||54|01/01/2023||THICKNESS_FLEXIBLE
34200190000NB|2.1|2.2|9|||54|01/01/2023||THICKNESS_FLEXIBLE
34200190000NB|2.2|2.3|9|||54|01/01/2023||THICKNESS_FLEXIBLE
34200190000NB|2.3|2.4|9|||54|01/01/2023||THICKNESS_FLEXIBLE
34200190000NB|2.4|2.5|9|||54|01/01/2023||THICKNESS_FLEXIBLE
34200190000NB|2.5|2.6|9|||54|01/01/2023||THICKNESS_FLEXIBLE
34200190000NB|2.6|2.7|9|||54|01/01/2023||THICKNESS_FLEXIBLE
34200190000NB|2.7|2.8|9|||54|01/01/2023||THICKNESS_FLEXIBLE
34200190000NB|2.8|2.9|9|||54|01/01/2023||THICKNESS_FLEXIBLE
34200190000NB|2.9|3.0|9|||54|01/01/2023||THICKNESS_FLEXIBLE
34200190000NB|3.0|3.1|9|||54|01/01/2023||THICKNESS_FLEXIBLE
34200190000NB|3.1|3.2|9|||54|01/01/2023||THICKNESS_FLEXIBLE
34200190000NB|3.2|3.3|9|||54|01/01/2023||THICKNESS_FLEXIBLE
34200190000NB|3.3|3.4|9|||54|01/01/2023||THICKNESS_FLEXIBLE
34200190000NB|11.03|11.1|9|||54|01/01/2023||THICKNESS_FLEXIBLE
34200190000NB|11.1|11.2|9|||54|01/01/2023||THICKNESS_FLEXIBLE
34200190000NB|11.2|11.3|9|||54|01/01/2023||THICKNESS_FLEXIBLE
34200190000NB|11.3|11.4|9|||54|01/01/2023||THICKNESS_FLEXIBLE
34200190000NB|11.4|11.47|9|||54|01/01/2023||THICKNESS_FLEXIBLE
34200190000NB|31.65|31.7|9|||54|01/01/2023||THICKNESS_FLEXIBLE
34200190000NB|31.7|31.8|9|||54|01/01/2023||THICKNESS_FLEXIBLE
34200190000NB|31.8|31.85|9|||54|01/01/2023||THICKNESS_FLEXIBLE
04100790000NB|46.22|46.3|9|||54|01/01/2023||THICKNESS_FLEXIBLE
04100790000NB|46.3|46.4|9|||54|01/01/2023||THICKNESS_FLEXIBLE
04100790000NB|46.4|46.5|9|||54|01/01/2023||THICKNESS_FLEXIBLE
04100790000NB|46.5|46.6|9|||54|01/01/2023||THICKNESS_FLEXIBLE
04100790000NB|46.6|46.7|9|||54|01/01/2023||THICKNESS_FLEXIBLE
04100790000NB|46.7|46.8|9|||54|01/01/2023||THICKNESS_FLEXIBLE
04100790000NB|46.8|46.9|9|||54|01/01/2023||THICKNESS_FLEXIBLE
04100790000NB|46.9|47.0|9|||54|01/01/2023||THICKNESS_FLEXIBLE
04100790000NB|47.0|47.1|9|||54|01/01/2023||THICKNESS_FLEXIBLE
04100790000NB|47.1|47.2|9|||54|01/01/2023||THICKNESS_FLEXIBLE
04100790000NB|47.2|47.3|9|||54|01/01/2023||THICKNESS_FLEXIBLE
04100790000NB|47.3|47.4|9|||54|01/01/2023||THICKNESS_FLEXIBLE
04100790000NB|47.4|47.5|9|||54|01/01/2023||THICKNESS_FLEXIBLE
04100790000NB|47.5|47.6|9|||54|01/01/2023||THICKNESS_FLEXIBLE
04100790000NB|47.6|47.7|9|||54|01/01/2023||THICKNESS_FLEXIBLE
04100790000NB|47.7|47.8|9|||54|01/01/2023||THICKNESS_FLEXIBLE
04100790000NB|47.8|47.9|9|||54|01/01/2023||THICKNESS_FLEXIBLE
04100790000NB|47.9|48.0|9|||54|01/01/2023||THICKNESS_FLEXIBLE
04100790000NB|48.0|48.1|9|||54|01/01/2023||THICKNESS_FLEXIBLE
04100790000NB|48.1|48.2|9|||54|01/01/2023||THICKNESS_FLEXIBLE
04100790000NB|48.2|48.3|9|||54|01/01/2023||THICKNESS_FLEXIBLE
04100790000NB|48.3|48.4|9|||54|01/01/2023||THICKNESS_FLEXIBLE
04100790000NB|48.4|48.5|9|||54|01/01/2023||THICKNESS_FLEXIBLE
04100790000NB|48.5|48.6|9|||54|01/01/2023||THICKNESS_FLEXIBLE
04100790000NB|48.6|48.7|9|||54|01/01/2023||THICKNESS_FLEXIBLE
04100790000NB|48.7|48.8|9|||54|01/01/2023||THICKNESS_FLEXIBLE
04100790000NB|48.8|48.9|9|||54|01/01/2023||THICKNESS_FLEXIBLE
04100790000NB|48.9|49.0|9|||54|01/01/2023||THICKNESS_FLEXIBLE
04100790000NB|49.0|49.1|9|||54|01/01/2023||THICKNESS_FLEXIBLE
04100790000NB|49.1|49.2|9|||54|01/01/2023||THICKNESS_FLEXIBLE
04100790000NB|49.2|49.3|9|||54|01/01/2023||THICKNESS_FLEXIBLE
04100790000NB|49.3|49.4|9|||54|01/01/2023||THICKNESS_FLEXIBLE
04100790000NB|49.4|49.5|9|||54|01/01/2023||THICKNESS_FLEXIBLE
04100790000NB|49.5|49.6|9|||54|01/01/2023||THICKNESS_FLEXIBLE
04100790000NB|49.6|49.7|9|||54|01/01/2023||THICKNESS_FLEXIBLE
04100790000NB|49.7|49.73|9|||54|01/01/2023||THICKNESS_FLEXIBLE
04100790000NB|49.73|49.8|9|||54|01/01/2023||THICKNESS_FLEXIBLE
04100790000NB|49.8|49.9|9|||54|01/01/2023||THICKNESS_FLEXIBLE
04100790000NB|49.9|50.0|9|||54|01/01/2023||THICKNESS_FLEXIBLE
04100790000NB|50.0|50.1|9|||54|01/01/2023||THICKNESS_FLEXIBLE
04100790000NB|50.1|50.2|9|||54|01/01/2023||THICKNESS_FLEXIBLE
04100790000NB|50.2|50.3|9|||54|01/01/2023||THICKNESS_FLEXIBLE
04100790000NB|50.3|50.35|9|||54|01/01/2023||THICKNESS_FLEXIBLE
04100790000NB|50.35|50.4|9|||54|01/01/2023||THICKNESS_FLEXIBLE
04100790000NB|50.4|50.5|9|||54|01/01/2023||THICKNESS_FLEXIBLE
04100790000NB|50.5|50.6|9|||54|01/01/2023||THICKNESS_FLEXIBLE
04100790000NB|50.6|50.7|9|||54|01/01/2023||THICKNESS_FLEXIBLE
04100790000NB|50.7|50.8|9|||54|01/01/2023||THICKNESS_FLEXIBLE
04100790000NB|50.8|50.9|9|||54|01/01/2023||THICKNESS_FLEXIBLE
04100790000NB|50.9|51.0|9|||54|01/01/2023||THICKNESS_FLEXIBLE
04100790000NB|51.0|51.1|9|||54|01/01/2023||THICKNESS_FLEXIBLE
04100790000NB|51.1|51.2|9|||54|01/01/2023||THICKNESS_FLEXIBLE
04100790000NB|51.2|51.3|9|||54|01/01/2023||THICKNESS_FLEXIBLE
04100790000NB|51.3|51.4|9|||54|01/01/2023||THICKNESS_FLEXIBLE
04100790000NB|51.4|51.5|9|||54|01/01/2023||THICKNESS_FLEXIBLE
04100790000NB|51.5|51.6|9|||54|01/01/2023||THICKNESS_FLEXIBLE
04100790000NB|51.6|51.61|9|||54|01/01/2023||THICKNESS_FLEXIBLE
04100790000NB|51.61|51.7|9|||54|01/01/2023||THICKNESS_FLEXIBLE
04100790000NB|51.7|51.8|9|||54|01/01/2023||THICKNESS_FLEXIBLE
04100790000NB|51.8|51.9|9|||54|01/01/2023||THICKNESS_FLEXIBLE
04100790000NB|51.9|52.0|9|||54|01/01/2023||THICKNESS_FLEXIBLE
04100790000NB|52.0|52.1|9|||54|01/01/2023||THICKNESS_FLEXIBLE
04100790000NB|52.1|52.2|9|||54|01/01/2023||THICKNESS_FLEXIBLE
04100790000NB|52.2|52.3|9|||54|01/01/2023||THICKNESS_FLEXIBLE
04100790000NB|52.3|52.4|9|||54|01/01/2023||THICKNESS_FLEXIBLE
04100790000NB|52.4|52.5|9|||54|01/01/2023||THICKNESS_FLEXIBLE
04100790000NB|52.5|52.6|9|||54|01/01/2023||THICKNESS_FLEXIBLE
04100790000NB|52.6|52.61|9|||54|01/01/2023||THICKNESS_FLEXIBLE
04100790000NB|52.61|52.7|9|||54|01/01/2023||THICKNESS_FLEXIBLE
04100790000NB|52.7|52.8|9|||54|01/01/2023||THICKNESS_FLEXIBLE
04100790000NB|52.8|52.9|9|||54|01/01/2023||THICKNESS_FLEXIBLE
04100790000NB|52.9|53.0|9|||54|01/01/2023||THICKNESS_FLEXIBLE
04100790000NB|53.0|53.1|9|||54|01/01/2023||THICKNESS_FLEXIBLE
04100790000NB|53.1|53.2|9|||54|01/01/2023||THICKNESS_FLEXIBLE
04100790000NB|53.2|53.27|9|||54|01/01/2023||THICKNESS_FLEXIBLE
04100790000NB|53.27|53.3|9|||54|01/01/2023||THICKNESS_FLEXIBLE
04100790000NB|53.3|53.4|9|||54|01/01/2023||THICKNESS_FLEXIBLE
04100790000NB|53.4|53.5|9|||54|01/01/2023||THICKNESS_FLEXIBLE
04100790000NB|53.5|53.6|9|||54|01/01/2023||THICKNESS_FLEXIBLE
04100790000NB|53.6|53.7|9|||54|01/01/2023||THICKNESS_FLEXIBLE
04100790000NB|53.7|53.8|9|||54|01/01/2023||THICKNESS_FLEXIBLE
04100790000NB|53.8|53.9|9|||54|01/01/2023||THICKNESS_FLEXIBLE
04100790000NB|53.9|54.0|9|||54|01/01/2023||THICKNESS_FLEXIBLE
04100790000NB|54.0|54.1|9|||54|01/01/2023||THICKNESS_FLEXIBLE
04100790000NB|54.1|54.18|9|||54|01/01/2023||THICKNESS_FLEXIBLE
04100790000NB|57.8|57.9|9|||54|01/01/2023||THICKNESS_FLEXIBLE
04100790000NB|57.9|58.0|9|||54|01/01/2023||THICKNESS_FLEXIBLE
04100790000NB|58.0|58.1|9|||54|01/01/2023||THICKNESS_FLEXIBLE
04100790000NB|58.1|58.2|9|||54|01/01/2023||THICKNESS_FLEXIBLE
04100790000NB|58.2|58.3|9|||54|01/01/2023||THICKNESS_FLEXIBLE
04100790000NB|58.3|58.4|9|||54|01/01/2023||THICKNESS_FLEXIBLE
04100790000NB|58.4|58.5|9|||54|01/01/2023||THICKNESS_FLEXIBLE
04100790000NB|58.5|58.6|9|||54|01/01/2023||THICKNESS_FLEXIBLE
04100790000NB|58.6|58.7|9|||54|01/01/2023||THICKNESS_FLEXIBLE
04100790000NB|58.7|58.8|9|||54|01/01/2023||THICKNESS_FLEXIBLE
04100790000NB|58.8|58.9|9|||54|01/01/2023||THICKNESS_FLEXIBLE
04100790000NB|58.9|59.0|9|||54|01/01/2023||THICKNESS_FLEXIBLE
04100790000NB|59.0|59.1|9|||54|01/01/2023||THICKNESS_FLEXIBLE
04100790000NB|59.1|59.2|9|||54|01/01/2023||THICKNESS_FLEXIBLE
04100790000NB|59.2|59.3|9|||54|01/01/2023||THICKNESS_FLEXIBLE
04100790000NB|59.3|59.4|9|||54|01/01/2023||THICKNESS_FLEXIBLE
04100790000NB|59.4|59.5|9|||54|01/01/2023||THICKNESS_FLEXIBLE
04100790000NB|59.5|59.6|9|||54|01/01/2023||THICKNESS_FLEXIBLE
04100790000NB|59.6|59.7|9|||54|01/01/2023||THICKNESS_FLEXIBLE
04100790000NB|59.7|59.8|9|||54|01/01/2023||THICKNESS_FLEXIBLE
04100790000NB|59.8|59.9|9|||54|01/01/2023||THICKNESS_FLEXIBLE
04100790000NB|59.9|60.0|9|||54|01/01/2023||THICKNESS_FLEXIBLE
04100790000NB|60.0|60.1|9|||54|01/01/2023||THICKNESS_FLEXIBLE
04100790000NB|60.1|60.2|9|||54|01/01/2023||THICKNESS_FLEXIBLE
04100790000NB|60.2|60.3|9|||54|01/01/2023||THICKNESS_FLEXIBLE
04100790000NB|60.3|60.4|9|||54|01/01/2023||THICKNESS_FLEXIBLE
04100790000NB|60.4|60.5|9|||54|01/01/2023||THICKNESS_FLEXIBLE
04100790000NB|60.5|60.6|9|||54|01/01/2023||THICKNESS_FLEXIBLE
04100790000NB|60.6|60.7|9|||54|01/01/2023||THICKNESS_FLEXIBLE
04100790000NB|60.7|60.8|9|||54|01/01/2023||THICKNESS_FLEXIBLE
04100790000NB|60.8|60.9|9|||54|01/01/2023||THICKNESS_FLEXIBLE
04100790000NB|60.9|61.0|9|||54|01/01/2023||THICKNESS_FLEXIBLE
04100790000NB|61.0|61.1|9|||54|01/01/2023||THICKNESS_FLEXIBLE
04100790000NB|61.1|61.2|9|||54|01/01/2023||THICKNESS_FLEXIBLE
04100790000NB|61.2|61.3|9|||54|01/01/2023||THICKNESS_FLEXIBLE
04100790000NB|61.3|61.4|9|||54|01/01/2023||THICKNESS_FLEXIBLE
04100790000NB|61.4|61.47|9|||54|01/01/2023||THICKNESS_FLEXIBLE
04100790000NB|61.47|61.5|9|||54|01/01/2023||THICKNESS_FLEXIBLE
04100790000NB|61.5|61.6|9|||54|01/01/2023||THICKNESS_FLEXIBLE
04100790000NB|61.6|61.7|9|||54|01/01/2023||THICKNESS_FLEXIBLE
04100790000NB|61.7|61.8|9|||54|01/01/2023||THICKNESS_FLEXIBLE
04100790000NB|61.8|61.9|9|||54|01/01/2023||THICKNESS_FLEXIBLE
04100790000NB|61.9|62.0|9|||54|01/01/2023||THICKNESS_FLEXIBLE
04100790000NB|62.0|62.04|9|||54|01/01/2023||THICKNESS_FLEXIBLE
04100790000NB|62.04|62.1|5|||54|01/01/2023||THICKNESS_FLEXIBLE
04100790000NB|62.1|62.2|5|||54|01/01/2023||THICKNESS_FLEXIBLE
04100790000NB|62.2|62.3|5|||54|01/01/2023||THICKNESS_FLEXIBLE
04100790000NB|62.3|62.4|5|||54|01/01/2023||THICKNESS_FLEXIBLE
04100790000NB|62.4|62.5|5|||54|01/01/2023||THICKNESS_FLEXIBLE
04100790000NB|62.5|62.6|5|||54|01/01/2023||THICKNESS_FLEXIBLE
04100790000NB|62.6|62.7|5|||54|01/01/2023||THICKNESS_FLEXIBLE
04100790000NB|62.7|62.8|5|||54|01/01/2023||THICKNESS_FLEXIBLE
04100790000NB|62.8|62.9|5|||54|01/01/2023||THICKNESS_FLEXIBLE
04100790000NB|62.9|63.0|5|||54|01/01/2023||THICKNESS_FLEXIBLE
04100790000NB|63.0|63.1|5|||54|01/01/2023||THICKNESS_FLEXIBLE
04100790000NB|63.1|63.2|5|||54|01/01/2023||THICKNESS_FLEXIBLE
04100790000NB|63.2|63.3|5|||54|01/01/2023||THICKNESS_FLEXIBLE
04100790000NB|63.3|63.4|5|||54|01/01/2023||THICKNESS_FLEXIBLE
04100790000NB|63.4|63.46|5|||54|01/01/2023||THICKNESS_FLEXIBLE
04100790000NB|63.46|63.5|5|||54|01/01/2023||THICKNESS_FLEXIBLE
04100790000NB|63.5|63.6|5|||54|01/01/2023||THICKNESS_FLEXIBLE
04100790000NB|63.6|63.7|5|||54|01/01/2023||THICKNESS_FLEXIBLE
04100790000NB|63.7|63.8|5|||54|01/01/2023||THICKNESS_FLEXIBLE
04100790000NB|63.8|63.9|5|||54|01/01/2023||THICKNESS_FLEXIBLE
04100790000NB|63.9|64.0|5|||54|01/01/2023||THICKNESS_FLEXIBLE
04100790000NB|64.0|64.1|5|||54|01/01/2023||THICKNESS_FLEXIBLE
04100790000NB|64.1|64.2|5|||54|01/01/2023||THICKNESS_FLEXIBLE
04100790000NB|64.2|64.3|5|||54|01/01/2023||THICKNESS_FLEXIBLE
04100790000NB|64.3|64.4|5|||54|01/01/2023||THICKNESS_FLEXIBLE
04100790000NB|64.4|64.5|5|||54|01/01/2023||THICKNESS_FLEXIBLE
04100790000NB|64.5|64.6|5|||54|01/01/2023||THICKNESS_FLEXIBLE
04100790000NB|64.6|64.7|5|||54|01/01/2023||THICKNESS_FLEXIBLE
04100790000NB|64.7|64.8|5|||54|01/01/2023||THICKNESS_FLEXIBLE
04100790000NB|64.8|64.83|5|||54|01/01/2023||THICKNESS_FLEXIBLE
04100790000NB|64.83|64.9|5|||54|01/01/2023||THICKNESS_FLEXIBLE
04100790000NB|64.9|65.0|5|||54|01/01/2023||THICKNESS_FLEXIBLE
04100790000NB|65.0|65.1|5|||54|01/01/2023||THICKNESS_FLEXIBLE
04100790000NB|65.1|65.2|5|||54|01/01/2023||THICKNESS_FLEXIBLE
04100790000NB|65.2|65.3|5|||54|01/01/2023||THICKNESS_FLEXIBLE
04100790000NB|65.3|65.4|5|||54|01/01/2023||THICKNESS_FLEXIBLE
04100790000NB|65.4|65.5|5|||54|01/01/2023||THICKNESS_FLEXIBLE
04100790000NB|65.5|65.6|5|||54|01/01/2023||THICKNESS_FLEXIBLE
04100790000NB|65.6|65.7|5|||54|01/01/2023||THICKNESS_FLEXIBLE
04100790000NB|65.7|65.8|5|||54|01/01/2023||THICKNESS_FLEXIBLE
04100790000NB|65.8|65.9|9|||54|01/01/2023||THICKNESS_FLEXIBLE
04100790000NB|65.9|66.0|9|||54|01/01/2023||THICKNESS_FLEXIBLE
04100790000NB|66.0|66.1|9|||54|01/01/2023||THICKNESS_FLEXIBLE
04100790000NB|66.1|66.2|9|||54|01/01/2023||THICKNESS_FLEXIBLE
04100790000NB|66.2|66.3|9|||54|01/01/2023||THICKNESS_FLEXIBLE
04100790000NB|66.3|66.4|9|||54|01/01/2023||THICKNESS_FLEXIBLE
04100790000NB|66.4|66.5|9|||54|01/01/2023||THICKNESS_FLEXIBLE
04100790000NB|66.5|66.6|9|||54|01/01/2023||THICKNESS_FLEXIBLE
04100790000NB|66.6|66.7|9|||54|01/01/2023||THICKNESS_FLEXIBLE
04100790000NB|66.7|66.8|9|||54|01/01/2023||THICKNESS_FLEXIBLE
04100790000NB|66.8|66.9|9|||54|01/01/2023||THICKNESS_FLEXIBLE
04100790000NB|66.9|67.0|9|||54|01/01/2023||THICKNESS_FLEXIBLE
04100790000NB|67.0|67.1|9|||54|01/01/2023||THICKNESS_FLEXIBLE
04100790000NB|67.1|67.2|9|||54|01/01/2023||THICKNESS_FLEXIBLE
04100790000NB|67.2|67.3|9|||54|01/01/2023||THICKNESS_FLEXIBLE
04100790000NB|67.3|67.4|9|||54|01/01/2023||THICKNESS_FLEXIBLE
04100790000NB|67.4|67.5|9|||54|01/01/2023||THICKNESS_FLEXIBLE
04100790000NB|67.5|67.52|9|||54|01/01/2023||THICKNESS_FLEXIBLE
04100790000NB|67.52|67.6|9|||54|01/01/2023||THICKNESS_FLEXIBLE
04100790000NB|67.6|67.7|9|||54|01/01/2023||THICKNESS_FLEXIBLE
04100790000NB|67.7|67.8|9|||54|01/01/2023||THICKNESS_FLEXIBLE
04100790000NB|67.8|67.9|9|||54|01/01/2023||THICKNESS_FLEXIBLE
04100790000NB|67.9|68.0|9|||54|01/01/2023||THICKNESS_FLEXIBLE
04100790000NB|68.0|68.1|9|||54|01/01/2023||THICKNESS_FLEXIBLE
04100790000NB|68.1|68.2|9|||54|01/01/2023||THICKNESS_FLEXIBLE
04100790000NB|68.2|68.3|9|||54|01/01/2023||THICKNESS_FLEXIBLE
04100790000NB|68.3|68.4|9|||54|01/01/2023||THICKNESS_FLEXIBLE
04100790000NB|68.4|68.5|9|||54|01/01/2023||THICKNESS_FLEXIBLE
04100790000NB|68.5|68.6|9|||54|01/01/2023||THICKNESS_FLEXIBLE
04100790000NB|68.6|68.7|9|||54|01/01/2023||THICKNESS_FLEXIBLE
04100790000NB|68.7|68.8|9|||54|01/01/2023||THICKNESS_FLEXIBLE
04100790000NB|68.8|68.9|9|||54|01/01/2023||THICKNESS_FLEXIBLE
04100790000NB|68.9|69.0|9|||54|01/01/2023||THICKNESS_FLEXIBLE
04100790000NB|69.0|69.1|9|||54|01/01/2023||THICKNESS_FLEXIBLE
04100790000NB|69.1|69.2|9|||54|01/01/2023||THICKNESS_FLEXIBLE
04100790000NB|69.2|69.3|9|||54|01/01/2023||THICKNESS_FLEXIBLE
04100790000NB|69.3|69.32|9|||54|01/01/2023||THICKNESS_FLEXIBLE
04100790000NB|69.32|69.4|9|||54|01/01/2023||THICKNESS_FLEXIBLE
04100790000NB|69.4|69.5|9|||54|01/01/2023||THICKNESS_FLEXIBLE
04100790000NB|69.5|69.6|9|||54|01/01/2023||THICKNESS_FLEXIBLE
04100790000NB|69.6|69.7|9|||54|01/01/2023||THICKNESS_FLEXIBLE
04100790000NB|69.7|69.8|9|||54|01/01/2023||THICKNESS_FLEXIBLE
04100790000NB|69.8|69.9|9|||54|01/01/2023||THICKNESS_FLEXIBLE
04100790000NB|69.9|70.0|9|||54|01/01/2023||THICKNESS_FLEXIBLE
04100790000NB|70.0|70.1|9|||54|01/01/2023||THICKNESS_FLEXIBLE
04100790000NB|70.1|70.2|9|||54|01/01/2023||THICKNESS_FLEXIBLE
04100790000NB|70.2|70.3|9|||54|01/01/2023||THICKNESS_FLEXIBLE
04100790000NB|70.3|70.4|9|||54|01/01/2023||THICKNESS_FLEXIBLE
04100790000NB|70.4|70.5|9|||54|01/01/2023||THICKNESS_FLEXIBLE
04100790000NB|70.5|70.6|9|||54|01/01/2023||THICKNESS_FLEXIBLE
04100790000NB|70.6|70.7|9|||54|01/01/2023||THICKNESS_FLEXIBLE
04100790000NB|70.7|70.8|9|||54|01/01/2023||THICKNESS_FLEXIBLE
04100790000NB|70.8|70.83|9|||54|01/01/2023||THICKNESS_FLEXIBLE
04100790000NB|70.83|70.9|9|||54|01/01/2023||THICKNESS_FLEXIBLE
04100790000NB|70.9|71.0|9|||54|01/01/2023||THICKNESS_FLEXIBLE
04100790000NB|71.0|71.1|9|||54|01/01/2023||THICKNESS_FLEXIBLE
04100790000NB|71.1|71.2|9|||54|01/01/2023||THICKNESS_FLEXIBLE
04100790000NB|71.2|71.3|9|||54|01/01/2023||THICKNESS_FLEXIBLE
04100790000NB|71.3|71.4|9|||54|01/01/2023||THICKNESS_FLEXIBLE
04100790000NB|71.4|71.5|9|||54|01/01/2023||THICKNESS_FLEXIBLE
04100790000NB|71.5|71.6|9|||54|01/01/2023||THICKNESS_FLEXIBLE
04100790000NB|71.6|71.7|9|||54|01/01/2023||THICKNESS_FLEXIBLE
04100790000NB|71.7|71.8|9|||54|01/01/2023||THICKNESS_FLEXIBLE
04100790000NB|71.8|71.9|9|||54|01/01/2023||THICKNESS_FLEXIBLE
04100790000NB|71.9|72.0|9|||54|01/01/2023||THICKNESS_FLEXIBLE
04100790000NB|72.0|72.1|9|||54|01/01/2023||THICKNESS_FLEXIBLE
04100790000NB|72.1|72.2|9|||54|01/01/2023||THICKNESS_FLEXIBLE
04100790000NB|72.2|72.3|9|||54|01/01/2023||THICKNESS_FLEXIBLE
04100790000NB|72.3|72.4|9|||54|01/01/2023||THICKNESS_FLEXIBLE
04100790000NB|72.4|72.5|9|||54|01/01/2023||THICKNESS_FLEXIBLE
04100790000NB|72.5|72.6|9|||54|01/01/2023||THICKNESS_FLEXIBLE
04100790000NB|72.6|72.7|9|||54|01/01/2023||THICKNESS_FLEXIBLE
04100790000NB|72.7|72.8|9|||54|01/01/2023||THICKNESS_FLEXIBLE
04100790000NB|72.8|72.9|9|||54|01/01/2023||THICKNESS_FLEXIBLE
04100790000NB|72.9|73.0|9|||54|01/01/2023||THICKNESS_FLEXIBLE
04100790000NB|73.0|73.1|9|||54|01/01/2023||THICKNESS_FLEXIBLE
04100790000NB|73.1|73.2|9|||54|01/01/2023||THICKNESS_FLEXIBLE
04100790000NB|73.2|73.3|9|||54|01/01/2023||THICKNESS_FLEXIBLE
04100790000NB|73.3|73.4|9|||54|01/01/2023||THICKNESS_FLEXIBLE
04100790000NB|73.4|73.5|9|||54|01/01/2023||THICKNESS_FLEXIBLE
04100790000NB|73.5|73.6|9|||54|01/01/2023||THICKNESS_FLEXIBLE
04100790000NB|73.6|73.7|9|||54|01/01/2023||THICKNESS_FLEXIBLE
04100790000NB|73.7|73.8|9|||54|01/01/2023||THICKNESS_FLEXIBLE
04100790000NB|73.8|73.9|9|||54|01/01/2023||THICKNESS_FLEXIBLE
04100790000NB|73.9|74.0|9|||54|01/01/2023||THICKNESS_FLEXIBLE
04100790000NB|74.0|74.1|9|||54|01/01/2023||THICKNESS_FLEXIBLE
04100790000NB|74.1|74.2|9|||54|01/01/2023||THICKNESS_FLEXIBLE
04100790000NB|74.2|74.3|9|||54|01/01/2023||THICKNESS_FLEXIBLE
04100790000NB|74.3|74.4|9|||54|01/01/2023||THICKNESS_FLEXIBLE
04100790000NB|74.4|74.5|9|||54|01/01/2023||THICKNESS_FLEXIBLE
04100790000NB|74.5|74.6|9|||54|01/01/2023||THICKNESS_FLEXIBLE
04100790000NB|74.6|74.7|9|||54|01/01/2023||THICKNESS_FLEXIBLE
04100790000NB|74.7|74.8|9|||54|01/01/2023||THICKNESS_FLEXIBLE
04100790000NB|74.8|74.9|9|||54|01/01/2023||THICKNESS_FLEXIBLE
04100790000NB|74.9|75.0|9|||54|01/01/2023||THICKNESS_FLEXIBLE
04100790000NB|75.0|75.1|9|||54|01/01/2023||THICKNESS_FLEXIBLE
04100790000NB|75.1|75.2|9|||54|01/01/2023||THICKNESS_FLEXIBLE
04100790000NB|75.2|75.3|9|||54|01/01/2023||THICKNESS_FLEXIBLE
04100790000NB|75.3|75.4|9|||54|01/01/2023||THICKNESS_FLEXIBLE
04100790000NB|75.4|75.5|9|||54|01/01/2023||THICKNESS_FLEXIBLE
04100790000NB|75.5|75.6|9|||54|01/01/2023||THICKNESS_FLEXIBLE
04100790000NB|75.6|75.7|5|||54|01/01/2023||THICKNESS_FLEXIBLE
04100790000NB|75.7|75.8|5|||54|01/01/2023||THICKNESS_FLEXIBLE
04100790000NB|75.8|75.9|5|||54|01/01/2023||THICKNESS_FLEXIBLE
04100790000NB|75.9|76.0|5|||54|01/01/2023||THICKNESS_FLEXIBLE
04100790000NB|76.0|76.1|5|||54|01/01/2023||THICKNESS_FLEXIBLE
04100790000NB|76.1|76.2|5|||54|01/01/2023||THICKNESS_FLEXIBLE
04100790000NB|76.2|76.3|5|||54|01/01/2023||THICKNESS_FLEXIBLE
04100790000NB|76.3|76.4|5|||54|01/01/2023||THICKNESS_FLEXIBLE
04100790000NB|76.4|76.5|5|||54|01/01/2023||THICKNESS_FLEXIBLE
04100790000NB|76.5|76.6|5|||54|01/01/2023||THICKNESS_FLEXIBLE
04100790000NB|76.6|76.7|5|||54|01/01/2023||THICKNESS_FLEXIBLE
04100790000NB|76.7|76.8|5|||54|01/01/2023||THICKNESS_FLEXIBLE
04100790000NB|76.8|76.9|5|||54|01/01/2023||THICKNESS_FLEXIBLE
04100790000NB|76.9|77.0|5|||54|01/01/2023||THICKNESS_FLEXIBLE
04100790000NB|77.0|77.1|5|||54|01/01/2023||THICKNESS_FLEXIBLE
04100790000NB|77.1|77.2|5|||54|01/01/2023||THICKNESS_FLEXIBLE
04100790000NB|77.2|77.3|5|||54|01/01/2023||THICKNESS_FLEXIBLE
04100790000NB|77.3|77.4|5|||54|01/01/2023||THICKNESS_FLEXIBLE
04100790000NB|77.4|77.5|5|||54|01/01/2023||THICKNESS_FLEXIBLE
04100790000NB|77.5|77.6|5|||54|01/01/2023||THICKNESS_FLEXIBLE
04100790000NB|77.6|77.7|5|||54|01/01/2023||THICKNESS_FLEXIBLE
04100790000NB|77.7|77.8|5|||54|01/01/2023||THICKNESS_FLEXIBLE
04100790000NB|77.8|77.9|5|||54|01/01/2023||THICKNESS_FLEXIBLE
04100790000NB|77.9|78.0|5|||54|01/01/2023||THICKNESS_FLEXIBLE
04100790000NB|78.0|78.1|5|||54|01/01/2023||THICKNESS_FLEXIBLE
04100790000NB|78.1|78.2|5|||54|01/01/2023||THICKNESS_FLEXIBLE
04100790000NB|78.2|78.3|5|||54|01/01/2023||THICKNESS_FLEXIBLE
04100790000NB|78.3|78.4|5|||54|01/01/2023||THICKNESS_FLEXIBLE
04100790000NB|78.4|78.41|5|||54|01/01/2023||THICKNESS_FLEXIBLE
04100790000NB|78.41|78.5|5|||54|01/01/2023||THICKNESS_FLEXIBLE
04100790000NB|78.5|78.6|5|||54|01/01/2023||THICKNESS_FLEXIBLE
04100790000NB|78.6|78.7|5|||54|01/01/2023||THICKNESS_FLEXIBLE
04100790000NB|78.7|78.8|5|||54|01/01/2023||THICKNESS_FLEXIBLE
04100790000NB|78.8|78.9|5|||54|01/01/2023||THICKNESS_FLEXIBLE
04100790000NB|78.9|79.0|5|||54|01/01/2023||THICKNESS_FLEXIBLE
04100790000NB|79.0|79.08|5|||54|01/01/2023||THICKNESS_FLEXIBLE
04100790000NB|79.08|79.1|5|||54|01/01/2023||THICKNESS_FLEXIBLE
04100790000NB|79.1|79.2|5|||54|01/01/2023||THICKNESS_FLEXIBLE
04100790000NB|79.2|79.3|5|||54|01/01/2023||THICKNESS_FLEXIBLE
04100790000NB|79.3|79.4|5|||54|01/01/2023||THICKNESS_FLEXIBLE
04100790000NB|79.4|79.5|5|||54|01/01/2023||THICKNESS_FLEXIBLE
04100790000NB|79.5|79.6|5|||54|01/01/2023||THICKNESS_FLEXIBLE
04100790000NB|79.6|79.7|5|||54|01/01/2023||THICKNESS_FLEXIBLE
04100790000NB|79.7|79.8|5|||54|01/01/2023||THICKNESS_FLEXIBLE
04100790000NB|79.8|79.9|5|||54|01/01/2023||THICKNESS_FLEXIBLE
04100790000NB|79.9|80.0|5|||54|01/01/2023||THICKNESS_FLEXIBLE
04100790000NB|80.0|80.1|5|||54|01/01/2023||THICKNESS_FLEXIBLE
04100790000NB|80.1|80.2|5|||54|01/01/2023||THICKNESS_FLEXIBLE
04100790000NB|80.2|80.3|5|||54|01/01/2023||THICKNESS_FLEXIBLE
04100790000NB|80.3|80.4|5|||54|01/01/2023||THICKNESS_FLEXIBLE
04100790000NB|80.4|80.5|5|||54|01/01/2023||THICKNESS_FLEXIBLE
04100790000NB|80.5|80.6|5|||54|01/01/2023||THICKNESS_FLEXIBLE
04100790000NB|80.6|80.7|5|||54|01/01/2023||THICKNESS_FLEXIBLE
04100790000NB|80.7|80.8|5|||54|01/01/2023||THICKNESS_FLEXIBLE
04100790000NB|80.8|80.9|5|||54|01/01/2023||THICKNESS_FLEXIBLE
04100790000NB|80.9|81.0|5|||54|01/01/2023||THICKNESS_FLEXIBLE
04100790000NB|81.0|81.1|5|||54|01/01/2023||THICKNESS_FLEXIBLE
04100790000NB|81.1|81.2|5|||54|01/01/2023||THICKNESS_FLEXIBLE
04100790000NB|81.2|81.3|5|||54|01/01/2023||THICKNESS_FLEXIBLE
04100790000NB|81.3|81.4|5|||54|01/01/2023||THICKNESS_FLEXIBLE
04100790000NB|81.4|81.5|5|||54|01/01/2023||THICKNESS_FLEXIBLE
04100790000NB|81.5|81.6|5|||54|01/01/2023||THICKNESS_FLEXIBLE
04100790000NB|81.6|81.7|5|||54|01/01/2023||THICKNESS_FLEXIBLE
04100790000NB|81.7|81.8|5|||54|01/01/2023||THICKNESS_FLEXIBLE
04100790000NB|81.8|81.9|5|||54|01/01/2023||THICKNESS_FLEXIBLE
04100790000NB|81.9|82.0|5|||54|01/01/2023||THICKNESS_FLEXIBLE
04100790000NB|82.0|82.1|5|||54|01/01/2023||THICKNESS_FLEXIBLE
04100790000NB|82.1|82.2|5|||54|01/01/2023||THICKNESS_FLEXIBLE
04100790000NB|82.2|82.3|5|||54|01/01/2023||THICKNESS_FLEXIBLE
04100790000NB|82.3|82.4|5|||54|01/01/2023||THICKNESS_FLEXIBLE
04100790000NB|82.4|82.5|5|||54|01/01/2023||THICKNESS_FLEXIBLE
04100790000NB|82.5|82.6|5|||54|01/01/2023||THICKNESS_FLEXIBLE
04100790000NB|82.6|82.7|5|||54|01/01/2023||THICKNESS_FLEXIBLE
04100790000NB|82.7|82.8|5|||54|01/01/2023||THICKNESS_FLEXIBLE
04100790000NB|82.8|82.9|5|||54|01/01/2023||THICKNESS_FLEXIBLE
04100790000NB|82.9|83.0|5|||54|01/01/2023||THICKNESS_FLEXIBLE
04100790000NB|83.0|83.1|5|||54|01/01/2023||THICKNESS_FLEXIBLE
04100790000NB|83.1|83.15|5|||54|01/01/2023||THICKNESS_FLEXIBLE
21100790000NB|83.55|83.6|7|||54|01/01/2023||THICKNESS_FLEXIBLE
21100790000NB|83.6|83.7|7|||54|01/01/2023||THICKNESS_FLEXIBLE
21100790000NB|83.7|83.8|7|||54|01/01/2023||THICKNESS_FLEXIBLE
21100790000NB|83.8|83.9|7|||54|01/01/2023||THICKNESS_FLEXIBLE
21100790000NB|83.9|84.0|7|||54|01/01/2023||THICKNESS_FLEXIBLE
21100790000NB|84.0|84.1|7|||54|01/01/2023||THICKNESS_FLEXIBLE
21100790000NB|84.1|84.2|7|||54|01/01/2023||THICKNESS_FLEXIBLE
21100790000NB|84.2|84.3|7|||54|01/01/2023||THICKNESS_FLEXIBLE
21100790000NB|84.3|84.4|7|||54|01/01/2023||THICKNESS_FLEXIBLE
21100790000NB|84.4|84.5|7|||54|01/01/2023||THICKNESS_FLEXIBLE
21100790000NB|84.5|84.6|7|||54|01/01/2023||THICKNESS_FLEXIBLE
21100790000NB|84.6|84.7|7|||54|01/01/2023||THICKNESS_FLEXIBLE
21100790000NB|84.7|84.8|7|||54|01/01/2023||THICKNESS_FLEXIBLE
21100790000NB|84.8|84.9|7|||54|01/01/2023||THICKNESS_FLEXIBLE
21100790000NB|84.9|85.0|7|||54|01/01/2023||THICKNESS_FLEXIBLE
21100790000NB|85.0|85.1|7|||54|01/01/2023||THICKNESS_FLEXIBLE
21100790000NB|85.1|85.2|7|||54|01/01/2023||THICKNESS_FLEXIBLE
21100790000NB|85.2|85.3|7|||54|01/01/2023||THICKNESS_FLEXIBLE
21100790000NB|85.3|85.4|7|||54|01/01/2023||THICKNESS_FLEXIBLE
21100790000NB|85.4|85.5|7|||54|01/01/2023||THICKNESS_FLEXIBLE
21100790000NB|85.5|85.6|7|||54|01/01/2023||THICKNESS_FLEXIBLE
21100790000NB|85.6|85.7|7|||54|01/01/2023||THICKNESS_FLEXIBLE
21100790000NB|85.7|85.8|7|||54|01/01/2023||THICKNESS_FLEXIBLE
21100790000NB|85.8|85.9|7|||54|01/01/2023||THICKNESS_FLEXIBLE
21100790000NB|85.9|86.0|7|||54|01/01/2023||THICKNESS_FLEXIBLE
21100790000NB|86.0|86.1|7|||54|01/01/2023||THICKNESS_FLEXIBLE
21100790000NB|86.1|86.2|7|||54|01/01/2023||THICKNESS_FLEXIBLE
21100790000NB|86.2|86.3|7|||54|01/01/2023||THICKNESS_FLEXIBLE
21100790000NB|86.3|86.4|7|||54|01/01/2023||THICKNESS_FLEXIBLE
21100790000NB|86.4|86.5|7|||54|01/01/2023||THICKNESS_FLEXIBLE
21100790000NB|86.5|86.6|7|||54|01/01/2023||THICKNESS_FLEXIBLE
21100790000NB|86.6|86.7|7|||54|01/01/2023||THICKNESS_FLEXIBLE
21100790000NB|86.7|86.8|7|||54|01/01/2023||THICKNESS_FLEXIBLE
21100790000NB|86.8|86.9|7|||54|01/01/2023||THICKNESS_FLEXIBLE
21100790000NB|86.9|87.0|7|||54|01/01/2023||THICKNESS_FLEXIBLE
21100790000NB|87.0|87.1|7|||54|01/01/2023||THICKNESS_FLEXIBLE
21100790000NB|87.1|87.2|7|||54|01/01/2023||THICKNESS_FLEXIBLE
21100790000NB|87.2|87.3|7|||54|01/01/2023||THICKNESS_FLEXIBLE
21100790000NB|87.3|87.4|7|||54|01/01/2023||THICKNESS_FLEXIBLE
21100790000NB|87.4|87.45|7|||54|01/01/2023||THICKNESS_FLEXIBLE
21100790000NB|87.45|87.5|5|||54|01/01/2023||THICKNESS_FLEXIBLE
21100790000NB|87.5|87.6|5|||54|01/01/2023||THICKNESS_FLEXIBLE
21100790000NB|87.6|87.7|5|||54|01/01/2023||THICKNESS_FLEXIBLE
21100790000NB|87.7|87.8|5|||54|01/01/2023||THICKNESS_FLEXIBLE
21100790000NB|87.8|87.9|5|||54|01/01/2023||THICKNESS_FLEXIBLE
21100790000NB|87.9|88.0|5|||54|01/01/2023||THICKNESS_FLEXIBLE
21100790000NB|88.0|88.1|5|||54|01/01/2023||THICKNESS_FLEXIBLE
21100790000NB|88.1|88.2|5|||54|01/01/2023||THICKNESS_FLEXIBLE
21100790000NB|88.2|88.3|5|||54|01/01/2023||THICKNESS_FLEXIBLE
21100790000NB|88.3|88.4|5|||54|01/01/2023||THICKNESS_FLEXIBLE
21100790000NB|88.4|88.5|5|||54|01/01/2023||THICKNESS_FLEXIBLE
21100790000NB|88.5|88.6|5|||54|01/01/2023||THICKNESS_FLEXIBLE
21100790000NB|88.6|88.7|5|||54|01/01/2023||THICKNESS_FLEXIBLE
21100790000NB|88.7|88.8|5|||54|01/01/2023||THICKNESS_FLEXIBLE
21100790000NB|88.8|88.9|5|||54|01/01/2023||THICKNESS_FLEXIBLE
21100790000NB|88.9|89.0|5|||54|01/01/2023||THICKNESS_FLEXIBLE
21100790000NB|89.0|89.1|5|||54|01/01/2023||THICKNESS_FLEXIBLE
21100790000NB|89.1|89.2|5|||54|01/01/2023||THICKNESS_FLEXIBLE
21100790000NB|89.2|89.3|5|||54|01/01/2023||THICKNESS_FLEXIBLE
21100790000NB|89.3|89.4|5|||54|01/01/2023||THICKNESS_FLEXIBLE
21100790000NB|89.4|89.5|5|||54|01/01/2023||THICKNESS_FLEXIBLE
21100790000NB|89.5|89.6|5|||54|01/01/2023||THICKNESS_FLEXIBLE
21100790000NB|89.6|89.7|5|||54|01/01/2023||THICKNESS_FLEXIBLE
21100790000NB|89.7|89.8|5|||54|01/01/2023||THICKNESS_FLEXIBLE
21100790000NB|89.8|89.9|5|||54|01/01/2023||THICKNESS_FLEXIBLE
21100790000NB|89.9|90.0|5|||54|01/01/2023||THICKNESS_FLEXIBLE
21100790000NB|90.0|90.1|5|||54|01/01/2023||THICKNESS_FLEXIBLE
21100790000NB|90.1|90.2|5|||54|01/01/2023||THICKNESS_FLEXIBLE
21100790000NB|90.2|90.3|5|||54|01/01/2023||THICKNESS_FLEXIBLE
21100790000NB|90.3|90.4|5|||54|01/01/2023||THICKNESS_FLEXIBLE
21100790000NB|90.4|90.5|5|||54|01/01/2023||THICKNESS_FLEXIBLE
21100790000NB|90.5|90.6|5|||54|01/01/2023||THICKNESS_FLEXIBLE
21100790000NB|90.6|90.7|5|||54|01/01/2023||THICKNESS_FLEXIBLE
21100790000NB|90.7|90.77|5|||54|01/01/2023||THICKNESS_FLEXIBLE
21100790000NB|90.77|90.8|5|||54|01/01/2023||THICKNESS_FLEXIBLE
21100790000NB|90.8|90.82|5|||54|01/01/2023||THICKNESS_FLEXIBLE
21100790000NB|90.82|90.9|5|||54|01/01/2023||THICKNESS_FLEXIBLE
21100790000NB|90.9|90.92|5|||54|01/01/2023||THICKNESS_FLEXIBLE
21100790000NB|90.92|91.0|5|||54|01/01/2023||THICKNESS_FLEXIBLE
21100790000NB|91.0|91.1|5|||54|01/01/2023||THICKNESS_FLEXIBLE
21100790000NB|91.1|91.2|5|||54|01/01/2023||THICKNESS_FLEXIBLE
21100790000NB|91.2|91.3|5|||54|01/01/2023||THICKNESS_FLEXIBLE
21100790000NB|91.3|91.4|5|||54|01/01/2023||THICKNESS_FLEXIBLE
21100790000NB|91.4|91.5|5|||54|01/01/2023||THICKNESS_FLEXIBLE
21100790000NB|91.5|91.6|5|||54|01/01/2023||THICKNESS_FLEXIBLE
21100790000NB|91.6|91.7|5|||54|01/01/2023||THICKNESS_FLEXIBLE
21100790000NB|91.7|91.8|5|||54|01/01/2023||THICKNESS_FLEXIBLE
21100790000NB|91.8|91.9|5|||54|01/01/2023||THICKNESS_FLEXIBLE
21100790000NB|91.9|92.0|5|||54|01/01/2023||THICKNESS_FLEXIBLE
21100790000NB|92.0|92.1|5|||54|01/01/2023||THICKNESS_FLEXIBLE
21100790000NB|92.1|92.2|5|||54|01/01/2023||THICKNESS_FLEXIBLE
21100790000NB|92.2|92.3|5|||54|01/01/2023||THICKNESS_FLEXIBLE
21100790000NB|92.3|92.4|5|||54|01/01/2023||THICKNESS_FLEXIBLE
21100790000NB|92.4|92.5|5|||54|01/01/2023||THICKNESS_FLEXIBLE
21100790000NB|92.5|92.6|5|||54|01/01/2023||THICKNESS_FLEXIBLE
21100790000NB|92.6|92.7|5|||54|01/01/2023||THICKNESS_FLEXIBLE
21100790000NB|92.7|92.8|5|||54|01/01/2023||THICKNESS_FLEXIBLE
21100790000NB|92.8|92.9|5|||54|01/01/2023||THICKNESS_FLEXIBLE
21100790000NB|92.9|93.0|5|||54|01/01/2023||THICKNESS_FLEXIBLE
21100790000NB|93.0|93.1|5|||54|01/01/2023||THICKNESS_FLEXIBLE
21100790000NB|93.1|93.2|5|||54|01/01/2023||THICKNESS_FLEXIBLE
21100790000NB|93.2|93.3|5|||54|01/01/2023||THICKNESS_FLEXIBLE
21100790000NB|93.3|93.4|5|||54|01/01/2023||THICKNESS_FLEXIBLE
21100790000NB|93.4|93.5|5|||54|01/01/2023||THICKNESS_FLEXIBLE
21100790000NB|93.5|93.6|5|||54|01/01/2023||THICKNESS_FLEXIBLE
21100790000NB|93.6|93.7|5|||54|01/01/2023||THICKNESS_FLEXIBLE
21100790000NB|93.7|93.8|5|||54|01/01/2023||THICKNESS_FLEXIBLE
21100790000NB|93.8|93.9|5|||54|01/01/2023||THICKNESS_FLEXIBLE
21100790000NB|93.9|94.0|5|||54|01/01/2023||THICKNESS_FLEXIBLE
21100790000NB|94.0|94.1|5|||54|01/01/2023||THICKNESS_FLEXIBLE
21100790000NB|94.1|94.2|5|||54|01/01/2023||THICKNESS_FLEXIBLE
21100790000NB|94.2|94.3|5|||54|01/01/2023||THICKNESS_FLEXIBLE
21100790000NB|94.3|94.4|5|||54|01/01/2023||THICKNESS_FLEXIBLE
21100790000NB|94.4|94.5|5|||54|01/01/2023||THICKNESS_FLEXIBLE
21100790000NB|94.5|94.6|5|||54|01/01/2023||THICKNESS_FLEXIBLE
21100790000NB|94.6|94.7|5|||54|01/01/2023||THICKNESS_FLEXIBLE
21100790000NB|94.7|94.8|5|||54|01/01/2023||THICKNESS_FLEXIBLE
21100790000NB|94.8|94.9|5|||54|01/01/2023||THICKNESS_FLEXIBLE
21100790000NB|94.9|95.0|5|||54|01/01/2023||THICKNESS_FLEXIBLE
21100790000NB|95.0|95.1|5|||54|01/01/2023||THICKNESS_FLEXIBLE
21100790000NB|95.1|95.2|5|||54|01/01/2023||THICKNESS_FLEXIBLE
21100790000NB|95.2|95.3|5|||54|01/01/2023||THICKNESS_FLEXIBLE
21100790000NB|95.3|95.4|5|||54|01/01/2023||THICKNESS_FLEXIBLE
21100790000NB|95.4|95.5|5|||54|01/01/2023||THICKNESS_FLEXIBLE
21100790000NB|95.5|95.6|5|||54|01/01/2023||THICKNESS_FLEXIBLE
21100790000NB|95.6|95.7|5|||54|01/01/2023||THICKNESS_FLEXIBLE
21100790000NB|95.7|95.73|5|||54|01/01/2023||THICKNESS_FLEXIBLE
21100790000NB|95.73|95.8|5|||54|01/01/2023||THICKNESS_FLEXIBLE
21100790000NB|95.8|95.82|5|||54|01/01/2023||THICKNESS_FLEXIBLE
21100790000NB|95.82|95.9|5|||54|01/01/2023||THICKNESS_FLEXIBLE
21100790000NB|95.9|96.0|5|||54|01/01/2023||THICKNESS_FLEXIBLE
21100790000NB|96.0|96.1|5|||54|01/01/2023||THICKNESS_FLEXIBLE
21100790000NB|96.1|96.17|5|||54|01/01/2023||THICKNESS_FLEXIBLE
21100790000NB|96.17|96.2|5|||54|01/01/2023||THICKNESS_FLEXIBLE
21100790000NB|96.2|96.3|5|||54|01/01/2023||THICKNESS_FLEXIBLE
21100790000NB|96.3|96.4|5|||54|01/01/2023||THICKNESS_FLEXIBLE
21100790000NB|96.4|96.5|5|||54|01/01/2023||THICKNESS_FLEXIBLE
21100790000NB|96.5|96.6|5|||54|01/01/2023||THICKNESS_FLEXIBLE
21100790000NB|96.6|96.7|5|||54|01/01/2023||THICKNESS_FLEXIBLE
21100790000NB|96.7|96.8|5|||54|01/01/2023||THICKNESS_FLEXIBLE
21100790000NB|96.8|96.9|5|||54|01/01/2023||THICKNESS_FLEXIBLE
21100790000NB|96.9|97.0|5|||54|01/01/2023||THICKNESS_FLEXIBLE
21100790000NB|97.0|97.1|5|||54|01/01/2023||THICKNESS_FLEXIBLE
21100790000NB|97.1|97.13|5|||54|01/01/2023||THICKNESS_FLEXIBLE
21100790000NB|97.13|97.2|5|||54|01/01/2023||THICKNESS_FLEXIBLE
21100790000NB|97.2|97.3|5|||54|01/01/2023||THICKNESS_FLEXIBLE
21100790000NB|97.3|97.4|5|||54|01/01/2023||THICKNESS_FLEXIBLE
21100790000NB|97.4|97.5|5|||54|01/01/2023||THICKNESS_FLEXIBLE
21100790000NB|97.5|97.6|5|||54|01/01/2023||THICKNESS_FLEXIBLE
21100790000NB|97.6|97.7|5|||54|01/01/2023||THICKNESS_FLEXIBLE
21100790000NB|97.7|97.8|5|||54|01/01/2023||THICKNESS_FLEXIBLE
21100790000NB|97.8|97.9|5|||54|01/01/2023||THICKNESS_FLEXIBLE
21100790000NB|97.9|98.0|5|||54|01/01/2023||THICKNESS_FLEXIBLE
21100790000NB|98.0|98.1|5|||54|01/01/2023||THICKNESS_FLEXIBLE
21100790000NB|98.1|98.2|5|||54|01/01/2023||THICKNESS_FLEXIBLE
21100790000NB|98.2|98.287|5|||54|01/01/2023||THICKNESS_FLEXIBLE
21100790000NB|98.4|98.5|5|||54|01/01/2023||THICKNESS_FLEXIBLE
21100790000NB|98.5|98.6|5|||54|01/01/2023||THICKNESS_FLEXIBLE
21100790000NB|98.6|98.63|5|||54|01/01/2023||THICKNESS_FLEXIBLE
21100790000NB|98.63|98.7|5|||54|01/01/2023||THICKNESS_FLEXIBLE
21100790000NB|98.7|98.8|5|||54|01/01/2023||THICKNESS_FLEXIBLE
21100790000NB|98.8|98.9|5|||54|01/01/2023||THICKNESS_FLEXIBLE
21100790000NB|98.9|98.925|5|||54|01/01/2023||THICKNESS_FLEXIBLE
21100790000NB|100.39|100.4|5|||54|01/01/2023||THICKNESS_FLEXIBLE
21100790000NB|100.4|100.5|5|||54|01/01/2023||THICKNESS_FLEXIBLE
21100790000NB|100.5|100.6|5|||54|01/01/2023||THICKNESS_FLEXIBLE
21100790000NB|100.6|100.7|5|||54|01/01/2023||THICKNESS_FLEXIBLE
21100790000NB|100.7|100.8|5|||54|01/01/2023||THICKNESS_FLEXIBLE
21100790000NB|100.8|100.9|5|||54|01/01/2023||THICKNESS_FLEXIBLE
21100790000NB|100.9|101.0|5|||54|01/01/2023||THICKNESS_FLEXIBLE
21100790000NB|101.0|101.1|5|||54|01/01/2023||THICKNESS_FLEXIBLE
21100790000NB|101.1|101.2|5|||54|01/01/2023||THICKNESS_FLEXIBLE
21100790000NB|101.2|101.3|5|||54|01/01/2023||THICKNESS_FLEXIBLE
21100790000NB|101.3|101.4|5|||54|01/01/2023||THICKNESS_FLEXIBLE
21100790000NB|101.4|101.5|5|||54|01/01/2023||THICKNESS_FLEXIBLE
21100790000NB|101.5|101.6|5|||54|01/01/2023||THICKNESS_FLEXIBLE
21100790000NB|101.6|101.69|5|||54|01/01/2023||THICKNESS_FLEXIBLE
21100790000NB|101.69|101.7|5|||54|01/01/2023||THICKNESS_FLEXIBLE
21100790000NB|101.7|101.8|5|||54|01/01/2023||THICKNESS_FLEXIBLE
21100790000NB|101.8|101.9|5|||54|01/01/2023||THICKNESS_FLEXIBLE
21100790000NB|101.9|102.0|5|||54|01/01/2023||THICKNESS_FLEXIBLE
21100790000NB|102.0|102.1|5|||54|01/01/2023||THICKNESS_FLEXIBLE
21100790000NB|102.1|102.2|5|||54|01/01/2023||THICKNESS_FLEXIBLE
21100790000NB|102.2|102.3|5|||54|01/01/2023||THICKNESS_FLEXIBLE
21100790000NB|102.3|102.4|5|||54|01/01/2023||THICKNESS_FLEXIBLE
21100790000NB|102.4|102.5|5|||54|01/01/2023||THICKNESS_FLEXIBLE
21100790000NB|102.5|102.6|5|||54|01/01/2023||THICKNESS_FLEXIBLE
21100790000NB|102.6|102.7|5|||54|01/01/2023||THICKNESS_FLEXIBLE
21100790000NB|102.7|102.8|5|||54|01/01/2023||THICKNESS_FLEXIBLE
21100790000NB|102.8|102.9|5|||54|01/01/2023||THICKNESS_FLEXIBLE
21100790000NB|102.9|103.0|5|||54|01/01/2023||THICKNESS_FLEXIBLE
21100790000NB|103.0|103.1|5|||54|01/01/2023||THICKNESS_FLEXIBLE
21100790000NB|103.1|103.2|5|||54|01/01/2023||THICKNESS_FLEXIBLE
21100790000NB|103.2|103.3|5|||54|01/01/2023||THICKNESS_FLEXIBLE
21100790000NB|103.3|103.4|5|||54|01/01/2023||THICKNESS_FLEXIBLE
21100790000NB|103.4|103.5|5|||54|01/01/2023||THICKNESS_FLEXIBLE
21100790000NB|103.5|103.6|5|||54|01/01/2023||THICKNESS_FLEXIBLE
21100790000NB|103.6|103.7|5|||54|01/01/2023||THICKNESS_FLEXIBLE
21100790000NB|103.7|103.8|5|||54|01/01/2023||THICKNESS_FLEXIBLE
21100790000NB|103.8|103.9|5|||54|01/01/2023||THICKNESS_FLEXIBLE
21100790000NB|103.9|104.0|5|||54|01/01/2023||THICKNESS_FLEXIBLE
21100790000NB|104.0|104.1|5|||54|01/01/2023||THICKNESS_FLEXIBLE
21100790000NB|104.1|104.15|5|||54|01/01/2023||THICKNESS_FLEXIBLE
21100790000NB|104.69|104.7|5|||54|01/01/2023||THICKNESS_FLEXIBLE
21100790000NB|104.7|104.8|5|||54|01/01/2023||THICKNESS_FLEXIBLE
21100790000NB|104.8|104.9|5|||54|01/01/2023||THICKNESS_FLEXIBLE
21100790000NB|104.9|105.0|5|||54|01/01/2023||THICKNESS_FLEXIBLE
21100790000NB|105.0|105.1|5|||54|01/01/2023||THICKNESS_FLEXIBLE
21100790000NB|105.1|105.2|5|||54|01/01/2023||THICKNESS_FLEXIBLE
21100790000NB|105.2|105.3|5|||54|01/01/2023||THICKNESS_FLEXIBLE
21100790000NB|105.3|105.4|5|||54|01/01/2023||THICKNESS_FLEXIBLE
21100790000NB|105.4|105.5|5|||54|01/01/2023||THICKNESS_FLEXIBLE
21100790000NB|105.5|105.6|5|||54|01/01/2023||THICKNESS_FLEXIBLE
21100790000NB|105.6|105.7|5|||54|01/01/2023||THICKNESS_FLEXIBLE
21100790000NB|105.7|105.8|5|||54|01/01/2023||THICKNESS_FLEXIBLE
21100790000NB|105.8|105.9|5|||54|01/01/2023||THICKNESS_FLEXIBLE
21100790000NB|105.9|106.0|5|||54|01/01/2023||THICKNESS_FLEXIBLE
21100790000NB|106.0|106.1|5|||54|01/01/2023||THICKNESS_FLEXIBLE
21100790000NB|106.1|106.2|5|||54|01/01/2023||THICKNESS_FLEXIBLE
21100790000NB|106.2|106.3|5|||54|01/01/2023||THICKNESS_FLEXIBLE
21100790000NB|106.3|106.4|5|||54|01/01/2023||THICKNESS_FLEXIBLE
21100790000NB|106.4|106.42|5|||54|01/01/2023||THICKNESS_FLEXIBLE
