RouteID,BMP,EMP,year_last_improve_19_ValueDate,year_last_improve_20_ValueDate,year_last_improve_21_ValueDate
47300320005SB,0.04,0.1,,,
47300320005SB,0.1,0.19,,,
17200500000EB,11.38,12.29,,,
4140003180000,2.77,3.51,,,
49200330000EB,0,0.64,,,
49200330000EB,1.22,1.3,,,
49200330000EB,1.3,1.4,,,
49200330000EB,1.4,1.5,,,
49200330000EB,1.5,1.6,,,
49200330000EB,1.6,1.7,,,
49200330000EB,1.7,1.8,,,
49200330000EB,1.8,1.9,,,
49200330000EB,1.9,2,,,
49200330000EB,2,2.1,,,
49200330000EB,2.1,2.2,,,
49200330000EB,2.2,2.3,,,
49200330000EB,2.3,2.4,,,
49200330000EB,2.4,2.5,,,
49200330000EB,2.5,2.51,,,
49200330000EB,2.51,2.6,,,
49200330000EB,2.6,2.7,,,
49200330000EB,2.7,2.8,,,
49200330000EB,2.8,2.9,,,
49200330000EB,2.9,3,,,
49200330000EB,3,3.1,,,
49200330000EB,3.1,3.2,,,
49200330000EB,3.2,3.3,,,
49200330000EB,3.3,3.4,,,
49200330000EB,3.4,3.5,,,
49200330000EB,3.5,3.6,,,
49200330000EB,3.6,3.7,,,
49200330000EB,3.7,3.8,,,
49200330000EB,3.8,3.9,,,
49200330000EB,3.9,4,,,
49200330000EB,4,4.1,,,
49200330000EB,4.1,4.2,,,
49200330000EB,4.2,4.3,,,
49200330000EB,4.3,4.35,,,
49200330000EB,5.37,5.4,,,
49200330000EB,5.4,5.5,,,
49200330000EB,5.5,5.6,,,
49200330000EB,5.6,5.7,,,
49200330000EB,5.7,5.8,,,
49200330000EB,5.8,5.9,,,
49200330000EB,5.9,6,,,
49200330000EB,6,6.1,,,
49200330000EB,6.1,6.2,,,
49200330000EB,6.2,6.3,,,
49200330000EB,6.3,6.4,,,
49200330000EB,6.4,6.5,,,
49200330000EB,6.5,6.6,,,
49200330000EB,6.6,6.7,,,
49200330000EB,6.7,6.8,,,
49200330000EB,6.8,6.9,,,
49200330000EB,6.9,7,,,
49200330000EB,7,7.1,,,
49200330000EB,7.1,7.192,,,
49200330000EB,8.31,8.4,,,
49200330000EB,8.4,8.5,,,
49200330000EB,8.5,8.6,,,
49200330000EB,8.6,8.7,,,
49200330000EB,8.7,8.8,,,
49200330000EB,8.8,8.9,,,
49200330000EB,8.9,9,,,
49200330000EB,9,9.1,,,
49200330000EB,9.1,9.2,,,
49200330000EB,9.2,9.3,,,
49200330000EB,9.3,9.4,,,
49200330000EB,9.4,9.5,,,
49200330000EB,9.5,9.6,,,
49200330000EB,9.6,9.7,,,
49200330000EB,9.7,9.8,,,
49200330000EB,9.8,9.9,,,
49200330000EB,9.9,10,,,
49200330000EB,10,10.1,,,
49200330000EB,10.1,10.2,,,
49200330000EB,10.2,10.3,,,
49200330000EB,10.3,10.4,,,
49200330000EB,10.4,10.5,,,
49200330000EB,10.5,10.6,,,
49200330000EB,10.6,10.7,,,
49200330000EB,10.7,10.8,,,
49200330000EB,10.8,10.87,,,
3630028000000,24.07,24.33,,,
3630028000000,24.33,25.57,,,
4140019210000,3.73,5.14,,,
2840019290000,0,2.54,,,
2840019290000,2.54,3.32,,,
0130038000000,0.43,2.43,,,
0130038000000,5.53,6.31,,,
44100790000SB,25.67,29.58,,,
4830018000000,0,2.24,,,
4830018000000,21.85,22.86,,,
3930072000000,18.42,20.44,,,
4940001000000,2.28,3.09,,,
4940001000000,3.09,3.14,,,
4940001000000,3.14,3.17,,,
4140025000000,3.7,5.9,,,
47202190000NB,5.57,5.6,,,
47202190000NB,5.6,5.7,,,
47202190000NB,5.7,5.8,,,
47202190000NB,5.8,5.9,,,
47202190000NB,5.9,7.37,,,
47202190000NB,13.1,13.13,,,
47202190000NB,13.13,13.2,,,
47202190000NB,13.2,13.3,,,
47202190000NB,13.3,13.4,,,
47202190000NB,13.4,13.5,,,
47202190000NB,13.5,13.6,,,
47202190000NB,13.6,13.7,,,
47202190000NB,13.7,13.8,,,
47202190000NB,13.8,13.9,,,
47202190000NB,13.9,14,,,
47202190000NB,14,14.1,,,
47202190000NB,14.1,14.2,,,
47202190000NB,14.2,14.3,,,
47202190000NB,14.3,14.4,,,
47202190000NB,14.4,14.5,,,
47202190000NB,14.5,14.6,,,
47202190000NB,14.6,14.7,,,
47202190000NB,14.7,14.8,,,
47202190000NB,14.8,14.9,,,
47202190000NB,14.9,15,,,
47202190000NB,15,15.1,,,
47202190000NB,15.1,15.2,,,
47202190000NB,15.2,15.3,,,
47202190000NB,15.3,15.4,,,
47202190000NB,15.4,15.5,,,
47202190000NB,15.5,15.6,,,
47202190000NB,15.6,15.7,,,
47202190000NB,15.7,15.8,,,
47202190000NB,15.8,15.9,,,
47202190000NB,15.9,16,,,
47202190000NB,16,16.1,,,
47202190000NB,16.1,16.2,,,
47202190000NB,16.2,16.3,,,
47202190000NB,16.3,16.4,,,
47202190000NB,16.4,16.5,,,
47202190000NB,16.5,16.6,,,
47202190000NB,16.6,16.7,,,
47202190000NB,16.7,16.8,,,
47202190000NB,16.8,16.9,,,
47202190000NB,16.9,17,,,
47202190000NB,17,17.1,,,
47202190000NB,17.1,17.2,,,
47202190000NB,17.2,17.3,,,
47202190000NB,17.3,17.4,,,
47202190000NB,17.4,17.49,,,
47202190000NB,17.49,17.5,,,
47202190000NB,17.5,17.6,,,
47202190000NB,17.6,17.7,,,
47202190000NB,17.7,17.74,,,
47202190000NB,17.74,17.8,,,
47202190000NB,17.8,17.9,,,
47202190000NB,17.9,18,,,
47202190000NB,22.16,22.2,,,
47202190000NB,22.2,22.3,,,
47202190000NB,22.3,22.4,,,
47202190000NB,22.4,22.5,,,
47202190000NB,22.5,22.6,,,
47202190000NB,22.6,22.7,,,
47202190000NB,22.7,22.8,,,
47202190000NB,22.8,22.9,,,
47202190000NB,22.9,23,,,
47202190000NB,23,23.1,,,
47202190000NB,23.1,23.2,,,
47202190000NB,23.2,23.3,,,
47202190000NB,23.3,23.4,,,
47202190000NB,23.4,23.5,,,
47202190000NB,23.5,23.6,,,
47202190000NB,23.6,23.7,,,
47202190000NB,23.7,23.8,,,
47202190000NB,23.8,23.9,,,
47202190000NB,23.9,24,,,
47202190000NB,24,24.1,,,
47202190000NB,24.1,24.2,,,
47202190000NB,24.2,24.3,,,
47202190000NB,24.3,24.4,,,
47202190000NB,24.4,24.5,,,
47202190000NB,24.5,24.6,,,
47202190000NB,24.6,24.7,,,
47202190000NB,24.7,24.8,,,
47202190000NB,24.8,24.9,,,
47202190000NB,24.9,25,,,
47202190000NB,25,25.1,,,
47202190000NB,25.1,25.2,,,
47202190000NB,25.2,25.3,,,
47202190000NB,25.3,25.4,,,
47202190000NB,25.4,25.49,,,
47202190000NB,25.49,25.5,,,
47202190000NB,25.5,25.6,,,
47202190000NB,25.6,25.7,,,
47202190000NB,25.7,25.8,,,
47202190000NB,25.8,25.83,,,
47202190000NB,26.1,26.2,,,
47202190000NB,26.2,26.3,,,
47202190000NB,26.3,26.4,,,
47202190000NB,26.4,26.5,,,
47202190000NB,26.5,26.6,,,
47202190000NB,26.6,26.7,,,
47202190000NB,26.7,26.8,,,
47202190000NB,26.8,26.9,,,
47202190000NB,26.9,27,,,
47202190000NB,27,27.1,,,
47202190000NB,27.1,27.2,,,
47202190000NB,27.2,27.3,,,
47202190000NB,27.3,27.4,,,
47202190000NB,27.4,27.5,,,
47202190000NB,27.5,27.6,,,
47202190000NB,27.6,27.7,,,
47202190000NB,27.7,27.722,,,
47202190000NB,27.722,27.76,,,
5240004000000,3.44,3.54,,,
4140018000000,2.99,3,,,
4140018000000,3,3.51,,,
4140018000000,3.51,4.41,,,
35202500010SB,0,0.64,,,
5530010000000,24.14,24.2,,,
5530010000000,24.2,24.3,,,
5530010000000,24.3,24.38,,,
19203400005SB,0,0.1,,,
19203400005SB,0.1,0.17,,,
19203400005SB,0.17,0.2,,,
19203400005SB,0.2,0.23,,,
19203400005SB,0.23,0.3,,,
19203400005SB,0.3,0.37,,,
19203400005SB,0.371,0.4,,,
19203400005SB,0.4,0.5,,,
19203400005SB,0.5,0.6,,,
4140016390000,0,0.64,,,
4140006000000,0,0.14,,,
4140006000000,0.91,1.13,,,
3540023060000,0,0.76,,,
4130003000000,35.98,36,,,
4130003000000,36,36.1,,,
4130003000000,36.1,36.18,,,
4130003000000,36.23,36.49,,,
4130003000000,37.1,37.73,,,
1030061000000,0,1.04,,,
1030061000000,1.04,1.12,,,
1030061000000,8.74,9.33,,,
1030061000000,22.53,25.56,,,
5230180000000,0,1.6,,,
24200520000EB,0,0.1,,,
24200520000EB,0.1,0.2,,,
24200520000EB,0.2,0.3,,,
24200520000EB,0.3,0.4,,,
24200520000EB,0.4,0.5,,,
24200520000EB,0.5,0.6,,,
24200520000EB,0.6,0.7,,,
24200520000EB,0.7,0.8,,,
24200520000EB,0.8,0.9,,,
24200520000EB,0.9,1,,,
24200520000EB,1,1.09,,,
24200520000EB,2.54,2.6,,,
24200520000EB,2.6,2.7,,,
24200520000EB,2.7,2.8,,,
24200520000EB,2.8,2.9,,,
24200520000EB,2.9,3,,,
24200520000EB,3,3.1,,,
24200520000EB,3.1,3.2,,,
24200520000EB,3.2,3.3,,,
24200520000EB,3.3,3.4,,,
24200520000EB,3.4,3.5,,,
24200520000EB,3.5,3.6,,,
24200520000EB,3.6,3.7,,,
24200520000EB,3.7,3.72,,,
24200520000EB,5.19,5.2,,,
24200520000EB,5.2,5.3,,,
24200520000EB,5.3,5.4,,,
24200520000EB,5.4,5.5,,,
24200520000EB,5.5,5.6,,,
24200520000EB,5.6,5.7,,,
24200520000EB,5.7,5.8,,,
24200520000EB,5.8,5.9,,,
24200520000EB,5.9,6,,,
24200520000EB,6,6.1,,,
24200520000EB,6.1,6.2,,,
24200520000EB,6.2,6.3,,,
24200520000EB,6.3,6.4,,,
24200520000EB,6.4,6.5,,,
24200520000EB,6.5,6.6,,,
24200520000EB,6.6,6.7,,,
24200520000EB,6.7,6.8,,,
24200520000EB,6.8,6.9,,,
24200520000EB,6.9,7,,,
24200520000EB,7,7.1,,,
24200520000EB,7.1,7.2,,,
24200520000EB,7.2,7.3,,,
24200520000EB,7.3,7.4,,,
24200520000EB,7.4,7.5,,,
24200520000EB,7.5,7.6,,,
24200520000EB,7.6,7.7,,,
24200520000EB,7.7,7.8,,,
24200520000EB,7.8,7.9,,,
24200520000EB,7.9,7.91,,,
24200520000EB,9.59,9.6,,,
24200520000EB,9.6,9.7,,,
24200520000EB,9.7,9.8,,,
24200520000EB,9.8,9.9,,,
24200520000EB,9.9,10,,,
24200520000EB,10,10.1,,,
24200520000EB,10.1,10.2,,,
24200520000EB,10.2,10.3,,,
24200520000EB,10.3,10.4,,,
24200520000EB,10.4,10.5,,,
24200520000EB,10.5,10.6,,,
24200520000EB,10.6,10.7,,,
24200520000EB,10.7,10.8,,,
24200520000EB,10.8,10.9,,,
24200520000EB,10.9,11,,,
24200520000EB,11,11.1,,,
24200520000EB,11.1,11.2,,,
24200520000EB,11.2,11.3,,,
24200520000EB,11.3,11.4,,,
24200520000EB,11.4,11.5,,,
24200520000EB,11.5,11.6,,,
24200520000EB,11.6,11.7,,,
24200520000EB,11.7,11.8,,,
24200520000EB,11.8,11.9,,,
24200520000EB,11.9,12,,,
24200520000EB,12,12.1,,,
24200520000EB,12.1,12.2,,,
24200520000EB,12.2,12.3,,,
24200520000EB,12.3,12.4,,,
24200520000EB,12.4,12.5,,,
24200520000EB,12.5,12.6,,,
24200520000EB,12.6,12.7,,,
24200520000EB,12.7,12.8,,,
24200520000EB,12.8,12.82,,,
24200520000EB,24.59,24.6,,,
24200520000EB,24.6,24.7,,,
24200520000EB,24.7,24.8,,,
24200520000EB,24.8,24.9,,,
24200520000EB,24.9,25,,,
24200520000EB,25,25.1,,,
24200520000EB,25.1,25.2,,,
24200520000EB,25.2,25.3,,,
24200520000EB,25.3,25.4,,,
24200520000EB,25.4,25.5,,,
24200520000EB,25.5,25.6,,,
24200520000EB,25.6,25.7,,,
24200520000EB,25.7,25.8,,,
24200520000EB,25.8,25.9,,,
24200520000EB,25.9,26,,,
24200520000EB,26,26.1,,,
24200520000EB,26.1,26.2,,,
24200520000EB,26.2,26.3,,,
24200520000EB,26.3,26.4,,,
24200520000EB,26.4,26.5,,,
24200520000EB,26.5,26.6,,,
24200520000EB,26.6,26.7,,,
24200520000EB,26.7,26.77,,,
2840016100000,0,0.66,,,
28204600000EB,0.029,0.1,,,
28204600000EB,0.1,0.2,,,
28204600000EB,0.2,0.3,,,
28204600000EB,0.3,0.4,,,
28204600000EB,0.4,0.5,,,
28204600000EB,0.5,0.6,,,
28204600000EB,0.6,0.7,,,
28204600000EB,0.7,0.8,,,
28204600000EB,0.8,0.9,,,
28204600000EB,0.9,1,,,
28204600000EB,1,1.06,,,
28204600000EB,1.33,1.4,,,
28204600000EB,1.4,1.5,,,
28204600000EB,1.5,1.6,,,
28204600000EB,1.6,1.7,,,
28204600000EB,1.7,1.8,,,
28204600000EB,1.8,1.9,,,
28204600000EB,1.9,2,,,
28204600000EB,2,2.1,,,
28204600000EB,2.1,2.2,,,
28204600000EB,2.2,2.3,,,
28204600000EB,2.3,2.4,,,
28204600000EB,2.4,2.5,,,
28204600000EB,2.5,2.6,,,
28204600000EB,2.6,2.7,,,
28204600000EB,2.7,2.8,,,
28204600000EB,2.8,2.9,,,
28204600000EB,2.9,3,,,
28204600000EB,3,3.09,,,
28204600000EB,4.29,4.3,,,
28204600000EB,4.3,4.4,,,
28204600000EB,4.4,4.5,,,
28204600000EB,4.5,4.6,,,
28204600000EB,4.6,4.7,,,
28204600000EB,4.7,4.8,,,
28204600000EB,4.8,4.9,,,
28204600000EB,4.9,5,,,
28204600000EB,5,5.1,,,
28204600000EB,5.1,5.2,,,
28204600000EB,5.2,5.3,,,
28204600000EB,5.3,5.38,,,
28204600000EB,13.48,13.5,,,
28204600000EB,13.5,13.6,,,
28204600000EB,13.6,13.7,,,
28204600000EB,13.7,13.8,,,
28204600000EB,13.8,13.9,,,
28204600000EB,13.9,14,,,
28204600000EB,14,14.1,,,
28204600000EB,14.1,14.2,,,
28204600000EB,14.2,14.3,,,
28204600000EB,14.3,14.4,,,
28204600000EB,14.4,14.5,,,
28204600000EB,14.5,14.6,,,
28204600000EB,14.6,14.7,,,
28204600000EB,14.7,14.72,,,
28204600000EB,14.72,14.8,,,
28204600000EB,14.8,14.9,,,
28204600000EB,14.9,15,,,
28204600000EB,15,15.1,,,
28204600000EB,15.1,15.15,,,
1540005000000,1.85,3.76,,,
12200480000EB,0,0.1,,,
12200480000EB,0.1,0.2,,,
12200480000EB,0.2,0.3,,,
12200480000EB,0.3,0.4,,,
12200480000EB,0.4,0.5,,,
12200480000EB,0.5,0.6,,,
12200480000EB,0.6,0.7,,,
12200480000EB,0.7,0.8,,,
12200480000EB,0.8,0.9,,,
12200480000EB,0.9,1,,,
12200480000EB,1,1.1,,,
12200480000EB,1.1,1.2,,,
12200480000EB,1.2,1.3,,,
12200480000EB,1.3,1.4,,,
12200480000EB,1.4,1.5,,,
12200480000EB,1.5,1.6,,,
12200480000EB,1.6,1.7,,,
12200480000EB,1.7,1.8,,,
12200480000EB,1.8,1.9,,,
12200480000EB,1.9,2,,,
12200480000EB,2,2.1,,,
12200480000EB,2.1,2.2,,,
12200480000EB,2.2,2.3,,,
12200480000EB,2.3,2.4,,,
12200480000EB,2.4,2.5,,,
12200480000EB,2.5,2.6,,,
12200480000EB,2.6,2.7,,,
12200480000EB,2.7,2.8,,,
12200480000EB,2.8,2.9,,,
12200480000EB,2.9,3,,,
12200480000EB,3,3.1,,,
12200480000EB,3.1,3.2,,,
12200480000EB,3.2,3.3,,,
12200480000EB,3.3,3.4,,,
12200480000EB,3.4,3.5,,,
12200480000EB,3.5,3.6,,,
12200480000EB,3.6,3.7,,,
12200480000EB,3.7,3.8,,,
12200480000EB,3.8,3.9,,,
12200480000EB,3.9,4,,,
12200480000EB,4,4.1,,,
12200480000EB,4.1,4.2,,,
12200480000EB,4.2,4.3,,,
12200480000EB,4.3,4.4,,,
12200480000EB,4.4,4.5,,,
12200480000EB,4.5,4.6,,,
12200480000EB,4.6,4.7,,,
12200480000EB,4.7,4.8,,,
12200480000EB,4.8,4.9,,,
12200480000EB,4.9,5,,,
12200480000EB,5,5.1,,,
12200480000EB,5.1,5.2,,,
12200480000EB,5.2,5.3,,,
12200480000EB,5.3,5.4,,,
12200480000EB,5.4,5.5,,,
12200480000EB,5.5,5.6,,,
12200480000EB,5.6,5.7,,,
12200480000EB,5.7,5.8,,,
12200480000EB,5.8,5.82,,,
4030025000000,0,0.63,,,
4140001000000,1.95,3.4,,,
4140001000000,3.4,4.14,,,
1530008000000,0.23,0.41,,,
1530008000000,7.09,7.12,,,
2730002000000,15.93,18.05,,,
2730002000000,18.91,19.89,,,
10200190000NB,0,0.1,,,
10200190000NB,0.1,0.2,,,
10200190000NB,0.2,0.3,,,
10200190000NB,0.3,0.4,,,
10200190000NB,0.4,0.5,,,
10200190000NB,0.5,0.6,,,
10200190000NB,0.6,0.7,,,
10200190000NB,0.7,0.8,,,
10200190000NB,0.8,0.9,,,
10200190000NB,0.9,1,,,
10200190000NB,1,1.02,,,
10200190000NB,2.85,2.9,,,
10200190000NB,2.9,3,,,
10200190000NB,3,3.1,,,
10200190000NB,3.1,3.2,,,
10200190000NB,3.2,3.3,,,
10200190000NB,3.3,3.4,,,
10200190000NB,3.4,3.5,,,
10200190000NB,3.5,3.6,,,
10200190000NB,3.6,3.7,,,
10200190000NB,3.7,3.8,,,
10200190000NB,3.8,3.82,,,
10200190000NB,3.89,3.9,,,
10200190000NB,3.9,4,,,
10200190000NB,4,4.1,,,
10200190000NB,4.1,4.2,,,
10200190000NB,4.2,4.3,,,
10200190000NB,4.3,4.4,,,
10200190000NB,4.4,4.5,,,
10200190000NB,4.5,4.6,,,
10200190000NB,4.6,4.7,,,
10200190000NB,4.7,4.8,,,
10200190000NB,4.8,4.9,,,
10200190000NB,4.9,5,,,
10200190000NB,5,5.1,,,
10200190000NB,5.1,5.2,,,
10200190000NB,5.2,5.3,,,
10200190000NB,5.3,5.4,,,
10200190000NB,5.4,5.5,,,
10200190000NB,5.5,5.6,,,
10200190000NB,5.6,5.7,,,
10200190000NB,5.7,5.8,,,
10200190000NB,5.8,5.9,,,
10200190000NB,5.9,6,,,
10200190000NB,6,6.1,,,
10200190000NB,6.1,6.16,,,
10200190000NB,6.16,6.2,,,
10200190000NB,6.2,6.3,,,
10200190000NB,6.3,6.4,,,
10200190000NB,6.4,6.5,,,
10200190000NB,6.5,6.6,,,
10200190000NB,6.6,6.66,,,
10200190000NB,6.66,6.7,,,
10200190000NB,6.7,6.8,,,
10200190000NB,6.8,6.9,,,
10200190000NB,6.9,7,,,
10200190000NB,7,7.1,,,
10200190000NB,7.1,7.2,,,
10200190000NB,7.2,7.3,,,
10200190000NB,7.3,7.4,,,
10200190000NB,7.4,7.5,,,
10200190000NB,7.5,7.6,,,
10200190000NB,7.6,7.7,,,
10200190000NB,7.7,7.8,,,
10200190000NB,7.8,7.9,,,
10200190000NB,7.9,8,,,
10200190000NB,8,8.1,,,
10200190000NB,8.1,8.2,,,
10200190000NB,8.2,8.23,,,
10200190000NB,14.64,14.7,,,
10200190000NB,14.7,14.8,,,
10200190000NB,14.8,14.9,,,
10200190000NB,14.9,15,,,
10200190000NB,15,15.1,,,
10200190000NB,15.1,15.2,,,
10200190000NB,15.2,15.3,,,
10200190000NB,15.3,15.4,,,
10200190000NB,15.4,15.5,,,
10200190000NB,15.5,15.6,,,
10200190000NB,15.6,15.627,,,
02100810000NB,0,0.1,,,
02100810000NB,0.1,0.2,,,
02100810000NB,0.2,0.3,,,
02100810000NB,0.3,0.4,,,
02100810000NB,0.4,0.5,,,
02100810000NB,0.5,0.6,,,
02100810000NB,0.6,0.7,,,
02100810000NB,0.7,0.8,,,
02100810000NB,0.8,0.9,,,
02100810000NB,0.9,1,,,
02100810000NB,1,1.1,,,
02100810000NB,1.1,1.2,,,
02100810000NB,1.2,1.3,,,
02100810000NB,1.3,1.39,,,
02100810000NB,1.39,1.4,,,
02100810000NB,1.4,1.5,,,
02100810000NB,1.5,1.6,,,
02100810000NB,1.6,1.7,,,
02100810000NB,1.7,1.8,,,
02100810000NB,1.8,1.9,,,
02100810000NB,1.9,2,,,
02100810000NB,2,2.1,,,
02100810000NB,2.1,2.2,,,
02100810000NB,2.2,2.3,,,
02100810000NB,2.3,2.4,,,
02100810000NB,2.4,2.5,,,
02100810000NB,2.5,2.6,,,
02100810000NB,2.6,2.7,,,
02100810000NB,2.7,2.8,,,
02100810000NB,2.8,2.9,,,
02100810000NB,2.9,3,,,
02100810000NB,3,3.1,,,
02100810000NB,3.1,3.2,,,
02100810000NB,3.2,3.3,,,
02100810000NB,3.3,3.4,,,
02100810000NB,3.4,3.5,,,
02100810000NB,3.5,3.6,,,
02100810000NB,3.6,3.7,,,
02100810000NB,3.7,3.8,,,
02100810000NB,3.8,3.9,,,
02100810000NB,3.9,4,,,
02100810000NB,4,4.1,,,
02100810000NB,4.1,4.2,,,
02100810000NB,4.2,4.3,,,
02100810000NB,4.3,4.4,,,
02100810000NB,4.4,4.5,,,
02100810000NB,4.5,4.6,,,
02100810000NB,4.6,4.7,,,
02100810000NB,4.7,4.8,,,
02100810000NB,4.8,4.9,,,
02100810000NB,4.9,5,,,
02100810000NB,5,5.1,,,
02100810000NB,5.1,5.2,,,
02100810000NB,5.2,5.3,,,
02100810000NB,5.3,5.4,,,
02100810000NB,5.4,5.5,,,
02100810000NB,5.5,5.6,,,
02100810000NB,5.6,5.7,,,
02100810000NB,5.7,5.8,,,
02100810000NB,5.8,5.9,,,
02100810000NB,5.9,6,,,
02100810000NB,6,6.1,,,
02100810000NB,6.1,6.2,,,
02100810000NB,6.2,6.27,,,
02100810000NB,6.27,6.3,,,
02100810000NB,6.3,6.4,,,
02100810000NB,6.4,6.5,,,
02100810000NB,6.5,6.6,,,
02100810000NB,6.6,6.7,,,
02100810000NB,6.7,6.8,,,
02100810000NB,6.8,6.9,,,
02100810000NB,6.9,7,,,
02100810000NB,7,7.1,,,
02100810000NB,7.1,7.2,,,
02100810000NB,7.2,7.3,,,
02100810000NB,7.3,7.4,,,
02100810000NB,7.4,7.5,,,
02100810000NB,7.5,7.6,,,
02100810000NB,7.6,7.7,,,
02100810000NB,7.7,7.8,,,
02100810000NB,7.8,7.9,,,
02100810000NB,7.9,8,,,
02100810000NB,8,8.1,,,
02100810000NB,8.1,8.2,,,
02100810000NB,8.2,8.3,,,
02100810000NB,8.3,8.4,,,
02100810000NB,8.4,8.5,,,
02100810000NB,8.5,8.6,,,
02100810000NB,8.6,8.7,,,
02100810000NB,8.7,8.8,,,
02100810000NB,8.8,8.9,,,
02100810000NB,8.9,9,,,
02100810000NB,9,9.1,,,
02100810000NB,9.1,9.2,,,
02100810000NB,9.2,9.3,,,
02100810000NB,9.3,9.4,,,
02100810000NB,9.4,9.5,,,
02100810000NB,9.5,9.6,,,
02100810000NB,9.6,9.7,,,
02100810000NB,9.7,9.8,,,
02100810000NB,9.8,9.9,,,
02100810000NB,9.9,10,,,
02100810000NB,10,10.1,,,
02100810000NB,10.1,10.2,,,
02100810000NB,10.2,10.3,,,
02100810000NB,10.3,10.4,,,
02100810000NB,10.4,10.5,,,
02100810000NB,10.5,10.6,,,
02100810000NB,10.6,10.7,,,
02100810000NB,10.7,10.8,,,
02100810000NB,10.8,10.9,,,
02100810000NB,10.9,11,,,
02100810000NB,11,11.1,,,
02100810000NB,11.1,11.2,,,
02100810000NB,11.2,11.3,,,
02100810000NB,11.3,11.4,,,
02100810000NB,11.4,11.5,,,
02100810000NB,11.5,11.6,,,
02100810000NB,11.6,11.63,,,
02100810000NB,11.63,11.7,,,
02100810000NB,11.7,11.8,,,
02100810000NB,11.8,11.9,,,
02100810000NB,11.9,12,,,
02100810000NB,12,12.1,,,
02100810000NB,12.1,12.2,,,
02100810000NB,12.2,12.3,,,
02100810000NB,12.3,12.4,,,
02100810000NB,12.4,12.5,,,
02100810000NB,12.5,12.6,,,
02100810000NB,12.6,12.7,,,
02100810000NB,12.7,12.8,,,
02100810000NB,12.8,12.9,,,
02100810000NB,12.9,13,,,
02100810000NB,13,13.1,,,
02100810000NB,13.1,13.2,,,
02100810000NB,13.2,13.3,,,
02100810000NB,13.3,13.4,,,
02100810000NB,13.4,13.5,,,
02100810000NB,13.5,13.54,,,
02100810000NB,13.54,13.6,,,
02100810000NB,13.6,13.7,,,
02100810000NB,13.7,13.8,,,
02100810000NB,13.8,13.9,,,
02100810000NB,13.9,14,,,
02100810000NB,14,14.1,,,
02100810000NB,14.1,14.2,,,
02100810000NB,14.2,14.26,,,
02100810000NB,14.26,14.3,,,
02100810000NB,14.3,14.4,,,
02100810000NB,14.4,14.5,,,
02100810000NB,14.5,14.6,,,
02100810000NB,14.6,14.7,,,
02100810000NB,14.7,14.8,,,
02100810000NB,14.8,14.9,,,
02100810000NB,14.9,15,,,
02100810000NB,15,15.1,,,
02100810000NB,15.1,15.2,,,
02100810000NB,15.2,15.22,,,
02100810000NB,15.22,15.3,,,
02100810000NB,15.3,15.4,,,
02100810000NB,15.4,15.5,,,
02100810000NB,15.5,15.6,,,
02100810000NB,15.6,15.62,,,
02100810000NB,15.62,15.7,,,
02100810000NB,15.7,15.8,,,
02100810000NB,15.8,15.9,,,
02100810000NB,15.9,15.95,,,
02100810000NB,15.95,16,,,
02100810000NB,16,16.1,,,
02100810000NB,16.1,16.2,,,
02100810000NB,16.2,16.23,,,
02100810000NB,16.23,16.3,,,
02100810000NB,16.3,16.4,,,
02100810000NB,16.4,16.5,,,
02100810000NB,16.5,16.6,,,
02100810000NB,16.6,16.7,,,
02100810000NB,16.7,16.8,,,
02100810000NB,16.8,16.9,,,
02100810000NB,16.9,17,,,
02100810000NB,17,17.1,,,
02100810000NB,17.1,17.2,,,
02100810000NB,17.2,17.3,,,
02100810000NB,17.3,17.4,,,
02100810000NB,17.4,17.5,,,
02100810000NB,17.5,17.6,,,
02100810000NB,17.6,17.7,,,
02100810000NB,17.7,17.8,,,
02100810000NB,17.8,17.9,,,
02100810000NB,17.9,18,,,
02100810000NB,18,18.1,,,
02100810000NB,18.1,18.13,,,
02100810000NB,18.13,18.2,,,
02100810000NB,18.2,18.3,,,
02100810000NB,18.3,18.4,,,
02100810000NB,18.4,18.5,,,
02100810000NB,18.5,18.6,,,
02100810000NB,18.6,18.7,,,
02100810000NB,18.7,18.8,,,
02100810000NB,18.8,18.9,,,
02100810000NB,18.9,19,,,
02100810000NB,19,19.1,,,
02100810000NB,19.1,19.2,,,
02100810000NB,19.2,19.3,,,
02100810000NB,19.3,19.4,,,
02100810000NB,19.4,19.5,,,
02100810000NB,19.5,19.6,,,
02100810000NB,19.6,19.7,,,
02100810000NB,19.7,19.8,,,
02100810000NB,19.8,19.9,,,
02100810000NB,19.9,20,,,
02100810000NB,20,20.1,,,
02100810000NB,20.1,20.2,,,
02100810000NB,20.2,20.3,,,
02100810000NB,20.3,20.37,,,
02100810000NB,20.37,20.4,,,
02100810000NB,20.4,20.5,,,
02100810000NB,20.5,20.6,,,
02100810000NB,20.6,20.7,,,
02100810000NB,20.7,20.8,,,
02100810000NB,20.8,20.9,,,
02100810000NB,20.9,21,,,
02100810000NB,21,21.1,,,
02100810000NB,21.1,21.2,,,
02100810000NB,21.2,21.3,,,
02100810000NB,21.3,21.4,,,
02100810000NB,21.4,21.5,,,
02100810000NB,21.5,21.6,,,
02100810000NB,21.6,21.7,,,
02100810000NB,21.7,21.8,,,
02100810000NB,21.8,21.9,,,
02100810000NB,21.9,22,,,
02100810000NB,22,22.1,,,
02100810000NB,22.1,22.2,,,
02100810000NB,22.2,22.3,,,
02100810000NB,22.3,22.4,,,
02100810000NB,22.4,22.5,,,
02100810000NB,22.5,22.6,,,
02100810000NB,22.6,22.7,,,
02100810000NB,22.7,22.8,,,
02100810000NB,22.8,22.9,,,
02100810000NB,22.9,23,,,
02100810000NB,23,23.1,,,
02100810000NB,23.1,23.2,,,
02100810000NB,23.2,23.3,,,
02100810000NB,23.3,23.4,,,
02100810000NB,23.4,23.46,,,
02100810000NB,23.46,23.5,,,
02100810000NB,23.5,23.6,,,
02100810000NB,23.6,23.7,,,
02100810000NB,23.7,23.8,,,
02100810000NB,23.8,23.9,,,
02100810000NB,23.9,24,,,
02100810000NB,24,24.1,,,
02100810000NB,24.1,24.2,,,
02100810000NB,24.2,24.3,,,
02100810000NB,24.3,24.4,,,
02100810000NB,24.4,24.5,,,
02100810000NB,24.5,24.53,,,
02100810000NB,24.53,24.6,,,
02100810000NB,24.6,24.7,,,
02100810000NB,24.7,24.8,,,
02100810000NB,24.8,24.9,,,
02100810000NB,24.9,25,,,
02100810000NB,25,25.1,,,
02100810000NB,25.1,25.2,,,
02100810000NB,25.2,25.3,,,
02100810000NB,25.3,25.4,,,
02100810000NB,25.4,25.5,,,
02100810000NB,25.5,25.6,,,
02100810000NB,25.6,25.7,,,
02100810000NB,25.7,25.8,,,
02100810000NB,25.8,25.9,,,
02100810000NB,25.9,26,,,
0240005000000,5.9,7.94,,,
4130054000000,2.48,2.5,,,
4130054000000,2.5,2.6,,,
4130054000000,2.6,2.7,,,
4130054000000,2.7,2.8,,,
4130054000000,2.8,2.9,,,
4130054000000,2.9,3,,,
4130054000000,3,3.1,,,
4130054000000,3.1,3.2,,,
4130054000000,3.2,3.3,,,
4130054000000,3.3,3.4,,,
4130054000000,3.4,3.5,,,
4130054000000,3.5,3.6,,,
4130054000000,3.6,3.7,,,
4130054000000,3.7,3.8,,,
4130054000000,3.8,3.9,,,
4130054000000,3.9,4,,,
4130054000000,4,4.1,,,
4130054000000,4.1,4.2,,,
4130054000000,4.2,4.3,,,
4130054000000,4.3,4.4,,,
4130054000000,4.4,4.5,,,
4130054000000,4.5,4.6,,,
4130054000000,4.6,4.7,,,
4130054000000,4.7,4.8,,,
4130054000000,4.8,4.86,,,
4130054000000,4.86,4.9,,,
4130054000000,4.9,5,,,
4130054000000,5,5.1,,,
4130054000000,5.1,5.2,,,
4130054000000,5.2,5.3,,,
4130054000000,5.3,5.4,,,
4130054000000,5.4,5.5,,,
4130054000000,5.5,5.6,,,
4130054000000,5.6,5.7,,,
4130054000000,5.7,5.72,,,
4130054000000,6.35,6.4,,,
4130054000000,6.4,6.5,,,
4130054000000,6.5,6.54,,,
4130054000000,6.54,6.6,,,
4130054000000,6.6,6.7,,,
4130054000000,6.7,6.8,,,
4130054000000,6.8,6.9,,,
4130054000000,6.9,7,,,
4130054000000,7,7.1,,,
4130054000000,7.1,7.2,,,
4130054000000,7.2,7.3,,,
4130054000000,7.3,7.4,,,
4130054000000,7.4,7.41,,,
4130054000000,7.41,7.5,,,
4130054000000,7.5,7.6,,,
4130054000000,7.6,7.7,,,
4130054000000,7.7,7.8,,,
4130054000000,7.8,7.9,,,
4130054000000,7.9,8,,,
4130054000000,8,8.1,,,
4130054000000,8.1,8.2,,,
4130054000000,8.2,8.3,,,
4130054000000,8.3,8.4,,,
4130054000000,8.4,8.5,,,
4130054000000,8.5,8.6,,,
4130054000000,8.6,8.7,,,
4130054000000,8.7,8.8,,,
4130054000000,8.8,8.84,,,
4130054000000,10.14,10.2,,,
4130054000000,10.2,10.3,,,
4130054000000,10.3,10.33,,,
3830039000000,27.78,28.08,,,
4130061000000,2.604,3.29,,,
5430014000000,15.19,15.32,,,
5430014000000,15.32,15.45,,,
5430014000000,16.1,16.76,,,
2840016000000,1.7,2.5,,,
2840016000000,2.5,2.614,,,
2030622000000,1.96,2.13,,,
0230051000000,4.54,4.58,,,
0230051000000,4.58,4.62,,,
0230051000000,4.62,5.18,,,
54100770000NB,162.73,165.16,,,
54100770000NB,165.16,168.205,,,
4840056000000,0,1.12,,,
1030016000000,1.75,2.38,,,
1030016000000,14.616,14.746,,,
1030016000000,15.526,16.666,,,
1030016000000,23.176,23.516,,,
4140008030000,0,0.65,,,
3540041010000,1.62,2.39,,,
2840011000000,0.08,0.58,,,
4930020000000,22.87,23.54,,,
2830020000000,4.23,5.2,,,
2830020000000,10.32,11.4,,,
2830020000000,12.05,12.78,,,
40200350000NB,0.29,0.65,,,
40200350000NB,1.36,1.6,,,
40200350000NB,1.64,2.06,,,
40200350000NB,2.1,2.3,,,
40200350000NB,2.3,2.532,,,
4130307000000,4.55,5.59,,,
4130307000000,7.42,8.45,,,
2140007000000,3.84,4.17,,,
4140019030000,0.387,0.5,,,
4140019030000,0.5,0.98,,,
21200330000EB,16,16.1,,,
21200330000EB,16.1,16.2,,,
21200330000EB,16.2,16.23,,,
21200330000EB,17.59,17.6,,,
21200330000EB,17.6,17.7,,,
21200330000EB,17.7,17.8,,,
21200330000EB,17.8,17.9,,,
21200330000EB,17.9,17.96,,,
21200330000EB,17.96,17.967,,,
21200330000EB,19.84,19.9,,,
21200330000EB,19.9,20,,,
21200330000EB,20,20.1,,,
21200330000EB,20.1,20.19,,,
21200330000EB,20.19,20.2,,,
21200330000EB,20.2,20.3,,,
21200330000EB,20.3,20.4,,,
21200330000EB,20.4,20.5,,,
21200330000EB,20.5,20.6,,,
21200330000EB,20.6,20.7,,,
21200330000EB,20.7,20.8,,,
21200330000EB,20.8,20.9,,,
21200330000EB,20.9,21,,,
21200330000EB,21,21.03,,,
21200330000EB,21.25,21.3,,,
21200330000EB,21.3,21.4,,,
21200330000EB,21.4,21.5,,,
21200330000EB,21.5,21.6,,,
21200330000EB,21.6,21.7,,,
21200330000EB,21.7,21.8,,,
21200330000EB,21.8,21.9,,,
21200330000EB,21.9,22,,,
21200330000EB,22,22.1,,,
21200330000EB,22.1,22.2,,,
21200330000EB,22.2,22.25,,,
21200330000EB,22.25,22.3,,,
21200330000EB,22.3,22.4,,,
21200330000EB,22.4,22.5,,,
21200330000EB,22.5,22.6,,,
21200330000EB,22.6,22.7,,,
21200330000EB,22.7,22.8,,,
21200330000EB,22.8,22.84,,,
21200190000NB,22.37,22.4,,,
21200190000NB,22.4,22.5,,,
21200190000NB,22.5,22.58,,,
21200190000NB,22.72,22.8,,,
21200190000NB,22.8,22.9,,,
21200190000NB,22.9,23,,,
21200190000NB,23,23.1,,,
21200190000NB,23.1,23.2,,,
21200190000NB,23.2,23.3,,,
21200190000NB,23.3,23.4,,,
21200190000NB,23.4,23.48,,,
1230093000000,9.71,9.8,,,
1230093000000,9.8,9.9,,,
1230093000000,9.9,10,,,
1230093000000,10,10.1,,,
1230093000000,10.1,10.2,,,
1230093000000,10.2,10.3,,,
1230093000000,10.3,10.4,,,
1230093000000,10.4,10.5,,,
1230093000000,10.5,10.6,,,
1230093000000,10.6,10.7,,,
1230093000000,10.7,10.8,,,
1230093000000,10.8,10.9,,,
1230093000000,10.9,11,,,
1230093000000,11,11.1,,,
1230093000000,11.1,11.2,,,
1230093000000,11.2,11.3,,,
1230093000000,11.3,11.4,,,
1230093000000,11.4,11.5,,,
1230093000000,11.5,11.6,,,
1230093000000,11.6,11.7,,,
1230093000000,11.7,11.8,,,
1230093000000,11.8,11.9,,,
1230093000000,11.9,12,,,
1230093000000,12,12.1,,,
1230093000000,12.1,12.2,,,
1230093000000,12.2,12.3,,,
1230093000000,12.3,12.4,,,
1230093000000,12.4,12.5,,,
1230093000000,12.5,12.6,,,
1230093000000,12.6,12.7,,,
1230093000000,12.7,12.8,,,
1230093000000,12.8,12.9,,,
1230093000000,12.9,13,,,
1230093000000,13,13.1,,,
1230093000000,13.1,13.2,,,
1230093000000,13.2,13.3,,,
1230093000000,13.3,13.4,,,
1230093000000,13.4,13.45,,,
4240011000000,2.48,2.491,,,
0630010000000,15.69,15.82,,,
0630010000000,15.82,16.27,,,
03201190000NB,0,2.93,,,
03201190000NB,9.44,11.49,,,
03201190000NB,11.49,12.36,,,
03201190000NB,12.36,12.83,,,
03201190000NB,12.83,13.54,,,
03201190000NB,16.97,17.8,,,
03201190000NB,17.8,17.83,,,
15200300000EB,0.53,0.61,,,
15200300000EB,1.543,2.38,,,
10200600000EB,0.34,0.345,,,
10200600000EB,0.345,0.4,,,
10200600000EB,0.4,0.5,,,
10200600000EB,0.5,0.6,,,
10200600000EB,0.6,0.7,,,
10200600000EB,0.7,0.8,,,
10200600000EB,0.8,0.9,,,
10200600000EB,0.9,1,,,
10200600000EB,1,1.01,,,
2840024000000,0,0.3,,,
2840024000000,0.3,2.789,,,
13100640000EB,147.6,147.7,,,
13100640000EB,147.7,147.8,,,
13100640000EB,147.8,147.9,,,
13100640000EB,147.9,147.93,,,
13100640000EB,147.93,148,,,
13100640000EB,148,148.1,,,
13100640000EB,148.1,148.2,,,
13100640000EB,148.2,148.3,,,
13100640000EB,148.3,148.4,,,
13100640000EB,148.4,148.5,,,
13100640000EB,148.5,148.6,,,
13100640000EB,148.6,148.7,,,
13100640000EB,148.7,148.8,,,
13100640000EB,148.8,148.9,,,
13100640000EB,148.9,149,,,
13100640000EB,149,149.1,,,
13100640000EB,149.1,149.2,,,
13100640000EB,149.2,149.3,,,
13100640000EB,149.3,149.4,,,
13100640000EB,149.4,149.5,,,
13100640000EB,149.5,149.6,,,
13100640000EB,149.6,149.7,,,
13100640000EB,149.7,149.8,,,
13100640000EB,149.8,149.84,,,
13100640000EB,149.84,149.9,,,
13100640000EB,149.9,150,,,
13100640000EB,150,150.1,,,
13100640000EB,150.1,150.2,,,
13100640000EB,150.2,150.3,,,
13100640000EB,150.3,150.4,,,
13100640000EB,150.4,150.5,,,
13100640000EB,150.5,150.6,,,
13100640000EB,150.6,150.7,,,
13100640000EB,150.7,150.8,,,
13100640000EB,150.8,150.9,,,
13100640000EB,150.9,151,,,
13100640000EB,151,151.1,,,
13100640000EB,151.1,151.2,,,
13100640000EB,151.2,151.3,,,
13100640000EB,151.3,151.4,,,
13100640000EB,151.4,151.5,,,
13100640000EB,151.5,151.6,,,
13100640000EB,151.6,151.7,,,
13100640000EB,151.7,151.8,,,
13100640000EB,151.8,151.9,,,
13100640000EB,151.9,152,,,
13100640000EB,152,152.1,,,
13100640000EB,152.1,152.2,,,
13100640000EB,152.2,152.3,,,
13100640000EB,152.3,152.4,,,
13100640000EB,152.4,152.5,,,
13100640000EB,152.5,152.6,,,
13100640000EB,152.6,152.7,,,
13100640000EB,152.7,152.8,,,
13100640000EB,152.8,152.9,,,
13100640000EB,152.9,153,,,
13100640000EB,153,153.1,,,
13100640000EB,153.1,153.2,,,
13100640000EB,153.2,153.3,,,
13100640000EB,153.3,153.4,,,
13100640000EB,153.4,153.5,,,
13100640000EB,153.5,153.6,,,
13100640000EB,153.6,153.7,,,
13100640000EB,153.7,153.8,,,
13100640000EB,153.8,153.9,,,
13100640000EB,153.9,154,,,
13100640000EB,154,154.1,,,
13100640000EB,154.1,154.2,,,
13100640000EB,154.2,154.3,,,
13100640000EB,154.3,154.4,,,
13100640000EB,154.4,154.5,,,
13100640000EB,154.5,154.6,,,
13100640000EB,154.6,154.7,,,
13100640000EB,154.7,154.8,,,
13100640000EB,154.8,154.9,,,
13100640000EB,154.9,155,,,
13100640000EB,155,155.1,,,
13100640000EB,155.1,155.2,,,
13100640000EB,155.2,155.3,,,
13100640000EB,155.3,155.4,,,
13100640000EB,155.4,155.5,,,
13100640000EB,155.5,155.6,,,
13100640000EB,155.6,155.7,,,
13100640000EB,155.7,155.8,,,
13100640000EB,155.8,155.9,,,
13100640000EB,155.9,156,,,
13100640000EB,156,156.1,,,
13100640000EB,156.1,156.18,,,
13100640000EB,156.18,156.2,,,
13100640000EB,156.2,156.3,,,
13100640000EB,156.3,156.4,,,
13100640000EB,156.4,156.5,,,
13100640000EB,156.5,156.6,,,
13100640000EB,156.6,156.7,,,
13100640000EB,156.7,156.8,,,
13100640000EB,156.8,156.9,,,
13100640000EB,156.9,157,,,
13100640000EB,157,157.1,,,
13100640000EB,157.1,157.2,,,
13100640000EB,157.2,157.3,,,
13100640000EB,157.3,157.4,,,
13100640000EB,157.4,157.5,,,
13100640000EB,157.5,157.6,,,
13100640000EB,157.6,157.7,,,
13100640000EB,157.7,157.8,,,
13100640000EB,157.8,157.9,,,
13100640000EB,157.9,158,,,
13100640000EB,158,158.1,,,
13100640000EB,158.1,158.2,,,
13100640000EB,158.2,158.3,,,
13100640000EB,158.3,158.4,,,
13100640000EB,158.4,158.5,,,
13100640000EB,158.5,158.6,,,
13100640000EB,158.6,158.7,,,
13100640000EB,158.7,158.8,,,
13100640000EB,158.8,158.9,,,
13100640000EB,158.9,159,,,
13100640000EB,159,159.1,,,
13100640000EB,159.1,159.2,,,
13100640000EB,159.2,159.3,,,
13100640000EB,159.3,159.4,,,
13100640000EB,159.4,159.5,,,
13100640000EB,159.5,159.6,,,
13100640000EB,159.6,159.7,,,
13100640000EB,159.7,159.8,,,
13100640000EB,159.8,159.9,,,
13100640000EB,159.9,160,,,
13100640000EB,160,160.1,,,
13100640000EB,160.1,160.2,,,
13100640000EB,160.2,160.3,,,
13100640000EB,160.3,160.4,,,
13100640000EB,160.4,160.5,,,
13100640000EB,160.5,160.6,,,
13100640000EB,160.6,160.7,,,
13100640000EB,160.7,160.8,,,
13100640000EB,160.8,160.9,,,
13100640000EB,160.9,161,,,
13100640000EB,161,161.1,,,
13100640000EB,161.1,161.2,,,
13100640000EB,161.2,161.3,,,
13100640000EB,161.3,161.4,,,
13100640000EB,161.4,161.46,,,
13100640000EB,161.46,161.5,,,
13100640000EB,161.5,161.6,,,
13100640000EB,161.6,161.7,,,
13100640000EB,161.7,161.8,,,
13100640000EB,161.8,161.9,,,
13100640000EB,161.9,162,,,
13100640000EB,162,162.1,,,
13100640000EB,162.1,162.2,,,
13100640000EB,162.2,162.3,,,
13100640000EB,162.3,162.4,,,
13100640000EB,162.4,162.5,,,
13100640000EB,162.5,162.6,,,
13100640000EB,162.6,162.7,,,
13100640000EB,162.7,162.8,,,
13100640000EB,162.8,162.9,,,
13100640000EB,162.9,163,,,
13100640000EB,163,163.1,,,
13100640000EB,163.1,163.2,,,
13100640000EB,163.2,163.3,,,
13100640000EB,163.3,163.4,,,
13100640000EB,163.4,163.5,,,
13100640000EB,163.5,163.6,,,
13100640000EB,163.6,163.7,,,
13100640000EB,163.7,163.8,,,
13100640000EB,163.8,163.9,,,
13100640000EB,163.9,164,,,
13100640000EB,164,164.1,,,
13100640000EB,164.1,164.2,,,
13100640000EB,164.2,164.3,,,
13100640000EB,164.3,164.4,,,
13100640000EB,164.4,164.5,,,
13100640000EB,164.5,164.6,,,
13100640000EB,164.6,164.7,,,
13100640000EB,164.7,164.8,,,
13100640000EB,164.8,164.9,,,
13100640000EB,164.9,165,,,
13100640000EB,165,165.1,,,
13100640000EB,165.1,165.2,,,
13100640000EB,165.2,165.3,,,
13100640000EB,165.3,165.4,,,
13100640000EB,165.4,165.5,,,
13100640000EB,165.5,165.6,,,
13100640000EB,165.6,165.7,,,
13100640000EB,165.7,165.8,,,
13100640000EB,165.8,165.87,,,
13100640000EB,165.87,165.9,,,
13100640000EB,165.9,165.95,,,
13100640000EB,165.95,166,,,
13100640000EB,166,166.1,,,
13100640000EB,166.1,166.2,,,
13100640000EB,166.2,166.3,,,
13100640000EB,166.3,166.4,,,
13100640000EB,166.4,166.5,,,
13100640000EB,166.5,166.6,,,
13100640000EB,166.6,166.7,,,
13100640000EB,166.7,166.8,,,
13100640000EB,166.8,166.9,,,
13100640000EB,166.9,167,,,
13100640000EB,167,167.1,,,
13100640000EB,167.1,167.2,,,
13100640000EB,167.2,167.3,,,
13100640000EB,167.3,167.4,,,
13100640000EB,167.4,167.5,,,
13100640000EB,167.5,167.6,,,
13100640000EB,167.6,167.7,,,
13100640000EB,167.7,167.8,,,
13100640000EB,167.8,167.9,,,
13100640000EB,167.9,168,,,
13100640000EB,168,168.1,,,
13100640000EB,168.1,168.2,,,
13100640000EB,168.2,168.3,,,
13100640000EB,168.3,168.4,,,
13100640000EB,168.4,168.5,,,
13100640000EB,168.5,168.6,,,
13100640000EB,168.6,168.7,,,
13100640000EB,168.7,168.8,,,
13100640000EB,168.8,168.89,,,
13100640000EB,168.96,169,,,
13100640000EB,169,169.1,,,
13100640000EB,169.1,169.2,,,
13100640000EB,169.2,169.3,,,
13100640000EB,169.3,169.38,,,
13100640000EB,169.38,169.4,,,
13100640000EB,169.4,169.41,,,
13100640000EB,169.41,169.5,,,
13100640000EB,169.5,169.6,,,
13100640000EB,169.6,169.7,,,
13100640000EB,169.7,169.8,,,
13100640000EB,169.8,169.9,,,
13100640000EB,169.9,170,,,
13100640000EB,170,170.09,,,
13100640000EB,170.09,170.1,,,
13100640000EB,170.1,170.2,,,
13100640000EB,170.2,170.23,,,
13100640000EB,172.62,172.7,,,
13100640000EB,172.7,172.8,,,
13100640000EB,172.8,172.9,,,
13100640000EB,172.9,173,,,
13100640000EB,173,173.1,,,
13100640000EB,173.1,173.2,,,
13100640000EB,173.2,173.3,,,
13100640000EB,173.3,173.4,,,
13100640000EB,173.4,173.5,,,
13100640000EB,173.5,173.6,,,
13100640000EB,173.6,173.7,,,
13100640000EB,173.7,173.8,,,
13100640000EB,173.8,173.9,,,
13100640000EB,173.9,174,,,
13100640000EB,174,174.1,,,
13100640000EB,174.1,174.2,,,
13100640000EB,174.2,174.3,,,
13100640000EB,174.3,174.4,,,
13100640000EB,174.4,174.5,,,
13100640000EB,174.5,174.6,,,
13100640000EB,174.6,174.7,,,
13100640000EB,174.7,174.8,,,
13100640000EB,174.8,174.9,,,
13100640000EB,174.9,175,,,
13100640000EB,175,175.1,,,
13100640000EB,175.1,175.2,,,
13100640000EB,175.2,175.3,,,
13100640000EB,175.3,175.31,,,
13100640000EB,175.31,175.4,,,
13100640000EB,175.4,175.5,,,
13100640000EB,175.5,175.6,,,
13100640000EB,175.6,175.7,,,
13100640000EB,175.7,175.8,,,
13100640000EB,175.8,175.9,,,
13100640000EB,175.9,176,,,
13100640000EB,176,176.1,,,
13100640000EB,176.1,176.16,,,
13100640000EB,176.16,176.2,,,
13100640000EB,176.2,176.3,,,
13100640000EB,176.3,176.4,,,
13100640000EB,176.4,176.5,,,
13100640000EB,176.5,176.6,,,
13100640000EB,176.6,176.7,,,
13100640000EB,176.7,176.8,,,
13100640000EB,176.8,176.9,,,
13100640000EB,176.9,177,,,
13100640000EB,177,177.1,,,
13100640000EB,177.1,177.2,,,
13100640000EB,177.2,177.3,,,
13100640000EB,177.3,177.4,,,
13100640000EB,177.4,177.5,,,
13100640000EB,177.5,177.6,,,
13100640000EB,177.6,177.7,,,
13100640000EB,177.7,177.8,,,
13100640000EB,177.8,177.9,,,
13100640000EB,177.9,178,,,
13100640000EB,178,178.1,,,
13100640000EB,178.1,178.2,,,
13100640000EB,178.2,178.3,,,
13100640000EB,178.3,178.4,,,
13100640000EB,178.4,178.43,,,
13100640000EB,178.43,178.5,,,
13100640000EB,178.5,178.6,,,
13100640000EB,178.6,178.7,,,
13100640000EB,178.7,178.8,,,
13100640000EB,178.8,178.9,,,
13100640000EB,178.9,179,,,
13100640000EB,179,179.1,,,
13100640000EB,179.1,179.2,,,
13100640000EB,179.2,179.3,,,
13100640000EB,179.3,179.4,,,
13100640000EB,179.4,179.5,,,
13100640000EB,179.5,179.6,,,
13100640000EB,179.6,179.7,,,
13100640000EB,179.7,179.8,,,
13100640000EB,179.8,179.9,,,
13100640000EB,179.9,180,,,
13100640000EB,180,180.1,,,
13100640000EB,180.1,180.2,,,
13100640000EB,180.2,180.3,,,
13100640000EB,180.3,180.4,,,
13100640000EB,180.4,180.5,,,
13100640000EB,180.5,180.6,,,
13100640000EB,180.6,180.7,,,
13100640000EB,180.7,180.8,,,
13100640000EB,180.8,180.9,,,
13100640000EB,180.9,181,,,
13100640000EB,181,181.1,,,
13100640000EB,181.1,181.12,,,
13100640000EB,181.12,181.2,,,
13100640000EB,181.2,181.3,,,
13100640000EB,181.3,181.4,,,
13100640000EB,181.4,181.5,,,
13100640000EB,181.5,181.6,,,
13100640000EB,181.6,181.7,,,
13100640000EB,181.7,181.8,,,
13100640000EB,181.8,181.9,,,
13100640000EB,181.9,182,,,
13100640000EB,182,182.02,,,
13100640000EB,182.02,182.1,,,
13100640000EB,182.1,182.2,,,
13100640000EB,182.2,182.3,,,
13100640000EB,182.3,182.4,,,
13100640000EB,182.4,182.5,,,
13100640000EB,182.5,182.6,,,
13100640000EB,182.6,182.7,,,
13100640000EB,182.7,182.8,,,
13100640000EB,182.8,182.9,,,
13100640000EB,182.9,183,,,
13100640000EB,183,183.1,,,
13100640000EB,183.1,183.2,,,
13100640000EB,183.2,183.3,,,
13100640000EB,183.3,183.4,,,
13100640000EB,183.4,183.5,,,
13100640000EB,183.5,183.6,,,
13100640000EB,183.6,183.7,,,
13100640000EB,183.7,183.8,,,
13100640000EB,183.8,183.9,,,
13100640000EB,183.9,184,,,
13100640000EB,184,184.02,,,
0580960000000,0,0.11,,,
0130020000000,0,2.15,,,
55200520000EB,0,0.1,,,
55200520000EB,0.1,0.2,,,
55200520000EB,0.2,0.3,,,
55200520000EB,0.3,0.4,,,
55200520000EB,0.4,0.5,,,
55200520000EB,0.5,0.6,,,
55200520000EB,0.6,0.7,,,
55200520000EB,0.7,0.8,,,
55200520000EB,0.8,0.9,,,
55200520000EB,0.9,1,,,
55200520000EB,1,1.1,,,
55200520000EB,1.1,1.2,,,
55200520000EB,1.2,1.3,,,
55200520000EB,1.3,1.4,,,
55200520000EB,4.78,4.8,,,
55200520000EB,4.8,4.9,,,
55200520000EB,4.9,5,,,
55200520000EB,5,5.1,,,
55200520000EB,5.1,5.2,,,
55200520000EB,5.2,5.3,,,
55200520000EB,5.3,5.4,,,
55200520000EB,5.4,5.5,,,
55200520000EB,5.5,5.6,,,
55200520000EB,5.6,5.7,,,
55200520000EB,5.7,5.8,,,
55200520000EB,5.8,5.9,,,
55200520000EB,5.9,6,,,
55200520000EB,6,6.1,,,
55200520000EB,6.1,6.2,,,
55200520000EB,6.2,6.3,,,
55200520000EB,6.3,6.4,,,
55200520000EB,6.4,6.5,,,
55200520000EB,6.5,6.6,,,
55200520000EB,6.6,6.7,,,
55200520000EB,6.7,6.8,,,
55200520000EB,6.8,6.9,,,
55200520000EB,6.9,7,,,
55200520000EB,7,7.1,,,
55200520000EB,7.1,7.2,,,
55200520000EB,7.2,7.3,,,
55200520000EB,7.3,7.4,,,
55200520000EB,7.4,7.5,,,
55200520000EB,7.5,7.6,,,
55200520000EB,7.6,7.65,,,
55200520000EB,7.65,7.7,,,
55200520000EB,7.7,7.8,,,
55200520000EB,7.8,7.9,,,
55200520000EB,7.9,8,,,
55200520000EB,8,8.1,,,
55200520000EB,8.1,8.2,,,
55200520000EB,8.2,8.3,,,
55200520000EB,8.3,8.34,,,
0230009000000,0.35,0.4,,,
0230009000000,0.4,0.5,,,
0230009000000,0.5,0.6,,,
0230009000000,0.6,0.7,,,
0230009000000,0.7,0.8,,,
0230009000000,0.8,0.9,,,
0230009000000,0.9,1,,,
0230009000000,1,1.1,,,
0230009000000,1.1,1.2,,,
0230009000000,1.2,1.3,,,
0230009000000,1.3,1.4,,,
0230009000000,1.4,1.5,,,
0230009000000,1.5,1.6,,,
0230009000000,1.6,1.7,,,
0230009000000,1.7,1.8,,,
0230009000000,1.8,1.9,,,
0230009000000,1.9,2,,,
0230009000000,2,2.1,,,
0230009000000,2.1,2.2,,,
0230009000000,4.81,4.9,,,
0230009000000,4.9,5,,,
0230009000000,5,5.1,,,
0230009000000,5.1,5.2,,,
0230009000000,5.2,5.3,,,
0230009000000,5.3,5.4,,,
0230009000000,5.4,5.5,,,
0230009000000,5.5,5.6,,,
0230009000000,5.6,5.7,,,
0230009000000,5.7,5.8,,,
0230009000000,5.8,5.9,,,
0230009000000,5.9,6,,,
0230009000000,6,6.1,,,
0230009000000,6.1,6.17,,,
0230009000000,6.17,6.2,,,
0230009000000,6.2,6.27,,,
0230009000000,6.381,6.4,,,
0230009000000,6.4,6.47,,,
0230009000000,6.47,6.5,,,
0230009000000,6.5,6.6,,,
0230009000000,6.6,6.7,,,
0230009000000,6.7,6.8,,,
0230009000000,6.8,6.9,,,
0230009000000,6.9,7,,,
0230009000000,7,7.1,,,
0230009000000,7.1,7.2,,,
0230009000000,7.2,7.3,,,
0230009000000,7.3,7.4,,,
0230009000000,7.4,7.5,,,
0230009000000,7.5,7.58,,,
0230009000000,7.584,7.6,,,
0230009000000,7.6,7.7,,,
0230009000000,7.7,7.8,,,
0230009000000,7.8,7.9,,,
0230009000000,7.9,8,,,
0230009000000,8,8.1,,,
0230009000000,8.1,8.2,,,
0230009000000,8.2,8.3,,,
0230009000000,8.3,8.4,,,
0230009000000,8.4,8.5,,,
0230009000000,8.5,8.6,,,
0230009000000,8.6,8.7,,,
0230009000000,8.7,8.8,,,
0230009000000,8.8,8.9,,,
0230009000000,8.9,9,,,
0230009000000,9,9.1,,,
0230009000000,9.1,9.2,,,
0230009000000,9.2,9.3,,,
0230009000000,9.3,9.4,,,
0230009000000,9.4,9.5,,,
0230009000000,9.5,9.6,,,
0230009000000,9.6,9.7,,,
0230009000000,9.7,9.8,,,
0230009000000,9.8,9.9,,,
0230009000000,9.9,9.95,,,
0230009000000,10.12,10.2,,,
0230009000000,10.2,10.3,,,
0230009000000,10.3,10.37,,,
0230009000000,10.52,10.532,,,
0230009000000,10.532,10.59,,,
0230009000000,10.59,10.6,,,
0230009000000,10.6,10.7,,,
0230009000000,10.7,10.8,,,
0230009000000,10.8,10.84,,,
0230009000000,10.84,10.893,,,
0230009000000,10.893,10.9,,,
0230009000000,10.9,11,,,
0230009000000,11,11.1,,,
0230009000000,11.1,11.15,,,
0230009000000,11.15,11.2,,,
0230009000000,11.2,11.243,,,
0230009000000,14,14.1,,,
0230009000000,14.1,14.2,,,
0230009000000,14.55,14.6,,,
0230009000000,14.6,14.7,,,
0230009000000,14.7,14.8,,,
0230009000000,14.8,14.9,,,
0230009000000,15.57,15.6,,,
0230009000000,15.6,15.7,,,
0230009000000,15.7,15.79,,,
0230009000000,15.79,15.8,,,
0230009000000,15.8,15.9,,,
0230009000000,15.9,16,,,
0230009000000,16,16.09,,,
0230009000000,17.07,17.1,,,
0230009000000,17.1,17.2,,,
0230009000000,17.2,17.3,,,
0230009000000,17.3,17.4,,,
0230009000000,17.4,17.48,,,
0230009000000,18.18,18.2,,,
0230009000000,18.2,18.3,,,
0230009000000,18.3,18.4,,,
0230009000000,18.4,18.5,,,
0230009000000,18.5,18.6,,,
0230009000000,18.6,18.7,,,
0230009000000,18.7,18.8,,,
0230009000000,18.8,18.9,,,
0230009000000,18.9,19,,,
0230009000000,19,19.1,,,
0230009000000,19.1,19.2,,,
0230009000000,19.2,19.3,,,
0230009000000,19.3,19.4,,,
0230009000000,19.4,19.5,,,
0230009000000,19.5,19.6,,,
0230009000000,19.6,19.7,,,
0230009000000,19.7,19.8,,,
0230009000000,19.8,19.9,,,
0230009000000,19.9,20,,,
0230009000000,20,20.1,,,
0230009000000,20.1,20.16,,,
04200190000NB,26.57,26.6,,,
04200190000NB,26.6,26.7,,,
04200190000NB,26.7,26.8,,,
04200190000NB,26.8,26.9,,,
04200190000NB,26.9,27,,,
04200190000NB,27,27.1,,,
04200190000NB,27.1,27.2,,,
04200190000NB,27.2,27.3,,,
04200190000NB,27.3,27.4,,,
04200190000NB,27.4,27.5,,,
04200190000NB,27.5,27.56,,,
04200190000NB,27.56,27.6,,,
04200190000NB,27.6,27.64,,,
2840016010000,0.59,0.74,,,
26202500000NB,21.6,22.56,,,
26202500000NB,22.56,24.22,,,
26202500000NB,29.1,29.82,,,
2140013000000,0,0.4,,,
04100790000NB,44.6,44.7,,,
04100790000NB,44.7,44.8,,,
04100790000NB,44.8,44.9,,,
04100790000NB,44.9,45,,,
04100790000NB,45,45.1,,,
04100790000NB,45.1,45.2,,,
04100790000NB,45.2,45.3,,,
04100790000NB,45.3,45.4,,,
04100790000NB,45.4,45.5,,,
04100790000NB,45.5,45.6,,,
04100790000NB,45.6,45.7,,,
04100790000NB,45.7,45.8,,,
04100790000NB,45.8,45.9,,,
04100790000NB,45.9,46,,,
04100790000NB,46,46.1,,,
04100790000NB,46.1,46.18,,,
04100790000NB,46.18,46.2,,,
04100790000NB,46.2,46.22,,,
04100790000NB,46.22,46.3,,,
04100790000NB,46.3,46.4,,,
04100790000NB,46.4,46.5,,,
04100790000NB,46.5,46.6,,,
04100790000NB,46.6,46.7,,,
04100790000NB,46.7,46.8,,,
04100790000NB,46.8,46.9,,,
04100790000NB,46.9,47,,,
04100790000NB,47,47.1,,,
04100790000NB,47.1,47.2,,,
04100790000NB,47.2,47.3,,,
04100790000NB,47.3,47.4,,,
04100790000NB,47.4,47.5,,,
04100790000NB,47.5,47.6,,,
04100790000NB,47.6,47.7,,,
04100790000NB,47.7,47.8,,,
04100790000NB,47.8,47.9,,,
04100790000NB,47.9,48,,,
04100790000NB,48,48.1,,,
04100790000NB,48.1,48.2,,,
04100790000NB,48.2,48.3,,,
04100790000NB,48.3,48.4,,,
04100790000NB,48.4,48.5,,,
04100790000NB,48.5,48.6,,,
04100790000NB,48.6,48.7,,,
04100790000NB,48.7,48.8,,,
04100790000NB,48.8,48.9,,,
04100790000NB,48.9,49,,,
04100790000NB,49,49.1,,,
04100790000NB,49.1,49.2,,,
04100790000NB,49.2,49.3,,,
04100790000NB,49.3,49.4,,,
04100790000NB,49.4,49.5,,,
04100790000NB,49.5,49.6,,,
04100790000NB,49.6,49.7,,,
04100790000NB,49.7,49.73,,,
04100790000NB,49.73,49.8,,,
04100790000NB,49.8,49.9,,,
04100790000NB,49.9,50,,,
04100790000NB,50,50.1,,,
04100790000NB,50.1,50.2,,,
04100790000NB,50.2,50.3,,,
04100790000NB,50.3,50.35,,,
04100790000NB,50.35,50.4,,,
04100790000NB,50.4,50.5,,,
04100790000NB,50.5,50.6,,,
04100790000NB,50.6,50.7,,,
04100790000NB,50.7,50.8,,,
04100790000NB,50.8,50.9,,,
04100790000NB,50.9,51,,,
04100790000NB,51,51.1,,,
04100790000NB,51.1,51.2,,,
04100790000NB,51.2,51.3,,,
04100790000NB,51.3,51.4,,,
04100790000NB,51.4,51.5,,,
04100790000NB,51.5,51.6,,,
04100790000NB,51.6,51.61,,,
04100790000NB,51.61,51.7,,,
04100790000NB,51.7,51.8,,,
04100790000NB,51.8,51.9,,,
04100790000NB,51.9,52,,,
04100790000NB,52,52.1,,,
04100790000NB,52.1,52.2,,,
04100790000NB,52.2,52.3,,,
04100790000NB,52.3,52.4,,,
04100790000NB,52.4,52.5,,,
04100790000NB,52.5,52.6,,,
04100790000NB,52.6,52.61,,,
04100790000NB,52.61,52.7,,,
04100790000NB,52.7,52.8,,,
04100790000NB,52.8,52.9,,,
04100790000NB,52.9,53,,,
04100790000NB,53,53.1,,,
04100790000NB,53.1,53.2,,,
04100790000NB,53.2,53.27,,,
04100790000NB,53.27,53.3,,,
04100790000NB,53.3,53.4,,,
04100790000NB,53.4,53.5,,,
04100790000NB,53.5,53.6,,,
04100790000NB,53.6,53.7,,,
04100790000NB,53.7,53.8,,,
04100790000NB,53.8,53.9,,,
04100790000NB,53.9,54,,,
04100790000NB,54,54.1,,,
04100790000NB,54.1,54.18,,,
04100790000NB,54.18,54.2,,,
04100790000NB,54.2,54.3,,,
04100790000NB,54.3,54.4,,,
04100790000NB,54.4,54.5,,,
04100790000NB,54.5,54.6,,,
04100790000NB,54.6,54.7,,,
04100790000NB,54.7,54.8,,,
04100790000NB,54.8,54.9,,,
04100790000NB,54.9,55,,,
04100790000NB,55,55.1,,,
04100790000NB,55.1,55.2,,,
04100790000NB,55.2,55.3,,,
04100790000NB,55.3,55.4,,,
04100790000NB,55.4,55.5,,,
04100790000NB,55.5,55.6,,,
04100790000NB,55.6,55.7,,,
04100790000NB,55.7,55.8,,,
04100790000NB,55.8,55.9,,,
04100790000NB,55.9,56,,,
04100790000NB,56,56.1,,,
04100790000NB,56.1,56.2,,,
04100790000NB,56.2,56.3,,,
04100790000NB,56.3,56.4,,,
04100790000NB,56.4,56.5,,,
04100790000NB,56.5,56.6,,,
04100790000NB,56.6,56.7,,,
04100790000NB,56.7,56.8,,,
04100790000NB,56.8,56.9,,,
04100790000NB,56.9,57,,,
04100790000NB,57,57.1,,,
04100790000NB,57.1,57.2,,,
04100790000NB,57.2,57.3,,,
04100790000NB,57.3,57.4,,,
04100790000NB,57.4,57.5,,,
04100790000NB,57.5,57.51,,,
04100790000NB,57.51,57.6,,,
04100790000NB,57.6,57.7,,,
04100790000NB,57.7,57.8,,,
04100790000NB,57.8,57.9,,,
04100790000NB,57.9,58,,,
04100790000NB,58,58.1,,,
04100790000NB,58.1,58.2,,,
04100790000NB,58.2,58.3,,,
04100790000NB,58.3,58.4,,,
04100790000NB,58.4,58.5,,,
04100790000NB,58.5,58.6,,,
04100790000NB,58.6,58.7,,,
04100790000NB,58.7,58.8,,,
04100790000NB,58.8,58.9,,,
04100790000NB,58.9,59,,,
04100790000NB,59,59.1,,,
04100790000NB,59.1,59.2,,,
04100790000NB,59.2,59.3,,,
04100790000NB,59.3,59.4,,,
04100790000NB,59.4,59.5,,,
04100790000NB,59.5,59.6,,,
04100790000NB,59.6,59.7,,,
04100790000NB,59.7,59.8,,,
04100790000NB,59.8,59.9,,,
04100790000NB,59.9,60,,,
04100790000NB,60,60.1,,,
04100790000NB,60.1,60.2,,,
04100790000NB,60.2,60.3,,,
04100790000NB,60.3,60.4,,,
04100790000NB,60.4,60.5,,,
04100790000NB,60.5,60.6,,,
04100790000NB,60.6,60.7,,,
04100790000NB,60.7,60.8,,,
04100790000NB,60.8,60.9,,,
04100790000NB,60.9,61,,,
04100790000NB,61,61.1,,,
04100790000NB,61.1,61.2,,,
04100790000NB,61.2,61.3,,,
04100790000NB,61.3,61.4,,,
04100790000NB,61.4,61.47,,,
04100790000NB,61.47,61.5,,,
04100790000NB,61.5,61.6,,,
04100790000NB,61.6,61.7,,,
04100790000NB,61.7,61.8,,,
04100790000NB,61.8,61.9,,,
04100790000NB,61.9,62,,,
04100790000NB,62,62.04,,,
04100790000NB,62.04,62.1,,,
04100790000NB,62.1,62.2,,,
04100790000NB,62.2,62.3,,,
04100790000NB,62.3,62.4,,,
04100790000NB,62.4,62.5,,,
04100790000NB,62.5,62.6,,,
04100790000NB,62.6,62.7,,,
04100790000NB,62.7,62.8,,,
04100790000NB,62.8,62.9,,,
04100790000NB,62.9,63,,,
04100790000NB,63,63.1,,,
04100790000NB,63.1,63.2,,,
04100790000NB,63.2,63.3,,,
04100790000NB,63.3,63.4,,,
04100790000NB,63.4,63.46,,,
04100790000NB,63.46,63.5,,,
04100790000NB,63.5,63.6,,,
04100790000NB,63.6,63.7,,,
04100790000NB,63.7,63.8,,,
04100790000NB,63.8,63.9,,,
04100790000NB,63.9,64,,,
04100790000NB,64,64.1,,,
04100790000NB,64.1,64.2,,,
04100790000NB,64.2,64.3,,,
04100790000NB,64.3,64.4,,,
04100790000NB,64.4,64.5,,,
04100790000NB,64.5,64.6,,,
04100790000NB,64.6,64.7,,,
04100790000NB,64.7,64.8,,,
04100790000NB,64.8,64.83,,,
04100790000NB,64.83,64.9,,,
04100790000NB,64.9,65,,,
04100790000NB,65,65.1,,,
04100790000NB,65.1,65.2,,,
04100790000NB,65.2,65.3,,,
04100790000NB,65.3,65.4,,,
04100790000NB,65.4,65.5,,,
04100790000NB,65.5,65.6,,,
04100790000NB,65.6,65.7,,,
04100790000NB,65.7,65.8,,,
04100790000NB,65.8,65.9,,,
04100790000NB,65.9,66,,,
04100790000NB,66,66.1,,,
04100790000NB,66.1,66.2,,,
04100790000NB,66.2,66.3,,,
04100790000NB,66.3,66.4,,,
04100790000NB,66.4,66.5,,,
04100790000NB,66.5,66.6,,,
04100790000NB,66.6,66.7,,,
04100790000NB,66.7,66.8,,,
04100790000NB,66.8,66.9,,,
04100790000NB,66.9,67,,,
04100790000NB,67,67.1,,,
04100790000NB,67.1,67.2,,,
04100790000NB,67.2,67.3,,,
04100790000NB,67.3,67.4,,,
04100790000NB,67.4,67.5,,,
04100790000NB,67.5,67.52,,,
04100790000NB,67.52,67.6,,,
04100790000NB,67.6,67.7,,,
04100790000NB,67.7,67.8,,,
04100790000NB,67.8,67.9,,,
04100790000NB,67.9,68,,,
04100790000NB,68,68.1,,,
04100790000NB,68.1,68.2,,,
04100790000NB,68.2,68.3,,,
04100790000NB,68.3,68.4,,,
04100790000NB,68.4,68.5,,,
04100790000NB,68.5,68.6,,,
04100790000NB,68.6,68.7,,,
04100790000NB,68.7,68.8,,,
04100790000NB,68.8,68.9,,,
04100790000NB,68.9,69,,,
04100790000NB,69,69.1,,,
04100790000NB,69.1,69.2,,,
04100790000NB,69.2,69.3,,,
04100790000NB,69.3,69.32,,,
04100790000NB,69.32,69.4,,,
04100790000NB,69.4,69.5,,,
04100790000NB,69.5,69.6,,,
04100790000NB,69.6,69.7,,,
04100790000NB,69.7,69.8,,,
04100790000NB,69.8,69.9,,,
04100790000NB,69.9,70,,,
04100790000NB,70,70.1,,,
04100790000NB,70.1,70.2,,,
04100790000NB,70.2,70.3,,,
04100790000NB,70.3,70.4,,,
04100790000NB,70.4,70.5,,,
04100790000NB,70.5,70.6,,,
04100790000NB,70.6,70.7,,,
04100790000NB,70.7,70.8,,,
04100790000NB,70.8,70.83,,,
04100790000NB,70.83,70.9,,,
04100790000NB,70.9,71,,,
04100790000NB,71,71.1,,,
04100790000NB,71.1,71.2,,,
04100790000NB,71.2,71.3,,,
04100790000NB,71.3,71.4,,,
04100790000NB,71.4,71.5,,,
04100790000NB,71.5,71.6,,,
04100790000NB,71.6,71.7,,,
04100790000NB,71.7,71.8,,,
04100790000NB,71.8,71.9,,,
04100790000NB,71.9,72,,,
04100790000NB,72,72.1,,,
04100790000NB,72.1,72.2,,,
04100790000NB,72.2,72.3,,,
04100790000NB,72.3,72.4,,,
04100790000NB,72.4,72.5,,,
04100790000NB,72.5,72.6,,,
04100790000NB,72.6,72.7,,,
04100790000NB,72.7,72.8,,,
04100790000NB,72.8,72.9,,,
04100790000NB,72.9,73,,,
04100790000NB,73,73.1,,,
04100790000NB,73.1,73.2,,,
04100790000NB,73.2,73.3,,,
04100790000NB,73.3,73.4,,,
04100790000NB,73.4,73.5,,,
04100790000NB,73.5,73.6,,,
04100790000NB,73.6,73.7,,,
04100790000NB,73.7,73.8,,,
04100790000NB,73.8,73.9,,,
04100790000NB,73.9,74,,,
04100790000NB,74,74.1,,,
04100790000NB,74.1,74.2,,,
04100790000NB,74.2,74.3,,,
04100790000NB,74.3,74.4,,,
04100790000NB,74.4,74.5,,,
04100790000NB,74.5,74.6,,,
04100790000NB,74.6,74.7,,,
04100790000NB,74.7,74.8,,,
04100790000NB,74.8,74.9,,,
04100790000NB,74.9,75,,,
04100790000NB,75,75.1,,,
04100790000NB,75.1,75.2,,,
04100790000NB,75.2,75.3,,,
04100790000NB,75.3,75.4,,,
04100790000NB,75.4,75.5,,,
04100790000NB,75.5,75.6,,,
04100790000NB,75.6,75.7,,,
04100790000NB,75.7,75.8,,,
04100790000NB,75.8,75.9,,,
04100790000NB,75.9,76,,,
04100790000NB,76,76.1,,,
04100790000NB,76.1,76.2,,,
04100790000NB,76.2,76.3,,,
04100790000NB,76.3,76.4,,,
04100790000NB,76.4,76.5,,,
04100790000NB,76.5,76.6,,,
04100790000NB,76.6,76.7,,,
04100790000NB,76.7,76.8,,,
04100790000NB,76.8,76.9,,,
04100790000NB,76.9,77,,,
04100790000NB,77,77.1,,,
04100790000NB,77.1,77.2,,,
04100790000NB,77.2,77.3,,,
04100790000NB,77.3,77.4,,,
04100790000NB,77.4,77.5,,,
04100790000NB,77.5,77.6,,,
04100790000NB,77.6,77.7,,,
04100790000NB,77.7,77.8,,,
04100790000NB,77.8,77.9,,,
04100790000NB,77.9,78,,,
04100790000NB,78,78.1,,,
04100790000NB,78.1,78.2,,,
04100790000NB,78.2,78.3,,,
04100790000NB,78.3,78.4,,,
04100790000NB,78.4,78.41,,,
04100790000NB,78.41,78.5,,,
04100790000NB,78.5,78.6,,,
04100790000NB,78.6,78.7,,,
04100790000NB,78.7,78.8,,,
04100790000NB,78.8,78.9,,,
04100790000NB,78.9,79,,,
04100790000NB,79,79.08,,,
04100790000NB,79.08,79.1,,,
04100790000NB,79.1,79.2,,,
04100790000NB,79.2,79.3,,,
04100790000NB,79.3,79.4,,,
04100790000NB,79.4,79.5,,,
04100790000NB,79.5,79.6,,,
04100790000NB,79.6,79.7,,,
04100790000NB,79.7,79.8,,,
04100790000NB,79.8,79.9,,,
04100790000NB,79.9,80,,,
04100790000NB,80,80.1,,,
04100790000NB,80.1,80.2,,,
04100790000NB,80.2,80.3,,,
04100790000NB,80.3,80.4,,,
04100790000NB,80.4,80.5,,,
04100790000NB,80.5,80.6,,,
04100790000NB,80.6,80.7,,,
04100790000NB,80.7,80.8,,,
04100790000NB,80.8,80.9,,,
04100790000NB,80.9,81,,,
04100790000NB,81,81.1,,,
04100790000NB,81.1,81.2,,,
04100790000NB,81.2,81.3,,,
04100790000NB,81.3,81.4,,,
04100790000NB,81.4,81.5,,,
04100790000NB,81.5,81.6,,,
04100790000NB,81.6,81.7,,,
04100790000NB,81.7,81.8,,,
04100790000NB,81.8,81.9,,,
04100790000NB,81.9,82,,,
04100790000NB,82,82.1,,,
04100790000NB,82.1,82.2,,,
04100790000NB,82.2,82.3,,,
04100790000NB,82.3,82.4,,,
04100790000NB,82.4,82.5,,,
04100790000NB,82.5,82.6,,,
04100790000NB,82.6,82.7,,,
04100790000NB,82.7,82.8,,,
04100790000NB,82.8,82.9,,,
04100790000NB,82.9,83,,,
04100790000NB,83,83.1,,,
04100790000NB,83.1,83.15,,,
0530067000000,6.14,6.71,,,
36200330000EB,5.49,5.5,,,
36200330000EB,5.5,5.6,,,
36200330000EB,5.6,5.7,,,
36200330000EB,5.7,5.8,,,
36200330000EB,5.8,5.9,,,
36200330000EB,5.9,5.92,,,
3830092000000,0,5.83,,,
3430020000000,28.29,29.07,,,
01201190000NB,6.95,7,,,
01201190000NB,7,7.1,,,
01201190000NB,7.1,7.19,,,
01201190000NB,7.19,7.2,,,
01201190000NB,7.2,7.3,,,
01201190000NB,7.3,7.4,,,
01201190000NB,7.4,7.5,,,
01201190000NB,7.5,7.6,,,
01201190000NB,7.6,7.7,,,
01201190000NB,7.7,7.8,,,
01201190000NB,7.8,7.9,,,
01201190000NB,7.9,8,,,
01201190000NB,8,8.1,,,
01201190000NB,8.1,8.2,,,
01201190000NB,8.2,8.3,,,
01201190000NB,8.3,8.4,,,
01201190000NB,8.4,8.5,,,
01201190000NB,8.5,8.6,,,
01201190000NB,8.6,8.7,,,
01201190000NB,8.7,8.8,,,
01201190000NB,8.8,8.9,,,
01201190000NB,8.9,9,,,
01201190000NB,9,9.1,,,
01201190000NB,9.1,9.2,,,
01201190000NB,9.2,9.29,,,
01201190000NB,10.66,10.7,,,
01201190000NB,10.7,10.8,,,
01201190000NB,10.8,10.9,,,
01201190000NB,10.9,11,,,
01201190000NB,11,11.1,,,
01201190000NB,11.1,11.2,,,
01201190000NB,11.2,11.3,,,
01201190000NB,11.3,11.4,,,
01201190000NB,11.4,11.5,,,
0580959000000,0,0.89,,,
1540009040000,1.47,2.19,,,
42202190000NB,0,0.1,,,
42202190000NB,0.1,0.2,,,
42202190000NB,0.2,0.3,,,
42202190000NB,0.3,0.4,,,
42202190000NB,0.4,0.5,,,
42202190000NB,0.5,0.6,,,
42202190000NB,0.6,0.7,,,
42202190000NB,0.7,0.8,,,
42202190000NB,0.8,0.9,,,
42202190000NB,0.9,1,,,
42202190000NB,1,1.1,,,
42202190000NB,1.1,1.2,,,
42202190000NB,1.2,1.3,,,
42202190000NB,1.3,1.4,,,
42202190000NB,1.4,1.5,,,
42202190000NB,1.5,1.6,,,
42202190000NB,1.6,1.7,,,
42202190000NB,1.7,1.8,,,
42202190000NB,1.8,1.9,,,
42202190000NB,1.9,2,,,
42202190000NB,2,2.1,,,
42202190000NB,2.1,2.2,,,
42202190000NB,2.2,2.3,,,
42202190000NB,2.3,2.4,,,
42202190000NB,2.4,2.5,,,
42202190000NB,2.5,2.6,,,
42202190000NB,2.6,2.7,,,
42202190000NB,2.7,2.8,,,
42202190000NB,2.8,2.9,,,
42202190000NB,2.9,3,,,
42202190000NB,3,3.1,,,
42202190000NB,3.1,3.16,,,
42202190000NB,3.16,3.2,,,
42202190000NB,3.2,3.24,,,
42202190000NB,8.55,8.6,,,
42202190000NB,8.6,8.7,,,
42202190000NB,8.7,8.74,,,
42202190000NB,8.74,8.8,,,
42202190000NB,8.8,8.9,,,
42202190000NB,8.9,9,,,
42202190000NB,9,9.1,,,
42202190000NB,9.1,9.2,,,
42202190000NB,9.2,9.3,,,
42202190000NB,9.3,9.4,,,
42202190000NB,9.4,9.45,,,
42202190000NB,9.45,9.5,,,
42202190000NB,9.5,9.6,,,
42202190000NB,9.6,9.68,,,
42202190000NB,15.89,15.9,,,
42202190000NB,15.9,16,,,
42202190000NB,16,16.1,,,
42202190000NB,16.1,16.2,,,
42202190000NB,16.2,16.3,,,
42202190000NB,16.3,16.4,,,
42202190000NB,16.4,16.5,,,
42202190000NB,16.5,16.6,,,
42202190000NB,16.6,16.7,,,
42202190000NB,16.7,16.8,,,
42202190000NB,16.8,16.9,,,
42202190000NB,16.9,17,,,
42202190000NB,17,17.1,,,
42202190000NB,17.1,17.2,,,
42202190000NB,17.2,17.29,,,
42202190000NB,17.29,17.4,,,
42202190000NB,17.4,17.5,,,
42202190000NB,17.5,17.6,,,
42202190000NB,17.6,17.7,,,
42202190000NB,17.7,17.8,,,
42202190000NB,17.8,17.9,,,
42202190000NB,17.9,18,,,
42202190000NB,18,18.1,,,
42202190000NB,18.1,18.2,,,
42202190000NB,18.2,18.3,,,
42202190000NB,18.3,18.4,,,
42202190000NB,18.4,18.5,,,
42202190000NB,18.5,18.6,,,
42202190000NB,18.6,18.7,,,
42202190000NB,18.7,18.8,,,
42202190000NB,18.8,18.9,,,
42202190000NB,18.9,19,,,
42202190000NB,19,19.1,,,
42202190000NB,19.1,19.15,,,
42202190000NB,19.15,19.2,,,
42202190000NB,19.2,19.3,,,
42202190000NB,19.3,19.4,,,
42202190000NB,19.4,19.5,,,
42202190000NB,19.5,19.51,,,
42202190000NB,19.51,19.6,,,
42202190000NB,19.6,19.7,,,
42202190000NB,19.7,19.8,,,
42202190000NB,19.8,19.9,,,
42202190000NB,19.9,20,,,
42202190000NB,20,20.1,,,
42202190000NB,20.1,21.44,,,
42202190000NB,21.48,21.5,,,
42202190000NB,21.5,21.6,,,
42202190000NB,21.6,21.64,,,
42202190000NB,21.64,21.67,,,
42202190000NB,27.85,27.9,,,
42202190000NB,27.9,28,,,
42202190000NB,28,28.1,,,
42202190000NB,28.1,28.2,,,
42202190000NB,28.2,28.3,,,
42202190000NB,28.3,28.4,,,
42202190000NB,28.4,28.5,,,
42202190000NB,28.5,28.6,,,
42202190000NB,28.6,28.7,,,
42202190000NB,28.7,28.8,,,
42202190000NB,28.8,28.9,,,
42202190000NB,28.9,29,,,
42202190000NB,29,29.1,,,
42202190000NB,29.1,29.2,,,
42202190000NB,29.2,29.3,,,
42202190000NB,29.3,29.4,,,
42202190000NB,29.4,29.5,,,
42202190000NB,29.5,29.6,,,
42202190000NB,29.6,29.7,,,
42202190000NB,29.7,29.8,,,
42202190000NB,29.8,29.9,,,
42202190000NB,29.9,30,,,
42202190000NB,30,30.1,,,
42202190000NB,30.1,30.16,,,
42202190000NB,42.36,42.373,,,
34200190000NB,1.38,1.4,,,
34200190000NB,1.4,1.5,,,
34200190000NB,1.5,1.6,,,
34200190000NB,1.6,1.7,,,
34200190000NB,1.7,1.8,,,
34200190000NB,1.8,1.9,,,
34200190000NB,1.9,2,,,
34200190000NB,2,2.1,,,
34200190000NB,2.1,2.2,,,
34200190000NB,2.2,2.3,,,
34200190000NB,2.3,2.4,,,
34200190000NB,2.4,2.5,,,
34200190000NB,2.5,2.6,,,
34200190000NB,2.6,2.7,,,
34200190000NB,2.7,2.8,,,
34200190000NB,2.8,2.9,,,
34200190000NB,2.9,3,,,
34200190000NB,3,3.1,,,
34200190000NB,3.1,3.2,,,
34200190000NB,3.2,3.3,,,
34200190000NB,3.3,3.4,,,
34200190000NB,11.03,11.1,,,
34200190000NB,11.1,11.2,,,
34200190000NB,11.2,11.3,,,
34200190000NB,11.3,11.4,,,
34200190000NB,11.4,11.47,,,
34200190000NB,31.65,31.7,,,
34200190000NB,31.7,31.8,,,
34200190000NB,31.8,31.85,,,
06100640000EB,5.87,5.9,,,
06100640000EB,5.9,6,,,
06100640000EB,6,6.1,,,
06100640000EB,6.1,6.2,,,
06100640000EB,6.2,6.3,,,
06100640000EB,6.3,6.4,,,
06100640000EB,6.4,6.47,,,
06100640000EB,6.47,6.5,,,
06100640000EB,6.5,6.6,,,
06100640000EB,6.6,6.7,,,
06100640000EB,6.7,6.74,,,
06100640000EB,6.74,6.8,,,
06100640000EB,6.8,6.9,,,
06100640000EB,6.9,7,,,
06100640000EB,7,7.1,,,
06100640000EB,7.1,7.2,,,
06100640000EB,7.2,7.26,,,
06100640000EB,7.26,7.3,,,
06100640000EB,7.3,7.4,,,
06100640000EB,7.4,7.5,,,
06100640000EB,7.5,7.6,,,
06100640000EB,7.6,7.7,,,
06100640000EB,7.7,7.72,,,
06100640000EB,7.72,7.8,,,
06100640000EB,7.8,7.9,,,
06100640000EB,7.9,8,,,
06100640000EB,8,8.1,,,
06100640000EB,8.1,8.19,,,
06100640000EB,8.19,8.2,,,
06100640000EB,8.2,8.3,,,
06100640000EB,27.55,27.6,,,
06100640000EB,27.6,27.7,,,
06100640000EB,27.7,27.8,,,
06100640000EB,27.8,27.9,,,
06100640000EB,27.9,28,,,
06100640000EB,28,28.1,,,
06100640000EB,28.1,28.2,,,
06100640000EB,28.2,28.3,,,
06100640000EB,28.3,28.4,,,
06100640000EB,28.4,28.5,,,
06100640000EB,28.5,28.6,,,
06100640000EB,28.6,28.67,,,
06100640000EB,28.67,28.7,,,
06100640000EB,28.7,28.8,,,
06100640000EB,28.8,28.9,,,
06100640000EB,28.9,29,,,
06100640000EB,29,29.1,,,
06100640000EB,29.1,29.2,,,
06100640000EB,29.2,29.3,,,
06100640000EB,29.3,29.4,,,
06100640000EB,29.4,29.44,,,
06100640000EB,29.44,29.5,,,
06100640000EB,29.5,29.6,,,
06100640000EB,29.6,29.7,,,
06100640000EB,29.7,29.8,,,
06100640000EB,29.8,29.9,,,
06100640000EB,29.9,30,,,
06100640000EB,30,30.1,,,
06100640000EB,30.1,30.2,,,
06100640000EB,30.2,30.3,,,
06100640000EB,30.3,30.4,,,
06100640000EB,30.4,30.5,,,
06100640000EB,30.5,30.6,,,
06100640000EB,30.6,30.7,,,
06100640000EB,30.7,30.8,,,
06100640000EB,30.8,30.9,,,
06100640000EB,30.9,31,,,
06100640000EB,31,31.1,,,
06100640000EB,31.1,31.2,,,
06100640000EB,31.2,31.3,,,
06100640000EB,31.3,31.4,,,
06100640000EB,31.4,31.5,,,
06100640000EB,31.5,31.6,,,
06100640000EB,31.6,31.7,,,
06100640000EB,31.7,31.77,,,
28200520004NB,0,0.1,,,
28200520004NB,0.1,0.2,,,
28200520004NB,0.2,0.22,,,
1930051000000,8.66,8.78,,,
1930009000000,0,0.059,,,
1930009000000,0.059,0.1,,,
1930009000000,0.1,0.2,,,
1930009000000,0.2,0.3,,,
1930009000000,0.3,0.4,,,
1930009000000,0.4,0.5,,,
1930009000000,0.5,0.6,,,
1930009000000,0.6,0.7,,,
1930009000000,0.7,0.8,,,
1930009000000,0.8,0.9,,,
1930009000000,0.9,1,,,
1930009000000,1,1.1,,,
1930009000000,1.1,1.2,,,
1930009000000,1.2,1.3,,,
1930009000000,1.3,1.4,,,
1930009000000,1.4,1.45,,,
1930009000000,1.45,1.5,,,
1930009000000,1.5,1.6,,,
1930009000000,1.6,1.7,,,
1930009000000,1.7,1.8,,,
1930009000000,1.8,1.9,,,
1930009000000,1.9,2,,,
1930009000000,2,2.1,,,
1930009000000,2.1,2.2,,,
1930009000000,2.2,2.3,,,
1930009000000,2.3,2.4,,,
1930009000000,2.4,2.5,,,
1930009000000,2.5,2.6,,,
1930009000000,2.6,2.7,,,
1930009000000,2.7,2.8,,,
1930009000000,2.8,2.9,,,
1930009000000,2.9,3,,,
1930009000000,3,3.1,,,
1930009000000,3.1,3.2,,,
1930009000000,3.2,3.3,,,
1930009000000,3.3,3.4,,,
1930009000000,3.4,3.5,,,
1930009000000,3.5,3.6,,,
1930009000000,3.6,3.7,,,
1930009000000,3.7,3.8,,,
1930009000000,3.8,3.9,,,
1930009000000,3.9,3.94,,,
1930009000000,4.97,5,,,
1930009000000,5,5.1,,,
1930009000000,5.1,5.2,,,
1930009000000,5.2,5.3,,,
1930009000000,5.3,5.4,,,
1930009000000,5.4,5.5,,,
1930009000000,5.5,5.6,,,
1930009000000,5.6,5.7,,,
1930009000000,5.7,5.8,,,
1930009000000,5.8,5.9,,,
1930009000000,5.9,6,,,
1930009000000,6,6.1,,,
1930009000000,6.1,6.2,,,
1930009000000,6.2,6.3,,,
1930009000000,6.3,6.35,,,
1930009000000,10.91,11,,,
1930009000000,11,11.1,,,
1930009000000,11.1,11.2,,,
1930009000000,11.2,11.3,,,
1930009000000,11.3,11.4,,,
1930009000000,11.4,11.418,,,
1930009000000,14.435,14.5,,,
1930009000000,14.5,14.6,,,
1930009000000,14.6,14.7,,,
1930009000000,14.7,14.8,,,
1930009000000,14.8,14.9,,,
1930009000000,14.9,14.96,,,
2930093000000,0,0.069,,,
2930093000000,0.069,0.1,,,
2930093000000,0.1,0.2,,,
2930093000000,0.2,0.3,,,
2930093000000,0.3,0.4,,,
2930093000000,0.4,0.5,,,
2930093000000,0.5,0.6,,,
2930093000000,0.6,0.7,,,
2930093000000,0.7,0.8,,,
2930093000000,0.8,0.9,,,
2930093000000,0.9,1,,,
2930093000000,1,1.1,,,
2930093000000,1.1,1.2,,,
2930093000000,1.2,1.3,,,
2930093000000,1.3,1.4,,,
2930093000000,1.4,1.5,,,
2930093000000,1.5,1.6,,,
2930093000000,1.6,1.7,,,
2930093000000,1.7,1.8,,,
2930093000000,1.8,1.9,,,
2930093000000,1.9,2,,,
2930093000000,2,2.1,,,
2930093000000,2.1,2.2,,,
2930093000000,2.2,2.3,,,
2930093000000,2.3,2.4,,,
2930093000000,2.4,2.5,,,
2930093000000,2.5,2.6,,,
2930093000000,2.6,2.7,,,
2930093000000,2.7,2.8,,,
2930093000000,2.8,2.9,,,
2930093000000,2.9,3,,,
2930093000000,3,3.1,,,
2930093000000,3.1,3.2,,,
2930093000000,3.2,3.3,,,
2930093000000,3.3,3.4,,,
2930093000000,3.4,3.42,,,
4130210000000,1.2,1.89,,,
4130210000000,1.89,2.79,,,
28200520000EB,0,0.1,,,
28200520000EB,0.1,0.2,,,
28200520000EB,0.2,0.3,,,
28200520000EB,0.3,0.4,,,
28200520000EB,0.4,0.5,,,
28200520000EB,0.5,0.58,,,
28200520000EB,4.12,4.2,,,
28200520000EB,4.2,4.3,,,
28200520000EB,4.3,4.4,,,
28200520000EB,4.4,4.5,,,
28200520000EB,4.5,4.6,,,
28200520000EB,4.6,4.7,,,
28200520000EB,4.7,4.8,,,
28200520000EB,4.8,4.9,,,
28200520000EB,4.9,5,,,
28200520000EB,5,5.1,,,
28200520000EB,5.1,5.2,,,
28200520000EB,6.96,7,,,
28200520000EB,7,7.1,,,
28200520000EB,7.1,7.2,,,
28200520000EB,7.2,7.3,,,
28200520000EB,7.3,7.4,,,
28200520000EB,7.4,7.5,,,
28200520000EB,7.5,7.6,,,
28200520000EB,7.6,7.7,,,
28200520000EB,7.7,7.76,,,
28200520000EB,12.97,13,,,
28200520000EB,13,13.1,,,
28200520000EB,13.1,13.2,,,
28200520000EB,13.2,13.3,,,
28200520000EB,13.3,13.39,,,
28200520000EB,13.44,13.5,,,
28200520000EB,13.5,13.6,,,
28200520000EB,13.6,13.67,,,
28200520000EB,14.91,15,,,
28200520000EB,15,15.1,,,
28200520000EB,15.1,15.2,,,
28200520000EB,15.2,15.3,,,
28200520000EB,15.3,15.37,,,
42200330000EB,7.76,7.9,,,
42200330000EB,7.9,8.05,,,
42200330000EB,9.5,9.6,,,
42200330000EB,9.6,9.7,,,
42200330000EB,9.7,9.74,,,
42200330000EB,10.26,10.3,,,
42200330000EB,10.3,10.4,,,
42200330000EB,10.4,10.41,,,
42200330000EB,10.41,10.5,,,
42200330000EB,10.5,10.6,,,
42200330000EB,10.6,10.7,,,
42200330000EB,10.7,10.8,,,
42200330000EB,10.8,10.9,,,
42200330000EB,10.9,10.99,,,
0540001050000,1.31,2.34,,,
2630002000000,11.88,13.57,,,
2071026001900,0,0.33,,,
0140024000000,1.64,2.79,,,
0140024000000,2.79,4.74,,,
2640048000000,2.14,7.54,,,
4530003000000,9.56,10.91,,,
2640088200000,0,0.28,,,
2840027000000,0,1.57,,,
2840027000000,2.12,2.59,,,
4140006030000,0.53,1.48,,,
4140016160000,0,0.42,,,
11200330000EB,0,0.1,,,
11200330000EB,0.1,0.2,,,
11200330000EB,0.2,0.3,,,
11200330000EB,0.3,0.4,,,
11200330000EB,0.4,0.5,,,
11200330000EB,0.5,0.59,,,
11200330000EB,1.12,1.18,,,
11200330000EB,1.18,1.2,,,
11200330000EB,1.2,1.3,,,
11200330000EB,1.3,1.39,,,
11200330000EB,1.39,1.4,,,
11200330000EB,1.4,1.5,,,
11200330000EB,1.5,1.6,,,
11200330000EB,1.6,1.7,,,
11200330000EB,1.7,1.8,,,
11200330000EB,1.8,1.9,,,
11200330000EB,1.9,1.96,,,
11200330000EB,2.2,2.3,,,
11200330000EB,2.3,2.4,,,
11200330000EB,2.4,2.5,,,
11200330000EB,2.5,2.6,,,
11200330000EB,2.6,2.7,,,
11200330000EB,2.7,2.8,,,
11200330000EB,2.8,2.9,,,
11200330000EB,2.9,3,,,
11200330000EB,3,3.1,,,
11200330000EB,3.1,3.2,,,
11200330000EB,3.2,3.3,,,
11200330000EB,3.3,3.4,,,
11200330000EB,3.4,3.5,,,
11200330000EB,3.5,3.6,,,
11200330000EB,3.6,3.7,,,
11200330000EB,3.7,3.8,,,
11200330000EB,3.8,3.9,,,
11200330000EB,3.9,4,,,
11200330000EB,4,4.1,,,
11200330000EB,4.1,4.2,,,
11200330000EB,4.2,4.3,,,
11200330000EB,4.3,4.4,,,
11200330000EB,4.4,4.5,,,
11200330000EB,4.5,4.6,,,
11200330000EB,4.6,4.7,,,
11200330000EB,4.7,4.8,,,
11200330000EB,4.8,4.9,,,
11200330000EB,4.9,5,,,
11200330000EB,5,5.05,,,
11200330000EB,5.05,5.1,,,
11200330000EB,5.1,5.2,,,
11200330000EB,5.2,5.3,,,
11200330000EB,5.3,5.4,,,
11200330000EB,5.4,5.5,,,
11200330000EB,5.5,5.6,,,
11200330000EB,5.6,5.7,,,
11200330000EB,5.7,5.8,,,
11200330000EB,5.8,5.9,,,
11200330000EB,5.9,6,,,
11200330000EB,6,6.1,,,
11200330000EB,6.1,6.2,,,
11200330000EB,6.2,6.3,,,
11200330000EB,6.3,6.4,,,
11200330000EB,6.4,6.44,,,
11200330000EB,17.3,17.4,,,
11200330000EB,17.4,17.5,,,
11200330000EB,17.5,17.6,,,
11200330000EB,17.6,17.7,,,
11200330000EB,17.7,17.8,,,
11200330000EB,17.8,17.82,,,
11200330000EB,18.2,18.3,,,
11200330000EB,18.3,18.4,,,
11200330000EB,18.4,18.5,,,
11200330000EB,18.5,18.6,,,
11200330000EB,18.6,18.7,,,
11200330000EB,18.7,18.8,,,
11200330000EB,18.8,18.9,,,
11200330000EB,18.9,19,,,
11200330000EB,19,19.1,,,
11200330000EB,19.1,19.2,,,
11200330000EB,19.2,19.3,,,
11200330000EB,19.3,19.4,,,
11200330000EB,19.4,19.5,,,
11200330000EB,19.5,19.6,,,
11200330000EB,19.6,19.62,,,
11200330000EB,19.62,19.7,,,
11200330000EB,19.7,19.8,,,
11200330000EB,19.8,19.9,,,
11200330000EB,19.9,20,,,
11200330000EB,20,20.1,,,
11200330000EB,20.1,20.2,,,
11200330000EB,20.2,20.3,,,
11200330000EB,20.3,20.4,,,
11200330000EB,20.4,20.5,,,
11200330000EB,20.5,20.6,,,
11200330000EB,20.6,20.7,,,
11200330000EB,20.7,20.8,,,
11200330000EB,20.8,20.9,,,
11200330000EB,20.9,21,,,
11200330000EB,21,21.1,,,
11200330000EB,21.1,21.2,,,
11200330000EB,21.2,21.3,,,
11200330000EB,21.3,21.4,,,
11200330000EB,21.4,21.5,,,
11200330000EB,21.5,21.6,,,
11200330000EB,21.6,21.7,,,
11200330000EB,21.7,21.8,,,
11200330000EB,21.8,21.9,,,
11200330000EB,21.9,22,,,
11200330000EB,22,22.1,,,
11200330000EB,22.1,22.18,,,
11200330000EB,22.28,22.3,,,
11200330000EB,22.3,22.4,,,
11200330000EB,22.4,22.5,,,
11200330000EB,22.5,22.6,,,
11200330000EB,22.6,22.7,,,
11200330000EB,22.7,22.8,,,
11200330000EB,22.8,22.9,,,
11200330000EB,22.9,23,,,
11200330000EB,23,23.1,,,
11200330000EB,23.1,23.146,,,
11200330000EB,23.146,23.2,,,
11200330000EB,23.2,23.3,,,
11200330000EB,23.3,23.4,,,
11200330000EB,23.4,23.5,,,
11200330000EB,23.5,23.6,,,
11200330000EB,23.6,23.7,,,
11200330000EB,23.7,23.8,,,
11200330000EB,23.8,23.9,,,
11200330000EB,23.9,24,,,
11200330000EB,24,24.1,,,
11200330000EB,24.1,24.2,,,
11200330000EB,24.2,24.3,,,
11200330000EB,24.3,24.4,,,
11200330000EB,24.4,24.5,,,
11200330000EB,24.5,24.6,,,
11200330000EB,24.6,24.7,,,
11200330000EB,24.7,24.8,,,
11200330000EB,24.8,24.9,,,
11200330000EB,24.9,25,,,
11200330000EB,25,25.09,,,
11200330000EB,25.09,25.1,,,
11200330000EB,25.1,25.2,,,
11200330000EB,25.2,25.3,,,
11200330000EB,25.3,25.4,,,
11200330000EB,25.4,25.5,,,
11200330000EB,25.5,25.6,,,
11200330000EB,25.6,25.7,,,
11200330000EB,25.7,25.8,,,
11200330000EB,25.8,25.9,,,
11200330000EB,25.9,26,,,
11200330000EB,26,26.1,,,
11200330000EB,26.1,26.2,,,
11200330000EB,26.2,26.3,,,
11200330000EB,26.3,26.4,,,
11200330000EB,26.4,26.5,,,
11200330000EB,26.5,26.6,,,
11200330000EB,26.6,26.7,,,
11200330000EB,26.7,26.73,,,
1130005000000,10.83,12.51,,,
1130005000000,14.58,14.89,,,
4140030000000,4.27,4.52,,,
4140004030000,0,0.47,,,
45100640000EB,138.1,138.2,,,
45100640000EB,138.2,138.3,,,
45100640000EB,138.3,138.38,,,
45100640000EB,138.38,138.4,,,
45100640000EB,138.4,138.5,,,
41200190000NB,0,0.1,,,
41200190000NB,0.1,0.2,,,
41200190000NB,0.2,0.3,,,
41200190000NB,0.3,0.4,,,
41200190000NB,0.4,0.5,,,
41200190000NB,0.5,0.6,,,
41200190000NB,0.6,0.7,,,
41200190000NB,0.7,0.8,,,
41200190000NB,0.8,0.9,,,
41200190000NB,0.9,1,,,
41200190000NB,1,1.1,,,
41200190000NB,1.1,1.2,,,
41200190000NB,1.2,1.3,,,
41200190000NB,1.3,1.4,,,
41200190000NB,1.4,1.5,,,
41200190000NB,1.5,1.6,,,
41200190000NB,1.6,1.7,,,
41200190000NB,1.7,1.8,,,
41200190000NB,1.8,1.9,,,
41200190000NB,1.9,2,,,
41200190000NB,2,2.1,,,
41200190000NB,2.1,2.17,,,
41200190000NB,2.17,2.2,,,
41200190000NB,2.2,2.3,,,
41200190000NB,2.3,2.4,,,
41200190000NB,2.4,2.5,,,
41200190000NB,2.5,2.6,,,
41200190000NB,2.6,2.7,,,
41200190000NB,2.7,2.8,,,
41200190000NB,2.8,2.9,,,
41200190000NB,2.9,3,,,
41200190000NB,3,3.1,,,
41200190000NB,3.1,3.2,,,
41200190000NB,3.2,3.3,,,
41200190000NB,3.3,3.4,,,
41200190000NB,3.4,3.5,,,
41200190000NB,3.5,3.6,,,
41200190000NB,3.6,3.7,,,
41200190000NB,3.7,3.8,,,
41200190000NB,3.8,3.9,,,
41200190000NB,3.9,4,,,
41200190000NB,4,4.1,,,
41200190000NB,4.1,4.2,,,
41200190000NB,4.2,4.3,,,
41200190000NB,4.3,4.4,,,
41200190000NB,4.4,4.5,,,
41200190000NB,4.5,4.6,,,
41200190000NB,4.6,4.7,,,
41200190000NB,4.7,4.8,,,
41200190000NB,4.8,4.9,,,
41200190000NB,4.9,5,,,
41200190000NB,5,5.1,,,
41200190000NB,5.1,5.2,,,
41200190000NB,5.2,5.3,,,
41200190000NB,5.3,5.4,,,
41200190000NB,5.4,5.5,,,
41200190000NB,5.5,5.6,,,
41200190000NB,5.6,5.7,,,
41200190000NB,5.7,5.8,,,
41200190000NB,5.8,5.9,,,
41200190000NB,5.9,6,,,
41200190000NB,6,6.1,,,
41200190000NB,6.1,6.2,,,
41200190000NB,6.2,6.3,,,
41200190000NB,6.3,6.4,,,
41200190000NB,6.4,6.47,,,
41200190000NB,16.669,16.7,,,
41200190000NB,16.7,16.8,,,
41200190000NB,16.8,16.9,,,
41200190000NB,16.9,16.925,,,
41200190000NB,17.18,17.2,,,
41200190000NB,17.2,17.3,,,
41200190000NB,17.3,17.4,,,
41200190000NB,17.4,17.5,,,
41200190000NB,17.5,17.6,,,
41200190000NB,17.6,17.7,,,
41200190000NB,17.7,17.8,,,
41200190000NB,17.8,17.9,,,
41200190000NB,17.9,17.95,,,
41200190000NB,18.31,18.4,,,
41200190000NB,18.4,18.408,,,
41200190000NB,18.408,18.41,,,
41200190000NB,18.41,18.5,,,
41200190000NB,18.5,18.6,,,
41200190000NB,18.6,18.635,,,
41200190000NB,18.635,18.64,,,
41200190000NB,18.64,18.7,,,
41200190000NB,18.7,18.8,,,
41200190000NB,18.8,18.9,,,
41200190000NB,18.9,19,,,
41200190000NB,19,19.1,,,
41200190000NB,19.1,19.2,,,
41200190000NB,19.2,19.3,,,
41200190000NB,19.3,19.329,,,
41200190000NB,19.329,19.33,,,
41200190000NB,19.8,19.9,,,
41200190000NB,19.9,20,,,
41200190000NB,20,20.1,,,
41200190000NB,20.1,20.2,,,
41200190000NB,20.2,20.3,,,
41200190000NB,20.3,20.4,,,
41200190000NB,20.4,20.5,,,
41200190000NB,20.5,20.6,,,
41200190000NB,20.6,20.7,,,
41200190000NB,20.7,20.8,,,
41200190000NB,20.8,20.9,,,
41200190000NB,20.9,21,,,
41200190000NB,21,21.1,,,
41200190000NB,21.1,21.2,,,
41200190000NB,21.2,21.3,,,
41200190000NB,21.3,21.4,,,
41200190000NB,21.4,21.5,,,
41200190000NB,21.5,21.6,,,
41200190000NB,21.6,21.61,,,
41200190000NB,23.31,23.4,,,
41200190000NB,23.4,23.5,,,
41200190000NB,23.5,23.6,,,
41200190000NB,23.6,23.7,,,
41200190000NB,23.7,23.8,,,
41200190000NB,23.8,23.9,,,
41200190000NB,23.9,24,,,
41200190000NB,24,24.09,,,
41200190023EB,0,0.033,,,
41200190023EB,0.033,0.034,,,
41200190023EB,0.034,0.1,,,
41200190023EB,0.1,0.2,,,
41200190023EB,0.2,0.3,,,
41200190023EB,0.3,0.4,,,
41200190023EB,0.4,0.5,,,
41200190023EB,0.5,0.6,,,
41200190023EB,0.6,0.7,,,
41200190023EB,0.7,0.8,,,
41200190023EB,0.8,0.9,,,
41200190023EB,0.9,1,,,
41200190023EB,1,1.1,,,
41200190023EB,1.1,1.2,,,
41200190023EB,1.2,1.3,,,
41200190023EB,1.3,1.36,,,
1330063000000,6.06,7.63,,,
4140041210000,0,1.63,,,
4830002000000,2.84,4.64,,,
18100770000NB,145.99,150.45,,,
18100770000NB,153.79,154.41,,,
18100770000NB,154.41,156.01,,,
18100770000NB,156.01,156.99,,,
0130076000000,1.75,6.62,,,
5230020000000,3.42,3.45,,,
5230020000000,24.04,26.53,,,
2840025000000,0,0.57,,,
2840025000000,0.57,1.53,,,
5530016000000,1.73,1.8,,,
5530016000000,1.8,1.9,,,
5530016000000,1.9,2,,,
5530016000000,2,2.1,,,
5530016000000,2.1,2.2,,,
5530016000000,2.2,2.3,,,
5530016000000,2.3,2.4,,,
5530016000000,2.4,2.5,,,
5530016000000,2.5,2.6,,,
5530016000000,2.6,2.7,,,
5530016000000,2.7,2.8,,,
5530016000000,2.8,2.9,,,
5530016000000,2.9,3,,,
5530016000000,3,3.1,,,
5530016000000,3.1,3.2,,,
5530016000000,3.2,3.3,,,
5530016000000,3.3,3.33,,,
5530016000000,6.42,6.5,,,
5530016000000,6.5,6.6,,,
5530016000000,6.6,6.7,,,
5530016000000,6.7,6.8,,,
5530016000000,6.8,6.9,,,
5530016000000,6.9,7,,,
5530016000000,7,7.1,,,
5530016000000,7.1,7.2,,,
5530016000000,7.2,7.3,,,
5530016000000,7.3,7.4,,,
5530016000000,7.4,7.5,,,
5530016000000,7.5,7.6,,,
5530016000000,7.6,7.7,,,
5530016000000,7.7,7.8,,,
5530016000000,7.8,7.9,,,
5530016000000,7.9,8,,,
5530016000000,8,8.1,,,
5530016000000,8.1,8.2,,,
5530016000000,8.2,8.3,,,
5530016000000,8.3,8.4,,,
5530016000000,8.4,8.5,,,
5530016000000,8.5,8.6,,,
5530016000000,8.6,8.7,,,
5530016000000,8.7,8.8,,,
5530016000000,8.8,8.9,,,
5530016000000,8.9,8.95,,,
5530016000000,10.99,11,,,
5530016000000,11,11.1,,,
5530016000000,11.1,11.2,,,
5530016000000,11.2,11.3,,,
5530016000000,11.3,11.4,,,
41200190014NB,0,0.1,,,
41200190014NB,0.1,0.2,,,
41200190014NB,0.2,0.3,,,
41200190014NB,0.3,0.4,,,
41200190014NB,0.4,0.5,,,
41200190014NB,0.5,0.6,,,
41200190014NB,0.6,0.7,,,
41200190014NB,0.7,0.8,,,
41200190014NB,0.8,0.9,,,
41200190014NB,0.9,1,,,
41200190014NB,1,1.1,,,
41200190014NB,1.1,1.2,,,
41200190014NB,1.2,1.3,,,
41200190014NB,1.3,1.4,,,
41200190014NB,1.4,1.5,,,
41200190014NB,1.5,1.6,,,
41200190014NB,1.6,1.7,,,
41200190014NB,1.7,1.8,,,
41200190014NB,1.8,1.9,,,
41200190014NB,1.9,2,,,
41200190014NB,2,2.1,,,
41200190014NB,2.1,2.2,,,
41200190014NB,2.2,2.3,,,
41200190014NB,2.3,2.4,,,
41200190014NB,2.4,2.5,,,
41200190014NB,2.5,2.6,,,
41200190014NB,2.6,2.63,,,
41200190014NB,2.63,2.7,,,
1540016000000,0.34,1.84,,,
3540008000000,2.96,4.96,,,
4840030010000,2.23,2.46,,,
2840021010000,0,0.89,,,
3430039000000,24.6,24.96,,,
3430041000000,0.03,2.59,,,
1140007000000,6.97,8.45,,,
1140007000000,8.45,8.67,,,
0330085000000,10.67,13.13,,,
2830104000000,1.65,1.93,,,
2830104000000,1.93,1.95,,,
2830104000000,1.95,2.65,,,
42202500000NB,9.71,9.77,,,
42202500000NB,9.77,9.8,,,
42202500000NB,9.8,9.9,,,
42202500000NB,9.9,10,,,
42202500000NB,10,10.1,,,
42202500000NB,10.1,10.2,,,
42202500000NB,10.2,10.3,,,
42202500000NB,10.3,10.4,,,
42202500000NB,10.4,10.42,,,
42202500000NB,10.42,10.5,,,
42202500000NB,10.5,10.6,,,
42202500000NB,10.6,10.7,,,
42202500000NB,10.7,10.8,,,
42202500000NB,10.8,10.9,,,
42202500000NB,10.9,11,,,
42202500000NB,11,11.1,,,
42202500000NB,11.1,11.2,,,
42202500000NB,11.2,11.3,,,
42202500000NB,11.3,11.4,,,
42202500000NB,11.4,11.5,,,
42202500000NB,11.5,11.6,,,
42202500000NB,11.6,11.7,,,
42202500000NB,11.7,11.8,,,
42202500000NB,11.8,11.9,,,
42202500000NB,11.9,12,,,
42202500000NB,12,12.1,,,
42202500000NB,12.1,12.2,,,
42202500000NB,12.2,12.3,,,
42202500000NB,12.3,12.4,,,
42202500000NB,12.4,12.45,,,
20100790000NB,0,0.8,,,
20100790000NB,0.8,0.81,,,
20100790000NB,0.81,0.9,,,
20100790000NB,0.9,1.95,,,
20100790000NB,1.95,2.24,,,
20100790000NB,2.24,3.51,,,
20100790000NB,3.51,4.51,,,
20100790000NB,4.51,5.42,,,
20100790000NB,5.42,5.56,,,
20100790000NB,5.56,6.12,,,
20100790000NB,6.82,7.19,,,
20100790000NB,7.19,7.38,,,
20100790000NB,7.38,7.476,,,
20100790000NB,9.97,10.64,,,
20100790000NB,10.64,15.6,,,
20100790000NB,15.6,16.04,,,
20100790000NB,16.04,16.1,,,
20100790000NB,16.1,16.2,,,
20100790000NB,16.2,19.22,,,
20100790000NB,19.22,20.6,,,
20100790000NB,20.6,20.62,,,
20100790000NB,20.62,20.7,,,
20100790000NB,20.7,21.28,,,
4140048000000,0,1.9,,,
29202200000NB,12.61,12.7,,,
29202200000NB,12.7,12.8,,,
29202200000NB,12.8,12.9,,,
29202200000NB,12.9,13,,,
29202200000NB,13,13.1,,,
29202200000NB,13.1,13.2,,,
29202200000NB,13.2,13.26,,,
29202200000NB,13.78,13.8,,,
29202200000NB,13.8,13.96,,,
3230012000000,0.78,5.93,,,
3230012000000,5.93,6.11,,,
3230012000000,9.33,11.31,,,
5230002000000,7.29,7.84,,,
5230002000000,8.35,8.6,,,
5230002000000,8.6,9.24,,,
1530002000000,0.28,0.56,,,
0530027000100,0.4,0.96,,,
4530020000000,24.37,24.94,,,
4530020000000,32,32.14,,,
1540507000000,1.16,3.33,,,
1040005000000,0.06,0.37,,,
1040005000000,0.37,0.4,,,
1040005000000,0.4,0.6,,,
1040005000000,0.6,0.62,,,
1040015000000,0,1.58,,,
0330099000000,0,1.84,,,
4240033070000,0,0.43,,,
4240033070000,0.43,2.01,,,
38202190000NB,0,0.1,,,
38202190000NB,0.1,0.2,,,
38202190000NB,0.2,0.3,,,
38202190000NB,0.3,0.4,,,
38202190000NB,0.4,0.5,,,
38202190000NB,0.5,0.6,,,
38202190000NB,0.6,0.7,,,
38202190000NB,0.7,0.8,,,
38202190000NB,0.8,0.9,,,
38202190000NB,0.9,1,,,
38202190000NB,1,1.1,,,
38202190000NB,1.1,1.2,,,
38202190000NB,1.2,1.3,,,
38202190000NB,1.3,1.4,,,
38202190000NB,1.4,1.5,,,
38202190000NB,1.5,1.6,,,
38202190000NB,1.6,1.7,,,
38202190000NB,1.7,1.8,,,
38202190000NB,1.8,1.9,,,
38202190000NB,1.9,2,,,
38202190000NB,2,2.1,,,
38202190000NB,2.1,2.2,,,
38202190000NB,2.2,2.3,,,
38202190000NB,2.3,2.4,,,
38202190000NB,2.4,2.5,,,
38202190000NB,2.5,2.6,,,
38202190000NB,2.6,2.7,,,
38202190000NB,2.7,2.8,,,
38202190000NB,2.8,2.9,,,
38202190000NB,2.9,3,,,
38202190000NB,3,3.1,,,
38202190000NB,3.1,3.2,,,
38202190000NB,3.2,3.3,,,
38202190000NB,3.3,3.4,,,
38202190000NB,3.4,3.5,,,
38202190000NB,3.5,3.6,,,
38202190000NB,3.6,3.69,,,
38202190000NB,3.69,3.7,,,
38202190000NB,3.7,3.8,,,
38202190000NB,3.8,3.9,,,
38202190000NB,3.9,4,,,
38202190000NB,4,4.1,,,
38202190000NB,4.1,4.2,,,
38202190000NB,4.2,4.3,,,
38202190000NB,4.3,4.37,,,
38202190000NB,4.37,4.4,,,
38202190000NB,4.4,4.5,,,
38202190000NB,4.5,4.6,,,
38202190000NB,4.6,4.7,,,
38202190000NB,4.7,4.8,,,
38202190000NB,4.8,4.9,,,
38202190000NB,4.9,5,,,
38202190000NB,5,5.1,,,
38202190000NB,5.1,5.2,,,
38202190000NB,5.2,5.3,,,
38202190000NB,5.3,5.4,,,
38202190000NB,5.4,5.5,,,
38202190000NB,5.5,5.6,,,
38202190000NB,5.6,5.7,,,
38202190000NB,5.7,5.8,,,
38202190000NB,5.8,5.9,,,
38202190000NB,5.9,6,,,
38202190000NB,6,6.01,,,
38202190000NB,6.01,6.1,,,
38202190000NB,6.1,6.2,,,
38202190000NB,6.2,6.3,,,
38202190000NB,6.3,6.4,,,
38202190000NB,6.4,6.5,,,
38202190000NB,6.5,6.6,,,
38202190000NB,6.6,6.7,,,
38202190000NB,6.7,6.8,,,
38202190000NB,6.8,6.9,,,
38202190000NB,6.9,7,,,
38202190000NB,7,7.1,,,
38202190000NB,7.1,7.15,,,
38202190000NB,7.77,7.8,,,
38202190000NB,7.8,7.9,,,
38202190000NB,7.9,8,,,
38202190000NB,8,8.1,,,
38202190000NB,8.1,8.2,,,
38202190000NB,8.2,8.3,,,
38202190000NB,8.3,8.4,,,
38202190000NB,8.4,8.5,,,
38202190000NB,8.5,8.6,,,
38202190000NB,8.6,8.7,,,
38202190000NB,8.7,8.8,,,
38202190000NB,8.8,8.9,,,
38202190000NB,8.9,9,,,
38202190000NB,9,9.1,,,
38202190000NB,9.1,9.2,,,
38202190000NB,9.2,9.3,,,
38202190000NB,9.3,9.4,,,
38202190000NB,9.4,9.5,,,
38202190000NB,9.5,9.6,,,
38202190000NB,9.6,9.7,,,
38202190000NB,9.7,9.8,,,
38202190000NB,9.8,9.82,,,
38202190000NB,14.15,14.2,,,
38202190000NB,14.2,14.3,,,
38202190000NB,14.3,14.4,,,
38202190000NB,14.4,14.5,,,
38202190000NB,14.5,14.6,,,
38202190000NB,14.6,14.67,,,
38202190000NB,19.58,19.6,,,
38202190000NB,19.6,19.7,,,
38202190000NB,19.7,19.8,,,
38202190000NB,19.8,19.9,,,
38202190000NB,19.9,20,,,
38202190000NB,20,20.1,,,
38202190000NB,20.1,20.2,,,
38202190000NB,20.2,20.3,,,
38202190000NB,20.3,20.4,,,
38202190000NB,20.4,20.5,,,
38202190000NB,20.5,20.6,,,
38202190000NB,20.6,20.7,,,
38202190000NB,20.7,20.8,,,
38202190000NB,20.8,20.9,,,
38202190000NB,20.9,21,,,
38202190000NB,21,21.1,,,
38202190000NB,21.1,21.2,,,
38202190000NB,21.2,21.3,,,
38202190000NB,21.3,21.4,,,
38202190000NB,21.4,21.5,,,
38202190000NB,21.5,21.6,,,
38202190000NB,21.6,21.69,,,
38202190000NB,21.69,21.7,,,
38202190000NB,21.7,21.8,,,
38202190000NB,21.8,21.84,,,
38202190000NB,26.37,26.54,,,
38202190000NB,26.54,26.6,,,
38202190000NB,26.6,26.7,,,
38202190000NB,26.7,26.8,,,
38202190000NB,26.8,26.9,,,
38202190000NB,26.9,27,,,
38202190000NB,27,27.1,,,
38202190000NB,27.1,27.2,,,
38202190000NB,27.2,27.3,,,
38202190000NB,27.3,27.4,,,
38202190000NB,27.4,27.5,,,
38202190000NB,27.5,27.6,,,
38202190000NB,27.6,27.7,,,
38202190000NB,27.7,27.8,,,
38202190000NB,27.8,27.9,,,
38202190000NB,27.9,28,,,
38202190000NB,28,28.1,,,
38202190000NB,28.1,28.2,,,
38202190000NB,28.2,28.3,,,
38202190000NB,28.3,28.4,,,
38202190000NB,28.4,28.5,,,
38202190000NB,28.5,28.6,,,
38202190000NB,28.6,28.7,,,
38202190000NB,28.7,28.8,,,
38202190000NB,28.8,28.9,,,
38202190000NB,28.9,29,,,
38202190000NB,29,29.1,,,
38202190000NB,29.1,29.12,,,
38202190000NB,34.47,34.5,,,
38202190000NB,34.5,34.57,,,
38202190000NB,34.57,34.6,,,
38202190000NB,34.6,34.7,,,
38202190000NB,34.7,34.78,,,
38202190000NB,34.79,34.8,,,
38202190000NB,34.8,34.9,,,
38202190000NB,34.9,35,,,
38202190000NB,35,35.1,,,
38202190000NB,35.1,35.2,,,
38202190000NB,35.2,35.3,,,
38202190000NB,35.3,35.4,,,
38202190000NB,35.4,35.5,,,
38202190000NB,35.5,35.6,,,
38202190000NB,35.6,35.7,,,
38202190000NB,35.7,35.8,,,
38202190000NB,35.8,35.9,,,
38202190000NB,35.9,36,,,
38202190000NB,36,36.1,,,
38202190000NB,36.1,36.2,,,
38202190000NB,36.2,36.3,,,
38202190000NB,36.3,36.4,,,
38202190000NB,36.4,36.5,,,
38202190000NB,36.5,36.6,,,
38202190000NB,36.6,36.7,,,
38202190000NB,36.7,36.8,,,
38202190000NB,36.8,36.9,,,
38202190000NB,36.9,37,,,
38202190000NB,37,37.1,,,
38202190000NB,37.1,37.2,,,
38202190000NB,37.2,37.3,,,
38202190000NB,37.3,37.4,,,
38202190000NB,37.4,37.5,,,
38202190000NB,37.5,37.6,,,
38202190000NB,37.6,37.7,,,
38202190000NB,37.7,37.8,,,
38202190000NB,37.8,37.89,,,
13200600000EB,16.48,16.5,,,
13200600000EB,16.5,16.6,,,
13200600000EB,16.6,16.7,,,
13200600000EB,16.7,16.8,,,
13200600000EB,16.8,16.9,,,
13200600000EB,16.9,17,,,
13200600000EB,17,17.1,,,
13200600000EB,17.1,17.2,,,
13200600000EB,17.2,17.3,,,
13200600000EB,17.3,17.4,,,
13200600000EB,17.4,17.43,,,
13200600000EB,28.53,28.6,,,
13200600000EB,28.6,28.7,,,
13200600000EB,28.7,28.8,,,
13200600000EB,28.8,28.9,,,
13200600000EB,28.9,29,,,
13200600000EB,29,29.1,,,
13200600000EB,29.1,29.2,,,
13200600000EB,29.2,29.3,,,
13200600000EB,29.3,29.4,,,
13200600000EB,29.4,29.5,,,
13200600000EB,29.5,29.6,,,
13200600000EB,29.6,29.61,,,
13200600000EB,35.19,35.2,,,
13200600000EB,35.2,35.3,,,
13200600000EB,35.3,35.4,,,
13200600000EB,35.4,35.5,,,
13200600000EB,35.5,35.6,,,
13200600000EB,35.6,35.7,,,
13200600000EB,35.7,35.8,,,
13200600000EB,35.8,35.9,,,
13200600000EB,35.9,36,,,
13200600000EB,36,36.1,,,
13200600000EB,36.1,36.2,,,
13200600000EB,36.2,36.3,,,
13200600000EB,36.3,36.4,,,
13200600000EB,36.4,36.5,,,
13200600000EB,36.5,36.6,,,
13200600000EB,36.6,36.7,,,
13200600000EB,36.7,36.8,,,
13200600000EB,36.8,36.9,,,
13200600000EB,36.9,37,,,
13200600000EB,37,37.1,,,
13200600000EB,37.1,37.2,,,
13200600000EB,37.2,37.3,,,
13200600000EB,37.3,37.4,,,
13200600000EB,37.4,37.5,,,
13200600000EB,37.5,37.6,,,
13200600000EB,37.6,37.65,,,
0540010000000,0,2.1,,,
20100640000EB,45.39,45.4,,,
20100640000EB,45.4,47.44,,,
20100640000EB,47.44,48.4,,,
20100640000EB,48.4,49.75,,,
20100640000EB,49.75,50.11,,,
20100640000EB,50.11,51.56,,,
20100640000EB,51.56,52.38,,,
20100640000EB,52.38,52.73,,,
20100640000EB,52.73,53.1,,,
20100640000EB,53.1,53.75,,,
20100640000EB,53.75,54.3,,,
20100640000EB,54.3,54.37,,,
20100640000EB,54.37,54.4,,,
20100640000EB,54.4,54.8,,,
20100640000EB,54.8,55.21,,,
20100640000EB,55.21,56.33,,,
20100640000EB,56.33,57.02,,,
20100640000EB,57.02,57.48,,,
20100640000EB,57.48,57.92,,,
20100640000EB,57.92,58.2,,,
20100640000EB,58.2,58.3,,,
44100790000NB,25.67,29.58,,,
20200600007WB,7.93,8.1,,,
5530097000000,21.56,22.26,,,
5530097000000,22.83,22.9,,,
5530097000000,22.9,23,,,
5530097000000,23,23.1,,,
5530097000000,23.1,23.2,,,
5530097000000,28.09,28.1,,,
5530097000000,28.1,28.2,,,
5530097000000,28.2,28.3,,,
5530097000000,28.3,28.4,,,
5530097000000,28.4,28.5,,,
5530097000000,28.5,28.6,,,
5530097000000,28.6,28.7,,,
5530097000000,28.7,28.8,,,
5530097000000,28.8,28.9,,,
5530097000000,28.9,29,,,
5530097000000,29,29.1,,,
5530097000000,29.1,29.2,,,
5530097000000,29.2,29.3,,,
5530097000000,29.3,29.4,,,
5530097000000,29.4,29.5,,,
5530097000000,29.5,29.6,,,
5530097000000,29.6,29.7,,,
5530097000000,29.7,29.8,,,
5530097000000,29.8,29.9,,,
5530097000000,29.9,30,,,
5530097000000,30,30.1,,,
5530097000000,30.1,30.2,,,
5530097000000,30.2,30.3,,,
5530097000000,30.3,30.4,,,
5530097000000,30.4,30.5,,,
5530097000000,30.5,30.6,,,
5530097000000,30.6,30.7,,,
5530097000000,30.7,30.8,,,
5530097000000,30.8,30.9,,,
5530097000000,30.9,31,,,
5530097000000,31,31.1,,,
5530097000000,31.1,31.2,,,
5530097000000,31.2,31.3,,,
5530097000000,31.3,31.4,,,
5530097000000,31.4,31.5,,,
5530097000000,31.5,31.6,,,
5530097000000,31.6,31.7,,,
5530097000000,31.7,31.8,,,
5530097000000,31.8,31.9,,,
5530097000000,31.9,32,,,
5530097000000,32,32.1,,,
5530097000000,32.1,32.2,,,
5530097000000,32.2,32.3,,,
5530097000000,32.3,32.4,,,
5530097000000,32.4,32.5,,,
5530097000000,32.5,32.512,,,
5530097000000,32.512,32.6,,,
5530097000000,32.6,32.7,,,
5530097000000,32.7,32.8,,,
5530097000000,32.8,32.88,,,
39202190000NB,0,0.8,,,
39202190000NB,0.8,3.01,,,
39202190000NB,3.01,3.31,,,
39202190000NB,3.31,4.76,,,
28200190000NB,2.88,2.9,,,
28200190000NB,2.9,3,,,
28200190000NB,3,3.1,,,
28200190000NB,3.1,3.2,,,
28200190000NB,3.2,3.3,,,
28200190000NB,3.3,3.4,,,
28200190000NB,3.4,3.5,,,
28200190000NB,3.5,3.6,,,
28200190000NB,3.6,3.7,,,
28200190000NB,3.7,3.8,,,
28200190000NB,3.8,3.87,,,
28200190000NB,5.34,5.4,,,
28200190000NB,5.4,5.5,,,
28200190000NB,5.5,5.6,,,
28200190000NB,5.6,5.7,,,
28200190000NB,5.7,5.8,,,
28200190000NB,5.8,5.9,,,
28200190000NB,5.9,6,,,
28200190000NB,6,6.01,,,
28200190000NB,6.01,6.1,,,
28200190000NB,6.1,6.2,,,
28200190000NB,6.2,6.3,,,
28200190000NB,6.3,6.4,,,
28200190000NB,6.4,6.5,,,
28200190000NB,6.5,6.6,,,
28200190000NB,6.6,6.7,,,
28200190000NB,6.7,6.8,,,
28200190000NB,6.8,6.9,,,
28200190000NB,6.9,7,,,
28200190000NB,7,7.1,,,
28200190000NB,7.1,7.2,,,
28200190000NB,7.2,7.3,,,
28200190000NB,7.3,7.4,,,
28200190000NB,7.4,7.44,,,
28200190000NB,10.69,10.7,,,
28200190000NB,10.7,10.73,,,
28200190000NB,10.73,10.76,,,
28200190000NB,10.76,10.8,,,
28200190000NB,10.8,10.9,,,
28200190000NB,10.9,11,,,
28200190000NB,11,11.1,,,
28200190000NB,11.1,11.2,,,
28200190000NB,11.2,11.3,,,
28200190000NB,11.3,11.4,,,
28200190000NB,11.4,11.5,,,
28200190000NB,11.5,11.6,,,
28200190000NB,11.6,11.63,,,
28200190000NB,11.63,11.7,,,
3530002000000,2.36,2.84,,,
4272254001900,0,0.07,,,
4272254001900,0.07,0.3,,,
4140016100000,0.53,0.9,,,
4140011000000,0,1.26,,,
0540018000000,0,1.71,,,
0530002000000,3.88,6.35,,,
0530002000000,6.8,7.06,,,
0530002000000,7.06,7.47,,,
4140009090000,0,1.81,,,
2840052200000,0.001,0.82,,,
4140009000000,5.28,5.54,,,
0130092000000,8.64,9.265,,,
0130092000000,9.265,10.73,,,
40100640000EB,31.77,32.57,,,
40100640000EB,32.57,33.45,,,
40100640000EB,33.45,34.45,,,
40100640000EB,34.45,36.27,,,
40100640000EB,36.27,38.54,,,
40100640000EB,38.54,38.68,,,
40100640000EB,40.46,40.568,,,
40100640000EB,40.568,41.546,,,
40100640000EB,41.546,41.66,,,
40100640000EB,41.66,41.86,,,
40100640000EB,41.86,41.89,,,
40100640000EB,41.89,42.78,,,
40100640000EB,42.79,43.77,,,
40100640000EB,43.77,43.8,,,
40100640000EB,43.8,44.47,,,
40100640000EB,44.47,44.78,,,
40100640000EB,44.78,45.39,,,
2430016000000,0.06,1.73,,,
2430016000000,4.05,6.18,,,
2430016000000,9.47,10.14,,,
2430016000000,13.75,14.05,,,
2430016000000,16.06,16.1,,,
2430016000000,16.1,16.2,,,
2430016000000,16.2,16.3,,,
2430016000000,16.3,16.4,,,
2430016000000,16.4,16.5,,,
2430016000000,16.5,16.6,,,
2430016000000,16.6,16.7,,,
2430016000000,16.7,16.8,,,
2430016000000,16.8,16.9,,,
2430016000000,16.9,17,,,
2430016000000,17,17.1,,,
2430016000000,17.1,17.2,,,
2430016000000,17.2,17.3,,,
2430016000000,17.3,17.4,,,
2430016000000,17.4,17.5,,,
2430016000000,17.5,17.6,,,
2430016000000,17.6,17.7,,,
2430016000000,17.7,17.8,,,
2430016000000,17.8,17.9,,,
2430016000000,17.9,18,,,
2430016000000,18,18.1,,,
2430016000000,18.1,18.2,,,
2430016000000,18.2,18.3,,,
2430016000000,18.3,18.4,,,
2430016000000,18.4,18.5,,,
2430016000000,18.5,18.6,,,
2430016000000,18.6,18.7,,,
2430016000000,18.7,18.8,,,
2430016000000,18.8,18.9,,,
2430016000000,18.9,19,,,
2430016000000,19,19.1,,,
2430016000000,19.1,19.2,,,
2430016000000,19.2,19.3,,,
2430016000000,19.3,19.4,,,
2430016000000,19.4,19.5,,,
2430016000000,19.5,19.56,,,
2430016000000,19.56,19.6,,,
2430016000000,19.6,19.7,,,
2430016000000,19.7,19.8,,,
2430016000000,19.8,19.9,,,
2430016000000,19.9,20,,,
2430016000000,20,20.1,,,
2430016000000,20.1,20.156,,,
2430016000000,20.156,20.2,,,
2430016000000,20.2,20.3,,,
2430016000000,20.3,20.4,,,
2430016000000,20.4,20.5,,,
2430016000000,20.5,20.6,,,
2430016000000,20.6,20.7,,,
2430016000000,20.7,20.79,,,
2430016000000,20.79,20.8,,,
2430016000000,20.8,20.9,,,
2430016000000,20.9,21,,,
2430016000000,21,21.1,,,
2430016000000,21.1,21.2,,,
2430016000000,21.2,21.3,,,
2430016000000,21.3,21.4,,,
2430016000000,21.4,21.5,,,
2430016000000,21.5,21.6,,,
2430016000000,21.6,21.7,,,
2430016000000,21.7,21.8,,,
2430016000000,21.8,21.9,,,
2430016000000,21.9,22,,,
2430016000000,22,22.05,,,
2430016000000,22.05,22.1,,,
2430016000000,22.1,22.2,,,
2430016000000,22.2,22.3,,,
2430016000000,22.3,22.4,,,
2430016000000,22.4,22.5,,,
2430016000000,22.5,22.6,,,
2430016000000,22.6,22.7,,,
2430016000000,22.7,22.8,,,
2430016000000,22.8,22.9,,,
2430016000000,22.9,23,,,
2430016000000,23,23.1,,,
2430016000000,23.1,23.2,,,
2430016000000,23.2,23.3,,,
2430016000000,23.3,23.4,,,
2430016000000,23.4,23.5,,,
2430016000000,23.5,23.6,,,
2430016000000,23.6,23.7,,,
2430016000000,23.7,23.76,,,
2430016000000,23.76,23.8,,,
2430016000000,23.8,23.9,,,
2430016000000,23.9,24,,,
2430016000000,24,24.1,,,
2430016000000,24.1,24.2,,,
2430016000000,24.2,24.3,,,
2430016000000,24.3,24.4,,,
2430016000000,24.4,24.5,,,
2430016000000,24.5,24.6,,,
2430016000000,24.6,24.7,,,
2430016000000,24.7,24.8,,,
2430016000000,24.8,24.86,,,
2430016000000,29.19,29.2,,,
2430016000000,29.2,29.3,,,
2430016000000,29.3,29.4,,,
2430016000000,29.4,29.41,,,
2430016000000,32.7,32.8,,,
2430016000000,32.8,32.9,,,
2430016000000,32.9,33,,,
2430016000000,33,33.1,,,
2430016000000,33.1,33.2,,,
2430016000000,33.2,33.3,,,
2430016000000,33.3,33.4,,,
2430016000000,33.4,33.5,,,
2430016000000,33.5,33.6,,,
2430016000000,33.6,33.7,,,
2430016000000,33.7,33.8,,,
2430016000000,33.8,33.9,,,
2430016000000,33.9,34,,,
2430016000000,34,34.1,,,
2430016000000,34.1,34.2,,,
2430016000000,34.2,34.3,,,
2430016000000,34.3,34.4,,,
2430016000000,34.4,34.5,,,
2430016000000,34.5,34.6,,,
2430016000000,34.6,34.7,,,
2430016000000,34.7,34.8,,,
2430016000000,34.8,34.9,,,
2430016000000,34.9,35,,,
2430016000000,35,35.1,,,
2430016000000,35.1,35.2,,,
2430016000000,35.2,35.3,,,
2430016000000,35.3,35.38,,,
4140006090000,0.6,1.37,,,
39100680000EB,14.66,18.1,,,
39100680000EB,18.1,18.12,,,
39100680000EB,18.12,18.2,,,
39100680000EB,18.2,23.34,,,
39100680000EB,26.75,28.64,,,
39100680000EB,28.64,29.23,,,
39100680000EB,29.23,31.24,,,
39100680000EB,31.24,31.42,,,
39100680000EB,31.42,32.06,,,
2640026000000,0,5.43,,,
2840007050000,0,0.324,,,
2840007050000,0.324,0.343,,,
2840007050000,0.343,1.11,,,
2840007050000,1.11,1.83,,,
2840007050000,1.836,2.1,,,
2680901000000,0,0.18,,,
4130016000000,8.47,9.485,,,
4130016000000,9.485,9.8,,,
4130016000000,12,12.009,,,
4130016000000,12.009,12.1,,,
4130016000000,12.1,12.2,,,
4130016000000,12.2,12.3,,,
4130016000000,12.3,12.4,,,
4130016000000,12.4,12.5,,,
4130016000000,12.5,12.6,,,
4130016000000,12.6,12.7,,,
4130016000000,12.7,12.8,,,
4130016000000,12.8,12.9,,,
4130016000000,12.9,13,,,
4130016000000,13,13.1,,,
4130016000000,13.1,13.2,,,
4130016000000,13.2,13.3,,,
4130016000000,13.3,13.4,,,
4130016000000,13.4,13.5,,,
4130016000000,13.5,13.6,,,
4130016000000,13.6,13.7,,,
4130016000000,13.7,13.8,,,
4130016000000,13.8,13.9,,,
4130016000000,13.9,14,,,
4130016000000,14,14.1,,,
4130016000000,14.1,14.12,,,
4130016000000,14.42,14.5,,,
4130016000000,14.5,14.6,,,
4130016000000,14.6,14.7,,,
4130016000000,14.7,14.72,,,
4130016000000,14.72,14.8,,,
4130016000000,14.8,14.9,,,
4130016000000,14.9,15,,,
4130016000000,15,15.08,,,
4130016000000,15.08,15.1,,,
4130016000000,15.1,15.2,,,
4130016000000,15.2,15.3,,,
4130016000000,15.3,15.4,,,
4130016000000,15.4,15.61,,,
4130016000000,15.65,15.7,,,
4130016000000,15.7,15.8,,,
4130016000000,15.8,15.81,,,
4130016000000,18.53,18.82,,,
4130016000000,18.82,18.96,,,
4130016000000,18.96,19.79,,,
0540027040000,1.85,1.89,,,
1540011022800,2.75,3.57,,,
08100790000NB,36,39.91,,,
08100790000NB,39.91,40,,,
08100790000NB,40,41.43,,,
08100790000NB,41.43,44.6,,,
17100790000NB,114.132,114.9,,,
17100790000NB,115.33,117.17,,,
17100790000NB,118.5,118.7,,,
2830598000000,0,0.1,,,
2830598000000,0.1,0.2,,,
2830598000000,0.2,0.3,,,
2830598000000,0.3,0.4,,,
2830598000000,0.4,0.5,,,
2830598000000,0.5,0.6,,,
2830598000000,0.6,0.7,,,
2830598000000,0.7,0.8,,,
2830598000000,0.8,0.9,,,
2830598000000,0.9,1,,,
2830598000000,1,1.1,,,
2830598000000,1.1,1.2,,,
2830598000000,1.2,1.3,,,
2830598000000,1.3,1.4,,,
2830598000000,1.4,1.5,,,
2830598000000,1.5,1.6,,,
2830598000000,1.6,1.7,,,
2830598000000,1.7,1.8,,,
2830598000000,1.8,1.9,,,
2830598000000,1.9,2,,,
2830598000000,2,2.1,,,
2830598000000,2.1,2.13,,,
2830598000000,2.4,2.5,,,
2830598000000,2.5,2.59,,,
2830598000000,2.59,2.6,,,
2830598000000,2.6,2.7,,,
2830598000000,2.7,2.8,,,
2830598000000,2.8,2.9,,,
2830598000000,2.9,2.98,,,
28100770000NB,0.69,0.7,,,
28100770000NB,0.7,0.8,,,
28100770000NB,0.8,0.9,,,
28100770000NB,0.9,1,,,
28100770000NB,1,1.1,,,
28100770000NB,1.1,1.2,,,
28100770000NB,1.2,1.3,,,
28100770000NB,1.3,1.4,,,
28100770000NB,1.4,1.5,,,
28100770000NB,1.5,1.6,,,
28100770000NB,1.6,1.7,,,
28100770000NB,1.7,1.8,,,
28100770000NB,1.8,1.9,,,
28100770000NB,1.9,2,,,
28100770000NB,2,2.1,,,
28100770000NB,2.1,2.2,,,
28100770000NB,2.2,2.3,,,
28100770000NB,2.3,2.4,,,
28100770000NB,2.4,2.5,,,
28100770000NB,2.5,2.56,,,
28100770000NB,2.56,2.6,,,
28100770000NB,2.6,2.7,,,
28100770000NB,2.7,2.8,,,
28100770000NB,2.8,2.9,,,
28100770000NB,2.9,3,,,
28100770000NB,3,3.1,,,
28100770000NB,3.1,3.2,,,
28100770000NB,3.2,3.3,,,
28100770000NB,3.3,3.4,,,
28100770000NB,3.4,3.5,,,
28100770000NB,3.5,3.6,,,
28100770000NB,3.6,3.7,,,
28100770000NB,3.7,3.8,,,
28100770000NB,3.8,3.9,,,
28100770000NB,3.9,4,,,
28100770000NB,4,4.1,,,
28100770000NB,4.1,4.2,,,
28100770000NB,4.2,4.3,,,
28100770000NB,4.3,4.4,,,
28100770000NB,4.4,4.5,,,
28100770000NB,4.5,4.6,,,
28100770000NB,4.6,4.7,,,
28100770000NB,4.7,4.8,,,
28100770000NB,4.8,4.9,,,
28100770000NB,4.9,5,,,
28100770000NB,5,5.1,,,
28100770000NB,5.1,5.12,,,
28100770000NB,5.12,5.2,,,
28100770000NB,5.2,5.3,,,
28100770000NB,5.3,5.4,,,
28100770000NB,5.4,5.5,,,
28100770000NB,5.5,5.6,,,
28100770000NB,5.6,5.7,,,
28100770000NB,5.7,5.8,,,
28100770000NB,5.8,5.9,,,
28100770000NB,5.9,6,,,
28100770000NB,6,6.1,,,
28100770000NB,6.1,6.2,,,
28100770000NB,6.2,6.3,,,
28100770000NB,6.3,6.4,,,
28100770000NB,6.4,6.5,,,
28100770000NB,6.5,6.6,,,
28100770000NB,6.6,6.7,,,
28100770000NB,6.7,6.8,,,
28100770000NB,6.8,6.9,,,
28100770000NB,8.189,8.98,,,
28200520018EB,0,0.02,,,
4140008000000,0,0.11,,,
4140008000000,0.19,0.75,,,
4830180000000,1.21,4.06,,,
1830002000000,10.86,11,,,
1830002000000,11.14,11.28,,,
3540003000000,0,2.55,,,
2600074000000,3.27,3.36,,,
1540066020000,0,3.27,,,
2640021000000,5.37,10.31,,,
41100640000EB,120,120.1,,,
41100640000EB,120.1,120.5,,,
41100640000EB,120.69,120.7,,,
41100640000EB,120.7,120.8,,,
41100640000EB,120.8,120.9,,,
41100640000EB,120.9,121,,,
41100640000EB,121,121.1,,,
41100640000EB,121.1,121.2,,,
41100640000EB,121.2,121.3,,,
41100640000EB,121.3,121.4,,,
41100640000EB,121.4,121.5,,,
41100640000EB,121.5,121.6,,,
41100640000EB,121.6,121.7,,,
41100640000EB,121.7,121.8,,,
41100640000EB,121.8,121.9,,,
41100640000EB,121.9,122,,,
41100640000EB,122,122.1,,,
41100640000EB,122.1,122.2,,,
41100640000EB,122.2,122.3,,,
41100640000EB,122.3,122.4,,,
41100640000EB,122.4,122.5,,,
41100640000EB,122.5,122.6,,,
41100640000EB,122.6,122.62,,,
41100640000EB,122.62,122.71,,,
41100640000EB,122.71,122.8,,,
41100640000EB,122.8,122.9,,,
41100640000EB,122.9,123.18,,,
41100640000EB,123.18,123.3,,,
41100640000EB,123.63,123.7,,,
41100640000EB,123.7,123.8,,,
41100640000EB,123.8,123.9,,,
41100640000EB,123.9,124,,,
41100640000EB,124,124.1,,,
41100640000EB,124.1,124.2,,,
41100640000EB,124.2,124.3,,,
41100640000EB,124.3,124.4,,,
41100640000EB,124.4,124.47,,,
41100640000EB,124.9,125.65,,,
41100640000EB,125.65,126.6,,,
41100640000EB,126.65,126.7,,,
41100640000EB,126.7,126.8,,,
41100640000EB,126.8,126.9,,,
41100640000EB,126.9,127,,,
41100640000EB,127,127.1,,,
41100640000EB,127.1,127.2,,,
41100640000EB,127.2,127.3,,,
41100640000EB,127.3,127.4,,,
41100640000EB,127.4,127.5,,,
41100640000EB,127.5,127.58,,,
41100640000EB,128.91,129,,,
41100640000EB,129,129.1,,,
41100640000EB,129.1,129.2,,,
41100640000EB,129.2,129.3,,,
41100640000EB,129.3,129.4,,,
41100640000EB,129.4,129.49,,,
41100640000EB,129.49,129.5,,,
41100640000EB,129.5,129.6,,,
41100640000EB,129.6,129.7,,,
41100640000EB,129.7,129.8,,,
41100640000EB,129.8,129.9,,,
41100640000EB,129.9,130,,,
41100640000EB,130,130.1,,,
41100640000EB,130.1,130.2,,,
41100640000EB,130.2,130.3,,,
41100640000EB,130.3,130.4,,,
41100640000EB,130.4,130.5,,,
41100640000EB,130.5,130.6,,,
41100640000EB,130.6,130.7,,,
41100640000EB,130.7,130.8,,,
41100640000EB,130.8,130.9,,,
41100640000EB,130.9,131,,,
41100640000EB,131,131.1,,,
41100640000EB,131.1,131.2,,,
41100640000EB,131.2,131.3,,,
41100640000EB,131.3,131.4,,,
41100640000EB,131.4,131.5,,,
41100640000EB,131.5,131.6,,,
41100640000EB,131.6,131.7,,,
41100640000EB,131.7,131.8,,,
41100640000EB,131.8,131.9,,,
41100640000EB,131.9,132,,,
41100640000EB,132,132.1,,,
41100640000EB,132.1,132.2,,,
41100640000EB,132.2,132.3,,,
41100640000EB,132.3,132.4,,,
41100640000EB,132.4,132.5,,,
41100640000EB,132.5,132.53,,,
41100640000EB,132.84,132.9,,,
41100640000EB,132.9,133,,,
41100640000EB,133,133.1,,,
41100640000EB,133.1,133.2,,,
41100640000EB,133.2,133.3,,,
41100640000EB,133.3,133.4,,,
41100640000EB,133.4,133.5,,,
41100640000EB,133.5,133.6,,,
41100640000EB,133.6,133.7,,,
41100640000EB,133.7,133.8,,,
41100640000EB,133.8,133.9,,,
41100640000EB,133.9,134,,,
41100640000EB,134,134.1,,,
41100640000EB,134.1,134.2,,,
41100640000EB,134.2,134.3,,,
41100640000EB,134.3,134.4,,,
41100640000EB,134.4,134.5,,,
41100640000EB,134.5,134.6,,,
41100640000EB,134.6,134.7,,,
41100640000EB,134.7,134.8,,,
41100640000EB,134.8,134.9,,,
41100640000EB,134.9,135,,,
41100640000EB,135,135.1,,,
41100640000EB,135.1,135.2,,,
41100640000EB,135.2,135.3,,,
41100640000EB,135.3,135.4,,,
41100640000EB,135.4,135.5,,,
41100640000EB,135.5,135.6,,,
41100640000EB,135.6,135.7,,,
41100640000EB,135.7,135.8,,,
41100640000EB,135.8,135.9,,,
41100640000EB,135.9,136,,,
41100640000EB,136,136.1,,,
41100640000EB,136.1,136.2,,,
41100640000EB,136.2,136.3,,,
41100640000EB,136.3,136.4,,,
41100640000EB,136.4,136.5,,,
41100640000EB,136.5,136.6,,,
41100640000EB,136.6,136.7,,,
41100640000EB,136.7,136.8,,,
41100640000EB,136.8,136.9,,,
41100640000EB,136.9,137,,,
41100640000EB,137,137.1,,,
41100640000EB,137.1,137.2,,,
41100640000EB,137.2,137.3,,,
41100640000EB,137.3,137.4,,,
41100640000EB,137.4,137.48,,,
41100640000EB,137.48,137.5,,,
41100640000EB,137.5,137.6,,,
41100640000EB,137.6,137.7,,,
41100640000EB,137.7,137.8,,,
41100640000EB,137.8,137.9,,,
41100640000EB,137.9,138,,,
41100640000EB,138,138.01,,,
32202190000NB,1.92,2,,,
32202190000NB,2,2.1,,,
32202190000NB,2.1,2.2,,,
32202190000NB,2.2,2.3,,,
32202190000NB,2.3,2.4,,,
32202190000NB,2.4,2.5,,,
32202190000NB,2.5,2.6,,,
32202190000NB,2.6,2.7,,,
32202190000NB,2.7,2.8,,,
32202190000NB,2.8,2.9,,,
32202190000NB,2.9,3,,,
32202190000NB,3,3.1,,,
32202190000NB,3.1,3.2,,,
32202190000NB,3.2,3.3,,,
32202190000NB,3.3,3.4,,,
32202190000NB,3.4,3.5,,,
32202190000NB,3.5,3.6,,,
32202190000NB,3.6,3.7,,,
32202190000NB,3.7,3.8,,,
32202190000NB,3.8,3.9,,,
32202190000NB,3.9,4,,,
32202190000NB,4,4.1,,,
32202190000NB,4.1,4.2,,,
32202190000NB,4.2,4.3,,,
32202190000NB,4.3,4.4,,,
32202190000NB,4.4,4.5,,,
32202190000NB,4.5,4.6,,,
32202190000NB,4.6,4.7,,,
32202190000NB,4.7,4.8,,,
32202190000NB,4.8,4.9,,,
32202190000NB,4.9,5,,,
32202190000NB,5,5.1,,,
32202190000NB,5.1,5.2,,,
32202190000NB,5.2,5.3,,,
32202190000NB,5.3,5.4,,,
32202190000NB,5.4,5.5,,,
32202190000NB,5.5,5.6,,,
32202190000NB,5.6,5.7,,,
32202190000NB,5.7,5.8,,,
32202190000NB,5.8,5.9,,,
32202190000NB,5.9,6,,,
32202190000NB,6,6.1,,,
32202190000NB,6.1,6.2,,,
32202190000NB,6.2,6.3,,,
32202190000NB,6.3,6.4,,,
32202190000NB,6.4,6.5,,,
32202190000NB,6.5,6.6,,,
32202190000NB,6.6,6.7,,,
32202190000NB,6.7,6.8,,,
32202190000NB,6.8,6.9,,,
32202190000NB,6.9,7,,,
32202190000NB,7,7.1,,,
32202190000NB,7.1,7.2,,,
32202190000NB,7.2,7.3,,,
32202190000NB,7.3,7.4,,,
32202190000NB,7.4,7.5,,,
32202190000NB,7.5,7.6,,,
32202190000NB,7.6,7.7,,,
32202190000NB,7.7,7.8,,,
32202190000NB,7.8,7.87,,,
32202190000NB,14.38,14.4,,,
32202190000NB,14.4,14.5,,,
32202190000NB,14.5,14.6,,,
32202190000NB,14.6,14.7,,,
32202190000NB,14.7,14.8,,,
32202190000NB,14.8,14.9,,,
32202190000NB,14.9,15,,,
32202190000NB,15,15.1,,,
32202190000NB,15.1,15.2,,,
32202190000NB,15.2,15.3,,,
32202190000NB,15.3,15.4,,,
32202190000NB,15.4,15.5,,,
32202190000NB,15.5,15.6,,,
32202190000NB,15.6,15.7,,,
32202190000NB,15.7,15.8,,,
32202190000NB,15.8,15.9,,,
32202190000NB,15.9,16,,,
32202190000NB,16,16.1,,,
32202190000NB,16.1,16.18,,,
32202190000NB,16.18,16.2,,,
32202190000NB,16.2,16.3,,,
32202190000NB,16.3,16.4,,,
32202190000NB,16.4,16.5,,,
32202190000NB,16.5,16.6,,,
32202190000NB,16.6,16.7,,,
32202190000NB,16.7,16.8,,,
32202190000NB,16.8,16.9,,,
32202190000NB,16.9,17,,,
32202190000NB,17,17.1,,,
32202190000NB,17.1,17.2,,,
32202190000NB,17.2,17.3,,,
32202190000NB,17.3,17.4,,,
32202190000NB,17.4,17.5,,,
32202190000NB,17.5,17.6,,,
32202190000NB,17.6,17.7,,,
32202190000NB,17.7,17.8,,,
32202190000NB,17.8,17.9,,,
32202190000NB,17.9,18,,,
32202190000NB,18,18.1,,,
32202190000NB,18.1,18.2,,,
32202190000NB,18.2,18.3,,,
32202190000NB,18.3,18.4,,,
32202190000NB,18.4,18.5,,,
32202190000NB,18.5,18.6,,,
32202190000NB,18.6,18.7,,,
32202190000NB,18.7,18.8,,,
32202190000NB,18.8,18.9,,,
32202190000NB,18.9,19,,,
32202190000NB,19,19.1,,,
32202190000NB,19.1,19.2,,,
32202190000NB,19.2,19.24,,,
32202190000NB,19.24,19.3,,,
32202190000NB,19.3,19.4,,,
32202190000NB,19.4,19.5,,,
32202190000NB,19.5,19.6,,,
32202190000NB,19.6,19.66,,,
32202190000NB,19.66,19.7,,,
32202190000NB,19.7,19.8,,,
32202190000NB,19.8,19.9,,,
32202190000NB,19.9,20,,,
32202190000NB,20,20.1,,,
32202190000NB,20.1,20.2,,,
32202190000NB,20.2,20.3,,,
32202190000NB,20.3,20.4,,,
32202190000NB,20.4,20.5,,,
32202190000NB,20.5,20.6,,,
32202190000NB,20.6,20.7,,,
32202190000NB,20.7,20.8,,,
32202190000NB,20.8,20.9,,,
32202190000NB,20.9,21,,,
32202190000NB,21,21.1,,,
32202190000NB,21.1,21.2,,,
32202190000NB,21.2,21.3,,,
32202190000NB,21.3,21.4,,,
32202190000NB,21.4,21.45,,,
32202190000NB,21.45,21.5,,,
32202190000NB,21.5,21.6,,,
32202190000NB,21.6,21.7,,,
32202190000NB,21.7,21.8,,,
32202190000NB,21.8,21.9,,,
32202190000NB,21.9,22,,,
32202190000NB,22,22.1,,,
32202190000NB,22.1,22.2,,,
32202190000NB,22.2,22.3,,,
32202190000NB,22.3,22.4,,,
32202190000NB,22.4,22.5,,,
32202190000NB,22.5,22.6,,,
32202190000NB,22.6,22.7,,,
32202190000NB,22.7,22.8,,,
32202190000NB,22.8,22.9,,,
32202190000NB,22.9,23,,,
32202190000NB,24.92,25,,,
32202190000NB,25,25.1,,,
32202190000NB,25.1,25.2,,,
32202190000NB,25.2,25.3,,,
32202190000NB,25.3,25.4,,,
32202190000NB,25.4,25.5,,,
32202190000NB,25.5,25.6,,,
32202190000NB,25.6,25.7,,,
32202190000NB,25.7,25.8,,,
32202190000NB,25.8,25.9,,,
32202190000NB,25.9,25.93,,,
32202190000NB,25.93,26,,,
32202190000NB,26,26.1,,,
32202190000NB,26.1,26.2,,,
32202190000NB,26.2,26.24,,,
32202190000NB,26.24,26.3,,,
32202190000NB,26.3,26.4,,,
32202190000NB,26.4,26.5,,,
32202190000NB,26.5,26.6,,,
32202190000NB,26.6,26.7,,,
32202190000NB,26.7,26.8,,,
32202190000NB,26.8,26.9,,,
32202190000NB,26.9,27,,,
32202190000NB,27,27.1,,,
32202190000NB,27.1,27.2,,,
32202190000NB,27.2,27.3,,,
32202190000NB,27.3,27.4,,,
32202190000NB,27.4,27.5,,,
32202190000NB,27.5,27.59,,,
32202190000NB,27.59,27.6,,,
32202190000NB,27.6,27.7,,,
32202190000NB,27.7,27.8,,,
32202190000NB,27.8,27.9,,,
32202190000NB,27.9,28,,,
32202190000NB,28,28.1,,,
32202190000NB,28.1,28.2,,,
32202190000NB,28.2,28.3,,,
32202190000NB,28.3,28.4,,,
32202190000NB,28.4,28.5,,,
32202190000NB,28.5,28.6,,,
32202190000NB,28.6,28.68,,,
2430083000000,0,0.1,,,
2430083000000,0.1,0.2,,,
2430083000000,0.2,0.3,,,
2430083000000,0.3,0.4,,,
2430083000000,0.4,0.5,,,
2430083000000,0.5,0.6,,,
2430083000000,0.6,0.7,,,
2430083000000,0.7,0.8,,,
2430083000000,0.8,0.9,,,
2430083000000,0.9,1,,,
2430083000000,1,1.1,,,
2430083000000,1.1,1.2,,,
2430083000000,1.2,1.3,,,
2430083000000,1.3,1.4,,,
2430083000000,1.4,1.5,,,
2430083000000,1.5,1.6,,,
2430083000000,1.6,1.7,,,
2430083000000,1.7,1.8,,,
2430083000000,1.8,1.9,,,
2430083000000,1.9,2,,,
2430083000000,2,2.1,,,
2430083000000,2.1,2.2,,,
2430083000000,2.2,2.3,,,
2430083000000,2.3,2.4,,,
2430083000000,2.4,2.5,,,
2430083000000,2.5,2.6,,,
2430083000000,2.6,2.7,,,
2430083000000,2.7,2.8,,,
2430083000000,2.8,2.9,,,
2430083000000,2.9,3,,,
2430083000000,3,3.1,,,
2430083000000,3.1,3.2,,,
2430083000000,3.2,3.3,,,
2430083000000,3.3,3.4,,,
2430083000000,3.4,3.5,,,
2430083000000,3.5,3.6,,,
2430083000000,3.6,3.7,,,
2430083000000,3.7,3.8,,,
2430083000000,3.8,3.9,,,
2430083000000,3.9,4,,,
2430083000000,4,4.1,,,
2430083000000,4.1,4.2,,,
2430083000000,4.2,4.3,,,
2430083000000,4.3,4.4,,,
2430083000000,4.4,4.5,,,
2430083000000,4.5,4.6,,,
2430083000000,4.6,4.7,,,
2430083000000,4.7,4.8,,,
2430083000000,4.8,4.9,,,
2430083000000,4.9,5,,,
2430083000000,5,5.1,,,
2430083000000,5.1,5.2,,,
2430083000000,5.2,5.3,,,
2430083000000,5.3,5.4,,,
2430083000000,5.4,5.5,,,
2430083000000,5.5,5.6,,,
2430083000000,5.6,5.7,,,
2430083000000,5.7,5.8,,,
2430083000000,5.8,5.9,,,
2430083000000,5.9,6,,,
2430083000000,6,6.1,,,
2430083000000,6.1,6.2,,,
2430083000000,6.2,6.3,,,
2430083000000,6.3,6.4,,,
2430083000000,6.4,6.42,,,
2430083000000,6.42,6.5,,,
2430083000000,6.5,6.6,,,
2430083000000,6.6,6.7,,,
2430083000000,6.7,6.8,,,
2430083000000,6.8,6.9,,,
2430083000000,6.9,7,,,
2430083000000,7,7.1,,,
2430083000000,7.1,7.2,,,
2430083000000,7.2,7.3,,,
2430083000000,7.3,7.4,,,
2430083000000,7.4,7.46,,,
2430083000000,7.94,8,,,
2430083000000,8,8.06,,,
2430083000000,14.092,14.1,,,
2430083000000,14.1,14.2,,,
2430083000000,14.2,14.3,,,
2430083000000,14.3,14.4,,,
2430083000000,14.4,14.5,,,
2430083000000,14.5,14.6,,,
2430083000000,14.6,14.7,,,
2430083000000,14.7,14.8,,,
2430083000000,14.8,14.9,,,
2430083000000,14.9,15,,,
2430083000000,15,15.1,,,
2430083000000,15.1,15.2,,,
2430083000000,15.2,15.3,,,
2430083000000,15.3,15.4,,,
2430083000000,15.4,15.5,,,
2430083000000,15.5,15.6,,,
2430083000000,15.6,15.7,,,
2430083000000,15.7,15.8,,,
2430083000000,15.8,15.9,,,
2430083000000,15.9,16,,,
2430083000000,16,16.1,,,
2430083000000,16.1,16.2,,,
2430083000000,16.2,16.3,,,
2430083000000,16.3,16.4,,,
2430083000000,16.4,16.5,,,
2430083000000,16.5,16.6,,,
2430083000000,16.6,16.7,,,
2430083000000,16.7,16.8,,,
2430083000000,16.8,16.9,,,
2430083000000,16.9,17,,,
2430083000000,17,17.1,,,
2430083000000,17.1,17.2,,,
2430083000000,17.2,17.3,,,
2430083000000,17.3,17.4,,,
2430083000000,17.4,17.5,,,
2430083000000,17.5,17.6,,,
2430083000000,17.6,17.7,,,
2430083000000,17.7,17.8,,,
2430083000000,17.8,17.9,,,
2430083000000,17.9,18,,,
2430083000000,18,18.01,,,
4730032000000,0,0.19,,,
4730032000000,0.19,2.67,,,
4730032000000,2.67,3.19,,,
4730032000000,3.19,3.26,,,
4730032000000,14.79,14.8,,,
4730032000000,14.8,14.9,,,
4730032000000,14.9,15,,,
4730032000000,15,15.1,,,
4730032000000,15.1,15.2,,,
4730032000000,15.2,15.3,,,
4730032000000,15.3,15.4,,,
4730032000000,15.4,15.5,,,
4730032000000,15.5,15.6,,,
4730032000000,15.6,15.7,,,
4730032000000,15.7,15.8,,,
4730032000000,15.8,15.9,,,
4730032000000,15.9,16,,,
4730032000000,16,16.09,,,
4730032000000,16.09,16.1,,,
4730032000000,16.1,16.2,,,
4730032000000,16.2,16.3,,,
4730032000000,16.3,16.4,,,
4730032000000,16.4,16.45,,,
3940003000000,4.6,7.27,,,
4140006020000,1.57,1.69,,,
01200330000EB,0,0.1,,,
01200330000EB,0.1,0.2,,,
01200330000EB,0.2,0.3,,,
01200330000EB,0.3,0.4,,,
01200330000EB,0.4,0.5,,,
01200330000EB,0.5,0.6,,,
01200330000EB,0.6,0.7,,,
01200330000EB,0.7,0.8,,,
01200330000EB,0.8,0.9,,,
01200330000EB,0.9,1,,,
01200330000EB,1,1.1,,,
01200330000EB,1.1,1.2,,,
01200330000EB,1.2,1.3,,,
01200330000EB,1.3,1.4,,,
01200330000EB,1.4,1.5,,,
01200330000EB,1.5,1.6,,,
01200330000EB,1.6,1.7,,,
01200330000EB,1.7,1.8,,,
01200330000EB,1.8,1.87,,,
19203400000NB,6.9,7,,,
19203400000NB,7,7.1,,,
19203400000NB,7.1,7.2,,,
19203400000NB,7.2,7.3,,,
19203400000NB,7.3,7.4,,,
19203400000NB,7.4,7.5,,,
19203400000NB,7.5,7.6,,,
19203400000NB,7.6,7.7,,,
19203400000NB,7.7,7.8,,,
19203400000NB,7.8,7.9,,,
19203400000NB,7.9,8,,,
19203400000NB,8,8.1,,,
19203400000NB,8.1,8.2,,,
19203400000NB,8.2,8.3,,,
19203400000NB,8.3,8.4,,,
19203400000NB,8.4,8.5,,,
19203400000NB,8.5,8.56,,,
19203400000NB,8.56,8.6,,,
19203400000NB,8.6,8.627,,,
19203400000NB,8.627,8.7,,,
19203400000NB,8.7,8.8,,,
19203400000NB,8.8,8.9,,,
19203400000NB,8.9,9,,,
19203400000NB,9,9.1,,,
19203400000NB,9.1,9.13,,,
19203400000NB,9.13,9.2,,,
19203400000NB,9.2,9.3,,,
19203400000NB,9.3,9.38,,,
19203400000NB,9.38,9.4,,,
19203400000NB,9.4,9.5,,,
19203400000NB,9.5,9.55,,,
19203400000NB,9.6,9.7,,,
19203400000NB,9.7,9.8,,,
19203400000NB,9.8,9.9,,,
19203400000NB,9.9,10,,,
19203400000NB,10,10.1,,,
19203400000NB,10.1,10.2,,,
19203400000NB,10.2,10.3,,,
19203400000NB,10.3,10.4,,,
19203400000NB,10.4,10.41,,,
19203400000NB,10.41,10.5,,,
19203400000NB,10.5,10.6,,,
19203400000NB,10.6,10.7,,,
19203400000NB,10.7,10.8,,,
19203400000NB,10.8,10.9,,,
19203400000NB,10.9,11,,,
19203400000NB,11,11.1,,,
19203400000NB,11.1,11.2,,,
19203400000NB,11.2,11.3,,,
19203400000NB,11.3,11.4,,,
19203400000NB,11.4,11.5,,,
19203400000NB,11.5,11.6,,,
19203400000NB,11.6,11.7,,,
19203400000NB,11.7,11.8,,,
19203400000NB,11.8,11.86,,,
19203400000NB,11.9,12,,,
19203400000NB,12,12.047,,,
19203400000NB,12.047,12.1,,,
19203400000NB,12.1,12.2,,,
19203400000NB,12.2,12.3,,,
19203400000NB,12.3,12.4,,,
19203400000NB,12.4,12.5,,,
19203400000NB,12.5,12.6,,,
19203400000NB,12.6,12.7,,,
19203400000NB,12.7,12.8,,,
19203400000NB,12.8,12.88,,,
19203400000NB,12.88,12.9,,,
19203400000NB,12.9,13,,,
19203400000NB,13,13.1,,,
19203400000NB,13.1,13.2,,,
19203400000NB,13.2,13.26,,,
19203400000NB,13.26,13.3,,,
19203400000NB,13.3,13.4,,,
19203400000NB,13.4,13.5,,,
19203400000NB,13.5,13.6,,,
19203400000NB,13.6,13.7,,,
19203400000NB,13.7,13.8,,,
19203400000NB,13.8,13.82,,,
19203400000NB,14.66,14.7,,,
19203400000NB,14.7,14.8,,,
19203400000NB,14.8,14.86,,,
19203400000NB,14.86,14.9,,,
19203400000NB,14.9,15,,,
19203400000NB,15,15.1,,,
19203400000NB,15.1,15.2,,,
19203400000NB,15.2,15.3,,,
19203400000NB,15.3,15.31,,,
05200220000EB,3.17,3.35,,,
05200220000EB,3.35,3.45,,,
05200220000EB,3.45,4.73,,,
05200220000EB,4.73,5.19,,,
05200220000EB,5.19,5.89,,,
13202190000NB,2.57,2.6,,,
13202190000NB,2.6,2.7,,,
13202190000NB,2.7,2.8,,,
13202190000NB,2.8,2.9,,,
13202190000NB,2.9,3,,,
13202190000NB,3,3.1,,,
13202190000NB,3.1,3.2,,,
13202190000NB,3.2,3.3,,,
13202190000NB,3.3,3.4,,,
13202190000NB,3.4,3.5,,,
13202190000NB,3.5,3.6,,,
13202190000NB,3.6,3.7,,,
13202190000NB,3.7,3.8,,,
13202190000NB,3.8,3.9,,,
13202190000NB,3.9,4,,,
13202190000NB,4,4.1,,,
13202190000NB,4.1,4.2,,,
13202190000NB,4.2,4.3,,,
13202190000NB,4.3,4.4,,,
13202190000NB,4.4,4.5,,,
13202190000NB,4.5,4.6,,,
13202190000NB,4.6,4.7,,,
13202190000NB,4.7,4.79,,,
13202190000NB,5.364,5.37,,,
13202190000NB,5.37,5.4,,,
13202190000NB,5.4,5.5,,,
13202190000NB,5.5,5.6,,,
13202190000NB,5.6,5.69,,,
13202190000NB,5.69,5.7,,,
13202190000NB,5.7,5.8,,,
13202190000NB,5.8,5.9,,,
13202190000NB,5.9,6,,,
13202190000NB,6,6.03,,,
13202190000NB,6.03,6.04,,,
13202190000NB,6.04,6.1,,,
13202190000NB,6.1,6.2,,,
13202190000NB,6.2,6.3,,,
13202190000NB,6.3,6.39,,,
13202190000NB,6.39,6.4,,,
13202190000NB,6.4,6.5,,,
13202190000NB,6.5,6.52,,,
13202190000NB,6.52,6.6,,,
13202190000NB,6.6,6.69,,,
13202190000NB,6.69,6.7,,,
13202190000NB,6.7,6.8,,,
13202190000NB,6.8,6.9,,,
13202190000NB,6.9,7,,,
13202190000NB,7,7.1,,,
13202190000NB,7.1,7.11,,,
13202190000NB,7.43,7.5,,,
13202190000NB,7.5,7.6,,,
13202190000NB,7.6,7.7,,,
13202190000NB,7.7,7.8,,,
13202190000NB,7.8,7.9,,,
13202190000NB,7.9,8,,,
13202190000NB,8,8.1,,,
13202190000NB,8.1,8.2,,,
13202190000NB,8.2,8.3,,,
13202190000NB,8.3,8.4,,,
13202190000NB,8.4,8.5,,,
13202190000NB,8.5,8.59,,,
13202190000NB,8.59,8.6,,,
13202190000NB,8.6,8.7,,,
13202190000NB,8.7,8.8,,,
13202190000NB,8.8,8.9,,,
13202190000NB,8.9,9,,,
13202190000NB,9,9.06,,,
13202190000NB,9.06,9.1,,,
13202190000NB,9.1,9.2,,,
13202190000NB,9.2,9.3,,,
13202190000NB,9.3,9.4,,,
13202190000NB,9.4,9.5,,,
13202190000NB,9.5,9.6,,,
13202190000NB,9.6,9.7,,,
13202190000NB,9.7,9.8,,,
13202190000NB,9.8,9.87,,,
13202190000NB,9.87,9.9,,,
13202190000NB,10.01,10.1,,,
13202190000NB,10.1,10.2,,,
13202190000NB,10.2,10.3,,,
13202190000NB,10.3,10.4,,,
13202190000NB,10.4,10.48,,,
13202190000NB,10.48,10.5,,,
13202190000NB,10.5,10.6,,,
13202190000NB,10.6,10.7,,,
13202190000NB,10.7,10.8,,,
13202190000NB,10.8,10.85,,,
13202190000NB,10.85,10.9,,,
13202190000NB,10.9,11,,,
13202190000NB,11,11.06,,,
13202190000NB,11.06,11.1,,,
13202190000NB,11.1,11.12,,,
13202190000NB,11.12,11.2,,,
13202190000NB,11.2,11.26,,,
13202190000NB,14.154,14.2,,,
13202190000NB,14.2,14.3,,,
13202190000NB,14.3,14.34,,,
13202190000NB,14.34,14.4,,,
13202190000NB,14.4,14.45,,,
13202190000NB,15.74,15.8,,,
13202190000NB,15.8,15.9,,,
13202190000NB,15.9,16,,,
13202190000NB,16,16.1,,,
13202190000NB,16.1,16.2,,,
13202190000NB,16.2,16.3,,,
13202190000NB,16.3,16.37,,,
13202190000NB,21.34,21.4,,,
13202190000NB,21.4,21.5,,,
13202190000NB,21.5,21.6,,,
13202190000NB,21.6,21.7,,,
13202190000NB,21.7,21.8,,,
13202190000NB,21.8,21.86,,,
13202190000NB,25.9,26,,,
13202190000NB,26,26.1,,,
13202190000NB,26.1,26.2,,,
13202190000NB,26.2,26.3,,,
13202190000NB,26.3,26.4,,,
13202190000NB,26.4,26.5,,,
13202190000NB,26.5,26.6,,,
13202190000NB,26.6,26.7,,,
13202190000NB,26.7,26.76,,,
13202190000NB,26.76,26.8,,,
13202190000NB,26.8,26.9,,,
13202190000NB,26.9,26.97,,,
13202190000NB,26.97,27,,,
13202190000NB,27,27.1,,,
13202190000NB,27.1,27.2,,,
13202190000NB,27.2,27.3,,,
13202190000NB,27.3,27.33,,,
13202190000NB,27.33,27.4,,,
13202190000NB,27.4,27.5,,,
13202190000NB,27.5,27.6,,,
13202190000NB,27.6,27.7,,,
13202190000NB,27.7,27.8,,,
13202190000NB,27.8,27.9,,,
13202190000NB,27.9,28,,,
13202190000NB,28,28.1,,,
13202190000NB,28.1,28.2,,,
13202190000NB,28.2,28.3,,,
13202190000NB,28.3,28.4,,,
13202190000NB,28.4,28.5,,,
13202190000NB,28.5,28.6,,,
13202190000NB,28.6,28.7,,,
13202190000NB,28.7,28.8,,,
13202190000NB,28.8,28.9,,,
13202190000NB,28.9,29,,,
13202190000NB,29,29.1,,,
13202190000NB,29.1,29.2,,,
13202190000NB,29.2,29.3,,,
13202190000NB,29.3,29.4,,,
13202190000NB,29.4,29.5,,,
13202190000NB,29.5,29.6,,,
13202190000NB,29.6,29.7,,,
13202190000NB,29.7,29.72,,,
13202190000NB,29.72,29.8,,,
13202190000NB,29.8,29.9,,,
13202190000NB,29.9,30,,,
13202190000NB,30,30.1,,,
13202190000NB,30.1,30.2,,,
13202190000NB,30.2,30.3,,,
13202190000NB,30.3,30.4,,,
13202190000NB,30.4,30.5,,,
13202190000NB,30.5,30.6,,,
13202190000NB,30.6,30.7,,,
13202190000NB,30.7,30.8,,,
13202190000NB,30.8,30.9,,,
13202190000NB,30.9,31,,,
13202190000NB,31,31.1,,,
13202190000NB,31.1,31.2,,,
13202190000NB,31.2,31.3,,,
13202190000NB,31.3,31.4,,,
13202190000NB,31.4,31.5,,,
13202190000NB,31.5,31.56,,,
13202190000NB,31.56,31.6,,,
13202190000NB,31.6,31.7,,,
13202190000NB,31.7,31.8,,,
13202190000NB,31.8,31.9,,,
13202190000NB,31.9,32,,,
13202190000NB,32,32.1,,,
13202190000NB,32.1,32.2,,,
13202190000NB,32.2,32.3,,,
13202190000NB,32.3,32.4,,,
13202190000NB,32.4,32.5,,,
13202190000NB,32.5,32.6,,,
13202190000NB,32.6,32.7,,,
13202190000NB,32.7,32.8,,,
13202190000NB,32.8,32.9,,,
13202190000NB,32.9,33,,,
13202190000NB,33,33.1,,,
13202190000NB,33.1,33.2,,,
13202190000NB,33.2,33.3,,,
13202190000NB,33.3,33.4,,,
13202190000NB,33.4,33.5,,,
13202190000NB,33.5,33.6,,,
13202190000NB,33.6,33.7,,,
13202190000NB,33.7,33.8,,,
13202190000NB,33.8,33.9,,,
13202190000NB,33.9,34,,,
13202190000NB,34,34.1,,,
13202190000NB,34.1,34.2,,,
13202190000NB,34.2,34.22,,,
44200330000EB,4.33,5.61,,,
2640012000000,0.24,0.28,,,
4730093000000,0,0.1,,,
4730093000000,0.1,0.15,,,
4730093000000,0.15,0.2,,,
4730093000000,0.2,0.3,,,
4730093000000,0.3,0.4,,,
4730093000000,0.4,0.5,,,
4730093000000,0.5,0.6,,,
4730093000000,0.6,0.7,,,
4730093000000,0.7,0.8,,,
4730093000000,0.8,0.9,,,
4730093000000,0.9,0.91,,,
4730093000000,2.34,7.42,,,
2640002040000,0.26,0.38,,,
4140008010000,1.02,1.6,,,
4240031000000,0,1.81,,,
2440009000000,7.87,9.2,,,
20100640006EB,0,0.2,,,
20100640006EB,0.2,0.3,,,
20100770000NB,95.34,95.87,,,
20100770000NB,95.87,96.15,,,
20100770000NB,97.22,98.17,,,
20100770000NB,98.28,99.12,,,
20100770000NB,99.12,100.07,,,
20100770000NB,100.07,100.28,,,
20100770000NB,100.28,100.7,,,
20100770000NB,100.7,100.78,,,
20100770000NB,100.78,101,,,
20100770000NB,101,101.08,,,
20100770000NB,101.65,102.16,,,
20100770000NB,102.16,102.66,,,
20100770000NB,102.66,103.69,,,
20100770000NB,103.69,104.81,,,
20100770000NB,104.81,105.002,,,
20100770000NB,106.17,107.6,,,
20100770000NB,107.6,110.13,,,
20100770000NB,110.13,110.78,,,
20100770000NB,110.78,111.16,,,
20100770000NB,111.16,112.52,,,
20100770000NB,112.52,113.47,,,
20100770000NB,113.47,114.59,,,
20100770000NB,114.59,116.05,,,
20100770000NB,116.05,116.66,,,
27200350000NB,8.53,8.7,,,
27200350000NB,8.7,8.85,,,
27200350000NB,9.534,9.644,,,
27200350000NB,9.644,10.26,,,
27200350000NB,10.26,10.37,,,
27200350000NB,11.422,11.532,,,
27200350000NB,11.532,11.76,,,
27200350000NB,11.76,11.87,,,
27200350000NB,16.41,16.6,,,
27200350000NB,16.64,17.28,,,
27200350000NB,17.413,17.5,,,
27200350000NB,17.5,17.59,,,
27200350000NB,17.85,17.98,,,
27200350000NB,17.98,18.097,,,
27200350000NB,18.097,18.322,,,
27200350000NB,18.35,18.46,,,
27200350000NB,18.46,18.74,,,
3540004020000,0,0.34,,,
21100790000NB,83.55,83.6,,,
21100790000NB,83.6,83.7,,,
21100790000NB,83.7,83.8,,,
21100790000NB,83.8,83.9,,,
21100790000NB,83.9,84,,,
21100790000NB,84,84.1,,,
21100790000NB,84.1,84.2,,,
21100790000NB,84.2,84.3,,,
21100790000NB,84.3,84.4,,,
21100790000NB,84.4,84.5,,,
21100790000NB,84.5,84.6,,,
21100790000NB,84.6,84.7,,,
21100790000NB,84.7,84.8,,,
21100790000NB,84.8,84.9,,,
21100790000NB,84.9,85,,,
21100790000NB,85,85.1,,,
21100790000NB,85.1,85.2,,,
21100790000NB,85.2,85.3,,,
21100790000NB,85.3,85.4,,,
21100790000NB,85.4,85.5,,,
21100790000NB,85.5,85.6,,,
21100790000NB,85.6,85.7,,,
21100790000NB,85.7,85.8,,,
21100790000NB,85.8,85.9,,,
21100790000NB,85.9,86,,,
21100790000NB,86,86.1,,,
21100790000NB,86.1,86.2,,,
21100790000NB,86.2,86.3,,,
21100790000NB,86.3,86.4,,,
21100790000NB,86.4,86.5,,,
21100790000NB,86.5,86.6,,,
21100790000NB,86.6,86.7,,,
21100790000NB,86.7,86.8,,,
21100790000NB,86.8,86.9,,,
21100790000NB,86.9,87,,,
21100790000NB,87,87.1,,,
21100790000NB,87.1,87.2,,,
21100790000NB,87.2,87.3,,,
21100790000NB,87.3,87.4,,,
21100790000NB,87.4,87.45,,,
21100790000NB,87.45,87.5,,,
21100790000NB,87.5,87.6,,,
21100790000NB,87.6,87.7,,,
21100790000NB,87.7,87.8,,,
21100790000NB,87.8,87.9,,,
21100790000NB,87.9,88,,,
21100790000NB,88,88.1,,,
21100790000NB,88.1,88.2,,,
21100790000NB,88.2,88.3,,,
21100790000NB,88.3,88.4,,,
21100790000NB,88.4,88.5,,,
21100790000NB,88.5,88.6,,,
21100790000NB,88.6,88.7,,,
21100790000NB,88.7,88.8,,,
21100790000NB,88.8,88.9,,,
21100790000NB,88.9,89,,,
21100790000NB,89,89.1,,,
21100790000NB,89.1,89.2,,,
21100790000NB,89.2,89.3,,,
21100790000NB,89.3,89.4,,,
21100790000NB,89.4,89.5,,,
21100790000NB,89.5,89.6,,,
21100790000NB,89.6,89.7,,,
21100790000NB,89.7,89.8,,,
21100790000NB,89.8,89.9,,,
21100790000NB,89.9,90,,,
21100790000NB,90,90.1,,,
21100790000NB,90.1,90.2,,,
21100790000NB,90.2,90.3,,,
21100790000NB,90.3,90.4,,,
21100790000NB,90.4,90.5,,,
21100790000NB,90.5,90.6,,,
21100790000NB,90.6,90.7,,,
21100790000NB,90.7,90.77,,,
21100790000NB,90.77,90.8,,,
21100790000NB,90.8,90.82,,,
21100790000NB,90.82,90.9,,,
21100790000NB,90.9,90.92,,,
21100790000NB,90.92,91,,,
21100790000NB,91,91.1,,,
21100790000NB,91.1,91.2,,,
21100790000NB,91.2,91.3,,,
21100790000NB,91.3,91.4,,,
21100790000NB,91.4,91.5,,,
21100790000NB,91.5,91.6,,,
21100790000NB,91.6,91.7,,,
21100790000NB,91.7,91.8,,,
21100790000NB,91.8,91.9,,,
21100790000NB,91.9,92,,,
21100790000NB,92,92.1,,,
21100790000NB,92.1,92.2,,,
21100790000NB,92.2,92.3,,,
21100790000NB,92.3,92.4,,,
21100790000NB,92.4,92.5,,,
21100790000NB,92.5,92.6,,,
21100790000NB,92.6,92.7,,,
21100790000NB,92.7,92.8,,,
21100790000NB,92.8,92.9,,,
21100790000NB,92.9,93,,,
21100790000NB,93,93.1,,,
21100790000NB,93.1,93.2,,,
21100790000NB,93.2,93.3,,,
21100790000NB,93.3,93.4,,,
21100790000NB,93.4,93.5,,,
21100790000NB,93.5,93.6,,,
21100790000NB,93.6,93.7,,,
21100790000NB,93.7,93.8,,,
21100790000NB,93.8,93.9,,,
21100790000NB,93.9,94,,,
21100790000NB,94,94.1,,,
21100790000NB,94.1,94.2,,,
21100790000NB,94.2,94.3,,,
21100790000NB,94.3,94.4,,,
21100790000NB,94.4,94.5,,,
21100790000NB,94.5,94.6,,,
21100790000NB,94.6,94.7,,,
21100790000NB,94.7,94.8,,,
21100790000NB,94.8,94.9,,,
21100790000NB,94.9,95,,,
21100790000NB,95,95.1,,,
21100790000NB,95.1,95.2,,,
21100790000NB,95.2,95.3,,,
21100790000NB,95.3,95.4,,,
21100790000NB,95.4,95.5,,,
21100790000NB,95.5,95.6,,,
21100790000NB,95.6,95.7,,,
21100790000NB,95.7,95.73,,,
21100790000NB,95.73,95.8,,,
21100790000NB,95.8,95.82,,,
21100790000NB,95.82,95.9,,,
21100790000NB,95.9,96,,,
21100790000NB,96,96.1,,,
21100790000NB,96.1,96.17,,,
21100790000NB,96.17,96.2,,,
21100790000NB,96.2,96.3,,,
21100790000NB,96.3,96.4,,,
21100790000NB,96.4,96.5,,,
21100790000NB,96.5,96.6,,,
21100790000NB,96.6,96.7,,,
21100790000NB,96.7,96.8,,,
21100790000NB,96.8,96.9,,,
21100790000NB,96.9,97,,,
21100790000NB,97,97.1,,,
21100790000NB,97.1,97.13,,,
21100790000NB,97.13,97.2,,,
21100790000NB,97.2,97.3,,,
21100790000NB,97.3,97.4,,,
21100790000NB,97.4,97.5,,,
21100790000NB,97.5,97.6,,,
21100790000NB,97.6,97.7,,,
21100790000NB,97.7,97.8,,,
21100790000NB,97.8,97.9,,,
21100790000NB,97.9,98,,,
21100790000NB,98,98.1,,,
21100790000NB,98.1,98.2,,,
21100790000NB,98.2,98.287,,,
21100790000NB,98.4,98.5,,,
21100790000NB,98.5,98.6,,,
21100790000NB,98.6,98.63,,,
21100790000NB,98.63,98.7,,,
21100790000NB,98.7,98.8,,,
21100790000NB,98.8,98.9,,,
21100790000NB,98.9,98.925,,,
21100790000NB,100.39,100.4,,,
21100790000NB,100.4,100.5,,,
21100790000NB,100.5,100.6,,,
21100790000NB,100.6,100.7,,,
21100790000NB,100.7,100.8,,,
21100790000NB,100.8,100.9,,,
21100790000NB,100.9,101,,,
21100790000NB,101,101.1,,,
21100790000NB,101.1,101.2,,,
21100790000NB,101.2,101.3,,,
21100790000NB,101.3,101.4,,,
21100790000NB,101.4,101.5,,,
21100790000NB,101.5,101.6,,,
21100790000NB,101.6,101.69,,,
21100790000NB,101.69,101.7,,,
21100790000NB,101.7,101.8,,,
21100790000NB,101.8,101.9,,,
21100790000NB,101.9,102,,,
21100790000NB,102,102.1,,,
21100790000NB,102.1,102.2,,,
21100790000NB,102.2,102.3,,,
21100790000NB,102.3,102.4,,,
21100790000NB,102.4,102.5,,,
21100790000NB,102.5,102.6,,,
21100790000NB,102.6,102.7,,,
21100790000NB,102.7,102.8,,,
21100790000NB,102.8,102.9,,,
21100790000NB,102.9,103,,,
21100790000NB,103,103.1,,,
21100790000NB,103.1,103.2,,,
21100790000NB,103.2,103.3,,,
21100790000NB,103.3,103.4,,,
21100790000NB,103.4,103.5,,,
21100790000NB,103.5,103.6,,,
21100790000NB,103.6,103.7,,,
21100790000NB,103.7,103.8,,,
21100790000NB,103.8,103.9,,,
21100790000NB,103.9,104,,,
21100790000NB,104,104.1,,,
21100790000NB,104.1,104.15,,,
21100790000NB,104.15,104.2,,,
21100790000NB,104.2,104.3,,,
21100790000NB,104.3,104.4,,,
21100790000NB,104.4,104.5,,,
21100790000NB,104.5,104.6,,,
21100790000NB,104.6,104.69,,,
21100790000NB,104.69,104.7,,,
21100790000NB,104.7,104.8,,,
21100790000NB,104.8,104.9,,,
21100790000NB,104.9,105,,,
21100790000NB,105,105.1,,,
21100790000NB,105.1,105.2,,,
21100790000NB,105.2,105.3,,,
21100790000NB,105.3,105.4,,,
21100790000NB,105.4,105.5,,,
21100790000NB,105.5,105.6,,,
21100790000NB,105.6,105.7,,,
21100790000NB,105.7,105.8,,,
21100790000NB,105.8,105.9,,,
21100790000NB,105.9,106,,,
21100790000NB,106,106.1,,,
21100790000NB,106.1,106.2,,,
21100790000NB,106.2,106.3,,,
21100790000NB,106.3,106.4,,,
21100790000NB,106.4,106.42,,,
2840014000000,0,0.63,,,
4130041000000,0,0.71,,,
4130041000000,1.85,1.9,,,
4130041000000,1.9,1.99,,,
4130041000000,1.99,2,,,
4130041000000,2,2.1,,,
4130041000000,2.1,2.19,,,
1540105010000,0,0.34,,,
0140011000000,3.05,3.78,,,
5130015000000,6.3,8.48,,,
