StateID|DataYear|RouteID|BeginPoint|EndPoint|SampleId|Comments
54|2024|41100640000EB|120.69|122.62|410640012069|New 2024
54|2024|41100640000EB|122.71|123.18|410640012271|New 2024
54|2024|41100640000EB|126.65|127.58|410640012665|New 2024
54|2024|2730002000000|29.27|35.98|270002002927|New 2024
54|2024|0830036000000|2.48|4.2|080360000248|Same as 2023
54|2024|20100770023NB|0|1.02|20077C000000|Same as 2023
54|2024|4970764001900|0|0.39|490076400000|Same as 2023
54|2024|2974002001900|0|0.39|290400200000|Same as 2023
54|2024|1540011020000|0|0.57|150110200000|Same as 2023
54|2024|1540011020000|0.57|2.75|150110200570|Same as 2023
54|2024|1540011020000|2.75|2.78|150011020275|Same as 2023
54|2024|35104700000EB|0|0.98|354700000000|Same as 2023
54|2024|3030065000000|10.03|11.05|300650001003|Same as 2023
54|2024|4130061000000|2.604|3.29|410610002604|Same as 2023
54|2024|31100790000NB|142.37|143.81|310790014237|Same as 2023
54|2024|31100790000NB|143.81|145.2|310790014381|Same as 2023
54|2024|31100790000NB|145.2|145.65|310790014520|Same as 2023
54|2024|31100790000NB|145.65|147.85|310790014565|Same as 2023
54|2024|31100790000NB|147.85|148.022|310790014785|Same as 2023
54|2024|31100790000NB|148.66|149.05|310790014866|Same as 2023
54|2024|31100790000NB|149.38|149.68|310790014938|Same as 2023
54|2024|31100790000NB|150.74|151.07|310790015074|Same as 2023
54|2024|31100790000NB|152.92|156.983|310790015292|Same as 2023
54|2024|31100790000NB|157|160.52|310790015700|Same as 2023
54|2024|0640052030000|0|0.22|060520300000|Same as 2023
54|2024|2040060750000|0|0.09|200607500000|Same as 2023
54|2024|5440014160000|0.18|0.86|540141600019|Same as 2023
54|2024|5440014160000|0.86|1.23|540141600086|Same as 2023
54|2024|5440014160000|2.89|3.83|540141600289|Same as 2023
54|2024|0440032000000|6.27|6.5|040320000627|Same as 2023
54|2024|1740025120000|0.27|0.64|170251200027|Same as 2023
54|2024|4170034001900|0.17|0.38|410003400017|Same as 2023
54|2024|2540072000000|1.02|1.79|250720000102|Same as 2023
54|2024|2540072000000|2.07|2.67|250720000207|Same as 2023
54|2024|35202500010SB|0|0.64|35250SB00000|Same as 2023
54|2024|0673313001900|0|0.17|060331300000|Same as 2023
54|2024|4140008010000|1.02|1.6|410080100102|Same as 2023
54|2024|0630527000000|0.89|0.98|065270000088|Same as 2023
54|2024|2830020000000|4.23|5.2|280200000423|Same as 2023
54|2024|2830020000000|10.32|11.4|280200001032|Same as 2023
54|2024|2830020000000|12.05|12.78|280200001205|Same as 2023
54|2024|2540054000000|0|0.183|250540000000|Same as 2023
54|2024|1740031000000|0.5|1.45|170310000050|Same as 2023
54|2024|1771754001900|0.18|0.47|170175400018|Same as 2023
54|2024|1771754001900|0.47|0.57|170175400047|Same as 2023
54|2024|3540039000000|0.01|0.42|350390000001|Same as 2023
54|2024|3540039000000|0.42|1.56|350390000042|Same as 2023
54|2024|3540039000000|1.56|2.05|350390000156|Same as 2023
54|2024|5530097000000|21.56|22.26|550970002156|Same as 2023
54|2024|5530097000000|22.83|23.2|550970002283|Same as 2023
54|2024|5530097000000|28.09|32.88|550970002809|Same as 2023
54|2024|1940031000000|0|0.029|190310000000|Same as 2023
54|2024|06200600001EB|0|0.39|06060A000000|Same as 2023
54|2024|1540016000000|1.05|1.126|150160001050|Same as 2023
54|2024|23200520000EB|0|0.43|230520000000|Same as 2023
54|2024|5430047000000|0.45|0.56|540470000045|Same as 2023
54|2024|1940017040000|0.63|0.92|190170400630|Same as 2023
54|2024|2340012040000|0.1|0.14|230120400100|New 2024
54|2024|19203400000NB|6.9|8.56|193400000690|Same as 2023
54|2024|19203400000NB|8.56|9.13|193400000856|Same as 2023
54|2024|19203400000NB|9.13|9.55|193400000913|Same as 2023
54|2024|19203400000NB|9.55|10.41|193400000955|Same as 2023
54|2024|19203400000NB|10.41|11.86|193400001041|Same as 2023
54|2024|19203400000NB|11.9|12.047|193400001190|Same as 2023
54|2024|19203400000NB|12.047|12.88|193400001205|Same as 2023
54|2024|19203400000NB|12.88|13.26|193400001288|Same as 2023
54|2024|19203400000NB|13.26|13.82|193400001326|Same as 2023
54|2024|19203400000NB|14.66|14.86|193400001466|Same as 2023
54|2024|19203400000NB|14.86|15.31|193400001486|Same as 2023
54|2024|0130076000000|1.75|6.62|010760000175|Same as 2023
54|2024|5330014000000|19.34|20.71|530140001934|Same as 2023
54|2024|13100640000EB|147.93|149.84|130640014793|Same as 2023
54|2024|13100640000EB|149.84|156.18|130640014984|Same as 2023
54|2024|13100640000EB|156.18|161.46|130640015618|Same as 2023
54|2024|13100640000EB|161.46|165.95|130640016146|Same as 2023
54|2024|13100640000EB|165.95|168.89|130640016595|Same as 2023
54|2024|13100640000EB|168.96|170.09|130640016896|Same as 2023
54|2024|13100640000EB|170.09|170.23|130640017009|Same as 2023
54|2024|13100640000EB|172.62|174.1|130640017262|Same as 2023
54|2024|13100640000EB|174.1|175.31|130640017410|Same as 2023
54|2024|13100640000EB|175.31|176.16|130640017531|Same as 2023
54|2024|13100640000EB|176.16|178.43|130640017616|Same as 2023
54|2024|13100640000EB|178.43|181.12|130640017843|Same as 2023
54|2024|13100640000EB|181.12|182.02|130640018112|Same as 2023
54|2024|13100640000EB|182.02|184.02|130640018202|Same as 2023
54|2024|5040003010000|0.09|0.65|500030100009|Same as 2023
54|2024|5040003010000|0.65|0.68|500030100065|Same as 2023
54|2024|2540031010000|1.72|2.03|250310100172|Same as 2023
54|2024|3140061040000|0|0.25|310061040000|Same as 2023
54|2024|3140061040000|0.45|0.91|310610400045|Same as 2023
54|2024|11200330000EB|0|0.59|110330000000|Same as 2023
54|2024|11200330000EB|1.12|1.39|110330000112|Same as 2023
54|2024|11200330000EB|1.39|1.96|110330000139|Same as 2023
54|2024|11200330000EB|2.2|6.44|110330000220|Same as 2023
54|2024|11200330000EB|17.3|17.82|110330001730|Same as 2023
54|2024|11200330000EB|18.2|19.62|110330001820|Same as 2023
54|2024|11200330000EB|19.62|22.18|110330001962|Same as 2023
54|2024|11200330000EB|22.28|25.09|110330002228|Same as 2023
54|2024|11200330000EB|25.09|26.73|110330002509|Same as 2023
54|2024|3540005000000|0|1.47|350050000000|Same as 2023
54|2024|0274268001900|0|0.48|020426800000|Same as 2023
54|2024|4140009000000|5.28|5.54|410090000528|Same as 2023
54|2024|4030034000000|14.57|14.97|400340001457|Same as 2023
54|2024|4030034000000|15.27|15.39|400340001527|Same as 2023
54|2024|4030034000000|15.39|15.68|400340001539|Same as 2023
54|2024|4030034000000|15.68|17.018|400340001568|Same as 2023
54|2024|4030034000000|17.018|17.081|400340001702|Same as 2023
54|2024|4030034000000|17.081|18.41|400034017081|Same as 2023
54|2024|4030034000000|18.41|19.87|400340001841|Same as 2023
54|2024|5440014140000|0|0.66|540141400000|Same as 2023
54|2024|1740025060000|2.98|5.26|170250600298|Same as 2023
54|2024|1740011000000|0|1.14|170110000000|Same as 2023
54|2024|1740011000000|1.14|2.3|170110001140|Same as 2023
54|2024|1740011000000|4.24|4.7|170110000424|Same as 2023
54|2024|1740011000000|4.7|5.24|170110004700|Same as 2023
54|2024|3130043000000|0|2.65|310430000000|Same as 2023
54|2024|3130043000000|2.65|3.582|310430000265|Same as 2023
54|2024|3130043000000|3.582|4.03|310043003582|Same as 2023
54|2024|1771761001900|0|0.26|170176100000|Same as 2023
54|2024|1771761001900|0.31|0.61|170176100031|Same as 2023
54|2024|1030061000000|0|1.12|100610000000|Same as 2023
54|2024|1030061000000|8.74|9.33|100610000874|Same as 2023
54|2024|1030061000000|22.53|25.56|100610002253|Same as 2023
54|2024|10100770016NB|52.58|53.06|100770005258|Same as 2023
54|2024|10100770016NB|53.06|54.13|100770005306|Same as 2023
54|2024|10100770016NB|54.13|55.02|100770005413|Same as 2023
54|2024|10100770016NB|55.02|58.32|100770005502|Same as 2023
54|2024|10100770016NB|58.32|59.62|100770005832|Same as 2023
54|2024|10100770016NB|59.62|61.6|100770005962|Same as 2023
54|2024|10100770016NB|62.73|66.15|100770006273|Same as 2023
54|2024|10100770016NB|66.15|67.21|100770006615|Same as 2023
54|2024|1771769001900|1.44|1.528|170176901440|New 2024
54|2024|1771769001900|1.528|1.57|170176901528|New 2024
54|2024|4272254001900|0|0.3|420225400000|Same as 2023
54|2024|2040039000000|7.15|8.83|200390000715|Same as 2023
54|2024|4930020000000|22.87|23.54|490200002287|Same as 2023
54|2024|3540088020000|0|0.57|350880200000|Same as 2023
54|2024|5440030000000|0|0.98|540300000000|Same as 2023
54|2024|2140013000000|0|0.4|210130000000|Same as 2023
54|2024|3578280001900|0|0.4|350828000000|Same as 2023
54|2024|5475770001900|0.43|1.04|540577000043|Same as 2023
54|2024|2040028000000|4.95|5.91|200280000495|Same as 2023
54|2024|2040028000000|5.91|7.37|200280000591|Same as 2023
54|2024|2040060280000|0|0.55|200602800000|Same as 2023
54|2024|3540003000000|0|1.17|350030000000|Same as 2023
54|2024|19203400005SB|0|0.17|19340S000000|Same as 2023
54|2024|19203400005SB|0.17|0.37|190340S00017|Same as 2023
54|2024|19203400005SB|0.371|0.6|190340S00371|Same as 2023
54|2024|41200190023EB|0|0.033|41019C000000|Same as 2023
54|2024|41200190023EB|0.033|0.034|41019C000003|Same as 2023
54|2024|41200190023EB|1.1|1.36|410190001100|Same as 2023
54|2024|3140057000000|1.21|1.33|310570000121|Same as 2023
54|2024|4040046000000|0|2.29|400460000000|Same as 2023
54|2024|4040046000000|2.55|3.42|400460000255|Same as 2023
54|2024|3930072000000|18.42|20.44|390720001842|Same as 2023
54|2024|5130015000000|6.3|8.48|510150000630|Same as 2023
54|2024|3578261001900|0|0.39|350826100000|Same as 2023
54|2024|2640088120000|0.37|0.52|260881200037|Same as 2023
54|2024|2877019001900|0|0.13|280701900000|Same as 2023
54|2024|2877019001900|0.13|0.38|280701900130|New 2024
54|2024|4140006020000|1.57|1.69|410060201570|Same as 2023
54|2024|41100640007WB|0|0.45|41064W000000|Same as 2023
54|2024|1040009000000|4.52|4.528|100090000452|Same as 2023
54|2024|1540005000000|1.86|3.674|150050000185|Same as 2023
54|2024|1540005000000|3.674|3.76|150050003674|New 2024
54|2024|05200220000EB|3.17|3.35|050220000317|Same as 2023
54|2024|05200220000EB|3.35|3.45|050220000335|Same as 2023
54|2024|05200220000EB|3.45|4.73|050220000345|Same as 2023
54|2024|05200220000EB|4.73|5.19|050220000473|Same as 2023
54|2024|05200220000EB|5.19|5.89|050220000519|Same as 2023
54|2024|2071069001900|0|0.22|200106900000|Same as 2023
54|2024|5275501001900|0.07|0.22|520550100007|Same as 2023
54|2024|5275501001900|0.93|1.07|520550100093|Same as 2023
54|2024|4140006090000|0.6|1.37|410060900060|Same as 2023
54|2024|41200190014NB|0|2.7|41019BP00000|Same as 2023
54|2024|33205220000NB|0|6.35|335220000000|Same as 2023
54|2024|33205220000NB|6.35|7.81|335220000635|Same as 2023
54|2024|33205220000NB|12.67|13.11|335220001267|Same as 2023
54|2024|33205220000NB|14.68|15.97|335220001468|Same as 2023
54|2024|2540064010000|0.78|0.82|250640100780|New 2024
54|2024|2540250320000|2.05|2.49|252503200205|Same as 2023
54|2024|18100770000NB|117.5|119.26|180770011750|Same as 2023
54|2024|18100770000NB|119.26|119.91|180770011926|Same as 2023
54|2024|18100770000NB|119.91|120.71|180770011991|Same as 2023
54|2024|18100770000NB|120.71|122.73|180770012071|Same as 2023
54|2024|18100770000NB|122.73|124.92|180770012273|Same as 2023
54|2024|18100770000NB|124.92|126.39|180770012492|Same as 2023
54|2024|18100770000NB|126.39|128.33|180770012639|Same as 2023
54|2024|18100770000NB|128.33|132.44|180770012833|Same as 2023
54|2024|18100770000NB|132.44|137.74|180770013244|Same as 2023
54|2024|18100770000NB|137.74|138.83|180770013774|Same as 2023
54|2024|18100770000NB|138.83|145.99|180770013883|Same as 2023
54|2024|18100770000NB|145.99|150.45|180770014599|Same as 2023
54|2024|18100770000NB|150.45|153.79|180770015045|Same as 2023
54|2024|18100770000NB|153.79|154.41|180770015379|Same as 2023
54|2024|18100770000NB|154.41|156.01|180770015441|Same as 2023
54|2024|18100770000NB|156.01|156.99|180770015601|Same as 2023
54|2024|20300610005SB|0|0.05|20061S000000|Same as 2023
54|2024|1740019570000|0|0.49|170195700000|Same as 2023
54|2024|3174764001900|0.81|1.02|310476400081|Same as 2023
54|2024|3940003000000|4.6|7.27|390030000460|Same as 2023
54|2024|5240003000000|0.15|0.28|520030000015|Same as 2023
54|2024|06200520000EB|0.01|0.33|060520000001|Same as 2023
54|2024|06200520000EB|0.33|0.45|060520000033|Same as 2023
54|2024|06200520000EB|0.75|1.01|060520000075|Same as 2023
54|2024|1230028000000|3.35|4.76|120280000335|Same as 2023
54|2024|1230028000000|8.23|12.58|120280000823|Same as 2023
54|2024|1230028000000|12.58|12.95|120280001258|Same as 2023
54|2024|1230028000000|13.03|13.38|120280001303|Same as 2023
54|2024|4674200001900|0|1.05|460420000000|Same as 2023
54|2024|5275515001900|0|0.22|520551500000|Same as 2023
54|2024|0673295001900|0|1.08|060329500000|Same as 2023
54|2024|2540250500000|0|0.39|252505000000|New 2024
54|2024|35202500005SB|0|0.36|35250S000000|Same as 2023
54|2024|20100770000NB|97.22|98.17|200770009722|Same as 2023
54|2024|20100770000NB|99.12|100.07|200770009912|Same as 2023
54|2024|20100770000NB|100.07|100.28|200770010007|Same as 2023
54|2024|20100770000NB|101.65|102.16|200770010165|Same as 2023
54|2024|20100770000NB|102.66|103.69|200770010266|Same as 2023
54|2024|20100770000NB|103.69|104.81|200770010369|Same as 2023
54|2024|20100770000NB|104.81|105.002|200770010481|Same as 2023
54|2024|20100770000NB|106.17|107.6|200770010617|Same as 2023
54|2024|20100770000NB|107.6|110.13|200770010760|Same as 2023
54|2024|20100770000NB|110.13|110.78|200770011013|Same as 2023
54|2024|20100770000NB|110.78|111.16|200770011078|Same as 2023
54|2024|20100770000NB|111.16|112.52|200770011116|Same as 2023
54|2024|20100770000NB|112.52|113.47|200770011252|Same as 2023
54|2024|20100770000NB|113.47|114.59|200770011347|Same as 2023
54|2024|20100770000NB|114.59|116.05|200770011459|Same as 2023
54|2024|20100770000NB|116.05|116.66|200770011605|Same as 2023
54|2024|20100770000NB|116.66|117.5|200770011666|Same as 2023
54|2024|2330044000000|16.02|17.07|230440001602|Same as 2023
54|2024|28100770000NB|0.69|2.56|280770000069|Same as 2023
54|2024|28100770000NB|2.56|5.12|280770000256|Same as 2023
54|2024|1540011030000|0.06|0.352|150110300060|Same as 2023
54|2024|0340005000000|5.42|6.96|030050000542|Same as 2023
54|2024|0340005000000|15.1|17.57|030050001510|Same as 2023
54|2024|3140061010000|0|0.37|310610100000|Same as 2023
54|2024|3140061010000|0.41|0.52|310610100041|Same as 2023
54|2024|0630193000000|0.46|3.55|061930000046|Same as 2023
54|2024|1040061280000|0|0.59|100612800000|Same as 2023
54|2024|02100810000NB|0|1.39|020810000000|Same as 2023
54|2024|02100810000NB|1.39|6.27|020810000139|Same as 2023
54|2024|02100810000NB|11.63|13.54|020810001163|Same as 2023
54|2024|02100810000NB|13.54|14.26|020810001354|Same as 2023
54|2024|02100810000NB|14.26|15.22|020810001426|Same as 2023
54|2024|02100810000NB|15.22|15.62|020810001522|Same as 2023
54|2024|02100810000NB|15.62|15.95|020810001562|Same as 2023
54|2024|02100810000NB|15.95|16.23|020810001595|Same as 2023
54|2024|02100810000NB|16.23|17.3|020810001623|Same as 2023
54|2024|02100810000NB|17.3|18.13|020810001730|Same as 2023
54|2024|02100810000NB|18.13|20.37|020810001813|Same as 2023
54|2024|02100810000NB|20.37|23|020810002037|Same as 2023
54|2024|02100810000NB|23|23.46|020810002300|Same as 2023
54|2024|02100810000NB|23.46|24.53|020810002346|Same as 2023
54|2024|02100810000NB|24.53|26|020810002453|Same as 2023
54|2024|3140073730000|0|0.58|310737300000|Same as 2023
54|2024|52300070006EB|0|0.1|52007E000000|Same as 2023
54|2024|52300070006EB|0.1|0.27|52007E000010|Same as 2023
54|2024|2840014000000|0|0.63|280140000000|Same as 2023
54|2024|3174807001900|0|0.4|310480700000|Same as 2023
54|2024|4940012010000|0|0.02|490120100000|Same as 2023
54|2024|5475759001900|0|0.48|540575900000|Same as 2023
54|2024|0673274001900|1.46|1.56|060327400146|Same as 2023
54|2024|4330016000000|1.45|3.62|430160000145|Same as 2023
54|2024|4330016000000|19.02|21.98|430160001902|Same as 2023
54|2024|3140067010000|0|0.65|310670100000|Same as 2023
54|2024|2030601000000|0|0.95|206010000000|Same as 2023
54|2024|2071062001900|0|1.38|200106200000|Same as 2023
54|2024|0630002000000|0.1|0.21|060020000010|Same as 2023
54|2024|0630002000000|9.98|10.08|060020000998|Same as 2023
54|2024|0630002000000|14.38|17.99|060020001438|Same as 2023
54|2024|40200350000NB|0.29|0.65|400350000029|Same as 2023
54|2024|40200350000NB|1.36|1.6|400350000136|Same as 2023
54|2024|40200350000NB|1.64|2.06|400350000164|Same as 2023
54|2024|40200350000NB|2.1|2.532|400350000210|Same as 2023
54|2024|3730002000000|3.71|4.75|370020000371|Same as 2023
54|2024|3730002000000|5.72|6.86|370020000572|Same as 2023
54|2024|3730002000000|10.51|10.84|370020001051|Same as 2023
54|2024|3730002000000|14.95|17.49|370020001495|Same as 2023
54|2024|5475769001900|0|0.34|540576900000|Same as 2023
54|2024|28200190000NB|1.316|1.32|280190001316|New 2024
54|2024|28200190000NB|1.32|2.088|280190001320|New 2024
54|2024|28200190000NB|2.88|3.87|280190000288|Same as 2023
54|2024|28200190000NB|6.01|7.44|280190000601|Same as 2023
54|2024|28200190000NB|10.69|11.63|280190001076|Same as 2023
54|2024|0240011130000|0.28|0.41|020111300028|Same as 2023
54|2024|0240011130000|0.41|0.55|020111300041|Same as 2023
54|2024|21100790000NB|83.55|87.45|210790008355|Same as 2023
54|2024|21100790000NB|87.45|90.82|210790008745|Same as 2023
54|2024|21100790000NB|90.82|96.17|210790009082|Same as 2023
54|2024|21100790000NB|96.17|97.13|210790009617|Same as 2023
54|2024|21100790000NB|97.13|98.287|210790009713|Same as 2023
54|2024|21100790000NB|98.4|98.63|210790009840|Same as 2023
54|2024|21100790000NB|98.63|98.925|210790009863|Same as 2023
54|2024|21100790000NB|100.39|101.69|210790010039|Same as 2023
54|2024|21100790000NB|101.69|104.15|210790010169|Same as 2023
54|2024|21100790000NB|104.15|104.69|210790010415|Same as 2023
54|2024|21100790000NB|104.69|106.42|210790010469|Same as 2023
54|2024|3174771001900|0.3|0.65|310477100030|Same as 2023
54|2024|5430002000000|25.29|26.21|540020025290|New 2024
54|2024|5430002000000|26.21|26.795|540020026210|New 2024
54|2024|50200520000EB|5.8|6.51|500520000580|Same as 2023
54|2024|50200520000EB|29.12|31.4|500520002912|Same as 2023
54|2024|55200520000EB|0|1.4|550520000000|Same as 2023
54|2024|55200520000EB|4.78|7.65|550520000478|Same as 2023
54|2024|55200520000EB|7.65|8.34|550520000765|Same as 2023
54|2024|26202500000NB|0|3.56|262500000000|Same as 2023
54|2024|26202500000NB|3.56|4.01|262500000356|Same as 2023
54|2024|26202500000NB|4.01|4.62|262500000401|Same as 2023
54|2024|26202500000NB|4.65|7.1|262500000465|Same as 2023
54|2024|26202500000NB|7.1|8.07|262500000710|Same as 2023
54|2024|26202500000NB|8.07|9.79|262500000807|Same as 2023
54|2024|26202500000NB|9.79|10.67|262500000979|Same as 2023
54|2024|26202500000NB|11.65|12.35|262500001165|Same as 2023
54|2024|26202500000NB|12.47|13.37|262500001247|Same as 2023
54|2024|26202500000NB|13.4|15.31|262500001340|Same as 2023
54|2024|26202500000NB|23.89|24.64|262500002389|Same as 2023
54|2024|26202500000NB|28.49|29.07|262500002849|Same as 2023
54|2024|26202500000NB|29.07|29.71|262500002907|Same as 2023
54|2024|26202500000NB|29.71|30.09|262500002971|Same as 2023
54|2024|26202500000NB|30.09|30.92|262500003009|Same as 2023
54|2024|26202500000NB|31.63|31.73|262500003163|Same as 2023
54|2024|26202500000NB|36.47|36.69|260250003647|Same as 2023
54|2024|26202500000NB|38.92|39.2|262500003892|Same as 2023
54|2024|4240219420000|0|0.21|422194200000|Same as 2023
54|2024|3140060020000|0|0.26|310600200000|Same as 2023
54|2024|2640054000000|7.086|7.71|260540007086|Same as 2023
54|2024|0274256001900|0|0.66|020425600000|Same as 2023
54|2024|2040006150000|0|0.04|200061500000|Same as 2023
54|2024|2040006150000|0.12|0.17|200061500012|Same as 2023
54|2024|2640001000000|0|0.44|260010000000|Same as 2023
54|2024|2640001000000|0.49|0.6|260010000049|Same as 2023
54|2024|2640001000000|0.6|1.209|260010000060|Same as 2023
54|2024|4040025020000|0.28|0.38|400250200028|Same as 2023
54|2024|4040025020000|0.38|0.52|400250200038|Same as 2023
54|2024|2930028000000|7.69|9.22|290280000769|Same as 2023
54|2024|2930028000000|11.868|11.93|290028011868|Same as 2023
54|2024|2930028000000|11.93|12.86|290280001193|Same as 2023
54|2024|2930028000000|12.86|13.545|290280001286|Same as 2023
54|2024|4140001000000|1.95|3.4|410010001950|Same as 2023
54|2024|4140001000000|3.4|4.14|410010003400|Same as 2023
54|2024|3140060000000|0|0.85|310600000000|Same as 2023
54|2024|3140060000000|0.85|1.75|310600000085|Same as 2023
54|2024|49200330000EB|0|0.64|490330000000|Same as 2023
54|2024|49200330000EB|1.22|2.51|490330000122|Same as 2023
54|2024|49200330000EB|2.51|4|490330000251|Same as 2023
54|2024|49200330000EB|4|4.35|490330000400|Same as 2023
54|2024|49200330000EB|5.37|7.192|490330000537|Same as 2023
54|2024|49200330000EB|8.31|10.87|490330000831|Same as 2023
54|2024|2540250550000|0.045|0.29|252505500045|Same as 2023
54|2024|0577278001900|0|0.16|050727800000|Same as 2023
54|2024|46201190000NB|6.05|6.54|461190000605|Same as 2023
54|2024|46201190000NB|8.59|9.32|461190000859|Same as 2023
54|2024|0240012000000|0|1.29|020120000000|Same as 2023
54|2024|4040050000000|13.38|14.06|400500001338|Same as 2023
54|2024|3540013000000|0|0.99|350130000000|Same as 2023
54|2024|1740024060000|0.29|0.6|170240600029|Same as 2023
54|2024|3140082000000|0|1.88|310820000000|Same as 2023
54|2024|28200520004NB|0|0.22|28052N000000|Same as 2023
54|2024|3140064000000|0|0.38|310640000000|Same as 2023
54|2024|09200500000EB|0|3.98|090500000000|Same as 2023
54|2024|09200500000EB|3.98|5.61|090500000398|Same as 2023
54|2024|09200500000EB|5.63|6.54|090500000563|Same as 2023
54|2024|09200500000EB|8.26|8.8|090500000826|Same as 2023
54|2024|09200500000EB|8.8|9.75|090500000880|Same as 2023
54|2024|09200500000EB|9.75|11.01|090500000975|Same as 2023
54|2024|09200500000EB|11.43|12.1|090500011430|Same as 2023
54|2024|09200500000EB|12.1|12.96|090500012100|Same as 2023
54|2024|09200500000EB|17.75|18.87|090500001775|Same as 2023
54|2024|4130307000000|4.55|5.59|413070000455|Same as 2023
54|2024|4130307000000|7.42|8.45|413070000742|Same as 2023
54|2024|5475780001900|0|0.12|540578000000|Same as 2023
54|2024|0640013000000|0.02|0.42|060130000002|Same as 2023
54|2024|2830598000000|0|2.13|285980000000|Same as 2023
54|2024|2830598000000|2.4|2.59|285980000240|Same as 2023
54|2024|2830598000000|2.59|2.98|285980000259|Same as 2023
54|2024|0540002010000|0|0.13|050020100000|Same as 2023
54|2024|0540002010000|0.13|1.03|050020100013|Same as 2023
54|2024|12200480000EB|0|5.82|120480000000|Same as 2023
54|2024|29202200000NB|12.61|13.26|292200001261|Same as 2023
54|2024|29202200000NB|13.78|13.96|292200001378|Same as 2023
54|2024|4970755001900|0.1|0.64|490075500010|Same as 2023
54|2024|4970755001900|0.64|1.05|490075500064|Same as 2023
54|2024|2330080000000|0.86|1.57|230800000086|Same as 2023
54|2024|3540004000000|0.19|0.37|350040000019|Same as 2023
54|2024|3540004000000|1.92|2.19|350040000192|Same as 2023
54|2024|2040026000000|4.62|4.96|200260000462|Same as 2023
54|2024|2540250310000|0|0.55|252503100000|Same as 2023
54|2024|2940008000000|0|0.24|290080000000|Same as 2023
54|2024|3140857010000|0|0.19|318570100000|Same as 2023
54|2024|0230045000000|14.39|14.52|020450001439|Same as 2023
54|2024|0230045000000|14.52|14.85|020450001452|Same as 2023
54|2024|0230045000000|14.85|15.31|020450001485|Same as 2023
54|2024|0230045000000|17.53|18.23|020450001753|Same as 2023
54|2024|0230045000000|19.08|19.61|020450001908|Same as 2023
54|2024|1730058000000|2.43|2.82|170580002430|Same as 2023
54|2024|04200190000NB|26.57|27.64|040190002657|Same as 2023
54|2024|2178006001900|0.58|0.92|210800600580|New 2024
54|2024|46200500000EB|12.99|13.65|460500001299|Same as 2023
54|2024|4140004030000|0|0.47|410040300000|Same as 2023
54|2024|0140046010000|0|1.62|010460100000|Same as 2023
54|2024|4140008030000|0|0.65|410080300000|Same as 2023
54|2024|3230012000000|0.78|5.93|320120000078|Same as 2023
54|2024|3230012000000|5.93|6.11|320120000593|Same as 2023
54|2024|3230012000000|9.33|11.31|320120000933|Same as 2023
54|2024|0530027000100|0.4|0.96|05027A000040|Same as 2023
54|2024|0530027000100|0.96|3.35|05027A000096|Same as 2023
54|2024|0240011240000|0|0.85|020112400000|Same as 2023
54|2024|1340060140000|6.25|6.39|130601400625|Same as 2023
54|2024|28100770016NB|8.98|9.19|280770000898|Same as 2023
54|2024|28100770016NB|9.19|9.5|280770000919|Same as 2023
54|2024|28100770016NB|9.5|9.79|280770000950|Same as 2023
54|2024|28100770016NB|11.44|12.16|280770001144|Same as 2023
54|2024|28100770016NB|13.74|14.006|280770001374|Same as 2023
54|2024|1930115000000|0|0.22|191150000000|Same as 2023
54|2024|1930115000000|0.64|1.15|191150000064|Same as 2023
54|2024|06100640000EB|5.87|6.47|060640000587|Same as 2023
54|2024|06100640000EB|6.47|6.74|060640000647|Same as 2023
54|2024|06100640000EB|6.74|7.26|060640000674|Same as 2023
54|2024|06100640000EB|7.26|7.72|060640000726|Same as 2023
54|2024|06100640000EB|7.72|8.19|060640000772|Same as 2023
54|2024|06100640000EB|8.19|9.22|060640000819|Same as 2023
54|2024|06100640000EB|9.22|9.52|060640000922|Same as 2023
54|2024|06100640000EB|17.68|18.08|060640001768|Same as 2023
54|2024|06100640000EB|18.08|18.49|060640001808|Same as 2023
54|2024|06100640000EB|18.49|19.32|060640001849|Same as 2023
54|2024|06100640000EB|19.32|19.71|060640001932|Same as 2023
54|2024|06100640000EB|19.71|20.19|060640001971|Same as 2023
54|2024|06100640000EB|20.19|21.04|060640002019|Same as 2023
54|2024|06100640000EB|21.04|21.16|060640002104|Same as 2023
54|2024|06100640000EB|21.16|21.75|060640002116|Same as 2023
54|2024|06100640000EB|21.75|22.39|060640002175|Same as 2023
54|2024|06100640000EB|22.39|27.11|060640002239|Same as 2023
54|2024|06100640000EB|27.11|27.55|060640002711|Same as 2023
54|2024|06100640000EB|27.55|28.67|060640002755|Same as 2023
54|2024|06100640000EB|28.67|29.44|060640002867|Same as 2023
54|2024|06100640000EB|29.44|31.77|060640002944|Same as 2023
54|2024|3430041000000|0.03|2.59|340410000003|Same as 2023
54|2024|1540507000000|0.43|0.92|155070000043|Same as 2023
54|2024|1540507000000|0.92|1.16|155070000092|Same as 2023
54|2024|1540507000000|1.51|3.33|155070000151|Same as 2023
54|2024|4940005090000|0|0.28|490050900000|Same as 2023
54|2024|0130020000000|0|2.15|010200000000|Same as 2023
54|2024|2030062000000|0.87|1.66|200620000087|Same as 2023
54|2024|2030062000000|7.93|8.26|200620000793|Same as 2023
54|2024|3140055000000|0|0.45|310550000000|Same as 2023
54|2024|3174772001900|0|0.1|310477200000|Same as 2023
54|2024|3174772001900|0.1|0.27|310477200010|Same as 2023
54|2024|3174772001900|0.27|0.42|310477200027|Same as 2023
54|2024|1740012000000|0.14|0.9|170120000015|Same as 2023
54|2024|0274252001900|0|0.64|020425200000|Same as 2023
54|2024|4170014001900|0.12|0.29|410001400120|Same as 2023
54|2024|3830039000000|27.78|28.08|380390002778|Same as 2023
54|2024|3830039000000|35.01|35.23|380390003501|Same as 2023
54|2024|2040012000000|0|2.55|200120000000|Same as 2023
54|2024|2040012000000|3.6|4.14|200120000360|Same as 2023
54|2024|2040012000000|4.55|5.1|200120000457|Same as 2023
54|2024|2540073730000|2.11|2.33|250737300211|Same as 2023
54|2024|2540073730000|2.62|2.673|250737300262|Same as 2023
54|2024|2540073730000|2.673|3.34|250737302673|Same as 2023
54|2024|0140011000000|3.05|3.78|010110000307|Same as 2023
54|2024|0540018000000|0|0.55|050180000000|Same as 2023
54|2024|5475766001900|0|0.46|540576600000|Same as 2023
54|2024|1771758001900|0|0.47|170175800000|Same as 2023
54|2024|1771758001900|0.47|0.69|170175800047|Same as 2023
54|2024|28200520000EB|6.96|7.76|280520006960|Same as 2023
54|2024|28200520000EB|12.97|13.39|280052001297|Same as 2023
54|2024|28200520000EB|13.44|13.67|280052001344|Same as 2023
54|2024|28200520000EB|14.91|15.37|280520001491|Same as 2023
54|2024|3140072000000|3.772|3.78|310720003772|Same as 2023
54|2024|5475791001900|0|0.37|540579100000|Same as 2023
54|2024|1040005000000|0.06|0.62|100050000006|Same as 2023
54|2024|15200300000EB|0.53|0.61|150300000530|New 2024
54|2024|15200300000EB|1.543|2.38|150300001543|Same as 2023
54|2024|3140055070000|0|0.26|310550700000|Same as 2023
54|2024|2040016000000|4.25|5.42|200160000425|Same as 2023
54|2024|1030016000000|1.75|2.38|100160000175|Same as 2023
54|2024|1030016000000|14.616|14.746|100160001484|Same as 2023
54|2024|1030016000000|15.526|16.666|100160001575|Same as 2023
54|2024|1030016000000|23.176|23.516|100160002340|Same as 2023
54|2024|5430095000000|3.77|3.99|540950000377|Same as 2023
54|2024|5430095000000|4.2|6.12|540950000420|Same as 2023
54|2024|5430095000000|6.12|6.29|540950000612|Same as 2023
54|2024|5430095000000|6.44|6.58|540950000644|Same as 2023
54|2024|2640017000000|0|0.12|260170000000|Same as 2023
54|2024|07200330000EB|0.09|2.33|070330000009|Same as 2023
54|2024|07200330000EB|3.68|5.03|070330000368|Same as 2023
54|2024|07200330000EB|5.59|6.2|070330000559|Same as 2023
54|2024|07200330000EB|6.2|6.6|070330000620|Same as 2023
54|2024|07200330000EB|6.62|8.3|070330000662|Same as 2023
54|2024|07200330000EB|10.13|14.3|070330001013|Same as 2023
54|2024|07200330000EB|14.3|14.86|070330001430|Same as 2023
54|2024|5440001000000|6.32|6.67|54400010000|Same as 2023
54|2024|5440001000000|6.67|7.17|540010000667|Same as 2023
54|2024|3540015000000|1.91|2.26|350150000191|Same as 2023
54|2024|30201190000NB|12.88|14.28|301190001288|Same as 2023
54|2024|2040006060000|0|0.47|200060600000|Same as 2023
54|2024|2040006060000|0.8|1.16|200060600080|Same as 2023
54|2024|2040006060000|1.16|2.24|200060600116|Same as 2023
54|2024|2040006060000|2.24|3.11|200060600224|Same as 2023
54|2024|2040006060000|3.7|5.75|200060600370|Same as 2023
54|2024|4170038001900|0|0.15|410003800000|Same as 2023
54|2024|4170038001900|0.33|0.49|410003800033|Same as 2023
54|2024|10200190000NB|0|1.02|100190000000|Same as 2023
54|2024|10200190000NB|2.85|3.82|100190000285|Same as 2023
54|2024|10200190000NB|3.89|6.16|100190000389|Same as 2023
54|2024|10200190000NB|6.16|6.66|100190000616|Same as 2023
54|2024|10200190000NB|6.66|8.23|100190000666|Same as 2023
54|2024|10200190000NB|14.64|15.627|100190001464|Same as 2023
54|2024|1540015000000|0|1.44|150150000000|Same as 2023
54|2024|1540015000000|1.44|1.95|150150000144|Same as 2023
54|2024|4140003180000|2.77|3.51|410031802770|Same as 2023
54|2024|3140067000000|6.22|7.97|310670000622|Same as 2023
54|2024|3140067000000|7.97|8.36|310670000797|Same as 2023
54|2024|3140067000000|8.36|8.55|310670000836|Same as 2023
54|2024|2040049000000|0.68|1.17|200490000068|Same as 2023
54|2024|5430014000000|11.28|11.76|540140001128|Same as 2023
54|2024|5430014000000|12.38|12.45|540140001238|Same as 2023
54|2024|5430014000000|12.45|12.71|54300141245|Same as 2023
54|2024|5430014000000|12.71|12.88|540140001271|Same as 2023
54|2024|5430014000000|12.88|13|540140001288|Same as 2023
54|2024|5430014000000|13.22|13.39|540140001322|Same as 2023
54|2024|5430014000000|15.19|15.32|540140001519|Same as 2023
54|2024|5430014000000|15.32|15.45|540140001532|Same as 2023
54|2024|5430014000000|16.1|16.76|540140001610|Same as 2023
54|2024|5430014000000|20.12|20.56|540140002012|Same as 2023
54|2024|1040019020000|0|0.82|100190200000|Same as 2023
54|2024|1540013000000|0|0.2|150130000000|Same as 2023
54|2024|1540013000000|0.2|0.5|150130000020|Same as 2023
54|2024|0240009270000|0|0.31|020092700000|Same as 2023
54|2024|0330085000000|10.67|13.13|030850001067|Same as 2023
54|2024|0330085000000|34.05|34.35|030850003405|Same as 2023
54|2024|41100640017WB|0|0.47|41064R000000|Same as 2023
54|2024|41100640017WB|0.47|0.594|410064R00047|Same as 2023
54|2024|41100640017WB|0.594|0.82|41064R000059|Same as 2023
54|2024|0240009050000|1.67|3.26|020090500167|Same as 2023
54|2024|41100640000EB|120.1|120.5|410640012010|New 2024
54|2024|41100640000EB|122.62|122.71|410640012262|New 2024
54|2024|41100640000EB|123.18|123.3|410640012318|New 2024
54|2024|41100640000EB|124.9|125.65|410640012490|New 2024
54|2024|41100640000EB|125.65|126.6|410640012565|New 2024
54|2024|41100640000EB|128.91|129.49|410064012891|Same as 2023
54|2024|41100640000EB|129.49|132|410064012949|Same as 2023
54|2024|41100640000EB|132|132.53|410640013200|Same as 2023
54|2024|41100640000EB|132.84|137.48|410640013284|Same as 2023
54|2024|41100640000EB|137.48|138.01|410640013748|Same as 2023
54|2024|2572506001900|0.5|0.62|250250600050|Same as 2023
54|2024|2572506001900|0.62|0.72|250250600062|Same as 2023
54|2024|17100790000NB|106.42|107.57|170790010642|Same as 2023
54|2024|17100790000NB|107.57|107.94|170790010757|Same as 2023
54|2024|17100790000NB|107.94|109.77|170790010794|Same as 2023
54|2024|17100790000NB|109.77|110.29|170790010977|Same as 2023
54|2024|17100790000NB|110.29|111.13|170790011029|Same as 2023
54|2024|17100790000NB|111.13|111.91|170790011113|Same as 2023
54|2024|17100790000NB|111.91|114.132|170790011191|Same as 2023
54|2024|17100790000NB|114.132|114.9|170790011413|New 2024
54|2024|17100790000NB|114.9|115.33|170790011490|Same as 2023
54|2024|17100790000NB|115.33|117.17|170790011533|Same as 2023
54|2024|17100790000NB|117.17|117.74|170790011717|Same as 2023
54|2024|17100790000NB|118.5|118.7|170790011850|New 2024
54|2024|17100790000NB|122.43|122.9|170790012243|Same as 2023
54|2024|17100790000NB|122.9|123.988|170790012290|Same as 2023
54|2024|17100790000NB|125.38|125.8|170790012538|Same as 2023
54|2024|17100790000NB|125.8|129.217|170790012580|Same as 2023
54|2024|5230020000000|19.48|20.04|520200001948|Same as 2023
54|2024|4630310000000|0|0.2|463100000000|Same as 2023
54|2024|4170045001900|0|0.26|410004500000|Same as 2023
54|2024|2330073000000|0.31|2.15|230730000031|Same as 2023
54|2024|1640010000000|4.6|5.8|160100000046|Same as 2023
54|2024|3174770001900|0|0.4|310477000000|Same as 2023
54|2024|3174770001900|0.4|0.44|317700000040|Same as 2023
54|2024|1340045000000|0.66|1.04|130450000066|Same as 2023
54|2024|5275503001900|0|0.45|520550300000|Same as 2023
54|2024|1940017000000|0|0.43|190170000000|New 2024
54|2024|4140018000000|2.99|3|410180002990|Same as 2023
54|2024|4140018000000|3|3.51|410180003000|Same as 2023
54|2024|4140018000000|3.51|4.41|410180003510|Same as 2023
54|2024|0240010010000|0|0.69|020100100000|Same as 2023
54|2024|20201190000NB|14.22|16.28|201190014220|Same as 2023
54|2024|20201190000NB|17.16|17.161|201190017160|New 2024
54|2024|20201190000NB|17.615|17.64|201190017615|New 2024
54|2024|0330003000000|8.17|11.14|030030000817|Same as 2023
54|2024|43200500000EB|0|2.86|430500000000|Same as 2023
54|2024|43200500000EB|8.02|9.99|430500000802|Same as 2023
54|2024|43200500000EB|10.83|11.79|430500001083|Same as 2023
54|2024|43200500000EB|12.54|12.85|430500001254|Same as 2023
54|2024|43200500000EB|13.57|14.78|430500001357|Same as 2023
54|2024|2840016100000|0|0.66|280161000000|Same as 2023
54|2024|1730020000000|7.22|7.414|170200000722|Same as 2023
54|2024|4130003000000|35.98|36.18|410030035980|Same as 2023
54|2024|4130003000000|36.23|36.49|410030036230|Same as 2023
54|2024|4130003000000|37.1|37.73|410030003710|Same as 2023
54|2024|0240005000000|5.9|7.94|020050000590|Same as 2023
54|2024|0640021000000|0.537|0.9|060021000537|Same as 2023
54|2024|0640021000000|0.9|1.51|060210000090|Same as 2023
54|2024|0640021000000|1.51|2.939|060210000151|Same as 2023
54|2024|0640021000000|2.947|2.98|060210002947|Same as 2023
54|2024|3330009000000|26.67|29.17|330090002667|Same as 2023
54|2024|3330009000000|31.29|33.3|330090003129|Same as 2023
54|2024|0140030000000|6.14|6.83|010300000614|Same as 2023
54|2024|3430039000000|24.6|24.96|340390024600|Same as 2023
54|2024|0540013000000|0|0.14|050130000000|Same as 2023
54|2024|4940009010000|0|0.97|490090100000|Same as 2023
54|2024|1740006000000|0|0.808|170006000000|Same as 2023
54|2024|1771771001900|0.43|0.62|170177100430|Same as 2023
54|2024|2230003000000|5.71|6.1|220030000571|Same as 2023
54|2024|35100700000EB|0.08|0.49|350700000008|Same as 2023
54|2024|35100700000EB|0.49|0.85|350700000049|Same as 2023
54|2024|35100700000EB|0.85|1.23|350700000085|Same as 2023
54|2024|35100700000EB|1.44|1.92|350700000144|Same as 2023
54|2024|35100700000EB|1.92|2.19|350700000192|Same as 2023
54|2024|35100700000EB|4.7|5.37|350700000470|Same as 2023
54|2024|35100700000EB|5.37|5.93|350700000537|Same as 2023
54|2024|35100700000EB|5.93|6.9|350700000593|Same as 2023
54|2024|35100700000EB|6.9|8.07|350700000690|Same as 2023
54|2024|35100700000EB|10.75|11.06|350700001075|Same as 2023
54|2024|35100700000EB|11.06|11.761|350700001106|Same as 2023
54|2024|35100700000EB|11.761|14.45|350070011761|Same as 2023
54|2024|2770100001900|5.61|5.81|270010000561|Same as 2023
54|2024|39202190000NB|0|0.8|392190000000|Same as 2023
54|2024|39202190000NB|0.8|3.01|392190000080|Same as 2023
54|2024|39202190000NB|3.01|3.31|392190000301|Same as 2023
54|2024|39202190000NB|3.31|4.76|392190000331|Same as 2023
54|2024|0830016000000|19.19|20.35|080160001919|Same as 2023
54|2024|3830092000000|0|5.83|380920000000|Same as 2023
54|2024|2840007050000|0|0.324|280007050000|Same as 2023
54|2024|2840007050000|0.324|0.343|280070500324|New 2024
54|2024|2840007050000|0.343|1.11|280007050343|Same as 2023
54|2024|2840007050000|1.11|1.83|280070500111|Same as 2023
54|2024|2840007050000|1.836|2.1|280070501836|Same as 2023
54|2024|0640031000000|0.16|0.5|060310000016|Same as 2023
54|2024|2040022010000|0|0.004|200220100000|Same as 2023
54|2024|1640007000000|5.61|6|160070000553|Same as 2023
54|2024|1640007000000|19.2|20.5|160070000192|Same as 2023
54|2024|54200500000EB|0|0.61|54200500000|Same as 2023
54|2024|54200500000EB|2.53|3.15|54200500253|Same as 2023
54|2024|54200500000EB|8.94|10.02|540500000894|Same as 2023
54|2024|30200520004NB|0.096|0.39|30052N000096|Same as 2023
54|2024|0240051070000|2.28|3.56|020510702280|Same as 2023
54|2024|2030622000000|1.96|2.13|206220000196|Same as 2023
54|2024|2030622000000|2.13|2.23|206220002130|Same as 2023
54|2024|2030622000000|2.32|2.72|206220000232|Same as 2023
54|2024|2030622000000|2.72|3.79|206220000272|Same as 2023
54|2024|2030622000000|4.23|5.57|206220000423|Same as 2023
54|2024|2030622000000|13.94|16.86|206220001394|Same as 2023
54|2024|4130210000000|1.2|1.89|412100000120|Same as 2023
54|2024|4130210000000|1.89|2.79|412100000189|Same as 2023
54|2024|2430083000000|0|6.42|240830000000|Same as 2023
54|2024|2430083000000|6.42|7.46|240830000642|Same as 2023
54|2024|2430083000000|7.94|8.06|240830000794|Same as 2023
54|2024|2430083000000|14.092|17.6|240830014092|Same as 2023
54|2024|2430083000000|17.6|18.01|240830001760|Same as 2023
54|2024|0240001000000|8.14|9.32|020010000814|Same as 2023
54|2024|2040060020000|2.13|3|200600200213|Same as 2023
54|2024|2870515001900|0|0.95|280051500000|Same as 2023
54|2024|0673263001900|0|0.26|060326300000|Same as 2023
54|2024|0673263001900|0.26|0.48|060326300026|Same as 2023
54|2024|5230002000000|4.21|4.442|520020000421|Same as 2023
54|2024|5230002000000|4.442|5.29|520020004442|New 2024
54|2024|5230002000000|5.29|5.69|520020000529|Same as 2023
54|2024|5230002000000|5.69|6.08|520020000569|Same as 2023
54|2024|5230002000000|6.08|6.5|520020000608|Same as 2023
54|2024|5230002000000|6.95|7.09|520020000695|Same as 2023
54|2024|5230002000000|7.29|7.84|520020000729|Same as 2023
54|2024|5230002000000|8.35|8.6|520020000835|Same as 2023
54|2024|5230002000000|8.6|9.24|520020000860|Same as 2023
54|2024|5230002000000|11.11|11.655|520020011110|New 2024
54|2024|5230002000000|11.75|12.12|520020011750|Same as 2023
54|2024|5430014000100|0|0.63|54014A000000|Same as 2023
54|2024|5430014000100|0.92|1.31|54014A000092|Same as 2023
54|2024|5430014000100|1.72|1.98|54014A000172|Same as 2023
54|2024|5040008000000|0|0.45|500080000000|Same as 2023
54|2024|1540011000000|0|2.31|150110000000|Same as 2023
54|2024|1540011000000|2.31|2.9|150110000231|Same as 2023
54|2024|1540011000000|4.91|5.16|150110000491|Same as 2023
54|2024|1540011000000|5.16|5.35|150110000516|Same as 2023
54|2024|1540011000000|5.35|5.59|150110000535|Same as 2023
54|2024|1540011000000|5.59|5.61|150110000559|Same as 2023
54|2024|0230051000000|1.87|2.841|020510001870|Same as 2023
54|2024|0230051000000|2.841|4.13|020510002841|Same as 2023
54|2024|0230051000000|4.54|4.58|020510004540|Same as 2023
54|2024|0230051000000|4.58|4.62|020510004580|Same as 2023
54|2024|0230051000000|4.62|5.18|020510000462|Same as 2023
54|2024|0230051000000|5.4|8.591|020510000540|Same as 2023
54|2024|1740019020000|0.23|0.65|170190200023|Same as 2023
54|2024|4840007020000|0|1.01|480070200000|Same as 2023
54|2024|5440011000000|7.679|8.3|540110007679|Same as 2023
54|2024|5040009000000|0.65|1.92|500090000650|Same as 2023
54|2024|5040009000000|1.92|3.59|500090000192|Same as 2023
54|2024|0240009130000|0.4|1.92|020091300040|Same as 2023
54|2024|2940046040000|4.532|4.93|290460404532|Same as 2023
54|2024|1040014020000|0.2|0.35|100140200020|Same as 2023
54|2024|49201190000NB|5.38|5.6|491190000538|Same as 2023
54|2024|2540073000000|2.45|3.55|250730000245|Same as 2023
54|2024|34200190000NB|1.38|3.4|340190000138|Same as 2023
54|2024|34200190000NB|11.03|11.47|340190001103|Same as 2023
54|2024|34200190000NB|31.65|31.85|340190003165|Same as 2023
54|2024|1640010030000|0|0.21|160100000021|Same as 2023
54|2024|2572519001900|0|0.1|250251900000|New 2024
54|2024|2572519001900|0.1|0.26|250251900100|New 2024
54|2024|0130092000000|8.64|10.73|010920000864|Same as 2023
54|2024|2071068001900|0|0.48|200106800000|Same as 2023
54|2024|0673289001900|1.72|2.02|060328900172|Same as 2023
54|2024|30200520000EB|9.95|11.65|300520000995|Same as 2023
54|2024|30200520000EB|20.68|20.78|300520002068|Same as 2023
54|2024|30200520000EB|20.78|20.91|300520002078|Same as 2023
54|2024|30200520000EB|21.06|21.95|300520002106|Same as 2023
54|2024|30200520000EB|21.97|22.28|300052002197|Same as 2023
54|2024|30200520000EB|26.08|26.53|300520002608|Same as 2023
54|2024|30200520000EB|43.29|44.74|300520004329|Same as 2023
54|2024|2040025260000|0|0.31|200252600000|Same as 2023
54|2024|2040025260000|0.4|0.71|200252600040|Same as 2023
54|2024|18200330000EB|0.19|0.62|180330000000|Same as 2023
54|2024|18200330000EB|0.86|1.08|180330000086|Same as 2023
54|2024|18200330000EB|3.32|3.46|180330000332|Same as 2023
54|2024|18200330000EB|11.09|11.48|180330001109|Same as 2023
54|2024|18200330000EB|21.43|24.76|180330002143|Same as 2023
54|2024|0540027040000|0|0.13|050270400000|Same as 2023
54|2024|0540027040000|0.442|0.845|050270400440|Same as 2023
54|2024|2740001040000|1.647|1.65|270010401647|Same as 2023
54|2024|2040060640000|0|0.35|200606400000|Same as 2023
54|2024|2040027000000|5.07|7.24|200270000507|Same as 2023
54|2024|2840016000000|1.7|2.5|280160000170|Same as 2023
54|2024|2840016000000|2.5|2.614|280160002500|Same as 2023
54|2024|2540064020000|0|0.24|250640200000|Same as 2023
54|2024|54100770000NB|156.99|158.69|540770015699|Same as 2023
54|2024|54100770000NB|158.69|160.38|540770015869|Same as 2023
54|2024|54100770000NB|160.38|161.66|540770016038|Same as 2023
54|2024|54100770000NB|161.66|162.73|540770016166|Same as 2023
54|2024|54100770000NB|162.73|168.205|540770016273|Same as 2023
54|2024|54100770000NB|168.205|168.37|540077168205|Same as 2023
54|2024|54100770000NB|168.37|172.29|540770016837|Same as 2023
54|2024|54100770000NB|176.46|176.76|540770017646|Same as 2023
54|2024|54100770000NB|176.76|177.928|540770017676|Same as 2023
54|2024|54100770000NB|180.18|181.674|540770018018|Same as 2023
54|2024|54100770000NB|181.674|185.34|540770018167|Same as 2023
54|2024|54100770000NB|185.34|185.64|540770018534|Same as 2023
54|2024|54100770000NB|185.64|186.72|540770018564|Same as 2023
54|2024|54100770000NB|186.72|187.21|540770018672|Same as 2023
54|2024|20200600000EB|2.44|2.86|200600000244|Same as 2023
54|2024|20200600000EB|6.2|6.92|200600000620|Same as 2023
54|2024|20200600000EB|9.19|10.9|200600000919|Same as 2023
54|2024|20200600000EB|14.84|16|200600001484|Same as 2023
54|2024|20200600000EB|16.07|16.48|200600001607|Same as 2023
54|2024|20200600000EB|18.64|20.08|200600001864|Same as 2023
54|2024|20200600000EB|23.08|23.52|200600002308|Same as 2023
54|2024|20200600000EB|28.43|29.18|200600002843|Same as 2023
54|2024|2030006000000|0|0.1|200060000000|Same as 2023
54|2024|2030006000000|0.1|0.19|200060000010|Same as 2023
54|2024|2230010000000|17.81|19.07|220100001781|Same as 2023
54|2024|4130016000000|8.47|9.485|410160000847|Same as 2023
54|2024|4130016000000|9.485|9.8|410160009485|Same as 2023
54|2024|4130016000000|12|14.12|410160001200|Same as 2023
54|2024|4130016000000|14.42|14.72|410160001442|Same as 2023
54|2024|4130016000000|14.72|15.08|410160001472|Same as 2023
54|2024|4130016000000|15.08|15.61|410160015080|Same as 2023
54|2024|4130016000000|15.65|15.81|410160001565|Same as 2023
54|2024|4130016000000|18.53|18.82|410160001853|Same as 2023
54|2024|4130016000000|18.82|18.96|410160001882|Same as 2023
54|2024|4130016000000|18.96|19.79|410160001896|Same as 2023
54|2024|4730093000000|0|0.15|470930000000|Same as 2023
54|2024|4730093000000|0.15|0.91|470930000015|Same as 2023
54|2024|4730093000000|2.34|7.42|470930000234|Same as 2023
54|2024|0640060050000|0|0.88|060600500000|Same as 2023
54|2024|0640060050000|0.88|1.68|060600500088|Same as 2023
54|2024|0640060050000|1.68|1.97|060600500168|Same as 2023
54|2024|1740020750000|0.46|0.93|170207500046|Same as 2023
54|2024|1740020750000|1.26|1.48|170207500126|Same as 2023
54|2024|1340045010000|0|0.539|130450100000|Same as 2023
54|2024|5475763001900|0|0.9|540576300000|Same as 2023
54|2024|3130007000000|0|3.42|310070000000|Same as 2023
54|2024|3130007000000|4.42|4.54|310070000442|Same as 2023
54|2024|3130007000000|13.21|13.45|310070001321|Same as 2023
54|2024|3130007000000|22.54|24|310070002254|Same as 2023
54|2024|3130007000000|25.15|25.85|310070002515|Same as 2023
54|2024|3130007000000|25.85|26.01|310070002585|Same as 2023
54|2024|3130007000000|26.01|27.03|310070002601|Same as 2023
54|2024|3130007000000|27.03|27.265|310070002703|Same as 2023
54|2024|3130007000000|33.83|34.1|310070003383|Same as 2023
54|2024|3130007000000|34.71|35.76|310070003471|Same as 2023
54|2024|3130007000000|35.76|36.13|310070003576|Same as 2023
54|2024|3130007000000|36.13|36.55|310070003613|Same as 2023
54|2024|3130007000000|36.55|38.29|310070003655|Same as 2023
54|2024|3130007000000|38.29|38.65|310070003829|Same as 2023
54|2024|2870507001900|0|0.66|280050700000|Same as 2023
54|2024|2870507001900|0.66|1.54|280050700066|Same as 2023
54|2024|1140009000000|0|3.41|110090000000|Same as 2023
54|2024|3140061000000|0|0.94|310610000000|Same as 2023
54|2024|3140019220000|0.12|0.68|310019220012|Same as 2023
54|2024|3140019220000|0.68|1.07|310192200068|Same as 2023
54|2024|5040060040000|1.24|2.4|500600400124|Same as 2023
54|2024|2930046000000|15.38|16.59|290460001538|Same as 2023
54|2024|2930046000000|19.82|19.94|290460001982|Same as 2023
54|2024|4170012001900|0|0.46|410001200000|Same as 2023
54|2024|2776504001900|0|0.14|270650400000|Same as 2023
54|2024|25200190000NB|3.003|4.64|250190000300|Same as 2023
54|2024|25200190000NB|7.16|7.97|250190000716|Same as 2023
54|2024|25200190000NB|7.97|8.47|250190000797|Same as 2023
54|2024|4140048000000|0|1.9|410480000000|Same as 2023
54|2024|5040012000000|3.176|4.65|500120003176|Same as 2023
54|2024|01201190000NB|6.95|9.29|011190000695|Same as 2023
54|2024|01201190000NB|10.66|11.5|011190001066|Same as 2023
54|2024|4040012000000|4.71|8.19|400120000471|Same as 2023
54|2024|4040012000000|8.19|10.77|400120000819|Same as 2023
54|2024|4040012000000|10.77|12.37|400120001077|Same as 2023
54|2024|1030006000000|0|0.12|100060000000|Same as 2023
54|2024|1030006000000|0.12|0.33|100060000120|Same as 2023
54|2024|2572520001900|1.04|1.81|250252000104|Same as 2023
54|2024|2572520001900|1.88|2|250252000188|Same as 2023
54|2024|4140019030000|0.387|0.5|410190300039|Same as 2023
54|2024|4140019030000|0.5|0.98|410190300050|Same as 2023
54|2024|3140857000000|0.5|1.41|318570000050|Same as 2023
54|2024|3140857000000|5.11|5.59|318570000511|Same as 2023
54|2024|3140857000000|10.85|11.35|318570001085|Same as 2023
54|2024|4140011000000|0|1.26|410110000000|Same as 2023
54|2024|20200600007WB|7.93|8.1|20060W007930|Same as 2023
54|2024|1771759001900|0|0.19|170175900000|Same as 2023
54|2024|4140016100000|0.53|0.9|410161000530|Same as 2023
54|2024|4240009000000|0|0.18|420090000000|Same as 2023
54|2024|4240009000000|0.18|0.32|420090000020|Same as 2023
54|2024|0730005000000|12.09|12.62|070050001209|Same as 2023
54|2024|1540208000000|3.21|3.55|152080000321|Same as 2023
54|2024|20100770016NB|67.21|74.17|200770006721|Same as 2023
54|2024|20100770016NB|74.36|75|200770007436|Same as 2023
54|2024|20100770016NB|77.51|77.83|200770007751|Same as 2023
54|2024|20100770016NB|83.45|84.42|200770008345|Same as 2023
54|2024|20100770016NB|84.42|84.94|200770008442|Same as 2023
54|2024|20100770016NB|84.94|86.68|200770008494|Same as 2023
54|2024|20100770016NB|86.68|88.52|200770008668|Same as 2023
54|2024|20100770016NB|88.52|89.18|200770008852|Same as 2023
54|2024|20100770016NB|89.18|89.5|200770008918|Same as 2023
54|2024|20100770016NB|89.5|93.31|200770008950|Same as 2023
54|2024|20100770016NB|93.31|93.93|200770009331|Same as 2023
54|2024|20100770016NB|93.93|94.43|200770009393|Same as 2023
54|2024|20100770016NB|94.43|94.69|200770009443|Same as 2023
54|2024|20100770016NB|94.69|94.96|200770009469|Same as 2023
54|2024|20100770016NB|94.96|95.34|200770009496|Same as 2023
54|2024|4940151000000|0|0.24|491510000000|Same as 2023
54|2024|4940151000000|0.34|0.64|491510000034|Same as 2023
54|2024|4940151000000|1.13|1.6|491510000113|Same as 2023
54|2024|5030152000000|29.86|30.39|501520002986|Same as 2023
54|2024|5030152000000|40.4|43.98|501520004040|Same as 2023
54|2024|5030152000000|43.98|44.59|501520004398|Same as 2023
54|2024|31100680000EB|0|0.32|310680000000|Same as 2023
54|2024|31100680000EB|1.15|2.67|310680000115|Same as 2023
54|2024|31100680000EB|2.67|4.13|310680000267|Same as 2023
54|2024|31100680000EB|4.13|4.56|310680000413|Same as 2023
54|2024|31100680000EB|4.56|4.96|310680000456|Same as 2023
54|2024|31100680000EB|4.96|5.79|310680000496|Same as 2023
54|2024|31100680000EB|5.79|6.18|310680000579|Same as 2023
54|2024|31100680000EB|6.18|6.77|310680000618|Same as 2023
54|2024|31100680000EB|6.77|7.2|310680000677|Same as 2023
54|2024|31100680000EB|7.2|7.54|310680000720|Same as 2023
54|2024|31100680000EB|7.54|8.89|310680000754|Same as 2023
54|2024|31100680000EB|8.89|9.4|310680000889|Same as 2023
54|2024|31100680000EB|10.28|10.32|310680001028|Same as 2023
54|2024|31100680000EB|10.32|10.79|310680001032|Same as 2023
54|2024|31100680000EB|10.79|13.149|310680001079|Same as 2023
54|2024|0540001000000|0|0.12|050010000000|Same as 2023
54|2024|0540001000000|0.12|0.5|050010000012|Same as 2023
54|2024|0540001000000|1.07|1.34|050010000107|Same as 2023
54|2024|0540001000000|3.26|4.01|050010000326|Same as 2023
54|2024|0540001000000|4.01|4.8|050010000401|Same as 2023
54|2024|5440004100000|0|0.4|540041000000|Same as 2023
54|2024|1577270001900|0|0.5|150727000000|Same as 2023
54|2024|0640060090000|0|0.35|060600900000|Same as 2023
54|2024|1540009000000|0|0.79|150090000000|Same as 2023
54|2024|2940220010000|0.11|1.09|292200100110|Same as 2023
54|2024|2540060000000|2.11|2.61|250600002110|Same as 2023
54|2024|2540060000000|4.38|4.86|250600000438|Same as 2023
54|2024|4030025000000|0|0.63|400250000000|Same as 2023
54|2024|2840016010000|0.59|0.74|280160100590|Same as 2023
54|2024|3174810001900|0|0.76|310481000000|Same as 2023
54|2024|2071020001900|0.06|0.46|200102000006|Same as 2023
54|2024|2740035110000|0|0.37|270351100000|Same as 2023
54|2024|50100640000EB|0|1.25|500640000000|Same as 2023
54|2024|50100640000EB|1.25|1.29|500640000125|Same as 2023
54|2024|50100640000EB|1.29|1.66|500640000129|Same as 2023
54|2024|50100640000EB|1.66|2.17|500640000166|Same as 2023
54|2024|50100640000EB|2.17|2.75|500640000217|Same as 2023
54|2024|50100640000EB|2.75|4.22|500640000275|Same as 2023
54|2024|50100640000EB|4.22|5.29|500640000422|Same as 2023
54|2024|50100640000EB|5.29|5.87|500640000529|Same as 2023
54|2024|2540072020000|0|0.5|250720200000|Same as 2023
54|2024|2540072020000|0.5|0.72|250720200050|Same as 2023
54|2024|2540072020000|0.72|1.17|250720200072|Same as 2023
54|2024|2540072020000|1.17|1.71|250720200117|Same as 2023
54|2024|2540072020000|1.76|1.93|250720200176|Same as 2023
54|2024|20201190023NB|0|0.51|200119C00000|Same as 2023
54|2024|20201190023NB|0.7|1.17|201190000070|Same as 2023
54|2024|5440012000000|0|0.33|540120000000|Same as 2023
54|2024|5440012000000|0.4|1.15|540120000040|Same as 2023
54|2024|35200400000EB|0.007|0.12|350400000007|Same as 2023
54|2024|35200400000EB|1.99|2.102|350400000199|Same as 2023
54|2024|35200400000EB|2.102|2.71|350400002102|Same as 2023
54|2024|35200400000EB|2.81|2.83|350040000281|Same as 2023
54|2024|35200400000EB|2.83|3.24|350400000283|Same as 2023
54|2024|35200400000EB|3.44|3.91|350400000344|Same as 2023
54|2024|35200400000EB|4.32|5.42|350400000432|Same as 2023
54|2024|35200400000EB|5.42|5.93|350400000542|Same as 2023
54|2024|35200400000EB|7.1|7.44|350400000710|Same as 2023
54|2024|35200400000EB|8.06|8.26|350400008060|Same as 2023
54|2024|35200400000EB|8.5|8.88|350400000850|Same as 2023
54|2024|35200400000EB|9.27|9.64|350400000927|Same as 2023
54|2024|35200400000EB|10.02|10.26|350400001002|Same as 2023
54|2024|27200350000NB|9.534|10.26|270350009644|Same as 2023
54|2024|27200350000NB|11.422|11.76|270350011532|Same as 2023
54|2024|27200350000NB|16.293|16.47|270350016410|Same as 2023
54|2024|27200350000NB|16.507|17.102|270350001664|Same as 2023
54|2024|27200350000NB|17.226|17.39|270350017413|Same as 2023
54|2024|27200350000NB|17.632|17.753|270350001785|Same as 2023
54|2024|27200350000NB|17.753|18.071|270350001798|Same as 2023
54|2024|27200350000NB|18.097|18.46|270350001835|Same as 2023
54|2024|1740019290000|0|0.57|170192900000|Same as 2023
54|2024|2840025000000|0|0.57|280250000000|Same as 2023
54|2024|2840025000000|0.57|1.53|280250000057|Same as 2023
54|2024|2840025000000|4.24|4.96|280250004240|New 2024
54|2024|4940007000000|0.22|0.423|490070000022|Same as 2023
54|2024|3430020000000|28.29|29.07|340200028290|Same as 2023
54|2024|2040043000000|0.427|1.27|200430000427|Same as 2023
54|2024|2330017000000|1.394|2.174|230170000032|Same as 2023
54|2024|2040013080000|0|0.77|200130800000|Same as 2023
54|2024|2040025470000|0.1|0.36|200254700010|Same as 2023
54|2024|2040025470000|0.36|0.57|200254700036|Same as 2023
54|2024|2040006010000|0.46|1.89|200060100046|Same as 2023
54|2024|0577279001900|0|0.16|050727900000|Same as 2023
54|2024|44200330000EB|4.33|5.61|440330000433|Same as 2023
54|2024|44200330000EB|6.75|9.1|440330000675|Same as 2023
54|2024|44200330000EB|15.77|17.73|440330001577|Same as 2023
54|2024|2040160070000|0|0.27|201600700000|Same as 2023
54|2024|2040160070000|0.27|0.51|201600700027|Same as 2023
54|2024|2840024000000|0|0.3|280240000000|Same as 2023
54|2024|2840024000000|0.3|2.789|280240000300|Same as 2023
54|2024|1530105000000|0.38|1.141|151050000038|Same as 2023
54|2024|1530105000000|1.141|3.27|151050000114|Same as 2023
54|2024|1530105000000|3.27|4.14|151050000327|Same as 2023
54|2024|1530105000000|4.14|4.26|150105000414|Same as 2023
54|2024|1530105000000|4.26|4.58|151050000426|Same as 2023
54|2024|1530105000000|4.58|4.82|151050000458|Same as 2023
54|2024|20300610006EB|0|0.19|20061E000000|Same as 2023
54|2024|5530016000000|1.73|3.33|550160000173|Same as 2023
54|2024|5530016000000|6.42|8.95|550160000642|Same as 2023
54|2024|5530016000000|10.99|11.4|550160001099|Same as 2023
54|2024|42202190000NB|0|3.24|422190000000|Same as 2023
54|2024|42202190000NB|8.55|8.74|422190000855|Same as 2023
54|2024|42202190000NB|8.74|9.68|422190000874|Same as 2023
54|2024|42202190000NB|12.59|15.89|422190001259|Same as 2023
54|2024|42202190000NB|15.89|17.4|422190001589|Same as 2023
54|2024|42202190000NB|17.4|19.15|422190001740|Same as 2023
54|2024|42202190000NB|19.15|21.44|422190001915|Same as 2023
54|2024|42202190000NB|21.48|21.67|422190002148|Same as 2023
54|2024|42202190000NB|27.85|30.16|422190002785|Same as 2023
54|2024|42202190000NB|36.33|37.87|422190003633|Same as 2023
54|2024|42202190000NB|42.36|42.373|422190004236|Same as 2023
54|2024|15200220000EB|0|0.39|150220000000|Same as 2023
54|2024|0240030000000|4.175|4.37|020300004175|Same as 2023
54|2024|47202190000NB|5.57|7.37|472190000557|Same as 2023
54|2024|47202190000NB|13.1|17.49|472190001310|Same as 2023
54|2024|47202190000NB|17.49|18|472190001749|Same as 2023
54|2024|47202190000NB|22.16|25.83|472190002216|Same as 2023
54|2024|47202190000NB|25.83|26.1|472190002583|Same as 2023
54|2024|47202190000NB|26.1|27.76|472190002610|Same as 2023
54|2024|0640009000000|1.688|1.803|060090001688|Same as 2023
54|2024|4130054000000|2.48|4.86|410540000248|Same as 2023
54|2024|4130054000000|4.86|5.72|410540000486|Same as 2023
54|2024|4130054000000|6.35|6.54|410540000635|Same as 2023
54|2024|4130054000000|6.54|7.1|410540000654|Same as 2023
54|2024|4130054000000|7.1|7.41|410540000710|Same as 2023
54|2024|4130054000000|7.41|8.84|410540000741|Same as 2023
54|2024|4130054000000|10.14|10.33|410540010140|Same as 2023
54|2024|0140024000000|1.64|2.79|010240000164|Same as 2023
54|2024|0140024000000|2.79|4.74|010240000279|Same as 2023
54|2024|2340210250000|8.09|8.78|230100001677|Same as 2023
54|2024|2340210250000|8.78|9.08|230100001746|Same as 2023
54|2024|2340210250000|9.08|9.53|230100001776|Same as 2023
54|2024|2340210250000|10.07|10.72|230100001876|Same as 2023
54|2024|2030114000000|0.5|1.44|201140000050|Same as 2023
54|2024|3540091010000|0|0.2|350910100000|Same as 2023
54|2024|5240003010000|0|0.009|520030100000|Same as 2023
54|2024|2071056001900|0|0.38|200105600000|Same as 2023
54|2024|4530107000000|0.29|0.76|451070000029|Same as 2023
54|2024|3130705000000|0|0.51|317050000000|Same as 2023
54|2024|3130705000000|0.68|1.23|317050000068|Same as 2023
54|2024|3130705000000|1.23|1.64|317050000123|Same as 2023
54|2024|3130705000000|1.64|1.81|317050000163|Same as 2023
54|2024|3140019080000|0|0.23|310190800000|Same as 2023
54|2024|54300140005SB|0|0.16|54014S000000|Same as 2023
54|2024|54300140005SB|0.16|0.32|54300140005|Same as 2023
54|2024|0673272001900|0.35|1.04|060327200035|Same as 2023
54|2024|0673272001900|1.08|1.44|060327200108|Same as 2023
54|2024|1040009010000|0|1.93|100090100000|Same as 2023
54|2024|28200520018EB|0|0.02|28052O000000|Same as 2023
54|2024|06200520004NB|0|0.32|060052N00000|Same as 2023
54|2024|06200520004NB|0.321|0.46|060052N00321|Same as 2023
54|2024|2774501001900|0|0.15|270450100000|Same as 2023
54|2024|2040011000000|0.899|0.95|200110000899|Same as 2023
54|2024|5040007000000|17.84|18.87|500070001784|Same as 2023
54|2024|5040007000000|19.35|19.76|500070001935|Same as 2023
54|2024|21200190000NB|22.37|22.58|210190022370|Same as 2023
54|2024|21200190000NB|22.72|23.48|210190002272|Same as 2023
54|2024|0640017000000|0|1.577|060170000000|Same as 2023
54|2024|0640017000000|4.05|4.17|060170000405|Same as 2023
54|2024|0640017000000|4.3|4.41|060170000430|Same as 2023
54|2024|0640017000000|4.47|5.02|060170000447|Same as 2023
54|2024|35202500009NB|0|0.68|35250NB00000|Same as 2023
54|2024|4830002000000|0|2.27|480020000000|Same as 2023
54|2024|4830002000000|2.27|2.84|480020000227|Same as 2023
54|2024|4830002000000|2.84|4.64|480020000284|Same as 2023
54|2024|4830002000000|4.9|6.65|480020000490|Same as 2023
54|2024|4830002000000|9.93|10.25|480020000993|Same as 2023
54|2024|4830002000000|10.25|12.02|480020001025|Same as 2023
54|2024|4830002000000|12.02|13.02|480020001202|Same as 2023
54|2024|4940016000000|8.09|8.32|490160000809|Same as 2023
54|2024|4940016000000|9.05|9.51|490160000904|Same as 2023
54|2024|1374103001900|0|0.31|130410300000|Same as 2023
54|2024|5475772001900|0.44|1.25|540577200044|Same as 2023
54|2024|4170054001900|0|0.44|410005400009|Same as 2023
54|2024|01200330000EB|0|1.87|010330000000|Same as 2023
54|2024|13202190000NB|2.57|4.79|132190000257|Same as 2023
54|2024|13202190000NB|5.364|5.37|132190005364|New 2024
54|2024|13202190000NB|5.37|5.69|132190000537|Same as 2023
54|2024|13202190000NB|5.69|6.03|132190000569|Same as 2023
54|2024|13202190000NB|6.03|6.04|132190000603|Same as 2023
54|2024|13202190000NB|6.04|6.39|132190000604|Same as 2023
54|2024|13202190000NB|6.39|6.69|132190000639|Same as 2023
54|2024|13202190000NB|6.69|7.11|132190000669|Same as 2023
54|2024|13202190000NB|7.19|7.43|132190007190|New 2024
54|2024|13202190000NB|7.43|8.59|132190000743|Same as 2023
54|2024|13202190000NB|8.59|9.06|132190000859|Same as 2023
54|2024|13202190000NB|9.06|9.9|132190000906|Same as 2023
54|2024|13202190000NB|10.01|10.85|132190001001|Same as 2023
54|2024|13202190000NB|10.85|11.06|132190001085|Same as 2023
54|2024|13202190000NB|11.06|11.26|132190001106|Same as 2023
54|2024|13202190000NB|13.99|14.154|132190013990|New 2024
54|2024|13202190000NB|14.154|14.34|132190001416|Same as 2023
54|2024|13202190000NB|14.34|14.45|132190001434|Same as 2023
54|2024|13202190000NB|15.74|16.37|132190001574|Same as 2023
54|2024|13202190000NB|21.34|21.86|132190002134|Same as 2023
54|2024|13202190000NB|25.9|26.76|132190002590|Same as 2023
54|2024|13202190000NB|26.76|26.97|132190002676|Same as 2023
54|2024|13202190000NB|26.97|27.33|132190002697|Same as 2023
54|2024|13202190000NB|27.33|29.72|132190002733|Same as 2023
54|2024|13202190000NB|29.72|31.56|132190002972|Same as 2023
54|2024|13202190000NB|31.56|34.22|132190003156|Same as 2023
54|2024|4240031000000|0|1.81|420310000181|Same as 2023
54|2024|1030061000100|0|0.16|10061A000000|Same as 2023
54|2024|2940220020000|0|0.84|292200200000|Same as 2023
54|2024|4240011000000|2.48|2.491|420110000248|Same as 2023
54|2024|4240037080000|6.535|6.537|420370806535|New 2024
54|2024|1040021200000|0|0.98|100212000000|Same as 2023
54|2024|1577261001900|0|0.73|150726100000|Same as 2023
54|2024|2540072040000|0|0.13|250720400000|Same as 2023
54|2024|4130041000000|0|0.71|410410000000|Same as 2023
54|2024|4130041000000|1.85|1.99|410410000185|Same as 2023
54|2024|4130041000000|1.99|2.19|410410000199|Same as 2023
54|2024|5240002090000|0|0.19|520020900000|Same as 2023
54|2024|4272253001900|0|0.16|420225300000|Same as 2023
54|2024|4272253001900|0.16|0.25|420225300016|Same as 2023
54|2024|0673317001900|0|0.24|060331700000|Same as 2023
54|2024|11100790000NB|83.15|83.55|110790008315|Same as 2023
54|2024|52300070007WB|0|0.23|52007W000000|Same as 2023
54|2024|52300070007WB|0.23|0.33|52007W000023|Same as 2023
54|2024|38202500000NB|0|5|382500000000|Same as 2023
54|2024|38202500000NB|5.01|7|382500000501|Same as 2023
54|2024|20100640000EB|45.39|47.44|200640004539|Same as 2023
54|2024|20100640000EB|47.44|48.4|200640004744|Same as 2023
54|2024|20100640000EB|48.4|49.75|200640004840|Same as 2023
54|2024|20100640000EB|49.75|50.11|200640004975|Same as 2023
54|2024|20100640000EB|50.11|51.56|200640005011|Same as 2023
54|2024|20100640000EB|51.56|52.38|200640005156|Same as 2023
54|2024|20100640000EB|53.75|54.37|200640005375|Same as 2023
54|2024|20100640000EB|54.37|54.8|200640005437|Same as 2023
54|2024|20100640000EB|54.8|55.21|200640005480|Same as 2023
54|2024|20100640000EB|55.21|56.33|200640005521|Same as 2023
54|2024|20100640000EB|56.33|57.02|200640005633|Same as 2023
54|2024|20100640000EB|57.02|57.48|200640005702|Same as 2023
54|2024|20100640000EB|57.48|57.92|200640005748|Same as 2023
54|2024|17200500000EB|0|1.53|170500000000|Same as 2023
54|2024|17200500000EB|1.53|3.37|170500000153|Same as 2023
54|2024|17200500000EB|3.42|3.8|170500000342|Same as 2023
54|2024|17200500000EB|6.11|7.16|170500000611|Same as 2023
54|2024|17200500000EB|11.38|12.29|170500001138|Same as 2023
54|2024|17200500000EB|12.29|12.88|170500001229|Same as 2023
54|2024|17200500000EB|13.25|13.78|170500001325|Same as 2023
54|2024|17200500000EB|13.78|14.03|170500013780|Same as 2023
54|2024|17200500000EB|14.03|14.25|170500014030|Same as 2023
54|2024|17200500000EB|14.324|14.64|170500014324|Same as 2023
54|2024|17200500000EB|14.96|15.31|170500001496|Same as 2023
54|2024|17200500000EB|15.31|15.46|170500015310|New 2024
54|2024|17200500000EB|15.465|15.57|170500015465|Same as 2023
54|2024|17200500000EB|15.68|16.24|170500001568|Same as 2023
54|2024|17200500000EB|17.79|18|170500001779|Same as 2023
54|2024|17200500000EB|18.32|18.45|170500001832|Same as 2023
54|2024|17200500000EB|18.45|18.52|170500001845|Same as 2023
54|2024|17200500000EB|18.52|18.8|170500001852|Same as 2023
54|2024|17200500000EB|18.85|19.21|170500001885|Same as 2023
54|2024|1040019430000|0.09|0.34|100194300009|Same as 2023
54|2024|1577269001900|0.65|0.97|150726900065|Same as 2023
54|2024|4140006030000|0.53|1.48|410060300050|Same as 2023
54|2024|0274273001900|0|0.11|020427300000|Same as 2023
54|2024|20100790000NB|0|0.81|200790000000|Same as 2023
54|2024|20100790000NB|0.81|1.95|200790000081|Same as 2023
54|2024|20100790000NB|1.95|2.24|200790000195|Same as 2023
54|2024|20100790000NB|4.51|5.42|200790000451|Same as 2023
54|2024|20100790000NB|5.42|5.56|200790000542|Same as 2023
54|2024|20100790000NB|5.56|6.12|200790000556|Same as 2023
54|2024|20100790000NB|6.82|7.19|200790000682|Same as 2023
54|2024|20100790000NB|9.97|10.64|200790000997|Same as 2023
54|2024|20100790000NB|10.64|16.04|200790001064|Same as 2023
54|2024|20100790000NB|16.04|19.22|200790001604|Same as 2023
54|2024|20100790000NB|19.22|20.62|200790001922|Same as 2023
54|2024|20100790000NB|20.62|21.28|200790002062|Same as 2023
54|2024|22201190000NB|3.37|5.4|221190000337|Same as 2023
54|2024|22201190000NB|5.4|6.408|221190000540|Same as 2023
54|2024|20100640006EB|0|0.3|200064E00000|Same as 2023
54|2024|3540018000000|0|0.72|350180000000|Same as 2023
54|2024|3630028000000|24.07|25.57|360280002407|Same as 2023
54|2024|1940016000000|0|0.417|190160000000|Same as 2023
54|2024|17200190000NB|18.61|20.62|170190018610|Same as 2023
54|2024|4140009090000|0|1.81|410090900000|Same as 2023
54|2024|2730002000000|1.39|3.15|270020000139|Same as 2023
54|2024|2730002000000|13.72|15.93|270020001372|Same as 2023
54|2024|2730002000000|15.93|18.05|270020001593|Same as 2023
54|2024|2730002000000|18.91|19.89|270020001891|Same as 2023
54|2024|2730002000000|20.07|20.36|270020002007|Same as 2023
54|2024|2730002000000|20.36|20.42|270020020360|New 2024
54|2024|2730002000000|20.57|20.72|270020002057|Same as 2023
54|2024|2730002000000|20.72|20.88|270020002072|Same as 2023
54|2024|2730002000000|21|21.29|270020002100|Same as 2023
54|2024|2730002000000|21.29|22.2|270020002129|Same as 2023
54|2024|2730002000000|24.16|24.79|270020002416|Same as 2023
54|2024|13200600000EB|16.48|17.43|130600001648|Same as 2023
54|2024|13200600000EB|28.53|29.61|130600002853|Same as 2023
54|2024|13200600000EB|35.19|37.65|130600003519|Same as 2023
54|2024|2877013001900|0.42|0.52|280701300042|Same as 2023
54|2024|04100790000NB|44.6|46.22|040790004460|Same as 2023
54|2024|04100790000NB|46.22|49.73|040790004622|Same as 2023
54|2024|04100790000NB|49.73|50.35|040790004973|Same as 2023
54|2024|04100790000NB|50.35|51.61|040790005035|Same as 2023
54|2024|04100790000NB|51.61|52.61|040790005161|Same as 2023
54|2024|04100790000NB|52.61|53.27|040790005261|Same as 2023
54|2024|04100790000NB|53.27|54.18|040790005327|Same as 2023
54|2024|04100790000NB|54.18|57.51|040790005418|Same as 2023
54|2024|04100790000NB|57.51|59|040790005751|Same as 2023
54|2024|04100790000NB|59|61.47|040790005900|Same as 2023
54|2024|04100790000NB|61.47|62.04|040790006147|Same as 2023
54|2024|04100790000NB|62.04|63.46|040790006204|Same as 2023
54|2024|04100790000NB|63.46|64.83|040790006346|Same as 2023
54|2024|04100790000NB|64.83|67.52|040790006483|Same as 2023
54|2024|04100790000NB|67.52|69.32|040790006752|Same as 2023
54|2024|04100790000NB|69.32|70.83|040790006932|Same as 2023
54|2024|04100790000NB|70.83|78.41|040790007083|Same as 2023
54|2024|04100790000NB|78.41|79.08|040790007841|Same as 2023
54|2024|04100790000NB|79.08|83.15|040790007908|Same as 2023
54|2024|1340037120000|0|0.14|130371200000|Same as 2023
54|2024|50200600000EB|0|0.24|500600000000|Same as 2023
54|2024|50200600000EB|0.49|0.72|500600000049|Same as 2023
54|2024|50200600000EB|1.13|1.83|500600000113|Same as 2023
54|2024|50200600000EB|3.79|4.04|500600000379|Same as 2023
54|2024|50200600000EB|4.04|4.39|500600000404|Same as 2023
54|2024|31201190000NB|7.81|9.82|311190000781|Same as 2023
54|2024|31201190000NB|11.9|12.06|311190001190|Same as 2023
54|2024|31201190000NB|13.78|13.99|311190001378|Same as 2023
54|2024|31201190000NB|13.99|14.1|311190001399|Same as 2023
54|2024|31201190000NB|14.42|14.62|311190001442|Same as 2023
54|2024|31201190000NB|14.85|15.15|311190001485|Same as 2023
54|2024|31201190000NB|15.72|16|311190001572|Same as 2023
54|2024|31201190000NB|16.82|17.35|311190001682|Same as 2023
54|2024|31201190000NB|17.44|18.2|311190001744|Same as 2023
54|2024|31201190000NB|18.2|19.66|311190001820|Same as 2023
54|2024|31201190000NB|19.66|20|310119001966|Same as 2023
54|2024|31201190000NB|20|20.47|310119000020|Same as 2023
54|2024|1940009020000|0.2|0.35|190090200020|Same as 2023
54|2024|38202190000NB|0|3.69|382190000000|Same as 2023
54|2024|38202190000NB|3.69|4.37|382190000369|Same as 2023
54|2024|38202190000NB|4.37|6.01|382190000437|Same as 2023
54|2024|38202190000NB|6.01|7.15|382190000601|Same as 2023
54|2024|38202190000NB|7.77|9.82|382190000777|Same as 2023
54|2024|38202190000NB|14.15|14.67|382190001415|Same as 2023
54|2024|38202190000NB|19.58|21.84|382190001958|Same as 2023
54|2024|38202190000NB|25.34|26.37|382190002534|Same as 2023
54|2024|38202190000NB|26.37|29.12|382190002637|Same as 2023
54|2024|38202190000NB|34.47|34.78|382190003447|Same as 2023
54|2024|38202190000NB|34.79|37.89|382190003479|Same as 2023
54|2024|3140070000000|0|0.38|310700000000|Same as 2023
54|2024|3140070000000|0.387|1.47|310700000387|Same as 2023
54|2024|5440004000000|0.57|0.93|540040000059|Same as 2023
54|2024|35202500000NB|0|0.94|352500000000|Same as 2023
54|2024|35202500000NB|0.94|1.9|352500000094|Same as 2023
54|2024|35202500000NB|1.9|2.93|352500000190|Same as 2023
54|2024|35202500000NB|2.93|3.26|352500000293|Same as 2023
54|2024|1730020002300|0|0.13|17020C000000|Same as 2023
54|2024|2040022000000|0.86|1.19|200220000086|Same as 2023
54|2024|2040022000000|1.19|2.47|200220000119|Same as 2023
54|2024|3540040010000|0.85|1.08|350400100085|Same as 2023
54|2024|02200110000NB|5.24|6.05|020110000524|Same as 2023
54|2024|02200110000NB|13.65|13.78|020011001365|Same as 2023
54|2024|02200110000NB|14.51|14.64|020110001451|Same as 2023
54|2024|02200110000NB|16.48|17.51|020110001648|Same as 2023
54|2024|02200110000NB|24.71|24.97|020110002471|Same as 2023
54|2024|3030080000000|4.6|5.6|300800000460|Same as 2023
54|2024|3030080000000|7.05|9.46|300800000705|Same as 2023
54|2024|0640001000000|2.1|2.224|060001000021|Same as 2023
54|2024|0640001000000|2.477|2.619|060001002477|Same as 2023
54|2024|5440047040000|0|0.23|540470400000|Same as 2023
54|2024|5440047040000|0.23|0.93|540470400230|Same as 2023
54|2024|5440047040000|0.93|2.86|540470400930|Same as 2023
54|2024|5475762001900|1.16|1.47|540576200116|Same as 2023
54|2024|3140007210000|0|1.11|310072100000|Same as 2023
54|2024|2040012010000|0|0.6|200120100000|Same as 2023
54|2024|12202200000NB|4.41|5.14|122200000441|Same as 2023
54|2024|45100640000EB|138.01|138.38|450640013801|Same as 2023
54|2024|45100640000EB|138.38|143.2|450640013838|Same as 2023
54|2024|45100640000EB|143.2|143.75|450640014320|Same as 2023
54|2024|3578271001900|0|1.04|350827100000|Same as 2023
54|2024|3578271001900|1.04|1.59|350827100104|Same as 2023
54|2024|5275502001900|0.11|0.3|520550200110|Same as 2023
54|2024|4730032000000|0|3.26|470320000000|Same as 2023
54|2024|4730032000000|3.26|4.88|470320000326|Same as 2023
54|2024|4730032000000|14.79|16.09|470320001479|Same as 2023
54|2024|4730032000000|16.09|16.45|470320001609|Same as 2023
54|2024|3578259001900|0|0.12|350825900000|Same as 2023
54|2024|3578259001900|0.33|0.49|350825900033|Same as 2023
54|2024|1130005000000|10.83|12.51|110050001083|Same as 2023
54|2024|1130005000000|14.58|14.89|110050001458|Same as 2023
54|2024|2870502001900|0|1.01|280050200000|Same as 2023
54|2024|2870502001900|1.01|1.36|280502M0101|Same as 2023
54|2024|2870502001900|1.36|1.6|280050200136|Same as 2023
54|2024|2870502001900|1.6|1.78|280050200160|Same as 2023
54|2024|2870502001900|1.78|1.91|280050200178|Same as 2023
54|2024|3130100000000|0|0.97|311000000000|Same as 2023
54|2024|3130100000000|0.97|1.34|311000000097|Same as 2023
54|2024|3130100000000|1.34|1.64|311000000134|Same as 2023
54|2024|3130100000000|2.54|2.9|311000000254|Same as 2023
54|2024|3130100000000|2.9|3.08|311000000290|Same as 2023
54|2024|3578275001900|0|0.26|350827500000|Same as 2023
54|2024|2940028010000|0|0.1|290280100000|Same as 2023
54|2024|2940028010000|0.1|1.09|290280100010|Same as 2023
54|2024|2940028010000|1.19|2.14|290280100119|Same as 2023
54|2024|2940028010000|2.31|2.45|290280100231|Same as 2023
54|2024|2940028010000|2.45|2.85|290280100245|Same as 2023
54|2024|1230093000000|2.36|2.98|120930000236|Same as 2023
54|2024|1230093000000|3.77|4.05|120930000377|Same as 2023
54|2024|1230093000000|9.6|9.71|120930000960|Same as 2023
54|2024|1230093000000|9.71|13.45|120930000971|Same as 2023
54|2024|1230093000000|13.45|15.85|120930001345|Same as 2023
54|2024|1230093000000|15.85|18.046|120930001585|Same as 2023
54|2024|1740050340000|0|0.69|170503400000|Same as 2023
54|2024|2870514001900|0|0.6|280051400000|Same as 2023
54|2024|2870514001900|0.6|1.41|280051400060|Same as 2023
54|2024|2870514001900|1.41|1.52|280051400141|Same as 2023
54|2024|0540028000000|0|0.198|050280000000|Same as 2023
54|2024|3174817001900|0|0.24|310481700000|Same as 2023
54|2024|0274266001900|0|0.44|020426600000|Same as 2023
54|2024|1740050760000|0|0.31|170507600000|Same as 2023
54|2024|1740050760000|0.31|1.34|170507600031|Same as 2023
54|2024|32202190000NB|1.92|7.87|322190000192|Same as 2023
54|2024|32202190000NB|14.38|16.18|322190001438|Same as 2023
54|2024|32202190000NB|16.18|19.24|322190001618|Same as 2023
54|2024|32202190000NB|19.24|19.66|322190001924|Same as 2023
54|2024|32202190000NB|19.66|23|322190001966|Same as 2023
54|2024|32202190000NB|24.92|26.24|322190002492|Same as 2023
54|2024|32202190000NB|26.24|28.68|322190002624|Same as 2023
54|2024|0540507000000|0|0.25|055070000000|Same as 2023
54|2024|0540507000000|0.25|0.34|055070000025|Same as 2023
54|2024|0540507000000|0.62|1.2|055070000062|Same as 2023
54|2024|1740023090000|6.77|7.36|170230900675|Same as 2023
54|2024|1740023090000|7.77|8.94|170230900777|Same as 2023
54|2024|29200500000EB|8|10.56|290500000800|Same as 2023
54|2024|0940011000000|11.45|12.55|090110001145|Same as 2023
54|2024|1540003060000|2.171|2.32|150030602171|Same as 2023
54|2024|2071058001900|0.09|1.81|200105800009|Same as 2023
54|2024|05300020005SB|0|0.34|05002S000000|Same as 2023
54|2024|35300020005SB|0.17|0.26|35002S000170|New 2024
54|2024|35300020005SB|0.49|0.81|35002S000049|Same as 2023
54|2024|41100770004NB|0|0.43|41077N000000|Same as 2023
54|2024|4030817000000|2.06|8.81|408170000206|Same as 2023
54|2024|4030817000000|8.81|10.62|408170000881|Same as 2023
54|2024|2630002000300|0|0.43|260020000000|Same as 2023
54|2024|2930972000000|0|1.48|299720000000|Same as 2023
54|2024|2930972000000|1.48|2.19|299720000148|Same as 2023
54|2024|4240025000000|1.36|1.73|420250000136|Same as 2023
54|2024|4240025000000|1.73|2.55|420250001730|Same as 2023
54|2024|39100680000EB|18.12|23.34|390680001812|Same as 2023
54|2024|39100680000EB|26.75|28.64|390680002675|Same as 2023
54|2024|39100680000EB|28.64|29.23|390680002864|Same as 2023
54|2024|39100680000EB|31.24|31.42|390680003124|Same as 2023
54|2024|39100680000EB|31.42|32.06|390680003142|Same as 2023
54|2024|3530002000000|1.9|2.13|350020000190|Same as 2023
54|2024|3530002000000|2.36|2.84|350020000236|Same as 2023
54|2024|3530002000000|5.81|7.04|350020000581|Same as 2023
54|2024|3530002000000|7.35|7.57|350020000735|Same as 2023
54|2024|3530002000000|7.57|8.08|350020000757|Same as 2023
54|2024|3530002000000|8.22|8.5|350020000822|Same as 2023
54|2024|1740707000000|0|0.57|177070000000|Same as 2023
54|2024|1740707000000|0.57|0.907|177070000057|Same as 2023
54|2024|0630010000000|15.69|15.798|060100001569|Same as 2023
54|2024|0630010000000|15.82|16.27|060100001582|Same as 2023
54|2024|0630010000000|17.21|17.37|060100001721|Same as 2023
54|2024|0630010000000|17.46|18.41|060100001746|Same as 2023
54|2024|2040114010000|0|1.07|201140100000|Same as 2023
54|2024|1730131000000|4.33|5.47|171310000433|Same as 2023
54|2024|2040038000000|0|2.43|200380000000|Same as 2023
54|2024|3140019240000|2.77|3.08|310192400277|Same as 2023
54|2024|0630527000100|0|0.19|06527A000000|Same as 2023
54|2024|1740024000000|4.76|5.65|170240004780|Same as 2023
54|2024|5475760001900|0|0.21|540576000000|Same as 2023
54|2024|5475760001900|0.21|0.24|540576000021|Same as 2023
54|2024|3174813001900|0|1.24|310481300000|Same as 2023
54|2024|5530010000000|24.14|24.38|550100002414|Same as 2023
54|2024|1771783001900|0|0.64|170178300000|Same as 2023
54|2024|0740011000000|6.9|7.85|070110000690|Same as 2023
54|2024|0673281001900|0.19|0.48|060328100019|Same as 2023
54|2024|0673281001900|0.6|0.96|060328100060|Same as 2023
54|2024|2030025000000|2.46|2.68|200250000246|Same as 2023
54|2024|2030025000000|3.89|5.11|200250000389|Same as 2023
54|2024|2030025000000|9.42|10.42|200250000942|Same as 2023
54|2024|1577259001900|0.58|0.62|150725900058|Same as 2023
54|2024|1577259001900|0.62|1.16|150725900062|Same as 2023
54|2024|3530088000000|0|1.06|350880000000|Same as 2023
54|2024|3530088000000|7.12|7.47|350880000712|Same as 2023
54|2024|3530088000000|7.77|8.5|350880000777|Same as 2023
54|2024|3530088000000|8.57|8.89|350880000857|Same as 2023
54|2024|3530088000000|8.89|10.06|350880000889|Same as 2023
54|2024|3530088000000|10.06|10.16|350880001006|Same as 2023
54|2024|1530002000000|0|0.1|150020000000|Same as 2023
54|2024|1530002000000|0.1|0.28|150020000010|Same as 2023
54|2024|1530002000000|0.28|0.56|150020000028|Same as 2023
54|2024|1530002000000|1.49|2.3|150020000149|Same as 2023
54|2024|1530002000000|2.3|2.66|150020000230|Same as 2023
54|2024|1530002000000|2.66|3.03|150020000266|Same as 2023
54|2024|1530002000000|3.91|4.68|150020000391|Same as 2023
54|2024|1530002000000|4.69|6.69|150020000469|Same as 2023
54|2024|1530002000000|10.33|10.56|150020001033|Same as 2023
54|2024|1530002000000|10.8|11.14|150020001080|Same as 2023
54|2024|1530002000000|11.14|11.45|150020001114|Same as 2023
54|2024|1530002000000|12.89|13.84|150020001289|Same as 2023
54|2024|1530002000000|16.416|16.52|150020016416|New 2024
54|2024|1530002000000|16.52|17.44|150020001652|Same as 2023
54|2024|1530002000000|17.55|18.12|150020001755|Same as 2023
54|2024|1530002000000|19.71|20.25|150020001971|Same as 2023
54|2024|4140008000000|0|0.11|410080000000|Same as 2023
54|2024|4140008000000|0.19|0.75|410080000190|Same as 2023
54|2024|2640010000000|0|0.423|260100000000|Same as 2023
54|2024|4140006000000|0|0.14|410060000000|Same as 2023
54|2024|4140006000000|0.91|1.13|410060000091|Same as 2023
54|2024|0140010000000|7.41|8.63|010100000741|Same as 2023
54|2024|1740024020000|0|0.75|170240200000|Same as 2023
54|2024|1740024020000|0.75|0.87|170240200075|Same as 2023
54|2024|1740024020000|0.87|1.09|170240200087|Same as 2023
54|2024|1740024020000|1.09|1.86|170240200109|Same as 2023
54|2024|1740024020000|1.86|2.95|170240200186|Same as 2023
54|2024|1430028000000|16.47|22.27|140280001647|Same as 2023
54|2024|3040065050000|5.74|7.12|300650500574|Same as 2023
54|2024|4530020000000|24.37|24.94|450200002437|Same as 2023
54|2024|4530020000000|24.94|25.32|450200002494|Same as 2023
54|2024|4530020000000|25.32|32.14|450200002532|Same as 2023
54|2024|1840021000000|0|0.36|180210000000|Same as 2023
54|2024|1840021000000|19.64|20.96|180210001964|Same as 2023
54|2024|1840021000000|28.32|29.88|180210002832|Same as 2023
54|2024|5040003000000|3.75|3.85|500030000375|Same as 2023
54|2024|5040003000000|3.94|4.06|500030000394|Same as 2023
54|2024|5275511001900|0|0.12|520551100000|Same as 2023
54|2024|5275511001900|0.57|0.84|520551100057|Same as 2023
54|2024|0640039000000|2.08|2.62|060390000208|Same as 2023
54|2024|3140059020000|0|0.44|310590200000|Same as 2023
54|2024|4240025030000|0|0.005|420250300000|Same as 2023
54|2024|2840052200000|0.001|0.82|280052200001|Same as 2023
54|2024|36200330000EB|5.49|5.92|360330000549|Same as 2023
54|2024|36200330000EB|33.184|33.783|360330003321|Same as 2023
54|2024|4970753001900|0.26|0.44|490075300026|Same as 2023
54|2024|47300320005SB|0.04|0.19|47032S000004|Same as 2023
54|2024|0540001080000|0.81|0.95|050010800081|Same as 2023
54|2024|0540001080000|0.95|1.45|050010800095|Same as 2023
54|2024|0540001080000|1.9|2.41|050010800190|Same as 2023
54|2024|3578277001900|0|0.13|350827700000|Same as 2023
54|2024|31100680005SB|0.65|1.14|31068S000065|Same as 2023
54|2024|5275509001900|0.07|0.23|520550900070|Same as 2023
54|2024|25100790000NB|129.22|129.52|250790012922|Same as 2023
54|2024|25100790000NB|129.52|130.48|250790012952|Same as 2023
54|2024|25100790000NB|130.53|133.37|250790013053|Same as 2023
54|2024|25100790000NB|133.37|134.97|250790013337|Same as 2023
54|2024|25100790000NB|139.1|139.82|250790013910|Same as 2023
54|2024|25100790000NB|139.82|140.352|250790013982|Same as 2023
54|2024|2870517001900|0.19|0.38|280051700190|Same as 2023
54|2024|2870517001900|0.38|0.83|280051700380|New 2024
54|2024|2040023000000|2.48|2.67|200230000248|Same as 2023
54|2024|2040023000000|2.67|3.6|200230002670|Same as 2023
54|2024|2040008000000|0.86|1.17|204000800000|Same as 2023
54|2024|2040008000000|2.72|3.24|200080000272|Same as 2023
54|2024|4140016390000|0|0.64|410163900000|Same as 2023
54|2024|2630002000000|10.22|11.92|260020001022|Same as 2023
54|2024|2630002000000|13.46|13.89|260020001346|Same as 2023
54|2024|2630002000000|17.94|18.08|260020001794|Same as 2023
54|2024|2630002000000|18.24|18.76|260020001824|Same as 2023
54|2024|2630002000000|19.53|19.8|260020001953|Same as 2023
54|2024|2040009030000|0.97|2.86|200090300969|Same as 2023
54|2024|23201190000NB|0|0.85|231190000000|Same as 2023
54|2024|23201190000NB|1.44|2.2|231190000144|Same as 2023
54|2024|23201190000NB|2.2|2.54|231190000220|Same as 2023
54|2024|23201190000NB|2.54|2.67|231190000254|Same as 2023
54|2024|23201190000NB|2.67|3.59|231190000267|Same as 2023
54|2024|23201190000NB|3.59|5.27|231190000359|Same as 2023
54|2024|23201190000NB|5.27|5.915|231190005270|New 2024
54|2024|23201190000NB|11.87|12.283|231190001187|Same as 2023
54|2024|0340006000000|2.99|5.53|030060000299|Same as 2023
54|2024|2071011001900|0.06|0.42|200101100006|Same as 2023
54|2024|3174786001900|0.04|0.15|310478600004|Same as 2023
54|2024|2071308001900|0.77|1.62|200130800077|Same as 2023
54|2024|1740009000000|0.05|0.52|170090000005|Same as 2023
54|2024|31100680006EB|0|0.89|31068E000000|Same as 2023
54|2024|2540250180000|0|0.08|252501800000|New 2024
54|2024|2540250180000|0.08|0.85|252501800008|Same as 2023
54|2024|2870504001900|0|0.47|280050400000|Same as 2023
54|2024|2870504001900|0.47|0.71|280050400047|Same as 2023
54|2024|0630002001300|0|0.17|06002T000000|Same as 2023
54|2024|2774502001900|0|0.17|270450200000|Same as 2023
54|2024|0530027000000|1.58|2.26|050270000158|Same as 2023
54|2024|40100640000EB|31.77|32.57|400640003177|Same as 2023
54|2024|40100640000EB|32.57|33.45|400640003257|Same as 2023
54|2024|40100640000EB|33.45|34.45|400640003345|Same as 2023
54|2024|40100640000EB|34.45|36.27|400640003445|Same as 2023
54|2024|40100640000EB|38.54|38.68|400640003854|Same as 2023
54|2024|40100640000EB|39.134|40.4|400640039134|New 2024
54|2024|40100640000EB|40.4|40.46|400640040400|New 2024
54|2024|40100640000EB|40.46|40.568|400640004046|Same as 2023
54|2024|40100640000EB|41.546|41.646|400064041546|Same as 2023
54|2024|40100640000EB|41.646|41.66|400640041646|New 2024
54|2024|40100640000EB|41.66|41.86|400640004166|Same as 2023
54|2024|40100640000EB|41.86|42.78|400640004186|Same as 2023
54|2024|40100640000EB|42.79|43.77|400640004279|Same as 2023
54|2024|40100640000EB|43.77|44.47|400640004377|Same as 2023
54|2024|40100640000EB|44.47|44.78|400640004447|Same as 2023
54|2024|40100640000EB|44.78|45.39|400640004478|Same as 2023
54|2024|0274259001900|0|0.17|020425900000|Same as 2023
54|2024|0274259001900|0.17|0.61|022590000017|Same as 2023
54|2024|1740024270000|0|0.41|170242700000|Same as 2023
54|2024|2330010000000|10.58|10.76|230001001058|Same as 2023
54|2024|2330010000000|12.79|12.95|230100001279|Same as 2023
54|2024|2330010000000|15.633|15.742|230100015633|New 2024
54|2024|2330010000000|17.892|17.911|230100017892|New 2024
54|2024|2330010000000|19.952|20.39|230100019952|New 2024
54|2024|2330010000000|26.308|27.71|230100002714|Same as 2023
54|2024|2430016000000|0.06|1.73|240160000006|Same as 2023
54|2024|2430016000000|4.05|6.18|240160000405|Same as 2023
54|2024|2430016000000|9.47|10.14|240160000947|Same as 2023
54|2024|2430016000000|13.75|14.05|240160001375|Same as 2023
54|2024|2430016000000|16.06|19.56|240160001606|Same as 2023
54|2024|2430016000000|19.56|20.79|240160001956|Same as 2023
54|2024|2430016000000|20.79|22.05|240160002079|Same as 2023
54|2024|2430016000000|22.05|23.76|240160002205|Same as 2023
54|2024|2430016000000|23.76|24.86|240160002376|Same as 2023
54|2024|2430016000000|29.19|29.41|240160002919|Same as 2023
54|2024|2430016000000|32.7|35.38|240160003270|Same as 2023
54|2024|0530002000000|3.33|3.88|050020003330|Same as 2023
54|2024|0530002000000|3.88|6.35|050020000388|Same as 2023
54|2024|0530002000000|6.8|7.06|050020000680|Same as 2023
54|2024|0530002000000|7.06|7.47|050020000706|Same as 2023
54|2024|0530002000000|7.59|8.67|050020000759|Same as 2023
54|2024|0530002000000|10.14|10.72|050020001014|Same as 2023
54|2024|0530002000000|12.63|13.08|050020001263|Same as 2023
54|2024|0530002000000|14.5|14.83|050002000145|Same as 2023
54|2024|0530002000000|14.83|15.05|050020001483|Same as 2023
54|2024|0530002000000|15.05|15.08|050020001505|Same as 2023
54|2024|0530002000000|15.08|15.4|050020001508|Same as 2023
54|2024|0530002000000|15.75|16.16|050020001575|Same as 2023
54|2024|4170046001900|0|0.1|410004600000|Same as 2023
54|2024|0540008000000|0|0.75|050080000000|Same as 2023
54|2024|0630152000000|0.76|0.99|061520000076|Same as 2023
54|2024|2840027000000|0|1.57|280270000000|Same as 2023
54|2024|2840027000000|2.12|2.59|280270000212|Same as 2023
54|2024|5440021020000|0|0.39|54400210200|Same as 2023
54|2024|5440021020000|0.5|1.98|540210200050|Same as 2023
54|2024|0540003010000|0.48|0.61|050030100046|Same as 2023
54|2024|0540003010000|0.61|1.65|050030100061|Same as 2023
54|2024|0540003010000|1.65|1.94|050030100165|Same as 2023
54|2024|2040046000000|0|0.41|200460000000|Same as 2023
54|2024|1340219390000|0|0.48|132193900000|New 2024
54|2024|0240011190000|0|0.31|020111900000|Same as 2023
54|2024|1040015000000|0|1.58|100150000000|Same as 2023
54|2024|2030061000000|20.18|20.38|200610002018|Same as 2023
54|2024|2030061000000|20.73|21.2|200610002073|Same as 2023
54|2024|2030061000000|23.75|25.8|200610002375|Same as 2023
54|2024|0673287001900|0|0.28|060328700000|Same as 2023
54|2024|0673287001900|1.03|1.14|060328700103|Same as 2023
54|2024|2640003000000|0|1.31|260030000000|Same as 2023
54|2024|3540017000000|0.27|0.95|350170000027|Same as 2023
54|2024|1577271001900|0.4|1.18|150727100040|Same as 2023
54|2024|2530310000000|7.16|7.808|253100007160|Same as 2023
54|2024|2530310000000|8.35|8.45|253100000835|Same as 2023
54|2024|2530310000000|9.67|10.1|253100000967|Same as 2023
54|2024|2530310000000|10.1|10.22|253100010100|New 2024
54|2024|1930009000000|0|1.45|190090000000|Same as 2023
54|2024|1930009000000|1.45|3.94|190090000145|Same as 2023
54|2024|1930009000000|4.97|6.35|190090000497|Same as 2023
54|2024|1930009000000|10.91|11.418|190090001091|Same as 2023
54|2024|1930009000000|14.435|14.96|190090014435|Same as 2023
54|2024|1940340180000|0.64|1.24|193401800064|Same as 2023
54|2024|5440016000000|0|0.5|540160000000|Same as 2023
54|2024|5440016000000|0.5|0.9|540160000050|Same as 2023
54|2024|5440016000000|0.9|1.12|540160000090|Same as 2023
54|2024|5440016000000|1.21|1.47|54400160000|Same as 2023
54|2024|0740004000000|0|0.67|070040000000|Same as 2023
54|2024|25202500000NB|2.87|3|252500000287|Same as 2023
54|2024|25202500000NB|3.785|4.16|252500003420|Same as 2023
54|2024|4140016160000|0|0.42|410161600000|Same as 2023
54|2024|41100770016NB|35.21|35.75|410077003521|Same as 2023
54|2024|41100770016NB|35.75|37.82|410770003575|Same as 2023
54|2024|41100770016NB|41.68|42.31|410770004168|Same as 2023
54|2024|41100770016NB|42.31|43.13|410770004231|Same as 2023
54|2024|41100770016NB|43.13|44.54|410770004313|Same as 2023
54|2024|41100770016NB|48.05|48.34|410770004805|Same as 2023
54|2024|3140069060000|0|0.32|310690600000|Same as 2023
54|2024|3140069060000|0.32|0.38|310690600032|Same as 2023
54|2024|2540019310000|0.4|0.89|250193100040|Same as 2023
54|2024|1740058010000|0|0.17|170580100000|New 2024
54|2024|3540007000000|0|0.44|350070000000|Same as 2023
54|2024|21200330000EB|16|16.23|210330001600|Same as 2023
54|2024|21200330000EB|17.59|17.967|210330001759|Same as 2023
54|2024|21200330000EB|19.84|20.19|210330001984|Same as 2023
54|2024|21200330000EB|20.19|21.03|210330002019|Same as 2023
54|2024|21200330000EB|21.25|22.25|210330002125|Same as 2023
54|2024|21200330000EB|22.25|22.84|210330002225|Same as 2023
54|2024|4040031000000|0|0.3|400310000000|Same as 2023
54|2024|3140081000000|7.25|8.03|310810000725|Same as 2023
54|2024|3540018020000|0|0.23|350180200000|Same as 2023
54|2024|0530067000000|0.17|0.62|050670000017|Same as 2023
54|2024|0530067000000|6.14|6.71|050670000614|Same as 2023
54|2024|3730016000000|7.411|8.235|370160000741|Same as 2023
54|2024|2030214000000|8|8.12|202140000800|Same as 2023
54|2024|0240011370000|0|0.23|020113700000|Same as 2023
54|2024|5040060070000|0.24|0.87|500600700024|Same as 2023
54|2024|5040060070000|0.87|1.44|500600700087|Same as 2023
54|2024|3578281001900|0.21|0.34|350828100021|Same as 2023
54|2024|10200600000EB|0.34|1.01|100600000034|Same as 2023
54|2024|1640012000000|14.85|15.91|160120001485|Same as 2023
54|2024|46202500000NB|6.95|7.082|460250000695|Same as 2023
54|2024|46202500000NB|16.38|16.52|462500001638|Same as 2023
54|2024|4940013000000|0|0.86|490130000000|Same as 2023
54|2024|5040001000000|2.16|2.29|500010000216|Same as 2023
54|2024|3140065000000|0|0.263|310650000000|Same as 2023
54|2024|5440021010000|0.01|0.53|544002100010|Same as 2023
54|2024|5440021010000|1.2|1.71|540210100120|Same as 2023
54|2024|5275518001900|0|0.13|520551800000|New 2024
54|2024|4330053000000|0|1.4|430530000000|Same as 2023
54|2024|1230042000000|16.97|21.26|120420001697|Same as 2023
54|2024|1230042000000|21.78|22.74|120420002178|Same as 2023
54|2024|0140006000000|0.11|3.13|010060000011|Same as 2023
54|2024|5140003000000|8.08|10.38|510030000801|Same as 2023
54|2024|5475767001900|0|0.24|540576700000|Same as 2023
54|2024|5475767001900|0.88|1.08|540576700088|Same as 2023
54|2024|5475767001900|1.25|1.46|540576700125|Same as 2023
54|2024|1740050160000|0.12|0.54|170501600012|Same as 2023
54|2024|0630010000100|1.94|2.56|06010A000194|Same as 2023
54|2024|08100790000NB|36|39.91|080790003600|Same as 2023
54|2024|08100790000NB|39.91|41.43|080790003991|Same as 2023
54|2024|08100790000NB|41.43|44.6|080790004143|Same as 2023
54|2024|2877012001900|0|0.96|280701200000|New 2024
54|2024|2640034000000|1.15|1.61|260340000115|Same as 2023
54|2024|2640034000000|4.38|5.18|260340004380|Same as 2023
54|2024|2640034000000|5.18|5.23|260340005180|Same as 2023
54|2024|0540014000000|2.43|3.45|050140000243|Same as 2023
54|2024|5475757001900|0.33|0.47|540575700330|Same as 2023
54|2024|1040012000000|0.18|1.9|100120000180|Same as 2023
54|2024|1040012000000|1.9|3.28|100120001900|Same as 2023
54|2024|4240219220000|0|0.16|422192200000|Same as 2023
54|2024|52202500000NB|1.18|1.89|522500000118|Same as 2023
54|2024|52202500000NB|5.54|6.88|522500000554|Same as 2023
54|2024|52202500000NB|7.02|7.97|522500000702|Same as 2023
54|2024|52202500000NB|8.1|8.64|522500000810|Same as 2023
54|2024|52202500000NB|8.68|9.05|522500000868|Same as 2023
54|2024|52202500000NB|9.05|9.2|522500000905|Same as 2023
54|2024|52202500000NB|9.2|9.63|522500000920|Same as 2023
54|2024|52202500000NB|9.63|11.07|522500000963|Same as 2023
54|2024|4140030000000|4.27|4.52|410300000427|Same as 2023
54|2024|2675256001900|0.42|0.59|260525600042|Same as 2023
54|2024|2930093000000|0|3.42|290930000000|Same as 2023
54|2024|4170006001900|0|0.05|410000600000|New 2024
54|2024|4240033070000|0|0.43|420330700000|Same as 2023
54|2024|0630101000000|0.16|0.36|061010000016|Same as 2023
54|2024|3540018030000|0|0.61|350180300000|Same as 2023
54|2024|3540018030000|0.61|1.15|350180300061|Same as 2023
54|2024|3540018030000|1.75|2.03|350180300175|Same as 2023
54|2024|06200600000EB|2.97|3.07|060600000297|Same as 2023
54|2024|06200600000EB|3.17|3.27|060600000317|Same as 2023
54|2024|06200600000EB|5.76|5.96|060600000576|Same as 2023
54|2024|06200600000EB|6.97|7.51|060600000697|Same as 2023
54|2024|06200600000EB|7.59|7.96|060600000759|Same as 2023
54|2024|06200600000EB|7.96|8.43|060600000796|Same as 2023
54|2024|06200600000EB|8.43|8.82|060600000843|Same as 2023
54|2024|06200600000EB|8.82|9.5|060600000882|Same as 2023
54|2024|06200600000EB|9.56|9.92|060600000956|Same as 2023
54|2024|06200600000EB|9.92|10.27|060600000992|Same as 2023
54|2024|06200600000EB|10.76|10.929|060600001076|Same as 2023
54|2024|06200600000EB|10.929|10.944|060600001076|Same as 2023
54|2024|06200600000EB|10.944|11.25|060600001076|Same as 2023
54|2024|06200600000EB|11.51|12.23|060600001151|Same as 2023
54|2024|06200600000EB|15.59|17.29|060600001559|Same as 2023
54|2024|5230007000000|0.2|0.36|520070000020|Same as 2023
54|2024|5230007000000|2|2.55|520070000200|Same as 2023
54|2024|5230007000000|35.64|36.52|520070003564|Same as 2023
54|2024|31100680004NB|0|0.84|31068N000000|Same as 2023
54|2024|3540015010000|2.48|2.77|350150100248|Same as 2023
54|2024|1330063000000|6.06|7.63|130630000606|Same as 2023
54|2024|4140019210000|3.73|5.14|410192100373|Same as 2023
54|2024|4530003000000|9.56|10.91|450030000956|Same as 2023
54|2024|5040060050000|0|0.18|500600500000|Same as 2023
54|2024|03201190000NB|0|2.93|031190000000|Same as 2023
54|2024|03201190000NB|9.44|11.49|031190000944|Same as 2023
54|2024|03201190000NB|11.49|12.83|031190001149|Same as 2023
54|2024|03201190000NB|12.83|13.54|031190001283|Same as 2023
54|2024|03201190000NB|16.97|17.83|031190001697|Same as 2023
54|2024|4140025000000|3.7|5.9|410250003700|Same as 2023
54|2024|3140049000000|0.66|1.25|310490000066|Same as 2023
54|2024|4640044000000|0.24|0.73|460440000240|Same as 2023
54|2024|4640044000000|0.76|1.76|460440000076|Same as 2023
54|2024|4640044000000|1.92|2.03|460440001920|Same as 2023
54|2024|1771760001900|0|0.23|170176000000|New 2024
54|2024|24200520000EB|2.54|3.72|240520000254|Same as 2023
54|2024|24200520000EB|5.19|6.4|240520000519|Same as 2023
54|2024|24200520000EB|6.4|7.91|240520000640|Same as 2023
54|2024|24200520000EB|9.59|12.82|240520000959|Same as 2023
54|2024|24200520000EB|24.59|26.77|240520002459|Same as 2023
54|2024|1040061100000|0.08|0.45|100611000008|Same as 2023
54|2024|0240045050000|0.55|1.25|020450500055|Same as 2023
54|2024|0540007010000|0|0.742|050070100000|Same as 2023
54|2024|0540007010000|0.742|1.99|050070100084|Same as 2023
54|2024|0240034030000|0|1.01|020340300000|Same as 2023
54|2024|2572529001900|0|0.15|250252900000|Same as 2023
54|2024|5073253001900|0|0.13|500325300000|Same as 2023
54|2024|5073253001900|0.13|0.26|500325300130|Same as 2023
54|2024|4140041210000|0|1.63|410412100000|Same as 2023
54|2024|0830004000000|15.75|19.01|080040001575|Same as 2023
54|2024|0830004000000|21.98|22.98|080040002198|Same as 2023
54|2024|2040046010000|0|0.43|200460100000|Same as 2023
54|2024|2940014000000|4.19|4.6|290140000419|Same as 2023
54|2024|4640044080000|0|0.33|460440800000|Same as 2023
54|2024|4640044080000|0.33|0.45|460440800033|Same as 2023
54|2024|4640044080000|0.45|0.69|460044080045|Same as 2023
54|2024|4640044080000|0.69|0.72|460440800069|Same as 2023
54|2024|4640009000000|0.82|1.16|460090000082|Same as 2023
54|2024|4640009000000|1.16|1.59|460090000116|Same as 2023
54|2024|4640009000000|1.59|1.618|460090001590|New 2024
54|2024|2630086000000|0.2|0.51|260860000020|Same as 2023
54|2024|2040073000000|0|1.18|200730000000|Same as 2023
54|2024|0330094000000|0|3.01|030940000000|Same as 2023
54|2024|0330099000000|0|1.84|030990000000|Same as 2023
54|2024|2840021010000|0|0.89|280210100000|Same as 2023
54|2024|5430068000000|0|0.35|54300680000|Same as 2023
54|2024|5430068000000|17.19|18.29|540680001719|Same as 2023
54|2024|0673285001900|0|0.32|060328500000|Same as 2023
54|2024|2040025250000|0|0.15|200252500000|Same as 2023
54|2024|2040025250000|0.15|2.17|200252500015|Same as 2023
54|2024|0640060700000|0|0.18|060607000000|Same as 2023
54|2024|0640060700000|0.18|0.56|060607000018|Same as 2023
54|2024|0640060700000|0.56|0.76|060607000056|Same as 2023
54|2024|0130038000000|0.43|2.43|010380000043|Same as 2023
54|2024|0130038000000|5.53|6.31|010380000553|Same as 2023
54|2024|4940020310000|0|0.22|490203100000|Same as 2023
54|2024|1940003000000|1.403|1.82|190030001403|Same as 2023
54|2024|1940003000000|1.82|2.02|190030001820|Same as 2023
54|2024|1940003000000|2.02|2.36|190030002020|Same as 2023
54|2024|2830104000000|1.65|2.65|281040000165|Same as 2023
54|2024|1540105010000|0|0.34|150726400000|Same as 2023
54|2024|3540021000000|0|0.65|350210000000|Same as 2023
54|2024|3540021000000|0.65|0.73|350210000065|Same as 2023
54|2024|31200190000NB|8.29|8.806|310190000829|Same as 2023
54|2024|31200190000NB|8.99|9.16|310190000899|Same as 2023
54|2024|31200190000NB|9.54|9.94|310190000954|Same as 2023
54|2024|31200190000NB|10.59|11.08|310190001059|Same as 2023
54|2024|31200190000NB|13.74|14.19|310190001374|Same as 2023
54|2024|31200190000NB|14.25|14.35|310190001425|Same as 2023
54|2024|31200190000NB|14.44|14.8|310190001444|Same as 2023
54|2024|31200190000NB|14.8|14.98|310190001480|Same as 2023
54|2024|31200190000NB|15.62|16.49|310190001562|Same as 2023
54|2024|31200190000NB|16.49|17.021|310190001649|Same as 2023
54|2024|2930028000100|0|0.54|29028A000000|Same as 2023
54|2024|2930028000100|0.54|1.03|29028A000054|Same as 2023
54|2024|2930028000100|1.03|2.05|29028A000103|Same as 2023
54|2024|2930028000100|2.05|2.31|29028A000205|Same as 2023
54|2024|2930028000100|2.42|2.63|29028A000242|Same as 2023
54|2024|2930028000100|2.63|2.97|29028A000263|Same as 2023
54|2024|4170016001900|0.72|0.9|410001600072|Same as 2023
54|2024|2040060630000|0.06|0.354|200606300006|Same as 2023
54|2024|0140030070000|0|0.92|010300700000|Same as 2023
54|2024|0140030070000|0.92|2|010300700092|Same as 2023
54|2024|0240034000000|2.51|3.42|020340002510|New 2024
54|2024|2240012000000|4.91|5.18|220120000491|Same as 2023
54|2024|42202500000NB|9.71|12.45|422500000971|Same as 2023
54|2024|3540018010000|0|0.06|350180100000|Same as 2023
54|2024|5430892000000|2.81|4.73|540892000281|Same as 2023
54|2024|5430892000000|7.02|8.55|540892000702|Same as 2023
54|2024|5430892000000|8.55|9.9|548920000855|Same as 2023
54|2024|1040018230000|0|0.44|100182300000|Same as 2023
54|2024|0240019000000|1.55|3.438|020190000155|Same as 2023
54|2024|0240019000000|3.438|4.04|020190003438|Same as 2023
54|2024|0274265001900|0|0.57|020426500000|Same as 2023
54|2024|0673288001900|0.78|0.89|060328800078|Same as 2023
54|2024|5040003020000|0|0.64|500030200000|Same as 2023
54|2024|5040003020000|0.64|1.25|500030200064|Same as 2023
54|2024|3140069050000|0|1.77|310690500000|Same as 2023
54|2024|3140069050000|1.77|2.02|310690500177|Same as 2023
54|2024|3140069050000|2.02|2.1|310690500202|Same as 2023
54|2024|0240013000000|0.43|1.03|020130000043|Same as 2023
54|2024|0240013000000|1.03|1.5|020130000103|Same as 2023
54|2024|0240013000000|2.75|3.716|020130000275|Same as 2023
54|2024|0240036010000|1.6|1.98|020360100160|Same as 2023
54|2024|2340005000000|0.45|2.789|230050000045|Same as 2023
54|2024|4272252001900|0|0.39|420225200000|Same as 2023
54|2024|2730062000000|19.72|20.33|270620001972|Same as 2023
54|2024|2730062000000|20.33|20.53|270620002033|Same as 2023
54|2024|2730062000000|20.55|21.94|270620002055|Same as 2023
54|2024|5040060030000|1.37|1.47|500600300137|Same as 2023
54|2024|2340119900000|0|0.5|231199000000|Same as 2023
54|2024|14200500000EB|7.48|7.98|140500000748|Same as 2023
54|2024|14200500000EB|8.26|8.44|140500000826|Same as 2023
54|2024|14200500000EB|8.56|8.92|140500000856|Same as 2023
54|2024|14200500000EB|13.37|14.67|140500001337|Same as 2023
54|2024|14200500000EB|15.88|16.97|140500001588|Same as 2023
54|2024|14200500000EB|29.25|30.33|140500002925|Same as 2023
54|2024|2776503001900|0|0.23|270650300000|Same as 2023
54|2024|0540007000000|1.29|2.449|050070000129|Same as 2023
54|2024|0274257001900|0|0.11|020425700000|Same as 2023
54|2024|0274257001900|0.11|0.42|020425700011|Same as 2023
54|2024|1730098000000|0.42|1.96|170980000042|Same as 2023
54|2024|2140015000000|2.36|4.01|210150000236|Same as 2023
54|2024|2071013001900|0|1.48|200101300000|Same as 2023
54|2024|3140068070000|0.25|0.75|310680700025|Same as 2023
54|2024|3140068070000|0.75|1.32|310680700075|Same as 2023
54|2024|3140068070000|1.61|2.15|310680700161|Same as 2023
54|2024|28204600000EB|0.029|1.06|284600000029|Same as 2023
54|2024|28204600000EB|1.33|2.9|284600000133|Same as 2023
54|2024|28204600000EB|2.9|3.09|284600000290|Same as 2023
54|2024|28204600000EB|4.29|5.38|284600000429|Same as 2023
54|2024|28204600000EB|13.48|14.72|284600001348|Same as 2023
54|2024|28204600000EB|14.72|15.15|284600001472|Same as 2023
54|2024|2140007000000|3.84|4.17|210070000384|Same as 2023
54|2024|5475756001900|0|0.25|540575600000|Same as 2023
54|2024|16202200000NB|10|10.53|162200001000|Same as 2023
54|2024|16202200000NB|10.53|10.69|160220001053|Same as 2023
54|2024|16202200000NB|10.7|11.7|162200001070|Same as 2023
54|2024|16202200000NB|11.8|12.96|162200001180|Same as 2023
54|2024|0640031060000|0|0.38|060310600000|Same as 2023
54|2024|0640031060000|0.38|0.41|060310600038|Same as 2023
54|2024|0640031060000|0.41|0.48|060310600041|Same as 2023
54|2024|2040015000000|0|0.1|200150000000|Same as 2023
54|2024|4170052001900|0.31|0.57|410005200031|Same as 2023
54|2024|4170052001900|0.85|0.95|410005200085|Same as 2023
54|2024|1740025000000|12.11|12.26|170250001211|Same as 2023
54|2024|1740025000000|12.26|12.62|170250001226|Same as 2023
54|2024|3740001000000|3.02|4.05|370010000302|Same as 2023
54|2024|13202190005SB|0|0.33|13219S000000|Same as 2023
54|2024|1930051000000|8.13|8.66|190510000813|Same as 2023
54|2024|1930051000000|8.66|8.78|190510008660|Same as 2023
54|2024|44100790000NB|21.28|25.79|440790002128|Same as 2023
54|2024|44100790000NB|25.79|33.99|440790002579|Same as 2023
54|2024|44100790000NB|33.99|36|440790003399|Same as 2023
54|2024|1771765001900|0|0.22|17017650M00|Same as 2023
54|2024|0640060760000|0|0.16|060607600000|Same as 2023
54|2024|1740050400000|0|0.67|170504000000|Same as 2023
54|2024|1830002000000|0|2.72|180020000000|Same as 2023
54|2024|1830002000000|2.76|3.88|180020000276|Same as 2023
54|2024|1830002000000|10.86|11|180020001086|Same as 2023
54|2024|1830002000000|11.14|11.28|180020001114|Same as 2023
54|2024|1040008000000|1.3|2|100080000130|Same as 2023
54|2024|1040008000000|2.47|2.82|100080000247|Same as 2023
54|2024|1040008000000|3.28|6.25|100080000380|Same as 2023
54|2024|1940029000000|0|1.26|190290000000|Same as 2023
54|2024|1940029000000|1.26|2.19|190290000126|Same as 2023
54|2024|4940012000000|0.85|1.53|490120000850|Same as 2023
54|2024|4940012000000|1.53|2.57|490120001530|Same as 2023
54|2024|4940012000000|2.57|4.26|490120000257|Same as 2023
54|2024|4940012000000|5.08|5.29|490120000508|Same as 2023
54|2024|1630055000000|35.57|36.3|160550003557|Same as 2023
54|2024|4640119300000|0|0.6|461193000000|Same as 2023
54|2024|3140019190000|0.47|1.29|310191900047|Same as 2023
54|2024|3140019190000|1.29|1.7|310191900129|Same as 2023
54|2024|3174784001900|0|0.41|310478400000|Same as 2023
54|2024|3174784001900|0.41|0.58|310478400041|Same as 2023
54|2024|0640035000000|7.83|8.63|060350000783|Same as 2023
54|2024|1577264001900|0|0.002|150726400000|Same as 2023
54|2024|5440050380000|0|2.13|540503800000|Same as 2023
54|2024|0240015000000|0.939|0.94|020150000939|Same as 2023
54|2024|0240015000000|2.78|3.06|020150000278|Same as 2023
54|2024|3140059000000|0|0.33|310590000000|Same as 2023
54|2024|3140059000000|0.33|0.85|310590000033|Same as 2023
54|2024|3140064030000|0|0.29|310640300000|Same as 2023
54|2024|2840019290000|0|2.54|280192900000|New 2024
54|2024|2840019290000|2.54|3.32|280192900254|Same as 2023
54|2024|0940003000000|4.14|5.77|090030000414|Same as 2023
54|2024|0240011330000|0|0.26|020113300000|Same as 2023
54|2024|2840011000000|0.08|0.58|280110000008|Same as 2023
54|2024|2870516001900|0|0.41|280051600000|Same as 2023
54|2024|3140100010000|0|0.501|311000100000|Same as 2023
54|2024|41200190000NB|0|2.17|410190000000|Same as 2023
54|2024|41200190000NB|2.17|6.47|410190000217|Same as 2023
54|2024|41200190000NB|16.669|16.925|410190016669|Same as 2023
54|2024|41200190000NB|17.18|17.95|410190001718|Same as 2023
54|2024|41200190000NB|18.31|18.41|410190001831|Same as 2023
54|2024|41200190000NB|18.41|18.64|410190001841|Same as 2023
54|2024|41200190000NB|18.64|19.33|410190001864|Same as 2023
54|2024|41200190000NB|19.8|21.61|410190001980|Same as 2023
54|2024|0230009000000|0.35|2.2|020090000035|Same as 2023
54|2024|0230009000000|4.81|6.17|020090000481|Same as 2023
54|2024|0230009000000|6.17|6.27|020090000617|Same as 2023
54|2024|0230009000000|6.381|6.47|020090006381|Same as 2023
54|2024|0230009000000|6.47|7.58|020090000647|Same as 2023
54|2024|0230009000000|7.584|9.95|020090007584|Same as 2023
54|2024|0230009000000|10.12|10.37|020090001012|Same as 2023
54|2024|0230009000000|10.532|10.893|020090001052|Same as 2023
54|2024|0230009000000|10.893|11.243|020090001084|Same as 2023
54|2024|0230009000000|14|14.2|020090001400|Same as 2023
54|2024|0230009000000|14.55|14.9|020090001455|Same as 2023
54|2024|0230009000000|15.57|15.79|020090001557|Same as 2023
54|2024|0230009000000|15.79|16.09|020090001579|Same as 2023
54|2024|0230009000000|17.07|17.48|020090001707|Same as 2023
54|2024|0230009000000|18.18|20.16|020090001818|Same as 2023
54|2024|2440009000000|7.87|9.2|240090000787|Same as 2023
54|2024|4940001000000|2.28|3.17|490010000228|Same as 2023
54|2024|5440034000000|0|0.76|540340000000|Same as 2023
54|2024|5440034000000|1.45|1.76|540340001450|Same as 2023
54|2024|1140007000000|6.97|8.67|110070000697|Same as 2023
54|2024|42200330000EB|7.76|8.05|420330000776|Same as 2023
54|2024|42200330000EB|8.05|9.5|420330000805|Same as 2023
54|2024|42200330000EB|9.5|9.74|420330000950|Same as 2023
54|2024|42200330000EB|10.26|10.99|420330001026|Same as 2023
54|2024|2870513001900|0|0.37|280051300000|Same as 2023
54|2024|0540507020000|0|1.22|055070200000|Same as 2023
