Year_Record|State_Code|Route_ID|Begin_Point|End_Point|Data_Item|Section_Length|Value_Numeric|Value_Text|Value_Date|Comments
01/01/2023|54|5275502001900|0.11|0.3|Samples|0.19|520550200110|||
01/01/2023|54|2840021010000|0.0|0.89|Samples|0.89|280210100000|||
01/01/2023|54|2940046040000|4.532|4.93|Samples|0.398|290460404532|||
01/01/2023|54|2630086000000|0.2|0.51|Samples|0.31|260860000020|||
01/01/2023|54|2730062000000|19.72|20.33|Samples|0.61|270620001972|||
01/01/2023|54|2730062000000|20.33|20.53|Samples|0.2|270620002033|||
01/01/2023|54|2730062000000|20.55|21.94|Samples|1.39|270620002055|||
01/01/2023|54|2572520001900|1.04|1.81|Samples|0.77|250252000104|||
01/01/2023|54|2572520001900|1.88|2.0|Samples|0.12|250252000188|||
01/01/2023|54|4130307000000|4.55|5.59|Samples|1.04|413070000455|||
01/01/2023|54|4130307000000|7.42|8.45|Samples|1.03|413070000742|||
01/01/2023|54|1930051000000|8.13|8.66|Samples|0.53|190510000813|||
01/01/2023|54|1930051000000|8.66|8.78|Samples|0.12|190510008660|||
01/01/2023|54|36200330000EB|5.49|5.92|Samples|0.43|360330000549|||
01/01/2023|54|36200330000EB|33.184|33.783|Samples|0.599|360330003321|||
01/01/2023|54|1740050760000|0.0|0.31|Samples|0.31|170507600000|||
01/01/2023|54|1740050760000|0.31|1.34|Samples|1.03|170507600031|||
01/01/2023|54|4840007020000|0.0|1.01|Samples|1.01|480070200000|||
01/01/2023|54|1540011030000|0.06|0.352|Samples|0.292|150110300060|||
01/01/2023|54|3174770001900|0.0|0.4|Samples|0.4|310477000000|||
01/01/2023|54|3174770001900|0.4|0.44|Samples|0.04|317700000040|||
01/01/2023|54|0640031000000|0.16|0.5|Samples|0.34|060310000016|||
01/01/2023|54|4170052001900|0.31|0.57|Samples|0.26|410005200031|||
01/01/2023|54|4170052001900|0.85|0.95|Samples|0.1|410005200085|||
01/01/2023|54|10200600000EB|0.34|1.01|Samples|0.67|100600000034|||
01/01/2023|54|06200520000EB|0.01|0.33|Samples|0.32|060520000001|||
01/01/2023|54|06200520000EB|0.33|0.45|Samples|0.12|060520000033|||
01/01/2023|54|06200520000EB|0.75|1.01|Samples|0.26|060520000075|||
01/01/2023|54|35100700000EB|0.08|0.49|Samples|0.41|350700000008|||
01/01/2023|54|35100700000EB|0.49|0.85|Samples|0.36|350700000049|||
01/01/2023|54|35100700000EB|0.85|1.23|Samples|0.38|350700000085|||
01/01/2023|54|35100700000EB|1.44|1.92|Samples|0.48|350700000144|||
01/01/2023|54|35100700000EB|1.92|2.19|Samples|0.27|350700000192|||
01/01/2023|54|35100700000EB|2.43|4.7|Samples|2.27|350700000243|||
01/01/2023|54|35100700000EB|4.7|5.37|Samples|0.67|350700000470|||
01/01/2023|54|35100700000EB|5.37|5.93|Samples|0.56|350700000537|||
01/01/2023|54|35100700000EB|5.93|6.9|Samples|0.97|350700000593|||
01/01/2023|54|35100700000EB|6.9|8.07|Samples|1.17|350700000690|||
01/01/2023|54|35100700000EB|8.07|10.75|Samples|2.68|350700000807|||
01/01/2023|54|35100700000EB|10.75|11.06|Samples|0.31|350700001075|||
01/01/2023|54|35100700000EB|11.06|11.761|Samples|0.701|350700001106|||
01/01/2023|54|35100700000EB|11.761|14.45|Samples|2.689|350070011761|||
01/01/2023|54|2040038000000|0.0|2.43|Samples|2.43|200380000000|||
01/01/2023|54|35202500009NB|0.0|0.68|Samples|0.68|35250NB00000|||
01/01/2023|54|2675256001900|0.42|0.59|Samples|0.17|260525600042|||
01/01/2023|54|5440004100000|0.0|0.4|Samples|0.4|540041000000|||
01/01/2023|54|20100770000NB|95.34|95.87|Samples|0.53|200770009534|||
01/01/2023|54|20100770000NB|95.87|96.15|Samples|0.28|200770009587|||
01/01/2023|54|20100770000NB|97.22|98.17|Samples|0.95|200770009722|||
01/01/2023|54|20100770000NB|98.28|99.12|Samples|0.84|200770009828|||
01/01/2023|54|20100770000NB|99.12|100.07|Samples|0.95|200770009912|||
01/01/2023|54|20100770000NB|100.07|100.28|Samples|0.21|200770010007|||
01/01/2023|54|20100770000NB|100.28|100.78|Samples|0.5|200770010028|||
01/01/2023|54|20100770000NB|100.78|101.08|Samples|0.3|200770010078|||
01/01/2023|54|20100770000NB|101.65|102.16|Samples|0.51|200770010165|||
01/01/2023|54|20100770000NB|102.16|102.66|Samples|0.5|200770010216|||
01/01/2023|54|20100770000NB|102.66|103.69|Samples|1.03|200770010266|||
01/01/2023|54|20100770000NB|103.69|104.81|Samples|1.12|200770010369|||
01/01/2023|54|20100770000NB|104.81|105.002|Samples|0.192|200770010481|||
01/01/2023|54|20100770000NB|106.17|107.6|Samples|1.43|200770010617|||
01/01/2023|54|20100770000NB|107.6|110.13|Samples|2.53|200770010760|||
01/01/2023|54|20100770000NB|110.13|110.78|Samples|0.65|200770011013|||
01/01/2023|54|20100770000NB|110.78|111.16|Samples|0.38|200770011078|||
01/01/2023|54|20100770000NB|111.16|112.52|Samples|1.36|200770011116|||
01/01/2023|54|20100770000NB|112.52|113.47|Samples|0.95|200770011252|||
01/01/2023|54|20100770000NB|113.47|114.59|Samples|1.12|200770011347|||
01/01/2023|54|20100770000NB|114.59|116.05|Samples|1.46|200770011459|||
01/01/2023|54|20100770000NB|116.05|116.66|Samples|0.61|200770011605|||
01/01/2023|54|20100770000NB|116.66|117.5|Samples|0.84|200770011666|||
01/01/2023|54|2040060280000|0.0|0.55|Samples|0.55|200602800000|||
01/01/2023|54|2330010000000|10.58|10.76|Samples|0.18|230001001058|||
01/01/2023|54|2330010000000|12.79|12.95|Samples|0.16|230100001279|||
01/01/2023|54|2330010000000|26.308|27.71|Samples|1.402|230100002714|||
01/01/2023|54|01200330000EB|0.0|1.87|Samples|1.87|010330000000|||
01/01/2023|54|3540018030000|0.0|0.61|Samples|0.61|350180300000|||
01/01/2023|54|3540018030000|0.61|1.15|Samples|0.54|350180300061|||
01/01/2023|54|3540018030000|1.75|2.03|Samples|0.28|350180300175|||
01/01/2023|54|3930072000000|18.42|20.44|Samples|2.02|390720001842|||
01/01/2023|54|43200500000EB|0.0|2.86|Samples|2.86|430500000000|||
01/01/2023|54|43200500000EB|8.02|9.99|Samples|1.97|430500000802|||
01/01/2023|54|43200500000EB|10.83|11.79|Samples|0.96|430500001083|||
01/01/2023|54|43200500000EB|12.54|12.85|Samples|0.31|430500001254|||
01/01/2023|54|43200500000EB|13.57|14.78|Samples|1.21|430500001357|||
01/01/2023|54|5430068000000|0.0|0.35|Samples|0.35|54300680000|||
01/01/2023|54|5430068000000|17.19|18.29|Samples|1.1|540680001719|||
01/01/2023|54|5140003000000|8.08|10.38|Samples|2.3|510030000801|||
01/01/2023|54|2030025000000|2.46|2.68|Samples|0.22|200250000246|||
01/01/2023|54|2030025000000|3.89|5.11|Samples|1.22|200250000389|||
01/01/2023|54|2030025000000|9.42|10.42|Samples|1.0|200250000942|||
01/01/2023|54|1771759001900|0.0|0.19|Samples|0.19|170175900000|||
01/01/2023|54|1577264001900|0.0|0.35|Samples|0.35|150726400000|||
01/01/2023|54|11100790000NB|83.15|83.55|Samples|0.4|110790008315|||
01/01/2023|54|2830020000000|4.23|5.2|Samples|0.97|280200000423|||
01/01/2023|54|2830020000000|10.32|11.4|Samples|1.08|280200001032|||
01/01/2023|54|2830020000000|12.05|12.78|Samples|0.73|280200001205|||
01/01/2023|54|2071308001900|0.77|1.62|Samples|0.85|200130800077|||
01/01/2023|54|4630310000000|0.0|0.2|Samples|0.2|463100000000|||
01/01/2023|54|4240009000000|0.0|0.18|Samples|0.18|420090000000|||
01/01/2023|54|4240009000000|0.18|0.32|Samples|0.14|420090000020|||
01/01/2023|54|1530002000000|0.0|0.1|Samples|0.1|150020000000|||
01/01/2023|54|1530002000000|0.1|0.28|Samples|0.18|150020000010|||
01/01/2023|54|1530002000000|0.28|0.56|Samples|0.28|150020000028|||
01/01/2023|54|1530002000000|1.49|2.3|Samples|0.81|150020000149|||
01/01/2023|54|1530002000000|2.3|2.66|Samples|0.36|150020000230|||
01/01/2023|54|1530002000000|2.66|3.03|Samples|0.37|150020000266|||
01/01/2023|54|1530002000000|3.91|4.68|Samples|0.77|150020000391|||
01/01/2023|54|1530002000000|4.69|6.69|Samples|2.0|150020000469|||
01/01/2023|54|1530002000000|10.33|10.56|Samples|0.23|150020001033|||
01/01/2023|54|1530002000000|10.8|11.14|Samples|0.34|150020001080|||
01/01/2023|54|1530002000000|11.14|11.45|Samples|0.31|150020001114|||
01/01/2023|54|1530002000000|12.89|13.84|Samples|0.95|150020001289|||
01/01/2023|54|1530002000000|16.52|17.44|Samples|0.92|150020001652|||
01/01/2023|54|1530002000000|17.55|18.12|Samples|0.57|150020001755|||
01/01/2023|54|1530002000000|19.71|20.25|Samples|0.54|150020001971|||
01/01/2023|54|1740024270000|0.0|0.41|Samples|0.41|170242700000|||
01/01/2023|54|4272254001900|0.0|0.3|Samples|0.3|420225400000|||
01/01/2023|54|15200220000EB|0.0|0.39|Samples|0.39|150220000000|||
01/01/2023|54|42202190000NB|0.0|3.24|Samples|3.24|422190000000|||
01/01/2023|54|42202190000NB|8.55|8.74|Samples|0.19|422190000855|||
01/01/2023|54|42202190000NB|8.74|9.68|Samples|0.94|422190000874|||
01/01/2023|54|42202190000NB|12.59|15.89|Samples|3.3|422190001259|||
01/01/2023|54|42202190000NB|15.89|17.4|Samples|1.51|422190001589|||
01/01/2023|54|42202190000NB|17.4|19.15|Samples|1.75|422190001740|||
01/01/2023|54|42202190000NB|19.15|21.44|Samples|2.29|422190001915|||
01/01/2023|54|42202190000NB|21.48|21.67|Samples|0.19|422190002148|||
01/01/2023|54|42202190000NB|27.85|30.16|Samples|2.31|422190002785|||
01/01/2023|54|42202190000NB|36.33|37.87|Samples|1.54|422190003633|||
01/01/2023|54|42202190000NB|42.36|42.373|Samples|0.013|422190004236|||
01/01/2023|54|1340060140000|6.25|6.39|Samples|0.14|130601400625|||
01/01/2023|54|3540007000000|0.0|0.44|Samples|0.44|350070000000|||
01/01/2023|54|5530016000000|1.73|3.33|Samples|1.6|550160000173|||
01/01/2023|54|5530016000000|6.42|8.95|Samples|2.53|550160000642|||
01/01/2023|54|5530016000000|10.99|11.4|Samples|0.41|550160001099|||
01/01/2023|54|5275515001900|0.0|0.22|Samples|0.22|520551500000|||
01/01/2023|54|31100680006EB|0.0|0.89|Samples|0.89|31068E000000|||
01/01/2023|54|1830002000000|0.0|2.72|Samples|2.72|180020000000|||
01/01/2023|54|1830002000000|2.76|3.88|Samples|1.12|180020000276|||
01/01/2023|54|1830002000000|10.86|11.0|Samples|0.14|180020001086|||
01/01/2023|54|1830002000000|11.14|11.28|Samples|0.14|180020001114|||
01/01/2023|54|0673274001900|1.46|1.56|Samples|0.1|060327400146|||
01/01/2023|54|3740001000000|3.02|4.05|Samples|1.03|370010000302|||
01/01/2023|54|40200350000NB|0.29|0.65|Samples|0.36|400350000029|||
01/01/2023|54|40200350000NB|1.36|1.6|Samples|0.24|400350000136|||
01/01/2023|54|40200350000NB|1.64|2.06|Samples|0.42|400350000164|||
01/01/2023|54|40200350000NB|2.1|2.532|Samples|0.432|400350000210|||
01/01/2023|54|20100770016NB|67.21|74.17|Samples|6.96|200770006721|||
01/01/2023|54|20100770016NB|74.36|75.0|Samples|0.64|200770007436|||
01/01/2023|54|20100770016NB|75.0|77.46|Samples|2.46|200770007500|||
01/01/2023|54|20100770016NB|77.51|77.83|Samples|0.32|200770007751|||
01/01/2023|54|20100770016NB|83.45|84.42|Samples|0.97|200770008345|||
01/01/2023|54|20100770016NB|84.42|84.94|Samples|0.52|200770008442|||
01/01/2023|54|20100770016NB|84.94|86.68|Samples|1.74|200770008494|||
01/01/2023|54|20100770016NB|86.68|88.52|Samples|1.84|200770008668|||
01/01/2023|54|20100770016NB|88.52|89.18|Samples|0.66|200770008852|||
01/01/2023|54|20100770016NB|89.18|89.5|Samples|0.32|200770008918|||
01/01/2023|54|20100770016NB|89.5|93.31|Samples|3.81|200770008950|||
01/01/2023|54|20100770016NB|93.31|93.93|Samples|0.62|200770009331|||
01/01/2023|54|20100770016NB|93.93|94.43|Samples|0.5|200770009393|||
01/01/2023|54|20100770016NB|94.43|94.69|Samples|0.26|200770009443|||
01/01/2023|54|20100770016NB|94.69|94.96|Samples|0.27|200770009469|||
01/01/2023|54|20100770016NB|94.96|95.34|Samples|0.38|200770009496|||
01/01/2023|54|0540507000000|0.0|0.25|Samples|0.25|055070000000|||
01/01/2023|54|0540507000000|0.25|0.34|Samples|0.09|055070000025|||
01/01/2023|54|0540507000000|0.62|1.2|Samples|0.58|055070000062|||
01/01/2023|54|5430095000000|3.77|3.99|Samples|0.22|540950000377|||
01/01/2023|54|5430095000000|4.2|6.12|Samples|1.92|540950000420|||
01/01/2023|54|5430095000000|6.12|6.29|Samples|0.17|540950000612|||
01/01/2023|54|5430095000000|6.44|6.58|Samples|0.14|540950000644|||
01/01/2023|54|16202200000NB|10.0|10.53|Samples|0.53|162200001000|||
01/01/2023|54|16202200000NB|10.53|10.69|Samples|0.16|160220001053|||
01/01/2023|54|16202200000NB|10.7|11.7|Samples|1.0|162200001070|||
01/01/2023|54|16202200000NB|11.8|12.96|Samples|1.16|162200001180|||
01/01/2023|54|31100790000NB|142.37|143.81|Samples|1.44|310790014237|||
01/01/2023|54|31100790000NB|143.81|145.2|Samples|1.39|310790014381|||
01/01/2023|54|31100790000NB|145.2|145.65|Samples|0.45|310790014520|||
01/01/2023|54|31100790000NB|145.65|147.85|Samples|2.2|310790014565|||
01/01/2023|54|31100790000NB|147.85|148.022|Samples|0.172|310790014785|||
01/01/2023|54|31100790000NB|148.29|148.47|Samples|0.18|310790014829|||
01/01/2023|54|31100790000NB|148.47|148.66|Samples|0.19|310790014847|||
01/01/2023|54|31100790000NB|148.66|149.05|Samples|0.39|310790014866|||
01/01/2023|54|31100790000NB|149.05|149.38|Samples|0.33|310790014905|||
01/01/2023|54|31100790000NB|149.38|149.68|Samples|0.3|310790014938|||
01/01/2023|54|31100790000NB|149.68|150.74|Samples|1.06|310790014968|||
01/01/2023|54|31100790000NB|150.74|151.07|Samples|0.33|310790015074|||
01/01/2023|54|31100790000NB|151.07|152.32|Samples|1.25|310790015107|||
01/01/2023|54|31100790000NB|152.32|152.501|Samples|0.181|310790015232|||
01/01/2023|54|31100790000NB|152.92|156.983|Samples|4.063|310790015292|||
01/01/2023|54|31100790000NB|157.0|160.52|Samples|3.52|310790015700|||
01/01/2023|54|0540007000000|1.29|2.449|Samples|1.159|050070000129|||
01/01/2023|54|0577278001900|0.0|0.16|Samples|0.16|050727800000|||
01/01/2023|54|0630101000000|0.16|0.36|Samples|0.2|061010000016|||
01/01/2023|54|0230051000000|1.87|2.841|Samples|0.971|020510001870|||
01/01/2023|54|0230051000000|2.841|4.13|Samples|1.289|020510002841|||
01/01/2023|54|0230051000000|4.13|4.54|Samples|0.41|020510004130|||
01/01/2023|54|0230051000000|4.54|4.58|Samples|0.04|020510004540|||
01/01/2023|54|0230051000000|4.58|4.62|Samples|0.04|020510004580|||
01/01/2023|54|0230051000000|4.62|5.18|Samples|0.56|020510000462|||
01/01/2023|54|0230051000000|5.4|8.591|Samples|3.191|020510000540|||
01/01/2023|54|2030114000000|0.5|1.44|Samples|0.94|201140000050|||
01/01/2023|54|1540507000000|0.43|0.92|Samples|0.49|155070000043|||
01/01/2023|54|1540507000000|0.92|1.16|Samples|0.24|155070000092|||
01/01/2023|54|1540507000000|1.51|3.33|Samples|1.82|155070000151|||
01/01/2023|54|3540003000000|0.0|1.17|Samples|1.17|350030000000|||
01/01/2023|54|2640003000000|0.0|1.31|Samples|1.31|260030000000|||
01/01/2023|54|5440012000000|0.0|0.33|Samples|0.33|540120000000|||
01/01/2023|54|5440012000000|0.4|1.15|Samples|0.75|540120000040|||
01/01/2023|54|0140030000000|6.14|6.83|Samples|0.69|010300000614|||
01/01/2023|54|0240036010000|1.6|1.98|Samples|0.38|020360100160|||
01/01/2023|54|4240025030000|0.0|0.005|Samples|0.005|420250300000|||
01/01/2023|54|2140007000000|3.84|4.17|Samples|0.33|210070000384|||
01/01/2023|54|2930046000000|15.38|16.59|Samples|1.21|290460001538|||
01/01/2023|54|2930046000000|19.82|19.94|Samples|0.12|290460001982|||
01/01/2023|54|2340210250000|6.078|6.546|Samples|0.468|230100014782|||
01/01/2023|54|2340210250000|8.08|8.78|Samples|0.7|230100001677|||
01/01/2023|54|2340210250000|8.78|9.08|Samples|0.3|230100001746|||
01/01/2023|54|2340210250000|9.08|9.53|Samples|0.45|230100001776|||
01/01/2023|54|2340210250000|10.07|10.72|Samples|0.65|230100001876|||
01/01/2023|54|2030061000000|20.18|20.38|Samples|0.2|200610002018|||
01/01/2023|54|2030061000000|20.73|21.2|Samples|0.47|200610002073|||
01/01/2023|54|2030061000000|23.75|25.8|Samples|2.05|200610002375|||
01/01/2023|54|4940001000000|2.28|3.17|Samples|0.89|490010000228|||
01/01/2023|54|52300070007WB|0.0|0.23|Samples|0.23|52007W000000|||
01/01/2023|54|52300070007WB|0.23|0.33|Samples|0.1|52007W000023|||
01/01/2023|54|3040065050000|5.74|7.12|Samples|1.38|300650500574|||
01/01/2023|54|1740023090000|6.77|7.36|Samples|0.59|170230900675|||
01/01/2023|54|1740023090000|7.77|8.94|Samples|1.17|170230900777|||
01/01/2023|54|1940017040000|0.63|0.92|Samples|0.29|190170400630|||
01/01/2023|54|1630055000000|35.57|36.3|Samples|0.73|160550003557|||
01/01/2023|54|20100640000EB|45.39|47.44|Samples|2.05|200640004539|||
01/01/2023|54|20100640000EB|47.44|48.4|Samples|0.96|200640004744|||
01/01/2023|54|20100640000EB|48.4|49.75|Samples|1.35|200640004840|||
01/01/2023|54|20100640000EB|49.75|50.11|Samples|0.36|200640004975|||
01/01/2023|54|20100640000EB|50.11|51.56|Samples|1.45|200640005011|||
01/01/2023|54|20100640000EB|51.56|52.38|Samples|0.82|200640005156|||
01/01/2023|54|20100640000EB|52.38|52.73|Samples|0.35|200640005238|||
01/01/2023|54|20100640000EB|52.73|53.75|Samples|1.02|200640005273|||
01/01/2023|54|20100640000EB|53.75|54.37|Samples|0.62|200640005375|||
01/01/2023|54|20100640000EB|54.37|54.8|Samples|0.43|200640005437|||
01/01/2023|54|20100640000EB|54.8|55.21|Samples|0.41|200640005480|||
01/01/2023|54|20100640000EB|55.21|56.33|Samples|1.12|200640005521|||
01/01/2023|54|20100640000EB|56.33|57.02|Samples|0.69|200640005633|||
01/01/2023|54|20100640000EB|57.02|57.48|Samples|0.46|200640005702|||
01/01/2023|54|20100640000EB|57.48|57.92|Samples|0.44|200640005748|||
01/01/2023|54|20100640000EB|57.92|58.3|Samples|0.38|200640005792|||
01/01/2023|54|2572529001900|0.0|0.15|Samples|0.15|250252900000|||
01/01/2023|54|2640088120000|0.37|0.52|Samples|0.15|260881200037|||
01/01/2023|54|4970764001900|0.0|0.39|Samples|0.39|490076400000|||
01/01/2023|54|5240002090000|0.0|0.19|Samples|0.19|520020900000|||
01/01/2023|54|0340005000000|5.42|6.96|Samples|1.54|030050000542|||
01/01/2023|54|0340005000000|15.1|17.57|Samples|2.47|030050001510|||
01/01/2023|54|5030152000000|29.86|30.39|Samples|0.53|501520002986|||
01/01/2023|54|5030152000000|40.4|43.98|Samples|3.58|501520004040|||
01/01/2023|54|5030152000000|43.98|44.59|Samples|0.61|501520004398|||
01/01/2023|54|5230020000000|19.48|20.04|Samples|0.56|520200001948|||
01/01/2023|54|18200330000EB|0.19|0.62|Samples|0.43|180330000000|||
01/01/2023|54|18200330000EB|0.86|1.08|Samples|0.22|180330000086|||
01/01/2023|54|18200330000EB|3.32|3.46|Samples|0.14|180330000332|||
01/01/2023|54|18200330000EB|11.09|11.48|Samples|0.39|180330001109|||
01/01/2023|54|18200330000EB|21.43|24.76|Samples|3.33|180330002143|||
01/01/2023|54|25100790000NB|129.22|129.52|Samples|0.3|250790012922|||
01/01/2023|54|25100790000NB|129.52|130.48|Samples|0.96|250790012952|||
01/01/2023|54|25100790000NB|130.53|133.37|Samples|2.84|250790013053|||
01/01/2023|54|25100790000NB|133.37|134.97|Samples|1.6|250790013337|||
01/01/2023|54|25100790000NB|134.97|135.66|Samples|0.69|250790013497|||
01/01/2023|54|25100790000NB|135.66|136.64|Samples|0.98|250790013566|||
01/01/2023|54|25100790000NB|136.64|139.1|Samples|2.46|250790013664|||
01/01/2023|54|25100790000NB|139.1|139.82|Samples|0.72|250790013910|||
01/01/2023|54|25100790000NB|139.82|140.352|Samples|0.532|250790013982|||
01/01/2023|54|3140068070000|0.25|0.75|Samples|0.5|310680700025|||
01/01/2023|54|3140068070000|0.75|1.32|Samples|0.57|310680700075|||
01/01/2023|54|3140068070000|1.61|2.15|Samples|0.54|310680700161|||
01/01/2023|54|3174810001900|0.0|0.76|Samples|0.76|310481000000|||
01/01/2023|54|4640044080000|0.0|0.33|Samples|0.33|460440800000|||
01/01/2023|54|4640044080000|0.33|0.45|Samples|0.12|460440800033|||
01/01/2023|54|4640044080000|0.45|0.69|Samples|0.24|460044080045|||
01/01/2023|54|4640044080000|0.69|0.72|Samples|0.03|460440800069|||
01/01/2023|54|42202500000NB|9.71|12.45|Samples|2.74|422500000971|||
01/01/2023|54|5440014140000|0.0|0.66|Samples|0.66|540141400000|||
01/01/2023|54|4970753001900|0.26|0.44|Samples|0.18|490075300026|||
01/01/2023|54|0830016000000|19.19|20.35|Samples|1.16|080160001919|||
01/01/2023|54|28200520004NB|0.0|0.22|Samples|0.22|28052N000000|||
01/01/2023|54|3130007000000|0.0|3.42|Samples|3.42|310070000000|||
01/01/2023|54|3130007000000|4.42|4.54|Samples|0.12|310070000442|||
01/01/2023|54|3130007000000|13.21|13.45|Samples|0.24|310070001321|||
01/01/2023|54|3130007000000|22.54|24.0|Samples|1.46|310070002254|||
01/01/2023|54|3130007000000|25.15|25.85|Samples|0.7|310070002515|||
01/01/2023|54|3130007000000|25.85|26.01|Samples|0.16|310070002585|||
01/01/2023|54|3130007000000|26.01|27.03|Samples|1.02|310070002601|||
01/01/2023|54|3130007000000|27.03|27.265|Samples|0.235|310070002703|||
01/01/2023|54|3130007000000|33.83|34.1|Samples|0.27|310070003383|||
01/01/2023|54|3130007000000|34.71|35.76|Samples|1.05|310070003471|||
01/01/2023|54|3130007000000|35.76|36.13|Samples|0.37|310070003576|||
01/01/2023|54|3130007000000|36.13|36.55|Samples|0.42|310070003613|||
01/01/2023|54|3130007000000|36.55|38.29|Samples|1.74|310070003655|||
01/01/2023|54|3130007000000|38.29|38.65|Samples|0.36|310070003829|||
01/01/2023|54|0230901000000|4.86|5.44|Samples|0.58|029010000486|||
01/01/2023|54|0540013000000|0.0|0.14|Samples|0.14|050130000000|||
01/01/2023|54|5040008000000|0.0|0.45|Samples|0.45|500080000000|||
01/01/2023|54|2540250180000|0.08|0.85|Samples|0.77|252501800008|||
01/01/2023|54|3140082000000|0.0|1.88|Samples|1.88|310820000000|||
01/01/2023|54|0274259001900|0.0|0.17|Samples|0.17|020425900000|||
01/01/2023|54|0274259001900|0.17|0.61|Samples|0.44|022590000017|||
01/01/2023|54|2870504001900|0.0|0.47|Samples|0.47|280050400000|||
01/01/2023|54|2870504001900|0.47|0.71|Samples|0.24|280050400047|||
01/01/2023|54|0240013000000|0.43|1.03|Samples|0.6|020130000043|||
01/01/2023|54|0240013000000|1.03|1.5|Samples|0.47|020130000103|||
01/01/2023|54|0240013000000|2.75|3.716|Samples|0.966|020130000275|||
01/01/2023|54|0274266001900|0.0|0.44|Samples|0.44|020426600000|||
01/01/2023|54|2040025260000|0.0|0.31|Samples|0.31|200252600000|||
01/01/2023|54|2040025260000|0.4|0.71|Samples|0.31|200252600040|||
01/01/2023|54|5440004000000|0.57|0.93|Samples|0.36|540040000059|||
01/01/2023|54|0330085000000|10.67|13.13|Samples|2.46|030850001067|||
01/01/2023|54|0330085000000|34.05|34.35|Samples|0.3|030850003405|||
01/01/2023|54|0640035000000|7.83|8.63|Samples|0.8|060350000783|||
01/01/2023|54|2540064020000|0.0|0.24|Samples|0.24|250640200000|||
01/01/2023|54|5475757001900|0.33|0.47|Samples|0.14|540575700330|||
01/01/2023|54|2840019290000|2.54|3.32|Samples|0.78|280192900254|||
01/01/2023|54|0540014000000|2.43|3.45|Samples|1.02|050140000243|||
01/01/2023|54|0240005000000|5.9|7.94|Samples|2.04|020050000590|||
01/01/2023|54|4040050000000|13.38|14.06|Samples|0.68|400500001338|||
01/01/2023|54|3430041000000|0.03|2.59|Samples|2.56|340410000003|||
01/01/2023|54|1740012000000|0.14|0.9|Samples|0.76|170120000015|||
01/01/2023|54|5475763001900|0.0|0.9|Samples|0.9|540576300000|||
01/01/2023|54|2640054000000|7.086|7.71|Samples|0.624|260540007086|||
01/01/2023|54|2840014000000|0.0|0.63|Samples|0.63|280140000000|||
01/01/2023|54|2870507001900|0.0|0.66|Samples|0.66|280050700000|||
01/01/2023|54|2870507001900|0.66|1.54|Samples|0.88|280050700066|||
01/01/2023|54|4130061000000|2.604|3.29|Samples|0.686|410610002604|||
01/01/2023|54|3140100010000|0.0|0.501|Samples|0.501|311000100000|||
01/01/2023|54|18100770000NB|117.5|119.26|Samples|1.76|180770011750|||
01/01/2023|54|18100770000NB|119.26|119.91|Samples|0.65|180770011926|||
01/01/2023|54|18100770000NB|119.91|120.71|Samples|0.8|180770011991|||
01/01/2023|54|18100770000NB|120.71|122.73|Samples|2.02|180770012071|||
01/01/2023|54|18100770000NB|122.73|124.92|Samples|2.19|180770012273|||
01/01/2023|54|18100770000NB|124.92|126.39|Samples|1.47|180770012492|||
01/01/2023|54|18100770000NB|126.39|128.33|Samples|1.94|180770012639|||
01/01/2023|54|18100770000NB|128.33|132.44|Samples|4.11|180770012833|||
01/01/2023|54|18100770000NB|132.44|137.74|Samples|5.3|180770013244|||
01/01/2023|54|18100770000NB|137.74|138.83|Samples|1.09|180770013774|||
01/01/2023|54|18100770000NB|138.83|145.99|Samples|7.16|180770013883|||
01/01/2023|54|18100770000NB|145.99|150.45|Samples|4.46|180770014599|||
01/01/2023|54|18100770000NB|150.45|153.79|Samples|3.34|180770015045|||
01/01/2023|54|18100770000NB|153.79|154.41|Samples|0.62|180770015379|||
01/01/2023|54|18100770000NB|154.41|156.01|Samples|1.6|180770015441|||
01/01/2023|54|18100770000NB|156.01|156.99|Samples|0.98|180770015601|||
01/01/2023|54|4530003000000|9.56|10.91|Samples|1.35|450030000956|||
01/01/2023|54|3140055070000|0.0|0.26|Samples|0.26|310550700000|||
01/01/2023|54|3140857010000|0.0|0.19|Samples|0.19|318570100000|||
01/01/2023|54|39100680000EB|14.66|18.12|Samples|3.46|390680001466|||
01/01/2023|54|39100680000EB|18.12|23.34|Samples|5.22|390680001812|||
01/01/2023|54|39100680000EB|26.75|28.64|Samples|1.89|390680002675|||
01/01/2023|54|39100680000EB|28.64|29.23|Samples|0.59|390680002864|||
01/01/2023|54|39100680000EB|29.23|31.24|Samples|2.01|390680002923|||
01/01/2023|54|39100680000EB|31.24|31.42|Samples|0.18|390680003124|||
01/01/2023|54|39100680000EB|31.42|32.06|Samples|0.64|390680003142|||
01/01/2023|54|3174764001900|0.81|1.02|Samples|0.21|310476400081|||
01/01/2023|54|0274265001900|0.0|0.57|Samples|0.57|020426500000|||
01/01/2023|54|1040009010000|0.0|1.93|Samples|1.93|100090100000|||
01/01/2023|54|2840024000000|0.0|0.3|Samples|0.3|280240000000|||
01/01/2023|54|2840024000000|0.3|2.789|Samples|2.489|280240000300|||
01/01/2023|54|4240219220000|0.0|0.16|Samples|0.16|422192200000|||
01/01/2023|54|5040007000000|17.84|18.87|Samples|1.03|500070001784|||
01/01/2023|54|5040007000000|19.35|19.76|Samples|0.41|500070001935|||
01/01/2023|54|0130076000000|1.75|6.62|Samples|4.87|010760000175|||
01/01/2023|54|32202190000NB|1.92|7.87|Samples|5.95|322190000192|||
01/01/2023|54|32202190000NB|14.38|16.18|Samples|1.8|322190001438|||
01/01/2023|54|32202190000NB|16.18|19.24|Samples|3.06|322190001618|||
01/01/2023|54|32202190000NB|19.24|19.66|Samples|0.42|322190001924|||
01/01/2023|54|32202190000NB|19.66|23.0|Samples|3.34|322190001966|||
01/01/2023|54|32202190000NB|24.92|26.24|Samples|1.32|322190002492|||
01/01/2023|54|32202190000NB|26.24|28.68|Samples|2.44|322190002624|||
01/01/2023|54|0640060700000|0.0|0.18|Samples|0.18|060607000000|||
01/01/2023|54|0640060700000|0.18|0.56|Samples|0.38|060607000018|||
01/01/2023|54|0640060700000|0.56|0.76|Samples|0.2|060607000056|||
01/01/2023|54|3030065000000|10.03|11.05|Samples|1.02|300650001003|||
01/01/2023|54|28100770000NB|0.69|2.56|Samples|1.87|280770000069|||
01/01/2023|54|28100770000NB|2.56|5.12|Samples|2.56|280770000256|||
01/01/2023|54|28100770000NB|5.12|8.189|Samples|3.069|280770000512|||
01/01/2023|54|28100770000NB|8.189|8.98|Samples|0.791|280077008189|||
01/01/2023|54|5230007000000|0.2|0.36|Samples|0.16|520070000020|||
01/01/2023|54|5230007000000|2.0|2.55|Samples|0.55|520070000200|||
01/01/2023|54|5230007000000|35.64|36.52|Samples|0.88|520070003564|||
01/01/2023|54|0830004000000|15.75|19.01|Samples|3.26|080040001575|||
01/01/2023|54|0830004000000|21.98|22.98|Samples|1.0|080040002198|||
01/01/2023|54|0940003000000|4.14|5.77|Samples|1.63|090030000414|||
01/01/2023|54|20100770005SB|0.0|0.67|Samples|0.67|20077S000000|||
01/01/2023|54|1730020000000|7.22|7.414|Samples|0.194|170200000722|||
01/01/2023|54|4130003000000|35.98|36.18|Samples|0.2|410030035980|||
01/01/2023|54|4130003000000|36.23|36.49|Samples|0.26|410030036230|||
01/01/2023|54|4130003000000|37.1|37.73|Samples|0.63|410030003710|||
01/01/2023|54|4240011000000|2.48|2.491|Samples|0.011|420110000248|||
01/01/2023|54|4140008010000|1.02|1.6|Samples|0.58|410080100102|||
01/01/2023|54|3140061010000|0.0|0.37|Samples|0.37|310610100000|||
01/01/2023|54|3140061010000|0.41|0.52|Samples|0.11|310610100041|||
01/01/2023|54|1540011000000|0.0|2.31|Samples|2.31|150110000000|||
01/01/2023|54|1540011000000|2.31|2.9|Samples|0.59|150110000231|||
01/01/2023|54|1540011000000|4.91|5.16|Samples|0.25|150110000491|||
01/01/2023|54|1540011000000|5.16|5.35|Samples|0.19|150110000516|||
01/01/2023|54|1540011000000|5.35|5.59|Samples|0.24|150110000535|||
01/01/2023|54|1540011000000|5.59|5.61|Samples|0.02|150110000559|||
01/01/2023|54|0240009130000|0.4|1.92|Samples|1.52|020091300040|||
01/01/2023|54|0630002001300|0.0|0.17|Samples|0.17|06002T000000|||
01/01/2023|54|0630002001300|0.17|0.39|Samples|0.22|06002T000017|||
01/01/2023|54|2040006150000|0.0|0.04|Samples|0.04|200061500000|||
01/01/2023|54|2040006150000|0.12|0.17|Samples|0.05|200061500012|||
01/01/2023|54|0240019000000|1.55|3.438|Samples|1.888|020190000155|||
01/01/2023|54|0240019000000|3.438|4.04|Samples|0.602|020190003438|||
01/01/2023|54|2930093000000|0.0|3.42|Samples|3.42|290930000000|||
01/01/2023|54|5440021020000|0.0|0.39|Samples|0.39|54400210200|||
01/01/2023|54|5440021020000|0.5|1.98|Samples|1.48|540210200050|||
01/01/2023|54|02200110000NB|5.24|6.05|Samples|0.81|020110000524|||
01/01/2023|54|02200110000NB|13.65|13.78|Samples|0.13|020011001365|||
01/01/2023|54|02200110000NB|14.51|14.64|Samples|0.13|020110001451|||
01/01/2023|54|02200110000NB|16.48|17.51|Samples|1.03|020110001648|||
01/01/2023|54|02200110000NB|24.71|24.97|Samples|0.26|020110002471|||
01/01/2023|54|13202190000NB|2.57|4.79|Samples|2.22|132190000257|||
01/01/2023|54|13202190000NB|5.37|5.69|Samples|0.32|132190000537|||
01/01/2023|54|13202190000NB|5.69|6.03|Samples|0.34|132190000569|||
01/01/2023|54|13202190000NB|6.03|6.04|Samples|0.01|132190000603|||
01/01/2023|54|13202190000NB|6.04|6.39|Samples|0.35|132190000604|||
01/01/2023|54|13202190000NB|6.39|6.69|Samples|0.3|132190000639|||
01/01/2023|54|13202190000NB|6.69|7.11|Samples|0.42|132190000669|||
01/01/2023|54|13202190000NB|7.43|8.59|Samples|1.16|132190000743|||
01/01/2023|54|13202190000NB|8.59|9.06|Samples|0.47|132190000859|||
01/01/2023|54|13202190000NB|9.06|9.9|Samples|0.84|132190000906|||
01/01/2023|54|13202190000NB|10.01|10.85|Samples|0.84|132190001001|||
01/01/2023|54|13202190000NB|10.85|11.06|Samples|0.21|132190001085|||
01/01/2023|54|13202190000NB|11.06|11.26|Samples|0.2|132190001106|||
01/01/2023|54|13202190000NB|14.154|14.34|Samples|0.186|132190001416|||
01/01/2023|54|13202190000NB|14.34|14.45|Samples|0.11|132190001434|||
01/01/2023|54|13202190000NB|15.74|16.37|Samples|0.63|132190001574|||
01/01/2023|54|13202190000NB|21.34|21.86|Samples|0.52|132190002134|||
01/01/2023|54|13202190000NB|25.9|26.76|Samples|0.86|132190002590|||
01/01/2023|54|13202190000NB|26.76|26.97|Samples|0.21|132190002676|||
01/01/2023|54|13202190000NB|26.97|27.33|Samples|0.36|132190002697|||
01/01/2023|54|13202190000NB|27.33|29.72|Samples|2.39|132190002733|||
01/01/2023|54|13202190000NB|29.72|31.56|Samples|1.84|132190002972|||
01/01/2023|54|13202190000NB|31.56|34.22|Samples|2.66|132190003156|||
01/01/2023|54|2774502001900|0.0|0.17|Samples|0.17|270450200000|||
01/01/2023|54|5440047040000|0.0|0.23|Samples|0.23|540470400000|||
01/01/2023|54|5440047040000|0.23|0.93|Samples|0.7|540470400230|||
01/01/2023|54|5440047040000|0.93|2.86|Samples|1.93|540470400930|||
01/01/2023|54|0830036000000|2.48|4.2|Samples|1.72|080360000248|||
01/01/2023|54|3540088020000|0.0|0.57|Samples|0.57|350880200000|||
01/01/2023|54|5040001000000|2.16|2.29|Samples|0.13|500010000216|||
01/01/2023|54|2040027000000|5.07|7.24|Samples|2.17|200270000507|||
01/01/2023|54|0740011000000|6.9|7.85|Samples|0.95|070110000690|||
01/01/2023|54|35200400000EB|0.007|0.12|Samples|0.113|350400000007|||
01/01/2023|54|35200400000EB|1.99|2.102|Samples|0.112|350400000199|||
01/01/2023|54|35200400000EB|2.102|2.71|Samples|0.608|350400002102|||
01/01/2023|54|35200400000EB|2.81|2.83|Samples|0.02|350040000281|||
01/01/2023|54|35200400000EB|2.83|3.24|Samples|0.41|350400000283|||
01/01/2023|54|35200400000EB|3.44|3.91|Samples|0.47|350400000344|||
01/01/2023|54|35200400000EB|4.32|5.42|Samples|1.1|350400000432|||
01/01/2023|54|35200400000EB|5.42|5.93|Samples|0.51|350400000542|||
01/01/2023|54|35200400000EB|7.1|7.44|Samples|0.34|350400000710|||
01/01/2023|54|35200400000EB|8.06|8.26|Samples|0.2|350400008060|||
01/01/2023|54|35200400000EB|8.5|8.88|Samples|0.38|350400000850|||
01/01/2023|54|35200400000EB|9.27|9.64|Samples|0.37|350400000927|||
01/01/2023|54|35200400000EB|10.02|10.26|Samples|0.24|350400001002|||
01/01/2023|54|23201190000NB|0.0|0.85|Samples|0.85|231190000000|||
01/01/2023|54|23201190000NB|1.44|2.2|Samples|0.76|231190000144|||
01/01/2023|54|23201190000NB|2.2|2.54|Samples|0.34|231190000220|||
01/01/2023|54|23201190000NB|2.54|2.67|Samples|0.13|231190000254|||
01/01/2023|54|23201190000NB|2.67|3.59|Samples|0.92|231190000267|||
01/01/2023|54|23201190000NB|3.59|5.27|Samples|1.68|231190000359|||
01/01/2023|54|23201190000NB|11.87|12.283|Samples|0.413|231190001187|||
01/01/2023|54|1040061100000|0.08|0.45|Samples|0.37|100611000008|||
01/01/2023|54|31100680004NB|0.0|0.84|Samples|0.84|31068N000000|||
01/01/2023|54|4170038001900|0.0|0.15|Samples|0.15|410003800000|||
01/01/2023|54|4170038001900|0.33|0.49|Samples|0.16|410003800033|||
01/01/2023|54|49200330000EB|0.0|0.64|Samples|0.64|490330000000|||
01/01/2023|54|49200330000EB|1.22|2.51|Samples|1.29|490330000122|||
01/01/2023|54|49200330000EB|2.51|4.0|Samples|1.49|490330000251|||
01/01/2023|54|49200330000EB|4.0|4.35|Samples|0.35|490330000400|||
01/01/2023|54|49200330000EB|5.37|7.192|Samples|1.822|490330000537|||
01/01/2023|54|49200330000EB|8.31|10.87|Samples|2.56|490330000831|||
01/01/2023|54|5440030000000|0.0|0.98|Samples|0.98|540300000000|||
01/01/2023|54|4674200001900|0.0|1.05|Samples|1.05|460420000000|||
01/01/2023|54|2930028000000|7.69|9.22|Samples|1.53|290280000769|||
01/01/2023|54|2930028000000|11.868|11.93|Samples|0.062|290028011868|||
01/01/2023|54|2930028000000|11.93|12.86|Samples|0.93|290280001193|||
01/01/2023|54|2930028000000|12.86|13.545|Samples|0.685|290280001286|||
01/01/2023|54|2430016000000|0.06|1.73|Samples|1.67|240160000006|||
01/01/2023|54|2430016000000|4.05|6.18|Samples|2.13|240160000405|||
01/01/2023|54|2430016000000|9.47|10.14|Samples|0.67|240160000947|||
01/01/2023|54|2430016000000|13.75|14.05|Samples|0.3|240160001375|||
01/01/2023|54|2430016000000|16.06|19.56|Samples|3.5|240160001606|||
01/01/2023|54|2430016000000|19.56|20.79|Samples|1.23|240160001956|||
01/01/2023|54|2430016000000|20.79|22.05|Samples|1.26|240160002079|||
01/01/2023|54|2430016000000|22.05|23.76|Samples|1.71|240160002205|||
01/01/2023|54|2430016000000|23.76|24.86|Samples|1.1|240160002376|||
01/01/2023|54|2430016000000|29.19|29.41|Samples|0.22|240160002919|||
01/01/2023|54|2430016000000|32.7|35.38|Samples|2.68|240160003270|||
01/01/2023|54|4272252001900|0.0|0.39|Samples|0.39|420225200000|||
01/01/2023|54|0330099000000|0.0|1.84|Samples|1.84|030990000000|||
01/01/2023|54|0640021000000|0.537|0.9|Samples|0.363|060021000537|||
01/01/2023|54|0640021000000|0.9|1.51|Samples|0.61|060210000090|||
01/01/2023|54|0640021000000|1.51|2.939|Samples|1.429|060210000151|||
01/01/2023|54|0640021000000|2.947|2.98|Samples|0.033|060210002947|||
01/01/2023|54|2330073000000|0.31|2.15|Samples|1.84|230730000031|||
01/01/2023|54|1840021000000|0.0|0.36|Samples|0.36|180210000000|||
01/01/2023|54|1840021000000|19.64|20.96|Samples|1.32|180210001964|||
01/01/2023|54|1840021000000|28.32|29.88|Samples|1.56|180210002832|||
01/01/2023|54|3230012000000|0.78|5.93|Samples|5.15|320120000078|||
01/01/2023|54|3230012000000|5.93|6.11|Samples|0.18|320120000593|||
01/01/2023|54|3230012000000|9.33|11.31|Samples|1.98|320120000933|||
01/01/2023|54|54100770000NB|156.99|158.69|Samples|1.7|540770015699|||
01/01/2023|54|54100770000NB|158.69|160.38|Samples|1.69|540770015869|||
01/01/2023|54|54100770000NB|160.38|161.66|Samples|1.28|540770016038|||
01/01/2023|54|54100770000NB|161.66|162.73|Samples|1.07|540770016166|||
01/01/2023|54|54100770000NB|162.73|168.205|Samples|5.475|540770016273|||
01/01/2023|54|54100770000NB|168.205|168.37|Samples|0.165|540077168205|||
01/01/2023|54|54100770000NB|168.37|172.29|Samples|3.92|540770016837|||
01/01/2023|54|54100770000NB|172.29|173.21|Samples|0.92|540770017229|||
01/01/2023|54|54100770000NB|173.21|173.94|Samples|0.73|540770017321|||
01/01/2023|54|54100770000NB|173.94|176.46|Samples|2.52|540770017394|||
01/01/2023|54|54100770000NB|176.46|176.76|Samples|0.3|540770017646|||
01/01/2023|54|54100770000NB|176.76|177.928|Samples|1.168|540770017676|||
01/01/2023|54|54100770000NB|178.0|180.18|Samples|2.18|540770017800|||
01/01/2023|54|54100770000NB|180.18|181.674|Samples|1.494|540770018018|||
01/01/2023|54|54100770000NB|181.674|185.34|Samples|3.666|540770018167|||
01/01/2023|54|54100770000NB|185.34|185.64|Samples|0.3|540770018534|||
01/01/2023|54|54100770000NB|185.64|186.72|Samples|1.08|540770018564|||
01/01/2023|54|54100770000NB|186.72|187.21|Samples|0.49|540770018672|||
01/01/2023|54|1640010030000|0.0|0.21|Samples|0.21|160100000021|||
01/01/2023|54|1771754001900|0.18|0.47|Samples|0.29|170175400018|||
01/01/2023|54|1771754001900|0.47|0.57|Samples|0.1|170175400047|||
01/01/2023|54|2340005000000|0.45|2.789|Samples|2.339|230050000045|||
01/01/2023|54|1740020750000|0.46|0.93|Samples|0.47|170207500046|||
01/01/2023|54|1740020750000|1.26|1.48|Samples|0.22|170207500126|||
01/01/2023|54|5475772001900|0.44|1.25|Samples|0.81|540577200044|||
01/01/2023|54|41200190023EB|0.0|0.033|Samples|0.033|41019C000000|||
01/01/2023|54|41200190023EB|0.033|0.034|Samples|0.001|41019C000003|||
01/01/2023|54|41200190023EB|0.034|1.1|Samples|1.066|410190000034|||
01/01/2023|54|41200190023EB|1.1|1.36|Samples|0.26|410190001100|||
01/01/2023|54|24200520000EB|0.0|1.09|Samples|1.09|240520000000|||
01/01/2023|54|24200520000EB|2.54|3.72|Samples|1.18|240520000254|||
01/01/2023|54|24200520000EB|5.19|6.4|Samples|1.21|240520000519|||
01/01/2023|54|24200520000EB|6.4|7.91|Samples|1.51|240520000640|||
01/01/2023|54|24200520000EB|9.59|12.82|Samples|3.23|240520000959|||
01/01/2023|54|24200520000EB|24.59|26.77|Samples|2.18|240520002459|||
01/01/2023|54|2572506001900|0.5|0.62|Samples|0.12|250250600050|||
01/01/2023|54|2572506001900|0.62|0.72|Samples|0.1|250250600062|||
01/01/2023|54|5275509001900|0.07|0.23|Samples|0.16|520550900070|||
01/01/2023|54|5440021010000|0.01|0.53|Samples|0.52|544002100010|||
01/01/2023|54|5440021010000|1.2|1.71|Samples|0.51|540210100120|||
01/01/2023|54|0673289001900|1.72|2.02|Samples|0.3|060328900172|||
01/01/2023|54|0230045000000|14.39|14.52|Samples|0.13|020450001439|||
01/01/2023|54|0230045000000|14.52|14.85|Samples|0.33|020450001452|||
01/01/2023|54|0230045000000|14.85|15.31|Samples|0.46|020450001485|||
01/01/2023|54|0230045000000|17.53|18.23|Samples|0.7|020450001753|||
01/01/2023|54|0230045000000|19.08|19.61|Samples|0.53|020450001908|||
01/01/2023|54|0640031060000|0.0|0.38|Samples|0.38|060310600000|||
01/01/2023|54|0640031060000|0.38|0.41|Samples|0.03|060310600038|||
01/01/2023|54|0640031060000|0.41|0.48|Samples|0.07|060310600041|||
01/01/2023|54|3540039000000|0.01|0.42|Samples|0.41|350390000001|||
01/01/2023|54|3540039000000|0.42|1.56|Samples|1.14|350390000042|||
01/01/2023|54|3540039000000|1.56|2.05|Samples|0.49|350390000156|||
01/01/2023|54|0630152000000|0.76|0.99|Samples|0.23|061520000076|||
01/01/2023|54|40100640000EB|31.77|32.57|Samples|0.8|400640003177|||
01/01/2023|54|40100640000EB|32.57|33.45|Samples|0.88|400640003257|||
01/01/2023|54|40100640000EB|33.45|34.45|Samples|1.0|400640003345|||
01/01/2023|54|40100640000EB|34.45|36.27|Samples|1.82|400640003445|||
01/01/2023|54|40100640000EB|36.27|38.54|Samples|2.27|400640003627|||
01/01/2023|54|40100640000EB|38.54|38.68|Samples|0.14|400640003854|||
01/01/2023|54|40100640000EB|40.46|40.568|Samples|0.108|400640004046|||
01/01/2023|54|40100640000EB|40.568|41.546|Samples|0.978|400640040568|||
01/01/2023|54|40100640000EB|41.546|41.646|Samples|0.1|400064041546|||
01/01/2023|54|40100640000EB|41.66|41.86|Samples|0.2|400640004166|||
01/01/2023|54|40100640000EB|41.86|42.78|Samples|0.92|400640004186|||
01/01/2023|54|40100640000EB|42.79|43.77|Samples|0.98|400640004279|||
01/01/2023|54|40100640000EB|43.77|44.47|Samples|0.7|400640004377|||
01/01/2023|54|40100640000EB|44.47|44.78|Samples|0.31|400640004447|||
01/01/2023|54|40100640000EB|44.78|45.39|Samples|0.61|400640004478|||
01/01/2023|54|1740019570000|0.0|0.49|Samples|0.49|170195700000|||
01/01/2023|54|0940011000000|11.45|12.55|Samples|1.1|090110001145|||
01/01/2023|54|4240031000000|0.0|1.81|Samples|1.81|420310000181|||
01/01/2023|54|0640001000000|2.1|2.224|Samples|0.124|060001000021|||
01/01/2023|54|0640001000000|2.477|2.619|Samples|0.142|060001002477|||
01/01/2023|54|1540016000000|1.05|1.126|Samples|0.076|150160001050|||
01/01/2023|54|2071069001900|0.0|0.22|Samples|0.22|200106900000|||
01/01/2023|54|3540017000000|0.27|0.95|Samples|0.68|350170000027|||
01/01/2023|54|2540250310000|0.0|0.55|Samples|0.55|252503100000|||
01/01/2023|54|4170034001900|0.17|0.38|Samples|0.21|410003400017|||
01/01/2023|54|2640034000000|1.15|1.61|Samples|0.46|260340000115|||
01/01/2023|54|2640034000000|4.38|5.18|Samples|0.8|260340004380|||
01/01/2023|54|2640034000000|5.18|5.23|Samples|0.05|260340005180|||
01/01/2023|54|2640010000000|0.0|0.423|Samples|0.423|260100000000|||
01/01/2023|54|4170046001900|0.0|0.1|Samples|0.1|410004600000|||
01/01/2023|54|29202200000NB|12.61|13.26|Samples|0.65|292200001261|||
01/01/2023|54|29202200000NB|13.78|13.96|Samples|0.18|292200001378|||
01/01/2023|54|2030006000000|0.0|0.1|Samples|0.1|200060000000|||
01/01/2023|54|2030006000000|0.1|0.19|Samples|0.09|200060000010|||
01/01/2023|54|1430028000000|16.47|22.27|Samples|5.8|140280001647|||
01/01/2023|54|1940016000000|0.0|0.417|Samples|0.417|190160000000|||
01/01/2023|54|2940220010000|0.11|1.09|Samples|0.98|292200100110|||
01/01/2023|54|20300610005SB|0.0|0.05|Samples|0.05|20061S000000|||
01/01/2023|54|02100810000NB|0.0|1.39|Samples|1.39|020810000000|||
01/01/2023|54|02100810000NB|1.39|6.27|Samples|4.88|020810000139|||
01/01/2023|54|02100810000NB|6.27|11.63|Samples|5.36|020810000627|||
01/01/2023|54|02100810000NB|11.63|13.54|Samples|1.91|020810001163|||
01/01/2023|54|02100810000NB|13.54|14.26|Samples|0.72|020810001354|||
01/01/2023|54|02100810000NB|14.26|15.22|Samples|0.96|020810001426|||
01/01/2023|54|02100810000NB|15.22|15.62|Samples|0.4|020810001522|||
01/01/2023|54|02100810000NB|15.62|15.95|Samples|0.33|020810001562|||
01/01/2023|54|02100810000NB|15.95|16.23|Samples|0.28|020810001595|||
01/01/2023|54|02100810000NB|16.23|17.3|Samples|1.07|020810001623|||
01/01/2023|54|02100810000NB|17.3|18.13|Samples|0.83|020810001730|||
01/01/2023|54|02100810000NB|18.13|20.37|Samples|2.24|020810001813|||
01/01/2023|54|02100810000NB|20.37|23.0|Samples|2.63|020810002037|||
01/01/2023|54|02100810000NB|23.0|23.46|Samples|0.46|020810002300|||
01/01/2023|54|02100810000NB|23.46|24.53|Samples|1.07|020810002346|||
01/01/2023|54|02100810000NB|24.53|26.0|Samples|1.47|020810002453|||
01/01/2023|54|46202500000NB|6.95|7.082|Samples|0.132|460250000695|||
01/01/2023|54|46202500000NB|16.38|16.52|Samples|0.14|462500001638|||
01/01/2023|54|54300140005SB|0.0|0.16|Samples|0.16|54014S000000|||
01/01/2023|54|54300140005SB|0.16|0.32|Samples|0.16|54300140005|||
01/01/2023|54|17200190000NB|18.61|20.62|Samples|2.01|170190018610|||
01/01/2023|54|2040028000000|4.95|5.91|Samples|0.96|200280000495|||
01/01/2023|54|2040028000000|5.91|7.37|Samples|1.46|200280000591|||
01/01/2023|54|5440016000000|0.0|0.5|Samples|0.5|540160000000|||
01/01/2023|54|5440016000000|0.5|0.9|Samples|0.4|540160000050|||
01/01/2023|54|5440016000000|0.9|1.12|Samples|0.22|540160000090|||
01/01/2023|54|5440016000000|1.21|1.47|Samples|0.26|54400160000|||
01/01/2023|54|5475762001900|1.16|1.47|Samples|0.31|540576200116|||
01/01/2023|54|2040025470000|0.1|0.36|Samples|0.26|200254700010|||
01/01/2023|54|2040025470000|0.36|0.57|Samples|0.21|200254700036|||
01/01/2023|54|1740050340000|0.0|0.69|Samples|0.69|170503400000|||
01/01/2023|54|5430014000100|0.0|0.63|Samples|0.63|54014A000000|||
01/01/2023|54|5430014000100|0.92|1.31|Samples|0.39|54014A000092|||
01/01/2023|54|5430014000100|1.72|1.98|Samples|0.26|54014A000172|||
01/01/2023|54|5440001000000|6.32|6.67|Samples|0.35|54400010000|||
01/01/2023|54|5440001000000|6.67|7.17|Samples|0.5|540010000667|||
01/01/2023|54|1730020002300|0.0|0.13|Samples|0.13|17020C000000|||
01/01/2023|54|4040025020000|0.28|0.38|Samples|0.1|400250200028|||
01/01/2023|54|4040025020000|0.38|0.52|Samples|0.14|400250200038|||
01/01/2023|54|1540005000000|1.86|3.674|Samples|1.814|150050000185|||
01/01/2023|54|2840052200000|0.001|0.82|Samples|0.819|280052200001|||
01/01/2023|54|2540250320000|2.05|2.49|Samples|0.44|252503200205|||
01/01/2023|54|4140008000000|0.0|0.11|Samples|0.11|410080000000|||
01/01/2023|54|4140008000000|0.19|0.75|Samples|0.56|410080000190|||
01/01/2023|54|2040039000000|7.15|8.83|Samples|1.68|200390000715|||
01/01/2023|54|27200350000NB|9.534|10.26|Samples|0.726|270350009644|||
01/01/2023|54|27200350000NB|11.422|11.76|Samples|0.338|270350011532|||
01/01/2023|54|27200350000NB|16.293|16.47|Samples|0.177|270350016410|||
01/01/2023|54|27200350000NB|16.507|17.102|Samples|0.595|270350001664|||
01/01/2023|54|27200350000NB|17.226|17.39|Samples|0.164|270350017413|||
01/01/2023|54|27200350000NB|17.632|17.753|Samples|0.121|270350001785|||
01/01/2023|54|27200350000NB|17.753|18.071|Samples|0.318|270350001798|||
01/01/2023|54|27200350000NB|18.097|18.46|Samples|0.363|270350001835|||
01/01/2023|54|17100790000NB|106.42|107.57|Samples|1.15|170790010642|||
01/01/2023|54|17100790000NB|107.57|107.94|Samples|0.37|170790010757|||
01/01/2023|54|17100790000NB|107.94|109.77|Samples|1.83|170790010794|||
01/01/2023|54|17100790000NB|109.77|110.29|Samples|0.52|170790010977|||
01/01/2023|54|17100790000NB|110.29|111.13|Samples|0.84|170790011029|||
01/01/2023|54|17100790000NB|111.13|111.91|Samples|0.78|170790011113|||
01/01/2023|54|17100790000NB|111.91|114.132|Samples|2.222|170790011191|||
01/01/2023|54|17100790000NB|114.9|115.33|Samples|0.43|170790011490|||
01/01/2023|54|17100790000NB|115.33|117.17|Samples|1.84|170790011533|||
01/01/2023|54|17100790000NB|117.17|117.74|Samples|0.57|170790011717|||
01/01/2023|54|17100790000NB|117.74|119.53|Samples|1.79|170790011774|||
01/01/2023|54|17100790000NB|119.53|120.72|Samples|1.19|170790011953|||
01/01/2023|54|17100790000NB|120.72|122.43|Samples|1.71|170790012072|||
01/01/2023|54|17100790000NB|122.43|122.9|Samples|0.47|170790012243|||
01/01/2023|54|17100790000NB|122.9|123.988|Samples|1.088|170790012290|||
01/01/2023|54|17100790000NB|123.988|125.38|Samples|1.392|170079123988|||
01/01/2023|54|17100790000NB|125.38|125.8|Samples|0.42|170790012538|||
01/01/2023|54|17100790000NB|125.8|129.217|Samples|3.417|170790012580|||
01/01/2023|54|2870516001900|0.0|0.41|Samples|0.41|280051600000|||
01/01/2023|54|4140011000000|0.0|1.26|Samples|1.26|410110000000|||
01/01/2023|54|3540013000000|0.0|0.99|Samples|0.99|350130000000|||
01/01/2023|54|0540002010000|0.0|0.13|Samples|0.13|050020100000|||
01/01/2023|54|0540002010000|0.13|1.03|Samples|0.9|050020100013|||
01/01/2023|54|0673292001900|0.0|0.69|Samples|0.69|060329200000|||
01/01/2023|54|4140016100000|0.53|0.9|Samples|0.37|410161000530|||
01/01/2023|54|2040011000000|0.899|0.95|Samples|0.051|200110000899|||
01/01/2023|54|54300680005SB|1.69|1.92|Samples|0.23|54068S000169|||
01/01/2023|54|0130020000000|0.0|2.15|Samples|2.15|010200000000|||
01/01/2023|54|14200500000EB|7.48|7.98|Samples|0.5|140500000748|||
01/01/2023|54|14200500000EB|8.26|8.44|Samples|0.18|140500000826|||
01/01/2023|54|14200500000EB|8.56|8.92|Samples|0.36|140500000856|||
01/01/2023|54|14200500000EB|13.37|14.67|Samples|1.3|140500001337|||
01/01/2023|54|14200500000EB|15.88|16.97|Samples|1.09|140500001588|||
01/01/2023|54|14200500000EB|29.25|30.33|Samples|1.08|140500002925|||
01/01/2023|54|0640039000000|2.08|2.62|Samples|0.54|060390000208|||
01/01/2023|54|3140065000000|0.0|0.263|Samples|0.263|310650000000|||
01/01/2023|54|4240219420000|0.0|0.21|Samples|0.21|422194200000|||
01/01/2023|54|5530097000000|21.56|22.26|Samples|0.7|550970002156|||
01/01/2023|54|5530097000000|22.83|23.2|Samples|0.37|550970002283|||
01/01/2023|54|5530097000000|28.09|32.88|Samples|4.79|550970002809|||
01/01/2023|54|2730002000000|1.39|3.15|Samples|1.76|270020000139|||
01/01/2023|54|2730002000000|13.72|15.93|Samples|2.21|270020001372|||
01/01/2023|54|2730002000000|15.93|18.05|Samples|2.12|270020001593|||
01/01/2023|54|2730002000000|18.91|19.89|Samples|0.98|270020001891|||
01/01/2023|54|2730002000000|20.07|20.36|Samples|0.29|270020002007|||
01/01/2023|54|2730002000000|20.57|20.72|Samples|0.15|270020002057|||
01/01/2023|54|2730002000000|20.72|20.88|Samples|0.16|270020002072|||
01/01/2023|54|2730002000000|21.0|21.29|Samples|0.29|270020002100|||
01/01/2023|54|2730002000000|21.29|22.2|Samples|0.91|270020002129|||
01/01/2023|54|2730002000000|24.16|24.79|Samples|0.63|270020002416|||
01/01/2023|54|2730002000000|29.27|35.98|Samples|6.71|270002002927|||
01/01/2023|54|4140019210000|3.73|5.14|Samples|1.41|410192100373|||
01/01/2023|54|28200520000EB|0.0|0.58|Samples|0.58|280520000000|||
01/01/2023|54|28200520000EB|4.12|5.2|Samples|1.08|280520000412|||
01/01/2023|54|28200520000EB|6.96|7.76|Samples|0.8|280520006960|||
01/01/2023|54|28200520000EB|12.97|13.39|Samples|0.42|280052001297|||
01/01/2023|54|28200520000EB|13.44|13.67|Samples|0.23|280052001344|||
01/01/2023|54|28200520000EB|14.91|15.37|Samples|0.46|280520001491|||
01/01/2023|54|3578281001900|0.21|0.34|Samples|0.13|350828100021|||
01/01/2023|54|4140008030000|0.0|0.65|Samples|0.65|410080300000|||
01/01/2023|54|1540208000000|3.21|3.55|Samples|0.34|152080000321|||
01/01/2023|54|1740019020000|0.23|0.65|Samples|0.42|170190200023|||
01/01/2023|54|4140003180000|2.77|3.51|Samples|0.74|410031802770|||
01/01/2023|54|21100790000NB|83.55|87.45|Samples|3.9|210790008355|||
01/01/2023|54|21100790000NB|87.45|90.82|Samples|3.37|210790008745|||
01/01/2023|54|21100790000NB|90.82|96.17|Samples|5.35|210790009082|||
01/01/2023|54|21100790000NB|96.17|97.13|Samples|0.96|210790009617|||
01/01/2023|54|21100790000NB|97.13|98.287|Samples|1.157|210790009713|||
01/01/2023|54|21100790000NB|98.4|98.63|Samples|0.23|210790009840|||
01/01/2023|54|21100790000NB|98.63|98.925|Samples|0.295|210790009863|||
01/01/2023|54|21100790000NB|100.39|101.69|Samples|1.3|210790010039|||
01/01/2023|54|21100790000NB|101.69|104.15|Samples|2.46|210790010169|||
01/01/2023|54|21100790000NB|104.15|104.69|Samples|0.54|210790010415|||
01/01/2023|54|21100790000NB|104.69|106.42|Samples|1.73|210790010469|||
01/01/2023|54|3578275001900|0.0|0.26|Samples|0.26|350827500000|||
01/01/2023|54|3174784001900|0.0|0.41|Samples|0.41|310478400000|||
01/01/2023|54|3174784001900|0.41|0.58|Samples|0.17|310478400041|||
01/01/2023|54|1771765001900|0.0|0.22|Samples|0.22|17017650M00|||
01/01/2023|54|2630002000000|10.22|11.92|Samples|1.7|260020001022|||
01/01/2023|54|2630002000000|13.46|13.89|Samples|0.43|260020001346|||
01/01/2023|54|2630002000000|17.94|18.08|Samples|0.14|260020001794|||
01/01/2023|54|2630002000000|18.24|18.76|Samples|0.52|260020001824|||
01/01/2023|54|2630002000000|19.53|19.8|Samples|0.27|260020001953|||
01/01/2023|54|2840011000000|0.08|0.58|Samples|0.5|280110000008|||
01/01/2023|54|2040043000000|0.427|1.27|Samples|0.843|200430000427|||
01/01/2023|54|3130705000000|0.0|0.51|Samples|0.51|317050000000|||
01/01/2023|54|3130705000000|0.68|1.23|Samples|0.55|317050000068|||
01/01/2023|54|3130705000000|1.23|1.64|Samples|0.41|317050000123|||
01/01/2023|54|3130705000000|1.64|1.81|Samples|0.17|317050000163|||
01/01/2023|54|5530010000000|24.14|24.38|Samples|0.24|550100002414|||
01/01/2023|54|1930115000000|0.0|0.22|Samples|0.22|191150000000|||
01/01/2023|54|1930115000000|0.64|1.15|Samples|0.51|191150000064|||
01/01/2023|54|1930115000000|1.59|4.09|Samples|2.5|191150000159|||
01/01/2023|54|12200480000EB|0.0|5.82|Samples|5.82|120480000000|||
01/01/2023|54|0140046010000|0.0|1.62|Samples|1.62|010460100000|||
01/01/2023|54|2840016000000|1.7|2.5|Samples|0.8|280160000170|||
01/01/2023|54|2840016000000|2.5|2.614|Samples|0.114|280160002500|||
01/01/2023|54|54200500000EB|0.0|0.61|Samples|0.61|54200500000|||
01/01/2023|54|54200500000EB|2.53|3.15|Samples|0.62|54200500253|||
01/01/2023|54|54200500000EB|8.94|10.02|Samples|1.08|540500000894|||
01/01/2023|54|1040019430000|0.09|0.34|Samples|0.25|100194300009|||
01/01/2023|54|0240001000000|8.14|9.32|Samples|1.18|020010000814|||
01/01/2023|54|4240033070000|0.0|0.43|Samples|0.43|420330700000|||
01/01/2023|54|2071026001900|0.0|0.33|Samples|0.33|200102600000|||
01/01/2023|54|0274268001900|0.0|0.48|Samples|0.48|020426800000|||
01/01/2023|54|4170012001900|0.0|0.46|Samples|0.46|410001200000|||
01/01/2023|54|0673281001900|0.19|0.48|Samples|0.29|060328100019|||
01/01/2023|54|0673281001900|0.6|0.96|Samples|0.36|060328100060|||
01/01/2023|54|0530002000000|3.33|3.88|Samples|0.55|050020003330|||
01/01/2023|54|0530002000000|3.88|6.35|Samples|2.47|050020000388|||
01/01/2023|54|0530002000000|6.8|7.06|Samples|0.26|050020000680|||
01/01/2023|54|0530002000000|7.06|7.47|Samples|0.41|050020000706|||
01/01/2023|54|0530002000000|7.59|8.67|Samples|1.08|050020000759|||
01/01/2023|54|0530002000000|10.14|10.72|Samples|0.58|050020001014|||
01/01/2023|54|0530002000000|12.63|13.08|Samples|0.45|050020001263|||
01/01/2023|54|0530002000000|14.5|14.83|Samples|0.33|050002000145|||
01/01/2023|54|0530002000000|14.83|15.05|Samples|0.22|050020001483|||
01/01/2023|54|0530002000000|15.05|15.08|Samples|0.03|050020001505|||
01/01/2023|54|0530002000000|15.08|15.4|Samples|0.32|050020001508|||
01/01/2023|54|0530002000000|15.75|16.16|Samples|0.41|050020001575|||
01/01/2023|54|0340006000000|2.99|5.53|Samples|2.54|030060000299|||
01/01/2023|54|3140059020000|0.0|0.44|Samples|0.44|310590200000|||
01/01/2023|54|1040018230000|0.0|0.44|Samples|0.44|100182300000|||
01/01/2023|54|2030062000000|0.87|1.66|Samples|0.79|200620000087|||
01/01/2023|54|2030062000000|7.93|8.26|Samples|0.33|200620000793|||
01/01/2023|54|3140061000000|0.0|0.94|Samples|0.94|310610000000|||
01/01/2023|54|20201190023NB|0.0|0.51|Samples|0.51|200119C00000|||
01/01/2023|54|20201190023NB|0.7|1.17|Samples|0.47|201190000070|||
01/01/2023|54|4140016160000|0.0|0.42|Samples|0.42|410161600000|||
01/01/2023|54|2040008000000|0.86|1.17|Samples|0.31|204000800000|||
01/01/2023|54|2040008000000|2.72|3.24|Samples|0.52|200080000272|||
01/01/2023|54|4330053000000|0.0|1.4|Samples|1.4|430530000000|||
01/01/2023|54|30200520000EB|9.95|11.65|Samples|1.7|300520000995|||
01/01/2023|54|30200520000EB|20.68|20.78|Samples|0.1|300520002068|||
01/01/2023|54|30200520000EB|20.78|20.91|Samples|0.13|300520002078|||
01/01/2023|54|30200520000EB|21.06|21.95|Samples|0.89|300520002106|||
01/01/2023|54|30200520000EB|21.97|22.28|Samples|0.31|300052002197|||
01/01/2023|54|30200520000EB|26.08|26.53|Samples|0.45|300520002608|||
01/01/2023|54|30200520000EB|43.29|44.74|Samples|1.45|300520004329|||
01/01/2023|54|2330017000000|1.394|2.174|Samples|0.78|230170000032|||
01/01/2023|54|4170014001900|0.12|0.29|Samples|0.17|410001400120|||
01/01/2023|54|50100640000EB|0.0|1.25|Samples|1.25|500640000000|||
01/01/2023|54|50100640000EB|1.25|1.29|Samples|0.04|500640000125|||
01/01/2023|54|50100640000EB|1.29|1.66|Samples|0.37|500640000129|||
01/01/2023|54|50100640000EB|1.66|2.17|Samples|0.51|500640000166|||
01/01/2023|54|50100640000EB|2.17|2.75|Samples|0.58|500640000217|||
01/01/2023|54|50100640000EB|2.75|4.22|Samples|1.47|500640000275|||
01/01/2023|54|50100640000EB|4.22|5.29|Samples|1.07|500640000422|||
01/01/2023|54|50100640000EB|5.29|5.87|Samples|0.58|500640000529|||
01/01/2023|54|1577271001900|0.4|1.18|Samples|0.78|150727100040|||
01/01/2023|54|1040014020000|0.2|0.35|Samples|0.15|100140200020|||
01/01/2023|54|0673287001900|0.0|0.28|Samples|0.28|060328700000|||
01/01/2023|54|0673287001900|0.51|0.86|Samples|0.35|060328700510|||
01/01/2023|54|0673287001900|1.03|1.14|Samples|0.11|060328700103|||
01/01/2023|54|3140059000000|0.0|0.33|Samples|0.33|310590000000|||
01/01/2023|54|3140059000000|0.33|0.85|Samples|0.52|310590000033|||
01/01/2023|54|5330014000000|19.34|20.71|Samples|1.37|530140001934|||
01/01/2023|54|3140019220000|0.12|0.68|Samples|0.56|310019220012|||
01/01/2023|54|3140019220000|0.68|1.07|Samples|0.39|310192200068|||
01/01/2023|54|0240012000000|0.0|1.29|Samples|1.29|020120000000|||
01/01/2023|54|13202190005SB|0.0|0.33|Samples|0.33|13219S000000|||
01/01/2023|54|13202190005SB|0.33|1.64|Samples|1.31|13219S000033|||
01/01/2023|54|1730058000000|2.43|2.82|Samples|0.39|170580002430|||
01/01/2023|54|4040012000000|4.71|8.19|Samples|3.48|400120000471|||
01/01/2023|54|4040012000000|8.19|10.77|Samples|2.58|400120000819|||
01/01/2023|54|4040012000000|10.77|12.37|Samples|1.6|400120001077|||
01/01/2023|54|29200500000EB|8.0|10.56|Samples|2.56|290500000800|||
01/01/2023|54|3430039000000|24.6|24.96|Samples|0.36|340390024600|||
01/01/2023|54|45100640000EB|138.01|138.38|Samples|0.37|450640013801|||
01/01/2023|54|45100640000EB|138.38|143.2|Samples|4.82|450640013838|||
01/01/2023|54|45100640000EB|143.2|143.75|Samples|0.55|450640014320|||
01/01/2023|54|45100640000EB|143.75|147.6|Samples|3.85|450640014375|||
01/01/2023|54|4130054000000|2.48|4.86|Samples|2.38|410540000248|||
01/01/2023|54|4130054000000|4.86|5.72|Samples|0.86|410540000486|||
01/01/2023|54|4130054000000|6.35|6.54|Samples|0.19|410540000635|||
01/01/2023|54|4130054000000|6.54|7.1|Samples|0.56|410540000654|||
01/01/2023|54|4130054000000|7.1|7.41|Samples|0.31|410540000710|||
01/01/2023|54|4130054000000|7.41|8.84|Samples|1.43|410540000741|||
01/01/2023|54|4130054000000|10.14|10.33|Samples|0.19|410540010140|||
01/01/2023|54|2877013001900|0.42|0.52|Samples|0.1|280701300042|||
01/01/2023|54|1030006000000|0.0|0.12|Samples|0.12|100060000000|||
01/01/2023|54|1030006000000|0.12|0.33|Samples|0.21|100060000120|||
01/01/2023|54|3830039000000|27.78|28.08|Samples|0.3|380390002778|||
01/01/2023|54|3830039000000|35.01|35.23|Samples|0.22|380390003501|||
01/01/2023|54|1740024060000|0.29|0.6|Samples|0.31|170240600029|||
01/01/2023|54|2540073730000|2.11|2.33|Samples|0.22|250737300211|||
01/01/2023|54|2540073730000|2.62|2.673|Samples|0.053|250737300262|||
01/01/2023|54|2540073730000|2.673|3.34|Samples|0.667|250737302673|||
01/01/2023|54|3578280001900|0.0|0.4|Samples|0.4|350828000000|||
01/01/2023|54|1230028000000|3.35|4.76|Samples|1.41|120280000335|||
01/01/2023|54|1230028000000|8.23|12.58|Samples|4.35|120280000823|||
01/01/2023|54|1230028000000|12.58|12.95|Samples|0.37|120280001258|||
01/01/2023|54|1230028000000|13.03|13.38|Samples|0.35|120280001303|||
01/01/2023|54|09200500000EB|0.0|3.98|Samples|3.98|090500000000|||
01/01/2023|54|09200500000EB|3.98|5.61|Samples|1.63|090500000398|||
01/01/2023|54|09200500000EB|5.63|6.54|Samples|0.91|090500000563|||
01/01/2023|54|09200500000EB|8.26|8.8|Samples|0.54|090500000826|||
01/01/2023|54|09200500000EB|8.8|9.75|Samples|0.95|090500000880|||
01/01/2023|54|09200500000EB|9.75|11.01|Samples|1.26|090500000975|||
01/01/2023|54|09200500000EB|11.43|12.1|Samples|0.67|090500011430|||
01/01/2023|54|09200500000EB|12.1|12.96|Samples|0.86|090500012100|||
01/01/2023|54|09200500000EB|17.75|18.87|Samples|1.12|090500001775|||
01/01/2023|54|2240012000000|4.91|5.18|Samples|0.27|220120000491|||
01/01/2023|54|13100640000EB|147.6|147.93|Samples|0.33|130640014760|||
01/01/2023|54|13100640000EB|147.93|149.84|Samples|1.91|130640014793|||
01/01/2023|54|13100640000EB|149.84|156.18|Samples|6.34|130640014984|||
01/01/2023|54|13100640000EB|156.18|161.46|Samples|5.28|130640015618|||
01/01/2023|54|13100640000EB|161.46|165.95|Samples|4.49|130640016146|||
01/01/2023|54|13100640000EB|165.95|168.89|Samples|2.94|130640016595|||
01/01/2023|54|13100640000EB|168.96|170.09|Samples|1.13|130640016896|||
01/01/2023|54|13100640000EB|170.09|170.23|Samples|0.14|130640017009|||
01/01/2023|54|13100640000EB|172.62|174.1|Samples|1.48|130640017262|||
01/01/2023|54|13100640000EB|174.1|175.31|Samples|1.21|130640017410|||
01/01/2023|54|13100640000EB|175.31|176.16|Samples|0.85|130640017531|||
01/01/2023|54|13100640000EB|176.16|178.43|Samples|2.27|130640017616|||
01/01/2023|54|13100640000EB|178.43|181.12|Samples|2.69|130640017843|||
01/01/2023|54|13100640000EB|181.12|182.02|Samples|0.9|130640018112|||
01/01/2023|54|13100640000EB|182.02|184.02|Samples|2.0|130640018202|||
01/01/2023|54|2776504001900|0.0|0.14|Samples|0.14|270650400000|||
01/01/2023|54|0540003010000|0.48|0.61|Samples|0.13|050030100046|||
01/01/2023|54|0540003010000|0.61|1.65|Samples|1.04|050030100061|||
01/01/2023|54|0540003010000|1.65|1.94|Samples|0.29|050030100165|||
01/01/2023|54|1940031000000|0.0|0.029|Samples|0.029|190310000000|||
01/01/2023|54|5475791001900|0.0|0.37|Samples|0.37|540579100000|||
01/01/2023|54|3174771001900|0.3|0.65|Samples|0.35|310477100030|||
01/01/2023|54|4530107000000|0.29|0.76|Samples|0.47|451070000029|||
01/01/2023|54|0140006000000|0.11|3.13|Samples|3.02|010060000011|||
01/01/2023|54|05300020005SB|0.0|0.34|Samples|0.34|05002S000000|||
01/01/2023|54|41100640000EB|118.92|120.1|Samples|1.18|410640011892|||
01/01/2023|54|41100640000EB|120.69|122.62|Samples|1.93|410640012069|||
01/01/2023|54|41100640000EB|122.71|123.18|Samples|0.47|410640012271|||
01/01/2023|54|41100640000EB|123.63|124.47|Samples|0.84|410640012363|||
01/01/2023|54|41100640000EB|126.65|127.58|Samples|0.93|410640012665|||
01/01/2023|54|41100640000EB|128.91|129.49|Samples|0.58|410064012891|||
01/01/2023|54|41100640000EB|129.49|132.0|Samples|2.51|410064012949|||
01/01/2023|54|41100640000EB|132.0|132.53|Samples|0.53|410640013200|||
01/01/2023|54|41100640000EB|132.84|137.48|Samples|4.64|410640013284|||
01/01/2023|54|41100640000EB|137.48|138.01|Samples|0.53|410640013748|||
01/01/2023|54|4140004030000|0.0|0.47|Samples|0.47|410040300000|||
01/01/2023|54|0673263001900|0.0|0.26|Samples|0.26|060326300000|||
01/01/2023|54|0673263001900|0.26|0.48|Samples|0.22|060326300026|||
01/01/2023|54|11200330000EB|0.0|0.59|Samples|0.59|110330000000|||
01/01/2023|54|11200330000EB|1.12|1.39|Samples|0.27|110330000112|||
01/01/2023|54|11200330000EB|1.39|1.96|Samples|0.57|110330000139|||
01/01/2023|54|11200330000EB|2.2|6.44|Samples|4.24|110330000220|||
01/01/2023|54|11200330000EB|17.3|17.82|Samples|0.52|110330001730|||
01/01/2023|54|11200330000EB|18.2|19.62|Samples|1.42|110330001820|||
01/01/2023|54|11200330000EB|19.62|22.18|Samples|2.56|110330001962|||
01/01/2023|54|11200330000EB|22.28|25.09|Samples|2.81|110330002228|||
01/01/2023|54|11200330000EB|25.09|26.73|Samples|1.64|110330002509|||
01/01/2023|54|46200500000EB|12.99|13.65|Samples|0.66|460500001299|||
01/01/2023|54|2071013001900|0.0|1.48|Samples|1.48|200101300000|||
01/01/2023|54|1771783001900|0.0|0.64|Samples|0.64|170178300000|||
01/01/2023|54|0540008000000|0.0|0.75|Samples|0.75|050080000000|||
01/01/2023|54|2877019001900|0.0|0.13|Samples|0.13|280701900000|||
01/01/2023|54|04100790000NB|44.6|46.22|Samples|1.62|040790004460|||
01/01/2023|54|04100790000NB|46.22|49.73|Samples|3.51|040790004622|||
01/01/2023|54|04100790000NB|49.73|50.35|Samples|0.62|040790004973|||
01/01/2023|54|04100790000NB|50.35|51.61|Samples|1.26|040790005035|||
01/01/2023|54|04100790000NB|51.61|52.61|Samples|1.0|040790005161|||
01/01/2023|54|04100790000NB|52.61|53.27|Samples|0.66|040790005261|||
01/01/2023|54|04100790000NB|53.27|54.18|Samples|0.91|040790005327|||
01/01/2023|54|04100790000NB|54.18|57.51|Samples|3.33|040790005418|||
01/01/2023|54|04100790000NB|57.51|59.0|Samples|1.49|040790005751|||
01/01/2023|54|04100790000NB|59.0|61.47|Samples|2.47|040790005900|||
01/01/2023|54|04100790000NB|61.47|62.04|Samples|0.57|040790006147|||
01/01/2023|54|04100790000NB|62.04|63.46|Samples|1.42|040790006204|||
01/01/2023|54|04100790000NB|63.46|64.83|Samples|1.37|040790006346|||
01/01/2023|54|04100790000NB|64.83|67.52|Samples|2.69|040790006483|||
01/01/2023|54|04100790000NB|67.52|69.32|Samples|1.8|040790006752|||
01/01/2023|54|04100790000NB|69.32|70.83|Samples|1.51|040790006932|||
01/01/2023|54|04100790000NB|70.83|78.41|Samples|7.58|040790007083|||
01/01/2023|54|04100790000NB|78.41|79.08|Samples|0.67|040790007841|||
01/01/2023|54|04100790000NB|79.08|83.15|Samples|4.07|040790007908|||
01/01/2023|54|25200190000NB|3.003|4.64|Samples|1.637|250190000300|||
01/01/2023|54|25200190000NB|7.16|7.97|Samples|0.81|250190000716|||
01/01/2023|54|25200190000NB|7.97|8.47|Samples|0.5|250190000797|||
01/01/2023|54|1530105000000|0.38|1.14|Samples|0.76|151050000038|||
01/01/2023|54|1530105000000|1.14|3.27|Samples|2.13|151050000114|||
01/01/2023|54|1530105000000|3.27|4.14|Samples|0.87|151050000327|||
01/01/2023|54|1530105000000|4.14|4.26|Samples|0.12|150105000414|||
01/01/2023|54|1530105000000|4.26|4.58|Samples|0.32|151050000426|||
01/01/2023|54|1530105000000|4.58|4.82|Samples|0.24|151050000458|||
01/01/2023|54|1140009000000|0.0|3.41|Samples|3.41|110090000000|||
01/01/2023|54|0240011190000|0.0|0.31|Samples|0.31|020111900000|||
01/01/2023|54|2540072020000|0.0|0.5|Samples|0.5|250720200000|||
01/01/2023|54|2540072020000|0.5|0.72|Samples|0.22|250720200050|||
01/01/2023|54|2540072020000|0.72|1.17|Samples|0.45|250720200072|||
01/01/2023|54|2540072020000|1.17|1.71|Samples|0.54|250720200117|||
01/01/2023|54|2540072020000|1.76|1.93|Samples|0.17|250720200176|||
01/01/2023|54|2776503001900|0.0|0.23|Samples|0.23|270650300000|||
01/01/2023|54|1340045000000|0.66|1.04|Samples|0.38|130450000066|||
01/01/2023|54|0240011130000|0.28|0.41|Samples|0.13|020111300028|||
01/01/2023|54|0240011130000|0.41|0.55|Samples|0.14|020111300041|||
01/01/2023|54|3540091010000|0.0|0.2|Samples|0.2|350910100000|||
01/01/2023|54|2071062001900|0.0|1.38|Samples|1.38|200106200000|||
01/01/2023|54|2870515001900|0.0|0.95|Samples|0.95|280051500000|||
01/01/2023|54|1540015000000|0.0|1.44|Samples|1.44|150150000000|||
01/01/2023|54|1540015000000|1.44|1.95|Samples|0.51|150150000144|||
01/01/2023|54|5040003020000|0.0|0.64|Samples|0.64|500030200000|||
01/01/2023|54|5040003020000|0.64|1.25|Samples|0.61|500030200064|||
01/01/2023|54|1540009000000|0.0|0.79|Samples|0.79|150090000000|||
01/01/2023|54|1640012000000|14.85|15.91|Samples|1.06|160120001485|||
01/01/2023|54|5440050380000|0.0|2.13|Samples|2.13|540503800000|||
01/01/2023|54|19203400005SB|0.0|0.17|Samples|0.17|19340S000000|||
01/01/2023|54|19203400005SB|0.17|0.37|Samples|0.2|190340S00017|||
01/01/2023|54|19203400005SB|0.371|0.6|Samples|0.229|190340S00371|||
01/01/2023|54|38202500000NB|0.0|5.0|Samples|5.0|382500000000|||
01/01/2023|54|38202500000NB|5.01|7.0|Samples|1.99|382500000501|||
01/01/2023|54|4830002000000|0.0|2.27|Samples|2.27|480020000000|||
01/01/2023|54|4830002000000|2.27|2.84|Samples|0.57|480020000227|||
01/01/2023|54|4830002000000|2.84|4.64|Samples|1.8|480020000284|||
01/01/2023|54|4830002000000|4.9|6.65|Samples|1.75|480020000490|||
01/01/2023|54|4830002000000|9.93|10.25|Samples|0.32|480020000993|||
01/01/2023|54|4830002000000|10.25|12.02|Samples|1.77|480020001025|||
01/01/2023|54|4830002000000|12.02|13.02|Samples|1.0|480020001202|||
01/01/2023|54|31100680005SB|0.65|1.14|Samples|0.49|31068S000065|||
01/01/2023|54|3540005000000|0.0|1.47|Samples|1.47|350050000000|||
01/01/2023|54|5430047000000|0.45|0.56|Samples|0.11|540470000045|||
01/01/2023|54|1040015000000|0.0|1.58|Samples|1.58|100150000000|||
01/01/2023|54|21200330000EB|16.0|16.23|Samples|0.23|210330001600|||
01/01/2023|54|21200330000EB|17.59|17.967|Samples|0.377|210330001759|||
01/01/2023|54|21200330000EB|19.84|20.19|Samples|0.35|210330001984|||
01/01/2023|54|21200330000EB|20.19|21.03|Samples|0.84|210330002019|||
01/01/2023|54|21200330000EB|21.25|22.25|Samples|1.0|210330002125|||
01/01/2023|54|21200330000EB|22.25|22.84|Samples|0.59|210330002225|||
01/01/2023|54|1740009000000|0.05|0.52|Samples|0.47|170090000005|||
01/01/2023|54|3030080000000|4.6|5.6|Samples|1.0|300800000460|||
01/01/2023|54|3030080000000|7.05|9.46|Samples|2.41|300800000705|||
01/01/2023|54|2040060750000|0.0|0.09|Samples|0.09|200607500000|||
01/01/2023|54|4140006090000|0.6|1.37|Samples|0.77|410060900060|||
01/01/2023|54|4140001000000|1.95|3.4|Samples|1.45|410010001950|||
01/01/2023|54|4140001000000|3.4|4.14|Samples|0.74|410010003400|||
01/01/2023|54|01201190000NB|6.95|9.29|Samples|2.34|011190000695|||
01/01/2023|54|01201190000NB|10.66|11.5|Samples|0.84|011190001066|||
01/01/2023|54|1740024000000|4.78|5.67|Samples|0.89|170240004780|||
01/01/2023|54|0673313001900|0.0|0.17|Samples|0.17|060331300000|||
01/01/2023|54|1577259001900|0.58|0.62|Samples|0.04|150725900058|||
01/01/2023|54|1577259001900|0.62|1.16|Samples|0.54|150725900062|||
01/01/2023|54|3540018000000|0.0|0.72|Samples|0.72|350180000000|||
01/01/2023|54|1030016000000|1.75|2.38|Samples|0.63|100160000175|||
01/01/2023|54|1030016000000|14.616|14.746|Samples|0.13|100160001484|||
01/01/2023|54|1030016000000|15.526|16.666|Samples|1.14|100160001575|||
01/01/2023|54|1030016000000|23.176|23.516|Samples|0.34|100160002340|||
01/01/2023|54|2740035110000|0.0|0.37|Samples|0.37|270351100000|||
01/01/2023|54|0540001000000|0.0|0.12|Samples|0.12|050010000000|||
01/01/2023|54|0540001000000|0.12|0.5|Samples|0.38|050010000012|||
01/01/2023|54|0540001000000|1.07|1.34|Samples|0.27|050010000107|||
01/01/2023|54|0540001000000|3.26|4.01|Samples|0.75|050010000326|||
01/01/2023|54|0540001000000|4.01|4.8|Samples|0.79|050010000401|||
01/01/2023|54|2040015000000|0.0|0.1|Samples|0.1|200150000000|||
01/01/2023|54|50200520000EB|5.8|6.51|Samples|0.71|500520000580|||
01/01/2023|54|50200520000EB|29.12|31.4|Samples|2.28|500520002912|||
01/01/2023|54|06200600001EB|0.0|0.39|Samples|0.39|06060A000000|||
01/01/2023|54|2340110580000|0.51|1.04|Samples|0.53|231105800044|||
01/01/2023|54|39202190000NB|0.0|0.8|Samples|0.8|392190000000|||
01/01/2023|54|39202190000NB|0.8|3.01|Samples|2.21|392190000080|||
01/01/2023|54|39202190000NB|3.01|3.31|Samples|0.3|392190000301|||
01/01/2023|54|39202190000NB|3.31|4.76|Samples|1.45|392190000331|||
01/01/2023|54|5475767001900|0.0|0.24|Samples|0.24|540576700000|||
01/01/2023|54|5475767001900|0.88|1.08|Samples|0.2|540576700088|||
01/01/2023|54|5475767001900|1.25|1.46|Samples|0.21|540576700125|||
01/01/2023|54|20200600000EB|2.44|2.86|Samples|0.42|200600000244|||
01/01/2023|54|20200600000EB|6.2|6.92|Samples|0.72|200600000620|||
01/01/2023|54|20200600000EB|9.19|10.9|Samples|1.71|200600000919|||
01/01/2023|54|20200600000EB|14.84|16.0|Samples|1.16|200600001484|||
01/01/2023|54|20200600000EB|16.07|16.48|Samples|0.41|200600001607|||
01/01/2023|54|20200600000EB|18.64|20.08|Samples|1.44|200600001864|||
01/01/2023|54|20200600000EB|23.08|23.52|Samples|0.44|200600002308|||
01/01/2023|54|20200600000EB|28.43|29.18|Samples|0.75|200600002843|||
01/01/2023|54|2040006060000|0.0|0.47|Samples|0.47|200060600000|||
01/01/2023|54|2040006060000|0.8|1.16|Samples|0.36|200060600080|||
01/01/2023|54|2040006060000|1.16|2.24|Samples|1.08|200060600116|||
01/01/2023|54|2040006060000|2.24|3.11|Samples|0.87|200060600224|||
01/01/2023|54|2040006060000|3.7|5.75|Samples|2.05|200060600370|||
01/01/2023|54|1540003060000|2.171|2.32|Samples|0.149|150030602171|||
01/01/2023|54|3140019190000|0.47|1.29|Samples|0.82|310191900047|||
01/01/2023|54|3140019190000|1.29|1.7|Samples|0.41|310191900129|||
01/01/2023|54|10200190000NB|0.0|1.02|Samples|1.02|100190000000|||
01/01/2023|54|10200190000NB|2.85|3.82|Samples|0.97|100190000285|||
01/01/2023|54|10200190000NB|3.89|6.16|Samples|2.27|100190000389|||
01/01/2023|54|10200190000NB|6.16|6.66|Samples|0.5|100190000616|||
01/01/2023|54|10200190000NB|6.66|8.23|Samples|1.57|100190000666|||
01/01/2023|54|10200190000NB|14.64|15.627|Samples|0.987|100190001464|||
01/01/2023|54|03201190000NB|0.0|2.93|Samples|2.93|031190000000|||
01/01/2023|54|03201190000NB|9.44|11.49|Samples|2.05|031190000944|||
01/01/2023|54|03201190000NB|11.49|12.83|Samples|1.34|031190001149|||
01/01/2023|54|03201190000NB|12.83|13.54|Samples|0.71|031190001283|||
01/01/2023|54|03201190000NB|16.97|17.83|Samples|0.86|031190001697|||
01/01/2023|54|5040060070000|0.24|0.87|Samples|0.63|500600700024|||
01/01/2023|54|5040060070000|0.87|1.44|Samples|0.57|500600700087|||
01/01/2023|54|0240009050000|1.67|3.26|Samples|1.59|020090500167|||
01/01/2023|54|0640060090000|0.0|0.35|Samples|0.35|060600900000|||
01/01/2023|54|35202500000NB|0.0|0.94|Samples|0.94|352500000000|||
01/01/2023|54|35202500000NB|0.94|1.9|Samples|0.96|352500000094|||
01/01/2023|54|35202500000NB|1.9|2.93|Samples|1.03|352500000190|||
01/01/2023|54|35202500000NB|2.93|3.26|Samples|0.33|352500000293|||
01/01/2023|54|49201190000NB|5.38|5.6|Samples|0.22|491190000538|||
01/01/2023|54|2770100001900|5.61|5.81|Samples|0.2|270010000561|||
01/01/2023|54|2840016100000|0.0|0.66|Samples|0.66|280161000000|||
01/01/2023|54|0130092000000|8.64|10.73|Samples|2.09|010920000864|||
01/01/2023|54|2840007050000|0.0|0.324|Samples|0.324|280007050000|||
01/01/2023|54|2840007050000|0.343|1.11|Samples|0.767|280007050343|||
01/01/2023|54|2840007050000|1.11|1.83|Samples|0.72|280070500111|||
01/01/2023|54|2840007050000|1.836|2.1|Samples|0.264|280070501836|||
01/01/2023|54|2040025250000|0.0|0.15|Samples|0.15|200252500000|||
01/01/2023|54|2040025250000|0.15|2.17|Samples|2.02|200252500015|||
01/01/2023|54|4940012000000|0.85|1.53|Samples|0.68|490120000850|||
01/01/2023|54|4940012000000|1.53|2.57|Samples|1.04|490120001530|||
01/01/2023|54|4940012000000|2.57|4.26|Samples|1.69|490120000257|||
01/01/2023|54|4940012000000|5.08|5.29|Samples|0.21|490120000508|||
01/01/2023|54|15200300000EB|1.543|2.38|Samples|0.837|150300001543|||
01/01/2023|54|3578259001900|0.0|0.12|Samples|0.12|350825900000|||
01/01/2023|54|3578259001900|0.33|0.49|Samples|0.16|350825900033|||
01/01/2023|54|20100770023NB|0.0|1.02|Samples|1.02|20077C000000|||
01/01/2023|54|0440032000000|6.27|6.5|Samples|0.23|040320000627|||
01/01/2023|54|4140025000000|3.7|5.9|Samples|2.2|410250003700|||
01/01/2023|54|1040012000000|0.18|1.9|Samples|1.72|100120000180|||
01/01/2023|54|1040012000000|1.9|3.28|Samples|1.38|100120001900|||
01/01/2023|54|1040021200000|0.0|0.98|Samples|0.98|100212000000|||
01/01/2023|54|1130005000000|10.83|12.51|Samples|1.68|110050001083|||
01/01/2023|54|1130005000000|14.58|14.89|Samples|0.31|110050001458|||
01/01/2023|54|28204600000EB|0.029|1.06|Samples|1.031|284600000029|||
01/01/2023|54|28204600000EB|1.33|2.9|Samples|1.57|284600000133|||
01/01/2023|54|28204600000EB|2.9|3.09|Samples|0.19|284600000290|||
01/01/2023|54|28204600000EB|4.29|5.38|Samples|1.09|284600000429|||
01/01/2023|54|28204600000EB|13.48|14.72|Samples|1.24|284600001348|||
01/01/2023|54|28204600000EB|14.72|15.15|Samples|0.43|284600001472|||
01/01/2023|54|4140016390000|0.0|0.64|Samples|0.64|410163900000|||
01/01/2023|54|0240034030000|0.0|1.01|Samples|1.01|020340300000|||
01/01/2023|54|1740025060000|2.98|5.26|Samples|2.28|170250600298|||
01/01/2023|54|1771758001900|0.0|0.47|Samples|0.47|170175800000|||
01/01/2023|54|1771758001900|0.47|0.69|Samples|0.22|170175800047|||
01/01/2023|54|1140007000000|6.97|8.67|Samples|1.7|110070000697|||
01/01/2023|54|52202500000NB|1.18|1.89|Samples|0.71|522500000118|||
01/01/2023|54|52202500000NB|5.54|6.88|Samples|1.34|522500000554|||
01/01/2023|54|52202500000NB|7.02|7.97|Samples|0.95|522500000702|||
01/01/2023|54|52202500000NB|8.1|8.64|Samples|0.54|522500000810|||
01/01/2023|54|52202500000NB|8.68|9.05|Samples|0.37|522500000868|||
01/01/2023|54|52202500000NB|9.05|9.2|Samples|0.15|522500000905|||
01/01/2023|54|52202500000NB|9.2|9.63|Samples|0.43|522500000920|||
01/01/2023|54|52202500000NB|9.63|11.07|Samples|1.44|522500000963|||
01/01/2023|54|0240010010000|0.0|0.69|Samples|0.69|020100100000|||
01/01/2023|54|2040009030000|0.97|2.86|Samples|1.89|200090300969|||
01/01/2023|54|4640044000000|0.24|0.73|Samples|0.49|460440000240|||
01/01/2023|54|4640044000000|0.76|1.76|Samples|1.0|460440000076|||
01/01/2023|54|4640044000000|1.92|2.03|Samples|0.11|460440001920|||
01/01/2023|54|2540072000000|1.02|1.79|Samples|0.77|250720000102|||
01/01/2023|54|2540072000000|2.07|2.67|Samples|0.6|250720000207|||
01/01/2023|54|1740050160000|0.12|0.54|Samples|0.42|170501600012|||
01/01/2023|54|5275503001900|0.0|0.45|Samples|0.45|520550300000|||
01/01/2023|54|25202500000NB|2.87|3.0|Samples|0.13|252500000287|||
01/01/2023|54|25202500000NB|3.785|4.16|Samples|0.375|252500003420|||
01/01/2023|54|04200190000NB|26.57|27.64|Samples|1.07|040190002657|||
01/01/2023|54|2740001040000|1.647|1.65|Samples|0.003|270010401647|||
01/01/2023|54|4140009000000|5.28|5.54|Samples|0.26|410090000528|||
01/01/2023|54|5040060030000|1.37|1.47|Samples|0.1|500600300137|||
01/01/2023|54|0640017000000|0.0|1.577|Samples|1.577|060170000000|||
01/01/2023|54|0640017000000|4.05|4.17|Samples|0.12|060170000405|||
01/01/2023|54|0640017000000|4.3|4.41|Samples|0.11|060170000430|||
01/01/2023|54|0640017000000|4.47|5.02|Samples|0.55|060170000447|||
01/01/2023|54|0140030070000|0.0|0.92|Samples|0.92|010300700000|||
01/01/2023|54|0140030070000|0.92|2.0|Samples|1.08|010300700092|||
01/01/2023|54|2340119900000|0.0|0.5|Samples|0.5|231199000000|||
01/01/2023|54|1040008000000|1.3|2.0|Samples|0.7|100080000130|||
01/01/2023|54|1040008000000|2.47|2.82|Samples|0.35|100080000247|||
01/01/2023|54|1040008000000|3.28|6.25|Samples|2.97|100080000380|||
01/01/2023|54|5475780001900|0.0|0.12|Samples|0.12|540578000000|||
01/01/2023|54|4030034000000|14.57|14.97|Samples|0.4|400340001457|||
01/01/2023|54|4030034000000|15.27|15.39|Samples|0.12|400340001527|||
01/01/2023|54|4030034000000|15.39|15.68|Samples|0.29|400340001539|||
01/01/2023|54|4030034000000|15.68|17.018|Samples|1.338|400340001568|||
01/01/2023|54|4030034000000|17.018|17.081|Samples|0.063|400340001702|||
01/01/2023|54|4030034000000|17.081|18.41|Samples|1.329|400034017081|||
01/01/2023|54|4030034000000|18.41|19.87|Samples|1.46|400340001841|||
01/01/2023|54|4730093000000|0.0|0.15|Samples|0.15|470930000000|||
01/01/2023|54|4730093000000|0.15|0.91|Samples|0.76|470930000015|||
01/01/2023|54|4730093000000|2.34|7.42|Samples|5.08|470930000234|||
01/01/2023|54|5130015000000|6.3|8.48|Samples|2.18|510150000630|||
01/01/2023|54|26202500000NB|0.0|3.56|Samples|3.56|262500000000|||
01/01/2023|54|26202500000NB|3.56|4.01|Samples|0.45|262500000356|||
01/01/2023|54|26202500000NB|4.01|4.62|Samples|0.61|262500000401|||
01/01/2023|54|26202500000NB|4.65|7.1|Samples|2.45|262500000465|||
01/01/2023|54|26202500000NB|7.1|8.07|Samples|0.97|262500000710|||
01/01/2023|54|26202500000NB|8.07|9.79|Samples|1.72|262500000807|||
01/01/2023|54|26202500000NB|9.79|10.67|Samples|0.88|262500000979|||
01/01/2023|54|26202500000NB|11.65|12.35|Samples|0.7|262500001165|||
01/01/2023|54|26202500000NB|12.47|13.37|Samples|0.9|262500001247|||
01/01/2023|54|26202500000NB|13.4|15.31|Samples|1.91|262500001340|||
01/01/2023|54|26202500000NB|23.89|24.64|Samples|0.75|262500002389|||
01/01/2023|54|26202500000NB|28.49|29.07|Samples|0.58|262500002849|||
01/01/2023|54|26202500000NB|29.07|29.71|Samples|0.64|262500002907|||
01/01/2023|54|26202500000NB|29.71|30.09|Samples|0.38|262500002971|||
01/01/2023|54|26202500000NB|30.09|30.92|Samples|0.83|262500003009|||
01/01/2023|54|26202500000NB|31.63|31.73|Samples|0.1|262500003163|||
01/01/2023|54|26202500000NB|36.47|36.69|Samples|0.22|260250003647|||
01/01/2023|54|26202500000NB|38.92|39.2|Samples|0.28|262500003892|||
01/01/2023|54|0640060050000|0.0|0.88|Samples|0.88|060600500000|||
01/01/2023|54|0640060050000|0.88|1.68|Samples|0.8|060600500088|||
01/01/2023|54|0640060050000|1.68|1.97|Samples|0.29|060600500168|||
01/01/2023|54|3540018010000|0.0|0.06|Samples|0.06|350180100000|||
01/01/2023|54|28200190000NB|2.88|3.87|Samples|0.99|280190000288|||
01/01/2023|54|28200190000NB|5.34|6.01|Samples|0.67|280190000534|||
01/01/2023|54|28200190000NB|6.01|7.44|Samples|1.43|280190000601|||
01/01/2023|54|28200190000NB|10.69|11.63|Samples|0.94|280190001076|||
01/01/2023|54|5475760001900|0.0|0.21|Samples|0.21|540576000000|||
01/01/2023|54|5475760001900|0.21|0.24|Samples|0.03|540576000021|||
01/01/2023|54|2040022000000|0.86|1.19|Samples|0.33|200220000086|||
01/01/2023|54|2040022000000|1.19|2.47|Samples|1.28|200220000119|||
01/01/2023|54|5475759001900|0.0|0.48|Samples|0.48|540575900000|||
01/01/2023|54|2071020001900|0.06|0.46|Samples|0.4|200102000006|||
01/01/2023|54|0240045050000|0.55|1.25|Samples|0.7|020450500055|||
01/01/2023|54|1740019290000|0.0|0.57|Samples|0.57|170192900000|||
01/01/2023|54|3140019080000|0.0|0.23|Samples|0.23|310190800000|||
01/01/2023|54|4940005090000|0.0|0.28|Samples|0.28|490050900000|||
01/01/2023|54|2040060640000|0.0|0.35|Samples|0.35|200606400000|||
01/01/2023|54|2071011001900|0.06|0.42|Samples|0.36|200101100006|||
01/01/2023|54|3140060020000|0.0|0.26|Samples|0.26|310600200000|||
01/01/2023|54|4640119300000|0.0|0.6|Samples|0.6|461193000000|||
01/01/2023|54|1740031000000|0.5|1.45|Samples|0.95|170310000050|||
01/01/2023|54|4040031000000|0.0|0.3|Samples|0.3|400310000000|||
01/01/2023|54|3174772001900|0.0|0.1|Samples|0.1|310477200000|||
01/01/2023|54|3174772001900|0.1|0.27|Samples|0.17|310477200010|||
01/01/2023|54|3174772001900|0.27|0.42|Samples|0.15|310477200027|||
01/01/2023|54|30201190000NB|11.73|12.8|Samples|1.07|301190001173|||
01/01/2023|54|30201190000NB|12.88|14.28|Samples|1.4|301190001288|||
01/01/2023|54|0630010000100|1.94|2.56|Samples|0.62|06010A000194|||
01/01/2023|54|5240003010000|0.0|0.009|Samples|0.009|520030100000|||
01/01/2023|54|4140048000000|0.0|1.9|Samples|1.9|410480000000|||
01/01/2023|54|2540072040000|0.0|0.13|Samples|0.13|250720400000|||
01/01/2023|54|0673317001900|0.0|0.24|Samples|0.24|060331700000|||
01/01/2023|54|4130041000000|0.0|0.71|Samples|0.71|410410000000|||
01/01/2023|54|4130041000000|1.85|1.99|Samples|0.14|410410000185|||
01/01/2023|54|4130041000000|1.99|2.19|Samples|0.2|410410000199|||
01/01/2023|54|2040012000000|0.0|2.55|Samples|2.55|200120000000|||
01/01/2023|54|2040012000000|3.6|4.14|Samples|0.54|200120000360|||
01/01/2023|54|2040012000000|4.55|5.1|Samples|0.55|200120000457|||
01/01/2023|54|2774501001900|0.0|0.15|Samples|0.15|270450100000|||
01/01/2023|54|4940016000000|8.09|8.32|Samples|0.23|490160000809|||
01/01/2023|54|4940016000000|9.05|9.51|Samples|0.46|490160000904|||
01/01/2023|54|3540015000000|1.91|2.26|Samples|0.35|350150000191|||
01/01/2023|54|5040012000000|3.176|4.65|Samples|1.474|500120003176|||
01/01/2023|54|20100640006EB|0.0|0.3|Samples|0.3|200064E00000|||
01/01/2023|54|4140019030000|0.387|0.5|Samples|0.113|410190300039|||
01/01/2023|54|4140019030000|0.5|0.98|Samples|0.48|410190300050|||
01/01/2023|54|4940013000000|0.0|0.86|Samples|0.86|490130000000|||
01/01/2023|54|2540054000000|0.0|0.183|Samples|0.183|250540000000|||
01/01/2023|54|5475770001900|0.43|1.04|Samples|0.61|540577000043|||
01/01/2023|54|1540011020000|0.0|0.57|Samples|0.57|150110200000|||
01/01/2023|54|1540011020000|0.57|2.75|Samples|2.18|150110200570|||
01/01/2023|54|1540011020000|2.75|2.78|Samples|0.03|150011020275|||
01/01/2023|54|22201190000NB|3.37|5.4|Samples|2.03|221190000337|||
01/01/2023|54|22201190000NB|5.4|6.408|Samples|1.008|221190000540|||
01/01/2023|54|3940003000000|4.6|7.27|Samples|2.67|390030000460|||
01/01/2023|54|2040046000000|0.0|0.41|Samples|0.41|200460000000|||
01/01/2023|54|1230093000000|2.36|2.98|Samples|0.62|120930000236|||
01/01/2023|54|1230093000000|3.77|4.05|Samples|0.28|120930000377|||
01/01/2023|54|1230093000000|9.6|9.71|Samples|0.11|120930000960|||
01/01/2023|54|1230093000000|9.71|13.45|Samples|3.74|120930000971|||
01/01/2023|54|1230093000000|13.45|15.85|Samples|2.4|120930001345|||
01/01/2023|54|1230093000000|15.85|18.046|Samples|2.196|120930001585|||
01/01/2023|54|50200600000EB|0.0|0.24|Samples|0.24|500600000000|||
01/01/2023|54|50200600000EB|0.49|0.72|Samples|0.23|500600000049|||
01/01/2023|54|50200600000EB|1.13|1.83|Samples|0.7|500600000113|||
01/01/2023|54|50200600000EB|3.79|4.04|Samples|0.25|500600000379|||
01/01/2023|54|50200600000EB|4.04|4.39|Samples|0.35|500600000404|||
01/01/2023|54|3174817001900|0.0|0.24|Samples|0.24|310481700000|||
01/01/2023|54|2830598000000|0.0|2.13|Samples|2.13|285980000000|||
01/01/2023|54|2830598000000|2.4|2.59|Samples|0.19|285980000240|||
01/01/2023|54|2830598000000|2.59|2.98|Samples|0.39|285980000259|||
01/01/2023|54|1040019020000|0.0|0.82|Samples|0.82|100190200000|||
01/01/2023|54|2230010000000|17.81|19.07|Samples|1.26|220100001781|||
01/01/2023|54|0330094000000|0.0|3.01|Samples|3.01|030940000000|||
01/01/2023|54|1930009000000|0.0|1.45|Samples|1.45|190090000000|||
01/01/2023|54|1930009000000|1.45|3.94|Samples|2.49|190090000145|||
01/01/2023|54|1930009000000|4.97|6.35|Samples|1.38|190090000497|||
01/01/2023|54|1930009000000|10.91|11.418|Samples|0.508|190090001091|||
01/01/2023|54|1930009000000|14.435|14.96|Samples|0.525|190090014435|||
01/01/2023|54|0140024000000|1.64|2.79|Samples|1.15|010240000164|||
01/01/2023|54|0140024000000|2.79|4.74|Samples|1.95|010240000279|||
01/01/2023|54|0630010000000|15.69|15.82|Samples|0.13|060100001569|||
01/01/2023|54|0630010000000|15.82|16.27|Samples|0.45|060100001582|||
01/01/2023|54|0630010000000|17.21|17.37|Samples|0.16|060100001721|||
01/01/2023|54|0630010000000|17.46|18.41|Samples|0.95|060100001746|||
01/01/2023|54|4330016000000|1.45|3.62|Samples|2.17|430160000145|||
01/01/2023|54|4330016000000|19.02|21.98|Samples|2.96|430160001902|||
01/01/2023|54|10100770016NB|52.58|53.06|Samples|0.48|100770005258|||
01/01/2023|54|10100770016NB|53.06|54.13|Samples|1.07|100770005306|||
01/01/2023|54|10100770016NB|54.13|55.02|Samples|0.89|100770005413|||
01/01/2023|54|10100770016NB|55.02|58.32|Samples|3.3|100770005502|||
01/01/2023|54|10100770016NB|58.32|59.62|Samples|1.3|100770005832|||
01/01/2023|54|10100770016NB|59.62|61.6|Samples|1.98|100770005962|||
01/01/2023|54|10100770016NB|62.73|66.15|Samples|3.42|100770006273|||
01/01/2023|54|10100770016NB|66.15|67.21|Samples|1.06|100770006615|||
01/01/2023|54|2330044000000|16.02|17.07|Samples|1.05|230440001602|||
01/01/2023|54|3578277001900|0.0|0.13|Samples|0.13|350827700000|||
01/01/2023|54|3730002000000|3.71|4.75|Samples|1.04|370020000371|||
01/01/2023|54|3730002000000|5.72|6.86|Samples|1.14|370020000572|||
01/01/2023|54|3730002000000|10.51|10.84|Samples|0.33|370020001051|||
01/01/2023|54|3730002000000|14.95|17.49|Samples|2.54|370020001495|||
01/01/2023|54|2870514001900|0.0|0.6|Samples|0.6|280051400000|||
01/01/2023|54|2870514001900|0.6|1.41|Samples|0.81|280051400060|||
01/01/2023|54|2870514001900|1.41|1.52|Samples|0.11|280051400141|||
01/01/2023|54|3140067000000|6.22|7.97|Samples|1.75|310670000622|||
01/01/2023|54|3140067000000|7.97|8.36|Samples|0.39|310670000797|||
01/01/2023|54|3140067000000|8.36|8.55|Samples|0.19|310670000836|||
01/01/2023|54|2330080000000|0.86|1.57|Samples|0.71|230800000086|||
01/01/2023|54|2040012010000|0.0|0.6|Samples|0.6|200120100000|||
01/01/2023|54|3630028000000|24.07|25.57|Samples|1.5|360280002407|||
01/01/2023|54|06100640000EB|5.87|6.47|Samples|0.6|060640000587|||
01/01/2023|54|06100640000EB|6.47|6.74|Samples|0.27|060640000647|||
01/01/2023|54|06100640000EB|6.74|7.26|Samples|0.52|060640000674|||
01/01/2023|54|06100640000EB|7.26|7.72|Samples|0.46|060640000726|||
01/01/2023|54|06100640000EB|7.72|8.19|Samples|0.47|060640000772|||
01/01/2023|54|06100640000EB|8.19|9.22|Samples|1.03|060640000819|||
01/01/2023|54|06100640000EB|9.22|9.52|Samples|0.3|060640000922|||
01/01/2023|54|06100640000EB|11.02|11.37|Samples|0.35|060640001102|||
01/01/2023|54|06100640000EB|11.37|14.53|Samples|3.16|060640001137|||
01/01/2023|54|06100640000EB|14.57|17.68|Samples|3.11|060640001457|||
01/01/2023|54|06100640000EB|17.68|18.08|Samples|0.4|060640001768|||
01/01/2023|54|06100640000EB|18.08|18.49|Samples|0.41|060640001808|||
01/01/2023|54|06100640000EB|18.49|19.32|Samples|0.83|060640001849|||
01/01/2023|54|06100640000EB|19.32|19.71|Samples|0.39|060640001932|||
01/01/2023|54|06100640000EB|19.71|20.19|Samples|0.48|060640001971|||
01/01/2023|54|06100640000EB|20.19|21.04|Samples|0.85|060640002019|||
01/01/2023|54|06100640000EB|21.04|21.16|Samples|0.12|060640002104|||
01/01/2023|54|06100640000EB|21.16|21.75|Samples|0.59|060640002116|||
01/01/2023|54|06100640000EB|21.75|22.39|Samples|0.64|060640002175|||
01/01/2023|54|06100640000EB|22.39|27.11|Samples|4.72|060640002239|||
01/01/2023|54|06100640000EB|27.11|27.55|Samples|0.44|060640002711|||
01/01/2023|54|06100640000EB|27.55|28.67|Samples|1.12|060640002755|||
01/01/2023|54|06100640000EB|28.67|29.44|Samples|0.77|060640002867|||
01/01/2023|54|06100640000EB|29.44|31.77|Samples|2.33|060640002944|||
01/01/2023|54|5275511001900|0.0|0.12|Samples|0.12|520551100000|||
01/01/2023|54|5275511001900|0.57|0.84|Samples|0.27|520551100057|||
01/01/2023|54|2640001000000|0.0|0.44|Samples|0.44|260010000000|||
01/01/2023|54|2640001000000|0.49|0.6|Samples|0.11|260010000049|||
01/01/2023|54|2640001000000|0.6|1.209|Samples|0.609|260010000060|||
01/01/2023|54|2870502001900|0.0|1.01|Samples|1.01|280050200000|||
01/01/2023|54|2870502001900|1.01|1.36|Samples|0.35|280502M0101|||
01/01/2023|54|2870502001900|1.36|1.6|Samples|0.24|280050200136|||
01/01/2023|54|2870502001900|1.6|1.78|Samples|0.18|280050200160|||
01/01/2023|54|2870502001900|1.78|1.91|Samples|0.13|280050200178|||
01/01/2023|54|2840025000000|0.0|0.57|Samples|0.57|280250000000|||
01/01/2023|54|2840025000000|0.57|1.53|Samples|0.96|280250000057|||
01/01/2023|54|3140064000000|0.0|0.38|Samples|0.38|310640000000|||
01/01/2023|54|44100790000NB|21.28|25.79|Samples|4.51|440790002128|||
01/01/2023|54|44100790000NB|25.79|33.99|Samples|8.2|440790002579|||
01/01/2023|54|44100790000NB|33.99|36.0|Samples|2.01|440790003399|||
01/01/2023|54|2974002001900|0.0|0.39|Samples|0.39|290400200000|||
01/01/2023|54|3140019240000|2.77|3.08|Samples|0.31|310192400277|||
01/01/2023|54|28100770016NB|8.98|9.19|Samples|0.21|280770000898|||
01/01/2023|54|28100770016NB|9.19|9.5|Samples|0.31|280770000919|||
01/01/2023|54|28100770016NB|9.5|9.79|Samples|0.29|280770000950|||
01/01/2023|54|28100770016NB|9.79|11.25|Samples|1.46|280770000979|||
01/01/2023|54|28100770016NB|11.44|12.16|Samples|0.72|280770001144|||
01/01/2023|54|28100770016NB|12.16|13.43|Samples|1.27|280770001216|||
01/01/2023|54|28100770016NB|13.74|14.006|Samples|0.266|280770001374|||
01/01/2023|54|28100770016NB|14.77|15.54|Samples|0.77|280077T01477|||
01/01/2023|54|28100770016NB|20.09|27.17|Samples|7.08|280770002009|||
01/01/2023|54|2840016010000|0.59|0.74|Samples|0.15|280160100590|||
01/01/2023|54|3430020000000|28.29|29.07|Samples|0.78|340200028290|||
01/01/2023|54|3140064030000|0.0|0.29|Samples|0.29|310640300000|||
01/01/2023|54|0640052030000|0.0|0.22|Samples|0.22|060520300000|||
01/01/2023|54|3174807001900|0.0|0.4|Samples|0.4|310480700000|||
01/01/2023|54|2140015000000|2.36|4.01|Samples|1.65|210150000236|||
01/01/2023|54|3140069050000|0.0|1.77|Samples|1.77|310690500000|||
01/01/2023|54|3140069050000|1.77|2.02|Samples|0.25|310690500177|||
01/01/2023|54|3140069050000|2.02|2.1|Samples|0.08|310690500202|||
01/01/2023|54|1577261001900|0.0|0.73|Samples|0.73|150726100000|||
01/01/2023|54|35104700000EB|0.0|0.98|Samples|0.98|354700000000|||
01/01/2023|54|35104700000EB|0.98|2.25|Samples|1.27|354700000098|||
01/01/2023|54|35104700000EB|2.25|3.94|Samples|1.69|354700000225|||
01/01/2023|54|4040046000000|0.0|2.29|Samples|2.29|400460000000|||
01/01/2023|54|4040046000000|2.55|3.42|Samples|0.87|400460000255|||
01/01/2023|54|0530027000100|0.4|0.96|Samples|0.56|05027A000040|||
01/01/2023|54|0530027000100|0.96|3.35|Samples|2.39|05027A000096|||
01/01/2023|54|2040023000000|2.48|2.67|Samples|0.19|200230000248|||
01/01/2023|54|2040023000000|2.67|3.6|Samples|0.93|200230002670|||
01/01/2023|54|4030025000000|0.0|0.63|Samples|0.63|400250000000|||
01/01/2023|54|3330009000000|26.67|29.17|Samples|2.5|330090002667|||
01/01/2023|54|3330009000000|31.29|33.3|Samples|2.01|330090003129|||
01/01/2023|54|06200600000EB|2.97|3.07|Samples|0.1|060600000297|||
01/01/2023|54|06200600000EB|3.17|3.27|Samples|0.1|060600000317|||
01/01/2023|54|06200600000EB|5.76|5.96|Samples|0.2|060600000576|||
01/01/2023|54|06200600000EB|6.97|7.51|Samples|0.54|060600000697|||
01/01/2023|54|06200600000EB|7.59|7.96|Samples|0.37|060600000759|||
01/01/2023|54|06200600000EB|7.96|8.43|Samples|0.47|060600000796|||
01/01/2023|54|06200600000EB|8.43|8.82|Samples|0.39|060600000843|||
01/01/2023|54|06200600000EB|8.82|9.5|Samples|0.68|060600000882|||
01/01/2023|54|06200600000EB|9.56|9.92|Samples|0.36|060600000956|||
01/01/2023|54|06200600000EB|9.92|10.27|Samples|0.35|060600000992|||
01/01/2023|54|06200600000EB|10.76|11.25|Samples|0.49|060600001076|||
01/01/2023|54|06200600000EB|11.51|12.23|Samples|0.72|060600001151|||
01/01/2023|54|06200600000EB|15.59|17.29|Samples|1.7|060600001559|||
01/01/2023|54|5275501001900|0.07|0.22|Samples|0.15|520550100007|||
01/01/2023|54|5275501001900|0.93|1.07|Samples|0.14|520550100093|||
01/01/2023|54|3140049000000|0.66|1.25|Samples|0.59|310490000066|||
01/01/2023|54|0540507020000|0.0|1.22|Samples|1.22|055070200000|||
01/01/2023|54|20300610006EB|0.0|0.19|Samples|0.19|20061E000000|||
01/01/2023|54|0274252001900|0.0|0.64|Samples|0.64|020425200000|||
01/01/2023|54|0240030000000|4.175|4.37|Samples|0.195|020300004175|||
01/01/2023|54|2940220020000|0.0|0.84|Samples|0.84|292200200000|||
01/01/2023|54|2071068001900|0.0|0.48|Samples|0.48|200106800000|||
01/01/2023|54|3540024000000|0.0|0.4|Samples|0.4|350240000000|||
01/01/2023|54|0640060760000|0.0|0.16|Samples|0.16|060607600000|||
01/01/2023|54|1940029000000|0.0|1.26|Samples|1.26|190290000000|||
01/01/2023|54|1940029000000|1.26|2.19|Samples|0.93|190290000126|||
01/01/2023|54|4140030000000|4.27|4.52|Samples|0.25|410300000427|||
01/01/2023|54|3140057000000|1.21|1.33|Samples|0.12|310570000121|||
01/01/2023|54|1340037120000|0.0|0.14|Samples|0.14|130371200000|||
01/01/2023|54|3140073730000|0.0|0.58|Samples|0.58|310737300000|||
01/01/2023|54|3140060000000|0.0|0.85|Samples|0.85|310600000000|||
01/01/2023|54|3140060000000|0.85|1.75|Samples|0.9|310600000085|||
01/01/2023|54|2230003000000|5.71|6.1|Samples|0.39|220030000571|||
01/01/2023|54|1374103001900|0.0|0.31|Samples|0.31|130410300000|||
01/01/2023|54|2830104000000|1.65|2.65|Samples|1.0|281040000165|||
01/01/2023|54|0540001080000|0.81|0.95|Samples|0.14|050010800081|||
01/01/2023|54|0540001080000|0.95|1.45|Samples|0.5|050010800095|||
01/01/2023|54|0540001080000|1.9|2.41|Samples|0.51|050010800190|||
01/01/2023|54|0630527000100|0.0|0.19|Samples|0.19|06527A000000|||
01/01/2023|54|0630527000100|0.19|0.39|Samples|0.2|06527A000019|||
01/01/2023|54|2540060000000|2.11|2.61|Samples|0.5|250600002110|||
01/01/2023|54|2540060000000|4.38|4.86|Samples|0.48|250600000438|||
01/01/2023|54|41200190000NB|0.0|2.17|Samples|2.17|410190000000|||
01/01/2023|54|41200190000NB|2.17|6.47|Samples|4.3|410190000217|||
01/01/2023|54|41200190000NB|16.669|16.925|Samples|0.256|410190016669|||
01/01/2023|54|41200190000NB|17.18|17.95|Samples|0.77|410190001718|||
01/01/2023|54|41200190000NB|18.31|18.41|Samples|0.1|410190001831|||
01/01/2023|54|41200190000NB|18.41|18.64|Samples|0.23|410190001841|||
01/01/2023|54|41200190000NB|18.64|19.33|Samples|0.69|410190001864|||
01/01/2023|54|41200190000NB|19.8|21.61|Samples|1.81|410190001980|||
01/01/2023|54|41200190000NB|23.31|24.09|Samples|0.78|410190002331|||
01/01/2023|54|2540019310000|0.4|0.89|Samples|0.49|250193100040|||
01/01/2023|54|0730005000000|12.09|12.62|Samples|0.53|070050001209|||
01/01/2023|54|2530310000000|7.16|7.808|Samples|0.648|253100007160|||
01/01/2023|54|2530310000000|8.35|8.45|Samples|0.1|253100000835|||
01/01/2023|54|2530310000000|9.67|10.1|Samples|0.43|253100000967|||
01/01/2023|54|1740006000000|0.0|0.808|Samples|0.808|170006000000|||
01/01/2023|54|3540015010000|2.48|2.77|Samples|0.29|350150100248|||
01/01/2023|54|41100770004NB|0.0|0.43|Samples|0.43|41077N000000|||
01/01/2023|54|1740050400000|0.0|0.67|Samples|0.67|170504000000|||
01/01/2023|54|46201190000NB|6.05|6.54|Samples|0.49|461190000605|||
01/01/2023|54|46201190000NB|8.59|9.32|Samples|0.73|461190000859|||
01/01/2023|54|0274256001900|0.0|0.66|Samples|0.66|020425600000|||
01/01/2023|54|1740024020000|0.0|0.75|Samples|0.75|170240200000|||
01/01/2023|54|1740024020000|0.75|0.87|Samples|0.12|170240200075|||
01/01/2023|54|1740024020000|0.87|1.09|Samples|0.22|170240200087|||
01/01/2023|54|1740024020000|1.09|1.86|Samples|0.77|170240200109|||
01/01/2023|54|1740024020000|1.86|2.95|Samples|1.09|170240200186|||
01/01/2023|54|20200600007WB|7.93|8.1|Samples|0.17|20060W007930|||
01/01/2023|54|4140018000000|2.99|3.0|Samples|0.01|410180002990|||
01/01/2023|54|4140018000000|3.0|3.51|Samples|0.51|410180003000|||
01/01/2023|54|4140018000000|3.51|4.41|Samples|0.9|410180003510|||
01/01/2023|54|1740707000000|0.0|0.57|Samples|0.57|177070000000|||
01/01/2023|54|1740707000000|0.57|0.907|Samples|0.337|177070000057|||
01/01/2023|54|2040022010000|0.0|0.004|Samples|0.004|200220100000|||
01/01/2023|54|3140061040000|0.0|0.25|Samples|0.25|310061040000|||
01/01/2023|54|3140061040000|0.45|0.91|Samples|0.46|310610400045|||
01/01/2023|54|41200190014NB|0.0|2.7|Samples|2.7|41019BP00000|||
01/01/2023|54|5073253001900|0.0|0.13|Samples|0.13|500325300000|||
01/01/2023|54|5073253001900|0.13|0.26|Samples|0.13|500325300130|||
01/01/2023|54|28200520018EB|0.0|0.02|Samples|0.02|28052O000000|||
01/01/2023|54|38202190000NB|0.0|3.69|Samples|3.69|382190000000|||
01/01/2023|54|38202190000NB|3.69|4.37|Samples|0.68|382190000369|||
01/01/2023|54|38202190000NB|4.37|6.01|Samples|1.64|382190000437|||
01/01/2023|54|38202190000NB|6.01|7.15|Samples|1.14|382190000601|||
01/01/2023|54|38202190000NB|7.77|9.82|Samples|2.05|382190000777|||
01/01/2023|54|38202190000NB|14.15|14.67|Samples|0.52|382190001415|||
01/01/2023|54|38202190000NB|19.58|21.84|Samples|2.26|382190001958|||
01/01/2023|54|38202190000NB|25.34|26.37|Samples|1.03|382190002534|||
01/01/2023|54|38202190000NB|26.37|29.12|Samples|2.75|382190002637|||
01/01/2023|54|38202190000NB|34.47|34.78|Samples|0.31|382190003447|||
01/01/2023|54|38202190000NB|34.79|37.89|Samples|3.1|382190003479|||
01/01/2023|54|2540031010000|1.72|2.03|Samples|0.31|250310100172|||
01/01/2023|54|07200330000EB|0.09|2.33|Samples|2.24|070330000009|||
01/01/2023|54|07200330000EB|3.68|5.03|Samples|1.35|070330000368|||
01/01/2023|54|07200330000EB|5.59|6.2|Samples|0.61|070330000559|||
01/01/2023|54|07200330000EB|6.2|6.6|Samples|0.4|070330000620|||
01/01/2023|54|07200330000EB|6.62|8.3|Samples|1.68|070330000662|||
01/01/2023|54|07200330000EB|10.13|14.3|Samples|4.17|070330001013|||
01/01/2023|54|07200330000EB|14.3|14.86|Samples|0.56|070330001430|||
01/01/2023|54|0330003000000|8.17|11.14|Samples|2.97|030030000817|||
01/01/2023|54|4170045001900|0.0|0.26|Samples|0.26|410004500000|||
01/01/2023|54|3140072000000|3.772|3.78|Samples|0.008|310720003772|||
01/01/2023|54|2640017000000|0.0|0.12|Samples|0.12|260170000000|||
01/01/2023|54|4970755001900|0.1|0.64|Samples|0.54|490075500010|||
01/01/2023|54|4970755001900|0.64|1.05|Samples|0.41|490075500064|||
01/01/2023|54|55200520000EB|0.0|1.4|Samples|1.4|550520000000|||
01/01/2023|54|55200520000EB|4.78|7.65|Samples|2.87|550520000478|||
01/01/2023|54|55200520000EB|7.65|8.34|Samples|0.69|550520000765|||
01/01/2023|54|1230042000000|16.97|21.26|Samples|4.29|120420001697|||
01/01/2023|54|1230042000000|21.78|22.74|Samples|0.96|120420002178|||
01/01/2023|54|0140011000000|3.05|3.78|Samples|0.73|010110000307|||
01/01/2023|54|1940340180000|0.64|1.24|Samples|0.6|193401800064|||
01/01/2023|54|2870517001900|0.19|0.38|Samples|0.19|280051700190|||
01/01/2023|54|31200190000NB|8.29|8.806|Samples|0.516|310190000829|||
01/01/2023|54|31200190000NB|8.99|9.16|Samples|0.17|310190000899|||
01/01/2023|54|31200190000NB|9.54|9.94|Samples|0.4|310190000954|||
01/01/2023|54|31200190000NB|10.59|11.08|Samples|0.49|310190001059|||
01/01/2023|54|31200190000NB|11.51|12.33|Samples|0.82|310190001151|||
01/01/2023|54|31200190000NB|13.74|14.19|Samples|0.45|310190001374|||
01/01/2023|54|31200190000NB|14.25|14.35|Samples|0.1|310190001425|||
01/01/2023|54|31200190000NB|14.44|14.8|Samples|0.36|310190001444|||
01/01/2023|54|31200190000NB|14.8|14.98|Samples|0.18|310190001480|||
01/01/2023|54|31200190000NB|15.62|16.49|Samples|0.87|310190001562|||
01/01/2023|54|31200190000NB|16.49|17.021|Samples|0.531|310190001649|||
01/01/2023|54|3530002000000|1.9|2.13|Samples|0.23|350020000190|||
01/01/2023|54|3530002000000|2.36|2.84|Samples|0.48|350020000236|||
01/01/2023|54|3530002000000|5.81|7.04|Samples|1.23|350020000581|||
01/01/2023|54|3530002000000|7.35|7.57|Samples|0.22|350020000735|||
01/01/2023|54|3530002000000|7.57|8.08|Samples|0.51|350020000757|||
01/01/2023|54|3530002000000|8.22|8.5|Samples|0.28|350020000822|||
01/01/2023|54|2040049000000|0.68|1.17|Samples|0.49|200490000068|||
01/01/2023|54|4140006030000|0.53|1.48|Samples|0.95|410060300050|||
01/01/2023|54|0540007010000|0.0|0.84|Samples|0.84|050070100000|||
01/01/2023|54|0540007010000|0.84|1.99|Samples|1.15|050070100084|||
01/01/2023|54|5040060040000|1.24|2.4|Samples|1.16|500600400124|||
01/01/2023|54|5475769001900|0.0|0.34|Samples|0.34|540576900000|||
01/01/2023|54|3578261001900|0.0|0.39|Samples|0.39|350826100000|||
01/01/2023|54|4130210000000|1.2|1.89|Samples|0.69|412100000120|||
01/01/2023|54|4130210000000|1.89|2.79|Samples|0.9|412100000189|||
01/01/2023|54|0240011330000|0.0|0.26|Samples|0.26|020113300000|||
01/01/2023|54|2540250550000|0.045|0.29|Samples|0.245|252505500045|||
01/01/2023|54|1577269001900|0.65|0.97|Samples|0.32|150726900065|||
01/01/2023|54|5040060050000|0.0|0.18|Samples|0.18|500600500000|||
01/01/2023|54|5440034000000|0.0|0.76|Samples|0.76|540340000000|||
01/01/2023|54|5440034000000|1.45|1.76|Samples|0.31|540340001450|||
01/01/2023|54|0240015000000|0.939|0.94|Samples|0.001|020150000939|||
01/01/2023|54|0240015000000|2.78|3.06|Samples|0.28|020150000278|||
01/01/2023|54|20201190000NB|11.64|12.9|Samples|1.26|201190001134|||
01/01/2023|54|20201190000NB|12.9|14.04|Samples|1.14|201190001290|||
01/01/2023|54|20201190000NB|14.22|16.28|Samples|2.06|201190014220|||
01/01/2023|54|20201190000NB|16.28|17.16|Samples|0.88|201190001628|||
01/01/2023|54|4140006000000|0.0|0.14|Samples|0.14|410060000000|||
01/01/2023|54|4140006000000|0.91|1.13|Samples|0.22|410060000091|||
01/01/2023|54|20100790000NB|0.0|0.81|Samples|0.81|200790000000|||
01/01/2023|54|20100790000NB|0.81|1.95|Samples|1.14|200790000081|||
01/01/2023|54|20100790000NB|1.95|2.24|Samples|0.29|200790000195|||
01/01/2023|54|20100790000NB|2.24|3.51|Samples|1.27|200079000224|||
01/01/2023|54|20100790000NB|3.51|4.51|Samples|1.0|200079000351|||
01/01/2023|54|20100790000NB|4.51|5.42|Samples|0.91|200790000451|||
01/01/2023|54|20100790000NB|5.42|5.56|Samples|0.14|200790000542|||
01/01/2023|54|20100790000NB|5.56|6.12|Samples|0.56|200790000556|||
01/01/2023|54|20100790000NB|6.82|7.19|Samples|0.37|200790000682|||
01/01/2023|54|20100790000NB|7.19|7.476|Samples|0.286|200790000719|||
01/01/2023|54|20100790000NB|9.97|10.64|Samples|0.67|200790000997|||
01/01/2023|54|20100790000NB|10.64|16.04|Samples|5.4|200790001064|||
01/01/2023|54|20100790000NB|16.04|19.22|Samples|3.18|200790001604|||
01/01/2023|54|20100790000NB|19.22|20.62|Samples|1.4|200790001922|||
01/01/2023|54|20100790000NB|20.62|21.28|Samples|0.66|200790002062|||
01/01/2023|54|1740025000000|12.11|12.26|Samples|0.15|170250001211|||
01/01/2023|54|1740025000000|12.26|12.62|Samples|0.36|170250001226|||
01/01/2023|54|47202190000NB|5.57|7.37|Samples|1.8|472190000557|||
01/01/2023|54|47202190000NB|13.1|17.49|Samples|4.39|472190001310|||
01/01/2023|54|47202190000NB|17.49|18.0|Samples|0.51|472190001749|||
01/01/2023|54|47202190000NB|22.16|25.83|Samples|3.67|472190002216|||
01/01/2023|54|47202190000NB|25.83|26.1|Samples|0.27|472190002583|||
01/01/2023|54|47202190000NB|26.1|27.76|Samples|1.66|472190002610|||
01/01/2023|54|2930028000100|0.0|0.54|Samples|0.54|29028A000000|||
01/01/2023|54|2930028000100|0.54|1.03|Samples|0.49|29028A000054|||
01/01/2023|54|2930028000100|1.03|2.05|Samples|1.02|29028A000103|||
01/01/2023|54|2930028000100|2.05|2.31|Samples|0.26|29028A000205|||
01/01/2023|54|2930028000100|2.42|2.63|Samples|0.21|29028A000242|||
01/01/2023|54|2930028000100|2.63|2.97|Samples|0.34|29028A000263|||
01/01/2023|54|3174786001900|0.04|0.15|Samples|0.11|310478600004|||
01/01/2023|54|19203400000NB|6.9|8.56|Samples|1.66|193400000690|||
01/01/2023|54|19203400000NB|8.56|9.13|Samples|0.57|193400000856|||
01/01/2023|54|19203400000NB|9.13|9.55|Samples|0.42|193400000913|||
01/01/2023|54|19203400000NB|9.55|10.41|Samples|0.86|193400000955|||
01/01/2023|54|19203400000NB|10.41|11.86|Samples|1.45|193400001041|||
01/01/2023|54|19203400000NB|11.9|12.047|Samples|0.147|193400001190|||
01/01/2023|54|19203400000NB|12.047|12.88|Samples|0.833|193400001205|||
01/01/2023|54|19203400000NB|12.88|13.26|Samples|0.38|193400001288|||
01/01/2023|54|19203400000NB|13.26|13.82|Samples|0.56|193400001326|||
01/01/2023|54|19203400000NB|14.66|14.86|Samples|0.2|193400001466|||
01/01/2023|54|19203400000NB|14.86|15.31|Samples|0.45|193400001486|||
01/01/2023|54|1730131000000|4.33|5.47|Samples|1.14|171310000433|||
01/01/2023|54|4140041210000|0.0|1.63|Samples|1.63|410412100000|||
01/01/2023|54|5475766001900|0.0|0.46|Samples|0.46|540576600000|||
01/01/2023|54|1730098000000|0.42|1.96|Samples|1.54|170980000042|||
01/01/2023|54|0530067000000|0.17|0.62|Samples|0.45|050670000017|||
01/01/2023|54|0530067000000|6.14|6.71|Samples|0.57|050670000614|||
01/01/2023|54|3730016000000|7.41|8.23|Samples|0.82|370160000741|||
01/01/2023|54|4930020000000|22.87|23.54|Samples|0.67|490200002287|||
01/01/2023|54|0240051070000|2.28|3.56|Samples|1.28|020510702280|||
01/01/2023|54|5240003000000|0.15|0.28|Samples|0.13|520030000015|||
01/01/2023|54|31100680000EB|0.0|0.32|Samples|0.32|310680000000|||
01/01/2023|54|31100680000EB|1.15|2.67|Samples|1.52|310680000115|||
01/01/2023|54|31100680000EB|2.67|4.13|Samples|1.46|310680000267|||
01/01/2023|54|31100680000EB|4.13|4.56|Samples|0.43|310680000413|||
01/01/2023|54|31100680000EB|4.56|4.96|Samples|0.4|310680000456|||
01/01/2023|54|31100680000EB|4.96|5.79|Samples|0.83|310680000496|||
01/01/2023|54|31100680000EB|5.79|6.18|Samples|0.39|310680000579|||
01/01/2023|54|31100680000EB|6.18|6.77|Samples|0.59|310680000618|||
01/01/2023|54|31100680000EB|6.77|7.2|Samples|0.43|310680000677|||
01/01/2023|54|31100680000EB|7.2|7.54|Samples|0.34|310680000720|||
01/01/2023|54|31100680000EB|7.54|8.89|Samples|1.35|310680000754|||
01/01/2023|54|31100680000EB|8.89|9.4|Samples|0.51|310680000889|||
01/01/2023|54|31100680000EB|10.28|10.32|Samples|0.04|310680001028|||
01/01/2023|54|31100680000EB|10.32|10.79|Samples|0.47|310680001032|||
01/01/2023|54|31100680000EB|10.79|13.149|Samples|2.359|310680001079|||
01/01/2023|54|1030061000000|0.0|1.12|Samples|1.12|100610000000|||
01/01/2023|54|1030061000000|8.74|9.33|Samples|0.59|100610000874|||
01/01/2023|54|1030061000000|22.53|25.56|Samples|3.03|100610002253|||
01/01/2023|54|2140013000000|0.0|0.4|Samples|0.4|210130000000|||
01/01/2023|54|2040006010000|0.46|1.89|Samples|1.43|200060100046|||
01/01/2023|54|2040060630000|0.06|0.354|Samples|0.294|200606300006|||
01/01/2023|54|5040009000000|0.65|1.92|Samples|1.27|500090000650|||
01/01/2023|54|5040009000000|1.92|3.59|Samples|1.67|500090000192|||
01/01/2023|54|4170054001900|0.0|0.44|Samples|0.44|410005400009|||
01/01/2023|54|4130016000000|8.47|9.485|Samples|1.015|410160000847|||
01/01/2023|54|4130016000000|9.485|9.8|Samples|0.315|410160009485|||
01/01/2023|54|4130016000000|12.0|14.12|Samples|2.12|410160001200|||
01/01/2023|54|4130016000000|14.42|14.72|Samples|0.3|410160001442|||
01/01/2023|54|4130016000000|14.72|15.08|Samples|0.36|410160001472|||
01/01/2023|54|4130016000000|15.08|15.61|Samples|0.53|410160015080|||
01/01/2023|54|4130016000000|15.65|15.81|Samples|0.16|410160001565|||
01/01/2023|54|4130016000000|18.53|18.82|Samples|0.29|410160001853|||
01/01/2023|54|4130016000000|18.82|18.96|Samples|0.14|410160001882|||
01/01/2023|54|4130016000000|18.96|19.79|Samples|0.83|410160001896|||
01/01/2023|54|3140857000000|0.5|1.41|Samples|0.91|318570000050|||
01/01/2023|54|3140857000000|5.11|5.59|Samples|0.48|318570000511|||
01/01/2023|54|3140857000000|10.85|11.35|Samples|0.5|318570001085|||
01/01/2023|54|5430014000000|11.28|11.76|Samples|0.48|540140001128|||
01/01/2023|54|5430014000000|12.38|12.45|Samples|0.07|540140001238|||
01/01/2023|54|5430014000000|12.45|12.71|Samples|0.26|54300141245|||
01/01/2023|54|5430014000000|12.71|12.88|Samples|0.17|540140001271|||
01/01/2023|54|5430014000000|12.88|13.0|Samples|0.12|540140001288|||
01/01/2023|54|5430014000000|13.22|13.39|Samples|0.17|540140001322|||
01/01/2023|54|5430014000000|15.19|15.32|Samples|0.13|540140001519|||
01/01/2023|54|5430014000000|15.32|15.45|Samples|0.13|540140001532|||
01/01/2023|54|5430014000000|16.1|16.76|Samples|0.66|540140001610|||
01/01/2023|54|5430014000000|20.12|20.56|Samples|0.44|540140002012|||
01/01/2023|54|4030817000000|2.06|8.81|Samples|6.75|408170000206|||
01/01/2023|54|4030817000000|8.81|10.62|Samples|1.81|408170000881|||
01/01/2023|54|2940028010000|0.0|0.1|Samples|0.1|290280100000|||
01/01/2023|54|2940028010000|0.1|1.09|Samples|0.99|290280100010|||
01/01/2023|54|2940028010000|1.19|2.14|Samples|0.95|290280100119|||
01/01/2023|54|2940028010000|2.31|2.45|Samples|0.14|290280100231|||
01/01/2023|54|2940028010000|2.45|2.85|Samples|0.4|290280100245|||
01/01/2023|54|1040061280000|0.0|0.59|Samples|0.59|100612800000|||
01/01/2023|54|3174813001900|0.0|1.24|Samples|1.24|310481300000|||
01/01/2023|54|1577270001900|0.0|0.5|Samples|0.5|150727000000|||
01/01/2023|54|4940012010000|0.0|0.02|Samples|0.02|490120100000|||
01/01/2023|54|0540018000000|0.0|0.55|Samples|0.55|050180000000|||
01/01/2023|54|1940003000000|1.403|1.82|Samples|0.417|190030001403|||
01/01/2023|54|1940003000000|1.82|2.02|Samples|0.2|190030001820|||
01/01/2023|54|1940003000000|2.02|2.36|Samples|0.34|190030002020|||
01/01/2023|54|2940008000000|0.0|0.24|Samples|0.24|290080000000|||
01/01/2023|54|42200330000EB|4.522|7.76|Samples|3.238|420330000452|||
01/01/2023|54|42200330000EB|7.76|8.05|Samples|0.29|420330000776|||
01/01/2023|54|42200330000EB|8.05|9.5|Samples|1.45|420330000805|||
01/01/2023|54|42200330000EB|9.5|9.74|Samples|0.24|420330000950|||
01/01/2023|54|42200330000EB|10.26|10.99|Samples|0.73|420330001026|||
01/01/2023|54|0640009000000|1.688|1.803|Samples|0.115|060090001688|||
01/01/2023|54|4940020310000|0.0|0.22|Samples|0.22|490203100000|||
01/01/2023|54|5440011000000|7.679|8.3|Samples|0.621|540110007679|||
01/01/2023|54|2040060020000|2.13|3.0|Samples|0.87|200600200213|||
01/01/2023|54|3130043000000|0.0|2.65|Samples|2.65|310430000000|||
01/01/2023|54|3130043000000|2.65|3.582|Samples|0.932|310430000265|||
01/01/2023|54|3130043000000|3.582|4.03|Samples|0.448|310043003582|||
01/01/2023|54|3140067010000|0.0|0.65|Samples|0.65|310670100000|||
01/01/2023|54|0540027040000|0.0|0.13|Samples|0.13|050270400000|||
01/01/2023|54|0540027040000|0.44|0.84|Samples|0.4|050270400440|||
01/01/2023|54|52300070006EB|0.0|0.1|Samples|0.1|52007E000000|||
01/01/2023|54|52300070006EB|0.1|0.27|Samples|0.17|52007E000010|||
01/01/2023|54|1030061000100|0.0|0.16|Samples|0.16|10061A000000|||
01/01/2023|54|0640013000000|0.02|0.42|Samples|0.4|060130000002|||
01/01/2023|54|3140055000000|0.0|0.45|Samples|0.45|310550000000|||
01/01/2023|54|3830092000000|0.0|5.83|Samples|5.83|380920000000|||
01/01/2023|54|2840027000000|0.0|1.57|Samples|1.57|280270000000|||
01/01/2023|54|2840027000000|2.12|2.59|Samples|0.47|280270000212|||
01/01/2023|54|2870513001900|0.0|0.37|Samples|0.37|280051300000|||
01/01/2023|54|0130038000000|0.43|2.43|Samples|2.0|010380000043|||
01/01/2023|54|0130038000000|5.53|6.31|Samples|0.78|010380000553|||
01/01/2023|54|21200190000NB|22.37|22.58|Samples|0.21|210190022370|||
01/01/2023|54|21200190000NB|22.72|23.48|Samples|0.76|210190002272|||
01/01/2023|54|3540040010000|0.85|1.08|Samples|0.23|350400100085|||
01/01/2023|54|0230009000000|0.35|2.2|Samples|1.85|020090000035|||
01/01/2023|54|0230009000000|4.81|6.17|Samples|1.36|020090000481|||
01/01/2023|54|0230009000000|6.17|6.27|Samples|0.1|020090000617|||
01/01/2023|54|0230009000000|6.381|6.47|Samples|0.089|020090006381|||
01/01/2023|54|0230009000000|6.47|7.58|Samples|1.11|020090000647|||
01/01/2023|54|0230009000000|7.584|9.95|Samples|2.366|020090007584|||
01/01/2023|54|0230009000000|10.12|10.37|Samples|0.25|020090001012|||
01/01/2023|54|0230009000000|10.532|10.893|Samples|0.361|020090001052|||
01/01/2023|54|0230009000000|10.893|11.243|Samples|0.35|020090001084|||
01/01/2023|54|0230009000000|14.0|14.2|Samples|0.2|020090001400|||
01/01/2023|54|0230009000000|14.55|14.9|Samples|0.35|020090001455|||
01/01/2023|54|0230009000000|15.57|15.79|Samples|0.22|020090001557|||
01/01/2023|54|0230009000000|15.79|16.09|Samples|0.3|020090001579|||
01/01/2023|54|0230009000000|17.07|17.48|Samples|0.41|020090001707|||
01/01/2023|54|0230009000000|18.18|20.16|Samples|1.98|020090001818|||
01/01/2023|54|4530020000000|24.37|24.94|Samples|0.57|450200002437|||
01/01/2023|54|4530020000000|24.94|25.32|Samples|0.38|450200002494|||
01/01/2023|54|4530020000000|25.32|32.14|Samples|6.82|450200002532|||
01/01/2023|54|33205220000NB|0.0|6.35|Samples|6.35|335220000000|||
01/01/2023|54|33205220000NB|6.35|7.81|Samples|1.46|335220000635|||
01/01/2023|54|33205220000NB|12.67|13.11|Samples|0.44|335220001267|||
01/01/2023|54|33205220000NB|14.68|15.97|Samples|1.29|335220001468|||
01/01/2023|54|5430892000000|2.81|4.73|Samples|1.92|540892000281|||
01/01/2023|54|5430892000000|7.02|8.55|Samples|1.53|540892000702|||
01/01/2023|54|5430892000000|8.55|9.9|Samples|1.35|548920000855|||
01/01/2023|54|1640010000000|4.6|5.8|Samples|1.2|160100000046|||
01/01/2023|54|2430083000000|0.0|6.42|Samples|6.42|240830000000|||
01/01/2023|54|2430083000000|6.42|7.46|Samples|1.04|240830000642|||
01/01/2023|54|2430083000000|7.94|8.06|Samples|0.12|240830000794|||
01/01/2023|54|2430083000000|14.092|17.6|Samples|3.508|240830014092|||
01/01/2023|54|2430083000000|17.6|18.01|Samples|0.41|240830001760|||
01/01/2023|54|0274257001900|0.0|0.11|Samples|0.11|020425700000|||
01/01/2023|54|0274257001900|0.11|0.42|Samples|0.31|020425700011|||
01/01/2023|54|0274273001900|0.0|0.11|Samples|0.11|020427300000|||
01/01/2023|54|2040013080000|0.0|0.77|Samples|0.77|200130800000|||
01/01/2023|54|4140009090000|0.0|1.81|Samples|1.81|410090900000|||
01/01/2023|54|3130100000000|0.0|0.97|Samples|0.97|311000000000|||
01/01/2023|54|3130100000000|0.97|1.34|Samples|0.37|311000000097|||
01/01/2023|54|3130100000000|1.34|1.64|Samples|0.3|311000000134|||
01/01/2023|54|3130100000000|2.54|2.9|Samples|0.36|311000000254|||
01/01/2023|54|3130100000000|2.9|3.08|Samples|0.18|311000000290|||
01/01/2023|54|06200520004NB|0.0|0.32|Samples|0.32|060052N00000|||
01/01/2023|54|06200520004NB|0.321|0.46|Samples|0.139|060052N00321|||
01/01/2023|54|5040003000000|3.75|3.85|Samples|0.1|500030000375|||
01/01/2023|54|5040003000000|3.94|4.06|Samples|0.12|500030000394|||
01/01/2023|54|30200520004NB|0.096|0.39|Samples|0.294|30052N000096|||
01/01/2023|54|4170016001900|0.72|0.9|Samples|0.18|410001600072|||
01/01/2023|54|3140070000000|0.0|0.38|Samples|0.38|310700000000|||
01/01/2023|54|3140070000000|0.387|1.47|Samples|1.083|310700000387|||
01/01/2023|54|08100790000NB|36.0|39.91|Samples|3.91|080790003600|||
01/01/2023|54|08100790000NB|39.91|41.43|Samples|1.52|080790003991|||
01/01/2023|54|08100790000NB|41.43|44.6|Samples|3.17|080790004143|||
01/01/2023|54|2940014000000|4.19|4.6|Samples|0.41|290140000419|||
01/01/2023|54|0673288001900|0.78|0.89|Samples|0.11|060328800078|||
01/01/2023|54|1040005000000|0.06|0.62|Samples|0.56|100050000006|||
01/01/2023|54|0140010000000|7.41|8.63|Samples|1.22|010100000741|||
01/01/2023|54|4730032000000|0.0|3.26|Samples|3.26|470320000000|||
01/01/2023|54|4730032000000|3.26|4.88|Samples|1.62|470320000326|||
01/01/2023|54|4730032000000|14.79|16.09|Samples|1.3|470320001479|||
01/01/2023|54|4730032000000|16.09|16.45|Samples|0.36|470320001609|||
01/01/2023|54|0577279001900|0.0|0.16|Samples|0.16|050727900000|||
01/01/2023|54|0673285001900|0.0|0.32|Samples|0.32|060328500000|||
01/01/2023|54|0240009270000|0.0|0.31|Samples|0.31|020092700000|||
01/01/2023|54|1540013000000|0.0|0.2|Samples|0.2|150130000000|||
01/01/2023|54|1540013000000|0.2|0.5|Samples|0.3|150130000020|||
01/01/2023|54|5475756001900|0.0|0.25|Samples|0.25|540575600000|||
01/01/2023|54|2030622000000|1.96|2.13|Samples|0.17|206220000196|||
01/01/2023|54|2030622000000|2.13|2.23|Samples|0.1|206220002130|||
01/01/2023|54|2030622000000|2.32|2.72|Samples|0.4|206220000232|||
01/01/2023|54|2030622000000|2.72|3.79|Samples|1.07|206220000272|||
01/01/2023|54|2030622000000|4.23|5.57|Samples|1.34|206220000423|||
01/01/2023|54|2030622000000|13.94|16.86|Samples|2.92|206220001394|||
01/01/2023|54|41100640007WB|0.0|0.45|Samples|0.45|41064W000000|||
01/01/2023|54|17200500000EB|0.0|1.53|Samples|1.53|170500000000|||
01/01/2023|54|17200500000EB|1.53|3.37|Samples|1.84|170500000153|||
01/01/2023|54|17200500000EB|3.42|3.8|Samples|0.38|170500000342|||
01/01/2023|54|17200500000EB|6.11|7.16|Samples|1.05|170500000611|||
01/01/2023|54|17200500000EB|11.38|12.29|Samples|0.91|170500001138|||
01/01/2023|54|17200500000EB|12.29|12.88|Samples|0.59|170500001229|||
01/01/2023|54|17200500000EB|13.25|13.78|Samples|0.53|170500001325|||
01/01/2023|54|17200500000EB|13.78|14.03|Samples|0.25|170500013780|||
01/01/2023|54|17200500000EB|14.03|14.25|Samples|0.22|170500014030|||
01/01/2023|54|17200500000EB|14.324|14.64|Samples|0.316|170500014324|||
01/01/2023|54|17200500000EB|14.96|15.31|Samples|0.35|170500001496|||
01/01/2023|54|17200500000EB|15.465|15.57|Samples|0.105|170500015465|||
01/01/2023|54|17200500000EB|15.68|16.24|Samples|0.56|170500001568|||
01/01/2023|54|17200500000EB|16.27|17.79|Samples|1.52|170500001627|||
01/01/2023|54|17200500000EB|17.79|18.0|Samples|0.21|170500001779|||
01/01/2023|54|17200500000EB|18.0|18.32|Samples|0.32|170500000018|||
01/01/2023|54|17200500000EB|18.32|18.45|Samples|0.13|170500001832|||
01/01/2023|54|17200500000EB|18.45|18.52|Samples|0.07|170500001845|||
01/01/2023|54|17200500000EB|18.52|18.8|Samples|0.28|170500001852|||
01/01/2023|54|17200500000EB|18.85|19.21|Samples|0.36|170500001885|||
01/01/2023|54|3530088000000|0.0|1.06|Samples|1.06|350880000000|||
01/01/2023|54|3530088000000|7.12|7.47|Samples|0.35|350880000712|||
01/01/2023|54|3530088000000|7.77|8.5|Samples|0.73|350880000777|||
01/01/2023|54|3530088000000|8.57|8.89|Samples|0.32|350880000857|||
01/01/2023|54|3530088000000|8.89|10.06|Samples|1.17|350880000889|||
01/01/2023|54|3530088000000|10.06|10.16|Samples|0.1|350880001006|||
01/01/2023|54|3540021000000|0.0|0.65|Samples|0.65|350210000000|||
01/01/2023|54|3540021000000|0.65|0.73|Samples|0.08|350210000065|||
01/01/2023|54|1040009000000|4.52|4.528|Samples|0.008|100090000452|||
01/01/2023|54|34200190000NB|1.38|3.4|Samples|2.02|340190000138|||
01/01/2023|54|34200190000NB|11.03|11.47|Samples|0.44|340190001103|||
01/01/2023|54|34200190000NB|31.65|31.85|Samples|0.2|340190003165|||
01/01/2023|54|4940007000000|0.22|0.423|Samples|0.203|490070000022|||
01/01/2023|54|0530027000000|1.58|2.26|Samples|0.68|050270000158|||
01/01/2023|54|2040046010000|0.0|0.43|Samples|0.43|200460100000|||
01/01/2023|54|44200330000EB|4.33|5.61|Samples|1.28|440330000433|||
01/01/2023|54|44200330000EB|6.75|9.1|Samples|2.35|440330000675|||
01/01/2023|54|44200330000EB|15.77|17.73|Samples|1.96|440330001577|||
01/01/2023|54|4140006020000|1.57|1.69|Samples|0.12|410060201570|||
01/01/2023|54|1330063000000|6.06|7.63|Samples|1.57|130630000606|||
01/01/2023|54|41100770016NB|28.97|30.804|Samples|1.834|410770002897|||
01/01/2023|54|41100770016NB|35.21|35.75|Samples|0.54|410077003521|||
01/01/2023|54|41100770016NB|35.75|37.82|Samples|2.07|410770003575|||
01/01/2023|54|41100770016NB|40.6|41.68|Samples|1.08|410770004060|||
01/01/2023|54|41100770016NB|41.68|42.31|Samples|0.63|410770004168|||
01/01/2023|54|41100770016NB|42.31|43.13|Samples|0.82|410770004231|||
01/01/2023|54|41100770016NB|43.13|44.54|Samples|1.41|410770004313|||
01/01/2023|54|41100770016NB|44.54|45.63|Samples|1.09|410770004454|||
01/01/2023|54|41100770016NB|46.89|48.05|Samples|1.16|410770004689|||
01/01/2023|54|41100770016NB|48.05|48.34|Samples|0.29|410770004805|||
01/01/2023|54|2030214000000|8.0|8.12|Samples|0.12|202140000800|||
01/01/2023|54|47300320005SB|0.04|0.19|Samples|0.15|47032S000004|||
01/01/2023|54|2040114010000|0.0|1.07|Samples|1.07|201140100000|||
01/01/2023|54|0740004000000|0.0|0.67|Samples|0.67|070040000000|||
01/01/2023|54|35202500010SB|0.0|0.64|Samples|0.64|35250SB00000|||
01/01/2023|54|3540004000000|0.19|0.37|Samples|0.18|350040000019|||
01/01/2023|54|3540004000000|1.92|2.19|Samples|0.27|350040000192|||
01/01/2023|54|0240011240000|0.0|0.85|Samples|0.85|020112400000|||
01/01/2023|54|2630002000300|0.0|0.43|Samples|0.43|260020000000|||
01/01/2023|54|31201190000NB|7.81|9.82|Samples|2.01|311190000781|||
01/01/2023|54|31201190000NB|11.9|12.06|Samples|0.16|311190001190|||
01/01/2023|54|31201190000NB|13.78|13.99|Samples|0.21|311190001378|||
01/01/2023|54|31201190000NB|13.99|14.1|Samples|0.11|311190001399|||
01/01/2023|54|31201190000NB|14.1|14.22|Samples|0.12|310119000141|||
01/01/2023|54|31201190000NB|14.42|14.62|Samples|0.2|311190001442|||
01/01/2023|54|31201190000NB|14.85|15.15|Samples|0.3|311190001485|||
01/01/2023|54|31201190000NB|15.72|16.0|Samples|0.28|311190001572|||
01/01/2023|54|31201190000NB|16.82|17.35|Samples|0.53|311190001682|||
01/01/2023|54|31201190000NB|17.44|18.2|Samples|0.76|311190001744|||
01/01/2023|54|31201190000NB|18.2|19.66|Samples|1.46|311190001820|||
01/01/2023|54|31201190000NB|19.66|20.0|Samples|0.34|310119001966|||
01/01/2023|54|31201190000NB|20.0|20.47|Samples|0.47|310119000020|||
01/01/2023|54|0630193000000|0.46|3.55|Samples|3.09|061930000046|||
01/01/2023|54|35300020005SB|0.49|0.81|Samples|0.32|35002S000049|||
01/01/2023|54|0673295001900|0.0|1.08|Samples|1.08|060329500000|||
01/01/2023|54|1771761001900|0.0|0.26|Samples|0.26|170176100000|||
01/01/2023|54|1771761001900|0.31|0.61|Samples|0.3|170176100031|||
01/01/2023|54|3140007210000|0.0|1.11|Samples|1.11|310072100000|||
01/01/2023|54|2040016000000|4.25|5.42|Samples|1.17|200160000425|||
01/01/2023|54|0240011370000|0.0|0.23|Samples|0.23|020113700000|||
01/01/2023|54|4240025000000|1.36|1.73|Samples|0.37|420250000136|||
01/01/2023|54|4240025000000|1.73|2.55|Samples|0.82|420250001730|||
01/01/2023|54|1740025120000|0.27|0.64|Samples|0.37|170251200027|||
01/01/2023|54|4940009010000|0.0|0.97|Samples|0.97|490090100000|||
01/01/2023|54|13200600000EB|16.48|17.43|Samples|0.95|130600001648|||
01/01/2023|54|13200600000EB|28.53|29.61|Samples|1.08|130600002853|||
01/01/2023|54|13200600000EB|35.19|37.65|Samples|2.46|130600003519|||
01/01/2023|54|1640007000000|5.61|6.0|Samples|0.39|160070000553|||
01/01/2023|54|1640007000000|19.2|20.5|Samples|1.3|160070000192|||
01/01/2023|54|3140069060000|0.0|0.32|Samples|0.32|310690600000|||
01/01/2023|54|3140069060000|0.32|0.38|Samples|0.06|310690600032|||
01/01/2023|54|2040026000000|4.62|4.96|Samples|0.34|200260000462|||
01/01/2023|54|2040160070000|0.0|0.27|Samples|0.27|201600700000|||
01/01/2023|54|2040160070000|0.27|0.51|Samples|0.24|201600700027|||
01/01/2023|54|12202200000NB|4.41|5.14|Samples|0.73|122200000441|||
01/01/2023|54|1740011000000|0.0|1.14|Samples|1.14|170110000000|||
01/01/2023|54|1740011000000|1.14|2.3|Samples|1.16|170110001140|||
01/01/2023|54|1740011000000|4.24|4.7|Samples|0.46|170110000424|||
01/01/2023|54|1740011000000|4.7|5.24|Samples|0.54|170110004700|||
01/01/2023|54|3140081000000|7.25|8.03|Samples|0.78|310810000725|||
01/01/2023|54|0540028000000|0.0|0.198|Samples|0.198|050280000000|||
01/01/2023|54|1771771001900|0.43|0.62|Samples|0.19|170177100430|||
01/01/2023|54|2030601000000|0.0|0.95|Samples|0.95|206010000000|||
01/01/2023|54|2071056001900|0.0|0.38|Samples|0.38|200105600000|||
01/01/2023|54|4940151000000|0.0|0.24|Samples|0.24|491510000000|||
01/01/2023|54|4940151000000|0.34|0.64|Samples|0.3|491510000034|||
01/01/2023|54|4940151000000|1.13|1.6|Samples|0.47|491510000113|||
01/01/2023|54|35202500005SB|0.0|0.36|Samples|0.36|35250S000000|||
01/01/2023|54|5440014160000|0.18|0.86|Samples|0.68|540141600019|||
01/01/2023|54|5440014160000|0.86|1.23|Samples|0.37|540141600086|||
01/01/2023|54|5440014160000|2.89|3.83|Samples|0.94|540141600289|||
01/01/2023|54|5230002000000|4.21|4.442|Samples|0.232|520020000421|||
01/01/2023|54|5230002000000|5.29|5.69|Samples|0.4|520020000529|||
01/01/2023|54|5230002000000|5.69|6.08|Samples|0.39|520020000569|||
01/01/2023|54|5230002000000|6.08|6.5|Samples|0.42|520020000608|||
01/01/2023|54|5230002000000|6.95|7.09|Samples|0.14|520020000695|||
01/01/2023|54|5230002000000|7.29|7.84|Samples|0.55|520020000729|||
01/01/2023|54|5230002000000|8.35|8.6|Samples|0.25|520020000835|||
01/01/2023|54|5230002000000|8.6|9.24|Samples|0.64|520020000860|||
01/01/2023|54|5230002000000|11.75|12.12|Samples|0.37|520020011750|||
01/01/2023|54|5040003010000|0.09|0.65|Samples|0.56|500030100009|||
01/01/2023|54|5040003010000|0.65|0.68|Samples|0.03|500030100065|||
01/01/2023|54|1940009020000|0.2|0.35|Samples|0.15|190090200020|||
01/01/2023|54|05200220000EB|3.17|3.35|Samples|0.18|050220000317|||
01/01/2023|54|05200220000EB|3.35|3.45|Samples|0.1|050220000335|||
01/01/2023|54|05200220000EB|3.45|4.73|Samples|1.28|050220000345|||
01/01/2023|54|05200220000EB|4.73|5.19|Samples|0.46|050220000473|||
01/01/2023|54|05200220000EB|5.19|5.89|Samples|0.7|050220000519|||
01/01/2023|54|23200520000EB|0.0|0.43|Samples|0.43|230520000000|||
01/01/2023|54|2040073000000|0.0|1.18|Samples|1.18|200730000000|||
01/01/2023|54|4640009000000|0.82|1.16|Samples|0.34|460090000082|||
01/01/2023|54|4640009000000|1.16|1.59|Samples|0.43|460090000116|||
01/01/2023|54|0630527000000|0.89|0.98|Samples|0.09|065270000088|||
01/01/2023|54|3578271001900|0.0|1.04|Samples|1.04|350827100000|||
01/01/2023|54|3578271001900|1.04|1.59|Samples|0.55|350827100104|||
01/01/2023|54|1340045010000|0.0|0.539|Samples|0.539|130450100000|||
01/01/2023|54|0630002000000|0.1|0.21|Samples|0.11|060020000010|||
01/01/2023|54|0630002000000|9.98|10.08|Samples|0.1|060020000998|||
01/01/2023|54|0630002000000|14.38|17.99|Samples|3.61|060020001438|||
01/01/2023|54|3540018020000|0.0|0.23|Samples|0.23|350180200000|||
01/01/2023|54|4272253001900|0.0|0.16|Samples|0.16|420225300000|||
01/01/2023|54|4272253001900|0.16|0.25|Samples|0.09|420225300016|||
01/01/2023|54|2440009000000|7.87|9.2|Samples|1.33|240090000787|||
01/01/2023|54|2930972000000|0.0|1.48|Samples|1.48|299720000000|||
01/01/2023|54|2930972000000|1.48|2.19|Samples|0.71|299720000148|||
01/01/2023|54|2071058001900|0.09|1.81|Samples|1.72|200105800009|||
01/01/2023|54|41100640017WB|0.0|0.47|Samples|0.47|41064R000000|||
01/01/2023|54|41100640017WB|0.47|0.594|Samples|0.124|410064R00047|||
01/01/2023|54|41100640017WB|0.594|0.82|Samples|0.226|41064R000059|||
01/01/2023|54|0673272001900|0.35|1.04|Samples|0.69|060327200035|||
01/01/2023|54|0673272001900|1.08|1.44|Samples|0.36|060327200108|||
01/01/2023|54|2540073000000|2.45|3.55|Samples|1.1|250730000245|||
