BeginDate|StateID|RouteID|BeginPoint|EndPoint|DataItem|ValueNumeric|ValueText|ValueDate|Comments
01/01/2025|54|01201190000NB|11.397|11.401|STRUCTURE_TYPE|1|01A097||
01/01/2025|54|01201190000NB|13.6|13.606|STRUCTURE_TYPE|1|01A085||
01/01/2025|54|01201190000SB|15.896|15.962|STRUCTURE_TYPE|1|01A086||
01/01/2025|54|01201190000SB|17.482|17.522|STRUCTURE_TYPE|1|01A087||
01/01/2025|54|01201190000SB|18.483|18.488|STRUCTURE_TYPE|1|01A088||
01/01/2025|54|01202500000NB|0.47|0.479|STRUCTURE_TYPE|1|01A090||
01/01/2025|54|01202500000NB|5.419|5.425|STRUCTURE_TYPE|1|01A091||
01/01/2025|54|01202500000SB|17.237|17.296|STRUCTURE_TYPE|1|01A092||
01/01/2025|54|01202500013SB|0.347|0.517|STRUCTURE_TYPE|1|01A107||
01/01/2025|54|0130020000000|1.772|1.778|STRUCTURE_TYPE|1|01A032||
01/01/2025|54|0130038000000|2.688|2.7|STRUCTURE_TYPE|1|01A049||
01/01/2025|54|0130038000000|2.7|2.724|STRUCTURE_TYPE|1|01A049||
01/01/2025|54|0130038000000|6.839|6.85|STRUCTURE_TYPE|1|01A050||
01/01/2025|54|0130038000000|7.352|7.366|STRUCTURE_TYPE|1|01A103||
01/01/2025|54|0130038000000|9.883|9.899|STRUCTURE_TYPE|1|01A052||
01/01/2025|54|0130038000000|10.893|10.899|STRUCTURE_TYPE|1|01A053||
01/01/2025|54|0130057000000|5.438|5.443|STRUCTURE_TYPE|1|01A064||
01/01/2025|54|0130057000000|7.237|7.243|STRUCTURE_TYPE|1|01A098||
01/01/2025|54|0130076000000|0.551|0.563|STRUCTURE_TYPE|1|01A072||
01/01/2025|54|0130092000000|7.542|7.547|STRUCTURE_TYPE|1|01A074||
01/01/2025|54|0130092000000|9.243|9.252|STRUCTURE_TYPE|1|01A075||
01/01/2025|54|0130092000000|19.144|19.168|STRUCTURE_TYPE|1|01A076||
01/01/2025|54|0130092000000|19.416|19.43|STRUCTURE_TYPE|1|01A077||
01/01/2025|54|0130092000000|26.732|26.737|STRUCTURE_TYPE|1|01A078||
01/01/2025|54|01300920000SB|26.928|26.9564|STRUCTURE_TYPE|1|01A100||
01/01/2025|54|0140001000000|3.392|3.397|STRUCTURE_TYPE|1|01A001||
01/01/2025|54|0140001000000|3.671|3.676|STRUCTURE_TYPE|1|01A002||
01/01/2025|54|0140001000000|3.945|3.96|STRUCTURE_TYPE|1|01A126||
01/01/2025|54|0140001010000|4.236|4.24|STRUCTURE_TYPE|1|01A099||
01/01/2025|54|0140003000000|0.644|0.649|STRUCTURE_TYPE|1|01A005||
01/01/2025|54|0140005030000|0.881|0.888|STRUCTURE_TYPE|1|01A006||
01/01/2025|54|0140007000000|11.379|11.384|STRUCTURE_TYPE|1|01A007||
01/01/2025|54|0140007100000|0.093|0.101|STRUCTURE_TYPE|1|01A106||
01/01/2025|54|0140009000000|3.773|3.779|STRUCTURE_TYPE|1|01A008||
01/01/2025|54|0140009000000|5.791|5.795|STRUCTURE_TYPE|1|01A009||
01/01/2025|54|0140009000000|7.915|7.923|STRUCTURE_TYPE|1|01A121||
01/01/2025|54|0140010000000|9.922|9.988|STRUCTURE_TYPE|1|01A118||
01/01/2025|54|0140010000000|10.67|10.689|STRUCTURE_TYPE|1|01A122||
01/01/2025|54|0140011000000|1.314|1.32|STRUCTURE_TYPE|1|01A116||
01/01/2025|54|0140011000000|2.505|2.552|STRUCTURE_TYPE|1|01A015||
01/01/2025|54|0140011000000|6.346|6.369|STRUCTURE_TYPE|1|01A016||
01/01/2025|54|0140011000000|15.775|15.816|STRUCTURE_TYPE|1|01A101||
01/01/2025|54|0140011020000|0.639|0.643|STRUCTURE_TYPE|1|01A102||
01/01/2025|54|0140011030000|0.018|0.03|STRUCTURE_TYPE|1|01A110||
01/01/2025|54|0140012000000|6.009|6.083|STRUCTURE_TYPE|1|01A119||
01/01/2025|54|0140012000000|6.332|6.338|STRUCTURE_TYPE|1|01A020||
01/01/2025|54|0140012000000|6.391|6.397|STRUCTURE_TYPE|1|01A021||
01/01/2025|54|0140012030000|0.025|0.044|STRUCTURE_TYPE|1|01A022||
01/01/2025|54|0140012080000|0.134|0.162|STRUCTURE_TYPE|1|01A023||
01/01/2025|54|0140013000000|1.07|1.078|STRUCTURE_TYPE|1|01A024||
01/01/2025|54|0140013010000|0.798|0.806|STRUCTURE_TYPE|1|01A025||
01/01/2025|54|0140013040000|0.095|0.105|STRUCTURE_TYPE|1|01A026||
01/01/2025|54|0140015000000|2.082|2.087|STRUCTURE_TYPE|1|01A027||
01/01/2025|54|0140016040000|0.014|0.019|STRUCTURE_TYPE|1|01A028||
01/01/2025|54|0140017000000|4.405|4.411|STRUCTURE_TYPE|1|01A029||
01/01/2025|54|0140017120000|0.383|0.406|STRUCTURE_TYPE|1|01A030||
01/01/2025|54|0140018000000|0.788|0.794|STRUCTURE_TYPE|1|01A031||
01/01/2025|54|0140020030000|1.322|1.328|STRUCTURE_TYPE|1|01A113||
01/01/2025|54|0140021000000|0.557|0.562|STRUCTURE_TYPE|1|01A065||
01/01/2025|54|0140024000000|4.998|5.014|STRUCTURE_TYPE|1|01A037||
01/01/2025|54|0140026000000|1.265|1.271|STRUCTURE_TYPE|1|01A038||
01/01/2025|54|0140026000000|1.969|1.976|STRUCTURE_TYPE|1|01A039||
01/01/2025|54|0140026000000|2.378|2.388|STRUCTURE_TYPE|1|01A040||
01/01/2025|54|0140026000000|4.398|4.409|STRUCTURE_TYPE|1|01A042||
01/01/2025|54|0140026000000|6.319|6.325|STRUCTURE_TYPE|1|01A104||
01/01/2025|54|0140026010000|2.371|2.381|STRUCTURE_TYPE|1|01A043||
01/01/2025|54|0140026050000|0.017|0.025|STRUCTURE_TYPE|1|01A041||
01/01/2025|54|0140030000000|8.638|8.643|STRUCTURE_TYPE|1|01A045||
01/01/2025|54|0140030000000|10.807|10.811|STRUCTURE_TYPE|1|01A112||
01/01/2025|54|0140032000000|1.322|1.33|STRUCTURE_TYPE|1|01A046||
01/01/2025|54|0140032000000|8.052|8.058|STRUCTURE_TYPE|1|01A047||
01/01/2025|54|0140036000000|4.724|4.753|STRUCTURE_TYPE|1|01A048||
01/01/2025|54|0140040000000|5.164|5.182|STRUCTURE_TYPE|1|01A055||
01/01/2025|54|0140040010000|1.223|1.241|STRUCTURE_TYPE|1|01A108||
01/01/2025|54|0140040040000|0.013|0.031|STRUCTURE_TYPE|1|01A111||
01/01/2025|54|0140040050000|0.031|0.045|STRUCTURE_TYPE|1|01A124||
01/01/2025|54|0140046000000|2.387|2.393|STRUCTURE_TYPE|1|01A059||
01/01/2025|54|0140046010000|1.593|1.62|STRUCTURE_TYPE|1|01A105||
01/01/2025|54|0140048000000|2.098|2.104|STRUCTURE_TYPE|1|01A061||
01/01/2025|54|0140056000000|0.015|0.061|STRUCTURE_TYPE|1|01A123||
01/01/2025|54|0140057010000|0.022|0.041|STRUCTURE_TYPE|1|01A066||
01/01/2025|54|0140057060000|0.093|0.107|STRUCTURE_TYPE|1|01A109||
01/01/2025|54|0140057070000|1.885|1.897|STRUCTURE_TYPE|1|01A069||
01/01/2025|54|0140057100000|0.123|0.134|STRUCTURE_TYPE|1|01A070||
01/01/2025|54|0140057100000|0.369|0.377|STRUCTURE_TYPE|1|01A071||
01/01/2025|54|0140057150000|0.006|0.024|STRUCTURE_TYPE|1|01A115||
01/01/2025|54|0140077010000|0.07|0.076|STRUCTURE_TYPE|1|01A073||
01/01/2025|54|0140092120000|0.706|0.711|STRUCTURE_TYPE|1|01A080||
01/01/2025|54|0140092170000|0.086|0.094|STRUCTURE_TYPE|1|01A117||
01/01/2025|54|0140092180000|2.627|2.634|STRUCTURE_TYPE|1|01A120||
01/01/2025|54|0140092200000|0.801|0.81|STRUCTURE_TYPE|1|01A083||
01/01/2025|54|0140093000000|3.665|3.671|STRUCTURE_TYPE|1|01A084||
01/01/2025|54|0140119020000|0.07|0.076|STRUCTURE_TYPE|1|01A114||
01/01/2025|54|0140119210000|0.058|0.122|STRUCTURE_TYPE|1|01A093||
01/01/2025|54|0200683000000|0.176|0.1835|STRUCTURE_TYPE|1|02A907||
01/01/2025|54|0200683000000|0.619|0.6241|STRUCTURE_TYPE|1|02A905||
01/01/2025|54|0201509000000|0.016|0.0249|STRUCTURE_TYPE|1|02A908||
01/01/2025|54|02100810000NB|3.277|3.29|STRUCTURE_TYPE|1|02A178||
01/01/2025|54|02100810000NB|11.64|11.664|STRUCTURE_TYPE|1|02A133||
01/01/2025|54|02100810000NB|13.528|13.552|STRUCTURE_TYPE|1|02A129||
01/01/2025|54|02100810000NB|14.708|14.715|STRUCTURE_TYPE|1|02A088||
01/01/2025|54|02100810000NB|18.12|18.14|STRUCTURE_TYPE|1|02A092||
01/01/2025|54|02100810000NB|19.107|19.13|STRUCTURE_TYPE|1|02A093||
01/01/2025|54|02100810000NB|21.747|21.768|STRUCTURE_TYPE|1|02A121||
01/01/2025|54|02100810000NB|23.424|23.465|STRUCTURE_TYPE|1|02A160||
01/01/2025|54|02100810000NB|25.939|26.0|STRUCTURE_TYPE|1|02A157||
01/01/2025|54|02100810000SB|1.7|1.705|STRUCTURE_TYPE|1|02A083||
01/01/2025|54|02100810000SB|3.276|3.289|STRUCTURE_TYPE|1|02A179||
01/01/2025|54|02100810000SB|6.051|6.057|STRUCTURE_TYPE|1|02A085||
01/01/2025|54|02100810000SB|11.638|11.662|STRUCTURE_TYPE|1|02A134||
01/01/2025|54|02100810000SB|13.521|13.545|STRUCTURE_TYPE|1|02A128||
01/01/2025|54|02100810000SB|18.12|18.14|STRUCTURE_TYPE|1|02A103||
01/01/2025|54|02100810000SB|19.12|19.143|STRUCTURE_TYPE|1|02A104||
01/01/2025|54|02100810000SB|21.743|21.764|STRUCTURE_TYPE|1|02A122||
01/01/2025|54|02100810000SB|23.454|23.491|STRUCTURE_TYPE|1|02A161||
01/01/2025|54|02100810000SB|25.939|26.0|STRUCTURE_TYPE|1|02A158||
01/01/2025|54|02200110000NB|3.148|3.165|STRUCTURE_TYPE|1|02A139||
01/01/2025|54|02200110000NB|6.05|6.056|STRUCTURE_TYPE|1|02A044||
01/01/2025|54|02200110000NB|14.677|14.703|STRUCTURE_TYPE|1|02A026||
01/01/2025|54|02200110000NB|26.132|26.16|STRUCTURE_TYPE|1|02A182||
01/01/2025|54|0230009000000|2.533|2.545|STRUCTURE_TYPE|1|02A176||
01/01/2025|54|0230009000000|4.825|4.877|STRUCTURE_TYPE|1|02A022||
01/01/2025|54|0230009000000|4.95|4.955|STRUCTURE_TYPE|1|02A114||
01/01/2025|54|0230009000000|10.532|10.565|STRUCTURE_TYPE|1|02A024||
01/01/2025|54|0230009000000|10.928|10.981|STRUCTURE_TYPE|1|02A025||
01/01/2025|54|0230009000000|15.045|15.066|STRUCTURE_TYPE|1|02A027||
01/01/2025|54|0230009000000|15.311|15.319|STRUCTURE_TYPE|1|02A112||
01/01/2025|54|0230009000000|17.463|17.513|STRUCTURE_TYPE|1|02A142||
01/01/2025|54|0230009000000|18.127|18.149|STRUCTURE_TYPE|1|02A150||
01/01/2025|54|0230009000000|19.751|19.774|STRUCTURE_TYPE|1|02A147||
01/01/2025|54|02300090000WB|17.356|17.365|STRUCTURE_TYPE|1|02A029||
01/01/2025|54|02300090000WB|17.443|17.495|STRUCTURE_TYPE|1|02A143||
01/01/2025|54|02300090000WB|18.131|18.153|STRUCTURE_TYPE|1|02A151||
01/01/2025|54|02300090000WB|19.741|19.765|STRUCTURE_TYPE|1|02A148||
01/01/2025|54|0230045000000|4.233|4.271|STRUCTURE_TYPE|1|02A141||
01/01/2025|54|0230045000000|19.6|19.647|STRUCTURE_TYPE|1|02A075||
01/01/2025|54|0230051000000|4.573|4.58|STRUCTURE_TYPE|1|02A180||
01/01/2025|54|0230051000000|4.58|4.611|STRUCTURE_TYPE|1|02A180||
01/01/2025|54|0230051000000|9.329|9.36|STRUCTURE_TYPE|1|02A181||
01/01/2025|54|0230243000000|1.202|1.245|STRUCTURE_TYPE|1|02A152||
01/01/2025|54|0230901000000|2.662|2.674|STRUCTURE_TYPE|1|02A117||
01/01/2025|54|0230901000000|5.316|5.358|STRUCTURE_TYPE|1|02A130||
01/01/2025|54|0240001000000|0.19|0.215|STRUCTURE_TYPE|1|02A001||
01/01/2025|54|0240001000000|3.301|3.306|STRUCTURE_TYPE|1|02A003||
01/01/2025|54|0240002000000|1.797|1.803|STRUCTURE_TYPE|1|02A005||
01/01/2025|54|0240003020000|0.887|0.901|STRUCTURE_TYPE|1|02A113||
01/01/2025|54|0240003020000|2.748|2.814|STRUCTURE_TYPE|1|02A135||
01/01/2025|54|0240004000000|4.44|4.447|STRUCTURE_TYPE|1|02A137||
01/01/2025|54|0240005000000|7.938|7.94|STRUCTURE_TYPE|1|02A145||
01/01/2025|54|0240006000000|0.975|1.0|STRUCTURE_TYPE|1|02A162||
01/01/2025|54|0240006010000|1.734|1.75|STRUCTURE_TYPE|1|02A116||
01/01/2025|54|0240006010000|1.75|1.767|STRUCTURE_TYPE|1|02A116||
01/01/2025|54|0240007000000|1.32|1.325|STRUCTURE_TYPE|1|02A012||
01/01/2025|54|0240007000000|1.819|1.823|STRUCTURE_TYPE|1|02A013||
01/01/2025|54|0240007000000|4.822|4.831|STRUCTURE_TYPE|1|02A014||
01/01/2025|54|0240007000000|5.899|5.915|STRUCTURE_TYPE|1|02A015||
01/01/2025|54|0240007000000|7.352|7.364|STRUCTURE_TYPE|1|02A016||
01/01/2025|54|0240007000000|7.779|7.79|STRUCTURE_TYPE|1|02A017||
01/01/2025|54|0240007000000|8.408|8.42|STRUCTURE_TYPE|1|02A018||
01/01/2025|54|0240007000000|8.955|8.966|STRUCTURE_TYPE|1|02A019||
01/01/2025|54|0240007180000|0.623|0.631|STRUCTURE_TYPE|1|02A020||
01/01/2025|54|0240009010000|3.197|3.202|STRUCTURE_TYPE|1|02A124||
01/01/2025|54|0240009040000|0.856|0.864|STRUCTURE_TYPE|1|02A033||
01/01/2025|54|0240009040000|1.068|1.08|STRUCTURE_TYPE|1|02A034||
01/01/2025|54|0240009040000|1.975|1.986|STRUCTURE_TYPE|1|02A035||
01/01/2025|54|0240009050000|3.257|3.26|STRUCTURE_TYPE|1|02A036||
01/01/2025|54|0240009130000|0.761|0.765|STRUCTURE_TYPE|1|02A115||
01/01/2025|54|0240009150000|0.423|0.428|STRUCTURE_TYPE|1|02A140||
01/01/2025|54|0240009160000|2.306|2.319|STRUCTURE_TYPE|1|02A144||
01/01/2025|54|0240009170000|1.404|1.409|STRUCTURE_TYPE|1|02A040||
01/01/2025|54|0240009300000|0.055|0.086|STRUCTURE_TYPE|1|02A168||
01/01/2025|54|0240009300000|0.108|0.125|STRUCTURE_TYPE|1|02A125||
01/01/2025|54|0240009560000|0.243|0.278|STRUCTURE_TYPE|1|02A166||
01/01/2025|54|0240009560000|0.376|0.474|STRUCTURE_TYPE|1|02A165||
01/01/2025|54|0240009560000|0.711|0.746|STRUCTURE_TYPE|1|02A164||
01/01/2025|54|0240009560000|0.928|0.963|STRUCTURE_TYPE|1|02A163||
01/01/2025|54|0240009570000|0.683|0.738|STRUCTURE_TYPE|1|02A146||
01/01/2025|54|0240010000000|2.84|2.879|STRUCTURE_TYPE|1|02A177||
01/01/2025|54|0240010010000|1.058|1.097|STRUCTURE_TYPE|1|02A167||
01/01/2025|54|0240011020000|1.156|1.203|STRUCTURE_TYPE|1|02A047||
01/01/2025|54|0240011040000|0.061|0.068|STRUCTURE_TYPE|1|02A132||
01/01/2025|54|0240012000000|3.515|3.553|STRUCTURE_TYPE|1|02A136||
01/01/2025|54|0240012020000|0.661|0.668|STRUCTURE_TYPE|1|02A138||
01/01/2025|54|0240013000000|0.739|0.746|STRUCTURE_TYPE|1|02A172||
01/01/2025|54|0240013000000|1.537|1.575|STRUCTURE_TYPE|1|02A126||
01/01/2025|54|0240013010000|0.06|0.066|STRUCTURE_TYPE|1|02A037||
01/01/2025|54|0240015000000|0.507|0.516|STRUCTURE_TYPE|1|02A175||
01/01/2025|54|0240015000000|1.437|1.442|STRUCTURE_TYPE|1|02A055||
01/01/2025|54|0240015000000|1.6|1.606|STRUCTURE_TYPE|1|02A056||
01/01/2025|54|0240015000000|2.696|2.742|STRUCTURE_TYPE|1|02A127||
01/01/2025|54|0240018000000|0.207|0.219|STRUCTURE_TYPE|1|02A058||
01/01/2025|54|0240018000000|0.861|0.909|STRUCTURE_TYPE|1|02A123||
01/01/2025|54|0240018010000|2.681|2.716|STRUCTURE_TYPE|1|02A118||
01/01/2025|54|0240019000000|3.373|3.381|STRUCTURE_TYPE|1|02A061||
01/01/2025|54|0240019000000|4.044|4.06|STRUCTURE_TYPE|1|02A062||
01/01/2025|54|0240022000000|2.07|2.091|STRUCTURE_TYPE|1|02A174||
01/01/2025|54|0240023000000|2.697|2.702|STRUCTURE_TYPE|1|02A038||
01/01/2025|54|0240024000000|4.216|4.222|STRUCTURE_TYPE|1|02A169||
01/01/2025|54|0240024010000|1.578|1.629|STRUCTURE_TYPE|1|02A065||
01/01/2025|54|0240024030000|1.053|1.059|STRUCTURE_TYPE|1|02A066||
01/01/2025|54|0240025000000|1.399|1.404|STRUCTURE_TYPE|1|02A032||
01/01/2025|54|0240026000000|3.462|3.505|STRUCTURE_TYPE|1|02A067||
01/01/2025|54|0240026000000|5.056|5.063|STRUCTURE_TYPE|1|02A068||
01/01/2025|54|0240026000000|8.034|8.083|STRUCTURE_TYPE|1|02A171||
01/01/2025|54|0240034000000|3.45|3.459|STRUCTURE_TYPE|1|02A119||
01/01/2025|54|0240036000000|2.181|2.199|STRUCTURE_TYPE|1|02A173||
01/01/2025|54|0240037000000|2.364|2.37|STRUCTURE_TYPE|1|02A170||
01/01/2025|54|0240051020000|3.297|3.306|STRUCTURE_TYPE|1|02A080||
01/01/2025|54|0240051020000|3.632|3.637|STRUCTURE_TYPE|1|02A153||
01/01/2025|54|0240051070000|3.651|3.68|STRUCTURE_TYPE|1|02A131||
01/01/2025|54|0246000002300|0.203|0.237|STRUCTURE_TYPE|1|02A149||
01/01/2025|54|0274256001900|0.435|0.441|STRUCTURE_TYPE|1|02A901||
01/01/2025|54|0274259001900|0.161|0.167|STRUCTURE_TYPE|1|02A903||
01/01/2025|54|0300609000000|0.017|0.0458|STRUCTURE_TYPE|1|03A900||
01/01/2025|54|03201190000NB|1.537|1.541|STRUCTURE_TYPE|1|03A144||
01/01/2025|54|03201190000NB|2.183|2.188|STRUCTURE_TYPE|1|03A145||
01/01/2025|54|03201190000NB|9.761|9.767|STRUCTURE_TYPE|1|03A143||
01/01/2025|54|03201190000NB|12.361|12.655|STRUCTURE_TYPE|1|03A116||
01/01/2025|54|03201190000NB|13.739|13.747|STRUCTURE_TYPE|1|03A015||
01/01/2025|54|03201190000NB|16.217|16.22|STRUCTURE_TYPE|1|03A129||
01/01/2025|54|03201190000NB|16.22|16.373|STRUCTURE_TYPE|1|03A129||
01/01/2025|54|03201190000NB|16.715|16.72|STRUCTURE_TYPE|1|03A131||
01/01/2025|54|03201190000NB|16.72|16.87|STRUCTURE_TYPE|1|03A131||
01/01/2025|54|03201190000NB|20.658|20.7|STRUCTURE_TYPE|1|03A123||
01/01/2025|54|03201190000SB|12.377|12.669|STRUCTURE_TYPE|1|03A117||
01/01/2025|54|03201190000SB|16.317|16.38|STRUCTURE_TYPE|1|03A130||
01/01/2025|54|03201190000SB|16.38|16.43|STRUCTURE_TYPE|1|03A130||
01/01/2025|54|03201190000SB|16.43|16.473|STRUCTURE_TYPE|1|03A130||
01/01/2025|54|03201190000SB|16.818|16.88|STRUCTURE_TYPE|1|03A132||
01/01/2025|54|03201190000SB|16.88|16.93|STRUCTURE_TYPE|1|03A132||
01/01/2025|54|03201190000SB|16.93|16.971|STRUCTURE_TYPE|1|03A132||
01/01/2025|54|03201190000SB|20.657|20.7|STRUCTURE_TYPE|1|03A124||
01/01/2025|54|0330003000000|0.139|0.162|STRUCTURE_TYPE|1|03A010||
01/01/2025|54|0330003000000|1.167|1.172|STRUCTURE_TYPE|1|03A011||
01/01/2025|54|0330003000000|1.616|1.665|STRUCTURE_TYPE|1|03A012||
01/01/2025|54|0330003000000|9.816|9.83|STRUCTURE_TYPE|1|03A189||
01/01/2025|54|0330003000000|17.258|17.265|STRUCTURE_TYPE|1|03A089||
01/01/2025|54|0330003000000|18.434|18.441|STRUCTURE_TYPE|1|03A090||
01/01/2025|54|0330003000000|18.821|18.84|STRUCTURE_TYPE|1|03A176||
01/01/2025|54|0330003000000|18.84|18.848|STRUCTURE_TYPE|1|03A176||
01/01/2025|54|0330003000000|18.967|19.027|STRUCTURE_TYPE|1|03A170||
01/01/2025|54|0330003000000|22.351|22.364|STRUCTURE_TYPE|1|03A016||
01/01/2025|54|0330003000000|24.498|24.506|STRUCTURE_TYPE|1|03A018||
01/01/2025|54|0330003000000|32.14|32.162|STRUCTURE_TYPE|1|03A202||
01/01/2025|54|0330003000000|38.23|38.244|STRUCTURE_TYPE|1|03A201||
01/01/2025|54|0330003000000|39.031|39.073|STRUCTURE_TYPE|1|03A021||
01/01/2025|54|0330017000000|0.501|0.537|STRUCTURE_TYPE|1|03A085||
01/01/2025|54|0330017000000|8.719|8.765|STRUCTURE_TYPE|1|03A086||
01/01/2025|54|0330017000000|11.476|11.542|STRUCTURE_TYPE|1|03A210||
01/01/2025|54|0330085000000|3.308|3.326|STRUCTURE_TYPE|1|03A183||
01/01/2025|54|0330085000000|4.471|4.482|STRUCTURE_TYPE|1|03A190||
01/01/2025|54|0330085000000|7.611|7.634|STRUCTURE_TYPE|1|03A077||
01/01/2025|54|0330085000000|8.78|8.785|STRUCTURE_TYPE|1|03A153||
01/01/2025|54|0330085000000|8.979|9.003|STRUCTURE_TYPE|1|03A150||
01/01/2025|54|0330085000000|10.652|10.66|STRUCTURE_TYPE|1|03A154||
01/01/2025|54|0330085000000|14.666|14.694|STRUCTURE_TYPE|1|03A080||
01/01/2025|54|0330085000000|19.176|19.187|STRUCTURE_TYPE|1|03A081||
01/01/2025|54|0330085000000|22.182|22.211|STRUCTURE_TYPE|1|03A082||
01/01/2025|54|0330085000000|27.813|27.825|STRUCTURE_TYPE|1|03A181||
01/01/2025|54|0330094000000|0.017|0.022|STRUCTURE_TYPE|1|03A093||
01/01/2025|54|0330094000000|0.382|0.39|STRUCTURE_TYPE|1|03A207||
01/01/2025|54|0340001000000|3.335|3.34|STRUCTURE_TYPE|1|03A001||
01/01/2025|54|0340001000000|8.196|8.245|STRUCTURE_TYPE|1|03A180||
01/01/2025|54|0340001000000|8.39|8.396|STRUCTURE_TYPE|1|03A003||
01/01/2025|54|0340001000000|8.663|8.669|STRUCTURE_TYPE|1|03A004||
01/01/2025|54|0340001000000|8.746|8.756|STRUCTURE_TYPE|1|03A005||
01/01/2025|54|0340001020000|3.948|3.956|STRUCTURE_TYPE|1|03A006||
01/01/2025|54|0340001040000|1.021|1.027|STRUCTURE_TYPE|1|03A141||
01/01/2025|54|0340001060000|0.038|0.044|STRUCTURE_TYPE|1|03A008||
01/01/2025|54|0340003020000|0.857|0.862|STRUCTURE_TYPE|1|03A162||
01/01/2025|54|0340003020000|1.623|1.629|STRUCTURE_TYPE|1|03A195||
01/01/2025|54|0340003030000|0.882|0.892|STRUCTURE_TYPE|1|03A024||
01/01/2025|54|0340003030000|3.938|3.944|STRUCTURE_TYPE|1|03A025||
01/01/2025|54|0340003050000|0.006|0.014|STRUCTURE_TYPE|1|03A200||
01/01/2025|54|0340003070000|0.329|0.338|STRUCTURE_TYPE|1|03A027||
01/01/2025|54|0340003090000|0.045|0.08|STRUCTURE_TYPE|1|03A198||
01/01/2025|54|0340003100000|0.007|0.041|STRUCTURE_TYPE|1|03A029||
01/01/2025|54|0340003130000|0.019|0.062|STRUCTURE_TYPE|1|03A030||
01/01/2025|54|0340003140000|0.099|0.128|STRUCTURE_TYPE|1|03A196||
01/01/2025|54|0340003250000|0.016|0.066|STRUCTURE_TYPE|1|03A169||
01/01/2025|54|0340003350000|0.004|0.014|STRUCTURE_TYPE|1|03A157||
01/01/2025|54|0340005000000|0.182|0.193|STRUCTURE_TYPE|1|03A035||
01/01/2025|54|0340005000000|8.314|8.327|STRUCTURE_TYPE|1|03A182||
01/01/2025|54|0340005000000|8.51|8.521|STRUCTURE_TYPE|1|03A185||
01/01/2025|54|0340005000000|9.098|9.113|STRUCTURE_TYPE|1|03A038||
01/01/2025|54|0340005000000|13.228|13.245|STRUCTURE_TYPE|1|03A039||
01/01/2025|54|0340005000000|14.843|14.856|STRUCTURE_TYPE|1|03A040||
01/01/2025|54|0340005000000|16.206|16.22|STRUCTURE_TYPE|1|03A041||
01/01/2025|54|0340005000000|17.665|17.732|STRUCTURE_TYPE|1|03A042||
01/01/2025|54|0340007030000|0.009|0.015|STRUCTURE_TYPE|1|03A108||
01/01/2025|54|0340008000000|5.943|5.949|STRUCTURE_TYPE|1|03A109||
01/01/2025|54|0340008000000|6.446|6.458|STRUCTURE_TYPE|1|03A152||
01/01/2025|54|0340008040000|0.116|0.255|STRUCTURE_TYPE|1|03A191||
01/01/2025|54|0340008040000|1.476|1.484|STRUCTURE_TYPE|1|03A048||
01/01/2025|54|0340008040000|2.081|2.089|STRUCTURE_TYPE|1|03A128||
01/01/2025|54|0340009000000|0.016|0.053|STRUCTURE_TYPE|1|03A049||
01/01/2025|54|0340009000000|1.904|1.913|STRUCTURE_TYPE|1|03A208||
01/01/2025|54|0340009000000|1.999|2.01|STRUCTURE_TYPE|1|03A051||
01/01/2025|54|0340009000000|3.084|3.095|STRUCTURE_TYPE|1|03A052||
01/01/2025|54|0340009020000|0.003|0.014|STRUCTURE_TYPE|1|03A053||
01/01/2025|54|0340010000000|6.38|6.389|STRUCTURE_TYPE|1|03A055||
01/01/2025|54|0340010010000|0.262|0.27|STRUCTURE_TYPE|1|03A187||
01/01/2025|54|0340010020000|0.021|0.026|STRUCTURE_TYPE|1|03A175||
01/01/2025|54|0340012000000|3.973|3.983|STRUCTURE_TYPE|1|03A057||
01/01/2025|54|0340020000000|2.865|2.871|STRUCTURE_TYPE|1|03A058||
01/01/2025|54|0340020000000|3.226|3.231|STRUCTURE_TYPE|1|03A059||
01/01/2025|54|0340020000000|4.791|4.831|STRUCTURE_TYPE|1|03A060||
01/01/2025|54|0340022000000|0.646|0.651|STRUCTURE_TYPE|1|03A186||
01/01/2025|54|0340024000000|1.358|1.368|STRUCTURE_TYPE|1|03A061||
01/01/2025|54|0340024000000|1.754|1.762|STRUCTURE_TYPE|1|03A062||
01/01/2025|54|0340024000000|2.33|2.341|STRUCTURE_TYPE|1|03A206||
01/01/2025|54|0340026000000|0.947|0.951|STRUCTURE_TYPE|1|03A065||
01/01/2025|54|0340026000000|5.289|5.306|STRUCTURE_TYPE|1|03A066||
01/01/2025|54|0340026000000|8.129|8.141|STRUCTURE_TYPE|1|03A067||
01/01/2025|54|0340026000000|8.633|8.644|STRUCTURE_TYPE|1|03A068||
01/01/2025|54|0340026000000|9.867|9.873|STRUCTURE_TYPE|1|03A069||
01/01/2025|54|0340026010000|0.007|0.017|STRUCTURE_TYPE|1|03A070||
01/01/2025|54|0340026030000|0.007|0.029|STRUCTURE_TYPE|1|03A211||
01/01/2025|54|0340028010000|0.034|0.044|STRUCTURE_TYPE|1|03A072||
01/01/2025|54|0340079010000|0.068|0.084|STRUCTURE_TYPE|1|03A073||
01/01/2025|54|0340079050000|0.006|0.035|STRUCTURE_TYPE|1|03A158||
01/01/2025|54|0340085010000|0.036|0.06|STRUCTURE_TYPE|1|03A171||
01/01/2025|54|0340085040000|0.003|0.026|STRUCTURE_TYPE|1|03A155||
01/01/2025|54|0340085050000|0.029|0.047|STRUCTURE_TYPE|1|03A119||
01/01/2025|54|0340085080000|0.025|0.032|STRUCTURE_TYPE|1|03A147||
01/01/2025|54|0340085080000|0.376|0.413|STRUCTURE_TYPE|1|03A043||
01/01/2025|54|0340085090000|0.004|0.02|STRUCTURE_TYPE|1|03A121||
01/01/2025|54|0340085130000|0.006|0.029|STRUCTURE_TYPE|1|03A156||
01/01/2025|54|0340085150000|0.011|0.086|STRUCTURE_TYPE|1|03A125||
01/01/2025|54|0340085190000|0.013|0.031|STRUCTURE_TYPE|1|03A133||
01/01/2025|54|0340085230000|0.007|0.02|STRUCTURE_TYPE|1|03A204||
01/01/2025|54|0340085240000|0.007|0.02|STRUCTURE_TYPE|1|03A205||
01/01/2025|54|0340085390000|0.01|0.028|STRUCTURE_TYPE|1|03A159||
01/01/2025|54|0340119020000|1.647|1.655|STRUCTURE_TYPE|1|03A096||
01/01/2025|54|0340119030000|0.83|0.837|STRUCTURE_TYPE|1|03A203||
01/01/2025|54|0340119030000|1.072|1.077|STRUCTURE_TYPE|1|03A134||
01/01/2025|54|0340119050000|0.139|0.144|STRUCTURE_TYPE|1|03A174||
01/01/2025|54|0340119070000|0.084|0.094|STRUCTURE_TYPE|1|03A197||
01/01/2025|54|0340119070000|2.303|2.307|STRUCTURE_TYPE|1|03A118||
01/01/2025|54|0340119080000|0.019|0.03|STRUCTURE_TYPE|1|03A199||
01/01/2025|54|0340119080000|0.03|0.084|STRUCTURE_TYPE|1|03A199||
01/01/2025|54|0340119090000|0.007|0.013|STRUCTURE_TYPE|1|03A148||
01/01/2025|54|0340119090000|1.324|1.332|STRUCTURE_TYPE|1|03A160||
01/01/2025|54|0340119100000|0.038|0.077|STRUCTURE_TYPE|1|03A101||
01/01/2025|54|0340119360000|0.023|0.028|STRUCTURE_TYPE|1|03A146||
01/01/2025|54|0340119370000|0.017|0.022|STRUCTURE_TYPE|1|03A110||
01/01/2025|54|0340119430000|0.313|0.323|STRUCTURE_TYPE|1|03A209||
01/01/2025|54|0340119440000|0.2|0.206|STRUCTURE_TYPE|1|03A104||
01/01/2025|54|0340119520000|0.028|0.036|STRUCTURE_TYPE|1|03A161||
01/01/2025|54|0340119760000|0.008|0.029|STRUCTURE_TYPE|1|03A142||
01/01/2025|54|0380901400000|0.007|0.031|STRUCTURE_TYPE|1|03A173||
01/01/2025|54|0400056000000|0.024|0.0402|STRUCTURE_TYPE|1|04A903||
01/01/2025|54|04100790000NB|46.315|46.35|STRUCTURE_TYPE|1|04A103||
01/01/2025|54|04100790000NB|51.564|51.7|STRUCTURE_TYPE|1|04A107||
01/01/2025|54|04100790000NB|54.282|54.312|STRUCTURE_TYPE|1|04A109||
01/01/2025|54|04100790000NB|60.958|61.077|STRUCTURE_TYPE|1|04A176||
01/01/2025|54|04100790000NB|61.378|61.491|STRUCTURE_TYPE|1|04A113||
01/01/2025|54|04100790000NB|64.891|64.934|STRUCTURE_TYPE|1|04A115||
01/01/2025|54|04100790000NB|66.557|66.561|STRUCTURE_TYPE|1|04A117||
01/01/2025|54|04100790000NB|67.082|67.107|STRUCTURE_TYPE|1|04A119||
01/01/2025|54|04100790000NB|75.591|75.651|STRUCTURE_TYPE|1|04A121||
01/01/2025|54|04100790000NB|78.211|78.273|STRUCTURE_TYPE|1|04A123||
01/01/2025|54|04100790000NB|78.906|78.935|STRUCTURE_TYPE|1|04A125||
01/01/2025|54|04100790000NB|79.114|79.157|STRUCTURE_TYPE|1|04A127||
01/01/2025|54|04100790000NB|79.178|79.323|STRUCTURE_TYPE|1|04A129||
01/01/2025|54|04100790000NB|79.571|79.644|STRUCTURE_TYPE|1|04A131||
01/01/2025|54|04100790000SB|45.753|45.757|STRUCTURE_TYPE|1|04A101||
01/01/2025|54|04100790000SB|46.309|46.344|STRUCTURE_TYPE|1|04A104||
01/01/2025|54|04100790000SB|47.871|47.876|STRUCTURE_TYPE|1|04A105||
01/01/2025|54|04100790000SB|51.558|51.706|STRUCTURE_TYPE|1|04A108||
01/01/2025|54|04100790000SB|54.269|54.295|STRUCTURE_TYPE|1|04A110||
01/01/2025|54|04100790000SB|61.006|61.13|STRUCTURE_TYPE|1|04A177||
01/01/2025|54|04100790000SB|61.397|61.505|STRUCTURE_TYPE|1|04A114||
01/01/2025|54|04100790000SB|64.926|64.969|STRUCTURE_TYPE|1|04A116||
01/01/2025|54|04100790000SB|66.559|66.563|STRUCTURE_TYPE|1|04A118||
01/01/2025|54|04100790000SB|67.086|67.111|STRUCTURE_TYPE|1|04A120||
01/01/2025|54|04100790000SB|75.584|75.61|STRUCTURE_TYPE|1|04A122||
01/01/2025|54|04100790000SB|75.61|75.651|STRUCTURE_TYPE|1|04A122||
01/01/2025|54|04100790000SB|78.2|78.262|STRUCTURE_TYPE|1|04A124||
01/01/2025|54|04100790000SB|78.901|78.93|STRUCTURE_TYPE|1|04A126||
01/01/2025|54|04100790000SB|79.135|79.174|STRUCTURE_TYPE|1|04A128||
01/01/2025|54|04100790000SB|79.204|79.355|STRUCTURE_TYPE|1|04A130||
01/01/2025|54|04100790000SB|79.597|79.64|STRUCTURE_TYPE|1|04A132||
01/01/2025|54|04100790000SB|79.64|79.669|STRUCTURE_TYPE|1|04A132||
01/01/2025|54|04100790017NB0046A|0.302|0.306|STRUCTURE_TYPE|1|04A157||
01/01/2025|54|04100790017SB0046D|0.021|0.026|STRUCTURE_TYPE|1|04A158||
01/01/2025|54|04200190000NB|3.666|3.695|STRUCTURE_TYPE|1|04A170||
01/01/2025|54|04200190000NB|21.764|21.77|STRUCTURE_TYPE|1|04A059||
01/01/2025|54|04200190000NB|23.183|23.197|STRUCTURE_TYPE|1|04A060||
01/01/2025|54|04200190000NB|25.717|25.722|STRUCTURE_TYPE|1|04A169||
01/01/2025|54|04200190000NB|27.475|27.553|STRUCTURE_TYPE|1|04A061||
01/01/2025|54|04200190000SB|3.671|3.7|STRUCTURE_TYPE|1|04A168||
01/01/2025|54|0430004000000|0.071|0.081|STRUCTURE_TYPE|1|04A010||
01/01/2025|54|0430004000000|0.568|0.573|STRUCTURE_TYPE|1|04A144||
01/01/2025|54|0430004000000|6.663|6.668|STRUCTURE_TYPE|1|04A145||
01/01/2025|54|0430004000000|9.363|9.368|STRUCTURE_TYPE|1|04A146||
01/01/2025|54|0430004000000|11.203|11.208|STRUCTURE_TYPE|1|04A147||
01/01/2025|54|0430004000000|14.623|14.629|STRUCTURE_TYPE|1|04A148||
01/01/2025|54|0430004000000|16.972|17.058|STRUCTURE_TYPE|1|04A180||
01/01/2025|54|0430004000000|17.855|17.924|STRUCTURE_TYPE|1|04A201||
01/01/2025|54|0430004000000|23.163|23.181|STRUCTURE_TYPE|1|04A164||
01/01/2025|54|0430005000000|3.818|3.85|STRUCTURE_TYPE|1|04A016||
01/01/2025|54|0430005000000|3.85|3.859|STRUCTURE_TYPE|1|04A016||
01/01/2025|54|0430005000000|6.135|6.146|STRUCTURE_TYPE|1|04A009||
01/01/2025|54|0430005000000|12.32|12.328|STRUCTURE_TYPE|1|04A172||
01/01/2025|54|0430005000000|12.985|12.992|STRUCTURE_TYPE|1|04A167||
01/01/2025|54|0430015000000|12.238|12.326|STRUCTURE_TYPE|1|04A200||
01/01/2025|54|0440001000000|2.666|2.67|STRUCTURE_TYPE|1|04A150||
01/01/2025|54|0440001000000|4.045|4.06|STRUCTURE_TYPE|1|04A191||
01/01/2025|54|0440001010000|0.016|0.032|STRUCTURE_TYPE|1|04A143||
01/01/2025|54|0440001030000|0.077|0.088|STRUCTURE_TYPE|1|04A020||
01/01/2025|54|0440001070000|0.006|0.023|STRUCTURE_TYPE|1|04A195||
01/01/2025|54|0440002000000|1.356|1.372|STRUCTURE_TYPE|1|04A197||
01/01/2025|54|0440002000000|8.112|8.129|STRUCTURE_TYPE|1|04A004||
01/01/2025|54|0440002020000|2.975|2.981|STRUCTURE_TYPE|1|04A186||
01/01/2025|54|0440002050000|1.311|1.318|STRUCTURE_TYPE|1|04A006||
01/01/2025|54|0440002060000|0.013|0.02|STRUCTURE_TYPE|1|04A159||
01/01/2025|54|0440003050000|0.333|0.361|STRUCTURE_TYPE|1|04A140||
01/01/2025|54|0440004110000|0.006|0.011|STRUCTURE_TYPE|1|04A149||
01/01/2025|54|0440004270000|1.146|1.169|STRUCTURE_TYPE|1|04A151||
01/01/2025|54|0440005010000|0.04|0.054|STRUCTURE_TYPE|1|04A021||
01/01/2025|54|0440005040000|0.385|0.389|STRUCTURE_TYPE|1|04A022||
01/01/2025|54|0440005060000|0.269|0.319|STRUCTURE_TYPE|1|04A019||
01/01/2025|54|0440005060000|7.325|7.337|STRUCTURE_TYPE|1|04A193||
01/01/2025|54|0440005100000|0.0|0.025|STRUCTURE_TYPE|1|04A202||
01/01/2025|54|0440005110000|0.15|0.174|STRUCTURE_TYPE|1|04A017||
01/01/2025|54|0440005110000|0.331|0.362|STRUCTURE_TYPE|1|04A018||
01/01/2025|54|0440005140000|0.004|0.013|STRUCTURE_TYPE|1|04A135||
01/01/2025|54|0440006000000|3.54|3.558|STRUCTURE_TYPE|1|04A178||
01/01/2025|54|0440007000000|0.678|0.684|STRUCTURE_TYPE|1|04A026||
01/01/2025|54|0440007000000|1.025|1.034|STRUCTURE_TYPE|1|04A027||
01/01/2025|54|0440007000000|1.477|1.489|STRUCTURE_TYPE|1|04A184||
01/01/2025|54|0440007010000|0.007|0.02|STRUCTURE_TYPE|1|04A183||
01/01/2025|54|0440007060000|2.237|2.244|STRUCTURE_TYPE|1|04A031||
01/01/2025|54|0440007080000|0.003|0.011|STRUCTURE_TYPE|1|04A163||
01/01/2025|54|0440008000000|5.408|5.42|STRUCTURE_TYPE|1|04A161||
01/01/2025|54|0440009000000|0.32|0.329|STRUCTURE_TYPE|1|04A033||
01/01/2025|54|0440009000000|3.67|3.677|STRUCTURE_TYPE|1|04A034||
01/01/2025|54|0440009000000|4.093|4.101|STRUCTURE_TYPE|1|04A035||
01/01/2025|54|0440009000000|4.595|4.604|STRUCTURE_TYPE|1|04A036||
01/01/2025|54|0440009000000|6.846|6.857|STRUCTURE_TYPE|1|04A037||
01/01/2025|54|0440009000000|7.923|7.948|STRUCTURE_TYPE|1|04A198||
01/01/2025|54|0440009000000|8.548|8.572|STRUCTURE_TYPE|1|04A199||
01/01/2025|54|0440009000000|9.149|9.169|STRUCTURE_TYPE|1|04A040||
01/01/2025|54|0440009000000|9.86|9.881|STRUCTURE_TYPE|1|04A041||
01/01/2025|54|0440009000000|11.248|11.255|STRUCTURE_TYPE|1|04A189||
01/01/2025|54|0440009030000|0.008|0.02|STRUCTURE_TYPE|1|04A043||
01/01/2025|54|0440009040000|3.969|3.977|STRUCTURE_TYPE|1|04A165||
01/01/2025|54|0440010040000|4.536|4.541|STRUCTURE_TYPE|1|04A045||
01/01/2025|54|0440010060000|0.019|0.026|STRUCTURE_TYPE|1|04A194||
01/01/2025|54|0440011000000|8.722|8.728|STRUCTURE_TYPE|1|04A046||
01/01/2025|54|0440011020000|0.01|0.016|STRUCTURE_TYPE|1|04A047||
01/01/2025|54|0440011090000|0.08|0.085|STRUCTURE_TYPE|1|04A089||
01/01/2025|54|0440012000000|0.007|0.015|STRUCTURE_TYPE|1|04A181||
01/01/2025|54|0440013020000|3.202|3.25|STRUCTURE_TYPE|1|04A015||
01/01/2025|54|0440014000000|4.262|4.267|STRUCTURE_TYPE|1|04A050||
01/01/2025|54|0440014000000|8.44|8.451|STRUCTURE_TYPE|1|04A179||
01/01/2025|54|0440016000000|0.172|0.181|STRUCTURE_TYPE|1|04A052||
01/01/2025|54|0440016000000|6.14|6.146|STRUCTURE_TYPE|1|04A160||
01/01/2025|54|0440017000000|3.531|3.539|STRUCTURE_TYPE|1|04A053||
01/01/2025|54|0440017000000|4.328|4.333|STRUCTURE_TYPE|1|04A054||
01/01/2025|54|0440017000000|10.262|10.308|STRUCTURE_TYPE|1|04A055||
01/01/2025|54|0440017010000|2.705|2.717|STRUCTURE_TYPE|1|04A174||
01/01/2025|54|0440017040000|1.8|1.806|STRUCTURE_TYPE|1|04A136||
01/01/2025|54|0440019250000|0.008|0.015|STRUCTURE_TYPE|1|04A171||
01/01/2025|54|0440019260000|8.151|8.17|STRUCTURE_TYPE|1|04A166||
01/01/2025|54|0440019260000|8.651|8.67|STRUCTURE_TYPE|1|04A162||
01/01/2025|54|0440019300000|0.009|0.014|STRUCTURE_TYPE|1|04A137||
01/01/2025|54|0440019340000|3.749|3.761|STRUCTURE_TYPE|1|04A071||
01/01/2025|54|0440019400000|2.588|2.602|STRUCTURE_TYPE|1|04A072||
01/01/2025|54|0440019400000|3.686|3.691|STRUCTURE_TYPE|1|04A073||
01/01/2025|54|0440019400000|11.024|11.03|STRUCTURE_TYPE|1|04A074||
01/01/2025|54|0440019400000|11.03|11.094|STRUCTURE_TYPE|1|04A074||
01/01/2025|54|0440019460000|0.021|0.027|STRUCTURE_TYPE|1|04A075||
01/01/2025|54|0440019950000|0.007|0.014|STRUCTURE_TYPE|1|04A187||
01/01/2025|54|0440020000000|6.941|6.948|STRUCTURE_TYPE|1|04A076||
01/01/2025|54|0440021000000|6.433|6.44|STRUCTURE_TYPE|1|04A185||
01/01/2025|54|0440021000000|8.083|8.133|STRUCTURE_TYPE|1|04A078||
01/01/2025|54|0440021090000|0.066|0.072|STRUCTURE_TYPE|1|04A138||
01/01/2025|54|0440022000000|0.747|0.752|STRUCTURE_TYPE|1|04A079||
01/01/2025|54|0440022000000|3.311|3.327|STRUCTURE_TYPE|1|04A190||
01/01/2025|54|0440022000000|3.521|3.532|STRUCTURE_TYPE|1|04A082||
01/01/2025|54|0440022000000|12.823|12.828|STRUCTURE_TYPE|1|04A083||
01/01/2025|54|0440022130000|0.078|0.082|STRUCTURE_TYPE|1|04A182||
01/01/2025|54|0440024000000|9.604|9.636|STRUCTURE_TYPE|1|04A139||
01/01/2025|54|0440024060000|1.077|1.082|STRUCTURE_TYPE|1|04A085||
01/01/2025|54|0440026030000|0.026|0.055|STRUCTURE_TYPE|1|04A086||
01/01/2025|54|0440028000000|6.512|6.518|STRUCTURE_TYPE|1|04A087||
01/01/2025|54|0440028050000|0.004|0.048|STRUCTURE_TYPE|1|04A088||
01/01/2025|54|0440032000000|0.687|0.695|STRUCTURE_TYPE|1|04A090||
01/01/2025|54|0440032000000|6.352|6.394|STRUCTURE_TYPE|1|04A058||
01/01/2025|54|0440032070000|2.652|2.702|STRUCTURE_TYPE|1|04A091||
01/01/2025|54|0440034000000|4.227|4.284|STRUCTURE_TYPE|1|04A092||
01/01/2025|54|0440035020000|3.1|3.132|STRUCTURE_TYPE|1|04A196||
01/01/2025|54|0440035040000|0.857|0.861|STRUCTURE_TYPE|1|04A173||
01/01/2025|54|0440038000000|6.801|6.819|STRUCTURE_TYPE|1|04A175||
01/01/2025|54|0440038000000|6.918|6.927|STRUCTURE_TYPE|1|04A188||
01/01/2025|54|0440040000000|0.003|0.076|STRUCTURE_TYPE|1|04A096||
01/01/2025|54|0440040000000|0.475|0.49|STRUCTURE_TYPE|1|04A097||
01/01/2025|54|0440040000000|0.77|0.796|STRUCTURE_TYPE|1|04A192||
01/01/2025|54|0440040000000|8.795|8.812|STRUCTURE_TYPE|1|04A099||
01/01/2025|54|05200220000EB|0.432|0.545|STRUCTURE_TYPE|1|05A054||
01/01/2025|54|05200220000EB|3.02|3.168|STRUCTURE_TYPE|1|05A067||
01/01/2025|54|05200220000WB|0.085|0.457|STRUCTURE_TYPE|1|05A060||
01/01/2025|54|05200220017EB0001A|0.12|0.201|STRUCTURE_TYPE|1|05A052||
01/01/2025|54|05200220017EB0002B|0.045|0.147|STRUCTURE_TYPE|1|05A065||
01/01/2025|54|05200220017EB0003A|0.282|0.367|STRUCTURE_TYPE|1|05A070||
01/01/2025|54|05200220017WB0001D|0.186|0.28|STRUCTURE_TYPE|1|05A055||
01/01/2025|54|05200220017WB0002C|0.132|0.189|STRUCTURE_TYPE|1|05A066||
01/01/2025|54|05200220017WB0003D|0.023|0.119|STRUCTURE_TYPE|1|05A069||
01/01/2025|54|0530002000000|5.445|5.796|STRUCTURE_TYPE|1|05A088||
01/01/2025|54|0530002000000|6.776|6.823|STRUCTURE_TYPE|1|05A007||
01/01/2025|54|0530002000000|10.019|10.063|STRUCTURE_TYPE|1|05A009||
01/01/2025|54|0530002000000|16.041|16.177|STRUCTURE_TYPE|1|05A064||
01/01/2025|54|0530002000000|16.244|16.27|STRUCTURE_TYPE|1|05A059||
01/01/2025|54|05300020005SB|0.04|0.07|STRUCTURE_TYPE|1|05A057||
01/01/2025|54|05300020005SB|0.127|0.228|STRUCTURE_TYPE|1|05A056||
01/01/2025|54|0530067000000|0.619|0.677|STRUCTURE_TYPE|1|05A042||
01/01/2025|54|0530067000000|1.21|1.249|STRUCTURE_TYPE|1|05A043||
01/01/2025|54|0530067000000|1.369|1.412|STRUCTURE_TYPE|1|05A044||
01/01/2025|54|0530067000000|2.467|2.502|STRUCTURE_TYPE|1|05A045||
01/01/2025|54|0530067000000|7.032|7.054|STRUCTURE_TYPE|1|05A046||
01/01/2025|54|0530067000000|7.542|7.562|STRUCTURE_TYPE|1|05A047||
01/01/2025|54|0530067000000|9.189|9.197|STRUCTURE_TYPE|1|05A049||
01/01/2025|54|0530088000000|2.257|2.325|STRUCTURE_TYPE|1|05A050||
01/01/2025|54|0530105000000|0.032|0.075|STRUCTURE_TYPE|1|05A083||
01/01/2025|54|0540001000000|0.736|0.805|STRUCTURE_TYPE|1|05A085||
01/01/2025|54|0540001000000|3.963|3.978|STRUCTURE_TYPE|1|05A081||
01/01/2025|54|0540001030000|0.261|0.273|STRUCTURE_TYPE|1|05A051||
01/01/2025|54|0540001070000|1.713|1.72|STRUCTURE_TYPE|1|05A084||
01/01/2025|54|0540001080000|0.01|0.059|STRUCTURE_TYPE|1|05A079||
01/01/2025|54|0540002020000|0.34|0.36|STRUCTURE_TYPE|1|05A071||
01/01/2025|54|0540002170000|0.011|0.025|STRUCTURE_TYPE|1|05A058||
01/01/2025|54|0540004000000|3.153|3.205|STRUCTURE_TYPE|1|05A068||
01/01/2025|54|0540007000000|0.277|0.301|STRUCTURE_TYPE|1|05A016||
01/01/2025|54|0540007000000|1.049|1.076|STRUCTURE_TYPE|1|05A077||
01/01/2025|54|0540007000000|1.285|1.316|STRUCTURE_TYPE|1|05A076||
01/01/2025|54|0540007000000|1.995|2.001|STRUCTURE_TYPE|1|05A020||
01/01/2025|54|0540007000000|2.662|2.672|STRUCTURE_TYPE|1|05A021||
01/01/2025|54|0540007000000|4.614|4.621|STRUCTURE_TYPE|1|05A022||
01/01/2025|54|0540007060000|0.028|0.052|STRUCTURE_TYPE|1|05A023||
01/01/2025|54|0540013000000|0.128|0.14|STRUCTURE_TYPE|1|05A082||
01/01/2025|54|0540013000000|0.14|0.17|STRUCTURE_TYPE|1|05A082||
01/01/2025|54|0540020000000|0.778|0.783|STRUCTURE_TYPE|1|05A024||
01/01/2025|54|0540020000000|2.142|2.148|STRUCTURE_TYPE|1|05A025||
01/01/2025|54|0540026010000|0.017|0.021|STRUCTURE_TYPE|1|05A029||
01/01/2025|54|0540027040000|0.008|0.042|STRUCTURE_TYPE|1|05A073||
01/01/2025|54|0540027050000|1.993|2.016|STRUCTURE_TYPE|1|05A033||
01/01/2025|54|0540030000000|5.503|5.508|STRUCTURE_TYPE|1|05A087||
01/01/2025|54|0540030000000|5.941|5.97|STRUCTURE_TYPE|1|05A034||
01/01/2025|54|0540030020000|0.496|0.504|STRUCTURE_TYPE|1|05A014||
01/01/2025|54|0540032000000|0.6|0.608|STRUCTURE_TYPE|1|05A035||
01/01/2025|54|0540032000000|1.626|1.64|STRUCTURE_TYPE|1|05A074||
01/01/2025|54|0540032000000|1.746|1.758|STRUCTURE_TYPE|1|05A075||
01/01/2025|54|0540032000000|1.872|1.883|STRUCTURE_TYPE|1|05A038||
01/01/2025|54|0540032010000|1.369|1.381|STRUCTURE_TYPE|1|05A039||
01/01/2025|54|0540032030000|1.735|1.754|STRUCTURE_TYPE|1|05A086||
01/01/2025|54|0580953000000|0.256|0.273|STRUCTURE_TYPE|1|05A080||
01/01/2025|54|0600681000000|0.719|0.7314|STRUCTURE_TYPE|1|06A906||
01/01/2025|54|0601087000000|0.512|0.5196|STRUCTURE_TYPE|1|06A905||
01/01/2025|54|0601542000000|0.14|0.1692|STRUCTURE_TYPE|1|06A915||
01/01/2025|54|0601978000000|0.365|0.4279|STRUCTURE_TYPE|1|06A258||
01/01/2025|54|0605239000000|0.347|0.3549|STRUCTURE_TYPE|1|06A901||
01/01/2025|54|0605239000000|0.358|0.3665|STRUCTURE_TYPE|1|06A911||
01/01/2025|54|06100640000EB|5.937|6.109|STRUCTURE_TYPE|1|06A131||
01/01/2025|54|06100640000EB|5.953|6.1242|STRUCTURE_TYPE|1|06A337||
01/01/2025|54|06100640000EB|6.267|6.315|STRUCTURE_TYPE|1|06A285||
01/01/2025|54|06100640000EB|6.434|6.461|STRUCTURE_TYPE|1|06A311||
01/01/2025|54|06100640000EB|7.151|7.288|STRUCTURE_TYPE|1|06A134||
01/01/2025|54|06100640000EB|9.226|9.277|STRUCTURE_TYPE|1|06A335||
01/01/2025|54|06100640000EB|10.881|10.995|STRUCTURE_TYPE|1|06A294||
01/01/2025|54|06100640000EB|13.374|13.396|STRUCTURE_TYPE|1|06A301||
01/01/2025|54|06100640000EB|14.13|14.158|STRUCTURE_TYPE|1|06A277||
01/01/2025|54|06100640000EB|17.409|17.641|STRUCTURE_TYPE|1|06A320||
01/01/2025|54|06100640000EB|21.773|21.844|STRUCTURE_TYPE|1|06A242||
01/01/2025|54|06100640000EB|22.416|22.487|STRUCTURE_TYPE|1|06A244||
01/01/2025|54|06100640000EB|22.893|22.897|STRUCTURE_TYPE|1|06A281||
01/01/2025|54|06100640000EB|23.035|23.057|STRUCTURE_TYPE|1|06A246||
01/01/2025|54|06100640000EB|23.923|23.967|STRUCTURE_TYPE|1|06A248||
01/01/2025|54|06100640000EB|25.209|25.295|STRUCTURE_TYPE|1|06A231||
01/01/2025|54|06100640000EB|26.471|26.523|STRUCTURE_TYPE|1|06A232||
01/01/2025|54|06100640000EB|27.091|27.131|STRUCTURE_TYPE|1|06A233||
01/01/2025|54|06100640000EB|27.52|27.564|STRUCTURE_TYPE|1|06A288||
01/01/2025|54|06100640000EB|28.693|28.718|STRUCTURE_TYPE|1|06A157||
01/01/2025|54|06100640000EB|28.849|28.853|STRUCTURE_TYPE|1|06A279||
01/01/2025|54|06100640000EB|29.467|29.498|STRUCTURE_TYPE|1|06A158||
01/01/2025|54|06100640000EB|31.676|31.697|STRUCTURE_TYPE|1|06A159||
01/01/2025|54|06100640000EB|31.679|31.7031|STRUCTURE_TYPE|1|06A338||
01/01/2025|54|06100640000WB|5.954|6.126|STRUCTURE_TYPE|1|06A178||
01/01/2025|54|06100640000WB|6.297|6.345|STRUCTURE_TYPE|1|06A286||
01/01/2025|54|06100640000WB|6.462|6.489|STRUCTURE_TYPE|1|06A312||
01/01/2025|54|06100640000WB|7.183|7.32|STRUCTURE_TYPE|1|06A181||
01/01/2025|54|06100640000WB|10.852|10.977|STRUCTURE_TYPE|1|06A296||
01/01/2025|54|06100640000WB|14.138|14.166|STRUCTURE_TYPE|1|06A278||
01/01/2025|54|06100640000WB|14.538|14.557|STRUCTURE_TYPE|1|06A187||
01/01/2025|54|06100640000WB|14.557|14.587|STRUCTURE_TYPE|1|06A319||
01/01/2025|54|06100640000WB|18.054|18.1|STRUCTURE_TYPE|1|06A321||
01/01/2025|54|06100640000WB|18.486|18.504|STRUCTURE_TYPE|1|06A322||
01/01/2025|54|06100640000WB|19.253|19.314|STRUCTURE_TYPE|1|06A323||
01/01/2025|54|06100640000WB|19.728|19.753|STRUCTURE_TYPE|1|06A324||
01/01/2025|54|06100640000WB|20.224|20.291|STRUCTURE_TYPE|1|06A325||
01/01/2025|54|06100640000WB|21.775|21.845|STRUCTURE_TYPE|1|06A243||
01/01/2025|54|06100640000WB|22.444|22.515|STRUCTURE_TYPE|1|06A245||
01/01/2025|54|06100640000WB|23.035|23.057|STRUCTURE_TYPE|1|06A247||
01/01/2025|54|06100640000WB|23.931|23.975|STRUCTURE_TYPE|1|06A249||
01/01/2025|54|06100640000WB|25.209|25.295|STRUCTURE_TYPE|1|06A234||
01/01/2025|54|06100640000WB|26.458|26.51|STRUCTURE_TYPE|1|06A235||
01/01/2025|54|06100640000WB|27.09|27.13|STRUCTURE_TYPE|1|06A236||
01/01/2025|54|06100640000WB|28.71|28.735|STRUCTURE_TYPE|1|06A202||
01/01/2025|54|06100640000WB|29.48|29.511|STRUCTURE_TYPE|1|06A203||
01/01/2025|54|06100640000WB|31.676|31.698|STRUCTURE_TYPE|1|06A204||
01/01/2025|54|06100640017EB0011A|0.273|0.303|STRUCTURE_TYPE|1|06A308||
01/01/2025|54|06100640017EB0018A|0.222|0.228|STRUCTURE_TYPE|1|06A275||
01/01/2025|54|06100640017WB0011D|0.014|0.035|STRUCTURE_TYPE|1|06A307||
01/01/2025|54|06200520000WB|0.106|0.375|STRUCTURE_TYPE|1|06A168||
01/01/2025|54|06200520000WB|0.375|0.445|STRUCTURE_TYPE|1|06A210||
01/01/2025|54|06200520000WB|0.445|0.471|STRUCTURE_TYPE|1|06A167||
01/01/2025|54|06200520000WB|0.517|0.546|STRUCTURE_TYPE|1|06A166||
01/01/2025|54|06200520000WB|0.621|0.702|STRUCTURE_TYPE|1|06A165||
01/01/2025|54|06200520000WB|0.727|0.749|STRUCTURE_TYPE|1|06A164||
01/01/2025|54|06200520000WB|1.047|1.1253|STRUCTURE_TYPE|1|06A336||
01/01/2025|54|06200520000WB|1.061|1.139|STRUCTURE_TYPE|1|06A163||
01/01/2025|54|06200600000EB|0.012|0.13|STRUCTURE_TYPE|1|06A098||
01/01/2025|54|06200600000EB|6.379|6.447|STRUCTURE_TYPE|1|06A230||
01/01/2025|54|06200600000EB|12.263|12.332|STRUCTURE_TYPE|1|06A216||
01/01/2025|54|06200600000EB|15.069|15.1|STRUCTURE_TYPE|1|06A293||
01/01/2025|54|06200600000EB|18.082|18.089|STRUCTURE_TYPE|1|06A212||
01/01/2025|54|06200600000EB|20.45|20.527|STRUCTURE_TYPE|1|06A123||
01/01/2025|54|0630002000000|0.081|0.192|STRUCTURE_TYPE|1|06A012||
01/01/2025|54|0630002000000|7.035|7.069|STRUCTURE_TYPE|1|06A013||
01/01/2025|54|0630002000000|16.388|16.495|STRUCTURE_TYPE|1|06A170||
01/01/2025|54|0630002000000|17.96|17.99|STRUCTURE_TYPE|1|06A014||
01/01/2025|54|0630002001300|0.076|0.164|STRUCTURE_TYPE|1|06A299||
01/01/2025|54|0630010000000|0.959|0.967|STRUCTURE_TYPE|1|06A024||
01/01/2025|54|0630010000000|1.352|1.421|STRUCTURE_TYPE|1|06A025||
01/01/2025|54|0630010000000|3.605|3.61|STRUCTURE_TYPE|1|06A026||
01/01/2025|54|0630010000000|4.981|4.996|STRUCTURE_TYPE|1|06A283||
01/01/2025|54|0630010000000|6.995|7.0|STRUCTURE_TYPE|1|06A028||
01/01/2025|54|0630010000000|7.129|7.137|STRUCTURE_TYPE|1|06A029||
01/01/2025|54|0630010000000|7.949|7.953|STRUCTURE_TYPE|1|06A030||
01/01/2025|54|0630010000000|11.204|11.209|STRUCTURE_TYPE|1|06A220||
01/01/2025|54|0630010000000|13.974|13.996|STRUCTURE_TYPE|1|06A326||
01/01/2025|54|0630010000000|14.233|14.256|STRUCTURE_TYPE|1|06A327||
01/01/2025|54|0630101000000|0.441|0.491|STRUCTURE_TYPE|1|06A224||
01/01/2025|54|0630106000000|0.347|0.587|STRUCTURE_TYPE|1|06A213||
01/01/2025|54|0630106000000|0.6|1.0|STRUCTURE_TYPE|1|06A215||
01/01/2025|54|06301060000SB|0.456|0.627|STRUCTURE_TYPE|1|06A214||
01/01/2025|54|0630152000000|1.218|1.284|STRUCTURE_TYPE|1|06A315||
01/01/2025|54|0630193000000|0.02|0.064|STRUCTURE_TYPE|1|06A309||
01/01/2025|54|06301930000SB|0.016|0.059|STRUCTURE_TYPE|1|06A046||
01/01/2025|54|0630527000000|0.146|0.51|STRUCTURE_TYPE|1|06A222||
01/01/2025|54|0630527000000|0.51|0.545|STRUCTURE_TYPE|1|06A222||
01/01/2025|54|0630527000000|2.01|2.026|STRUCTURE_TYPE|1|06A333||
01/01/2025|54|0640001000000|2.058|2.103|STRUCTURE_TYPE|1|06A261||
01/01/2025|54|0640001000000|2.236|2.245|STRUCTURE_TYPE|1|06A003||
01/01/2025|54|0640001000000|13.609|13.619|STRUCTURE_TYPE|1|06A306||
01/01/2025|54|0640001010000|0.209|0.225|STRUCTURE_TYPE|1|06A241||
01/01/2025|54|0640001010000|0.43|0.439|STRUCTURE_TYPE|1|06A007||
01/01/2025|54|0640001110000|0.941|0.955|STRUCTURE_TYPE|1|06A302||
01/01/2025|54|0640001110000|4.928|4.936|STRUCTURE_TYPE|1|06A009||
01/01/2025|54|0640001110000|9.731|9.737|STRUCTURE_TYPE|1|06A010||
01/01/2025|54|0640001180000|0.004|0.012|STRUCTURE_TYPE|1|06A300||
01/01/2025|54|0640007000000|0.38|0.417|STRUCTURE_TYPE|1|06A016||
01/01/2025|54|0640007000000|0.984|0.99|STRUCTURE_TYPE|1|06A017||
01/01/2025|54|0640007000000|2.594|2.599|STRUCTURE_TYPE|1|06A018||
01/01/2025|54|0640007000000|2.765|2.772|STRUCTURE_TYPE|1|06A287||
01/01/2025|54|0640007010000|6.557|6.563|STRUCTURE_TYPE|1|06A020||
01/01/2025|54|0640009000000|1.688|1.694|STRUCTURE_TYPE|1|06A021||
01/01/2025|54|0640009000000|3.198|3.204|STRUCTURE_TYPE|1|06A022||
01/01/2025|54|0640009000000|9.661|9.669|STRUCTURE_TYPE|1|06A264||
01/01/2025|54|0640009000000|9.835|9.846|STRUCTURE_TYPE|1|06A269||
01/01/2025|54|0640010110000|0.213|0.222|STRUCTURE_TYPE|1|06A272||
01/01/2025|54|0640010200000|0.013|0.038|STRUCTURE_TYPE|1|06A263||
01/01/2025|54|0640010380000|0.058|0.066|STRUCTURE_TYPE|1|06A292||
01/01/2025|54|0640012000000|2.67|2.676|STRUCTURE_TYPE|1|06A035||
01/01/2025|54|0640015000000|1.675|1.684|STRUCTURE_TYPE|1|06A036||
01/01/2025|54|0640015000000|3.926|3.932|STRUCTURE_TYPE|1|06A037||
01/01/2025|54|0640016000000|1.398|1.404|STRUCTURE_TYPE|1|06A038||
01/01/2025|54|0640016000000|1.96|1.969|STRUCTURE_TYPE|1|06A252||
01/01/2025|54|0640016000000|3.162|3.17|STRUCTURE_TYPE|1|06A251||
01/01/2025|54|0640017000000|0.008|0.016|STRUCTURE_TYPE|1|06A305||
01/01/2025|54|0640017000000|4.287|4.331|STRUCTURE_TYPE|1|06A042||
01/01/2025|54|0640017000000|4.887|5.02|STRUCTURE_TYPE|1|06A260||
01/01/2025|54|0640017040000|0.426|0.439|STRUCTURE_TYPE|1|06A045||
01/01/2025|54|0640019000000|3.106|3.113|STRUCTURE_TYPE|1|06A291||
01/01/2025|54|0640021000000|2.95|2.964|STRUCTURE_TYPE|1|06A225||
01/01/2025|54|0640022000000|2.857|2.863|STRUCTURE_TYPE|1|06A052||
01/01/2025|54|0640023000000|1.169|1.23|STRUCTURE_TYPE|1|06A282||
01/01/2025|54|0640024000000|0.165|0.173|STRUCTURE_TYPE|1|06A295||
01/01/2025|54|0640025000000|1.388|1.393|STRUCTURE_TYPE|1|06A055||
01/01/2025|54|0640025000000|3.93|3.936|STRUCTURE_TYPE|1|06A303||
01/01/2025|54|0640025000000|4.515|4.543|STRUCTURE_TYPE|1|06A057||
01/01/2025|54|0640025000000|5.809|5.827|STRUCTURE_TYPE|1|06A332||
01/01/2025|54|0640025000000|7.017|7.038|STRUCTURE_TYPE|1|06A059||
01/01/2025|54|0640025000000|7.801|7.833|STRUCTURE_TYPE|1|06A060||
01/01/2025|54|0640025010000|0.528|0.536|STRUCTURE_TYPE|1|06A270||
01/01/2025|54|0640025070000|0.31|0.39|STRUCTURE_TYPE|1|06A063||
01/01/2025|54|0640025110000|0.002|0.027|STRUCTURE_TYPE|1|06A304||
01/01/2025|54|0640026000000|0.024|0.114|STRUCTURE_TYPE|1|06A065||
01/01/2025|54|0640026000000|4.877|4.903|STRUCTURE_TYPE|1|06A048||
01/01/2025|54|0640026000000|6.347|6.352|STRUCTURE_TYPE|1|06A276||
01/01/2025|54|0640027000000|2.786|2.791|STRUCTURE_TYPE|1|06A218||
01/01/2025|54|0640027020000|0.177|0.183|STRUCTURE_TYPE|1|06A067||
01/01/2025|54|0640029000000|1.677|1.683|STRUCTURE_TYPE|1|06A068||
01/01/2025|54|0640029000000|6.3|6.307|STRUCTURE_TYPE|1|06A071||
01/01/2025|54|0640029000000|8.534|8.544|STRUCTURE_TYPE|1|06A313||
01/01/2025|54|0640029010000|1.881|1.888|STRUCTURE_TYPE|1|06A073||
01/01/2025|54|0640029020000|0.023|0.029|STRUCTURE_TYPE|1|06A074||
01/01/2025|54|0640029030000|0.006|0.011|STRUCTURE_TYPE|1|06A219||
01/01/2025|54|0640030000000|0.11|0.12|STRUCTURE_TYPE|1|06A318||
01/01/2025|54|0640031000000|0.0|0.017|STRUCTURE_TYPE|1|06A329||
01/01/2025|54|0640031000000|4.668|4.676|STRUCTURE_TYPE|1|06A328||
01/01/2025|54|0640031000000|7.634|7.655|STRUCTURE_TYPE|1|06X001||
01/01/2025|54|0640031000000|9.693|9.7184|STRUCTURE_TYPE|1|06A331||
01/01/2025|54|0640031010000|1.693|1.74|STRUCTURE_TYPE|1|06A250||
01/01/2025|54|0640031060000|0.396|0.509|STRUCTURE_TYPE|1|06A271||
01/01/2025|54|0640035000000|3.851|3.86|STRUCTURE_TYPE|1|06A086||
01/01/2025|54|0640035000000|4.692|4.696|STRUCTURE_TYPE|1|06A087||
01/01/2025|54|0640035000000|8.54|8.559|STRUCTURE_TYPE|1|06A088||
01/01/2025|54|0640036000000|3.386|3.394|STRUCTURE_TYPE|1|06A298||
01/01/2025|54|0640036010000|0.022|0.036|STRUCTURE_TYPE|1|06A229||
01/01/2025|54|0640037000000|2.45|2.53|STRUCTURE_TYPE|1|06A090||
01/01/2025|54|0640039000000|2.062|2.077|STRUCTURE_TYPE|1|06A091||
01/01/2025|54|0640039000000|2.909|2.924|STRUCTURE_TYPE|1|06A317||
01/01/2025|54|0640042000000|0.094|0.099|STRUCTURE_TYPE|1|06A094||
01/01/2025|54|0640042000000|6.397|6.42|STRUCTURE_TYPE|1|06A274||
01/01/2025|54|0640042000000|9.297|9.337|STRUCTURE_TYPE|1|06A257||
01/01/2025|54|0640043000000|3.079|3.093|STRUCTURE_TYPE|1|06A097||
01/01/2025|54|0640043000000|3.315|3.321|STRUCTURE_TYPE|1|06A099||
01/01/2025|54|0640043000000|6.144|6.152|STRUCTURE_TYPE|1|06A314||
01/01/2025|54|0640043000000|11.919|11.925|STRUCTURE_TYPE|1|06A310||
01/01/2025|54|0640043010000|0.071|0.078|STRUCTURE_TYPE|1|06A104||
01/01/2025|54|0640043030000|0.023|0.031|STRUCTURE_TYPE|1|06A105||
01/01/2025|54|0640043050000|0.029|0.038|STRUCTURE_TYPE|1|06A172||
01/01/2025|54|0640045000000|1.99|2.07|STRUCTURE_TYPE|1|06A256||
01/01/2025|54|0640046000000|2.108|2.126|STRUCTURE_TYPE|1|06A108||
01/01/2025|54|0640048010000|0.013|0.024|STRUCTURE_TYPE|1|06A109||
01/01/2025|54|0640049000000|7.395|7.404|STRUCTURE_TYPE|1|06A110||
01/01/2025|54|0640049000000|8.521|8.541|STRUCTURE_TYPE|1|06A239||
01/01/2025|54|0640052080000|0.793|0.801|STRUCTURE_TYPE|1|06A228||
01/01/2025|54|0640052090000|0.022|0.048|STRUCTURE_TYPE|1|06A266||
01/01/2025|54|0640054000000|3.06|3.065|STRUCTURE_TYPE|1|06A289||
01/01/2025|54|0640060010000|0.654|0.72|STRUCTURE_TYPE|1|06A267||
01/01/2025|54|0640060050000|1.976|2.053|STRUCTURE_TYPE|1|06A128||
01/01/2025|54|0640060280000|0.239|0.297|STRUCTURE_TYPE|1|06A126||
01/01/2025|54|0640060390000|0.324|0.331|STRUCTURE_TYPE|1|06A129||
01/01/2025|54|0640060700000|0.648|0.655|STRUCTURE_TYPE|1|06A116||
01/01/2025|54|0640066000000|2.953|2.961|STRUCTURE_TYPE|1|06A160||
01/01/2025|54|0640066000000|3.293|3.298|STRUCTURE_TYPE|1|06A161||
01/01/2025|54|0640068000000|0.028|0.034|STRUCTURE_TYPE|1|06A162||
01/01/2025|54|0640069000000|0.057|0.063|STRUCTURE_TYPE|1|06A130||
01/01/2025|54|0640160070000|0.013|0.066|STRUCTURE_TYPE|1|06A297||
01/01/2025|54|0640160180000|0.255|0.266|STRUCTURE_TYPE|1|06A255||
01/01/2025|54|0640160180000|0.266|0.331|STRUCTURE_TYPE|1|06A255||
01/01/2025|54|0640160180000|0.331|0.332|STRUCTURE_TYPE|1|06A255||
01/01/2025|54|0640164100000|0.007|0.068|STRUCTURE_TYPE|1|06A262||
01/01/2025|54|0673267001900|0.005|0.024|STRUCTURE_TYPE|1|06A907||
01/01/2025|54|0673272001900|0.708|0.719|STRUCTURE_TYPE|1|06A913||
01/01/2025|54|0673274001900|0.529|0.545|STRUCTURE_TYPE|1|06A916||
01/01/2025|54|0673276001900|0.946|0.954|STRUCTURE_TYPE|1|06A912||
01/01/2025|54|0673283001900|0.294|0.303|STRUCTURE_TYPE|1|06A902||
01/01/2025|54|0680951000000|0.01|0.018|STRUCTURE_TYPE|1|06A259||
01/01/2025|54|07200330000EB|5.342|5.375|STRUCTURE_TYPE|1|07A057||
01/01/2025|54|0730005000000|3.496|3.582|STRUCTURE_TYPE|1|07A069||
01/01/2025|54|0730005000000|6.113|6.138|STRUCTURE_TYPE|1|07A064||
01/01/2025|54|0730005000000|8.517|8.525|STRUCTURE_TYPE|1|07A011||
01/01/2025|54|0730005000000|12.03|12.035|STRUCTURE_TYPE|1|07A012||
01/01/2025|54|0730005000000|16.601|16.629|STRUCTURE_TYPE|1|07A013||
01/01/2025|54|0730016000000|1.87|1.876|STRUCTURE_TYPE|1|07A036||
01/01/2025|54|0730016000000|3.985|3.996|STRUCTURE_TYPE|1|07A037||
01/01/2025|54|0730016000000|4.674|4.681|STRUCTURE_TYPE|1|07A038||
01/01/2025|54|0730016000000|6.451|6.469|STRUCTURE_TYPE|1|07A039||
01/01/2025|54|0730016000000|10.215|10.233|STRUCTURE_TYPE|1|07A040||
01/01/2025|54|0730016000000|12.889|12.9|STRUCTURE_TYPE|1|07A063||
01/01/2025|54|0730016000000|14.9|14.906|STRUCTURE_TYPE|1|07A042||
01/01/2025|54|0730016000000|25.749|25.758|STRUCTURE_TYPE|1|07A075||
01/01/2025|54|0730016000000|27.732|27.737|STRUCTURE_TYPE|1|07A062||
01/01/2025|54|0730016000000|27.975|28.04|STRUCTURE_TYPE|1|07A045||
01/01/2025|54|0730016000000|28.04|28.046|STRUCTURE_TYPE|1|07A045||
01/01/2025|54|0730016000000|34.251|34.257|STRUCTURE_TYPE|1|07A046||
01/01/2025|54|0740001000000|2.928|2.958|STRUCTURE_TYPE|1|07A001||
01/01/2025|54|0740001010000|0.081|0.085|STRUCTURE_TYPE|1|07A002||
01/01/2025|54|0740002000000|5.723|5.73|STRUCTURE_TYPE|1|07A004||
01/01/2025|54|0740003000000|7.595|7.605|STRUCTURE_TYPE|1|07A066||
01/01/2025|54|0740003000000|8.294|8.304|STRUCTURE_TYPE|1|07A007||
01/01/2025|54|0740004080000|0.016|0.028|STRUCTURE_TYPE|1|07A008||
01/01/2025|54|0740005060000|0.025|0.032|STRUCTURE_TYPE|1|07A070||
01/01/2025|54|0740007000000|0.034|0.038|STRUCTURE_TYPE|1|07A061||
01/01/2025|54|0740007000000|5.386|5.403|STRUCTURE_TYPE|1|07A016||
01/01/2025|54|0740007000000|6.696|6.725|STRUCTURE_TYPE|1|07A017||
01/01/2025|54|0740007030000|0.662|0.667|STRUCTURE_TYPE|1|07A019||
01/01/2025|54|0740007030000|1.445|1.449|STRUCTURE_TYPE|1|07A018||
01/01/2025|54|0740007060000|4.954|4.983|STRUCTURE_TYPE|1|07A072||
01/01/2025|54|0740009000000|2.547|2.552|STRUCTURE_TYPE|1|07A022||
01/01/2025|54|0740009000000|5.412|5.424|STRUCTURE_TYPE|1|07A073||
01/01/2025|54|0740009000000|6.153|6.166|STRUCTURE_TYPE|1|07A074||
01/01/2025|54|0740010000000|1.95|1.96|STRUCTURE_TYPE|1|07A067||
01/01/2025|54|0740011000000|6.785|6.796|STRUCTURE_TYPE|1|07A029||
01/01/2025|54|0740011000000|7.678|7.689|STRUCTURE_TYPE|1|07A030||
01/01/2025|54|0740011030000|3.922|3.936|STRUCTURE_TYPE|1|07A031||
01/01/2025|54|0740011060000|0.059|0.066|STRUCTURE_TYPE|1|07A032||
01/01/2025|54|0740011070000|0.006|0.021|STRUCTURE_TYPE|1|07A033||
01/01/2025|54|0740015000000|0.227|0.243|STRUCTURE_TYPE|1|07A034||
01/01/2025|54|0740015020000|5.478|5.482|STRUCTURE_TYPE|1|07A035||
01/01/2025|54|0740016070000|2.021|2.03|STRUCTURE_TYPE|1|07A065||
01/01/2025|54|0740016100000|0.002|0.008|STRUCTURE_TYPE|1|07A003||
01/01/2025|54|0740016260000|0.049|0.058|STRUCTURE_TYPE|1|07A060||
01/01/2025|54|0740018000000|3.447|3.453|STRUCTURE_TYPE|1|07A050||
01/01/2025|54|0740020000000|15.705|15.714|STRUCTURE_TYPE|1|07A052||
01/01/2025|54|0740022000000|0.182|0.187|STRUCTURE_TYPE|1|07A054||
01/01/2025|54|0740024000000|3.57|3.604|STRUCTURE_TYPE|1|07A055||
01/01/2025|54|0740035050000|0.116|0.129|STRUCTURE_TYPE|1|07A068||
01/01/2025|54|0740035120000|1.867|1.874|STRUCTURE_TYPE|1|07A071||
01/01/2025|54|0800092000000|0.142|0.1462|STRUCTURE_TYPE|1|08A133||
01/01/2025|54|0800103000000|0.103|0.1087|STRUCTURE_TYPE|1|08A112||
01/01/2025|54|08100790000NB|39.608|39.617|STRUCTURE_TYPE|1|08A092||
01/01/2025|54|08100790000NB|40.041|40.103|STRUCTURE_TYPE|1|08A070||
01/01/2025|54|08100790000SB|40.049|40.112|STRUCTURE_TYPE|1|08A071||
01/01/2025|54|08100790017NB0040A|0.278|0.282|STRUCTURE_TYPE|1|08A098||
01/01/2025|54|08100790017SB0040D|0.041|0.046|STRUCTURE_TYPE|1|08A097||
01/01/2025|54|0830004000000|5.438|5.449|STRUCTURE_TYPE|1|08A135||
01/01/2025|54|0830004000000|10.799|10.804|STRUCTURE_TYPE|1|08A095||
01/01/2025|54|0830004000000|10.917|10.921|STRUCTURE_TYPE|1|08A094||
01/01/2025|54|0830004000000|21.835|21.864|STRUCTURE_TYPE|1|08A010||
01/01/2025|54|0830004000000|29.056|29.062|STRUCTURE_TYPE|1|08A096||
01/01/2025|54|0830016000000|7.435|7.444|STRUCTURE_TYPE|1|08A040||
01/01/2025|54|0830016000000|12.372|12.377|STRUCTURE_TYPE|1|08A041||
01/01/2025|54|0830016000000|12.641|12.646|STRUCTURE_TYPE|1|08A042||
01/01/2025|54|0830016000000|14.763|14.895|STRUCTURE_TYPE|1|08A124||
01/01/2025|54|0830016000000|16.928|16.933|STRUCTURE_TYPE|1|08A110||
01/01/2025|54|0830016000000|35.07|35.077|STRUCTURE_TYPE|1|08A109||
01/01/2025|54|0830016000000|38.002|38.008|STRUCTURE_TYPE|1|08A099||
01/01/2025|54|0830036000000|2.201|2.206|STRUCTURE_TYPE|1|08A062||
01/01/2025|54|0840001000000|10.199|10.204|STRUCTURE_TYPE|1|08A001||
01/01/2025|54|0840001000000|11.695|11.702|STRUCTURE_TYPE|1|08A002||
01/01/2025|54|0840001000000|17.039|17.109|STRUCTURE_TYPE|1|08A003||
01/01/2025|54|0840001040000|0.013|0.021|STRUCTURE_TYPE|1|08A004||
01/01/2025|54|0840001050000|0.215|0.226|STRUCTURE_TYPE|1|08A127||
01/01/2025|54|0840001120000|0.656|0.664|STRUCTURE_TYPE|1|08A131||
01/01/2025|54|0840002000000|1.02|1.029|STRUCTURE_TYPE|1|08A006||
01/01/2025|54|0840002000000|3.151|3.166|STRUCTURE_TYPE|1|08A130||
01/01/2025|54|0840002000000|3.303|3.31|STRUCTURE_TYPE|1|08A129||
01/01/2025|54|0840004050000|2.898|2.958|STRUCTURE_TYPE|1|08A132||
01/01/2025|54|0840005000000|2.292|2.297|STRUCTURE_TYPE|1|08A013||
01/01/2025|54|0840005000000|11.343|11.357|STRUCTURE_TYPE|1|08A014||
01/01/2025|54|0840007000000|9.961|10.061|STRUCTURE_TYPE|1|08A117||
01/01/2025|54|0840007000000|10.399|10.41|STRUCTURE_TYPE|1|08A018||
01/01/2025|54|0840011000000|0.012|0.128|STRUCTURE_TYPE|1|08A118||
01/01/2025|54|0840011000000|22.917|22.925|STRUCTURE_TYPE|1|08A020||
01/01/2025|54|0840011070000|0.004|0.012|STRUCTURE_TYPE|1|08A108||
01/01/2025|54|0840011080000|3.498|3.504|STRUCTURE_TYPE|1|08A115||
01/01/2025|54|0840011090000|0.898|0.925|STRUCTURE_TYPE|1|08A126||
01/01/2025|54|0840012000000|0.463|0.474|STRUCTURE_TYPE|1|08A107||
01/01/2025|54|0840013070000|4.458|4.512|STRUCTURE_TYPE|1|08A024||
01/01/2025|54|0840014000000|0.803|0.811|STRUCTURE_TYPE|1|08A025||
01/01/2025|54|0840014000000|0.929|0.94|STRUCTURE_TYPE|1|08A026||
01/01/2025|54|0840014000000|1.01|1.019|STRUCTURE_TYPE|1|08A027||
01/01/2025|54|0840014000000|1.478|1.487|STRUCTURE_TYPE|1|08A028||
01/01/2025|54|0840014000000|2.213|2.218|STRUCTURE_TYPE|1|08A119||
01/01/2025|54|0840015000000|4.093|4.102|STRUCTURE_TYPE|1|08A121||
01/01/2025|54|0840015000000|4.605|4.614|STRUCTURE_TYPE|1|08A125||
01/01/2025|54|0840015000000|4.981|4.991|STRUCTURE_TYPE|1|08A101||
01/01/2025|54|0840015000000|5.797|5.806|STRUCTURE_TYPE|1|08A034||
01/01/2025|54|0840015000000|5.944|5.967|STRUCTURE_TYPE|1|08A035||
01/01/2025|54|0840015000000|7.771|7.79|STRUCTURE_TYPE|1|08A036||
01/01/2025|54|0840015020000|1.197|1.209|STRUCTURE_TYPE|1|08A116||
01/01/2025|54|0840015030000|0.019|0.027|STRUCTURE_TYPE|1|08A134||
01/01/2025|54|0840015040000|2.492|2.5|STRUCTURE_TYPE|1|08A128||
01/01/2025|54|0840015040000|2.5|2.501|STRUCTURE_TYPE|1|08A128||
01/01/2025|54|0840015040000|3.909|3.929|STRUCTURE_TYPE|1|08A111||
01/01/2025|54|0840015040000|6.338|6.347|STRUCTURE_TYPE|1|08A078||
01/01/2025|54|0840015040000|6.576|6.584|STRUCTURE_TYPE|1|08A079||
01/01/2025|54|0840015040000|7.108|7.117|STRUCTURE_TYPE|1|08A136||
01/01/2025|54|0840016010000|0.014|0.021|STRUCTURE_TYPE|1|08A083||
01/01/2025|54|0840016060000|4.192|4.204|STRUCTURE_TYPE|1|08A123||
01/01/2025|54|0840016100000|0.06|0.069|STRUCTURE_TYPE|1|08A048||
01/01/2025|54|0840016100000|0.471|0.479|STRUCTURE_TYPE|1|08A084||
01/01/2025|54|0840016150000|0.091|0.194|STRUCTURE_TYPE|1|08A120||
01/01/2025|54|0840016190000|0.018|0.03|STRUCTURE_TYPE|1|08A105||
01/01/2025|54|0840016250000|0.032|0.036|STRUCTURE_TYPE|1|08A089||
01/01/2025|54|0840016250000|0.189|0.193|STRUCTURE_TYPE|1|08A090||
01/01/2025|54|0840016250000|0.273|0.277|STRUCTURE_TYPE|1|08A091||
01/01/2025|54|0840017000000|0.397|0.408|STRUCTURE_TYPE|1|08A049||
01/01/2025|54|0840017000000|2.937|2.946|STRUCTURE_TYPE|1|08A050||
01/01/2025|54|0840017000000|5.087|5.097|STRUCTURE_TYPE|1|08A051||
01/01/2025|54|0840019000000|0.033|0.042|STRUCTURE_TYPE|1|08A052||
01/01/2025|54|0840019000000|0.646|0.65|STRUCTURE_TYPE|1|08A139||
01/01/2025|54|0840019000000|0.852|0.86|STRUCTURE_TYPE|1|08A100||
01/01/2025|54|0840019010000|4.51|4.518|STRUCTURE_TYPE|1|08A053||
01/01/2025|54|0840022000000|0.003|0.011|STRUCTURE_TYPE|1|08A054||
01/01/2025|54|0840024000000|1.291|1.299|STRUCTURE_TYPE|1|08A056||
01/01/2025|54|0840024020000|0.036|0.045|STRUCTURE_TYPE|1|08A086||
01/01/2025|54|0840028000000|0.026|0.036|STRUCTURE_TYPE|1|08A087||
01/01/2025|54|0840028000000|7.771|7.824|STRUCTURE_TYPE|1|08A057||
01/01/2025|54|0840034000000|0.026|0.037|STRUCTURE_TYPE|1|08A058||
01/01/2025|54|0840036010000|0.035|0.043|STRUCTURE_TYPE|1|08A063||
01/01/2025|54|0840036010000|0.129|0.143|STRUCTURE_TYPE|1|08A064||
01/01/2025|54|0840044000000|1.207|1.217|STRUCTURE_TYPE|1|08A067||
01/01/2025|54|0840046000000|0.011|0.067|STRUCTURE_TYPE|1|08A138||
01/01/2025|54|0840052000000|0.176|0.182|STRUCTURE_TYPE|1|08A114||
01/01/2025|54|0900025002400|0.005|0.0302|STRUCTURE_TYPE|1|09A902||
01/01/2025|54|09200500000EB|5.639|5.661|STRUCTURE_TYPE|1|09A063||
01/01/2025|54|09200500000EB|8.121|8.126|STRUCTURE_TYPE|1|09A103||
01/01/2025|54|09200500000EB|11.001|11.087|STRUCTURE_TYPE|1|09A066||
01/01/2025|54|09200500000EB|12.973|12.977|STRUCTURE_TYPE|1|09A101||
01/01/2025|54|09200500000EB|14.719|14.724|STRUCTURE_TYPE|1|09A090||
01/01/2025|54|09200500000WB|5.534|5.539|STRUCTURE_TYPE|1|09A100||
01/01/2025|54|09200500000WB|5.641|5.663|STRUCTURE_TYPE|1|09A068||
01/01/2025|54|09200500000WB|8.302|8.306|STRUCTURE_TYPE|1|09A102||
01/01/2025|54|09200500000WB|10.986|11.072|STRUCTURE_TYPE|1|09A070||
01/01/2025|54|09200500000WB|14.417|14.423|STRUCTURE_TYPE|1|09A071||
01/01/2025|54|0930018000000|12.38|12.425|STRUCTURE_TYPE|1|09A029||
01/01/2025|54|0930018000000|15.916|15.949|STRUCTURE_TYPE|1|09A126||
01/01/2025|54|0930018000000|18.569|18.575|STRUCTURE_TYPE|1|09A046||
01/01/2025|54|0930018000000|19.369|19.393|STRUCTURE_TYPE|1|09A033||
01/01/2025|54|0930018000000|24.925|24.935|STRUCTURE_TYPE|1|09A114||
01/01/2025|54|0930023000000|0.973|0.983|STRUCTURE_TYPE|1|09A042||
01/01/2025|54|0930023000000|4.212|4.219|STRUCTURE_TYPE|1|09A043||
01/01/2025|54|0930023000000|6.798|6.809|STRUCTURE_TYPE|1|09A130||
01/01/2025|54|0930023000000|7.901|7.913|STRUCTURE_TYPE|1|09A131||
01/01/2025|54|0930023000000|8.193|8.203|STRUCTURE_TYPE|1|09A137||
01/01/2025|54|0930023000000|12.341|12.35|STRUCTURE_TYPE|1|09A048||
01/01/2025|54|0930023000000|12.595|12.609|STRUCTURE_TYPE|1|09A121||
01/01/2025|54|0930023000000|12.653|12.658|STRUCTURE_TYPE|1|09A050||
01/01/2025|54|0930023000000|15.185|15.194|STRUCTURE_TYPE|1|09A136||
01/01/2025|54|0940003000000|0.634|0.644|STRUCTURE_TYPE|1|09A128||
01/01/2025|54|0940003000000|0.759|0.772|STRUCTURE_TYPE|1|09A113||
01/01/2025|54|0940005000000|5.335|5.346|STRUCTURE_TYPE|1|09A004||
01/01/2025|54|0940005000000|8.818|8.825|STRUCTURE_TYPE|1|09A125||
01/01/2025|54|0940005000000|11.426|11.445|STRUCTURE_TYPE|1|09A107||
01/01/2025|54|0940007000000|5.498|5.512|STRUCTURE_TYPE|1|09A110||
01/01/2025|54|0940008000000|0.166|0.173|STRUCTURE_TYPE|1|09A120||
01/01/2025|54|0940008000000|0.578|0.583|STRUCTURE_TYPE|1|09A009||
01/01/2025|54|0940010000000|2.461|2.467|STRUCTURE_TYPE|1|09A010||
01/01/2025|54|0940011000000|5.14|5.146|STRUCTURE_TYPE|1|09A011||
01/01/2025|54|0940011000000|7.858|7.874|STRUCTURE_TYPE|1|09A135||
01/01/2025|54|0940011000000|8.261|8.281|STRUCTURE_TYPE|1|09A013||
01/01/2025|54|0940011000000|10.008|10.021|STRUCTURE_TYPE|1|09A014||
01/01/2025|54|0940011000000|11.407|11.415|STRUCTURE_TYPE|1|09A015||
01/01/2025|54|0940012000000|0.835|0.853|STRUCTURE_TYPE|1|09A016||
01/01/2025|54|0940013000000|0.427|0.433|STRUCTURE_TYPE|1|09A017||
01/01/2025|54|0940013020000|0.006|0.015|STRUCTURE_TYPE|1|09A098||
01/01/2025|54|0940015000000|0.143|0.147|STRUCTURE_TYPE|1|09A019||
01/01/2025|54|0940015000000|0.563|0.581|STRUCTURE_TYPE|1|09A119||
01/01/2025|54|0940015000000|2.178|2.193|STRUCTURE_TYPE|1|09A124||
01/01/2025|54|0940015000000|2.445|2.474|STRUCTURE_TYPE|1|09A022||
01/01/2025|54|0940015000000|3.074|3.088|STRUCTURE_TYPE|1|09A108||
01/01/2025|54|0940015000000|3.62|3.628|STRUCTURE_TYPE|1|09A112||
01/01/2025|54|0940015000000|6.311|6.319|STRUCTURE_TYPE|1|09A111||
01/01/2025|54|0940016000000|0.066|0.073|STRUCTURE_TYPE|1|09A024||
01/01/2025|54|0940016000000|0.587|0.592|STRUCTURE_TYPE|1|09A027||
01/01/2025|54|0940018020000|0.011|0.027|STRUCTURE_TYPE|1|09A035||
01/01/2025|54|0940018130000|0.005|0.009|STRUCTURE_TYPE|1|09A036||
01/01/2025|54|0940019000000|3.946|3.954|STRUCTURE_TYPE|1|09A037||
01/01/2025|54|0940019000000|6.663|6.675|STRUCTURE_TYPE|1|09A104||
01/01/2025|54|0940019000000|10.902|10.906|STRUCTURE_TYPE|1|09A039||
01/01/2025|54|0940019000000|16.487|16.494|STRUCTURE_TYPE|1|09A127||
01/01/2025|54|0940019110000|2.448|2.452|STRUCTURE_TYPE|1|09A134||
01/01/2025|54|0940020000000|4.928|4.936|STRUCTURE_TYPE|1|09A041||
01/01/2025|54|0940023030000|2.128|2.138|STRUCTURE_TYPE|1|09A138||
01/01/2025|54|0940024000000|6.191|6.199|STRUCTURE_TYPE|1|09A133||
01/01/2025|54|0940025100000|0.01|0.022|STRUCTURE_TYPE|1|09A132||
01/01/2025|54|0940025120000|2.004|2.01|STRUCTURE_TYPE|1|09A055||
01/01/2025|54|0940025130000|1.436|1.446|STRUCTURE_TYPE|1|09A109||
01/01/2025|54|0940027000000|0.055|0.061|STRUCTURE_TYPE|1|09A057||
01/01/2025|54|0940036000000|0.209|0.214|STRUCTURE_TYPE|1|09A058||
01/01/2025|54|0940036080000|0.075|0.082|STRUCTURE_TYPE|1|09A059||
01/01/2025|54|0940038000000|0.973|0.981|STRUCTURE_TYPE|1|09A115||
01/01/2025|54|0940038000000|1.122|1.127|STRUCTURE_TYPE|1|09A061||
01/01/2025|54|0940040000000|9.908|9.917|STRUCTURE_TYPE|1|09A096||
01/01/2025|54|0940040000000|11.067|11.087|STRUCTURE_TYPE|1|09A062||
01/01/2025|54|0940044000000|5.587|5.595|STRUCTURE_TYPE|1|09A064||
01/01/2025|54|0940046000000|3.661|3.666|STRUCTURE_TYPE|1|09A065||
01/01/2025|54|0940048000000|0.072|0.077|STRUCTURE_TYPE|1|09A067||
01/01/2025|54|0940050160000|1.679|1.698|STRUCTURE_TYPE|1|09A123||
01/01/2025|54|0940050290000|0.841|0.847|STRUCTURE_TYPE|1|09A073||
01/01/2025|54|0940050300000|0.908|0.919|STRUCTURE_TYPE|1|09A074||
01/01/2025|54|0940050300000|9.027|9.033|STRUCTURE_TYPE|1|09A076||
01/01/2025|54|0940050300000|9.369|9.4|STRUCTURE_TYPE|1|09A079||
01/01/2025|54|0940050300000|10.616|10.62|STRUCTURE_TYPE|1|09A080||
01/01/2025|54|0940050300000|13.211|13.236|STRUCTURE_TYPE|1|09A078||
01/01/2025|54|0940050300000|14.225|14.252|STRUCTURE_TYPE|1|09A081||
01/01/2025|54|0940050340000|0.1|0.104|STRUCTURE_TYPE|1|09A089||
01/01/2025|54|0940050740000|0.025|0.029|STRUCTURE_TYPE|1|09A122||
01/01/2025|54|0940052000000|0.025|0.029|STRUCTURE_TYPE|1|09A082||
01/01/2025|54|0940052000000|5.064|5.078|STRUCTURE_TYPE|1|09A077||
01/01/2025|54|0940055050000|0.006|0.014|STRUCTURE_TYPE|1|09A097||
01/01/2025|54|0940055060000|0.003|0.008|STRUCTURE_TYPE|1|09A083||
01/01/2025|54|0940055080000|0.006|0.016|STRUCTURE_TYPE|1|09A084||
01/01/2025|54|0940055080000|0.456|0.464|STRUCTURE_TYPE|1|09A129||
01/01/2025|54|0940055100000|0.067|0.077|STRUCTURE_TYPE|1|09A116||
01/01/2025|54|0940055170000|0.004|0.01|STRUCTURE_TYPE|1|09A087||
01/01/2025|54|0940055180000|0.058|0.066|STRUCTURE_TYPE|1|09A105||
01/01/2025|54|0940056000000|6.198|6.208|STRUCTURE_TYPE|1|09A140||
01/01/2025|54|0940056000000|6.87|6.884|STRUCTURE_TYPE|1|09A088||
01/01/2025|54|0940058000000|0.148|0.157|STRUCTURE_TYPE|1|09A091||
01/01/2025|54|0940060000000|5.582|5.59|STRUCTURE_TYPE|1|09A117||
01/01/2025|54|0940060020000|0.006|0.014|STRUCTURE_TYPE|1|09A099||
01/01/2025|54|0940066000000|0.008|0.012|STRUCTURE_TYPE|1|09A093||
01/01/2025|54|1000648000000|0.015|0.1043|STRUCTURE_TYPE|1|10A290||
01/01/2025|54|1001147000000|0.054|0.0609|STRUCTURE_TYPE|1|10A904||
01/01/2025|54|1001261000000|0.126|0.1304|STRUCTURE_TYPE|1|10A903||
01/01/2025|54|10100770016NB|53.0|53.037|STRUCTURE_TYPE|1|10A226||
01/01/2025|54|10100770016NB|54.511|54.516|STRUCTURE_TYPE|1|10A248||
01/01/2025|54|10100770016NB|54.539|54.569|STRUCTURE_TYPE|1|10A228||
01/01/2025|54|10100770016NB|55.69|55.72|STRUCTURE_TYPE|1|10A230||
01/01/2025|54|10100770016NB|55.875|55.88|STRUCTURE_TYPE|1|10A247||
01/01/2025|54|10100770016NB|59.489|59.52|STRUCTURE_TYPE|1|10A235||
01/01/2025|54|10100770016NB|61.071|61.138|STRUCTURE_TYPE|1|10A237||
01/01/2025|54|10100770016NB|62.56|62.64|STRUCTURE_TYPE|1|10A205||
01/01/2025|54|10100770016NB|62.888|62.991|STRUCTURE_TYPE|1|10A216||
01/01/2025|54|10100770016NB|63.469|63.634|STRUCTURE_TYPE|1|10A220||
01/01/2025|54|10100770016NB|63.74|63.83|STRUCTURE_TYPE|1|10A222||
01/01/2025|54|10100770016SB|52.979|53.021|STRUCTURE_TYPE|1|10A227||
01/01/2025|54|10100770016SB|54.538|54.567|STRUCTURE_TYPE|1|10A229||
01/01/2025|54|10100770016SB|55.7|55.729|STRUCTURE_TYPE|1|10A231||
01/01/2025|54|10100770016SB|63.149|63.281|STRUCTURE_TYPE|1|10A218||
01/01/2025|54|10100770016SB|65.369|65.457|STRUCTURE_TYPE|1|10A224||
01/01/2025|54|10200190000NB|0.989|1.101|STRUCTURE_TYPE|1|10A085||
01/01/2025|54|10200190000NB|3.82|3.889|STRUCTURE_TYPE|1|10A090||
01/01/2025|54|10200190000NB|26.169|26.29|STRUCTURE_TYPE|1|10A245||
01/01/2025|54|10200190000SB|0.98|1.092|STRUCTURE_TYPE|1|10A086||
01/01/2025|54|10200190000SB|3.825|3.894|STRUCTURE_TYPE|1|10A091||
01/01/2025|54|10200190000SB|15.367|15.942|STRUCTURE_TYPE|1|10A214||
01/01/2025|54|10200190000SB|26.169|26.29|STRUCTURE_TYPE|1|10A246||
01/01/2025|54|10200600000EB|19.874|19.879|STRUCTURE_TYPE|1|10A143||
01/01/2025|54|10200600000WB|0.314|0.315|STRUCTURE_TYPE|1|10A140||
01/01/2025|54|10200600000WB|0.315|0.342|STRUCTURE_TYPE|1|10A140||
01/01/2025|54|10200600000WB|10.569|10.703|STRUCTURE_TYPE|1|10A142||
01/01/2025|54|10200600000WB|26.247|26.298|STRUCTURE_TYPE|1|10A145||
01/01/2025|54|1030006000000|0.11|0.33|STRUCTURE_TYPE|1|10A020||
01/01/2025|54|10300060017000001B|0.041|0.085|STRUCTURE_TYPE|1|10A233||
01/01/2025|54|10300060017000001C|0.036|0.08|STRUCTURE_TYPE|1|10A234||
01/01/2025|54|1030016000000|0.967|0.974|STRUCTURE_TYPE|1|10A087||
01/01/2025|54|1030016000000|1.554|1.616|STRUCTURE_TYPE|1|10A303||
01/01/2025|54|1030016000000|2.372|2.433|STRUCTURE_TYPE|1|10A301||
01/01/2025|54|1030016000000|7.783|7.821|STRUCTURE_TYPE|1|10A096||
01/01/2025|54|1030016000000|8.677|8.722|STRUCTURE_TYPE|1|10A097||
01/01/2025|54|1030016000000|8.966|8.972|STRUCTURE_TYPE|1|10A098||
01/01/2025|54|1030016000000|21.585|21.739|STRUCTURE_TYPE|1|10A260||
01/01/2025|54|1030016000000|23.124|23.176|STRUCTURE_TYPE|1|10A294||
01/01/2025|54|1030016000000|30.236|30.242|STRUCTURE_TYPE|1|10A307||
01/01/2025|54|1030016000000|35.516|35.536|STRUCTURE_TYPE|1|10A058||
01/01/2025|54|1030020000000|4.478|4.483|STRUCTURE_TYPE|1|10A081||
01/01/2025|54|1030020000000|7.064|7.069|STRUCTURE_TYPE|1|10A082||
01/01/2025|54|1030041000000|0.02|0.145|STRUCTURE_TYPE|1|10A314||
01/01/2025|54|1030041000000|0.269|0.298|STRUCTURE_TYPE|1|10A065||
01/01/2025|54|1030041000000|5.014|5.035|STRUCTURE_TYPE|1|10A323||
01/01/2025|54|1030041000000|6.409|6.449|STRUCTURE_TYPE|1|10A317||
01/01/2025|54|1030041000000|6.893|6.899|STRUCTURE_TYPE|1|10A068||
01/01/2025|54|1030041000000|12.476|12.481|STRUCTURE_TYPE|1|10A069||
01/01/2025|54|1030041000000|12.905|12.91|STRUCTURE_TYPE|1|10A070||
01/01/2025|54|1030041000000|13.895|13.901|STRUCTURE_TYPE|1|10A071||
01/01/2025|54|1030041000000|16.006|16.013|STRUCTURE_TYPE|1|10A072||
01/01/2025|54|1030041000000|19.644|19.649|STRUCTURE_TYPE|1|10A074||
01/01/2025|54|1030041000000|20.331|20.338|STRUCTURE_TYPE|1|10A076||
01/01/2025|54|1030041000000|26.578|26.585|STRUCTURE_TYPE|1|10A077||
01/01/2025|54|1030061000000|21.152|21.178|STRUCTURE_TYPE|1|10A156||
01/01/2025|54|1030061000000|22.803|22.833|STRUCTURE_TYPE|1|10A158||
01/01/2025|54|1030061000000|25.669|25.703|STRUCTURE_TYPE|1|10A159||
01/01/2025|54|1030061000000|27.8|27.819|STRUCTURE_TYPE|1|10A161||
01/01/2025|54|1030061000100|0.04|0.06|STRUCTURE_TYPE|1|10A318||
01/01/2025|54|1030612000000|0.176|0.196|STRUCTURE_TYPE|1|10A324||
01/01/2025|54|1030612000000|0.306|0.317|STRUCTURE_TYPE|1|10A037||
01/01/2025|54|1030612000000|0.448|0.463|STRUCTURE_TYPE|1|10A036||
01/01/2025|54|1030612000000|1.851|1.857|STRUCTURE_TYPE|1|10A035||
01/01/2025|54|1030612000000|2.263|2.269|STRUCTURE_TYPE|1|10A034||
01/01/2025|54|1040001000000|7.076|7.082|STRUCTURE_TYPE|1|10A001||
01/01/2025|54|1040001000000|7.985|7.996|STRUCTURE_TYPE|1|10A319||
01/01/2025|54|1040002000000|0.707|0.729|STRUCTURE_TYPE|1|10A003||
01/01/2025|54|1040002000000|1.151|1.161|STRUCTURE_TYPE|1|10A004||
01/01/2025|54|1040002000000|1.526|1.532|STRUCTURE_TYPE|1|10A005||
01/01/2025|54|1040002000000|1.843|1.85|STRUCTURE_TYPE|1|10A006||
01/01/2025|54|1040002000000|1.85|1.857|STRUCTURE_TYPE|1|10A006||
01/01/2025|54|1040002000000|3.034|3.042|STRUCTURE_TYPE|1|10A007||
01/01/2025|54|1040002020000|0.01|0.023|STRUCTURE_TYPE|1|10A325||
01/01/2025|54|1040002070000|1.151|1.163|STRUCTURE_TYPE|1|10A010||
01/01/2025|54|1040002100000|0.036|0.05|STRUCTURE_TYPE|1|10A252||
01/01/2025|54|1040002120000|0.008|0.016|STRUCTURE_TYPE|1|10A208||
01/01/2025|54|1040003030000|0.836|0.841|STRUCTURE_TYPE|1|10A014||
01/01/2025|54|1040003030000|1.42|1.427|STRUCTURE_TYPE|1|10A015||
01/01/2025|54|1040005000000|1.525|1.531|STRUCTURE_TYPE|1|10A296||
01/01/2025|54|1040005010000|0.703|0.71|STRUCTURE_TYPE|1|10A262||
01/01/2025|54|1040005010000|2.142|2.207|STRUCTURE_TYPE|1|10A298||
01/01/2025|54|1040006010000|1.475|1.485|STRUCTURE_TYPE|1|10A021||
01/01/2025|54|1040006020000|0.011|0.022|STRUCTURE_TYPE|1|10A305||
01/01/2025|54|1040006050000|0.01|0.018|STRUCTURE_TYPE|1|10A243||
01/01/2025|54|1040006060000|0.012|0.02|STRUCTURE_TYPE|1|10A244||
01/01/2025|54|1040008000000|6.09|6.095|STRUCTURE_TYPE|1|10A257||
01/01/2025|54|1040008000000|8.25|8.257|STRUCTURE_TYPE|1|10A905||
01/01/2025|54|1040008000000|9.096|9.11|STRUCTURE_TYPE|1|10A287||
01/01/2025|54|1040009000000|1.241|1.257|STRUCTURE_TYPE|1|10A025||
01/01/2025|54|1040010000000|9.188|9.193|STRUCTURE_TYPE|1|10A026||
01/01/2025|54|1040011000000|0.206|0.218|STRUCTURE_TYPE|1|10A251||
01/01/2025|54|1040013000000|7.328|7.339|STRUCTURE_TYPE|1|10A256||
01/01/2025|54|1040013020000|0.51|0.515|STRUCTURE_TYPE|1|10A292||
01/01/2025|54|1040013040000|0.904|0.916|STRUCTURE_TYPE|1|10A275||
01/01/2025|54|1040015000000|9.846|9.864|STRUCTURE_TYPE|1|10A300||
01/01/2025|54|1040015000000|10.123|10.169|STRUCTURE_TYPE|1|10A039||
01/01/2025|54|1040015000000|11.134|11.162|STRUCTURE_TYPE|1|10A040||
01/01/2025|54|1040015000000|12.801|12.8192|STRUCTURE_TYPE|1|10A329||
01/01/2025|54|1040015000000|13.61|13.6316|STRUCTURE_TYPE|1|10A328||
01/01/2025|54|1040015000000|14.356|14.374|STRUCTURE_TYPE|1|10A047||
01/01/2025|54|1040015000000|16.139|16.158|STRUCTURE_TYPE|1|10A326||
01/01/2025|54|1040015000000|16.357|16.375|STRUCTURE_TYPE|1|10A052||
01/01/2025|54|1040015000000|17.89|17.91|STRUCTURE_TYPE|1|10A053||
01/01/2025|54|1040015200000|0.03|0.07|STRUCTURE_TYPE|1|10A232||
01/01/2025|54|1040015210000|0.005|0.02|STRUCTURE_TYPE|1|10A184||
01/01/2025|54|1040016020000|0.005|0.015|STRUCTURE_TYPE|1|10A059||
01/01/2025|54|1040016030000|0.273|0.29|STRUCTURE_TYPE|1|10A060||
01/01/2025|54|1040017000000|1.393|1.401|STRUCTURE_TYPE|1|10A062||
01/01/2025|54|1040019080000|0.356|0.361|STRUCTURE_TYPE|1|10A078||
01/01/2025|54|1040019150000|0.992|0.999|STRUCTURE_TYPE|1|10A269||
01/01/2025|54|1040019330000|0.539|0.554|STRUCTURE_TYPE|1|10A080||
01/01/2025|54|1040020080000|0.322|0.327|STRUCTURE_TYPE|1|10A302||
01/01/2025|54|1040021040000|0.685|0.69|STRUCTURE_TYPE|1|10A276||
01/01/2025|54|1040021060000|0.127|0.135|STRUCTURE_TYPE|1|10A099||
01/01/2025|54|1040021150000|0.747|0.755|STRUCTURE_TYPE|1|10A254||
01/01/2025|54|1040021200000|0.908|0.916|STRUCTURE_TYPE|1|10A313||
01/01/2025|54|1040021700000|0.119|0.15|STRUCTURE_TYPE|1|10A295||
01/01/2025|54|1040023000000|6.278|6.304|STRUCTURE_TYPE|1|10A315||
01/01/2025|54|1040023000000|8.451|8.462|STRUCTURE_TYPE|1|10A309||
01/01/2025|54|1040023030000|0.012|0.024|STRUCTURE_TYPE|1|10A107||
01/01/2025|54|1040023040000|0.004|0.014|STRUCTURE_TYPE|1|10A250||
01/01/2025|54|1040023040000|0.735|0.743|STRUCTURE_TYPE|1|10A321||
01/01/2025|54|1040023080000|0.016|0.024|STRUCTURE_TYPE|1|10A111||
01/01/2025|54|1040025000000|0.01|0.021|STRUCTURE_TYPE|1|10A112||
01/01/2025|54|1040025000000|0.06|0.072|STRUCTURE_TYPE|1|10A113||
01/01/2025|54|1040025000000|0.772|0.783|STRUCTURE_TYPE|1|10A266||
01/01/2025|54|1040025000000|1.295|1.309|STRUCTURE_TYPE|1|10A289||
01/01/2025|54|1040025000000|2.31|2.328|STRUCTURE_TYPE|1|10A306||
01/01/2025|54|1040025000000|2.464|2.482|STRUCTURE_TYPE|1|10A320||
01/01/2025|54|1040025000000|2.983|3.001|STRUCTURE_TYPE|1|10A311||
01/01/2025|54|1040025000000|3.497|3.513|STRUCTURE_TYPE|1|10A299||
01/01/2025|54|1040025000000|5.148|5.166|STRUCTURE_TYPE|1|10A312||
01/01/2025|54|1040025000000|6.097|6.109|STRUCTURE_TYPE|1|10A121||
01/01/2025|54|1040025000000|6.181|6.198|STRUCTURE_TYPE|1|10A122||
01/01/2025|54|1040025000000|7.654|7.79|STRUCTURE_TYPE|1|10A123||
01/01/2025|54|1040025000000|7.79|7.798|STRUCTURE_TYPE|1|10A123||
01/01/2025|54|1040025000000|11.15|11.158|STRUCTURE_TYPE|1|10A278||
01/01/2025|54|1040025020000|0.091|0.248|STRUCTURE_TYPE|1|10A126||
01/01/2025|54|1040025050000|0.229|0.236|STRUCTURE_TYPE|1|10A128||
01/01/2025|54|1040025170000|0.072|0.08|STRUCTURE_TYPE|1|10A193||
01/01/2025|54|1040027000000|0.02|0.034|STRUCTURE_TYPE|1|10A129||
01/01/2025|54|1040031000000|0.101|0.107|STRUCTURE_TYPE|1|10A130||
01/01/2025|54|1040038000000|3.515|3.549|STRUCTURE_TYPE|1|10A131||
01/01/2025|54|1040039010000|0.012|0.026|STRUCTURE_TYPE|1|10A132||
01/01/2025|54|1040041040000|3.872|3.881|STRUCTURE_TYPE|1|10A135||
01/01/2025|54|1040041150000|0.055|0.065|STRUCTURE_TYPE|1|10A137||
01/01/2025|54|1040044060000|0.047|0.053|STRUCTURE_TYPE|1|10A322||
01/01/2025|54|1040060020000|0.166|0.174|STRUCTURE_TYPE|1|10A106||
01/01/2025|54|1040060020000|2.02|2.03|STRUCTURE_TYPE|1|10A149||
01/01/2025|54|1040060030000|6.212|6.219|STRUCTURE_TYPE|1|10A195||
01/01/2025|54|1040060030000|8.621|8.631|STRUCTURE_TYPE|1|10A198||
01/01/2025|54|1040060030000|8.666|8.67|STRUCTURE_TYPE|1|10A196||
01/01/2025|54|1040060030000|8.67|8.672|STRUCTURE_TYPE|1|10A196||
01/01/2025|54|1040060030000|8.858|8.864|STRUCTURE_TYPE|1|10A197||
01/01/2025|54|1040060030000|9.161|9.169|STRUCTURE_TYPE|1|10A150||
01/01/2025|54|1040060030000|9.705|9.711|STRUCTURE_TYPE|1|10A255||
01/01/2025|54|1040060030000|9.952|9.963|STRUCTURE_TYPE|1|10A151||
01/01/2025|54|1040060050000|3.935|3.94|STRUCTURE_TYPE|1|10A152||
01/01/2025|54|1040060150000|0.794|0.8|STRUCTURE_TYPE|1|10A153||
01/01/2025|54|1040060250000|0.336|0.349|STRUCTURE_TYPE|1|10A154||
01/01/2025|54|1040060250000|0.508|0.517|STRUCTURE_TYPE|1|10A210||
01/01/2025|54|1040061020000|0.009|0.031|STRUCTURE_TYPE|1|10A162||
01/01/2025|54|1040061020000|0.042|0.046|STRUCTURE_TYPE|1|10A042||
01/01/2025|54|1040061020000|0.89|0.895|STRUCTURE_TYPE|1|10A271||
01/01/2025|54|1040061020000|1.395|1.403|STRUCTURE_TYPE|1|10A268||
01/01/2025|54|1040061040000|0.073|0.079|STRUCTURE_TYPE|1|10A272||
01/01/2025|54|1040061040000|0.46|0.47|STRUCTURE_TYPE|1|10A274||
01/01/2025|54|1040061050000|0.044|0.0526|STRUCTURE_TYPE|1|10A308||
01/01/2025|54|1040061050000|0.22|0.226|STRUCTURE_TYPE|1|10A168||
01/01/2025|54|1040061050000|1.785|1.792|STRUCTURE_TYPE|1|10A169||
01/01/2025|54|1040061050000|2.107|2.115|STRUCTURE_TYPE|1|10A170||
01/01/2025|54|1040061050000|2.631|2.637|STRUCTURE_TYPE|1|10A171||
01/01/2025|54|1040061070000|0.018|0.032|STRUCTURE_TYPE|1|10A172||
01/01/2025|54|1040061090000|0.434|0.448|STRUCTURE_TYPE|1|10A173||
01/01/2025|54|1040061130000|0.153|0.162|STRUCTURE_TYPE|1|10A267||
01/01/2025|54|1040061170000|0.004|0.01|STRUCTURE_TYPE|1|10A291||
01/01/2025|54|1040061220000|0.015|0.02|STRUCTURE_TYPE|1|10A264||
01/01/2025|54|1040061220000|0.02|0.025|STRUCTURE_TYPE|1|10A264||
01/01/2025|54|1040061240000|0.851|0.856|STRUCTURE_TYPE|1|10A239||
01/01/2025|54|1040061240000|3.253|3.261|STRUCTURE_TYPE|1|10A179||
01/01/2025|54|1040061240000|3.761|3.769|STRUCTURE_TYPE|1|10A180||
01/01/2025|54|1040061240000|4.091|4.1|STRUCTURE_TYPE|1|10A181||
01/01/2025|54|1040061240000|4.425|4.438|STRUCTURE_TYPE|1|10A182||
01/01/2025|54|1040061240000|4.725|4.734|STRUCTURE_TYPE|1|10A183||
01/01/2025|54|1040061280000|1.257|1.292|STRUCTURE_TYPE|1|10A092||
01/01/2025|54|1040061340000|0.006|0.017|STRUCTURE_TYPE|1|10A270||
01/01/2025|54|1040061350000|0.007|0.017|STRUCTURE_TYPE|1|10A175||
01/01/2025|54|1040061550000|0.005|0.015|STRUCTURE_TYPE|1|10A280||
01/01/2025|54|1040061580000|0.005|0.017|STRUCTURE_TYPE|1|10A177||
01/01/2025|54|1040061690000|0.01|0.024|STRUCTURE_TYPE|1|10A139||
01/01/2025|54|1040061930000|0.195|0.2|STRUCTURE_TYPE|1|41A270||
01/01/2025|54|1040061980000|0.002|0.008|STRUCTURE_TYPE|1|10A258||
01/01/2025|54|1040082000000|4.301|4.313|STRUCTURE_TYPE|1|10A277||
01/01/2025|54|1040082000000|4.609|4.689|STRUCTURE_TYPE|1|10A253||
01/01/2025|54|1040082050000|0.017|0.022|STRUCTURE_TYPE|1|10A316||
01/01/2025|54|1040085020000|1.575|1.581|STRUCTURE_TYPE|1|10A281||
01/01/2025|54|1040085020000|1.946|1.955|STRUCTURE_TYPE|1|10A283||
01/01/2025|54|1040085020000|2.068|2.074|STRUCTURE_TYPE|1|10A285||
01/01/2025|54|1040085020000|2.218|2.224|STRUCTURE_TYPE|1|10A284||
01/01/2025|54|1040085050000|3.053|3.065|STRUCTURE_TYPE|1|10A282||
01/01/2025|54|1040085130000|0.004|0.009|STRUCTURE_TYPE|1|10A249||
01/01/2025|54|1040160170000|0.07|0.078|STRUCTURE_TYPE|1|10A304||
01/01/2025|54|1060801000000|0.558|0.573|STRUCTURE_TYPE|1|10A310||
01/01/2025|54|1060802000000|2.502|2.511|STRUCTURE_TYPE|1|10A206||
01/01/2025|54|1080926000000|0.005|0.01|STRUCTURE_TYPE|1|10A259||
01/01/2025|54|1080949000000|0.089|0.101|STRUCTURE_TYPE|1|10A273||
01/01/2025|54|1080969000000|0.01|0.016|STRUCTURE_TYPE|1|10A263||
01/01/2025|54|1080970000000|0.055|0.06|STRUCTURE_TYPE|1|10A288||
01/01/2025|54|11100790000NB|83.348|83.37|STRUCTURE_TYPE|1|11A105||
01/01/2025|54|11100790000SB|83.349|83.371|STRUCTURE_TYPE|1|11A106||
01/01/2025|54|11200330000EB|0.002|0.024|STRUCTURE_TYPE|1|11A133||
01/01/2025|54|11200330000EB|0.658|0.699|STRUCTURE_TYPE|1|11A145||
01/01/2025|54|11200330000EB|3.918|3.923|STRUCTURE_TYPE|1|11A067||
01/01/2025|54|11200330000EB|9.657|9.664|STRUCTURE_TYPE|1|11A072||
01/01/2025|54|11200330000EB|16.586|16.648|STRUCTURE_TYPE|1|11A076||
01/01/2025|54|11200330000EB|21.942|21.948|STRUCTURE_TYPE|1|11A077||
01/01/2025|54|11200330000WB|6.681|6.688|STRUCTURE_TYPE|1|11A068||
01/01/2025|54|11200330000WB|13.004|13.037|STRUCTURE_TYPE|1|11A130||
01/01/2025|54|11200330000WB|13.554|13.56|STRUCTURE_TYPE|1|11A075||
01/01/2025|54|11200330000WB|26.756|26.8|STRUCTURE_TYPE|1|11A078||
01/01/2025|54|1130005000000|2.311|2.35|STRUCTURE_TYPE|1|11A143||
01/01/2025|54|1130005000000|8.168|8.175|STRUCTURE_TYPE|1|11A008||
01/01/2025|54|1130005000000|8.9|8.921|STRUCTURE_TYPE|1|11A009||
01/01/2025|54|1130005000000|10.661|10.701|STRUCTURE_TYPE|1|11A010||
01/01/2025|54|1130005000000|14.876|14.894|STRUCTURE_TYPE|1|11A011||
01/01/2025|54|1130005000000|17.947|17.951|STRUCTURE_TYPE|1|11A012||
01/01/2025|54|1130005000000|19.862|19.894|STRUCTURE_TYPE|1|11A013||
01/01/2025|54|1130018000000|1.431|1.437|STRUCTURE_TYPE|1|11A043||
01/01/2025|54|1130018000000|5.474|5.48|STRUCTURE_TYPE|1|11A044||
01/01/2025|54|1130047000000|4.952|4.962|STRUCTURE_TYPE|1|11A128||
01/01/2025|54|1130047000000|5.402|5.409|STRUCTURE_TYPE|1|11A097||
01/01/2025|54|1130047000000|9.379|9.401|STRUCTURE_TYPE|1|11A139||
01/01/2025|54|1130047000000|11.326|11.36|STRUCTURE_TYPE|1|11A146||
01/01/2025|54|1140001000000|2.363|2.408|STRUCTURE_TYPE|1|11A001||
01/01/2025|54|1140001000000|6.375|6.402|STRUCTURE_TYPE|1|11A002||
01/01/2025|54|1140001000000|7.473|7.499|STRUCTURE_TYPE|1|11A003||
01/01/2025|54|1140001000000|7.984|7.994|STRUCTURE_TYPE|1|11A138||
01/01/2025|54|1140001070000|0.07|0.082|STRUCTURE_TYPE|1|11A149||
01/01/2025|54|1140002000000|1.213|1.225|STRUCTURE_TYPE|1|11A005||
01/01/2025|54|1140003000000|2.338|2.343|STRUCTURE_TYPE|1|11A006||
01/01/2025|54|1140003000000|5.529|5.535|STRUCTURE_TYPE|1|11A115||
01/01/2025|54|1140007000000|3.074|3.092|STRUCTURE_TYPE|1|11A015||
01/01/2025|54|1140007000000|3.799|3.817|STRUCTURE_TYPE|1|11A016||
01/01/2025|54|1140007000000|4.169|4.181|STRUCTURE_TYPE|1|11A148||
01/01/2025|54|1140007000000|6.959|6.967|STRUCTURE_TYPE|1|11A018||
01/01/2025|54|1140007000000|7.234|7.243|STRUCTURE_TYPE|1|11A019||
01/01/2025|54|1140007000000|8.562|8.576|STRUCTURE_TYPE|1|11A020||
01/01/2025|54|1140007000000|11.005|11.017|STRUCTURE_TYPE|1|11A135||
01/01/2025|54|1140007000000|12.057|12.071|STRUCTURE_TYPE|1|11A022||
01/01/2025|54|1140007000000|12.261|12.266|STRUCTURE_TYPE|1|11A129||
01/01/2025|54|1140008000000|1.815|1.824|STRUCTURE_TYPE|1|11A024||
01/01/2025|54|1140008000000|5.213|5.218|STRUCTURE_TYPE|1|11A141||
01/01/2025|54|1140008000000|5.996|6.0|STRUCTURE_TYPE|1|11A026||
01/01/2025|54|1140008000000|6.0|6.004|STRUCTURE_TYPE|1|11A026||
01/01/2025|54|1140009060000|0.011|0.018|STRUCTURE_TYPE|1|11A109||
01/01/2025|54|1140010000000|0.978|0.98|STRUCTURE_TYPE|1|11A027||
01/01/2025|54|1140010000000|0.98|0.998|STRUCTURE_TYPE|1|11A027||
01/01/2025|54|1140011000000|1.684|1.702|STRUCTURE_TYPE|1|11A028||
01/01/2025|54|1140011000000|3.005|3.013|STRUCTURE_TYPE|1|11A029||
01/01/2025|54|1140011000000|4.285|4.297|STRUCTURE_TYPE|1|11A030||
01/01/2025|54|1140012000000|7.416|7.431|STRUCTURE_TYPE|1|11A131||
01/01/2025|54|1140012000000|8.393|8.409|STRUCTURE_TYPE|1|11A031||
01/01/2025|54|1140012000000|13.929|13.937|STRUCTURE_TYPE|1|11A032||
01/01/2025|54|1140012070000|0.008|0.036|STRUCTURE_TYPE|1|11A132||
01/01/2025|54|1140013000000|1.117|1.15|STRUCTURE_TYPE|1|11A034||
01/01/2025|54|1140013000000|3.118|3.128|STRUCTURE_TYPE|1|11A144||
01/01/2025|54|1140013000000|4.777|4.801|STRUCTURE_TYPE|1|11A136||
01/01/2025|54|1140015040000|2.126|2.137|STRUCTURE_TYPE|1|11A124||
01/01/2025|54|1140017000000|0.277|0.321|STRUCTURE_TYPE|1|11A142||
01/01/2025|54|1140017000000|7.521|7.526|STRUCTURE_TYPE|1|11A110||
01/01/2025|54|1140017000000|11.418|11.428|STRUCTURE_TYPE|1|11A039||
01/01/2025|54|1140017000000|17.18|17.19|STRUCTURE_TYPE|1|11A040||
01/01/2025|54|1140017020000|3.787|3.808|STRUCTURE_TYPE|1|11A111||
01/01/2025|54|1140017040000|4.023|4.045|STRUCTURE_TYPE|1|11A125||
01/01/2025|54|1140017050000|0.011|0.027|STRUCTURE_TYPE|1|11A112||
01/01/2025|54|1140017060000|0.005|0.026|STRUCTURE_TYPE|1|11A101||
01/01/2025|54|1140017080000|0.07|0.08|STRUCTURE_TYPE|1|11A042||
01/01/2025|54|1140017080000|0.08|0.093|STRUCTURE_TYPE|1|11A042||
01/01/2025|54|1140018040000|0.028|0.048|STRUCTURE_TYPE|1|11A134||
01/01/2025|54|1140019000000|0.019|0.025|STRUCTURE_TYPE|1|11A046||
01/01/2025|54|1140019000000|1.205|1.224|STRUCTURE_TYPE|1|11A127||
01/01/2025|54|1140019030000|0.031|0.054|STRUCTURE_TYPE|1|11A048||
01/01/2025|54|1140019070000|3.608|3.616|STRUCTURE_TYPE|1|11A049||
01/01/2025|54|1140020000000|0.008|0.023|STRUCTURE_TYPE|1|11A050||
01/01/2025|54|1140020010000|2.889|2.902|STRUCTURE_TYPE|1|11A126||
01/01/2025|54|1140022000000|0.005|0.013|STRUCTURE_TYPE|1|11A150||
01/01/2025|54|1140023000000|0.023|0.052|STRUCTURE_TYPE|1|11A052||
01/01/2025|54|1140023000000|4.846|4.866|STRUCTURE_TYPE|1|11A053||
01/01/2025|54|1140023000000|7.414|7.422|STRUCTURE_TYPE|1|11A054||
01/01/2025|54|1140023030000|0.643|0.648|STRUCTURE_TYPE|1|11A056||
01/01/2025|54|1140023030000|1.537|1.544|STRUCTURE_TYPE|1|11A057||
01/01/2025|54|1140023030000|2.084|2.092|STRUCTURE_TYPE|1|11A058||
01/01/2025|54|1140023070000|0.035|0.054|STRUCTURE_TYPE|1|11A059||
01/01/2025|54|1140028000000|3.568|3.575|STRUCTURE_TYPE|1|11A060||
01/01/2025|54|1140030000000|4.604|4.611|STRUCTURE_TYPE|1|11A061||
01/01/2025|54|1140030000000|5.287|5.292|STRUCTURE_TYPE|1|11A062||
01/01/2025|54|1140030000000|6.274|6.33|STRUCTURE_TYPE|1|11A063||
01/01/2025|54|1140034000000|3.599|3.634|STRUCTURE_TYPE|1|11A137||
01/01/2025|54|1140035220000|0.361|0.408|STRUCTURE_TYPE|1|11A123||
01/01/2025|54|1140036000000|0.034|0.046|STRUCTURE_TYPE|1|11A082||
01/01/2025|54|1140036010000|1.915|1.9226|STRUCTURE_TYPE|1|11X001||
01/01/2025|54|1140036020000|0.05|0.058|STRUCTURE_TYPE|1|11A117||
01/01/2025|54|1140038000000|0.006|0.024|STRUCTURE_TYPE|1|11A120||
01/01/2025|54|1140040000000|0.173|0.178|STRUCTURE_TYPE|1|11A084||
01/01/2025|54|1140040000000|5.526|5.534|STRUCTURE_TYPE|1|11A085||
01/01/2025|54|1140040000000|5.97|5.978|STRUCTURE_TYPE|1|11A147||
01/01/2025|54|1140040000000|7.218|7.251|STRUCTURE_TYPE|1|11A121||
01/01/2025|54|1140040000000|7.549|7.554|STRUCTURE_TYPE|1|11A089||
01/01/2025|54|1140040010000|0.08|0.086|STRUCTURE_TYPE|1|11A113||
01/01/2025|54|1140040070000|0.006|0.018|STRUCTURE_TYPE|1|11A090||
01/01/2025|54|1140040100000|1.549|1.555|STRUCTURE_TYPE|1|11A091||
01/01/2025|54|1140042000000|4.32|4.327|STRUCTURE_TYPE|1|11A092||
01/01/2025|54|1140042000000|4.92|4.927|STRUCTURE_TYPE|1|11A093||
01/01/2025|54|1140044000000|0.005|0.046|STRUCTURE_TYPE|1|11A094||
01/01/2025|54|1140044010000|0.019|0.04|STRUCTURE_TYPE|1|11A095||
01/01/2025|54|1140047060000|0.022|0.027|STRUCTURE_TYPE|1|11A114||
01/01/2025|54|1140052000000|0.93|0.939|STRUCTURE_TYPE|1|11A102||
01/01/2025|54|1140052040000|1.271|1.285|STRUCTURE_TYPE|1|11A104||
01/01/2025|54|1140119020000|4.323|4.346|STRUCTURE_TYPE|1|11A140||
01/01/2025|54|1140119210000|5.32|5.338|STRUCTURE_TYPE|1|11A122||
01/01/2025|54|1200928000000|0.061|0.0667|STRUCTURE_TYPE|1|12A900||
01/01/2025|54|12200480000EB|1.311|1.365|STRUCTURE_TYPE|1|12A118||
01/01/2025|54|12200480000EB|1.738|2.008|STRUCTURE_TYPE|1|12A120||
01/01/2025|54|12200480000EB|2.939|2.989|STRUCTURE_TYPE|1|12A122||
01/01/2025|54|12200480000EB|5.29|5.315|STRUCTURE_TYPE|1|12A116||
01/01/2025|54|12200480000EB|11.029|11.23|STRUCTURE_TYPE|1|12A106||
01/01/2025|54|12200480000EB|11.553|11.763|STRUCTURE_TYPE|1|12A108||
01/01/2025|54|12200480000EB|19.019|19.043|STRUCTURE_TYPE|1|12A097||
01/01/2025|54|12200480000WB|1.294|1.348|STRUCTURE_TYPE|1|12A119||
01/01/2025|54|12200480000WB|1.747|2.013|STRUCTURE_TYPE|1|12A121||
01/01/2025|54|12200480000WB|2.954|3.004|STRUCTURE_TYPE|1|12A123||
01/01/2025|54|12200480000WB|5.284|5.309|STRUCTURE_TYPE|1|12A117||
01/01/2025|54|12200480000WB|8.71|8.852|STRUCTURE_TYPE|1|12A114||
01/01/2025|54|12200480000WB|9.244|9.346|STRUCTURE_TYPE|1|12A115||
01/01/2025|54|12200480000WB|11.072|11.269|STRUCTURE_TYPE|1|12A107||
01/01/2025|54|12200480000WB|11.56|11.771|STRUCTURE_TYPE|1|12A109||
01/01/2025|54|12200480000WB|15.152|15.268|STRUCTURE_TYPE|1|12A110||
01/01/2025|54|12200480000WB|19.013|19.037|STRUCTURE_TYPE|1|12A098||
01/01/2025|54|12200480017WB0001C|0.274|0.28|STRUCTURE_TYPE|1|12A100||
01/01/2025|54|12200500000EB|0.0|0.064|STRUCTURE_TYPE|1|12A055||
01/01/2025|54|12200500000WB|6.189|6.218|STRUCTURE_TYPE|1|12A132||
01/01/2025|54|12200500000WB|10.287|10.293|STRUCTURE_TYPE|1|12A057||
01/01/2025|54|12200500000WB|10.639|10.655|STRUCTURE_TYPE|1|12A058||
01/01/2025|54|12202200000NB|1.849|1.854|STRUCTURE_TYPE|1|12A085||
01/01/2025|54|12202200000NB|11.291|11.327|STRUCTURE_TYPE|1|12A072||
01/01/2025|54|12202200000SB|4.379|4.406|STRUCTURE_TYPE|1|12A124||
01/01/2025|54|12202200000SB|10.002|10.008|STRUCTURE_TYPE|1|12A069||
01/01/2025|54|12202200000SB|10.281|10.393|STRUCTURE_TYPE|1|12A081||
01/01/2025|54|12202200000SB|10.618|10.624|STRUCTURE_TYPE|1|12A088||
01/01/2025|54|1230028000000|4.758|4.778|STRUCTURE_TYPE|1|12A031||
01/01/2025|54|1230028000000|7.798|7.802|STRUCTURE_TYPE|1|12A083||
01/01/2025|54|1230042000000|1.571|1.594|STRUCTURE_TYPE|1|12A039||
01/01/2025|54|1230042000000|2.081|2.09|STRUCTURE_TYPE|1|12A127||
01/01/2025|54|1230042000000|5.14|5.154|STRUCTURE_TYPE|1|12A126||
01/01/2025|54|1230042000000|10.134|10.151|STRUCTURE_TYPE|1|12A130||
01/01/2025|54|1230042000000|11.365|11.374|STRUCTURE_TYPE|1|12A043||
01/01/2025|54|1230042000000|11.94|11.947|STRUCTURE_TYPE|1|12A044||
01/01/2025|54|1230042000000|12.004|12.01|STRUCTURE_TYPE|1|12A125||
01/01/2025|54|1230042000000|12.582|12.588|STRUCTURE_TYPE|1|12A046||
01/01/2025|54|1230042000000|12.734|12.739|STRUCTURE_TYPE|1|12A131||
01/01/2025|54|1230042000000|16.812|16.823|STRUCTURE_TYPE|1|12A096||
01/01/2025|54|1230090000000|3.324|3.329|STRUCTURE_TYPE|1|12A063||
01/01/2025|54|1230090000000|8.547|8.556|STRUCTURE_TYPE|1|12A064||
01/01/2025|54|1230093000000|2.013|2.025|STRUCTURE_TYPE|1|12A078||
01/01/2025|54|1230093000000|9.671|9.68|STRUCTURE_TYPE|1|12A067||
01/01/2025|54|1240001000000|0.192|0.202|STRUCTURE_TYPE|1|12A102||
01/01/2025|54|1240002000000|3.584|3.611|STRUCTURE_TYPE|1|12A002||
01/01/2025|54|1240003000000|0.016|0.0306|STRUCTURE_TYPE|1|12A134||
01/01/2025|54|1240003000000|5.092|5.102|STRUCTURE_TYPE|1|12A004||
01/01/2025|54|1240003030000|0.629|0.639|STRUCTURE_TYPE|1|12A008||
01/01/2025|54|1240003030000|4.027|4.037|STRUCTURE_TYPE|1|12A082||
01/01/2025|54|1240005000000|0.124|0.163|STRUCTURE_TYPE|1|12A010||
01/01/2025|54|1240005000000|0.663|0.672|STRUCTURE_TYPE|1|12A129||
01/01/2025|54|1240005000000|5.641|5.647|STRUCTURE_TYPE|1|12A092||
01/01/2025|54|1240005000000|7.129|7.17|STRUCTURE_TYPE|1|12A095||
01/01/2025|54|1240005000000|7.224|7.23|STRUCTURE_TYPE|1|12A099||
01/01/2025|54|1240005000000|9.987|9.993|STRUCTURE_TYPE|1|12A014||
01/01/2025|54|1240005000000|11.026|11.054|STRUCTURE_TYPE|1|12A015||
01/01/2025|54|1240005060000|2.262|2.267|STRUCTURE_TYPE|1|12A091||
01/01/2025|54|1240006000000|0.063|0.069|STRUCTURE_TYPE|1|12A019||
01/01/2025|54|1240006000000|1.432|1.441|STRUCTURE_TYPE|1|12A079||
01/01/2025|54|1240006000000|1.823|1.834|STRUCTURE_TYPE|1|12A020||
01/01/2025|54|1240008000000|0.008|0.027|STRUCTURE_TYPE|1|12A090||
01/01/2025|54|1240009000000|1.759|1.771|STRUCTURE_TYPE|1|12A023||
01/01/2025|54|1240009000000|4.931|4.946|STRUCTURE_TYPE|1|12A103||
01/01/2025|54|1240009000000|7.38|7.402|STRUCTURE_TYPE|1|12A104||
01/01/2025|54|1240009000000|10.297|10.31|STRUCTURE_TYPE|1|12A026||
01/01/2025|54|1240009010000|4.124|4.129|STRUCTURE_TYPE|1|12A028||
01/01/2025|54|1240009010000|5.573|5.584|STRUCTURE_TYPE|1|12A029||
01/01/2025|54|1240009020000|0.237|0.252|STRUCTURE_TYPE|1|12A030||
01/01/2025|54|1240028070000|2.888|2.91|STRUCTURE_TYPE|1|12A033||
01/01/2025|54|1240028070000|8.502|8.512|STRUCTURE_TYPE|1|12A034||
01/01/2025|54|1240028070000|9.05|9.055|STRUCTURE_TYPE|1|12A035||
01/01/2025|54|1240028070000|12.034|12.041|STRUCTURE_TYPE|1|12A094||
01/01/2025|54|1240028070000|12.305|12.311|STRUCTURE_TYPE|1|12A089||
01/01/2025|54|1240028070000|12.449|12.455|STRUCTURE_TYPE|1|12A087||
01/01/2025|54|1240028110000|7.993|8.055|STRUCTURE_TYPE|1|12A077||
01/01/2025|54|1240042010000|0.129|0.208|STRUCTURE_TYPE|1|12A113||
01/01/2025|54|1240042030000|4.95|4.962|STRUCTURE_TYPE|1|12A101||
01/01/2025|54|1240042030000|4.962|4.963|STRUCTURE_TYPE|1|12A101||
01/01/2025|54|1240042040000|4.135|4.141|STRUCTURE_TYPE|1|12A050||
01/01/2025|54|1240042050000|0.09|0.102|STRUCTURE_TYPE|1|12A051||
01/01/2025|54|1240042060000|3.194|3.206|STRUCTURE_TYPE|1|12A128||
01/01/2025|54|1240042070000|0.212|0.223|STRUCTURE_TYPE|1|12A080||
01/01/2025|54|1240042070000|5.839|5.861|STRUCTURE_TYPE|1|12A053||
01/01/2025|54|1240050030000|4.138|4.145|STRUCTURE_TYPE|1|12A093||
01/01/2025|54|1240050040000|1.751|1.756|STRUCTURE_TYPE|1|12A060||
01/01/2025|54|1240050050000|0.79|0.794|STRUCTURE_TYPE|1|12A061||
01/01/2025|54|1240050110000|0.184|0.188|STRUCTURE_TYPE|1|12A062||
01/01/2025|54|1240090020000|0.027|0.03|STRUCTURE_TYPE|1|12A111||
01/01/2025|54|1240090030000|0.0|0.011|STRUCTURE_TYPE|1|12A112||
01/01/2025|54|1240093030000|0.369|0.381|STRUCTURE_TYPE|1|12A105||
01/01/2025|54|1240220040000|0.977|0.99|STRUCTURE_TYPE|1|12A073||
01/01/2025|54|1240220040000|2.213|2.229|STRUCTURE_TYPE|1|12A076||
01/01/2025|54|1240220060000|0.005|0.015|STRUCTURE_TYPE|1|12A074||
01/01/2025|54|1240220100000|0.073|0.086|STRUCTURE_TYPE|1|12A086||
01/01/2025|54|1240220120000|0.101|0.106|STRUCTURE_TYPE|1|12A084||
01/01/2025|54|1300548000000|0.042|0.0488|STRUCTURE_TYPE|1|13A900||
01/01/2025|54|13100640000EB|149.471|149.476|STRUCTURE_TYPE|1|13A204||
01/01/2025|54|13100640000EB|150.145|150.152|STRUCTURE_TYPE|1|13A205||
01/01/2025|54|13100640000EB|150.206|150.224|STRUCTURE_TYPE|1|13A198||
01/01/2025|54|13100640000EB|150.44|150.481|STRUCTURE_TYPE|1|13A200||
01/01/2025|54|13100640000EB|155.607|155.619|STRUCTURE_TYPE|1|13A202||
01/01/2025|54|13100640000EB|159.399|159.421|STRUCTURE_TYPE|1|13A144||
01/01/2025|54|13100640000EB|165.853|165.87|STRUCTURE_TYPE|1|13A146||
01/01/2025|54|13100640000EB|165.87|165.877|STRUCTURE_TYPE|1|13A146||
01/01/2025|54|13100640000EB|169.396|169.41|STRUCTURE_TYPE|1|13A148||
01/01/2025|54|13100640000EB|169.41|169.43|STRUCTURE_TYPE|1|13A148||
01/01/2025|54|13100640000EB|172.631|172.673|STRUCTURE_TYPE|1|13A150||
01/01/2025|54|13100640000EB|172.753|172.909|STRUCTURE_TYPE|1|13A152||
01/01/2025|54|13100640000EB|174.081|174.142|STRUCTURE_TYPE|1|13A155||
01/01/2025|54|13100640000EB|174.578|174.639|STRUCTURE_TYPE|1|13A157||
01/01/2025|54|13100640000EB|174.95|175.018|STRUCTURE_TYPE|1|13A240||
01/01/2025|54|13100640000EB|175.267|175.29|STRUCTURE_TYPE|1|13A159||
01/01/2025|54|13100640000EB|176.042|176.091|STRUCTURE_TYPE|1|13A161||
01/01/2025|54|13100640000EB|179.296|179.384|STRUCTURE_TYPE|1|13A165||
01/01/2025|54|13100640000EB|180.226|180.293|STRUCTURE_TYPE|1|13A221||
01/01/2025|54|13100640000EB|181.003|181.037|STRUCTURE_TYPE|1|13A169||
01/01/2025|54|13100640000WB|150.197|150.215|STRUCTURE_TYPE|1|13A199||
01/01/2025|54|13100640000WB|150.467|150.508|STRUCTURE_TYPE|1|13A201||
01/01/2025|54|13100640000WB|155.607|155.619|STRUCTURE_TYPE|1|13A203||
01/01/2025|54|13100640000WB|159.4|159.422|STRUCTURE_TYPE|1|13A145||
01/01/2025|54|13100640000WB|165.85|165.87|STRUCTURE_TYPE|1|13A147||
01/01/2025|54|13100640000WB|165.87|165.874|STRUCTURE_TYPE|1|13A147||
01/01/2025|54|13100640000WB|169.402|169.41|STRUCTURE_TYPE|1|13A149||
01/01/2025|54|13100640000WB|169.41|169.432|STRUCTURE_TYPE|1|13A149||
01/01/2025|54|13100640000WB|172.632|172.677|STRUCTURE_TYPE|1|13A151||
01/01/2025|54|13100640000WB|172.763|172.919|STRUCTURE_TYPE|1|13A153||
01/01/2025|54|13100640000WB|173.353|173.358|STRUCTURE_TYPE|1|13A154||
01/01/2025|54|13100640000WB|174.1|174.161|STRUCTURE_TYPE|1|13A156||
01/01/2025|54|13100640000WB|174.577|174.636|STRUCTURE_TYPE|1|13A158||
01/01/2025|54|13100640000WB|175.265|175.288|STRUCTURE_TYPE|1|13A160||
01/01/2025|54|13100640000WB|176.06|176.109|STRUCTURE_TYPE|1|13A162||
01/01/2025|54|13100640000WB|179.287|179.375|STRUCTURE_TYPE|1|13A166||
01/01/2025|54|13100640000WB|180.213|180.28|STRUCTURE_TYPE|1|13A222||
01/01/2025|54|13100640017WB0181C|0.304|0.315|STRUCTURE_TYPE|1|13A170||
01/01/2025|54|13200600000EB|0.0|0.012|STRUCTURE_TYPE|1|13A282||
01/01/2025|54|13200600000EB|1.188|1.201|STRUCTURE_TYPE|1|13A102||
01/01/2025|54|13200600000EB|1.463|1.468|STRUCTURE_TYPE|1|13A103||
01/01/2025|54|13200600000EB|2.873|2.916|STRUCTURE_TYPE|1|13A104||
01/01/2025|54|13200600000EB|15.022|15.081|STRUCTURE_TYPE|1|13A109||
01/01/2025|54|13200600000EB|19.886|19.923|STRUCTURE_TYPE|1|13A110||
01/01/2025|54|13200600000EB|34.667|34.693|STRUCTURE_TYPE|1|13A185||
01/01/2025|54|13200600000EB|34.898|34.999|STRUCTURE_TYPE|1|13A114||
01/01/2025|54|13200600000EB|39.416|39.46|STRUCTURE_TYPE|1|13A235||
01/01/2025|54|13200600000WB|9.571|9.589|STRUCTURE_TYPE|1|13A107||
01/01/2025|54|13200600000WB|11.439|11.455|STRUCTURE_TYPE|1|13A108||
01/01/2025|54|13200600000WB|34.45|34.455|STRUCTURE_TYPE|1|13A214||
01/01/2025|54|13200600000WB|35.516|35.541|STRUCTURE_TYPE|1|13A115||
01/01/2025|54|13200600000WB|35.943|35.979|STRUCTURE_TYPE|1|13A116||
01/01/2025|54|13202190000NB|6.402|6.483|STRUCTURE_TYPE|1|13A180||
01/01/2025|54|13202190000NB|25.472|25.5|STRUCTURE_TYPE|1|13A182||
01/01/2025|54|13202190000SB|6.525|6.64|STRUCTURE_TYPE|1|13A181||
01/01/2025|54|1330003000000|0.414|0.439|STRUCTURE_TYPE|1|13A238||
01/01/2025|54|1330012000000|6.289|6.294|STRUCTURE_TYPE|1|13A190||
01/01/2025|54|1330012000000|6.427|6.431|STRUCTURE_TYPE|1|13A191||
01/01/2025|54|1330012000000|13.08|13.127|STRUCTURE_TYPE|1|13A192||
01/01/2025|54|1330020000000|11.108|11.114|STRUCTURE_TYPE|1|13A061||
01/01/2025|54|1330039000000|6.834|6.854|STRUCTURE_TYPE|1|13A279||
01/01/2025|54|1330039000000|9.677|9.682|STRUCTURE_TYPE|1|13A088||
01/01/2025|54|1330063000000|6.008|6.015|STRUCTURE_TYPE|1|13A141||
01/01/2025|54|1330063000000|21.368|21.38|STRUCTURE_TYPE|1|13A143||
01/01/2025|54|1330063000000|21.38|21.387|STRUCTURE_TYPE|1|13A143||
01/01/2025|54|1330092000000|0.012|0.019|STRUCTURE_TYPE|1|13A173||
01/01/2025|54|1330092000000|3.038|3.048|STRUCTURE_TYPE|1|13A174||
01/01/2025|54|1330092000000|3.613|3.625|STRUCTURE_TYPE|1|13A175||
01/01/2025|54|1330092000000|8.782|8.789|STRUCTURE_TYPE|1|13A176||
01/01/2025|54|1330092000000|9.25|9.258|STRUCTURE_TYPE|1|13A177||
01/01/2025|54|1330092000000|15.323|15.3387|STRUCTURE_TYPE|1|13X178||
01/01/2025|54|1330092000000|15.324|15.339|STRUCTURE_TYPE|1|13A178||
01/01/2025|54|1330092000000|16.844|16.866|STRUCTURE_TYPE|1|13A276||
01/01/2025|54|1330311000000|0.35|0.41|STRUCTURE_TYPE|1|13A184||
01/01/2025|54|1330311000000|0.41|0.412|STRUCTURE_TYPE|1|13A184||
01/01/2025|54|1340001000000|4.443|4.45|STRUCTURE_TYPE|1|13A001||
01/01/2025|54|1340001000000|9.247|9.255|STRUCTURE_TYPE|1|13A270||
01/01/2025|54|1340001000000|11.207|11.216|STRUCTURE_TYPE|1|13A269||
01/01/2025|54|1340001000000|13.208|13.213|STRUCTURE_TYPE|1|13A005||
01/01/2025|54|1340001010000|3.971|3.976|STRUCTURE_TYPE|1|13A278||
01/01/2025|54|1340001020000|0.014|0.029|STRUCTURE_TYPE|1|13A007||
01/01/2025|54|1340001020000|0.178|0.183|STRUCTURE_TYPE|1|13A217||
01/01/2025|54|1340001060000|0.101|0.121|STRUCTURE_TYPE|1|13A027||
01/01/2025|54|1340002000000|0.015|0.077|STRUCTURE_TYPE|1|13A247||
01/01/2025|54|1340004000000|2.449|2.454|STRUCTURE_TYPE|1|13A251||
01/01/2025|54|1340005000000|5.571|5.581|STRUCTURE_TYPE|1|13A264||
01/01/2025|54|1340005000000|6.994|7.003|STRUCTURE_TYPE|1|13A015||
01/01/2025|54|1340005000000|7.121|7.131|STRUCTURE_TYPE|1|13A223||
01/01/2025|54|1340005000000|7.288|7.301|STRUCTURE_TYPE|1|13A224||
01/01/2025|54|1340005000000|7.445|7.458|STRUCTURE_TYPE|1|13A225||
01/01/2025|54|1340005000000|7.713|7.721|STRUCTURE_TYPE|1|13A226||
01/01/2025|54|1340005000000|11.477|11.49|STRUCTURE_TYPE|1|13A227||
01/01/2025|54|1340005020000|0.109|0.118|STRUCTURE_TYPE|1|13A262||
01/01/2025|54|1340005020000|3.097|3.105|STRUCTURE_TYPE|1|13A023||
01/01/2025|54|1340005030000|0.417|0.426|STRUCTURE_TYPE|1|13A261||
01/01/2025|54|1340005040000|0.567|0.575|STRUCTURE_TYPE|1|13A026||
01/01/2025|54|1340008000000|1.91|1.928|STRUCTURE_TYPE|1|13A258||
01/01/2025|54|1340008000000|6.884|6.889|STRUCTURE_TYPE|1|13A242||
01/01/2025|54|1340009000000|8.831|8.844|STRUCTURE_TYPE|1|13A029||
01/01/2025|54|1340009000000|19.242|19.273|STRUCTURE_TYPE|1|13A218||
01/01/2025|54|1340009040000|0.051|0.06|STRUCTURE_TYPE|1|13A254||
01/01/2025|54|1340009040000|0.558|0.564|STRUCTURE_TYPE|1|13A032||
01/01/2025|54|1340009060000|0.188|0.196|STRUCTURE_TYPE|1|13A033||
01/01/2025|54|1340009090000|0.139|0.15|STRUCTURE_TYPE|1|13A257||
01/01/2025|54|1340010000000|1.394|1.402|STRUCTURE_TYPE|1|13A272||
01/01/2025|54|1340010000000|1.609|1.614|STRUCTURE_TYPE|1|13A036||
01/01/2025|54|1340010010000|0.071|0.077|STRUCTURE_TYPE|1|13A037||
01/01/2025|54|1340010020000|4.275|4.28|STRUCTURE_TYPE|1|13A038||
01/01/2025|54|1340010020000|4.28|4.283|STRUCTURE_TYPE|1|13A038||
01/01/2025|54|1340011000000|0.539|0.625|STRUCTURE_TYPE|1|13A039||
01/01/2025|54|1340013000000|2.064|2.107|STRUCTURE_TYPE|1|13A045||
01/01/2025|54|1340014000000|0.795|0.813|STRUCTURE_TYPE|1|13A046||
01/01/2025|54|1340014000000|1.402|1.415|STRUCTURE_TYPE|1|13A047||
01/01/2025|54|1340014000000|4.154|4.174|STRUCTURE_TYPE|1|13A048||
01/01/2025|54|1340014000000|4.799|4.815|STRUCTURE_TYPE|1|13A049||
01/01/2025|54|1340014000000|4.98|4.996|STRUCTURE_TYPE|1|13A208||
01/01/2025|54|1340015030000|0.44|0.448|STRUCTURE_TYPE|1|13A050||
01/01/2025|54|1340015030000|0.683|0.691|STRUCTURE_TYPE|1|13A051||
01/01/2025|54|1340015050000|0.206|0.215|STRUCTURE_TYPE|1|13A260||
01/01/2025|54|1340015050000|1.206|1.214|STRUCTURE_TYPE|1|13A053||
01/01/2025|54|1340015090000|0.009|0.015|STRUCTURE_TYPE|1|13A054||
01/01/2025|54|1340016000000|0.612|0.619|STRUCTURE_TYPE|1|13A055||
01/01/2025|54|1340016000000|1.173|1.204|STRUCTURE_TYPE|1|13A056||
01/01/2025|54|1340016000000|2.956|2.964|STRUCTURE_TYPE|1|13A057||
01/01/2025|54|1340016000000|3.85|3.858|STRUCTURE_TYPE|1|13A207||
01/01/2025|54|1340016030000|0.023|0.049|STRUCTURE_TYPE|1|13A263||
01/01/2025|54|1340017000000|1.565|1.582|STRUCTURE_TYPE|1|13A277||
01/01/2025|54|1340017020000|0.306|0.318|STRUCTURE_TYPE|1|13A250||
01/01/2025|54|1340020020000|0.292|0.297|STRUCTURE_TYPE|1|13A186||
01/01/2025|54|1340020060000|0.978|0.987|STRUCTURE_TYPE|1|13A255||
01/01/2025|54|1340020170000|0.225|0.232|STRUCTURE_TYPE|1|13A273||
01/01/2025|54|1340020350000|0.005|0.017|STRUCTURE_TYPE|1|13A044||
01/01/2025|54|1340020390000|0.027|0.034|STRUCTURE_TYPE|1|13A219||
01/01/2025|54|1340021020000|2.259|2.313|STRUCTURE_TYPE|1|13A065||
01/01/2025|54|1340021020000|6.428|6.433|STRUCTURE_TYPE|1|13A066||
01/01/2025|54|1340021020000|7.014|7.061|STRUCTURE_TYPE|1|13A067||
01/01/2025|54|1340022000000|0.11|0.12|STRUCTURE_TYPE|1|13A253||
01/01/2025|54|1340024010000|1.427|1.432|STRUCTURE_TYPE|1|13A281||
01/01/2025|54|1340025000000|0.265|0.286|STRUCTURE_TYPE|1|13A070||
01/01/2025|54|1340025000000|2.419|2.429|STRUCTURE_TYPE|1|13A071||
01/01/2025|54|1340025000000|4.865|4.878|STRUCTURE_TYPE|1|13A274||
01/01/2025|54|1340025000000|7.48|7.492|STRUCTURE_TYPE|1|13A265||
01/01/2025|54|1340025000000|7.91|7.922|STRUCTURE_TYPE|1|13A232||
01/01/2025|54|1340025000000|8.402|8.411|STRUCTURE_TYPE|1|13A233||
01/01/2025|54|1340025000000|9.806|9.814|STRUCTURE_TYPE|1|13A234||
01/01/2025|54|1340025000000|14.052|14.125|STRUCTURE_TYPE|1|13A020||
01/01/2025|54|1340025000000|15.132|15.144|STRUCTURE_TYPE|1|13A112||
01/01/2025|54|1340026030000|0.563|0.574|STRUCTURE_TYPE|1|13A256||
01/01/2025|54|1340027010000|0.142|0.174|STRUCTURE_TYPE|1|13A040||
01/01/2025|54|1340027010000|0.2|0.23|STRUCTURE_TYPE|1|13A041||
01/01/2025|54|1340027010000|0.23|0.232|STRUCTURE_TYPE|1|13A041||
01/01/2025|54|1340027010000|0.277|0.281|STRUCTURE_TYPE|1|13A241||
01/01/2025|54|1340027030000|2.747|2.756|STRUCTURE_TYPE|1|13A069||
01/01/2025|54|1340027040000|0.024|0.067|STRUCTURE_TYPE|1|13A113||
01/01/2025|54|1340028000000|0.015|0.03|STRUCTURE_TYPE|1|13A042||
01/01/2025|54|1340028000000|0.03|0.05|STRUCTURE_TYPE|1|13A042||
01/01/2025|54|1340028000000|0.05|0.063|STRUCTURE_TYPE|1|13A042||
01/01/2025|54|1340029000000|2.575|2.591|STRUCTURE_TYPE|1|13A216||
01/01/2025|54|1340029040000|2.223|2.24|STRUCTURE_TYPE|1|13A043||
01/01/2025|54|1340029040000|2.24|2.273|STRUCTURE_TYPE|1|13A043||
01/01/2025|54|1340031000000|0.777|0.788|STRUCTURE_TYPE|1|13A079||
01/01/2025|54|1340031000000|1.374|1.387|STRUCTURE_TYPE|1|13A280||
01/01/2025|54|1340031000000|2.479|2.498|STRUCTURE_TYPE|1|13A212||
01/01/2025|54|1340032000000|1.362|1.409|STRUCTURE_TYPE|1|13A082||
01/01/2025|54|1340036000000|0.096|0.123|STRUCTURE_TYPE|1|13A083||
01/01/2025|54|1340036030000|0.262|0.268|STRUCTURE_TYPE|1|13A193||
01/01/2025|54|1340036030000|0.483|0.49|STRUCTURE_TYPE|1|13A084||
01/01/2025|54|1340036060000|0.032|0.042|STRUCTURE_TYPE|1|13A246||
01/01/2025|54|1340039010000|3.795|3.8|STRUCTURE_TYPE|1|13A089||
01/01/2025|54|1340039020000|0.23|0.235|STRUCTURE_TYPE|1|13A220||
01/01/2025|54|1340040000000|13.422|13.433|STRUCTURE_TYPE|1|13A237||
01/01/2025|54|1340040030000|1.169|1.176|STRUCTURE_TYPE|1|13A124||
01/01/2025|54|1340041000000|2.174|2.18|STRUCTURE_TYPE|1|13A239||
01/01/2025|54|1340042000000|4.829|4.84|STRUCTURE_TYPE|1|13A266||
01/01/2025|54|1340042000000|5.43|5.436|STRUCTURE_TYPE|1|13A092||
01/01/2025|54|1340042000000|6.139|6.148|STRUCTURE_TYPE|1|13A267||
01/01/2025|54|1340042000000|7.217|7.225|STRUCTURE_TYPE|1|13A229||
01/01/2025|54|1340043000000|4.072|4.12|STRUCTURE_TYPE|1|13A095||
01/01/2025|54|1340050000000|2.238|2.256|STRUCTURE_TYPE|1|13A259||
01/01/2025|54|1340050000000|2.361|2.377|STRUCTURE_TYPE|1|13A097||
01/01/2025|54|1340050000000|6.41|6.416|STRUCTURE_TYPE|1|13A099||
01/01/2025|54|1340050000000|6.753|6.758|STRUCTURE_TYPE|1|13A100||
01/01/2025|54|1340050030000|0.039|0.052|STRUCTURE_TYPE|1|13A268||
01/01/2025|54|1340054040000|0.263|0.272|STRUCTURE_TYPE|1|13A245||
01/01/2025|54|1340060010000|0.205|0.213|STRUCTURE_TYPE|1|13A119||
01/01/2025|54|1340060030000|1.168|1.175|STRUCTURE_TYPE|1|13A121||
01/01/2025|54|1340060070000|0.58|0.645|STRUCTURE_TYPE|1|13A122||
01/01/2025|54|1340060100000|1.967|1.975|STRUCTURE_TYPE|1|13A123||
01/01/2025|54|1340060120000|1.385|1.433|STRUCTURE_TYPE|1|13A125||
01/01/2025|54|1340060140000|3.269|3.273|STRUCTURE_TYPE|1|13A211||
01/01/2025|54|1340060140000|6.347|6.348|STRUCTURE_TYPE|1|13A127||
01/01/2025|54|1340060140000|6.348|6.384|STRUCTURE_TYPE|1|13A127||
01/01/2025|54|1340060180000|0.812|0.824|STRUCTURE_TYPE|1|13A129||
01/01/2025|54|1340060220000|0.048|0.055|STRUCTURE_TYPE|1|13A130||
01/01/2025|54|1340060230000|0.102|0.11|STRUCTURE_TYPE|1|13A131||
01/01/2025|54|1340060250000|0.03|0.041|STRUCTURE_TYPE|1|13A132||
01/01/2025|54|1340060290000|0.01|0.031|STRUCTURE_TYPE|1|13A271||
01/01/2025|54|1340060320000|0.721|0.732|STRUCTURE_TYPE|1|13A252||
01/01/2025|54|1340060320000|1.676|1.682|STRUCTURE_TYPE|1|13A197||
01/01/2025|54|1340060320000|7.595|7.602|STRUCTURE_TYPE|1|13A136||
01/01/2025|54|1340060340000|9.03|9.075|STRUCTURE_TYPE|1|13A137||
01/01/2025|54|1340060340000|9.293|9.314|STRUCTURE_TYPE|1|13A138||
01/01/2025|54|1340060570000|0.034|0.045|STRUCTURE_TYPE|1|13A013||
01/01/2025|54|1340060730000|0.018|0.024|STRUCTURE_TYPE|1|13A213||
01/01/2025|54|1340060750000|0.006|0.014|STRUCTURE_TYPE|1|13A215||
01/01/2025|54|1340060790000|0.11|0.12|STRUCTURE_TYPE|1|13A228||
01/01/2025|54|1340060870000|0.158|0.188|STRUCTURE_TYPE|1|13A243||
01/01/2025|54|1340062000000|0.138|0.168|STRUCTURE_TYPE|1|13A206||
01/01/2025|54|1340062010000|0.753|0.773|STRUCTURE_TYPE|1|13A140||
01/01/2025|54|1340066000000|1.482|1.492|STRUCTURE_TYPE|1|13A171||
01/01/2025|54|1340068000000|0.834|0.846|STRUCTURE_TYPE|1|13A172||
01/01/2025|54|1340092070000|0.125|0.131|STRUCTURE_TYPE|1|13A244||
01/01/2025|54|1340219020000|2.557|2.569|STRUCTURE_TYPE|1|13A275||
01/01/2025|54|1380917000000|0.08|0.084|STRUCTURE_TYPE|1|13A230||
01/01/2025|54|1401061000000|0.154|0.1611|STRUCTURE_TYPE|1|14A087||
01/01/2025|54|14200500000EB|4.461|4.47|STRUCTURE_TYPE|1|14A102||
01/01/2025|54|14200500000EB|4.47|4.495|STRUCTURE_TYPE|1|14A102||
01/01/2025|54|14200500000EB|7.292|7.47|STRUCTURE_TYPE|1|14A120||
01/01/2025|54|14200500000EB|14.948|14.954|STRUCTURE_TYPE|1|14A125||
01/01/2025|54|14200500000EB|15.128|15.138|STRUCTURE_TYPE|1|14A049||
01/01/2025|54|14200500000EB|31.009|31.044|STRUCTURE_TYPE|1|14A054||
01/01/2025|54|14200500000EB|32.289|32.301|STRUCTURE_TYPE|1|14A131||
01/01/2025|54|14200500000WB|1.582|1.614|STRUCTURE_TYPE|1|14A101||
01/01/2025|54|14200500000WB|5.018|5.023|STRUCTURE_TYPE|1|14A046||
01/01/2025|54|14200500000WB|19.154|19.163|STRUCTURE_TYPE|1|14A050||
01/01/2025|54|14200500000WB|20.025|20.057|STRUCTURE_TYPE|1|14A129||
01/01/2025|54|14200500000WB|22.937|22.966|STRUCTURE_TYPE|1|14A052||
01/01/2025|54|14202200000NB|3.032|3.039|STRUCTURE_TYPE|1|14A067||
01/01/2025|54|1430028000000|22.253|22.27|STRUCTURE_TYPE|1|14A133||
01/01/2025|54|1430028000000|22.27|22.344|STRUCTURE_TYPE|1|14A133||
01/01/2025|54|1430029000000|0.574|0.606|STRUCTURE_TYPE|1|14A020||
01/01/2025|54|1430029000000|8.674|8.716|STRUCTURE_TYPE|1|14A021||
01/01/2025|54|1430029000000|12.078|12.085|STRUCTURE_TYPE|1|14A022||
01/01/2025|54|1430029000000|22.102|22.106|STRUCTURE_TYPE|1|14A037||
01/01/2025|54|1430029000200|0.043|0.05|STRUCTURE_TYPE|1|14A036||
01/01/2025|54|1430127000000|0.282|0.317|STRUCTURE_TYPE|1|14A098||
01/01/2025|54|1430127000000|1.414|1.464|STRUCTURE_TYPE|1|14A117||
01/01/2025|54|1430127000000|2.387|2.3972|STRUCTURE_TYPE|1|14A136||
01/01/2025|54|1430127000000|3.156|3.1662|STRUCTURE_TYPE|1|14A135||
01/01/2025|54|1430259000000|4.677|4.744|STRUCTURE_TYPE|1|14A095||
01/01/2025|54|1430259000000|5.772|5.778|STRUCTURE_TYPE|1|14A074||
01/01/2025|54|1440001000000|7.247|7.252|STRUCTURE_TYPE|1|14A097||
01/01/2025|54|1440001000000|7.579|7.588|STRUCTURE_TYPE|1|14A089||
01/01/2025|54|1440001000000|7.782|7.84|STRUCTURE_TYPE|1|14A134||
01/01/2025|54|1440002000000|10.28|10.293|STRUCTURE_TYPE|1|14A004||
01/01/2025|54|1440003000000|1.33|1.335|STRUCTURE_TYPE|1|14A005||
01/01/2025|54|1440003000000|2.765|2.836|STRUCTURE_TYPE|1|14A006||
01/01/2025|54|1440003000000|9.473|9.503|STRUCTURE_TYPE|1|14A112||
01/01/2025|54|1440003000000|10.186|10.195|STRUCTURE_TYPE|1|14A111||
01/01/2025|54|1440003000000|10.778|10.786|STRUCTURE_TYPE|1|14A009||
01/01/2025|54|1440003020000|3.645|3.653|STRUCTURE_TYPE|1|14A081||
01/01/2025|54|1440003030000|2.913|2.932|STRUCTURE_TYPE|1|14A091||
01/01/2025|54|1440004010000|2.284|2.307|STRUCTURE_TYPE|1|14A011||
01/01/2025|54|1440004020000|4.491|4.496|STRUCTURE_TYPE|1|14A012||
01/01/2025|54|1440004030000|0.026|0.031|STRUCTURE_TYPE|1|14A115||
01/01/2025|54|1440005040000|1.787|1.793|STRUCTURE_TYPE|1|14A013||
01/01/2025|54|1440007000000|1.164|1.176|STRUCTURE_TYPE|1|14A034||
01/01/2025|54|1440007000000|7.384|7.392|STRUCTURE_TYPE|1|14A035||
01/01/2025|54|1440007010000|0.093|0.099|STRUCTURE_TYPE|1|14A106||
01/01/2025|54|1440007010000|5.724|5.739|STRUCTURE_TYPE|1|14A014||
01/01/2025|54|1440007070000|1.475|1.481|STRUCTURE_TYPE|1|14A015||
01/01/2025|54|1440008000000|0.891|0.897|STRUCTURE_TYPE|1|14A090||
01/01/2025|54|1440008000000|2.689|2.696|STRUCTURE_TYPE|1|14A127||
01/01/2025|54|1440008000000|4.673|4.678|STRUCTURE_TYPE|1|14A128||
01/01/2025|54|1440008000000|6.579|6.589|STRUCTURE_TYPE|1|14A017||
01/01/2025|54|1440008000000|9.864|9.876|STRUCTURE_TYPE|1|14A086||
01/01/2025|54|1440010000000|10.24|10.246|STRUCTURE_TYPE|1|14A018||
01/01/2025|54|1440010020000|2.23|2.234|STRUCTURE_TYPE|1|14A104||
01/01/2025|54|1440010030000|0.548|0.555|STRUCTURE_TYPE|1|14A105||
01/01/2025|54|1440010030000|1.141|1.148|STRUCTURE_TYPE|1|14A108||
01/01/2025|54|1440010050000|0.006|0.013|STRUCTURE_TYPE|1|14A082||
01/01/2025|54|1440010060000|2.581|2.587|STRUCTURE_TYPE|1|14A019||
01/01/2025|54|1440012000000|5.429|5.435|STRUCTURE_TYPE|1|14A085||
01/01/2025|54|1440012000000|6.582|6.588|STRUCTURE_TYPE|1|14A079||
01/01/2025|54|1440012000000|8.393|8.402|STRUCTURE_TYPE|1|14A080||
01/01/2025|54|1440012030000|0.464|0.474|STRUCTURE_TYPE|1|14A023||
01/01/2025|54|1440013000000|6.335|6.347|STRUCTURE_TYPE|1|14A024||
01/01/2025|54|1440013010000|0.571|0.584|STRUCTURE_TYPE|1|14A025||
01/01/2025|54|1440013060000|0.097|0.104|STRUCTURE_TYPE|1|14A084||
01/01/2025|54|1440014000000|10.169|10.178|STRUCTURE_TYPE|1|14A026||
01/01/2025|54|1440016000000|6.025|6.064|STRUCTURE_TYPE|1|14A078||
01/01/2025|54|1440023040000|2.346|2.352|STRUCTURE_TYPE|1|14A029||
01/01/2025|54|1440023090000|0.648|0.657|STRUCTURE_TYPE|1|14A121||
01/01/2025|54|1440029010000|4.471|4.476|STRUCTURE_TYPE|1|14A123||
01/01/2025|54|1440029010000|4.535|4.54|STRUCTURE_TYPE|1|14A122||
01/01/2025|54|1440029010000|4.709|4.714|STRUCTURE_TYPE|1|14A119||
01/01/2025|54|1440029010000|4.763|4.768|STRUCTURE_TYPE|1|14A118||
01/01/2025|54|1440029020000|0.174|0.181|STRUCTURE_TYPE|1|14A113||
01/01/2025|54|1440029030000|0.749|0.758|STRUCTURE_TYPE|1|14A109||
01/01/2025|54|1440045050000|6.634|6.64|STRUCTURE_TYPE|1|14A039||
01/01/2025|54|1440045060000|2.133|2.138|STRUCTURE_TYPE|1|14A040||
01/01/2025|54|1440045070000|0.059|0.089|STRUCTURE_TYPE|1|14A041||
01/01/2025|54|1440045200000|2.374|2.379|STRUCTURE_TYPE|1|14A126||
01/01/2025|54|1440045200000|2.457|2.486|STRUCTURE_TYPE|1|14A124||
01/01/2025|54|1440050080000|0.03|0.038|STRUCTURE_TYPE|1|14A056||
01/01/2025|54|1440050090000|0.258|0.268|STRUCTURE_TYPE|1|14A130||
01/01/2025|54|1440050090000|3.469|3.48|STRUCTURE_TYPE|1|14A099||
01/01/2025|54|1440050090000|4.778|4.784|STRUCTURE_TYPE|1|14A059||
01/01/2025|54|1440050090000|7.187|7.193|STRUCTURE_TYPE|1|14A060||
01/01/2025|54|1440050090000|9.659|9.666|STRUCTURE_TYPE|1|14A061||
01/01/2025|54|1440050160000|1.867|1.872|STRUCTURE_TYPE|1|14A062||
01/01/2025|54|1440050170000|2.062|2.07|STRUCTURE_TYPE|1|14A096||
01/01/2025|54|1440050170000|2.752|2.757|STRUCTURE_TYPE|1|14A063||
01/01/2025|54|1440050250000|4.144|4.15|STRUCTURE_TYPE|1|14A064||
01/01/2025|54|1440050350000|0.015|0.039|STRUCTURE_TYPE|1|14A110||
01/01/2025|54|1440220060000|0.081|0.093|STRUCTURE_TYPE|1|14A088||
01/01/2025|54|1440220100000|2.871|2.876|STRUCTURE_TYPE|1|14A070||
01/01/2025|54|1440220100000|3.15|3.159|STRUCTURE_TYPE|1|14A071||
01/01/2025|54|1440220110000|4.82|4.83|STRUCTURE_TYPE|1|14A072||
01/01/2025|54|1500308000000|0.063|0.0747|STRUCTURE_TYPE|1|15A995||
01/01/2025|54|1500919000000|0.008|0.3091|STRUCTURE_TYPE|1|15A801||
01/01/2025|54|15200300000EB|0.0|0.105|STRUCTURE_TYPE|1|15A023||
01/01/2025|54|15200300000EB|0.105|0.488|STRUCTURE_TYPE|1|15A025||
01/01/2025|54|15200300000WB|0.0|0.147|STRUCTURE_TYPE|1|15A024||
01/01/2025|54|15200300017WB0000C|0.037|0.059|STRUCTURE_TYPE|1|15A026||
01/01/2025|54|1530002000000|1.146|1.215|STRUCTURE_TYPE|1|15A041||
01/01/2025|54|1530002000000|1.237|1.508|STRUCTURE_TYPE|1|15A031||
01/01/2025|54|1530002000000|3.021|3.082|STRUCTURE_TYPE|1|15A044||
01/01/2025|54|1530002000000|8.133|8.152|STRUCTURE_TYPE|1|15A002||
01/01/2025|54|1530002000000|11.639|11.673|STRUCTURE_TYPE|1|15A003||
01/01/2025|54|1530008000000|1.259|1.264|STRUCTURE_TYPE|1|15A040||
01/01/2025|54|1530008000000|3.361|3.367|STRUCTURE_TYPE|1|15A034||
01/01/2025|54|1530008000000|5.54|5.544|STRUCTURE_TYPE|1|15A011||
01/01/2025|54|1540002030000|0.892|0.897|STRUCTURE_TYPE|1|15A004||
01/01/2025|54|1540002070000|0.355|0.36|STRUCTURE_TYPE|1|15A042||
01/01/2025|54|1540003000000|1.415|1.422|STRUCTURE_TYPE|1|15A007||
01/01/2025|54|1540007000000|0.257|0.264|STRUCTURE_TYPE|1|15A008||
01/01/2025|54|1540007000000|2.1|2.106|STRUCTURE_TYPE|1|15A009||
01/01/2025|54|1540009040000|1.457|1.465|STRUCTURE_TYPE|1|15A012||
01/01/2025|54|1540011000000|2.315|2.342|STRUCTURE_TYPE|1|15A013||
01/01/2025|54|1540011000000|2.96|2.974|STRUCTURE_TYPE|1|15A045||
01/01/2025|54|1540011010000|0.769|0.777|STRUCTURE_TYPE|1|15A015||
01/01/2025|54|1540012000000|2.334|2.339|STRUCTURE_TYPE|1|15A046||
01/01/2025|54|1540014000000|2.346|2.351|STRUCTURE_TYPE|1|15A033||
01/01/2025|54|1540015000000|1.98|1.994|STRUCTURE_TYPE|1|15A043||
01/01/2025|54|1540018000000|2.347|2.351|STRUCTURE_TYPE|1|15A017||
01/01/2025|54|1560801000000|0.239|0.245|STRUCTURE_TYPE|1|15A005||
01/01/2025|54|1571502001900|0.29|0.296|STRUCTURE_TYPE|1|15A998||
01/01/2025|54|1571502001900|0.296|0.298|STRUCTURE_TYPE|1|15A998||
01/01/2025|54|16200480000EB|4.265|4.3|STRUCTURE_TYPE|1|16A148||
01/01/2025|54|16200480000EB|8.136|8.5|STRUCTURE_TYPE|1|16A150||
01/01/2025|54|16200480000EB|8.5|8.541|STRUCTURE_TYPE|1|16A150||
01/01/2025|54|16200480000EB|8.648|8.677|STRUCTURE_TYPE|1|16A143||
01/01/2025|54|16200480000EB|10.019|10.039|STRUCTURE_TYPE|1|16A135||
01/01/2025|54|16200480000EB|13.757|14.048|STRUCTURE_TYPE|1|16A124||
01/01/2025|54|16200480000EB|21.562|21.648|STRUCTURE_TYPE|1|16A116||
01/01/2025|54|16200480000EB|24.087|24.11|STRUCTURE_TYPE|1|16A126||
01/01/2025|54|16200480000EB|24.243|24.37|STRUCTURE_TYPE|1|16A128||
01/01/2025|54|16200480000EB|25.517|25.818|STRUCTURE_TYPE|1|16A130||
01/01/2025|54|16200480000EB|28.824|28.924|STRUCTURE_TYPE|1|16A132||
01/01/2025|54|16200480000EB|29.297|29.478|STRUCTURE_TYPE|1|16A138||
01/01/2025|54|16200480000WB|3.663|3.67|STRUCTURE_TYPE|1|16A151||
01/01/2025|54|16200480000WB|4.292|4.327|STRUCTURE_TYPE|1|16A149||
01/01/2025|54|16200480000WB|8.972|9.076|STRUCTURE_TYPE|1|16A144||
01/01/2025|54|16200480000WB|21.583|21.669|STRUCTURE_TYPE|1|16A117||
01/01/2025|54|16200480000WB|24.11|24.133|STRUCTURE_TYPE|1|16A127||
01/01/2025|54|16200480000WB|24.274|24.37|STRUCTURE_TYPE|1|16A129||
01/01/2025|54|16200480000WB|24.37|24.4|STRUCTURE_TYPE|1|16A129||
01/01/2025|54|16200480000WB|25.535|25.833|STRUCTURE_TYPE|1|16A131||
01/01/2025|54|16200480000WB|28.845|28.939|STRUCTURE_TYPE|1|16A133||
01/01/2025|54|16200480000WB|29.312|29.518|STRUCTURE_TYPE|1|16A139||
01/01/2025|54|16202200000NB|0.209|0.301|STRUCTURE_TYPE|1|16A070||
01/01/2025|54|16202200000NB|2.425|2.434|STRUCTURE_TYPE|1|16A160||
01/01/2025|54|16202200000NB|3.173|3.177|STRUCTURE_TYPE|1|16A102||
01/01/2025|54|16202200000NB|11.699|11.707|STRUCTURE_TYPE|1|16A075||
01/01/2025|54|16202200000NB|12.681|12.687|STRUCTURE_TYPE|1|16A076||
01/01/2025|54|16202200000NB|17.85|17.883|STRUCTURE_TYPE|1|16A079||
01/01/2025|54|16202200000SB|2.386|2.394|STRUCTURE_TYPE|1|16A109||
01/01/2025|54|16202200000SB|9.555|9.61|STRUCTURE_TYPE|1|16A105||
01/01/2025|54|16202200000SB|13.011|13.078|STRUCTURE_TYPE|1|16A077||
01/01/2025|54|16202200000SB|14.975|14.998|STRUCTURE_TYPE|1|16A157||
01/01/2025|54|1630029000000|3.303|3.308|STRUCTURE_TYPE|1|16A053||
01/01/2025|54|1630029000000|3.506|3.511|STRUCTURE_TYPE|1|16A054||
01/01/2025|54|1630029000000|5.398|5.403|STRUCTURE_TYPE|1|16A055||
01/01/2025|54|1630029000000|5.738|5.749|STRUCTURE_TYPE|1|16A056||
01/01/2025|54|1630055000000|11.426|11.543|STRUCTURE_TYPE|1|16A136||
01/01/2025|54|1630055000000|35.0|35.019|STRUCTURE_TYPE|1|16A064||
01/01/2025|54|1630055000000|36.611|36.64|STRUCTURE_TYPE|1|16A162||
01/01/2025|54|1630055000000|37.488|37.493|STRUCTURE_TYPE|1|16A066||
01/01/2025|54|16300550000WB|11.997|12.021|STRUCTURE_TYPE|1|16A134||
01/01/2025|54|1630259000000|4.382|4.388|STRUCTURE_TYPE|1|16A085||
01/01/2025|54|1630259000000|4.721|4.73|STRUCTURE_TYPE|1|16A086||
01/01/2025|54|1630259000000|10.416|10.448|STRUCTURE_TYPE|1|16A088||
01/01/2025|54|1630259000000|10.739|10.751|STRUCTURE_TYPE|1|16A158||
01/01/2025|54|1630259000000|13.971|14.001|STRUCTURE_TYPE|1|16A090||
01/01/2025|54|1630259000000|18.487|18.492|STRUCTURE_TYPE|1|16A091||
01/01/2025|54|1630259000000|20.394|20.418|STRUCTURE_TYPE|1|16A061||
01/01/2025|54|1630259000000|30.896|30.938|STRUCTURE_TYPE|1|16A111||
01/01/2025|54|1630259000000|31.695|31.701|STRUCTURE_TYPE|1|16A093||
01/01/2025|54|1640001000000|5.507|5.517|STRUCTURE_TYPE|1|16A001||
01/01/2025|54|1640001000000|6.098|6.114|STRUCTURE_TYPE|1|16A002||
01/01/2025|54|1640001000000|6.587|6.598|STRUCTURE_TYPE|1|16A003||
01/01/2025|54|1640001000000|7.357|7.369|STRUCTURE_TYPE|1|16A004||
01/01/2025|54|1640001010000|1.909|1.914|STRUCTURE_TYPE|1|16A122||
01/01/2025|54|1640001010000|5.704|5.709|STRUCTURE_TYPE|1|16A142||
01/01/2025|54|1640001030000|0.263|0.269|STRUCTURE_TYPE|1|16A145||
01/01/2025|54|1640001030000|0.389|0.395|STRUCTURE_TYPE|1|16A147||
01/01/2025|54|1640001030000|1.295|1.301|STRUCTURE_TYPE|1|16A153||
01/01/2025|54|1640001040000|2.092|2.098|STRUCTURE_TYPE|1|16A156||
01/01/2025|54|1640001050000|3.105|3.119|STRUCTURE_TYPE|1|16A008||
01/01/2025|54|1640002000000|8.417|8.435|STRUCTURE_TYPE|1|16A161||
01/01/2025|54|1640004010000|0.218|0.223|STRUCTURE_TYPE|1|16A010||
01/01/2025|54|1640005000000|1.003|1.011|STRUCTURE_TYPE|1|16A011||
01/01/2025|54|1640005010000|1.883|1.891|STRUCTURE_TYPE|1|16A012||
01/01/2025|54|1640005010000|3.921|3.928|STRUCTURE_TYPE|1|16A013||
01/01/2025|54|1640005010000|6.204|6.209|STRUCTURE_TYPE|1|16A014||
01/01/2025|54|1640006000000|0.442|0.451|STRUCTURE_TYPE|1|16A125||
01/01/2025|54|1640006000000|4.173|4.181|STRUCTURE_TYPE|1|16A016||
01/01/2025|54|1640006000000|4.473|4.479|STRUCTURE_TYPE|1|16A017||
01/01/2025|54|1640007000000|0.08|0.138|STRUCTURE_TYPE|1|16A018||
01/01/2025|54|1640007000000|15.414|15.483|STRUCTURE_TYPE|1|16A019||
01/01/2025|54|1640007000000|17.851|17.858|STRUCTURE_TYPE|1|16A020||
01/01/2025|54|1640007020000|0.013|0.051|STRUCTURE_TYPE|1|16A108||
01/01/2025|54|1640008000000|0.031|0.038|STRUCTURE_TYPE|1|16A022||
01/01/2025|54|1640008000000|7.895|7.915|STRUCTURE_TYPE|1|16A023||
01/01/2025|54|1640010000000|7.052|7.06|STRUCTURE_TYPE|1|16A024||
01/01/2025|54|1640010030000|0.626|0.632|STRUCTURE_TYPE|1|16A025||
01/01/2025|54|1640011000000|0.769|0.777|STRUCTURE_TYPE|1|16A026||
01/01/2025|54|1640011000000|1.663|1.671|STRUCTURE_TYPE|1|16A005||
01/01/2025|54|1640011000000|7.254|7.259|STRUCTURE_TYPE|1|16A027||
01/01/2025|54|1640011030000|0.426|0.432|STRUCTURE_TYPE|1|16A141||
01/01/2025|54|1640011030000|1.199|1.205|STRUCTURE_TYPE|1|16A154||
01/01/2025|54|1640012000000|0.742|0.747|STRUCTURE_TYPE|1|16A159||
01/01/2025|54|1640012000000|1.031|1.037|STRUCTURE_TYPE|1|16A030||
01/01/2025|54|1640012000000|3.231|3.238|STRUCTURE_TYPE|1|16A031||
01/01/2025|54|1640012020000|2.561|2.567|STRUCTURE_TYPE|1|16A032||
01/01/2025|54|1640013000000|0.611|0.699|STRUCTURE_TYPE|1|16A081||
01/01/2025|54|1640014000000|6.472|6.483|STRUCTURE_TYPE|1|16A033||
01/01/2025|54|1640014000000|7.36|7.37|STRUCTURE_TYPE|1|16A152||
01/01/2025|54|1640014000000|10.02|10.045|STRUCTURE_TYPE|1|16A035||
01/01/2025|54|1640014010000|4.542|4.548|STRUCTURE_TYPE|1|16A155||
01/01/2025|54|1640014010000|5.076|5.082|STRUCTURE_TYPE|1|16A140||
01/01/2025|54|1640014010000|5.774|5.78|STRUCTURE_TYPE|1|16A036||
01/01/2025|54|1640016000000|0.416|0.425|STRUCTURE_TYPE|1|16A095||
01/01/2025|54|1640016000000|0.707|0.714|STRUCTURE_TYPE|1|16A096||
01/01/2025|54|1640016000000|10.667|10.677|STRUCTURE_TYPE|1|16A097||
01/01/2025|54|1640018000000|4.065|4.071|STRUCTURE_TYPE|1|16A037||
01/01/2025|54|1640018010000|0.005|0.012|STRUCTURE_TYPE|1|16A038||
01/01/2025|54|1640018020000|0.0|0.006|STRUCTURE_TYPE|1|16A039||
01/01/2025|54|1640020000000|0.051|0.07|STRUCTURE_TYPE|1|16A106||
01/01/2025|54|1640020000000|0.266|0.277|STRUCTURE_TYPE|1|16A100||
01/01/2025|54|1640020000000|2.094|2.1|STRUCTURE_TYPE|1|16A042||
01/01/2025|54|1640020010000|0.005|0.013|STRUCTURE_TYPE|1|16A043||
01/01/2025|54|1640020010000|0.156|0.173|STRUCTURE_TYPE|1|16A044||
01/01/2025|54|1640020020000|0.944|0.953|STRUCTURE_TYPE|1|16A107||
01/01/2025|54|1640023010000|0.178|0.183|STRUCTURE_TYPE|1|16A046||
01/01/2025|54|1640023020000|0.461|0.467|STRUCTURE_TYPE|1|16A114||
01/01/2025|54|1640023020000|0.852|0.857|STRUCTURE_TYPE|1|16A121||
01/01/2025|54|1640023060000|1.342|1.349|STRUCTURE_TYPE|1|16A112||
01/01/2025|54|1640023070000|0.052|0.08|STRUCTURE_TYPE|1|16A118||
01/01/2025|54|1640023070000|0.08|0.081|STRUCTURE_TYPE|1|16A118||
01/01/2025|54|1640023100000|0.939|0.947|STRUCTURE_TYPE|1|16A048||
01/01/2025|54|1640023100000|7.084|7.097|STRUCTURE_TYPE|1|16A049||
01/01/2025|54|1640023100000|10.202|10.206|STRUCTURE_TYPE|1|16A050||
01/01/2025|54|1640023120000|1.043|1.051|STRUCTURE_TYPE|1|16A101||
01/01/2025|54|1640023130000|0.546|0.552|STRUCTURE_TYPE|1|16A052||
01/01/2025|54|1640053000000|0.136|0.156|STRUCTURE_TYPE|1|16A057||
01/01/2025|54|1640055020000|0.675|0.68|STRUCTURE_TYPE|1|16A113||
01/01/2025|54|1640055200000|3.737|3.77|STRUCTURE_TYPE|1|16A119||
01/01/2025|54|1640055200000|5.533|5.566|STRUCTURE_TYPE|1|16A123||
01/01/2025|54|1640055200000|15.071|15.09|STRUCTURE_TYPE|1|16A060||
01/01/2025|54|1640055200000|15.09|15.091|STRUCTURE_TYPE|1|16A060||
01/01/2025|54|1640055200000|24.367|24.394|STRUCTURE_TYPE|1|16A063||
01/01/2025|54|1640055260000|0.0|0.019|STRUCTURE_TYPE|1|16A163||
01/01/2025|54|1640059010000|0.006|0.012|STRUCTURE_TYPE|1|16A068||
01/01/2025|54|1640059010000|4.032|4.039|STRUCTURE_TYPE|1|16A069||
01/01/2025|54|1640220020000|2.235|2.244|STRUCTURE_TYPE|1|16A080||
01/01/2025|54|1640220080000|0.181|0.189|STRUCTURE_TYPE|1|16A083||
01/01/2025|54|1640220080000|2.506|2.5215|STRUCTURE_TYPE|1|16A146||
01/01/2025|54|1640259030000|3.392|3.397|STRUCTURE_TYPE|1|16A094||
01/01/2025|54|1640259080000|3.917|3.921|STRUCTURE_TYPE|1|16A099||
01/01/2025|54|1660814000000|0.064|0.07|STRUCTURE_TYPE|1|16A103||
01/01/2025|54|1700009000000|0.21|0.2193|STRUCTURE_TYPE|1|17A915||
01/01/2025|54|1700048160000|0.045|0.0511|STRUCTURE_TYPE|1|17A918||
01/01/2025|54|1700241000000|0.024|0.0433|STRUCTURE_TYPE|1|17A922||
01/01/2025|54|1700359000000|0.181|0.1952|STRUCTURE_TYPE|1|17A919||
01/01/2025|54|1700794000000|0.191|0.1999|STRUCTURE_TYPE|1|17A906||
01/01/2025|54|1701053000000|0.009|0.0148|STRUCTURE_TYPE|1|17A901||
01/01/2025|54|1701225000000|0.045|0.0506|STRUCTURE_TYPE|1|17A916||
01/01/2025|54|1701335000000|0.029|0.0369|STRUCTURE_TYPE|1|17A921||
01/01/2025|54|1701417000000|0.094|0.0993|STRUCTURE_TYPE|1|17A900||
01/01/2025|54|1701516000000|0.041|0.0457|STRUCTURE_TYPE|1|17A310||
01/01/2025|54|1702138000000|0.021|0.0275|STRUCTURE_TYPE|1|17A914||
01/01/2025|54|1703081000000|0.797|0.8095|STRUCTURE_TYPE|1|17A925||
01/01/2025|54|17100790000NB|107.534|107.557|STRUCTURE_TYPE|1|17A237||
01/01/2025|54|17100790000NB|109.48|109.523|STRUCTURE_TYPE|1|17A239||
01/01/2025|54|17100790000NB|109.703|109.726|STRUCTURE_TYPE|1|17A241||
01/01/2025|54|17100790000NB|110.625|110.656|STRUCTURE_TYPE|1|17A243||
01/01/2025|54|17100790000NB|111.881|111.931|STRUCTURE_TYPE|1|17A246||
01/01/2025|54|17100790000NB|114.147|114.152|STRUCTURE_TYPE|1|17A248||
01/01/2025|54|17100790000NB|114.876|114.932|STRUCTURE_TYPE|1|17A249||
01/01/2025|54|17100790000NB|115.306|115.342|STRUCTURE_TYPE|1|17A251||
01/01/2025|54|17100790000NB|115.846|115.896|STRUCTURE_TYPE|1|17A253||
01/01/2025|54|17100790000NB|117.263|117.314|STRUCTURE_TYPE|1|17A255||
01/01/2025|54|17100790000NB|117.707|117.742|STRUCTURE_TYPE|1|17A257||
01/01/2025|54|17100790000NB|121.277|121.319|STRUCTURE_TYPE|1|17A316||
01/01/2025|54|17100790000NB|122.117|122.121|STRUCTURE_TYPE|1|17A284||
01/01/2025|54|17100790000NB|128.913|128.937|STRUCTURE_TYPE|1|17A265||
01/01/2025|54|17100790000SB|107.54|107.566|STRUCTURE_TYPE|1|17A238||
01/01/2025|54|17100790000SB|109.481|109.524|STRUCTURE_TYPE|1|17A240||
01/01/2025|54|17100790000SB|109.706|109.729|STRUCTURE_TYPE|1|17A242||
01/01/2025|54|17100790000SB|110.626|110.651|STRUCTURE_TYPE|1|17A244||
01/01/2025|54|17100790000SB|111.885|111.935|STRUCTURE_TYPE|1|17A247||
01/01/2025|54|17100790000SB|114.886|114.942|STRUCTURE_TYPE|1|17A250||
01/01/2025|54|17100790000SB|115.312|115.348|STRUCTURE_TYPE|1|17A252||
01/01/2025|54|17100790000SB|115.854|115.904|STRUCTURE_TYPE|1|17A254||
01/01/2025|54|17100790000SB|117.268|117.319|STRUCTURE_TYPE|1|17A256||
01/01/2025|54|17100790000SB|117.716|117.751|STRUCTURE_TYPE|1|17A258||
01/01/2025|54|17100790000SB|119.927|119.985|STRUCTURE_TYPE|1|17A318||
01/01/2025|54|17100790000SB|120.648|120.692|STRUCTURE_TYPE|1|17A319||
01/01/2025|54|17100790000SB|121.289|121.331|STRUCTURE_TYPE|1|17A317||
01/01/2025|54|17100790000SB|128.911|128.935|STRUCTURE_TYPE|1|17A267||
01/01/2025|54|17200190000NB|0.219|0.235|STRUCTURE_TYPE|1|17A067||
01/01/2025|54|17200190000NB|1.388|1.403|STRUCTURE_TYPE|1|17A071||
01/01/2025|54|17200190000NB|4.943|4.947|STRUCTURE_TYPE|1|17A072||
01/01/2025|54|17200190000NB|9.643|9.648|STRUCTURE_TYPE|1|17A073||
01/01/2025|54|17200190000NB|15.546|15.58|STRUCTURE_TYPE|1|17A074||
01/01/2025|54|17200190000NB|16.271|16.326|STRUCTURE_TYPE|1|17A076||
01/01/2025|54|17200190000NB|17.067|17.083|STRUCTURE_TYPE|1|17A079||
01/01/2025|54|17200190000NB|25.735|25.741|STRUCTURE_TYPE|1|17A084||
01/01/2025|54|17200190000SB|4.488|4.518|STRUCTURE_TYPE|1|17A069||
01/01/2025|54|17200190000SB|15.621|15.642|STRUCTURE_TYPE|1|17A075||
01/01/2025|54|17200190000SB|18.322|18.327|STRUCTURE_TYPE|1|17A293||
01/01/2025|54|17200190000SB|23.257|23.387|STRUCTURE_TYPE|1|17A337||
01/01/2025|54|17200190024NB|26.238|26.3462|STRUCTURE_TYPE|1|17A351||
01/01/2025|54|17200500000EB|3.375|3.409|STRUCTURE_TYPE|1|17A359||
01/01/2025|54|17200500000EB|4.369|4.4832|STRUCTURE_TYPE|1|17A366||
01/01/2025|54|17200500000EB|6.055|6.075|STRUCTURE_TYPE|1|17A187||
01/01/2025|54|17200500000EB|13.369|13.408|STRUCTURE_TYPE|1|17A190||
01/01/2025|54|17200500000EB|13.557|13.589|STRUCTURE_TYPE|1|17A192||
01/01/2025|54|17200500000EB|14.636|14.688|STRUCTURE_TYPE|1|17A198||
01/01/2025|54|17200500000EB|15.297|15.452|STRUCTURE_TYPE|1|17A199||
01/01/2025|54|17200500000EB|16.301|16.331|STRUCTURE_TYPE|1|17A205||
01/01/2025|54|17200500000EB|18.093|18.167|STRUCTURE_TYPE|1|17A208||
01/01/2025|54|17200500000EB|19.618|19.623|STRUCTURE_TYPE|1|17A210||
01/01/2025|54|17200500000EB|20.012|20.029|STRUCTURE_TYPE|1|17A245||
01/01/2025|54|17200500000WB|3.371|3.405|STRUCTURE_TYPE|1|17A360||
01/01/2025|54|17200500000WB|4.37|4.488|STRUCTURE_TYPE|1|17A186||
01/01/2025|54|17200500000WB|6.053|6.073|STRUCTURE_TYPE|1|17A189||
01/01/2025|54|17200500000WB|14.228|14.302|STRUCTURE_TYPE|1|17A195||
01/01/2025|54|17200500000WB|15.536|15.662|STRUCTURE_TYPE|1|17A204||
01/01/2025|54|17200500000WB|16.286|16.316|STRUCTURE_TYPE|1|17A207||
01/01/2025|54|1730020000000|2.05|2.056|STRUCTURE_TYPE|1|17A098||
01/01/2025|54|1730020000000|4.521|4.544|STRUCTURE_TYPE|1|17A099||
01/01/2025|54|1730020000000|8.759|8.804|STRUCTURE_TYPE|1|17A100||
01/01/2025|54|1730020000000|12.997|13.052|STRUCTURE_TYPE|1|17A102||
01/01/2025|54|1730020000000|13.081|13.122|STRUCTURE_TYPE|1|17A103||
01/01/2025|54|1730020000000|13.967|13.986|STRUCTURE_TYPE|1|17A362||
01/01/2025|54|1730020000000|25.356|25.476|STRUCTURE_TYPE|1|17A106||
01/01/2025|54|1730020000000|26.224|26.231|STRUCTURE_TYPE|1|17A107||
01/01/2025|54|1730020000000|30.319|30.338|STRUCTURE_TYPE|1|17A339||
01/01/2025|54|1730020000000|30.574|30.596|STRUCTURE_TYPE|1|17A364||
01/01/2025|54|1730020000000|36.082|36.122|STRUCTURE_TYPE|1|17A330||
01/01/2025|54|1730020000000|36.258|36.292|STRUCTURE_TYPE|1|17A331||
01/01/2025|54|17300200005SB|0.771|0.79|STRUCTURE_TYPE|1|17A112||
01/01/2025|54|17300200005SB|1.133|1.181|STRUCTURE_TYPE|1|17A104||
01/01/2025|54|1730058000000|0.011|0.043|STRUCTURE_TYPE|1|17A225||
01/01/2025|54|1730058000000|2.383|2.401|STRUCTURE_TYPE|1|17A349||
01/01/2025|54|1730058000000|5.525|5.53|STRUCTURE_TYPE|1|17A228||
01/01/2025|54|1730076000000|0.425|0.432|STRUCTURE_TYPE|1|17A236||
01/01/2025|54|1730098000000|3.407|3.453|STRUCTURE_TYPE|1|17A332||
01/01/2025|54|1730098000000|4.002|4.011|STRUCTURE_TYPE|1|17A348||
01/01/2025|54|1730131000000|3.951|4.018|STRUCTURE_TYPE|1|17A231||
01/01/2025|54|1730270000000|0.736|0.79|STRUCTURE_TYPE|1|17A153||
01/01/2025|54|1730270000000|1.324|1.355|STRUCTURE_TYPE|1|17A154||
01/01/2025|54|1730279000000|1.598|1.622|STRUCTURE_TYPE|1|17A314||
01/01/2025|54|1730279000000|2.81|2.886|STRUCTURE_TYPE|1|17A291||
01/01/2025|54|1740001000000|3.891|3.896|STRUCTURE_TYPE|1|17A002||
01/01/2025|54|1740001040000|0.18|0.19|STRUCTURE_TYPE|1|17A003||
01/01/2025|54|1740003000000|4.997|5.01|STRUCTURE_TYPE|1|17A297||
01/01/2025|54|1740003000000|7.309|7.315|STRUCTURE_TYPE|1|17A005||
01/01/2025|54|1740003000000|7.982|7.989|STRUCTURE_TYPE|1|17A006||
01/01/2025|54|1740003010000|0.923|0.933|STRUCTURE_TYPE|1|17A007||
01/01/2025|54|1740003080000|1.502|1.514|STRUCTURE_TYPE|1|17A335||
01/01/2025|54|1740003180000|0.013|0.025|STRUCTURE_TYPE|1|17A309||
01/01/2025|54|1740004000000|0.14|0.16|STRUCTURE_TYPE|1|17A008||
01/01/2025|54|1740004000000|5.153|5.159|STRUCTURE_TYPE|1|17A340||
01/01/2025|54|1740004110000|0.107|0.113|STRUCTURE_TYPE|1|17A305||
01/01/2025|54|1740005000000|0.35|0.358|STRUCTURE_TYPE|1|17A014||
01/01/2025|54|1740005000000|0.453|0.462|STRUCTURE_TYPE|1|17A015||
01/01/2025|54|1740005000000|2.476|2.495|STRUCTURE_TYPE|1|17A342||
01/01/2025|54|1740005000000|3.446|3.451|STRUCTURE_TYPE|1|17A017||
01/01/2025|54|1740005000000|5.651|5.661|STRUCTURE_TYPE|1|17A018||
01/01/2025|54|1740005000000|6.727|6.733|STRUCTURE_TYPE|1|17A019||
01/01/2025|54|1740005000000|10.401|10.406|STRUCTURE_TYPE|1|17A020||
01/01/2025|54|1740005020000|0.404|0.41|STRUCTURE_TYPE|1|17A021||
01/01/2025|54|1740005020000|0.71|0.715|STRUCTURE_TYPE|1|17A022||
01/01/2025|54|1740005040000|2.651|2.658|STRUCTURE_TYPE|1|17A023||
01/01/2025|54|1740005060000|2.783|2.788|STRUCTURE_TYPE|1|17A024||
01/01/2025|54|1740005070000|0.283|0.303|STRUCTURE_TYPE|1|17A025||
01/01/2025|54|1740005080000|1.875|1.879|STRUCTURE_TYPE|1|17A027||
01/01/2025|54|1740005090000|1.187|1.197|STRUCTURE_TYPE|1|17A326||
01/01/2025|54|1740005090000|1.56|1.57|STRUCTURE_TYPE|1|17A312||
01/01/2025|54|1740005090000|1.873|1.883|STRUCTURE_TYPE|1|17A301||
01/01/2025|54|1740005090000|2.167|2.177|STRUCTURE_TYPE|1|17A031||
01/01/2025|54|1740005290000|0.011|0.023|STRUCTURE_TYPE|1|17A032||
01/01/2025|54|1740006000000|1.644|1.65|STRUCTURE_TYPE|1|17A033||
01/01/2025|54|1740006000000|2.197|2.205|STRUCTURE_TYPE|1|17A034||
01/01/2025|54|1740006000000|4.459|4.464|STRUCTURE_TYPE|1|17A035||
01/01/2025|54|1740006040000|1.212|1.22|STRUCTURE_TYPE|1|17A036||
01/01/2025|54|1740007000000|3.863|3.868|STRUCTURE_TYPE|1|17A043||
01/01/2025|54|1740007000000|4.051|4.085|STRUCTURE_TYPE|1|17A042||
01/01/2025|54|1740007020000|0.01|0.025|STRUCTURE_TYPE|1|17A044||
01/01/2025|54|1740007020000|0.062|0.068|STRUCTURE_TYPE|1|17A045||
01/01/2025|54|1740007110000|0.02|0.026|STRUCTURE_TYPE|1|17A046||
01/01/2025|54|1740008000000|4.376|4.382|STRUCTURE_TYPE|1|17A047||
01/01/2025|54|1740008000000|4.88|4.885|STRUCTURE_TYPE|1|17A048||
01/01/2025|54|1740008000000|7.239|7.258|STRUCTURE_TYPE|1|17A049||
01/01/2025|54|1740008000000|7.535|7.551|STRUCTURE_TYPE|1|17A050||
01/01/2025|54|1740009000000|5.084|5.104|STRUCTURE_TYPE|1|17A350||
01/01/2025|54|1740009000000|6.715|6.735|STRUCTURE_TYPE|1|17A341||
01/01/2025|54|1740012000000|0.887|0.895|STRUCTURE_TYPE|1|17A338||
01/01/2025|54|1740012000000|4.759|4.763|STRUCTURE_TYPE|1|17A058||
01/01/2025|54|1740012010000|0.023|0.035|STRUCTURE_TYPE|1|17A059||
01/01/2025|54|1740013060000|0.032|0.037|STRUCTURE_TYPE|1|17A307||
01/01/2025|54|1740014000000|3.216|3.225|STRUCTURE_TYPE|1|17A026||
01/01/2025|54|1740014000000|3.305|3.315|STRUCTURE_TYPE|1|17A062||
01/01/2025|54|1740017000000|1.247|1.257|STRUCTURE_TYPE|1|17A352||
01/01/2025|54|1740018000000|3.665|3.685|STRUCTURE_TYPE|1|17A065||
01/01/2025|54|1740018030000|0.049|0.054|STRUCTURE_TYPE|1|17A328||
01/01/2025|54|1740019010000|0.008|0.02|STRUCTURE_TYPE|1|17A347||
01/01/2025|54|1740019020000|0.075|0.192|STRUCTURE_TYPE|1|17A087||
01/01/2025|54|1740019040000|2.162|2.172|STRUCTURE_TYPE|1|17A088||
01/01/2025|54|1740019070000|1.764|1.772|STRUCTURE_TYPE|1|17A091||
01/01/2025|54|1740019070000|2.429|2.439|STRUCTURE_TYPE|1|17A345||
01/01/2025|54|1740019100000|1.953|1.96|STRUCTURE_TYPE|1|17A299||
01/01/2025|54|1740019110000|1.384|1.39|STRUCTURE_TYPE|1|17A095||
01/01/2025|54|1740019180000|3.675|3.701|STRUCTURE_TYPE|1|17A298||
01/01/2025|54|1740019330000|0.026|0.076|STRUCTURE_TYPE|1|17A093||
01/01/2025|54|1740019570000|0.042|0.046|STRUCTURE_TYPE|1|17A283||
01/01/2025|54|1740020010000|0.009|0.02|STRUCTURE_TYPE|1|17A113||
01/01/2025|54|1740020020000|2.549|2.555|STRUCTURE_TYPE|1|17A114||
01/01/2025|54|1740020080000|0.269|0.297|STRUCTURE_TYPE|1|17A294||
01/01/2025|54|1740020180000|0.2|0.207|STRUCTURE_TYPE|1|17A286||
01/01/2025|54|1740020190000|2.894|2.903|STRUCTURE_TYPE|1|17A292||
01/01/2025|54|1740020190000|3.098|3.121|STRUCTURE_TYPE|1|17A313||
01/01/2025|54|1740020260000|0.046|0.072|STRUCTURE_TYPE|1|17A324||
01/01/2025|54|1740020270000|0.025|0.048|STRUCTURE_TYPE|1|17A124||
01/01/2025|54|1740020360000|0.007|0.016|STRUCTURE_TYPE|1|17A125||
01/01/2025|54|1740020370000|0.016|0.026|STRUCTURE_TYPE|1|17A126||
01/01/2025|54|1740020620000|0.003|0.014|STRUCTURE_TYPE|1|17A129||
01/01/2025|54|1740020840000|0.008|0.035|STRUCTURE_TYPE|1|17A178||
01/01/2025|54|1740022000000|0.008|0.027|STRUCTURE_TYPE|1|17A120||
01/01/2025|54|1740022000000|1.322|1.342|STRUCTURE_TYPE|1|17A128||
01/01/2025|54|1740022010000|4.12|4.134|STRUCTURE_TYPE|1|17A130||
01/01/2025|54|1740023030000|2.319|2.33|STRUCTURE_TYPE|1|17A131||
01/01/2025|54|1740023070000|0.067|0.078|STRUCTURE_TYPE|1|17A133||
01/01/2025|54|1740023090000|7.997|8.005|STRUCTURE_TYPE|1|17A353||
01/01/2025|54|1740023090000|8.127|8.134|STRUCTURE_TYPE|1|17A354||
01/01/2025|54|1740023090000|8.259|8.267|STRUCTURE_TYPE|1|17A355||
01/01/2025|54|1740023090000|8.386|8.393|STRUCTURE_TYPE|1|17A356||
01/01/2025|54|1740024000000|0.067|0.08|STRUCTURE_TYPE|1|17A139||
01/01/2025|54|1740024000000|7.154|7.211|STRUCTURE_TYPE|1|17A148||
01/01/2025|54|1740024010000|3.048|3.052|STRUCTURE_TYPE|1|17A141||
01/01/2025|54|1740024010000|5.76|5.787|STRUCTURE_TYPE|1|17A321||
01/01/2025|54|1740024300000|0.071|0.099|STRUCTURE_TYPE|1|17A136||
01/01/2025|54|1740024340000|0.023|0.037|STRUCTURE_TYPE|1|17A145||
01/01/2025|54|1740025000000|3.1|3.116|STRUCTURE_TYPE|1|17A146||
01/01/2025|54|1740025000000|3.222|3.227|STRUCTURE_TYPE|1|17A269||
01/01/2025|54|1740025000000|9.499|9.504|STRUCTURE_TYPE|1|17A147||
01/01/2025|54|1740025000000|9.54|9.545|STRUCTURE_TYPE|1|17A149||
01/01/2025|54|1740025030000|2.391|2.396|STRUCTURE_TYPE|1|17A150||
01/01/2025|54|1740025040000|0.19|0.2|STRUCTURE_TYPE|1|17A343||
01/01/2025|54|1740025110000|0.062|0.067|STRUCTURE_TYPE|1|17A152||
01/01/2025|54|1740025990000|0.352|0.39|STRUCTURE_TYPE|1|17A361||
01/01/2025|54|1740027010000|0.121|0.127|STRUCTURE_TYPE|1|17A155||
01/01/2025|54|1740027020000|2.14|2.149|STRUCTURE_TYPE|1|17A157||
01/01/2025|54|1740028000000|4.502|4.514|STRUCTURE_TYPE|1|17A320||
01/01/2025|54|1740029000000|0.829|0.835|STRUCTURE_TYPE|1|17A159||
01/01/2025|54|1740029000000|2.11|2.12|STRUCTURE_TYPE|1|17A160||
01/01/2025|54|1740029000000|2.504|2.509|STRUCTURE_TYPE|1|17A295||
01/01/2025|54|1740031000000|3.017|3.023|STRUCTURE_TYPE|1|17A163||
01/01/2025|54|1740031000000|5.911|5.929|STRUCTURE_TYPE|1|17A164||
01/01/2025|54|1740031000000|6.98|7.004|STRUCTURE_TYPE|1|17A165||
01/01/2025|54|1740031000000|7.835|7.84|STRUCTURE_TYPE|1|17A344||
01/01/2025|54|1740031030000|2.84|2.844|STRUCTURE_TYPE|1|17A300||
01/01/2025|54|1740032000000|0.006|0.013|STRUCTURE_TYPE|1|17A315||
01/01/2025|54|1740034000000|0.01|0.057|STRUCTURE_TYPE|1|17A296||
01/01/2025|54|1740034000000|2.684|2.689|STRUCTURE_TYPE|1|17A167||
01/01/2025|54|1740034020000|0.031|0.074|STRUCTURE_TYPE|1|17A063||
01/01/2025|54|1740035000000|1.666|1.671|STRUCTURE_TYPE|1|17A168||
01/01/2025|54|1740035000000|5.067|5.073|STRUCTURE_TYPE|1|17A357||
01/01/2025|54|1740035000000|9.525|9.566|STRUCTURE_TYPE|1|17A188||
01/01/2025|54|1740035050000|1.668|1.673|STRUCTURE_TYPE|1|17A171||
01/01/2025|54|1740036000000|1.441|1.486|STRUCTURE_TYPE|1|17A172||
01/01/2025|54|1740036000000|4.037|4.045|STRUCTURE_TYPE|1|17A173||
01/01/2025|54|1740042000000|0.048|0.097|STRUCTURE_TYPE|1|17A174||
01/01/2025|54|1740042000000|1.013|1.021|STRUCTURE_TYPE|1|17A175||
01/01/2025|54|1740044030000|2.343|2.351|STRUCTURE_TYPE|1|17A358||
01/01/2025|54|1740046000000|5.08|5.094|STRUCTURE_TYPE|1|17A176||
01/01/2025|54|1740046010000|0.01|0.018|STRUCTURE_TYPE|1|17A329||
01/01/2025|54|1740048000000|5.737|5.744|STRUCTURE_TYPE|1|17A179||
01/01/2025|54|1740048000000|7.838|7.845|STRUCTURE_TYPE|1|17A180||
01/01/2025|54|1740048000000|8.574|8.584|STRUCTURE_TYPE|1|17A304||
01/01/2025|54|1740048020000|2.03|2.036|STRUCTURE_TYPE|1|17A182||
01/01/2025|54|1740050020000|0.039|0.049|STRUCTURE_TYPE|1|17A308||
01/01/2025|54|1740050060000|3.937|3.943|STRUCTURE_TYPE|1|17A212||
01/01/2025|54|1740050070000|0.012|0.029|STRUCTURE_TYPE|1|17A213||
01/01/2025|54|1740050070000|2.023|2.029|STRUCTURE_TYPE|1|17A214||
01/01/2025|54|1740050080000|3.178|3.183|STRUCTURE_TYPE|1|17A215||
01/01/2025|54|1740050400000|0.174|0.178|STRUCTURE_TYPE|1|17A280||
01/01/2025|54|1740050530000|0.015|0.021|STRUCTURE_TYPE|1|17A273||
01/01/2025|54|1740050590000|0.005|0.026|STRUCTURE_TYPE|1|17A363||
01/01/2025|54|1740050600000|0.035|0.061|STRUCTURE_TYPE|1|17A346||
01/01/2025|54|1740050610000|0.0|0.125|STRUCTURE_TYPE|1|17A234||
01/01/2025|54|1740050620000|0.361|0.368|STRUCTURE_TYPE|1|17A221||
01/01/2025|54|1740050760000|0.425|0.513|STRUCTURE_TYPE|1|17A322||
01/01/2025|54|1740050760000|1.133|1.152|STRUCTURE_TYPE|1|17A323||
01/01/2025|54|1740050870000|2.028|2.035|STRUCTURE_TYPE|1|17A311||
01/01/2025|54|1740052000000|1.63|1.635|STRUCTURE_TYPE|1|17A217||
01/01/2025|54|1740052000000|2.904|2.909|STRUCTURE_TYPE|1|17A218||
01/01/2025|54|1740052020000|0.446|0.45|STRUCTURE_TYPE|1|17A222||
01/01/2025|54|1740057010000|3.202|3.212|STRUCTURE_TYPE|1|17A223||
01/01/2025|54|1740073730000|0.906|0.968|STRUCTURE_TYPE|1|17A232||
01/01/2025|54|1740073730000|1.807|1.816|STRUCTURE_TYPE|1|17A302||
01/01/2025|54|1740073730000|2.424|2.431|STRUCTURE_TYPE|1|17A235||
01/01/2025|54|1740077040000|2.822|2.826|STRUCTURE_TYPE|1|17A277||
01/01/2025|54|1740270010000|0.047|0.059|STRUCTURE_TYPE|1|17A306||
01/01/2025|54|1771762001900|0.243|0.259|STRUCTURE_TYPE|1|17A926||
01/01/2025|54|1771766001900|0.241|0.336|STRUCTURE_TYPE|1|17A913||
01/01/2025|54|1771767001900|0.079|0.12|STRUCTURE_TYPE|1|17A904||
01/01/2025|54|1771767001900|0.12|0.181|STRUCTURE_TYPE|1|17A904||
01/01/2025|54|1771774001900|0.117|0.224|STRUCTURE_TYPE|1|17A912||
01/01/2025|54|1771784001900|0.155|0.2|STRUCTURE_TYPE|1|17A923||
01/01/2025|54|1771784001900|0.2|0.207|STRUCTURE_TYPE|1|17A923||
01/01/2025|54|1771785001900|0.02|0.062|STRUCTURE_TYPE|1|17A905||
01/01/2025|54|1771790001900|0.056|0.062|STRUCTURE_TYPE|1|17A924||
01/01/2025|54|1780997000000|0.138|0.143|STRUCTURE_TYPE|1|17A336||
01/01/2025|54|1800240000000|0.012|0.0379|STRUCTURE_TYPE|1|18A901||
01/01/2025|54|18100770000NB|119.139|119.167|STRUCTURE_TYPE|1|18A147||
01/01/2025|54|18100770000NB|119.779|119.834|STRUCTURE_TYPE|1|18A150||
01/01/2025|54|18100770000NB|124.829|124.857|STRUCTURE_TYPE|1|18A239||
01/01/2025|54|18100770000NB|129.859|129.889|STRUCTURE_TYPE|1|18A154||
01/01/2025|54|18100770000NB|130.748|130.773|STRUCTURE_TYPE|1|18A156||
01/01/2025|54|18100770000NB|132.341|132.375|STRUCTURE_TYPE|1|18A256||
01/01/2025|54|18100770000NB|137.66|137.709|STRUCTURE_TYPE|1|18A262||
01/01/2025|54|18100770000NB|137.809|137.834|STRUCTURE_TYPE|1|18A162||
01/01/2025|54|18100770000NB|140.83|140.851|STRUCTURE_TYPE|1|18A164||
01/01/2025|54|18100770000NB|143.249|143.277|STRUCTURE_TYPE|1|18A166||
01/01/2025|54|18100770000NB|144.21|144.242|STRUCTURE_TYPE|1|18A168||
01/01/2025|54|18100770000NB|144.509|144.513|STRUCTURE_TYPE|1|18A170||
01/01/2025|54|18100770000NB|145.451|145.456|STRUCTURE_TYPE|1|18A171||
01/01/2025|54|18100770000NB|145.74|145.796|STRUCTURE_TYPE|1|18A172||
01/01/2025|54|18100770000NB|145.899|145.926|STRUCTURE_TYPE|1|18A174||
01/01/2025|54|18100770000NB|145.955|145.961|STRUCTURE_TYPE|1|18A199||
01/01/2025|54|18100770000NB|147.484|147.491|STRUCTURE_TYPE|1|18A200||
01/01/2025|54|18100770000NB|154.35|154.381|STRUCTURE_TYPE|1|18A246||
01/01/2025|54|18100770000NB|154.968|154.972|STRUCTURE_TYPE|1|18A178||
01/01/2025|54|18100770000SB|119.139|119.167|STRUCTURE_TYPE|1|18A148||
01/01/2025|54|18100770000SB|119.781|119.834|STRUCTURE_TYPE|1|18A151||
01/01/2025|54|18100770000SB|124.829|124.854|STRUCTURE_TYPE|1|18A238||
01/01/2025|54|18100770000SB|129.858|129.888|STRUCTURE_TYPE|1|18A155||
01/01/2025|54|18100770000SB|130.76|130.785|STRUCTURE_TYPE|1|18A157||
01/01/2025|54|18100770000SB|132.34|132.374|STRUCTURE_TYPE|1|18A257||
01/01/2025|54|18100770000SB|137.66|137.71|STRUCTURE_TYPE|1|18A263||
01/01/2025|54|18100770000SB|137.809|137.834|STRUCTURE_TYPE|1|18A163||
01/01/2025|54|18100770000SB|140.83|140.851|STRUCTURE_TYPE|1|18A165||
01/01/2025|54|18100770000SB|143.25|143.281|STRUCTURE_TYPE|1|18A167||
01/01/2025|54|18100770000SB|144.21|144.242|STRUCTURE_TYPE|1|18A169||
01/01/2025|54|18100770000SB|145.765|145.821|STRUCTURE_TYPE|1|18A173||
01/01/2025|54|18100770000SB|145.899|145.926|STRUCTURE_TYPE|1|18A175||
01/01/2025|54|18100770000SB|148.355|148.359|STRUCTURE_TYPE|1|18A201||
01/01/2025|54|18100770000SB|150.831|150.836|STRUCTURE_TYPE|1|18A202||
01/01/2025|54|18100770000SB|154.351|154.383|STRUCTURE_TYPE|1|18A247||
01/01/2025|54|18100770000SB|154.968|154.972|STRUCTURE_TYPE|1|18A204||
01/01/2025|54|18100770017NB0119A|0.247|0.276|STRUCTURE_TYPE|1|18A149||
01/01/2025|54|18100770017NB0119B|0.132|0.183|STRUCTURE_TYPE|1|18A060||
01/01/2025|54|18100770017SB0119D|0.014|0.04|STRUCTURE_TYPE|1|18A062||
01/01/2025|54|18100770017SB0154C|0.161|0.169|STRUCTURE_TYPE|1|18A203||
01/01/2025|54|18200330000EB|0.0|0.12|STRUCTURE_TYPE|1|18A183||
01/01/2025|54|18200330000EB|0.121|0.514|STRUCTURE_TYPE|1|18A183||
01/01/2025|54|18200330000EB|1.257|1.31|STRUCTURE_TYPE|1|18A190||
01/01/2025|54|18200330000EB|1.31|1.315|STRUCTURE_TYPE|1|18A190||
01/01/2025|54|18200330000EB|12.156|12.203|STRUCTURE_TYPE|1|18A233||
01/01/2025|54|18200330000EB|18.559|18.571|STRUCTURE_TYPE|1|18A129||
01/01/2025|54|18200330000EB|22.136|22.141|STRUCTURE_TYPE|1|18A131||
01/01/2025|54|18200330000EB|23.873|23.878|STRUCTURE_TYPE|1|18A132||
01/01/2025|54|18200330000WB|1.221|1.25|STRUCTURE_TYPE|1|18A191||
01/01/2025|54|18200330000WB|1.25|1.279|STRUCTURE_TYPE|1|18A191||
01/01/2025|54|18200330000WB|11.493|11.524|STRUCTURE_TYPE|1|18A127||
01/01/2025|54|1830002000000|2.72|2.771|STRUCTURE_TYPE|1|18A004||
01/01/2025|54|1830002000000|3.821|3.88|STRUCTURE_TYPE|1|18A196||
01/01/2025|54|1830002000000|3.88|3.886|STRUCTURE_TYPE|1|18A196||
01/01/2025|54|1830062000000|4.381|4.425|STRUCTURE_TYPE|1|18A197||
01/01/2025|54|1830068000000|0.427|0.492|STRUCTURE_TYPE|1|18A006||
01/01/2025|54|1830068000000|3.948|3.95|STRUCTURE_TYPE|1|18A007||
01/01/2025|54|1830068000000|3.95|4.002|STRUCTURE_TYPE|1|18A007||
01/01/2025|54|1830087000000|5.385|5.415|STRUCTURE_TYPE|1|18A253||
01/01/2025|54|1830331000000|1.839|1.878|STRUCTURE_TYPE|1|18A259||
01/01/2025|54|1830331000000|3.979|4.008|STRUCTURE_TYPE|1|18A126||
01/01/2025|54|1840001000000|3.33|3.337|STRUCTURE_TYPE|1|18A188||
01/01/2025|54|1840001000000|4.506|4.511|STRUCTURE_TYPE|1|18A189||
01/01/2025|54|1840001020000|4.555|4.563|STRUCTURE_TYPE|1|18A002||
01/01/2025|54|1840001050000|0.009|0.017|STRUCTURE_TYPE|1|18A003||
01/01/2025|54|1840001080000|0.046|0.058|STRUCTURE_TYPE|1|18A244||
01/01/2025|54|1840002020000|2.095|2.105|STRUCTURE_TYPE|1|18A008||
01/01/2025|54|1840003000000|1.888|1.924|STRUCTURE_TYPE|1|18A009||
01/01/2025|54|1840003000000|2.867|2.872|STRUCTURE_TYPE|1|18A010||
01/01/2025|54|1840003000000|7.053|7.061|STRUCTURE_TYPE|1|18A011||
01/01/2025|54|1840003020000|0.675|0.68|STRUCTURE_TYPE|1|18A012||
01/01/2025|54|1840003060000|2.473|2.478|STRUCTURE_TYPE|1|18A013||
01/01/2025|54|1840005000000|1.537|1.572|STRUCTURE_TYPE|1|18A014||
01/01/2025|54|1840005030000|0.015|0.02|STRUCTURE_TYPE|1|18A015||
01/01/2025|54|1840005100000|0.458|0.466|STRUCTURE_TYPE|1|18A016||
01/01/2025|54|1840005180000|1.045|1.074|STRUCTURE_TYPE|1|18A251||
01/01/2025|54|1840006020000|0.103|0.109|STRUCTURE_TYPE|1|18A019||
01/01/2025|54|1840006050000|1.116|1.124|STRUCTURE_TYPE|1|18A020||
01/01/2025|54|1840006070000|2.06|2.068|STRUCTURE_TYPE|1|18A216||
01/01/2025|54|1840006070000|2.274|2.28|STRUCTURE_TYPE|1|18A021||
01/01/2025|54|1840007000000|0.132|0.162|STRUCTURE_TYPE|1|18A232||
01/01/2025|54|1840007000000|2.607|2.611|STRUCTURE_TYPE|1|18A023||
01/01/2025|54|1840007000000|2.893|2.897|STRUCTURE_TYPE|1|18A209||
01/01/2025|54|1840007010000|0.811|0.823|STRUCTURE_TYPE|1|18A024||
01/01/2025|54|1840008000000|0.623|0.636|STRUCTURE_TYPE|1|18A025||
01/01/2025|54|1840008000000|0.86|0.873|STRUCTURE_TYPE|1|18A026||
01/01/2025|54|1840008000000|2.103|2.111|STRUCTURE_TYPE|1|18A027||
01/01/2025|54|1840008000000|3.263|3.275|STRUCTURE_TYPE|1|18A028||
01/01/2025|54|1840009000000|1.075|1.084|STRUCTURE_TYPE|1|18A029||
01/01/2025|54|1840009000000|1.598|1.604|STRUCTURE_TYPE|1|18A030||
01/01/2025|54|1840009000000|8.351|8.36|STRUCTURE_TYPE|1|18A260||
01/01/2025|54|1840010010000|0.631|0.636|STRUCTURE_TYPE|1|18A032||
01/01/2025|54|1840010030000|1.21|1.218|STRUCTURE_TYPE|1|18A033||
01/01/2025|54|1840010040000|1.665|1.673|STRUCTURE_TYPE|1|18A223||
01/01/2025|54|1840010040000|2.17|2.174|STRUCTURE_TYPE|1|18A258||
01/01/2025|54|1840010060000|0.004|0.009|STRUCTURE_TYPE|1|18A192||
01/01/2025|54|1840011000000|6.167|6.177|STRUCTURE_TYPE|1|18A252||
01/01/2025|54|1840012000000|6.125|6.142|STRUCTURE_TYPE|1|18A225||
01/01/2025|54|1840012000000|7.306|7.312|STRUCTURE_TYPE|1|18A037||
01/01/2025|54|1840012030000|0.013|0.029|STRUCTURE_TYPE|1|18A242||
01/01/2025|54|1840013000000|0.123|0.156|STRUCTURE_TYPE|1|18A264||
01/01/2025|54|1840013000000|7.959|7.965|STRUCTURE_TYPE|1|18A041||
01/01/2025|54|1840013010000|1.799|1.815|STRUCTURE_TYPE|1|18A250||
01/01/2025|54|1840013040000|2.145|2.157|STRUCTURE_TYPE|1|18A043||
01/01/2025|54|1840014000000|7.765|7.779|STRUCTURE_TYPE|1|18A219||
01/01/2025|54|1840014000000|8.116|8.134|STRUCTURE_TYPE|1|18A218||
01/01/2025|54|1840014010000|1.192|1.201|STRUCTURE_TYPE|1|18A254||
01/01/2025|54|1840015000000|5.635|5.648|STRUCTURE_TYPE|1|18A214||
01/01/2025|54|1840015000000|7.01|7.02|STRUCTURE_TYPE|1|18A049||
01/01/2025|54|1840015000000|7.136|7.141|STRUCTURE_TYPE|1|18A050||
01/01/2025|54|1840015000000|7.642|7.656|STRUCTURE_TYPE|1|18A220||
01/01/2025|54|1840015000000|8.694|8.704|STRUCTURE_TYPE|1|18A221||
01/01/2025|54|1840015000000|9.527|9.577|STRUCTURE_TYPE|1|18A053||
01/01/2025|54|1840015010000|0.266|0.304|STRUCTURE_TYPE|1|18A193||
01/01/2025|54|1840016070000|0.051|0.056|STRUCTURE_TYPE|1|18A243||
01/01/2025|54|1840017000000|2.197|2.202|STRUCTURE_TYPE|1|18A056||
01/01/2025|54|1840018000000|4.559|4.568|STRUCTURE_TYPE|1|18A057||
01/01/2025|54|1840019000000|3.637|3.644|STRUCTURE_TYPE|1|18A058||
01/01/2025|54|1840019000000|5.246|5.259|STRUCTURE_TYPE|1|18A206||
01/01/2025|54|1840019010000|1.162|1.172|STRUCTURE_TYPE|1|18A265||
01/01/2025|54|1840019070000|2.906|2.913|STRUCTURE_TYPE|1|18A237||
01/01/2025|54|1840019080000|0.537|0.543|STRUCTURE_TYPE|1|18A208||
01/01/2025|54|1840019130000|0.567|0.575|STRUCTURE_TYPE|1|18A207||
01/01/2025|54|1840021000000|0.3|0.347|STRUCTURE_TYPE|1|18A249||
01/01/2025|54|1840021000000|3.408|3.432|STRUCTURE_TYPE|1|18A061||
01/01/2025|54|1840021000000|10.445|10.452|STRUCTURE_TYPE|1|18A066||
01/01/2025|54|1840021000000|10.924|10.931|STRUCTURE_TYPE|1|18A067||
01/01/2025|54|1840021000000|11.048|11.054|STRUCTURE_TYPE|1|18A068||
01/01/2025|54|1840021000000|11.182|11.188|STRUCTURE_TYPE|1|18A069||
01/01/2025|54|1840021000000|12.749|12.7665|STRUCTURE_TYPE|1|18A267||
01/01/2025|54|1840021000000|14.612|14.618|STRUCTURE_TYPE|1|18A071||
01/01/2025|54|1840021000000|19.604|19.636|STRUCTURE_TYPE|1|18A234||
01/01/2025|54|1840021000000|21.498|21.518|STRUCTURE_TYPE|1|18A073||
01/01/2025|54|1840021000000|22.99|23.001|STRUCTURE_TYPE|1|18A074||
01/01/2025|54|1840021000000|25.84|25.846|STRUCTURE_TYPE|1|18A075||
01/01/2025|54|1840021000000|26.641|26.674|STRUCTURE_TYPE|1|18A076||
01/01/2025|54|1840021000000|28.549|28.557|STRUCTURE_TYPE|1|18A077||
01/01/2025|54|1840021000000|33.136|33.151|STRUCTURE_TYPE|1|18A078||
01/01/2025|54|1840021000000|37.29|37.304|STRUCTURE_TYPE|1|18A215||
01/01/2025|54|1840021000000|38.085|38.091|STRUCTURE_TYPE|1|18A081||
01/01/2025|54|1840021060000|2.202|2.21|STRUCTURE_TYPE|1|18A241||
01/01/2025|54|1840021070000|1.018|1.024|STRUCTURE_TYPE|1|18A083||
01/01/2025|54|1840021080000|0.021|0.032|STRUCTURE_TYPE|1|18A084||
01/01/2025|54|1840021110000|0.012|0.043|STRUCTURE_TYPE|1|18A230||
01/01/2025|54|1840021140000|0.551|0.559|STRUCTURE_TYPE|1|18A187||
01/01/2025|54|1840021150000|3.522|3.542|STRUCTURE_TYPE|1|18A227||
01/01/2025|54|1840021210000|0.065|0.073|STRUCTURE_TYPE|1|18A194||
01/01/2025|54|1840021220000|0.464|0.478|STRUCTURE_TYPE|1|18A245||
01/01/2025|54|1840021220000|2.213|2.222|STRUCTURE_TYPE|1|18A088||
01/01/2025|54|1840021220000|3.256|3.264|STRUCTURE_TYPE|1|18A089||
01/01/2025|54|1840021270000|4.793|4.802|STRUCTURE_TYPE|1|18A091||
01/01/2025|54|1840021280000|4.809|4.821|STRUCTURE_TYPE|1|18A092||
01/01/2025|54|1840021290000|0.774|0.779|STRUCTURE_TYPE|1|18A138||
01/01/2025|54|1840021300000|1.946|1.955|STRUCTURE_TYPE|1|18A231||
01/01/2025|54|1840021340000|0.008|0.026|STRUCTURE_TYPE|1|18A184||
01/01/2025|54|1840021350000|1.217|1.222|STRUCTURE_TYPE|1|18A095||
01/01/2025|54|1840021370000|0.171|0.181|STRUCTURE_TYPE|1|18A096||
01/01/2025|54|1840021370000|2.1|2.111|STRUCTURE_TYPE|1|18A097||
01/01/2025|54|1840021380000|0.349|0.354|STRUCTURE_TYPE|1|18A098||
01/01/2025|54|1840022020000|0.374|0.38|STRUCTURE_TYPE|1|18A101||
01/01/2025|54|1840022050000|2.348|2.354|STRUCTURE_TYPE|1|18A103||
01/01/2025|54|1840022060000|2.918|2.924|STRUCTURE_TYPE|1|18A104||
01/01/2025|54|1840024000000|0.534|0.543|STRUCTURE_TYPE|1|18A105||
01/01/2025|54|1840024000000|2.116|2.124|STRUCTURE_TYPE|1|18A106||
01/01/2025|54|1840025000000|0.995|1.015|STRUCTURE_TYPE|1|18A108||
01/01/2025|54|1840025010000|1.549|1.569|STRUCTURE_TYPE|1|18A261||
01/01/2025|54|1840026000000|1.063|1.081|STRUCTURE_TYPE|1|18A113||
01/01/2025|54|1840028000000|0.059|0.083|STRUCTURE_TYPE|1|18A114||
01/01/2025|54|1840028000000|2.528|2.534|STRUCTURE_TYPE|1|18A115||
01/01/2025|54|1840030000000|0.207|0.215|STRUCTURE_TYPE|1|18A217||
01/01/2025|54|1840030000000|1.972|1.984|STRUCTURE_TYPE|1|18A117||
01/01/2025|54|1840030000000|3.839|3.844|STRUCTURE_TYPE|1|18A118||
01/01/2025|54|1840030050000|3.178|3.198|STRUCTURE_TYPE|1|18A119||
01/01/2025|54|1840032000000|1.328|1.334|STRUCTURE_TYPE|1|18A121||
01/01/2025|54|1840032000000|8.511|8.52|STRUCTURE_TYPE|1|18A122||
01/01/2025|54|1840032000000|8.52|8.532|STRUCTURE_TYPE|1|18A122||
01/01/2025|54|1840032010000|0.324|0.33|STRUCTURE_TYPE|1|18A124||
01/01/2025|54|1840032010000|0.664|0.671|STRUCTURE_TYPE|1|18A123||
01/01/2025|54|1840033030000|1.826|1.862|STRUCTURE_TYPE|1|18A212||
01/01/2025|54|1840033060000|1.287|1.292|STRUCTURE_TYPE|1|18A134||
01/01/2025|54|1840033120000|1.166|1.174|STRUCTURE_TYPE|1|18A135||
01/01/2025|54|1840034190000|2.11|2.124|STRUCTURE_TYPE|1|18A240||
01/01/2025|54|1840036000000|5.293|5.347|STRUCTURE_TYPE|1|18A139||
01/01/2025|54|1840040000000|1.606|1.622|STRUCTURE_TYPE|1|18A140||
01/01/2025|54|1840040000000|4.398|4.402|STRUCTURE_TYPE|1|18A222||
01/01/2025|54|1840042000000|0.764|0.781|STRUCTURE_TYPE|1|18A142||
01/01/2025|54|1840042000000|1.481|1.499|STRUCTURE_TYPE|1|18A143||
01/01/2025|54|1840042000000|4.284|4.2961|STRUCTURE_TYPE|1|18A266||
01/01/2025|54|1840042000000|5.641|5.654|STRUCTURE_TYPE|1|18A145||
01/01/2025|54|1840042090000|0.331|0.342|STRUCTURE_TYPE|1|18A236||
01/01/2025|54|1840056000000|0.03|0.035|STRUCTURE_TYPE|1|18A211||
01/01/2025|54|1840087010000|1.191|1.205|STRUCTURE_TYPE|1|18A181||
01/01/2025|54|1840087070000|1.402|1.408|STRUCTURE_TYPE|1|18A226||
01/01/2025|54|1840087190000|0.005|0.014|STRUCTURE_TYPE|1|18A224||
01/01/2025|54|1880948000000|0.052|0.061|STRUCTURE_TYPE|1|18A255||
01/01/2025|54|19203400000NB|11.856|11.9|STRUCTURE_TYPE|1|19A019||
01/01/2025|54|19203400000SB|11.844|11.888|STRUCTURE_TYPE|1|19A024||
01/01/2025|54|19203400000SB|14.655|14.925|STRUCTURE_TYPE|1|19A037||
01/01/2025|54|19203400005NB|0.025|0.073|STRUCTURE_TYPE|1|19A031||
01/01/2025|54|19203400017SB0008D|0.152|0.199|STRUCTURE_TYPE|1|19A061||
01/01/2025|54|1930009000000|0.746|0.781|STRUCTURE_TYPE|1|19A055||
01/01/2025|54|1930009000000|1.887|1.911|STRUCTURE_TYPE|1|19A053||
01/01/2025|54|1930009000000|2.377|2.397|STRUCTURE_TYPE|1|19A043||
01/01/2025|54|1930009000000|3.632|3.699|STRUCTURE_TYPE|1|19A045||
01/01/2025|54|1930009000000|3.938|3.959|STRUCTURE_TYPE|1|19A047||
01/01/2025|54|1930009000000|6.635|6.681|STRUCTURE_TYPE|1|19A028||
01/01/2025|54|1930009000000|7.938|7.967|STRUCTURE_TYPE|1|19A030||
01/01/2025|54|1930009000000|10.283|10.3|STRUCTURE_TYPE|1|19A060||
01/01/2025|54|1930009000000|10.301|10.33|STRUCTURE_TYPE|1|19A060||
01/01/2025|54|1930009000000|13.365|13.678|STRUCTURE_TYPE|1|19A059||
01/01/2025|54|1930009000000|13.689|13.694|STRUCTURE_TYPE|1|19A062||
01/01/2025|54|1930009000000|14.215|14.28|STRUCTURE_TYPE|1|19A063||
01/01/2025|54|19300090000WB|1.872|1.896|STRUCTURE_TYPE|1|19A054||
01/01/2025|54|19300090000WB|2.352|2.372|STRUCTURE_TYPE|1|19A044||
01/01/2025|54|19300090000WB|3.639|3.706|STRUCTURE_TYPE|1|19A046||
01/01/2025|54|19300090000WB|3.911|3.932|STRUCTURE_TYPE|1|19A048||
01/01/2025|54|19300090000WB|6.581|6.628|STRUCTURE_TYPE|1|19A027||
01/01/2025|54|19300090000WB|7.891|7.92|STRUCTURE_TYPE|1|19A029||
01/01/2025|54|1930115000000|3.804|4.042|STRUCTURE_TYPE|1|19A004||
01/01/2025|54|1930115000000|4.124|4.137|STRUCTURE_TYPE|1|19A070||
01/01/2025|54|1930115000000|6.106|6.155|STRUCTURE_TYPE|1|19A032||
01/01/2025|54|1930480000000|5.372|5.377|STRUCTURE_TYPE|1|19A065||
01/01/2025|54|1930480000000|5.61|5.63|STRUCTURE_TYPE|1|19A040||
01/01/2025|54|1930480000000|5.63|5.64|STRUCTURE_TYPE|1|19A040||
01/01/2025|54|1940001010000|2.054|2.059|STRUCTURE_TYPE|1|19A001||
01/01/2025|54|1940009010000|1.701|1.733|STRUCTURE_TYPE|1|19A049||
01/01/2025|54|1940009050000|6.747|6.758|STRUCTURE_TYPE|1|19A036||
01/01/2025|54|1940009140000|1.785|1.792|STRUCTURE_TYPE|1|19A021||
01/01/2025|54|1940009680000|0.113|0.174|STRUCTURE_TYPE|1|19A042||
01/01/2025|54|1940017000000|0.722|0.775|STRUCTURE_TYPE|1|19A026||
01/01/2025|54|1940017010000|3.279|3.286|STRUCTURE_TYPE|1|19A069||
01/01/2025|54|1940017040000|0.476|0.48|STRUCTURE_TYPE|1|19A064||
01/01/2025|54|1940025000000|1.407|1.417|STRUCTURE_TYPE|1|19A066||
01/01/2025|54|1940025000000|3.875|3.891|STRUCTURE_TYPE|1|19A035||
01/01/2025|54|1940025000000|6.588|6.595|STRUCTURE_TYPE|1|19A067||
01/01/2025|54|1940025050000|1.764|1.77|STRUCTURE_TYPE|1|19A057||
01/01/2025|54|1940025140000|1.51|1.52|STRUCTURE_TYPE|1|19A056||
01/01/2025|54|1940027000000|0.027|0.039|STRUCTURE_TYPE|1|19A068||
01/01/2025|54|1940028000000|1.784|1.79|STRUCTURE_TYPE|1|19A013||
01/01/2025|54|1940031000000|5.127|5.132|STRUCTURE_TYPE|1|19A038||
01/01/2025|54|1940038000000|0.048|0.055|STRUCTURE_TYPE|1|19A039||
01/01/2025|54|1940340020000|0.371|0.377|STRUCTURE_TYPE|1|19A052||
01/01/2025|54|2000040000000|0.042|0.0482|STRUCTURE_TYPE|1|20A907||
01/01/2025|54|2000118000000|0.17|0.1753|STRUCTURE_TYPE|1|20A921||
01/01/2025|54|2001304000000|0.004|0.0083|STRUCTURE_TYPE|1|20A175||
01/01/2025|54|2001559000000|0.013|0.0188|STRUCTURE_TYPE|1|20A543||
01/01/2025|54|2001656000000|0.016|0.0838|STRUCTURE_TYPE|1|20A927||
01/01/2025|54|2001858000000|0.005|0.0127|STRUCTURE_TYPE|1|20A918||
01/01/2025|54|2002137000000|0.128|0.2144|STRUCTURE_TYPE|1|20A912||
01/01/2025|54|2002759000000|0.005|0.0114|STRUCTURE_TYPE|1|20A925||
01/01/2025|54|2004591000000|0.021|0.0443|STRUCTURE_TYPE|1|20A917||
01/01/2025|54|2004601000000|0.649|0.6638|STRUCTURE_TYPE|1|20A929||
01/01/2025|54|2005728000000|0.364|0.3693|STRUCTURE_TYPE|1|20A922||
01/01/2025|54|20100640000EB|45.436|45.512|STRUCTURE_TYPE|1|20A777||
01/01/2025|54|20100640000EB|49.996|50.028|STRUCTURE_TYPE|1|20A779||
01/01/2025|54|20100640000EB|51.388|51.393|STRUCTURE_TYPE|1|20A382||
01/01/2025|54|20100640000EB|52.409|52.441|STRUCTURE_TYPE|1|20A803||
01/01/2025|54|20100640000EB|53.113|53.677|STRUCTURE_TYPE|1|20A842||
01/01/2025|54|20100640000EB|53.92|53.975|STRUCTURE_TYPE|1|20A389||
01/01/2025|54|20100640000EB|54.329|54.446|STRUCTURE_TYPE|1|20A391||
01/01/2025|54|20100640000EB|55.106|55.142|STRUCTURE_TYPE|1|20A393||
01/01/2025|54|20100640000EB|56.99|57.015|STRUCTURE_TYPE|1|20A395||
01/01/2025|54|20100640000EB|57.46|57.48|STRUCTURE_TYPE|1|20A397||
01/01/2025|54|20100640000EB|57.48|57.886|STRUCTURE_TYPE|1|20A397||
01/01/2025|54|20100640000EB|57.894|58.225|STRUCTURE_TYPE|1|20A401||
01/01/2025|54|20100640000EB|58.534|58.689|STRUCTURE_TYPE|1|20A406||
01/01/2025|54|20100640000WB|47.75|47.756|STRUCTURE_TYPE|1|20A378||
01/01/2025|54|20100640000WB|50.001|50.03|STRUCTURE_TYPE|1|20A782||
01/01/2025|54|20100640000WB|50.53|50.552|STRUCTURE_TYPE|1|20A781||
01/01/2025|54|20100640000WB|50.997|51.042|STRUCTURE_TYPE|1|20A783||
01/01/2025|54|20100640000WB|51.841|51.86|STRUCTURE_TYPE|1|20A785||
01/01/2025|54|20100640000WB|52.707|52.729|STRUCTURE_TYPE|1|20A804||
01/01/2025|54|20100640000WB|53.247|53.29|STRUCTURE_TYPE|1|20A387||
01/01/2025|54|20100640000WB|53.29|53.698|STRUCTURE_TYPE|1|20A387||
01/01/2025|54|20100640000WB|54.345|54.462|STRUCTURE_TYPE|1|20A392||
01/01/2025|54|20100640000WB|58.547|58.61|STRUCTURE_TYPE|1|20A408||
01/01/2025|54|20100640000WB|58.61|58.723|STRUCTURE_TYPE|1|20A408||
01/01/2025|54|20100640006EB|0.1|0.3|STRUCTURE_TYPE|1|20A405||
01/01/2025|54|20100640017EB0050B|0.199|0.227|STRUCTURE_TYPE|1|20A069||
01/01/2025|54|20100640017EB0054A|0.289|0.317|STRUCTURE_TYPE|1|20A338||
01/01/2025|54|20100640017EB058AB|0.017|0.0734|STRUCTURE_TYPE|1|20A534||
01/01/2025|54|20100640017EB058BA|0.053|0.138|STRUCTURE_TYPE|1|20A400||
01/01/2025|54|20100640017EB058CA|0.12|0.2|STRUCTURE_TYPE|1|20A403||
01/01/2025|54|20100640017WB0054D|0.138|0.181|STRUCTURE_TYPE|1|20A341||
01/01/2025|54|20100640017WB058AC|0.073|0.219|STRUCTURE_TYPE|1|20A398||
01/01/2025|54|20100640017WB058BD|0.06|0.1455|STRUCTURE_TYPE|1|20A399||
01/01/2025|54|20100640017WB058CD|0.152|0.224|STRUCTURE_TYPE|1|20A404||
01/01/2025|54|20100770000NB|97.14|97.232|STRUCTURE_TYPE|1|20A424||
01/01/2025|54|20100770000NB|97.59|97.604|STRUCTURE_TYPE|1|20A422||
01/01/2025|54|20100770000NB|98.089|98.158|STRUCTURE_TYPE|1|20A420||
01/01/2025|54|20100770000NB|99.029|99.263|STRUCTURE_TYPE|1|20A418||
01/01/2025|54|20100770000NB|99.499|99.522|STRUCTURE_TYPE|1|20A416||
01/01/2025|54|20100770000NB|100.319|100.589|STRUCTURE_TYPE|1|20A409||
01/01/2025|54|20100770000NB|100.756|101.162|STRUCTURE_TYPE|1|20A430||
01/01/2025|54|20100770000NB|101.18|101.192|STRUCTURE_TYPE|1|20A432||
01/01/2025|54|20100770000NB|101.396|101.432|STRUCTURE_TYPE|1|20A434||
01/01/2025|54|20100770000NB|101.606|101.638|STRUCTURE_TYPE|1|20A436||
01/01/2025|54|20100770000NB|101.836|101.869|STRUCTURE_TYPE|1|20A438||
01/01/2025|54|20100770000NB|103.639|103.664|STRUCTURE_TYPE|1|20A442||
01/01/2025|54|20100770000NB|106.05|106.107|STRUCTURE_TYPE|1|20A444||
01/01/2025|54|20100770000NB|106.388|106.393|STRUCTURE_TYPE|1|20A702||
01/01/2025|54|20100770000NB|106.518|106.524|STRUCTURE_TYPE|1|20A670||
01/01/2025|54|20100770000NB|110.029|110.061|STRUCTURE_TYPE|1|20A228||
01/01/2025|54|20100770000NB|110.128|110.136|STRUCTURE_TYPE|1|20A672||
01/01/2025|54|20100770000NB|110.653|110.701|STRUCTURE_TYPE|1|20A862||
01/01/2025|54|20100770000NB|111.093|111.136|STRUCTURE_TYPE|1|20A864||
01/01/2025|54|20100770000NB|111.757|111.762|STRUCTURE_TYPE|1|20A671||
01/01/2025|54|20100770000NB|112.383|112.451|STRUCTURE_TYPE|1|20A866||
01/01/2025|54|20100770000NB|113.384|113.419|STRUCTURE_TYPE|1|20A232||
01/01/2025|54|20100770000NB|114.529|114.576|STRUCTURE_TYPE|1|20A233||
01/01/2025|54|20100770000NB|114.821|114.827|STRUCTURE_TYPE|1|20A673||
01/01/2025|54|20100770000NB|115.949|115.976|STRUCTURE_TYPE|1|20A831||
01/01/2025|54|20100770000NB|117.189|117.239|STRUCTURE_TYPE|1|20A236||
01/01/2025|54|20100770000SB|95.57|95.603|STRUCTURE_TYPE|1|20A645||
01/01/2025|54|20100770000SB|95.779|95.903|STRUCTURE_TYPE|1|20A643||
01/01/2025|54|20100770000SB|98.119|98.152|STRUCTURE_TYPE|1|20A421||
01/01/2025|54|20100770000SB|100.289|100.599|STRUCTURE_TYPE|1|20A410||
01/01/2025|54|20100770000SB|100.795|101.18|STRUCTURE_TYPE|1|20A431||
01/01/2025|54|20100770000SB|101.18|101.192|STRUCTURE_TYPE|1|20A431||
01/01/2025|54|20100770000SB|101.18|101.1919|STRUCTURE_TYPE|1|20A433||
01/01/2025|54|20100770000SB|101.192|101.243|STRUCTURE_TYPE|1|20A431||
01/01/2025|54|20100770000SB|103.639|103.664|STRUCTURE_TYPE|1|20A443||
01/01/2025|54|20100770000SB|106.05|106.107|STRUCTURE_TYPE|1|20A445||
01/01/2025|54|20100770000SB|110.028|110.06|STRUCTURE_TYPE|1|20A446||
01/01/2025|54|20100770000SB|110.654|110.702|STRUCTURE_TYPE|1|20A863||
01/01/2025|54|20100770000SB|111.093|111.136|STRUCTURE_TYPE|1|20A865||
01/01/2025|54|20100770000SB|112.384|112.452|STRUCTURE_TYPE|1|20A867||
01/01/2025|54|20100770000SB|113.369|113.404|STRUCTURE_TYPE|1|20A450||
01/01/2025|54|20100770000SB|114.529|114.576|STRUCTURE_TYPE|1|20A451||
01/01/2025|54|20100770000SB|115.949|115.976|STRUCTURE_TYPE|1|20A818||
01/01/2025|54|20100770000SB|117.19|117.24|STRUCTURE_TYPE|1|20A453||
01/01/2025|54|20100770005SB|0.123|0.4|STRUCTURE_TYPE|1|20A407||
01/01/2025|54|20100770016NB|68.139|68.177|STRUCTURE_TYPE|1|20A600||
01/01/2025|54|20100770016NB|74.195|74.264|STRUCTURE_TYPE|1|20A605||
01/01/2025|54|20100770016NB|75.186|75.191|STRUCTURE_TYPE|1|20A712||
01/01/2025|54|20100770016NB|79.339|79.375|STRUCTURE_TYPE|1|20A608||
01/01/2025|54|20100770016NB|81.849|81.895|STRUCTURE_TYPE|1|20A679||
01/01/2025|54|20100770016NB|89.4|89.493|STRUCTURE_TYPE|1|20A622||
01/01/2025|54|20100770016NB|89.639|89.679|STRUCTURE_TYPE|1|20A625||
01/01/2025|54|20100770016NB|90.279|90.305|STRUCTURE_TYPE|1|20A627||
01/01/2025|54|20100770016NB|90.66|90.807|STRUCTURE_TYPE|1|20A629||
01/01/2025|54|20100770016NB|91.049|91.068|STRUCTURE_TYPE|1|20A631||
01/01/2025|54|20100770016NB|93.62|93.668|STRUCTURE_TYPE|1|20A633||
01/01/2025|54|20100770016NB|94.163|94.196|STRUCTURE_TYPE|1|20A635||
01/01/2025|54|20100770016NB|94.251|94.284|STRUCTURE_TYPE|1|20A637||
01/01/2025|54|20100770016NB|94.501|94.915|STRUCTURE_TYPE|1|20A639||
01/01/2025|54|20100770016SB|73.881|73.928|STRUCTURE_TYPE|1|20A603||
01/01/2025|54|20100770016SB|83.258|83.312|STRUCTURE_TYPE|1|20A612||
01/01/2025|54|20100770016SB|83.379|83.458|STRUCTURE_TYPE|1|20A615||
01/01/2025|54|20100770016SB|84.579|84.624|STRUCTURE_TYPE|1|20A617||
01/01/2025|54|20100770016SB|86.52|86.647|STRUCTURE_TYPE|1|20A619||
01/01/2025|54|20100770016SB|90.679|90.828|STRUCTURE_TYPE|1|20A630||
01/01/2025|54|20100770016SB|94.159|94.191|STRUCTURE_TYPE|1|20A636||
01/01/2025|54|20100770016SB|94.25|94.283|STRUCTURE_TYPE|1|20A638||
01/01/2025|54|20100770016SB|94.501|94.911|STRUCTURE_TYPE|1|20A640||
01/01/2025|54|20100770017NB0085A|0.21|0.229|STRUCTURE_TYPE|1|20A616||
01/01/2025|54|20100770017NB0089A|0.258|0.307|STRUCTURE_TYPE|1|20A621||
01/01/2025|54|20100770017NB0095B|0.2|0.235|STRUCTURE_TYPE|1|20A641||
01/01/2025|54|20100770017NB0098B|0.031|0.106|STRUCTURE_TYPE|1|20A362||
01/01/2025|54|20100770017NB0100A|0.322|0.609|STRUCTURE_TYPE|1|20A412||
01/01/2025|54|20100770017NB0100B|0.068|0.224|STRUCTURE_TYPE|1|20A414||
01/01/2025|54|20100770017NB0100B|0.224|0.324|STRUCTURE_TYPE|1|20A413||
01/01/2025|54|20100770017NB0101B|0.034|0.112|STRUCTURE_TYPE|1|20A429||
01/01/2025|54|20100770017NB0106B|0.041|0.047|STRUCTURE_TYPE|1|20A701||
01/01/2025|54|20100770017NB0116A|0.249|0.253|STRUCTURE_TYPE|1|20A675||
01/01/2025|54|20100770017SB0001C|0.132|0.212|STRUCTURE_TYPE|1|20A428||
01/01/2025|54|20100770017SB0085C|0.405|0.449|STRUCTURE_TYPE|1|20A644||
01/01/2025|54|20100770017SB0089D|0.015|0.069|STRUCTURE_TYPE|1|20A624||
01/01/2025|54|20100770017SB0096D|0.191|0.229|STRUCTURE_TYPE|1|20A652||
01/01/2025|54|20100770017SB0096H|0.212|0.238|STRUCTURE_TYPE|1|20A653||
01/01/2025|54|20100770017SB0098C|0.063|0.153|STRUCTURE_TYPE|1|20A419||
01/01/2025|54|20100770017SB0100C|0.101|0.201|STRUCTURE_TYPE|1|20A411||
01/01/2025|54|20100770017SB0100D|0.015|0.104|STRUCTURE_TYPE|1|20A415||
01/01/2025|54|20100770017SB0106C|0.334|0.339|STRUCTURE_TYPE|1|20A711||
01/01/2025|54|20100770017SB0116D|0.021|0.025|STRUCTURE_TYPE|1|20A674||
01/01/2025|54|20100770023SB|0.55|0.571|STRUCTURE_TYPE|1|20A440||
01/01/2025|54|20100770023SB|0.696|0.714|STRUCTURE_TYPE|1|20A441||
01/01/2025|54|20100790000NB|0.237|0.264|STRUCTURE_TYPE|1|20A491||
01/01/2025|54|20100790000NB|0.799|0.859|STRUCTURE_TYPE|1|20A493||
01/01/2025|54|20100790000NB|1.078|1.097|STRUCTURE_TYPE|1|20A495||
01/01/2025|54|20100790000NB|2.004|2.042|STRUCTURE_TYPE|1|20A497||
01/01/2025|54|20100790000NB|5.361|5.387|STRUCTURE_TYPE|1|20A498||
01/01/2025|54|20100790000NB|5.641|5.679|STRUCTURE_TYPE|1|20A500||
01/01/2025|54|20100790000NB|7.473|7.58|STRUCTURE_TYPE|1|20A502||
01/01/2025|54|20100790000NB|7.58|7.664|STRUCTURE_TYPE|1|20A502||
01/01/2025|54|20100790000NB|8.555|8.635|STRUCTURE_TYPE|1|20A504||
01/01/2025|54|20100790000NB|9.309|9.37|STRUCTURE_TYPE|1|20A506||
01/01/2025|54|20100790000NB|10.251|10.257|STRUCTURE_TYPE|1|20A709||
01/01/2025|54|20100790000NB|10.766|10.801|STRUCTURE_TYPE|1|20A508||
01/01/2025|54|20100790000NB|12.566|12.58|STRUCTURE_TYPE|1|20A669||
01/01/2025|54|20100790000NB|13.443|13.449|STRUCTURE_TYPE|1|20A710||
01/01/2025|54|20100790000NB|14.343|14.347|STRUCTURE_TYPE|1|20A565||
01/01/2025|54|20100790000NB|15.616|15.701|STRUCTURE_TYPE|1|20A510||
01/01/2025|54|20100790000NB|16.122|16.192|STRUCTURE_TYPE|1|20A512||
01/01/2025|54|20100790000NB|19.395|19.437|STRUCTURE_TYPE|1|20A514||
01/01/2025|54|20100790000NB|20.591|20.656|STRUCTURE_TYPE|1|20A852||
01/01/2025|54|20100790000SB|0.247|0.28|STRUCTURE_TYPE|1|20A490||
01/01/2025|54|20100790000SB|0.28|0.313|STRUCTURE_TYPE|1|20A490||
01/01/2025|54|20100790000SB|0.346|0.41|STRUCTURE_TYPE|1|20A492||
01/01/2025|54|20100790000SB|0.873|0.934|STRUCTURE_TYPE|1|20A494||
01/01/2025|54|20100790000SB|5.358|5.384|STRUCTURE_TYPE|1|20A499||
01/01/2025|54|20100790000SB|5.614|5.622|STRUCTURE_TYPE|1|20A580||
01/01/2025|54|20100790000SB|5.641|5.681|STRUCTURE_TYPE|1|20A501||
01/01/2025|54|20100790000SB|7.479|7.58|STRUCTURE_TYPE|1|20A503||
01/01/2025|54|20100790000SB|7.58|7.662|STRUCTURE_TYPE|1|20A503||
01/01/2025|54|20100790000SB|8.557|8.637|STRUCTURE_TYPE|1|20A505||
01/01/2025|54|20100790000SB|9.315|9.376|STRUCTURE_TYPE|1|20A507||
01/01/2025|54|20100790000SB|10.77|10.805|STRUCTURE_TYPE|1|20A509||
01/01/2025|54|20100790000SB|13.811|13.817|STRUCTURE_TYPE|1|20A749||
01/01/2025|54|20100790000SB|15.584|15.686|STRUCTURE_TYPE|1|20A511||
01/01/2025|54|20100790000SB|16.149|16.204|STRUCTURE_TYPE|1|20A513||
01/01/2025|54|20100790000SB|19.392|19.434|STRUCTURE_TYPE|1|20A515||
01/01/2025|54|20100790000SB|20.596|20.661|STRUCTURE_TYPE|1|20A853||
01/01/2025|54|20200600000EB|2.269|2.274|STRUCTURE_TYPE|1|20A686||
01/01/2025|54|20200600000EB|2.859|2.93|STRUCTURE_TYPE|1|20A820||
01/01/2025|54|20200600000EB|3.319|3.439|STRUCTURE_TYPE|1|20A809||
01/01/2025|54|20200600000EB|11.305|11.348|STRUCTURE_TYPE|1|20A339||
01/01/2025|54|20200600000EB|13.351|13.424|STRUCTURE_TYPE|1|20A342||
01/01/2025|54|20200600000EB|14.008|14.33|STRUCTURE_TYPE|1|20A146||
01/01/2025|54|20200600000EB|14.33|14.343|STRUCTURE_TYPE|1|20A146||
01/01/2025|54|20200600000EB|16.575|16.65|STRUCTURE_TYPE|1|20A769||
01/01/2025|54|20200600000EB|16.65|16.656|STRUCTURE_TYPE|1|20A769||
01/01/2025|54|20200600000EB|22.234|22.274|STRUCTURE_TYPE|1|20A344||
01/01/2025|54|20200600000EB|22.82|22.902|STRUCTURE_TYPE|1|20A346||
01/01/2025|54|20200600000EB|23.438|23.443|STRUCTURE_TYPE|1|20A156||
01/01/2025|54|20200600000EB|29.953|30.024|STRUCTURE_TYPE|1|20A350||
01/01/2025|54|20200600000EB|36.237|36.293|STRUCTURE_TYPE|1|20A160||
01/01/2025|54|20200600000WB|2.539|2.543|STRUCTURE_TYPE|1|20A687||
01/01/2025|54|20200600000WB|2.853|2.925|STRUCTURE_TYPE|1|20A821||
01/01/2025|54|20200600000WB|6.237|6.241|STRUCTURE_TYPE|1|20A688||
01/01/2025|54|20200600000WB|22.236|22.2747|STRUCTURE_TYPE|1|20A345||
01/01/2025|54|20200600000WB|22.822|22.877|STRUCTURE_TYPE|1|20A680||
01/01/2025|54|20200600000WB|23.467|23.474|STRUCTURE_TYPE|1|20A152||
01/01/2025|54|20200600000WB|27.851|27.87|STRUCTURE_TYPE|1|20A154||
01/01/2025|54|20200600000WB|28.412|28.429|STRUCTURE_TYPE|1|20A155||
01/01/2025|54|20200600000WB|29.183|29.2|STRUCTURE_TYPE|1|20A347||
01/01/2025|54|20200600000WB|29.953|30.024|STRUCTURE_TYPE|1|20A349||
01/01/2025|54|20200600000WB|36.413|36.452|STRUCTURE_TYPE|1|20A161||
01/01/2025|54|20200600000WB|40.212|40.233|STRUCTURE_TYPE|1|20A353||
01/01/2025|54|20200600007WB|5.581|5.59|STRUCTURE_TYPE|1|20A336||
01/01/2025|54|20200600007WB|5.59|5.679|STRUCTURE_TYPE|1|20A336||
01/01/2025|54|20200600017EB0044A|0.124|0.172|STRUCTURE_TYPE|1|20A584||
01/01/2025|54|20200600017EB0044B|0.013|0.07|STRUCTURE_TYPE|1|20A585||
01/01/2025|54|20201190000NB|1.061|1.12|STRUCTURE_TYPE|1|20A572||
01/01/2025|54|20201190000NB|6.651|6.805|STRUCTURE_TYPE|1|20A574||
01/01/2025|54|20201190000NB|11.081|11.086|STRUCTURE_TYPE|1|20A570||
01/01/2025|54|20201190000NB|11.36|11.433|STRUCTURE_TYPE|1|20A654||
01/01/2025|54|20201190000NB|13.763|13.82|STRUCTURE_TYPE|1|20A656||
01/01/2025|54|20201190000NB|13.963|14.024|STRUCTURE_TYPE|1|20A658||
01/01/2025|54|20201190000NB|25.517|25.548|STRUCTURE_TYPE|1|20A845||
01/01/2025|54|20201190000NB|27.622|27.649|STRUCTURE_TYPE|1|20A286||
01/01/2025|54|20201190000SB|1.059|1.12|STRUCTURE_TYPE|1|20A573||
01/01/2025|54|20201190000SB|6.65|6.804|STRUCTURE_TYPE|1|20A575||
01/01/2025|54|20201190000SB|7.896|7.901|STRUCTURE_TYPE|1|20A569||
01/01/2025|54|20201190000SB|11.359|11.444|STRUCTURE_TYPE|1|20A655||
01/01/2025|54|20201190000SB|13.771|13.828|STRUCTURE_TYPE|1|20A657||
01/01/2025|54|20201190000SB|13.969|14.028|STRUCTURE_TYPE|1|20A659||
01/01/2025|54|20201190023NB|0.351|0.431|STRUCTURE_TYPE|1|20A533||
01/01/2025|54|2030004000000|0.002|0.03|STRUCTURE_TYPE|1|20A006||
01/01/2025|54|2030004000000|0.03|0.038|STRUCTURE_TYPE|1|20A006||
01/01/2025|54|2030025000000|12.587|12.62|STRUCTURE_TYPE|1|20A316||
01/01/2025|54|2030025000300|0.099|0.292|STRUCTURE_TYPE|1|20A857||
01/01/2025|54|2030061000000|0.319|0.344|STRUCTURE_TYPE|1|20A177||
01/01/2025|54|2030061000000|1.582|1.587|STRUCTURE_TYPE|1|20A807||
01/01/2025|54|2030061000000|4.618|4.689|STRUCTURE_TYPE|1|20A776||
01/01/2025|54|2030061000000|10.423|10.451|STRUCTURE_TYPE|1|20A180||
01/01/2025|54|2030061000000|11.5|11.52|STRUCTURE_TYPE|1|20A775||
01/01/2025|54|2030061000000|11.52|11.522|STRUCTURE_TYPE|1|20A775||
01/01/2025|54|2030061000000|13.097|13.1|STRUCTURE_TYPE|1|20A830||
01/01/2025|54|2030061000000|13.1|13.124|STRUCTURE_TYPE|1|20A830||
01/01/2025|54|2030061000000|13.506|13.52|STRUCTURE_TYPE|1|20A817||
01/01/2025|54|2030061000000|15.971|15.989|STRUCTURE_TYPE|1|20A184||
01/01/2025|54|2030061000000|17.957|17.977|STRUCTURE_TYPE|1|20A552||
01/01/2025|54|2030061000000|23.93|23.935|STRUCTURE_TYPE|1|20A713||
01/01/2025|54|2030061000000|25.113|25.118|STRUCTURE_TYPE|1|20A531||
01/01/2025|54|20300610004NB|0.014|0.051|STRUCTURE_TYPE|1|20A735||
01/01/2025|54|20300610004NB|0.051|0.178|STRUCTURE_TYPE|1|20A735||
01/01/2025|54|20300610004NB|0.051|0.1779|STRUCTURE_TYPE|1|20A736||
01/01/2025|54|20300610004NB|0.178|0.32|STRUCTURE_TYPE|1|20A735||
01/01/2025|54|2030062000000|0.596|0.601|STRUCTURE_TYPE|1|20A374||
01/01/2025|54|2030094000000|3.758|3.763|STRUCTURE_TYPE|1|20A276||
01/01/2025|54|2030094000000|6.998|7.02|STRUCTURE_TYPE|1|20A550||
01/01/2025|54|2030114000000|0.337|0.368|STRUCTURE_TYPE|1|20A525||
01/01/2025|54|2030114000000|0.408|0.435|STRUCTURE_TYPE|1|20A528||
01/01/2025|54|2030114000000|2.113|2.137|STRUCTURE_TYPE|1|20A858||
01/01/2025|54|2030114000000|2.833|2.846|STRUCTURE_TYPE|1|20A823||
01/01/2025|54|2030114000000|2.893|2.906|STRUCTURE_TYPE|1|20A824||
01/01/2025|54|2030114000000|4.896|4.907|STRUCTURE_TYPE|1|20A810||
01/01/2025|54|2030114000000|6.595|6.73|STRUCTURE_TYPE|1|20A530||
01/01/2025|54|2030114000000|6.73|6.731|STRUCTURE_TYPE|1|20A530||
01/01/2025|54|2030114000000|6.86|6.866|STRUCTURE_TYPE|1|20A578||
01/01/2025|54|2030114000000|7.464|7.47|STRUCTURE_TYPE|1|20A579||
01/01/2025|54|2030214000000|0.0|0.057|STRUCTURE_TYPE|1|20A289||
01/01/2025|54|2030214000000|5.377|5.383|STRUCTURE_TYPE|1|20A290||
01/01/2025|54|2030214000000|7.961|7.977|STRUCTURE_TYPE|1|20A846||
01/01/2025|54|2030601000000|1.329|1.359|STRUCTURE_TYPE|1|20A292||
01/01/2025|54|2030601000000|1.329|1.3589|STRUCTURE_TYPE|1|20A566||
01/01/2025|54|2030601002400|1.272|1.4178|STRUCTURE_TYPE|1|20A951||
01/01/2025|54|2030622000000|2.096|2.13|STRUCTURE_TYPE|1|20A754||
01/01/2025|54|2030622000000|2.13|2.134|STRUCTURE_TYPE|1|20A754||
01/01/2025|54|2030622000000|5.552|5.565|STRUCTURE_TYPE|1|20A561||
01/01/2025|54|2030622000000|6.305|6.314|STRUCTURE_TYPE|1|20A294||
01/01/2025|54|2030622000000|7.321|7.325|STRUCTURE_TYPE|1|20A728||
01/01/2025|54|2030622000000|7.549|7.569|STRUCTURE_TYPE|1|20A295||
01/01/2025|54|2030622000000|16.84|16.86|STRUCTURE_TYPE|1|20A296||
01/01/2025|54|2030817000000|0.088|0.097|STRUCTURE_TYPE|1|20A677||
01/01/2025|54|2030817000000|1.212|1.274|STRUCTURE_TYPE|1|20A322||
01/01/2025|54|2040001020000|0.478|0.486|STRUCTURE_TYPE|1|20A001||
01/01/2025|54|2040001030000|1.836|1.859|STRUCTURE_TYPE|1|20A806||
01/01/2025|54|2040001040000|2.034|2.045|STRUCTURE_TYPE|1|20A003||
01/01/2025|54|2040003000000|0.888|0.892|STRUCTURE_TYPE|1|20A004||
01/01/2025|54|2040003000000|3.784|3.794|STRUCTURE_TYPE|1|20A005||
01/01/2025|54|2040003030000|3.328|3.337|STRUCTURE_TYPE|1|20A544||
01/01/2025|54|2040005060000|0.049|0.054|STRUCTURE_TYPE|1|20A008||
01/01/2025|54|2040005130000|0.059|0.063|STRUCTURE_TYPE|1|20A676||
01/01/2025|54|2040006060000|0.475|0.487|STRUCTURE_TYPE|1|20A731||
01/01/2025|54|2040007000000|1.973|2.02|STRUCTURE_TYPE|1|20A747||
01/01/2025|54|2040007020000|1.31|1.315|STRUCTURE_TYPE|1|20A771||
01/01/2025|54|2040007030000|0.019|0.051|STRUCTURE_TYPE|1|20A299||
01/01/2025|54|2040007050000|0.007|0.032|STRUCTURE_TYPE|1|20A013||
01/01/2025|54|2040007080000|2.059|2.07|STRUCTURE_TYPE|1|20A014||
01/01/2025|54|2040007110000|0.087|0.0955|STRUCTURE_TYPE|1|20X002||
01/01/2025|54|2040008000000|2.726|2.736|STRUCTURE_TYPE|1|20A015||
01/01/2025|54|2040008060000|0.003|0.009|STRUCTURE_TYPE|1|20A814||
01/01/2025|54|2040009000000|1.647|1.653|STRUCTURE_TYPE|1|20A300||
01/01/2025|54|2040009000000|3.476|3.484|STRUCTURE_TYPE|1|20A835||
01/01/2025|54|2040009000000|4.292|4.296|STRUCTURE_TYPE|1|20A301||
01/01/2025|54|2040009000000|4.968|4.977|STRUCTURE_TYPE|1|20A662||
01/01/2025|54|2040009000000|5.848|5.914|STRUCTURE_TYPE|1|20A017||
01/01/2025|54|2040009000000|6.064|6.078|STRUCTURE_TYPE|1|20A871||
01/01/2025|54|2040009050000|0.774|0.782|STRUCTURE_TYPE|1|20A019||
01/01/2025|54|2040009150000|0.012|0.018|STRUCTURE_TYPE|1|20A742||
01/01/2025|54|2040011000000|0.466|0.476|STRUCTURE_TYPE|1|20A828||
01/01/2025|54|2040011000000|1.257|1.267|STRUCTURE_TYPE|1|20A854||
01/01/2025|54|2040011000000|4.665|4.673|STRUCTURE_TYPE|1|20A022||
01/01/2025|54|2040011020000|0.234|0.245|STRUCTURE_TYPE|1|20A024||
01/01/2025|54|2040012000000|0.156|0.164|STRUCTURE_TYPE|1|20A026||
01/01/2025|54|2040012000000|0.395|0.405|STRUCTURE_TYPE|1|20A721||
01/01/2025|54|2040012000000|1.942|1.95|STRUCTURE_TYPE|1|20A727||
01/01/2025|54|2040015000000|2.625|2.636|STRUCTURE_TYPE|1|20A029||
01/01/2025|54|2040015000000|13.199|13.209|STRUCTURE_TYPE|1|20A898||
01/01/2025|54|2040015000000|13.391|13.4|STRUCTURE_TYPE|1|20A032||
01/01/2025|54|2040015000000|13.463|13.472|STRUCTURE_TYPE|1|20A033||
01/01/2025|54|2040015000000|13.703|13.712|STRUCTURE_TYPE|1|20A843||
01/01/2025|54|2040015000000|13.779|13.788|STRUCTURE_TYPE|1|20A035||
01/01/2025|54|2040015000000|13.942|13.95|STRUCTURE_TYPE|1|20A036||
01/01/2025|54|2040015000000|14.078|14.087|STRUCTURE_TYPE|1|20A020||
01/01/2025|54|2040015000000|14.263|14.271|STRUCTURE_TYPE|1|20A038||
01/01/2025|54|2040015000000|14.329|14.339|STRUCTURE_TYPE|1|20A855||
01/01/2025|54|2040015000000|14.41|14.418|STRUCTURE_TYPE|1|20A039||
01/01/2025|54|2040015000000|14.551|14.559|STRUCTURE_TYPE|1|20A040||
01/01/2025|54|2040015000000|14.768|14.776|STRUCTURE_TYPE|1|20A041||
01/01/2025|54|2040015000000|15.162|15.173|STRUCTURE_TYPE|1|20A042||
01/01/2025|54|2040015020000|0.007|0.021|STRUCTURE_TYPE|1|20A851||
01/01/2025|54|2040015030000|2.491|2.501|STRUCTURE_TYPE|1|20A734||
01/01/2025|54|2040016010000|0.653|0.6601|STRUCTURE_TYPE|1|20A729||
01/01/2025|54|2040018000000|4.647|4.658|STRUCTURE_TYPE|1|20A044||
01/01/2025|54|2040019000000|0.011|0.031|STRUCTURE_TYPE|1|20A896||
01/01/2025|54|2040019000000|1.483|1.487|STRUCTURE_TYPE|1|20A046||
01/01/2025|54|2040020000000|3.856|3.865|STRUCTURE_TYPE|1|20A309||
01/01/2025|54|2040020000000|3.994|4.008|STRUCTURE_TYPE|1|20A887||
01/01/2025|54|2040020000000|4.154|4.167|STRUCTURE_TYPE|1|20A888||
01/01/2025|54|2040020000000|4.265|4.279|STRUCTURE_TYPE|1|20A889||
01/01/2025|54|2040020020000|0.142|0.148|STRUCTURE_TYPE|1|20A313||
01/01/2025|54|2040020050000|0.006|0.015|STRUCTURE_TYPE|1|20A744||
01/01/2025|54|2040021000000|1.397|1.426|STRUCTURE_TYPE|1|20A884||
01/01/2025|54|2040021000000|2.656|2.666|STRUCTURE_TYPE|1|20A049||
01/01/2025|54|2040021000000|12.96|12.999|STRUCTURE_TYPE|1|20A051||
01/01/2025|54|2040021160000|0.899|0.917|STRUCTURE_TYPE|1|20A053||
01/01/2025|54|2040021160000|2.284|2.293|STRUCTURE_TYPE|1|20A055||
01/01/2025|54|2040021240000|1.148|1.162|STRUCTURE_TYPE|1|20A876||
01/01/2025|54|2040021410000|0.008|0.033|STRUCTURE_TYPE|1|20A798||
01/01/2025|54|2040022000000|2.492|2.501|STRUCTURE_TYPE|1|20A057||
01/01/2025|54|2040022000000|3.849|3.861|STRUCTURE_TYPE|1|20A059||
01/01/2025|54|2040022000000|4.362|4.37|STRUCTURE_TYPE|1|20A060||
01/01/2025|54|2040023000000|3.51|3.524|STRUCTURE_TYPE|1|20A061||
01/01/2025|54|2040023000000|3.637|3.651|STRUCTURE_TYPE|1|20A890||
01/01/2025|54|2040023000000|4.056|4.068|STRUCTURE_TYPE|1|20A730||
01/01/2025|54|2040023000000|4.983|4.989|STRUCTURE_TYPE|1|20A064||
01/01/2025|54|2040024000000|0.509|0.518|STRUCTURE_TYPE|1|20A869||
01/01/2025|54|2040024000000|3.706|3.715|STRUCTURE_TYPE|1|20A067||
01/01/2025|54|2040024010000|0.091|0.096|STRUCTURE_TYPE|1|20A760||
01/01/2025|54|2040025010000|0.455|0.46|STRUCTURE_TYPE|1|20A586||
01/01/2025|54|2040025030000|0.252|0.257|STRUCTURE_TYPE|1|20A660||
01/01/2025|54|2040025140000|0.014|0.019|STRUCTURE_TYPE|1|20A317||
01/01/2025|54|2040025470000|0.109|0.36|STRUCTURE_TYPE|1|20A337||
01/01/2025|54|2040025470000|0.36|0.371|STRUCTURE_TYPE|1|20A337||
01/01/2025|54|2040025680000|0.046|0.051|STRUCTURE_TYPE|1|20A919||
01/01/2025|54|2040026000000|0.536|0.543|STRUCTURE_TYPE|1|20A725||
01/01/2025|54|2040026000000|0.874|0.882|STRUCTURE_TYPE|1|20A726||
01/01/2025|54|2040026000000|1.606|1.612|STRUCTURE_TYPE|1|20A070||
01/01/2025|54|2040026000000|1.973|1.978|STRUCTURE_TYPE|1|20A071||
01/01/2025|54|2040026000000|2.422|2.427|STRUCTURE_TYPE|1|20A848||
01/01/2025|54|2040027000000|0.036|0.053|STRUCTURE_TYPE|1|20A074||
01/01/2025|54|2040027000000|0.768|0.816|STRUCTURE_TYPE|1|20A075||
01/01/2025|54|2040027000000|2.259|2.266|STRUCTURE_TYPE|1|20A700||
01/01/2025|54|2040027010000|1.083|1.104|STRUCTURE_TYPE|1|20A837||
01/01/2025|54|2040027040000|0.037|0.055|STRUCTURE_TYPE|1|20A318||
01/01/2025|54|2040027060000|0.113|0.119|STRUCTURE_TYPE|1|20A766||
01/01/2025|54|2040028000000|0.011|0.028|STRUCTURE_TYPE|1|20A080||
01/01/2025|54|2040028000000|2.543|2.549|STRUCTURE_TYPE|1|20A319||
01/01/2025|54|2040028000000|7.343|7.354|STRUCTURE_TYPE|1|20A081||
01/01/2025|54|2040028020000|0.035|0.045|STRUCTURE_TYPE|1|20A755||
01/01/2025|54|2040029000000|1.106|1.115|STRUCTURE_TYPE|1|20A668||
01/01/2025|54|2040029000000|1.235|1.242|STRUCTURE_TYPE|1|20A667||
01/01/2025|54|2040029020000|0.012|0.032|STRUCTURE_TYPE|1|20A892||
01/01/2025|54|2040030000000|1.174|1.182|STRUCTURE_TYPE|1|20A827||
01/01/2025|54|2040030020000|1.417|1.426|STRUCTURE_TYPE|1|20A083||
01/01/2025|54|2040031010000|3.577|3.581|STRUCTURE_TYPE|1|20A084||
01/01/2025|54|2040032000000|1.016|1.055|STRUCTURE_TYPE|1|20A085||
01/01/2025|54|2040032030000|0.291|0.319|STRUCTURE_TYPE|1|20A682||
01/01/2025|54|2040032030000|0.482|0.524|STRUCTURE_TYPE|1|20A683||
01/01/2025|54|2040033000000|0.132|0.151|STRUCTURE_TYPE|1|20A759||
01/01/2025|54|2040033000000|3.49|3.529|STRUCTURE_TYPE|1|20A720||
01/01/2025|54|2040033000000|5.065|5.096|STRUCTURE_TYPE|1|20A088||
01/01/2025|54|2040033000000|5.391|5.403|STRUCTURE_TYPE|1|20A813||
01/01/2025|54|2040035070000|0.01|0.016|STRUCTURE_TYPE|1|20A714||
01/01/2025|54|2040036000000|7.819|7.868|STRUCTURE_TYPE|1|20A323||
01/01/2025|54|2040037000000|0.018|0.024|STRUCTURE_TYPE|1|20A324||
01/01/2025|54|2040038000000|0.358|0.363|STRUCTURE_TYPE|1|20A800||
01/01/2025|54|2040039000000|0.05|0.077|STRUCTURE_TYPE|1|20X001||
01/01/2025|54|2040039000000|2.76|2.766|STRUCTURE_TYPE|1|20A095||
01/01/2025|54|2040039000000|4.012|4.02|STRUCTURE_TYPE|1|20A096||
01/01/2025|54|2040039000000|9.102|9.106|STRUCTURE_TYPE|1|20A097||
01/01/2025|54|2040043000000|1.315|1.358|STRUCTURE_TYPE|1|20A327||
01/01/2025|54|2040043000000|1.399|1.404|STRUCTURE_TYPE|1|20A732||
01/01/2025|54|2040043000000|2.956|2.983|STRUCTURE_TYPE|1|20A797||
01/01/2025|54|2040043000000|5.662|5.674|STRUCTURE_TYPE|1|20A101||
01/01/2025|54|2040043000000|9.213|9.22|STRUCTURE_TYPE|1|20A799||
01/01/2025|54|2040043040000|0.017|0.03|STRUCTURE_TYPE|1|20A801||
01/01/2025|54|2040043050000|0.009|0.021|STRUCTURE_TYPE|1|20A802||
01/01/2025|54|2040043060000|0.039|0.051|STRUCTURE_TYPE|1|20A881||
01/01/2025|54|2040043070000|0.123|0.13|STRUCTURE_TYPE|1|20A815||
01/01/2025|54|2040043140000|0.019|0.038|STRUCTURE_TYPE|1|20A784||
01/01/2025|54|2040043180000|0.019|0.024|STRUCTURE_TYPE|1|20A765||
01/01/2025|54|2040045000000|5.164|5.187|STRUCTURE_TYPE|1|20A107||
01/01/2025|54|2040045000000|6.067|6.072|STRUCTURE_TYPE|1|20A872||
01/01/2025|54|2040046000000|0.387|0.398|STRUCTURE_TYPE|1|20A108||
01/01/2025|54|2040046000000|1.148|1.158|STRUCTURE_TYPE|1|20A832||
01/01/2025|54|2040046000000|1.26|1.266|STRUCTURE_TYPE|1|20A110||
01/01/2025|54|2040046000000|2.302|2.312|STRUCTURE_TYPE|1|20A839||
01/01/2025|54|2040046000000|2.577|2.584|STRUCTURE_TYPE|1|20A112||
01/01/2025|54|2040046000000|2.688|2.695|STRUCTURE_TYPE|1|20A113||
01/01/2025|54|2040046000000|2.89|2.897|STRUCTURE_TYPE|1|20A114||
01/01/2025|54|2040046080000|0.005|0.01|STRUCTURE_TYPE|1|20A733||
01/01/2025|54|2040047000000|1.176|1.191|STRUCTURE_TYPE|1|20A115||
01/01/2025|54|2040047000000|2.884|2.965|STRUCTURE_TYPE|1|20A587||
01/01/2025|54|2040048000000|1.772|1.78|STRUCTURE_TYPE|1|20A826||
01/01/2025|54|2040048000000|2.169|2.18|STRUCTURE_TYPE|1|20A118||
01/01/2025|54|2040048000000|2.707|2.712|STRUCTURE_TYPE|1|20A119||
01/01/2025|54|2040048000000|3.163|3.167|STRUCTURE_TYPE|1|20A120||
01/01/2025|54|2040049000000|1.912|1.916|STRUCTURE_TYPE|1|20A122||
01/01/2025|54|2040050000000|0.108|0.116|STRUCTURE_TYPE|1|20A873||
01/01/2025|54|2040050000000|0.779|0.785|STRUCTURE_TYPE|1|20A874||
01/01/2025|54|2040050000000|0.872|0.878|STRUCTURE_TYPE|1|20A875||
01/01/2025|54|2040051090000|0.92|0.934|STRUCTURE_TYPE|1|20A126||
01/01/2025|54|2040052000000|0.39|0.399|STRUCTURE_TYPE|1|20A127||
01/01/2025|54|2040052000000|3.605|3.626|STRUCTURE_TYPE|1|20A950||
01/01/2025|54|2040052020000|0.097|0.107|STRUCTURE_TYPE|1|20A331||
01/01/2025|54|2040053000000|2.521|2.595|STRUCTURE_TYPE|1|20A332||
01/01/2025|54|2040057000000|4.814|4.829|STRUCTURE_TYPE|1|20A812||
01/01/2025|54|2040057000000|11.2|11.214|STRUCTURE_TYPE|1|20A891||
01/01/2025|54|2040057000000|14.034|14.068|STRUCTURE_TYPE|1|20A134||
01/01/2025|54|2040057000000|15.066|15.074|STRUCTURE_TYPE|1|20A135||
01/01/2025|54|2040057000000|15.153|15.158|STRUCTURE_TYPE|1|20A136||
01/01/2025|54|2040057000000|24.157|24.232|STRUCTURE_TYPE|1|20A137||
01/01/2025|54|2040058000000|5.155|5.167|STRUCTURE_TYPE|1|20A138||
01/01/2025|54|2040058000000|5.331|5.349|STRUCTURE_TYPE|1|20A880||
01/01/2025|54|2040059000000|0.008|0.041|STRUCTURE_TYPE|1|20A140||
01/01/2025|54|2040059000000|0.991|0.996|STRUCTURE_TYPE|1|20A718||
01/01/2025|54|2040059000000|4.625|4.635|STRUCTURE_TYPE|1|20A893||
01/01/2025|54|2040060050000|0.319|0.331|STRUCTURE_TYPE|1|20A165||
01/01/2025|54|2040060060000|0.046|0.05|STRUCTURE_TYPE|1|20A166||
01/01/2025|54|2040060120000|6.074|6.081|STRUCTURE_TYPE|1|20A168||
01/01/2025|54|2040060120000|6.876|6.885|STRUCTURE_TYPE|1|20A169||
01/01/2025|54|2040060140000|2.465|2.493|STRUCTURE_TYPE|1|20A170||
01/01/2025|54|2040060140000|3.654|3.711|STRUCTURE_TYPE|1|20A171||
01/01/2025|54|2040060140000|5.07|5.074|STRUCTURE_TYPE|1|20A172||
01/01/2025|54|2040060150000|1.232|1.237|STRUCTURE_TYPE|1|20A790||
01/01/2025|54|2040060150000|2.094|2.1|STRUCTURE_TYPE|1|20A786||
01/01/2025|54|2040060150000|2.154|2.16|STRUCTURE_TYPE|1|20A787||
01/01/2025|54|2040060180000|0.017|0.071|STRUCTURE_TYPE|1|20A357||
01/01/2025|54|2040060290000|1.82|1.84|STRUCTURE_TYPE|1|20A860||
01/01/2025|54|2040060600000|0.125|0.153|STRUCTURE_TYPE|1|20A359||
01/01/2025|54|2040060620000|0.163|0.18|STRUCTURE_TYPE|1|20A360||
01/01/2025|54|2040060620000|0.18|0.388|STRUCTURE_TYPE|1|20A360||
01/01/2025|54|2040060620000|0.388|0.414|STRUCTURE_TYPE|1|20A360||
01/01/2025|54|2040060620000|0.416|0.437|STRUCTURE_TYPE|1|20A361||
01/01/2025|54|2040060630000|0.068|0.13|STRUCTURE_TYPE|1|20A363||
01/01/2025|54|2040060630000|0.068|0.3301|STRUCTURE_TYPE|1|20A364||
01/01/2025|54|2040060640000|0.07|0.098|STRUCTURE_TYPE|1|20A365||
01/01/2025|54|2040060640000|0.156|0.183|STRUCTURE_TYPE|1|20A367||
01/01/2025|54|2040060640000|0.229|0.264|STRUCTURE_TYPE|1|20A369||
01/01/2025|54|2040061060000|0.009|0.017|STRUCTURE_TYPE|1|20A767||
01/01/2025|54|2040061070000|0.58|0.607|STRUCTURE_TYPE|1|20A185||
01/01/2025|54|2040061110000|0.182|0.192|STRUCTURE_TYPE|1|20A664||
01/01/2025|54|2040061130000|0.033|0.075|STRUCTURE_TYPE|1|20A373||
01/01/2025|54|2040063000000|0.394|0.399|STRUCTURE_TYPE|1|20A188||
01/01/2025|54|2040063000000|3.2|3.229|STRUCTURE_TYPE|1|20A189||
01/01/2025|54|2040063000000|4.528|4.554|STRUCTURE_TYPE|1|20A190||
01/01/2025|54|2040063010000|1.293|1.302|STRUCTURE_TYPE|1|20A877||
01/01/2025|54|2040063010000|1.405|1.412|STRUCTURE_TYPE|1|20A878||
01/01/2025|54|2040064020000|0.241|0.25|STRUCTURE_TYPE|1|20A198||
01/01/2025|54|2040064020000|0.443|0.453|STRUCTURE_TYPE|1|20A745||
01/01/2025|54|2040065000000|4.86|4.872|STRUCTURE_TYPE|1|20A758||
01/01/2025|54|2040065000000|8.827|8.841|STRUCTURE_TYPE|1|20A201||
01/01/2025|54|2040065000000|9.67|9.677|STRUCTURE_TYPE|1|20A202||
01/01/2025|54|2040068000000|0.054|0.065|STRUCTURE_TYPE|1|20A203||
01/01/2025|54|2040070000000|0.662|0.679|STRUCTURE_TYPE|1|20A811||
01/01/2025|54|2040070000000|0.844|0.872|STRUCTURE_TYPE|1|20A752||
01/01/2025|54|2040070000000|0.898|0.906|STRUCTURE_TYPE|1|20A685||
01/01/2025|54|2040070000000|3.089|3.094|STRUCTURE_TYPE|1|20A207||
01/01/2025|54|2040073000000|1.316|1.33|STRUCTURE_TYPE|1|20A209||
01/01/2025|54|2040073000000|4.273|4.293|STRUCTURE_TYPE|1|20A210||
01/01/2025|54|2040073000000|6.741|6.759|STRUCTURE_TYPE|1|20A211||
01/01/2025|54|2040073000000|9.242|9.252|STRUCTURE_TYPE|1|20A212||
01/01/2025|54|2040073000000|9.554|9.565|STRUCTURE_TYPE|1|20A213||
01/01/2025|54|2040073000000|10.388|10.4|STRUCTURE_TYPE|1|20A737||
01/01/2025|54|2040073000000|10.549|10.559|STRUCTURE_TYPE|1|20A738||
01/01/2025|54|2040073000000|11.295|11.302|STRUCTURE_TYPE|1|20A882||
01/01/2025|54|2040073010000|0.254|0.262|STRUCTURE_TYPE|1|20A217||
01/01/2025|54|2040073010000|0.448|0.459|STRUCTURE_TYPE|1|20A879||
01/01/2025|54|2040073010000|1.279|1.286|STRUCTURE_TYPE|1|20A219||
01/01/2025|54|2040073030000|0.033|0.051|STRUCTURE_TYPE|1|20A220||
01/01/2025|54|2040073030000|0.096|0.101|STRUCTURE_TYPE|1|20A856||
01/01/2025|54|2040073050000|0.005|0.019|STRUCTURE_TYPE|1|20A221||
01/01/2025|54|2040073050000|0.547|0.555|STRUCTURE_TYPE|1|20A722||
01/01/2025|54|2040073050000|1.855|1.863|STRUCTURE_TYPE|1|20A953||
01/01/2025|54|2040073130000|0.003|0.01|STRUCTURE_TYPE|1|20A547||
01/01/2025|54|2040073130000|0.26|0.266|STRUCTURE_TYPE|1|20A840||
01/01/2025|54|2040073250000|0.003|0.014|STRUCTURE_TYPE|1|20A577||
01/01/2025|54|2040073290000|0.004|0.013|STRUCTURE_TYPE|1|20A681||
01/01/2025|54|2040073310000|0.078|0.089|STRUCTURE_TYPE|1|20A770||
01/01/2025|54|2040073410000|0.008|0.016|STRUCTURE_TYPE|1|20A834||
01/01/2025|54|2040076000000|1.49|1.513|STRUCTURE_TYPE|1|20A225||
01/01/2025|54|2040076000000|3.683|3.709|STRUCTURE_TYPE|1|20A226||
01/01/2025|54|2040076000000|4.186|4.194|STRUCTURE_TYPE|1|20A227||
01/01/2025|54|2040076040000|0.011|0.019|STRUCTURE_TYPE|1|20A689||
01/01/2025|54|2040077010000|0.7|0.721|STRUCTURE_TYPE|1|20A237||
01/01/2025|54|2040077010000|3.902|3.913|STRUCTURE_TYPE|1|20A238||
01/01/2025|54|2040077010000|4.36|4.37|STRUCTURE_TYPE|1|20A822||
01/01/2025|54|2040077020000|0.036|0.041|STRUCTURE_TYPE|1|20A540||
01/01/2025|54|2040077030000|0.096|0.106|STRUCTURE_TYPE|1|20A539||
01/01/2025|54|2040077040000|0.006|0.016|STRUCTURE_TYPE|1|20A751||
01/01/2025|54|2040077050000|0.032|0.042|STRUCTURE_TYPE|1|20A750||
01/01/2025|54|2040079020000|0.256|0.277|STRUCTURE_TYPE|1|20A870||
01/01/2025|54|2040079030000|3.153|3.158|STRUCTURE_TYPE|1|20A518||
01/01/2025|54|2040079030000|3.544|3.552|STRUCTURE_TYPE|1|20A773||
01/01/2025|54|2040079030000|4.444|4.451|STRUCTURE_TYPE|1|20A780||
01/01/2025|54|2040079030000|4.904|4.911|STRUCTURE_TYPE|1|20A796||
01/01/2025|54|2040079030000|5.965|5.974|STRUCTURE_TYPE|1|20A245||
01/01/2025|54|2040079030000|7.856|7.872|STRUCTURE_TYPE|1|20A246||
01/01/2025|54|2040079030000|9.8|9.805|STRUCTURE_TYPE|1|20A724||
01/01/2025|54|2040079030000|12.756|12.763|STRUCTURE_TYPE|1|20A716||
01/01/2025|54|2040079030000|13.39|13.421|STRUCTURE_TYPE|1|20A247||
01/01/2025|54|2040079030000|14.152|14.186|STRUCTURE_TYPE|1|20A248||
01/01/2025|54|2040079030000|17.155|17.185|STRUCTURE_TYPE|1|20A954||
01/01/2025|54|2040079040000|0.005|0.02|STRUCTURE_TYPE|1|20A861||
01/01/2025|54|2040079040000|0.568|0.587|STRUCTURE_TYPE|1|20A756||
01/01/2025|54|2040079060000|0.017|0.042|STRUCTURE_TYPE|1|20A661||
01/01/2025|54|2040079080000|0.201|0.224|STRUCTURE_TYPE|1|20A521||
01/01/2025|54|2040079090000|0.005|0.02|STRUCTURE_TYPE|1|20A894||
01/01/2025|54|2040079140000|0.006|0.015|STRUCTURE_TYPE|1|20A746||
01/01/2025|54|2040079350000|0.005|0.016|STRUCTURE_TYPE|1|20A764||
01/01/2025|54|2040081000000|2.246|2.259|STRUCTURE_TYPE|1|20A253||
01/01/2025|54|2040081000000|3.533|3.559|STRUCTURE_TYPE|1|20A841||
01/01/2025|54|2040081000000|4.886|4.893|STRUCTURE_TYPE|1|20A850||
01/01/2025|54|2040081000000|5.668|5.678|STRUCTURE_TYPE|1|20A829||
01/01/2025|54|2040081000000|5.786|5.793|STRUCTURE_TYPE|1|20A885||
01/01/2025|54|2040081000000|6.493|6.5|STRUCTURE_TYPE|1|20A886||
01/01/2025|54|2040081000000|14.327|14.333|STRUCTURE_TYPE|1|20A522||
01/01/2025|54|2040081120000|0.185|0.202|STRUCTURE_TYPE|1|20A748||
01/01/2025|54|2040081140000|0.006|0.02|STRUCTURE_TYPE|1|20A761||
01/01/2025|54|2040083000000|0.947|0.982|STRUCTURE_TYPE|1|20A849||
01/01/2025|54|2040083000000|1.114|1.163|STRUCTURE_TYPE|1|20A567||
01/01/2025|54|2040083000000|3.002|3.014|STRUCTURE_TYPE|1|20A263||
01/01/2025|54|2040083000000|5.041|5.055|STRUCTURE_TYPE|1|20A264||
01/01/2025|54|2040083000000|8.508|8.552|STRUCTURE_TYPE|1|20A266||
01/01/2025|54|2040083010000|0.01|0.036|STRUCTURE_TYPE|1|20A739||
01/01/2025|54|2040083020000|0.009|0.01|STRUCTURE_TYPE|1|20A844||
01/01/2025|54|2040083020000|0.01|0.038|STRUCTURE_TYPE|1|20A844||
01/01/2025|54|2040083030000|1.039|1.059|STRUCTURE_TYPE|1|20A269||
01/01/2025|54|2040083050000|0.042|0.073|STRUCTURE_TYPE|1|20A648||
01/01/2025|54|2040083060000|0.011|0.077|STRUCTURE_TYPE|1|20A663||
01/01/2025|54|2040085000000|1.308|1.314|STRUCTURE_TYPE|1|20A741||
01/01/2025|54|2040114010000|0.087|0.112|STRUCTURE_TYPE|1|20A859||
01/01/2025|54|2040119030000|0.024|0.034|STRUCTURE_TYPE|1|20A287||
01/01/2025|54|2040119100000|0.006|0.073|STRUCTURE_TYPE|1|20A535||
01/01/2025|54|2040119130000|0.949|0.995|STRUCTURE_TYPE|1|20A536||
01/01/2025|54|2040119140000|4.89|4.895|STRUCTURE_TYPE|1|20A825||
01/01/2025|54|2040119140000|5.187|5.196|STRUCTURE_TYPE|1|20A833||
01/01/2025|54|2040119640000|0.014|0.04|STRUCTURE_TYPE|1|20A554||
01/01/2025|54|2040119640000|0.04|0.041|STRUCTURE_TYPE|1|20A554||
01/01/2025|54|2040160010000|0.112|0.14|STRUCTURE_TYPE|1|20A791||
01/01/2025|54|2040214120000|0.013|0.021|STRUCTURE_TYPE|1|20A805||
01/01/2025|54|2040214132400|1.433|1.5163|STRUCTURE_TYPE|1|20A952||
01/01/2025|54|2040219320000|0.035|0.123|STRUCTURE_TYPE|1|20A868||
01/01/2025|54|2040219320000|0.123|0.125|STRUCTURE_TYPE|1|20A868||
01/01/2025|54|2040622150000|0.322|0.331|STRUCTURE_TYPE|1|20A562||
01/01/2025|54|2040622340000|0.032|0.036|STRUCTURE_TYPE|1|20A883||
01/01/2025|54|2071017001900|0.189|0.27|STRUCTURE_TYPE|1|20A905||
01/01/2025|54|2071025001900|0.492|0.69|STRUCTURE_TYPE|1|20A901||
01/01/2025|54|2071037001900|1.002|1.02|STRUCTURE_TYPE|1|20A902||
01/01/2025|54|2071037001900|1.02|1.067|STRUCTURE_TYPE|1|20A902||
01/01/2025|54|2071037001900|1.067|1.094|STRUCTURE_TYPE|1|20A902||
01/01/2025|54|2071038001900|0.909|1.0|STRUCTURE_TYPE|1|20A904||
01/01/2025|54|2071038001900|1.0|1.017|STRUCTURE_TYPE|1|20A904||
01/01/2025|54|2071038001900|1.017|1.027|STRUCTURE_TYPE|1|20A904||
01/01/2025|54|2071054001900|1.597|1.666|STRUCTURE_TYPE|1|20A903||
01/01/2025|54|2071054001900|1.666|1.693|STRUCTURE_TYPE|1|20A903||
01/01/2025|54|2071063001900|1.243|1.277|STRUCTURE_TYPE|1|20A909||
01/01/2025|54|2071069001900|0.058|0.105|STRUCTURE_TYPE|1|20A928||
01/01/2025|54|2080901280000|0.003|0.008|STRUCTURE_TYPE|1|20A794||
01/01/2025|54|2080901430000|0.086|0.091|STRUCTURE_TYPE|1|20A819||
01/01/2025|54|2080901600000|0.008|0.018|STRUCTURE_TYPE|1|20A847||
01/01/2025|54|2080902060000|0.061|0.067|STRUCTURE_TYPE|1|20A793||
01/01/2025|54|2080902220000|0.025|0.033|STRUCTURE_TYPE|1|20A899||
01/01/2025|54|2080932000000|0.004|0.012|STRUCTURE_TYPE|1|20A763||
01/01/2025|54|2080949000000|0.052|0.059|STRUCTURE_TYPE|1|20A816||
01/01/2025|54|2080955000000|0.025|0.035|STRUCTURE_TYPE|1|20A838||
01/01/2025|54|2080990000000|0.004|0.016|STRUCTURE_TYPE|1|20A792||
01/01/2025|54|2100148000000|0.02|0.0262|STRUCTURE_TYPE|1|21A907||
01/01/2025|54|2100235000000|0.009|0.0188|STRUCTURE_TYPE|1|21A906||
01/01/2025|54|2100470000000|0.042|0.0514|STRUCTURE_TYPE|1|21A910||
01/01/2025|54|21100790000NB|88.826|88.832|STRUCTURE_TYPE|1|21A113||
01/01/2025|54|21100790000NB|90.841|90.881|STRUCTURE_TYPE|1|21A220||
01/01/2025|54|21100790000NB|95.751|95.82|STRUCTURE_TYPE|1|21A117||
01/01/2025|54|21100790000NB|95.82|95.835|STRUCTURE_TYPE|1|21A117||
01/01/2025|54|21100790000NB|98.392|98.45|STRUCTURE_TYPE|1|21A121||
01/01/2025|54|21100790000NB|98.567|98.606|STRUCTURE_TYPE|1|21A124||
01/01/2025|54|21100790000NB|101.339|101.398|STRUCTURE_TYPE|1|21A126||
01/01/2025|54|21100790000NB|102.317|102.321|STRUCTURE_TYPE|1|21A162||
01/01/2025|54|21100790000NB|102.707|102.711|STRUCTURE_TYPE|1|21A163||
01/01/2025|54|21100790000NB|104.15|104.176|STRUCTURE_TYPE|1|21A128||
01/01/2025|54|21100790000NB|104.836|104.842|STRUCTURE_TYPE|1|21A130||
01/01/2025|54|21100790000NB|106.315|106.399|STRUCTURE_TYPE|1|21A132||
01/01/2025|54|21100790000SB|90.847|90.886|STRUCTURE_TYPE|1|21A221||
01/01/2025|54|21100790000SB|95.753|95.82|STRUCTURE_TYPE|1|21A118||
01/01/2025|54|21100790000SB|95.82|95.837|STRUCTURE_TYPE|1|21A118||
01/01/2025|54|21100790000SB|98.378|98.438|STRUCTURE_TYPE|1|21A122||
01/01/2025|54|21100790000SB|98.567|98.606|STRUCTURE_TYPE|1|21A125||
01/01/2025|54|21100790000SB|101.343|101.394|STRUCTURE_TYPE|1|21A127||
01/01/2025|54|21100790000SB|104.156|104.182|STRUCTURE_TYPE|1|21A129||
01/01/2025|54|21100790000SB|106.309|106.393|STRUCTURE_TYPE|1|21A133||
01/01/2025|54|21100790017NB0099A|0.107|0.171|STRUCTURE_TYPE|1|21A123||
01/01/2025|54|21200190000NB|2.054|2.059|STRUCTURE_TYPE|1|21A051||
01/01/2025|54|21200190000NB|22.013|22.06|STRUCTURE_TYPE|1|21A209||
01/01/2025|54|21200190000NB|24.751|24.764|STRUCTURE_TYPE|1|21A060||
01/01/2025|54|21200190000NB|26.57|26.576|STRUCTURE_TYPE|1|21A061||
01/01/2025|54|21200190000NB|27.221|27.227|STRUCTURE_TYPE|1|21A062||
01/01/2025|54|21200190000NB|31.426|31.442|STRUCTURE_TYPE|1|21A063||
01/01/2025|54|21200190000SB|3.263|3.276|STRUCTURE_TYPE|1|21A214||
01/01/2025|54|21200190000SB|6.47|6.496|STRUCTURE_TYPE|1|21A053||
01/01/2025|54|21200190000SB|8.976|8.981|STRUCTURE_TYPE|1|21A054||
01/01/2025|54|21200190000SB|9.562|9.568|STRUCTURE_TYPE|1|21A187||
01/01/2025|54|21200190000SB|14.731|14.79|STRUCTURE_TYPE|1|21A171||
01/01/2025|54|21200330000EB|1.609|1.614|STRUCTURE_TYPE|1|21A086||
01/01/2025|54|21200330000EB|4.227|4.239|STRUCTURE_TYPE|1|21A087||
01/01/2025|54|21200330000EB|4.803|4.809|STRUCTURE_TYPE|1|21A088||
01/01/2025|54|21200330000EB|13.113|13.118|STRUCTURE_TYPE|1|21A089||
01/01/2025|54|21200330000EB|17.127|17.158|STRUCTURE_TYPE|1|21A091||
01/01/2025|54|21200330000EB|18.347|18.361|STRUCTURE_TYPE|1|21A215||
01/01/2025|54|21200330000EB|21.225|21.251|STRUCTURE_TYPE|1|21A093||
01/01/2025|54|21200330000EB|22.216|22.243|STRUCTURE_TYPE|1|21A094||
01/01/2025|54|21200330000EB|22.925|22.9424|STRUCTURE_TYPE|1|21A225||
01/01/2025|54|21200330000EB|23.477|23.4935|STRUCTURE_TYPE|1|21A226||
01/01/2025|54|21200330000WB|16.23|16.242|STRUCTURE_TYPE|1|21A090||
01/01/2025|54|21200330000WB|21.239|21.263|STRUCTURE_TYPE|1|21A152||
01/01/2025|54|21200330000WB|22.217|22.244|STRUCTURE_TYPE|1|21A153||
01/01/2025|54|2130004000000|3.247|3.254|STRUCTURE_TYPE|1|21A010||
01/01/2025|54|2140001000000|0.591|0.603|STRUCTURE_TYPE|1|21A199||
01/01/2025|54|2140001000000|4.174|4.181|STRUCTURE_TYPE|1|21A002||
01/01/2025|54|2140001000000|4.655|4.671|STRUCTURE_TYPE|1|21A212||
01/01/2025|54|2140001000000|6.493|6.499|STRUCTURE_TYPE|1|21A004||
01/01/2025|54|2140001000000|8.799|8.809|STRUCTURE_TYPE|1|21A005||
01/01/2025|54|2140001020000|0.372|0.376|STRUCTURE_TYPE|1|21A006||
01/01/2025|54|2140001070000|0.59|0.599|STRUCTURE_TYPE|1|21A185||
01/01/2025|54|2140001070000|1.854|1.863|STRUCTURE_TYPE|1|21A213||
01/01/2025|54|2140002000000|2.125|2.131|STRUCTURE_TYPE|1|21A194||
01/01/2025|54|2140002000000|6.698|6.707|STRUCTURE_TYPE|1|21A009||
01/01/2025|54|2140006000000|0.556|0.563|STRUCTURE_TYPE|1|21A011||
01/01/2025|54|2140006000000|4.255|4.26|STRUCTURE_TYPE|1|21A012||
01/01/2025|54|2140007000000|0.757|0.764|STRUCTURE_TYPE|1|21A013||
01/01/2025|54|2140007000000|4.059|4.065|STRUCTURE_TYPE|1|21A014||
01/01/2025|54|2140007000000|4.249|4.299|STRUCTURE_TYPE|1|21A015||
01/01/2025|54|2140007000000|4.543|4.568|STRUCTURE_TYPE|1|21A016||
01/01/2025|54|2140007040000|0.589|0.596|STRUCTURE_TYPE|1|21A017||
01/01/2025|54|2140008000000|0.011|0.034|STRUCTURE_TYPE|1|21A018||
01/01/2025|54|2140008000000|0.689|0.697|STRUCTURE_TYPE|1|21A179||
01/01/2025|54|2140008000000|3.177|3.185|STRUCTURE_TYPE|1|21A192||
01/01/2025|54|2140008040000|0.007|0.017|STRUCTURE_TYPE|1|21A021||
01/01/2025|54|2140009000000|3.573|3.579|STRUCTURE_TYPE|1|21A022||
01/01/2025|54|2140009040000|1.262|1.267|STRUCTURE_TYPE|1|21A023||
01/01/2025|54|2140009050000|6.306|6.311|STRUCTURE_TYPE|1|21A217||
01/01/2025|54|2140010000000|1.342|1.35|STRUCTURE_TYPE|1|21A024||
01/01/2025|54|2140010000000|2.84|2.845|STRUCTURE_TYPE|1|21A025||
01/01/2025|54|2140010000000|3.755|3.76|STRUCTURE_TYPE|1|21A203||
01/01/2025|54|2140010000000|8.223|8.231|STRUCTURE_TYPE|1|21A026||
01/01/2025|54|2140010000000|12.784|12.79|STRUCTURE_TYPE|1|21A027||
01/01/2025|54|2140010000000|13.694|13.701|STRUCTURE_TYPE|1|21A211||
01/01/2025|54|2140010000000|17.398|17.455|STRUCTURE_TYPE|1|21A191||
01/01/2025|54|2140010080000|2.402|2.415|STRUCTURE_TYPE|1|21A222||
01/01/2025|54|2140010100000|0.007|0.017|STRUCTURE_TYPE|1|21A032||
01/01/2025|54|2140010110000|3.357|3.365|STRUCTURE_TYPE|1|21A033||
01/01/2025|54|2140010120000|0.0|0.008|STRUCTURE_TYPE|1|21A034||
01/01/2025|54|2140011000000|1.757|1.765|STRUCTURE_TYPE|1|21A035||
01/01/2025|54|2140011000000|4.372|4.376|STRUCTURE_TYPE|1|21A036||
01/01/2025|54|2140011000000|4.569|4.573|STRUCTURE_TYPE|1|21A037||
01/01/2025|54|2140011000000|5.148|5.157|STRUCTURE_TYPE|1|21A038||
01/01/2025|54|2140011000000|6.225|6.238|STRUCTURE_TYPE|1|21A039||
01/01/2025|54|2140011050000|0.193|0.198|STRUCTURE_TYPE|1|21A040||
01/01/2025|54|2140011050000|0.587|0.595|STRUCTURE_TYPE|1|21A041||
01/01/2025|54|2140013000000|4.386|4.411|STRUCTURE_TYPE|1|21A042||
01/01/2025|54|2140014000000|6.057|6.067|STRUCTURE_TYPE|1|21A043||
01/01/2025|54|2140014040000|0.072|0.077|STRUCTURE_TYPE|1|21A189||
01/01/2025|54|2140015000000|2.361|2.379|STRUCTURE_TYPE|1|21A165||
01/01/2025|54|2140015000000|8.737|8.743|STRUCTURE_TYPE|1|21A045||
01/01/2025|54|2140016000000|1.179|1.194|STRUCTURE_TYPE|1|21A046||
01/01/2025|54|2140017000000|1.54|1.548|STRUCTURE_TYPE|1|21A047||
01/01/2025|54|2140018000000|1.173|1.18|STRUCTURE_TYPE|1|21A048||
01/01/2025|54|2140018000000|1.18|1.183|STRUCTURE_TYPE|1|21A048||
01/01/2025|54|2140018000000|6.634|6.646|STRUCTURE_TYPE|1|21A196||
01/01/2025|54|2140019100000|3.574|3.597|STRUCTURE_TYPE|1|21A166||
01/01/2025|54|2140019170000|2.598|2.606|STRUCTURE_TYPE|1|21A065||
01/01/2025|54|2140019200000|1.957|1.966|STRUCTURE_TYPE|1|21A164||
01/01/2025|54|2140019430000|0.0|0.005|STRUCTURE_TYPE|1|21A223||
01/01/2025|54|2140019430000|0.009|0.037|STRUCTURE_TYPE|1|21A174||
01/01/2025|54|2140019520000|0.055|0.062|STRUCTURE_TYPE|1|21A193||
01/01/2025|54|2140019702400|0.008|0.052|STRUCTURE_TYPE|1|21A227||
01/01/2025|54|2140020000000|3.168|3.174|STRUCTURE_TYPE|1|21A205||
01/01/2025|54|2140021050000|1.384|1.43|STRUCTURE_TYPE|1|21A069||
01/01/2025|54|2140022000000|4.426|4.431|STRUCTURE_TYPE|1|21A070||
01/01/2025|54|2140023000000|4.866|4.872|STRUCTURE_TYPE|1|21A072||
01/01/2025|54|2140023000000|7.908|7.955|STRUCTURE_TYPE|1|21A167||
01/01/2025|54|2140023000000|8.512|8.551|STRUCTURE_TYPE|1|21A168||
01/01/2025|54|2140023040000|0.017|0.032|STRUCTURE_TYPE|1|21A148||
01/01/2025|54|2140023070000|0.006|0.015|STRUCTURE_TYPE|1|21A175||
01/01/2025|54|2140024000000|0.438|0.444|STRUCTURE_TYPE|1|21A074||
01/01/2025|54|2140024000000|4.612|4.622|STRUCTURE_TYPE|1|21A188||
01/01/2025|54|2140024000000|5.002|5.039|STRUCTURE_TYPE|1|21A178||
01/01/2025|54|2140026000000|4.512|4.524|STRUCTURE_TYPE|1|21A202||
01/01/2025|54|2140026030000|0.021|0.027|STRUCTURE_TYPE|1|21A206||
01/01/2025|54|2140026040000|0.058|0.064|STRUCTURE_TYPE|1|21A150||
01/01/2025|54|2140028000000|0.011|0.021|STRUCTURE_TYPE|1|21A197||
01/01/2025|54|2140030000000|4.323|4.362|STRUCTURE_TYPE|1|21A173||
01/01/2025|54|2140030000000|9.909|9.916|STRUCTURE_TYPE|1|21A080||
01/01/2025|54|2140030000000|10.094|10.1|STRUCTURE_TYPE|1|21A204||
01/01/2025|54|2140030120000|0.282|0.313|STRUCTURE_TYPE|1|21A172||
01/01/2025|54|2140030140000|0.241|0.245|STRUCTURE_TYPE|1|21A177||
01/01/2025|54|2140032000000|2.577|2.582|STRUCTURE_TYPE|1|21A085||
01/01/2025|54|2140033010000|0.639|0.645|STRUCTURE_TYPE|1|21A095||
01/01/2025|54|2140033220000|0.008|0.023|STRUCTURE_TYPE|1|21A218||
01/01/2025|54|2140033230000|0.3|0.309|STRUCTURE_TYPE|1|21A158||
01/01/2025|54|2140033250000|0.008|0.02|STRUCTURE_TYPE|1|21A190||
01/01/2025|54|2140033250000|0.787|0.795|STRUCTURE_TYPE|1|21A207||
01/01/2025|54|2140033290000|0.024|0.03|STRUCTURE_TYPE|1|21A176||
01/01/2025|54|2140038030000|0.087|0.12|STRUCTURE_TYPE|1|21A098||
01/01/2025|54|2140040040000|0.01|0.016|STRUCTURE_TYPE|1|21A099||
01/01/2025|54|2140044000000|0.011|0.025|STRUCTURE_TYPE|1|21A100||
01/01/2025|54|2140044000000|0.16|0.175|STRUCTURE_TYPE|1|21A219||
01/01/2025|54|2140044000000|3.251|3.271|STRUCTURE_TYPE|1|21A170||
01/01/2025|54|2140044020000|0.541|0.557|STRUCTURE_TYPE|1|21A208||
01/01/2025|54|2140046000000|10.352|10.368|STRUCTURE_TYPE|1|21A169||
01/01/2025|54|2140048030000|0.134|0.14|STRUCTURE_TYPE|1|21A105||
01/01/2025|54|2140048060000|0.018|0.032|STRUCTURE_TYPE|1|21A216||
01/01/2025|54|2140050000000|3.131|3.142|STRUCTURE_TYPE|1|21A107||
01/01/2025|54|2140050060000|0.012|0.03|STRUCTURE_TYPE|1|21A182||
01/01/2025|54|2140050110000|0.019|0.025|STRUCTURE_TYPE|1|21A108||
01/01/2025|54|2140054000000|0.014|0.019|STRUCTURE_TYPE|1|21A112||
01/01/2025|54|2140119010000|0.043|0.081|STRUCTURE_TYPE|1|21A201||
01/01/2025|54|2140119030000|3.9|3.908|STRUCTURE_TYPE|1|21A135||
01/01/2025|54|2140119040000|0.014|0.027|STRUCTURE_TYPE|1|21A136||
01/01/2025|54|2140119070000|0.009|0.015|STRUCTURE_TYPE|1|21A210||
01/01/2025|54|2140119080000|0.04|0.047|STRUCTURE_TYPE|1|21A156||
01/01/2025|54|2140119140000|1.271|1.281|STRUCTURE_TYPE|1|21A137||
01/01/2025|54|2140119160000|0.323|0.339|STRUCTURE_TYPE|1|21A141||
01/01/2025|54|2140119180000|1.882|1.887|STRUCTURE_TYPE|1|21A195||
01/01/2025|54|2140119210000|1.707|1.73|STRUCTURE_TYPE|1|21A142||
01/01/2025|54|2140119240000|0.0329|0.0374|STRUCTURE_TYPE|1|21A224||
01/01/2025|54|2140119260000|0.033|0.05|STRUCTURE_TYPE|1|21A144||
01/01/2025|54|2140119290000|0.007|0.016|STRUCTURE_TYPE|1|21A184||
01/01/2025|54|2178005001900|0.48|0.49|STRUCTURE_TYPE|1|21A909||
01/01/2025|54|2178006001900|0.654|0.665|STRUCTURE_TYPE|1|21A908||
01/01/2025|54|2178007001900|0.005|0.027|STRUCTURE_TYPE|1|21A905||
01/01/2025|54|2180902000000|0.028|0.036|STRUCTURE_TYPE|1|21A198||
01/01/2025|54|2180908000000|0.134|0.149|STRUCTURE_TYPE|1|21A181||
01/01/2025|54|2180932000000|0.026|0.031|STRUCTURE_TYPE|1|21A186||
01/01/2025|54|2200023000000|0.083|0.0943|STRUCTURE_TYPE|1|22A110||
01/01/2025|54|2200383000000|0.015|0.0349|STRUCTURE_TYPE|1|22A079||
01/01/2025|54|22201190000NB|0.038|0.07|STRUCTURE_TYPE|1|22A102||
01/01/2025|54|22201190000NB|7.986|8.04|STRUCTURE_TYPE|1|22A100||
01/01/2025|54|22201190000SB|0.038|0.07|STRUCTURE_TYPE|1|22A103||
01/01/2025|54|22201190000SB|7.986|8.04|STRUCTURE_TYPE|1|22A101||
01/01/2025|54|2230003000000|4.752|4.773|STRUCTURE_TYPE|1|22A146||
01/01/2025|54|2230003000000|7.007|7.034|STRUCTURE_TYPE|1|22A001||
01/01/2025|54|2230003000000|7.355|7.376|STRUCTURE_TYPE|1|22A002||
01/01/2025|54|2230003000000|14.738|14.745|STRUCTURE_TYPE|1|22A005||
01/01/2025|54|2230003000000|16.269|16.274|STRUCTURE_TYPE|1|22A006||
01/01/2025|54|2230003000000|16.902|16.907|STRUCTURE_TYPE|1|22A007||
01/01/2025|54|2230003000000|24.026|24.031|STRUCTURE_TYPE|1|22A008||
01/01/2025|54|2230010000000|5.141|5.204|STRUCTURE_TYPE|1|22A031||
01/01/2025|54|2230010000000|6.897|6.925|STRUCTURE_TYPE|1|22A032||
01/01/2025|54|2230010000000|10.759|10.767|STRUCTURE_TYPE|1|22A165||
01/01/2025|54|2230010000000|13.369|13.413|STRUCTURE_TYPE|1|22A035||
01/01/2025|54|2230010000000|17.76|17.793|STRUCTURE_TYPE|1|22A036||
01/01/2025|54|2230010000000|22.813|22.852|STRUCTURE_TYPE|1|22A037||
01/01/2025|54|2230010000000|28.386|28.457|STRUCTURE_TYPE|1|22A038||
01/01/2025|54|2230010000000|31.167|31.176|STRUCTURE_TYPE|1|22A039||
01/01/2025|54|2230034000000|2.698|2.705|STRUCTURE_TYPE|1|22A056||
01/01/2025|54|2230034000000|3.955|3.96|STRUCTURE_TYPE|1|22A114||
01/01/2025|54|2230034000000|5.308|5.341|STRUCTURE_TYPE|1|22A115||
01/01/2025|54|2230037000000|3.269|3.281|STRUCTURE_TYPE|1|22A163||
01/01/2025|54|2230037000000|4.346|4.356|STRUCTURE_TYPE|1|22A167||
01/01/2025|54|2230214000000|10.156|10.163|STRUCTURE_TYPE|1|22A085||
01/01/2025|54|2240001000000|5.326|5.331|STRUCTURE_TYPE|1|22A147||
01/01/2025|54|2240001020000|0.092|0.106|STRUCTURE_TYPE|1|22A108||
01/01/2025|54|2240003060000|0.027|0.041|STRUCTURE_TYPE|1|22A009||
01/01/2025|54|2240003070000|0.036|0.054|STRUCTURE_TYPE|1|22A118||
01/01/2025|54|2240003100000|0.44|0.451|STRUCTURE_TYPE|1|22A166||
01/01/2025|54|2240003100000|1.914|1.927|STRUCTURE_TYPE|1|22A143||
01/01/2025|54|2240003140000|0.0|0.022|STRUCTURE_TYPE|1|22A168||
01/01/2025|54|2240003220000|0.22|0.234|STRUCTURE_TYPE|1|22A121||
01/01/2025|54|2240003410000|0.152|0.166|STRUCTURE_TYPE|1|22A131||
01/01/2025|54|2240005000000|1.129|1.136|STRUCTURE_TYPE|1|22A015||
01/01/2025|54|2240005000000|5.341|5.347|STRUCTURE_TYPE|1|22A016||
01/01/2025|54|2240005000000|7.103|7.111|STRUCTURE_TYPE|1|22A017||
01/01/2025|54|2240005000000|7.423|7.429|STRUCTURE_TYPE|1|22A018||
01/01/2025|54|2240005080000|0.063|0.068|STRUCTURE_TYPE|1|22A158||
01/01/2025|54|2240005080000|0.962|0.97|STRUCTURE_TYPE|1|22A088||
01/01/2025|54|2240005090000|7.752|7.763|STRUCTURE_TYPE|1|22A019||
01/01/2025|54|2240005140000|0.003|0.009|STRUCTURE_TYPE|1|22A136||
01/01/2025|54|2240007000000|0.414|0.419|STRUCTURE_TYPE|1|22A020||
01/01/2025|54|2240007000000|3.136|3.154|STRUCTURE_TYPE|1|22A159||
01/01/2025|54|2240007000000|4.766|4.771|STRUCTURE_TYPE|1|22A149||
01/01/2025|54|2240007000000|14.909|14.916|STRUCTURE_TYPE|1|22A022||
01/01/2025|54|2240007000000|15.823|15.831|STRUCTURE_TYPE|1|22A154||
01/01/2025|54|2240007000000|16.738|16.752|STRUCTURE_TYPE|1|22A023||
01/01/2025|54|2240007000000|18.672|18.679|STRUCTURE_TYPE|1|22A024||
01/01/2025|54|2240007000000|21.169|21.194|STRUCTURE_TYPE|1|22A153||
01/01/2025|54|2240007000000|24.967|24.976|STRUCTURE_TYPE|1|22A026||
01/01/2025|54|2240007020000|1.948|1.959|STRUCTURE_TYPE|1|22A162||
01/01/2025|54|2240007060000|1.455|1.463|STRUCTURE_TYPE|1|22A028||
01/01/2025|54|2240007090000|0.012|0.021|STRUCTURE_TYPE|1|22A142||
01/01/2025|54|2240007120000|0.009|0.023|STRUCTURE_TYPE|1|22A134||
01/01/2025|54|2240008000000|2.952|2.968|STRUCTURE_TYPE|1|22A144||
01/01/2025|54|2240009000000|0.429|0.434|STRUCTURE_TYPE|1|22A087||
01/01/2025|54|2240010020000|5.789|5.847|STRUCTURE_TYPE|1|22A040||
01/01/2025|54|2240010170000|0.606|0.61|STRUCTURE_TYPE|1|22A150||
01/01/2025|54|2240010300000|0.064|0.165|STRUCTURE_TYPE|1|22A112||
01/01/2025|54|2240011000000|3.485|3.493|STRUCTURE_TYPE|1|22A041||
01/01/2025|54|2240011000000|4.991|5.0|STRUCTURE_TYPE|1|22A042||
01/01/2025|54|2240011000000|5.582|5.592|STRUCTURE_TYPE|1|22A043||
01/01/2025|54|2240011000000|6.377|6.384|STRUCTURE_TYPE|1|22A044||
01/01/2025|54|2240011000000|7.591|7.645|STRUCTURE_TYPE|1|22A045||
01/01/2025|54|2240012000000|4.936|4.944|STRUCTURE_TYPE|1|22A047||
01/01/2025|54|2240013010000|1.855|1.865|STRUCTURE_TYPE|1|22A048||
01/01/2025|54|2240013030000|1.932|1.938|STRUCTURE_TYPE|1|22A119||
01/01/2025|54|2240013050000|0.698|0.708|STRUCTURE_TYPE|1|22A140||
01/01/2025|54|2240014010000|4.992|5.003|STRUCTURE_TYPE|1|22A139||
01/01/2025|54|2240014020000|4.214|4.22|STRUCTURE_TYPE|1|22A050||
01/01/2025|54|2240015000000|3.323|3.337|STRUCTURE_TYPE|1|22A164||
01/01/2025|54|2240015000000|3.756|3.763|STRUCTURE_TYPE|1|22A156||
01/01/2025|54|2240015000000|4.495|4.503|STRUCTURE_TYPE|1|22A161||
01/01/2025|54|2240015010000|1.449|1.455|STRUCTURE_TYPE|1|22A155||
01/01/2025|54|2240015020000|0.01|0.019|STRUCTURE_TYPE|1|22A086||
01/01/2025|54|2240016000000|7.118|7.125|STRUCTURE_TYPE|1|22A122||
01/01/2025|54|2240019010000|0.085|0.097|STRUCTURE_TYPE|1|22A105||
01/01/2025|54|2240019070000|0.205|0.216|STRUCTURE_TYPE|1|22A116||
01/01/2025|54|2240019090000|0.025|0.035|STRUCTURE_TYPE|1|22A124||
01/01/2025|54|2240022000000|1.594|1.599|STRUCTURE_TYPE|1|22A107||
01/01/2025|54|2240022000000|6.878|6.884|STRUCTURE_TYPE|1|22A052||
01/01/2025|54|2240022000000|13.729|13.743|STRUCTURE_TYPE|1|22A053||
01/01/2025|54|2240026000000|0.209|0.216|STRUCTURE_TYPE|1|22A145||
01/01/2025|54|2240032000000|9.019|9.051|STRUCTURE_TYPE|1|22A148||
01/01/2025|54|2240037010000|1.542|1.549|STRUCTURE_TYPE|1|22A151||
01/01/2025|54|2240037020000|2.991|2.997|STRUCTURE_TYPE|1|22A160||
01/01/2025|54|2240037020000|3.39|3.401|STRUCTURE_TYPE|1|22A125||
01/01/2025|54|2240040000000|8.048|8.066|STRUCTURE_TYPE|1|22A062||
01/01/2025|54|2240040010000|3.499|3.507|STRUCTURE_TYPE|1|22A063||
01/01/2025|54|2240044000000|5.174|5.182|STRUCTURE_TYPE|1|22A065||
01/01/2025|54|2240046000000|2.393|2.402|STRUCTURE_TYPE|1|22A066||
01/01/2025|54|2240046000000|2.763|2.781|STRUCTURE_TYPE|1|22A138||
01/01/2025|54|2240046000000|5.194|5.22|STRUCTURE_TYPE|1|22A068||
01/01/2025|54|2240046000000|14.276|14.286|STRUCTURE_TYPE|1|22A069||
01/01/2025|54|2240046050000|0.084|0.103|STRUCTURE_TYPE|1|22A141||
01/01/2025|54|2240048000000|0.01|0.067|STRUCTURE_TYPE|1|22A152||
01/01/2025|54|2240048000000|5.384|5.402|STRUCTURE_TYPE|1|22A123||
01/01/2025|54|2240050000000|2.984|2.995|STRUCTURE_TYPE|1|22A072||
01/01/2025|54|2240050000000|4.266|4.277|STRUCTURE_TYPE|1|22A073||
01/01/2025|54|2240050000000|4.413|4.422|STRUCTURE_TYPE|1|22A074||
01/01/2025|54|2240050010000|2.326|2.336|STRUCTURE_TYPE|1|22A098||
01/01/2025|54|2240050020000|0.019|0.029|STRUCTURE_TYPE|1|22A081||
01/01/2025|54|2240052010000|5.195|5.203|STRUCTURE_TYPE|1|22A135||
01/01/2025|54|2240052060000|0.013|0.022|STRUCTURE_TYPE|1|22A126||
01/01/2025|54|2240054050000|0.076|0.084|STRUCTURE_TYPE|1|22A130||
01/01/2025|54|2240064000000|3.214|3.24|STRUCTURE_TYPE|1|22A117||
01/01/2025|54|2240068050000|0.055|0.063|STRUCTURE_TYPE|1|22A127||
01/01/2025|54|2240070000000|0.007|0.013|STRUCTURE_TYPE|1|23A290||
01/01/2025|54|2240070000000|2.864|2.898|STRUCTURE_TYPE|1|22A084||
01/01/2025|54|2240072010000|0.01|0.018|STRUCTURE_TYPE|1|22A064||
01/01/2025|54|2240119010000|0.0|0.004|STRUCTURE_TYPE|1|22A111||
01/01/2025|54|2240701400000|0.485|0.493|STRUCTURE_TYPE|1|22A104||
01/01/2025|54|2280907000000|0.015|0.02|STRUCTURE_TYPE|1|22A137||
01/01/2025|54|2280940000000|0.057|0.063|STRUCTURE_TYPE|1|22A157||
01/01/2025|54|2280943000000|0.057|0.063|STRUCTURE_TYPE|1|22A132||
01/01/2025|54|2300471000000|0.144|0.1587|STRUCTURE_TYPE|1|23A311||
01/01/2025|54|2300471000000|0.51|0.5599|STRUCTURE_TYPE|1|23A312||
01/01/2025|54|2300664000000|0.005|0.0185|STRUCTURE_TYPE|1|23A182||
01/01/2025|54|23201190000NB|5.863|5.877|STRUCTURE_TYPE|1|23A254||
01/01/2025|54|23201190000NB|15.304|15.31|STRUCTURE_TYPE|1|23A372||
01/01/2025|54|23201190000NB|15.31|15.43|STRUCTURE_TYPE|1|23A372||
01/01/2025|54|23201190000NB|15.43|15.433|STRUCTURE_TYPE|1|23A372||
01/01/2025|54|23201190000NB|15.566|15.599|STRUCTURE_TYPE|1|23A371||
01/01/2025|54|23201190000NB|17.367|17.404|STRUCTURE_TYPE|1|23A086||
01/01/2025|54|23201190000NB|18.119|18.143|STRUCTURE_TYPE|1|23A075||
01/01/2025|54|23201190000SB|3.269|3.502|STRUCTURE_TYPE|1|23A256||
01/01/2025|54|23201190000SB|5.138|5.428|STRUCTURE_TYPE|1|23A253||
01/01/2025|54|23201190000SB|15.302|15.31|STRUCTURE_TYPE|1|23A173||
01/01/2025|54|23201190000SB|15.31|15.43|STRUCTURE_TYPE|1|23A173||
01/01/2025|54|23201190000SB|15.43|15.431|STRUCTURE_TYPE|1|23A173||
01/01/2025|54|23201190000SB|15.477|15.512|STRUCTURE_TYPE|1|23A102||
01/01/2025|54|23201190000SB|15.571|15.604|STRUCTURE_TYPE|1|23A095||
01/01/2025|54|23201190000SB|17.369|17.406|STRUCTURE_TYPE|1|23A091||
01/01/2025|54|23201190000SB|18.12|18.144|STRUCTURE_TYPE|1|23A076||
01/01/2025|54|2330010000000|8.141|8.298|STRUCTURE_TYPE|1|23A303||
01/01/2025|54|2330010000000|8.607|9.028|STRUCTURE_TYPE|1|23A345||
01/01/2025|54|2330010000000|9.782|9.803|STRUCTURE_TYPE|1|23A348||
01/01/2025|54|2330010000000|11.322|11.344|STRUCTURE_TYPE|1|23A349||
01/01/2025|54|2330010000000|11.383|11.405|STRUCTURE_TYPE|1|23A350||
01/01/2025|54|2330010000000|11.921|12.104|STRUCTURE_TYPE|1|23A351||
01/01/2025|54|2330010000000|14.579|14.679|STRUCTURE_TYPE|1|23A379||
01/01/2025|54|2330010000000|15.087|15.116|STRUCTURE_TYPE|1|23A377||
01/01/2025|54|2330010000000|20.088|20.249|STRUCTURE_TYPE|1|23A365||
01/01/2025|54|2330010000000|21.165|21.227|STRUCTURE_TYPE|1|23A382||
01/01/2025|54|2330010000000|21.431|21.559|STRUCTURE_TYPE|1|23A040||
01/01/2025|54|2330010000000|25.092|25.098|STRUCTURE_TYPE|1|23A041||
01/01/2025|54|2330010000000|27.717|27.834|STRUCTURE_TYPE|1|23A246||
01/01/2025|54|2330010000000|36.464|36.515|STRUCTURE_TYPE|1|23A043||
01/01/2025|54|23300100000SB|8.586|9.008|STRUCTURE_TYPE|1|23A344||
01/01/2025|54|23300100000SB|11.926|12.136|STRUCTURE_TYPE|1|23A363||
01/01/2025|54|23300100000SB|12.975|13.106|STRUCTURE_TYPE|1|23A361||
01/01/2025|54|23300100000SB|13.309|13.37|STRUCTURE_TYPE|1|23A376||
01/01/2025|54|23300100000SB|15.114|15.129|STRUCTURE_TYPE|1|23A378||
01/01/2025|54|2330017000000|1.386|1.401|STRUCTURE_TYPE|1|23A306||
01/01/2025|54|2330017000000|2.272|2.278|STRUCTURE_TYPE|1|23A117||
01/01/2025|54|2330017000000|3.864|3.899|STRUCTURE_TYPE|1|23A118||
01/01/2025|54|2330017000000|4.881|4.891|STRUCTURE_TYPE|1|23A310||
01/01/2025|54|2330017000000|11.409|11.416|STRUCTURE_TYPE|1|23A384||
01/01/2025|54|2330017000000|11.475|11.494|STRUCTURE_TYPE|1|23A338||
01/01/2025|54|2330017000000|13.114|13.14|STRUCTURE_TYPE|1|23A275||
01/01/2025|54|2330017000000|14.968|14.994|STRUCTURE_TYPE|1|23A123||
01/01/2025|54|2330017000000|17.482|17.496|STRUCTURE_TYPE|1|23A375||
01/01/2025|54|2330017000000|19.632|19.658|STRUCTURE_TYPE|1|23A353||
01/01/2025|54|2330044000000|2.644|2.65|STRUCTURE_TYPE|1|23A104||
01/01/2025|54|2330044000000|4.606|4.611|STRUCTURE_TYPE|1|23A292||
01/01/2025|54|2330044000000|4.869|4.877|STRUCTURE_TYPE|1|23A105||
01/01/2025|54|2330044000000|8.084|8.089|STRUCTURE_TYPE|1|23A107||
01/01/2025|54|2330044000000|8.629|8.653|STRUCTURE_TYPE|1|23A108||
01/01/2025|54|2330044000000|9.117|9.143|STRUCTURE_TYPE|1|23A109||
01/01/2025|54|2330044000000|11.434|11.44|STRUCTURE_TYPE|1|23A309||
01/01/2025|54|2330044000000|11.44|11.463|STRUCTURE_TYPE|1|23A309||
01/01/2025|54|2330044000000|12.603|12.643|STRUCTURE_TYPE|1|23A111||
01/01/2025|54|2330044000000|13.14|13.175|STRUCTURE_TYPE|1|23A112||
01/01/2025|54|2330044000000|16.995|17.015|STRUCTURE_TYPE|1|23A381||
01/01/2025|54|2330073000000|1.368|1.458|STRUCTURE_TYPE|1|23A235||
01/01/2025|54|2330073000000|2.325|2.419|STRUCTURE_TYPE|1|23A362||
01/01/2025|54|23300730000WB|2.155|2.274|STRUCTURE_TYPE|1|23A209||
01/01/2025|54|2330080000000|0.822|0.848|STRUCTURE_TYPE|1|23A087||
01/01/2025|54|2330080000000|2.054|2.065|STRUCTURE_TYPE|1|23A299||
01/01/2025|54|2330080000000|5.66|5.683|STRUCTURE_TYPE|1|23A089||
01/01/2025|54|2340002000000|0.236|0.299|STRUCTURE_TYPE|1|23A269||
01/01/2025|54|2340002060000|0.004|0.012|STRUCTURE_TYPE|1|23A284||
01/01/2025|54|2340003000000|0.152|0.208|STRUCTURE_TYPE|1|23A004||
01/01/2025|54|2340003000000|4.307|4.322|STRUCTURE_TYPE|1|23A005||
01/01/2025|54|2340003000000|11.244|11.254|STRUCTURE_TYPE|1|23A241||
01/01/2025|54|2340003000000|11.858|11.86|STRUCTURE_TYPE|1|23A305||
01/01/2025|54|2340003040000|0.008|0.016|STRUCTURE_TYPE|1|23A010||
01/01/2025|54|2340003090000|2.687|2.695|STRUCTURE_TYPE|1|23A165||
01/01/2025|54|2340003180000|0.003|0.011|STRUCTURE_TYPE|1|23A194||
01/01/2025|54|2340003190000|0.009|0.019|STRUCTURE_TYPE|1|23A166||
01/01/2025|54|2340003300000|0.004|0.009|STRUCTURE_TYPE|1|23A267||
01/01/2025|54|2340003340000|0.005|0.014|STRUCTURE_TYPE|1|23A146||
01/01/2025|54|2340003410000|0.015|0.023|STRUCTURE_TYPE|1|23A271||
01/01/2025|54|2340003430000|0.144|0.15|STRUCTURE_TYPE|1|23A380||
01/01/2025|54|2340004000000|0.483|0.491|STRUCTURE_TYPE|1|23A314||
01/01/2025|54|2340004000000|1.519|1.528|STRUCTURE_TYPE|1|23A168||
01/01/2025|54|2340004000000|1.952|1.957|STRUCTURE_TYPE|1|23A012||
01/01/2025|54|2340004010000|0.007|0.0156|STRUCTURE_TYPE|1|23A003||
01/01/2025|54|2340004010000|1.459|1.469|STRUCTURE_TYPE|1|23A002||
01/01/2025|54|2340005000000|4.515|4.527|STRUCTURE_TYPE|1|23A383||
01/01/2025|54|2340005000000|4.907|4.913|STRUCTURE_TYPE|1|23A018||
01/01/2025|54|2340005010000|0.527|0.533|STRUCTURE_TYPE|1|23A355||
01/01/2025|54|2340005010000|0.897|0.903|STRUCTURE_TYPE|1|23A343||
01/01/2025|54|2340005040000|0.012|0.017|STRUCTURE_TYPE|1|23A021||
01/01/2025|54|2340005080000|0.068|0.076|STRUCTURE_TYPE|1|23A282||
01/01/2025|54|2340005130000|0.006|0.012|STRUCTURE_TYPE|1|23A291||
01/01/2025|54|2340005160000|0.003|0.008|STRUCTURE_TYPE|1|23A195||
01/01/2025|54|2340005270000|0.006|0.012|STRUCTURE_TYPE|1|23A176||
01/01/2025|54|2340005610000|0.002|0.007|STRUCTURE_TYPE|1|23A228||
01/01/2025|54|2340005710000|0.01|0.017|STRUCTURE_TYPE|1|23A245||
01/01/2025|54|2340005720000|0.008|0.019|STRUCTURE_TYPE|1|23A298||
01/01/2025|54|2340007000000|0.323|0.337|STRUCTURE_TYPE|1|23A347||
01/01/2025|54|2340007000000|0.781|0.791|STRUCTURE_TYPE|1|23A370||
01/01/2025|54|2340007000000|0.856|0.862|STRUCTURE_TYPE|1|23A024||
01/01/2025|54|2340007000000|1.419|1.427|STRUCTURE_TYPE|1|23A358||
01/01/2025|54|2340007000000|3.437|3.445|STRUCTURE_TYPE|1|23A374||
01/01/2025|54|2340007050000|0.006|0.013|STRUCTURE_TYPE|1|23A026||
01/01/2025|54|2340007130000|0.002|0.007|STRUCTURE_TYPE|1|23A255||
01/01/2025|54|2340007190000|0.005|0.014|STRUCTURE_TYPE|1|23A301||
01/01/2025|54|2340009010000|0.127|0.138|STRUCTURE_TYPE|1|23A027||
01/01/2025|54|2340009010000|3.8|3.809|STRUCTURE_TYPE|1|23A028||
01/01/2025|54|2340009010000|4.421|4.427|STRUCTURE_TYPE|1|23A202||
01/01/2025|54|2340009020000|1.138|1.143|STRUCTURE_TYPE|1|23A030||
01/01/2025|54|2340009020000|1.579|1.587|STRUCTURE_TYPE|1|23A031||
01/01/2025|54|2340009020000|1.724|1.732|STRUCTURE_TYPE|1|23A032||
01/01/2025|54|2340009020000|2.338|2.346|STRUCTURE_TYPE|1|23A164||
01/01/2025|54|2340009030000|0.14|0.148|STRUCTURE_TYPE|1|23A033||
01/01/2025|54|2340009040000|0.009|0.02|STRUCTURE_TYPE|1|23A034||
01/01/2025|54|2340009050000|0.086|0.1|STRUCTURE_TYPE|1|23A035||
01/01/2025|54|2340009060000|0.018|0.029|STRUCTURE_TYPE|1|23A304||
01/01/2025|54|2340009080000|0.055|0.063|STRUCTURE_TYPE|1|23A357||
01/01/2025|54|2340009260000|0.017|0.025|STRUCTURE_TYPE|1|23A342||
01/01/2025|54|2340009540000|0.005|0.011|STRUCTURE_TYPE|1|23A272||
01/01/2025|54|2340010020000|1.518|1.532|STRUCTURE_TYPE|1|23A367||
01/01/2025|54|2340010060000|0.005|0.019|STRUCTURE_TYPE|1|23A047||
01/01/2025|54|2340010070000|0.004|0.021|STRUCTURE_TYPE|1|23A048||
01/01/2025|54|2340010100000|0.009|0.025|STRUCTURE_TYPE|1|23A302||
01/01/2025|54|2340010120000|0.005|0.01|STRUCTURE_TYPE|1|23A316||
01/01/2025|54|2340010140000|0.204|0.233|STRUCTURE_TYPE|1|23A356||
01/01/2025|54|2340010140000|0.427|0.478|STRUCTURE_TYPE|1|23A051||
01/01/2025|54|2340010170000|0.009|0.017|STRUCTURE_TYPE|1|23A053||
01/01/2025|54|2340010190000|0.007|0.061|STRUCTURE_TYPE|1|23A221||
01/01/2025|54|2340010280000|0.004|0.018|STRUCTURE_TYPE|1|23A190||
01/01/2025|54|2340010430000|0.008|0.023|STRUCTURE_TYPE|1|23A364||
01/01/2025|54|2340010730000|0.005|0.066|STRUCTURE_TYPE|1|23A257||
01/01/2025|54|2340011020000|0.005|0.055|STRUCTURE_TYPE|1|23A346||
01/01/2025|54|2340011030000|0.076|0.088|STRUCTURE_TYPE|1|23A056||
01/01/2025|54|2340012000000|0.039|0.1|STRUCTURE_TYPE|1|23A057||
01/01/2025|54|2340012000000|4.995|5.0|STRUCTURE_TYPE|1|23A059||
01/01/2025|54|2340012010000|0.614|0.622|STRUCTURE_TYPE|1|23A060||
01/01/2025|54|2340012010000|1.156|1.161|STRUCTURE_TYPE|1|23A175||
01/01/2025|54|2340012040000|0.07|0.133|STRUCTURE_TYPE|1|23A366||
01/01/2025|54|2340013000000|0.426|0.432|STRUCTURE_TYPE|1|23A134||
01/01/2025|54|2340013000000|0.582|0.588|STRUCTURE_TYPE|1|23A285||
01/01/2025|54|2340013000000|1.138|1.149|STRUCTURE_TYPE|1|23A293||
01/01/2025|54|2340013000000|1.759|1.767|STRUCTURE_TYPE|1|23A243||
01/01/2025|54|2340014000000|0.046|0.153|STRUCTURE_TYPE|1|23A368||
01/01/2025|54|2340014000000|0.277|0.328|STRUCTURE_TYPE|1|23A369||
01/01/2025|54|2340014000000|2.099|2.115|STRUCTURE_TYPE|1|23A062||
01/01/2025|54|2340014000000|2.668|2.675|STRUCTURE_TYPE|1|23A360||
01/01/2025|54|2340014000000|3.622|3.637|STRUCTURE_TYPE|1|23A064||
01/01/2025|54|2340014000000|4.05|4.064|STRUCTURE_TYPE|1|23A065||
01/01/2025|54|2340014000000|4.373|4.384|STRUCTURE_TYPE|1|23A066||
01/01/2025|54|2340014000000|4.676|4.685|STRUCTURE_TYPE|1|23A359||
01/01/2025|54|2340014000000|5.002|5.011|STRUCTURE_TYPE|1|23A068||
01/01/2025|54|2340014000000|5.731|5.746|STRUCTURE_TYPE|1|23A069||
01/01/2025|54|2340014000000|9.672|9.697|STRUCTURE_TYPE|1|23A315||
01/01/2025|54|2340015000000|4.979|4.986|STRUCTURE_TYPE|1|23A179||
01/01/2025|54|2340015000000|8.45|8.455|STRUCTURE_TYPE|1|23A180||
01/01/2025|54|2340015010000|0.004|0.013|STRUCTURE_TYPE|1|23A268||
01/01/2025|54|2340016000000|3.441|3.464|STRUCTURE_TYPE|1|23A092||
01/01/2025|54|2340016000000|3.919|3.948|STRUCTURE_TYPE|1|23A093||
01/01/2025|54|2340016000000|5.051|5.074|STRUCTURE_TYPE|1|23A094||
01/01/2025|54|2340016000000|5.997|6.001|STRUCTURE_TYPE|1|23A239||
01/01/2025|54|2340016000000|8.07|8.074|STRUCTURE_TYPE|1|23A240||
01/01/2025|54|2340016000000|10.518|10.522|STRUCTURE_TYPE|1|23A096||
01/01/2025|54|2340016000000|11.46|11.464|STRUCTURE_TYPE|1|23A097||
01/01/2025|54|2340016000000|11.972|11.993|STRUCTURE_TYPE|1|23A098||
01/01/2025|54|2340016000000|12.499|12.506|STRUCTURE_TYPE|1|23A099||
01/01/2025|54|2340016000000|14.352|14.367|STRUCTURE_TYPE|1|23A352||
01/01/2025|54|2340016010000|0.009|0.023|STRUCTURE_TYPE|1|23A177||
01/01/2025|54|2340016010000|0.167|0.176|STRUCTURE_TYPE|1|23A077||
01/01/2025|54|2340016010000|0.877|0.886|STRUCTURE_TYPE|1|23A078||
01/01/2025|54|2340016050000|0.008|0.022|STRUCTURE_TYPE|1|23A079||
01/01/2025|54|2340016060000|0.016|0.027|STRUCTURE_TYPE|1|23A263||
01/01/2025|54|2340016060000|0.646|0.663|STRUCTURE_TYPE|1|23A081||
01/01/2025|54|2340016080000|0.221|0.239|STRUCTURE_TYPE|1|23A339||
01/01/2025|54|2340016100000|0.006|0.014|STRUCTURE_TYPE|1|23A156||
01/01/2025|54|2340016140000|0.014|0.025|STRUCTURE_TYPE|1|23A181||
01/01/2025|54|2340016180000|0.009|0.025|STRUCTURE_TYPE|1|23A183||
01/01/2025|54|2340016240000|0.121|0.145|STRUCTURE_TYPE|1|23A210||
01/01/2025|54|2340016240000|1.397|1.416|STRUCTURE_TYPE|1|23A354||
01/01/2025|54|2340016480000|0.009|0.022|STRUCTURE_TYPE|1|23A191||
01/01/2025|54|2340016490000|0.006|0.021|STRUCTURE_TYPE|1|23A234||
01/01/2025|54|2340016830000|0.011|0.025|STRUCTURE_TYPE|1|23A157||
01/01/2025|54|2340017080000|0.004|0.022|STRUCTURE_TYPE|1|23A167||
01/01/2025|54|2340017090000|0.024|0.038|STRUCTURE_TYPE|1|23A054||
01/01/2025|54|2340017150000|0.004|0.021|STRUCTURE_TYPE|1|23A189||
01/01/2025|54|2340018000000|0.567|0.573|STRUCTURE_TYPE|1|23A083||
01/01/2025|54|2340018000000|0.737|0.747|STRUCTURE_TYPE|1|23A084||
01/01/2025|54|2340018000000|1.841|1.848|STRUCTURE_TYPE|1|23A085||
01/01/2025|54|2340018000000|2.695|2.715|STRUCTURE_TYPE|1|23A153||
01/01/2025|54|2340044040000|0.017|0.023|STRUCTURE_TYPE|1|23A188||
01/01/2025|54|2340044190000|0.002|0.01|STRUCTURE_TYPE|1|23A251||
01/01/2025|54|2340080010000|0.006|0.058|STRUCTURE_TYPE|1|23A090||
01/01/2025|54|2340110200000|0.059|0.106|STRUCTURE_TYPE|1|23A266||
01/01/2025|54|2340110200000|0.24|0.275|STRUCTURE_TYPE|1|23A289||
01/01/2025|54|2340110210000|0.006|0.05|STRUCTURE_TYPE|1|23A270||
01/01/2025|54|2340119050000|0.219|0.231|STRUCTURE_TYPE|1|23A128||
01/01/2025|54|2340119050000|1.001|1.007|STRUCTURE_TYPE|1|23A129||
01/01/2025|54|2340119050000|1.449|1.459|STRUCTURE_TYPE|1|23A249||
01/01/2025|54|2340119050000|1.791|1.8|STRUCTURE_TYPE|1|23A244||
01/01/2025|54|2340119050000|3.256|3.264|STRUCTURE_TYPE|1|23A264||
01/01/2025|54|2340119050000|3.545|3.554|STRUCTURE_TYPE|1|23A250||
01/01/2025|54|2340119050000|4.109|4.118|STRUCTURE_TYPE|1|23A259||
01/01/2025|54|2340119080000|1.116|1.122|STRUCTURE_TYPE|1|23A288||
01/01/2025|54|2340119090000|0.009|0.024|STRUCTURE_TYPE|1|23A138||
01/01/2025|54|2340119150000|0.06|0.071|STRUCTURE_TYPE|1|23A247||
01/01/2025|54|2340119180000|0.006|0.021|STRUCTURE_TYPE|1|23A141||
01/01/2025|54|2340119180000|0.094|0.099|STRUCTURE_TYPE|1|23A155||
01/01/2025|54|2340119180000|0.262|0.268|STRUCTURE_TYPE|1|23A162||
01/01/2025|54|2340119210000|0.004|0.015|STRUCTURE_TYPE|1|23A142||
01/01/2025|54|2340119230000|0.006|0.017|STRUCTURE_TYPE|1|23A258||
01/01/2025|54|2340119240000|0.006|0.017|STRUCTURE_TYPE|1|23A149||
01/01/2025|54|2340119260000|0.346|0.363|STRUCTURE_TYPE|1|23A386||
01/01/2025|54|2340119260000|0.421|0.437|STRUCTURE_TYPE|1|23A388||
01/01/2025|54|2340119260000|1.193|1.308|STRUCTURE_TYPE|1|23A280||
01/01/2025|54|2340119320000|0.134|0.144|STRUCTURE_TYPE|1|23A037||
01/01/2025|54|2340119340000|0.003|0.012|STRUCTURE_TYPE|1|23A340||
01/01/2025|54|2340119380000|0.003|0.01|STRUCTURE_TYPE|1|23A373||
01/01/2025|54|2340119410000|0.005|0.016|STRUCTURE_TYPE|1|23A169||
01/01/2025|54|2340119650000|0.137|0.143|STRUCTURE_TYPE|1|23A225||
01/01/2025|54|2340119960000|0.113|0.126|STRUCTURE_TYPE|1|23A248||
01/01/2025|54|2340119980000|0.006|0.038|STRUCTURE_TYPE|1|23A265||
01/01/2025|54|2340210250000|7.436|7.458|STRUCTURE_TYPE|1|23A038||
01/01/2025|54|2340210250000|11.02|11.042|STRUCTURE_TYPE|1|23A039||
01/01/2025|54|2340700570000|0.014|0.02|STRUCTURE_TYPE|1|23A008||
01/01/2025|54|2340700580000|0.012|0.019|STRUCTURE_TYPE|1|23A297||
01/01/2025|54|2340700720000|0.008|0.022|STRUCTURE_TYPE|1|23A252||
01/01/2025|54|2340700990000|0.004|0.022|STRUCTURE_TYPE|1|23A013||
01/01/2025|54|2340701060000|0.007|0.015|STRUCTURE_TYPE|1|23A200||
01/01/2025|54|2340701410000|0.065|0.073|STRUCTURE_TYPE|1|23A231||
01/01/2025|54|2340701510000|0.012|0.018|STRUCTURE_TYPE|1|23A286||
01/01/2025|54|2340701850000|0.002|0.008|STRUCTURE_TYPE|1|23A213||
01/01/2025|54|2340702080000|0.003|0.009|STRUCTURE_TYPE|1|23A196||
01/01/2025|54|2340702220000|0.002|0.009|STRUCTURE_TYPE|1|23A126||
01/01/2025|54|2340702320000|0.004|0.009|STRUCTURE_TYPE|1|23A187||
01/01/2025|54|2380913000000|0.025|0.036|STRUCTURE_TYPE|1|23A273||
01/01/2025|54|2380928000000|0.007|0.016|STRUCTURE_TYPE|1|23A307||
01/01/2025|54|2380932000000|0.022|0.033|STRUCTURE_TYPE|1|23A279||
01/01/2025|54|2380940000000|0.003|0.009|STRUCTURE_TYPE|1|23A281||
01/01/2025|54|2380949000000|0.003|0.013|STRUCTURE_TYPE|1|23A296||
01/01/2025|54|2400362000000|0.001|0.0081|STRUCTURE_TYPE|1|24A910||
01/01/2025|54|2400378000000|0.012|0.0203|STRUCTURE_TYPE|1|24A206||
01/01/2025|54|2400567000000|0.006|0.0296|STRUCTURE_TYPE|1|24A225||
01/01/2025|54|2400752000000|0.008|0.0208|STRUCTURE_TYPE|1|24A902||
01/01/2025|54|24200520000EB|3.993|4.136|STRUCTURE_TYPE|1|24A273||
01/01/2025|54|24200520000EB|9.574|9.587|STRUCTURE_TYPE|1|24A247||
01/01/2025|54|24200520000EB|12.79|12.799|STRUCTURE_TYPE|1|24A295||
01/01/2025|54|24200520000EB|27.659|27.666|STRUCTURE_TYPE|1|24A385||
01/01/2025|54|24200520000EB|28.951|28.956|STRUCTURE_TYPE|1|24A132||
01/01/2025|54|24200520000EB|30.793|30.81|STRUCTURE_TYPE|1|24A133||
01/01/2025|54|24200520000EB|30.81|30.819|STRUCTURE_TYPE|1|24A133||
01/01/2025|54|24200520000EB|31.175|31.206|STRUCTURE_TYPE|1|24A134||
01/01/2025|54|24200520000EB|31.937|32.048|STRUCTURE_TYPE|1|24A268||
01/01/2025|54|24200520000EB|32.943|32.961|STRUCTURE_TYPE|1|24A291||
01/01/2025|54|24200520000EB|33.144|33.16|STRUCTURE_TYPE|1|24A137||
01/01/2025|54|24200520000EB|40.462|40.467|STRUCTURE_TYPE|1|24A138||
01/01/2025|54|24200520000WB|0.0|0.047|STRUCTURE_TYPE|1|24A390||
01/01/2025|54|24200520000WB|15.454|15.462|STRUCTURE_TYPE|1|24A127||
01/01/2025|54|24200520000WB|20.043|20.059|STRUCTURE_TYPE|1|24A129||
01/01/2025|54|24200520001EB|1.098|1.1|STRUCTURE_TYPE|1|24A204||
01/01/2025|54|24200520001EB|1.1|1.11|STRUCTURE_TYPE|1|24A204||
01/01/2025|54|24200520001EB|1.11|1.114|STRUCTURE_TYPE|1|24A204||
01/01/2025|54|24200520001EB|1.272|1.285|STRUCTURE_TYPE|1|24A139||
01/01/2025|54|2430016000000|0.0|0.018|STRUCTURE_TYPE|1|24A391||
01/01/2025|54|2430016000000|0.0|0.0181|STRUCTURE_TYPE|1|24A392||
01/01/2025|54|2430016000000|0.155|0.165|STRUCTURE_TYPE|1|24A099||
01/01/2025|54|2430016000000|6.303|6.318|STRUCTURE_TYPE|1|24A100||
01/01/2025|54|2430016000000|7.702|7.717|STRUCTURE_TYPE|1|24A103||
01/01/2025|54|2430016000000|9.46|9.474|STRUCTURE_TYPE|1|24A105||
01/01/2025|54|2430016000000|13.4|13.428|STRUCTURE_TYPE|1|24A107||
01/01/2025|54|2430016000000|13.402|13.4186|STRUCTURE_TYPE|1|24X002||
01/01/2025|54|2430016000000|13.675|13.706|STRUCTURE_TYPE|1|24A269||
01/01/2025|54|2430016000000|22.083|22.0902|STRUCTURE_TYPE|1|24A394||
01/01/2025|54|2430016000000|29.535|29.543|STRUCTURE_TYPE|1|24A280||
01/01/2025|54|2430080000000|0.021|0.034|STRUCTURE_TYPE|1|24A354||
01/01/2025|54|2430080000000|0.741|0.746|STRUCTURE_TYPE|1|24A353||
01/01/2025|54|2430080000000|3.381|3.388|STRUCTURE_TYPE|1|24A393||
01/01/2025|54|2430080000000|11.106|11.145|STRUCTURE_TYPE|1|24A161||
01/01/2025|54|2430083000000|0.0|0.013|STRUCTURE_TYPE|1|24A388||
01/01/2025|54|2430083000000|6.943|6.953|STRUCTURE_TYPE|1|24A164||
01/01/2025|54|2430083000000|14.074|14.096|STRUCTURE_TYPE|1|24A166||
01/01/2025|54|2430083000000|17.695|17.703|STRUCTURE_TYPE|1|24A167||
01/01/2025|54|2430083000000|17.818|17.826|STRUCTURE_TYPE|1|24A169||
01/01/2025|54|2430161000000|13.232|13.237|STRUCTURE_TYPE|1|24A188||
01/01/2025|54|2430161000000|14.036|14.046|STRUCTURE_TYPE|1|24A189||
01/01/2025|54|2430635000000|3.654|3.66|STRUCTURE_TYPE|1|24A305||
01/01/2025|54|2440001000000|0.0|0.01|STRUCTURE_TYPE|1|24A387||
01/01/2025|54|2440001000000|3.544|3.584|STRUCTURE_TYPE|1|24A356||
01/01/2025|54|2440001000000|6.295|6.305|STRUCTURE_TYPE|1|24A003||
01/01/2025|54|2440001000000|8.545|8.658|STRUCTURE_TYPE|1|24A250||
01/01/2025|54|2440001010000|1.721|1.726|STRUCTURE_TYPE|1|24A006||
01/01/2025|54|2440001010000|2.592|2.5988|STRUCTURE_TYPE|1|24A007||
01/01/2025|54|2440001020000|0.286|0.292|STRUCTURE_TYPE|1|24A008||
01/01/2025|54|2440001020000|1.754|1.764|STRUCTURE_TYPE|1|24A324||
01/01/2025|54|2440001020000|3.975|4.03|STRUCTURE_TYPE|1|24A326||
01/01/2025|54|2440001030000|1.398|1.408|STRUCTURE_TYPE|1|24A377||
01/01/2025|54|2440001030000|1.595|1.608|STRUCTURE_TYPE|1|24A378||
01/01/2025|54|2440001040000|1.398|1.406|STRUCTURE_TYPE|1|24A012||
01/01/2025|54|2440002000000|12.636|12.644|STRUCTURE_TYPE|1|24A016||
01/01/2025|54|2440002020000|0.033|0.045|STRUCTURE_TYPE|1|24A015||
01/01/2025|54|2440003000000|0.059|0.08|STRUCTURE_TYPE|1|24A375||
01/01/2025|54|2440003010000|0.016|0.022|STRUCTURE_TYPE|1|24A018||
01/01/2025|54|2440003020000|7.769|7.785|STRUCTURE_TYPE|1|24A020||
01/01/2025|54|2440003020000|8.42|8.436|STRUCTURE_TYPE|1|24A021||
01/01/2025|54|2440003020000|9.476|9.484|STRUCTURE_TYPE|1|24A004||
01/01/2025|54|2440003020000|12.68|12.696|STRUCTURE_TYPE|1|24A022||
01/01/2025|54|2440003020000|13.399|13.404|STRUCTURE_TYPE|1|24A023||
01/01/2025|54|2440003040000|2.828|2.834|STRUCTURE_TYPE|1|24A024||
01/01/2025|54|2440004000000|0.093|0.1|STRUCTURE_TYPE|1|24A352||
01/01/2025|54|2440004030000|0.285|0.291|STRUCTURE_TYPE|1|24A234||
01/01/2025|54|2440005020000|4.153|4.16|STRUCTURE_TYPE|1|24A029||
01/01/2025|54|2440005020000|4.361|4.368|STRUCTURE_TYPE|1|24A215||
01/01/2025|54|2440005020000|4.465|4.506|STRUCTURE_TYPE|1|24A031||
01/01/2025|54|2440005030000|3.131|3.161|STRUCTURE_TYPE|1|24A343||
01/01/2025|54|2440005100000|0.005|0.025|STRUCTURE_TYPE|1|24A033||
01/01/2025|54|2440006000000|0.418|0.432|STRUCTURE_TYPE|1|24A242||
01/01/2025|54|2440006050000|0.008|0.018|STRUCTURE_TYPE|1|24A274||
01/01/2025|54|2440007000000|1.284|1.318|STRUCTURE_TYPE|1|24A381||
01/01/2025|54|2440007000000|5.192|5.232|STRUCTURE_TYPE|1|24A042||
01/01/2025|54|2440007000000|5.801|5.836|STRUCTURE_TYPE|1|24A038||
01/01/2025|54|2440007000000|6.566|6.594|STRUCTURE_TYPE|1|24A039||
01/01/2025|54|2440007000000|13.835|13.849|STRUCTURE_TYPE|1|24A244||
01/01/2025|54|2440007070000|0.581|0.586|STRUCTURE_TYPE|1|24A373||
01/01/2025|54|2440007080000|0.237|0.261|STRUCTURE_TYPE|1|24A230||
01/01/2025|54|2440007130000|0.009|0.043|STRUCTURE_TYPE|1|24A358||
01/01/2025|54|2440008000000|0.033|0.043|STRUCTURE_TYPE|1|24A243||
01/01/2025|54|2440008000000|0.464|0.472|STRUCTURE_TYPE|1|24A382||
01/01/2025|54|2440008000000|0.759|0.767|STRUCTURE_TYPE|1|24A267||
01/01/2025|54|2440008000000|1.17|1.179|STRUCTURE_TYPE|1|24A048||
01/01/2025|54|2440008000000|2.412|2.42|STRUCTURE_TYPE|1|24A248||
01/01/2025|54|2440008000000|3.03|3.037|STRUCTURE_TYPE|1|24A312||
01/01/2025|54|2440008000000|3.649|3.655|STRUCTURE_TYPE|1|24A053||
01/01/2025|54|2440008020000|1.499|1.509|STRUCTURE_TYPE|1|24A359||
01/01/2025|54|2440008040000|0.031|0.038|STRUCTURE_TYPE|1|24A313||
01/01/2025|54|2440009000000|0.591|0.611|STRUCTURE_TYPE|1|24A298||
01/01/2025|54|2440009000000|1.933|1.946|STRUCTURE_TYPE|1|24A271||
01/01/2025|54|2440009000000|2.786|2.802|STRUCTURE_TYPE|1|24A290||
01/01/2025|54|2440009000000|3.791|3.811|STRUCTURE_TYPE|1|24A063||
01/01/2025|54|2440009000000|4.38|4.4|STRUCTURE_TYPE|1|24A266||
01/01/2025|54|2440009000000|6.05|6.062|STRUCTURE_TYPE|1|24A251||
01/01/2025|54|2440009000000|6.349|6.369|STRUCTURE_TYPE|1|24A246||
01/01/2025|54|2440009000000|7.023|7.043|STRUCTURE_TYPE|1|24A069||
01/01/2025|54|2440009050000|0.004|0.015|STRUCTURE_TYPE|1|24A249||
01/01/2025|54|2440009060000|0.005|0.021|STRUCTURE_TYPE|1|24A272||
01/01/2025|54|2440009060000|0.835|0.842|STRUCTURE_TYPE|1|24A073||
01/01/2025|54|2440010000000|1.752|1.762|STRUCTURE_TYPE|1|24A255||
01/01/2025|54|2440011000000|0.026|0.047|STRUCTURE_TYPE|1|24A076||
01/01/2025|54|2440011000000|1.972|1.986|STRUCTURE_TYPE|1|24A078||
01/01/2025|54|2440012030000|0.083|0.089|STRUCTURE_TYPE|1|24A079||
01/01/2025|54|2440012040000|0.016|0.038|STRUCTURE_TYPE|1|24A294||
01/01/2025|54|2440012040000|0.118|0.128|STRUCTURE_TYPE|1|24A307||
01/01/2025|54|2440012040000|1.137|1.145|STRUCTURE_TYPE|1|24A265||
01/01/2025|54|2440012040000|1.219|1.225|STRUCTURE_TYPE|1|24A085||
01/01/2025|54|2440012040000|1.465|1.478|STRUCTURE_TYPE|1|24A386||
01/01/2025|54|2440012060000|0.109|0.121|STRUCTURE_TYPE|1|24A088||
01/01/2025|54|2440012100000|0.018|0.024|STRUCTURE_TYPE|1|24A261||
01/01/2025|54|2440012100000|0.187|0.194|STRUCTURE_TYPE|1|24A260||
01/01/2025|54|2440013000000|0.01|0.025|STRUCTURE_TYPE|1|24A380||
01/01/2025|54|2440013000000|2.336|2.342|STRUCTURE_TYPE|1|24A303||
01/01/2025|54|2440013000000|2.715|2.721|STRUCTURE_TYPE|1|24A319||
01/01/2025|54|2440013000000|3.478|3.487|STRUCTURE_TYPE|1|24A092||
01/01/2025|54|2440013010000|0.036|0.052|STRUCTURE_TYPE|1|24A314||
01/01/2025|54|2440013010000|0.26|0.266|STRUCTURE_TYPE|1|24A310||
01/01/2025|54|2440013010000|0.736|0.742|STRUCTURE_TYPE|1|24A311||
01/01/2025|54|2440013020000|9.802|9.808|STRUCTURE_TYPE|1|24A097||
01/01/2025|54|2440013030000|0.009|0.015|STRUCTURE_TYPE|1|24A098||
01/01/2025|54|2440016090000|0.005|0.013|STRUCTURE_TYPE|1|24A239||
01/01/2025|54|2440016120000|0.016|0.026|STRUCTURE_TYPE|1|24A228||
01/01/2025|54|2440016130000|0.007|0.017|STRUCTURE_TYPE|1|24A231||
01/01/2025|54|2440016170000|0.046|0.056|STRUCTURE_TYPE|1|24A222||
01/01/2025|54|2440016390000|0.004|0.01|STRUCTURE_TYPE|1|24A275||
01/01/2025|54|2440016470000|0.013|0.035|STRUCTURE_TYPE|1|24A286||
01/01/2025|54|2440016480000|0.036|0.076|STRUCTURE_TYPE|1|24A276||
01/01/2025|54|2440016490000|0.101|0.114|STRUCTURE_TYPE|1|24A369||
01/01/2025|54|2440016520000|0.053|0.066|STRUCTURE_TYPE|1|24A289||
01/01/2025|54|2440016570000|0.013|0.018|STRUCTURE_TYPE|1|24A287||
01/01/2025|54|2440016590000|0.012|0.019|STRUCTURE_TYPE|1|24A328||
01/01/2025|54|2440017000000|0.053|0.069|STRUCTURE_TYPE|1|24A112||
01/01/2025|54|2440017000000|0.472|0.485|STRUCTURE_TYPE|1|24A329||
01/01/2025|54|2440017000000|1.152|1.167|STRUCTURE_TYPE|1|24A315||
01/01/2025|54|2440017000000|2.14|2.154|STRUCTURE_TYPE|1|24A317||
01/01/2025|54|2440017000000|5.626|5.633|STRUCTURE_TYPE|1|24A372||
01/01/2025|54|2440017000000|6.065|6.077|STRUCTURE_TYPE|1|24X001||
01/01/2025|54|2440017000000|6.685|6.69|STRUCTURE_TYPE|1|24A262||
01/01/2025|54|2440017030000|0.068|0.077|STRUCTURE_TYPE|1|24A120||
01/01/2025|54|2440017050000|0.008|0.016|STRUCTURE_TYPE|1|24A300||
01/01/2025|54|2440017060000|0.004|0.011|STRUCTURE_TYPE|1|24A302||
01/01/2025|54|2440017070000|0.011|0.018|STRUCTURE_TYPE|1|24A191||
01/01/2025|54|2440017080000|0.099|0.106|STRUCTURE_TYPE|1|24A241||
01/01/2025|54|2440017110000|0.019|0.028|STRUCTURE_TYPE|1|24A306||
01/01/2025|54|2440017120000|0.012|0.018|STRUCTURE_TYPE|1|24A308||
01/01/2025|54|2440017130000|0.093|0.103|STRUCTURE_TYPE|1|24A299||
01/01/2025|54|2440017160000|0.006|0.014|STRUCTURE_TYPE|1|24A297||
01/01/2025|54|2440052010000|2.838|2.843|STRUCTURE_TYPE|1|24A236||
01/01/2025|54|2440052010000|9.894|9.921|STRUCTURE_TYPE|1|24A368||
01/01/2025|54|2440052030000|0.262|0.274|STRUCTURE_TYPE|1|24A217||
01/01/2025|54|2440052040000|0.784|0.792|STRUCTURE_TYPE|1|24A221||
01/01/2025|54|2440052060000|1.42|1.427|STRUCTURE_TYPE|1|24A279||
01/01/2025|54|2440052060000|1.628|1.633|STRUCTURE_TYPE|1|24A320||
01/01/2025|54|2440052060000|1.885|1.892|STRUCTURE_TYPE|1|24A143||
01/01/2025|54|2440052060000|2.83|2.835|STRUCTURE_TYPE|1|24A205||
01/01/2025|54|2440052060000|3.294|3.299|STRUCTURE_TYPE|1|24A145||
01/01/2025|54|2440052080000|0.11|0.121|STRUCTURE_TYPE|1|24A146||
01/01/2025|54|2440052080000|0.353|0.362|STRUCTURE_TYPE|1|24A149||
01/01/2025|54|2440052080000|0.937|0.942|STRUCTURE_TYPE|1|24A207||
01/01/2025|54|2440052110000|0.105|0.115|STRUCTURE_TYPE|1|24A152||
01/01/2025|54|2440052120000|0.365|0.375|STRUCTURE_TYPE|1|24A371||
01/01/2025|54|2440052170000|1.066|1.08|STRUCTURE_TYPE|1|24A157||
01/01/2025|54|2440052190000|0.005|0.015|STRUCTURE_TYPE|1|24A293||
01/01/2025|54|2440052200000|0.105|0.114|STRUCTURE_TYPE|1|24A027||
01/01/2025|54|2440052210000|0.002|0.034|STRUCTURE_TYPE|1|24A208||
01/01/2025|54|2440052290000|0.039|0.054|STRUCTURE_TYPE|1|24A235||
01/01/2025|54|2440052320000|0.005|0.033|STRUCTURE_TYPE|1|24A263||
01/01/2025|54|2440052370000|0.011|0.036|STRUCTURE_TYPE|1|24A264||
01/01/2025|54|2440052560000|0.012|0.028|STRUCTURE_TYPE|1|24A370||
01/01/2025|54|2440052580000|0.142|0.15|STRUCTURE_TYPE|1|24A374||
01/01/2025|54|2440052610000|0.046|0.059|STRUCTURE_TYPE|1|24A292||
01/01/2025|54|2440052730000|0.017|0.05|STRUCTURE_TYPE|1|24A122||
01/01/2025|54|2440052830000|0.007|0.026|STRUCTURE_TYPE|1|24A376||
01/01/2025|54|2440052900000|0.021|0.027|STRUCTURE_TYPE|1|24A325||
01/01/2025|54|2440080020000|0.013|0.048|STRUCTURE_TYPE|1|24A304||
01/01/2025|54|2440080030000|0.004|0.027|STRUCTURE_TYPE|1|24A210||
01/01/2025|54|2440080050000|0.002|0.034|STRUCTURE_TYPE|1|24A278||
01/01/2025|54|2440083010000|0.17|0.175|STRUCTURE_TYPE|1|24A173||
01/01/2025|54|2440083020000|0.03|0.055|STRUCTURE_TYPE|1|24A323||
01/01/2025|54|2440083030000|0.007|0.026|STRUCTURE_TYPE|1|24A171||
01/01/2025|54|2440083130000|0.998|1.005|STRUCTURE_TYPE|1|24A281||
01/01/2025|54|2440083130000|1.236|1.242|STRUCTURE_TYPE|1|24A177||
01/01/2025|54|2440083130000|1.406|1.412|STRUCTURE_TYPE|1|24A211||
01/01/2025|54|2440083130000|3.097|3.104|STRUCTURE_TYPE|1|24A245||
01/01/2025|54|2440083140000|0.03|0.05|STRUCTURE_TYPE|1|24A357||
01/01/2025|54|2440083150000|0.012|0.02|STRUCTURE_TYPE|1|24A321||
01/01/2025|54|2440083190000|0.59|0.61|STRUCTURE_TYPE|1|24A309||
01/01/2025|54|2440083200000|0.04|0.059|STRUCTURE_TYPE|1|24A318||
01/01/2025|54|2440083210000|0.056|0.085|STRUCTURE_TYPE|1|24A384||
01/01/2025|54|2440083230000|0.008|0.016|STRUCTURE_TYPE|1|24A322||
01/01/2025|54|2440083510000|0.004|0.011|STRUCTURE_TYPE|1|24A365||
01/01/2025|54|2440084020000|0.013|0.021|STRUCTURE_TYPE|1|24A327||
01/01/2025|54|2440102010000|0.299|0.315|STRUCTURE_TYPE|1|24A184||
01/01/2025|54|2440102510000|0.019|0.028|STRUCTURE_TYPE|1|24A342||
01/01/2025|54|2440102710000|0.004|0.014|STRUCTURE_TYPE|1|24A226||
01/01/2025|54|2440102710000|0.322|0.336|STRUCTURE_TYPE|1|24A185||
01/01/2025|54|2440102740000|0.005|0.01|STRUCTURE_TYPE|1|24A351||
01/01/2025|54|2440103050000|0.109|0.122|STRUCTURE_TYPE|1|24A229||
01/01/2025|54|2440103070000|0.005|0.015|STRUCTURE_TYPE|1|24A220||
01/01/2025|54|2440161030000|0.02|0.026|STRUCTURE_TYPE|1|24A252||
01/01/2025|54|2440161040000|0.007|0.017|STRUCTURE_TYPE|1|24A212||
01/01/2025|54|2440635010000|0.024|0.031|STRUCTURE_TYPE|1|24A195||
01/01/2025|54|2440635020000|0.003|0.009|STRUCTURE_TYPE|1|24A214||
01/01/2025|54|2440635030000|0.003|0.009|STRUCTURE_TYPE|1|24A340||
01/01/2025|54|2480901210000|0.007|0.012|STRUCTURE_TYPE|1|24A383||
01/01/2025|54|2480901440000|0.015|0.02|STRUCTURE_TYPE|1|24A344||
01/01/2025|54|2480901510000|0.023|0.031|STRUCTURE_TYPE|1|24A345||
01/01/2025|54|2480901590000|0.009|0.017|STRUCTURE_TYPE|1|24A346||
01/01/2025|54|2480902180000|0.036|0.042|STRUCTURE_TYPE|1|24A347||
01/01/2025|54|2480902210000|0.011|0.02|STRUCTURE_TYPE|1|24A367||
01/01/2025|54|2480902470000|0.005|0.016|STRUCTURE_TYPE|1|24A341||
01/01/2025|54|2480902490000|0.006|0.012|STRUCTURE_TYPE|1|24A389||
01/01/2025|54|2480902490000|0.119|0.125|STRUCTURE_TYPE|1|24A350||
01/01/2025|54|2480902680000|0.001|0.009|STRUCTURE_TYPE|1|24A355||
01/01/2025|54|2480902790000|0.005|0.011|STRUCTURE_TYPE|1|24A348||
01/01/2025|54|2480963000000|0.007|0.018|STRUCTURE_TYPE|1|24A362||
01/01/2025|54|2480966000000|0.072|0.077|STRUCTURE_TYPE|1|24A366||
01/01/2025|54|2480994000000|0.007|0.013|STRUCTURE_TYPE|1|24A364||
01/01/2025|54|2480997000000|0.005|0.01|STRUCTURE_TYPE|1|24A363||
01/01/2025|54|25002508100NB|0.017|0.0271|STRUCTURE_TYPE|1|25A904||
01/01/2025|54|2500259000000|0.015|0.0409|STRUCTURE_TYPE|1|25A909||
01/01/2025|54|2501786000000|0.016|0.0274|STRUCTURE_TYPE|1|25A244||
01/01/2025|54|25100790000NB|129.823|129.877|STRUCTURE_TYPE|1|25A129||
01/01/2025|54|25100790000NB|130.778|130.782|STRUCTURE_TYPE|1|25A131||
01/01/2025|54|25100790000NB|132.028|132.072|STRUCTURE_TYPE|1|25A132||
01/01/2025|54|25100790000NB|134.887|134.9084|STRUCTURE_TYPE|1|25A284||
01/01/2025|54|25100790000NB|135.58|135.621|STRUCTURE_TYPE|1|25A260||
01/01/2025|54|25100790000NB|136.61|136.64|STRUCTURE_TYPE|1|25A142||
01/01/2025|54|25100790000NB|138.737|138.763|STRUCTURE_TYPE|1|25A145||
01/01/2025|54|25100790000SB|129.823|129.877|STRUCTURE_TYPE|1|25A231||
01/01/2025|54|25100790000SB|132.038|132.082|STRUCTURE_TYPE|1|25A133||
01/01/2025|54|25100790000SB|132.804|132.841|STRUCTURE_TYPE|1|25A279||
01/01/2025|54|25100790000SB|136.614|136.64|STRUCTURE_TYPE|1|25A143||
01/01/2025|54|25100790000SB|136.64|136.644|STRUCTURE_TYPE|1|25A143||
01/01/2025|54|25100790000SB|138.671|138.677|STRUCTURE_TYPE|1|25A144||
01/01/2025|54|25100790000SB|138.747|138.77|STRUCTURE_TYPE|1|25A146||
01/01/2025|54|25100790000SB|138.77|138.773|STRUCTURE_TYPE|1|25A146||
01/01/2025|54|25200190000NB|0.0|0.028|STRUCTURE_TYPE|1|25A233||
01/01/2025|54|25200190000NB|1.605|1.62|STRUCTURE_TYPE|1|25A281||
01/01/2025|54|25200190000NB|5.08|5.085|STRUCTURE_TYPE|1|25A047||
01/01/2025|54|25200190000NB|13.928|13.93|STRUCTURE_TYPE|1|25A049||
01/01/2025|54|25200190000NB|13.93|13.958|STRUCTURE_TYPE|1|25A049||
01/01/2025|54|25200190000NB|15.184|15.189|STRUCTURE_TYPE|1|25A241||
01/01/2025|54|25200190000NB|15.924|15.929|STRUCTURE_TYPE|1|25A243||
01/01/2025|54|25200190000SB|11.035|11.115|STRUCTURE_TYPE|1|25A240||
01/01/2025|54|25200190000SB|14.286|14.293|STRUCTURE_TYPE|1|25A052||
01/01/2025|54|25202500000NB|6.225|6.331|STRUCTURE_TYPE|1|25A227||
01/01/2025|54|25202500000NB|7.623|7.706|STRUCTURE_TYPE|1|25A175||
01/01/2025|54|25202500000NB|26.046|26.052|STRUCTURE_TYPE|1|25A178||
01/01/2025|54|25202500000SB|19.372|19.435|STRUCTURE_TYPE|1|25A237||
01/01/2025|54|25202500000SB|22.84|22.851|STRUCTURE_TYPE|1|25A278||
01/01/2025|54|2530218000000|0.464|0.469|STRUCTURE_TYPE|1|25A166||
01/01/2025|54|2530218000000|1.451|1.456|STRUCTURE_TYPE|1|25A167||
01/01/2025|54|2530218000000|1.721|1.726|STRUCTURE_TYPE|1|25A169||
01/01/2025|54|2530218000000|4.69|4.716|STRUCTURE_TYPE|1|25A219||
01/01/2025|54|2530218000000|6.811|6.842|STRUCTURE_TYPE|1|25A172||
01/01/2025|54|2530218000000|10.855|10.87|STRUCTURE_TYPE|1|25A270||
01/01/2025|54|2530218000000|11.615|11.623|STRUCTURE_TYPE|1|25A247||
01/01/2025|54|2530218000000|11.881|11.887|STRUCTURE_TYPE|1|25A174||
01/01/2025|54|2530273000000|0.71|0.725|STRUCTURE_TYPE|1|25A264||
01/01/2025|54|25302730000SB|0.331|0.425|STRUCTURE_TYPE|1|25A263||
01/01/2025|54|2530310000000|0.112|0.118|STRUCTURE_TYPE|1|25A188||
01/01/2025|54|2530310000000|9.892|10.1|STRUCTURE_TYPE|1|25A189||
01/01/2025|54|2530310000000|10.1|10.101|STRUCTURE_TYPE|1|25A189||
01/01/2025|54|2530310002400|10.313|10.377|STRUCTURE_TYPE|1|25A272||
01/01/2025|54|2540001000000|3.073|3.08|STRUCTURE_TYPE|1|25A001||
01/01/2025|54|2540001000000|4.526|4.533|STRUCTURE_TYPE|1|25A245||
01/01/2025|54|2540001000000|9.022|9.027|STRUCTURE_TYPE|1|25A277||
01/01/2025|54|2540001000000|10.394|10.407|STRUCTURE_TYPE|1|25A004||
01/01/2025|54|2540001010000|2.094|2.104|STRUCTURE_TYPE|1|25A273||
01/01/2025|54|2540001050000|0.005|0.011|STRUCTURE_TYPE|1|25A006||
01/01/2025|54|2540001100000|2.309|2.322|STRUCTURE_TYPE|1|25A007||
01/01/2025|54|2540001130000|0.01|0.031|STRUCTURE_TYPE|1|25A192||
01/01/2025|54|2540001130000|0.314|0.349|STRUCTURE_TYPE|1|25A255||
01/01/2025|54|2540001150000|0.025|0.043|STRUCTURE_TYPE|1|25A087||
01/01/2025|54|2540001160000|0.006|0.023|STRUCTURE_TYPE|1|25A235||
01/01/2025|54|2540003000000|3.34|3.345|STRUCTURE_TYPE|1|25A008||
01/01/2025|54|2540006000000|0.125|0.135|STRUCTURE_TYPE|1|25A009||
01/01/2025|54|2540007000000|4.032|4.041|STRUCTURE_TYPE|1|25A285||
01/01/2025|54|2540007000000|4.041|4.059|STRUCTURE_TYPE|1|25A010||
01/01/2025|54|2540009000000|6.669|6.691|STRUCTURE_TYPE|1|25A013||
01/01/2025|54|2540010000000|0.782|0.793|STRUCTURE_TYPE|1|25A195||
01/01/2025|54|2540011000000|1.832|1.838|STRUCTURE_TYPE|1|25A271||
01/01/2025|54|2540011000000|2.8|2.806|STRUCTURE_TYPE|1|25A014||
01/01/2025|54|2540011000000|3.031|3.038|STRUCTURE_TYPE|1|25A015||
01/01/2025|54|2540011000000|6.195|6.206|STRUCTURE_TYPE|1|25A190||
01/01/2025|54|2540011000000|7.401|7.434|STRUCTURE_TYPE|1|25A016||
01/01/2025|54|2540013000000|0.977|0.985|STRUCTURE_TYPE|1|25A256||
01/01/2025|54|2540013000000|1.772|1.778|STRUCTURE_TYPE|1|25A225||
01/01/2025|54|2540013000000|1.848|1.854|STRUCTURE_TYPE|1|25A226||
01/01/2025|54|2540013000000|2.09|2.096|STRUCTURE_TYPE|1|25A017||
01/01/2025|54|2540014000000|2.933|2.943|STRUCTURE_TYPE|1|25A266||
01/01/2025|54|2540015070000|0.008|0.015|STRUCTURE_TYPE|1|25A022||
01/01/2025|54|2540016000000|2.677|2.683|STRUCTURE_TYPE|1|25A267||
01/01/2025|54|2540017000000|7.534|7.545|STRUCTURE_TYPE|1|25A262||
01/01/2025|54|2540017000000|7.722|7.749|STRUCTURE_TYPE|1|25A038||
01/01/2025|54|2540017000000|9.493|9.505|STRUCTURE_TYPE|1|25A030||
01/01/2025|54|2540017000000|11.2|11.248|STRUCTURE_TYPE|1|25A224||
01/01/2025|54|2540017000000|11.28|11.3|STRUCTURE_TYPE|1|25A223||
01/01/2025|54|2540017130000|0.038|0.049|STRUCTURE_TYPE|1|25A032||
01/01/2025|54|2540017140000|0.043|0.051|STRUCTURE_TYPE|1|25A269||
01/01/2025|54|2540017170000|0.603|0.615|STRUCTURE_TYPE|1|25A034||
01/01/2025|54|2540017180000|0.006|0.021|STRUCTURE_TYPE|1|25A035||
01/01/2025|54|2540017190000|0.021|0.038|STRUCTURE_TYPE|1|25A036||
01/01/2025|54|2540017330000|0.014|0.033|STRUCTURE_TYPE|1|25A258||
01/01/2025|54|2540017350000|0.013|0.018|STRUCTURE_TYPE|1|25A064||
01/01/2025|54|2540018000000|2.333|2.342|STRUCTURE_TYPE|1|25A037||
01/01/2025|54|2540018000000|3.262|3.268|STRUCTURE_TYPE|1|25A039||
01/01/2025|54|2540019020000|0.038|0.044|STRUCTURE_TYPE|1|25A228||
01/01/2025|54|2540019060000|1.959|1.965|STRUCTURE_TYPE|1|25A056||
01/01/2025|54|2540019730000|0.162|0.398|STRUCTURE_TYPE|1|25A242||
01/01/2025|54|2540019840000|0.01|0.02|STRUCTURE_TYPE|1|25A236||
01/01/2025|54|2540020000000|0.221|0.229|STRUCTURE_TYPE|1|25A265||
01/01/2025|54|2540020000000|0.451|0.461|STRUCTURE_TYPE|1|25A061||
01/01/2025|54|2540021000000|0.007|0.033|STRUCTURE_TYPE|1|25A205||
01/01/2025|54|2540021000000|0.225|0.236|STRUCTURE_TYPE|1|25A069||
01/01/2025|54|2540021000000|5.029|5.047|STRUCTURE_TYPE|1|25A066||
01/01/2025|54|2540021020000|1.783|1.788|STRUCTURE_TYPE|1|25A067||
01/01/2025|54|2540024000000|4.303|4.316|STRUCTURE_TYPE|1|25A068||
01/01/2025|54|2540025000000|2.377|2.385|STRUCTURE_TYPE|1|25A070||
01/01/2025|54|2540025000000|3.393|3.399|STRUCTURE_TYPE|1|25A259||
01/01/2025|54|2540025000000|3.452|3.458|STRUCTURE_TYPE|1|25A217||
01/01/2025|54|2540025000000|4.024|4.033|STRUCTURE_TYPE|1|25A072||
01/01/2025|54|2540025000000|5.068|5.075|STRUCTURE_TYPE|1|25A073||
01/01/2025|54|2540025090000|0.008|0.014|STRUCTURE_TYPE|1|25A044||
01/01/2025|54|2540027000000|2.656|2.718|STRUCTURE_TYPE|1|25A074||
01/01/2025|54|2540027020000|0.072|0.083|STRUCTURE_TYPE|1|25A075||
01/01/2025|54|2540027060000|2.425|2.441|STRUCTURE_TYPE|1|25A082||
01/01/2025|54|2540027070000|0.022|0.03|STRUCTURE_TYPE|1|25A214||
01/01/2025|54|2540030000000|2.439|2.453|STRUCTURE_TYPE|1|25A076||
01/01/2025|54|2540031010000|0.073|0.079|STRUCTURE_TYPE|1|25A220||
01/01/2025|54|2540031010000|0.764|0.769|STRUCTURE_TYPE|1|25A221||
01/01/2025|54|2540033020000|0.521|0.529|STRUCTURE_TYPE|1|25A077||
01/01/2025|54|2540033080000|1.048|1.056|STRUCTURE_TYPE|1|25A078||
01/01/2025|54|2540033080000|1.302|1.31|STRUCTURE_TYPE|1|25A080||
01/01/2025|54|2540033170000|0.131|0.141|STRUCTURE_TYPE|1|25A234||
01/01/2025|54|2540034000000|0.024|0.03|STRUCTURE_TYPE|1|25A081||
01/01/2025|54|2540036000000|4.375|4.396|STRUCTURE_TYPE|1|25A086||
01/01/2025|54|2540038000000|1.547|1.559|STRUCTURE_TYPE|1|25A083||
01/01/2025|54|2540044000000|0.444|0.451|STRUCTURE_TYPE|1|25A250||
01/01/2025|54|2540044000000|0.616|0.624|STRUCTURE_TYPE|1|25A085||
01/01/2025|54|2540044000000|0.794|0.801|STRUCTURE_TYPE|1|25A088||
01/01/2025|54|2540044000000|0.884|0.892|STRUCTURE_TYPE|1|25A089||
01/01/2025|54|2540044000000|1.696|1.704|STRUCTURE_TYPE|1|25A090||
01/01/2025|54|2540044000000|6.481|6.505|STRUCTURE_TYPE|1|25A102||
01/01/2025|54|2540048000000|1.185|1.193|STRUCTURE_TYPE|1|25A091||
01/01/2025|54|2540048010000|1.055|1.064|STRUCTURE_TYPE|1|25A218||
01/01/2025|54|2540048040000|0.558|0.566|STRUCTURE_TYPE|1|25A093||
01/01/2025|54|2540048080000|0.0|0.012|STRUCTURE_TYPE|1|25A275||
01/01/2025|54|2540050000000|3.095|3.12|STRUCTURE_TYPE|1|25A107||
01/01/2025|54|2540054000000|0.62|0.628|STRUCTURE_TYPE|1|25A097||
01/01/2025|54|2540054000000|1.167|1.174|STRUCTURE_TYPE|1|25A229||
01/01/2025|54|2540054000000|1.296|1.302|STRUCTURE_TYPE|1|25A253||
01/01/2025|54|2540054060000|0.707|0.713|STRUCTURE_TYPE|1|25A098||
01/01/2025|54|2540056000000|0.291|0.374|STRUCTURE_TYPE|1|25A104||
01/01/2025|54|2540056000000|0.594|0.614|STRUCTURE_TYPE|1|25A252||
01/01/2025|54|2540056000000|1.203|1.222|STRUCTURE_TYPE|1|25A100||
01/01/2025|54|2540058000000|0.974|0.986|STRUCTURE_TYPE|1|25A101||
01/01/2025|54|2540058000000|1.582|1.611|STRUCTURE_TYPE|1|25A103||
01/01/2025|54|2540058020000|0.318|0.331|STRUCTURE_TYPE|1|25A105||
01/01/2025|54|2540062000000|3.046|3.118|STRUCTURE_TYPE|1|25A109||
01/01/2025|54|2540064000000|0.008|0.107|STRUCTURE_TYPE|1|25A248||
01/01/2025|54|2540064010000|0.0|0.0392|STRUCTURE_TYPE|1|25A283||
01/01/2025|54|2540068000000|2.926|2.932|STRUCTURE_TYPE|1|25A108||
01/01/2025|54|2540068010000|0.882|0.893|STRUCTURE_TYPE|1|25A111||
01/01/2025|54|2540070000000|0.065|0.079|STRUCTURE_TYPE|1|25A276||
01/01/2025|54|2540072000000|1.418|1.432|STRUCTURE_TYPE|1|25A249||
01/01/2025|54|2540072000000|1.761|1.778|STRUCTURE_TYPE|1|25A116||
01/01/2025|54|2540072000000|1.913|1.926|STRUCTURE_TYPE|1|25A115||
01/01/2025|54|2540073000000|2.245|2.268|STRUCTURE_TYPE|1|25A134||
01/01/2025|54|2540073060000|0.637|0.648|STRUCTURE_TYPE|1|25A118||
01/01/2025|54|2540073060000|2.895|2.901|STRUCTURE_TYPE|1|25A215||
01/01/2025|54|2540073110000|0.074|0.086|STRUCTURE_TYPE|1|46A010||
01/01/2025|54|2540073160000|0.009|0.019|STRUCTURE_TYPE|1|25A125||
01/01/2025|54|2540073190000|0.429|0.434|STRUCTURE_TYPE|1|25A216||
01/01/2025|54|2540073730000|1.495|1.519|STRUCTURE_TYPE|1|25A251||
01/01/2025|54|2540073730000|1.905|1.919|STRUCTURE_TYPE|1|25A232||
01/01/2025|54|2540073730000|2.587|2.64|STRUCTURE_TYPE|1|25A120||
01/01/2025|54|2540074000000|0.102|0.111|STRUCTURE_TYPE|1|25A121||
01/01/2025|54|2540074000000|0.208|0.215|STRUCTURE_TYPE|1|25A246||
01/01/2025|54|2540074000000|0.315|0.32|STRUCTURE_TYPE|1|25A123||
01/01/2025|54|2540074000000|0.553|0.561|STRUCTURE_TYPE|1|25A261||
01/01/2025|54|2540074000000|0.848|0.854|STRUCTURE_TYPE|1|25A126||
01/01/2025|54|2540074030000|0.044|0.052|STRUCTURE_TYPE|1|25A128||
01/01/2025|54|2540076000000|3.576|3.584|STRUCTURE_TYPE|1|25A127||
01/01/2025|54|2540080000000|3.991|4.001|STRUCTURE_TYPE|1|25A238||
01/01/2025|54|2540080000000|4.697|4.705|STRUCTURE_TYPE|1|25A150||
01/01/2025|54|2540080000000|4.935|4.942|STRUCTURE_TYPE|1|25A239||
01/01/2025|54|2540080000000|5.564|5.575|STRUCTURE_TYPE|1|25A152||
01/01/2025|54|2540080020000|1.882|1.892|STRUCTURE_TYPE|1|25A153||
01/01/2025|54|2540080080000|0.21|0.218|STRUCTURE_TYPE|1|25A209||
01/01/2025|54|2540082000000|0.607|0.612|STRUCTURE_TYPE|1|25A213||
01/01/2025|54|2540084000000|0.016|0.022|STRUCTURE_TYPE|1|25A155||
01/01/2025|54|2540090000000|1.619|1.697|STRUCTURE_TYPE|1|25A161||
01/01/2025|54|2540090030000|0.009|0.067|STRUCTURE_TYPE|1|25A185||
01/01/2025|54|2540091000000|0.416|0.423|STRUCTURE_TYPE|1|25A159||
01/01/2025|54|2540091000000|1.231|1.243|STRUCTURE_TYPE|1|25A274||
01/01/2025|54|2540091000000|1.326|1.331|STRUCTURE_TYPE|1|25A162||
01/01/2025|54|2540091000000|2.728|2.734|STRUCTURE_TYPE|1|25A163||
01/01/2025|54|2540091000000|7.376|7.389|STRUCTURE_TYPE|1|25A164||
01/01/2025|54|2540091000000|8.989|9.089|STRUCTURE_TYPE|1|25A168||
01/01/2025|54|2540091010000|0.065|0.084|STRUCTURE_TYPE|1|25A165||
01/01/2025|54|2540091040000|0.852|0.885|STRUCTURE_TYPE|1|25A186||
01/01/2025|54|2540250030000|2.1|2.11|STRUCTURE_TYPE|1|25A280||
01/01/2025|54|2540250050000|0.336|0.352|STRUCTURE_TYPE|1|25A202||
01/01/2025|54|2540250110000|1.995|2.012|STRUCTURE_TYPE|1|25A203||
01/01/2025|54|2540250120000|0.387|0.392|STRUCTURE_TYPE|1|25A180||
01/01/2025|54|2540250180000|0.003|0.009|STRUCTURE_TYPE|1|25A181||
01/01/2025|54|2540250310000|0.557|0.585|STRUCTURE_TYPE|1|25A182||
01/01/2025|54|2540250320000|1.758|1.78|STRUCTURE_TYPE|1|25A268||
01/01/2025|54|2540250580000|0.024|0.041|STRUCTURE_TYPE|1|25A187||
01/01/2025|54|2600071000000|0.006|0.0114|STRUCTURE_TYPE|1|26A900||
01/01/2025|54|2600082000000|0.003|0.0082|STRUCTURE_TYPE|1|26A903||
01/01/2025|54|2600319000000|0.005|0.0209|STRUCTURE_TYPE|1|26A096||
01/01/2025|54|26202500000NB|11.467|11.473|STRUCTURE_TYPE|1|26A089||
01/01/2025|54|26202500000NB|13.357|13.366|STRUCTURE_TYPE|1|26A094||
01/01/2025|54|26202500000NB|31.328|31.354|STRUCTURE_TYPE|1|26A119||
01/01/2025|54|26202500000NB|36.678|36.696|STRUCTURE_TYPE|1|26A069||
01/01/2025|54|26202500000NB|37.81|37.871|STRUCTURE_TYPE|1|26A070||
01/01/2025|54|26202500000NB|38.725|38.751|STRUCTURE_TYPE|1|26A073||
01/01/2025|54|26202500000SB|4.638|4.689|STRUCTURE_TYPE|1|26A110||
01/01/2025|54|26202500000SB|31.006|31.0109|STRUCTURE_TYPE|1|26A129||
01/01/2025|54|26202500017SB0038C|0.146|0.169|STRUCTURE_TYPE|1|26A072||
01/01/2025|54|26202500017SB0038D|0.015|0.039|STRUCTURE_TYPE|1|26A071||
01/01/2025|54|2630002000000|6.463|6.48|STRUCTURE_TYPE|1|26A118||
01/01/2025|54|2630002000000|7.777|7.845|STRUCTURE_TYPE|1|26A109||
01/01/2025|54|2630002000000|11.98|12.004|STRUCTURE_TYPE|1|26A112||
01/01/2025|54|2630002000000|18.037|18.085|STRUCTURE_TYPE|1|26A014||
01/01/2025|54|2630002000000|18.919|18.938|STRUCTURE_TYPE|1|26A015||
01/01/2025|54|2630002000000|19.491|19.53|STRUCTURE_TYPE|1|26A127||
01/01/2025|54|26300020000SB|18.034|18.08|STRUCTURE_TYPE|1|26A013||
01/01/2025|54|26300020000SB|18.08|18.082|STRUCTURE_TYPE|1|26A013||
01/01/2025|54|26300020003WB|0.0|0.43|STRUCTURE_TYPE|1|26A084||
01/01/2025|54|2640001000000|0.914|0.921|STRUCTURE_TYPE|1|26A113||
01/01/2025|54|2640001000000|1.237|1.251|STRUCTURE_TYPE|1|26A098||
01/01/2025|54|2640001000000|1.546|1.558|STRUCTURE_TYPE|1|26A105||
01/01/2025|54|2640001000000|2.071|2.078|STRUCTURE_TYPE|1|26A004||
01/01/2025|54|2640001000000|2.247|2.254|STRUCTURE_TYPE|1|26A005||
01/01/2025|54|2640001000000|2.417|2.425|STRUCTURE_TYPE|1|26A103||
01/01/2025|54|2640001000000|3.032|3.037|STRUCTURE_TYPE|1|26A117||
01/01/2025|54|2640001000000|3.665|3.671|STRUCTURE_TYPE|1|26A009||
01/01/2025|54|2640001010000|0.0|0.04|STRUCTURE_TYPE|1|26A080||
01/01/2025|54|2640002070000|0.005|0.011|STRUCTURE_TYPE|1|26A090||
01/01/2025|54|2640002260000|0.131|0.181|STRUCTURE_TYPE|1|26A095||
01/01/2025|54|2640005000000|1.67|1.708|STRUCTURE_TYPE|1|26A100||
01/01/2025|54|2640005000000|4.061|4.103|STRUCTURE_TYPE|1|26A126||
01/01/2025|54|2640005000000|5.04|5.067|STRUCTURE_TYPE|1|26A021||
01/01/2025|54|2640005000000|5.403|5.409|STRUCTURE_TYPE|1|26A022||
01/01/2025|54|2640005000000|6.486|6.491|STRUCTURE_TYPE|1|26A023||
01/01/2025|54|2640005000000|7.789|7.832|STRUCTURE_TYPE|1|26A120||
01/01/2025|54|2640007000000|5.27|5.308|STRUCTURE_TYPE|1|26A025||
01/01/2025|54|2640010000000|0.947|0.954|STRUCTURE_TYPE|1|26A026||
01/01/2025|54|2640010000000|1.65|1.662|STRUCTURE_TYPE|1|26A027||
01/01/2025|54|2640015000000|1.49|1.526|STRUCTURE_TYPE|1|26A097||
01/01/2025|54|2640015000000|3.496|3.502|STRUCTURE_TYPE|1|26A092||
01/01/2025|54|2640015000000|3.668|3.675|STRUCTURE_TYPE|1|26A038||
01/01/2025|54|2640015030000|0.01|0.03|STRUCTURE_TYPE|1|26A123||
01/01/2025|54|2640016000000|0.796|0.806|STRUCTURE_TYPE|1|26A030||
01/01/2025|54|2640017000000|1.062|1.083|STRUCTURE_TYPE|1|26A031||
01/01/2025|54|2640017030000|1.686|1.694|STRUCTURE_TYPE|1|26A087||
01/01/2025|54|2640021000000|4.937|4.951|STRUCTURE_TYPE|1|26A074||
01/01/2025|54|2640021000000|5.283|5.317|STRUCTURE_TYPE|1|26A093||
01/01/2025|54|2640023000000|7.191|7.197|STRUCTURE_TYPE|1|26A034||
01/01/2025|54|2640025010000|0.1|0.11|STRUCTURE_TYPE|1|26A114||
01/01/2025|54|2640027000000|0.811|0.82|STRUCTURE_TYPE|1|26A039||
01/01/2025|54|2640034000000|2.772|2.782|STRUCTURE_TYPE|1|26A075||
01/01/2025|54|2640036000000|1.307|1.315|STRUCTURE_TYPE|1|26A041||
01/01/2025|54|2640048000000|7.394|7.402|STRUCTURE_TYPE|1|26A104||
01/01/2025|54|2640048000000|7.529|7.545|STRUCTURE_TYPE|1|26A102||
01/01/2025|54|2640050010000|0.284|0.29|STRUCTURE_TYPE|1|26A115||
01/01/2025|54|2640054000000|5.774|5.788|STRUCTURE_TYPE|1|26A046||
01/01/2025|54|2640056000000|0.002|0.019|STRUCTURE_TYPE|1|26A111||
01/01/2025|54|2640058000000|7.086|7.093|STRUCTURE_TYPE|1|26A036||
01/01/2025|54|2640060000000|1.004|1.018|STRUCTURE_TYPE|1|26A048||
01/01/2025|54|2640062000000|5.733|5.739|STRUCTURE_TYPE|1|26A049||
01/01/2025|54|2640074000000|0.0|0.018|STRUCTURE_TYPE|1|26A128||
01/01/2025|54|2640074000000|6.833|6.883|STRUCTURE_TYPE|1|26A051||
01/01/2025|54|2640074000000|10.26|10.299|STRUCTURE_TYPE|1|26A125||
01/01/2025|54|2640074000000|14.618|14.624|STRUCTURE_TYPE|1|26A053||
01/01/2025|54|2640074000000|16.839|16.893|STRUCTURE_TYPE|1|26A108||
01/01/2025|54|2640074000000|17.392|17.398|STRUCTURE_TYPE|1|26A055||
01/01/2025|54|2640074000000|18.509|18.544|STRUCTURE_TYPE|1|26A124||
01/01/2025|54|2640074000000|19.732|19.737|STRUCTURE_TYPE|1|26A057||
01/01/2025|54|2640074000000|22.535|22.561|STRUCTURE_TYPE|1|26A085||
01/01/2025|54|2640074020000|2.664|2.701|STRUCTURE_TYPE|1|26A058||
01/01/2025|54|2640088040000|0.411|0.416|STRUCTURE_TYPE|1|26A083||
01/01/2025|54|2640088250000|0.003|0.009|STRUCTURE_TYPE|1|26A086||
01/01/2025|54|2640089000000|2.625|2.665|STRUCTURE_TYPE|1|26A059||
01/01/2025|54|2640090010000|0.432|0.438|STRUCTURE_TYPE|1|26A060||
01/01/2025|54|2640098030000|0.066|0.077|STRUCTURE_TYPE|1|26A061||
01/01/2025|54|2640098040000|0.008|0.016|STRUCTURE_TYPE|1|26A062||
01/01/2025|54|2640250140000|2.01|2.027|STRUCTURE_TYPE|1|26A091||
01/01/2025|54|2640250930000|0.042|0.048|STRUCTURE_TYPE|1|26A064||
01/01/2025|54|2675256001900|0.096|0.103|STRUCTURE_TYPE|1|26A907||
01/01/2025|54|2700301000000|0.212|0.2329|STRUCTURE_TYPE|1|27A901||
01/01/2025|54|27200350000NB|2.709|2.81|STRUCTURE_TYPE|1|27A209||
01/01/2025|54|27200350000NB|4.836|4.908|STRUCTURE_TYPE|1|27A210||
01/01/2025|54|27200350000NB|8.701|8.768|STRUCTURE_TYPE|1|27A212||
01/01/2025|54|27200350000NB|10.246|10.25|STRUCTURE_TYPE|1|27A181||
01/01/2025|54|27200350000NB|10.982|11.04|STRUCTURE_TYPE|1|27A175||
01/01/2025|54|27200350000NB|12.055|12.117|STRUCTURE_TYPE|1|27A176||
01/01/2025|54|27200350000NB|12.433|12.481|STRUCTURE_TYPE|1|27A164||
01/01/2025|54|27200350000NB|14.65|14.729|STRUCTURE_TYPE|1|27A179||
01/01/2025|54|27200350000NB|15.81|15.831|STRUCTURE_TYPE|1|27A183||
01/01/2025|54|27200350000NB|17.885|17.928|STRUCTURE_TYPE|1|27A117||
01/01/2025|54|27200350000NB|18.101|18.46|STRUCTURE_TYPE|1|27A063||
01/01/2025|54|27200350000SB|2.709|2.81|STRUCTURE_TYPE|1|27A204||
01/01/2025|54|27200350000SB|4.837|4.909|STRUCTURE_TYPE|1|27A205||
01/01/2025|54|27200350000SB|8.701|8.768|STRUCTURE_TYPE|1|27A211||
01/01/2025|54|27200350000SB|10.977|11.035|STRUCTURE_TYPE|1|27A174||
01/01/2025|54|27200350000SB|12.051|12.113|STRUCTURE_TYPE|1|27A177||
01/01/2025|54|27200350000SB|12.434|12.482|STRUCTURE_TYPE|1|27A165||
01/01/2025|54|27200350000SB|14.645|14.724|STRUCTURE_TYPE|1|27A178||
01/01/2025|54|27200350000SB|15.806|15.827|STRUCTURE_TYPE|1|27A184||
01/01/2025|54|27200350000SB|17.517|17.593|STRUCTURE_TYPE|1|27A142||
01/01/2025|54|27200350023EB|0.573|0.59|STRUCTURE_TYPE|1|27A180||
01/01/2025|54|2730002000000|3.147|3.178|STRUCTURE_TYPE|1|27A002||
01/01/2025|54|2730002000000|4.795|4.823|STRUCTURE_TYPE|1|27A003||
01/01/2025|54|2730002000000|11.605|11.635|STRUCTURE_TYPE|1|27A150||
01/01/2025|54|2730002000000|18.868|18.909|STRUCTURE_TYPE|1|27A141||
01/01/2025|54|2730002000000|30.832|30.836|STRUCTURE_TYPE|1|27A193||
01/01/2025|54|27300020000SB|20.564|20.896|STRUCTURE_TYPE|1|27A146||
01/01/2025|54|2730062000000|0.0|0.026|STRUCTURE_TYPE|1|27A196||
01/01/2025|54|2730062000000|6.582|6.636|STRUCTURE_TYPE|1|27A079||
01/01/2025|54|2730062000000|8.723|8.758|STRUCTURE_TYPE|1|27A191||
01/01/2025|54|2730062000000|20.546|20.573|STRUCTURE_TYPE|1|27A182||
01/01/2025|54|2730062000000|23.522|23.555|STRUCTURE_TYPE|1|27A086||
01/01/2025|54|2730062000000|37.009|37.046|STRUCTURE_TYPE|1|27A052||
01/01/2025|54|2730062000000|43.599|43.606|STRUCTURE_TYPE|1|27A053||
01/01/2025|54|2730062000300|0.0|0.28|STRUCTURE_TYPE|1|27A171||
01/01/2025|54|2730062000300|0.28|0.3|STRUCTURE_TYPE|1|27A171||
01/01/2025|54|2730817000000|2.774|2.807|STRUCTURE_TYPE|1|27A186||
01/01/2025|54|2730817000000|4.557|4.572|STRUCTURE_TYPE|1|27A188||
01/01/2025|54|2730817000000|6.416|6.42|STRUCTURE_TYPE|1|27A133||
01/01/2025|54|2730817000000|9.036|9.042|STRUCTURE_TYPE|1|27A058||
01/01/2025|54|2730817000000|9.624|9.63|STRUCTURE_TYPE|1|27A059||
01/01/2025|54|2730817000000|12.927|12.939|STRUCTURE_TYPE|1|27A060||
01/01/2025|54|2730817000000|14.826|14.831|STRUCTURE_TYPE|1|27A061||
01/01/2025|54|2740001020000|0.993|1.002|STRUCTURE_TYPE|1|27A001||
01/01/2025|54|2740002070000|0.415|0.424|STRUCTURE_TYPE|1|27A008||
01/01/2025|54|2740004000000|1.013|1.019|STRUCTURE_TYPE|1|27A009||
01/01/2025|54|2740005200000|1.772|1.78|STRUCTURE_TYPE|1|27A159||
01/01/2025|54|2740005200000|1.841|1.849|STRUCTURE_TYPE|1|27A160||
01/01/2025|54|2740006000000|3.343|3.352|STRUCTURE_TYPE|1|27A012||
01/01/2025|54|2740006000000|4.109|4.114|STRUCTURE_TYPE|1|27A130||
01/01/2025|54|2740006000000|4.288|4.294|STRUCTURE_TYPE|1|27A013||
01/01/2025|54|2740006000000|4.522|4.531|STRUCTURE_TYPE|1|27A014||
01/01/2025|54|2740006000000|5.058|5.063|STRUCTURE_TYPE|1|27A122||
01/01/2025|54|2740007000000|1.041|1.049|STRUCTURE_TYPE|1|27A154||
01/01/2025|54|2740008000000|0.996|1.008|STRUCTURE_TYPE|1|27A016||
01/01/2025|54|2740008000000|3.462|3.471|STRUCTURE_TYPE|1|27A017||
01/01/2025|54|2740009030000|0.806|0.814|STRUCTURE_TYPE|1|27A149||
01/01/2025|54|2740009030000|1.08|1.088|STRUCTURE_TYPE|1|27A148||
01/01/2025|54|2740009030000|2.159|2.168|STRUCTURE_TYPE|1|27A106||
01/01/2025|54|2740009040000|0.712|0.723|STRUCTURE_TYPE|1|27A019||
01/01/2025|54|2740012000000|3.135|3.145|STRUCTURE_TYPE|1|27A189||
01/01/2025|54|2740012000000|10.353|10.364|STRUCTURE_TYPE|1|27A021||
01/01/2025|54|2740012070000|0.867|0.88|STRUCTURE_TYPE|1|27A022||
01/01/2025|54|2740012070000|1.624|1.628|STRUCTURE_TYPE|1|27A107||
01/01/2025|54|2740013000000|5.143|5.162|STRUCTURE_TYPE|1|27A135||
01/01/2025|54|2740015000000|6.583|6.609|STRUCTURE_TYPE|1|27A024||
01/01/2025|54|2740015050000|1.7|1.708|STRUCTURE_TYPE|1|27A025||
01/01/2025|54|2740016000000|0.286|0.302|STRUCTURE_TYPE|1|27A208||
01/01/2025|54|2740017090000|0.116|0.124|STRUCTURE_TYPE|1|27A028||
01/01/2025|54|2740018000000|0.663|0.674|STRUCTURE_TYPE|1|27A029||
01/01/2025|54|2740019000000|0.42|0.446|STRUCTURE_TYPE|1|27A109||
01/01/2025|54|2740022000000|2.718|2.727|STRUCTURE_TYPE|1|27A201||
01/01/2025|54|2740023000000|1.616|1.624|STRUCTURE_TYPE|1|27A032||
01/01/2025|54|2740027000000|7.922|7.93|STRUCTURE_TYPE|1|27A033||
01/01/2025|54|2740027000000|11.486|11.495|STRUCTURE_TYPE|1|27A034||
01/01/2025|54|2740027000000|11.807|11.815|STRUCTURE_TYPE|1|27A035||
01/01/2025|54|2740027000000|12.283|12.291|STRUCTURE_TYPE|1|27A036||
01/01/2025|54|2740027000000|12.732|12.74|STRUCTURE_TYPE|1|27A037||
01/01/2025|54|2740027000000|12.837|12.845|STRUCTURE_TYPE|1|27A038||
01/01/2025|54|2740027000000|13.023|13.032|STRUCTURE_TYPE|1|27A039||
01/01/2025|54|2740027080000|0.011|0.021|STRUCTURE_TYPE|1|27A040||
01/01/2025|54|2740029000000|0.311|0.315|STRUCTURE_TYPE|1|27A140||
01/01/2025|54|2740029000000|1.667|1.676|STRUCTURE_TYPE|1|27A041||
01/01/2025|54|2740029000000|1.905|1.913|STRUCTURE_TYPE|1|27A042||
01/01/2025|54|2740029000000|2.184|2.192|STRUCTURE_TYPE|1|27A043||
01/01/2025|54|2740029000000|2.683|2.691|STRUCTURE_TYPE|1|27A044||
01/01/2025|54|2740029000000|2.78|2.788|STRUCTURE_TYPE|1|27A045||
01/01/2025|54|2740029000000|5.718|5.725|STRUCTURE_TYPE|1|27A172||
01/01/2025|54|2740029000000|5.999|6.004|STRUCTURE_TYPE|1|27A047||
01/01/2025|54|2740029010000|0.039|0.049|STRUCTURE_TYPE|1|27A110||
01/01/2025|54|2740029130000|0.07|0.075|STRUCTURE_TYPE|1|27A129||
01/01/2025|54|2740031000000|1.139|1.171|STRUCTURE_TYPE|1|27A194||
01/01/2025|54|2740031000000|4.356|4.367|STRUCTURE_TYPE|1|27A049||
01/01/2025|54|2740031000000|5.511|5.516|STRUCTURE_TYPE|1|27A144||
01/01/2025|54|2740033030000|1.725|1.741|STRUCTURE_TYPE|1|27A143||
01/01/2025|54|2740034000000|2.343|2.352|STRUCTURE_TYPE|1|27A116||
01/01/2025|54|2740035050000|0.509|0.54|STRUCTURE_TYPE|1|27A170||
01/01/2025|54|2740035050000|0.54|0.543|STRUCTURE_TYPE|1|27A170||
01/01/2025|54|2740035100000|0.615|0.639|STRUCTURE_TYPE|1|27A138||
01/01/2025|54|2740035100000|5.197|5.21|STRUCTURE_TYPE|1|27A192||
01/01/2025|54|2740035100000|5.423|5.443|STRUCTURE_TYPE|1|27A198||
01/01/2025|54|2740035100000|8.785|8.795|STRUCTURE_TYPE|1|27A131||
01/01/2025|54|2740036000000|0.774|0.779|STRUCTURE_TYPE|1|27A147||
01/01/2025|54|2740036000000|8.188|8.194|STRUCTURE_TYPE|1|27A069||
01/01/2025|54|2740036000000|9.071|9.079|STRUCTURE_TYPE|1|27A185||
01/01/2025|54|2740037000000|1.862|1.89|STRUCTURE_TYPE|1|27A071||
01/01/2025|54|2740039000000|10.097|10.105|STRUCTURE_TYPE|1|27A072||
01/01/2025|54|2740040000000|6.367|6.375|STRUCTURE_TYPE|1|27A120||
01/01/2025|54|2740041000000|4.104|4.131|STRUCTURE_TYPE|1|27A197||
01/01/2025|54|2740041000000|5.905|5.915|STRUCTURE_TYPE|1|27A173||
01/01/2025|54|2740042000000|0.213|0.218|STRUCTURE_TYPE|1|27A132||
01/01/2025|54|2740045030000|2.327|2.339|STRUCTURE_TYPE|1|27A199||
01/01/2025|54|2740056000000|0.058|0.064|STRUCTURE_TYPE|1|27A075||
01/01/2025|54|2740056000000|0.895|0.903|STRUCTURE_TYPE|1|27A162||
01/01/2025|54|2740058000000|1.036|1.06|STRUCTURE_TYPE|1|27A195||
01/01/2025|54|2740058000000|4.003|4.013|STRUCTURE_TYPE|1|27A190||
01/01/2025|54|2740060000000|2.108|2.127|STRUCTURE_TYPE|1|27A078||
01/01/2025|54|2740064000000|0.227|0.245|STRUCTURE_TYPE|1|27A156||
01/01/2025|54|2740064000000|5.991|6.001|STRUCTURE_TYPE|1|27A157||
01/01/2025|54|2740064000000|6.71|6.721|STRUCTURE_TYPE|1|27A207||
01/01/2025|54|2740066000000|2.952|2.971|STRUCTURE_TYPE|1|27A187||
01/01/2025|54|2740070000000|1.233|1.241|STRUCTURE_TYPE|1|27A082||
01/01/2025|54|2740072000000|3.773|3.785|STRUCTURE_TYPE|1|27A200||
01/01/2025|54|2740072000000|4.641|4.646|STRUCTURE_TYPE|1|27A153||
01/01/2025|54|2740076000000|0.03|0.046|STRUCTURE_TYPE|1|27A161||
01/01/2025|54|2740078000000|2.369|2.379|STRUCTURE_TYPE|1|27A202||
01/01/2025|54|2740078000000|2.63|2.634|STRUCTURE_TYPE|1|27A065||
01/01/2025|54|2740078000000|6.479|6.491|STRUCTURE_TYPE|1|27A095||
01/01/2025|54|2740078040000|2.495|2.499|STRUCTURE_TYPE|1|27A055||
01/01/2025|54|2740078050000|0.004|0.012|STRUCTURE_TYPE|1|27A158||
01/01/2025|54|2740080000000|6.526|6.531|STRUCTURE_TYPE|1|27A152||
01/01/2025|54|2740080000000|6.985|7.004|STRUCTURE_TYPE|1|27A136||
01/01/2025|54|2740080000000|9.46|9.475|STRUCTURE_TYPE|1|27A099||
01/01/2025|54|2740086000000|4.201|4.21|STRUCTURE_TYPE|1|27A145||
01/01/2025|54|2800023010000|0.036|0.0678|STRUCTURE_TYPE|1|28A908||
01/01/2025|54|2800530000000|0.324|0.3323|STRUCTURE_TYPE|1|28A907||
01/01/2025|54|28100770000NB|2.959|3.047|STRUCTURE_TYPE|1|28A176||
01/01/2025|54|28100770000NB|5.082|5.118|STRUCTURE_TYPE|1|28A114||
01/01/2025|54|28100770000NB|6.94|6.987|STRUCTURE_TYPE|1|28A115||
01/01/2025|54|28100770000SB|2.96|3.053|STRUCTURE_TYPE|1|28A113||
01/01/2025|54|28100770000SB|5.079|5.117|STRUCTURE_TYPE|1|28A162||
01/01/2025|54|28100770000SB|6.95|6.997|STRUCTURE_TYPE|1|28A163||
01/01/2025|54|28100770016NB|10.881|10.913|STRUCTURE_TYPE|1|28A200||
01/01/2025|54|28100770016NB|13.7|13.733|STRUCTURE_TYPE|1|28A203||
01/01/2025|54|28100770016NB|13.79|13.833|STRUCTURE_TYPE|1|28A207||
01/01/2025|54|28100770016NB|16.91|16.934|STRUCTURE_TYPE|1|28A208||
01/01/2025|54|28100770016NB|17.492|17.778|STRUCTURE_TYPE|1|28A215||
01/01/2025|54|28100770016NB|19.667|19.719|STRUCTURE_TYPE|1|28A211||
01/01/2025|54|28100770016SB|10.881|10.913|STRUCTURE_TYPE|1|28A201||
01/01/2025|54|28100770016SB|13.7|13.733|STRUCTURE_TYPE|1|28A204||
01/01/2025|54|28100770016SB|13.762|13.818|STRUCTURE_TYPE|1|28A205||
01/01/2025|54|28100770016SB|16.911|16.935|STRUCTURE_TYPE|1|28A209||
01/01/2025|54|28100770016SB|17.549|17.803|STRUCTURE_TYPE|1|28A216||
01/01/2025|54|28100770016SB|19.66|19.717|STRUCTURE_TYPE|1|28A210||
01/01/2025|54|28100770017NB0013B|0.069|0.117|STRUCTURE_TYPE|1|28A206||
01/01/2025|54|28100770017SB0013C|0.22|0.268|STRUCTURE_TYPE|1|28A212||
01/01/2025|54|28200190000NB|5.403|5.53|STRUCTURE_TYPE|1|28A155||
01/01/2025|54|28200190000NB|8.638|8.645|STRUCTURE_TYPE|1|28A177||
01/01/2025|54|28200190000NB|10.609|10.617|STRUCTURE_TYPE|1|28A056||
01/01/2025|54|28200190000NB|14.515|14.52|STRUCTURE_TYPE|1|28A057||
01/01/2025|54|28200190000NB|17.696|17.727|STRUCTURE_TYPE|1|28A186||
01/01/2025|54|28200190000NB|20.501|20.533|STRUCTURE_TYPE|1|28A187||
01/01/2025|54|28200190000NB|21.576|21.613|STRUCTURE_TYPE|1|28A192||
01/01/2025|54|28200190000NB|21.953|21.968|STRUCTURE_TYPE|1|28A188||
01/01/2025|54|28200190000NB|24.923|24.934|STRUCTURE_TYPE|1|28A339||
01/01/2025|54|28200190000NB|28.415|28.442|STRUCTURE_TYPE|1|28A065||
01/01/2025|54|28200190000NB|31.542|31.59|STRUCTURE_TYPE|1|28A066||
01/01/2025|54|28200190000NB|35.355|35.412|STRUCTURE_TYPE|1|28A067||
01/01/2025|54|28200190000SB|5.395|5.518|STRUCTURE_TYPE|1|28A146||
01/01/2025|54|28200190000SB|19.819|19.825|STRUCTURE_TYPE|1|28A060||
01/01/2025|54|28200520000EB|2.107|2.114|STRUCTURE_TYPE|1|28A101||
01/01/2025|54|28200520000EB|3.544|3.632|STRUCTURE_TYPE|1|28A103||
01/01/2025|54|28200520000EB|8.582|8.587|STRUCTURE_TYPE|1|28A217||
01/01/2025|54|28200520000EB|10.627|10.805|STRUCTURE_TYPE|1|28A302||
01/01/2025|54|28200520000WB|2.608|2.613|STRUCTURE_TYPE|1|28A102||
01/01/2025|54|28200520000WB|16.633|16.643|STRUCTURE_TYPE|1|28A312||
01/01/2025|54|28200520000WB|16.644|16.67|STRUCTURE_TYPE|1|28A312||
01/01/2025|54|28200520000WB|18.603|18.644|STRUCTURE_TYPE|1|28A159||
01/01/2025|54|28204600000EB|11.844|11.851|STRUCTURE_TYPE|1|28A167||
01/01/2025|54|28204600000EB|13.472|13.504|STRUCTURE_TYPE|1|28A132||
01/01/2025|54|28204600000EB|15.577|15.625|STRUCTURE_TYPE|1|28A314||
01/01/2025|54|28204600000EB|21.695|21.785|STRUCTURE_TYPE|1|28A137||
01/01/2025|54|28204600000WB|13.476|13.508|STRUCTURE_TYPE|1|28A168||
01/01/2025|54|28204600000WB|21.701|21.791|STRUCTURE_TYPE|1|28A152||
01/01/2025|54|2830010000000|0.505|0.537|STRUCTURE_TYPE|1|28A193||
01/01/2025|54|2830010000000|6.762|6.773|STRUCTURE_TYPE|1|28A018||
01/01/2025|54|2830010000000|6.895|6.908|STRUCTURE_TYPE|1|28A019||
01/01/2025|54|2830010000000|7.588|7.642|STRUCTURE_TYPE|1|28A020||
01/01/2025|54|2830010000000|8.404|8.447|STRUCTURE_TYPE|1|28A021||
01/01/2025|54|2830020000000|19.197|19.204|STRUCTURE_TYPE|1|28A077||
01/01/2025|54|2830071000000|3.788|3.814|STRUCTURE_TYPE|1|28A310||
01/01/2025|54|2830071000000|3.931|3.963|STRUCTURE_TYPE|1|28A308||
01/01/2025|54|2830071000000|6.005|6.043|STRUCTURE_TYPE|1|28A110||
01/01/2025|54|2830071000000|6.395|6.409|STRUCTURE_TYPE|1|28A309||
01/01/2025|54|2830102000000|1.934|1.939|STRUCTURE_TYPE|1|28A119||
01/01/2025|54|2830104000000|1.954|1.972|STRUCTURE_TYPE|1|28A340||
01/01/2025|54|2830104000000|2.593|2.6|STRUCTURE_TYPE|1|28A144||
01/01/2025|54|2830104000000|2.669|2.675|STRUCTURE_TYPE|1|28A165||
01/01/2025|54|2830108000000|1.487|1.6135|STRUCTURE_TYPE|1|28A346||
01/01/2025|54|28301080000SB|0.17|0.2|STRUCTURE_TYPE|1|28A313||
01/01/2025|54|28301080000SB|0.2|0.207|STRUCTURE_TYPE|1|28A313||
01/01/2025|54|28301080000SB|0.722|0.744|STRUCTURE_TYPE|1|28A325||
01/01/2025|54|28301080000SB|0.744|0.745|STRUCTURE_TYPE|1|28A325||
01/01/2025|54|28301080000SB|0.745|0.903|STRUCTURE_TYPE|1|28A324||
01/01/2025|54|28301080000SB|0.903|0.964|STRUCTURE_TYPE|1|28A324||
01/01/2025|54|2830112000000|7.134|7.139|STRUCTURE_TYPE|1|28A166||
01/01/2025|54|2840002000000|4.795|4.804|STRUCTURE_TYPE|1|28A342||
01/01/2025|54|2840002000000|4.992|5.0|STRUCTURE_TYPE|1|28A197||
01/01/2025|54|2840002010000|0.23|0.2376|STRUCTURE_TYPE|1|28X001||
01/01/2025|54|2840002010000|0.232|0.2422|STRUCTURE_TYPE|1|28A344||
01/01/2025|54|2840002010000|0.546|0.551|STRUCTURE_TYPE|1|28A327||
01/01/2025|54|2840002020000|0.378|0.386|STRUCTURE_TYPE|1|28A196||
01/01/2025|54|2840003000000|0.437|0.469|STRUCTURE_TYPE|1|28A153||
01/01/2025|54|2840003000000|0.469|0.5|STRUCTURE_TYPE|1|28A006||
01/01/2025|54|2840003000000|2.451|2.47|STRUCTURE_TYPE|1|28A316||
01/01/2025|54|2840003000000|2.47|2.474|STRUCTURE_TYPE|1|28A316||
01/01/2025|54|2840003000000|4.015|4.026|STRUCTURE_TYPE|1|28A009||
01/01/2025|54|2840005010000|1.142|1.147|STRUCTURE_TYPE|1|28A010||
01/01/2025|54|2840007000000|3.214|3.222|STRUCTURE_TYPE|1|28A012||
01/01/2025|54|2840007040000|0.081|0.091|STRUCTURE_TYPE|1|28A015||
01/01/2025|54|2840009000000|1.304|1.309|STRUCTURE_TYPE|1|28A016||
01/01/2025|54|2840010090000|0.22|0.228|STRUCTURE_TYPE|1|28A154||
01/01/2025|54|2840010250000|0.006|0.014|STRUCTURE_TYPE|1|28A189||
01/01/2025|54|2840010270000|0.04|0.047|STRUCTURE_TYPE|1|28A315||
01/01/2025|54|2840010300000|0.009|0.017|STRUCTURE_TYPE|1|28A199||
01/01/2025|54|2840011000000|8.677|8.715|STRUCTURE_TYPE|1|28A028||
01/01/2025|54|2840011000000|10.384|10.392|STRUCTURE_TYPE|1|28A029||
01/01/2025|54|2840011000000|12.273|12.279|STRUCTURE_TYPE|1|28A300||
01/01/2025|54|2840011000000|12.858|12.866|STRUCTURE_TYPE|1|28A031||
01/01/2025|54|2840011000000|13.108|13.113|STRUCTURE_TYPE|1|28A032||
01/01/2025|54|2840011000000|18.255|18.262|STRUCTURE_TYPE|1|28A036||
01/01/2025|54|2840011060000|2.343|2.349|STRUCTURE_TYPE|1|28A037||
01/01/2025|54|2840011070000|0.019|0.024|STRUCTURE_TYPE|1|28A039||
01/01/2025|54|2840011100000|1.041|1.052|STRUCTURE_TYPE|1|28A040||
01/01/2025|54|2840012070000|0.11|0.118|STRUCTURE_TYPE|1|28A041||
01/01/2025|54|2840014000000|3.658|3.674|STRUCTURE_TYPE|1|28A334||
01/01/2025|54|2840015000000|1.279|1.291|STRUCTURE_TYPE|1|28A044||
01/01/2025|54|2840015000000|3.539|3.559|STRUCTURE_TYPE|1|28A045||
01/01/2025|54|2840015000000|4.666|4.689|STRUCTURE_TYPE|1|28A320||
01/01/2025|54|2840015040000|0.812|0.849|STRUCTURE_TYPE|1|28A332||
01/01/2025|54|2840016000000|2.515|2.531|STRUCTURE_TYPE|1|28A050||
01/01/2025|54|2840016000000|2.624|2.6365|STRUCTURE_TYPE|1|28A345||
01/01/2025|54|2840016000000|3.938|3.952|STRUCTURE_TYPE|1|28A052||
01/01/2025|54|2840016000000|4.43|4.443|STRUCTURE_TYPE|1|28A053||
01/01/2025|54|2840016250000|0.012|0.024|STRUCTURE_TYPE|1|28A303||
01/01/2025|54|2840019140000|1.227|1.233|STRUCTURE_TYPE|1|28A219||
01/01/2025|54|2840019150000|0.037|0.056|STRUCTURE_TYPE|1|28A198||
01/01/2025|54|2840019150000|1.028|1.047|STRUCTURE_TYPE|1|28A072||
01/01/2025|54|2840019190000|0.07|0.075|STRUCTURE_TYPE|1|28A073||
01/01/2025|54|2840019330000|1.958|1.963|STRUCTURE_TYPE|1|28A173||
01/01/2025|54|2840019330000|3.105|3.111|STRUCTURE_TYPE|1|28A306||
01/01/2025|54|2840019330000|4.358|4.366|STRUCTURE_TYPE|1|28A172||
01/01/2025|54|2840019370000|0.007|0.013|STRUCTURE_TYPE|1|28A143||
01/01/2025|54|2840019390000|0.722|0.731|STRUCTURE_TYPE|1|28A178||
01/01/2025|54|2840019450000|0.008|0.016|STRUCTURE_TYPE|1|28A158||
01/01/2025|54|2840019480000|0.047|0.057|STRUCTURE_TYPE|1|28A055||
01/01/2025|54|2840019490000|0.021|0.027|STRUCTURE_TYPE|1|28A319||
01/01/2025|54|2840019550000|0.059|0.069|STRUCTURE_TYPE|1|28A330||
01/01/2025|54|2840019660000|0.202|0.21|STRUCTURE_TYPE|1|28A329||
01/01/2025|54|2840020050000|0.041|0.066|STRUCTURE_TYPE|1|28A336||
01/01/2025|54|2840020060000|0.026|0.033|STRUCTURE_TYPE|1|28A080||
01/01/2025|54|2840020070000|0.023|0.029|STRUCTURE_TYPE|1|28A081||
01/01/2025|54|2840020090000|0.057|0.074|STRUCTURE_TYPE|1|28A082||
01/01/2025|54|2840020200000|0.465|0.48|STRUCTURE_TYPE|1|28A337||
01/01/2025|54|2840020200000|0.48|0.49|STRUCTURE_TYPE|1|28A337||
01/01/2025|54|2840022040000|3.432|3.44|STRUCTURE_TYPE|1|28A307||
01/01/2025|54|2840024010000|1.521|1.55|STRUCTURE_TYPE|1|28A085||
01/01/2025|54|2840024010000|1.56|1.6|STRUCTURE_TYPE|1|28A157||
01/01/2025|54|2840025000000|1.715|1.758|STRUCTURE_TYPE|1|28A086||
01/01/2025|54|2840026020000|0.246|0.252|STRUCTURE_TYPE|1|28A321||
01/01/2025|54|2840027000000|3.094|3.108|STRUCTURE_TYPE|1|28A087||
01/01/2025|54|2840027030000|0.015|0.03|STRUCTURE_TYPE|1|28A195||
01/01/2025|54|2840028000000|0.021|0.031|STRUCTURE_TYPE|1|28A089||
01/01/2025|54|2840028000000|0.78|0.787|STRUCTURE_TYPE|1|28A090||
01/01/2025|54|2840030000000|0.134|0.147|STRUCTURE_TYPE|1|28A091||
01/01/2025|54|2840030030000|1.102|1.114|STRUCTURE_TYPE|1|28A185||
01/01/2025|54|2840034010000|2.902|2.91|STRUCTURE_TYPE|1|28A093||
01/01/2025|54|2840035000000|0.494|0.5|STRUCTURE_TYPE|1|28A138||
01/01/2025|54|2840038010000|1.69|1.695|STRUCTURE_TYPE|1|28A304||
01/01/2025|54|2840038030000|0.018|0.027|STRUCTURE_TYPE|1|28A095||
01/01/2025|54|2840038050000|0.852|0.86|STRUCTURE_TYPE|1|28A326||
01/01/2025|54|2840038050000|3.975|3.987|STRUCTURE_TYPE|1|28A328||
01/01/2025|54|2840038050000|4.873|4.881|STRUCTURE_TYPE|1|28A098||
01/01/2025|54|2840038050000|5.216|5.222|STRUCTURE_TYPE|1|28A099||
01/01/2025|54|2840044100000|2.166|2.222|STRUCTURE_TYPE|1|28A100||
01/01/2025|54|2840052060000|0.12|0.143|STRUCTURE_TYPE|1|28A105||
01/01/2025|54|2840052060000|0.376|0.391|STRUCTURE_TYPE|1|28A106||
01/01/2025|54|2840052060000|0.704|0.716|STRUCTURE_TYPE|1|28A107||
01/01/2025|54|2840052370000|0.014|0.024|STRUCTURE_TYPE|1|28A194||
01/01/2025|54|2840071030000|0.469|0.475|STRUCTURE_TYPE|1|28A112||
01/01/2025|54|2840071040000|6.148|6.168|STRUCTURE_TYPE|1|28A338||
01/01/2025|54|2840071060000|0.04|0.05|STRUCTURE_TYPE|1|28A180||
01/01/2025|54|2840071130000|5.556|5.562|STRUCTURE_TYPE|1|28A171||
01/01/2025|54|2840082010000|0.713|0.72|STRUCTURE_TYPE|1|28A305||
01/01/2025|54|2840082020000|0.075|0.083|STRUCTURE_TYPE|1|28A317||
01/01/2025|54|2840082020000|0.134|0.142|STRUCTURE_TYPE|1|28A118||
01/01/2025|54|2840102010000|0.202|0.208|STRUCTURE_TYPE|1|28A335||
01/01/2025|54|2840104030000|0.075|0.081|STRUCTURE_TYPE|1|28A174||
01/01/2025|54|2840112010000|0.004|0.013|STRUCTURE_TYPE|1|28A322||
01/01/2025|54|2840112020000|0.004|0.012|STRUCTURE_TYPE|1|28A323||
01/01/2025|54|2840120000000|1.364|1.401|STRUCTURE_TYPE|1|28A074||
01/01/2025|54|2840120000000|2.422|2.444|STRUCTURE_TYPE|1|28A075||
01/01/2025|54|2840219030000|5.498|5.506|STRUCTURE_TYPE|1|28A125||
01/01/2025|54|2840219050000|0.065|0.071|STRUCTURE_TYPE|1|28A126||
01/01/2025|54|2840219060000|0.073|0.09|STRUCTURE_TYPE|1|28A127||
01/01/2025|54|2840219080000|4.771|4.783|STRUCTURE_TYPE|1|28A311||
01/01/2025|54|2840460060000|0.034|0.046|STRUCTURE_TYPE|1|28A139||
01/01/2025|54|2860801000000|0.246|0.259|STRUCTURE_TYPE|1|28A071||
01/01/2025|54|2860802000000|0.417|0.425|STRUCTURE_TYPE|1|28A070||
01/01/2025|54|2870502001900|1.908|1.971|STRUCTURE_TYPE|1|28A909||
01/01/2025|54|2880901210000|0.046|0.053|STRUCTURE_TYPE|1|28A341||
01/01/2025|54|2880902600000|0.105|0.112|STRUCTURE_TYPE|1|28A333||
01/01/2025|54|2880903270000|0.026|0.034|STRUCTURE_TYPE|1|28A331||
01/01/2025|54|2880903460000|0.047|0.053|STRUCTURE_TYPE|1|28A343||
01/01/2025|54|2880982000000|0.015|0.025|STRUCTURE_TYPE|1|28A318||
01/01/2025|54|2900509000000|0.004|0.0145|STRUCTURE_TYPE|1|29A900||
01/01/2025|54|29200500000EB|10.638|10.663|STRUCTURE_TYPE|1|29A047||
01/01/2025|54|29200500000EB|10.962|10.97|STRUCTURE_TYPE|1|29A082||
01/01/2025|54|29200500000EB|15.05|15.055|STRUCTURE_TYPE|1|29A049||
01/01/2025|54|29200500000EB|15.327|15.333|STRUCTURE_TYPE|1|29A050||
01/01/2025|54|29200500000EB|18.776|18.815|STRUCTURE_TYPE|1|29A052||
01/01/2025|54|29200500000WB|17.596|17.604|STRUCTURE_TYPE|1|29A091||
01/01/2025|54|29202200000NB|11.932|11.937|STRUCTURE_TYPE|1|29A074||
01/01/2025|54|29202200000NB|14.696|14.83|STRUCTURE_TYPE|1|29A081||
01/01/2025|54|29202200000NB|14.83|15.099|STRUCTURE_TYPE|1|29A081||
01/01/2025|54|29202200000SB|10.933|10.948|STRUCTURE_TYPE|1|29A006||
01/01/2025|54|2930028000000|3.004|3.01|STRUCTURE_TYPE|1|29A025||
01/01/2025|54|2930028000000|3.868|3.926|STRUCTURE_TYPE|1|29A026||
01/01/2025|54|2930028000000|13.535|13.55|STRUCTURE_TYPE|1|29A085||
01/01/2025|54|2930028000100|2.946|2.97|STRUCTURE_TYPE|1|29A084||
01/01/2025|54|2930042000000|10.847|10.85|STRUCTURE_TYPE|1|29A086||
01/01/2025|54|2930042000000|10.85|10.86|STRUCTURE_TYPE|1|29A086||
01/01/2025|54|2930046000000|1.85|1.858|STRUCTURE_TYPE|1|29A058||
01/01/2025|54|2930046000000|11.615|11.631|STRUCTURE_TYPE|1|29A035||
01/01/2025|54|2930046000000|12.282|12.329|STRUCTURE_TYPE|1|29A057||
01/01/2025|54|2930046000000|14.44|14.489|STRUCTURE_TYPE|1|29A087||
01/01/2025|54|2930046000000|19.349|19.369|STRUCTURE_TYPE|1|29A080||
01/01/2025|54|2930046000000|26.435|26.439|STRUCTURE_TYPE|1|29A039||
01/01/2025|54|2930046000000|28.291|28.333|STRUCTURE_TYPE|1|29A040||
01/01/2025|54|2930093000000|3.422|3.449|STRUCTURE_TYPE|1|29A054||
01/01/2025|54|2930956000000|4.154|4.18|STRUCTURE_TYPE|1|29A083||
01/01/2025|54|2940002000000|2.947|2.958|STRUCTURE_TYPE|1|29A001||
01/01/2025|54|2940002000000|4.175|4.189|STRUCTURE_TYPE|1|29A061||
01/01/2025|54|2940002020000|1.131|1.141|STRUCTURE_TYPE|1|29A003||
01/01/2025|54|2940005020000|0.533|0.545|STRUCTURE_TYPE|1|29A092||
01/01/2025|54|2940005020000|0.734|0.742|STRUCTURE_TYPE|1|29A005||
01/01/2025|54|2940009000000|4.09|4.097|STRUCTURE_TYPE|1|29A066||
01/01/2025|54|2940009010000|1.815|1.82|STRUCTURE_TYPE|1|29A069||
01/01/2025|54|2940009010000|1.86|1.864|STRUCTURE_TYPE|1|29A070||
01/01/2025|54|2940009020000|4.602|4.607|STRUCTURE_TYPE|1|29A008||
01/01/2025|54|2940009020000|4.963|4.968|STRUCTURE_TYPE|1|29A094||
01/01/2025|54|2940010000000|3.413|3.419|STRUCTURE_TYPE|1|29A010||
01/01/2025|54|2940010000000|5.374|5.396|STRUCTURE_TYPE|1|29A011||
01/01/2025|54|2940011000000|3.495|3.503|STRUCTURE_TYPE|1|29A089||
01/01/2025|54|2940011000000|5.742|5.749|STRUCTURE_TYPE|1|29A013||
01/01/2025|54|2940011000000|7.959|7.97|STRUCTURE_TYPE|1|29A095||
01/01/2025|54|2940011000000|13.629|13.636|STRUCTURE_TYPE|1|29A015||
01/01/2025|54|2940011000000|16.961|16.993|STRUCTURE_TYPE|1|29A016||
01/01/2025|54|2940013000000|5.833|5.891|STRUCTURE_TYPE|1|29A078||
01/01/2025|54|2940015000000|0.979|0.988|STRUCTURE_TYPE|1|29A064||
01/01/2025|54|2940015000000|4.958|4.963|STRUCTURE_TYPE|1|29A072||
01/01/2025|54|2940016000000|4.453|4.463|STRUCTURE_TYPE|1|29A093||
01/01/2025|54|2940016000000|5.346|5.398|STRUCTURE_TYPE|1|29A088||
01/01/2025|54|2940016000000|5.973|5.98|STRUCTURE_TYPE|1|29A022||
01/01/2025|54|2940028010000|1.332|1.357|STRUCTURE_TYPE|1|29A028||
01/01/2025|54|2940028030000|0.174|0.184|STRUCTURE_TYPE|1|29A076||
01/01/2025|54|2940028030000|2.402|2.408|STRUCTURE_TYPE|1|29A096||
01/01/2025|54|2940042030000|1.079|1.091|STRUCTURE_TYPE|1|29A063||
01/01/2025|54|2940042030000|1.867|1.879|STRUCTURE_TYPE|1|29A062||
01/01/2025|54|2940046050000|0.049|0.058|STRUCTURE_TYPE|1|29A060||
01/01/2025|54|2940046080000|0.037|0.042|STRUCTURE_TYPE|1|29A043||
01/01/2025|54|2940046090000|0.021|0.033|STRUCTURE_TYPE|1|29A044||
01/01/2025|54|2940046090000|2.005|2.01|STRUCTURE_TYPE|1|29A065||
01/01/2025|54|2940046140000|0.098|0.102|STRUCTURE_TYPE|1|29A046||
01/01/2025|54|2940046240000|0.013|0.018|STRUCTURE_TYPE|1|29A090||
01/01/2025|54|2940046250000|0.027|0.052|STRUCTURE_TYPE|1|29A071||
01/01/2025|54|2940050040000|3.365|3.373|STRUCTURE_TYPE|1|29A059||
01/01/2025|54|2940220030000|0.08|0.094|STRUCTURE_TYPE|1|29A075||
01/01/2025|54|3000567000000|0.072|0.1218|STRUCTURE_TYPE|1|30A273||
01/01/2025|54|3000803000000|0.003|0.009|STRUCTURE_TYPE|1|30A209||
01/01/2025|54|3000863000000|0.032|0.0667|STRUCTURE_TYPE|1|30A241||
01/01/2025|54|3001078000000|0.0||STRUCTURE_TYPE|1|30A278||
01/01/2025|54|30200520000EB|7.864|7.914|STRUCTURE_TYPE|1|30A111||
01/01/2025|54|30200520000EB|17.402|17.646|STRUCTURE_TYPE|1|30A188||
01/01/2025|54|30200520000EB|18.216|18.412|STRUCTURE_TYPE|1|30A187||
01/01/2025|54|30200520000EB|19.071|19.156|STRUCTURE_TYPE|1|30A197||
01/01/2025|54|30200520000EB|19.233|19.454|STRUCTURE_TYPE|1|30A196||
01/01/2025|54|30200520000EB|20.997|21.08|STRUCTURE_TYPE|1|30A066||
01/01/2025|54|30200520000EB|54.343|54.419|STRUCTURE_TYPE|1|30A190||
01/01/2025|54|30200520000EB|58.45|58.515|STRUCTURE_TYPE|1|30A181||
01/01/2025|54|30200520000WB|2.734|2.819|STRUCTURE_TYPE|1|30A110||
01/01/2025|54|30200520000WB|13.064|13.073|STRUCTURE_TYPE|1|30A176||
01/01/2025|54|30200520000WB|13.952|14.029|STRUCTURE_TYPE|1|30A175||
01/01/2025|54|30200520000WB|17.179|17.248|STRUCTURE_TYPE|1|30A189||
01/01/2025|54|30200520000WB|19.232|19.447|STRUCTURE_TYPE|1|30A282||
01/01/2025|54|30200520000WB|21.932|21.97|STRUCTURE_TYPE|1|30A162||
01/01/2025|54|30200520000WB|21.97|22.182|STRUCTURE_TYPE|1|30A162||
01/01/2025|54|30200520000WB|29.207|29.232|STRUCTURE_TYPE|1|30A216||
01/01/2025|54|30200520000WB|50.507|50.517|STRUCTURE_TYPE|1|30A072||
01/01/2025|54|30201190000NB|7.606|7.699|STRUCTURE_TYPE|1|30A126||
01/01/2025|54|30201190000NB|11.706|11.753|STRUCTURE_TYPE|1|30A128||
01/01/2025|54|30201190000NB|12.778|12.809|STRUCTURE_TYPE|1|30A130||
01/01/2025|54|30201190000NB|14.278|14.299|STRUCTURE_TYPE|1|30A132||
01/01/2025|54|30201190000NB|16.032|16.039|STRUCTURE_TYPE|1|30A205||
01/01/2025|54|30201190000SB|0.001|0.07|STRUCTURE_TYPE|1|30A183||
01/01/2025|54|30201190000SB|11.689|11.736|STRUCTURE_TYPE|1|30A129||
01/01/2025|54|30201190000SB|20.665|20.77|STRUCTURE_TYPE|1|30A134||
01/01/2025|54|30201190001NB|0.043|0.1|STRUCTURE_TYPE|1|30A279||
01/01/2025|54|30201190023EB|0.012|0.068|STRUCTURE_TYPE|1|30A109||
01/01/2025|54|3030049000000|0.0|0.061|STRUCTURE_TYPE|1|30A056||
01/01/2025|54|3030049000000|1.663|1.677|STRUCTURE_TYPE|1|30A258||
01/01/2025|54|3030049000000|2.876|2.882|STRUCTURE_TYPE|1|30A058||
01/01/2025|54|3030049000000|6.872|6.91|STRUCTURE_TYPE|1|30A186||
01/01/2025|54|3030065000000|0.837|0.851|STRUCTURE_TYPE|1|30A041||
01/01/2025|54|3030065000000|1.494|1.507|STRUCTURE_TYPE|1|30A201||
01/01/2025|54|3030065000000|4.807|4.8218|STRUCTURE_TYPE|1|30A184||
01/01/2025|54|3030065000000|13.107|13.116|STRUCTURE_TYPE|1|30A195||
01/01/2025|54|3030065000000|15.178|15.184|STRUCTURE_TYPE|1|30A123||
01/01/2025|54|3030065000000|16.128|16.14|STRUCTURE_TYPE|1|30A084||
01/01/2025|54|3030065000000|19.801|19.828|STRUCTURE_TYPE|1|30A082||
01/01/2025|54|3030080000000|6.79|6.836|STRUCTURE_TYPE|1|30A199||
01/01/2025|54|3030080000000|7.478|7.483|STRUCTURE_TYPE|1|30A158||
01/01/2025|54|30300800000SB|10.926|10.9863|STRUCTURE_TYPE|1|30A240||
01/01/2025|54|3040001000000|2.591|2.596|STRUCTURE_TYPE|1|30A274||
01/01/2025|54|3040001000000|3.101|3.108|STRUCTURE_TYPE|1|30A287||
01/01/2025|54|3040001040000|1.865|1.873|STRUCTURE_TYPE|1|30A285||
01/01/2025|54|3040001060000|0.013|0.019|STRUCTURE_TYPE|1|30A259||
01/01/2025|54|3040002000000|1.608|1.613|STRUCTURE_TYPE|1|30A144||
01/01/2025|54|3040002000000|4.378|4.385|STRUCTURE_TYPE|1|30A147||
01/01/2025|54|3040002000000|9.684|9.689|STRUCTURE_TYPE|1|30A218||
01/01/2025|54|3040002020000|4.362|4.373|STRUCTURE_TYPE|1|30A003||
01/01/2025|54|3040002020000|4.436|4.45|STRUCTURE_TYPE|1|30A004||
01/01/2025|54|3040002040000|0.014|0.022|STRUCTURE_TYPE|1|30A217||
01/01/2025|54|3040002070000|0.014|0.027|STRUCTURE_TYPE|1|30A252||
01/01/2025|54|3040003000000|2.167|2.173|STRUCTURE_TYPE|1|30A005||
01/01/2025|54|3040003010000|2.242|2.248|STRUCTURE_TYPE|1|30A156||
01/01/2025|54|3040003020000|0.3|0.309|STRUCTURE_TYPE|1|30A269||
01/01/2025|54|3040003020000|1.191|1.196|STRUCTURE_TYPE|1|30A177||
01/01/2025|54|3040003020000|1.506|1.512|STRUCTURE_TYPE|1|30A010||
01/01/2025|54|3040003050000|1.603|1.617|STRUCTURE_TYPE|1|30A182||
01/01/2025|54|3040003050000|2.577|2.591|STRUCTURE_TYPE|1|30A012||
01/01/2025|54|3040003050000|2.684|2.711|STRUCTURE_TYPE|1|30A294||
01/01/2025|54|3040003050000|2.988|3.006|STRUCTURE_TYPE|1|30A267||
01/01/2025|54|3040003050000|13.616|13.637|STRUCTURE_TYPE|1|30A298||
01/01/2025|54|3040003050000|14.6|14.617|STRUCTURE_TYPE|1|30A290||
01/01/2025|54|3040003050000|14.714|14.735|STRUCTURE_TYPE|1|30A291||
01/01/2025|54|3040003050000|16.189|16.209|STRUCTURE_TYPE|1|30A288||
01/01/2025|54|3040003050000|16.529|16.546|STRUCTURE_TYPE|1|30A297||
01/01/2025|54|3040003050000|17.213|17.232|STRUCTURE_TYPE|1|30A021||
01/01/2025|54|3040003050000|17.356|17.382|STRUCTURE_TYPE|1|30A264||
01/01/2025|54|3040003050000|18.177|18.192|STRUCTURE_TYPE|1|30A023||
01/01/2025|54|3040003050000|18.398|18.418|STRUCTURE_TYPE|1|30A225||
01/01/2025|54|3040003050000|18.938|18.958|STRUCTURE_TYPE|1|30A227||
01/01/2025|54|3040003050000|19.083|19.103|STRUCTURE_TYPE|1|30A224||
01/01/2025|54|3040003050000|19.75|19.779|STRUCTURE_TYPE|1|30A268||
01/01/2025|54|3040003050000|20.053|20.082|STRUCTURE_TYPE|1|30A239||
01/01/2025|54|3040003050000|20.226|20.253|STRUCTURE_TYPE|1|30A255||
01/01/2025|54|3040003050000|20.458|20.478|STRUCTURE_TYPE|1|30A296||
01/01/2025|54|3040003050000|21.354|21.378|STRUCTURE_TYPE|1|30A235||
01/01/2025|54|3040003050000|21.533|21.553|STRUCTURE_TYPE|1|30A270||
01/01/2025|54|3040003090000|0.026|0.035|STRUCTURE_TYPE|1|30A295||
01/01/2025|54|3040003120000|4.134|4.142|STRUCTURE_TYPE|1|30A200||
01/01/2025|54|3040006000000|0.242|0.253|STRUCTURE_TYPE|1|30A265||
01/01/2025|54|3040006000000|0.522|0.533|STRUCTURE_TYPE|1|30A281||
01/01/2025|54|3040006000000|2.876|2.884|STRUCTURE_TYPE|1|30A036||
01/01/2025|54|3040006070000|0.003|0.012|STRUCTURE_TYPE|1|30A154||
01/01/2025|54|3040007050000|0.945|0.951|STRUCTURE_TYPE|1|30A257||
01/01/2025|54|3040007060000|0.019|0.043|STRUCTURE_TYPE|1|30A033||
01/01/2025|54|3040008000000|8.335|8.344|STRUCTURE_TYPE|1|30A038||
01/01/2025|54|3040008010000|1.584|1.593|STRUCTURE_TYPE|1|30A040||
01/01/2025|54|3040008030000|0.039|0.049|STRUCTURE_TYPE|1|30A116||
01/01/2025|54|3040008090000|0.005|0.009|STRUCTURE_TYPE|1|30A293||
01/01/2025|54|3040009110000|0.035|0.047|STRUCTURE_TYPE|1|30A275||
01/01/2025|54|3040009120000|0.005|0.015|STRUCTURE_TYPE|1|30A292||
01/01/2025|54|3040009210000|0.083|0.097|STRUCTURE_TYPE|1|30A178||
01/01/2025|54|3040010000000|4.696|4.705|STRUCTURE_TYPE|1|30A046||
01/01/2025|54|3040010000000|5.791|5.8|STRUCTURE_TYPE|1|30A047||
01/01/2025|54|3040010000000|5.888|5.895|STRUCTURE_TYPE|1|30A048||
01/01/2025|54|3040010000000|7.761|7.779|STRUCTURE_TYPE|1|30A049||
01/01/2025|54|3040010010000|0.008|0.021|STRUCTURE_TYPE|1|30A050||
01/01/2025|54|3040010010000|0.422|0.433|STRUCTURE_TYPE|1|30A180||
01/01/2025|54|3040010030000|0.708|0.716|STRUCTURE_TYPE|1|30A136||
01/01/2025|54|3040010042400|0.051|0.0593|STRUCTURE_TYPE|1|30A237||
01/01/2025|54|3040013000000|0.003|0.017|STRUCTURE_TYPE|1|30A053||
01/01/2025|54|3040013000000|1.941|1.946|STRUCTURE_TYPE|1|30A173||
01/01/2025|54|3040013020000|0.018|0.027|STRUCTURE_TYPE|1|30A118||
01/01/2025|54|3040013090000|0.003|0.009|STRUCTURE_TYPE|1|30A202||
01/01/2025|54|3040014000000|0.383|0.4|STRUCTURE_TYPE|1|30A113||
01/01/2025|54|3040014020000|0.008|0.015|STRUCTURE_TYPE|1|30A163||
01/01/2025|54|3040014030000|0.007|0.014|STRUCTURE_TYPE|1|30A138||
01/01/2025|54|3040014050000|0.091|0.097|STRUCTURE_TYPE|1|30A250||
01/01/2025|54|3040014070000|0.004|0.01|STRUCTURE_TYPE|1|30A159||
01/01/2025|54|3040014120000|0.077|0.085|STRUCTURE_TYPE|1|30A251||
01/01/2025|54|3040015000000|1.62|1.632|STRUCTURE_TYPE|1|30A065||
01/01/2025|54|3040049010000|4.1|4.112|STRUCTURE_TYPE|1|30A266||
01/01/2025|54|3040049020000|1.578|1.583|STRUCTURE_TYPE|1|30A248||
01/01/2025|54|3040049100000|0.009|0.082|STRUCTURE_TYPE|1|30A107||
01/01/2025|54|3040052020000|0.285|0.294|STRUCTURE_TYPE|1|30A076||
01/01/2025|54|3040052040000|0.005|0.047|STRUCTURE_TYPE|1|30A215||
01/01/2025|54|3040052240000|0.01|0.018|STRUCTURE_TYPE|1|30A079||
01/01/2025|54|3040052250000|0.005|0.013|STRUCTURE_TYPE|1|30A080||
01/01/2025|54|3040052260000|0.01|0.016|STRUCTURE_TYPE|1|30A081||
01/01/2025|54|3040052350000|0.066|0.072|STRUCTURE_TYPE|1|30A148||
01/01/2025|54|3040052380000|0.006|0.012|STRUCTURE_TYPE|1|30A143||
01/01/2025|54|3040052410000|0.105|0.15|STRUCTURE_TYPE|1|30A277||
01/01/2025|54|3040052490000|0.175|0.183|STRUCTURE_TYPE|1|30A114||
01/01/2025|54|3040052650000|0.054|0.063|STRUCTURE_TYPE|1|30A242||
01/01/2025|54|3040052760000|0.005|0.011|STRUCTURE_TYPE|1|30A272||
01/01/2025|54|3040065030000|0.017|0.043|STRUCTURE_TYPE|1|30A085||
01/01/2025|54|3040065030000|3.744|3.755|STRUCTURE_TYPE|1|30A204||
01/01/2025|54|3040065040000|0.007|0.013|STRUCTURE_TYPE|1|30A092||
01/01/2025|54|3040065050000|0.037|0.06|STRUCTURE_TYPE|1|30A262||
01/01/2025|54|3040065050000|0.229|0.239|STRUCTURE_TYPE|1|30A276||
01/01/2025|54|3040065050000|1.051|1.072|STRUCTURE_TYPE|1|30A263||
01/01/2025|54|3040065050000|1.498|1.51|STRUCTURE_TYPE|1|30A249||
01/01/2025|54|3040065050000|7.109|7.117|STRUCTURE_TYPE|1|30A091||
01/01/2025|54|3040065070000|0.007|0.022|STRUCTURE_TYPE|1|30A093||
01/01/2025|54|3040065120000|0.01|0.023|STRUCTURE_TYPE|1|30A094||
01/01/2025|54|3040065120000|0.464|0.475|STRUCTURE_TYPE|1|30A151||
01/01/2025|54|3040065150000|0.007|0.012|STRUCTURE_TYPE|1|30A095||
01/01/2025|54|3040065160000|0.072|0.0914|STRUCTURE_TYPE|1|30A300||
01/01/2025|54|3040065280000|0.196|0.207|STRUCTURE_TYPE|1|30A150||
01/01/2025|54|3040065340000|0.006|0.02|STRUCTURE_TYPE|1|30A172||
01/01/2025|54|3040065370000|0.007|0.021|STRUCTURE_TYPE|1|30A106||
01/01/2025|54|3040065560000|0.006|0.02|STRUCTURE_TYPE|1|30A167||
01/01/2025|54|3040065600000|0.007|0.02|STRUCTURE_TYPE|1|30A179||
01/01/2025|54|3040065700000|0.005|0.011|STRUCTURE_TYPE|1|30A208||
01/01/2025|54|3040065720000|0.012|0.023|STRUCTURE_TYPE|1|30A226||
01/01/2025|54|3040065730000|0.004|0.025|STRUCTURE_TYPE|1|30A286||
01/01/2025|54|3040065760000|0.016|0.042|STRUCTURE_TYPE|1|30A280||
01/01/2025|54|3040065830000|0.182|0.213|STRUCTURE_TYPE|1|30A283||
01/01/2025|54|3040252070000|0.002|0.008|STRUCTURE_TYPE|1|30A271||
01/01/2025|54|3040252080000|0.06|0.071|STRUCTURE_TYPE|1|30A206||
01/01/2025|54|3040252120000|0.035|0.051|STRUCTURE_TYPE|1|30A211||
01/01/2025|54|3040252120000|0.409|0.449|STRUCTURE_TYPE|1|30A234||
01/01/2025|54|3040252130000|0.003|0.012|STRUCTURE_TYPE|1|30A238||
01/01/2025|54|3040252180000|0.013|0.022|STRUCTURE_TYPE|1|30A207||
01/01/2025|54|3040252180000|0.102|0.107|STRUCTURE_TYPE|1|30A247||
01/01/2025|54|3040252570000|7.155|7.16|STRUCTURE_TYPE|1|30A254||
01/01/2025|54|3080920000000|0.005|0.01|STRUCTURE_TYPE|1|30A214||
01/01/2025|54|3080924000000|0.096|0.102|STRUCTURE_TYPE|1|30A228||
01/01/2025|54|3080925000000|0.09|0.095|STRUCTURE_TYPE|1|30A284||
01/01/2025|54|3080930000000|0.005|0.014|STRUCTURE_TYPE|1|30A256||
01/01/2025|54|3080932000000|0.002|0.013|STRUCTURE_TYPE|1|30A229||
01/01/2025|54|3100593000000|0.072|0.0799|STRUCTURE_TYPE|1|31A285||
01/01/2025|54|31100680000EB|2.144|2.148|STRUCTURE_TYPE|1|31A120||
01/01/2025|54|31100680000EB|3.268|3.295|STRUCTURE_TYPE|1|31A138||
01/01/2025|54|31100680000EB|4.25|4.384|STRUCTURE_TYPE|1|31A140||
01/01/2025|54|31100680000EB|5.827|5.855|STRUCTURE_TYPE|1|31A142||
01/01/2025|54|31100680000EB|9.459|9.78|STRUCTURE_TYPE|1|31A148||
01/01/2025|54|31100680000EB|9.78|9.831|STRUCTURE_TYPE|1|31A148||
01/01/2025|54|31100680000EB|10.334|10.368|STRUCTURE_TYPE|1|31A126||
01/01/2025|54|31100680000WB|3.268|3.295|STRUCTURE_TYPE|1|31A121||
01/01/2025|54|31100680000WB|4.242|4.381|STRUCTURE_TYPE|1|31A122||
01/01/2025|54|31100680000WB|5.827|5.852|STRUCTURE_TYPE|1|31A123||
01/01/2025|54|31100680000WB|10.335|10.369|STRUCTURE_TYPE|1|31A127||
01/01/2025|54|31100680005SB|0.463|0.469|STRUCTURE_TYPE|1|31A119||
01/01/2025|54|31100680005SB|0.552|0.635|STRUCTURE_TYPE|1|31A118||
01/01/2025|54|31100790000NB|142.378|142.472|STRUCTURE_TYPE|1|31A159||
01/01/2025|54|31100790000NB|143.777|143.791|STRUCTURE_TYPE|1|31A334||
01/01/2025|54|31100790000NB|148.766|148.803|STRUCTURE_TYPE|1|31A167||
01/01/2025|54|31100790000NB|149.236|149.26|STRUCTURE_TYPE|1|31A169||
01/01/2025|54|31100790000NB|149.336|149.629|STRUCTURE_TYPE|1|31A170||
01/01/2025|54|31100790000NB|150.357|150.362|STRUCTURE_TYPE|1|31A171||
01/01/2025|54|31100790000NB|152.476|152.53|STRUCTURE_TYPE|1|31A215||
01/01/2025|54|31100790000NB|152.53|152.564|STRUCTURE_TYPE|1|31A215||
01/01/2025|54|31100790000NB|153.84|153.844|STRUCTURE_TYPE|1|31A173||
01/01/2025|54|31100790000NB|154.817|154.852|STRUCTURE_TYPE|1|31A219||
01/01/2025|54|31100790000NB|155.925|156.002|STRUCTURE_TYPE|1|31A221||
01/01/2025|54|31100790000NB|158.21|158.246|STRUCTURE_TYPE|1|31A223||
01/01/2025|54|31100790000SB|142.376|142.47|STRUCTURE_TYPE|1|31A160||
01/01/2025|54|31100790000SB|148.769|148.806|STRUCTURE_TYPE|1|31A168||
01/01/2025|54|31100790000SB|152.469|152.557|STRUCTURE_TYPE|1|31A172||
01/01/2025|54|31100790000SB|154.819|154.854|STRUCTURE_TYPE|1|31A174||
01/01/2025|54|31100790000SB|155.931|156.01|STRUCTURE_TYPE|1|31A175||
01/01/2025|54|31100790000SB|158.19|158.226|STRUCTURE_TYPE|1|31A176||
01/01/2025|54|31100790017NB0152B|0.014|0.059|STRUCTURE_TYPE|1|31A049||
01/01/2025|54|31200190000NB|0.674|0.688|STRUCTURE_TYPE|1|31A332||
01/01/2025|54|31200190000NB|3.691|3.695|STRUCTURE_TYPE|1|31A067||
01/01/2025|54|31200190000NB|6.77|6.779|STRUCTURE_TYPE|1|31A048||
01/01/2025|54|31200190000NB|9.125|9.135|STRUCTURE_TYPE|1|31A050||
01/01/2025|54|31200190000NB|15.9|15.906|STRUCTURE_TYPE|1|31A059||
01/01/2025|54|31200190000NB|20.587|20.594|STRUCTURE_TYPE|1|31A061||
01/01/2025|54|31200190000NB|20.949|20.955|STRUCTURE_TYPE|1|31A062||
01/01/2025|54|31200190000SB|11.056|11.08|STRUCTURE_TYPE|1|31A051||
01/01/2025|54|31200190000SB|11.08|11.199|STRUCTURE_TYPE|1|31A051||
01/01/2025|54|31200190000SB|14.207|14.25|STRUCTURE_TYPE|1|31A286||
01/01/2025|54|31200190000SB|14.25|14.399|STRUCTURE_TYPE|1|31A286||
01/01/2025|54|31200190000SB|14.946|15.018|STRUCTURE_TYPE|1|31A304||
01/01/2025|54|31201190000NB|12.461|12.497|STRUCTURE_TYPE|1|31A196||
01/01/2025|54|31201190000SB|10.242|10.302|STRUCTURE_TYPE|1|31A195||
01/01/2025|54|31201190000SB|13.798|13.853|STRUCTURE_TYPE|1|31A197||
01/01/2025|54|31201190000SB|17.328|17.334|STRUCTURE_TYPE|1|31A331||
01/01/2025|54|3130007000000|3.559|3.564|STRUCTURE_TYPE|1|31A001||
01/01/2025|54|3130007000000|7.568|7.594|STRUCTURE_TYPE|1|31A311||
01/01/2025|54|3130007000000|10.3|10.309|STRUCTURE_TYPE|1|31A004||
01/01/2025|54|3130007000000|13.069|13.147|STRUCTURE_TYPE|1|31A005||
01/01/2025|54|3130007000000|13.45|13.464|STRUCTURE_TYPE|1|31A279||
01/01/2025|54|3130007000000|13.75|13.78|STRUCTURE_TYPE|1|31A007||
01/01/2025|54|3130007000000|14.544|14.548|STRUCTURE_TYPE|1|31A021||
01/01/2025|54|3130007000000|16.03|16.082|STRUCTURE_TYPE|1|31A008||
01/01/2025|54|3130007000000|16.881|16.936|STRUCTURE_TYPE|1|31A009||
01/01/2025|54|3130007000000|19.04|19.059|STRUCTURE_TYPE|1|31A305||
01/01/2025|54|3130007000000|20.436|20.459|STRUCTURE_TYPE|1|31A325||
01/01/2025|54|3130007000000|21.95|21.959|STRUCTURE_TYPE|1|31A275||
01/01/2025|54|3130007000000|22.132|22.147|STRUCTURE_TYPE|1|31A310||
01/01/2025|54|3130007000000|26.008|26.021|STRUCTURE_TYPE|1|31A328||
01/01/2025|54|3130007000000|27.708|27.713|STRUCTURE_TYPE|1|31A015||
01/01/2025|54|3130007000000|33.14|33.245|STRUCTURE_TYPE|1|31A017||
01/01/2025|54|3130007000000|34.092|34.119|STRUCTURE_TYPE|1|31A018||
01/01/2025|54|3130007000000|35.55|35.558|STRUCTURE_TYPE|1|31A295||
01/01/2025|54|3130007000000|36.664|36.677|STRUCTURE_TYPE|1|31A022||
01/01/2025|54|3130007000000|38.642|38.652|STRUCTURE_TYPE|1|31A020||
01/01/2025|54|31300070007WB|0.018|0.11|STRUCTURE_TYPE|1|31A016||
01/01/2025|54|31300070007WB|0.11|0.113|STRUCTURE_TYPE|1|31A016||
01/01/2025|54|3130043000000|0.414|0.47|STRUCTURE_TYPE|1|31A312||
01/01/2025|54|3130043000000|0.751|0.811|STRUCTURE_TYPE|1|31A314||
01/01/2025|54|3130043000000|1.289|1.316|STRUCTURE_TYPE|1|31A316||
01/01/2025|54|3130043000000|2.555|2.817|STRUCTURE_TYPE|1|31A318||
01/01/2025|54|3130043000000|3.733|4.006|STRUCTURE_TYPE|1|31A320||
01/01/2025|54|31300430000SB|0.225|0.281|STRUCTURE_TYPE|1|31A313||
01/01/2025|54|31300430000SB|0.611|0.671|STRUCTURE_TYPE|1|31A315||
01/01/2025|54|31300430000SB|1.168|1.195|STRUCTURE_TYPE|1|31A317||
01/01/2025|54|31300430000SB|2.495|2.757|STRUCTURE_TYPE|1|31A319||
01/01/2025|54|31300430000SB|3.735|3.995|STRUCTURE_TYPE|1|31A321||
01/01/2025|54|3130100000000|0.963|0.987|STRUCTURE_TYPE|1|31A189||
01/01/2025|54|3130100000000|2.399|2.416|STRUCTURE_TYPE|1|31A271||
01/01/2025|54|3130100000000|3.977|3.984|STRUCTURE_TYPE|1|31A288||
01/01/2025|54|3130100000000|4.268|4.274|STRUCTURE_TYPE|1|31A289||
01/01/2025|54|3130100000000|4.364|4.376|STRUCTURE_TYPE|1|31A192||
01/01/2025|54|3130100000000|4.858|4.863|STRUCTURE_TYPE|1|31A193||
01/01/2025|54|3130100000000|5.315|5.324|STRUCTURE_TYPE|1|31A194||
01/01/2025|54|3130218000000|4.709|4.719|STRUCTURE_TYPE|1|31A201||
01/01/2025|54|3140007090000|2.085|2.09|STRUCTURE_TYPE|1|31A025||
01/01/2025|54|3140007130000|0.714|0.722|STRUCTURE_TYPE|1|31A026||
01/01/2025|54|3140007180000|1.374|1.381|STRUCTURE_TYPE|1|31A274||
01/01/2025|54|3140007240000|0.006|0.014|STRUCTURE_TYPE|1|31A029||
01/01/2025|54|3140007400000|0.196|0.201|STRUCTURE_TYPE|1|31A267||
01/01/2025|54|3140007520000|0.045|0.053|STRUCTURE_TYPE|1|31A269||
01/01/2025|54|3140007700000|0.425|0.483|STRUCTURE_TYPE|1|31A907||
01/01/2025|54|3140008000000|3.943|3.948|STRUCTURE_TYPE|1|31A030||
01/01/2025|54|3140009000000|2.003|2.007|STRUCTURE_TYPE|1|31A265||
01/01/2025|54|3140009000000|4.67|4.679|STRUCTURE_TYPE|1|31A031||
01/01/2025|54|3140009000000|5.699|5.71|STRUCTURE_TYPE|1|31A032||
01/01/2025|54|3140011000000|0.058|0.068|STRUCTURE_TYPE|1|31A330||
01/01/2025|54|3140011000000|0.283|0.29|STRUCTURE_TYPE|1|31A035||
01/01/2025|54|3140011000000|2.663|2.67|STRUCTURE_TYPE|1|31A038||
01/01/2025|54|3140011010000|2.016|2.023|STRUCTURE_TYPE|1|31A284||
01/01/2025|54|3140014000000|0.011|0.034|STRUCTURE_TYPE|1|31A283||
01/01/2025|54|3140015000000|6.262|6.274|STRUCTURE_TYPE|1|31A327||
01/01/2025|54|3140015010000|1.904|1.912|STRUCTURE_TYPE|1|31A042||
01/01/2025|54|3140015080000|0.022|0.028|STRUCTURE_TYPE|1|31A296||
01/01/2025|54|3140016030000|0.053|0.06|STRUCTURE_TYPE|1|31A216||
01/01/2025|54|3140017010000|2.342|2.347|STRUCTURE_TYPE|1|31A045||
01/01/2025|54|3140017050000|0.011|0.019|STRUCTURE_TYPE|1|31A044||
01/01/2025|54|3140017060000|0.021|0.03|STRUCTURE_TYPE|1|31A046||
01/01/2025|54|3140019040000|0.17|0.176|STRUCTURE_TYPE|1|31A063||
01/01/2025|54|3140019180000|0.134|0.14|STRUCTURE_TYPE|1|31A064||
01/01/2025|54|3140019250000|0.0|0.0112|STRUCTURE_TYPE|1|31A337||
01/01/2025|54|3140019250000|0.0|0.014|STRUCTURE_TYPE|1|31A338||
01/01/2025|54|3140019260000|0.012|0.023|STRUCTURE_TYPE|1|31A070||
01/01/2025|54|3140019400000|0.011|0.02|STRUCTURE_TYPE|1|31A303||
01/01/2025|54|3140020000000|0.082|0.091|STRUCTURE_TYPE|1|31A071||
01/01/2025|54|3140020000000|1.93|1.938|STRUCTURE_TYPE|1|31A072||
01/01/2025|54|3140025000000|0.549|0.561|STRUCTURE_TYPE|1|31A076||
01/01/2025|54|3140025000000|1.362|1.37|STRUCTURE_TYPE|1|31A077||
01/01/2025|54|3140025030000|2.207|2.214|STRUCTURE_TYPE|1|31A078||
01/01/2025|54|3140026000000|1.485|1.49|STRUCTURE_TYPE|1|31A297||
01/01/2025|54|3140027000000|3.602|3.609|STRUCTURE_TYPE|1|31A081||
01/01/2025|54|3140029000000|5.363|5.371|STRUCTURE_TYPE|1|31A273||
01/01/2025|54|3140029030000|0.0|0.0083|STRUCTURE_TYPE|1|31A336||
01/01/2025|54|3140029050000|0.045|0.053|STRUCTURE_TYPE|1|31A084||
01/01/2025|54|3140031000000|0.23|0.24|STRUCTURE_TYPE|1|31A300||
01/01/2025|54|3140031000000|1.155|1.164|STRUCTURE_TYPE|1|31A087||
01/01/2025|54|3140035000000|1.634|1.643|STRUCTURE_TYPE|1|31A085||
01/01/2025|54|3140036000000|1.395|1.408|STRUCTURE_TYPE|1|31A101||
01/01/2025|54|3140036000000|1.572|1.585|STRUCTURE_TYPE|1|31A102||
01/01/2025|54|3140036000000|2.419|2.433|STRUCTURE_TYPE|1|31A090||
01/01/2025|54|3140037000000|9.259|9.269|STRUCTURE_TYPE|1|31A091||
01/01/2025|54|3140037020000|0.016|0.021|STRUCTURE_TYPE|1|31A298||
01/01/2025|54|3140037070000|1.531|1.538|STRUCTURE_TYPE|1|31A096||
01/01/2025|54|3140037080000|0.007|0.015|STRUCTURE_TYPE|1|31A097||
01/01/2025|54|3140039000000|0.074|0.102|STRUCTURE_TYPE|1|31A290||
01/01/2025|54|3140039000000|0.427|0.467|STRUCTURE_TYPE|1|31A093||
01/01/2025|54|3140039010000|0.02|0.047|STRUCTURE_TYPE|1|31A272||
01/01/2025|54|3140039010000|0.174|0.182|STRUCTURE_TYPE|1|31A110||
01/01/2025|54|3140039020000|1.579|1.584|STRUCTURE_TYPE|1|31A268||
01/01/2025|54|3140040020000|0.003|0.008|STRUCTURE_TYPE|1|31A323||
01/01/2025|54|3140043000000|0.039|0.045|STRUCTURE_TYPE|1|31A099||
01/01/2025|54|3140043000000|4.174|4.179|STRUCTURE_TYPE|1|31A100||
01/01/2025|54|3140043000000|4.376|4.381|STRUCTURE_TYPE|1|31A103||
01/01/2025|54|3140043000000|8.345|8.352|STRUCTURE_TYPE|1|31A292||
01/01/2025|54|3140043040000|1.809|1.815|STRUCTURE_TYPE|1|31A294||
01/01/2025|54|3140045000000|1.038|1.043|STRUCTURE_TYPE|1|31A107||
01/01/2025|54|3140045000000|2.391|2.4099|STRUCTURE_TYPE|1|31A339||
01/01/2025|54|3140045000000|2.599|2.616|STRUCTURE_TYPE|1|31A111||
01/01/2025|54|3140045000000|10.096|10.14|STRUCTURE_TYPE|1|31A114||
01/01/2025|54|3140045020000|1.031|1.039|STRUCTURE_TYPE|1|31A116||
01/01/2025|54|3140045070000|1.578|1.586|STRUCTURE_TYPE|1|31A117||
01/01/2025|54|3140046072400|0.052|0.1012|STRUCTURE_TYPE|1|31A329||
01/01/2025|54|3140049000000|0.459|0.466|STRUCTURE_TYPE|1|31A128||
01/01/2025|54|3140050000000|0.094|0.104|STRUCTURE_TYPE|1|31A129||
01/01/2025|54|3140050000000|0.496|0.501|STRUCTURE_TYPE|1|31A130||
01/01/2025|54|3140050000000|0.924|0.931|STRUCTURE_TYPE|1|31A157||
01/01/2025|54|3140050000000|1.067|1.072|STRUCTURE_TYPE|1|31A133||
01/01/2025|54|3140050000000|1.188|1.193|STRUCTURE_TYPE|1|31A134||
01/01/2025|54|3140050020000|0.004|0.009|STRUCTURE_TYPE|1|31A266||
01/01/2025|54|3140053000000|0.012|0.018|STRUCTURE_TYPE|1|31A135||
01/01/2025|54|3140058000000|0.004|0.011|STRUCTURE_TYPE|1|31A282||
01/01/2025|54|3140059000000|0.789|0.8017|STRUCTURE_TYPE|1|31X136||
01/01/2025|54|3140059030000|0.381|0.386|STRUCTURE_TYPE|1|31A301||
01/01/2025|54|3140061040000|0.848|0.86|STRUCTURE_TYPE|1|31A262||
01/01/2025|54|3140064030000|0.666|0.684|STRUCTURE_TYPE|1|31A278||
01/01/2025|54|3140064040000|0.064|0.072|STRUCTURE_TYPE|1|31A280||
01/01/2025|54|3140067000000|2.572|2.615|STRUCTURE_TYPE|1|31A143||
01/01/2025|54|3140067000000|7.093|7.101|STRUCTURE_TYPE|1|31A144||
01/01/2025|54|3140068070000|0.022|0.0278|STRUCTURE_TYPE|1|31A905||
01/01/2025|54|3140068070000|0.072|0.0786|STRUCTURE_TYPE|1|31A906||
01/01/2025|54|3140068070000|0.617|0.623|STRUCTURE_TYPE|1|31A277||
01/01/2025|54|3140070000000|0.385|0.392|STRUCTURE_TYPE|1|31A146||
01/01/2025|54|3140071000000|0.898|0.903|STRUCTURE_TYPE|1|31A147||
01/01/2025|54|3140073000000|0.317|0.347|STRUCTURE_TYPE|1|31A179||
01/01/2025|54|3140073000000|7.891|7.898|STRUCTURE_TYPE|1|31A151||
01/01/2025|54|3140075000000|0.065|0.071|STRUCTURE_TYPE|1|31A152||
01/01/2025|54|3140075000000|4.264|4.27|STRUCTURE_TYPE|1|31A270||
01/01/2025|54|3140076000000|5.587|5.593|STRUCTURE_TYPE|1|31A153||
01/01/2025|54|3140076000000|6.491|6.496|STRUCTURE_TYPE|1|31A276||
01/01/2025|54|3140076100000|0.333|0.34|STRUCTURE_TYPE|1|31A302||
01/01/2025|54|3140077000000|1.136|1.148|STRUCTURE_TYPE|1|31A212||
01/01/2025|54|3140077000000|1.17|1.18|STRUCTURE_TYPE|1|31A158||
01/01/2025|54|3140077010000|1.304|1.309|STRUCTURE_TYPE|1|31A299||
01/01/2025|54|3140079120000|1.155|1.167|STRUCTURE_TYPE|1|31A180||
01/01/2025|54|3140081000000|6.323|6.417|STRUCTURE_TYPE|1|31A181||
01/01/2025|54|3140081010000|0.636|0.644|STRUCTURE_TYPE|1|31A326||
01/01/2025|54|3140081010000|0.803|0.808|STRUCTURE_TYPE|1|31A183||
01/01/2025|54|3140119060000|1.3|1.307|STRUCTURE_TYPE|1|31A248||
01/01/2025|54|3140119060000|1.416|1.421|STRUCTURE_TYPE|1|31A199||
01/01/2025|54|3140119060000|1.544|1.55|STRUCTURE_TYPE|1|31A200||
01/01/2025|54|3140119390000|0.118|0.222|STRUCTURE_TYPE|1|31A281||
01/01/2025|54|3140857000000|2.157|2.161|STRUCTURE_TYPE|1|31A203||
01/01/2025|54|3140857000000|3.268|3.282|STRUCTURE_TYPE|1|31A322||
01/01/2025|54|3140857000000|7.271|7.311|STRUCTURE_TYPE|1|31A206||
01/01/2025|54|3140857000000|10.196|10.379|STRUCTURE_TYPE|1|31A324||
01/01/2025|54|3140857000000|13.677|13.682|STRUCTURE_TYPE|1|31A208||
01/01/2025|54|3140857170000|0.012|0.042|STRUCTURE_TYPE|1|31A124||
01/01/2025|54|3174813001900|1.21|1.223|STRUCTURE_TYPE|1|31A904||
01/01/2025|54|32202190000NB|0.0|0.017|STRUCTURE_TYPE|1|32A092||
01/01/2025|54|32202190000NB|0.227|0.239|STRUCTURE_TYPE|1|32A060||
01/01/2025|54|32202190000NB|16.651|16.684|STRUCTURE_TYPE|1|32A063||
01/01/2025|54|32202190000NB|19.912|19.918|STRUCTURE_TYPE|1|32A064||
01/01/2025|54|32202190000NB|20.711|20.717|STRUCTURE_TYPE|1|32A065||
01/01/2025|54|32202190000NB|33.326|33.34|STRUCTURE_TYPE|1|32A066||
01/01/2025|54|3230003000000|0.0|0.166|STRUCTURE_TYPE|1|32A001||
01/01/2025|54|3230003000000|26.705|26.715|STRUCTURE_TYPE|1|32A005||
01/01/2025|54|3230012000000|8.467|8.475|STRUCTURE_TYPE|1|32A021||
01/01/2025|54|3230012000000|9.245|9.3378|STRUCTURE_TYPE|1|32A103||
01/01/2025|54|3230122000000|6.541|6.55|STRUCTURE_TYPE|1|32A095||
01/01/2025|54|3230122000000|7.954|7.99|STRUCTURE_TYPE|1|32A054||
01/01/2025|54|3230122000000|8.195|8.221|STRUCTURE_TYPE|1|32A055||
01/01/2025|54|3230122000000|8.95|8.977|STRUCTURE_TYPE|1|32A056||
01/01/2025|54|3230122000000|9.167|9.195|STRUCTURE_TYPE|1|32A057||
01/01/2025|54|3230122000000|11.829|11.837|STRUCTURE_TYPE|1|32A058||
01/01/2025|54|3240003020000|0.465|0.473|STRUCTURE_TYPE|1|32A094||
01/01/2025|54|3240003140000|2.076|2.087|STRUCTURE_TYPE|1|32A087||
01/01/2025|54|3240003190000|0.055|0.061|STRUCTURE_TYPE|1|32A099||
01/01/2025|54|3240004000000|2.163|2.177|STRUCTURE_TYPE|1|32A012||
01/01/2025|54|3240004000000|8.05|8.055|STRUCTURE_TYPE|1|32A013||
01/01/2025|54|3240005040000|0.198|0.214|STRUCTURE_TYPE|1|32A014||
01/01/2025|54|3240010000000|0.054|0.059|STRUCTURE_TYPE|1|32A016||
01/01/2025|54|3240010000000|0.356|0.368|STRUCTURE_TYPE|1|32A090||
01/01/2025|54|3240010000000|1.209|1.219|STRUCTURE_TYPE|1|32A018||
01/01/2025|54|3240010000000|1.617|1.623|STRUCTURE_TYPE|1|32A019||
01/01/2025|54|3240012010000|0.085|0.092|STRUCTURE_TYPE|1|32A083||
01/01/2025|54|3240012050000|0.424|0.432|STRUCTURE_TYPE|1|32A081||
01/01/2025|54|3240013000000|3.097|3.103|STRUCTURE_TYPE|1|32A025||
01/01/2025|54|3240013050000|0.706|0.712|STRUCTURE_TYPE|1|32A072||
01/01/2025|54|3240015000000|0.021|0.032|STRUCTURE_TYPE|1|32A026||
01/01/2025|54|3240015000000|0.261|0.266|STRUCTURE_TYPE|1|32A027||
01/01/2025|54|3240015000000|8.807|8.815|STRUCTURE_TYPE|1|32A085||
01/01/2025|54|3240015000000|9.346|9.352|STRUCTURE_TYPE|1|32A101||
01/01/2025|54|3240015030000|0.346|0.352|STRUCTURE_TYPE|1|32A031||
01/01/2025|54|3240015050000|0.057|0.066|STRUCTURE_TYPE|1|32A082||
01/01/2025|54|3240017000000|6.177|6.188|STRUCTURE_TYPE|1|32A096||
01/01/2025|54|3240020000000|8.479|8.498|STRUCTURE_TYPE|1|32A086||
01/01/2025|54|3240023000000|1.161|1.186|STRUCTURE_TYPE|1|32A035||
01/01/2025|54|3240023030000|0.17|0.199|STRUCTURE_TYPE|1|32A097||
01/01/2025|54|3240023040000|3.58|3.585|STRUCTURE_TYPE|1|32A078||
01/01/2025|54|3240023050000|0.388|0.395|STRUCTURE_TYPE|1|32A038||
01/01/2025|54|3240023060000|2.127|2.137|STRUCTURE_TYPE|1|32A084||
01/01/2025|54|3240023080000|1.884|1.902|STRUCTURE_TYPE|1|32A093||
01/01/2025|54|3240024060000|2.293|2.301|STRUCTURE_TYPE|1|32A042||
01/01/2025|54|3240024080000|1.293|1.298|STRUCTURE_TYPE|1|32A044||
01/01/2025|54|3240025000000|4.514|4.523|STRUCTURE_TYPE|1|32A049||
01/01/2025|54|3240025000000|5.354|5.366|STRUCTURE_TYPE|1|32A098||
01/01/2025|54|3240025000000|6.479|6.495|STRUCTURE_TYPE|1|32A046||
01/01/2025|54|3240025000000|9.515|9.532|STRUCTURE_TYPE|1|32A047||
01/01/2025|54|3240025030000|1.695|1.703|STRUCTURE_TYPE|1|32A077||
01/01/2025|54|3240029000000|0.153|0.158|STRUCTURE_TYPE|1|32A050||
01/01/2025|54|3240029000000|3.659|3.667|STRUCTURE_TYPE|1|32A075||
01/01/2025|54|3240029010000|2.656|2.67|STRUCTURE_TYPE|1|32A074||
01/01/2025|54|3240219010000|3.146|3.15|STRUCTURE_TYPE|1|32A067||
01/01/2025|54|3240219010000|3.15|3.165|STRUCTURE_TYPE|1|32A067||
01/01/2025|54|3240219010000|4.658|4.678|STRUCTURE_TYPE|1|32A068||
01/01/2025|54|3240219080000|0.055|0.06|STRUCTURE_TYPE|1|32A069||
01/01/2025|54|3240219130000|2.541|2.549|STRUCTURE_TYPE|1|32A070||
01/01/2025|54|3240219210000|0.067|0.073|STRUCTURE_TYPE|1|32A089||
01/01/2025|54|3240219220000|0.207|0.213|STRUCTURE_TYPE|1|32A088||
01/01/2025|54|3240219230000|0.305|0.312|STRUCTURE_TYPE|1|32A076||
01/01/2025|54|3280905000000|0.076|0.087|STRUCTURE_TYPE|1|32A079||
01/01/2025|54|33205220000NB|1.443|1.447|STRUCTURE_TYPE|1|33A042||
01/01/2025|54|33205220000NB|4.231|4.237|STRUCTURE_TYPE|1|33A043||
01/01/2025|54|33205220000NB|13.65|13.657|STRUCTURE_TYPE|1|33A045||
01/01/2025|54|33205220000NB|18.618|18.74|STRUCTURE_TYPE|1|33A067||
01/01/2025|54|33205220024NB|11.604|11.6292|STRUCTURE_TYPE|1|33A074||
01/01/2025|54|33205220024NB|11.616|11.6413|STRUCTURE_TYPE|1|33A075||
01/01/2025|54|33205220024NB|12.49|12.4961|STRUCTURE_TYPE|1|33A076||
01/01/2025|54|33205220024NB|13.621|13.6465|STRUCTURE_TYPE|1|33A077||
01/01/2025|54|33205220024NB|13.629|13.6545|STRUCTURE_TYPE|1|33A078||
01/01/2025|54|3330009000000|0.0|0.086|STRUCTURE_TYPE|1|33A066||
01/01/2025|54|3330009000000|0.433|0.452|STRUCTURE_TYPE|1|33A060||
01/01/2025|54|3330009000000|7.888|7.936|STRUCTURE_TYPE|1|33A017||
01/01/2025|54|3330009000000|12.38|12.39|STRUCTURE_TYPE|1|33A065||
01/01/2025|54|3330009000000|12.39|12.463|STRUCTURE_TYPE|1|33A065||
01/01/2025|54|3330009000000|17.39|17.395|STRUCTURE_TYPE|1|33A019||
01/01/2025|54|3330009000000|20.315|20.394|STRUCTURE_TYPE|1|33A020||
01/01/2025|54|3330009000000|33.297|33.324|STRUCTURE_TYPE|1|33A021||
01/01/2025|54|3330009000000|37.351|37.355|STRUCTURE_TYPE|1|33A022||
01/01/2025|54|3340001000000|0.659|0.666|STRUCTURE_TYPE|1|33A001||
01/01/2025|54|3340001000000|5.697|5.729|STRUCTURE_TYPE|1|33A072||
01/01/2025|54|3340002000000|0.126|0.131|STRUCTURE_TYPE|1|33A047||
01/01/2025|54|3340002000000|6.075|6.085|STRUCTURE_TYPE|1|33A058||
01/01/2025|54|3340002030000|0.073|0.078|STRUCTURE_TYPE|1|33A048||
01/01/2025|54|3340003000000|1.81|1.819|STRUCTURE_TYPE|1|33A062||
01/01/2025|54|3340003010000|0.028|0.039|STRUCTURE_TYPE|1|33A052||
01/01/2025|54|3340005000000|1.96|1.965|STRUCTURE_TYPE|1|33A006||
01/01/2025|54|3340007000000|6.019|6.049|STRUCTURE_TYPE|1|33A007||
01/01/2025|54|3340008000000|0.944|0.95|STRUCTURE_TYPE|1|33A008||
01/01/2025|54|3340008000000|1.729|1.735|STRUCTURE_TYPE|1|33A009||
01/01/2025|54|3340008000000|4.923|4.932|STRUCTURE_TYPE|1|33A069||
01/01/2025|54|3340008000000|7.084|7.096|STRUCTURE_TYPE|1|33A011||
01/01/2025|54|3340008000000|8.147|8.155|STRUCTURE_TYPE|1|33A012||
01/01/2025|54|3340008000000|14.895|14.924|STRUCTURE_TYPE|1|33A071||
01/01/2025|54|3340008010000|1.188|1.196|STRUCTURE_TYPE|1|33A014||
01/01/2025|54|3340008010000|3.02|3.041|STRUCTURE_TYPE|1|33A015||
01/01/2025|54|3340008180000|2.119|2.125|STRUCTURE_TYPE|1|33A064||
01/01/2025|54|3340009030000|0.179|0.199|STRUCTURE_TYPE|1|33A023||
01/01/2025|54|3340009090000|0.933|0.9756|STRUCTURE_TYPE|1|33A079||
01/01/2025|54|3340009120000|0.252|0.267|STRUCTURE_TYPE|1|33A024||
01/01/2025|54|3340011000000|2.08|2.095|STRUCTURE_TYPE|1|33A025||
01/01/2025|54|3340013000000|1.675|1.682|STRUCTURE_TYPE|1|33A063||
01/01/2025|54|3340013000000|8.572|8.584|STRUCTURE_TYPE|1|33A027||
01/01/2025|54|3340013000000|8.89|8.907|STRUCTURE_TYPE|1|33A073||
01/01/2025|54|3340013000000|9.334|9.343|STRUCTURE_TYPE|1|33A029||
01/01/2025|54|3340013000000|10.666|10.688|STRUCTURE_TYPE|1|33A030||
01/01/2025|54|3340013010000|2.981|3.002|STRUCTURE_TYPE|1|33A031||
01/01/2025|54|3340013030000|1.731|1.741|STRUCTURE_TYPE|1|33A032||
01/01/2025|54|3340013130000|0.011|0.028|STRUCTURE_TYPE|1|33A053||
01/01/2025|54|3340016000000|0.944|0.967|STRUCTURE_TYPE|1|33A059||
01/01/2025|54|3340018000000|0.344|0.35|STRUCTURE_TYPE|1|33A051||
01/01/2025|54|3340019000000|0.667|0.673|STRUCTURE_TYPE|1|33A034||
01/01/2025|54|3340022000000|0.008|0.014|STRUCTURE_TYPE|1|33A055||
01/01/2025|54|3340026000000|1.823|1.837|STRUCTURE_TYPE|1|33A035||
01/01/2025|54|3340028000000|0.551|0.557|STRUCTURE_TYPE|1|33A068||
01/01/2025|54|3340028000000|1.175|1.184|STRUCTURE_TYPE|1|33A070||
01/01/2025|54|3340028010000|2.432|2.438|STRUCTURE_TYPE|1|33A037||
01/01/2025|54|3340038010000|0.56|0.571|STRUCTURE_TYPE|1|33A057||
01/01/2025|54|3340038020000|0.013|0.024|STRUCTURE_TYPE|1|33A061||
01/01/2025|54|3340038100000|0.882|0.889|STRUCTURE_TYPE|1|33A040||
01/01/2025|54|3340522100000|0.023|0.029|STRUCTURE_TYPE|1|33A054||
01/01/2025|54|3340522110000|0.039|0.044|STRUCTURE_TYPE|1|33A056||
01/01/2025|54|3360801000000|0.079|0.085|STRUCTURE_TYPE|1|33A049||
01/01/2025|54|3400540000000|0.067|0.0851|STRUCTURE_TYPE|1|34A120||
01/01/2025|54|34200190000NB|8.13|8.411|STRUCTURE_TYPE|1|34A092||
01/01/2025|54|34200190000NB|16.318|16.325|STRUCTURE_TYPE|1|34A116||
01/01/2025|54|34200190000NB|17.846|17.872|STRUCTURE_TYPE|1|34A106||
01/01/2025|54|34200190000NB|17.923|17.928|STRUCTURE_TYPE|1|34A108||
01/01/2025|54|34200190000NB|28.593|28.624|STRUCTURE_TYPE|1|34A100||
01/01/2025|54|34200190000NB|28.676|28.736|STRUCTURE_TYPE|1|34A095||
01/01/2025|54|34200190000NB|30.932|30.936|STRUCTURE_TYPE|1|34A105||
01/01/2025|54|34200190000SB|8.144|8.409|STRUCTURE_TYPE|1|34A026||
01/01/2025|54|34200190000SB|17.856|17.882|STRUCTURE_TYPE|1|34A107||
01/01/2025|54|34200190000SB|28.596|28.627|STRUCTURE_TYPE|1|34A101||
01/01/2025|54|34200190000SB|28.685|28.747|STRUCTURE_TYPE|1|34A096||
01/01/2025|54|34200190000SB|29.495|29.501|STRUCTURE_TYPE|1|34A102||
01/01/2025|54|34200190017NB0028B|0.066|0.118|STRUCTURE_TYPE|1|34A098||
01/01/2025|54|34200190017SB0028C|0.271|0.323|STRUCTURE_TYPE|1|34A097||
01/01/2025|54|3430020000000|1.265|1.278|STRUCTURE_TYPE|1|34A147||
01/01/2025|54|3430020000000|7.667|7.675|STRUCTURE_TYPE|1|34A037||
01/01/2025|54|3430020000000|13.897|13.901|STRUCTURE_TYPE|1|34A038||
01/01/2025|54|3430020000000|20.623|20.668|STRUCTURE_TYPE|1|34A039||
01/01/2025|54|3430020000000|23.017|23.068|STRUCTURE_TYPE|1|34A128||
01/01/2025|54|3430020000000|26.865|26.97|STRUCTURE_TYPE|1|34A129||
01/01/2025|54|3430020000000|33.624|33.738|STRUCTURE_TYPE|1|34A134||
01/01/2025|54|3430039000000|0.006|0.024|STRUCTURE_TYPE|1|34A138||
01/01/2025|54|3430039000000|4.348|4.355|STRUCTURE_TYPE|1|34A142||
01/01/2025|54|3430039000000|10.241|10.247|STRUCTURE_TYPE|1|34A141||
01/01/2025|54|3430039000000|11.238|11.245|STRUCTURE_TYPE|1|34A060||
01/01/2025|54|3430039000000|19.347|19.356|STRUCTURE_TYPE|1|34A127||
01/01/2025|54|3430039000000|27.58|27.862|STRUCTURE_TYPE|1|34A130||
01/01/2025|54|3430039000000|33.501|33.507|STRUCTURE_TYPE|1|34A139||
01/01/2025|54|3430039000000|52.556|52.589|STRUCTURE_TYPE|1|34A065||
01/01/2025|54|3430039000000|54.38|54.415|STRUCTURE_TYPE|1|34A136||
01/01/2025|54|3430041000000|0.0|0.058|STRUCTURE_TYPE|1|34A023||
01/01/2025|54|3430041000000|0.142|0.151|STRUCTURE_TYPE|1|34A113||
01/01/2025|54|3430041000000|2.596|2.63|STRUCTURE_TYPE|1|34A025||
01/01/2025|54|3430041000000|17.604|17.62|STRUCTURE_TYPE|1|34A082||
01/01/2025|54|3430055000000|0.544|0.554|STRUCTURE_TYPE|1|34A076||
01/01/2025|54|3430055000000|9.929|9.939|STRUCTURE_TYPE|1|34A126||
01/01/2025|54|3430055000000|10.227|10.237|STRUCTURE_TYPE|1|34A125||
01/01/2025|54|3430082000000|0.194|0.211|STRUCTURE_TYPE|1|34A145||
01/01/2025|54|3430082000000|1.287|1.316|STRUCTURE_TYPE|1|34A146||
01/01/2025|54|3430129000000|0.007|0.021|STRUCTURE_TYPE|1|34A121||
01/01/2025|54|3440001000000|0.096|0.103|STRUCTURE_TYPE|1|34A144||
01/01/2025|54|3440001000000|4.434|4.449|STRUCTURE_TYPE|1|34A001||
01/01/2025|54|3440001000000|6.313|6.331|STRUCTURE_TYPE|1|34A002||
01/01/2025|54|3440001030000|0.01|0.0141|STRUCTURE_TYPE|1|34A117||
01/01/2025|54|3440001090000|6.411|6.417|STRUCTURE_TYPE|1|34A006||
01/01/2025|54|3440001090000|6.937|6.943|STRUCTURE_TYPE|1|34A007||
01/01/2025|54|3440001090000|7.379|7.387|STRUCTURE_TYPE|1|34A008||
01/01/2025|54|3440001090000|9.23|9.241|STRUCTURE_TYPE|1|34A009||
01/01/2025|54|3440003020000|0.007|0.011|STRUCTURE_TYPE|1|34A104||
01/01/2025|54|3440003040000|0.116|0.125|STRUCTURE_TYPE|1|34A010||
01/01/2025|54|3440004000000|4.655|4.661|STRUCTURE_TYPE|1|34A011||
01/01/2025|54|3440005000000|7.615|7.633|STRUCTURE_TYPE|1|34A012||
01/01/2025|54|3440006000000|1.102|1.108|STRUCTURE_TYPE|1|34A148||
01/01/2025|54|3440008000000|0.009|0.028|STRUCTURE_TYPE|1|34A014||
01/01/2025|54|3440009000000|0.013|0.022|STRUCTURE_TYPE|1|34A015||
01/01/2025|54|3440012000000|0.422|0.428|STRUCTURE_TYPE|1|34A016||
01/01/2025|54|3440013000000|11.858|11.874|STRUCTURE_TYPE|1|34A017||
01/01/2025|54|3440013000000|13.847|13.853|STRUCTURE_TYPE|1|34A018||
01/01/2025|54|3440016010000|0.017|0.026|STRUCTURE_TYPE|1|34A019||
01/01/2025|54|3440016010000|0.796|0.822|STRUCTURE_TYPE|1|34A020||
01/01/2025|54|3440017030000|1.136|1.146|STRUCTURE_TYPE|1|34A103||
01/01/2025|54|3440019150000|0.214|0.219|STRUCTURE_TYPE|1|34A029||
01/01/2025|54|3440019170000|0.077|0.087|STRUCTURE_TYPE|1|34A030||
01/01/2025|54|3440019190000|0.025|0.039|STRUCTURE_TYPE|1|34A137||
01/01/2025|54|3440019220000|0.209|0.218|STRUCTURE_TYPE|1|34A133||
01/01/2025|54|3440019250000|0.09|0.098|STRUCTURE_TYPE|1|34A109||
01/01/2025|54|3440019410000|10.929|10.974|STRUCTURE_TYPE|1|34A123||
01/01/2025|54|3440019410000|11.271|11.282|STRUCTURE_TYPE|1|34A094||
01/01/2025|54|3440020020000|0.01|0.024|STRUCTURE_TYPE|1|34A045||
01/01/2025|54|3440020160000|0.019|0.024|STRUCTURE_TYPE|1|34A046||
01/01/2025|54|3440020200000|0.16|0.17|STRUCTURE_TYPE|1|34A124||
01/01/2025|54|3440020210000|4.968|4.982|STRUCTURE_TYPE|1|34A140||
01/01/2025|54|3440020210000|6.275|6.285|STRUCTURE_TYPE|1|34A111||
01/01/2025|54|3440020410000|0.027|0.032|STRUCTURE_TYPE|1|34A112||
01/01/2025|54|3440022000000|0.993|1.013|STRUCTURE_TYPE|1|34A135||
01/01/2025|54|3440022000000|10.646|10.65|STRUCTURE_TYPE|1|34A118||
01/01/2025|54|3440022030000|0.026|0.037|STRUCTURE_TYPE|1|34A119||
01/01/2025|54|3440024070000|0.723|0.734|STRUCTURE_TYPE|1|34A051||
01/01/2025|54|3440026030000|0.766|0.774|STRUCTURE_TYPE|1|34A052||
01/01/2025|54|3440032000000|1.127|1.136|STRUCTURE_TYPE|1|34A132||
01/01/2025|54|3440039130000|0.095|0.128|STRUCTURE_TYPE|1|34A067||
01/01/2025|54|3440039140000|0.059|0.076|STRUCTURE_TYPE|1|34A131||
01/01/2025|54|3440039140000|4.334|4.358|STRUCTURE_TYPE|1|34A068||
01/01/2025|54|3440039170000|0.29|0.304|STRUCTURE_TYPE|1|34A080||
01/01/2025|54|3440039180000|0.208|0.23|STRUCTURE_TYPE|1|34A069||
01/01/2025|54|3440039180000|1.917|1.929|STRUCTURE_TYPE|1|34A070||
01/01/2025|54|3440039230000|0.004|0.016|STRUCTURE_TYPE|1|34A071||
01/01/2025|54|3440039340000|0.225|0.26|STRUCTURE_TYPE|1|34A021||
01/01/2025|54|3440039460000|0.093|0.107|STRUCTURE_TYPE|1|34A110||
01/01/2025|54|3440039470000|0.095|0.104|STRUCTURE_TYPE|1|34A122||
01/01/2025|54|3440043010000|1.732|1.741|STRUCTURE_TYPE|1|34A115||
01/01/2025|54|3440044020000|1.745|1.751|STRUCTURE_TYPE|1|34A099||
01/01/2025|54|3440044040000|1.555|1.563|STRUCTURE_TYPE|1|34A078||
01/01/2025|54|3440129030000|0.037|0.045|STRUCTURE_TYPE|1|34A093||
01/01/2025|54|3500017000000|0.179|0.1862|STRUCTURE_TYPE|1|35A908||
01/01/2025|54|3500438000000|0.008|0.0141|STRUCTURE_TYPE|1|35A906||
01/01/2025|54|3500481000000|0.019|0.0603|STRUCTURE_TYPE|1|35A907||
01/01/2025|54|3500700000000|0.025|0.0443|STRUCTURE_TYPE|1|35A903||
01/01/2025|54|3501026000000|0.002|0.0076|STRUCTURE_TYPE|1|35A997||
01/01/2025|54|35100700000EB|0.716|0.779|STRUCTURE_TYPE|1|35A101||
01/01/2025|54|35100700000EB|1.225|1.456|STRUCTURE_TYPE|1|35A095||
01/01/2025|54|35100700000EB|1.549|1.785|STRUCTURE_TYPE|1|35A149||
01/01/2025|54|35100700000EB|1.951|2.038|STRUCTURE_TYPE|1|35A067||
01/01/2025|54|35100700000EB|2.212|2.237|STRUCTURE_TYPE|1|35A069||
01/01/2025|54|35100700000EB|3.562|3.621|STRUCTURE_TYPE|1|35A072||
01/01/2025|54|35100700000EB|4.745|4.87|STRUCTURE_TYPE|1|35A074||
01/01/2025|54|35100700000EB|5.28|5.41|STRUCTURE_TYPE|1|35A076||
01/01/2025|54|35100700000EB|6.778|6.857|STRUCTURE_TYPE|1|35A078||
01/01/2025|54|35100700000EB|11.082|11.117|STRUCTURE_TYPE|1|35A080||
01/01/2025|54|35100700000EB|12.709|12.729|STRUCTURE_TYPE|1|35A153||
01/01/2025|54|35100700000WB|0.0|0.456|STRUCTURE_TYPE|1|35A059||
01/01/2025|54|35100700000WB|0.385|0.6994|STRUCTURE_TYPE|1|35A061||
01/01/2025|54|35100700000WB|1.202|1.436|STRUCTURE_TYPE|1|35A063||
01/01/2025|54|35100700000WB|1.531|1.762|STRUCTURE_TYPE|1|35A148||
01/01/2025|54|35100700000WB|1.956|2.04|STRUCTURE_TYPE|1|35A066||
01/01/2025|54|35100700000WB|2.199|2.224|STRUCTURE_TYPE|1|35A068||
01/01/2025|54|35100700000WB|3.544|3.603|STRUCTURE_TYPE|1|35A071||
01/01/2025|54|35100700000WB|4.698|4.823|STRUCTURE_TYPE|1|35A073||
01/01/2025|54|35100700000WB|5.295|5.414|STRUCTURE_TYPE|1|35A075||
01/01/2025|54|35100700000WB|6.771|6.859|STRUCTURE_TYPE|1|35A077||
01/01/2025|54|35100700000WB|11.08|11.115|STRUCTURE_TYPE|1|35A079||
01/01/2025|54|35100700000WB|12.709|12.729|STRUCTURE_TYPE|1|35A152||
01/01/2025|54|35100700017EB001BB|0.079|0.159|STRUCTURE_TYPE|1|35A006||
01/01/2025|54|35100700017WB001AH|0.01|0.088|STRUCTURE_TYPE|1|35A089||
01/01/2025|54|35100700017WB001BC|0.093|0.278|STRUCTURE_TYPE|1|35A003||
01/01/2025|54|35104700000EB|0.0|0.112|STRUCTURE_TYPE|1|35A123||
01/01/2025|54|35104700000EB|0.112|0.79|STRUCTURE_TYPE|1|35A126||
01/01/2025|54|35104700000EB|0.79|0.804|STRUCTURE_TYPE|1|35A126||
01/01/2025|54|35104700000EB|3.594|3.62|STRUCTURE_TYPE|1|35A096||
01/01/2025|54|35104700000EB|3.62|3.833|STRUCTURE_TYPE|1|35A096||
01/01/2025|54|35104700000WB|3.54|3.62|STRUCTURE_TYPE|1|35A097||
01/01/2025|54|35104700000WB|3.62|3.827|STRUCTURE_TYPE|1|35A097||
01/01/2025|54|35104700017EB0001A|0.151|0.28|STRUCTURE_TYPE|1|35A122||
01/01/2025|54|35104700017EB0001B|0.062|0.292|STRUCTURE_TYPE|1|35A117||
01/01/2025|54|35104700017WB0001C|0.302|0.344|STRUCTURE_TYPE|1|35A098||
01/01/2025|54|35104700017WB0001D|0.036|0.191|STRUCTURE_TYPE|1|35A121||
01/01/2025|54|35200400000EB|0.0|0.12|STRUCTURE_TYPE|1|35A133||
01/01/2025|54|35200400000EB|0.12|0.122|STRUCTURE_TYPE|1|35A133||
01/01/2025|54|35200400000EB|1.096|1.124|STRUCTURE_TYPE|1|35A033||
01/01/2025|54|35200400000EB|6.654|6.691|STRUCTURE_TYPE|1|35A036||
01/01/2025|54|35200400000EB|7.573|7.59|STRUCTURE_TYPE|1|35A139||
01/01/2025|54|35200400000EB|7.59|7.621|STRUCTURE_TYPE|1|35A139||
01/01/2025|54|35200400000EB|9.097|9.116|STRUCTURE_TYPE|1|35A040||
01/01/2025|54|35200400000EB|9.634|9.649|STRUCTURE_TYPE|1|35A041||
01/01/2025|54|35200400000EB|10.043|10.048|STRUCTURE_TYPE|1|35A042||
01/01/2025|54|35200400000EB|10.673|10.687|STRUCTURE_TYPE|1|35A135||
01/01/2025|54|35200400000EB|11.141|11.155|STRUCTURE_TYPE|1|35A044||
01/01/2025|54|35200400000EB|11.339|11.355|STRUCTURE_TYPE|1|35A045||
01/01/2025|54|35200400000EB|12.25|12.2631|STRUCTURE_TYPE|1|35A154||
01/01/2025|54|35200400000EB|12.749|12.7572|STRUCTURE_TYPE|1|35A155||
01/01/2025|54|35200400000EB|13.192|13.202|STRUCTURE_TYPE|1|35A048||
01/01/2025|54|35200400000WB|3.247|3.257|STRUCTURE_TYPE|1|35A140||
01/01/2025|54|35200400000WB|7.636|7.643|STRUCTURE_TYPE|1|35A039||
01/01/2025|54|35200400000WB|13.943|13.956|STRUCTURE_TYPE|1|35A151||
01/01/2025|54|35200400000WB|14.497|14.507|STRUCTURE_TYPE|1|35A050||
01/01/2025|54|35200400003EB|0.041|0.081|STRUCTURE_TYPE|1|35A032||
01/01/2025|54|35202500000NB|1.34|1.415|STRUCTURE_TYPE|1|35A114||
01/01/2025|54|35202500000NB|1.552|1.597|STRUCTURE_TYPE|1|35A120||
01/01/2025|54|35202500000NB|1.982|2.573|STRUCTURE_TYPE|1|35A108||
01/01/2025|54|35202500000NB|3.194|3.232|STRUCTURE_TYPE|1|35A005||
01/01/2025|54|35202500000SB|1.506|1.591|STRUCTURE_TYPE|1|35A119||
01/01/2025|54|35202500005SB|0.045|0.156|STRUCTURE_TYPE|1|35A100||
01/01/2025|54|35202500009NB|0.303|0.319|STRUCTURE_TYPE|1|35A115||
01/01/2025|54|35202500010SB|0.271|0.287|STRUCTURE_TYPE|1|35A116||
01/01/2025|54|35202500010SB|0.362|0.41|STRUCTURE_TYPE|1|35A118||
01/01/2025|54|3530002000000|1.974|2.1|STRUCTURE_TYPE|1|35A110||
01/01/2025|54|3530002000000|7.121|7.126|STRUCTURE_TYPE|1|35A145||
01/01/2025|54|3530002000000|11.59|11.61|STRUCTURE_TYPE|1|35A147||
01/01/2025|54|35300020005SB|1.043|1.178|STRUCTURE_TYPE|1|35A107||
01/01/2025|54|3530088000000|2.825|2.868|STRUCTURE_TYPE|1|35A083||
01/01/2025|54|3530088000000|6.461|6.469|STRUCTURE_TYPE|1|35A105||
01/01/2025|54|3530088000000|6.815|6.822|STRUCTURE_TYPE|1|35A104||
01/01/2025|54|3530088000000|12.003|12.009|STRUCTURE_TYPE|1|35A150||
01/01/2025|54|3540001000000|2.142|2.158|STRUCTURE_TYPE|1|35A001||
01/01/2025|54|3540001000000|2.82|2.86|STRUCTURE_TYPE|1|35A002||
01/01/2025|54|3540002020000|0.244|0.267|STRUCTURE_TYPE|1|35A132||
01/01/2025|54|3540003000000|0.613|0.62|STRUCTURE_TYPE|1|35A008||
01/01/2025|54|3540006000000|0.283|0.378|STRUCTURE_TYPE|1|35A102||
01/01/2025|54|3540007000000|4.091|4.102|STRUCTURE_TYPE|1|35A009||
01/01/2025|54|3540007010000|2.729|2.737|STRUCTURE_TYPE|1|35A010||
01/01/2025|54|3540015000000|0.871|0.877|STRUCTURE_TYPE|1|35A134||
01/01/2025|54|3540015000000|1.048|1.054|STRUCTURE_TYPE|1|35A013||
01/01/2025|54|3540017000000|0.005|0.01|STRUCTURE_TYPE|1|35A137||
01/01/2025|54|3540018000000|0.013|0.057|STRUCTURE_TYPE|1|35A085||
01/01/2025|54|3540019000000|0.443|0.449|STRUCTURE_TYPE|1|35A015||
01/01/2025|54|3540019000000|0.632|0.638|STRUCTURE_TYPE|1|35A016||
01/01/2025|54|3540021000000|0.705|0.73|STRUCTURE_TYPE|1|35A017||
01/01/2025|54|3540024000000|1.016|1.05|STRUCTURE_TYPE|1|35A136||
01/01/2025|54|3540024020000|0.006|0.066|STRUCTURE_TYPE|1|35A131||
01/01/2025|54|3540025000000|1.334|1.34|STRUCTURE_TYPE|1|35A018||
01/01/2025|54|3540027000000|0.032|0.045|STRUCTURE_TYPE|1|35A020||
01/01/2025|54|3540027000000|0.293|0.299|STRUCTURE_TYPE|1|35A021||
01/01/2025|54|3540029000000|0.016|0.027|STRUCTURE_TYPE|1|35A146||
01/01/2025|54|3540029000000|0.99|0.997|STRUCTURE_TYPE|1|35A023||
01/01/2025|54|3540031000000|0.007|0.017|STRUCTURE_TYPE|1|35A024||
01/01/2025|54|3540031000000|1.239|1.245|STRUCTURE_TYPE|1|35A025||
01/01/2025|54|3540035000000|0.625|0.633|STRUCTURE_TYPE|1|35A026||
01/01/2025|54|3540039000000|0.066|0.081|STRUCTURE_TYPE|1|35A027||
01/01/2025|54|3540039000000|3.355|3.374|STRUCTURE_TYPE|1|35A144||
01/01/2025|54|3540039000000|3.868|3.887|STRUCTURE_TYPE|1|35A029||
01/01/2025|54|3540039020000|0.013|0.024|STRUCTURE_TYPE|1|35A030||
01/01/2025|54|3540039080000|0.012|0.024|STRUCTURE_TYPE|1|35A103||
01/01/2025|54|3540043000000|0.01|0.025|STRUCTURE_TYPE|1|35A054||
01/01/2025|54|3540051010000|0.026|0.032|STRUCTURE_TYPE|1|35A055||
01/01/2025|54|3540051030000|0.035|0.042|STRUCTURE_TYPE|1|35A056||
01/01/2025|54|3540053000000|1.619|1.624|STRUCTURE_TYPE|1|35A057||
01/01/2025|54|3540053040000|0.59|0.604|STRUCTURE_TYPE|1|35A058||
01/01/2025|54|3540065000000|0.48|0.534|STRUCTURE_TYPE|1|35A138||
01/01/2025|54|3540070010000|0.007|0.047|STRUCTURE_TYPE|1|35A141||
01/01/2025|54|3540091010000|0.132|0.17|STRUCTURE_TYPE|1|35A099||
01/01/2025|54|3578274001900|1.021|1.061|STRUCTURE_TYPE|1|35A998||
01/01/2025|54|3578274001900|1.471|1.489|STRUCTURE_TYPE|1|35A904||
01/01/2025|54|3600765000000|0.1|0.1196|STRUCTURE_TYPE|1|36A153||
01/01/2025|54|36200330000EB|5.891|5.956|STRUCTURE_TYPE|1|36A168||
01/01/2025|54|36200330000EB|6.164|6.178|STRUCTURE_TYPE|1|36A173||
01/01/2025|54|36200330000EB|33.553|33.563|STRUCTURE_TYPE|1|36A170||
01/01/2025|54|36200330000EB|45.059|45.065|STRUCTURE_TYPE|1|36A104||
01/01/2025|54|36200330000WB|5.48|5.4918|STRUCTURE_TYPE|1|36A176||
01/01/2025|54|36200330000WB|18.281|18.286|STRUCTURE_TYPE|1|36A096||
01/01/2025|54|36200330000WB|19.062|19.066|STRUCTURE_TYPE|1|36A097||
01/01/2025|54|36200330000WB|19.2|19.248|STRUCTURE_TYPE|1|36A098||
01/01/2025|54|36200330000WB|32.263|32.268|STRUCTURE_TYPE|1|36A099||
01/01/2025|54|36200330000WB|33.9|33.94|STRUCTURE_TYPE|1|36A165||
01/01/2025|54|36200330000WB|37.514|37.52|STRUCTURE_TYPE|1|36A172||
01/01/2025|54|36200330000WB|37.52|37.53|STRUCTURE_TYPE|1|36A172||
01/01/2025|54|36200330000WB|37.53|37.535|STRUCTURE_TYPE|1|36A172||
01/01/2025|54|36200330000WB|44.088|44.122|STRUCTURE_TYPE|1|36A171||
01/01/2025|54|36202200000NB|12.808|12.81|STRUCTURE_TYPE|1|36A144||
01/01/2025|54|36202200000NB|12.81|12.818|STRUCTURE_TYPE|1|36A144||
01/01/2025|54|36202200000NB|25.889|25.902|STRUCTURE_TYPE|1|36A112||
01/01/2025|54|36202200000NB|27.51|27.576|STRUCTURE_TYPE|1|36A154||
01/01/2025|54|36202200000NB|32.273|32.308|STRUCTURE_TYPE|1|36A166||
01/01/2025|54|36202200000SB|19.222|19.227|STRUCTURE_TYPE|1|36A110||
01/01/2025|54|36202200000SB|20.492|20.499|STRUCTURE_TYPE|1|36A111||
01/01/2025|54|3630028000000|4.008|4.023|STRUCTURE_TYPE|1|36A130||
01/01/2025|54|3630028000000|4.333|4.343|STRUCTURE_TYPE|1|36A079||
01/01/2025|54|3630028000000|10.281|10.314|STRUCTURE_TYPE|1|36A080||
01/01/2025|54|3630028000000|10.387|10.392|STRUCTURE_TYPE|1|36A135||
01/01/2025|54|3630028000000|24.031|24.071|STRUCTURE_TYPE|1|36A082||
01/01/2025|54|3630028000000|30.469|30.474|STRUCTURE_TYPE|1|36A083||
01/01/2025|54|3640001000000|0.004|0.013|STRUCTURE_TYPE|1|36A001||
01/01/2025|54|3640001000000|10.358|10.37|STRUCTURE_TYPE|1|36A002||
01/01/2025|54|3640001020000|0.009|0.0192|STRUCTURE_TYPE|1|36A175||
01/01/2025|54|3640001030000|3.394|3.406|STRUCTURE_TYPE|1|36A003||
01/01/2025|54|3640002000000|2.737|2.743|STRUCTURE_TYPE|1|36A128||
01/01/2025|54|3640002000000|5.531|5.538|STRUCTURE_TYPE|1|36A129||
01/01/2025|54|3640002030000|0.51|0.515|STRUCTURE_TYPE|1|36A121||
01/01/2025|54|3640003000000|3.382|3.457|STRUCTURE_TYPE|1|36A138||
01/01/2025|54|3640003000000|5.647|5.653|STRUCTURE_TYPE|1|36A007||
01/01/2025|54|3640003000000|9.858|9.865|STRUCTURE_TYPE|1|36A008||
01/01/2025|54|3640003000000|10.029|10.036|STRUCTURE_TYPE|1|36A157||
01/01/2025|54|3640003000000|12.676|12.682|STRUCTURE_TYPE|1|36A158||
01/01/2025|54|3640003030000|0.737|0.746|STRUCTURE_TYPE|1|36A161||
01/01/2025|54|3640003030000|2.812|2.85|STRUCTURE_TYPE|1|36A012||
01/01/2025|54|3640003040000|2.56|2.579|STRUCTURE_TYPE|1|36A148||
01/01/2025|54|3640005010000|0.685|0.694|STRUCTURE_TYPE|1|36A015||
01/01/2025|54|3640005010000|1.076|1.086|STRUCTURE_TYPE|1|36A016||
01/01/2025|54|3640005010000|1.507|1.515|STRUCTURE_TYPE|1|36A017||
01/01/2025|54|3640005010000|1.953|1.961|STRUCTURE_TYPE|1|36A018||
01/01/2025|54|3640005010000|2.505|2.517|STRUCTURE_TYPE|1|36A019||
01/01/2025|54|3640005010000|2.797|2.808|STRUCTURE_TYPE|1|36A020||
01/01/2025|54|3640005010000|2.994|3.004|STRUCTURE_TYPE|1|36A021||
01/01/2025|54|3640005010000|3.253|3.26|STRUCTURE_TYPE|1|36A013||
01/01/2025|54|3640005030000|0.849|0.858|STRUCTURE_TYPE|1|36A022||
01/01/2025|54|3640005040000|0.121|0.129|STRUCTURE_TYPE|1|36A152||
01/01/2025|54|3640005050000|2.772|2.795|STRUCTURE_TYPE|1|36A024||
01/01/2025|54|3640005110000|0.113|0.119|STRUCTURE_TYPE|1|36A025||
01/01/2025|54|3640005120000|0.133|0.153|STRUCTURE_TYPE|1|36A143||
01/01/2025|54|3640007010000|0.015|0.026|STRUCTURE_TYPE|1|36A169||
01/01/2025|54|3640008000000|5.448|5.455|STRUCTURE_TYPE|1|36A028||
01/01/2025|54|3640008000000|5.928|5.939|STRUCTURE_TYPE|1|36A131||
01/01/2025|54|3640008000000|6.156|6.165|STRUCTURE_TYPE|1|36A145||
01/01/2025|54|3640008000000|7.902|7.91|STRUCTURE_TYPE|1|36A031||
01/01/2025|54|3640008000000|8.372|8.378|STRUCTURE_TYPE|1|36A155||
01/01/2025|54|3640008000000|9.75|9.756|STRUCTURE_TYPE|1|36A133||
01/01/2025|54|3640008000000|10.032|10.044|STRUCTURE_TYPE|1|36A122||
01/01/2025|54|3640008000000|10.393|10.4|STRUCTURE_TYPE|1|36A034||
01/01/2025|54|3640009000000|0.132|0.158|STRUCTURE_TYPE|1|36A146||
01/01/2025|54|3640009000000|0.33|0.339|STRUCTURE_TYPE|1|36A036||
01/01/2025|54|3640009000000|0.466|0.471|STRUCTURE_TYPE|1|36A156||
01/01/2025|54|3640009000000|9.243|9.272|STRUCTURE_TYPE|1|36A039||
01/01/2025|54|3640011000000|0.601|0.609|STRUCTURE_TYPE|1|36A164||
01/01/2025|54|3640011000000|0.963|0.998|STRUCTURE_TYPE|1|36A041||
01/01/2025|54|3640012000000|4.148|4.153|STRUCTURE_TYPE|1|36A162||
01/01/2025|54|3640017000000|6.469|6.476|STRUCTURE_TYPE|1|36A046||
01/01/2025|54|3640017000000|6.781|6.789|STRUCTURE_TYPE|1|36A047||
01/01/2025|54|3640017000000|7.882|7.891|STRUCTURE_TYPE|1|36A149||
01/01/2025|54|3640017000000|10.797|10.837|STRUCTURE_TYPE|1|36A049||
01/01/2025|54|3640018000000|0.108|0.121|STRUCTURE_TYPE|1|36A050||
01/01/2025|54|3640018000000|3.806|3.816|STRUCTURE_TYPE|1|36A163||
01/01/2025|54|3640018000000|4.48|4.488|STRUCTURE_TYPE|1|36A167||
01/01/2025|54|3640018010000|0.319|0.329|STRUCTURE_TYPE|1|36A123||
01/01/2025|54|3640019000000|2.497|2.516|STRUCTURE_TYPE|1|36A159||
01/01/2025|54|3640019000000|5.03|5.054|STRUCTURE_TYPE|1|36A055||
01/01/2025|54|3640019010000|0.058|0.07|STRUCTURE_TYPE|1|36A142||
01/01/2025|54|3640019010000|0.07|0.074|STRUCTURE_TYPE|1|36A142||
01/01/2025|54|3640021000000|7.458|7.466|STRUCTURE_TYPE|1|36A056||
01/01/2025|54|3640021000000|7.981|8.016|STRUCTURE_TYPE|1|36A057||
01/01/2025|54|3640021010000|1.4|1.405|STRUCTURE_TYPE|1|36A062||
01/01/2025|54|3640021020000|4.639|4.664|STRUCTURE_TYPE|1|36A141||
01/01/2025|54|3640021040000|0.016|0.036|STRUCTURE_TYPE|1|36A136||
01/01/2025|54|3640021060000|0.031|0.046|STRUCTURE_TYPE|1|36A065||
01/01/2025|54|3640021090000|0.127|0.143|STRUCTURE_TYPE|1|36A150||
01/01/2025|54|3640022000000|4.742|4.762|STRUCTURE_TYPE|1|36A147||
01/01/2025|54|3640023000000|6.292|6.302|STRUCTURE_TYPE|1|36A151||
01/01/2025|54|3640023000000|16.968|16.999|STRUCTURE_TYPE|1|36A071||
01/01/2025|54|3640023000000|17.302|17.324|STRUCTURE_TYPE|1|36A072||
01/01/2025|54|3640023020000|4.427|4.435|STRUCTURE_TYPE|1|36A126||
01/01/2025|54|3640025000000|0.058|0.078|STRUCTURE_TYPE|1|36A134||
01/01/2025|54|3640025000000|5.184|5.196|STRUCTURE_TYPE|1|36A074||
01/01/2025|54|3640025000000|5.432|5.452|STRUCTURE_TYPE|1|36A140||
01/01/2025|54|3640025000000|9.161|9.168|STRUCTURE_TYPE|1|36A076||
01/01/2025|54|3640025000000|12.48|12.487|STRUCTURE_TYPE|1|36A077||
01/01/2025|54|3640028030000|0.258|0.27|STRUCTURE_TYPE|1|36A174||
01/01/2025|54|3640028030000|0.27|0.285|STRUCTURE_TYPE|1|36A174||
01/01/2025|54|3640028070000|2.757|2.765|STRUCTURE_TYPE|1|36A084||
01/01/2025|54|3640028080000|0.128|0.157|STRUCTURE_TYPE|1|36A137||
01/01/2025|54|3640028080000|0.229|0.239|STRUCTURE_TYPE|1|36A124||
01/01/2025|54|3640028100000|7.261|7.266|STRUCTURE_TYPE|1|36A086||
01/01/2025|54|3640028110000|0.133|0.146|STRUCTURE_TYPE|1|36A139||
01/01/2025|54|3640030000000|1.799|1.812|STRUCTURE_TYPE|1|36A088||
01/01/2025|54|3640030000000|5.07|5.088|STRUCTURE_TYPE|1|36A091||
01/01/2025|54|3640030010000|0.002|0.014|STRUCTURE_TYPE|1|36A127||
01/01/2025|54|3640032000000|2.46|2.472|STRUCTURE_TYPE|1|36A092||
01/01/2025|54|3640033030000|0.01|0.019|STRUCTURE_TYPE|1|36A106||
01/01/2025|54|3640033140000|0.039|0.047|STRUCTURE_TYPE|1|36A132||
01/01/2025|54|3640220070000|0.006|0.022|STRUCTURE_TYPE|1|36A160||
01/01/2025|54|3640220070000|1.967|1.973|STRUCTURE_TYPE|1|36A117||
01/01/2025|54|3640220090000|0.125|0.131|STRUCTURE_TYPE|1|36A119||
01/01/2025|54|3730002000000|0.0|0.01|STRUCTURE_TYPE|1|37A003||
01/01/2025|54|3730002000000|0.01|0.038|STRUCTURE_TYPE|1|37A003||
01/01/2025|54|3730002000000|3.283|3.289|STRUCTURE_TYPE|1|37A021||
01/01/2025|54|3730002000000|4.407|4.432|STRUCTURE_TYPE|1|37A025||
01/01/2025|54|3730002000000|7.218|7.23|STRUCTURE_TYPE|1|37A031||
01/01/2025|54|3730002000000|7.23|7.251|STRUCTURE_TYPE|1|37A031||
01/01/2025|54|3730002000000|10.967|11.03|STRUCTURE_TYPE|1|37A006||
01/01/2025|54|3730002000000|11.03|11.044|STRUCTURE_TYPE|1|37A006||
01/01/2025|54|37300020000SB|10.074|10.088|STRUCTURE_TYPE|1|37A032||
01/01/2025|54|37308070000SB|0.026|0.03|STRUCTURE_TYPE|1|37A028||
01/01/2025|54|37308070000SB|0.03|0.35|STRUCTURE_TYPE|1|37A028||
01/01/2025|54|3740001050000|2.686|2.694|STRUCTURE_TYPE|1|37A001||
01/01/2025|54|3740001060000|11.736|11.741|STRUCTURE_TYPE|1|37A002||
01/01/2025|54|3740002100000|0.189|0.24|STRUCTURE_TYPE|1|37A027||
01/01/2025|54|3740003000000|4.335|4.36|STRUCTURE_TYPE|1|37A008||
01/01/2025|54|3740003000000|4.36|4.37|STRUCTURE_TYPE|1|37A008||
01/01/2025|54|3740003040000|0.013|0.019|STRUCTURE_TYPE|1|37A009||
01/01/2025|54|3740003080000|0.777|0.804|STRUCTURE_TYPE|1|37A033||
01/01/2025|54|3740005000000|1.083|1.099|STRUCTURE_TYPE|1|37A012||
01/01/2025|54|3740007000000|0.005|0.017|STRUCTURE_TYPE|1|37A034||
01/01/2025|54|3740007000000|3.009|3.058|STRUCTURE_TYPE|1|37A014||
01/01/2025|54|3740012000000|1.849|1.856|STRUCTURE_TYPE|1|37A016||
01/01/2025|54|3740018000000|0.293|0.315|STRUCTURE_TYPE|1|37A030||
01/01/2025|54|3740022000000|0.007|0.018|STRUCTURE_TYPE|1|37A019||
01/01/2025|54|3740030000000|2.302|2.308|STRUCTURE_TYPE|1|37A029||
01/01/2025|54|3740030000000|4.454|4.466|STRUCTURE_TYPE|1|37A024||
01/01/2025|54|3740034000000|0.259|0.264|STRUCTURE_TYPE|1|37A020||
01/01/2025|54|3740034000000|2.043|2.055|STRUCTURE_TYPE|1|37A022||
01/01/2025|54|3740036020000|0.409|0.419|STRUCTURE_TYPE|1|37A023||
01/01/2025|54|38202190000NB|9.86|9.875|STRUCTURE_TYPE|1|38A127||
01/01/2025|54|38202190000NB|19.546|19.562|STRUCTURE_TYPE|1|38A114||
01/01/2025|54|38202190000NB|34.792|34.811|STRUCTURE_TYPE|1|38A115||
01/01/2025|54|38202190000SB|14.727|14.742|STRUCTURE_TYPE|1|38A136||
01/01/2025|54|38202500000NB|5.014|5.028|STRUCTURE_TYPE|1|38A088||
01/01/2025|54|38202500000NB|9.216|9.239|STRUCTURE_TYPE|1|38A111||
01/01/2025|54|38202500000NB|13.145|13.196|STRUCTURE_TYPE|1|38A091||
01/01/2025|54|3830028000000|6.687|6.7|STRUCTURE_TYPE|1|38A032||
01/01/2025|54|3830028000000|6.7|6.712|STRUCTURE_TYPE|1|38A032||
01/01/2025|54|3830028000000|13.954|13.966|STRUCTURE_TYPE|1|38A033||
01/01/2025|54|3830028000000|15.996|16.0|STRUCTURE_TYPE|1|38A034||
01/01/2025|54|3830028000000|16.0|16.02|STRUCTURE_TYPE|1|38A034||
01/01/2025|54|3830028000000|16.106|16.11|STRUCTURE_TYPE|1|38A147||
01/01/2025|54|3830028000000|16.11|16.116|STRUCTURE_TYPE|1|38A147||
01/01/2025|54|3830028000000|19.894|19.921|STRUCTURE_TYPE|1|38A036||
01/01/2025|54|3830028000000|23.261|23.2697|STRUCTURE_TYPE|1|38X001||
01/01/2025|54|3830028000000|23.714|23.72|STRUCTURE_TYPE|1|38A123||
01/01/2025|54|3830028000000|24.803|24.81|STRUCTURE_TYPE|1|38A135||
01/01/2025|54|3830028000000|26.812|26.83|STRUCTURE_TYPE|1|38A040||
01/01/2025|54|3830028000000|33.02|33.05|STRUCTURE_TYPE|1|38A121||
01/01/2025|54|3830028000000|35.402|35.417|STRUCTURE_TYPE|1|38A116||
01/01/2025|54|3830039000000|21.66|21.729|STRUCTURE_TYPE|1|38A053||
01/01/2025|54|3830039000000|27.203|27.253|STRUCTURE_TYPE|1|38A141||
01/01/2025|54|3830039000000|27.764|27.786|STRUCTURE_TYPE|1|38A125||
01/01/2025|54|3830039000000|28.802|28.85|STRUCTURE_TYPE|1|38A056||
01/01/2025|54|3830039000000|30.703|30.71|STRUCTURE_TYPE|1|38A057||
01/01/2025|54|3830039000000|30.71|30.744|STRUCTURE_TYPE|1|38A057||
01/01/2025|54|3830039000000|31.717|31.749|STRUCTURE_TYPE|1|38A058||
01/01/2025|54|3830039000000|34.966|34.972|STRUCTURE_TYPE|1|38A059||
01/01/2025|54|3830066000000|2.357|2.362|STRUCTURE_TYPE|1|38A017||
01/01/2025|54|3830066000000|11.623|11.658|STRUCTURE_TYPE|1|38A133||
01/01/2025|54|3830066000000|15.753|15.787|STRUCTURE_TYPE|1|38A014||
01/01/2025|54|3830084000000|1.534|1.544|STRUCTURE_TYPE|1|38A142||
01/01/2025|54|3830084000000|2.427|2.44|STRUCTURE_TYPE|1|38A130||
01/01/2025|54|3830092000000|0.247|0.254|STRUCTURE_TYPE|1|38A066||
01/01/2025|54|3830092000000|1.438|1.444|STRUCTURE_TYPE|1|38A067||
01/01/2025|54|3830092000000|3.739|3.745|STRUCTURE_TYPE|1|38A068||
01/01/2025|54|3830092000000|4.59|4.597|STRUCTURE_TYPE|1|38A069||
01/01/2025|54|3830092000000|18.938|18.957|STRUCTURE_TYPE|1|38A070||
01/01/2025|54|3830092000000|20.473|20.487|STRUCTURE_TYPE|1|38A071||
01/01/2025|54|3830092000000|21.447|21.456|STRUCTURE_TYPE|1|38A126||
01/01/2025|54|3840001000000|10.975|10.987|STRUCTURE_TYPE|1|38A129||
01/01/2025|54|3840001000000|14.547|14.555|STRUCTURE_TYPE|1|38A124||
01/01/2025|54|3840001000000|15.34|15.347|STRUCTURE_TYPE|1|38A131||
01/01/2025|54|3840001000000|20.541|20.549|STRUCTURE_TYPE|1|38A108||
01/01/2025|54|3840001020000|1.623|1.631|STRUCTURE_TYPE|1|38A006||
01/01/2025|54|3840001040000|0.121|0.16|STRUCTURE_TYPE|1|38A007||
01/01/2025|54|3840001040000|0.758|0.763|STRUCTURE_TYPE|1|38A008||
01/01/2025|54|3840004010000|0.26|0.269|STRUCTURE_TYPE|1|38A148||
01/01/2025|54|3840006000000|5.868|5.882|STRUCTURE_TYPE|1|38A010||
01/01/2025|54|3840006020000|0.433|0.44|STRUCTURE_TYPE|1|38A011||
01/01/2025|54|3840006040000|1.827|1.841|STRUCTURE_TYPE|1|38A012||
01/01/2025|54|3840008000000|0.094|0.106|STRUCTURE_TYPE|1|38A016||
01/01/2025|54|3840011060000|0.004|0.009|STRUCTURE_TYPE|1|38A134||
01/01/2025|54|3840012000000|2.923|2.96|STRUCTURE_TYPE|1|38A019||
01/01/2025|54|3840012000000|2.96|2.975|STRUCTURE_TYPE|1|38A019||
01/01/2025|54|3840012000000|4.835|4.847|STRUCTURE_TYPE|1|38A020||
01/01/2025|54|3840012010000|0.104|0.116|STRUCTURE_TYPE|1|38A045||
01/01/2025|54|3840013000000|3.813|3.819|STRUCTURE_TYPE|1|38A118||
01/01/2025|54|3840015000000|0.1|0.113|STRUCTURE_TYPE|1|38A022||
01/01/2025|54|3840017000000|3.619|3.632|STRUCTURE_TYPE|1|38A023||
01/01/2025|54|3840017010000|1.671|1.679|STRUCTURE_TYPE|1|38A146||
01/01/2025|54|3840017040000|0.417|0.44|STRUCTURE_TYPE|1|38A025||
01/01/2025|54|3840019000000|3.747|3.761|STRUCTURE_TYPE|1|38A026||
01/01/2025|54|3840020000000|0.779|0.793|STRUCTURE_TYPE|1|38A137||
01/01/2025|54|3840020000000|1.371|1.385|STRUCTURE_TYPE|1|38A109||
01/01/2025|54|3840021000000|15.199|15.21|STRUCTURE_TYPE|1|38A029||
01/01/2025|54|3840021010000|0.07|0.078|STRUCTURE_TYPE|1|38A132||
01/01/2025|54|3840021040000|0.018|0.026|STRUCTURE_TYPE|1|38A107||
01/01/2025|54|3840027030000|0.495|0.556|STRUCTURE_TYPE|1|38A031||
01/01/2025|54|3840027030000|1.245|1.253|STRUCTURE_TYPE|1|38A110||
01/01/2025|54|3840027030000|1.726|1.739|STRUCTURE_TYPE|1|38A140||
01/01/2025|54|3840027030000|2.331|2.34|STRUCTURE_TYPE|1|38A104||
01/01/2025|54|3840027030000|2.653|2.662|STRUCTURE_TYPE|1|38A105||
01/01/2025|54|3840027030000|3.307|3.315|STRUCTURE_TYPE|1|38A106||
01/01/2025|54|3840028010000|0.158|0.181|STRUCTURE_TYPE|1|38A043||
01/01/2025|54|3840028030000|1.535|1.542|STRUCTURE_TYPE|1|38A117||
01/01/2025|54|3840028050000|0.198|0.216|STRUCTURE_TYPE|1|38A046||
01/01/2025|54|3840028190000|0.219|0.235|STRUCTURE_TYPE|1|38A120||
01/01/2025|54|3840029000000|5.273|5.289|STRUCTURE_TYPE|1|38A145||
01/01/2025|54|3840029020000|0.06|0.066|STRUCTURE_TYPE|1|38A122||
01/01/2025|54|3840029030000|0.341|0.35|STRUCTURE_TYPE|1|38A144||
01/01/2025|54|3840029030000|0.35|0.351|STRUCTURE_TYPE|1|38A144||
01/01/2025|54|3840031000000|3.318|3.331|STRUCTURE_TYPE|1|38A101||
01/01/2025|54|3840039020000|0.182|0.187|STRUCTURE_TYPE|1|38A097||
01/01/2025|54|3840039020000|0.196|0.216|STRUCTURE_TYPE|1|38A060||
01/01/2025|54|3840039020000|0.974|0.979|STRUCTURE_TYPE|1|38A098||
01/01/2025|54|3840039030000|0.381|0.391|STRUCTURE_TYPE|1|38A062||
01/01/2025|54|3840092010000|0.074|0.082|STRUCTURE_TYPE|1|38A128||
01/01/2025|54|3840219010000|0.009|0.025|STRUCTURE_TYPE|1|38A081||
01/01/2025|54|3840219030000|0.893|0.906|STRUCTURE_TYPE|1|38A082||
01/01/2025|54|3840219030000|1.542|1.554|STRUCTURE_TYPE|1|38A139||
01/01/2025|54|3840219050000|0.003|0.013|STRUCTURE_TYPE|1|38A119||
01/01/2025|54|3840219150000|0.14|0.212|STRUCTURE_TYPE|1|38A138||
01/01/2025|54|3840219360000|0.314|0.324|STRUCTURE_TYPE|1|38A095||
01/01/2025|54|3840250020000|4.018|4.033|STRUCTURE_TYPE|1|38A092||
01/01/2025|54|3840250090000|2.459|2.464|STRUCTURE_TYPE|1|38A096||
01/01/2025|54|38U0001080000|1.535|1.5413|STRUCTURE_TYPE|1|38A143||
01/01/2025|54|39100680000EB|18.084|18.161|STRUCTURE_TYPE|1|39A105||
01/01/2025|54|39100680000EB|22.9|22.932|STRUCTURE_TYPE|1|39A112||
01/01/2025|54|39100680000EB|28.519|28.528|STRUCTURE_TYPE|1|39A108||
01/01/2025|54|39100680000WB|18.081|18.161|STRUCTURE_TYPE|1|39A101||
01/01/2025|54|39100680000WB|22.438|22.443|STRUCTURE_TYPE|1|39A103||
01/01/2025|54|39100680000WB|22.9|22.932|STRUCTURE_TYPE|1|39A104||
01/01/2025|54|39200500000EB|4.385|4.393|STRUCTURE_TYPE|1|39A110||
01/01/2025|54|39200500000EB|12.725|12.737|STRUCTURE_TYPE|1|39A121||
01/01/2025|54|39200500000EB|16.122|16.209|STRUCTURE_TYPE|1|39A109||
01/01/2025|54|39200500000EB|18.705|18.715|STRUCTURE_TYPE|1|39A114||
01/01/2025|54|39200500000WB|5.052|5.06|STRUCTURE_TYPE|1|39A111||
01/01/2025|54|39200500000WB|12.185|12.189|STRUCTURE_TYPE|1|39A185||
01/01/2025|54|39200500000WB|14.153|14.181|STRUCTURE_TYPE|1|39A118||
01/01/2025|54|39200500000WB|28.046|28.056|STRUCTURE_TYPE|1|39A207||
01/01/2025|54|3930007000000|1.464|1.473|STRUCTURE_TYPE|1|39A015||
01/01/2025|54|3930007000000|3.987|3.992|STRUCTURE_TYPE|1|39A016||
01/01/2025|54|3930007000000|15.38|15.4|STRUCTURE_TYPE|1|39A017||
01/01/2025|54|3930007000000|15.4|15.56|STRUCTURE_TYPE|1|39A017||
01/01/2025|54|3930007000000|25.095|25.101|STRUCTURE_TYPE|1|39A019||
01/01/2025|54|3930007000000|26.778|26.816|STRUCTURE_TYPE|1|39A194||
01/01/2025|54|3930026000000|0.289|0.299|STRUCTURE_TYPE|1|39A198||
01/01/2025|54|3930026000000|9.417|9.442|STRUCTURE_TYPE|1|39A244||
01/01/2025|54|3930026000000|14.594|14.599|STRUCTURE_TYPE|1|39A245||
01/01/2025|54|3930026000000|19.094|19.142|STRUCTURE_TYPE|1|39A051||
01/01/2025|54|3930026000000|19.902|19.913|STRUCTURE_TYPE|1|39A049||
01/01/2025|54|3930026000000|22.159|22.164|STRUCTURE_TYPE|1|39A052||
01/01/2025|54|3930026000000|22.894|22.918|STRUCTURE_TYPE|1|39A053||
01/01/2025|54|3930026000000|23.306|23.311|STRUCTURE_TYPE|1|39A054||
01/01/2025|54|3930026000000|29.567|29.582|STRUCTURE_TYPE|1|39A055||
01/01/2025|54|3930026000000|31.372|31.416|STRUCTURE_TYPE|1|39A056||
01/01/2025|54|3930072000000|1.843|1.869|STRUCTURE_TYPE|1|39A236||
01/01/2025|54|3930072000000|6.0|6.008|STRUCTURE_TYPE|1|39A142||
01/01/2025|54|3930072000000|16.19|16.199|STRUCTURE_TYPE|1|39A144||
01/01/2025|54|3930072000000|18.517|18.524|STRUCTURE_TYPE|1|39A146||
01/01/2025|54|3930072000100|0.293|0.299|STRUCTURE_TYPE|1|39A247||
01/01/2025|54|3930092000000|2.933|2.962|STRUCTURE_TYPE|1|39A225||
01/01/2025|54|3930092000000|3.696|3.701|STRUCTURE_TYPE|1|39A204||
01/01/2025|54|3930092000000|7.513|7.517|STRUCTURE_TYPE|1|39A163||
01/01/2025|54|3930092000000|7.556|7.616|STRUCTURE_TYPE|1|39A215||
01/01/2025|54|3930092000000|11.8|11.809|STRUCTURE_TYPE|1|39A166||
01/01/2025|54|3930092000000|12.57|12.576|STRUCTURE_TYPE|1|39A168||
01/01/2025|54|3930092000000|13.083|13.089|STRUCTURE_TYPE|1|39A169||
01/01/2025|54|3930092000000|13.693|13.7|STRUCTURE_TYPE|1|39A170||
01/01/2025|54|3940002000000|0.18|0.19|STRUCTURE_TYPE|1|39A216||
01/01/2025|54|3940002000000|2.316|2.323|STRUCTURE_TYPE|1|39A206||
01/01/2025|54|3940003000000|4.54|4.545|STRUCTURE_TYPE|1|39A220||
01/01/2025|54|3940003000000|7.301|7.309|STRUCTURE_TYPE|1|39A003||
01/01/2025|54|3940003000000|8.922|8.927|STRUCTURE_TYPE|1|39A004||
01/01/2025|54|3940003000000|12.279|12.29|STRUCTURE_TYPE|1|39A005||
01/01/2025|54|3940003000000|15.649|15.672|STRUCTURE_TYPE|1|39A006||
01/01/2025|54|3940003000000|17.987|18.042|STRUCTURE_TYPE|1|39A007||
01/01/2025|54|3940003030000|0.339|0.346|STRUCTURE_TYPE|1|39A008||
01/01/2025|54|3940003040000|1.649|1.655|STRUCTURE_TYPE|1|39A009||
01/01/2025|54|3940003120000|1.439|1.444|STRUCTURE_TYPE|1|39A010||
01/01/2025|54|3940004020000|1.724|1.744|STRUCTURE_TYPE|1|39A242||
01/01/2025|54|3940005000000|5.141|5.195|STRUCTURE_TYPE|1|39A012||
01/01/2025|54|3940005130000|1.7|1.758|STRUCTURE_TYPE|1|39A014||
01/01/2025|54|3940007010000|0.17|0.178|STRUCTURE_TYPE|1|39A021||
01/01/2025|54|3940007020000|0.811|0.824|STRUCTURE_TYPE|1|39A022||
01/01/2025|54|3940007030000|0.31|0.315|STRUCTURE_TYPE|1|39A023||
01/01/2025|54|3940007120000|1.362|1.368|STRUCTURE_TYPE|1|39A203||
01/01/2025|54|3940007120000|2.225|2.241|STRUCTURE_TYPE|1|39A217||
01/01/2025|54|3940007130000|2.293|2.298|STRUCTURE_TYPE|1|39A026||
01/01/2025|54|3940007200000|0.123|0.129|STRUCTURE_TYPE|1|39A233||
01/01/2025|54|3940007260000|0.396|0.414|STRUCTURE_TYPE|1|39A219||
01/01/2025|54|3940007270000|0.54|0.548|STRUCTURE_TYPE|1|39A237||
01/01/2025|54|3940008000000|0.985|0.991|STRUCTURE_TYPE|1|39A221||
01/01/2025|54|3940008000000|2.965|2.974|STRUCTURE_TYPE|1|39A246||
01/01/2025|54|3940008000000|4.383|4.408|STRUCTURE_TYPE|1|39A031||
01/01/2025|54|3940008030000|0.136|0.142|STRUCTURE_TYPE|1|39A032||
01/01/2025|54|3940008040000|0.146|0.166|STRUCTURE_TYPE|1|39A033||
01/01/2025|54|3940008040000|2.193|2.212|STRUCTURE_TYPE|1|39A226||
01/01/2025|54|3940012000000|0.017|0.022|STRUCTURE_TYPE|1|39A036||
01/01/2025|54|3940012000000|2.582|2.643|STRUCTURE_TYPE|1|39A037||
01/01/2025|54|3940014000000|0.665|0.672|STRUCTURE_TYPE|1|39A249||
01/01/2025|54|3940014000000|1.481|1.485|STRUCTURE_TYPE|1|39A193||
01/01/2025|54|3940014040000|2.166|2.209|STRUCTURE_TYPE|1|39A039||
01/01/2025|54|3940017000000|1.236|1.252|STRUCTURE_TYPE|1|39A041||
01/01/2025|54|3940018000000|1.79|1.796|STRUCTURE_TYPE|1|39A042||
01/01/2025|54|3940020000000|1.987|1.993|STRUCTURE_TYPE|1|39A043||
01/01/2025|54|3940021000000|1.302|1.307|STRUCTURE_TYPE|1|39A044||
01/01/2025|54|3940021000000|1.385|1.391|STRUCTURE_TYPE|1|39A045||
01/01/2025|54|3940021020000|3.298|3.308|STRUCTURE_TYPE|1|39A046||
01/01/2025|54|3940024010000|2.419|2.427|STRUCTURE_TYPE|1|39A209||
01/01/2025|54|3940026160000|0.978|0.988|STRUCTURE_TYPE|1|39A231||
01/01/2025|54|3940026210000|0.051|0.06|STRUCTURE_TYPE|1|39A058||
01/01/2025|54|3940026230000|0.158|0.169|STRUCTURE_TYPE|1|39A213||
01/01/2025|54|3940026320000|0.396|0.401|STRUCTURE_TYPE|1|39A060||
01/01/2025|54|3940026380000|1.111|1.119|STRUCTURE_TYPE|1|39A222||
01/01/2025|54|3940026640000|0.01|0.016|STRUCTURE_TYPE|1|39A064||
01/01/2025|54|3940026640000|0.957|0.961|STRUCTURE_TYPE|1|39A901||
01/01/2025|54|3940027000000|0.797|0.805|STRUCTURE_TYPE|1|39A065||
01/01/2025|54|3940027030000|0.313|0.321|STRUCTURE_TYPE|1|39A066||
01/01/2025|54|3940027030000|0.754|0.759|STRUCTURE_TYPE|1|39A189||
01/01/2025|54|3940028000000|5.494|5.5|STRUCTURE_TYPE|1|39A067||
01/01/2025|54|3940028000000|6.744|6.75|STRUCTURE_TYPE|1|39A068||
01/01/2025|54|3940028000000|6.985|6.992|STRUCTURE_TYPE|1|39A069||
01/01/2025|54|3940029000000|1.054|1.059|STRUCTURE_TYPE|1|39A070||
01/01/2025|54|3940029010000|0.003|0.008|STRUCTURE_TYPE|1|39A072||
01/01/2025|54|3940031000000|0.098|0.107|STRUCTURE_TYPE|1|39A075||
01/01/2025|54|3940033000000|0.18|0.188|STRUCTURE_TYPE|1|39A186||
01/01/2025|54|3940033000000|1.641|1.646|STRUCTURE_TYPE|1|39A076||
01/01/2025|54|3940033000000|1.821|1.831|STRUCTURE_TYPE|1|39A077||
01/01/2025|54|3940033000000|1.889|1.894|STRUCTURE_TYPE|1|39A078||
01/01/2025|54|3940033000000|1.954|1.961|STRUCTURE_TYPE|1|39A223||
01/01/2025|54|3940033000000|2.292|2.297|STRUCTURE_TYPE|1|39A080||
01/01/2025|54|3940033000000|2.5|2.505|STRUCTURE_TYPE|1|39A081||
01/01/2025|54|3940033000000|5.204|5.227|STRUCTURE_TYPE|1|39A083||
01/01/2025|54|3940033030000|0.093|0.098|STRUCTURE_TYPE|1|39A084||
01/01/2025|54|3940033050000|1.446|1.451|STRUCTURE_TYPE|1|39A085||
01/01/2025|54|3940033080000|0.37|0.39|STRUCTURE_TYPE|1|39A212||
01/01/2025|54|3940033110000|2.282|2.293|STRUCTURE_TYPE|1|39A086||
01/01/2025|54|3940035000000|0.013|0.017|STRUCTURE_TYPE|1|39A088||
01/01/2025|54|3940035000000|1.748|1.767|STRUCTURE_TYPE|1|39A089||
01/01/2025|54|3940035000000|2.078|2.088|STRUCTURE_TYPE|1|39A090||
01/01/2025|54|3940037000000|1.151|1.156|STRUCTURE_TYPE|1|39A239||
01/01/2025|54|3940037000000|1.503|1.508|STRUCTURE_TYPE|1|39A240||
01/01/2025|54|3940039000000|1.677|1.682|STRUCTURE_TYPE|1|39A091||
01/01/2025|54|3940039000000|1.828|1.833|STRUCTURE_TYPE|1|39A092||
01/01/2025|54|3940039000000|2.566|2.572|STRUCTURE_TYPE|1|39A214||
01/01/2025|54|3940039000000|2.822|2.829|STRUCTURE_TYPE|1|39A094||
01/01/2025|54|3940039000000|3.432|3.44|STRUCTURE_TYPE|1|39A095||
01/01/2025|54|3940042000000|1.148|1.158|STRUCTURE_TYPE|1|39A243||
01/01/2025|54|3940050020000|0.869|0.88|STRUCTURE_TYPE|1|39A113||
01/01/2025|54|3940050240000|0.014|0.024|STRUCTURE_TYPE|1|39A119||
01/01/2025|54|3940050270000|0.037|0.046|STRUCTURE_TYPE|1|39A120||
01/01/2025|54|3940050280000|0.017|0.024|STRUCTURE_TYPE|1|39A074||
01/01/2025|54|3940051000000|0.136|0.231|STRUCTURE_TYPE|1|39A116||
01/01/2025|54|3940051000000|0.73|0.84|STRUCTURE_TYPE|1|39A224||
01/01/2025|54|3940051000000|2.08|2.09|STRUCTURE_TYPE|1|39A241||
01/01/2025|54|3940051000000|5.452|5.46|STRUCTURE_TYPE|1|39A199||
01/01/2025|54|3940051000000|6.389|6.404|STRUCTURE_TYPE|1|39A123||
01/01/2025|54|3940051000000|8.852|8.861|STRUCTURE_TYPE|1|39A124||
01/01/2025|54|3940051030000|0.012|0.019|STRUCTURE_TYPE|1|39A125||
01/01/2025|54|3940051060000|0.071|0.076|STRUCTURE_TYPE|1|39A126||
01/01/2025|54|3940051090000|0.528|0.535|STRUCTURE_TYPE|1|39A180||
01/01/2025|54|3940052000000|0.364|0.373|STRUCTURE_TYPE|1|39A127||
01/01/2025|54|3940052000000|0.906|0.911|STRUCTURE_TYPE|1|39A128||
01/01/2025|54|3940052000000|1.428|1.434|STRUCTURE_TYPE|1|39A130||
01/01/2025|54|3940052000000|2.078|2.085|STRUCTURE_TYPE|1|39A201||
01/01/2025|54|3940052000000|2.816|2.824|STRUCTURE_TYPE|1|39A200||
01/01/2025|54|3940052080000|0.025|0.033|STRUCTURE_TYPE|1|39A202||
01/01/2025|54|3940053010000|0.066|0.072|STRUCTURE_TYPE|1|39A190||
01/01/2025|54|3940066000000|0.655|0.663|STRUCTURE_TYPE|1|39A135||
01/01/2025|54|3940066000000|2.223|2.227|STRUCTURE_TYPE|1|39A218||
01/01/2025|54|3940068070000|0.65|0.657|STRUCTURE_TYPE|1|39A196||
01/01/2025|54|3940068070000|1.049|1.059|STRUCTURE_TYPE|1|39A197||
01/01/2025|54|3940068070000|1.388|1.394|STRUCTURE_TYPE|1|39A250||
01/01/2025|54|3940068070000|2.711|2.717|STRUCTURE_TYPE|1|39A140||
01/01/2025|54|3940068080000|0.0|0.04|STRUCTURE_TYPE|1|39A234||
01/01/2025|54|3940070020000|1.731|1.754|STRUCTURE_TYPE|1|39A230||
01/01/2025|54|3940072030000|0.023|0.034|STRUCTURE_TYPE|1|39A149||
01/01/2025|54|3940072040000|0.011|0.026|STRUCTURE_TYPE|1|39A150||
01/01/2025|54|3940073020000|3.184|3.233|STRUCTURE_TYPE|1|39A151||
01/01/2025|54|3940073110000|0.057|0.101|STRUCTURE_TYPE|1|39A152||
01/01/2025|54|3940073120000|0.064|0.108|STRUCTURE_TYPE|1|39A100||
01/01/2025|54|3940073730000|3.432|3.451|STRUCTURE_TYPE|1|39A238||
01/01/2025|54|3940073730000|8.453|8.477|STRUCTURE_TYPE|1|39A143||
01/01/2025|54|3940074000000|5.768|5.777|STRUCTURE_TYPE|1|39A155||
01/01/2025|54|3940074000000|5.831|5.843|STRUCTURE_TYPE|1|39A208||
01/01/2025|54|3940074030000|0.509|0.514|STRUCTURE_TYPE|1|39A232||
01/01/2025|54|3940076000000|2.244|2.254|STRUCTURE_TYPE|1|39A227||
01/01/2025|54|3940076000000|2.738|2.746|STRUCTURE_TYPE|1|39A228||
01/01/2025|54|3940076000000|3.385|3.393|STRUCTURE_TYPE|1|39A229||
01/01/2025|54|3940076010000|0.053|0.06|STRUCTURE_TYPE|1|39A235||
01/01/2025|54|3940086000000|0.03|0.053|STRUCTURE_TYPE|1|39A160||
01/01/2025|54|3940086000000|0.175|0.182|STRUCTURE_TYPE|1|39A195||
01/01/2025|54|3940092060000|2.207|2.215|STRUCTURE_TYPE|1|39A248||
01/01/2025|54|3940092130000|1.848|1.856|STRUCTURE_TYPE|1|39A175||
01/01/2025|54|3940092140000|1.69|1.709|STRUCTURE_TYPE|1|39A181||
01/01/2025|54|3940092170000|0.008|0.021|STRUCTURE_TYPE|1|39A182||
01/01/2025|54|3940092180000|3.145|3.152|STRUCTURE_TYPE|1|39A183||
01/01/2025|54|3940092300000|0.277|0.282|STRUCTURE_TYPE|1|39A173||
01/01/2025|54|3940092420000|0.43|0.435|STRUCTURE_TYPE|1|39A071||
01/01/2025|54|3940094020000|0.101|0.111|STRUCTURE_TYPE|1|39A192||
01/01/2025|54|3940098000000|0.443|0.452|STRUCTURE_TYPE|1|39A174||
01/01/2025|54|3940106000000|0.755|0.761|STRUCTURE_TYPE|1|39A253||
01/01/2025|54|3940106000000|1.458|1.462|STRUCTURE_TYPE|1|39A251||
01/01/2025|54|3940108000000|0.198|0.203|STRUCTURE_TYPE|1|39A177||
01/01/2025|54|3940108010000|0.135|0.146|STRUCTURE_TYPE|1|39A167||
01/01/2025|54|3940110000000|0.888|0.894|STRUCTURE_TYPE|1|39A178||
01/01/2025|54|3980901130000|0.07|0.078|STRUCTURE_TYPE|1|39A252||
01/01/2025|54|4000327000000|0.012|0.0215|STRUCTURE_TYPE|1|40A903||
01/01/2025|54|4000345000000|0.258|0.2702|STRUCTURE_TYPE|1|40A901||
01/01/2025|54|4000788000000|1.083|1.0898|STRUCTURE_TYPE|1|40A139||
01/01/2025|54|4001471000000|0.012|0.0175|STRUCTURE_TYPE|1|40A905||
01/01/2025|54|40100640000EB|33.147|33.172|STRUCTURE_TYPE|1|40A064||
01/01/2025|54|40100640000EB|34.633|34.659|STRUCTURE_TYPE|1|40A066||
01/01/2025|54|40100640000EB|36.263|36.288|STRUCTURE_TYPE|1|40A067||
01/01/2025|54|40100640000EB|41.51|41.564|STRUCTURE_TYPE|1|40A187||
01/01/2025|54|40100640000EB|43.897|44.175|STRUCTURE_TYPE|1|40A189||
01/01/2025|54|40100640000WB|33.146|33.15|STRUCTURE_TYPE|1|40A065||
01/01/2025|54|40100640000WB|33.15|33.171|STRUCTURE_TYPE|1|40A065||
01/01/2025|54|40100640000WB|34.629|34.63|STRUCTURE_TYPE|1|40A068||
01/01/2025|54|40100640000WB|34.63|34.655|STRUCTURE_TYPE|1|40A068||
01/01/2025|54|40100640000WB|36.27|36.295|STRUCTURE_TYPE|1|40A069||
01/01/2025|54|40100640000WB|38.88|38.884|STRUCTURE_TYPE|1|40A112||
01/01/2025|54|40100640000WB|41.535|41.589|STRUCTURE_TYPE|1|40A188||
01/01/2025|54|40100640000WB|41.904|41.913|STRUCTURE_TYPE|1|40A186||
01/01/2025|54|40100640000WB|43.796|44.066|STRUCTURE_TYPE|1|40A182||
01/01/2025|54|40100640000WB|44.493|44.541|STRUCTURE_TYPE|1|40A190||
01/01/2025|54|40100640000WB|44.654|44.658|STRUCTURE_TYPE|1|40A111||
01/01/2025|54|40100640017EB0040F|0.316|0.539|STRUCTURE_TYPE|1|40A150||
01/01/2025|54|40100640017WB0044C|0.237|0.27|STRUCTURE_TYPE|1|40A185||
01/01/2025|54|40100640017WB0044D|0.109|0.174|STRUCTURE_TYPE|1|40A184||
01/01/2025|54|40200350000NB|0.042|0.074|STRUCTURE_TYPE|1|40A148||
01/01/2025|54|40200350000NB|2.14|2.145|STRUCTURE_TYPE|1|40A147||
01/01/2025|54|40200350000NB|2.508|2.529|STRUCTURE_TYPE|1|40A145||
01/01/2025|54|40200350000NB|8.227|8.262|STRUCTURE_TYPE|1|40A155||
01/01/2025|54|40200350000NB|9.853|9.962|STRUCTURE_TYPE|1|40A157||
01/01/2025|54|40200350000NB|11.841|11.864|STRUCTURE_TYPE|1|40A181||
01/01/2025|54|40200350000NB|14.754|14.888|STRUCTURE_TYPE|1|40A179||
01/01/2025|54|40200350000SB|0.042|0.074|STRUCTURE_TYPE|1|40A149||
01/01/2025|54|40200350000SB|2.494|2.515|STRUCTURE_TYPE|1|40A154||
01/01/2025|54|40200350000SB|8.221|8.256|STRUCTURE_TYPE|1|40A156||
01/01/2025|54|40200350000SB|9.832|9.941|STRUCTURE_TYPE|1|40A158||
01/01/2025|54|40200350000SB|11.841|11.864|STRUCTURE_TYPE|1|40A180||
01/01/2025|54|40200350000SB|14.766|14.895|STRUCTURE_TYPE|1|40A177||
01/01/2025|54|40200600000EB|0.013|0.049|STRUCTURE_TYPE|1|40A142||
01/01/2025|54|40200600000EB|1.807|1.818|STRUCTURE_TYPE|1|40A057||
01/01/2025|54|40200600000WB|7.064|7.069|STRUCTURE_TYPE|1|40A116||
01/01/2025|54|4030025000000|0.462|0.469|STRUCTURE_TYPE|1|40A021||
01/01/2025|54|4030034000000|8.034|8.046|STRUCTURE_TYPE|1|40A029||
01/01/2025|54|4030034000000|9.453|9.475|STRUCTURE_TYPE|1|40A030||
01/01/2025|54|4030034000000|9.936|9.977|STRUCTURE_TYPE|1|40A031||
01/01/2025|54|4030034000000|11.052|11.073|STRUCTURE_TYPE|1|40A134||
01/01/2025|54|4030034000000|14.988|15.026|STRUCTURE_TYPE|1|40A090||
01/01/2025|54|4030034000000|15.251|15.255|STRUCTURE_TYPE|1|40A113||
01/01/2025|54|4030034000000|16.716|16.721|STRUCTURE_TYPE|1|40A151||
01/01/2025|54|4030034000000|19.862|19.87|STRUCTURE_TYPE|1|40A128||
01/01/2025|54|4030034000000|19.87|19.896|STRUCTURE_TYPE|1|40A128||
01/01/2025|54|4030034000000|21.225|21.244|STRUCTURE_TYPE|1|40A162||
01/01/2025|54|4030034000000|21.323|21.595|STRUCTURE_TYPE|1|40A035||
01/01/2025|54|4030062000000|3.055|3.094|STRUCTURE_TYPE|1|40A058||
01/01/2025|54|4030062000000|6.369|6.376|STRUCTURE_TYPE|1|40A059||
01/01/2025|54|4030062000000|14.064|14.09|STRUCTURE_TYPE|1|40A060||
01/01/2025|54|4030062000000|15.676|15.684|STRUCTURE_TYPE|1|40A138||
01/01/2025|54|4030062000000|20.68|20.701|STRUCTURE_TYPE|1|40A143||
01/01/2025|54|4030062000000|23.313|23.345|STRUCTURE_TYPE|1|40A131||
01/01/2025|54|4030817000000|1.02|1.051|STRUCTURE_TYPE|1|40A163||
01/01/2025|54|4030817000000|12.164|12.202|STRUCTURE_TYPE|1|40A093||
01/01/2025|54|4030817000000|14.096|14.14|STRUCTURE_TYPE|1|40A094||
01/01/2025|54|4030817000000|19.111|19.151|STRUCTURE_TYPE|1|40A042||
01/01/2025|54|4030869000000|0.105|0.461|STRUCTURE_TYPE|1|40A123||
01/01/2025|54|4030869000000|0.703|0.753|STRUCTURE_TYPE|1|40A159||
01/01/2025|54|4040005000000|1.684|1.698|STRUCTURE_TYPE|1|40A170||
01/01/2025|54|4040005000000|2.619|2.633|STRUCTURE_TYPE|1|40A002||
01/01/2025|54|4040005000000|4.76|4.77|STRUCTURE_TYPE|1|40A079||
01/01/2025|54|4040005000000|12.585|12.597|STRUCTURE_TYPE|1|40A160||
01/01/2025|54|4040005030000|1.716|1.725|STRUCTURE_TYPE|1|40A004||
01/01/2025|54|4040006000000|5.966|5.985|STRUCTURE_TYPE|1|40A122||
01/01/2025|54|4040007000000|1.163|1.168|STRUCTURE_TYPE|1|40A133||
01/01/2025|54|4040007000000|6.293|6.3|STRUCTURE_TYPE|1|40A169||
01/01/2025|54|4040007000000|7.607|7.615|STRUCTURE_TYPE|1|40A007||
01/01/2025|54|4040010000000|1.697|1.72|STRUCTURE_TYPE|1|40A008||
01/01/2025|54|4040010000000|4.518|4.526|STRUCTURE_TYPE|1|40A144||
01/01/2025|54|4040011000000|0.081|0.092|STRUCTURE_TYPE|1|40A009||
01/01/2025|54|4040011000000|9.665|9.67|STRUCTURE_TYPE|1|40A127||
01/01/2025|54|4040011000000|12.811|12.831|STRUCTURE_TYPE|1|40A010||
01/01/2025|54|4040011010000|0.077|0.09|STRUCTURE_TYPE|1|40A175||
01/01/2025|54|4040011010000|0.09|0.104|STRUCTURE_TYPE|1|40A175||
01/01/2025|54|4040011080000|0.052|0.066|STRUCTURE_TYPE|1|40A135||
01/01/2025|54|4040013000000|11.589|11.599|STRUCTURE_TYPE|1|40A132||
01/01/2025|54|4040014000000|1.991|2.008|STRUCTURE_TYPE|1|40A176||
01/01/2025|54|4040015000000|3.843|3.859|STRUCTURE_TYPE|1|40A168||
01/01/2025|54|4040015000000|5.214|5.223|STRUCTURE_TYPE|1|40A013||
01/01/2025|54|4040019000000|0.322|0.36|STRUCTURE_TYPE|1|40A136||
01/01/2025|54|4040019000000|3.291|3.307|STRUCTURE_TYPE|1|40A014||
01/01/2025|54|4040019000000|6.467|6.49|STRUCTURE_TYPE|1|40A130||
01/01/2025|54|4040019000000|8.531|8.564|STRUCTURE_TYPE|1|40A016||
01/01/2025|54|4040019010000|0.021|0.043|STRUCTURE_TYPE|1|40A137||
01/01/2025|54|4040019030000|0.062|0.07|STRUCTURE_TYPE|1|40A018||
01/01/2025|54|4040019060000|1.272|1.281|STRUCTURE_TYPE|1|40A019||
01/01/2025|54|4040024000000|3.094|3.108|STRUCTURE_TYPE|1|40A086||
01/01/2025|54|4040025020000|0.124|0.146|STRUCTURE_TYPE|1|40A153||
01/01/2025|54|4040025080000|0.21|0.248|STRUCTURE_TYPE|1|40A087||
01/01/2025|54|4040025360000|0.121|0.128|STRUCTURE_TYPE|1|40A124||
01/01/2025|54|4040026000000|0.417|0.427|STRUCTURE_TYPE|1|40A120||
01/01/2025|54|4040027000000|1.666|1.675|STRUCTURE_TYPE|1|40A024||
01/01/2025|54|4040027000000|5.597|5.615|STRUCTURE_TYPE|1|40A025||
01/01/2025|54|4040029000000|4.525|4.538|STRUCTURE_TYPE|1|40A173||
01/01/2025|54|4040029040000|1.799|1.807|STRUCTURE_TYPE|1|40A088||
01/01/2025|54|4040032000000|7.507|7.513|STRUCTURE_TYPE|1|40A141||
01/01/2025|54|4040033000000|0.664|0.67|STRUCTURE_TYPE|1|40A027||
01/01/2025|54|4040033000000|5.924|5.953|STRUCTURE_TYPE|1|40A028||
01/01/2025|54|4040034050000|0.005|0.01|STRUCTURE_TYPE|1|40A115||
01/01/2025|54|4040034080000|4.168|4.209|STRUCTURE_TYPE|1|40A036||
01/01/2025|54|4040034120000|0.019|0.023|STRUCTURE_TYPE|1|40A152||
01/01/2025|54|4040034130000|0.826|0.8313|STRUCTURE_TYPE|1|40A146||
01/01/2025|54|4040034180000|0.397|0.406|STRUCTURE_TYPE|1|40A037||
01/01/2025|54|4040035150000|0.033|0.038|STRUCTURE_TYPE|1|40A109||
01/01/2025|54|4040037000000|3.684|3.698|STRUCTURE_TYPE|1|40A043||
01/01/2025|54|4040038000000|0.013|0.06|STRUCTURE_TYPE|1|40A044||
01/01/2025|54|4040038000000|4.567|4.573|STRUCTURE_TYPE|1|40A172||
01/01/2025|54|4040038000000|4.826|4.834|STRUCTURE_TYPE|1|40A108||
01/01/2025|54|4040038000000|5.147|5.156|STRUCTURE_TYPE|1|40A046||
01/01/2025|54|4040038010000|0.029|0.066|STRUCTURE_TYPE|1|40A171||
01/01/2025|54|4040039000000|0.097|0.106|STRUCTURE_TYPE|1|40A048||
01/01/2025|54|4040040000000|4.572|4.586|STRUCTURE_TYPE|1|40A119||
01/01/2025|54|4040041000000|6.152|6.178|STRUCTURE_TYPE|1|40A051||
01/01/2025|54|4040044000000|3.143|3.148|STRUCTURE_TYPE|1|40A129||
01/01/2025|54|4040044000000|5.562|5.592|STRUCTURE_TYPE|1|40A183||
01/01/2025|54|4040044000000|7.9|7.905|STRUCTURE_TYPE|1|40A099||
01/01/2025|54|4040048000000|0.014|0.019|STRUCTURE_TYPE|1|40A100||
01/01/2025|54|4040050000000|7.421|7.436|STRUCTURE_TYPE|1|40A167||
01/01/2025|54|4040050000000|8.812|8.824|STRUCTURE_TYPE|1|40A055||
01/01/2025|54|4040050000000|10.038|10.042|STRUCTURE_TYPE|1|40A101||
01/01/2025|54|4040050000000|13.002|13.006|STRUCTURE_TYPE|1|40A104||
01/01/2025|54|4040050000000|13.063|13.067|STRUCTURE_TYPE|1|40A105||
01/01/2025|54|4040050000000|13.388|13.392|STRUCTURE_TYPE|1|40A102||
01/01/2025|54|4040052000000|2.228|2.241|STRUCTURE_TYPE|1|40A174||
01/01/2025|54|4040060010000|0.123|0.129|STRUCTURE_TYPE|1|40A140||
01/01/2025|54|4040060020000|1.016|1.03|STRUCTURE_TYPE|1|40A106||
01/01/2025|54|4040060040000|0.229|0.239|STRUCTURE_TYPE|1|40A121||
01/01/2025|54|4040060280000|0.094|0.1|STRUCTURE_TYPE|1|40A114||
01/01/2025|54|4040060280000|0.1|0.102|STRUCTURE_TYPE|1|40A114||
01/01/2025|54|41100640000EB|119.94|120.01|STRUCTURE_TYPE|1|41A189||
01/01/2025|54|41100640000EB|122.897|122.903|STRUCTURE_TYPE|1|41A003||
01/01/2025|54|41100640000EB|123.011|123.156|STRUCTURE_TYPE|1|41A165||
01/01/2025|54|41100640000EB|123.584|123.614|STRUCTURE_TYPE|1|41A172||
01/01/2025|54|41100640000EB|124.869|124.9|STRUCTURE_TYPE|1|41A173||
01/01/2025|54|41100640000EB|124.9|124.928|STRUCTURE_TYPE|1|41A173||
01/01/2025|54|41100640000WB|123.007|123.152|STRUCTURE_TYPE|1|41A166||
01/01/2025|54|41100640000WB|123.582|123.612|STRUCTURE_TYPE|1|41A188||
01/01/2025|54|41100640000WB|124.89|124.951|STRUCTURE_TYPE|1|41A174||
01/01/2025|54|41100640000WB|129.489|129.904|STRUCTURE_TYPE|1|41A164||
01/01/2025|54|41100770000SB|35.905|35.9099|STRUCTURE_TYPE|1|41A234||
01/01/2025|54|41100770016NB|28.899|28.94|STRUCTURE_TYPE|1|41A210||
01/01/2025|54|41100770016NB|29.789|29.815|STRUCTURE_TYPE|1|41A209||
01/01/2025|54|41100770016NB|30.6|30.627|STRUCTURE_TYPE|1|41A207||
01/01/2025|54|41100770016NB|31.429|31.456|STRUCTURE_TYPE|1|41A204||
01/01/2025|54|41100770016NB|33.929|33.959|STRUCTURE_TYPE|1|41A200||
01/01/2025|54|41100770016NB|36.499|36.535|STRUCTURE_TYPE|1|41A224||
01/01/2025|54|41100770016NB|39.3|39.37|STRUCTURE_TYPE|1|41A222||
01/01/2025|54|41100770016NB|39.496|39.556|STRUCTURE_TYPE|1|41A223||
01/01/2025|54|41100770016NB|40.729|40.802|STRUCTURE_TYPE|1|41A221||
01/01/2025|54|41100770016NB|41.908|41.974|STRUCTURE_TYPE|1|41A220||
01/01/2025|54|41100770016NB|42.179|42.245|STRUCTURE_TYPE|1|41A226||
01/01/2025|54|41100770016NB|43.468|43.566|STRUCTURE_TYPE|1|41A219||
01/01/2025|54|41100770016NB|46.779|46.815|STRUCTURE_TYPE|1|41A201||
01/01/2025|54|41100770016NB|47.908|47.942|STRUCTURE_TYPE|1|41A217||
01/01/2025|54|41100770016NB|49.029|49.055|STRUCTURE_TYPE|1|41A218||
01/01/2025|54|41100770016NB|50.185|50.192|STRUCTURE_TYPE|1|41A236||
01/01/2025|54|41100770016NB|50.948|50.983|STRUCTURE_TYPE|1|41A214||
01/01/2025|54|41100770016NB|51.333|51.437|STRUCTURE_TYPE|1|41A215||
01/01/2025|54|41100770016NB|51.941|51.987|STRUCTURE_TYPE|1|41A216||
01/01/2025|54|41100770016SB|28.879|28.92|STRUCTURE_TYPE|1|41A211||
01/01/2025|54|41100770016SB|29.779|29.801|STRUCTURE_TYPE|1|41A208||
01/01/2025|54|41100770016SB|30.661|30.692|STRUCTURE_TYPE|1|41A206||
01/01/2025|54|41100770016SB|31.428|31.462|STRUCTURE_TYPE|1|41A205||
01/01/2025|54|41100770016SB|33.949|33.972|STRUCTURE_TYPE|1|41A203||
01/01/2025|54|41100770016SB|40.731|40.78|STRUCTURE_TYPE|1|41A228||
01/01/2025|54|41100770016SB|40.78|40.802|STRUCTURE_TYPE|1|41A228||
01/01/2025|54|41100770016SB|41.897|41.965|STRUCTURE_TYPE|1|41A225||
01/01/2025|54|41100770016SB|42.179|42.214|STRUCTURE_TYPE|1|41A227||
01/01/2025|54|41100770016SB|43.469|43.573|STRUCTURE_TYPE|1|41A229||
01/01/2025|54|41100770016SB|46.77|46.806|STRUCTURE_TYPE|1|41A202||
01/01/2025|54|41100770016SB|47.909|47.945|STRUCTURE_TYPE|1|41A230||
01/01/2025|54|41100770016SB|48.718|48.723|STRUCTURE_TYPE|1|41A235||
01/01/2025|54|41100770016SB|50.951|51.01|STRUCTURE_TYPE|1|41A233||
01/01/2025|54|41100770016SB|51.323|51.426|STRUCTURE_TYPE|1|41A232||
01/01/2025|54|41100770016SB|51.932|51.989|STRUCTURE_TYPE|1|41A231||
01/01/2025|54|41100770026000033|0.023|0.0357|STRUCTURE_TYPE|1|41A333||
01/01/2025|54|41100770031000001|0.039|0.087|STRUCTURE_TYPE|1|41A237||
01/01/2025|54|41100770031000011|0.13|0.1475|STRUCTURE_TYPE|1|41A238||
01/01/2025|54|41200190000NB|13.212|13.221|STRUCTURE_TYPE|1|41A179||
01/01/2025|54|41200190000NB|13.885|13.901|STRUCTURE_TYPE|1|41A080||
01/01/2025|54|41200190000NB|14.348|14.371|STRUCTURE_TYPE|1|41A334||
01/01/2025|54|41200190000NB|23.257|23.306|STRUCTURE_TYPE|1|41A150||
01/01/2025|54|41200190000SB|16.939|16.944|STRUCTURE_TYPE|1|41A308||
01/01/2025|54|41200190000SB|23.251|23.297|STRUCTURE_TYPE|1|41A151||
01/01/2025|54|41200190001EB|0.223|0.275|STRUCTURE_TYPE|1|41A212||
01/01/2025|54|41200190001EB|0.57|0.594|STRUCTURE_TYPE|1|41A152||
01/01/2025|54|41200190001EB|1.708|1.746|STRUCTURE_TYPE|1|41A195||
01/01/2025|54|41200190001WB|0.234|0.286|STRUCTURE_TYPE|1|41A213||
01/01/2025|54|41200190001WB|0.561|0.585|STRUCTURE_TYPE|1|41A153||
01/01/2025|54|41200190001WB|1.672|1.71|STRUCTURE_TYPE|1|41A199||
01/01/2025|54|41200190014SB|2.013|2.242|STRUCTURE_TYPE|1|41A312||
01/01/2025|54|41200190014SB|3.888|3.8953|STRUCTURE_TYPE|1|41A309||
01/01/2025|54|41200190023WB|0.244|0.579|STRUCTURE_TYPE|1|41A162||
01/01/2025|54|4130003000000|0.782|0.851|STRUCTURE_TYPE|1|41A017||
01/01/2025|54|4130003000000|1.177|1.2|STRUCTURE_TYPE|1|41A018||
01/01/2025|54|4130003000000|23.082|23.086|STRUCTURE_TYPE|1|41A022||
01/01/2025|54|4130003000000|23.698|23.704|STRUCTURE_TYPE|1|41A314||
01/01/2025|54|4130003000000|27.568|27.579|STRUCTURE_TYPE|1|41A025||
01/01/2025|54|4130003000000|32.781|32.828|STRUCTURE_TYPE|1|41A026||
01/01/2025|54|4130003000000|36.016|36.054|STRUCTURE_TYPE|1|41A027||
01/01/2025|54|4130016000000|0.096|0.112|STRUCTURE_TYPE|1|41A068||
01/01/2025|54|4130016000000|0.556|0.569|STRUCTURE_TYPE|1|41A069||
01/01/2025|54|4130016000000|4.668|4.679|STRUCTURE_TYPE|1|41A070||
01/01/2025|54|4130016000000|15.739|15.778|STRUCTURE_TYPE|1|41A168||
01/01/2025|54|4130016000000|16.31|16.385|STRUCTURE_TYPE|1|41A163||
01/01/2025|54|4130016000000|16.466|16.491|STRUCTURE_TYPE|1|41A073||
01/01/2025|54|4130016000000|17.271|17.285|STRUCTURE_TYPE|1|41A074||
01/01/2025|54|4130016000000|18.581|18.589|STRUCTURE_TYPE|1|41A198||
01/01/2025|54|4130041000000|1.811|1.8476|STRUCTURE_TYPE|1|41A338||
01/01/2025|54|4130041000000|9.259|9.296|STRUCTURE_TYPE|1|41A083||
01/01/2025|54|4130054000000|1.673|1.68|STRUCTURE_TYPE|1|41A137||
01/01/2025|54|4130054000000|6.615|6.621|STRUCTURE_TYPE|1|41A181||
01/01/2025|54|4130061000000|2.592|2.596|STRUCTURE_TYPE|1|41A180||
01/01/2025|54|4130099000000|7.484|7.494|STRUCTURE_TYPE|1|41A138||
01/01/2025|54|4130099000000|10.447|10.469|STRUCTURE_TYPE|1|41A140||
01/01/2025|54|4130121000000|10.427|10.472|STRUCTURE_TYPE|1|41A294||
01/01/2025|54|4130121000000|10.697|10.723|STRUCTURE_TYPE|1|41A296||
01/01/2025|54|41301210000SB|10.334|10.379|STRUCTURE_TYPE|1|41A295||
01/01/2025|54|41301210000SB|10.617|10.646|STRUCTURE_TYPE|1|41A297||
01/01/2025|54|4130305000000|2.767|2.781|STRUCTURE_TYPE|1|41A275||
01/01/2025|54|4130305000000|2.839|2.845|STRUCTURE_TYPE|1|41A191||
01/01/2025|54|4130307000000|0.232|0.241|STRUCTURE_TYPE|1|41A190||
01/01/2025|54|4130307000000|6.003|6.013|STRUCTURE_TYPE|1|41A328||
01/01/2025|54|4140001000000|0.039|0.059|STRUCTURE_TYPE|1|41A001||
01/01/2025|54|4140001000000|4.063|4.079|STRUCTURE_TYPE|1|41A261||
01/01/2025|54|4140001000000|8.66|8.675|STRUCTURE_TYPE|1|41A004||
01/01/2025|54|4140001000000|8.92|8.937|STRUCTURE_TYPE|1|41A262||
01/01/2025|54|4140001000000|12.835|12.854|STRUCTURE_TYPE|1|41A006||
01/01/2025|54|4140001000000|12.997|13.007|STRUCTURE_TYPE|1|41A007||
01/01/2025|54|4140001000000|24.511|24.523|STRUCTURE_TYPE|1|41A009||
01/01/2025|54|4140001040000|0.019|0.035|STRUCTURE_TYPE|1|41A010||
01/01/2025|54|4140001040000|0.452|0.46|STRUCTURE_TYPE|1|41A011||
01/01/2025|54|4140001040000|0.769|0.779|STRUCTURE_TYPE|1|41A288||
01/01/2025|54|4140001070000|2.412|2.418|STRUCTURE_TYPE|1|41A146||
01/01/2025|54|4140001080000|0.028|0.038|STRUCTURE_TYPE|1|41A339||
01/01/2025|54|4140001200000|0.004|0.018|STRUCTURE_TYPE|1|41A286||
01/01/2025|54|4140001210000|0.095|0.109|STRUCTURE_TYPE|1|41A283||
01/01/2025|54|4140001220000|0.009|0.027|STRUCTURE_TYPE|1|41A016||
01/01/2025|54|4140001240000|0.004|0.012|STRUCTURE_TYPE|1|41A310||
01/01/2025|54|4140001280000|0.028|0.034|STRUCTURE_TYPE|1|41A161||
01/01/2025|54|4140001340000|0.005|0.014|STRUCTURE_TYPE|1|41A144||
01/01/2025|54|4140003020000|0.048|0.072|STRUCTURE_TYPE|1|41A319||
01/01/2025|54|4140003020000|0.133|0.14|STRUCTURE_TYPE|1|41A336||
01/01/2025|54|4140003040000|0.062|0.068|STRUCTURE_TYPE|1|41A196||
01/01/2025|54|4140003040000|0.403|0.409|STRUCTURE_TYPE|1|41A260||
01/01/2025|54|4140003040000|1.116|1.122|STRUCTURE_TYPE|1|41A147||
01/01/2025|54|4140003040000|1.291|1.297|STRUCTURE_TYPE|1|41A034||
01/01/2025|54|4140003040000|2.121|2.131|STRUCTURE_TYPE|1|41A302||
01/01/2025|54|4140003050000|1.824|1.836|STRUCTURE_TYPE|1|41A035||
01/01/2025|54|4140003060000|0.055|0.063|STRUCTURE_TYPE|1|41A193||
01/01/2025|54|4140003080000|0.376|0.382|STRUCTURE_TYPE|1|41A037||
01/01/2025|54|4140003080000|1.713|1.722|STRUCTURE_TYPE|1|41A038||
01/01/2025|54|4140003080000|2.915|2.923|STRUCTURE_TYPE|1|41A039||
01/01/2025|54|4140003090000|2.79|2.801|STRUCTURE_TYPE|1|41A040||
01/01/2025|54|4140003210000|1.24|1.287|STRUCTURE_TYPE|1|41A178||
01/01/2025|54|4140003210000|1.75|1.755|STRUCTURE_TYPE|1|41A171||
01/01/2025|54|4140003290000|0.018|0.038|STRUCTURE_TYPE|1|41A293||
01/01/2025|54|4140003330000|0.169|0.191|STRUCTURE_TYPE|1|41A044||
01/01/2025|54|4140003380000|0.016|0.082|STRUCTURE_TYPE|1|41A167||
01/01/2025|54|4140003450000|0.006|0.022|STRUCTURE_TYPE|1|41A176||
01/01/2025|54|4140003880000|0.013|0.02|STRUCTURE_TYPE|1|41A024||
01/01/2025|54|4140006000000|5.499|5.531|STRUCTURE_TYPE|1|41A048||
01/01/2025|54|4140006000000|5.57|5.578|STRUCTURE_TYPE|1|41A049||
01/01/2025|54|4140006000000|6.858|6.865|STRUCTURE_TYPE|1|41A284||
01/01/2025|54|4140006000000|8.075|8.085|STRUCTURE_TYPE|1|41A050||
01/01/2025|54|4140007000000|0.245|0.263|STRUCTURE_TYPE|1|41A263||
01/01/2025|54|4140007000000|4.074|4.083|STRUCTURE_TYPE|1|41A053||
01/01/2025|54|4140007000000|6.469|6.49|STRUCTURE_TYPE|1|41A315||
01/01/2025|54|4140008000000|0.087|0.101|STRUCTURE_TYPE|1|41A265||
01/01/2025|54|4140009000000|0.153|0.162|STRUCTURE_TYPE|1|41A057||
01/01/2025|54|4140009000000|5.821|5.87|STRUCTURE_TYPE|1|41A177||
01/01/2025|54|4140010000000|0.876|0.882|STRUCTURE_TYPE|1|41A197||
01/01/2025|54|4140010000000|1.414|1.42|STRUCTURE_TYPE|1|41A058||
01/01/2025|54|4140010000000|2.356|2.365|STRUCTURE_TYPE|1|41A059||
01/01/2025|54|4140010000000|2.465|2.473|STRUCTURE_TYPE|1|41A313||
01/01/2025|54|4140010000000|2.865|2.87|STRUCTURE_TYPE|1|41A061||
01/01/2025|54|4140010000000|3.306|3.315|STRUCTURE_TYPE|1|41A192||
01/01/2025|54|4140010000000|3.499|3.509|STRUCTURE_TYPE|1|41A299||
01/01/2025|54|4140010000000|4.792|4.812|STRUCTURE_TYPE|1|41A279||
01/01/2025|54|4140013000000|0.373|0.39|STRUCTURE_TYPE|1|41A268||
01/01/2025|54|4140013000000|4.475|4.487|STRUCTURE_TYPE|1|41A291||
01/01/2025|54|4140014040000|0.498|0.506|STRUCTURE_TYPE|1|41A321||
01/01/2025|54|4140015020000|2.326|2.335|STRUCTURE_TYPE|1|41A067||
01/01/2025|54|4140015180000|0.097|0.108|STRUCTURE_TYPE|1|41A272||
01/01/2025|54|4140016020000|0.103|0.109|STRUCTURE_TYPE|1|41A304||
01/01/2025|54|4140016020000|0.204|0.215|STRUCTURE_TYPE|1|41A303||
01/01/2025|54|4140016180000|0.009|0.015|STRUCTURE_TYPE|1|41A149||
01/01/2025|54|4140017110000|0.572|0.58|STRUCTURE_TYPE|1|41A194||
01/01/2025|54|4140017110000|0.58|0.583|STRUCTURE_TYPE|1|41A194||
01/01/2025|54|4140019080000|0.58|0.59|STRUCTURE_TYPE|1|41A337||
01/01/2025|54|4140019100000|2.034|2.041|STRUCTURE_TYPE|1|41A087||
01/01/2025|54|4140019120000|0.093|0.104|STRUCTURE_TYPE|1|41A267||
01/01/2025|54|4140019120000|1.54|1.55|STRUCTURE_TYPE|1|41A090||
01/01/2025|54|4140019130000|0.095|0.101|STRUCTURE_TYPE|1|41A278||
01/01/2025|54|4140019210000|3.773|3.78|STRUCTURE_TYPE|1|41A097||
01/01/2025|54|4140019270000|0.011|0.019|STRUCTURE_TYPE|1|41A095||
01/01/2025|54|4140019380000|0.384|0.395|STRUCTURE_TYPE|1|41A096||
01/01/2025|54|4140019410000|3.729|3.74|STRUCTURE_TYPE|1|41A099||
01/01/2025|54|4140019410000|3.74|3.773|STRUCTURE_TYPE|1|41A099||
01/01/2025|54|4140019410000|6.899|6.973|STRUCTURE_TYPE|1|41A184||
01/01/2025|54|4140019450000|0.353|0.361|STRUCTURE_TYPE|1|41A306||
01/01/2025|54|4140019490000|0.039|0.055|STRUCTURE_TYPE|1|41A154||
01/01/2025|54|4140019670000|0.142|0.152|STRUCTURE_TYPE|1|41A305||
01/01/2025|54|4140019870000|0.016|0.024|STRUCTURE_TYPE|1|41A307||
01/01/2025|54|4140020000000|1.978|1.988|STRUCTURE_TYPE|1|41A289||
01/01/2025|54|4140025000000|1.976|1.984|STRUCTURE_TYPE|1|41A301||
01/01/2025|54|4140025000000|3.055|3.091|STRUCTURE_TYPE|1|41A105||
01/01/2025|54|4140025000000|3.175|3.24|STRUCTURE_TYPE|1|41A187||
01/01/2025|54|4140025000000|5.921|5.977|STRUCTURE_TYPE|1|41A175||
01/01/2025|54|4140026000000|8.896|8.903|STRUCTURE_TYPE|1|41A106||
01/01/2025|54|4140026000000|12.02|12.028|STRUCTURE_TYPE|1|41A332||
01/01/2025|54|4140026000000|15.775|15.806|STRUCTURE_TYPE|1|45A094||
01/01/2025|54|4140027000000|1.907|1.915|STRUCTURE_TYPE|1|41A269||
01/01/2025|54|4140027000000|5.923|5.932|STRUCTURE_TYPE|1|41A108||
01/01/2025|54|4140027000000|9.766|9.818|STRUCTURE_TYPE|1|41A186||
01/01/2025|54|4140027100000|0.913|0.957|STRUCTURE_TYPE|1|41A185||
01/01/2025|54|4140028000000|6.383|6.388|STRUCTURE_TYPE|1|41A170||
01/01/2025|54|4140028030000|0.156|0.162|STRUCTURE_TYPE|1|41A109||
01/01/2025|54|4140028060000|0.041|0.046|STRUCTURE_TYPE|1|41A335||
01/01/2025|54|4140029000000|0.178|0.186|STRUCTURE_TYPE|1|41A110||
01/01/2025|54|4140029000000|0.574|0.583|STRUCTURE_TYPE|1|41A111||
01/01/2025|54|4140029020000|0.52|0.533|STRUCTURE_TYPE|1|41A155||
01/01/2025|54|4140029060000|0.006|0.014|STRUCTURE_TYPE|1|41A160||
01/01/2025|54|4140030000000|1.177|1.184|STRUCTURE_TYPE|1|41A112||
01/01/2025|54|4140030000000|1.845|1.855|STRUCTURE_TYPE|1|41A113||
01/01/2025|54|4140031000000|0.83|0.837|STRUCTURE_TYPE|1|41A114||
01/01/2025|54|4140031050000|0.192|0.204|STRUCTURE_TYPE|1|41A290||
01/01/2025|54|4140033000000|0.291|0.3|STRUCTURE_TYPE|1|41A282||
01/01/2025|54|4140033000000|0.55|0.56|STRUCTURE_TYPE|1|41A119||
01/01/2025|54|4140033000000|1.312|1.321|STRUCTURE_TYPE|1|41A120||
01/01/2025|54|4140033000000|3.233|3.242|STRUCTURE_TYPE|1|41A121||
01/01/2025|54|4140033000000|6.293|6.301|STRUCTURE_TYPE|1|41A122||
01/01/2025|54|4140033000000|6.48|6.487|STRUCTURE_TYPE|1|41A123||
01/01/2025|54|4140033010000|0.024|0.034|STRUCTURE_TYPE|1|41A124||
01/01/2025|54|4140033010000|0.133|0.139|STRUCTURE_TYPE|1|41A125||
01/01/2025|54|4140033010000|0.296|0.304|STRUCTURE_TYPE|1|41A126||
01/01/2025|54|4140033020000|0.021|0.028|STRUCTURE_TYPE|1|41A127||
01/01/2025|54|4140033030000|0.082|0.09|STRUCTURE_TYPE|1|41A129||
01/01/2025|54|4140035000000|0.351|0.361|STRUCTURE_TYPE|1|41A130||
01/01/2025|54|4140040000000|1.329|1.335|STRUCTURE_TYPE|1|41A135||
01/01/2025|54|4140041390000|0.1164|0.1323|STRUCTURE_TYPE|1|41A266||
01/01/2025|54|4140103020000|0.006|0.028|STRUCTURE_TYPE|1|41A300||
01/01/2025|54|4140119120000|0.03|0.035|STRUCTURE_TYPE|1|41A318||
01/01/2025|54|4140119300000|0.044|0.053|STRUCTURE_TYPE|1|41A285||
01/01/2025|54|4140119360000|0.257|0.267|STRUCTURE_TYPE|1|41A103||
01/01/2025|54|4140119440000|0.179|0.188|STRUCTURE_TYPE|1|41A311||
01/01/2025|54|4180902160000|0.012|0.022|STRUCTURE_TYPE|1|41A317||
01/01/2025|54|4180902330000|0.011|0.029|STRUCTURE_TYPE|1|41A316||
01/01/2025|54|4180902590000|0.014|0.022|STRUCTURE_TYPE|1|41A323||
01/01/2025|54|4180902650000|0.082|0.09|STRUCTURE_TYPE|1|41A324||
01/01/2025|54|4180902650000|0.278|0.287|STRUCTURE_TYPE|1|41A325||
01/01/2025|54|4180902910000|0.005|0.013|STRUCTURE_TYPE|1|41A327||
01/01/2025|54|4180903290000|0.322|0.33|STRUCTURE_TYPE|1|41A329||
01/01/2025|54|4180904000000|0.007|0.018|STRUCTURE_TYPE|1|41A330||
01/01/2025|54|4180923000000|0.006|0.014|STRUCTURE_TYPE|1|41A331||
01/01/2025|54|4180977000000|0.007|0.019|STRUCTURE_TYPE|1|41A320||
01/01/2025|54|4200076000000|0.051|0.0608|STRUCTURE_TYPE|1|42A265||
01/01/2025|54|4200181000000|0.053|0.0587|STRUCTURE_TYPE|1|42A151||
01/01/2025|54|4200793000000|0.129|0.1856|STRUCTURE_TYPE|1|42A210||
01/01/2025|54|42200330000EB|0.0|0.01|STRUCTURE_TYPE|1|42A172||
01/01/2025|54|42200330000EB|0.01|0.234|STRUCTURE_TYPE|1|42A172||
01/01/2025|54|42200330000EB|6.772|6.872|STRUCTURE_TYPE|1|42A196||
01/01/2025|54|42200330000EB|7.898|7.9|STRUCTURE_TYPE|1|42A194||
01/01/2025|54|42200330000EB|7.9|7.977|STRUCTURE_TYPE|1|42A194||
01/01/2025|54|42200330000EB|8.527|8.535|STRUCTURE_TYPE|1|42A188||
01/01/2025|54|42200330000EB|12.267|12.271|STRUCTURE_TYPE|1|42A073||
01/01/2025|54|42200330000EB|19.546|19.644|STRUCTURE_TYPE|1|42A074||
01/01/2025|54|42200330000EB|19.877|19.897|STRUCTURE_TYPE|1|42A237||
01/01/2025|54|42200330000EB|24.127|24.151|STRUCTURE_TYPE|1|42A217||
01/01/2025|54|42200330000EB|32.023|32.047|STRUCTURE_TYPE|1|42A187||
01/01/2025|54|42200330000EB|33.235|33.2457|STRUCTURE_TYPE|1|42A266||
01/01/2025|54|42200330000WB|0.0|0.251|STRUCTURE_TYPE|1|42A171||
01/01/2025|54|42200330000WB|6.773|6.873|STRUCTURE_TYPE|1|42A195||
01/01/2025|54|42200330000WB|7.887|7.965|STRUCTURE_TYPE|1|42A193||
01/01/2025|54|42200330000WB|8.605|8.622|STRUCTURE_TYPE|1|42A142||
01/01/2025|54|42200330000WB|9.301|9.306|STRUCTURE_TYPE|1|42A244||
01/01/2025|54|42200330000WB|18.451|18.456|STRUCTURE_TYPE|1|42A157||
01/01/2025|54|42200330000WB|26.912|26.939|STRUCTURE_TYPE|1|42A253||
01/01/2025|54|42200480024EB|0.2|0.2141|STRUCTURE_TYPE|1|42A197||
01/01/2025|54|42200480024EB|0.252|0.3005|STRUCTURE_TYPE|1|42A202||
01/01/2025|54|42200480024EB|32.023|32.1119|STRUCTURE_TYPE|1|42A211||
01/01/2025|54|42200480024WB|0.244|0.2923|STRUCTURE_TYPE|1|42A203||
01/01/2025|54|42200480024WB|32.004|32.093|STRUCTURE_TYPE|1|42A212||
01/01/2025|54|42202190000NB|9.676|9.687|STRUCTURE_TYPE|1|42A125||
01/01/2025|54|42202190000NB|12.667|12.698|STRUCTURE_TYPE|1|42A238||
01/01/2025|54|42202190000NB|14.139|14.147|STRUCTURE_TYPE|1|42A250||
01/01/2025|54|42202190000NB|19.12|19.127|STRUCTURE_TYPE|1|42A249||
01/01/2025|54|42202190000NB|23.384|23.403|STRUCTURE_TYPE|1|42A132||
01/01/2025|54|42202190000NB|29.438|29.444|STRUCTURE_TYPE|1|42A221||
01/01/2025|54|42202190000NB|33.091|33.107|STRUCTURE_TYPE|1|42A137||
01/01/2025|54|42202190000NB|37.903|37.923|STRUCTURE_TYPE|1|42A138||
01/01/2025|54|42202190000NB|38.107|38.119|STRUCTURE_TYPE|1|42A139||
01/01/2025|54|42202190000NB|43.951|44.129|STRUCTURE_TYPE|1|42A204||
01/01/2025|54|42202190000NB|45.373|45.482|STRUCTURE_TYPE|1|42A206||
01/01/2025|54|42202190000NB|45.669|45.723|STRUCTURE_TYPE|1|42A208||
01/01/2025|54|42202190000NB|47.305|47.315|STRUCTURE_TYPE|1|42A198||
01/01/2025|54|42202190000SB|2.119|2.133|STRUCTURE_TYPE|1|42A223||
01/01/2025|54|42202190000SB|7.719|7.73|STRUCTURE_TYPE|1|42A257||
01/01/2025|54|42202190000SB|13.158|13.172|STRUCTURE_TYPE|1|42A127||
01/01/2025|54|42202190000SB|15.007|15.019|STRUCTURE_TYPE|1|42A255||
01/01/2025|54|42202190000SB|28.5|28.51|STRUCTURE_TYPE|1|42A231||
01/01/2025|54|42202190000SB|30.974|31.0|STRUCTURE_TYPE|1|42A136||
01/01/2025|54|42202190000SB|31.0|31.012|STRUCTURE_TYPE|1|42A136||
01/01/2025|54|42202190000SB|44.214|44.376|STRUCTURE_TYPE|1|42A205||
01/01/2025|54|42202190000SB|45.731|45.84|STRUCTURE_TYPE|1|42A207||
01/01/2025|54|42202190000SB|46.066|46.122|STRUCTURE_TYPE|1|42A209||
01/01/2025|54|42202500000NB|1.729|1.755|STRUCTURE_TYPE|1|42A263||
01/01/2025|54|42202500000NB|10.392|10.397|STRUCTURE_TYPE|1|42A181||
01/01/2025|54|42202500000NB|11.168|11.173|STRUCTURE_TYPE|1|42A154||
01/01/2025|54|42202500000SB|14.33|14.367|STRUCTURE_TYPE|1|42A235||
01/01/2025|54|4230015000000|11.347|11.375|STRUCTURE_TYPE|1|42A264||
01/01/2025|54|4230032000000|4.911|4.92|STRUCTURE_TYPE|1|42A184||
01/01/2025|54|42300920000SB|35.006|35.039|STRUCTURE_TYPE|1|42A241||
01/01/2025|54|4240001020000|0.967|0.972|STRUCTURE_TYPE|1|42A004||
01/01/2025|54|4240001060000|0.25|0.26|STRUCTURE_TYPE|1|42A178||
01/01/2025|54|4240002000000|0.046|0.056|STRUCTURE_TYPE|1|42A192||
01/01/2025|54|4240003000000|1.619|1.63|STRUCTURE_TYPE|1|42A224||
01/01/2025|54|4240003020000|0.166|0.17|STRUCTURE_TYPE|1|42A262||
01/01/2025|54|4240004020000|0.062|0.07|STRUCTURE_TYPE|1|42A199||
01/01/2025|54|4240005040000|1.308|1.322|STRUCTURE_TYPE|1|42A010||
01/01/2025|54|4240005050000|0.041|0.057|STRUCTURE_TYPE|1|42A011||
01/01/2025|54|4240005060000|0.154|0.162|STRUCTURE_TYPE|1|42A012||
01/01/2025|54|4240005120000|4.294|4.323|STRUCTURE_TYPE|1|42A014||
01/01/2025|54|4240005180000|0.051|0.073|STRUCTURE_TYPE|1|42A190||
01/01/2025|54|4240005200000|0.094|0.102|STRUCTURE_TYPE|1|42A163||
01/01/2025|54|4240005290000|0.241|0.257|STRUCTURE_TYPE|1|42A200||
01/01/2025|54|4240006000000|4.403|4.409|STRUCTURE_TYPE|1|42A016||
01/01/2025|54|4240006000000|5.966|5.978|STRUCTURE_TYPE|1|42A017||
01/01/2025|54|4240006000000|7.443|7.452|STRUCTURE_TYPE|1|42A018||
01/01/2025|54|4240006000000|11.04|11.049|STRUCTURE_TYPE|1|42A214||
01/01/2025|54|4240007000000|0.301|0.307|STRUCTURE_TYPE|1|42A246||
01/01/2025|54|4240007000000|1.332|1.344|STRUCTURE_TYPE|1|42A020||
01/01/2025|54|4240007020000|0.033|0.062|STRUCTURE_TYPE|1|42A021||
01/01/2025|54|4240009000000|9.873|9.878|STRUCTURE_TYPE|1|42A023||
01/01/2025|54|4240009010000|0.635|0.641|STRUCTURE_TYPE|1|42A024||
01/01/2025|54|4240009030000|0.02|0.054|STRUCTURE_TYPE|1|42A248||
01/01/2025|54|4240010000000|11.999|12.009|STRUCTURE_TYPE|1|42A218||
01/01/2025|54|4240011000000|2.074|2.079|STRUCTURE_TYPE|1|42A227||
01/01/2025|54|4240012000000|4.929|4.948|STRUCTURE_TYPE|1|42A027||
01/01/2025|54|4240014000000|0.073|0.1|STRUCTURE_TYPE|1|42A236||
01/01/2025|54|4240014000000|2.806|2.817|STRUCTURE_TYPE|1|42A189||
01/01/2025|54|4240015050000|0.062|0.087|STRUCTURE_TYPE|1|42A031||
01/01/2025|54|4240015050000|0.503|0.517|STRUCTURE_TYPE|1|42A032||
01/01/2025|54|4240015060000|0.029|0.039|STRUCTURE_TYPE|1|42A191||
01/01/2025|54|4240020000000|4.827|4.847|STRUCTURE_TYPE|1|42A033||
01/01/2025|54|4240020000000|9.852|9.866|STRUCTURE_TYPE|1|42A183||
01/01/2025|54|4240021000000|1.498|1.5|STRUCTURE_TYPE|1|42A261||
01/01/2025|54|4240021000000|1.5|1.54|STRUCTURE_TYPE|1|42A261||
01/01/2025|54|4240021000000|6.849|6.862|STRUCTURE_TYPE|1|42A036||
01/01/2025|54|4240021000000|8.839|8.846|STRUCTURE_TYPE|1|42A225||
01/01/2025|54|4240021000000|13.373|13.39|STRUCTURE_TYPE|1|42A038||
01/01/2025|54|4240021000000|13.39|13.412|STRUCTURE_TYPE|1|42A038||
01/01/2025|54|4240021000000|14.1|14.108|STRUCTURE_TYPE|1|42A234||
01/01/2025|54|4240022000000|13.513|13.519|STRUCTURE_TYPE|1|42A041||
01/01/2025|54|4240022000000|14.03|14.056|STRUCTURE_TYPE|1|42A251||
01/01/2025|54|4240022000000|15.743|15.749|STRUCTURE_TYPE|1|42A230||
01/01/2025|54|4240023000000|0.594|0.607|STRUCTURE_TYPE|1|42A219||
01/01/2025|54|4240023000000|2.681|2.7|STRUCTURE_TYPE|1|42A045||
01/01/2025|54|4240023000000|2.7|2.709|STRUCTURE_TYPE|1|42A045||
01/01/2025|54|4240024000000|1.415|1.431|STRUCTURE_TYPE|1|42A046||
01/01/2025|54|4240025000000|0.041|0.048|STRUCTURE_TYPE|1|42A185||
01/01/2025|54|4240025000000|2.568|2.575|STRUCTURE_TYPE|1|42A049||
01/01/2025|54|4240025000000|4.428|4.435|STRUCTURE_TYPE|1|42A226||
01/01/2025|54|4240025000000|5.49|5.498|STRUCTURE_TYPE|1|42A216||
01/01/2025|54|4240025030000|0.153|0.159|STRUCTURE_TYPE|1|42A052||
01/01/2025|54|4240029000000|0.796|0.808|STRUCTURE_TYPE|1|42A053||
01/01/2025|54|4240029000000|6.453|6.466|STRUCTURE_TYPE|1|42A054||
01/01/2025|54|4240029000000|10.826|10.851|STRUCTURE_TYPE|1|42A055||
01/01/2025|54|4240029000000|12.448|12.458|STRUCTURE_TYPE|1|42A056||
01/01/2025|54|4240029000000|15.247|15.266|STRUCTURE_TYPE|1|42A057||
01/01/2025|54|4240029000000|15.881|15.9|STRUCTURE_TYPE|1|42A243||
01/01/2025|54|4240029050000|0.011|0.034|STRUCTURE_TYPE|1|42A260||
01/01/2025|54|4240030000000|3.768|3.779|STRUCTURE_TYPE|1|42A233||
01/01/2025|54|4240030000000|4.825|4.832|STRUCTURE_TYPE|1|42A170||
01/01/2025|54|4240030000000|9.034|9.041|STRUCTURE_TYPE|1|42A061||
01/01/2025|54|4240032040000|0.007|0.024|STRUCTURE_TYPE|1|42A267||
01/01/2025|54|4240032050000|0.122|0.131|STRUCTURE_TYPE|1|42A256||
01/01/2025|54|4240032090000|0.087|0.116|STRUCTURE_TYPE|1|42A067||
01/01/2025|54|4240032100000|0.023|0.03|STRUCTURE_TYPE|1|42A168||
01/01/2025|54|4240033080000|1.862|1.905|STRUCTURE_TYPE|1|42A080||
01/01/2025|54|4240033080000|5.322|5.326|STRUCTURE_TYPE|1|42A201||
01/01/2025|54|4240033140000|0.057|0.067|STRUCTURE_TYPE|1|42A176||
01/01/2025|54|4240035000000|4.939|4.955|STRUCTURE_TYPE|1|42A082||
01/01/2025|54|4240035000000|5.766|5.778|STRUCTURE_TYPE|1|42A083||
01/01/2025|54|4240037000000|0.772|0.811|STRUCTURE_TYPE|1|42A085||
01/01/2025|54|4240037000000|8.174|8.179|STRUCTURE_TYPE|1|42A086||
01/01/2025|54|4240037080000|3.091|3.096|STRUCTURE_TYPE|1|42A167||
01/01/2025|54|4240037080000|4.087|4.095|STRUCTURE_TYPE|1|42A087||
01/01/2025|54|4240037080000|7.067|7.101|STRUCTURE_TYPE|1|42A088||
01/01/2025|54|4240037080000|8.724|8.73|STRUCTURE_TYPE|1|42A089||
01/01/2025|54|4240037080000|15.62|15.635|STRUCTURE_TYPE|1|42A252||
01/01/2025|54|4240039000000|0.68|0.703|STRUCTURE_TYPE|1|42A092||
01/01/2025|54|4240039000000|1.148|1.156|STRUCTURE_TYPE|1|42A175||
01/01/2025|54|4240039000000|3.13|3.14|STRUCTURE_TYPE|1|42A180||
01/01/2025|54|4240039010000|1.144|1.154|STRUCTURE_TYPE|1|42A094||
01/01/2025|54|4240039010000|2.655|2.662|STRUCTURE_TYPE|1|42A162||
01/01/2025|54|4240040000000|0.407|0.412|STRUCTURE_TYPE|1|42A169||
01/01/2025|54|4240040000000|5.791|5.797|STRUCTURE_TYPE|1|42A095||
01/01/2025|54|4240040000000|14.979|14.986|STRUCTURE_TYPE|1|42A096||
01/01/2025|54|4240042000000|5.946|5.964|STRUCTURE_TYPE|1|42A097||
01/01/2025|54|4240043000000|0.165|0.194|STRUCTURE_TYPE|1|42A098||
01/01/2025|54|4240043000000|4.185|4.191|STRUCTURE_TYPE|1|42A182||
01/01/2025|54|4240043000000|5.994|6.0|STRUCTURE_TYPE|1|42A100||
01/01/2025|54|4240045000000|16.207|16.214|STRUCTURE_TYPE|1|42A101||
01/01/2025|54|4240046000000|1.234|1.25|STRUCTURE_TYPE|1|42A103||
01/01/2025|54|4240046000000|1.692|1.708|STRUCTURE_TYPE|1|42A240||
01/01/2025|54|4240046000000|9.265|9.27|STRUCTURE_TYPE|1|42A105||
01/01/2025|54|4240046000000|9.27|9.278|STRUCTURE_TYPE|1|42A105||
01/01/2025|54|4240046000000|21.931|21.938|STRUCTURE_TYPE|1|42A106||
01/01/2025|54|4240046000000|22.732|22.741|STRUCTURE_TYPE|1|42A229||
01/01/2025|54|4240046000000|23.12|23.135|STRUCTURE_TYPE|1|42A186||
01/01/2025|54|4240047000000|3.297|3.303|STRUCTURE_TYPE|1|42A109||
01/01/2025|54|4240049000000|2.693|2.699|STRUCTURE_TYPE|1|42A110||
01/01/2025|54|4240049000000|3.419|3.431|STRUCTURE_TYPE|1|42A177||
01/01/2025|54|4240049000000|3.663|3.668|STRUCTURE_TYPE|1|42A242||
01/01/2025|54|4240049000000|4.578|4.586|STRUCTURE_TYPE|1|42A113||
01/01/2025|54|4240050000000|10.336|10.342|STRUCTURE_TYPE|1|42A173||
01/01/2025|54|4240050000000|10.856|10.863|STRUCTURE_TYPE|1|42A174||
01/01/2025|54|4240051000000|2.657|2.67|STRUCTURE_TYPE|1|42A148||
01/01/2025|54|4240052000000|3.337|3.347|STRUCTURE_TYPE|1|42A213||
01/01/2025|54|4240056000000|0.166|0.188|STRUCTURE_TYPE|1|42A115||
01/01/2025|54|4240056000000|2.839|2.853|STRUCTURE_TYPE|1|42A215||
01/01/2025|54|4240056000000|6.473|6.489|STRUCTURE_TYPE|1|42A164||
01/01/2025|54|4240056010000|1.774|1.781|STRUCTURE_TYPE|1|42A254||
01/01/2025|54|4240058000000|9.166|9.178|STRUCTURE_TYPE|1|42A222||
01/01/2025|54|4240058000000|9.363|9.368|STRUCTURE_TYPE|1|42A220||
01/01/2025|54|4240062000000|0.063|0.079|STRUCTURE_TYPE|1|42A232||
01/01/2025|54|4240062000000|1.489|1.495|STRUCTURE_TYPE|1|42A119||
01/01/2025|54|4240064000000|6.375|6.386|STRUCTURE_TYPE|1|42A120||
01/01/2025|54|4240064060000|0.105|0.1107|STRUCTURE_TYPE|1|42A121||
01/01/2025|54|4240151000000|0.0|0.042|STRUCTURE_TYPE|1|42A068||
01/01/2025|54|4240151000000|9.838|9.85|STRUCTURE_TYPE|1|42A069||
01/01/2025|54|4240151000000|9.85|9.978|STRUCTURE_TYPE|1|42A069||
01/01/2025|54|4240219120000|0.181|0.191|STRUCTURE_TYPE|1|42A147||
01/01/2025|54|4240219160000|4.596|4.605|STRUCTURE_TYPE|1|42A150||
01/01/2025|54|4240219340000|0.119|0.15|STRUCTURE_TYPE|1|42A161||
01/01/2025|54|4240219340000|0.15|0.152|STRUCTURE_TYPE|1|42A161||
01/01/2025|54|4240219340000|0.957|0.96|STRUCTURE_TYPE|1|42A081||
01/01/2025|54|4240219340000|0.96|0.988|STRUCTURE_TYPE|1|42A081||
01/01/2025|54|4240219420000|0.102|0.11|STRUCTURE_TYPE|1|42A179||
01/01/2025|54|4240219860000|1.834|1.86|STRUCTURE_TYPE|1|42A143||
01/01/2025|54|4240219860000|3.223|3.232|STRUCTURE_TYPE|1|42A228||
01/01/2025|54|4240219860000|5.181|5.191|STRUCTURE_TYPE|1|42A245||
01/01/2025|54|4240219870000|0.133|0.141|STRUCTURE_TYPE|1|42A239||
01/01/2025|54|4240250040000|2.735|2.755|STRUCTURE_TYPE|1|42A156||
01/01/2025|54|4272257001900|0.959|0.996|STRUCTURE_TYPE|1|42A901||
01/01/2025|54|4300091000000|0.095|0.0998|STRUCTURE_TYPE|1|43A901||
01/01/2025|54|43200500000EB|2.865|2.897|STRUCTURE_TYPE|1|43A104||
01/01/2025|54|43200500000EB|10.011|10.079|STRUCTURE_TYPE|1|43A198||
01/01/2025|54|43200500000EB|12.438|12.538|STRUCTURE_TYPE|1|43A108||
01/01/2025|54|43200500000EB|12.856|12.887|STRUCTURE_TYPE|1|43A110||
01/01/2025|54|43200500000EB|16.675|16.679|STRUCTURE_TYPE|1|43A112||
01/01/2025|54|43200500000EB|20.602|20.635|STRUCTURE_TYPE|1|43A113||
01/01/2025|54|43200500000WB|2.091|2.098|STRUCTURE_TYPE|1|43A103||
01/01/2025|54|43200500000WB|2.863|2.895|STRUCTURE_TYPE|1|43A105||
01/01/2025|54|43200500000WB|9.998|10.01|STRUCTURE_TYPE|1|43A199||
01/01/2025|54|43200500000WB|10.01|10.067|STRUCTURE_TYPE|1|43A199||
01/01/2025|54|43200500000WB|12.527|12.628|STRUCTURE_TYPE|1|43A109||
01/01/2025|54|43200500000WB|12.887|12.918|STRUCTURE_TYPE|1|43A111||
01/01/2025|54|43200500000WB|20.601|20.634|STRUCTURE_TYPE|1|43A114||
01/01/2025|54|4330016000000|3.594|3.606|STRUCTURE_TYPE|1|43A169||
01/01/2025|54|4330016000000|4.541|4.582|STRUCTURE_TYPE|1|43A044||
01/01/2025|54|4330016000000|5.761|5.766|STRUCTURE_TYPE|1|43A045||
01/01/2025|54|4330016000000|11.49|11.508|STRUCTURE_TYPE|1|43A046||
01/01/2025|54|4330016000000|12.495|12.517|STRUCTURE_TYPE|1|43A047||
01/01/2025|54|4330016000000|13.513|13.524|STRUCTURE_TYPE|1|43A048||
01/01/2025|54|4330016000000|18.928|19.003|STRUCTURE_TYPE|1|43A049||
01/01/2025|54|4330016000000|22.519|22.524|STRUCTURE_TYPE|1|43A051||
01/01/2025|54|4330016000000|24.852|24.863|STRUCTURE_TYPE|1|43A115||
01/01/2025|54|4330031000000|0.634|0.644|STRUCTURE_TYPE|1|43A180||
01/01/2025|54|4330031000000|9.822|9.871|STRUCTURE_TYPE|1|43A200||
01/01/2025|54|4330031000000|10.502|10.511|STRUCTURE_TYPE|1|43A150||
01/01/2025|54|4330047000000|1.947|1.982|STRUCTURE_TYPE|1|43A095||
01/01/2025|54|4330047000000|5.656|5.721|STRUCTURE_TYPE|1|43A189||
01/01/2025|54|4330047000000|7.207|7.251|STRUCTURE_TYPE|1|43A177||
01/01/2025|54|4330047000000|8.261|8.281|STRUCTURE_TYPE|1|43A098||
01/01/2025|54|4330047000000|12.648|12.671|STRUCTURE_TYPE|1|43A203||
01/01/2025|54|4330047000000|20.955|20.966|STRUCTURE_TYPE|1|43A100||
01/01/2025|54|4330053000000|1.466|1.505|STRUCTURE_TYPE|1|43A135||
01/01/2025|54|4330074000000|1.578|1.585|STRUCTURE_TYPE|1|43A008||
01/01/2025|54|4330074000000|1.796|1.802|STRUCTURE_TYPE|1|43A900||
01/01/2025|54|4330074000000|8.779|8.802|STRUCTURE_TYPE|1|43A011||
01/01/2025|54|4330074000000|11.895|11.903|STRUCTURE_TYPE|1|43A197||
01/01/2025|54|4330074000000|13.871|13.876|STRUCTURE_TYPE|1|43A187||
01/01/2025|54|4330074000000|17.85|17.855|STRUCTURE_TYPE|1|43A014||
01/01/2025|54|4330074000000|18.709|18.74|STRUCTURE_TYPE|1|43A015||
01/01/2025|54|4330074000000|18.74|18.747|STRUCTURE_TYPE|1|43A015||
01/01/2025|54|4330074000000|19.811|19.823|STRUCTURE_TYPE|1|43A179||
01/01/2025|54|4330074000000|20.14|20.151|STRUCTURE_TYPE|1|43A202||
01/01/2025|54|4330074000000|23.011|23.016|STRUCTURE_TYPE|1|43A136||
01/01/2025|54|4330074000000|29.264|29.274|STRUCTURE_TYPE|1|43A137||
01/01/2025|54|4330074000000|30.508|30.513|STRUCTURE_TYPE|1|43A139||
01/01/2025|54|4340001000000|2.045|2.063|STRUCTURE_TYPE|1|43A186||
01/01/2025|54|4340003000000|0.568|0.573|STRUCTURE_TYPE|1|43A002||
01/01/2025|54|4340005000000|0.039|0.043|STRUCTURE_TYPE|1|43A192||
01/01/2025|54|4340005000000|5.231|5.268|STRUCTURE_TYPE|1|43A182||
01/01/2025|54|4340005000000|9.21|9.294|STRUCTURE_TYPE|1|43A183||
01/01/2025|54|4340006040000|0.935|0.946|STRUCTURE_TYPE|1|43A007||
01/01/2025|54|4340007110000|0.123|0.135|STRUCTURE_TYPE|1|43A019||
01/01/2025|54|4340007120000|0.804|0.812|STRUCTURE_TYPE|1|43A020||
01/01/2025|54|4340007140000|2.219|2.231|STRUCTURE_TYPE|1|43A181||
01/01/2025|54|4340007180000|4.913|4.933|STRUCTURE_TYPE|1|43A024||
01/01/2025|54|4340007190000|0.008|0.014|STRUCTURE_TYPE|1|43A025||
01/01/2025|54|4340007280000|0.032|0.058|STRUCTURE_TYPE|1|43A196||
01/01/2025|54|4340008000000|0.008|0.016|STRUCTURE_TYPE|1|43A027||
01/01/2025|54|4340009000000|6.07|6.075|STRUCTURE_TYPE|1|43A028||
01/01/2025|54|4340009000000|8.758|8.766|STRUCTURE_TYPE|1|43A029||
01/01/2025|54|4340010000000|2.047|2.075|STRUCTURE_TYPE|1|43A030||
01/01/2025|54|4340010000000|5.869|5.877|STRUCTURE_TYPE|1|43A174||
01/01/2025|54|4340010000000|6.023|6.032|STRUCTURE_TYPE|1|43A171||
01/01/2025|54|4340010000000|6.145|6.152|STRUCTURE_TYPE|1|43A175||
01/01/2025|54|4340010040000|4.194|4.2|STRUCTURE_TYPE|1|43A034||
01/01/2025|54|4340010050000|0.11|0.115|STRUCTURE_TYPE|1|43A133||
01/01/2025|54|4340011000000|3.885|3.907|STRUCTURE_TYPE|1|43A035||
01/01/2025|54|4340011000000|4.74|4.745|STRUCTURE_TYPE|1|43A036||
01/01/2025|54|4340011030000|1.032|1.039|STRUCTURE_TYPE|1|43A167||
01/01/2025|54|4340012000000|1.979|1.985|STRUCTURE_TYPE|1|43A191||
01/01/2025|54|4340013000000|0.013|0.024|STRUCTURE_TYPE|1|43A184||
01/01/2025|54|4340014000000|2.404|2.409|STRUCTURE_TYPE|1|43A162||
01/01/2025|54|4340015000000|0.589|0.606|STRUCTURE_TYPE|1|43A170||
01/01/2025|54|4340015000000|4.987|4.993|STRUCTURE_TYPE|1|43A039||
01/01/2025|54|4340015000000|5.614|5.62|STRUCTURE_TYPE|1|43A040||
01/01/2025|54|4340015000000|8.495|8.501|STRUCTURE_TYPE|1|43A041||
01/01/2025|54|4340015000000|11.325|11.363|STRUCTURE_TYPE|1|43A042||
01/01/2025|54|4340016040000|0.066|0.078|STRUCTURE_TYPE|1|43A052||
01/01/2025|54|4340016040000|0.593|0.609|STRUCTURE_TYPE|1|43A188||
01/01/2025|54|4340016090000|1.22|1.227|STRUCTURE_TYPE|1|43A144||
01/01/2025|54|4340016340000|0.602|0.613|STRUCTURE_TYPE|1|43A166||
01/01/2025|54|4340017000000|0.069|0.094|STRUCTURE_TYPE|1|43A054||
01/01/2025|54|4340017000000|11.658|11.66|STRUCTURE_TYPE|1|43A055||
01/01/2025|54|4340017000000|11.66|11.664|STRUCTURE_TYPE|1|43A055||
01/01/2025|54|4340017000000|13.014|13.026|STRUCTURE_TYPE|1|43A178||
01/01/2025|54|4340017020000|3.65|3.656|STRUCTURE_TYPE|1|43A058||
01/01/2025|54|4340017080000|0.024|0.036|STRUCTURE_TYPE|1|43A059||
01/01/2025|54|4340017090000|1.199|1.203|STRUCTURE_TYPE|1|43A060||
01/01/2025|54|4340018000000|1.595|1.603|STRUCTURE_TYPE|1|43A061||
01/01/2025|54|4340018000000|3.893|3.904|STRUCTURE_TYPE|1|43A062||
01/01/2025|54|4340018000000|6.659|6.665|STRUCTURE_TYPE|1|43A063||
01/01/2025|54|4340019000000|2.93|2.939|STRUCTURE_TYPE|1|43A065||
01/01/2025|54|4340019000000|3.536|3.54|STRUCTURE_TYPE|1|43A064||
01/01/2025|54|4340019000000|3.764|3.8|STRUCTURE_TYPE|1|43A066||
01/01/2025|54|4340019000000|10.098|10.104|STRUCTURE_TYPE|1|43A067||
01/01/2025|54|4340019000000|12.256|12.267|STRUCTURE_TYPE|1|43A069||
01/01/2025|54|4340019040000|0.009|0.022|STRUCTURE_TYPE|1|43A070||
01/01/2025|54|4340021000000|0.034|0.079|STRUCTURE_TYPE|1|43A071||
01/01/2025|54|4340022000000|4.983|4.99|STRUCTURE_TYPE|1|43A073||
01/01/2025|54|4340022030000|0.004|0.017|STRUCTURE_TYPE|1|43A074||
01/01/2025|54|4340022030000|4.968|4.977|STRUCTURE_TYPE|1|43A076||
01/01/2025|54|4340024000000|0.008|0.019|STRUCTURE_TYPE|1|43A077||
01/01/2025|54|4340024000000|1.365|1.37|STRUCTURE_TYPE|1|43A078||
01/01/2025|54|4340024000000|1.37|1.371|STRUCTURE_TYPE|1|43A078||
01/01/2025|54|4340024070000|3.344|3.354|STRUCTURE_TYPE|1|43A145||
01/01/2025|54|4340028000000|1.124|1.128|STRUCTURE_TYPE|1|43A193||
01/01/2025|54|4340028000000|7.373|7.387|STRUCTURE_TYPE|1|43A195||
01/01/2025|54|4340028020000|1.017|1.034|STRUCTURE_TYPE|1|43A083||
01/01/2025|54|4340031040000|4.117|4.141|STRUCTURE_TYPE|1|43A152||
01/01/2025|54|4340031050000|1.207|1.213|STRUCTURE_TYPE|1|43A204||
01/01/2025|54|4340031060000|2.811|2.82|STRUCTURE_TYPE|1|43A093||
01/01/2025|54|4340034000000|4.802|4.814|STRUCTURE_TYPE|1|43A173||
01/01/2025|54|4340034020000|0.035|0.041|STRUCTURE_TYPE|1|43A153||
01/01/2025|54|4340047110000|1.179|1.19|STRUCTURE_TYPE|1|43A194||
01/01/2025|54|4340050040000|1.2|1.212|STRUCTURE_TYPE|1|43A116||
01/01/2025|54|4340050200000|0.039|0.047|STRUCTURE_TYPE|1|43A118||
01/01/2025|54|4340050210000|2.708|2.713|STRUCTURE_TYPE|1|43A154||
01/01/2025|54|4340050340000|1.113|1.125|STRUCTURE_TYPE|1|43A122||
01/01/2025|54|4340050340000|1.32|1.335|STRUCTURE_TYPE|1|43A123||
01/01/2025|54|4340050340000|11.237|11.255|STRUCTURE_TYPE|1|43A201||
01/01/2025|54|4340050390000|2.307|2.315|STRUCTURE_TYPE|1|43A128||
01/01/2025|54|4340050390000|3.617|3.681|STRUCTURE_TYPE|1|43A129||
01/01/2025|54|4340050400000|1.474|1.492|STRUCTURE_TYPE|1|43A131||
01/01/2025|54|4340050670000|0.181|0.186|STRUCTURE_TYPE|1|43A185||
01/01/2025|54|4340074030000|1.551|1.565|STRUCTURE_TYPE|1|43A172||
01/01/2025|54|4340074050000|0.151|0.16|STRUCTURE_TYPE|1|43A140||
01/01/2025|54|4340074090000|2.177|2.188|STRUCTURE_TYPE|1|43A141||
01/01/2025|54|4340074090000|3.146|3.157|STRUCTURE_TYPE|1|43A142||
01/01/2025|54|4360807000000|0.009|0.032|STRUCTURE_TYPE|1|43A156||
01/01/2025|54|44100790000NB|23.197|23.227|STRUCTURE_TYPE|1|44A122||
01/01/2025|54|44100790000NB|25.64|25.668|STRUCTURE_TYPE|1|44A123||
01/01/2025|54|44100790000NB|25.959|26.05|STRUCTURE_TYPE|1|44A124||
01/01/2025|54|44100790000NB|29.2|29.289|STRUCTURE_TYPE|1|44A125||
01/01/2025|54|44100790000NB|29.57|29.641|STRUCTURE_TYPE|1|44A126||
01/01/2025|54|44100790000NB|34.125|34.182|STRUCTURE_TYPE|1|44A127||
01/01/2025|54|44100790000NB|34.25|34.255|STRUCTURE_TYPE|1|44A129||
01/01/2025|54|44100790000SB|23.207|23.233|STRUCTURE_TYPE|1|44A133||
01/01/2025|54|44100790000SB|25.631|25.659|STRUCTURE_TYPE|1|44A134||
01/01/2025|54|44100790000SB|25.958|26.049|STRUCTURE_TYPE|1|44A135||
01/01/2025|54|44100790000SB|29.213|29.302|STRUCTURE_TYPE|1|44A136||
01/01/2025|54|44100790000SB|29.584|29.655|STRUCTURE_TYPE|1|44A137||
01/01/2025|54|44100790000SB|34.103|34.161|STRUCTURE_TYPE|1|44A138||
01/01/2025|54|44200330000EB|3.374|3.38|STRUCTURE_TYPE|1|44A066||
01/01/2025|54|44200330000EB|12.453|12.457|STRUCTURE_TYPE|1|44A069||
01/01/2025|54|44200330000EB|12.749|12.787|STRUCTURE_TYPE|1|44A192||
01/01/2025|54|44200330000EB|18.45|18.455|STRUCTURE_TYPE|1|44A071||
01/01/2025|54|44200330000EB|20.178|20.203|STRUCTURE_TYPE|1|44A072||
01/01/2025|54|44200330000EB|20.413|20.44|STRUCTURE_TYPE|1|44A173||
01/01/2025|54|44200330000WB|6.646|6.66|STRUCTURE_TYPE|1|44A149||
01/01/2025|54|44201190000NB|0.102|0.109|STRUCTURE_TYPE|1|44A103||
01/01/2025|54|44201190000NB|0.899|0.906|STRUCTURE_TYPE|1|44A104||
01/01/2025|54|44201190000NB|4.725|4.733|STRUCTURE_TYPE|1|44A153||
01/01/2025|54|44201190000NB|9.046|9.064|STRUCTURE_TYPE|1|44A109||
01/01/2025|54|44201190000NB|11.752|11.786|STRUCTURE_TYPE|1|44A110||
01/01/2025|54|44201190000NB|18.404|18.412|STRUCTURE_TYPE|1|44A111||
01/01/2025|54|44201190000NB|18.945|18.956|STRUCTURE_TYPE|1|44A112||
01/01/2025|54|44201190000NB|19.088|19.095|STRUCTURE_TYPE|1|44A113||
01/01/2025|54|44201190000NB|19.489|19.501|STRUCTURE_TYPE|1|44A177||
01/01/2025|54|44201190000NB|20.808|20.823|STRUCTURE_TYPE|1|44A179||
01/01/2025|54|44201190000NB|21.996|22.002|STRUCTURE_TYPE|1|44A118||
01/01/2025|54|44201190000SB|7.177|7.189|STRUCTURE_TYPE|1|44A107||
01/01/2025|54|44201190000SB|19.588|19.6|STRUCTURE_TYPE|1|44A178||
01/01/2025|54|44201190000SB|20.955|20.964|STRUCTURE_TYPE|1|44A170||
01/01/2025|54|4430014000000|0.0|0.029|STRUCTURE_TYPE|1|44A198||
01/01/2025|54|4430014000000|3.691|3.697|STRUCTURE_TYPE|1|44A033||
01/01/2025|54|4430014000000|5.458|5.463|STRUCTURE_TYPE|1|44A034||
01/01/2025|54|4430014000000|11.268|11.274|STRUCTURE_TYPE|1|44A037||
01/01/2025|54|4430036000000|0.45|0.474|STRUCTURE_TYPE|1|44A077||
01/01/2025|54|4430036000000|4.337|4.351|STRUCTURE_TYPE|1|44A078||
01/01/2025|54|4430036000000|14.602|14.618|STRUCTURE_TYPE|1|44A079||
01/01/2025|54|4430036000000|25.606|25.612|STRUCTURE_TYPE|1|44A080||
01/01/2025|54|4430036000000|27.977|27.995|STRUCTURE_TYPE|1|44A081||
01/01/2025|54|4430036000000|29.049|29.087|STRUCTURE_TYPE|1|44A082||
01/01/2025|54|4430036000000|29.268|29.282|STRUCTURE_TYPE|1|44A083||
01/01/2025|54|4440001000000|3.009|3.02|STRUCTURE_TYPE|1|44A001||
01/01/2025|54|4440001040000|0.062|0.067|STRUCTURE_TYPE|1|44A002||
01/01/2025|54|4440003000000|0.81|0.819|STRUCTURE_TYPE|1|44A003||
01/01/2025|54|4440003000000|1.845|1.852|STRUCTURE_TYPE|1|44A163||
01/01/2025|54|4440003000000|2.574|2.579|STRUCTURE_TYPE|1|44A005||
01/01/2025|54|4440003000000|6.468|6.478|STRUCTURE_TYPE|1|44A006||
01/01/2025|54|4440004000000|6.119|6.125|STRUCTURE_TYPE|1|44A007||
01/01/2025|54|4440005080000|1.426|1.433|STRUCTURE_TYPE|1|44A008||
01/01/2025|54|4440005210000|0.021|0.025|STRUCTURE_TYPE|1|44A146||
01/01/2025|54|4440005220000|3.411|3.416|STRUCTURE_TYPE|1|44A013||
01/01/2025|54|4440007000000|3.372|3.4|STRUCTURE_TYPE|1|44A015||
01/01/2025|54|4440009000000|1.006|1.017|STRUCTURE_TYPE|1|44A016||
01/01/2025|54|4440009000000|2.327|2.36|STRUCTURE_TYPE|1|44A160||
01/01/2025|54|4440009000000|3.729|3.754|STRUCTURE_TYPE|1|44A165||
01/01/2025|54|4440009000000|4.968|4.976|STRUCTURE_TYPE|1|44A019||
01/01/2025|54|4440009000000|5.503|5.521|STRUCTURE_TYPE|1|44A152||
01/01/2025|54|4440009000000|7.46|7.47|STRUCTURE_TYPE|1|44A189||
01/01/2025|54|4440010000000|0.0|0.023|STRUCTURE_TYPE|1|44A191||
01/01/2025|54|4440010000000|0.023|0.08|STRUCTURE_TYPE|1|44A197||
01/01/2025|54|4440010000000|0.813|0.825|STRUCTURE_TYPE|1|44A024||
01/01/2025|54|4440010000000|4.554|4.566|STRUCTURE_TYPE|1|44A141||
01/01/2025|54|4440011000000|9.238|9.272|STRUCTURE_TYPE|1|44A181||
01/01/2025|54|4440013000000|0.585|0.624|STRUCTURE_TYPE|1|44A157||
01/01/2025|54|4440013000000|7.363|7.393|STRUCTURE_TYPE|1|44A185||
01/01/2025|54|4440013000000|10.613|10.624|STRUCTURE_TYPE|1|44A148||
01/01/2025|54|4440013000000|13.423|13.435|STRUCTURE_TYPE|1|44A030||
01/01/2025|54|4440013130000|0.013|0.027|STRUCTURE_TYPE|1|44A155||
01/01/2025|54|4440013150000|0.023|0.039|STRUCTURE_TYPE|1|44A158||
01/01/2025|54|4440013260000|0.196|0.219|STRUCTURE_TYPE|1|44A184||
01/01/2025|54|4440014150000|0.243|0.249|STRUCTURE_TYPE|1|44A188||
01/01/2025|54|4440015000000|5.979|5.988|STRUCTURE_TYPE|1|44A038||
01/01/2025|54|4440016000000|3.788|3.8|STRUCTURE_TYPE|1|44A174||
01/01/2025|54|4440016000000|4.044|4.05|STRUCTURE_TYPE|1|44A039||
01/01/2025|54|4440019000000|0.631|0.639|STRUCTURE_TYPE|1|44A175||
01/01/2025|54|4440021000000|0.015|0.049|STRUCTURE_TYPE|1|44A041||
01/01/2025|54|4440023000000|0.009|0.028|STRUCTURE_TYPE|1|44A171||
01/01/2025|54|4440023000000|4.037|4.041|STRUCTURE_TYPE|1|44A043||
01/01/2025|54|4440023060000|0.015|0.024|STRUCTURE_TYPE|1|44A044||
01/01/2025|54|4440024000000|5.437|5.442|STRUCTURE_TYPE|1|44A145||
01/01/2025|54|4440025000000|3.663|3.675|STRUCTURE_TYPE|1|44A047||
01/01/2025|54|4440026080000|0.026|0.034|STRUCTURE_TYPE|1|44A151||
01/01/2025|54|4440027000000|0.0|0.012|STRUCTURE_TYPE|1|44A195||
01/01/2025|54|4440027000000|0.012|0.017|STRUCTURE_TYPE|1|44A050||
01/01/2025|54|4440027000000|1.55|1.555|STRUCTURE_TYPE|1|44A051||
01/01/2025|54|4440027000000|7.246|7.253|STRUCTURE_TYPE|1|44A147||
01/01/2025|54|4440027000000|10.469|10.474|STRUCTURE_TYPE|1|44A055||
01/01/2025|54|4440027020000|4.572|4.586|STRUCTURE_TYPE|1|44A182||
01/01/2025|54|4440029000000|0.118|0.128|STRUCTURE_TYPE|1|44A142||
01/01/2025|54|4440029000000|5.656|5.669|STRUCTURE_TYPE|1|44A058||
01/01/2025|54|4440029010000|2.233|2.241|STRUCTURE_TYPE|1|44A180||
01/01/2025|54|4440029010000|3.371|3.376|STRUCTURE_TYPE|1|44A164||
01/01/2025|54|4440029010000|4.651|4.661|STRUCTURE_TYPE|1|44A168||
01/01/2025|54|4440029010000|5.144|5.161|STRUCTURE_TYPE|1|44A060||
01/01/2025|54|4440029020000|0.0|0.007|STRUCTURE_TYPE|1|44A194||
01/01/2025|54|4440029070000|1.629|1.639|STRUCTURE_TYPE|1|44A049||
01/01/2025|54|4440029100000|1.64|1.645|STRUCTURE_TYPE|1|44A063||
01/01/2025|54|4440029130000|0.0|0.024|STRUCTURE_TYPE|1|44A199||
01/01/2025|54|4440033020000|0.03|0.035|STRUCTURE_TYPE|1|44A143||
01/01/2025|54|4440034000000|0.0|0.028|STRUCTURE_TYPE|1|44A196||
01/01/2025|54|4440034000000|4.382|4.387|STRUCTURE_TYPE|1|44A075||
01/01/2025|54|4440034010000|2.81|2.83|STRUCTURE_TYPE|1|44A076||
01/01/2025|54|4440036150000|0.057|0.066|STRUCTURE_TYPE|1|44A084||
01/01/2025|54|4440038000000|0.855|0.881|STRUCTURE_TYPE|1|44A156||
01/01/2025|54|4440046000000|8.809|8.819|STRUCTURE_TYPE|1|44A087||
01/01/2025|54|4440046010000|0.123|0.129|STRUCTURE_TYPE|1|44A190||
01/01/2025|54|4440046040000|0.719|0.726|STRUCTURE_TYPE|1|44A089||
01/01/2025|54|4440050000000|3.499|3.511|STRUCTURE_TYPE|1|44A090||
01/01/2025|54|4440050000000|4.528|4.544|STRUCTURE_TYPE|1|44A091||
01/01/2025|54|4440050000000|5.9|5.908|STRUCTURE_TYPE|1|44A139||
01/01/2025|54|4440052000000|3.666|3.675|STRUCTURE_TYPE|1|44A092||
01/01/2025|54|4440052070000|1.205|1.217|STRUCTURE_TYPE|1|44A176||
01/01/2025|54|4440054000000|0.019|0.025|STRUCTURE_TYPE|1|44A094||
01/01/2025|54|4440056000000|0.973|0.978|STRUCTURE_TYPE|1|44A097||
01/01/2025|54|4440056000000|3.439|3.448|STRUCTURE_TYPE|1|44A098||
01/01/2025|54|4440058000000|0.086|0.1|STRUCTURE_TYPE|1|44A099||
01/01/2025|54|4440058020000|1.475|1.485|STRUCTURE_TYPE|1|44A100||
01/01/2025|54|4440062010000|0.0|0.01|STRUCTURE_TYPE|1|44A193||
01/01/2025|54|4440062010000|0.176|0.181|STRUCTURE_TYPE|1|44A102||
01/01/2025|54|4440119160000|0.096|0.104|STRUCTURE_TYPE|1|44A186||
01/01/2025|54|4440119160000|0.23|0.238|STRUCTURE_TYPE|1|44A187||
01/01/2025|54|4480905000000|0.007|0.019|STRUCTURE_TYPE|1|44A169||
01/01/2025|54|4480905000000|0.55|0.556|STRUCTURE_TYPE|1|44A183||
01/01/2025|54|4480921000000|0.033|0.037|STRUCTURE_TYPE|1|44A154||
01/01/2025|54|45100640000EB|138.01|138.27|STRUCTURE_TYPE|1|45A072||
01/01/2025|54|45100640000EB|138.27|138.586|STRUCTURE_TYPE|1|45A066||
01/01/2025|54|45100640000EB|138.586|138.658|STRUCTURE_TYPE|1|45A070||
01/01/2025|54|45100640000EB|142.916|142.948|STRUCTURE_TYPE|1|45A064||
01/01/2025|54|45100640000EB|143.174|143.2|STRUCTURE_TYPE|1|45A068||
01/01/2025|54|45100640000EB|143.2|143.204|STRUCTURE_TYPE|1|45A068||
01/01/2025|54|45100640000WB|138.01|138.256|STRUCTURE_TYPE|1|45A073||
01/01/2025|54|45100640000WB|138.256|138.6|STRUCTURE_TYPE|1|45A067||
01/01/2025|54|45100640000WB|138.6|138.666|STRUCTURE_TYPE|1|45A071||
01/01/2025|54|45100640000WB|142.913|142.945|STRUCTURE_TYPE|1|45A065||
01/01/2025|54|45100640000WB|143.171|143.201|STRUCTURE_TYPE|1|45A069||
01/01/2025|54|45100640000WB|146.352|146.36|STRUCTURE_TYPE|1|45A046||
01/01/2025|54|4530003000000|9.385|9.56|STRUCTURE_TYPE|1|45A084||
01/01/2025|54|4530003000000|9.56|9.571|STRUCTURE_TYPE|1|45A084||
01/01/2025|54|4530003000000|14.885|14.958|STRUCTURE_TYPE|1|45A090||
01/01/2025|54|4530012000000|1.201|1.2169|STRUCTURE_TYPE|1|45A101||
01/01/2025|54|4530012000000|6.13|6.136|STRUCTURE_TYPE|1|45A025||
01/01/2025|54|4530020000000|9.089|9.3|STRUCTURE_TYPE|1|45A096||
01/01/2025|54|4530020000000|9.3|9.322|STRUCTURE_TYPE|1|45A096||
01/01/2025|54|4530020000000|14.305|14.35|STRUCTURE_TYPE|1|45A061||
01/01/2025|54|4530020000000|14.35|14.55|STRUCTURE_TYPE|1|45A061||
01/01/2025|54|4530020000000|16.523|16.528|STRUCTURE_TYPE|1|45A087||
01/01/2025|54|4530020000000|17.698|17.703|STRUCTURE_TYPE|1|45A075||
01/01/2025|54|4530020000000|24.279|24.29|STRUCTURE_TYPE|1|45A042||
01/01/2025|54|4530020000000|24.29|24.33|STRUCTURE_TYPE|1|45A042||
01/01/2025|54|4530020000000|24.33|24.333|STRUCTURE_TYPE|1|45A042||
01/01/2025|54|4530020000000|24.94|24.959|STRUCTURE_TYPE|1|45A043||
01/01/2025|54|4530020000000|32.13|32.135|STRUCTURE_TYPE|1|45A044||
01/01/2025|54|4530107000000|0.024|0.155|STRUCTURE_TYPE|1|45A088||
01/01/2025|54|4530107000000|1.325|1.417|STRUCTURE_TYPE|1|45A082||
01/01/2025|54|4540001040000|0.008|0.061|STRUCTURE_TYPE|1|45A097||
01/01/2025|54|4540003210000|4.32|4.329|STRUCTURE_TYPE|1|45A009||
01/01/2025|54|4540003210000|6.324|6.333|STRUCTURE_TYPE|1|45A010||
01/01/2025|54|4540004000000|0.008|0.015|STRUCTURE_TYPE|1|45A011||
01/01/2025|54|4540004000000|0.485|0.49|STRUCTURE_TYPE|1|45A086||
01/01/2025|54|4540004000000|0.627|0.637|STRUCTURE_TYPE|1|45A012||
01/01/2025|54|4540004000000|2.571|2.577|STRUCTURE_TYPE|1|45A013||
01/01/2025|54|4540004020000|0.013|0.019|STRUCTURE_TYPE|1|45A014||
01/01/2025|54|4540006000000|0.043|0.049|STRUCTURE_TYPE|1|45A078||
01/01/2025|54|4540006020000|0.278|0.284|STRUCTURE_TYPE|1|45A092||
01/01/2025|54|4540007000000|0.699|0.704|STRUCTURE_TYPE|1|45A017||
01/01/2025|54|4540007000000|17.621|17.626|STRUCTURE_TYPE|1|45A058||
01/01/2025|54|4540007010000|0.224|0.238|STRUCTURE_TYPE|1|45A018||
01/01/2025|54|4540007010000|4.018|4.026|STRUCTURE_TYPE|1|45A019||
01/01/2025|54|4540007140000|0.289|0.298|STRUCTURE_TYPE|1|45A091||
01/01/2025|54|4540010000000|1.886|1.891|STRUCTURE_TYPE|1|45A079||
01/01/2025|54|4540011010000|1.093|1.098|STRUCTURE_TYPE|1|45A023||
01/01/2025|54|4540013000000|0.01|0.091|STRUCTURE_TYPE|1|45A085||
01/01/2025|54|4540014000000|5.755|5.763|STRUCTURE_TYPE|1|45A074||
01/01/2025|54|4540014050000|2.942|2.95|STRUCTURE_TYPE|1|45A029||
01/01/2025|54|4540015000000|0.185|0.25|STRUCTURE_TYPE|1|45A030||
01/01/2025|54|4540015010000|0.512|0.518|STRUCTURE_TYPE|1|45A032||
01/01/2025|54|4540015010000|1.296|1.301|STRUCTURE_TYPE|1|45A033||
01/01/2025|54|4540015010000|1.719|1.725|STRUCTURE_TYPE|1|45A077||
01/01/2025|54|4540017000000|0.076|0.175|STRUCTURE_TYPE|1|45A035||
01/01/2025|54|4540017000000|3.608|3.618|STRUCTURE_TYPE|1|45A089||
01/01/2025|54|4540017000000|4.716|4.723|STRUCTURE_TYPE|1|45A037||
01/01/2025|54|4540019010000|0.505|0.509|STRUCTURE_TYPE|1|45A076||
01/01/2025|54|4540020030000|0.007|0.013|STRUCTURE_TYPE|1|45A045||
01/01/2025|54|4540025030000|0.005|0.014|STRUCTURE_TYPE|1|45A081||
01/01/2025|54|4540027000000|2.901|2.923|STRUCTURE_TYPE|1|45A048||
01/01/2025|54|4540027000000|3.355|3.365|STRUCTURE_TYPE|1|45A049||
01/01/2025|54|4540027000000|3.752|3.762|STRUCTURE_TYPE|1|45A050||
01/01/2025|54|4540027000000|4.13|4.136|STRUCTURE_TYPE|1|45A051||
01/01/2025|54|4540028020000|0.29|0.303|STRUCTURE_TYPE|1|45A052||
01/01/2025|54|4540033000000|2.199|2.236|STRUCTURE_TYPE|1|45A054||
01/01/2025|54|4540033020000|2.348|2.393|STRUCTURE_TYPE|1|45A055||
01/01/2025|54|4560845000000|0.247|0.256|STRUCTURE_TYPE|1|45A095||
01/01/2025|54|4560847000000|0.365|0.393|STRUCTURE_TYPE|1|45A099||
01/01/2025|54|4560852000000|0.197|0.203|STRUCTURE_TYPE|1|45A059||
01/01/2025|54|4600273000000|0.011|0.0202|STRUCTURE_TYPE|1|46A900||
01/01/2025|54|46200500000EB|8.66|8.665|STRUCTURE_TYPE|1|46A069||
01/01/2025|54|46200500000EB|9.203|9.208|STRUCTURE_TYPE|1|46A037||
01/01/2025|54|46200500000EB|9.502|9.507|STRUCTURE_TYPE|1|46A038||
01/01/2025|54|46200500000EB|10.308|10.471|STRUCTURE_TYPE|1|46A079||
01/01/2025|54|46200500000EB|16.564|16.698|STRUCTURE_TYPE|1|46A040||
01/01/2025|54|46201190000NB|5.043|5.052|STRUCTURE_TYPE|1|46A052||
01/01/2025|54|46201190000NB|7.029|7.051|STRUCTURE_TYPE|1|46A053||
01/01/2025|54|46201190000NB|7.929|7.93|STRUCTURE_TYPE|1|46A085||
01/01/2025|54|46201190000NB|7.93|8.058|STRUCTURE_TYPE|1|46A085||
01/01/2025|54|46201190000NB|17.106|17.112|STRUCTURE_TYPE|1|46A054||
01/01/2025|54|46201190000SB|4.92|4.97|STRUCTURE_TYPE|1|46A080||
01/01/2025|54|46202500000SB|10.161|10.167|STRUCTURE_TYPE|1|46A061||
01/01/2025|54|4630076000000|4.554|4.577|STRUCTURE_TYPE|1|46A083||
01/01/2025|54|4630076000000|7.049|7.055|STRUCTURE_TYPE|1|46A049||
01/01/2025|54|4630310000000|3.538|3.547|STRUCTURE_TYPE|1|46A063||
01/01/2025|54|4640001010000|0.014|0.02|STRUCTURE_TYPE|1|46A001||
01/01/2025|54|4640001020000|0.017|0.022|STRUCTURE_TYPE|1|46A002||
01/01/2025|54|4640001040000|0.13|0.134|STRUCTURE_TYPE|1|46A003||
01/01/2025|54|4640002000000|1.001|1.007|STRUCTURE_TYPE|1|46A004||
01/01/2025|54|4640003000000|0.154|0.164|STRUCTURE_TYPE|1|46A092||
01/01/2025|54|4640003000000|0.246|0.251|STRUCTURE_TYPE|1|46A074||
01/01/2025|54|4640003050000|0.756|0.76|STRUCTURE_TYPE|1|46A007||
01/01/2025|54|4640003070000|3.363|3.368|STRUCTURE_TYPE|1|46A008||
01/01/2025|54|4640003120000|0.155|0.163|STRUCTURE_TYPE|1|46A009||
01/01/2025|54|4640003140000|0.223|0.229|STRUCTURE_TYPE|1|46A006||
01/01/2025|54|4640005010000|0.421|0.426|STRUCTURE_TYPE|1|46A011||
01/01/2025|54|4640005050000|1.635|1.645|STRUCTURE_TYPE|1|46A093||
01/01/2025|54|4640007000000|3.195|3.215|STRUCTURE_TYPE|1|46A091||
01/01/2025|54|4640007000000|5.108|5.13|STRUCTURE_TYPE|1|46A014||
01/01/2025|54|4640007040000|0.208|0.214|STRUCTURE_TYPE|1|46A066||
01/01/2025|54|4640008000000|1.772|1.78|STRUCTURE_TYPE|1|46A075||
01/01/2025|54|4640009000000|0.013|0.071|STRUCTURE_TYPE|1|46A094||
01/01/2025|54|4640012000000|1.28|1.286|STRUCTURE_TYPE|1|46A018||
01/01/2025|54|4640013020000|0.02|0.03|STRUCTURE_TYPE|1|46A020||
01/01/2025|54|4640013030000|0.027|0.037|STRUCTURE_TYPE|1|46A095||
01/01/2025|54|4640013050000|0.082|0.086|STRUCTURE_TYPE|1|46A065||
01/01/2025|54|4640013070000|0.034|0.04|STRUCTURE_TYPE|1|46A070||
01/01/2025|54|4640013130000|0.034|0.046|STRUCTURE_TYPE|1|46A022||
01/01/2025|54|4640013170000|0.49|0.504|STRUCTURE_TYPE|1|46A023||
01/01/2025|54|4640013210000|0.699|0.704|STRUCTURE_TYPE|1|46A084||
01/01/2025|54|4640013250000|0.005|0.021|STRUCTURE_TYPE|1|46A025||
01/01/2025|54|4640014000000|0.88|0.888|STRUCTURE_TYPE|1|46A026||
01/01/2025|54|4640016000000|0.014|0.028|STRUCTURE_TYPE|1|46A082||
01/01/2025|54|4640020000000|0.395|0.412|STRUCTURE_TYPE|1|46A028||
01/01/2025|54|4640026000000|1.64|1.646|STRUCTURE_TYPE|1|46A029||
01/01/2025|54|4640026000000|1.721|1.728|STRUCTURE_TYPE|1|46A077||
01/01/2025|54|4640026000000|2.05|2.058|STRUCTURE_TYPE|1|46A086||
01/01/2025|54|4640028000000|2.502|2.507|STRUCTURE_TYPE|1|46A073||
01/01/2025|54|4640028000000|2.781|2.787|STRUCTURE_TYPE|1|46A031||
01/01/2025|54|4640032000000|1.388|1.395|STRUCTURE_TYPE|1|46A072||
01/01/2025|54|4640032010000|1.125|1.13|STRUCTURE_TYPE|1|46A078||
01/01/2025|54|4640038000000|0.052|0.062|STRUCTURE_TYPE|1|46A076||
01/01/2025|54|4640038000000|0.601|0.607|STRUCTURE_TYPE|1|46A034||
01/01/2025|54|4640038000000|1.956|1.961|STRUCTURE_TYPE|1|46A035||
01/01/2025|54|4640040000000|0.259|0.273|STRUCTURE_TYPE|1|46A088||
01/01/2025|54|4640050090000|1.103|1.129|STRUCTURE_TYPE|1|46A089||
01/01/2025|54|4640050090000|1.178|1.207|STRUCTURE_TYPE|1|46A090||
01/01/2025|54|4640054010000|0.005|0.02|STRUCTURE_TYPE|1|46A044||
01/01/2025|54|4640073730000|0.0|0.008|STRUCTURE_TYPE|1|46A041||
01/01/2025|54|4640073730000|1.329|1.33|STRUCTURE_TYPE|1|46A087||
01/01/2025|54|4640119240000|0.809|0.817|STRUCTURE_TYPE|1|46A057||
01/01/2025|54|4640119420000|0.183|0.275|STRUCTURE_TYPE|1|46A064||
01/01/2025|54|4640119520000|0.019|0.027|STRUCTURE_TYPE|1|46A081||
01/01/2025|54|4640250080000|1.732|1.74|STRUCTURE_TYPE|1|46A062||
01/01/2025|54|47200480024EB|21.142|21.1642|STRUCTURE_TYPE|1|47A090||
01/01/2025|54|47200480024WB|21.137|21.1587|STRUCTURE_TYPE|1|47A089||
01/01/2025|54|47202190000NB|8.255|8.297|STRUCTURE_TYPE|1|47A078||
01/01/2025|54|47202190000NB|10.359|10.364|STRUCTURE_TYPE|1|47A057||
01/01/2025|54|47202190000NB|10.94|10.945|STRUCTURE_TYPE|1|47A058||
01/01/2025|54|47202190000NB|21.846|21.87|STRUCTURE_TYPE|1|47A060||
01/01/2025|54|47202190000NB|21.87|21.915|STRUCTURE_TYPE|1|47A060||
01/01/2025|54|47202190000SB|8.894|9.006|STRUCTURE_TYPE|1|47A080||
01/01/2025|54|4730032000000|5.699|5.704|STRUCTURE_TYPE|1|47A028||
01/01/2025|54|4730032000000|13.624|13.667|STRUCTURE_TYPE|1|47A077||
01/01/2025|54|4730038000000|0.655|0.667|STRUCTURE_TYPE|1|47A096||
01/01/2025|54|4730038000000|0.928|0.934|STRUCTURE_TYPE|1|47A033||
01/01/2025|54|4730038000000|1.194|1.199|STRUCTURE_TYPE|1|47A034||
01/01/2025|54|4730072000000|11.891|11.902|STRUCTURE_TYPE|1|47A043||
01/01/2025|54|4730072000000|13.96|13.965|STRUCTURE_TYPE|1|47A044||
01/01/2025|54|4730072000000|15.607|15.636|STRUCTURE_TYPE|1|47A075||
01/01/2025|54|4730072000000|17.153|17.157|STRUCTURE_TYPE|1|47A046||
01/01/2025|54|4730072000000|20.588|20.612|STRUCTURE_TYPE|1|47A097||
01/01/2025|54|4730072000000|25.269|25.27|STRUCTURE_TYPE|1|47A048||
01/01/2025|54|4730072000000|25.27|25.298|STRUCTURE_TYPE|1|47A048||
01/01/2025|54|4730072000000|26.342|26.347|STRUCTURE_TYPE|1|47A079||
01/01/2025|54|4730072000000|26.828|26.834|STRUCTURE_TYPE|1|47A073||
01/01/2025|54|4730072000000|27.779|27.784|STRUCTURE_TYPE|1|47A051||
01/01/2025|54|4730072000000|30.448|30.455|STRUCTURE_TYPE|1|47A052||
01/01/2025|54|4740001000000|0.484|0.564|STRUCTURE_TYPE|1|47A001||
01/01/2025|54|4740001000000|3.018|3.026|STRUCTURE_TYPE|1|47A063||
01/01/2025|54|4740001000000|5.007|5.014|STRUCTURE_TYPE|1|47A002||
01/01/2025|54|4740001000000|5.486|5.494|STRUCTURE_TYPE|1|47A081||
01/01/2025|54|4740001000000|6.378|6.398|STRUCTURE_TYPE|1|47A004||
01/01/2025|54|4740001000000|9.161|9.17|STRUCTURE_TYPE|1|47A066||
01/01/2025|54|4740005000000|0.061|0.149|STRUCTURE_TYPE|1|47A005||
01/01/2025|54|4740007000000|5.349|5.355|STRUCTURE_TYPE|1|47A082||
01/01/2025|54|4740007000000|7.172|7.179|STRUCTURE_TYPE|1|47A009||
01/01/2025|54|4740007000000|7.81|7.817|STRUCTURE_TYPE|1|47A010||
01/01/2025|54|4740007000000|8.028|8.038|STRUCTURE_TYPE|1|47A085||
01/01/2025|54|4740008000000|0.119|0.129|STRUCTURE_TYPE|1|47A065||
01/01/2025|54|4740008000000|0.741|0.748|STRUCTURE_TYPE|1|47A068||
01/01/2025|54|4740008000000|1.334|1.339|STRUCTURE_TYPE|1|47A071||
01/01/2025|54|4740009000000|3.805|3.814|STRUCTURE_TYPE|1|47A083||
01/01/2025|54|4740009000000|4.112|4.129|STRUCTURE_TYPE|1|47A014||
01/01/2025|54|4740011000000|5.278|5.29|STRUCTURE_TYPE|1|47A015||
01/01/2025|54|4740011000000|5.664|5.67|STRUCTURE_TYPE|1|47A016||
01/01/2025|54|4740012000000|0.06|0.069|STRUCTURE_TYPE|1|47A017||
01/01/2025|54|4740013000000|3.991|3.997|STRUCTURE_TYPE|1|47A067||
01/01/2025|54|4740015030000|1.001|1.009|STRUCTURE_TYPE|1|47A093||
01/01/2025|54|4740015030000|1.697|1.704|STRUCTURE_TYPE|1|47A094||
01/01/2025|54|4740017000000|9.237|9.244|STRUCTURE_TYPE|1|47A019||
01/01/2025|54|4740021000000|6.618|6.625|STRUCTURE_TYPE|1|47A020||
01/01/2025|54|4740021000000|9.837|9.85|STRUCTURE_TYPE|1|47A021||
01/01/2025|54|4740023000000|1.947|1.955|STRUCTURE_TYPE|1|47A022||
01/01/2025|54|4740025000000|0.147|0.154|STRUCTURE_TYPE|1|47A023||
01/01/2025|54|4740027000000|0.461|0.467|STRUCTURE_TYPE|1|47A024||
01/01/2025|54|4740027000000|1.721|1.737|STRUCTURE_TYPE|1|47A025||
01/01/2025|54|4740027040000|0.075|0.089|STRUCTURE_TYPE|1|47A026||
01/01/2025|54|4740029010000|0.229|0.255|STRUCTURE_TYPE|1|47A027||
01/01/2025|54|4740032180000|0.154|0.174|STRUCTURE_TYPE|1|47A072||
01/01/2025|54|4740032332400|0.029|0.0559|STRUCTURE_TYPE|1|47A091||
01/01/2025|54|4740035000000|2.317|2.326|STRUCTURE_TYPE|1|47A084||
01/01/2025|54|4740035160000|0.973|0.982|STRUCTURE_TYPE|1|47A087||
01/01/2025|54|4740035180000|0.092|0.102|STRUCTURE_TYPE|1|47A092||
01/01/2025|54|4740039000000|2.094|2.105|STRUCTURE_TYPE|1|47A086||
01/01/2025|54|4740039000000|2.676|2.685|STRUCTURE_TYPE|1|47A076||
01/01/2025|54|4740039000000|4.684|4.691|STRUCTURE_TYPE|1|47A070||
01/01/2025|54|4740043120000|1.551|1.558|STRUCTURE_TYPE|1|47A069||
01/01/2025|54|4740045000000|2.117|2.154|STRUCTURE_TYPE|1|47A039||
01/01/2025|54|4740045010000|0.0|0.02|STRUCTURE_TYPE|1|47A040||
01/01/2025|54|4740047010000|0.409|0.417|STRUCTURE_TYPE|1|47A088||
01/01/2025|54|4740072100000|0.142|0.148|STRUCTURE_TYPE|1|47A064||
01/01/2025|54|4740219070000|2.351|2.358|STRUCTURE_TYPE|1|47A095||
01/01/2025|54|4740219100000|0.096|0.101|STRUCTURE_TYPE|1|47A074||
01/01/2025|54|4800008000000|0.003|0.0378|STRUCTURE_TYPE|1|48A900||
01/01/2025|54|4830002000000|8.84|8.869|STRUCTURE_TYPE|1|48A093||
01/01/2025|54|4830018000000|4.446|4.482|STRUCTURE_TYPE|1|48A107||
01/01/2025|54|4830018000000|9.703|9.709|STRUCTURE_TYPE|1|48A094||
01/01/2025|54|4830018000000|10.104|10.11|STRUCTURE_TYPE|1|48A104||
01/01/2025|54|4830018000000|10.11|10.139|STRUCTURE_TYPE|1|48A104||
01/01/2025|54|4830018000000|10.286|10.325|STRUCTURE_TYPE|1|48A033||
01/01/2025|54|4830018000000|11.528|11.553|STRUCTURE_TYPE|1|48A034||
01/01/2025|54|4830018000000|19.402|19.434|STRUCTURE_TYPE|1|48A101||
01/01/2025|54|4830018000000|20.528|20.563|STRUCTURE_TYPE|1|48A087||
01/01/2025|54|4830018000000|21.839|21.865|STRUCTURE_TYPE|1|48A037||
01/01/2025|54|4830018000000|22.478|22.494|STRUCTURE_TYPE|1|48A074||
01/01/2025|54|4830018000000|23.266|23.277|STRUCTURE_TYPE|1|48A039||
01/01/2025|54|4830018000000|26.028|26.035|STRUCTURE_TYPE|1|48A040||
01/01/2025|54|4830018000000|27.457|27.462|STRUCTURE_TYPE|1|48A100||
01/01/2025|54|4830023000000|7.448|7.458|STRUCTURE_TYPE|1|48A108||
01/01/2025|54|4830180000000|3.239|3.256|STRUCTURE_TYPE|1|48A041||
01/01/2025|54|4840001000000|7.26|7.271|STRUCTURE_TYPE|1|48A001||
01/01/2025|54|4840006000000|0.0|0.0105|STRUCTURE_TYPE|1|48X001||
01/01/2025|54|4840006000000|2.757|2.763|STRUCTURE_TYPE|1|48A003||
01/01/2025|54|4840006000000|3.45|3.459|STRUCTURE_TYPE|1|48A004||
01/01/2025|54|4840006000000|9.95|10.011|STRUCTURE_TYPE|1|48A086||
01/01/2025|54|4840006030000|4.412|4.418|STRUCTURE_TYPE|1|48A006||
01/01/2025|54|4840006030000|4.675|4.693|STRUCTURE_TYPE|1|48A083||
01/01/2025|54|4840006050000|1.33|1.338|STRUCTURE_TYPE|1|48A008||
01/01/2025|54|4840007000000|4.168|4.178|STRUCTURE_TYPE|1|48A009||
01/01/2025|54|4840007000000|7.268|7.272|STRUCTURE_TYPE|1|48A105||
01/01/2025|54|4840007000000|10.493|10.509|STRUCTURE_TYPE|1|48A098||
01/01/2025|54|4840007000000|10.706|10.718|STRUCTURE_TYPE|1|48A013||
01/01/2025|54|4840007050000|2.347|2.353|STRUCTURE_TYPE|1|48A066||
01/01/2025|54|4840010000000|1.564|1.613|STRUCTURE_TYPE|1|48A088||
01/01/2025|54|4840010000000|2.526|2.533|STRUCTURE_TYPE|1|48A015||
01/01/2025|54|4840010000000|2.728|2.734|STRUCTURE_TYPE|1|48A016||
01/01/2025|54|4840010000000|6.478|6.488|STRUCTURE_TYPE|1|48A080||
01/01/2025|54|4840010010000|3.53|3.58|STRUCTURE_TYPE|1|48A089||
01/01/2025|54|4840011000000|0.033|0.054|STRUCTURE_TYPE|1|48A019||
01/01/2025|54|4840011000000|2.556|2.575|STRUCTURE_TYPE|1|48A084||
01/01/2025|54|4840011000000|3.438|3.449|STRUCTURE_TYPE|1|48A077||
01/01/2025|54|4840011000000|5.922|5.928|STRUCTURE_TYPE|1|48A023||
01/01/2025|54|4840011060000|0.387|0.402|STRUCTURE_TYPE|1|48A072||
01/01/2025|54|4840011080000|0.036|0.044|STRUCTURE_TYPE|1|48A070||
01/01/2025|54|4840013000000|0.921|0.927|STRUCTURE_TYPE|1|48A067||
01/01/2025|54|4840013000000|6.058|6.07|STRUCTURE_TYPE|1|48A097||
01/01/2025|54|4840013010000|0.333|0.339|STRUCTURE_TYPE|1|48A025||
01/01/2025|54|4840013040000|1.919|1.931|STRUCTURE_TYPE|1|48A091||
01/01/2025|54|4840013050000|0.107|0.118|STRUCTURE_TYPE|1|48A081||
01/01/2025|54|4840014000000|1.785|1.807|STRUCTURE_TYPE|1|48A027||
01/01/2025|54|4840014040000|0.254|0.302|STRUCTURE_TYPE|1|48A103||
01/01/2025|54|4840018020000|2.88|2.8846|STRUCTURE_TYPE|1|48A109||
01/01/2025|54|4840018020000|3.84|3.851|STRUCTURE_TYPE|1|48A078||
01/01/2025|54|4840018030000|0.032|0.04|STRUCTURE_TYPE|1|48A068||
01/01/2025|54|4840018040000|3.187|3.201|STRUCTURE_TYPE|1|48A058||
01/01/2025|54|4840018070000|3.748|3.798|STRUCTURE_TYPE|1|48A102||
01/01/2025|54|4840018200000|0.007|0.028|STRUCTURE_TYPE|1|48A071||
01/01/2025|54|4840020000000|1.282|1.289|STRUCTURE_TYPE|1|48A065||
01/01/2025|54|4840020000000|1.663|1.671|STRUCTURE_TYPE|1|48A079||
01/01/2025|54|4840024000000|0.754|0.809|STRUCTURE_TYPE|1|48A090||
01/01/2025|54|4840026000000|0.013|0.08|STRUCTURE_TYPE|1|48A049||
01/01/2025|54|4840030000000|1.773|1.778|STRUCTURE_TYPE|1|48A050||
01/01/2025|54|4840030050000|0.056|0.072|STRUCTURE_TYPE|1|48A082||
01/01/2025|54|4840032000000|0.064|0.073|STRUCTURE_TYPE|1|48A051||
01/01/2025|54|4840034010000|0.109|0.114|STRUCTURE_TYPE|1|48A092||
01/01/2025|54|4840036000000|1.728|1.734|STRUCTURE_TYPE|1|48A106||
01/01/2025|54|4840038000000|0.828|0.833|STRUCTURE_TYPE|1|48A052||
01/01/2025|54|4840040010000|0.004|0.01|STRUCTURE_TYPE|1|48A099||
01/01/2025|54|4840050000000|0.434|0.464|STRUCTURE_TYPE|1|48A053||
01/01/2025|54|4840055020000|0.042|0.052|STRUCTURE_TYPE|1|48A054||
01/01/2025|54|4840056000000|0.199|0.23|STRUCTURE_TYPE|1|48A096||
01/01/2025|54|4840056010000|2.059|2.065|STRUCTURE_TYPE|1|48A057||
01/01/2025|54|4840060000000|1.527|1.549|STRUCTURE_TYPE|1|48A076||
01/01/2025|54|4840062000000|3.146|3.151|STRUCTURE_TYPE|1|48A061||
01/01/2025|54|4840062000000|4.051|4.085|STRUCTURE_TYPE|1|48A062||
01/01/2025|54|4840064000000|3.35|3.362|STRUCTURE_TYPE|1|48A063||
01/01/2025|54|4840066000000|0.01|0.028|STRUCTURE_TYPE|1|48A075||
01/01/2025|54|4840180010000|0.031|0.04|STRUCTURE_TYPE|1|48A073||
01/01/2025|54|4900846000000|0.007|0.0178|STRUCTURE_TYPE|1|49A912||
01/01/2025|54|4900858000000|0.008|0.0389|STRUCTURE_TYPE|1|49A136||
01/01/2025|54|49200330000EB|4.458|4.519|STRUCTURE_TYPE|1|49A107||
01/01/2025|54|49200330000EB|5.005|5.039|STRUCTURE_TYPE|1|49A109||
01/01/2025|54|49200330000EB|5.422|5.429|STRUCTURE_TYPE|1|49A111||
01/01/2025|54|49200330000EB|6.063|6.121|STRUCTURE_TYPE|1|49A112||
01/01/2025|54|49200330000EB|6.249|6.332|STRUCTURE_TYPE|1|49A114||
01/01/2025|54|49200330000EB|9.5|9.56|STRUCTURE_TYPE|1|49A120||
01/01/2025|54|49200330000EB|15.359|15.4|STRUCTURE_TYPE|1|49A122||
01/01/2025|54|49200330000WB|4.441|4.496|STRUCTURE_TYPE|1|49A108||
01/01/2025|54|49200330000WB|5.009|5.043|STRUCTURE_TYPE|1|49A110||
01/01/2025|54|49200330000WB|6.081|6.138|STRUCTURE_TYPE|1|49A113||
01/01/2025|54|49200330000WB|6.257|6.34|STRUCTURE_TYPE|1|49A115||
01/01/2025|54|49200330000WB|9.501|9.561|STRUCTURE_TYPE|1|49A121||
01/01/2025|54|49200330000WB|15.352|15.4|STRUCTURE_TYPE|1|49A123||
01/01/2025|54|49201190000SB|7.287|7.293|STRUCTURE_TYPE|1|49A085||
01/01/2025|54|4930020000000|4.252|4.256|STRUCTURE_TYPE|1|49A147||
01/01/2025|54|4930020000000|8.332|8.361|STRUCTURE_TYPE|1|49A044||
01/01/2025|54|4930020000000|16.026|16.059|STRUCTURE_TYPE|1|49A015||
01/01/2025|54|4930020000000|21.304|21.311|STRUCTURE_TYPE|1|49A017||
01/01/2025|54|4930020000000|25.88|25.885|STRUCTURE_TYPE|1|49A084||
01/01/2025|54|4940001000000|8.272|8.28|STRUCTURE_TYPE|1|49A125||
01/01/2025|54|4940001010000|0.037|0.045|STRUCTURE_TYPE|1|49A146||
01/01/2025|54|4940001130000|0.694|0.699|STRUCTURE_TYPE|1|49A008||
01/01/2025|54|4940003000000|2.454|2.466|STRUCTURE_TYPE|1|49A009||
01/01/2025|54|4940003000000|3.244|3.25|STRUCTURE_TYPE|1|49A139||
01/01/2025|54|4940003000000|6.738|6.747|STRUCTURE_TYPE|1|49A142||
01/01/2025|54|4940003040000|2.412|2.423|STRUCTURE_TYPE|1|49A013||
01/01/2025|54|4940003060000|0.803|0.815|STRUCTURE_TYPE|1|49A118||
01/01/2025|54|4940005010000|2.378|2.385|STRUCTURE_TYPE|1|49A099||
01/01/2025|54|4940005050000|0.077|0.081|STRUCTURE_TYPE|1|49A098||
01/01/2025|54|4940007000000|0.152|0.16|STRUCTURE_TYPE|1|49A095||
01/01/2025|54|4940007000000|6.192|6.198|STRUCTURE_TYPE|1|21A096||
01/01/2025|54|4940008000000|0.465|0.475|STRUCTURE_TYPE|1|49A022||
01/01/2025|54|4940008000000|1.174|1.187|STRUCTURE_TYPE|1|49A012||
01/01/2025|54|4940009000000|0.206|0.235|STRUCTURE_TYPE|1|49A023||
01/01/2025|54|4940009000000|11.784|11.801|STRUCTURE_TYPE|1|49A133||
01/01/2025|54|4940009000000|12.994|13.002|STRUCTURE_TYPE|1|49A025||
01/01/2025|54|4940009000000|13.604|13.61|STRUCTURE_TYPE|1|49A026||
01/01/2025|54|4940009000000|15.351|15.359|STRUCTURE_TYPE|1|49A106||
01/01/2025|54|4940009000000|18.612|18.618|STRUCTURE_TYPE|1|49A027||
01/01/2025|54|4940009000000|21.843|21.855|STRUCTURE_TYPE|1|49A028||
01/01/2025|54|4940009010000|0.916|0.921|STRUCTURE_TYPE|1|49A029||
01/01/2025|54|4940009020000|1.064|1.071|STRUCTURE_TYPE|1|49A119||
01/01/2025|54|4940010140000|2.631|2.638|STRUCTURE_TYPE|1|49A030||
01/01/2025|54|4940011000000|3.82|3.825|STRUCTURE_TYPE|1|49A031||
01/01/2025|54|4940011000000|17.136|17.163|STRUCTURE_TYPE|1|49A149||
01/01/2025|54|4940011030000|0.592|0.597|STRUCTURE_TYPE|1|49A033||
01/01/2025|54|4940011040000|0.932|0.938|STRUCTURE_TYPE|1|49A105||
01/01/2025|54|4940011170000|0.029|0.053|STRUCTURE_TYPE|1|49A138||
01/01/2025|54|4940012000000|4.785|4.79|STRUCTURE_TYPE|1|49A067||
01/01/2025|54|4940012030000|0.133|0.14|STRUCTURE_TYPE|1|49A097||
01/01/2025|54|4940013000000|1.567|1.609|STRUCTURE_TYPE|1|49A102||
01/01/2025|54|4940013000000|2.656|2.7|STRUCTURE_TYPE|1|49A103||
01/01/2025|54|4940016000000|2.544|2.548|STRUCTURE_TYPE|1|49A037||
01/01/2025|54|4940016000000|2.951|2.955|STRUCTURE_TYPE|1|49A038||
01/01/2025|54|4940016000000|4.044|4.048|STRUCTURE_TYPE|1|49A039||
01/01/2025|54|4940016000000|9.016|9.046|STRUCTURE_TYPE|1|49A041||
01/01/2025|54|4940016030000|3.778|3.79|STRUCTURE_TYPE|1|49A126||
01/01/2025|54|4940020060000|1.54|1.545|STRUCTURE_TYPE|1|49A045||
01/01/2025|54|4940020100000|0.212|0.218|STRUCTURE_TYPE|1|49A046||
01/01/2025|54|4940020100000|0.299|0.31|STRUCTURE_TYPE|1|49A137||
01/01/2025|54|4940020100000|1.146|1.16|STRUCTURE_TYPE|1|49A130||
01/01/2025|54|4940020110000|4.724|4.729|STRUCTURE_TYPE|1|49A049||
01/01/2025|54|4940022000000|4.052|4.071|STRUCTURE_TYPE|1|49A131||
01/01/2025|54|4940022000000|5.996|6.0|STRUCTURE_TYPE|1|49A052||
01/01/2025|54|4940022000000|6.0|6.03|STRUCTURE_TYPE|1|49A052||
01/01/2025|54|4940022020000|0.399|0.4|STRUCTURE_TYPE|1|49A145||
01/01/2025|54|4940022020000|0.4|0.428|STRUCTURE_TYPE|1|49A145||
01/01/2025|54|4940022030000|2.046|2.053|STRUCTURE_TYPE|1|49A143||
01/01/2025|54|4940022030000|2.23|2.237|STRUCTURE_TYPE|1|49A144||
01/01/2025|54|4940028010000|0.017|0.031|STRUCTURE_TYPE|1|49A054||
01/01/2025|54|4940030000000|4.104|4.146|STRUCTURE_TYPE|1|49A134||
01/01/2025|54|4940030000000|10.14|10.177|STRUCTURE_TYPE|1|49A135||
01/01/2025|54|4940030000000|10.857|10.862|STRUCTURE_TYPE|1|49A057||
01/01/2025|54|4940030000000|15.431|15.442|STRUCTURE_TYPE|1|49A059||
01/01/2025|54|4940030190000|4.536|4.542|STRUCTURE_TYPE|1|49A060||
01/01/2025|54|4940032000000|4.657|4.667|STRUCTURE_TYPE|1|49A064||
01/01/2025|54|4940032000000|8.591|8.603|STRUCTURE_TYPE|1|49A140||
01/01/2025|54|4940032000000|12.655|12.662|STRUCTURE_TYPE|1|49A062||
01/01/2025|54|4940032000000|12.829|12.86|STRUCTURE_TYPE|1|49A150||
01/01/2025|54|4940032000000|12.86|12.862|STRUCTURE_TYPE|1|49A150||
01/01/2025|54|4940032170000|2.225|2.248|STRUCTURE_TYPE|1|49A065||
01/01/2025|54|4940032170000|2.335|2.347|STRUCTURE_TYPE|1|49A066||
01/01/2025|54|4940033020000|0.066|0.073|STRUCTURE_TYPE|1|49A096||
01/01/2025|54|4940034000000|2.677|2.684|STRUCTURE_TYPE|1|49A072||
01/01/2025|54|4940034000000|4.337|4.343|STRUCTURE_TYPE|1|49A090||
01/01/2025|54|4940038000000|1.058|1.067|STRUCTURE_TYPE|1|49A141||
01/01/2025|54|4940038030000|0.025|0.037|STRUCTURE_TYPE|1|49A148||
01/01/2025|54|4940040000000|0.028|0.045|STRUCTURE_TYPE|1|49A127||
01/01/2025|54|4940040000000|0.997|1.004|STRUCTURE_TYPE|1|49A076||
01/01/2025|54|4940040000000|1.787|1.799|STRUCTURE_TYPE|1|49A132||
01/01/2025|54|4940040030000|0.299|0.308|STRUCTURE_TYPE|1|49A078||
01/01/2025|54|4940044000000|9.946|9.964|STRUCTURE_TYPE|1|49A129||
01/01/2025|54|4940044010000|2.148|2.154|STRUCTURE_TYPE|1|49A080||
01/01/2025|54|4940046000000|7.332|7.338|STRUCTURE_TYPE|1|49A124||
01/01/2025|54|4940046020000|0.012|0.018|STRUCTURE_TYPE|1|49A082||
01/01/2025|54|4940046040000|0.017|0.023|STRUCTURE_TYPE|1|49A083||
01/01/2025|54|4940151000000|0.273|0.302|STRUCTURE_TYPE|1|49A068||
01/01/2025|54|4940151000000|0.68|0.691|STRUCTURE_TYPE|1|49A069||
01/01/2025|54|4940151000000|5.572|5.577|STRUCTURE_TYPE|1|49A070||
01/01/2025|54|50100640000EB|0.021|0.11|STRUCTURE_TYPE|1|50A182||
01/01/2025|54|50100640000EB|0.11|0.234|STRUCTURE_TYPE|1|50A182||
01/01/2025|54|50100640000EB|1.265|1.29|STRUCTURE_TYPE|1|50A139||
01/01/2025|54|50100640000EB|1.29|1.304|STRUCTURE_TYPE|1|50A139||
01/01/2025|54|50100640000EB|1.76|1.792|STRUCTURE_TYPE|1|50A246||
01/01/2025|54|50100640000EB|2.0|2.23|STRUCTURE_TYPE|1|50A226||
01/01/2025|54|50100640000EB|2.679|2.756|STRUCTURE_TYPE|1|50A208||
01/01/2025|54|50100640000EB|4.394|4.527|STRUCTURE_TYPE|1|50A143||
01/01/2025|54|50100640000EB|5.264|5.376|STRUCTURE_TYPE|1|50A210||
01/01/2025|54|50100640000WB|0.02|0.11|STRUCTURE_TYPE|1|50A183||
01/01/2025|54|50100640000WB|0.11|0.231|STRUCTURE_TYPE|1|50A183||
01/01/2025|54|50100640000WB|1.255|1.294|STRUCTURE_TYPE|1|50A156||
01/01/2025|54|50100640000WB|1.732|1.756|STRUCTURE_TYPE|1|50A247||
01/01/2025|54|50100640000WB|1.963|2.193|STRUCTURE_TYPE|1|50A227||
01/01/2025|54|50100640000WB|2.644|2.721|STRUCTURE_TYPE|1|50A209||
01/01/2025|54|50100640000WB|4.388|4.521|STRUCTURE_TYPE|1|50A160||
01/01/2025|54|50100640000WB|5.267|5.379|STRUCTURE_TYPE|1|50A211||
01/01/2025|54|50200520000EB|11.689|11.72|STRUCTURE_TYPE|1|50A223||
01/01/2025|54|50200520000EB|17.85|17.888|STRUCTURE_TYPE|1|50A179||
01/01/2025|54|50200520000EB|21.266|21.314|STRUCTURE_TYPE|1|50A001||
01/01/2025|54|50200520000EB|37.464|37.504|STRUCTURE_TYPE|1|50A049||
01/01/2025|54|50200520000EB|54.274|54.309|STRUCTURE_TYPE|1|50A115||
01/01/2025|54|50200520000WB|14.506|14.542|STRUCTURE_TYPE|1|50A230||
01/01/2025|54|50200520000WB|17.841|17.879|STRUCTURE_TYPE|1|50A178||
01/01/2025|54|50200520000WB|27.683|27.715|STRUCTURE_TYPE|1|50A085||
01/01/2025|54|50200520000WB|29.05|29.101|STRUCTURE_TYPE|1|50A153||
01/01/2025|54|50200520000WB|30.524|30.549|STRUCTURE_TYPE|1|50A087||
01/01/2025|54|50200520000WB|47.35|47.357|STRUCTURE_TYPE|1|50A168||
01/01/2025|54|50200520000WB|49.534|49.538|STRUCTURE_TYPE|1|50A224||
01/01/2025|54|50200520000WB|49.931|49.956|STRUCTURE_TYPE|1|50A114||
01/01/2025|54|50200600000WB|0.047|0.16|STRUCTURE_TYPE|1|50A170||
01/01/2025|54|50200600000WB|0.16|0.29|STRUCTURE_TYPE|1|50A170||
01/01/2025|54|50200600000WB|3.136|3.194|STRUCTURE_TYPE|1|50A192||
01/01/2025|54|5030037000000|0.022|0.254|STRUCTURE_TYPE|1|50A172||
01/01/2025|54|5030037000000|3.271|3.28|STRUCTURE_TYPE|1|50A234||
01/01/2025|54|5030037000000|4.418|4.429|STRUCTURE_TYPE|1|50A232||
01/01/2025|54|5030037000000|4.54|4.551|STRUCTURE_TYPE|1|50A235||
01/01/2025|54|5030037000000|9.988|9.993|STRUCTURE_TYPE|1|50A072||
01/01/2025|54|5030037000000|12.303|12.311|STRUCTURE_TYPE|1|50A229||
01/01/2025|54|5030037000000|15.43|15.462|STRUCTURE_TYPE|1|50A068||
01/01/2025|54|5030037000000|20.972|20.9863|STRUCTURE_TYPE|1|50A251||
01/01/2025|54|5030037000000|23.045|23.078|STRUCTURE_TYPE|1|50A076||
01/01/2025|54|5030037000000|24.057|24.067|STRUCTURE_TYPE|1|50A077||
01/01/2025|54|5030037000000|24.858|24.89|STRUCTURE_TYPE|1|50A078||
01/01/2025|54|5030037000000|26.756|26.762|STRUCTURE_TYPE|1|50A184||
01/01/2025|54|5030037000000|30.432|30.45|STRUCTURE_TYPE|1|50A079||
01/01/2025|54|5030037000000|30.45|30.495|STRUCTURE_TYPE|1|50A079||
01/01/2025|54|5030075000000|7.246|7.285|STRUCTURE_TYPE|1|50A149||
01/01/2025|54|5030075000000|9.364|9.412|STRUCTURE_TYPE|1|50A150||
01/01/2025|54|5030075000000|10.59|10.644|STRUCTURE_TYPE|1|50A151||
01/01/2025|54|5030152000000|5.687|5.719|STRUCTURE_TYPE|1|50A112||
01/01/2025|54|5030152000000|21.318|21.323|STRUCTURE_TYPE|1|50A111||
01/01/2025|54|5030152000000|23.706|23.732|STRUCTURE_TYPE|1|50A239||
01/01/2025|54|5030152000000|24.938|24.951|STRUCTURE_TYPE|1|50A109||
01/01/2025|54|5030152000000|30.808|30.846|STRUCTURE_TYPE|1|50A107||
01/01/2025|54|5030152000000|32.467|32.49|STRUCTURE_TYPE|1|50A225||
01/01/2025|54|5030152000000|33.003|33.042|STRUCTURE_TYPE|1|50A105||
01/01/2025|54|5030152000000|33.241|33.28|STRUCTURE_TYPE|1|50A104||
01/01/2025|54|5030152000000|33.991|34.03|STRUCTURE_TYPE|1|50A103||
01/01/2025|54|5030152000000|38.393|38.435|STRUCTURE_TYPE|1|50A102||
01/01/2025|54|5030152000000|40.383|40.4|STRUCTURE_TYPE|1|50A220||
01/01/2025|54|5030152000000|40.4|40.41|STRUCTURE_TYPE|1|50A220||
01/01/2025|54|5030152000000|41.549|41.565|STRUCTURE_TYPE|1|50A199||
01/01/2025|54|5040001030000|0.0|0.006|STRUCTURE_TYPE|1|50A249||
01/01/2025|54|5040003180000|0.251|0.38|STRUCTURE_TYPE|1|50A196||
01/01/2025|54|5040006000000|0.669|0.674|STRUCTURE_TYPE|1|50A082||
01/01/2025|54|5040006020000|0.068|0.074|STRUCTURE_TYPE|1|50A162||
01/01/2025|54|5040007000000|14.463|14.477|STRUCTURE_TYPE|1|50A010||
01/01/2025|54|5040007000000|20.067|20.108|STRUCTURE_TYPE|1|50A180||
01/01/2025|54|5040007010000|3.124|3.131|STRUCTURE_TYPE|1|50A012||
01/01/2025|54|5040007170000|0.045|0.053|STRUCTURE_TYPE|1|50A118||
01/01/2025|54|5040009010000|0.056|0.062|STRUCTURE_TYPE|1|06A334||
01/01/2025|54|5040011000000|0.056|0.062|STRUCTURE_TYPE|1|50A198||
01/01/2025|54|5040011000000|0.951|0.958|STRUCTURE_TYPE|1|50A164||
01/01/2025|54|5040011000000|1.583|1.593|STRUCTURE_TYPE|1|50A243||
01/01/2025|54|5040012000000|2.094|2.101|STRUCTURE_TYPE|1|50A221||
01/01/2025|54|5040012000000|4.621|4.65|STRUCTURE_TYPE|1|50A017||
01/01/2025|54|5040012000000|4.65|4.652|STRUCTURE_TYPE|1|50A017||
01/01/2025|54|5040014010000|2.519|2.526|STRUCTURE_TYPE|1|50A021||
01/01/2025|54|5040017000000|1.301|1.306|STRUCTURE_TYPE|1|50A025||
01/01/2025|54|5040017000000|3.922|3.95|STRUCTURE_TYPE|1|50A026||
01/01/2025|54|5040017000000|8.531|8.571|STRUCTURE_TYPE|1|50A028||
01/01/2025|54|5040017040000|4.436|4.441|STRUCTURE_TYPE|1|50A029||
01/01/2025|54|5040017080000|0.833|0.84|STRUCTURE_TYPE|1|50A206||
01/01/2025|54|5040018000000|5.807|5.812|STRUCTURE_TYPE|1|50A030||
01/01/2025|54|5040018010000|0.129|0.137|STRUCTURE_TYPE|1|50A031||
01/01/2025|54|5040019000000|0.56|0.571|STRUCTURE_TYPE|1|50A236||
01/01/2025|54|5040019000000|3.393|3.402|STRUCTURE_TYPE|1|50A033||
01/01/2025|54|5040019000000|3.813|3.821|STRUCTURE_TYPE|1|50A034||
01/01/2025|54|5040019010000|0.012|0.02|STRUCTURE_TYPE|1|50A195||
01/01/2025|54|5040019050000|0.017|0.023|STRUCTURE_TYPE|1|50A036||
01/01/2025|54|5040019060000|0.119|0.129|STRUCTURE_TYPE|1|50A037||
01/01/2025|54|5040019060000|0.623|0.634|STRUCTURE_TYPE|1|50A203||
01/01/2025|54|5040020000000|0.654|0.662|STRUCTURE_TYPE|1|50A039||
01/01/2025|54|5040020000000|2.262|2.273|STRUCTURE_TYPE|1|50A213||
01/01/2025|54|5040020000000|4.453|4.458|STRUCTURE_TYPE|1|50A041||
01/01/2025|54|5040021020000|0.688|0.694|STRUCTURE_TYPE|1|50A042||
01/01/2025|54|5040022000000|0.011|0.017|STRUCTURE_TYPE|1|50A201||
01/01/2025|54|5040022000000|0.353|0.359|STRUCTURE_TYPE|1|50A194||
01/01/2025|54|5040024000000|1.056|1.061|STRUCTURE_TYPE|1|50A009||
01/01/2025|54|5040024000000|5.69|5.697|STRUCTURE_TYPE|1|50A015||
01/01/2025|54|5040024000000|5.806|5.812|STRUCTURE_TYPE|1|50A242||
01/01/2025|54|5040024000000|6.023|6.035|STRUCTURE_TYPE|1|50A233||
01/01/2025|54|5040024010000|0.004|0.012|STRUCTURE_TYPE|1|50A020||
01/01/2025|54|5040024050000|0.006|0.014|STRUCTURE_TYPE|1|50A204||
01/01/2025|54|5040025000000|0.809|0.815|STRUCTURE_TYPE|1|50A244||
01/01/2025|54|5040025000000|1.347|1.356|STRUCTURE_TYPE|1|50A181||
01/01/2025|54|5040025000000|3.058|3.063|STRUCTURE_TYPE|1|50A166||
01/01/2025|54|5040026000000|0.005|0.01|STRUCTURE_TYPE|1|50A046||
01/01/2025|54|5040026000000|6.534|6.546|STRUCTURE_TYPE|1|50A047||
01/01/2025|54|5040029160000|0.016|0.022|STRUCTURE_TYPE|1|50A090||
01/01/2025|54|5040029180000|0.007|0.013|STRUCTURE_TYPE|1|50A200||
01/01/2025|54|5040030000000|4.691|4.696|STRUCTURE_TYPE|1|50A051||
01/01/2025|54|5040030010000|0.022|0.028|STRUCTURE_TYPE|1|50A023||
01/01/2025|54|5040032000000|5.842|5.859|STRUCTURE_TYPE|1|50A052||
01/01/2025|54|5040033000000|4.615|4.626|STRUCTURE_TYPE|1|50A176||
01/01/2025|54|5040034000000|0.203|0.215|STRUCTURE_TYPE|1|50A222||
01/01/2025|54|5040034000000|6.915|6.941|STRUCTURE_TYPE|1|50A054||
01/01/2025|54|5040035000000|0.398|0.405|STRUCTURE_TYPE|1|50A055||
01/01/2025|54|5040035000000|2.348|2.354|STRUCTURE_TYPE|1|50A056||
01/01/2025|54|5040035050000|0.012|0.028|STRUCTURE_TYPE|1|50A214||
01/01/2025|54|5040036000000|0.302|0.319|STRUCTURE_TYPE|1|50A059||
01/01/2025|54|5040036000000|6.06|6.07|STRUCTURE_TYPE|1|50A060||
01/01/2025|54|5040036000000|8.188|8.195|STRUCTURE_TYPE|1|50A061||
01/01/2025|54|5040036000000|12.606|12.631|STRUCTURE_TYPE|1|50A215||
01/01/2025|54|5040036020000|3.629|3.637|STRUCTURE_TYPE|1|50A231||
01/01/2025|54|5040036020000|3.858|3.864|STRUCTURE_TYPE|1|50A064||
01/01/2025|54|5040036020000|4.883|4.889|STRUCTURE_TYPE|1|50A065||
01/01/2025|54|5040036030000|1.173|1.177|STRUCTURE_TYPE|1|50A238||
01/01/2025|54|5040037030000|2.997|3.005|STRUCTURE_TYPE|1|50A248||
01/01/2025|54|5040037040000|1.861|1.868|STRUCTURE_TYPE|1|50A228||
01/01/2025|54|5040037080000|0.885|0.89|STRUCTURE_TYPE|1|50A240||
01/01/2025|54|5040037080000|2.381|2.386|STRUCTURE_TYPE|1|50A081||
01/01/2025|54|5040037110000|4.507|4.529|STRUCTURE_TYPE|1|50A083||
01/01/2025|54|5040037130000|1.926|1.9567|STRUCTURE_TYPE|1|50A250||
01/01/2025|54|5040037280000|0.007|0.019|STRUCTURE_TYPE|1|50A089||
01/01/2025|54|5040037380000|0.032|0.057|STRUCTURE_TYPE|1|50A022||
01/01/2025|54|5040039000000|2.07|2.084|STRUCTURE_TYPE|1|50A175||
01/01/2025|54|5040041000000|0.032|0.038|STRUCTURE_TYPE|1|50A092||
01/01/2025|54|5040041000000|0.342|0.362|STRUCTURE_TYPE|1|50A093||
01/01/2025|54|5040041000000|0.617|0.638|STRUCTURE_TYPE|1|50A096||
01/01/2025|54|5040041000000|1.029|1.047|STRUCTURE_TYPE|1|50A094||
01/01/2025|54|5040041000000|1.618|1.624|STRUCTURE_TYPE|1|50A095||
01/01/2025|54|5040041000000|2.278|2.298|STRUCTURE_TYPE|1|50A097||
01/01/2025|54|5040041010000|0.005|0.021|STRUCTURE_TYPE|1|50A219||
01/01/2025|54|5040044000000|5.616|5.645|STRUCTURE_TYPE|1|50A216||
01/01/2025|54|5040052040000|1.331|1.347|STRUCTURE_TYPE|1|50A116||
01/01/2025|54|5040052090000|2.896|2.901|STRUCTURE_TYPE|1|50A091||
01/01/2025|54|5040052090000|3.535|3.549|STRUCTURE_TYPE|1|50A173||
01/01/2025|54|5040052240000|0.816|0.821|STRUCTURE_TYPE|1|50A154||
01/01/2025|54|5040052290000|0.11|0.139|STRUCTURE_TYPE|1|50A122||
01/01/2025|54|5040052310000|3.968|3.973|STRUCTURE_TYPE|1|50A245||
01/01/2025|54|5040052320000|0.062|0.069|STRUCTURE_TYPE|1|50A124||
01/01/2025|54|5040052370000|0.498|0.504|STRUCTURE_TYPE|1|50A205||
01/01/2025|54|5040052430000|2.672|2.701|STRUCTURE_TYPE|1|50A185||
01/01/2025|54|5040052490000|0.057|0.08|STRUCTURE_TYPE|1|50A127||
01/01/2025|54|5040052550000|2.316|2.338|STRUCTURE_TYPE|1|50A129||
01/01/2025|54|5040052560000|0.305|0.332|STRUCTURE_TYPE|1|50A130||
01/01/2025|54|5040052560000|2.64|2.668|STRUCTURE_TYPE|1|50A132||
01/01/2025|54|5040052560000|2.785|2.805|STRUCTURE_TYPE|1|50A133||
01/01/2025|54|5040052560000|4.668|4.693|STRUCTURE_TYPE|1|50A217||
01/01/2025|54|5040052820000|0.785|0.794|STRUCTURE_TYPE|1|50A202||
01/01/2025|54|5040052870000|0.006|0.013|STRUCTURE_TYPE|1|50A171||
01/01/2025|54|5040060040000|0.1|0.101|STRUCTURE_TYPE|1|50A136||
01/01/2025|54|5040252140000|2.09|2.126|STRUCTURE_TYPE|1|50A237||
01/01/2025|54|5060801000000|0.372|0.377|STRUCTURE_TYPE|1|50A174||
01/01/2025|54|5060804000000|0.036|0.063|STRUCTURE_TYPE|1|50A188||
01/01/2025|54|5060850000000|0.015|0.025|STRUCTURE_TYPE|1|50A197||
01/01/2025|54|5080917000000|0.004|0.008|STRUCTURE_TYPE|1|50A190||
01/01/2025|54|5080920000000|0.026|0.031|STRUCTURE_TYPE|1|50A241||
01/01/2025|54|5130015000000|8.416|8.446|STRUCTURE_TYPE|1|51A087||
01/01/2025|54|5130015000000|8.7|8.715|STRUCTURE_TYPE|1|51A103||
01/01/2025|54|5130020000000|0.933|0.941|STRUCTURE_TYPE|1|51A033||
01/01/2025|54|5130020000000|7.185|7.223|STRUCTURE_TYPE|1|51A034||
01/01/2025|54|5130020000000|20.02|20.047|STRUCTURE_TYPE|1|51A035||
01/01/2025|54|5130020000000|20.156|20.179|STRUCTURE_TYPE|1|51A104||
01/01/2025|54|5130020000000|20.273|20.293|STRUCTURE_TYPE|1|51A037||
01/01/2025|54|5130020000000|24.699|24.713|STRUCTURE_TYPE|1|51A098||
01/01/2025|54|5130020000000|29.073|29.094|STRUCTURE_TYPE|1|51A039||
01/01/2025|54|5130020000000|29.569|29.587|STRUCTURE_TYPE|1|51A040||
01/01/2025|54|5130020000000|38.016|38.027|STRUCTURE_TYPE|1|51A041||
01/01/2025|54|5130020000000|39.82|39.846|STRUCTURE_TYPE|1|51A084||
01/01/2025|54|5130020000000|45.226|45.232|STRUCTURE_TYPE|1|51A043||
01/01/2025|54|5130020000000|47.959|47.979|STRUCTURE_TYPE|1|51A044||
01/01/2025|54|5130082000000|0.0|0.011|STRUCTURE_TYPE|1|51A105||
01/01/2025|54|5130082000000|5.969|5.981|STRUCTURE_TYPE|1|51A097||
01/01/2025|54|5130082000000|6.614|6.626|STRUCTURE_TYPE|1|51A101||
01/01/2025|54|5130082000000|7.818|7.825|STRUCTURE_TYPE|1|51A057||
01/01/2025|54|5130082000000|8.589|8.601|STRUCTURE_TYPE|1|51A056||
01/01/2025|54|5140003000000|10.297|10.32|STRUCTURE_TYPE|1|51A001||
01/01/2025|54|5140003000000|11.038|11.054|STRUCTURE_TYPE|1|51A099||
01/01/2025|54|5140003040000|0.007|0.023|STRUCTURE_TYPE|1|51A003||
01/01/2025|54|5140003080000|0.007|0.019|STRUCTURE_TYPE|1|51A004||
01/01/2025|54|5140003080000|5.022|5.029|STRUCTURE_TYPE|1|51A093||
01/01/2025|54|5140005010000|1.985|1.998|STRUCTURE_TYPE|1|51A008||
01/01/2025|54|5140007000000|14.239|14.297|STRUCTURE_TYPE|1|51A010||
01/01/2025|54|5140008040000|1.19|1.209|STRUCTURE_TYPE|1|51A011||
01/01/2025|54|5140009000000|4.121|4.128|STRUCTURE_TYPE|1|51A086||
01/01/2025|54|5140009000000|4.452|4.461|STRUCTURE_TYPE|1|51A015||
01/01/2025|54|5140009000000|6.096|6.111|STRUCTURE_TYPE|1|51A016||
01/01/2025|54|5140009000000|6.384|6.408|STRUCTURE_TYPE|1|51A017||
01/01/2025|54|5140009000000|6.672|6.691|STRUCTURE_TYPE|1|51A018||
01/01/2025|54|5140009000000|7.802|7.81|STRUCTURE_TYPE|1|51A019||
01/01/2025|54|5140009000000|9.354|9.366|STRUCTURE_TYPE|1|51A020||
01/01/2025|54|5140009000000|9.626|9.645|STRUCTURE_TYPE|1|51A089||
01/01/2025|54|5140009000000|11.638|11.651|STRUCTURE_TYPE|1|51A022||
01/01/2025|54|5140009000000|11.713|11.72|STRUCTURE_TYPE|1|51A023||
01/01/2025|54|5140009000000|11.97|11.978|STRUCTURE_TYPE|1|51A024||
01/01/2025|54|5140015030000|0.618|0.654|STRUCTURE_TYPE|1|51A025||
01/01/2025|54|5140015030000|2.308|2.316|STRUCTURE_TYPE|1|51A092||
01/01/2025|54|5140015040000|1.263|1.296|STRUCTURE_TYPE|1|51A027||
01/01/2025|54|5140015070000|0.028|0.037|STRUCTURE_TYPE|1|51A029||
01/01/2025|54|5140018000000|0.895|0.915|STRUCTURE_TYPE|1|51A095||
01/01/2025|54|5140018000000|2.499|2.507|STRUCTURE_TYPE|1|51A096||
01/01/2025|54|5140018030000|1.257|1.265|STRUCTURE_TYPE|1|51A032||
01/01/2025|54|5140020090000|0.127|0.135|STRUCTURE_TYPE|1|51A045||
01/01/2025|54|5140020100000|0.01|0.02|STRUCTURE_TYPE|1|51A046||
01/01/2025|54|5140020190000|0.048|0.056|STRUCTURE_TYPE|1|51A071||
01/01/2025|54|5140020250000|0.348|0.355|STRUCTURE_TYPE|1|51A100||
01/01/2025|54|5140020270000|0.088|0.095|STRUCTURE_TYPE|1|51A072||
01/01/2025|54|5140022000000|0.154|0.166|STRUCTURE_TYPE|1|51A094||
01/01/2025|54|5140022020000|2.793|2.8006|STRUCTURE_TYPE|1|51X001||
01/01/2025|54|5140026000000|3.519|3.524|STRUCTURE_TYPE|1|51A049||
01/01/2025|54|5140026000000|3.576|3.613|STRUCTURE_TYPE|1|51A050||
01/01/2025|54|5140026010000|0.026|0.04|STRUCTURE_TYPE|1|51A051||
01/01/2025|54|5140026010000|1.722|1.766|STRUCTURE_TYPE|1|51A052||
01/01/2025|54|5140026040000|0.172|0.191|STRUCTURE_TYPE|1|51A054||
01/01/2025|54|5140026040000|1.136|1.145|STRUCTURE_TYPE|1|51A079||
01/01/2025|54|5140026040000|1.808|1.818|STRUCTURE_TYPE|1|51A080||
01/01/2025|54|5140028000000|0.049|0.061|STRUCTURE_TYPE|1|51A083||
01/01/2025|54|5140028000000|0.996|1.008|STRUCTURE_TYPE|1|51A055||
01/01/2025|54|5140032000000|6.25|6.255|STRUCTURE_TYPE|1|51A061||
01/01/2025|54|5140034000000|2.777|2.782|STRUCTURE_TYPE|1|51A062||
01/01/2025|54|5140034000000|7.554|7.564|STRUCTURE_TYPE|1|51A063||
01/01/2025|54|5140036000000|1.979|1.984|STRUCTURE_TYPE|1|51A064||
01/01/2025|54|5140036000000|4.527|4.533|STRUCTURE_TYPE|1|51A065||
01/01/2025|54|5140042000000|9.908|9.927|STRUCTURE_TYPE|1|51A066||
01/01/2025|54|5140044000000|12.786|12.794|STRUCTURE_TYPE|1|51A067||
01/01/2025|54|5140046000000|0.469|0.473|STRUCTURE_TYPE|1|51A068||
01/01/2025|54|5140046000000|2.173|2.198|STRUCTURE_TYPE|1|51A069||
01/01/2025|54|5140048000000|0.36|0.409|STRUCTURE_TYPE|1|51A090||
01/01/2025|54|5160801000000|0.066|0.076|STRUCTURE_TYPE|1|51A085||
01/01/2025|54|5160803000000|0.158|0.166|STRUCTURE_TYPE|1|51A074||
01/01/2025|54|5180910000000|0.009|0.031|STRUCTURE_TYPE|1|51A102||
01/01/2025|54|5180923000000|0.012|0.019|STRUCTURE_TYPE|1|51A091||
01/01/2025|54|5200248000000|0.08|0.1091|STRUCTURE_TYPE|1|52A905||
01/01/2025|54|5200478000000|0.094|0.1041|STRUCTURE_TYPE|1|52A902||
01/01/2025|54|5200515000000|0.003|0.02|STRUCTURE_TYPE|1|52A127||
01/01/2025|54|52202500000NB|3.879|3.88|STRUCTURE_TYPE|1|52A102||
01/01/2025|54|52202500000NB|3.88|3.887|STRUCTURE_TYPE|1|52A102||
01/01/2025|54|52202500000NB|5.44|5.45|STRUCTURE_TYPE|1|52A104||
01/01/2025|54|52202500000NB|5.45|5.456|STRUCTURE_TYPE|1|52A104||
01/01/2025|54|52202500000NB|8.633|8.668|STRUCTURE_TYPE|1|52A142||
01/01/2025|54|52202500000SB|5.014|5.023|STRUCTURE_TYPE|1|52A103||
01/01/2025|54|52202500000SB|5.527|5.53|STRUCTURE_TYPE|1|52A105||
01/01/2025|54|52202500000SB|5.53|5.54|STRUCTURE_TYPE|1|52A105||
01/01/2025|54|52202500000SB|5.54|5.547|STRUCTURE_TYPE|1|52A105||
01/01/2025|54|52202500000SB|6.936|6.941|STRUCTURE_TYPE|1|52A108||
01/01/2025|54|52202500000SB|7.915|7.943|STRUCTURE_TYPE|1|52A144||
01/01/2025|54|52202500000SB|9.105|9.175|STRUCTURE_TYPE|1|52A141||
01/01/2025|54|5230002000000|5.202|5.254|STRUCTURE_TYPE|1|52A003||
01/01/2025|54|5230002000000|5.423|5.429|STRUCTURE_TYPE|1|52A115||
01/01/2025|54|5230002000000|11.318|11.352|STRUCTURE_TYPE|1|52A164||
01/01/2025|54|5230007000000|0.127|0.525|STRUCTURE_TYPE|1|52A007||
01/01/2025|54|5230007000000|3.83|3.888|STRUCTURE_TYPE|1|52A009||
01/01/2025|54|5230007000000|3.994|4.047|STRUCTURE_TYPE|1|52A010||
01/01/2025|54|5230007000000|8.361|8.368|STRUCTURE_TYPE|1|52A011||
01/01/2025|54|5230007000000|10.08|10.105|STRUCTURE_TYPE|1|52A163||
01/01/2025|54|5230007000000|11.237|11.256|STRUCTURE_TYPE|1|52A166||
01/01/2025|54|5230007000000|11.579|11.597|STRUCTURE_TYPE|1|52A169||
01/01/2025|54|5230007000000|11.837|11.857|STRUCTURE_TYPE|1|52A168||
01/01/2025|54|5230007000000|15.269|15.276|STRUCTURE_TYPE|1|52A016||
01/01/2025|54|5230007000000|17.405|17.412|STRUCTURE_TYPE|1|52A118||
01/01/2025|54|5230007000000|17.868|17.883|STRUCTURE_TYPE|1|52A017||
01/01/2025|54|5230007000000|18.775|18.786|STRUCTURE_TYPE|1|52A129||
01/01/2025|54|5230007000000|25.984|25.99|STRUCTURE_TYPE|1|52A019||
01/01/2025|54|5230007000000|30.912|30.93|STRUCTURE_TYPE|1|52A156||
01/01/2025|54|5230007000000|33.489|33.497|STRUCTURE_TYPE|1|52A116||
01/01/2025|54|5230007000000|33.533|33.55|STRUCTURE_TYPE|1|52A138||
01/01/2025|54|5230020000000|1.462|1.468|STRUCTURE_TYPE|1|52A057||
01/01/2025|54|5230020000000|1.645|1.657|STRUCTURE_TYPE|1|52A059||
01/01/2025|54|5230020000000|4.629|4.641|STRUCTURE_TYPE|1|52A060||
01/01/2025|54|5230020000000|5.822|5.828|STRUCTURE_TYPE|1|52A061||
01/01/2025|54|5230020000000|10.463|10.483|STRUCTURE_TYPE|1|52A062||
01/01/2025|54|5230020000000|10.827|10.847|STRUCTURE_TYPE|1|52A063||
01/01/2025|54|5230020000000|11.239|11.253|STRUCTURE_TYPE|1|52A143||
01/01/2025|54|5230020000000|16.067|16.11|STRUCTURE_TYPE|1|52A137||
01/01/2025|54|5230020000000|16.806|16.841|STRUCTURE_TYPE|1|52A134||
01/01/2025|54|5230020000000|17.313|17.319|STRUCTURE_TYPE|1|52A067||
01/01/2025|54|5230020000000|20.022|20.033|STRUCTURE_TYPE|1|52A146||
01/01/2025|54|5230020000000|21.513|21.518|STRUCTURE_TYPE|1|52A069||
01/01/2025|54|5230020000000|29.731|29.757|STRUCTURE_TYPE|1|52A070||
01/01/2025|54|5230069000000|1.936|1.941|STRUCTURE_TYPE|1|52A094||
01/01/2025|54|5230180000000|0.747|0.762|STRUCTURE_TYPE|1|52A052||
01/01/2025|54|5240007010000|0.003|0.013|STRUCTURE_TYPE|1|52A124||
01/01/2025|54|5240007050000|0.018|0.038|STRUCTURE_TYPE|1|52A024||
01/01/2025|54|5240007110000|2.267|2.273|STRUCTURE_TYPE|1|52A026||
01/01/2025|54|5240007230000|0.839|0.857|STRUCTURE_TYPE|1|52A119||
01/01/2025|54|5240008000000|8.131|8.152|STRUCTURE_TYPE|1|52A121||
01/01/2025|54|5240008040000|2.724|2.735|STRUCTURE_TYPE|1|52A147||
01/01/2025|54|5240009000000|4.518|4.54|STRUCTURE_TYPE|1|52A159||
01/01/2025|54|5240009020000|2.27|2.281|STRUCTURE_TYPE|1|52A032||
01/01/2025|54|5240012000000|2.059|2.073|STRUCTURE_TYPE|1|52A161||
01/01/2025|54|5240012000000|2.366|2.381|STRUCTURE_TYPE|1|52A165||
01/01/2025|54|5240012000000|2.697|2.708|STRUCTURE_TYPE|1|52A036||
01/01/2025|54|5240013000000|4.524|4.531|STRUCTURE_TYPE|1|52A038||
01/01/2025|54|5240013000000|4.7|4.707|STRUCTURE_TYPE|1|52A039||
01/01/2025|54|5240015000000|0.83|0.861|STRUCTURE_TYPE|1|52A145||
01/01/2025|54|5240015000000|2.155|2.165|STRUCTURE_TYPE|1|52A123||
01/01/2025|54|5240015000000|4.748|4.754|STRUCTURE_TYPE|1|52A042||
01/01/2025|54|5240015000000|5.616|5.621|STRUCTURE_TYPE|1|52A043||
01/01/2025|54|5240015000000|6.71|6.721|STRUCTURE_TYPE|1|52A155||
01/01/2025|54|5240015000000|8.254|8.268|STRUCTURE_TYPE|1|52A045||
01/01/2025|54|5240015020000|3.944|3.952|STRUCTURE_TYPE|1|52A046||
01/01/2025|54|5240015030000|3.475|3.486|STRUCTURE_TYPE|1|52A047||
01/01/2025|54|5240016000000|0.638|0.643|STRUCTURE_TYPE|1|52A048||
01/01/2025|54|5240017000000|1.085|1.091|STRUCTURE_TYPE|1|52A153||
01/01/2025|54|5240017000000|3.675|3.684|STRUCTURE_TYPE|1|52A152||
01/01/2025|54|5240019000000|0.888|0.894|STRUCTURE_TYPE|1|52A053||
01/01/2025|54|5240019000000|4.554|4.563|STRUCTURE_TYPE|1|52A133||
01/01/2025|54|5240020010000|0.126|0.169|STRUCTURE_TYPE|1|52A071||
01/01/2025|54|5240020040000|2.701|2.706|STRUCTURE_TYPE|1|52A112||
01/01/2025|54|5240020050000|0.038|0.048|STRUCTURE_TYPE|1|52A162||
01/01/2025|54|5240020090000|0.003|0.016|STRUCTURE_TYPE|1|52A074||
01/01/2025|54|5240020140000|0.79|0.806|STRUCTURE_TYPE|1|52A150||
01/01/2025|54|5240021000000|0.0|0.005|STRUCTURE_TYPE|1|52A151||
01/01/2025|54|5240024000000|6.598|6.606|STRUCTURE_TYPE|1|52A076||
01/01/2025|54|5240026000000|2.997|3.009|STRUCTURE_TYPE|1|52A149||
01/01/2025|54|5240026020000|0.025|0.03|STRUCTURE_TYPE|1|52A078||
01/01/2025|54|5240034000000|0.01|0.015|STRUCTURE_TYPE|1|52A110||
01/01/2025|54|5240036000000|2.135|2.173|STRUCTURE_TYPE|1|52A158||
01/01/2025|54|5240038000000|1.944|1.959|STRUCTURE_TYPE|1|52A167||
01/01/2025|54|5240039000000|0.231|0.236|STRUCTURE_TYPE|1|52A081||
01/01/2025|54|5240048000000|0.01|0.043|STRUCTURE_TYPE|1|52A120||
01/01/2025|54|5240048000000|0.803|0.811|STRUCTURE_TYPE|1|52A130||
01/01/2025|54|5240050000000|0.009|0.014|STRUCTURE_TYPE|1|52A086||
01/01/2025|54|5240052000000|0.331|0.337|STRUCTURE_TYPE|1|52A087||
01/01/2025|54|5240054000000|0.753|0.761|STRUCTURE_TYPE|1|52A088||
01/01/2025|54|5240056000000|0.01|0.038|STRUCTURE_TYPE|1|52A089||
01/01/2025|54|5240056010000|0.007|0.013|STRUCTURE_TYPE|1|52A090||
01/01/2025|54|5240064000000|0.158|0.17|STRUCTURE_TYPE|1|52A091||
01/01/2025|54|5240064000000|1.054|1.072|STRUCTURE_TYPE|1|52A148||
01/01/2025|54|5240064000000|2.068|2.084|STRUCTURE_TYPE|1|52A135||
01/01/2025|54|5240069020000|0.004|0.014|STRUCTURE_TYPE|1|52A128||
01/01/2025|54|5240076000000|2.027|2.039|STRUCTURE_TYPE|1|52A095||
01/01/2025|54|5240080000000|2.332|2.339|STRUCTURE_TYPE|1|52A096||
01/01/2025|54|5240082000000|0.025|0.054|STRUCTURE_TYPE|1|52A140||
01/01/2025|54|5240082000000|0.324|0.338|STRUCTURE_TYPE|1|52A157||
01/01/2025|54|5240082010000|0.007|0.017|STRUCTURE_TYPE|1|52A099||
01/01/2025|54|5240084000000|7.179|7.192|STRUCTURE_TYPE|1|52A100||
01/01/2025|54|5240089000000|1.001|1.015|STRUCTURE_TYPE|1|52A122||
01/01/2025|54|5240250090000|0.006|0.02|STRUCTURE_TYPE|1|52A160||
01/01/2025|54|5240250120000|0.038|0.047|STRUCTURE_TYPE|1|52A139||
01/01/2025|54|5275501001900|0.586|0.6|STRUCTURE_TYPE|1|52A998||
01/01/2025|54|5275501001900|0.6|0.639|STRUCTURE_TYPE|1|52A998||
01/01/2025|54|5280902000000|0.008|0.018|STRUCTURE_TYPE|1|52A132||
01/01/2025|54|5330005000000|0.333|0.34|STRUCTURE_TYPE|1|53A059||
01/01/2025|54|5330005000000|0.34|0.435|STRUCTURE_TYPE|1|53A059||
01/01/2025|54|5330005000000|13.047|13.05|STRUCTURE_TYPE|1|53A010||
01/01/2025|54|5330005000000|13.05|13.123|STRUCTURE_TYPE|1|53A010||
01/01/2025|54|5330014000000|1.598|1.626|STRUCTURE_TYPE|1|53A066||
01/01/2025|54|5330014000000|7.46|7.47|STRUCTURE_TYPE|1|53A063||
01/01/2025|54|5330014000000|7.47|7.49|STRUCTURE_TYPE|1|53A063||
01/01/2025|54|5330014000000|9.587|9.61|STRUCTURE_TYPE|1|53A067||
01/01/2025|54|5330014000000|9.61|9.612|STRUCTURE_TYPE|1|53A067||
01/01/2025|54|5330014000000|14.757|14.788|STRUCTURE_TYPE|1|53A021||
01/01/2025|54|5330014000000|18.261|18.267|STRUCTURE_TYPE|1|53A022||
01/01/2025|54|5330047000000|3.761|3.786|STRUCTURE_TYPE|1|53A062||
01/01/2025|54|5330053000000|1.636|1.647|STRUCTURE_TYPE|1|53A041||
01/01/2025|54|5330053000000|8.293|8.299|STRUCTURE_TYPE|1|53A042||
01/01/2025|54|5340001000000|8.569|8.574|STRUCTURE_TYPE|1|53A061||
01/01/2025|54|5340001060000|0.021|0.033|STRUCTURE_TYPE|1|53A001||
01/01/2025|54|5340003000000|2.635|2.647|STRUCTURE_TYPE|1|53A069||
01/01/2025|54|5340003000000|5.681|5.689|STRUCTURE_TYPE|1|53A070||
01/01/2025|54|5340003020000|1.552|1.562|STRUCTURE_TYPE|1|53A045||
01/01/2025|54|5340003040000|2.198|2.204|STRUCTURE_TYPE|1|53A005||
01/01/2025|54|5340004000000|0.327|0.333|STRUCTURE_TYPE|1|53A007||
01/01/2025|54|5340004020000|0.797|0.803|STRUCTURE_TYPE|1|53A008||
01/01/2025|54|5340006000000|5.991|6.051|STRUCTURE_TYPE|1|53A011||
01/01/2025|54|5340006010000|0.436|0.441|STRUCTURE_TYPE|1|53A056||
01/01/2025|54|5340007000000|4.496|4.518|STRUCTURE_TYPE|1|53A012||
01/01/2025|54|5340007000000|7.444|7.471|STRUCTURE_TYPE|1|53A013||
01/01/2025|54|5340007000000|8.935|8.966|STRUCTURE_TYPE|1|53A014||
01/01/2025|54|5340007050000|3.653|3.667|STRUCTURE_TYPE|1|53A060||
01/01/2025|54|5340009000000|4.884|4.923|STRUCTURE_TYPE|1|53A015||
01/01/2025|54|5340009060000|0.726|0.738|STRUCTURE_TYPE|1|53A016||
01/01/2025|54|5340014150000|2.136|2.166|STRUCTURE_TYPE|1|53A023||
01/01/2025|54|5340014210000|0.01|0.015|STRUCTURE_TYPE|1|53A054||
01/01/2025|54|5340018050000|0.184|0.191|STRUCTURE_TYPE|1|53A057||
01/01/2025|54|5340020080000|1.473|1.487|STRUCTURE_TYPE|1|53A064||
01/01/2025|54|5340022000000|4.523|4.535|STRUCTURE_TYPE|1|53A068||
01/01/2025|54|5340024000000|0.647|0.683|STRUCTURE_TYPE|1|53A026||
01/01/2025|54|5340028000000|0.307|0.312|STRUCTURE_TYPE|1|53A027||
01/01/2025|54|5340032000000|3.452|3.467|STRUCTURE_TYPE|1|53A053||
01/01/2025|54|5340035020000|1.77|1.776|STRUCTURE_TYPE|1|53A032||
01/01/2025|54|5340035090000|0.068|0.082|STRUCTURE_TYPE|1|53A033||
01/01/2025|54|5340036000000|0.741|0.822|STRUCTURE_TYPE|1|53A034||
01/01/2025|54|5340036010000|3.547|3.576|STRUCTURE_TYPE|1|53A065||
01/01/2025|54|5340047040000|3.928|3.974|STRUCTURE_TYPE|1|53A037||
01/01/2025|54|5340051000000|1.416|1.422|STRUCTURE_TYPE|1|53A038||
01/01/2025|54|5340051000000|1.909|1.922|STRUCTURE_TYPE|1|53A039||
01/01/2025|54|5340053030000|0.021|0.035|STRUCTURE_TYPE|1|53A058||
01/01/2025|54|5400149000000|0.312|0.317|STRUCTURE_TYPE|1|54A905||
01/01/2025|54|5400189000000|0.351|0.3588|STRUCTURE_TYPE|1|54A908||
01/01/2025|54|5400243000000|0.435|0.4399|STRUCTURE_TYPE|1|54A904||
01/01/2025|54|5400247000000|0.517|0.5278|STRUCTURE_TYPE|1|54A910||
01/01/2025|54|5402000000000|0.028|0.0359|STRUCTURE_TYPE|1|54A906||
01/01/2025|54|54100770000NB|158.648|158.675|STRUCTURE_TYPE|1|54A111||
01/01/2025|54|54100770000NB|160.309|160.339|STRUCTURE_TYPE|1|54A113||
01/01/2025|54|54100770000NB|161.63|161.662|STRUCTURE_TYPE|1|54A115||
01/01/2025|54|54100770000NB|161.683|161.69|STRUCTURE_TYPE|1|54A152||
01/01/2025|54|54100770000NB|162.69|162.712|STRUCTURE_TYPE|1|54A117||
01/01/2025|54|54100770000NB|164.599|164.612|STRUCTURE_TYPE|1|54A154||
01/01/2025|54|54100770000NB|164.679|164.72|STRUCTURE_TYPE|1|54A249||
01/01/2025|54|54100770000NB|165.14|165.16|STRUCTURE_TYPE|1|54A121||
01/01/2025|54|54100770000NB|165.16|165.169|STRUCTURE_TYPE|1|54A121||
01/01/2025|54|54100770000NB|168.349|168.384|STRUCTURE_TYPE|1|54A175||
01/01/2025|54|54100770000NB|169.137|169.143|STRUCTURE_TYPE|1|54A258||
01/01/2025|54|54100770000NB|169.421|169.465|STRUCTURE_TYPE|1|54A177||
01/01/2025|54|54100770000NB|173.18|173.208|STRUCTURE_TYPE|1|54A245||
01/01/2025|54|54100770000NB|173.683|173.808|STRUCTURE_TYPE|1|54A246||
01/01/2025|54|54100770000NB|173.88|173.906|STRUCTURE_TYPE|1|54A247||
01/01/2025|54|54100770000NB|176.401|176.44|STRUCTURE_TYPE|1|54A133||
01/01/2025|54|54100770000NB|176.403|176.4404|STRUCTURE_TYPE|1|54A262||
01/01/2025|54|54100770000NB|177.914|177.97|STRUCTURE_TYPE|1|54A135||
01/01/2025|54|54100770000NB|181.694|181.704|STRUCTURE_TYPE|1|54A155||
01/01/2025|54|54100770000NB|183.014|183.027|STRUCTURE_TYPE|1|54A156||
01/01/2025|54|54100770000NB|183.809|183.832|STRUCTURE_TYPE|1|54A137||
01/01/2025|54|54100770000NB|185.862|185.888|STRUCTURE_TYPE|1|54A139||
01/01/2025|54|54100770000NB|186.77|187.21|STRUCTURE_TYPE|1|54A141||
01/01/2025|54|54100770000SB|158.649|158.679|STRUCTURE_TYPE|1|54A112||
01/01/2025|54|54100770000SB|160.319|160.35|STRUCTURE_TYPE|1|54A114||
01/01/2025|54|54100770000SB|161.64|161.672|STRUCTURE_TYPE|1|54A116||
01/01/2025|54|54100770000SB|162.69|162.711|STRUCTURE_TYPE|1|54A118||
01/01/2025|54|54100770000SB|164.659|164.698|STRUCTURE_TYPE|1|54A250||
01/01/2025|54|54100770000SB|165.14|165.165|STRUCTURE_TYPE|1|54A122||
01/01/2025|54|54100770000SB|168.351|168.386|STRUCTURE_TYPE|1|54A176||
01/01/2025|54|54100770000SB|169.42|169.464|STRUCTURE_TYPE|1|54A178||
01/01/2025|54|54100770000SB|176.4|176.439|STRUCTURE_TYPE|1|54A134||
01/01/2025|54|54100770000SB|177.919|177.976|STRUCTURE_TYPE|1|54A136||
01/01/2025|54|54100770000SB|183.809|183.832|STRUCTURE_TYPE|1|54A138||
01/01/2025|54|54100770000SB|185.859|185.885|STRUCTURE_TYPE|1|54A140||
01/01/2025|54|54100770017SB161NC|0.218|0.225|STRUCTURE_TYPE|1|54A153||
01/01/2025|54|54200500000EB|6.291|6.348|STRUCTURE_TYPE|1|54A206||
01/01/2025|54|54200500000EB|6.584|6.635|STRUCTURE_TYPE|1|54A208||
01/01/2025|54|54200500000EB|6.975|7.011|STRUCTURE_TYPE|1|54A210||
01/01/2025|54|54200500000EB|7.043|7.08|STRUCTURE_TYPE|1|54A212||
01/01/2025|54|54200500000EB|7.363|7.377|STRUCTURE_TYPE|1|54A214||
01/01/2025|54|54200500000EB|7.631|7.875|STRUCTURE_TYPE|1|54A216||
01/01/2025|54|54200500000EB|8.005|8.027|STRUCTURE_TYPE|1|54A233||
01/01/2025|54|54200500000EB|9.238|9.3|STRUCTURE_TYPE|1|54A236||
01/01/2025|54|54200500000EB|9.486|9.5|STRUCTURE_TYPE|1|54A238||
01/01/2025|54|54200500000EB|16.35|16.356|STRUCTURE_TYPE|1|54A151||
01/01/2025|54|54200500000WB|0.0|0.759|STRUCTURE_TYPE|1|54A200||
01/01/2025|54|54200500000WB|3.626|3.65|STRUCTURE_TYPE|1|54A202||
01/01/2025|54|54200500000WB|6.289|6.346|STRUCTURE_TYPE|1|54A207||
01/01/2025|54|54200500000WB|6.575|6.627|STRUCTURE_TYPE|1|54A209||
01/01/2025|54|54200500000WB|6.974|7.01|STRUCTURE_TYPE|1|54A211||
01/01/2025|54|54200500000WB|7.044|7.081|STRUCTURE_TYPE|1|54A213||
01/01/2025|54|54200500000WB|7.373|7.387|STRUCTURE_TYPE|1|54A215||
01/01/2025|54|54200500000WB|7.623|7.867|STRUCTURE_TYPE|1|54A217||
01/01/2025|54|54200500000WB|8.004|8.026|STRUCTURE_TYPE|1|54A234||
01/01/2025|54|54200500000WB|9.219|9.281|STRUCTURE_TYPE|1|54A237||
01/01/2025|54|54200500000WB|9.486|9.5|STRUCTURE_TYPE|1|54A239||
01/01/2025|54|54200500017EB0009B|0.229|0.287|STRUCTURE_TYPE|1|54A235||
01/01/2025|54|5430014000000|0.614|0.664|STRUCTURE_TYPE|1|54A193||
01/01/2025|54|5430014000000|6.638|6.72|STRUCTURE_TYPE|1|54A248||
01/01/2025|54|5430014000000|7.154|7.194|STRUCTURE_TYPE|1|54A189||
01/01/2025|54|5430014000000|12.808|12.88|STRUCTURE_TYPE|1|54A037||
01/01/2025|54|5430014000000|12.88|12.98|STRUCTURE_TYPE|1|54A037||
01/01/2025|54|5430014000000|19.676|19.681|STRUCTURE_TYPE|1|54A038||
01/01/2025|54|5430014000000|24.347|24.3836|STRUCTURE_TYPE|1|54A261||
01/01/2025|54|54300140000SB|15.539|15.543|STRUCTURE_TYPE|1|54A143||
01/01/2025|54|54300140000SB|16.217|16.222|STRUCTURE_TYPE|1|54A144||
01/01/2025|54|5430014000100|1.555|1.704|STRUCTURE_TYPE|1|54A172||
01/01/2025|54|5430031000000|10.322|10.328|STRUCTURE_TYPE|1|54A170||
01/01/2025|54|5430031000000|17.834|17.8946|STRUCTURE_TYPE|1|54A260||
01/01/2025|54|5430031000000|19.019|19.36|STRUCTURE_TYPE|1|54A159||
01/01/2025|54|5430047000000|6.15|6.158|STRUCTURE_TYPE|1|54A097||
01/01/2025|54|5430047000000|9.615|9.68|STRUCTURE_TYPE|1|54A098||
01/01/2025|54|5430047000000|9.68|9.698|STRUCTURE_TYPE|1|54A098||
01/01/2025|54|54300470000WB|0.577|0.627|STRUCTURE_TYPE|1|54A190||
01/01/2025|54|5430068000000|0.0|0.067|STRUCTURE_TYPE|1|54A002||
01/01/2025|54|5430068000000|4.63|4.667|STRUCTURE_TYPE|1|54A254||
01/01/2025|54|5430068000000|9.727|9.754|STRUCTURE_TYPE|1|54A259||
01/01/2025|54|5430068000000|16.55|16.629|STRUCTURE_TYPE|1|54A205||
01/01/2025|54|5430068000000|16.629|16.6997|STRUCTURE_TYPE|1|54A160||
01/01/2025|54|5430068000000|16.629|16.7|STRUCTURE_TYPE|1|54A205||
01/01/2025|54|5430068000000|16.7|16.779|STRUCTURE_TYPE|1|54A205||
01/01/2025|54|5430068000000|22.729|22.782|STRUCTURE_TYPE|1|54A251||
01/01/2025|54|54300680000SB|14.58|14.627|STRUCTURE_TYPE|1|54A201||
01/01/2025|54|54300680000SB|16.482|16.531|STRUCTURE_TYPE|1|54A191||
01/01/2025|54|54300680005SB|1.838|1.908|STRUCTURE_TYPE|1|54A163||
01/01/2025|54|5430095000000|1.92|1.927|STRUCTURE_TYPE|1|54A157||
01/01/2025|54|5430095000000|2.266|2.277|STRUCTURE_TYPE|1|54A158||
01/01/2025|54|5430618000000|3.584|3.59|STRUCTURE_TYPE|1|54A150||
01/01/2025|54|54306180000WB|0.0|0.43|STRUCTURE_TYPE|1|54A103||
01/01/2025|54|5440001000000|1.977|1.982|STRUCTURE_TYPE|1|54A001||
01/01/2025|54|5440002010000|4.3|4.307|STRUCTURE_TYPE|1|54A007||
01/01/2025|54|5440002220000|0.019|0.029|STRUCTURE_TYPE|1|54A253||
01/01/2025|54|5440003010000|0.197|0.205|STRUCTURE_TYPE|1|54A164||
01/01/2025|54|5440003030000|0.095|0.106|STRUCTURE_TYPE|1|54A010||
01/01/2025|54|5440003030000|0.319|0.326|STRUCTURE_TYPE|1|54A011||
01/01/2025|54|5440003130000|1.133|1.14|STRUCTURE_TYPE|1|54A180||
01/01/2025|54|5440003160000|1.624|1.633|STRUCTURE_TYPE|1|54A013||
01/01/2025|54|5440003230000|2.433|2.447|STRUCTURE_TYPE|1|54A015||
01/01/2025|54|5440004080000|0.008|0.012|STRUCTURE_TYPE|1|54A183||
01/01/2025|54|5440005000000|0.148|0.153|STRUCTURE_TYPE|1|54A016||
01/01/2025|54|5440007000000|2.858|2.864|STRUCTURE_TYPE|1|54A017||
01/01/2025|54|5440007000000|2.886|2.896|STRUCTURE_TYPE|1|54A018||
01/01/2025|54|5440007000000|3.849|3.861|STRUCTURE_TYPE|1|54A255||
01/01/2025|54|5440007000000|4.778|4.792|STRUCTURE_TYPE|1|54A020||
01/01/2025|54|5440009000000|0.963|1.005|STRUCTURE_TYPE|1|54A203||
01/01/2025|54|5440009000000|1.152|1.2|STRUCTURE_TYPE|1|54A204||
01/01/2025|54|5440009030000|2.871|2.879|STRUCTURE_TYPE|1|54A022||
01/01/2025|54|5440009120000|0.259|0.269|STRUCTURE_TYPE|1|54A023||
01/01/2025|54|5440009160000|0.612|0.619|STRUCTURE_TYPE|1|54A252||
01/01/2025|54|5440009230000|0.007|0.024|STRUCTURE_TYPE|1|54A024||
01/01/2025|54|5440011000000|0.933|0.983|STRUCTURE_TYPE|1|54A241||
01/01/2025|54|5440011020000|1.331|1.342|STRUCTURE_TYPE|1|54A026||
01/01/2025|54|5440011050000|1.047|1.05|STRUCTURE_TYPE|1|54A027||
01/01/2025|54|5440011050000|1.05|1.059|STRUCTURE_TYPE|1|54A027||
01/01/2025|54|5440013000000|0.478|0.489|STRUCTURE_TYPE|1|54A028||
01/01/2025|54|5440013000000|9.172|9.18|STRUCTURE_TYPE|1|54A029||
01/01/2025|54|5440013000000|11.324|11.331|STRUCTURE_TYPE|1|54A030||
01/01/2025|54|5440013030000|2.874|2.882|STRUCTURE_TYPE|1|54A032||
01/01/2025|54|5440013060000|2.611|2.617|STRUCTURE_TYPE|1|54A033||
01/01/2025|54|5440014160000|2.538|2.545|STRUCTURE_TYPE|1|54A145||
01/01/2025|54|5440014490000|0.351|0.369|STRUCTURE_TYPE|1|54A035||
01/01/2025|54|5440015000000|2.598|2.61|STRUCTURE_TYPE|1|54A043||
01/01/2025|54|5440016040000|0.064|0.078|STRUCTURE_TYPE|1|54A044||
01/01/2025|54|5440016050000|1.923|1.929|STRUCTURE_TYPE|1|54A045||
01/01/2025|54|5440017000000|12.24|12.253|STRUCTURE_TYPE|1|54A047||
01/01/2025|54|5440017010000|3.08|3.087|STRUCTURE_TYPE|1|54A048||
01/01/2025|54|5440017040000|0.019|0.025|STRUCTURE_TYPE|1|54A049||
01/01/2025|54|5440017050000|0.358|0.363|STRUCTURE_TYPE|1|54A050||
01/01/2025|54|5440018000000|0.389|0.396|STRUCTURE_TYPE|1|54A051||
01/01/2025|54|5440018090000|0.03|0.037|STRUCTURE_TYPE|1|54A052||
01/01/2025|54|5440019000000|5.798|5.808|STRUCTURE_TYPE|1|54A184||
01/01/2025|54|5440019030000|0.064|0.068|STRUCTURE_TYPE|1|54A054||
01/01/2025|54|5440021000000|2.092|2.1|STRUCTURE_TYPE|1|54A187||
01/01/2025|54|5440021000000|5.283|5.293|STRUCTURE_TYPE|1|54A058||
01/01/2025|54|5440021000000|9.867|9.877|STRUCTURE_TYPE|1|54A059||
01/01/2025|54|5440021210000|0.193|0.206|STRUCTURE_TYPE|1|54A257||
01/01/2025|54|5440021220000|2.817|2.874|STRUCTURE_TYPE|1|54A061||
01/01/2025|54|5440021240000|3.184|3.197|STRUCTURE_TYPE|1|54A062||
01/01/2025|54|5440021290000|0.01|0.017|STRUCTURE_TYPE|1|54A063||
01/01/2025|54|5440021290000|0.05|0.058|STRUCTURE_TYPE|1|54A064||
01/01/2025|54|5440024000000|0.549|0.557|STRUCTURE_TYPE|1|54A065||
01/01/2025|54|5440024000000|0.94|0.948|STRUCTURE_TYPE|1|54A066||
01/01/2025|54|5440025000000|1.918|1.925|STRUCTURE_TYPE|1|54A068||
01/01/2025|54|5440025000000|3.256|3.271|STRUCTURE_TYPE|1|54A069||
01/01/2025|54|5440025000000|5.18|5.193|STRUCTURE_TYPE|1|54A070||
01/01/2025|54|5440025000000|6.073|6.081|STRUCTURE_TYPE|1|54A182||
01/01/2025|54|5440025030000|0.262|0.279|STRUCTURE_TYPE|1|54A188||
01/01/2025|54|5440025080000|0.082|0.089|STRUCTURE_TYPE|1|54A072||
01/01/2025|54|5440026000000|1.604|1.61|STRUCTURE_TYPE|1|54A073||
01/01/2025|54|5440026000000|5.31|5.322|STRUCTURE_TYPE|1|54A074||
01/01/2025|54|5440026020000|1.864|1.881|STRUCTURE_TYPE|1|54A076||
01/01/2025|54|5440026030000|0.053|0.067|STRUCTURE_TYPE|1|54A243||
01/01/2025|54|5440026040000|4.485|4.489|STRUCTURE_TYPE|1|54A078||
01/01/2025|54|5440027000000|0.087|0.094|STRUCTURE_TYPE|1|54A079||
01/01/2025|54|5440028020000|1.547|1.553|STRUCTURE_TYPE|1|54A081||
01/01/2025|54|5440032000000|0.386|0.397|STRUCTURE_TYPE|1|54A244||
01/01/2025|54|5440034040000|0.293|0.339|STRUCTURE_TYPE|1|54A240||
01/01/2025|54|5440036000000|0.299|0.307|STRUCTURE_TYPE|1|54A185||
01/01/2025|54|5440038000000|5.988|5.992|STRUCTURE_TYPE|1|54A174||
01/01/2025|54|5440038000000|7.68|7.688|STRUCTURE_TYPE|1|54A087||
01/01/2025|54|5440038000000|8.168|8.177|STRUCTURE_TYPE|1|54A088||
01/01/2025|54|5440038050000|2.13|2.135|STRUCTURE_TYPE|1|54A089||
01/01/2025|54|5440040050000|3.143|3.151|STRUCTURE_TYPE|1|54A090||
01/01/2025|54|5440042000000|3.439|3.449|STRUCTURE_TYPE|1|54A092||
01/01/2025|54|5440042000000|3.624|3.636|STRUCTURE_TYPE|1|54A179||
01/01/2025|54|5440042000000|4.696|4.701|STRUCTURE_TYPE|1|54A256||
01/01/2025|54|5440046040000|0.862|0.868|STRUCTURE_TYPE|1|54A186||
01/01/2025|54|5440047010000|0.546|0.552|STRUCTURE_TYPE|1|54A099||
01/01/2025|54|5440047170000|0.167|0.178|STRUCTURE_TYPE|1|54A100||
01/01/2025|54|5440047200000|0.111|0.121|STRUCTURE_TYPE|1|54A102||
01/01/2025|54|5440047420000|0.054|0.061|STRUCTURE_TYPE|1|54A242||
01/01/2025|54|5440050020000|2.076|2.089|STRUCTURE_TYPE|1|54A105||
01/01/2025|54|5440050050000|1.312|1.319|STRUCTURE_TYPE|1|54A106||
01/01/2025|54|5440050090000|0.081|0.086|STRUCTURE_TYPE|1|54A107||
01/01/2025|54|5440050100000|1.474|1.482|STRUCTURE_TYPE|1|54A173||
01/01/2025|54|5440050360000|1.874|1.88|STRUCTURE_TYPE|1|54A110||
01/01/2025|54|5440050370000|1.294|1.301|STRUCTURE_TYPE|1|54A171||
01/01/2025|54|5440050440000|0.238|0.263|STRUCTURE_TYPE|1|54A192||
01/01/2025|54|5475760001900|0.023|0.033|STRUCTURE_TYPE|1|54A902||
01/01/2025|54|5475798001900|0.0|0.484|STRUCTURE_TYPE|1|54A907||
01/01/2025|54|5500044000000|0.01|0.0217|STRUCTURE_TYPE|1|55A180||
01/01/2025|54|5500240000000|0.008|0.0239|STRUCTURE_TYPE|1|55A191||
01/01/2025|54|5501058000000|0.006|0.0196|STRUCTURE_TYPE|1|55A234||
01/01/2025|54|55200520000EB|0.881|0.903|STRUCTURE_TYPE|1|55A079||
01/01/2025|54|55200520000EB|5.192|5.198|STRUCTURE_TYPE|1|55A081||
01/01/2025|54|55200520000WB|4.795|4.817|STRUCTURE_TYPE|1|55A080||
01/01/2025|54|5530010000000|5.001|5.012|STRUCTURE_TYPE|1|55A247||
01/01/2025|54|5530010000000|5.07|5.079|STRUCTURE_TYPE|1|55A249||
01/01/2025|54|5530010000000|7.403|7.413|STRUCTURE_TYPE|1|55A250||
01/01/2025|54|5530010000000|12.199|12.406|STRUCTURE_TYPE|1|55A031||
01/01/2025|54|5530010000000|14.8|14.81|STRUCTURE_TYPE|1|55A175||
01/01/2025|54|5530010000000|17.117|17.13|STRUCTURE_TYPE|1|55A166||
01/01/2025|54|5530010000000|24.143|24.156|STRUCTURE_TYPE|1|55A034||
01/01/2025|54|5530010000000|31.605|31.631|STRUCTURE_TYPE|1|55A241||
01/01/2025|54|5530010000000|36.521|36.537|STRUCTURE_TYPE|1|55A254||
01/01/2025|54|5530010000000|42.564|42.574|STRUCTURE_TYPE|1|55A251||
01/01/2025|54|5530010000000|42.984|43.006|STRUCTURE_TYPE|1|55A038||
01/01/2025|54|5530010000000|46.524|46.533|STRUCTURE_TYPE|1|55A246||
01/01/2025|54|5530010000000|48.066|48.073|STRUCTURE_TYPE|1|55A252||
01/01/2025|54|5530016000000|1.718|1.735|STRUCTURE_TYPE|1|55A197||
01/01/2025|54|5530016000000|4.306|4.311|STRUCTURE_TYPE|1|55A060||
01/01/2025|54|5530016000000|6.363|6.37|STRUCTURE_TYPE|1|55A061||
01/01/2025|54|5530016000000|6.851|6.857|STRUCTURE_TYPE|1|55A062||
01/01/2025|54|5530016000000|7.06|7.069|STRUCTURE_TYPE|1|55A063||
01/01/2025|54|5530016000000|7.19|7.195|STRUCTURE_TYPE|1|55A064||
01/01/2025|54|5530016000000|11.042|11.061|STRUCTURE_TYPE|1|55A065||
01/01/2025|54|5530016000000|11.498|11.534|STRUCTURE_TYPE|1|55A066||
01/01/2025|54|5530016000000|24.767|24.793|STRUCTURE_TYPE|1|55A067||
01/01/2025|54|5530016000000|25.598|25.648|STRUCTURE_TYPE|1|55A212||
01/01/2025|54|5530016000000|26.694|26.718|STRUCTURE_TYPE|1|55A069||
01/01/2025|54|5530016000000|28.962|28.993|STRUCTURE_TYPE|1|55A070||
01/01/2025|54|5530016000000|31.027|31.055|STRUCTURE_TYPE|1|55A071||
01/01/2025|54|5530054000000|0.972|0.986|STRUCTURE_TYPE|1|55A084||
01/01/2025|54|5530054000000|1.103|1.121|STRUCTURE_TYPE|1|55A085||
01/01/2025|54|5530054000000|1.229|1.247|STRUCTURE_TYPE|1|55A086||
01/01/2025|54|5530054000000|1.47|1.489|STRUCTURE_TYPE|1|55A087||
01/01/2025|54|5530054000000|1.638|1.656|STRUCTURE_TYPE|1|55A088||
01/01/2025|54|5530054000000|2.497|2.5|STRUCTURE_TYPE|1|55A089||
01/01/2025|54|5530054000000|2.5|2.553|STRUCTURE_TYPE|1|55A089||
01/01/2025|54|5530054000000|7.458|7.486|STRUCTURE_TYPE|1|55A090||
01/01/2025|54|5530085000000|0.0|0.013|STRUCTURE_TYPE|1|55A255||
01/01/2025|54|5530085000000|3.479|3.489|STRUCTURE_TYPE|1|55A096||
01/01/2025|54|5530085000000|5.968|5.978|STRUCTURE_TYPE|1|55A098||
01/01/2025|54|5530097000000|6.107|6.113|STRUCTURE_TYPE|1|55A206||
01/01/2025|54|5530097000000|8.82|8.869|STRUCTURE_TYPE|1|55A024||
01/01/2025|54|5530097000000|13.253|13.258|STRUCTURE_TYPE|1|55A208||
01/01/2025|54|5530097000000|14.42|14.428|STRUCTURE_TYPE|1|55A207||
01/01/2025|54|5530097000000|15.263|15.269|STRUCTURE_TYPE|1|55A205||
01/01/2025|54|5530097000000|22.799|22.827|STRUCTURE_TYPE|1|55A253||
01/01/2025|54|5530097000000|34.072|34.084|STRUCTURE_TYPE|1|55A120||
01/01/2025|54|5530097000000|34.826|34.852|STRUCTURE_TYPE|1|55A102||
01/01/2025|54|5530971000000|8.449|8.488|STRUCTURE_TYPE|1|55A108||
01/01/2025|54|5540001000000|5.279|5.294|STRUCTURE_TYPE|1|55A199||
01/01/2025|54|5540001000000|6.883|6.898|STRUCTURE_TYPE|1|55A193||
01/01/2025|54|5540001000000|11.616|11.621|STRUCTURE_TYPE|1|55A003||
01/01/2025|54|5540001030000|0.463|0.479|STRUCTURE_TYPE|1|55A006||
01/01/2025|54|5540001060000|0.004|0.012|STRUCTURE_TYPE|1|55A106||
01/01/2025|54|5540001190000|0.004|0.012|STRUCTURE_TYPE|1|55A181||
01/01/2025|54|5540002000000|0.03|0.037|STRUCTURE_TYPE|1|55A007||
01/01/2025|54|5540002000000|4.334|4.3407|STRUCTURE_TYPE|1|55A111||
01/01/2025|54|5540002000000|4.334|4.346|STRUCTURE_TYPE|1|55X001||
01/01/2025|54|5540002000000|4.873|4.883|STRUCTURE_TYPE|1|55A192||
01/01/2025|54|5540002000000|5.153|5.159|STRUCTURE_TYPE|1|55A009||
01/01/2025|54|5540002010000|0.046|0.054|STRUCTURE_TYPE|1|55A112||
01/01/2025|54|5540002020000|0.005|0.015|STRUCTURE_TYPE|1|55A211||
01/01/2025|54|5540002030000|0.01|0.018|STRUCTURE_TYPE|1|55A171||
01/01/2025|54|5540002040000|0.024|0.034|STRUCTURE_TYPE|1|55A167||
01/01/2025|54|5540005000000|0.033|0.043|STRUCTURE_TYPE|1|55A010||
01/01/2025|54|5540006000000|5.908|5.931|STRUCTURE_TYPE|1|55A217||
01/01/2025|54|5540006000000|6.364|6.389|STRUCTURE_TYPE|1|55A015||
01/01/2025|54|5540006000000|7.661|7.68|STRUCTURE_TYPE|1|55A218||
01/01/2025|54|5540006000000|7.889|7.905|STRUCTURE_TYPE|1|55A013||
01/01/2025|54|5540006000000|9.112|9.151|STRUCTURE_TYPE|1|55A194||
01/01/2025|54|5540006020000|0.446|0.565|STRUCTURE_TYPE|1|55A025||
01/01/2025|54|5540008000000|0.291|0.301|STRUCTURE_TYPE|1|55A019||
01/01/2025|54|5540008000000|1.239|1.253|STRUCTURE_TYPE|1|55A020||
01/01/2025|54|5540008000000|2.002|2.013|STRUCTURE_TYPE|1|55A021||
01/01/2025|54|5540008000000|3.296|3.305|STRUCTURE_TYPE|1|55A022||
01/01/2025|54|5540008000000|11.155|11.161|STRUCTURE_TYPE|1|55A198||
01/01/2025|54|5540008010000|0.006|0.018|STRUCTURE_TYPE|1|55A023||
01/01/2025|54|5540008050000|0.004|0.016|STRUCTURE_TYPE|1|55A214||
01/01/2025|54|5540009040000|0.662|0.674|STRUCTURE_TYPE|1|55A170||
01/01/2025|54|5540009040000|6.66|6.676|STRUCTURE_TYPE|1|55A028||
01/01/2025|54|5540010020000|0.007|0.016|STRUCTURE_TYPE|1|55A040||
01/01/2025|54|5540010030000|1.872|1.882|STRUCTURE_TYPE|1|55A041||
01/01/2025|54|5540010030000|2.638|2.653|STRUCTURE_TYPE|1|55A042||
01/01/2025|54|5540010050000|0.008|0.017|STRUCTURE_TYPE|1|55A043||
01/01/2025|54|5540010110000|0.005|0.011|STRUCTURE_TYPE|1|55A044||
01/01/2025|54|5540010130000|1.19|1.199|STRUCTURE_TYPE|1|55A174||
01/01/2025|54|5540010130000|1.516|1.524|STRUCTURE_TYPE|1|55A046||
01/01/2025|54|5540010140000|0.335|0.341|STRUCTURE_TYPE|1|55A047||
01/01/2025|54|5540010140000|0.565|0.573|STRUCTURE_TYPE|1|55A220||
01/01/2025|54|5540010180000|0.014|0.029|STRUCTURE_TYPE|1|55A049||
01/01/2025|54|5540010200000|1.295|1.301|STRUCTURE_TYPE|1|55A051||
01/01/2025|54|5540010230000|0.006|0.02|STRUCTURE_TYPE|1|55A052||
01/01/2025|54|5540010280000|0.008|0.018|STRUCTURE_TYPE|1|55A113||
01/01/2025|54|5540010290000|0.02|0.028|STRUCTURE_TYPE|1|55A114||
01/01/2025|54|5540010330000|0.009|0.024|STRUCTURE_TYPE|1|55A125||
01/01/2025|54|5540010370000|0.005|0.02|STRUCTURE_TYPE|1|55A172||
01/01/2025|54|5540010420000|0.007|0.015|STRUCTURE_TYPE|1|55A126||
01/01/2025|54|5540010450000|0.032|0.07|STRUCTURE_TYPE|1|55A213||
01/01/2025|54|5540010600000|0.017|0.033|STRUCTURE_TYPE|1|55A133||
01/01/2025|54|5540010700000|0.004|0.0112|STRUCTURE_TYPE|1|55A216||
01/01/2025|54|5540010950000|0.004|0.01|STRUCTURE_TYPE|1|55A179||
01/01/2025|54|5540010960000|0.005|0.015|STRUCTURE_TYPE|1|55A210||
01/01/2025|54|5540010980000|0.073|0.089|STRUCTURE_TYPE|1|55A186||
01/01/2025|54|5540012010000|0.195|0.203|STRUCTURE_TYPE|1|55A137||
01/01/2025|54|5540012010000|1.298|1.304|STRUCTURE_TYPE|1|55A055||
01/01/2025|54|5540012070000|0.016|0.032|STRUCTURE_TYPE|1|55A056||
01/01/2025|54|5540012140000|0.008|0.019|STRUCTURE_TYPE|1|55A221||
01/01/2025|54|5540012150000|0.046|0.05|STRUCTURE_TYPE|1|55A219||
01/01/2025|54|5540014000000|2.66|2.669|STRUCTURE_TYPE|1|55A109||
01/01/2025|54|5540014000000|4.923|4.932|STRUCTURE_TYPE|1|55A187||
01/01/2025|54|5540014000000|6.964|7.006|STRUCTURE_TYPE|1|55A057||
01/01/2025|54|5540016020000|0.169|0.183|STRUCTURE_TYPE|1|55A177||
01/01/2025|54|5540016020000|20.793|20.799|STRUCTURE_TYPE|1|55A075||
01/01/2025|54|5540016140000|0.043|0.053|STRUCTURE_TYPE|1|55A117||
01/01/2025|54|5540016150000|0.034|0.044|STRUCTURE_TYPE|1|55A127||
01/01/2025|54|5540016170000|0.012|0.022|STRUCTURE_TYPE|1|55A118||
01/01/2025|54|5540016210000|0.248|0.26|STRUCTURE_TYPE|1|55A139||
01/01/2025|54|5540016240000|0.054|0.064|STRUCTURE_TYPE|1|55A190||
01/01/2025|54|5540016240000|0.27|0.276|STRUCTURE_TYPE|1|55A129||
01/01/2025|54|5540016390000|0.161|0.177|STRUCTURE_TYPE|1|55A195||
01/01/2025|54|5540016390000|0.721|0.735|STRUCTURE_TYPE|1|55A196||
01/01/2025|54|5540016400000|0.008|0.024|STRUCTURE_TYPE|1|55A188||
01/01/2025|54|5540018000000|7.425|7.432|STRUCTURE_TYPE|1|55A076||
01/01/2025|54|5540052010000|0.006|0.016|STRUCTURE_TYPE|1|55A082||
01/01/2025|54|5540052020000|0.045|0.06|STRUCTURE_TYPE|1|55A083||
01/01/2025|54|5540052050000|0.013|0.021|STRUCTURE_TYPE|1|55A136||
01/01/2025|54|5540052070000|0.15|0.159|STRUCTURE_TYPE|1|55A215||
01/01/2025|54|5540052140000|0.002|0.02|STRUCTURE_TYPE|1|55A077||
01/01/2025|54|5540054010000|0.056|0.071|STRUCTURE_TYPE|1|55A248||
01/01/2025|54|5540054040000|0.025|0.038|STRUCTURE_TYPE|1|55A173||
01/01/2025|54|5540054040000|0.138|0.148|STRUCTURE_TYPE|1|55A176||
01/01/2025|54|5540054110000|0.084|0.097|STRUCTURE_TYPE|1|55A135||
01/01/2025|54|5540085030000|0.005|0.017|STRUCTURE_TYPE|1|55A185||
01/01/2025|54|5540085040000|0.032|0.044|STRUCTURE_TYPE|1|55A105||
01/01/2025|54|5540097050000|0.099|0.105|STRUCTURE_TYPE|1|55A165||
01/01/2025|54|5540971020000|0.003|0.011|STRUCTURE_TYPE|1|55A107||
01/01/2025|54|5580901220000|0.009|0.015|STRUCTURE_TYPE|1|55A223||
01/01/2025|54|5580901440000|0.006|0.016|STRUCTURE_TYPE|1|55A224||
01/01/2025|54|5580901460000|0.006|0.018|STRUCTURE_TYPE|1|55A225||
01/01/2025|54|5580901520000|0.074|0.08|STRUCTURE_TYPE|1|55A226||
01/01/2025|54|5580901610000|0.017|0.052|STRUCTURE_TYPE|1|55A228||
01/01/2025|54|5580901620000|0.005|0.0132|STRUCTURE_TYPE|1|55A229||
01/01/2025|54|5580901700000|0.005|0.0294|STRUCTURE_TYPE|1|55X002||
01/01/2025|54|5580929000000|0.006|0.018|STRUCTURE_TYPE|1|55A232||
01/01/2025|54|5580930000000|0.046|0.058|STRUCTURE_TYPE|1|55A233||
01/01/2025|54|5580935000000|0.004|0.01|STRUCTURE_TYPE|1|55A235||
01/01/2025|54|5580936000000|0.027|0.032|STRUCTURE_TYPE|1|55A237||
01/01/2025|54|5580936000000|0.295|0.301|STRUCTURE_TYPE|1|55A236||
01/01/2025|54|5580941000000|0.005|0.015|STRUCTURE_TYPE|1|55A238||
01/01/2025|54|5580955000000|0.018|0.023|STRUCTURE_TYPE|1|55A239||
01/01/2025|54|5580956000000|0.007|0.018|STRUCTURE_TYPE|1|55A240||
01/01/2025|54|5580978000000|0.014|0.02|STRUCTURE_TYPE|1|55A242||
01/01/2025|54|5580985000000|0.005|0.0105|STRUCTURE_TYPE|1|55A243||
01/01/2025|54|5580993000000|0.003|0.009|STRUCTURE_TYPE|1|55A244||
01/01/2025|54|5580994000000|0.186|0.194|STRUCTURE_TYPE|1|55A231||
