|BeginDate|StateID|RouteID|BeginPoint|EndPoint|DataItem|ValueNumeric|ValueText|ValueDate|Comments
0|01/01/2023|54|0130092000000|26.923|26.952|STRUCTURE_TYPE||01A100||
2|01/01/2023|54|1030612000000|0.173|0.193|STRUCTURE_TYPE||10A324||
3|01/01/2023|54|1440001000000|7.778|7.837|STRUCTURE_TYPE||14A134||
4|01/01/2023|54|1700048160000|0.043|0.049|STRUCTURE_TYPE||17A918||
5|01/01/2023|54|20201190005SB|0.977|1.062|STRUCTURE_TYPE||20A399||
6|01/01/2023|54|20201190000NB|17.897|17.983|STRUCTURE_TYPE||20A400||
7|01/01/2023|54|20300610000SB|27.118|27.175|STRUCTURE_TYPE||20A534||
8|01/01/2023|54|3040013000000|11.237|11.244|STRUCTURE_TYPE||24A007||
9|01/01/2023|54|2440007000000|1.29|1.323|STRUCTURE_TYPE||24A381||
10|01/01/2023|54|30200520000EB|32.547|32.562|STRUCTURE_TYPE||30A184||
11|01/01/2023|54|2330080000000|0.021|0.081|STRUCTURE_TYPE||30A240||
12|01/01/2023|54|3174817001900|0.029|0.035|STRUCTURE_TYPE||31A905||
13|01/01/2023|54|3174817001900|0.078|0.085|STRUCTURE_TYPE||31A906||
14|01/01/2023|54|38U0001080000|1.535|1.541|STRUCTURE_TYPE||38A143||
15|01/01/2023|54|40200350000SB|14.757|14.886|STRUCTURE_TYPE||40A177||
16|01/01/2023|54|40200350000NB|14.753|14.887|STRUCTURE_TYPE||40A179||
17|01/01/2023|54|40200350000SB|11.848|11.856|STRUCTURE_TYPE||40A180||
18|01/01/2023|54|40200350000NB|11.848|11.856|STRUCTURE_TYPE||40A181||
19|01/01/2023|54|40100640000EB|43.86|44.13|STRUCTURE_TYPE||40A182||
20|01/01/2023|54|4130003000000|36.013|36.051|STRUCTURE_TYPE||41A027||
21|01/01/2023|54|4101105000000|0.093|0.141|STRUCTURE_TYPE||41A237||
22|01/01/2023|54|4102581000000|0.126|0.143|STRUCTURE_TYPE||41A238||
23|01/01/2023|54|41200190000NB|14.347|14.37|STRUCTURE_TYPE||41A334||
24|01/01/2023|54|42202500000SB|1.726|1.752|STRUCTURE_TYPE||42A263||
25|01/01/2023|54|4330074000000|20.141|20.152|STRUCTURE_TYPE||43A202||
26|01/01/2023|54|4330047000000|12.648|12.671|STRUCTURE_TYPE||43A203||
27|01/01/2023|54|4340031050000|1.207|1.213|STRUCTURE_TYPE||43A204||
28|01/01/2023|54|4440119160000|0.096|0.104|STRUCTURE_TYPE||44A186||
29|01/01/2023|54|4440119160000|0.233|0.241|STRUCTURE_TYPE||44A187||
30|01/01/2023|54|4440014150000|0.241|0.247|STRUCTURE_TYPE||44A188||
31|01/01/2023|54|4440009000000|7.46|7.47|STRUCTURE_TYPE||44A189||
32|01/01/2023|54|4440046010000|0.124|0.13|STRUCTURE_TYPE||44A190||
33|01/01/2023|54|4730038000000|0.655|0.668|STRUCTURE_TYPE||47A096||
34|01/01/2023|54|5000060040000|0.0|0.057|STRUCTURE_TYPE||50A136||
35|01/01/2023|54|5040037030000|2.997|3.005|STRUCTURE_TYPE||50A248||
36|01/01/2023|54|5130082000000|0.0|0.007|STRUCTURE_TYPE||51A105||
37|01/01/2023|54|5430014000000|27.393|27.454|STRUCTURE_TYPE||54A260||
39|01/01/2023|54|5530010000000|5.064|5.073|STRUCTURE_TYPE||55A249||
40|01/01/2023|54|5530010000000|7.402|7.412|STRUCTURE_TYPE||55A250||
41|01/01/2023|54|5530010000000|42.565|42.574|STRUCTURE_TYPE||55A251||
42|01/01/2023|54|5530010000000|48.065|48.072|STRUCTURE_TYPE||55A252||
43|01/01/2023|54|5530097000000|22.787|22.815|STRUCTURE_TYPE||55A253||
44|01/01/2023|54|0140001000000|3.393|3.397|STRUCTURE_TYPE||01A001||
45|01/01/2023|54|0140001000000|3.672|3.678|STRUCTURE_TYPE||01A002||
46|01/01/2023|54|0140001000000|3.945|3.971|STRUCTURE_TYPE||01A003||
47|01/01/2023|54|0140003000000|0.643|0.649|STRUCTURE_TYPE||01A005||
48|01/01/2023|54|0140005030000|0.879|0.885|STRUCTURE_TYPE||01A006||
49|01/01/2023|54|0140007000000|11.382|11.388|STRUCTURE_TYPE||01A007||
50|01/01/2023|54|0140009000000|3.773|3.779|STRUCTURE_TYPE||01A008||
51|01/01/2023|54|0140009000000|5.791|5.795|STRUCTURE_TYPE||01A009||
52|01/01/2023|54|0140011000000|2.507|2.555|STRUCTURE_TYPE||01A015||
53|01/01/2023|54|0140011000000|6.347|6.371|STRUCTURE_TYPE||01A016||
54|01/01/2023|54|0140012000000|6.331|6.337|STRUCTURE_TYPE||01A020||
55|01/01/2023|54|0140012000000|6.392|6.398|STRUCTURE_TYPE||01A021||
56|01/01/2023|54|0140012030000|0.027|0.047|STRUCTURE_TYPE||01A022||
57|01/01/2023|54|0140012080000|0.128|0.156|STRUCTURE_TYPE||01A023||
58|01/01/2023|54|0140013000000|1.069|1.077|STRUCTURE_TYPE||01A024||
59|01/01/2023|54|0140013010000|0.798|0.806|STRUCTURE_TYPE||01A025||
60|01/01/2023|54|0140013040000|0.095|0.105|STRUCTURE_TYPE||01A026||
61|01/01/2023|54|0140015000000|2.084|2.088|STRUCTURE_TYPE||01A027||
62|01/01/2023|54|0140016040000|0.012|0.016|STRUCTURE_TYPE||01A028||
63|01/01/2023|54|0140017000000|4.406|4.412|STRUCTURE_TYPE||01A029||
64|01/01/2023|54|0140017120000|0.381|0.405|STRUCTURE_TYPE||01A030||
65|01/01/2023|54|0140018000000|0.788|0.794|STRUCTURE_TYPE||01A031||
66|01/01/2023|54|0130020000000|1.774|1.78|STRUCTURE_TYPE||01A032||
67|01/01/2023|54|0140024000000|4.997|5.013|STRUCTURE_TYPE||01A037||
68|01/01/2023|54|0140026000000|1.265|1.271|STRUCTURE_TYPE||01A038||
69|01/01/2023|54|0140026000000|1.97|1.976|STRUCTURE_TYPE||01A039||
70|01/01/2023|54|0140026000000|2.382|2.392|STRUCTURE_TYPE||01A040||
71|01/01/2023|54|0140026050000|0.016|0.024|STRUCTURE_TYPE||01A041||
72|01/01/2023|54|0140026000000|4.399|4.411|STRUCTURE_TYPE||01A042||
73|01/01/2023|54|0140026010000|2.368|2.378|STRUCTURE_TYPE||01A043||
74|01/01/2023|54|0140030000000|8.638|8.642|STRUCTURE_TYPE||01A045||
75|01/01/2023|54|0140032000000|1.322|1.33|STRUCTURE_TYPE||01A046||
76|01/01/2023|54|0140032000000|8.056|8.062|STRUCTURE_TYPE||01A047||
77|01/01/2023|54|0140036000000|4.726|4.754|STRUCTURE_TYPE||01A048||
78|01/01/2023|54|0130038000000|2.7|2.736|STRUCTURE_TYPE||01A049||
79|01/01/2023|54|0130038000000|6.839|6.851|STRUCTURE_TYPE||01A050||
80|01/01/2023|54|0130038000000|9.882|9.898|STRUCTURE_TYPE||01A052||
81|01/01/2023|54|0130038000000|10.9|10.906|STRUCTURE_TYPE||01A053||
82|01/01/2023|54|0140040000000|5.158|5.176|STRUCTURE_TYPE||01A055||
83|01/01/2023|54|0140046000000|2.387|2.393|STRUCTURE_TYPE||01A059||
84|01/01/2023|54|0140048000000|2.099|2.105|STRUCTURE_TYPE||01A061||
85|01/01/2023|54|0130057000000|5.438|5.442|STRUCTURE_TYPE||01A064||
86|01/01/2023|54|0140021000000|0.557|0.561|STRUCTURE_TYPE||01A065||
87|01/01/2023|54|0140057010000|0.021|0.039|STRUCTURE_TYPE||01A066||
88|01/01/2023|54|0140057070000|1.884|1.896|STRUCTURE_TYPE||01A069||
89|01/01/2023|54|0140057100000|0.124|0.134|STRUCTURE_TYPE||01A070||
90|01/01/2023|54|0140057100000|0.369|0.377|STRUCTURE_TYPE||01A071||
91|01/01/2023|54|0130076000000|0.55|0.562|STRUCTURE_TYPE||01A072||
92|01/01/2023|54|0140077010000|0.051|0.057|STRUCTURE_TYPE||01A073||
93|01/01/2023|54|0130092000000|7.541|7.547|STRUCTURE_TYPE||01A074||
94|01/01/2023|54|0130092000000|9.244|9.252|STRUCTURE_TYPE||01A075||
95|01/01/2023|54|0130092000000|19.143|19.167|STRUCTURE_TYPE||01A076||
96|01/01/2023|54|0130092000000|19.413|19.427|STRUCTURE_TYPE||01A077||
97|01/01/2023|54|0130092000000|26.735|26.739|STRUCTURE_TYPE||01A078||
98|01/01/2023|54|0140092120000|0.708|0.712|STRUCTURE_TYPE||01A080||
99|01/01/2023|54|0140092200000|0.799|0.809|STRUCTURE_TYPE||01A083||
100|01/01/2023|54|0140093000000|3.669|3.675|STRUCTURE_TYPE||01A084||
101|01/01/2023|54|01201190000NB|13.601|13.607|STRUCTURE_TYPE||01A085||
102|01/01/2023|54|01201190000SB|15.901|15.967|STRUCTURE_TYPE||01A086||
103|01/01/2023|54|01201190000SB|17.482|17.522|STRUCTURE_TYPE||01A087||
104|01/01/2023|54|01201190000SB|18.483|18.489|STRUCTURE_TYPE||01A088||
105|01/01/2023|54|01202500000NB|0.47|0.48|STRUCTURE_TYPE||01A090||
106|01/01/2023|54|01202500000NB|5.419|5.425|STRUCTURE_TYPE||01A091||
107|01/01/2023|54|01202500000SB|17.237|17.297|STRUCTURE_TYPE||01A092||
108|01/01/2023|54|0140119210000|0.057|0.121|STRUCTURE_TYPE||01A093||
109|01/01/2023|54|01201190000NB|11.397|11.401|STRUCTURE_TYPE||01A097||
110|01/01/2023|54|0130057000000|7.236|7.242|STRUCTURE_TYPE||01A098||
111|01/01/2023|54|0140001010000|4.23|4.248|STRUCTURE_TYPE||01A099||
112|01/01/2023|54|0140011000000|15.775|15.817|STRUCTURE_TYPE||01A101||
113|01/01/2023|54|0140011020000|0.64|0.644|STRUCTURE_TYPE||01A102||
114|01/01/2023|54|0130038000000|7.352|7.366|STRUCTURE_TYPE||01A103||
115|01/01/2023|54|0140026000000|6.318|6.324|STRUCTURE_TYPE||01A104||
116|01/01/2023|54|0140046010000|1.587|1.623|STRUCTURE_TYPE||01A105||
117|01/01/2023|54|0140007100000|0.093|0.101|STRUCTURE_TYPE||01A106||
118|01/01/2023|54|01202500013SB|0.374|0.544|STRUCTURE_TYPE||01A107||
119|01/01/2023|54|0140040010000|1.225|1.243|STRUCTURE_TYPE||01A108||
120|01/01/2023|54|0140057060000|0.093|0.107|STRUCTURE_TYPE||01A109||
121|01/01/2023|54|0140011030000|0.017|0.029|STRUCTURE_TYPE||01A110||
122|01/01/2023|54|0140040040000|0.018|0.036|STRUCTURE_TYPE||01A111||
123|01/01/2023|54|0140030000000|10.807|10.811|STRUCTURE_TYPE||01A112||
124|01/01/2023|54|0140020030000|1.319|1.325|STRUCTURE_TYPE||01A113||
125|01/01/2023|54|0140119020000|0.071|0.077|STRUCTURE_TYPE||01A114||
126|01/01/2023|54|0140057150000|0.0|0.017|STRUCTURE_TYPE||01A115||
127|01/01/2023|54|0140011000000|1.314|1.32|STRUCTURE_TYPE||01A116||
128|01/01/2023|54|0140092170000|0.088|0.096|STRUCTURE_TYPE||01A117||
129|01/01/2023|54|0140010000000|9.922|9.988|STRUCTURE_TYPE||01A118||
130|01/01/2023|54|0140012000000|6.009|6.083|STRUCTURE_TYPE||01A119||
131|01/01/2023|54|0140092180000|2.627|2.633|STRUCTURE_TYPE||01A120||
132|01/01/2023|54|0140009000000|7.915|7.923|STRUCTURE_TYPE||01A121||
133|01/01/2023|54|0140010000000|10.668|10.686|STRUCTURE_TYPE||01A122||
134|01/01/2023|54|0140056000000|0.026|0.072|STRUCTURE_TYPE||01A123||
135|01/01/2023|54|0140040050000|0.03|0.044|STRUCTURE_TYPE||01A124||
136|01/01/2023|54|0240001000000|0.19|0.216|STRUCTURE_TYPE||02A001||
137|01/01/2023|54|0240001000000|3.301|3.305|STRUCTURE_TYPE||02A003||
138|01/01/2023|54|0240002000000|1.797|1.803|STRUCTURE_TYPE||02A005||
139|01/01/2023|54|0240007000000|1.325|1.329|STRUCTURE_TYPE||02A012||
140|01/01/2023|54|0240007000000|1.819|1.823|STRUCTURE_TYPE||02A013||
141|01/01/2023|54|0240007000000|4.82|4.828|STRUCTURE_TYPE||02A014||
142|01/01/2023|54|0240007000000|5.899|5.915|STRUCTURE_TYPE||02A015||
143|01/01/2023|54|0240007000000|7.352|7.364|STRUCTURE_TYPE||02A016||
144|01/01/2023|54|0240007000000|7.779|7.791|STRUCTURE_TYPE||02A017||
145|01/01/2023|54|0240007000000|8.408|8.42|STRUCTURE_TYPE||02A018||
146|01/01/2023|54|0240007000000|8.955|8.967|STRUCTURE_TYPE||02A019||
147|01/01/2023|54|0240007180000|0.622|0.63|STRUCTURE_TYPE||02A020||
148|01/01/2023|54|0230009000000|4.827|4.879|STRUCTURE_TYPE||02A022||
149|01/01/2023|54|0230009000000|7.538|7.542|STRUCTURE_TYPE||02A023||
150|01/01/2023|54|0230009000000|10.519|10.553|STRUCTURE_TYPE||02A024||
151|01/01/2023|54|0230009000000|10.916|10.97|STRUCTURE_TYPE||02A025||
152|01/01/2023|54|02200110000NB|14.675|14.701|STRUCTURE_TYPE||02A026||
153|01/01/2023|54|0230009000000|15.046|15.066|STRUCTURE_TYPE||02A027||
154|01/01/2023|54|02300090000WB|17.356|17.364|STRUCTURE_TYPE||02A029||
155|01/01/2023|54|0240025000000|1.397|1.403|STRUCTURE_TYPE||02A032||
156|01/01/2023|54|0240009040000|0.856|0.864|STRUCTURE_TYPE||02A033||
157|01/01/2023|54|0240009040000|1.068|1.08|STRUCTURE_TYPE||02A034||
158|01/01/2023|54|0240009040000|1.978|1.99|STRUCTURE_TYPE||02A035||
159|01/01/2023|54|0240009050000|3.257|3.263|STRUCTURE_TYPE||02A036||
160|01/01/2023|54|0240013010000|0.06|0.066|STRUCTURE_TYPE||02A037||
161|01/01/2023|54|0240023000000|2.697|2.703|STRUCTURE_TYPE||02A038||
162|01/01/2023|54|0240009170000|1.403|1.409|STRUCTURE_TYPE||02A040||
163|01/01/2023|54|02200110000NB|6.05|6.056|STRUCTURE_TYPE||02A044||
164|01/01/2023|54|0240011020000|1.158|1.206|STRUCTURE_TYPE||02A047||
165|01/01/2023|54|0240015000000|1.437|1.443|STRUCTURE_TYPE||02A055||
166|01/01/2023|54|0240015000000|1.6|1.606|STRUCTURE_TYPE||02A056||
167|01/01/2023|54|0240018000000|0.205|0.217|STRUCTURE_TYPE||02A058||
168|01/01/2023|54|0240019000000|3.373|3.381|STRUCTURE_TYPE||02A061||
169|01/01/2023|54|0240019000000|4.039|4.063|STRUCTURE_TYPE||02A062||
170|01/01/2023|54|0240024010000|1.58|1.632|STRUCTURE_TYPE||02A065||
171|01/01/2023|54|0240024030000|1.053|1.059|STRUCTURE_TYPE||02A066||
172|01/01/2023|54|0240026000000|3.466|3.508|STRUCTURE_TYPE||02A067||
173|01/01/2023|54|0240026000000|5.057|5.065|STRUCTURE_TYPE||02A068||
174|01/01/2023|54|0230045000000|19.603|19.651|STRUCTURE_TYPE||02A075||
177|01/01/2023|54|0240051020000|3.298|3.306|STRUCTURE_TYPE||02A080||
178|01/01/2023|54|02100810000SB|1.693|1.697|STRUCTURE_TYPE||02A083||
179|01/01/2023|54|02100810000SB|6.051|6.057|STRUCTURE_TYPE||02A085||
180|01/01/2023|54|02100810000NB|14.708|14.716|STRUCTURE_TYPE||02A088||
181|01/01/2023|54|02100810000NB|17.23|17.278|STRUCTURE_TYPE||02A090||
182|01/01/2023|54|02100810000NB|18.128|18.148|STRUCTURE_TYPE||02A092||
183|01/01/2023|54|02100810000NB|19.116|19.138|STRUCTURE_TYPE||02A093||
184|01/01/2023|54|02100810000SB|18.11|18.13|STRUCTURE_TYPE||02A103||
185|01/01/2023|54|02100810000SB|19.109|19.131|STRUCTURE_TYPE||02A104||
186|01/01/2023|54|02300090007WB|0.136|0.144|STRUCTURE_TYPE||02A112||
187|01/01/2023|54|0240003020000|0.887|0.901|STRUCTURE_TYPE||02A113||
188|01/01/2023|54|0230009000000|4.95|4.956|STRUCTURE_TYPE||02A114||
189|01/01/2023|54|0240009130000|0.761|0.765|STRUCTURE_TYPE||02A115||
190|01/01/2023|54|0240006010000|1.737|1.769|STRUCTURE_TYPE||02A116||
191|01/01/2023|54|0230901000000|2.663|2.675|STRUCTURE_TYPE||02A117||
192|01/01/2023|54|0240018010000|2.678|2.712|STRUCTURE_TYPE||02A118||
193|01/01/2023|54|0240034000000|3.45|3.46|STRUCTURE_TYPE||02A119||
194|01/01/2023|54|02100810000NB|21.755|21.775|STRUCTURE_TYPE||02A121||
195|01/01/2023|54|02100810000SB|21.738|21.758|STRUCTURE_TYPE||02A122||
196|01/01/2023|54|0240018000000|0.874|0.922|STRUCTURE_TYPE||02A123||
197|01/01/2023|54|0240009010000|3.196|3.202|STRUCTURE_TYPE||02A124||
198|01/01/2023|54|0240009300000|0.103|0.119|STRUCTURE_TYPE||02A125||
199|01/01/2023|54|0240013000000|1.528|1.566|STRUCTURE_TYPE||02A126||
200|01/01/2023|54|0240015000000|2.696|2.742|STRUCTURE_TYPE||02A127||
201|01/01/2023|54|02100810000SB|13.515|13.539|STRUCTURE_TYPE||02A128||
202|01/01/2023|54|02100810000NB|13.52|13.544|STRUCTURE_TYPE||02A129||
203|01/01/2023|54|0230901000000|5.313|5.355|STRUCTURE_TYPE||02A130||
204|01/01/2023|54|0240051070000|3.651|3.709|STRUCTURE_TYPE||02A131||
205|01/01/2023|54|0240011040000|0.061|0.069|STRUCTURE_TYPE||02A132||
206|01/01/2023|54|02100810000NB|11.646|11.67|STRUCTURE_TYPE||02A133||
207|01/01/2023|54|02100810000SB|11.628|11.652|STRUCTURE_TYPE||02A134||
208|01/01/2023|54|0240003020000|2.743|2.809|STRUCTURE_TYPE||02A135||
209|01/01/2023|54|0240012000000|3.519|3.557|STRUCTURE_TYPE||02A136||
210|01/01/2023|54|0240004000000|4.438|4.444|STRUCTURE_TYPE||02A137||
211|01/01/2023|54|0240012020000|0.66|0.666|STRUCTURE_TYPE||02A138||
212|01/01/2023|54|02200110000NB|3.141|3.157|STRUCTURE_TYPE||02A139||
213|01/01/2023|54|0240009150000|0.424|0.428|STRUCTURE_TYPE||02A140||
214|01/01/2023|54|0230045000000|4.24|4.278|STRUCTURE_TYPE||02A141||
215|01/01/2023|54|0230009000000|17.477|17.527|STRUCTURE_TYPE||02A142||
216|01/01/2023|54|02300090000WB|17.462|17.514|STRUCTURE_TYPE||02A143||
217|01/01/2023|54|0240009160000|2.303|2.315|STRUCTURE_TYPE||02A144||
218|01/01/2023|54|0240005000000|7.934|7.94|STRUCTURE_TYPE||02A145||
219|01/01/2023|54|0240009570000|0.675|0.729|STRUCTURE_TYPE||02A146||
220|01/01/2023|54|0230009000000|19.742|19.766|STRUCTURE_TYPE||02A147||
221|01/01/2023|54|02300090000WB|19.732|19.756|STRUCTURE_TYPE||02A148||
222|01/01/2023|54|0246000002300|0.203|0.237|STRUCTURE_TYPE||02A149||
223|01/01/2023|54|0230009000000|18.133|18.155|STRUCTURE_TYPE||02A150||
224|01/01/2023|54|02300090000WB|18.137|18.159|STRUCTURE_TYPE||02A151||
225|01/01/2023|54|0240032000000|1.199|1.241|STRUCTURE_TYPE||02A152||
226|01/01/2023|54|0240051020000|3.632|3.636|STRUCTURE_TYPE||02A153||
227|01/01/2023|54|02100810000NB|25.839|26.063|STRUCTURE_TYPE||02A157||
228|01/01/2023|54|02100810000SB|25.839|26.063|STRUCTURE_TYPE||02A158||
229|01/01/2023|54|02100810000NB|23.437|23.477|STRUCTURE_TYPE||02A160||
230|01/01/2023|54|02100810000SB|23.467|23.505|STRUCTURE_TYPE||02A161||
231|01/01/2023|54|0240006000000|0.975|0.999|STRUCTURE_TYPE||02A162||
232|01/01/2023|54|0240009560000|0.935|0.969|STRUCTURE_TYPE||02A163||
233|01/01/2023|54|0240009560000|0.716|0.75|STRUCTURE_TYPE||02A164||
234|01/01/2023|54|0240009560000|0.377|0.475|STRUCTURE_TYPE||02A165||
235|01/01/2023|54|0240009560000|0.248|0.284|STRUCTURE_TYPE||02A166||
236|01/01/2023|54|0240010010000|1.044|1.082|STRUCTURE_TYPE||02A167||
237|01/01/2023|54|0240009300000|0.046|0.076|STRUCTURE_TYPE||02A168||
238|01/01/2023|54|0240024000000|4.217|4.223|STRUCTURE_TYPE||02A169||
239|01/01/2023|54|0240037000000|2.364|2.37|STRUCTURE_TYPE||02A170||
240|01/01/2023|54|0240026000000|8.047|8.095|STRUCTURE_TYPE||02A171||
241|01/01/2023|54|0240013000000|0.736|0.744|STRUCTURE_TYPE||02A172||
242|01/01/2023|54|0240036000000|2.181|2.199|STRUCTURE_TYPE||02A173||
243|01/01/2023|54|0240022000000|2.07|2.092|STRUCTURE_TYPE||02A174||
244|01/01/2023|54|0240015000000|0.506|0.516|STRUCTURE_TYPE||02A175||
245|01/01/2023|54|0230009000000|2.539|2.551|STRUCTURE_TYPE||02A176||
246|01/01/2023|54|0240010000000|2.84|2.878|STRUCTURE_TYPE||02A177||
247|01/01/2023|54|02100810000NB|3.282|3.294|STRUCTURE_TYPE||02A178||
248|01/01/2023|54|02100810000SB|3.282|3.294|STRUCTURE_TYPE||02A179||
249|01/01/2023|54|0274256001900|0.435|0.441|STRUCTURE_TYPE||02A901||
250|01/01/2023|54|0274259001900|0.162|0.168|STRUCTURE_TYPE||02A903||
251|01/01/2023|54|0200683000000|0.619|0.625|STRUCTURE_TYPE||02A905||
252|01/01/2023|54|0200683000000|0.174|0.182|STRUCTURE_TYPE||02A907||
253|01/01/2023|54|0201509000000|0.016|0.024|STRUCTURE_TYPE||02A908||
254|01/01/2023|54|0340001000000|3.335|3.341|STRUCTURE_TYPE||03A001||
255|01/01/2023|54|0340001000000|8.39|8.396|STRUCTURE_TYPE||03A003||
256|01/01/2023|54|0340001000000|8.664|8.67|STRUCTURE_TYPE||03A004||
257|01/01/2023|54|0340001000000|8.745|8.755|STRUCTURE_TYPE||03A005||
258|01/01/2023|54|0340001020000|3.946|3.954|STRUCTURE_TYPE||03A006||
259|01/01/2023|54|0340001060000|0.038|0.044|STRUCTURE_TYPE||03A008||
260|01/01/2023|54|0330003000000|0.138|0.16|STRUCTURE_TYPE||03A010||
261|01/01/2023|54|0330003000000|1.169|1.173|STRUCTURE_TYPE||03A011||
262|01/01/2023|54|0330003000000|1.619|1.669|STRUCTURE_TYPE||03A012||
263|01/01/2023|54|03201190000NB|13.739|13.747|STRUCTURE_TYPE||03A015||
264|01/01/2023|54|0330003000000|22.35|22.362|STRUCTURE_TYPE||03A016||
265|01/01/2023|54|0330003000000|24.497|24.505|STRUCTURE_TYPE||03A018||
267|01/01/2023|54|0330003000000|39.03|39.072|STRUCTURE_TYPE||03A021||
268|01/01/2023|54|0330003000000|39.39|39.394|STRUCTURE_TYPE||03A022||
269|01/01/2023|54|0340003030000|0.882|0.892|STRUCTURE_TYPE||03A024||
270|01/01/2023|54|0340003030000|3.938|3.944|STRUCTURE_TYPE||03A025||
271|01/01/2023|54|0340003070000|0.327|0.335|STRUCTURE_TYPE||03A027||
272|01/01/2023|54|0340003100000|0.012|0.046|STRUCTURE_TYPE||03A029||
273|01/01/2023|54|0340003130000|0.02|0.064|STRUCTURE_TYPE||03A030||
274|01/01/2023|54|0340005000000|0.185|0.197|STRUCTURE_TYPE||03A035||
275|01/01/2023|54|0340005000000|9.1|9.114|STRUCTURE_TYPE||03A038||
276|01/01/2023|54|0340005000000|13.223|13.241|STRUCTURE_TYPE||03A039||
277|01/01/2023|54|0340005000000|14.843|14.855|STRUCTURE_TYPE||03A040||
278|01/01/2023|54|0340005000000|16.206|16.22|STRUCTURE_TYPE||03A041||
279|01/01/2023|54|0340005000000|17.681|17.747|STRUCTURE_TYPE||03A042||
280|01/01/2023|54|0340085080000|0.364|0.4|STRUCTURE_TYPE||03A043||
281|01/01/2023|54|0340008040000|1.475|1.483|STRUCTURE_TYPE||03A048||
282|01/01/2023|54|0340009000000|0.021|0.057|STRUCTURE_TYPE||03A049||
283|01/01/2023|54|0340009000000|1.994|2.006|STRUCTURE_TYPE||03A051||
284|01/01/2023|54|0340009000000|3.084|3.094|STRUCTURE_TYPE||03A052||
285|01/01/2023|54|0340009020000|0.002|0.012|STRUCTURE_TYPE||03A053||
286|01/01/2023|54|0340010000000|6.382|6.39|STRUCTURE_TYPE||03A055||
287|01/01/2023|54|0340012000000|3.972|3.982|STRUCTURE_TYPE||03A057||
288|01/01/2023|54|0340020000000|2.866|2.872|STRUCTURE_TYPE||03A058||
289|01/01/2023|54|0340020000000|3.228|3.234|STRUCTURE_TYPE||03A059||
290|01/01/2023|54|0340020000000|4.795|4.835|STRUCTURE_TYPE||03A060||
291|01/01/2023|54|0340024000000|1.361|1.371|STRUCTURE_TYPE||03A061||
292|01/01/2023|54|0340024000000|1.75|1.758|STRUCTURE_TYPE||03A062||
293|01/01/2023|54|0340026000000|0.947|0.951|STRUCTURE_TYPE||03A065||
294|01/01/2023|54|0340026000000|5.288|5.304|STRUCTURE_TYPE||03A066||
295|01/01/2023|54|0340026000000|8.129|8.141|STRUCTURE_TYPE||03A067||
296|01/01/2023|54|0340026000000|8.633|8.645|STRUCTURE_TYPE||03A068||
297|01/01/2023|54|0340026000000|9.867|9.873|STRUCTURE_TYPE||03A069||
298|01/01/2023|54|0340026010000|0.002|0.012|STRUCTURE_TYPE||03A070||
299|01/01/2023|54|0340028010000|0.034|0.044|STRUCTURE_TYPE||03A072||
300|01/01/2023|54|0340079010000|0.066|0.082|STRUCTURE_TYPE||03A073||
301|01/01/2023|54|0330085000000|7.609|7.631|STRUCTURE_TYPE||03A077||
302|01/01/2023|54|0330085000000|14.673|14.701|STRUCTURE_TYPE||03A080||
303|01/01/2023|54|0330085000000|19.176|19.188|STRUCTURE_TYPE||03A081||
304|01/01/2023|54|0330085000000|22.186|22.216|STRUCTURE_TYPE||03A082||
305|01/01/2023|54|0330017000000|0.506|0.542|STRUCTURE_TYPE||03A085||
306|01/01/2023|54|0330017000000|8.71|8.756|STRUCTURE_TYPE||03A086||
308|01/01/2023|54|0330003000000|17.255|17.263|STRUCTURE_TYPE||03A089||
309|01/01/2023|54|0330003000000|18.432|18.438|STRUCTURE_TYPE||03A090||
310|01/01/2023|54|0330094000000|0.017|0.023|STRUCTURE_TYPE||03A093||
311|01/01/2023|54|0340119020000|1.646|1.654|STRUCTURE_TYPE||03A096||
312|01/01/2023|54|0340119100000|0.036|0.074|STRUCTURE_TYPE||03A101||
313|01/01/2023|54|0340119440000|0.2|0.206|STRUCTURE_TYPE||03A104||
314|01/01/2023|54|0340007030000|0.008|0.014|STRUCTURE_TYPE||03A108||
315|01/01/2023|54|0340008000000|5.943|5.949|STRUCTURE_TYPE||03A109||
316|01/01/2023|54|0340119370000|0.017|0.021|STRUCTURE_TYPE||03A110||
317|01/01/2023|54|03201190000NB|12.415|12.709|STRUCTURE_TYPE||03A116||
318|01/01/2023|54|03201190000SB|12.425|12.717|STRUCTURE_TYPE||03A117||
319|01/01/2023|54|0340119070000|2.303|2.307|STRUCTURE_TYPE||03A118||
320|01/01/2023|54|0340085050000|0.031|0.049|STRUCTURE_TYPE||03A119||
321|01/01/2023|54|0340085090000|0.002|0.018|STRUCTURE_TYPE||03A121||
322|01/01/2023|54|03201190000NB|20.657|20.719|STRUCTURE_TYPE||03A123||
323|01/01/2023|54|03201190000SB|20.665|20.727|STRUCTURE_TYPE||03A124||
324|01/01/2023|54|0340085150000|0.006|0.08|STRUCTURE_TYPE||03A125||
325|01/01/2023|54|0340008040000|2.079|2.087|STRUCTURE_TYPE||03A128||
326|01/01/2023|54|03201190000NB|16.216|16.372|STRUCTURE_TYPE||03A129||
327|01/01/2023|54|03201190000SB|16.319|16.475|STRUCTURE_TYPE||03A130||
328|01/01/2023|54|03201190000NB|16.738|16.892|STRUCTURE_TYPE||03A131||
329|01/01/2023|54|03201190000SB|16.826|16.978|STRUCTURE_TYPE||03A132||
330|01/01/2023|54|0340085190000|0.014|0.032|STRUCTURE_TYPE||03A133||
331|01/01/2023|54|0340119030000|1.074|1.078|STRUCTURE_TYPE||03A134||
332|01/01/2023|54|0340001040000|1.019|1.025|STRUCTURE_TYPE||03A141||
333|01/01/2023|54|0340119760000|0.005|0.027|STRUCTURE_TYPE||03A142||
334|01/01/2023|54|03201190000NB|9.76|9.766|STRUCTURE_TYPE||03A143||
335|01/01/2023|54|03201190000NB|1.537|1.541|STRUCTURE_TYPE||03A144||
336|01/01/2023|54|03201190000NB|2.183|2.187|STRUCTURE_TYPE||03A145||
337|01/01/2023|54|0340119360000|0.015|0.019|STRUCTURE_TYPE||03A146||
338|01/01/2023|54|0340085080000|0.025|0.031|STRUCTURE_TYPE||03A147||
339|01/01/2023|54|0340119090000|0.006|0.012|STRUCTURE_TYPE||03A148||
340|01/01/2023|54|0330085000000|8.986|9.01|STRUCTURE_TYPE||03A150||
341|01/01/2023|54|0340008000000|6.445|6.457|STRUCTURE_TYPE||03A152||
342|01/01/2023|54|0330085000000|8.781|8.785|STRUCTURE_TYPE||03A153||
343|01/01/2023|54|0330085000000|10.654|10.662|STRUCTURE_TYPE||03A154||
344|01/01/2023|54|0340085040000|0.0|0.022|STRUCTURE_TYPE||03A155||
345|01/01/2023|54|0340085130000|0.006|0.03|STRUCTURE_TYPE||03A156||
346|01/01/2023|54|0340003350000|0.002|0.012|STRUCTURE_TYPE||03A157||
347|01/01/2023|54|0340079050000|0.0|0.024|STRUCTURE_TYPE||03A158||
348|01/01/2023|54|0340085390000|0.009|0.027|STRUCTURE_TYPE||03A159||
349|01/01/2023|54|0340119090000|1.324|1.332|STRUCTURE_TYPE||03A160||
350|01/01/2023|54|0340119520000|0.026|0.034|STRUCTURE_TYPE||03A161||
351|01/01/2023|54|0340003020000|0.858|0.862|STRUCTURE_TYPE||03A162||
352|01/01/2023|54|0340003250000|0.016|0.066|STRUCTURE_TYPE||03A169||
353|01/01/2023|54|0330003000000|18.969|19.029|STRUCTURE_TYPE||03A170||
354|01/01/2023|54|0340085010000|0.035|0.059|STRUCTURE_TYPE||03A171||
355|01/01/2023|54|0380901400000|0.007|0.031|STRUCTURE_TYPE||03A173||
356|01/01/2023|54|0340119050000|0.139|0.145|STRUCTURE_TYPE||03A174||
357|01/01/2023|54|0340010020000|0.021|0.025|STRUCTURE_TYPE||03A175||
358|01/01/2023|54|0330003000000|18.825|18.851|STRUCTURE_TYPE||03A176||
359|01/01/2023|54|0340001000000|8.199|8.247|STRUCTURE_TYPE||03A180||
360|01/01/2023|54|0330085000000|27.811|27.823|STRUCTURE_TYPE||03A181||
361|01/01/2023|54|0340005000000|8.314|8.326|STRUCTURE_TYPE||03A182||
362|01/01/2023|54|0330085000000|3.309|3.327|STRUCTURE_TYPE||03A183||
363|01/01/2023|54|0340026030000|0.008|0.028|STRUCTURE_TYPE||03A184||
364|01/01/2023|54|0340005000000|8.51|8.52|STRUCTURE_TYPE||03A185||
365|01/01/2023|54|0340022000000|0.644|0.648|STRUCTURE_TYPE||03A186||
366|01/01/2023|54|0340010010000|0.263|0.271|STRUCTURE_TYPE||03A187||
367|01/01/2023|54|0330003000000|9.815|9.829|STRUCTURE_TYPE||03A189||
368|01/01/2023|54|0330085000000|4.473|4.485|STRUCTURE_TYPE||03A190||
369|01/01/2023|54|0340008040000|0.054|0.194|STRUCTURE_TYPE||03A191||
370|01/01/2023|54|0340003020000|1.618|1.624|STRUCTURE_TYPE||03A195||
371|01/01/2023|54|0340003140000|0.099|0.129|STRUCTURE_TYPE||03A196||
372|01/01/2023|54|0340119070000|0.083|0.093|STRUCTURE_TYPE||03A197||
373|01/01/2023|54|0340003090000|0.051|0.085|STRUCTURE_TYPE||03A198||
374|01/01/2023|54|0340119080000|0.019|0.083|STRUCTURE_TYPE||03A199||
375|01/01/2023|54|0340003050000|0.009|0.017|STRUCTURE_TYPE||03A200||
376|01/01/2023|54|0330003000000|32.143|32.165|STRUCTURE_TYPE||03A202||
377|01/01/2023|54|0340119030000|0.83|0.836|STRUCTURE_TYPE||03A203||
378|01/01/2023|54|0340085240000|0.006|0.018|STRUCTURE_TYPE||03A205||
379|01/01/2023|54|0340024000000|2.328|2.34|STRUCTURE_TYPE||03A206||
380|01/01/2023|54|0330094000000|0.382|0.39|STRUCTURE_TYPE||03A207||
381|01/01/2023|54|0340009000000|1.9|1.908|STRUCTURE_TYPE||03A208||
382|01/01/2023|54|0340119430000|0.313|0.323|STRUCTURE_TYPE||03A209||
383|01/01/2023|54|0300609000000|0.021|0.049|STRUCTURE_TYPE||03A900||
384|01/01/2023|54|0440002000000|8.112|8.13|STRUCTURE_TYPE||04A004||
385|01/01/2023|54|0440002050000|1.311|1.319|STRUCTURE_TYPE||04A006||
386|01/01/2023|54|0430005000000|6.135|6.147|STRUCTURE_TYPE||04A009||
387|01/01/2023|54|0430004000000|0.071|0.081|STRUCTURE_TYPE||04A010||
388|01/01/2023|54|0430004000000|17.865|17.929|STRUCTURE_TYPE||04A012||
389|01/01/2023|54|0440013020000|3.202|3.25|STRUCTURE_TYPE||04A015||
390|01/01/2023|54|0430005000000|3.818|3.86|STRUCTURE_TYPE||04A016||
391|01/01/2023|54|0440005110000|0.15|0.174|STRUCTURE_TYPE||04A017||
392|01/01/2023|54|0440005110000|0.331|0.361|STRUCTURE_TYPE||04A018||
393|01/01/2023|54|0440005060000|0.269|0.319|STRUCTURE_TYPE||04A019||
394|01/01/2023|54|0440001030000|0.077|0.089|STRUCTURE_TYPE||04A020||
395|01/01/2023|54|0440005010000|0.04|0.054|STRUCTURE_TYPE||04A021||
396|01/01/2023|54|0440005040000|0.385|0.389|STRUCTURE_TYPE||04A022||
398|01/01/2023|54|0440007000000|0.678|0.684|STRUCTURE_TYPE||04A026||
399|01/01/2023|54|0440007000000|1.025|1.035|STRUCTURE_TYPE||04A027||
400|01/01/2023|54|0440007060000|2.237|2.245|STRUCTURE_TYPE||04A031||
401|01/01/2023|54|0440009000000|0.32|0.33|STRUCTURE_TYPE||04A033||
402|01/01/2023|54|0440009000000|3.67|3.676|STRUCTURE_TYPE||04A034||
403|01/01/2023|54|0440009000000|4.093|4.101|STRUCTURE_TYPE||04A035||
404|01/01/2023|54|0440009000000|4.595|4.605|STRUCTURE_TYPE||04A036||
405|01/01/2023|54|0440009000000|6.846|6.858|STRUCTURE_TYPE||04A037||
406|01/01/2023|54|0440009000000|9.149|9.169|STRUCTURE_TYPE||04A040||
407|01/01/2023|54|0440009000000|9.86|9.882|STRUCTURE_TYPE||04A041||
408|01/01/2023|54|0440009030000|0.008|0.02|STRUCTURE_TYPE||04A043||
409|01/01/2023|54|0440010040000|4.536|4.542|STRUCTURE_TYPE||04A045||
410|01/01/2023|54|0440011000000|8.722|8.728|STRUCTURE_TYPE||04A046||
411|01/01/2023|54|0440011020000|0.01|0.016|STRUCTURE_TYPE||04A047||
412|01/01/2023|54|0440014000000|4.262|4.266|STRUCTURE_TYPE||04A050||
413|01/01/2023|54|0440016000000|0.172|0.18|STRUCTURE_TYPE||04A052||
414|01/01/2023|54|0440017000000|3.531|3.539|STRUCTURE_TYPE||04A053||
415|01/01/2023|54|0440017000000|4.328|4.334|STRUCTURE_TYPE||04A054||
416|01/01/2023|54|0440017000000|10.262|10.308|STRUCTURE_TYPE||04A055||
417|01/01/2023|54|0440032000000|6.352|6.394|STRUCTURE_TYPE||04A058||
418|01/01/2023|54|04200190000NB|21.764|21.77|STRUCTURE_TYPE||04A059||
419|01/01/2023|54|04200190000NB|23.183|23.197|STRUCTURE_TYPE||04A060||
420|01/01/2023|54|04200190000NB|27.475|27.553|STRUCTURE_TYPE||04A061||
421|01/01/2023|54|0440019340000|3.749|3.761|STRUCTURE_TYPE||04A071||
422|01/01/2023|54|0440019400000|2.588|2.602|STRUCTURE_TYPE||04A072||
423|01/01/2023|54|0440019400000|3.686|3.69|STRUCTURE_TYPE||04A073||
424|01/01/2023|54|0440019400000|11.024|11.094|STRUCTURE_TYPE||04A074||
425|01/01/2023|54|0440019460000|0.021|0.027|STRUCTURE_TYPE||04A075||
426|01/01/2023|54|0440020000000|6.941|6.949|STRUCTURE_TYPE||04A076||
427|01/01/2023|54|0440021000000|8.083|8.133|STRUCTURE_TYPE||04A078||
428|01/01/2023|54|0440022000000|0.747|0.753|STRUCTURE_TYPE||04A079||
429|01/01/2023|54|0440022000000|3.521|3.533|STRUCTURE_TYPE||04A082||
430|01/01/2023|54|0440022000000|12.823|12.827|STRUCTURE_TYPE||04A083||
431|01/01/2023|54|0440024060000|1.077|1.081|STRUCTURE_TYPE||04A085||
432|01/01/2023|54|0440026030000|0.026|0.054|STRUCTURE_TYPE||04A086||
433|01/01/2023|54|0440028000000|6.512|6.518|STRUCTURE_TYPE||04A087||
434|01/01/2023|54|0440028050000|0.004|0.048|STRUCTURE_TYPE||04A088||
435|01/01/2023|54|0440011090000|0.08|0.086|STRUCTURE_TYPE||04A089||
436|01/01/2023|54|0440032000000|0.687|0.695|STRUCTURE_TYPE||04A090||
437|01/01/2023|54|0440032070000|2.652|2.702|STRUCTURE_TYPE||04A091||
438|01/01/2023|54|0440034000000|4.227|4.285|STRUCTURE_TYPE||04A092||
439|01/01/2023|54|0440040000000|0.003|0.075|STRUCTURE_TYPE||04A096||
440|01/01/2023|54|0440040000000|0.475|0.491|STRUCTURE_TYPE||04A097||
441|01/01/2023|54|0440040000000|8.795|8.813|STRUCTURE_TYPE||04A099||
442|01/01/2023|54|0440040150000|0.032|0.044|STRUCTURE_TYPE||04A100||
443|01/01/2023|54|04100790000SB|45.753|45.757|STRUCTURE_TYPE||04A101||
444|01/01/2023|54|04100790000NB|46.315|46.349|STRUCTURE_TYPE||04A103||
445|01/01/2023|54|04100790000SB|46.309|46.343|STRUCTURE_TYPE||04A104||
446|01/01/2023|54|04100790000SB|47.871|47.877|STRUCTURE_TYPE||04A105||
447|01/01/2023|54|04100790000NB|51.564|51.7|STRUCTURE_TYPE||04A107||
448|01/01/2023|54|04100790000SB|51.558|51.706|STRUCTURE_TYPE||04A108||
449|01/01/2023|54|04100790000NB|54.282|54.312|STRUCTURE_TYPE||04A109||
450|01/01/2023|54|04100790000SB|54.269|54.295|STRUCTURE_TYPE||04A110||
451|01/01/2023|54|04100790000NB|61.378|61.49|STRUCTURE_TYPE||04A113||
452|01/01/2023|54|04100790017SB0062D|0.306|0.414|STRUCTURE_TYPE||04A114||
453|01/01/2023|54|04100790000NB|64.891|64.933|STRUCTURE_TYPE||04A115||
454|01/01/2023|54|04100790000SB|64.925|64.967|STRUCTURE_TYPE||04A116||
455|01/01/2023|54|04100790000NB|66.557|66.561|STRUCTURE_TYPE||04A117||
456|01/01/2023|54|04100790000SB|66.559|66.563|STRUCTURE_TYPE||04A118||
457|01/01/2023|54|04100790000NB|67.082|67.106|STRUCTURE_TYPE||04A119||
458|01/01/2023|54|04100790000SB|67.085|67.109|STRUCTURE_TYPE||04A120||
459|01/01/2023|54|04100790000NB|75.591|75.651|STRUCTURE_TYPE||04A121||
460|01/01/2023|54|04100790000SB|75.584|75.652|STRUCTURE_TYPE||04A122||
461|01/01/2023|54|04100790000NB|78.21|78.272|STRUCTURE_TYPE||04A123||
462|01/01/2023|54|04100790000SB|78.2|78.262|STRUCTURE_TYPE||04A124||
463|01/01/2023|54|04100790000NB|78.906|78.936|STRUCTURE_TYPE||04A125||
464|01/01/2023|54|04100790000SB|78.901|78.931|STRUCTURE_TYPE||04A126||
465|01/01/2023|54|04100790000NB|79.114|79.158|STRUCTURE_TYPE||04A127||
466|01/01/2023|54|04100790000SB|79.135|79.175|STRUCTURE_TYPE||04A128||
467|01/01/2023|54|04100790000NB|79.178|79.322|STRUCTURE_TYPE||04A129||
468|01/01/2023|54|04100790000SB|79.204|79.354|STRUCTURE_TYPE||04A130||
469|01/01/2023|54|04100790000NB|79.571|79.643|STRUCTURE_TYPE||04A131||
470|01/01/2023|54|04100790000SB|79.597|79.669|STRUCTURE_TYPE||04A132||
471|01/01/2023|54|0440005140000|0.004|0.012|STRUCTURE_TYPE||04A135||
472|01/01/2023|54|0440017040000|1.8|1.806|STRUCTURE_TYPE||04A136||
473|01/01/2023|54|0440019300000|0.009|0.013|STRUCTURE_TYPE||04A137||
474|01/01/2023|54|0440021090000|0.066|0.072|STRUCTURE_TYPE||04A138||
475|01/01/2023|54|0440024000000|9.604|9.636|STRUCTURE_TYPE||04A139||
476|01/01/2023|54|0440003050000|0.333|0.361|STRUCTURE_TYPE||04A140||
477|01/01/2023|54|0440001010000|0.016|0.032|STRUCTURE_TYPE||04A143||
478|01/01/2023|54|0430004000000|0.568|0.572|STRUCTURE_TYPE||04A144||
479|01/01/2023|54|0430004000000|6.663|6.667|STRUCTURE_TYPE||04A145||
480|01/01/2023|54|0430004000000|9.363|9.369|STRUCTURE_TYPE||04A146||
481|01/01/2023|54|0430004000000|11.203|11.207|STRUCTURE_TYPE||04A147||
482|01/01/2023|54|0430004000000|14.623|14.629|STRUCTURE_TYPE||04A148||
483|01/01/2023|54|0440004110000|0.006|0.01|STRUCTURE_TYPE||04A149||
484|01/01/2023|54|0440001000000|2.666|2.67|STRUCTURE_TYPE||04A150||
485|01/01/2023|54|0440004270000|1.146|1.168|STRUCTURE_TYPE||04A151||
486|01/01/2023|54|04100790017NB0046A|0.301|0.305|STRUCTURE_TYPE||04A157||
487|01/01/2023|54|04100790017SB0046D|0.021|0.027|STRUCTURE_TYPE||04A158||
488|01/01/2023|54|0440002060000|0.013|0.021|STRUCTURE_TYPE||04A159||
489|01/01/2023|54|0440016000000|6.14|6.146|STRUCTURE_TYPE||04A160||
490|01/01/2023|54|0440008000000|5.408|5.42|STRUCTURE_TYPE||04A161||
491|01/01/2023|54|0440019260000|8.651|8.669|STRUCTURE_TYPE||04A162||
492|01/01/2023|54|0440007080000|0.003|0.011|STRUCTURE_TYPE||04A163||
493|01/01/2023|54|0430004000000|23.163|23.181|STRUCTURE_TYPE||04A164||
494|01/01/2023|54|0440009040000|3.969|3.977|STRUCTURE_TYPE||04A165||
495|01/01/2023|54|0440019260000|8.151|8.169|STRUCTURE_TYPE||04A166||
496|01/01/2023|54|0430005000000|12.985|12.991|STRUCTURE_TYPE||04A167||
497|01/01/2023|54|04200190000SB|3.671|3.699|STRUCTURE_TYPE||04A168||
498|01/01/2023|54|04200190000NB|25.717|25.721|STRUCTURE_TYPE||04A169||
499|01/01/2023|54|04200190000NB|3.666|3.694|STRUCTURE_TYPE||04A170||
500|01/01/2023|54|0440019250000|0.008|0.014|STRUCTURE_TYPE||04A171||
501|01/01/2023|54|0430005000000|12.32|12.328|STRUCTURE_TYPE||04A172||
502|01/01/2023|54|0440035040000|0.857|0.861|STRUCTURE_TYPE||04A173||
503|01/01/2023|54|0440017010000|2.705|2.717|STRUCTURE_TYPE||04A174||
504|01/01/2023|54|0440038000000|6.801|6.819|STRUCTURE_TYPE||04A175||
505|01/01/2023|54|04100790000NB|60.958|61.076|STRUCTURE_TYPE||04A176||
506|01/01/2023|54|04100790000SB|61.006|61.13|STRUCTURE_TYPE||04A177||
507|01/01/2023|54|0440006000000|3.54|3.558|STRUCTURE_TYPE||04A178||
508|01/01/2023|54|0440014000000|8.44|8.452|STRUCTURE_TYPE||04A179||
509|01/01/2023|54|0430004000000|16.972|17.058|STRUCTURE_TYPE||04A180||
510|01/01/2023|54|0440012000000|0.007|0.015|STRUCTURE_TYPE||04A181||
511|01/01/2023|54|0440022130000|0.078|0.082|STRUCTURE_TYPE||04A182||
512|01/01/2023|54|0440007010000|0.007|0.021|STRUCTURE_TYPE||04A183||
513|01/01/2023|54|0440007000000|1.477|1.489|STRUCTURE_TYPE||04A184||
514|01/01/2023|54|0440021000000|6.433|6.439|STRUCTURE_TYPE||04A185||
515|01/01/2023|54|0440002020000|2.975|2.981|STRUCTURE_TYPE||04A186||
516|01/01/2023|54|0440019950000|0.007|0.013|STRUCTURE_TYPE||04A187||
517|01/01/2023|54|0440038000000|6.918|6.926|STRUCTURE_TYPE||04A188||
518|01/01/2023|54|0440009000000|11.248|11.254|STRUCTURE_TYPE||04A189||
519|01/01/2023|54|0440022000000|3.311|3.327|STRUCTURE_TYPE||04A190||
520|01/01/2023|54|0440001000000|4.045|4.065|STRUCTURE_TYPE||04A191||
521|01/01/2023|54|0440040000000|0.77|0.796|STRUCTURE_TYPE||04A192||
522|01/01/2023|54|0440005060000|7.325|7.337|STRUCTURE_TYPE||04A193||
523|01/01/2023|54|0440010060000|0.019|0.025|STRUCTURE_TYPE||04A194||
524|01/01/2023|54|0440001070000|0.0|0.015|STRUCTURE_TYPE||04A195||
525|01/01/2023|54|0440035020000|3.1|3.132|STRUCTURE_TYPE||04A196||
526|01/01/2023|54|0440002000000|1.356|1.372|STRUCTURE_TYPE||04A197||
527|01/01/2023|54|0440009000000|7.923|7.947|STRUCTURE_TYPE||04A198||
528|01/01/2023|54|0440009000000|8.548|8.572|STRUCTURE_TYPE||04A199||
529|01/01/2023|54|0430015000000|12.238|12.326|STRUCTURE_TYPE||04A200||
530|01/01/2023|54|0400056000000|0.024|0.04|STRUCTURE_TYPE||04A903||
531|01/01/2023|54|0530002000300|0.098|0.438|STRUCTURE_TYPE||05A006||
532|01/01/2023|54|0530002000000|6.776|6.824|STRUCTURE_TYPE||05A007||
533|01/01/2023|54|0530002000000|10.019|10.063|STRUCTURE_TYPE||05A009||
534|01/01/2023|54|0540030020000|0.496|0.504|STRUCTURE_TYPE||05A014||
535|01/01/2023|54|0540007000000|0.277|0.301|STRUCTURE_TYPE||05A016||
536|01/01/2023|54|0540007000000|1.995|2.001|STRUCTURE_TYPE||05A020||
537|01/01/2023|54|0540007000000|2.662|2.672|STRUCTURE_TYPE||05A021||
538|01/01/2023|54|0540007000000|4.614|4.62|STRUCTURE_TYPE||05A022||
539|01/01/2023|54|0540007060000|0.028|0.052|STRUCTURE_TYPE||05A023||
540|01/01/2023|54|0540020000000|0.778|0.782|STRUCTURE_TYPE||05A024||
541|01/01/2023|54|0540020000000|2.142|2.148|STRUCTURE_TYPE||05A025||
542|01/01/2023|54|0540026010000|0.017|0.021|STRUCTURE_TYPE||05A029||
543|01/01/2023|54|0540027050000|1.993|2.015|STRUCTURE_TYPE||05A033||
544|01/01/2023|54|0540030000000|5.941|5.971|STRUCTURE_TYPE||05A034||
545|01/01/2023|54|0540032000000|0.6|0.608|STRUCTURE_TYPE||05A035||
546|01/01/2023|54|0540032000000|1.872|1.884|STRUCTURE_TYPE||05A038||
547|01/01/2023|54|0540032010000|1.369|1.381|STRUCTURE_TYPE||05A039||
548|01/01/2023|54|0530067000000|0.619|0.677|STRUCTURE_TYPE||05A042||
549|01/01/2023|54|0530067000000|1.21|1.248|STRUCTURE_TYPE||05A043||
550|01/01/2023|54|0530067000000|1.369|1.411|STRUCTURE_TYPE||05A044||
551|01/01/2023|54|0530067000000|2.467|2.501|STRUCTURE_TYPE||05A045||
552|01/01/2023|54|0530067000000|7.032|7.054|STRUCTURE_TYPE||05A046||
553|01/01/2023|54|0530067000000|7.542|7.562|STRUCTURE_TYPE||05A047||
554|01/01/2023|54|0530067000000|9.189|9.197|STRUCTURE_TYPE||05A049||
555|01/01/2023|54|0530088000000|2.257|2.325|STRUCTURE_TYPE||05A050||
556|01/01/2023|54|0540001030000|0.261|0.273|STRUCTURE_TYPE||05A051||
557|01/01/2023|54|05200220017EB0001A|0.12|0.2|STRUCTURE_TYPE||05A052||
558|01/01/2023|54|05200220000EB|0.432|0.544|STRUCTURE_TYPE||05A054||
559|01/01/2023|54|05200220017WB0001D|0.186|0.28|STRUCTURE_TYPE||05A055||
560|01/01/2023|54|05300020005SB|0.127|0.227|STRUCTURE_TYPE||05A056||
561|01/01/2023|54|05300020005SB|0.04|0.07|STRUCTURE_TYPE||05A057||
562|01/01/2023|54|0540002170000|0.011|0.025|STRUCTURE_TYPE||05A058||
563|01/01/2023|54|0530002000000|16.244|16.27|STRUCTURE_TYPE||05A059||
564|01/01/2023|54|05200220000WB|0.0|0.271|STRUCTURE_TYPE||05A060||
565|01/01/2023|54|0530002000000|16.041|16.177|STRUCTURE_TYPE||05A064||
566|01/01/2023|54|05200220017EB0002B|0.045|0.147|STRUCTURE_TYPE||05A065||
567|01/01/2023|54|05200220017WB0002C|0.132|0.188|STRUCTURE_TYPE||05A066||
568|01/01/2023|54|05200220000EB|3.02|3.168|STRUCTURE_TYPE||05A067||
569|01/01/2023|54|0540004000000|3.153|3.205|STRUCTURE_TYPE||05A068||
570|01/01/2023|54|05200220017WB0003D|0.023|0.119|STRUCTURE_TYPE||05A069||
571|01/01/2023|54|05200220017EB0003A|0.282|0.368|STRUCTURE_TYPE||05A070||
572|01/01/2023|54|0540002020000|0.34|0.362|STRUCTURE_TYPE||05A071||
573|01/01/2023|54|0540027040000|0.008|0.042|STRUCTURE_TYPE||05A073||
574|01/01/2023|54|0540032000000|1.626|1.64|STRUCTURE_TYPE||05A074||
575|01/01/2023|54|0540032000000|1.746|1.758|STRUCTURE_TYPE||05A075||
576|01/01/2023|54|0540007000000|1.285|1.317|STRUCTURE_TYPE||05A076||
577|01/01/2023|54|0540007000000|1.049|1.075|STRUCTURE_TYPE||05A077||
578|01/01/2023|54|0540001080000|0.01|0.06|STRUCTURE_TYPE||05A079||
579|01/01/2023|54|0580953000000|0.256|0.272|STRUCTURE_TYPE||05A080||
580|01/01/2023|54|0540001000000|3.963|3.979|STRUCTURE_TYPE||05A081||
581|01/01/2023|54|0540013000000|0.128|0.17|STRUCTURE_TYPE||05A082||
582|01/01/2023|54|0530105000000|0.032|0.076|STRUCTURE_TYPE||05A083||
583|01/01/2023|54|0540001070000|1.713|1.725|STRUCTURE_TYPE||05A084||
584|01/01/2023|54|0540001000000|0.715|0.783|STRUCTURE_TYPE||05A085||
585|01/01/2023|54|0540032030000|1.735|1.755|STRUCTURE_TYPE||05A086||
586|01/01/2023|54|0540030000000|5.503|5.507|STRUCTURE_TYPE||05A087||
587|01/01/2023|54|0640001000000|2.236|2.246|STRUCTURE_TYPE||06A003||
588|01/01/2023|54|0640001010000|0.43|0.438|STRUCTURE_TYPE||06A007||
589|01/01/2023|54|0640001110000|4.928|4.936|STRUCTURE_TYPE||06A009||
590|01/01/2023|54|0640001110000|9.731|9.737|STRUCTURE_TYPE||06A010||
591|01/01/2023|54|0630002000000|0.081|0.191|STRUCTURE_TYPE||06A012||
592|01/01/2023|54|0630002000000|7.035|7.069|STRUCTURE_TYPE||06A013||
593|01/01/2023|54|0630002000000|17.96|18.01|STRUCTURE_TYPE||06A014||
594|01/01/2023|54|0640007000000|0.38|0.418|STRUCTURE_TYPE||06A016||
595|01/01/2023|54|0640007000000|0.984|0.99|STRUCTURE_TYPE||06A017||
596|01/01/2023|54|0640007000000|2.594|2.598|STRUCTURE_TYPE||06A018||
597|01/01/2023|54|0640007010000|6.557|6.563|STRUCTURE_TYPE||06A020||
598|01/01/2023|54|0640009000000|1.688|1.694|STRUCTURE_TYPE||06A021||
599|01/01/2023|54|0640009000000|3.198|3.204|STRUCTURE_TYPE||06A022||
600|01/01/2023|54|0630010000000|0.959|0.967|STRUCTURE_TYPE||06A024||
601|01/01/2023|54|0630010000000|1.352|1.422|STRUCTURE_TYPE||06A025||
602|01/01/2023|54|0630010000000|3.605|3.611|STRUCTURE_TYPE||06A026||
603|01/01/2023|54|0630010000000|6.995|7.001|STRUCTURE_TYPE||06A028||
604|01/01/2023|54|0630010000000|7.129|7.137|STRUCTURE_TYPE||06A029||
605|01/01/2023|54|0630010000000|7.949|7.953|STRUCTURE_TYPE||06A030||
606|01/01/2023|54|0640010110000|0.237|0.243|STRUCTURE_TYPE||06A034||
607|01/01/2023|54|0640012000000|2.67|2.676|STRUCTURE_TYPE||06A035||
608|01/01/2023|54|0640015000000|1.675|1.685|STRUCTURE_TYPE||06A036||
609|01/01/2023|54|0640015000000|3.926|3.932|STRUCTURE_TYPE||06A037||
610|01/01/2023|54|0640016000000|1.398|1.404|STRUCTURE_TYPE||06A038||
611|01/01/2023|54|0640017000000|4.287|4.331|STRUCTURE_TYPE||06A042||
612|01/01/2023|54|0640017040000|0.426|0.438|STRUCTURE_TYPE||06A045||
613|01/01/2023|54|06301930000SB|0.016|0.06|STRUCTURE_TYPE||06A046||
614|01/01/2023|54|0640026000000|4.877|4.903|STRUCTURE_TYPE||06A048||
615|01/01/2023|54|0640022000000|2.857|2.863|STRUCTURE_TYPE||06A052||
616|01/01/2023|54|0640025000000|1.388|1.394|STRUCTURE_TYPE||06A055||
617|01/01/2023|54|0640025000000|4.516|4.544|STRUCTURE_TYPE||06A057||
618|01/01/2023|54|0640025000000|7.019|7.039|STRUCTURE_TYPE||06A059||
619|01/01/2023|54|0640025000000|7.801|7.833|STRUCTURE_TYPE||06A060||
620|01/01/2023|54|0640025070000|0.31|0.39|STRUCTURE_TYPE||06A063||
621|01/01/2023|54|0640026000000|0.0|0.069|STRUCTURE_TYPE||06A065||
622|01/01/2023|54|0640027020000|0.177|0.183|STRUCTURE_TYPE||06A067||
623|01/01/2023|54|0640029000000|1.677|1.683|STRUCTURE_TYPE||06A068||
624|01/01/2023|54|0640029000000|6.3|6.306|STRUCTURE_TYPE||06A071||
625|01/01/2023|54|0640029010000|1.881|1.889|STRUCTURE_TYPE||06A073||
626|01/01/2023|54|0640029020000|0.023|0.029|STRUCTURE_TYPE||06A074||
627|01/01/2023|54|0640031000000|7.638|7.656|STRUCTURE_TYPE||06A078||
628|01/01/2023|54|0640031000000|8.538|8.558|STRUCTURE_TYPE||06A079||
629|01/01/2023|54|0640031000000|9.695|9.715|STRUCTURE_TYPE||06A080||
630|01/01/2023|54|0640035000000|3.642|3.65|STRUCTURE_TYPE||06A085||
631|01/01/2023|54|0640035000000|3.851|3.861|STRUCTURE_TYPE||06A086||
632|01/01/2023|54|0640035000000|4.692|4.696|STRUCTURE_TYPE||06A087||
633|01/01/2023|54|0640035000000|8.54|8.56|STRUCTURE_TYPE||06A088||
634|01/01/2023|54|0640037000000|2.45|2.53|STRUCTURE_TYPE||06A090||
635|01/01/2023|54|0640039000000|2.063|2.079|STRUCTURE_TYPE||06A091||
636|01/01/2023|54|0640042000000|0.094|0.098|STRUCTURE_TYPE||06A094||
637|01/01/2023|54|0640043000000|3.079|3.093|STRUCTURE_TYPE||06A097||
638|01/01/2023|54|06200600000EB|0.0|0.071|STRUCTURE_TYPE||06A098||
639|01/01/2023|54|0640043000000|3.315|3.321|STRUCTURE_TYPE||06A099||
640|01/01/2023|54|0640043010000|0.071|0.077|STRUCTURE_TYPE||06A104||
641|01/01/2023|54|0640043030000|0.023|0.031|STRUCTURE_TYPE||06A105||
642|01/01/2023|54|0640046000000|2.108|2.126|STRUCTURE_TYPE||06A108||
643|01/01/2023|54|0640048010000|0.013|0.025|STRUCTURE_TYPE||06A109||
644|01/01/2023|54|0640049000000|7.395|7.405|STRUCTURE_TYPE||06A110||
645|01/01/2023|54|0640060700000|0.648|0.654|STRUCTURE_TYPE||06A116||
646|01/01/2023|54|06200600000EB|20.45|20.528|STRUCTURE_TYPE||06A123||
647|01/01/2023|54|0640060280000|0.239|0.297|STRUCTURE_TYPE||06A126||
648|01/01/2023|54|0640060050000|1.977|2.053|STRUCTURE_TYPE||06A128||
649|01/01/2023|54|0640060390000|0.324|0.332|STRUCTURE_TYPE||06A129||
650|01/01/2023|54|0640069000000|0.057|0.063|STRUCTURE_TYPE||06A130||
651|01/01/2023|54|06100640000EB|5.937|6.109|STRUCTURE_TYPE||06A131||
652|01/01/2023|54|06100640000EB|7.151|7.289|STRUCTURE_TYPE||06A134||
653|01/01/2023|54|06100640000EB|14.544|14.582|STRUCTURE_TYPE||06A140||
656|01/01/2023|54|06100640000EB|18.484|18.504|STRUCTURE_TYPE||06A143||
657|01/01/2023|54|06100640000EB|19.244|19.324|STRUCTURE_TYPE||06A144||
658|01/01/2023|54|06100640000EB|19.721|19.747|STRUCTURE_TYPE||06A145||
659|01/01/2023|54|06100640000EB|28.692|28.716|STRUCTURE_TYPE||06A157||
660|01/01/2023|54|06100640000EB|29.464|29.494|STRUCTURE_TYPE||06A158||
661|01/01/2023|54|06100640000EB|31.675|31.697|STRUCTURE_TYPE||06A159||
662|01/01/2023|54|0640066000000|2.953|2.961|STRUCTURE_TYPE||06A160||
663|01/01/2023|54|0640066000000|3.293|3.297|STRUCTURE_TYPE||06A161||
664|01/01/2023|54|0640068000000|0.028|0.034|STRUCTURE_TYPE||06A162||
665|01/01/2023|54|06200520000WB|1.061|1.139|STRUCTURE_TYPE||06A163||
666|01/01/2023|54|06200520000WB|0.727|0.749|STRUCTURE_TYPE||06A164||
667|01/01/2023|54|06200520000WB|0.621|0.701|STRUCTURE_TYPE||06A165||
668|01/01/2023|54|06200520000WB|0.517|0.547|STRUCTURE_TYPE||06A166||
669|01/01/2023|54|06200520000WB|0.445|0.471|STRUCTURE_TYPE||06A167||
670|01/01/2023|54|06200520000WB|0.0|0.319|STRUCTURE_TYPE||06A168||
671|01/01/2023|54|0630002000000|16.388|16.496|STRUCTURE_TYPE||06A170||
672|01/01/2023|54|0640043050000|0.029|0.039|STRUCTURE_TYPE||06A172||
673|01/01/2023|54|06100640000WB|5.954|6.126|STRUCTURE_TYPE||06A178||
674|01/01/2023|54|06100640000WB|7.183|7.321|STRUCTURE_TYPE||06A181||
675|01/01/2023|54|06100640000WB|14.539|14.577|STRUCTURE_TYPE||06A187||
676|01/01/2023|54|06100640000WB|17.426|17.656|STRUCTURE_TYPE||06A188||
679|01/01/2023|54|06100640000WB|28.709|28.733|STRUCTURE_TYPE||06A202||
680|01/01/2023|54|06100640000WB|29.478|29.508|STRUCTURE_TYPE||06A203||
681|01/01/2023|54|06100640000WB|31.675|31.697|STRUCTURE_TYPE||06A204||
682|01/01/2023|54|06200520000WB|0.375|0.381|STRUCTURE_TYPE||06A210||
683|01/01/2023|54|06200600000EB|18.082|18.088|STRUCTURE_TYPE||06A212||
684|01/01/2023|54|0630106000000|0.347|0.587|STRUCTURE_TYPE||06A213||
685|01/01/2023|54|06301060000SB|0.456|0.626|STRUCTURE_TYPE||06A214||
686|01/01/2023|54|0630106000000|0.6|1.318|STRUCTURE_TYPE||06A215||
687|01/01/2023|54|06200600000EB|12.263|12.331|STRUCTURE_TYPE||06A216||
688|01/01/2023|54|0640027000000|2.786|2.79|STRUCTURE_TYPE||06A218||
689|01/01/2023|54|0640029030000|0.006|0.01|STRUCTURE_TYPE||06A219||
690|01/01/2023|54|0630010000000|11.204|11.208|STRUCTURE_TYPE||06A220||
691|01/01/2023|54|0630527000000|0.0|0.345|STRUCTURE_TYPE||06A222||
692|01/01/2023|54|0630101000000|0.441|0.491|STRUCTURE_TYPE||06A224||
693|01/01/2023|54|0640021000000|2.95|2.964|STRUCTURE_TYPE||06A225||
694|01/01/2023|54|0640052080000|0.793|0.801|STRUCTURE_TYPE||06A228||
695|01/01/2023|54|0640036010000|0.022|0.036|STRUCTURE_TYPE||06A229||
696|01/01/2023|54|06200600000EB|6.379|6.447|STRUCTURE_TYPE||06A230||
697|01/01/2023|54|06100640000EB|25.208|25.294|STRUCTURE_TYPE||06A231||
698|01/01/2023|54|06100640000EB|26.47|26.522|STRUCTURE_TYPE||06A232||
699|01/01/2023|54|06100640000EB|27.09|27.13|STRUCTURE_TYPE||06A233||
700|01/01/2023|54|06100640000WB|25.208|25.294|STRUCTURE_TYPE||06A234||
701|01/01/2023|54|06100640000WB|26.459|26.511|STRUCTURE_TYPE||06A235||
702|01/01/2023|54|06100640000WB|27.089|27.129|STRUCTURE_TYPE||06A236||
704|01/01/2023|54|06100640000EB|20.181|20.259|STRUCTURE_TYPE||06A238||
705|01/01/2023|54|0640049000000|8.521|8.541|STRUCTURE_TYPE||06A239||
706|01/01/2023|54|0640001010000|0.209|0.225|STRUCTURE_TYPE||06A241||
707|01/01/2023|54|06100640000EB|21.749|21.819|STRUCTURE_TYPE||06A242||
708|01/01/2023|54|06100640000WB|21.75|21.82|STRUCTURE_TYPE||06A243||
709|01/01/2023|54|06100640000EB|22.392|22.462|STRUCTURE_TYPE||06A244||
710|01/01/2023|54|06100640000WB|22.419|22.489|STRUCTURE_TYPE||06A245||
711|01/01/2023|54|06100640000EB|23.034|23.056|STRUCTURE_TYPE||06A246||
712|01/01/2023|54|06100640000WB|23.034|23.056|STRUCTURE_TYPE||06A247||
713|01/01/2023|54|06100640000EB|23.917|23.961|STRUCTURE_TYPE||06A248||
714|01/01/2023|54|06100640000WB|23.926|23.97|STRUCTURE_TYPE||06A249||
715|01/01/2023|54|0640031010000|1.693|1.751|STRUCTURE_TYPE||06A250||
716|01/01/2023|54|0640016000000|3.162|3.17|STRUCTURE_TYPE||06A251||
717|01/01/2023|54|0640016000000|1.96|1.968|STRUCTURE_TYPE||06A252||
718|01/01/2023|54|0640160180000|0.255|0.331|STRUCTURE_TYPE||06A255||
719|01/01/2023|54|0640045000000|1.99|2.07|STRUCTURE_TYPE||06A256||
720|01/01/2023|54|0640042000000|9.297|9.337|STRUCTURE_TYPE||06A257||
721|01/01/2023|54|0601978000000|0.365|0.427|STRUCTURE_TYPE||06A258||
722|01/01/2023|54|0680951000000|0.01|0.018|STRUCTURE_TYPE||06A259||
723|01/01/2023|54|0640017000000|4.887|5.029|STRUCTURE_TYPE||06A260||
724|01/01/2023|54|0640001000000|2.058|2.102|STRUCTURE_TYPE||06A261||
725|01/01/2023|54|0640164100000|0.007|0.067|STRUCTURE_TYPE||06A262||
726|01/01/2023|54|0640010200000|0.013|0.039|STRUCTURE_TYPE||06A263||
727|01/01/2023|54|0640009000000|9.661|9.669|STRUCTURE_TYPE||06A264||
728|01/01/2023|54|0640052090000|0.022|0.048|STRUCTURE_TYPE||06A266||
729|01/01/2023|54|0640060010000|0.654|0.72|STRUCTURE_TYPE||06A267||
730|01/01/2023|54|0640009000000|9.835|9.847|STRUCTURE_TYPE||06A269||
731|01/01/2023|54|0640025010000|0.528|0.536|STRUCTURE_TYPE||06A270||
732|01/01/2023|54|0640031060000|0.396|0.508|STRUCTURE_TYPE||06A271||
733|01/01/2023|54|0640010110000|0.213|0.223|STRUCTURE_TYPE||06A272||
734|01/01/2023|54|0640042000000|6.397|6.419|STRUCTURE_TYPE||06A274||
735|01/01/2023|54|06100640017EB0018A|0.222|0.228|STRUCTURE_TYPE||06A275||
736|01/01/2023|54|0640026000000|6.347|6.353|STRUCTURE_TYPE||06A276||
737|01/01/2023|54|06100640000EB|14.132|14.16|STRUCTURE_TYPE||06A277||
738|01/01/2023|54|06100640000WB|14.142|14.17|STRUCTURE_TYPE||06A278||
739|01/01/2023|54|06100640000EB|28.85|28.854|STRUCTURE_TYPE||06A279||
740|01/01/2023|54|06100640000EB|22.893|22.897|STRUCTURE_TYPE||06A281||
741|01/01/2023|54|0640023000000|1.169|1.229|STRUCTURE_TYPE||06A282||
742|01/01/2023|54|0630010000000|4.981|4.995|STRUCTURE_TYPE||06A283||
743|01/01/2023|54|06100640000EB|6.267|6.315|STRUCTURE_TYPE||06A285||
744|01/01/2023|54|06100640000WB|6.297|6.345|STRUCTURE_TYPE||06A286||
745|01/01/2023|54|0640007000000|2.765|2.773|STRUCTURE_TYPE||06A287||
746|01/01/2023|54|06100640000EB|27.52|27.564|STRUCTURE_TYPE||06A288||
747|01/01/2023|54|0640054000000|3.06|3.064|STRUCTURE_TYPE||06A289||
748|01/01/2023|54|0640019000000|3.106|3.114|STRUCTURE_TYPE||06A291||
749|01/01/2023|54|0640010380000|0.058|0.066|STRUCTURE_TYPE||06A292||
750|01/01/2023|54|06200600000EB|15.069|15.099|STRUCTURE_TYPE||06A293||
751|01/01/2023|54|06100640000EB|10.88|10.994|STRUCTURE_TYPE||06A294||
752|01/01/2023|54|0640024000000|0.165|0.173|STRUCTURE_TYPE||06A295||
753|01/01/2023|54|06100640000WB|10.852|10.978|STRUCTURE_TYPE||06A296||
754|01/01/2023|54|0640160070000|0.013|0.067|STRUCTURE_TYPE||06A297||
755|01/01/2023|54|0640036000000|3.386|3.394|STRUCTURE_TYPE||06A298||
756|01/01/2023|54|0630002001300|0.076|0.164|STRUCTURE_TYPE||06A299||
757|01/01/2023|54|0640001180000|0.004|0.012|STRUCTURE_TYPE||06A300||
758|01/01/2023|54|06100640000EB|13.374|13.396|STRUCTURE_TYPE||06A301||
759|01/01/2023|54|0640001110000|0.941|0.955|STRUCTURE_TYPE||06A302||
760|01/01/2023|54|0640025000000|3.93|3.936|STRUCTURE_TYPE||06A303||
761|01/01/2023|54|0640025110000|0.002|0.026|STRUCTURE_TYPE||06A304||
762|01/01/2023|54|0640017000000|0.008|0.016|STRUCTURE_TYPE||06A305||
763|01/01/2023|54|0640001000000|13.609|13.619|STRUCTURE_TYPE||06A306||
764|01/01/2023|54|06100640017WB0011D|0.014|0.036|STRUCTURE_TYPE||06A307||
765|01/01/2023|54|06100640017EB0011A|0.263|0.293|STRUCTURE_TYPE||06A308||
766|01/01/2023|54|0630193000000|0.02|0.064|STRUCTURE_TYPE||06A309||
767|01/01/2023|54|0640043000000|11.919|11.925|STRUCTURE_TYPE||06A310||
768|01/01/2023|54|06100640000EB|6.434|6.462|STRUCTURE_TYPE||06A311||
769|01/01/2023|54|06100640000WB|6.463|6.491|STRUCTURE_TYPE||06A312||
770|01/01/2023|54|0640029000000|8.534|8.544|STRUCTURE_TYPE||06A313||
771|01/01/2023|54|0640043000000|6.144|6.152|STRUCTURE_TYPE||06A314||
772|01/01/2023|54|0630152000000|1.218|1.284|STRUCTURE_TYPE||06A315||
773|01/01/2023|54|0640039000000|2.909|2.923|STRUCTURE_TYPE||06A317||
774|01/01/2023|54|0640030000000|0.11|0.12|STRUCTURE_TYPE||06A318||
775|01/01/2023|54|0630010000000|13.974|13.996|STRUCTURE_TYPE||06A326||
776|01/01/2023|54|0630010000000|14.233|14.255|STRUCTURE_TYPE||06A327||
777|01/01/2023|54|0640031000000|4.668|4.676|STRUCTURE_TYPE||06A328||
778|01/01/2023|54|0640025000000|5.809|5.827|STRUCTURE_TYPE||06A332||
779|01/01/2023|54|0630527000000|2.01|2.026|STRUCTURE_TYPE||06A333||
780|01/01/2023|54|5040009010000|0.056|0.062|STRUCTURE_TYPE||06A334||
781|01/01/2023|54|06100640000EB|9.226|9.278|STRUCTURE_TYPE||06A335||
782|01/01/2023|54|0605239000000|0.347|0.355|STRUCTURE_TYPE||06A901||
783|01/01/2023|54|0673283001900|0.294|0.302|STRUCTURE_TYPE||06A902||
784|01/01/2023|54|0601087000000|0.512|0.52|STRUCTURE_TYPE||06A905||
785|01/01/2023|54|0600681000000|0.719|0.731|STRUCTURE_TYPE||06A906||
786|01/01/2023|54|0673267001900|0.005|0.023|STRUCTURE_TYPE||06A907||
787|01/01/2023|54|0605239000000|0.358|0.366|STRUCTURE_TYPE||06A911||
788|01/01/2023|54|0673276001900|0.946|0.954|STRUCTURE_TYPE||06A912||
789|01/01/2023|54|0673272001900|0.708|0.72|STRUCTURE_TYPE||06A913||
790|01/01/2023|54|0601542000000|0.14|0.17|STRUCTURE_TYPE||06A915||
791|01/01/2023|54|0673274001900|0.529|0.545|STRUCTURE_TYPE||06A916||
792|01/01/2023|54|0740001000000|2.927|2.957|STRUCTURE_TYPE||07A001||
793|01/01/2023|54|0740001010000|0.081|0.085|STRUCTURE_TYPE||07A002||
794|01/01/2023|54|0740016100000|0.002|0.008|STRUCTURE_TYPE||07A003||
795|01/01/2023|54|0740002000000|5.723|5.729|STRUCTURE_TYPE||07A004||
796|01/01/2023|54|0740003000000|8.294|8.304|STRUCTURE_TYPE||07A007||
797|01/01/2023|54|0740004080000|0.016|0.028|STRUCTURE_TYPE||07A008||
798|01/01/2023|54|0730005000000|8.519|8.527|STRUCTURE_TYPE||07A011||
799|01/01/2023|54|0730005000000|12.03|12.034|STRUCTURE_TYPE||07A012||
800|01/01/2023|54|0730005000000|16.601|16.629|STRUCTURE_TYPE||07A013||
801|01/01/2023|54|0740007000000|5.386|5.404|STRUCTURE_TYPE||07A016||
802|01/01/2023|54|0740007000000|6.689|6.717|STRUCTURE_TYPE||07A017||
803|01/01/2023|54|0740007030000|1.445|1.449|STRUCTURE_TYPE||07A018||
804|01/01/2023|54|0740007030000|0.662|0.668|STRUCTURE_TYPE||07A019||
805|01/01/2023|54|0740009000000|2.547|2.553|STRUCTURE_TYPE||07A022||
806|01/01/2023|54|0740011000000|6.785|6.797|STRUCTURE_TYPE||07A029||
807|01/01/2023|54|0740011000000|7.678|7.688|STRUCTURE_TYPE||07A030||
808|01/01/2023|54|0740011030000|3.922|3.936|STRUCTURE_TYPE||07A031||
809|01/01/2023|54|0740011060000|0.063|0.069|STRUCTURE_TYPE||07A032||
810|01/01/2023|54|0740011070000|0.005|0.021|STRUCTURE_TYPE||07A033||
811|01/01/2023|54|0740015000000|0.227|0.243|STRUCTURE_TYPE||07A034||
812|01/01/2023|54|0740015020000|5.478|5.482|STRUCTURE_TYPE||07A035||
813|01/01/2023|54|0730016000000|1.87|1.876|STRUCTURE_TYPE||07A036||
814|01/01/2023|54|0730016000000|3.985|3.995|STRUCTURE_TYPE||07A037||
815|01/01/2023|54|0730016000000|4.674|4.682|STRUCTURE_TYPE||07A038||
816|01/01/2023|54|0730016000000|6.448|6.466|STRUCTURE_TYPE||07A039||
817|01/01/2023|54|0730016000000|10.215|10.233|STRUCTURE_TYPE||07A040||
818|01/01/2023|54|0730016000000|14.9|14.906|STRUCTURE_TYPE||07A042||
820|01/01/2023|54|0730016000000|27.977|28.049|STRUCTURE_TYPE||07A045||
821|01/01/2023|54|0730016000000|34.251|34.257|STRUCTURE_TYPE||07A046||
822|01/01/2023|54|0740018000000|3.447|3.453|STRUCTURE_TYPE||07A050||
823|01/01/2023|54|0740020000000|15.705|15.715|STRUCTURE_TYPE||07A052||
824|01/01/2023|54|0740022000000|0.182|0.188|STRUCTURE_TYPE||07A054||
825|01/01/2023|54|0740024000000|3.576|3.61|STRUCTURE_TYPE||07A055||
826|01/01/2023|54|07200330000EB|5.342|5.374|STRUCTURE_TYPE||07A057||
827|01/01/2023|54|0740016260000|0.05|0.058|STRUCTURE_TYPE||07A060||
828|01/01/2023|54|0740007000000|0.034|0.038|STRUCTURE_TYPE||07A061||
829|01/01/2023|54|0730016000000|27.732|27.736|STRUCTURE_TYPE||07A062||
830|01/01/2023|54|0730016000000|12.889|12.899|STRUCTURE_TYPE||07A063||
831|01/01/2023|54|0730005000000|6.113|6.139|STRUCTURE_TYPE||07A064||
832|01/01/2023|54|0740016070000|2.023|2.031|STRUCTURE_TYPE||07A065||
833|01/01/2023|54|0740003000000|7.594|7.604|STRUCTURE_TYPE||07A066||
834|01/01/2023|54|0740010000000|1.938|1.948|STRUCTURE_TYPE||07A067||
835|01/01/2023|54|0740035050000|0.116|0.13|STRUCTURE_TYPE||07A068||
836|01/01/2023|54|0730005000000|3.496|3.582|STRUCTURE_TYPE||07A069||
837|01/01/2023|54|0740005060000|0.023|0.029|STRUCTURE_TYPE||07A070||
838|01/01/2023|54|0740035120000|1.867|1.875|STRUCTURE_TYPE||07A071||
839|01/01/2023|54|0740007060000|4.954|4.982|STRUCTURE_TYPE||07A072||
840|01/01/2023|54|0740009000000|5.412|5.424|STRUCTURE_TYPE||07A073||
841|01/01/2023|54|0740009000000|6.153|6.167|STRUCTURE_TYPE||07A074||
842|01/01/2023|54|0840001000000|10.2|10.206|STRUCTURE_TYPE||08A001||
843|01/01/2023|54|0840001000000|11.695|11.701|STRUCTURE_TYPE||08A002||
844|01/01/2023|54|0840001000000|17.042|17.112|STRUCTURE_TYPE||08A003||
845|01/01/2023|54|0840001040000|0.013|0.021|STRUCTURE_TYPE||08A004||
846|01/01/2023|54|0840002000000|1.02|1.028|STRUCTURE_TYPE||08A006||
848|01/01/2023|54|0830004000000|21.834|21.862|STRUCTURE_TYPE||08A010||
849|01/01/2023|54|0840005000000|2.292|2.298|STRUCTURE_TYPE||08A013||
850|01/01/2023|54|0840005000000|11.343|11.357|STRUCTURE_TYPE||08A014||
851|01/01/2023|54|0840007000000|10.399|10.409|STRUCTURE_TYPE||08A018||
852|01/01/2023|54|0840011000000|22.917|22.925|STRUCTURE_TYPE||08A020||
853|01/01/2023|54|0840013070000|4.457|4.511|STRUCTURE_TYPE||08A024||
854|01/01/2023|54|0840014000000|0.803|0.811|STRUCTURE_TYPE||08A025||
855|01/01/2023|54|0840014000000|0.929|0.939|STRUCTURE_TYPE||08A026||
856|01/01/2023|54|0840014000000|1.012|1.02|STRUCTURE_TYPE||08A027||
857|01/01/2023|54|0840014000000|1.48|1.488|STRUCTURE_TYPE||08A028||
858|01/01/2023|54|0840015000000|5.797|5.805|STRUCTURE_TYPE||08A034||
859|01/01/2023|54|0840015000000|5.944|5.966|STRUCTURE_TYPE||08A035||
860|01/01/2023|54|0840015000000|7.775|7.793|STRUCTURE_TYPE||08A036||
861|01/01/2023|54|0830016000000|7.434|7.442|STRUCTURE_TYPE||08A040||
862|01/01/2023|54|0830016000000|12.372|12.376|STRUCTURE_TYPE||08A041||
863|01/01/2023|54|0830016000000|12.641|12.645|STRUCTURE_TYPE||08A042||
864|01/01/2023|54|0840016100000|0.06|0.07|STRUCTURE_TYPE||08A048||
865|01/01/2023|54|0840017000000|0.397|0.409|STRUCTURE_TYPE||08A049||
866|01/01/2023|54|0840017000000|2.937|2.947|STRUCTURE_TYPE||08A050||
867|01/01/2023|54|0840017000000|5.087|5.097|STRUCTURE_TYPE||08A051||
868|01/01/2023|54|0840019000000|0.033|0.043|STRUCTURE_TYPE||08A052||
869|01/01/2023|54|0840019010000|4.51|4.518|STRUCTURE_TYPE||08A053||
870|01/01/2023|54|0840022000000|0.002|0.01|STRUCTURE_TYPE||08A054||
871|01/01/2023|54|0840024000000|1.291|1.299|STRUCTURE_TYPE||08A056||
872|01/01/2023|54|0840028000000|7.744|7.796|STRUCTURE_TYPE||08A057||
873|01/01/2023|54|0840034000000|0.023|0.035|STRUCTURE_TYPE||08A058||
874|01/01/2023|54|0830036000000|2.201|2.207|STRUCTURE_TYPE||08A062||
875|01/01/2023|54|0840036010000|0.035|0.043|STRUCTURE_TYPE||08A063||
876|01/01/2023|54|0840036010000|0.129|0.143|STRUCTURE_TYPE||08A064||
877|01/01/2023|54|0840044000000|1.207|1.217|STRUCTURE_TYPE||08A067||
879|01/01/2023|54|08100790000NB|40.031|40.093|STRUCTURE_TYPE||08A070||
880|01/01/2023|54|08100790000SB|40.036|40.098|STRUCTURE_TYPE||08A071||
881|01/01/2023|54|0840001000000|1.121|1.125|STRUCTURE_TYPE||08A075||
882|01/01/2023|54|0840015040000|6.332|6.342|STRUCTURE_TYPE||08A078||
883|01/01/2023|54|0840015040000|6.576|6.584|STRUCTURE_TYPE||08A079||
884|01/01/2023|54|0840016010000|0.014|0.02|STRUCTURE_TYPE||08A083||
885|01/01/2023|54|0840016100000|0.471|0.479|STRUCTURE_TYPE||08A084||
886|01/01/2023|54|0840024020000|0.034|0.042|STRUCTURE_TYPE||08A086||
887|01/01/2023|54|0840028000000|0.022|0.032|STRUCTURE_TYPE||08A087||
888|01/01/2023|54|0840016250000|0.032|0.036|STRUCTURE_TYPE||08A089||
889|01/01/2023|54|0840016250000|0.189|0.193|STRUCTURE_TYPE||08A090||
890|01/01/2023|54|0840016250000|0.273|0.277|STRUCTURE_TYPE||08A091||
891|01/01/2023|54|08100790000NB|39.608|39.616|STRUCTURE_TYPE||08A092||
892|01/01/2023|54|0830004000000|10.917|10.921|STRUCTURE_TYPE||08A094||
893|01/01/2023|54|0830004000000|10.799|10.803|STRUCTURE_TYPE||08A095||
894|01/01/2023|54|0830004000000|29.056|29.062|STRUCTURE_TYPE||08A096||
895|01/01/2023|54|08100790017SB0040D|0.046|0.052|STRUCTURE_TYPE||08A097||
896|01/01/2023|54|08100790017NB0040A|0.278|0.282|STRUCTURE_TYPE||08A098||
897|01/01/2023|54|0830016000000|38.002|38.008|STRUCTURE_TYPE||08A099||
898|01/01/2023|54|0840019000000|0.852|0.86|STRUCTURE_TYPE||08A100||
899|01/01/2023|54|0840015000000|4.981|4.991|STRUCTURE_TYPE||08A101||
901|01/01/2023|54|0840016190000|0.018|0.03|STRUCTURE_TYPE||08A105||
902|01/01/2023|54|0840012000000|0.466|0.476|STRUCTURE_TYPE||08A107||
903|01/01/2023|54|0840011070000|0.004|0.012|STRUCTURE_TYPE||08A108||
904|01/01/2023|54|0830016000000|35.07|35.076|STRUCTURE_TYPE||08A109||
905|01/01/2023|54|0830016000000|16.928|16.932|STRUCTURE_TYPE||08A110||
906|01/01/2023|54|0840015040000|3.909|3.929|STRUCTURE_TYPE||08A111||
907|01/01/2023|54|0800103000000|0.103|0.109|STRUCTURE_TYPE||08A112||
908|01/01/2023|54|0840052000000|0.176|0.182|STRUCTURE_TYPE||08A114||
909|01/01/2023|54|0840011080000|3.498|3.504|STRUCTURE_TYPE||08A115||
910|01/01/2023|54|0840015020000|1.197|1.209|STRUCTURE_TYPE||08A116||
911|01/01/2023|54|0840007000000|9.961|10.061|STRUCTURE_TYPE||08A117||
912|01/01/2023|54|0840011000000|0.02|0.136|STRUCTURE_TYPE||08A118||
913|01/01/2023|54|0840014000000|2.214|2.218|STRUCTURE_TYPE||08A119||
914|01/01/2023|54|0840016150000|0.091|0.193|STRUCTURE_TYPE||08A120||
915|01/01/2023|54|0840015000000|4.093|4.103|STRUCTURE_TYPE||08A121||
916|01/01/2023|54|0840016060000|4.192|4.204|STRUCTURE_TYPE||08A123||
917|01/01/2023|54|0830016000000|14.763|14.895|STRUCTURE_TYPE||08A124||
918|01/01/2023|54|0840015000000|4.605|4.615|STRUCTURE_TYPE||08A125||
919|01/01/2023|54|0840011090000|0.898|0.924|STRUCTURE_TYPE||08A126||
920|01/01/2023|54|0840001050000|0.215|0.225|STRUCTURE_TYPE||08A127||
921|01/01/2023|54|0840015040000|2.492|2.502|STRUCTURE_TYPE||08A128||
922|01/01/2023|54|0840002000000|3.303|3.311|STRUCTURE_TYPE||08A129||
923|01/01/2023|54|0840002000000|3.151|3.165|STRUCTURE_TYPE||08A130||
924|01/01/2023|54|0840001120000|0.656|0.664|STRUCTURE_TYPE||08A131||
925|01/01/2023|54|0840004050000|2.898|2.958|STRUCTURE_TYPE||08A132||
926|01/01/2023|54|0800092000000|0.142|0.146|STRUCTURE_TYPE||08A133||
927|01/01/2023|54|0840015030000|0.019|0.027|STRUCTURE_TYPE||08A134||
928|01/01/2023|54|0840015040000|7.108|7.118|STRUCTURE_TYPE||08A136||
929|01/01/2023|54|0940005000000|5.335|5.345|STRUCTURE_TYPE||09A004||
930|01/01/2023|54|0940008000000|0.578|0.584|STRUCTURE_TYPE||09A009||
931|01/01/2023|54|0940010000000|2.461|2.467|STRUCTURE_TYPE||09A010||
932|01/01/2023|54|0940011000000|5.14|5.146|STRUCTURE_TYPE||09A011||
933|01/01/2023|54|0940011000000|8.261|8.281|STRUCTURE_TYPE||09A013||
934|01/01/2023|54|0940011000000|10.008|10.02|STRUCTURE_TYPE||09A014||
935|01/01/2023|54|0940011000000|11.407|11.415|STRUCTURE_TYPE||09A015||
936|01/01/2023|54|0940012000000|0.836|0.854|STRUCTURE_TYPE||09A016||
937|01/01/2023|54|0940013000000|0.427|0.433|STRUCTURE_TYPE||09A017||
938|01/01/2023|54|0940015000000|0.143|0.147|STRUCTURE_TYPE||09A019||
939|01/01/2023|54|0940015000000|2.445|2.473|STRUCTURE_TYPE||09A022||
940|01/01/2023|54|0940016000000|0.064|0.072|STRUCTURE_TYPE||09A024||
941|01/01/2023|54|0940016000000|0.587|0.591|STRUCTURE_TYPE||09A027||
942|01/01/2023|54|0930018000000|12.383|12.427|STRUCTURE_TYPE||09A029||
943|01/01/2023|54|0930018000000|19.369|19.393|STRUCTURE_TYPE||09A033||
944|01/01/2023|54|0940018020000|0.011|0.027|STRUCTURE_TYPE||09A035||
945|01/01/2023|54|0940018130000|0.007|0.011|STRUCTURE_TYPE||09A036||
946|01/01/2023|54|0940019000000|3.941|3.949|STRUCTURE_TYPE||09A037||
947|01/01/2023|54|0940019000000|10.902|10.906|STRUCTURE_TYPE||09A039||
948|01/01/2023|54|0940020000000|4.928|4.936|STRUCTURE_TYPE||09A041||
949|01/01/2023|54|0930023000000|0.973|0.983|STRUCTURE_TYPE||09A042||
950|01/01/2023|54|0930023000000|4.212|4.22|STRUCTURE_TYPE||09A043||
951|01/01/2023|54|0930018000000|18.569|18.575|STRUCTURE_TYPE||09A046||
952|01/01/2023|54|0930023000000|12.341|12.349|STRUCTURE_TYPE||09A048||
953|01/01/2023|54|0930023000000|12.653|12.657|STRUCTURE_TYPE||09A050||
954|01/01/2023|54|0940025120000|2.006|2.012|STRUCTURE_TYPE||09A055||
955|01/01/2023|54|0940027000000|0.057|0.063|STRUCTURE_TYPE||09A057||
956|01/01/2023|54|0940036000000|0.209|0.215|STRUCTURE_TYPE||09A058||
957|01/01/2023|54|0940036080000|0.075|0.083|STRUCTURE_TYPE||09A059||
958|01/01/2023|54|0940038000000|1.122|1.126|STRUCTURE_TYPE||09A061||
959|01/01/2023|54|0940040000000|11.067|11.087|STRUCTURE_TYPE||09A062||
960|01/01/2023|54|09200500000WB|5.635|5.657|STRUCTURE_TYPE||09A063||
961|01/01/2023|54|0940044000000|5.587|5.595|STRUCTURE_TYPE||09A064||
962|01/01/2023|54|0940046000000|3.661|3.665|STRUCTURE_TYPE||09A065||
963|01/01/2023|54|09200500000EB|11.03|11.116|STRUCTURE_TYPE||09A066||
964|01/01/2023|54|0940048000000|0.072|0.078|STRUCTURE_TYPE||09A067||
965|01/01/2023|54|09200500000EB|5.633|5.655|STRUCTURE_TYPE||09A068||
966|01/01/2023|54|09200500000WB|11.018|11.104|STRUCTURE_TYPE||09A070||
967|01/01/2023|54|09200500000WB|14.417|14.423|STRUCTURE_TYPE||09A071||
968|01/01/2023|54|0940050290000|0.841|0.847|STRUCTURE_TYPE||09A073||
969|01/01/2023|54|0940050300000|0.908|0.92|STRUCTURE_TYPE||09A074||
970|01/01/2023|54|0940050300000|9.027|9.033|STRUCTURE_TYPE||09A076||
971|01/01/2023|54|0940052000000|5.064|5.078|STRUCTURE_TYPE||09A077||
972|01/01/2023|54|0940050300000|13.211|13.237|STRUCTURE_TYPE||09A078||
973|01/01/2023|54|0940050300000|9.362|9.394|STRUCTURE_TYPE||09A079||
974|01/01/2023|54|0940050300000|10.616|10.62|STRUCTURE_TYPE||09A080||
975|01/01/2023|54|0940050300000|14.227|14.253|STRUCTURE_TYPE||09A081||
976|01/01/2023|54|0940052000000|0.025|0.029|STRUCTURE_TYPE||09A082||
977|01/01/2023|54|0940055060000|0.003|0.007|STRUCTURE_TYPE||09A083||
978|01/01/2023|54|0940055080000|0.01|0.02|STRUCTURE_TYPE||09A084||
979|01/01/2023|54|0940055170000|0.003|0.009|STRUCTURE_TYPE||09A087||
980|01/01/2023|54|0940056000000|6.87|6.884|STRUCTURE_TYPE||09A088||
981|01/01/2023|54|0940050340000|0.1|0.104|STRUCTURE_TYPE||09A089||
982|01/01/2023|54|09200500000EB|14.719|14.725|STRUCTURE_TYPE||09A090||
983|01/01/2023|54|0940058000000|0.148|0.158|STRUCTURE_TYPE||09A091||
984|01/01/2023|54|0940066000000|0.008|0.012|STRUCTURE_TYPE||09A093||
985|01/01/2023|54|0940056000000|6.199|6.205|STRUCTURE_TYPE||09A095||
986|01/01/2023|54|0940040000000|9.908|9.918|STRUCTURE_TYPE||09A096||
987|01/01/2023|54|0940055050000|0.002|0.01|STRUCTURE_TYPE||09A097||
988|01/01/2023|54|0940013020000|0.006|0.014|STRUCTURE_TYPE||09A098||
989|01/01/2023|54|0940060020000|0.006|0.014|STRUCTURE_TYPE||09A099||
990|01/01/2023|54|09200500000WB|5.534|5.538|STRUCTURE_TYPE||09A100||
991|01/01/2023|54|09200500000EB|12.973|12.977|STRUCTURE_TYPE||09A101||
992|01/01/2023|54|09200500000WB|8.302|8.306|STRUCTURE_TYPE||09A102||
993|01/01/2023|54|09200500000EB|8.121|8.125|STRUCTURE_TYPE||09A103||
994|01/01/2023|54|0940019000000|6.663|6.675|STRUCTURE_TYPE||09A104||
995|01/01/2023|54|0940055180000|0.057|0.065|STRUCTURE_TYPE||09A105||
996|01/01/2023|54|0940005000000|11.426|11.444|STRUCTURE_TYPE||09A107||
997|01/01/2023|54|0940015000000|3.069|3.083|STRUCTURE_TYPE||09A108||
998|01/01/2023|54|0940025130000|1.434|1.444|STRUCTURE_TYPE||09A109||
999|01/01/2023|54|0940007000000|5.498|5.512|STRUCTURE_TYPE||09A110||
1000|01/01/2023|54|0940015000000|6.313|6.321|STRUCTURE_TYPE||09A111||
1001|01/01/2023|54|0940015000000|3.62|3.628|STRUCTURE_TYPE||09A112||
1002|01/01/2023|54|0940003000000|0.759|0.773|STRUCTURE_TYPE||09A113||
1003|01/01/2023|54|0930018000000|24.925|24.935|STRUCTURE_TYPE||09A114||
1004|01/01/2023|54|0940038000000|0.973|0.981|STRUCTURE_TYPE||09A115||
1005|01/01/2023|54|0940055100000|0.042|0.052|STRUCTURE_TYPE||09A116||
1006|01/01/2023|54|0940060000000|5.582|5.59|STRUCTURE_TYPE||09A117||
1007|01/01/2023|54|0940015000000|0.563|0.581|STRUCTURE_TYPE||09A119||
1008|01/01/2023|54|0940008000000|0.166|0.174|STRUCTURE_TYPE||09A120||
1009|01/01/2023|54|0930023000000|12.595|12.609|STRUCTURE_TYPE||09A121||
1010|01/01/2023|54|0940050740000|0.025|0.029|STRUCTURE_TYPE||09A122||
1011|01/01/2023|54|0940050160000|1.679|1.699|STRUCTURE_TYPE||09A123||
1012|01/01/2023|54|0940015000000|2.172|2.188|STRUCTURE_TYPE||09A124||
1013|01/01/2023|54|0940005000000|8.82|8.826|STRUCTURE_TYPE||09A125||
1014|01/01/2023|54|0930018000000|15.918|15.952|STRUCTURE_TYPE||09A126||
1015|01/01/2023|54|0940019000000|16.487|16.495|STRUCTURE_TYPE||09A127||
1016|01/01/2023|54|0940003000000|0.634|0.644|STRUCTURE_TYPE||09A128||
1017|01/01/2023|54|0940055080000|0.456|0.464|STRUCTURE_TYPE||09A129||
1018|01/01/2023|54|0930023000000|6.798|6.808|STRUCTURE_TYPE||09A130||
1019|01/01/2023|54|0930023000000|7.901|7.913|STRUCTURE_TYPE||09A131||
1020|01/01/2023|54|0940025100000|0.01|0.022|STRUCTURE_TYPE||09A132||
1021|01/01/2023|54|0940024000000|6.191|6.199|STRUCTURE_TYPE||09A133||
1022|01/01/2023|54|0940019110000|2.448|2.452|STRUCTURE_TYPE||09A134||
1023|01/01/2023|54|0940011000000|7.852|7.868|STRUCTURE_TYPE||09A135||
1024|01/01/2023|54|0930023000000|15.185|15.193|STRUCTURE_TYPE||09A136||
1025|01/01/2023|54|0930023000000|8.193|8.203|STRUCTURE_TYPE||09A137||
1026|01/01/2023|54|1040001000000|7.076|7.082|STRUCTURE_TYPE||10A001||
1027|01/01/2023|54|1040002000000|0.707|0.729|STRUCTURE_TYPE||10A003||
1028|01/01/2023|54|1040002000000|1.151|1.161|STRUCTURE_TYPE||10A004||
1029|01/01/2023|54|1040002000000|1.526|1.532|STRUCTURE_TYPE||10A005||
1030|01/01/2023|54|1040002000000|1.841|1.855|STRUCTURE_TYPE||10A006||
1031|01/01/2023|54|1040002000000|3.034|3.042|STRUCTURE_TYPE||10A007||
1032|01/01/2023|54|1040002070000|1.151|1.163|STRUCTURE_TYPE||10A010||
1033|01/01/2023|54|1040003030000|0.836|0.842|STRUCTURE_TYPE||10A014||
1034|01/01/2023|54|1040003030000|1.42|1.428|STRUCTURE_TYPE||10A015||
1035|01/01/2023|54|1030006000000|0.125|0.441|STRUCTURE_TYPE||10A020||
1036|01/01/2023|54|1040006010000|1.475|1.485|STRUCTURE_TYPE||10A021||
1037|01/01/2023|54|1040009000000|1.241|1.257|STRUCTURE_TYPE||10A025||
1038|01/01/2023|54|1040010000000|9.188|9.194|STRUCTURE_TYPE||10A026||
1039|01/01/2023|54|1030612000000|2.263|2.269|STRUCTURE_TYPE||10A034||
1040|01/01/2023|54|1030612000000|1.851|1.857|STRUCTURE_TYPE||10A035||
1041|01/01/2023|54|1030612000000|0.448|0.462|STRUCTURE_TYPE||10A036||
1042|01/01/2023|54|1030612000000|0.306|0.316|STRUCTURE_TYPE||10A037||
1043|01/01/2023|54|1040015000000|10.123|10.169|STRUCTURE_TYPE||10A039||
1044|01/01/2023|54|1040015000000|11.134|11.162|STRUCTURE_TYPE||10A040||
1045|01/01/2023|54|1040015000000|12.805|12.817|STRUCTURE_TYPE||10A041||
1046|01/01/2023|54|1040061020000|0.042|0.046|STRUCTURE_TYPE||10A042||
1047|01/01/2023|54|1040015000000|13.609|13.625|STRUCTURE_TYPE||10A044||
1048|01/01/2023|54|1040015000000|14.361|14.379|STRUCTURE_TYPE||10A047||
1050|01/01/2023|54|1040015000000|16.357|16.375|STRUCTURE_TYPE||10A052||
1051|01/01/2023|54|1040015000000|17.89|17.924|STRUCTURE_TYPE||10A053||
1052|01/01/2023|54|1030016000000|35.738|35.764|STRUCTURE_TYPE||10A058||
1053|01/01/2023|54|1040016020000|0.002|0.012|STRUCTURE_TYPE||10A059||
1054|01/01/2023|54|1040016030000|0.272|0.3|STRUCTURE_TYPE||10A060||
1055|01/01/2023|54|1040017000000|1.393|1.401|STRUCTURE_TYPE||10A062||
1057|01/01/2023|54|1030041000000|0.264|0.292|STRUCTURE_TYPE||10A065||
1058|01/01/2023|54|1030041000000|6.894|6.9|STRUCTURE_TYPE||10A068||
1059|01/01/2023|54|1030041000000|12.476|12.482|STRUCTURE_TYPE||10A069||
1060|01/01/2023|54|1030041000000|12.905|12.911|STRUCTURE_TYPE||10A070||
1061|01/01/2023|54|1030041000000|13.895|13.901|STRUCTURE_TYPE||10A071||
1062|01/01/2023|54|1030041000000|16.006|16.014|STRUCTURE_TYPE||10A072||
1063|01/01/2023|54|1030041000000|19.644|19.65|STRUCTURE_TYPE||10A074||
1064|01/01/2023|54|1030041000000|20.331|20.337|STRUCTURE_TYPE||10A076||
1065|01/01/2023|54|1030041000000|26.578|26.586|STRUCTURE_TYPE||10A077||
1066|01/01/2023|54|1040019080000|0.356|0.362|STRUCTURE_TYPE||10A078||
1067|01/01/2023|54|1040019310000|0.199|0.205|STRUCTURE_TYPE||10A079||
1068|01/01/2023|54|1040019330000|0.534|0.548|STRUCTURE_TYPE||10A080||
1069|01/01/2023|54|1030020000000|4.478|4.482|STRUCTURE_TYPE||10A081||
1070|01/01/2023|54|1030020000000|7.064|7.07|STRUCTURE_TYPE||10A082||
1071|01/01/2023|54|10200190000NB|1.001|1.113|STRUCTURE_TYPE||10A085||
1072|01/01/2023|54|10200190000SB|0.995|1.107|STRUCTURE_TYPE||10A086||
1073|01/01/2023|54|1030016000000|0.967|0.975|STRUCTURE_TYPE||10A087||
1074|01/01/2023|54|10200190000NB|3.847|3.917|STRUCTURE_TYPE||10A090||
1075|01/01/2023|54|10200190000SB|3.849|3.919|STRUCTURE_TYPE||10A091||
1076|01/01/2023|54|1040061280000|1.257|1.293|STRUCTURE_TYPE||10A092||
1077|01/01/2023|54|1030016000000|7.783|7.821|STRUCTURE_TYPE||10A096||
1078|01/01/2023|54|1030016000000|8.677|8.723|STRUCTURE_TYPE||10A097||
1079|01/01/2023|54|1030016000000|8.966|8.972|STRUCTURE_TYPE||10A098||
1080|01/01/2023|54|1040021060000|0.127|0.135|STRUCTURE_TYPE||10A099||
1081|01/01/2023|54|1040060020000|0.166|0.174|STRUCTURE_TYPE||10A106||
1082|01/01/2023|54|1040023030000|0.012|0.024|STRUCTURE_TYPE||10A107||
1083|01/01/2023|54|1040023080000|0.018|0.026|STRUCTURE_TYPE||10A111||
1084|01/01/2023|54|1040025000000|0.01|0.022|STRUCTURE_TYPE||10A112||
1085|01/01/2023|54|1040025000000|0.065|0.077|STRUCTURE_TYPE||10A113||
1086|01/01/2023|54|1040025000000|6.097|6.109|STRUCTURE_TYPE||10A121||
1087|01/01/2023|54|1040025000000|6.181|6.199|STRUCTURE_TYPE||10A122||
1088|01/01/2023|54|1040025000000|7.68|7.824|STRUCTURE_TYPE||10A123||
1089|01/01/2023|54|1040025020000|0.097|0.253|STRUCTURE_TYPE||10A126||
1090|01/01/2023|54|1040025050000|0.229|0.235|STRUCTURE_TYPE||10A128||
1091|01/01/2023|54|1040027000000|0.013|0.033|STRUCTURE_TYPE||10A129||
1092|01/01/2023|54|1040031000000|0.101|0.107|STRUCTURE_TYPE||10A130||
1093|01/01/2023|54|1040038000000|3.51|3.544|STRUCTURE_TYPE||10A131||
1094|01/01/2023|54|1040039010000|0.012|0.026|STRUCTURE_TYPE||10A132||
1095|01/01/2023|54|1040041040000|3.872|3.88|STRUCTURE_TYPE||10A135||
1096|01/01/2023|54|1040041150000|0.055|0.065|STRUCTURE_TYPE||10A137||
1097|01/01/2023|54|1040061690000|0.01|0.024|STRUCTURE_TYPE||10A139||
1098|01/01/2023|54|10200600000WB|0.314|0.342|STRUCTURE_TYPE||10A140||
1099|01/01/2023|54|10200600000WB|10.57|10.704|STRUCTURE_TYPE||10A142||
1100|01/01/2023|54|10200600000EB|19.876|19.882|STRUCTURE_TYPE||10A143||
1101|01/01/2023|54|10200600000EB|26.218|26.27|STRUCTURE_TYPE||10A144||
1102|01/01/2023|54|10200600000WB|26.236|26.288|STRUCTURE_TYPE||10A145||
1103|01/01/2023|54|1040060020000|2.02|2.03|STRUCTURE_TYPE||10A149||
1104|01/01/2023|54|1040060030000|9.161|9.169|STRUCTURE_TYPE||10A150||
1105|01/01/2023|54|1040060030000|9.953|9.963|STRUCTURE_TYPE||10A151||
1106|01/01/2023|54|1040060050000|3.935|3.943|STRUCTURE_TYPE||10A152||
1107|01/01/2023|54|1040060150000|0.794|0.8|STRUCTURE_TYPE||10A153||
1108|01/01/2023|54|1040060250000|0.336|0.348|STRUCTURE_TYPE||10A154||
1109|01/01/2023|54|1030061000000|21.16|21.186|STRUCTURE_TYPE||10A156||
1110|01/01/2023|54|1030061000000|22.806|22.836|STRUCTURE_TYPE||10A158||
1111|01/01/2023|54|1030061000000|25.67|25.704|STRUCTURE_TYPE||10A159||
1112|01/01/2023|54|1030061000000|27.8|27.82|STRUCTURE_TYPE||10A161||
1113|01/01/2023|54|1040061020000|0.012|0.034|STRUCTURE_TYPE||10A162||
1114|01/01/2023|54|1040061050000|0.213|0.219|STRUCTURE_TYPE||10A168||
1115|01/01/2023|54|1040061050000|1.785|1.791|STRUCTURE_TYPE||10A169||
1116|01/01/2023|54|1040061050000|2.108|2.116|STRUCTURE_TYPE||10A170||
1117|01/01/2023|54|1040061050000|2.634|2.64|STRUCTURE_TYPE||10A171||
1118|01/01/2023|54|1040061070000|0.017|0.031|STRUCTURE_TYPE||10A172||
1119|01/01/2023|54|1040061090000|0.432|0.446|STRUCTURE_TYPE||10A173||
1120|01/01/2023|54|1040061350000|0.006|0.016|STRUCTURE_TYPE||10A175||
1121|01/01/2023|54|1040061580000|0.002|0.014|STRUCTURE_TYPE||10A177||
1122|01/01/2023|54|1040061240000|3.257|3.265|STRUCTURE_TYPE||10A179||
1123|01/01/2023|54|1040061240000|3.76|3.768|STRUCTURE_TYPE||10A180||
1124|01/01/2023|54|1040061240000|4.092|4.1|STRUCTURE_TYPE||10A181||
1125|01/01/2023|54|1040061240000|4.423|4.435|STRUCTURE_TYPE||10A182||
1126|01/01/2023|54|1040061240000|4.725|4.735|STRUCTURE_TYPE||10A183||
1127|01/01/2023|54|1040015210000|0.0|0.015|STRUCTURE_TYPE||10A184||
1128|01/01/2023|54|1040025170000|0.071|0.079|STRUCTURE_TYPE||10A193||
1129|01/01/2023|54|1040060030000|6.213|6.221|STRUCTURE_TYPE||10A195||
1130|01/01/2023|54|1040060030000|8.668|8.674|STRUCTURE_TYPE||10A196||
1131|01/01/2023|54|1040060030000|8.858|8.864|STRUCTURE_TYPE||10A197||
1132|01/01/2023|54|1040060030000|8.621|8.631|STRUCTURE_TYPE||10A198||
1133|01/01/2023|54|1040013000000|0.003|0.193|STRUCTURE_TYPE||10A201||
1134|01/01/2023|54|10100770016NB|62.553|62.633|STRUCTURE_TYPE||10A205||
1135|01/01/2023|54|1060802000000|2.5|2.51|STRUCTURE_TYPE||10A206||
1136|01/01/2023|54|1040002120000|0.007|0.015|STRUCTURE_TYPE||10A208||
1137|01/01/2023|54|1040060250000|0.509|0.519|STRUCTURE_TYPE||10A210||
1138|01/01/2023|54|10200190000SB|15.464|16.04|STRUCTURE_TYPE||10A214||
1139|01/01/2023|54|10100770016NB|62.872|62.976|STRUCTURE_TYPE||10A216||
1140|01/01/2023|54|10100770016SB|63.143|63.275|STRUCTURE_TYPE||10A218||
1141|01/01/2023|54|10100770016NB|63.469|63.635|STRUCTURE_TYPE||10A220||
1142|01/01/2023|54|10100770016NB|63.755|63.845|STRUCTURE_TYPE||10A222||
1143|01/01/2023|54|10100770016SB|65.392|65.48|STRUCTURE_TYPE||10A224||
1144|01/01/2023|54|10100770016NB|52.996|53.032|STRUCTURE_TYPE||10A226||
1145|01/01/2023|54|10100770016SB|52.982|53.024|STRUCTURE_TYPE||10A227||
1146|01/01/2023|54|10100770016NB|54.539|54.569|STRUCTURE_TYPE||10A228||
1147|01/01/2023|54|10100770016SB|54.538|54.566|STRUCTURE_TYPE||10A229||
1148|01/01/2023|54|10100770016NB|55.692|55.722|STRUCTURE_TYPE||10A230||
1149|01/01/2023|54|10100770016SB|55.698|55.728|STRUCTURE_TYPE||10A231||
1150|01/01/2023|54|1040015200000|0.026|0.066|STRUCTURE_TYPE||10A232||
1151|01/01/2023|54|10300060017000001B|0.044|0.088|STRUCTURE_TYPE||10A233||
1152|01/01/2023|54|10300060017000001C|0.032|0.076|STRUCTURE_TYPE||10A234||
1153|01/01/2023|54|10100770016NB|59.482|59.512|STRUCTURE_TYPE||10A235||
1154|01/01/2023|54|10100770016NB|61.066|61.132|STRUCTURE_TYPE||10A237||
1155|01/01/2023|54|1040061240000|0.851|0.857|STRUCTURE_TYPE||10A239||
1156|01/01/2023|54|1040006050000|0.011|0.019|STRUCTURE_TYPE||10A243||
1157|01/01/2023|54|1040006060000|0.012|0.02|STRUCTURE_TYPE||10A244||
1158|01/01/2023|54|10200190000NB|26.169|26.409|STRUCTURE_TYPE||10A245||
1159|01/01/2023|54|10200190000SB|26.169|26.407|STRUCTURE_TYPE||10A246||
1160|01/01/2023|54|10100770016NB|55.875|55.879|STRUCTURE_TYPE||10A247||
1161|01/01/2023|54|10100770016NB|54.511|54.515|STRUCTURE_TYPE||10A248||
1162|01/01/2023|54|1040085130000|0.004|0.01|STRUCTURE_TYPE||10A249||
1163|01/01/2023|54|1040023040000|0.004|0.014|STRUCTURE_TYPE||10A250||
1164|01/01/2023|54|1040011000000|0.206|0.218|STRUCTURE_TYPE||10A251||
1165|01/01/2023|54|1040002100000|0.035|0.049|STRUCTURE_TYPE||10A252||
1166|01/01/2023|54|1040082000000|4.606|4.686|STRUCTURE_TYPE||10A253||
1167|01/01/2023|54|1040021150000|0.746|0.754|STRUCTURE_TYPE||10A254||
1168|01/01/2023|54|1040060030000|9.705|9.711|STRUCTURE_TYPE||10A255||
1169|01/01/2023|54|1040013000000|7.324|7.334|STRUCTURE_TYPE||10A256||
1170|01/01/2023|54|1040008000000|6.089|6.095|STRUCTURE_TYPE||10A257||
1171|01/01/2023|54|1040061980000|0.002|0.008|STRUCTURE_TYPE||10A258||
1172|01/01/2023|54|1080926000000|0.003|0.009|STRUCTURE_TYPE||10A259||
1173|01/01/2023|54|1030016000000|21.817|21.971|STRUCTURE_TYPE||10A260||
1174|01/01/2023|54|1040041090000|1.369|1.373|STRUCTURE_TYPE||10A261||
1175|01/01/2023|54|1040005010000|0.703|0.709|STRUCTURE_TYPE||10A262||
1176|01/01/2023|54|1080969000000|0.01|0.016|STRUCTURE_TYPE||10A263||
1177|01/01/2023|54|1040061220000|0.016|0.026|STRUCTURE_TYPE||10A264||
1178|01/01/2023|54|1040025000000|0.769|0.781|STRUCTURE_TYPE||10A266||
1179|01/01/2023|54|1040061130000|0.155|0.163|STRUCTURE_TYPE||10A267||
1180|01/01/2023|54|1040061020000|1.396|1.404|STRUCTURE_TYPE||10A268||
1181|01/01/2023|54|1040019150000|0.988|0.996|STRUCTURE_TYPE||10A269||
1182|01/01/2023|54|1040061340000|0.006|0.016|STRUCTURE_TYPE||10A270||
1183|01/01/2023|54|1040061020000|0.89|0.896|STRUCTURE_TYPE||10A271||
1184|01/01/2023|54|1040061040000|0.075|0.081|STRUCTURE_TYPE||10A272||
1185|01/01/2023|54|1080949000000|0.088|0.1|STRUCTURE_TYPE||10A273||
1186|01/01/2023|54|1040061040000|0.46|0.47|STRUCTURE_TYPE||10A274||
1187|01/01/2023|54|1040013040000|0.904|0.916|STRUCTURE_TYPE||10A275||
1188|01/01/2023|54|1040021040000|0.685|0.691|STRUCTURE_TYPE||10A276||
1189|01/01/2023|54|1040082000000|4.305|4.317|STRUCTURE_TYPE||10A277||
1190|01/01/2023|54|1040025000000|11.15|11.158|STRUCTURE_TYPE||10A278||
1191|01/01/2023|54|1040061550000|0.008|0.018|STRUCTURE_TYPE||10A280||
1192|01/01/2023|54|1040085020000|1.579|1.585|STRUCTURE_TYPE||10A281||
1193|01/01/2023|54|1040085050000|3.05|3.062|STRUCTURE_TYPE||10A282||
1194|01/01/2023|54|1040085020000|1.946|1.954|STRUCTURE_TYPE||10A283||
1195|01/01/2023|54|1040085020000|2.218|2.224|STRUCTURE_TYPE||10A284||
1196|01/01/2023|54|1040085020000|2.068|2.074|STRUCTURE_TYPE||10A285||
1197|01/01/2023|54|1040008000000|9.096|9.11|STRUCTURE_TYPE||10A287||
1198|01/01/2023|54|1080970000000|0.054|0.06|STRUCTURE_TYPE||10A288||
1199|01/01/2023|54|1040025000000|1.297|1.311|STRUCTURE_TYPE||10A289||
1200|01/01/2023|54|1000648000000|0.015|0.105|STRUCTURE_TYPE||10A290||
1201|01/01/2023|54|1040061170000|0.002|0.01|STRUCTURE_TYPE||10A291||
1202|01/01/2023|54|1040013020000|0.513|0.517|STRUCTURE_TYPE||10A292||
1203|01/01/2023|54|1030016000000|23.348|23.4|STRUCTURE_TYPE||10A294||
1204|01/01/2023|54|10300160000SB|11.127|11.157|STRUCTURE_TYPE||10A295||
1205|01/01/2023|54|1040005000000|1.525|1.531|STRUCTURE_TYPE||10A296||
1206|01/01/2023|54|1040005010000|2.142|2.208|STRUCTURE_TYPE||10A298||
1207|01/01/2023|54|1040025000000|3.504|3.52|STRUCTURE_TYPE||10A299||
1208|01/01/2023|54|1040015000000|9.849|9.867|STRUCTURE_TYPE||10A300||
1209|01/01/2023|54|1030016000000|2.376|2.438|STRUCTURE_TYPE||10A301||
1210|01/01/2023|54|1040020080000|0.322|0.328|STRUCTURE_TYPE||10A302||
1211|01/01/2023|54|1030016000000|1.545|1.607|STRUCTURE_TYPE||10A303||
1212|01/01/2023|54|1040160170000|0.07|0.078|STRUCTURE_TYPE||10A304||
1213|01/01/2023|54|1040006020000|0.011|0.023|STRUCTURE_TYPE||10A305||
1214|01/01/2023|54|1040025000000|2.309|2.327|STRUCTURE_TYPE||10A306||
1215|01/01/2023|54|1030016000000|30.46|30.466|STRUCTURE_TYPE||10A307||
1216|01/01/2023|54|1040023000000|8.451|8.463|STRUCTURE_TYPE||10A309||
1217|01/01/2023|54|1060801000000|0.558|0.574|STRUCTURE_TYPE||10A310||
1218|01/01/2023|54|1040025000000|2.988|3.006|STRUCTURE_TYPE||10A311||
1219|01/01/2023|54|1040025000000|5.145|5.163|STRUCTURE_TYPE||10A312||
1220|01/01/2023|54|1040021200000|0.906|0.914|STRUCTURE_TYPE||10A313||
1221|01/01/2023|54|1030041000000|0.0|0.082|STRUCTURE_TYPE||10A314||
1222|01/01/2023|54|1040023000000|6.278|6.304|STRUCTURE_TYPE||10A315||
1223|01/01/2023|54|1040082050000|0.017|0.021|STRUCTURE_TYPE||10A316||
1224|01/01/2023|54|1030041000000|6.409|6.449|STRUCTURE_TYPE||10A317||
1225|01/01/2023|54|1030061000100|0.04|0.06|STRUCTURE_TYPE||10A318||
1226|01/01/2023|54|1040001000000|7.985|7.997|STRUCTURE_TYPE||10A319||
1227|01/01/2023|54|1040025000000|2.468|2.486|STRUCTURE_TYPE||10A320||
1228|01/01/2023|54|1040023040000|0.735|0.743|STRUCTURE_TYPE||10A321||
1229|01/01/2023|54|1040044060000|0.047|0.053|STRUCTURE_TYPE||10A322||
1230|01/01/2023|54|1030041000000|5.008|5.028|STRUCTURE_TYPE||10A323||
1231|01/01/2023|54|1001261000000|0.128|0.132|STRUCTURE_TYPE||10A903||
1232|01/01/2023|54|1001147000000|0.056|0.062|STRUCTURE_TYPE||10A904||
1233|01/01/2023|54|1040008000000|8.25|8.258|STRUCTURE_TYPE||10A905||
1234|01/01/2023|54|1140001000000|2.364|2.408|STRUCTURE_TYPE||11A001||
1235|01/01/2023|54|1140001000000|6.375|6.401|STRUCTURE_TYPE||11A002||
1236|01/01/2023|54|1140001000000|7.474|7.5|STRUCTURE_TYPE||11A003||
1237|01/01/2023|54|1140002000000|1.207|1.219|STRUCTURE_TYPE||11A005||
1238|01/01/2023|54|1140003000000|2.332|2.338|STRUCTURE_TYPE||11A006||
1239|01/01/2023|54|1130005000000|8.168|8.174|STRUCTURE_TYPE||11A008||
1240|01/01/2023|54|1130005000000|8.905|8.925|STRUCTURE_TYPE||11A009||
1241|01/01/2023|54|1130005000000|10.653|10.693|STRUCTURE_TYPE||11A010||
1242|01/01/2023|54|1130005000000|14.876|14.894|STRUCTURE_TYPE||11A011||
1243|01/01/2023|54|1130005000000|17.947|17.951|STRUCTURE_TYPE||11A012||
1244|01/01/2023|54|1130005000000|19.857|19.889|STRUCTURE_TYPE||11A013||
1245|01/01/2023|54|1140007000000|3.065|3.083|STRUCTURE_TYPE||11A015||
1246|01/01/2023|54|1140007000000|3.799|3.817|STRUCTURE_TYPE||11A016||
1247|01/01/2023|54|1140007000000|6.959|6.967|STRUCTURE_TYPE||11A018||
1248|01/01/2023|54|1140007000000|7.234|7.242|STRUCTURE_TYPE||11A019||
1249|01/01/2023|54|1140007000000|8.559|8.573|STRUCTURE_TYPE||11A020||
1250|01/01/2023|54|1140007000000|12.055|12.069|STRUCTURE_TYPE||11A022||
1251|01/01/2023|54|1140008000000|1.815|1.825|STRUCTURE_TYPE||11A024||
1252|01/01/2023|54|1140008000000|5.994|6.002|STRUCTURE_TYPE||11A026||
1253|01/01/2023|54|1140010000000|0.974|0.994|STRUCTURE_TYPE||11A027||
1254|01/01/2023|54|1140011000000|1.685|1.703|STRUCTURE_TYPE||11A028||
1255|01/01/2023|54|1140011000000|3.005|3.013|STRUCTURE_TYPE||11A029||
1256|01/01/2023|54|1140011000000|4.284|4.296|STRUCTURE_TYPE||11A030||
1257|01/01/2023|54|1140012000000|8.393|8.409|STRUCTURE_TYPE||11A031||
1258|01/01/2023|54|1140012000000|13.929|13.937|STRUCTURE_TYPE||11A032||
1259|01/01/2023|54|1140013000000|1.13|1.162|STRUCTURE_TYPE||11A034||
1260|01/01/2023|54|1140017000000|11.418|11.428|STRUCTURE_TYPE||11A039||
1261|01/01/2023|54|1140017000000|17.181|17.191|STRUCTURE_TYPE||11A040||
1262|01/01/2023|54|1140017080000|0.07|0.094|STRUCTURE_TYPE||11A042||
1263|01/01/2023|54|1130018000000|1.431|1.437|STRUCTURE_TYPE||11A043||
1264|01/01/2023|54|1130018000000|5.474|5.48|STRUCTURE_TYPE||11A044||
1265|01/01/2023|54|1140019000000|0.019|0.025|STRUCTURE_TYPE||11A046||
1266|01/01/2023|54|1140019030000|0.03|0.052|STRUCTURE_TYPE||11A048||
1267|01/01/2023|54|1140019070000|3.608|3.616|STRUCTURE_TYPE||11A049||
1268|01/01/2023|54|1140020000000|0.005|0.021|STRUCTURE_TYPE||11A050||
1270|01/01/2023|54|1140023000000|0.025|0.055|STRUCTURE_TYPE||11A052||
1271|01/01/2023|54|1140023000000|4.845|4.865|STRUCTURE_TYPE||11A053||
1272|01/01/2023|54|1140023000000|7.416|7.424|STRUCTURE_TYPE||11A054||
1273|01/01/2023|54|1140023030000|0.643|0.649|STRUCTURE_TYPE||11A056||
1274|01/01/2023|54|1140023030000|1.537|1.543|STRUCTURE_TYPE||11A057||
1275|01/01/2023|54|1140023030000|2.084|2.092|STRUCTURE_TYPE||11A058||
1276|01/01/2023|54|1140023070000|0.034|0.054|STRUCTURE_TYPE||11A059||
1277|01/01/2023|54|1140028000000|3.568|3.574|STRUCTURE_TYPE||11A060||
1278|01/01/2023|54|1140030000000|4.604|4.61|STRUCTURE_TYPE||11A061||
1279|01/01/2023|54|1140030000000|5.287|5.291|STRUCTURE_TYPE||11A062||
1280|01/01/2023|54|1140030000000|6.246|6.306|STRUCTURE_TYPE||11A063||
1281|01/01/2023|54|11200330000EB|3.921|3.927|STRUCTURE_TYPE||11A067||
1282|01/01/2023|54|11200330000WB|6.679|6.685|STRUCTURE_TYPE||11A068||
1283|01/01/2023|54|11200330000EB|9.66|9.666|STRUCTURE_TYPE||11A072||
1284|01/01/2023|54|11200330000WB|13.553|13.559|STRUCTURE_TYPE||11A075||
1285|01/01/2023|54|11200330000EB|16.605|16.667|STRUCTURE_TYPE||11A076||
1286|01/01/2023|54|11200330000EB|21.942|21.948|STRUCTURE_TYPE||11A077||
1287|01/01/2023|54|11200330000WB|26.756|26.8|STRUCTURE_TYPE||11A078||
1288|01/01/2023|54|1140036000000|0.033|0.045|STRUCTURE_TYPE||11A082||
1289|01/01/2023|54|1140040000000|0.173|0.179|STRUCTURE_TYPE||11A084||
1290|01/01/2023|54|1140040000000|5.524|5.532|STRUCTURE_TYPE||11A085||
1291|01/01/2023|54|1140040000000|7.548|7.554|STRUCTURE_TYPE||11A089||
1292|01/01/2023|54|1140040070000|0.005|0.017|STRUCTURE_TYPE||11A090||
1293|01/01/2023|54|1140040100000|1.55|1.556|STRUCTURE_TYPE||11A091||
1294|01/01/2023|54|1140042000000|4.32|4.328|STRUCTURE_TYPE||11A092||
1295|01/01/2023|54|1140042000000|4.92|4.926|STRUCTURE_TYPE||11A093||
1296|01/01/2023|54|1140044000000|0.0|0.042|STRUCTURE_TYPE||11A094||
1297|01/01/2023|54|1140044010000|0.021|0.041|STRUCTURE_TYPE||11A095||
1298|01/01/2023|54|1130047000000|5.399|5.405|STRUCTURE_TYPE||11A097||
1299|01/01/2023|54|1140017060000|0.009|0.031|STRUCTURE_TYPE||11A101||
1300|01/01/2023|54|1140052000000|0.932|0.94|STRUCTURE_TYPE||11A102||
1301|01/01/2023|54|1140052040000|1.273|1.287|STRUCTURE_TYPE||11A104||
1302|01/01/2023|54|11100790000NB|83.343|83.365|STRUCTURE_TYPE||11A105||
1303|01/01/2023|54|11100790000SB|83.344|83.366|STRUCTURE_TYPE||11A106||
1304|01/01/2023|54|1140009060000|0.015|0.023|STRUCTURE_TYPE||11A109||
1305|01/01/2023|54|1140017000000|7.523|7.527|STRUCTURE_TYPE||11A110||
1306|01/01/2023|54|1140017020000|3.785|3.805|STRUCTURE_TYPE||11A111||
1307|01/01/2023|54|1140017050000|0.01|0.026|STRUCTURE_TYPE||11A112||
1308|01/01/2023|54|1140040010000|0.079|0.085|STRUCTURE_TYPE||11A113||
1309|01/01/2023|54|1140047060000|0.022|0.026|STRUCTURE_TYPE||11A114||
1310|01/01/2023|54|1140003000000|5.529|5.535|STRUCTURE_TYPE||11A115||
1311|01/01/2023|54|1140036020000|0.052|0.06|STRUCTURE_TYPE||11A117||
1313|01/01/2023|54|1140038000000|0.008|0.026|STRUCTURE_TYPE||11A120||
1314|01/01/2023|54|1140040000000|7.224|7.256|STRUCTURE_TYPE||11A121||
1315|01/01/2023|54|1140119210000|5.321|5.339|STRUCTURE_TYPE||11A122||
1316|01/01/2023|54|1140035220000|0.348|0.394|STRUCTURE_TYPE||11A123||
1317|01/01/2023|54|1140015040000|2.124|2.136|STRUCTURE_TYPE||11A124||
1318|01/01/2023|54|1140017040000|4.026|4.048|STRUCTURE_TYPE||11A125||
1319|01/01/2023|54|1140020010000|2.891|2.905|STRUCTURE_TYPE||11A126||
1320|01/01/2023|54|1140019000000|1.204|1.222|STRUCTURE_TYPE||11A127||
1321|01/01/2023|54|1130047000000|4.95|4.96|STRUCTURE_TYPE||11A128||
1322|01/01/2023|54|1140007000000|12.261|12.265|STRUCTURE_TYPE||11A129||
1323|01/01/2023|54|11200330000WB|13.0|13.032|STRUCTURE_TYPE||11A130||
1324|01/01/2023|54|1140012000000|7.415|7.431|STRUCTURE_TYPE||11A131||
1325|01/01/2023|54|1140012070000|0.008|0.036|STRUCTURE_TYPE||11A132||
1326|01/01/2023|54|11200330000EB|0.0|0.013|STRUCTURE_TYPE||11A133||
1327|01/01/2023|54|1140018040000|0.03|0.05|STRUCTURE_TYPE||11A134||
1328|01/01/2023|54|1140007000000|11.004|11.016|STRUCTURE_TYPE||11A135||
1329|01/01/2023|54|1140013000000|4.777|4.801|STRUCTURE_TYPE||11A136||
1330|01/01/2023|54|1140034000000|3.599|3.633|STRUCTURE_TYPE||11A137||
1331|01/01/2023|54|1140001000000|7.984|7.994|STRUCTURE_TYPE||11A138||
1332|01/01/2023|54|1130047000000|9.374|9.396|STRUCTURE_TYPE||11A139||
1333|01/01/2023|54|1140119020000|4.323|4.347|STRUCTURE_TYPE||11A140||
1334|01/01/2023|54|1140008000000|5.212|5.218|STRUCTURE_TYPE||11A141||
1335|01/01/2023|54|1140017000000|0.277|0.321|STRUCTURE_TYPE||11A142||
1336|01/01/2023|54|1130005000000|2.307|2.345|STRUCTURE_TYPE||11A143||
1337|01/01/2023|54|1140013000000|3.121|3.131|STRUCTURE_TYPE||11A144||
1338|01/01/2023|54|11200330000EB|0.676|0.716|STRUCTURE_TYPE||11A145||
1339|01/01/2023|54|1130047000000|11.326|11.36|STRUCTURE_TYPE||11A146||
1340|01/01/2023|54|1140040000000|5.971|5.979|STRUCTURE_TYPE||11A147||
1341|01/01/2023|54|1140007000000|4.17|4.182|STRUCTURE_TYPE||11A148||
1342|01/01/2023|54|1240002000000|3.582|3.608|STRUCTURE_TYPE||12A002||
1343|01/01/2023|54|1240003000000|0.011|0.023|STRUCTURE_TYPE||12A003||
1344|01/01/2023|54|1240003000000|5.088|5.098|STRUCTURE_TYPE||12A004||
1345|01/01/2023|54|1240003030000|0.629|0.639|STRUCTURE_TYPE||12A008||
1346|01/01/2023|54|1240005000000|0.118|0.156|STRUCTURE_TYPE||12A010||
1347|01/01/2023|54|1240005000000|9.975|9.981|STRUCTURE_TYPE||12A014||
1348|01/01/2023|54|1240005000000|11.011|11.039|STRUCTURE_TYPE||12A015||
1349|01/01/2023|54|1240005000000|15.816|15.87|STRUCTURE_TYPE||12A016||
1350|01/01/2023|54|1240006000000|0.063|0.069|STRUCTURE_TYPE||12A019||
1351|01/01/2023|54|1240006000000|1.823|1.833|STRUCTURE_TYPE||12A020||
1352|01/01/2023|54|1240009000000|1.761|1.773|STRUCTURE_TYPE||12A023||
1353|01/01/2023|54|1240009000000|10.293|10.305|STRUCTURE_TYPE||12A026||
1354|01/01/2023|54|1240009010000|4.126|4.132|STRUCTURE_TYPE||12A028||
1355|01/01/2023|54|1240009010000|5.575|5.585|STRUCTURE_TYPE||12A029||
1356|01/01/2023|54|1240009020000|0.238|0.252|STRUCTURE_TYPE||12A030||
1357|01/01/2023|54|1230028000000|4.758|4.778|STRUCTURE_TYPE||12A031||
1358|01/01/2023|54|1240028070000|2.89|2.912|STRUCTURE_TYPE||12A033||
1359|01/01/2023|54|1240028070000|8.506|8.516|STRUCTURE_TYPE||12A034||
1360|01/01/2023|54|1240028070000|9.054|9.058|STRUCTURE_TYPE||12A035||
1361|01/01/2023|54|1230042000000|1.572|1.596|STRUCTURE_TYPE||12A039||
1362|01/01/2023|54|1230042000000|11.368|11.376|STRUCTURE_TYPE||12A043||
1363|01/01/2023|54|1230042000000|11.94|11.946|STRUCTURE_TYPE||12A044||
1364|01/01/2023|54|1230042000000|12.58|12.586|STRUCTURE_TYPE||12A046||
1365|01/01/2023|54|1240042040000|4.135|4.141|STRUCTURE_TYPE||12A050||
1366|01/01/2023|54|1240042050000|0.088|0.1|STRUCTURE_TYPE||12A051||
1367|01/01/2023|54|1240042070000|5.839|5.861|STRUCTURE_TYPE||12A053||
1368|01/01/2023|54|12200500000EB|0.0|0.032|STRUCTURE_TYPE||12A055||
1369|01/01/2023|54|12200500000WB|6.186|6.212|STRUCTURE_TYPE||12A056||
1370|01/01/2023|54|12200500000WB|10.291|10.297|STRUCTURE_TYPE||12A057||
1371|01/01/2023|54|12200500000WB|10.64|10.656|STRUCTURE_TYPE||12A058||
1372|01/01/2023|54|1240050040000|1.75|1.754|STRUCTURE_TYPE||12A060||
1373|01/01/2023|54|1240050050000|0.791|0.795|STRUCTURE_TYPE||12A061||
1374|01/01/2023|54|1240050110000|0.184|0.188|STRUCTURE_TYPE||12A062||
1375|01/01/2023|54|1230090000000|3.324|3.328|STRUCTURE_TYPE||12A063||
1376|01/01/2023|54|1230090000000|8.553|8.563|STRUCTURE_TYPE||12A064||
1377|01/01/2023|54|1230093000000|9.672|9.68|STRUCTURE_TYPE||12A067||
1378|01/01/2023|54|12202200000SB|9.997|10.003|STRUCTURE_TYPE||12A069||
1379|01/01/2023|54|12202200000NB|11.293|11.329|STRUCTURE_TYPE||12A072||
1380|01/01/2023|54|1240220040000|0.975|0.987|STRUCTURE_TYPE||12A073||
1381|01/01/2023|54|1240220060000|0.005|0.015|STRUCTURE_TYPE||12A074||
1382|01/01/2023|54|1240220040000|2.216|2.232|STRUCTURE_TYPE||12A076||
1383|01/01/2023|54|1240028110000|7.995|8.057|STRUCTURE_TYPE||12A077||
1384|01/01/2023|54|1230093000000|2.013|2.025|STRUCTURE_TYPE||12A078||
1385|01/01/2023|54|1240006000000|1.429|1.439|STRUCTURE_TYPE||12A079||
1386|01/01/2023|54|1240042070000|0.212|0.222|STRUCTURE_TYPE||12A080||
1387|01/01/2023|54|12202200000SB|10.29|10.402|STRUCTURE_TYPE||12A081||
1388|01/01/2023|54|1240003030000|4.025|4.035|STRUCTURE_TYPE||12A082||
1389|01/01/2023|54|1230028000000|7.798|7.802|STRUCTURE_TYPE||12A083||
1390|01/01/2023|54|1240220120000|0.101|0.105|STRUCTURE_TYPE||12A084||
1391|01/01/2023|54|12202200000NB|1.851|1.857|STRUCTURE_TYPE||12A085||
1392|01/01/2023|54|1240220100000|0.071|0.085|STRUCTURE_TYPE||12A086||
1393|01/01/2023|54|1240028070000|12.449|12.455|STRUCTURE_TYPE||12A087||
1394|01/01/2023|54|12202200000SB|10.618|10.624|STRUCTURE_TYPE||12A088||
1395|01/01/2023|54|1240028070000|12.305|12.311|STRUCTURE_TYPE||12A089||
1396|01/01/2023|54|1240008000000|0.008|0.026|STRUCTURE_TYPE||12A090||
1397|01/01/2023|54|1240005060000|2.262|2.266|STRUCTURE_TYPE||12A091||
1398|01/01/2023|54|1240005000000|5.641|5.647|STRUCTURE_TYPE||12A092||
1399|01/01/2023|54|1240050030000|4.136|4.144|STRUCTURE_TYPE||12A093||
1400|01/01/2023|54|1240028070000|12.034|12.042|STRUCTURE_TYPE||12A094||
1401|01/01/2023|54|1240005000000|7.127|7.169|STRUCTURE_TYPE||12A095||
1402|01/01/2023|54|1230042000000|16.812|16.824|STRUCTURE_TYPE||12A096||
1403|01/01/2023|54|12200480000EB|19.016|19.04|STRUCTURE_TYPE||12A097||
1404|01/01/2023|54|12200480000WB|19.011|19.035|STRUCTURE_TYPE||12A098||
1405|01/01/2023|54|1240005000000|7.234|7.24|STRUCTURE_TYPE||12A099||
1406|01/01/2023|54|12200480017WB0001C|0.274|0.28|STRUCTURE_TYPE||12A100||
1407|01/01/2023|54|1240042030000|4.951|4.963|STRUCTURE_TYPE||12A101||
1408|01/01/2023|54|1240001000000|0.193|0.203|STRUCTURE_TYPE||12A102||
1409|01/01/2023|54|1240009000000|4.931|4.945|STRUCTURE_TYPE||12A103||
1410|01/01/2023|54|1240009000000|7.383|7.405|STRUCTURE_TYPE||12A104||
1411|01/01/2023|54|1240093030000|0.369|0.381|STRUCTURE_TYPE||12A105||
1412|01/01/2023|54|12200480000EB|10.938|11.138|STRUCTURE_TYPE||12A106||
1413|01/01/2023|54|12200480000WB|10.985|11.181|STRUCTURE_TYPE||12A107||
1414|01/01/2023|54|12200480000EB|11.453|11.663|STRUCTURE_TYPE||12A108||
1415|01/01/2023|54|12200480000WB|11.458|11.668|STRUCTURE_TYPE||12A109||
1416|01/01/2023|54|12200480000WB|15.122|15.238|STRUCTURE_TYPE||12A110||
1417|01/01/2023|54|1240090020000|0.018|0.042|STRUCTURE_TYPE||12A111||
1418|01/01/2023|54|1240090030000|0.0|0.005|STRUCTURE_TYPE||12A112||
1419|01/01/2023|54|1240042010000|0.129|0.207|STRUCTURE_TYPE||12A113||
1420|01/01/2023|54|12200480000WB|8.714|8.856|STRUCTURE_TYPE||12A114||
1421|01/01/2023|54|12200480000WB|9.244|9.346|STRUCTURE_TYPE||12A115||
1422|01/01/2023|54|12200480000EB|5.293|5.319|STRUCTURE_TYPE||12A116||
1423|01/01/2023|54|12200480000WB|5.287|5.313|STRUCTURE_TYPE||12A117||
1424|01/01/2023|54|12200480000EB|1.311|1.365|STRUCTURE_TYPE||12A118||
1425|01/01/2023|54|12200480000WB|1.294|1.348|STRUCTURE_TYPE||12A119||
1426|01/01/2023|54|12200480000EB|1.678|1.948|STRUCTURE_TYPE||12A120||
1427|01/01/2023|54|12200480000WB|1.691|1.957|STRUCTURE_TYPE||12A121||
1428|01/01/2023|54|12200480000EB|2.919|2.969|STRUCTURE_TYPE||12A122||
1429|01/01/2023|54|12200480000WB|2.933|2.983|STRUCTURE_TYPE||12A123||
1430|01/01/2023|54|12202200000SB|4.378|4.406|STRUCTURE_TYPE||12A124||
1431|01/01/2023|54|1230042000000|12.002|12.008|STRUCTURE_TYPE||12A125||
1432|01/01/2023|54|1230042000000|5.139|5.153|STRUCTURE_TYPE||12A126||
1433|01/01/2023|54|1230042000000|2.081|2.089|STRUCTURE_TYPE||12A127||
1434|01/01/2023|54|1240042060000|3.197|3.209|STRUCTURE_TYPE||12A128||
1435|01/01/2023|54|1240005000000|0.663|0.671|STRUCTURE_TYPE||12A129||
1436|01/01/2023|54|1230042000000|10.134|10.15|STRUCTURE_TYPE||12A130||
1437|01/01/2023|54|1230042000000|12.734|12.738|STRUCTURE_TYPE||12A131||
1438|01/01/2023|54|1200928000000|0.061|0.067|STRUCTURE_TYPE||12A900||
1439|01/01/2023|54|1340001000000|4.444|4.45|STRUCTURE_TYPE||13A001||
1440|01/01/2023|54|1340001000000|13.206|13.212|STRUCTURE_TYPE||13A005||
1441|01/01/2023|54|1340001020000|0.016|0.03|STRUCTURE_TYPE||13A007||
1442|01/01/2023|54|1340060570000|0.033|0.045|STRUCTURE_TYPE||13A013||
1443|01/01/2023|54|1340005000000|6.994|7.002|STRUCTURE_TYPE||13A015||
1444|01/01/2023|54|1340025000000|14.015|14.089|STRUCTURE_TYPE||13A020||
1445|01/01/2023|54|1340005020000|3.096|3.104|STRUCTURE_TYPE||13A023||
1446|01/01/2023|54|1340005040000|0.565|0.573|STRUCTURE_TYPE||13A026||
1447|01/01/2023|54|1340001060000|0.102|0.122|STRUCTURE_TYPE||13A027||
1448|01/01/2023|54|1340009000000|8.829|8.841|STRUCTURE_TYPE||13A029||
1449|01/01/2023|54|1340009040000|0.558|0.564|STRUCTURE_TYPE||13A032||
1450|01/01/2023|54|1340009060000|0.187|0.195|STRUCTURE_TYPE||13A033||
1451|01/01/2023|54|1340010000000|1.609|1.613|STRUCTURE_TYPE||13A036||
1452|01/01/2023|54|1340010010000|0.071|0.077|STRUCTURE_TYPE||13A037||
1453|01/01/2023|54|1340010020000|4.273|4.281|STRUCTURE_TYPE||13A038||
1454|01/01/2023|54|1340011000000|0.523|0.609|STRUCTURE_TYPE||13A039||
1455|01/01/2023|54|1340027010000|0.139|0.171|STRUCTURE_TYPE||13A040||
1456|01/01/2023|54|1340027010000|0.201|0.233|STRUCTURE_TYPE||13A041||
1457|01/01/2023|54|1340028000000|0.014|0.062|STRUCTURE_TYPE||13A042||
1458|01/01/2023|54|1340029040000|2.234|2.284|STRUCTURE_TYPE||13A043||
1459|01/01/2023|54|1340020350000|0.002|0.014|STRUCTURE_TYPE||13A044||
1460|01/01/2023|54|1340013000000|2.07|2.112|STRUCTURE_TYPE||13A045||
1461|01/01/2023|54|1340014000000|0.791|0.809|STRUCTURE_TYPE||13A046||
1462|01/01/2023|54|1340014000000|1.404|1.418|STRUCTURE_TYPE||13A047||
1463|01/01/2023|54|1340014000000|4.158|4.178|STRUCTURE_TYPE||13A048||
1464|01/01/2023|54|1340014000000|4.804|4.82|STRUCTURE_TYPE||13A049||
1465|01/01/2023|54|1340015030000|0.44|0.448|STRUCTURE_TYPE||13A050||
1466|01/01/2023|54|1340015030000|0.683|0.691|STRUCTURE_TYPE||13A051||
1467|01/01/2023|54|1340015050000|1.209|1.217|STRUCTURE_TYPE||13A053||
1468|01/01/2023|54|1340015090000|0.007|0.013|STRUCTURE_TYPE||13A054||
1469|01/01/2023|54|1340016000000|0.612|0.62|STRUCTURE_TYPE||13A055||
1470|01/01/2023|54|1340016000000|1.173|1.205|STRUCTURE_TYPE||13A056||
1471|01/01/2023|54|1340016000000|2.956|2.964|STRUCTURE_TYPE||13A057||
1472|01/01/2023|54|1330020000000|11.108|11.114|STRUCTURE_TYPE||13A061||
1473|01/01/2023|54|1340021020000|2.257|2.311|STRUCTURE_TYPE||13A065||
1474|01/01/2023|54|1340021020000|6.428|6.434|STRUCTURE_TYPE||13A066||
1475|01/01/2023|54|1340021020000|7.006|7.052|STRUCTURE_TYPE||13A067||
1476|01/01/2023|54|1340027030000|2.746|2.754|STRUCTURE_TYPE||13A069||
1477|01/01/2023|54|1340025000000|0.264|0.284|STRUCTURE_TYPE||13A070||
1478|01/01/2023|54|1340025000000|2.415|2.425|STRUCTURE_TYPE||13A071||
1479|01/01/2023|54|1340031000000|0.777|0.789|STRUCTURE_TYPE||13A079||
1481|01/01/2023|54|1340032000000|1.362|1.41|STRUCTURE_TYPE||13A082||
1482|01/01/2023|54|1340036000000|0.097|0.123|STRUCTURE_TYPE||13A083||
1483|01/01/2023|54|1340036030000|0.483|0.489|STRUCTURE_TYPE||13A084||
1484|01/01/2023|54|1330039000000|6.827|6.849|STRUCTURE_TYPE||13A087||
1485|01/01/2023|54|1330039000000|9.677|9.683|STRUCTURE_TYPE||13A088||
1486|01/01/2023|54|1340039010000|3.796|3.8|STRUCTURE_TYPE||13A089||
1487|01/01/2023|54|1340042000000|5.43|5.436|STRUCTURE_TYPE||13A092||
1488|01/01/2023|54|1340043000000|4.083|4.131|STRUCTURE_TYPE||13A095||
1489|01/01/2023|54|1340050000000|2.364|2.38|STRUCTURE_TYPE||13A097||
1490|01/01/2023|54|1340050000000|6.41|6.416|STRUCTURE_TYPE||13A099||
1491|01/01/2023|54|1340050000000|6.753|6.757|STRUCTURE_TYPE||13A100||
1492|01/01/2023|54|13200600000EB|1.19|1.202|STRUCTURE_TYPE||13A102||
1493|01/01/2023|54|13200600000EB|1.463|1.469|STRUCTURE_TYPE||13A103||
1494|01/01/2023|54|13200600000EB|2.872|2.914|STRUCTURE_TYPE||13A104||
1495|01/01/2023|54|13200600000WB|9.576|9.594|STRUCTURE_TYPE||13A107||
1496|01/01/2023|54|13200600000WB|11.449|11.465|STRUCTURE_TYPE||13A108||
1497|01/01/2023|54|13200600000EB|15.021|15.079|STRUCTURE_TYPE||13A109||
1498|01/01/2023|54|13200600000EB|19.89|19.928|STRUCTURE_TYPE||13A110||
1499|01/01/2023|54|1340025000000|15.132|15.144|STRUCTURE_TYPE||13A112||
1500|01/01/2023|54|1340027040000|0.029|0.073|STRUCTURE_TYPE||13A113||
1501|01/01/2023|54|13200600000EB|34.909|35.011|STRUCTURE_TYPE||13A114||
1502|01/01/2023|54|13200600000WB|35.519|35.545|STRUCTURE_TYPE||13A115||
1503|01/01/2023|54|13200600000WB|35.946|35.982|STRUCTURE_TYPE||13A116||
1504|01/01/2023|54|13200600000EB|41.347|41.359|STRUCTURE_TYPE||13A118||
1505|01/01/2023|54|1340060010000|0.205|0.213|STRUCTURE_TYPE||13A119||
1506|01/01/2023|54|1340060030000|1.168|1.176|STRUCTURE_TYPE||13A121||
1507|01/01/2023|54|1340060070000|0.572|0.638|STRUCTURE_TYPE||13A122||
1508|01/01/2023|54|1340060100000|1.966|1.974|STRUCTURE_TYPE||13A123||
1509|01/01/2023|54|1340040030000|1.169|1.175|STRUCTURE_TYPE||13A124||
1510|01/01/2023|54|1340060120000|1.385|1.433|STRUCTURE_TYPE||13A125||
1511|01/01/2023|54|1340060140000|6.357|6.393|STRUCTURE_TYPE||13A127||
1512|01/01/2023|54|1340060180000|0.818|0.83|STRUCTURE_TYPE||13A129||
1513|01/01/2023|54|1340060220000|0.05|0.058|STRUCTURE_TYPE||13A130||
1514|01/01/2023|54|1340060230000|0.105|0.113|STRUCTURE_TYPE||13A131||
1515|01/01/2023|54|1340060250000|0.027|0.039|STRUCTURE_TYPE||13A132||
1516|01/01/2023|54|1340060320000|7.591|7.599|STRUCTURE_TYPE||13A136||
1517|01/01/2023|54|1340060340000|9.031|9.075|STRUCTURE_TYPE||13A137||
1518|01/01/2023|54|1340060340000|9.299|9.319|STRUCTURE_TYPE||13A138||
1519|01/01/2023|54|1340062010000|0.755|0.775|STRUCTURE_TYPE||13A140||
1520|01/01/2023|54|1330063000000|6.008|6.014|STRUCTURE_TYPE||13A141||
1521|01/01/2023|54|1330063000000|21.368|21.388|STRUCTURE_TYPE||13A143||
1522|01/01/2023|54|13100640000EB|159.404|159.426|STRUCTURE_TYPE||13A144||
1523|01/01/2023|54|13100640000WB|159.404|159.426|STRUCTURE_TYPE||13A145||
1524|01/01/2023|54|13100640000EB|165.857|165.881|STRUCTURE_TYPE||13A146||
1525|01/01/2023|54|13100640000WB|165.856|165.88|STRUCTURE_TYPE||13A147||
1526|01/01/2023|54|13100640000EB|169.401|169.435|STRUCTURE_TYPE||13A148||
1527|01/01/2023|54|13100640000WB|169.407|169.437|STRUCTURE_TYPE||13A149||
1528|01/01/2023|54|13100640000EB|172.634|172.676|STRUCTURE_TYPE||13A150||
1529|01/01/2023|54|13100640000WB|172.634|172.678|STRUCTURE_TYPE||13A151||
1530|01/01/2023|54|13100640000EB|172.817|172.973|STRUCTURE_TYPE||13A152||
1531|01/01/2023|54|13100640000WB|172.819|172.975|STRUCTURE_TYPE||13A153||
1532|01/01/2023|54|13100640000WB|173.351|173.355|STRUCTURE_TYPE||13A154||
1533|01/01/2023|54|13100640000EB|174.094|174.154|STRUCTURE_TYPE||13A155||
1534|01/01/2023|54|13100640000WB|174.108|174.168|STRUCTURE_TYPE||13A156||
1535|01/01/2023|54|13100640000EB|174.582|174.642|STRUCTURE_TYPE||13A157||
1536|01/01/2023|54|13100640000WB|174.58|174.638|STRUCTURE_TYPE||13A158||
1537|01/01/2023|54|13100640000EB|175.268|175.292|STRUCTURE_TYPE||13A159||
1538|01/01/2023|54|13100640000WB|175.267|175.291|STRUCTURE_TYPE||13A160||
1539|01/01/2023|54|13100640000EB|176.044|176.094|STRUCTURE_TYPE||13A161||
1540|01/01/2023|54|13100640000WB|176.062|176.112|STRUCTURE_TYPE||13A162||
1541|01/01/2023|54|13100640000EB|179.227|179.259|STRUCTURE_TYPE||13A163||
1542|01/01/2023|54|13100640000WB|179.212|179.244|STRUCTURE_TYPE||13A164||
1543|01/01/2023|54|13100640000EB|179.298|179.386|STRUCTURE_TYPE||13A165||
1544|01/01/2023|54|13100640000WB|179.287|179.375|STRUCTURE_TYPE||13A166||
1545|01/01/2023|54|13100640000EB|181.003|181.037|STRUCTURE_TYPE||13A169||
1546|01/01/2023|54|13100640017WB0181C|0.304|0.316|STRUCTURE_TYPE||13A170||
1547|01/01/2023|54|1340066000000|1.482|1.492|STRUCTURE_TYPE||13A171||
1548|01/01/2023|54|1340068000000|0.833|0.845|STRUCTURE_TYPE||13A172||
1549|01/01/2023|54|1330092000000|0.012|0.02|STRUCTURE_TYPE||13A173||
1550|01/01/2023|54|1330092000000|3.036|3.046|STRUCTURE_TYPE||13A174||
1551|01/01/2023|54|1330092000000|3.613|3.625|STRUCTURE_TYPE||13A175||
1552|01/01/2023|54|1330092000000|8.782|8.788|STRUCTURE_TYPE||13A176||
1553|01/01/2023|54|1330092000000|9.249|9.257|STRUCTURE_TYPE||13A177||
1554|01/01/2023|54|1330092000000|15.326|15.342|STRUCTURE_TYPE||13A178||
1555|01/01/2023|54|13202190000NB|6.413|6.493|STRUCTURE_TYPE||13A180||
1556|01/01/2023|54|13202190000SB|6.53|6.644|STRUCTURE_TYPE||13A181||
1557|01/01/2023|54|13202190000NB|25.468|25.496|STRUCTURE_TYPE||13A182||
1558|01/01/2023|54|1330311000000|0.333|0.395|STRUCTURE_TYPE||13A184||
1559|01/01/2023|54|13200600000EB|34.667|34.693|STRUCTURE_TYPE||13A185||
1560|01/01/2023|54|1340020020000|0.293|0.297|STRUCTURE_TYPE||13A186||
1561|01/01/2023|54|1330012000000|6.289|6.293|STRUCTURE_TYPE||13A190||
1562|01/01/2023|54|1330012000000|6.426|6.43|STRUCTURE_TYPE||13A191||
1563|01/01/2023|54|1330012000000|13.083|13.129|STRUCTURE_TYPE||13A192||
1564|01/01/2023|54|1340036030000|0.261|0.267|STRUCTURE_TYPE||13A193||
1565|01/01/2023|54|1340060320000|1.678|1.684|STRUCTURE_TYPE||13A197||
1566|01/01/2023|54|13100640000EB|150.214|150.232|STRUCTURE_TYPE||13A198||
1567|01/01/2023|54|13100640000WB|150.204|150.222|STRUCTURE_TYPE||13A199||
1568|01/01/2023|54|13100640000EB|150.456|150.496|STRUCTURE_TYPE||13A200||
1569|01/01/2023|54|13100640000WB|150.48|150.52|STRUCTURE_TYPE||13A201||
1570|01/01/2023|54|13100640000EB|155.608|155.62|STRUCTURE_TYPE||13A202||
1571|01/01/2023|54|13100640000WB|155.608|155.62|STRUCTURE_TYPE||13A203||
1572|01/01/2023|54|13100640000EB|149.472|149.476|STRUCTURE_TYPE||13A204||
1573|01/01/2023|54|13100640000EB|150.145|150.153|STRUCTURE_TYPE||13A205||
1574|01/01/2023|54|1340062000000|0.137|0.167|STRUCTURE_TYPE||13A206||
1575|01/01/2023|54|1340016000000|3.85|3.858|STRUCTURE_TYPE||13A207||
1576|01/01/2023|54|1340014000000|4.98|4.996|STRUCTURE_TYPE||13A208||
1577|01/01/2023|54|1340060140000|3.269|3.273|STRUCTURE_TYPE||13A211||
1578|01/01/2023|54|1340031000000|2.473|2.493|STRUCTURE_TYPE||13A212||
1579|01/01/2023|54|1340060730000|0.017|0.023|STRUCTURE_TYPE||13A213||
1580|01/01/2023|54|13200600000WB|34.45|34.454|STRUCTURE_TYPE||13A214||
1581|01/01/2023|54|1340060750000|0.006|0.014|STRUCTURE_TYPE||13A215||
1582|01/01/2023|54|1340029000000|2.575|2.591|STRUCTURE_TYPE||13A216||
1583|01/01/2023|54|1340001020000|0.178|0.182|STRUCTURE_TYPE||13A217||
1584|01/01/2023|54|1340009000000|19.244|19.274|STRUCTURE_TYPE||13A218||
1585|01/01/2023|54|1340020390000|0.026|0.034|STRUCTURE_TYPE||13A219||
1586|01/01/2023|54|1340039020000|0.23|0.234|STRUCTURE_TYPE||13A220||
1587|01/01/2023|54|13100640000EB|180.244|180.312|STRUCTURE_TYPE||13A221||
1588|01/01/2023|54|13100640000WB|180.235|180.303|STRUCTURE_TYPE||13A222||
1589|01/01/2023|54|1340005000000|7.121|7.131|STRUCTURE_TYPE||13A223||
1590|01/01/2023|54|1340005000000|7.289|7.303|STRUCTURE_TYPE||13A224||
1591|01/01/2023|54|1340005000000|7.445|7.459|STRUCTURE_TYPE||13A225||
1592|01/01/2023|54|1340005000000|7.713|7.721|STRUCTURE_TYPE||13A226||
1593|01/01/2023|54|1340005000000|11.477|11.489|STRUCTURE_TYPE||13A227||
1594|01/01/2023|54|1340060790000|0.108|0.118|STRUCTURE_TYPE||13A228||
1595|01/01/2023|54|1340042000000|7.22|7.228|STRUCTURE_TYPE||13A229||
1596|01/01/2023|54|1380917000000|0.08|0.084|STRUCTURE_TYPE||13A230||
1597|01/01/2023|54|1340025000000|7.911|7.923|STRUCTURE_TYPE||13A232||
1598|01/01/2023|54|1340025000000|8.398|8.408|STRUCTURE_TYPE||13A233||
1599|01/01/2023|54|1340025000000|9.804|9.812|STRUCTURE_TYPE||13A234||
1600|01/01/2023|54|13200600000EB|39.423|39.467|STRUCTURE_TYPE||13A235||
1601|01/01/2023|54|1340040000000|13.422|13.434|STRUCTURE_TYPE||13A237||
1602|01/01/2023|54|1330003000000|0.414|0.44|STRUCTURE_TYPE||13A238||
1603|01/01/2023|54|1340041000000|2.174|2.18|STRUCTURE_TYPE||13A239||
1604|01/01/2023|54|13100640000EB|174.95|175.018|STRUCTURE_TYPE||13A240||
1605|01/01/2023|54|1340027010000|0.277|0.281|STRUCTURE_TYPE||13A241||
1606|01/01/2023|54|1340008000000|6.885|6.889|STRUCTURE_TYPE||13A242||
1607|01/01/2023|54|1340060870000|0.155|0.185|STRUCTURE_TYPE||13A243||
1608|01/01/2023|54|1340092070000|0.122|0.128|STRUCTURE_TYPE||13A244||
1609|01/01/2023|54|1340054040000|0.263|0.273|STRUCTURE_TYPE||13A245||
1610|01/01/2023|54|1340036060000|0.032|0.042|STRUCTURE_TYPE||13A246||
1611|01/01/2023|54|1340002000000|0.018|0.08|STRUCTURE_TYPE||13A247||
1612|01/01/2023|54|1340017020000|0.306|0.318|STRUCTURE_TYPE||13A250||
1613|01/01/2023|54|1340004000000|2.449|2.453|STRUCTURE_TYPE||13A251||
1614|01/01/2023|54|1340060320000|0.72|0.732|STRUCTURE_TYPE||13A252||
1615|01/01/2023|54|1340022000000|0.11|0.12|STRUCTURE_TYPE||13A253||
1616|01/01/2023|54|1340009040000|0.05|0.06|STRUCTURE_TYPE||13A254||
1617|01/01/2023|54|1340020060000|0.974|0.984|STRUCTURE_TYPE||13A255||
1618|01/01/2023|54|1340026030000|0.561|0.571|STRUCTURE_TYPE||13A256||
1619|01/01/2023|54|1340009090000|0.139|0.149|STRUCTURE_TYPE||13A257||
1620|01/01/2023|54|1340008000000|1.91|1.928|STRUCTURE_TYPE||13A258||
1621|01/01/2023|54|1340050000000|2.237|2.255|STRUCTURE_TYPE||13A259||
1622|01/01/2023|54|1340015050000|0.203|0.211|STRUCTURE_TYPE||13A260||
1623|01/01/2023|54|1340005030000|0.417|0.425|STRUCTURE_TYPE||13A261||
1624|01/01/2023|54|1340005020000|0.109|0.119|STRUCTURE_TYPE||13A262||
1625|01/01/2023|54|1340016030000|0.023|0.049|STRUCTURE_TYPE||13A263||
1626|01/01/2023|54|1340005000000|5.571|5.581|STRUCTURE_TYPE||13A264||
1627|01/01/2023|54|1340025000000|7.48|7.492|STRUCTURE_TYPE||13A265||
1628|01/01/2023|54|1340042000000|4.829|4.839|STRUCTURE_TYPE||13A266||
1629|01/01/2023|54|1340042000000|6.143|6.153|STRUCTURE_TYPE||13A267||
1630|01/01/2023|54|1340050030000|0.037|0.051|STRUCTURE_TYPE||13A268||
1631|01/01/2023|54|1340001000000|11.207|11.215|STRUCTURE_TYPE||13A269||
1632|01/01/2023|54|1340001000000|9.247|9.255|STRUCTURE_TYPE||13A270||
1633|01/01/2023|54|1340060290000|0.01|0.032|STRUCTURE_TYPE||13A271||
1634|01/01/2023|54|1340010000000|1.389|1.397|STRUCTURE_TYPE||13A272||
1635|01/01/2023|54|1340020170000|0.224|0.232|STRUCTURE_TYPE||13A273||
1636|01/01/2023|54|1340025000000|4.868|4.882|STRUCTURE_TYPE||13A274||
1637|01/01/2023|54|1340219020000|2.554|2.566|STRUCTURE_TYPE||13A275||
1638|01/01/2023|54|1330092000000|16.844|16.866|STRUCTURE_TYPE||13A276||
1639|01/01/2023|54|1340017000000|1.57|1.586|STRUCTURE_TYPE||13A277||
1640|01/01/2023|54|1340001010000|3.971|3.975|STRUCTURE_TYPE||13A278||
1641|01/01/2023|54|1300548000000|0.039|0.045|STRUCTURE_TYPE||13A900||
1642|01/01/2023|54|1440002000000|10.28|10.294|STRUCTURE_TYPE||14A004||
1643|01/01/2023|54|1440003000000|1.33|1.336|STRUCTURE_TYPE||14A005||
1644|01/01/2023|54|1440003000000|2.735|2.807|STRUCTURE_TYPE||14A006||
1645|01/01/2023|54|1440003000000|10.777|10.785|STRUCTURE_TYPE||14A009||
1646|01/01/2023|54|1440004010000|2.285|2.309|STRUCTURE_TYPE||14A011||
1647|01/01/2023|54|1440004020000|4.491|4.497|STRUCTURE_TYPE||14A012||
1648|01/01/2023|54|1440005040000|1.788|1.794|STRUCTURE_TYPE||14A013||
1649|01/01/2023|54|1440007010000|5.725|5.741|STRUCTURE_TYPE||14A014||
1650|01/01/2023|54|1440007070000|1.476|1.482|STRUCTURE_TYPE||14A015||
1651|01/01/2023|54|1440008000000|6.577|6.587|STRUCTURE_TYPE||14A017||
1652|01/01/2023|54|1440010000000|10.239|10.245|STRUCTURE_TYPE||14A018||
1653|01/01/2023|54|1440010060000|2.581|2.587|STRUCTURE_TYPE||14A019||
1654|01/01/2023|54|1430029000000|0.572|0.604|STRUCTURE_TYPE||14A020||
1655|01/01/2023|54|1430029000000|8.674|8.716|STRUCTURE_TYPE||14A021||
1656|01/01/2023|54|1430029000000|12.078|12.084|STRUCTURE_TYPE||14A022||
1657|01/01/2023|54|1440012030000|0.464|0.474|STRUCTURE_TYPE||14A023||
1658|01/01/2023|54|1440013000000|6.34|6.352|STRUCTURE_TYPE||14A024||
1659|01/01/2023|54|1440013010000|0.572|0.584|STRUCTURE_TYPE||14A025||
1660|01/01/2023|54|1440014000000|10.169|10.177|STRUCTURE_TYPE||14A026||
1661|01/01/2023|54|1440023040000|2.348|2.354|STRUCTURE_TYPE||14A029||
1662|01/01/2023|54|1440007000000|1.167|1.179|STRUCTURE_TYPE||14A034||
1663|01/01/2023|54|1440007000000|7.385|7.393|STRUCTURE_TYPE||14A035||
1664|01/01/2023|54|1430029000200|0.041|0.047|STRUCTURE_TYPE||14A036||
1665|01/01/2023|54|1430029000000|22.1|22.104|STRUCTURE_TYPE||14A037||
1666|01/01/2023|54|1440045050000|6.636|6.642|STRUCTURE_TYPE||14A039||
1667|01/01/2023|54|1440045060000|2.133|2.139|STRUCTURE_TYPE||14A040||
1668|01/01/2023|54|1440045070000|0.063|0.093|STRUCTURE_TYPE||14A041||
1669|01/01/2023|54|14200500000WB|5.018|5.022|STRUCTURE_TYPE||14A046||
1670|01/01/2023|54|14200500000EB|15.125|15.135|STRUCTURE_TYPE||14A049||
1671|01/01/2023|54|14200500000WB|19.154|19.162|STRUCTURE_TYPE||14A050||
1672|01/01/2023|54|14200500000WB|22.929|22.957|STRUCTURE_TYPE||14A052||
1673|01/01/2023|54|14200500000EB|31.007|31.043|STRUCTURE_TYPE||14A054||
1674|01/01/2023|54|1440050080000|0.028|0.036|STRUCTURE_TYPE||14A056||
1675|01/01/2023|54|1440050090000|4.777|4.783|STRUCTURE_TYPE||14A059||
1676|01/01/2023|54|1440050090000|7.187|7.193|STRUCTURE_TYPE||14A060||
1677|01/01/2023|54|1440050090000|9.659|9.665|STRUCTURE_TYPE||14A061||
1678|01/01/2023|54|1440050160000|1.866|1.872|STRUCTURE_TYPE||14A062||
1679|01/01/2023|54|1440050170000|2.75|2.756|STRUCTURE_TYPE||14A063||
1680|01/01/2023|54|1440050250000|4.144|4.15|STRUCTURE_TYPE||14A064||
1681|01/01/2023|54|14202200000NB|3.032|3.038|STRUCTURE_TYPE||14A067||
1682|01/01/2023|54|1440220100000|2.871|2.877|STRUCTURE_TYPE||14A070||
1683|01/01/2023|54|1440220100000|3.15|3.158|STRUCTURE_TYPE||14A071||
1684|01/01/2023|54|1440220110000|4.819|4.829|STRUCTURE_TYPE||14A072||
1685|01/01/2023|54|1430259000000|5.772|5.778|STRUCTURE_TYPE||14A074||
1686|01/01/2023|54|1440016000000|6.028|6.068|STRUCTURE_TYPE||14A078||
1687|01/01/2023|54|1440012000000|6.583|6.589|STRUCTURE_TYPE||14A079||
1688|01/01/2023|54|1440012000000|8.393|8.403|STRUCTURE_TYPE||14A080||
1689|01/01/2023|54|1440003020000|3.645|3.653|STRUCTURE_TYPE||14A081||
1690|01/01/2023|54|1440010050000|0.006|0.012|STRUCTURE_TYPE||14A082||
1691|01/01/2023|54|1440013060000|0.097|0.103|STRUCTURE_TYPE||14A084||
1692|01/01/2023|54|1440012000000|5.429|5.435|STRUCTURE_TYPE||14A085||
1693|01/01/2023|54|1440008000000|9.863|9.875|STRUCTURE_TYPE||14A086||
1694|01/01/2023|54|1401061000000|0.153|0.161|STRUCTURE_TYPE||14A087||
1695|01/01/2023|54|1440220060000|0.081|0.093|STRUCTURE_TYPE||14A088||
1696|01/01/2023|54|1440001000000|7.578|7.588|STRUCTURE_TYPE||14A089||
1697|01/01/2023|54|1440008000000|0.893|0.899|STRUCTURE_TYPE||14A090||
1698|01/01/2023|54|1440003030000|2.916|2.936|STRUCTURE_TYPE||14A091||
1699|01/01/2023|54|1430259000000|4.689|4.755|STRUCTURE_TYPE||14A095||
1700|01/01/2023|54|1440050170000|2.064|2.072|STRUCTURE_TYPE||14A096||
1701|01/01/2023|54|1440001000000|7.247|7.251|STRUCTURE_TYPE||14A097||
1702|01/01/2023|54|1430127000000|0.274|0.308|STRUCTURE_TYPE||14A098||
1703|01/01/2023|54|1440050090000|3.469|3.481|STRUCTURE_TYPE||14A099||
1704|01/01/2023|54|14200500000WB|1.581|1.613|STRUCTURE_TYPE||14A101||
1705|01/01/2023|54|14200500000EB|4.463|4.497|STRUCTURE_TYPE||14A102||
1706|01/01/2023|54|1440010020000|2.23|2.234|STRUCTURE_TYPE||14A104||
1707|01/01/2023|54|1440010030000|0.548|0.554|STRUCTURE_TYPE||14A105||
1708|01/01/2023|54|1440007010000|0.093|0.099|STRUCTURE_TYPE||14A106||
1709|01/01/2023|54|1440010030000|1.141|1.147|STRUCTURE_TYPE||14A108||
1710|01/01/2023|54|1440029030000|0.749|0.759|STRUCTURE_TYPE||14A109||
1711|01/01/2023|54|1440050350000|0.015|0.039|STRUCTURE_TYPE||14A110||
1712|01/01/2023|54|1440003000000|10.186|10.194|STRUCTURE_TYPE||14A111||
1713|01/01/2023|54|1440003000000|9.474|9.504|STRUCTURE_TYPE||14A112||
1714|01/01/2023|54|1440029020000|0.174|0.18|STRUCTURE_TYPE||14A113||
1715|01/01/2023|54|1440004030000|0.025|0.029|STRUCTURE_TYPE||14A115||
1716|01/01/2023|54|1430127000000|1.405|1.455|STRUCTURE_TYPE||14A117||
1717|01/01/2023|54|1440029010000|4.762|4.768|STRUCTURE_TYPE||14A118||
1718|01/01/2023|54|1440029010000|4.709|4.715|STRUCTURE_TYPE||14A119||
1719|01/01/2023|54|14200500000EB|7.29|7.468|STRUCTURE_TYPE||14A120||
1720|01/01/2023|54|1440023090000|0.648|0.656|STRUCTURE_TYPE||14A121||
1721|01/01/2023|54|1440029010000|4.534|4.54|STRUCTURE_TYPE||14A122||
1722|01/01/2023|54|1440029010000|4.47|4.476|STRUCTURE_TYPE||14A123||
1723|01/01/2023|54|1440045200000|2.462|2.49|STRUCTURE_TYPE||14A124||
1724|01/01/2023|54|14200500000EB|14.948|14.954|STRUCTURE_TYPE||14A125||
1725|01/01/2023|54|1440045200000|2.377|2.383|STRUCTURE_TYPE||14A126||
1726|01/01/2023|54|1440008000000|2.689|2.695|STRUCTURE_TYPE||14A127||
1727|01/01/2023|54|1440008000000|4.673|4.677|STRUCTURE_TYPE||14A128||
1728|01/01/2023|54|14200500000WB|20.024|20.056|STRUCTURE_TYPE||14A129||
1729|01/01/2023|54|1440050090000|0.263|0.273|STRUCTURE_TYPE||14A130||
1730|01/01/2023|54|14200500000EB|32.289|32.301|STRUCTURE_TYPE||14A131||
1731|01/01/2023|54|1430028000000|18.268|18.272|STRUCTURE_TYPE||14A132||
1732|01/01/2023|54|1430028000000|22.254|22.344|STRUCTURE_TYPE||14A133||
1733|01/01/2023|54|1530002000000|8.135|8.153|STRUCTURE_TYPE||15A002||
1734|01/01/2023|54|1530002000000|11.638|11.672|STRUCTURE_TYPE||15A003||
1735|01/01/2023|54|1540002030000|0.891|0.897|STRUCTURE_TYPE||15A004||
1736|01/01/2023|54|1560801000000|0.239|0.245|STRUCTURE_TYPE||15A005||
1737|01/01/2023|54|1540003000000|1.415|1.423|STRUCTURE_TYPE||15A007||
1738|01/01/2023|54|1540007000000|0.257|0.265|STRUCTURE_TYPE||15A008||
1739|01/01/2023|54|1540007000000|2.1|2.106|STRUCTURE_TYPE||15A009||
1740|01/01/2023|54|1530008000000|5.54|5.544|STRUCTURE_TYPE||15A011||
1741|01/01/2023|54|1540009040000|1.457|1.465|STRUCTURE_TYPE||15A012||
1742|01/01/2023|54|1540011000000|2.315|2.341|STRUCTURE_TYPE||15A013||
1743|01/01/2023|54|1540011010000|0.77|0.778|STRUCTURE_TYPE||15A015||
1744|01/01/2023|54|1540018000000|2.347|2.351|STRUCTURE_TYPE||15A017||
1745|01/01/2023|54|15200300000EB|0.0|0.081|STRUCTURE_TYPE||15A023||
1746|01/01/2023|54|15200300000WB|0.0|0.077|STRUCTURE_TYPE||15A024||
1747|01/01/2023|54|15200300000EB|0.081|0.286|STRUCTURE_TYPE||15A025||
1748|01/01/2023|54|15200300017WB0000C|0.012|0.096|STRUCTURE_TYPE||15A026||
1749|01/01/2023|54|1530002000000|1.137|1.407|STRUCTURE_TYPE||15A031||
1750|01/01/2023|54|1540014000000|2.345|2.349|STRUCTURE_TYPE||15A033||
1751|01/01/2023|54|1530008000000|3.361|3.367|STRUCTURE_TYPE||15A034||
1752|01/01/2023|54|1530008000000|1.259|1.265|STRUCTURE_TYPE||15A040||
1753|01/01/2023|54|1530002000000|1.09|1.137|STRUCTURE_TYPE||15A041||
1754|01/01/2023|54|1540002070000|0.355|0.359|STRUCTURE_TYPE||15A042||
1755|01/01/2023|54|1540015000000|1.98|1.994|STRUCTURE_TYPE||15A043||
1756|01/01/2023|54|1530002000000|3.021|3.083|STRUCTURE_TYPE||15A044||
1757|01/01/2023|54|1540011000000|2.96|2.974|STRUCTURE_TYPE||15A045||
1758|01/01/2023|54|1540012000000|2.334|2.338|STRUCTURE_TYPE||15A046||
1759|01/01/2023|54|1500919000000|0.0|0.294|STRUCTURE_TYPE||15A801||
1760|01/01/2023|54|1500308000000|0.061|0.073|STRUCTURE_TYPE||15A995||
1761|01/01/2023|54|1571502001900|0.29|0.298|STRUCTURE_TYPE||15A998||
1762|01/01/2023|54|1640001000000|5.505|5.515|STRUCTURE_TYPE||16A001||
1763|01/01/2023|54|1640001000000|6.098|6.114|STRUCTURE_TYPE||16A002||
1764|01/01/2023|54|1640001000000|6.587|6.597|STRUCTURE_TYPE||16A003||
1765|01/01/2023|54|1640001000000|7.353|7.365|STRUCTURE_TYPE||16A004||
1766|01/01/2023|54|1640011000000|1.664|1.672|STRUCTURE_TYPE||16A005||
1767|01/01/2023|54|1640001050000|3.105|3.119|STRUCTURE_TYPE||16A008||
1768|01/01/2023|54|1640004010000|0.216|0.222|STRUCTURE_TYPE||16A010||
1769|01/01/2023|54|1640005000000|1.002|1.01|STRUCTURE_TYPE||16A011||
1770|01/01/2023|54|1640005010000|1.879|1.887|STRUCTURE_TYPE||16A012||
1771|01/01/2023|54|1640005010000|3.921|3.927|STRUCTURE_TYPE||16A013||
1772|01/01/2023|54|1640005010000|6.204|6.208|STRUCTURE_TYPE||16A014||
1773|01/01/2023|54|1640006000000|4.174|4.182|STRUCTURE_TYPE||16A016||
1774|01/01/2023|54|1640006000000|4.473|4.479|STRUCTURE_TYPE||16A017||
1775|01/01/2023|54|1640007000000|0.097|0.155|STRUCTURE_TYPE||16A018||
1776|01/01/2023|54|1640007000000|15.407|15.475|STRUCTURE_TYPE||16A019||
1777|01/01/2023|54|1640007000000|17.851|17.859|STRUCTURE_TYPE||16A020||
1778|01/01/2023|54|1640008000000|0.031|0.037|STRUCTURE_TYPE||16A022||
1779|01/01/2023|54|1640008000000|7.897|7.917|STRUCTURE_TYPE||16A023||
1780|01/01/2023|54|1640010000000|7.049|7.057|STRUCTURE_TYPE||16A024||
1781|01/01/2023|54|1640010030000|0.626|0.632|STRUCTURE_TYPE||16A025||
1782|01/01/2023|54|1640011000000|0.769|0.777|STRUCTURE_TYPE||16A026||
1783|01/01/2023|54|1640011000000|7.254|7.26|STRUCTURE_TYPE||16A027||
1784|01/01/2023|54|1640012000000|1.031|1.035|STRUCTURE_TYPE||16A030||
1785|01/01/2023|54|1640012000000|3.231|3.239|STRUCTURE_TYPE||16A031||
1786|01/01/2023|54|1640012020000|2.561|2.567|STRUCTURE_TYPE||16A032||
1787|01/01/2023|54|1640014000000|6.472|6.482|STRUCTURE_TYPE||16A033||
1788|01/01/2023|54|1640014000000|10.018|10.044|STRUCTURE_TYPE||16A035||
1789|01/01/2023|54|1640014010000|5.774|5.78|STRUCTURE_TYPE||16A036||
1790|01/01/2023|54|1640018000000|4.065|4.071|STRUCTURE_TYPE||16A037||
1791|01/01/2023|54|1640018010000|0.005|0.011|STRUCTURE_TYPE||16A038||
1792|01/01/2023|54|1640018020000|0.0|0.003|STRUCTURE_TYPE||16A039||
1793|01/01/2023|54|1640020000000|2.096|2.102|STRUCTURE_TYPE||16A042||
1794|01/01/2023|54|1640020010000|0.006|0.014|STRUCTURE_TYPE||16A043||
1795|01/01/2023|54|1640020010000|0.158|0.174|STRUCTURE_TYPE||16A044||
1796|01/01/2023|54|1640023010000|0.179|0.185|STRUCTURE_TYPE||16A046||
1797|01/01/2023|54|1640023100000|0.939|0.947|STRUCTURE_TYPE||16A048||
1798|01/01/2023|54|1640023100000|7.084|7.096|STRUCTURE_TYPE||16A049||
1799|01/01/2023|54|1640023100000|10.202|10.206|STRUCTURE_TYPE||16A050||
1800|01/01/2023|54|1640023130000|0.282|0.288|STRUCTURE_TYPE||16A052||
1801|01/01/2023|54|1630029000000|3.302|3.306|STRUCTURE_TYPE||16A053||
1802|01/01/2023|54|1630029000000|3.505|3.511|STRUCTURE_TYPE||16A054||
1803|01/01/2023|54|1630029000000|5.398|5.404|STRUCTURE_TYPE||16A055||
1804|01/01/2023|54|1630029000000|5.736|5.746|STRUCTURE_TYPE||16A056||
1805|01/01/2023|54|1640053000000|0.136|0.156|STRUCTURE_TYPE||16A057||
1806|01/01/2023|54|1640055200000|15.072|15.092|STRUCTURE_TYPE||16A060||
1807|01/01/2023|54|1630259000000|20.394|20.418|STRUCTURE_TYPE||16A061||
1808|01/01/2023|54|1640055200000|24.362|24.39|STRUCTURE_TYPE||16A063||
1809|01/01/2023|54|1630055000000|34.998|35.018|STRUCTURE_TYPE||16A064||
1810|01/01/2023|54|1630055000000|37.488|37.494|STRUCTURE_TYPE||16A066||
1811|01/01/2023|54|1640059010000|0.006|0.012|STRUCTURE_TYPE||16A068||
1812|01/01/2023|54|1640059010000|4.032|4.04|STRUCTURE_TYPE||16A069||
1813|01/01/2023|54|16202200000NB|0.208|0.3|STRUCTURE_TYPE||16A070||
1814|01/01/2023|54|16202200000NB|11.699|11.707|STRUCTURE_TYPE||16A075||
1815|01/01/2023|54|16202200000NB|12.681|12.687|STRUCTURE_TYPE||16A076||
1816|01/01/2023|54|16202200000SB|13.002|13.07|STRUCTURE_TYPE||16A077||
1817|01/01/2023|54|16202200000NB|17.851|17.885|STRUCTURE_TYPE||16A079||
1818|01/01/2023|54|1640220020000|2.235|2.243|STRUCTURE_TYPE||16A080||
1819|01/01/2023|54|1640013000000|0.576|0.664|STRUCTURE_TYPE||16A081||
1820|01/01/2023|54|1640220080000|0.181|0.189|STRUCTURE_TYPE||16A083||
1821|01/01/2023|54|1630259000000|4.378|4.384|STRUCTURE_TYPE||16A085||
1822|01/01/2023|54|1630259000000|4.721|4.729|STRUCTURE_TYPE||16A086||
1823|01/01/2023|54|1630259000000|10.411|10.443|STRUCTURE_TYPE||16A088||
1824|01/01/2023|54|1630259000000|13.969|13.999|STRUCTURE_TYPE||16A090||
1825|01/01/2023|54|1630259000000|18.489|18.493|STRUCTURE_TYPE||16A091||
1826|01/01/2023|54|1630259000000|31.695|31.701|STRUCTURE_TYPE||16A093||
1827|01/01/2023|54|1640259030000|3.39|3.394|STRUCTURE_TYPE||16A094||
1828|01/01/2023|54|1640016000000|0.416|0.424|STRUCTURE_TYPE||16A095||
1829|01/01/2023|54|1640016000000|0.707|0.715|STRUCTURE_TYPE||16A096||
1830|01/01/2023|54|1640016000000|10.667|10.677|STRUCTURE_TYPE||16A097||
1831|01/01/2023|54|1640259080000|3.917|3.921|STRUCTURE_TYPE||16A099||
1832|01/01/2023|54|1640020000000|0.265|0.277|STRUCTURE_TYPE||16A100||
1833|01/01/2023|54|1640023120000|1.039|1.047|STRUCTURE_TYPE||16A101||
1834|01/01/2023|54|16202200000NB|3.172|3.176|STRUCTURE_TYPE||16A102||
1835|01/01/2023|54|1660814000000|0.065|0.071|STRUCTURE_TYPE||16A103||
1836|01/01/2023|54|16202200000SB|9.551|9.605|STRUCTURE_TYPE||16A105||
1837|01/01/2023|54|1640020000000|0.047|0.065|STRUCTURE_TYPE||16A106||
1838|01/01/2023|54|1640020020000|0.949|0.957|STRUCTURE_TYPE||16A107||
1839|01/01/2023|54|1640007020000|0.014|0.052|STRUCTURE_TYPE||16A108||
1840|01/01/2023|54|16202200000SB|2.386|2.394|STRUCTURE_TYPE||16A109||
1841|01/01/2023|54|1630259000000|30.895|30.937|STRUCTURE_TYPE||16A111||
1842|01/01/2023|54|1640023060000|1.342|1.348|STRUCTURE_TYPE||16A112||
1843|01/01/2023|54|1640055020000|0.675|0.681|STRUCTURE_TYPE||16A113||
1844|01/01/2023|54|1640023020000|0.461|0.467|STRUCTURE_TYPE||16A114||
1845|01/01/2023|54|16200480000EB|21.569|21.655|STRUCTURE_TYPE||16A116||
1846|01/01/2023|54|16200480000WB|21.593|21.679|STRUCTURE_TYPE||16A117||
1847|01/01/2023|54|1640023070000|0.052|0.082|STRUCTURE_TYPE||16A118||
1848|01/01/2023|54|1640055200000|3.753|3.787|STRUCTURE_TYPE||16A119||
1849|01/01/2023|54|1640023020000|0.852|0.856|STRUCTURE_TYPE||16A121||
1850|01/01/2023|54|1640001010000|1.908|1.912|STRUCTURE_TYPE||16A122||
1851|01/01/2023|54|1640055200000|5.548|5.58|STRUCTURE_TYPE||16A123||
1852|01/01/2023|54|16200480000EB|13.744|14.034|STRUCTURE_TYPE||16A124||
1853|01/01/2023|54|1640006000000|0.442|0.45|STRUCTURE_TYPE||16A125||
1854|01/01/2023|54|16200480000EB|24.089|24.111|STRUCTURE_TYPE||16A126||
1855|01/01/2023|54|16200480000WB|24.112|24.134|STRUCTURE_TYPE||16A127||
1856|01/01/2023|54|16200480000EB|24.243|24.369|STRUCTURE_TYPE||16A128||
1857|01/01/2023|54|16200480000WB|24.28|24.406|STRUCTURE_TYPE||16A129||
1858|01/01/2023|54|16200480000EB|25.562|25.864|STRUCTURE_TYPE||16A130||
1859|01/01/2023|54|16200480000WB|25.525|25.823|STRUCTURE_TYPE||16A131||
1860|01/01/2023|54|16200480000EB|28.832|28.932|STRUCTURE_TYPE||16A132||
1861|01/01/2023|54|16200480000WB|28.848|28.942|STRUCTURE_TYPE||16A133||
1862|01/01/2023|54|16300550000WB|11.987|12.011|STRUCTURE_TYPE||16A134||
1863|01/01/2023|54|16200480000EB|10.017|10.037|STRUCTURE_TYPE||16A135||
1864|01/01/2023|54|1630055000000|11.427|11.545|STRUCTURE_TYPE||16A136||
1865|01/01/2023|54|16200480000EB|29.273|29.453|STRUCTURE_TYPE||16A138||
1866|01/01/2023|54|16200480000WB|29.282|29.488|STRUCTURE_TYPE||16A139||
1867|01/01/2023|54|1640014010000|5.076|5.082|STRUCTURE_TYPE||16A140||
1868|01/01/2023|54|1640011030000|0.425|0.431|STRUCTURE_TYPE||16A141||
1869|01/01/2023|54|1640001010000|5.702|5.708|STRUCTURE_TYPE||16A142||
1870|01/01/2023|54|16200480000EB|8.644|8.672|STRUCTURE_TYPE||16A143||
1871|01/01/2023|54|16200480000WB|8.981|9.085|STRUCTURE_TYPE||16A144||
1872|01/01/2023|54|1640001030000|0.263|0.269|STRUCTURE_TYPE||16A145||
1873|01/01/2023|54|1601826000000|0.055|0.071|STRUCTURE_TYPE||16A146||
1874|01/01/2023|54|1640001030000|0.387|0.393|STRUCTURE_TYPE||16A147||
1875|01/01/2023|54|16200480000EB|4.261|4.295|STRUCTURE_TYPE||16A148||
1876|01/01/2023|54|16200480000WB|4.29|4.324|STRUCTURE_TYPE||16A149||
1877|01/01/2023|54|16200480000EB|8.103|8.509|STRUCTURE_TYPE||16A150||
1878|01/01/2023|54|16200480000WB|3.663|3.669|STRUCTURE_TYPE||16A151||
1879|01/01/2023|54|1640014000000|7.36|7.37|STRUCTURE_TYPE||16A152||
1880|01/01/2023|54|1640001030000|1.295|1.301|STRUCTURE_TYPE||16A153||
1881|01/01/2023|54|1640011030000|1.199|1.205|STRUCTURE_TYPE||16A154||
1882|01/01/2023|54|1640014010000|4.541|4.547|STRUCTURE_TYPE||16A155||
1883|01/01/2023|54|1640001040000|2.092|2.098|STRUCTURE_TYPE||16A156||
1884|01/01/2023|54|16202200000SB|14.975|14.999|STRUCTURE_TYPE||16A157||
1885|01/01/2023|54|1630259000000|10.736|10.748|STRUCTURE_TYPE||16A158||
1886|01/01/2023|54|1640012000000|0.742|0.748|STRUCTURE_TYPE||16A159||
1887|01/01/2023|54|16202200000NB|2.424|2.432|STRUCTURE_TYPE||16A160||
1888|01/01/2023|54|1640002000000|8.416|8.434|STRUCTURE_TYPE||16A161||
1889|01/01/2023|54|1630055000000|36.616|36.646|STRUCTURE_TYPE||16A162||
1890|01/01/2023|54|1740001000000|3.892|3.896|STRUCTURE_TYPE||17A002||
1891|01/01/2023|54|1740001040000|0.178|0.188|STRUCTURE_TYPE||17A003||
1892|01/01/2023|54|1740003000000|7.308|7.314|STRUCTURE_TYPE||17A005||
1893|01/01/2023|54|1740003000000|7.981|7.987|STRUCTURE_TYPE||17A006||
1894|01/01/2023|54|1740003010000|0.921|0.931|STRUCTURE_TYPE||17A007||
1895|01/01/2023|54|1740004000000|0.142|0.162|STRUCTURE_TYPE||17A008||
1896|01/01/2023|54|1740005000000|0.35|0.358|STRUCTURE_TYPE||17A014||
1897|01/01/2023|54|1740005000000|0.452|0.46|STRUCTURE_TYPE||17A015||
1898|01/01/2023|54|1740005000000|3.445|3.449|STRUCTURE_TYPE||17A017||
1899|01/01/2023|54|1740005000000|5.649|5.659|STRUCTURE_TYPE||17A018||
1900|01/01/2023|54|1740005000000|6.726|6.732|STRUCTURE_TYPE||17A019||
1901|01/01/2023|54|1740005000000|10.399|10.403|STRUCTURE_TYPE||17A020||
1902|01/01/2023|54|1740005020000|0.403|0.409|STRUCTURE_TYPE||17A021||
1903|01/01/2023|54|1740005020000|0.708|0.712|STRUCTURE_TYPE||17A022||
1904|01/01/2023|54|1740005040000|2.651|2.657|STRUCTURE_TYPE||17A023||
1905|01/01/2023|54|1740005060000|2.784|2.788|STRUCTURE_TYPE||17A024||
1906|01/01/2023|54|1740005070000|0.278|0.298|STRUCTURE_TYPE||17A025||
1907|01/01/2023|54|1740014000000|3.219|3.227|STRUCTURE_TYPE||17A026||
1908|01/01/2023|54|1740005080000|1.874|1.878|STRUCTURE_TYPE||17A027||
1909|01/01/2023|54|1740005090000|2.17|2.18|STRUCTURE_TYPE||17A031||
1910|01/01/2023|54|1740005290000|0.006|0.018|STRUCTURE_TYPE||17A032||
1911|01/01/2023|54|1740006000000|1.643|1.649|STRUCTURE_TYPE||17A033||
1912|01/01/2023|54|1740006000000|2.199|2.207|STRUCTURE_TYPE||17A034||
1913|01/01/2023|54|1740006000000|4.459|4.463|STRUCTURE_TYPE||17A035||
1914|01/01/2023|54|1740006040000|1.209|1.217|STRUCTURE_TYPE||17A036||
1915|01/01/2023|54|1740007000000|4.043|4.077|STRUCTURE_TYPE||17A042||
1916|01/01/2023|54|1740007000000|3.861|3.865|STRUCTURE_TYPE||17A043||
1917|01/01/2023|54|1740007020000|0.011|0.025|STRUCTURE_TYPE||17A044||
1918|01/01/2023|54|1740007020000|0.062|0.068|STRUCTURE_TYPE||17A045||
1919|01/01/2023|54|1740007110000|0.02|0.026|STRUCTURE_TYPE||17A046||
1920|01/01/2023|54|1740008000000|4.376|4.382|STRUCTURE_TYPE||17A047||
1921|01/01/2023|54|1740008000000|4.878|4.882|STRUCTURE_TYPE||17A048||
1922|01/01/2023|54|1740008000000|7.24|7.258|STRUCTURE_TYPE||17A049||
1923|01/01/2023|54|1740008000000|7.536|7.552|STRUCTURE_TYPE||17A050||
1924|01/01/2023|54|1740009000000|0.351|0.359|STRUCTURE_TYPE||17A053||
1925|01/01/2023|54|1740012000000|4.759|4.763|STRUCTURE_TYPE||17A058||
1926|01/01/2023|54|1740012010000|0.021|0.033|STRUCTURE_TYPE||17A059||
1927|01/01/2023|54|1740014000000|3.305|3.315|STRUCTURE_TYPE||17A062||
1928|01/01/2023|54|1740034020000|0.026|0.068|STRUCTURE_TYPE||17A063||
1929|01/01/2023|54|1740018000000|3.67|3.69|STRUCTURE_TYPE||17A065||
1930|01/01/2023|54|17200190000NB|0.21|0.226|STRUCTURE_TYPE||17A067||
1931|01/01/2023|54|17200190000SB|4.479|4.509|STRUCTURE_TYPE||17A069||
1932|01/01/2023|54|17200190000NB|1.379|1.395|STRUCTURE_TYPE||17A071||
1933|01/01/2023|54|17200190000NB|4.942|4.946|STRUCTURE_TYPE||17A072||
1934|01/01/2023|54|17200190000NB|9.642|9.648|STRUCTURE_TYPE||17A073||
1935|01/01/2023|54|17200190000NB|15.548|15.582|STRUCTURE_TYPE||17A074||
1936|01/01/2023|54|17200190000SB|15.607|15.627|STRUCTURE_TYPE||17A075||
1937|01/01/2023|54|17200190000NB|16.263|16.317|STRUCTURE_TYPE||17A076||
1938|01/01/2023|54|17200190000NB|17.064|17.08|STRUCTURE_TYPE||17A079||
1939|01/01/2023|54|17200190000NB|25.734|25.74|STRUCTURE_TYPE||17A084||
1940|01/01/2023|54|1740019020000|0.089|0.207|STRUCTURE_TYPE||17A087||
1941|01/01/2023|54|1740019040000|2.162|2.172|STRUCTURE_TYPE||17A088||
1942|01/01/2023|54|1740019070000|1.766|1.774|STRUCTURE_TYPE||17A091||
1943|01/01/2023|54|1740019330000|0.022|0.072|STRUCTURE_TYPE||17A093||
1944|01/01/2023|54|1740019110000|1.382|1.388|STRUCTURE_TYPE||17A095||
1945|01/01/2023|54|1730020000000|2.048|2.054|STRUCTURE_TYPE||17A098||
1946|01/01/2023|54|1730020000000|4.521|4.543|STRUCTURE_TYPE||17A099||
1947|01/01/2023|54|1730020000000|8.759|8.803|STRUCTURE_TYPE||17A100||
1948|01/01/2023|54|1730020000000|12.998|13.052|STRUCTURE_TYPE||17A102||
1949|01/01/2023|54|1730020000000|13.081|13.121|STRUCTURE_TYPE||17A103||
1950|01/01/2023|54|17300200005SB|1.143|1.191|STRUCTURE_TYPE||17A104||
1951|01/01/2023|54|1730020000000|25.368|25.488|STRUCTURE_TYPE||17A106||
1952|01/01/2023|54|1730020000000|26.225|26.231|STRUCTURE_TYPE||17A107||
1954|01/01/2023|54|17300200005SB|0.767|0.785|STRUCTURE_TYPE||17A112||
1955|01/01/2023|54|1740020010000|0.006|0.016|STRUCTURE_TYPE||17A113||
1956|01/01/2023|54|1740020020000|2.549|2.555|STRUCTURE_TYPE||17A114||
1957|01/01/2023|54|1740022000000|0.007|0.027|STRUCTURE_TYPE||17A120||
1958|01/01/2023|54|1740020270000|0.025|0.047|STRUCTURE_TYPE||17A124||
1959|01/01/2023|54|1740020360000|0.008|0.018|STRUCTURE_TYPE||17A125||
1960|01/01/2023|54|1740020370000|0.014|0.024|STRUCTURE_TYPE||17A126||
1961|01/01/2023|54|1740022000000|1.322|1.342|STRUCTURE_TYPE||17A128||
1962|01/01/2023|54|1740020620000|0.002|0.012|STRUCTURE_TYPE||17A129||
1963|01/01/2023|54|1740022010000|4.123|4.137|STRUCTURE_TYPE||17A130||
1964|01/01/2023|54|1740023030000|2.318|2.328|STRUCTURE_TYPE||17A131||
1965|01/01/2023|54|1740023070000|0.066|0.076|STRUCTURE_TYPE||17A133||
1966|01/01/2023|54|1740024300000|0.07|0.098|STRUCTURE_TYPE||17A136||
1967|01/01/2023|54|1740024000000|0.067|0.081|STRUCTURE_TYPE||17A139||
1968|01/01/2023|54|1740024010000|3.049|3.053|STRUCTURE_TYPE||17A141||
1969|01/01/2023|54|1740024340000|0.026|0.04|STRUCTURE_TYPE||17A145||
1970|01/01/2023|54|1740025000000|3.102|3.118|STRUCTURE_TYPE||17A146||
1971|01/01/2023|54|1740025000000|9.497|9.503|STRUCTURE_TYPE||17A147||
1972|01/01/2023|54|1740024000000|7.209|7.265|STRUCTURE_TYPE||17A148||
1973|01/01/2023|54|1740025000000|9.539|9.545|STRUCTURE_TYPE||17A149||
1974|01/01/2023|54|1740025030000|2.388|2.392|STRUCTURE_TYPE||17A150||
1975|01/01/2023|54|1740025110000|0.062|0.068|STRUCTURE_TYPE||17A152||
1976|01/01/2023|54|1730270000000|0.76|0.814|STRUCTURE_TYPE||17A153||
1977|01/01/2023|54|1730270000000|1.329|1.361|STRUCTURE_TYPE||17A154||
1978|01/01/2023|54|1740027010000|0.121|0.127|STRUCTURE_TYPE||17A155||
1979|01/01/2023|54|1740027020000|2.14|2.148|STRUCTURE_TYPE||17A157||
1980|01/01/2023|54|1740029000000|0.83|0.836|STRUCTURE_TYPE||17A159||
1981|01/01/2023|54|1740029000000|2.11|2.12|STRUCTURE_TYPE||17A160||
1982|01/01/2023|54|1740031000000|3.017|3.023|STRUCTURE_TYPE||17A163||
1983|01/01/2023|54|1740031000000|5.911|5.929|STRUCTURE_TYPE||17A164||
1984|01/01/2023|54|1740031000000|6.989|7.013|STRUCTURE_TYPE||17A165||
1985|01/01/2023|54|1740034000000|2.684|2.69|STRUCTURE_TYPE||17A167||
1986|01/01/2023|54|1740035000000|1.668|1.672|STRUCTURE_TYPE||17A168||
1987|01/01/2023|54|1740035050000|1.672|1.676|STRUCTURE_TYPE||17A171||
1988|01/01/2023|54|1740036000000|1.42|1.466|STRUCTURE_TYPE||17A172||
1989|01/01/2023|54|1740036000000|4.039|4.047|STRUCTURE_TYPE||17A173||
1990|01/01/2023|54|1740042000000|0.049|0.099|STRUCTURE_TYPE||17A174||
1991|01/01/2023|54|1740042000000|1.012|1.02|STRUCTURE_TYPE||17A175||
1992|01/01/2023|54|1740046000000|5.077|5.091|STRUCTURE_TYPE||17A176||
1993|01/01/2023|54|1740020840000|0.014|0.042|STRUCTURE_TYPE||17A178||
1994|01/01/2023|54|1740048000000|5.738|5.744|STRUCTURE_TYPE||17A179||
1995|01/01/2023|54|1740048000000|7.838|7.844|STRUCTURE_TYPE||17A180||
1996|01/01/2023|54|1740048020000|2.027|2.033|STRUCTURE_TYPE||17A182||
1997|01/01/2023|54|17200500000EB|4.422|4.52|STRUCTURE_TYPE||17A185||
1998|01/01/2023|54|17200500000WB|4.392|4.51|STRUCTURE_TYPE||17A186||
1999|01/01/2023|54|17200500000EB|6.051|6.071|STRUCTURE_TYPE||17A187||
2000|01/01/2023|54|1740035000000|9.526|9.566|STRUCTURE_TYPE||17A188||
2001|01/01/2023|54|17200500000WB|6.05|6.07|STRUCTURE_TYPE||17A189||
2002|01/01/2023|54|17200500000EB|13.377|13.415|STRUCTURE_TYPE||17A190||
2003|01/01/2023|54|17200500000EB|13.565|13.597|STRUCTURE_TYPE||17A192||
2004|01/01/2023|54|17200500000WB|14.261|14.335|STRUCTURE_TYPE||17A195||
2005|01/01/2023|54|17200500000EB|14.636|14.688|STRUCTURE_TYPE||17A198||
2006|01/01/2023|54|17200500000EB|15.297|15.453|STRUCTURE_TYPE||17A199||
2007|01/01/2023|54|17200500000WB|15.581|15.707|STRUCTURE_TYPE||17A204||
2008|01/01/2023|54|17200500000EB|16.303|16.333|STRUCTURE_TYPE||17A205||
2009|01/01/2023|54|17200500000WB|16.286|16.316|STRUCTURE_TYPE||17A207||
2010|01/01/2023|54|17200500000EB|18.087|18.161|STRUCTURE_TYPE||17A208||
2011|01/01/2023|54|17200500000EB|19.618|19.624|STRUCTURE_TYPE||17A210||
2012|01/01/2023|54|1740050060000|3.934|3.94|STRUCTURE_TYPE||17A212||
2013|01/01/2023|54|1740050070000|0.012|0.028|STRUCTURE_TYPE||17A213||
2014|01/01/2023|54|1740050070000|2.023|2.029|STRUCTURE_TYPE||17A214||
2015|01/01/2023|54|1740050080000|3.178|3.184|STRUCTURE_TYPE||17A215||
2016|01/01/2023|54|1740052000000|1.63|1.636|STRUCTURE_TYPE||17A217||
2017|01/01/2023|54|1740052000000|2.902|2.908|STRUCTURE_TYPE||17A218||
2018|01/01/2023|54|1740050620000|0.361|0.367|STRUCTURE_TYPE||17A221||
2019|01/01/2023|54|1740052020000|0.446|0.45|STRUCTURE_TYPE||17A222||
2020|01/01/2023|54|1740057010000|3.202|3.212|STRUCTURE_TYPE||17A223||
2021|01/01/2023|54|1730058000000|0.018|0.05|STRUCTURE_TYPE||17A225||
2023|01/01/2023|54|1730058000000|5.525|5.531|STRUCTURE_TYPE||17A228||
2024|01/01/2023|54|1730131000000|3.962|4.028|STRUCTURE_TYPE||17A231||
2025|01/01/2023|54|1740073730000|0.894|0.956|STRUCTURE_TYPE||17A232||
2026|01/01/2023|54|1740050610000|0.025|0.149|STRUCTURE_TYPE||17A234||
2027|01/01/2023|54|1740073730000|2.424|2.43|STRUCTURE_TYPE||17A235||
2028|01/01/2023|54|1730076000000|0.427|0.433|STRUCTURE_TYPE||17A236||
2029|01/01/2023|54|17100790000NB|107.543|107.565|STRUCTURE_TYPE||17A237||
2030|01/01/2023|54|17100790000SB|107.551|107.577|STRUCTURE_TYPE||17A238||
2031|01/01/2023|54|17100790000NB|109.498|109.54|STRUCTURE_TYPE||17A239||
2032|01/01/2023|54|17100790000SB|109.497|109.539|STRUCTURE_TYPE||17A240||
2033|01/01/2023|54|17100790000NB|109.711|109.733|STRUCTURE_TYPE||17A241||
2034|01/01/2023|54|17100790000SB|109.714|109.736|STRUCTURE_TYPE||17A242||
2035|01/01/2023|54|17100790000NB|110.63|110.66|STRUCTURE_TYPE||17A243||
2036|01/01/2023|54|17100790000SB|110.632|110.656|STRUCTURE_TYPE||17A244||
2037|01/01/2023|54|17200500000EB|20.012|20.028|STRUCTURE_TYPE||17A245||
2038|01/01/2023|54|17100790000NB|111.887|111.937|STRUCTURE_TYPE||17A246||
2039|01/01/2023|54|17100790000SB|111.9|111.95|STRUCTURE_TYPE||17A247||
2040|01/01/2023|54|17100790000NB|114.15|114.156|STRUCTURE_TYPE||17A248||
2041|01/01/2023|54|17100790000NB|114.897|114.953|STRUCTURE_TYPE||17A249||
2042|01/01/2023|54|17100790000SB|114.909|114.965|STRUCTURE_TYPE||17A250||
2043|01/01/2023|54|17100790000NB|115.311|115.347|STRUCTURE_TYPE||17A251||
2044|01/01/2023|54|17100790000SB|115.319|115.355|STRUCTURE_TYPE||17A252||
2045|01/01/2023|54|17100790000NB|115.866|115.916|STRUCTURE_TYPE||17A253||
2046|01/01/2023|54|17100790000SB|115.876|115.926|STRUCTURE_TYPE||17A254||
2047|01/01/2023|54|17100790000NB|117.28|117.332|STRUCTURE_TYPE||17A255||
2048|01/01/2023|54|17100790000SB|117.285|117.337|STRUCTURE_TYPE||17A256||
2049|01/01/2023|54|17100790000NB|117.722|117.756|STRUCTURE_TYPE||17A257||
2050|01/01/2023|54|17100790000SB|117.731|117.765|STRUCTURE_TYPE||17A258||
2051|01/01/2023|54|17100790000NB|128.918|128.942|STRUCTURE_TYPE||17A265||
2052|01/01/2023|54|17100790000SB|128.916|128.94|STRUCTURE_TYPE||17A267||
2053|01/01/2023|54|1740025000000|3.221|3.227|STRUCTURE_TYPE||17A269||
2054|01/01/2023|54|1740050530000|0.014|0.02|STRUCTURE_TYPE||17A273||
2055|01/01/2023|54|1740077040000|2.823|2.827|STRUCTURE_TYPE||17A277||
2056|01/01/2023|54|1740050400000|0.174|0.178|STRUCTURE_TYPE||17A280||
2057|01/01/2023|54|1740019570000|0.042|0.046|STRUCTURE_TYPE||17A283||
2058|01/01/2023|54|17100790000NB|122.117|122.121|STRUCTURE_TYPE||17A284||
2059|01/01/2023|54|1740020180000|0.198|0.206|STRUCTURE_TYPE||17A286||
2060|01/01/2023|54|1730279000000|2.824|2.9|STRUCTURE_TYPE||17A291||
2061|01/01/2023|54|1740020190000|2.894|2.904|STRUCTURE_TYPE||17A292||
2062|01/01/2023|54|17200190000SB|18.322|18.326|STRUCTURE_TYPE||17A293||
2063|01/01/2023|54|1740020080000|0.197|0.225|STRUCTURE_TYPE||17A294||
2064|01/01/2023|54|1740029000000|2.504|2.51|STRUCTURE_TYPE||17A295||
2065|01/01/2023|54|1740034000000|0.012|0.06|STRUCTURE_TYPE||17A296||
2066|01/01/2023|54|1740003000000|4.998|5.012|STRUCTURE_TYPE||17A297||
2067|01/01/2023|54|1740019180000|3.682|3.708|STRUCTURE_TYPE||17A298||
2068|01/01/2023|54|1740019100000|1.953|1.959|STRUCTURE_TYPE||17A299||
2069|01/01/2023|54|1740031030000|2.84|2.844|STRUCTURE_TYPE||17A300||
2070|01/01/2023|54|1740005090000|1.874|1.884|STRUCTURE_TYPE||17A301||
2071|01/01/2023|54|1740073730000|1.807|1.815|STRUCTURE_TYPE||17A302||
2072|01/01/2023|54|1740048000000|8.573|8.583|STRUCTURE_TYPE||17A304||
2073|01/01/2023|54|1740004110000|0.105|0.111|STRUCTURE_TYPE||17A305||
2074|01/01/2023|54|1740270010000|0.048|0.06|STRUCTURE_TYPE||17A306||
2075|01/01/2023|54|1740013060000|0.031|0.035|STRUCTURE_TYPE||17A307||
2076|01/01/2023|54|1740050020000|0.04|0.05|STRUCTURE_TYPE||17A308||
2077|01/01/2023|54|1740003180000|0.015|0.027|STRUCTURE_TYPE||17A309||
2078|01/01/2023|54|1701516000000|0.041|0.045|STRUCTURE_TYPE||17A310||
2079|01/01/2023|54|1740050870000|2.028|2.034|STRUCTURE_TYPE||17A311||
2080|01/01/2023|54|1740005090000|1.561|1.571|STRUCTURE_TYPE||17A312||
2081|01/01/2023|54|1740020190000|3.085|3.109|STRUCTURE_TYPE||17A313||
2082|01/01/2023|54|1730279000000|1.606|1.63|STRUCTURE_TYPE||17A314||
2083|01/01/2023|54|1740032000000|0.005|0.011|STRUCTURE_TYPE||17A315||
2084|01/01/2023|54|17100790000NB|121.295|121.337|STRUCTURE_TYPE||17A316||
2085|01/01/2023|54|17100790000SB|121.307|121.349|STRUCTURE_TYPE||17A317||
2086|01/01/2023|54|17100790000SB|119.951|120.009|STRUCTURE_TYPE||17A318||
2087|01/01/2023|54|17100790000SB|120.665|120.709|STRUCTURE_TYPE||17A319||
2088|01/01/2023|54|1740028000000|4.502|4.514|STRUCTURE_TYPE||17A320||
2089|01/01/2023|54|1740024010000|5.763|5.791|STRUCTURE_TYPE||17A321||
2090|01/01/2023|54|1740050760000|0.453|0.541|STRUCTURE_TYPE||17A322||
2091|01/01/2023|54|1740050760000|1.135|1.153|STRUCTURE_TYPE||17A323||
2092|01/01/2023|54|1740020260000|0.044|0.07|STRUCTURE_TYPE||17A324||
2093|01/01/2023|54|1740005090000|1.187|1.197|STRUCTURE_TYPE||17A326||
2094|01/01/2023|54|1740018030000|0.049|0.053|STRUCTURE_TYPE||17A328||
2095|01/01/2023|54|1740046010000|0.014|0.022|STRUCTURE_TYPE||17A329||
2096|01/01/2023|54|1730020000000|36.075|36.115|STRUCTURE_TYPE||17A330||
2097|01/01/2023|54|1730020000000|36.258|36.292|STRUCTURE_TYPE||17A331||
2098|01/01/2023|54|1730098000000|3.411|3.457|STRUCTURE_TYPE||17A332||
2099|01/01/2023|54|1740003080000|1.501|1.513|STRUCTURE_TYPE||17A335||
2100|01/01/2023|54|1780997000000|0.139|0.143|STRUCTURE_TYPE||17A336||
2101|01/01/2023|54|17200190000SB|23.247|23.377|STRUCTURE_TYPE||17A337||
2102|01/01/2023|54|1740012000000|0.887|0.895|STRUCTURE_TYPE||17A338||
2103|01/01/2023|54|1730020000000|30.313|30.331|STRUCTURE_TYPE||17A339||
2104|01/01/2023|54|1740004000000|5.152|5.158|STRUCTURE_TYPE||17A340||
2105|01/01/2023|54|1740009000000|6.711|6.731|STRUCTURE_TYPE||17A341||
2106|01/01/2023|54|1740005000000|2.475|2.495|STRUCTURE_TYPE||17A342||
2107|01/01/2023|54|1740025040000|0.193|0.203|STRUCTURE_TYPE||17A343||
2108|01/01/2023|54|1740031000000|7.835|7.839|STRUCTURE_TYPE||17A344||
2109|01/01/2023|54|1740019070000|2.429|2.439|STRUCTURE_TYPE||17A345||
2110|01/01/2023|54|1740050600000|0.034|0.06|STRUCTURE_TYPE||17A346||
2111|01/01/2023|54|1740019010000|0.008|0.02|STRUCTURE_TYPE||17A347||
2112|01/01/2023|54|1730098000000|3.995|4.003|STRUCTURE_TYPE||17A348||
2113|01/01/2023|54|1730058000000|2.381|2.399|STRUCTURE_TYPE||17A349||
2114|01/01/2023|54|1740009000000|5.077|5.097|STRUCTURE_TYPE||17A350||
2115|01/01/2023|54|17200190024NB|26.244|26.352|STRUCTURE_TYPE||17A351||
2116|01/01/2023|54|1740017000000|1.247|1.257|STRUCTURE_TYPE||17A352||
2117|01/01/2023|54|1740023090000|7.997|8.005|STRUCTURE_TYPE||17A353||
2118|01/01/2023|54|1740023090000|8.127|8.135|STRUCTURE_TYPE||17A354||
2119|01/01/2023|54|1740023090000|8.257|8.265|STRUCTURE_TYPE||17A355||
2120|01/01/2023|54|1740023090000|8.385|8.393|STRUCTURE_TYPE||17A356||
2121|01/01/2023|54|1740035000000|5.067|5.073|STRUCTURE_TYPE||17A357||
2122|01/01/2023|54|1740044030000|2.343|2.351|STRUCTURE_TYPE||17A358||
2123|01/01/2023|54|17200500000EB|3.396|3.43|STRUCTURE_TYPE||17A359||
2124|01/01/2023|54|17200500000WB|3.392|3.426|STRUCTURE_TYPE||17A360||
2125|01/01/2023|54|1740025990000|0.348|0.386|STRUCTURE_TYPE||17A361||
2126|01/01/2023|54|1730020000000|13.968|13.988|STRUCTURE_TYPE||17A362||
2127|01/01/2023|54|1701417000000|0.093|0.099|STRUCTURE_TYPE||17A900||
2128|01/01/2023|54|1701053000000|0.008|0.014|STRUCTURE_TYPE||17A901||
2129|01/01/2023|54|1771767001900|0.076|0.178|STRUCTURE_TYPE||17A904||
2130|01/01/2023|54|1771785001900|0.024|0.066|STRUCTURE_TYPE||17A905||
2131|01/01/2023|54|1700794000000|0.191|0.199|STRUCTURE_TYPE||17A906||
2132|01/01/2023|54|1771771001900|0.078|0.1|STRUCTURE_TYPE||17A908||
2133|01/01/2023|54|1771774001900|0.122|0.23|STRUCTURE_TYPE||17A912||
2134|01/01/2023|54|1771766001900|0.243|0.337|STRUCTURE_TYPE||17A913||
2135|01/01/2023|54|1702138000000|0.021|0.027|STRUCTURE_TYPE||17A914||
2136|01/01/2023|54|1700009000000|0.211|0.221|STRUCTURE_TYPE||17A915||
2137|01/01/2023|54|1701225000000|0.043|0.049|STRUCTURE_TYPE||17A916||
2138|01/01/2023|54|1700359000000|0.181|0.195|STRUCTURE_TYPE||17A919||
2139|01/01/2023|54|1701335000000|0.029|0.037|STRUCTURE_TYPE||17A921||
2140|01/01/2023|54|1700241000000|0.024|0.044|STRUCTURE_TYPE||17A922||
2141|01/01/2023|54|1771784001900|0.153|0.205|STRUCTURE_TYPE||17A923||
2142|01/01/2023|54|1771790001900|0.056|0.062|STRUCTURE_TYPE||17A924||
2143|01/01/2023|54|1703081000000|0.801|0.813|STRUCTURE_TYPE||17A925||
2144|01/01/2023|54|1771762001900|0.246|0.262|STRUCTURE_TYPE||17A926||
2145|01/01/2023|54|1840001020000|4.552|4.56|STRUCTURE_TYPE||18A002||
2146|01/01/2023|54|1840001050000|0.008|0.016|STRUCTURE_TYPE||18A003||
2147|01/01/2023|54|1830002000000|2.719|2.769|STRUCTURE_TYPE||18A004||
2148|01/01/2023|54|1830068000000|0.427|0.493|STRUCTURE_TYPE||18A006||
2149|01/01/2023|54|1830068000000|3.947|4.001|STRUCTURE_TYPE||18A007||
2150|01/01/2023|54|1840002020000|2.095|2.105|STRUCTURE_TYPE||18A008||
2151|01/01/2023|54|1840003000000|1.89|1.926|STRUCTURE_TYPE||18A009||
2152|01/01/2023|54|1840003000000|2.867|2.871|STRUCTURE_TYPE||18A010||
2153|01/01/2023|54|1840003000000|7.051|7.059|STRUCTURE_TYPE||18A011||
2154|01/01/2023|54|1840003020000|0.675|0.679|STRUCTURE_TYPE||18A012||
2155|01/01/2023|54|1840003060000|2.474|2.478|STRUCTURE_TYPE||18A013||
2156|01/01/2023|54|1840005000000|1.525|1.559|STRUCTURE_TYPE||18A014||
2157|01/01/2023|54|1840005030000|0.016|0.022|STRUCTURE_TYPE||18A015||
2158|01/01/2023|54|1840005100000|0.457|0.465|STRUCTURE_TYPE||18A016||
2159|01/01/2023|54|1840006020000|0.1|0.106|STRUCTURE_TYPE||18A019||
2160|01/01/2023|54|1840006050000|1.116|1.124|STRUCTURE_TYPE||18A020||
2161|01/01/2023|54|1840006070000|2.273|2.279|STRUCTURE_TYPE||18A021||
2162|01/01/2023|54|1840007000000|2.612|2.616|STRUCTURE_TYPE||18A023||
2163|01/01/2023|54|1840007010000|0.811|0.823|STRUCTURE_TYPE||18A024||
2164|01/01/2023|54|1840008000000|0.621|0.635|STRUCTURE_TYPE||18A025||
2165|01/01/2023|54|1840008000000|0.856|0.87|STRUCTURE_TYPE||18A026||
2166|01/01/2023|54|1840008000000|2.104|2.112|STRUCTURE_TYPE||18A027||
2167|01/01/2023|54|1840008000000|3.263|3.275|STRUCTURE_TYPE||18A028||
2168|01/01/2023|54|1840009000000|1.074|1.082|STRUCTURE_TYPE||18A029||
2169|01/01/2023|54|1840009000000|1.598|1.604|STRUCTURE_TYPE||18A030||
2170|01/01/2023|54|1840010010000|0.63|0.636|STRUCTURE_TYPE||18A032||
2171|01/01/2023|54|1840010030000|1.21|1.218|STRUCTURE_TYPE||18A033||
2172|01/01/2023|54|1840012000000|7.309|7.315|STRUCTURE_TYPE||18A037||
2173|01/01/2023|54|1840013000000|7.961|7.967|STRUCTURE_TYPE||18A041||
2174|01/01/2023|54|1840013040000|2.144|2.156|STRUCTURE_TYPE||18A043||
2175|01/01/2023|54|1840015000000|7.012|7.022|STRUCTURE_TYPE||18A049||
2176|01/01/2023|54|1840015000000|7.137|7.141|STRUCTURE_TYPE||18A050||
2177|01/01/2023|54|1840015000000|9.523|9.573|STRUCTURE_TYPE||18A053||
2178|01/01/2023|54|1840017000000|2.197|2.203|STRUCTURE_TYPE||18A056||
2179|01/01/2023|54|1840018000000|4.561|4.571|STRUCTURE_TYPE||18A057||
2180|01/01/2023|54|1840019000000|3.638|3.646|STRUCTURE_TYPE||18A058||
2181|01/01/2023|54|18100770017NB0119B|0.126|0.178|STRUCTURE_TYPE||18A060||
2182|01/01/2023|54|1840021000000|3.397|3.421|STRUCTURE_TYPE||18A061||
2183|01/01/2023|54|18100770017SB0119D|0.017|0.043|STRUCTURE_TYPE||18A062||
2184|01/01/2023|54|1840021000000|10.445|10.451|STRUCTURE_TYPE||18A066||
2185|01/01/2023|54|1840021000000|10.919|10.927|STRUCTURE_TYPE||18A067||
2186|01/01/2023|54|1840021000000|11.047|11.053|STRUCTURE_TYPE||18A068||
2187|01/01/2023|54|1840021000000|11.181|11.187|STRUCTURE_TYPE||18A069||
2188|01/01/2023|54|1840021000000|12.749|12.759|STRUCTURE_TYPE||18A070||
2189|01/01/2023|54|1840021000000|14.612|14.618|STRUCTURE_TYPE||18A071||
2190|01/01/2023|54|1840021000000|21.498|21.518|STRUCTURE_TYPE||18A073||
2191|01/01/2023|54|1840021000000|22.992|23.002|STRUCTURE_TYPE||18A074||
2192|01/01/2023|54|1840021000000|25.84|25.846|STRUCTURE_TYPE||18A075||
2193|01/01/2023|54|1840021000000|26.644|26.676|STRUCTURE_TYPE||18A076||
2194|01/01/2023|54|1840021000000|28.549|28.557|STRUCTURE_TYPE||18A077||
2195|01/01/2023|54|1840021000000|33.137|33.153|STRUCTURE_TYPE||18A078||
2196|01/01/2023|54|1840021000000|38.085|38.091|STRUCTURE_TYPE||18A081||
2197|01/01/2023|54|1840021070000|1.018|1.024|STRUCTURE_TYPE||18A083||
2198|01/01/2023|54|1840021080000|0.02|0.032|STRUCTURE_TYPE||18A084||
2199|01/01/2023|54|1840021220000|2.209|2.219|STRUCTURE_TYPE||18A088||
2200|01/01/2023|54|1840021220000|3.255|3.263|STRUCTURE_TYPE||18A089||
2201|01/01/2023|54|1840021270000|4.789|4.797|STRUCTURE_TYPE||18A091||
2202|01/01/2023|54|1840021280000|4.81|4.822|STRUCTURE_TYPE||18A092||
2203|01/01/2023|54|1840021350000|1.218|1.224|STRUCTURE_TYPE||18A095||
2204|01/01/2023|54|1840021370000|0.167|0.177|STRUCTURE_TYPE||18A096||
2205|01/01/2023|54|1840021370000|2.094|2.106|STRUCTURE_TYPE||18A097||
2206|01/01/2023|54|1840021380000|0.348|0.354|STRUCTURE_TYPE||18A098||
2207|01/01/2023|54|1840022020000|0.373|0.379|STRUCTURE_TYPE||18A101||
2208|01/01/2023|54|1840022040000|0.003|0.013|STRUCTURE_TYPE||18A102||
2209|01/01/2023|54|1840022050000|2.349|2.355|STRUCTURE_TYPE||18A103||
2210|01/01/2023|54|1840022060000|2.918|2.924|STRUCTURE_TYPE||18A104||
2211|01/01/2023|54|1840024000000|0.537|0.545|STRUCTURE_TYPE||18A105||
2212|01/01/2023|54|1840024000000|2.117|2.125|STRUCTURE_TYPE||18A106||
2213|01/01/2023|54|1840025000000|0.993|1.013|STRUCTURE_TYPE||18A108||
2214|01/01/2023|54|1840026000000|1.063|1.081|STRUCTURE_TYPE||18A113||
2215|01/01/2023|54|1840028000000|0.068|0.092|STRUCTURE_TYPE||18A114||
2216|01/01/2023|54|1840028000000|2.528|2.534|STRUCTURE_TYPE||18A115||
2217|01/01/2023|54|1840030000000|1.966|1.978|STRUCTURE_TYPE||18A117||
2218|01/01/2023|54|1840030000000|3.839|3.845|STRUCTURE_TYPE||18A118||
2219|01/01/2023|54|1840030050000|3.178|3.198|STRUCTURE_TYPE||18A119||
2220|01/01/2023|54|1840032000000|1.327|1.333|STRUCTURE_TYPE||18A121||
2221|01/01/2023|54|1840032000000|8.511|8.531|STRUCTURE_TYPE||18A122||
2222|01/01/2023|54|1840032010000|0.663|0.669|STRUCTURE_TYPE||18A123||
2223|01/01/2023|54|1840032010000|0.323|0.329|STRUCTURE_TYPE||18A124||
2224|01/01/2023|54|1830331000000|3.985|4.015|STRUCTURE_TYPE||18A126||
2225|01/01/2023|54|18200330000WB|11.5|11.53|STRUCTURE_TYPE||18A127||
2226|01/01/2023|54|18200330000EB|18.56|18.572|STRUCTURE_TYPE||18A129||
2227|01/01/2023|54|18200330000EB|22.136|22.142|STRUCTURE_TYPE||18A131||
2228|01/01/2023|54|18200330000EB|23.873|23.877|STRUCTURE_TYPE||18A132||
2229|01/01/2023|54|1840033060000|1.29|1.294|STRUCTURE_TYPE||18A134||
2230|01/01/2023|54|1840033120000|1.168|1.176|STRUCTURE_TYPE||18A135||
2231|01/01/2023|54|1840021290000|0.775|0.779|STRUCTURE_TYPE||18A138||
2232|01/01/2023|54|1840036000000|5.303|5.357|STRUCTURE_TYPE||18A139||
2233|01/01/2023|54|1840040000000|1.605|1.621|STRUCTURE_TYPE||18A140||
2234|01/01/2023|54|1840042000000|0.766|0.784|STRUCTURE_TYPE||18A142||
2235|01/01/2023|54|1840042000000|1.483|1.501|STRUCTURE_TYPE||18A143||
2236|01/01/2023|54|1840042000000|4.287|4.293|STRUCTURE_TYPE||18A144||
2237|01/01/2023|54|1840042000000|5.641|5.655|STRUCTURE_TYPE||18A145||
2238|01/01/2023|54|18100770000NB|119.139|119.167|STRUCTURE_TYPE||18A147||
2239|01/01/2023|54|18100770000SB|119.137|119.165|STRUCTURE_TYPE||18A148||
2240|01/01/2023|54|18100770017NB0119A|0.245|0.275|STRUCTURE_TYPE||18A149||
2241|01/01/2023|54|18100770000NB|119.79|119.844|STRUCTURE_TYPE||18A150||
2242|01/01/2023|54|18100770000SB|119.79|119.842|STRUCTURE_TYPE||18A151||
2243|01/01/2023|54|18100770000NB|129.861|129.891|STRUCTURE_TYPE||18A154||
2244|01/01/2023|54|18100770000SB|129.862|129.892|STRUCTURE_TYPE||18A155||
2245|01/01/2023|54|18100770000NB|130.745|130.771|STRUCTURE_TYPE||18A156||
2246|01/01/2023|54|18100770000SB|130.756|130.782|STRUCTURE_TYPE||18A157||
2247|01/01/2023|54|18100770000NB|137.815|137.839|STRUCTURE_TYPE||18A162||
2248|01/01/2023|54|18100770000SB|137.814|137.838|STRUCTURE_TYPE||18A163||
2249|01/01/2023|54|18100770000NB|140.828|140.85|STRUCTURE_TYPE||18A164||
2250|01/01/2023|54|18100770000SB|140.829|140.851|STRUCTURE_TYPE||18A165||
2251|01/01/2023|54|18100770000NB|143.251|143.279|STRUCTURE_TYPE||18A166||
2252|01/01/2023|54|18100770000SB|143.252|143.284|STRUCTURE_TYPE||18A167||
2253|01/01/2023|54|18100770000NB|144.209|144.241|STRUCTURE_TYPE||18A168||
2254|01/01/2023|54|18100770000SB|144.21|144.242|STRUCTURE_TYPE||18A169||
2255|01/01/2023|54|18100770000NB|144.509|144.513|STRUCTURE_TYPE||18A170||
2256|01/01/2023|54|18100770000NB|145.451|145.455|STRUCTURE_TYPE||18A171||
2257|01/01/2023|54|18100770000NB|145.75|145.806|STRUCTURE_TYPE||18A172||
2258|01/01/2023|54|18100770000SB|145.751|145.807|STRUCTURE_TYPE||18A173||
2259|01/01/2023|54|18100770000NB|145.907|145.935|STRUCTURE_TYPE||18A174||
2260|01/01/2023|54|18100770000SB|145.907|145.935|STRUCTURE_TYPE||18A175||
2261|01/01/2023|54|18100770000NB|154.969|154.973|STRUCTURE_TYPE||18A178||
2262|01/01/2023|54|1840087010000|1.191|1.205|STRUCTURE_TYPE||18A181||
2263|01/01/2023|54|18200330000EB|0.0|0.331|STRUCTURE_TYPE||18A183||
2264|01/01/2023|54|1840021340000|0.003|0.021|STRUCTURE_TYPE||18A184||
2265|01/01/2023|54|1840021140000|0.554|0.562|STRUCTURE_TYPE||18A187||
2266|01/01/2023|54|1840001000000|3.329|3.337|STRUCTURE_TYPE||18A188||
2267|01/01/2023|54|1840001000000|4.506|4.512|STRUCTURE_TYPE||18A189||
2268|01/01/2023|54|18200330000EB|1.262|1.32|STRUCTURE_TYPE||18A190||
2269|01/01/2023|54|18200330000WB|1.226|1.284|STRUCTURE_TYPE||18A191||
2270|01/01/2023|54|1840010060000|0.004|0.008|STRUCTURE_TYPE||18A192||
2271|01/01/2023|54|1840015010000|0.27|0.308|STRUCTURE_TYPE||18A193||
2272|01/01/2023|54|1840021210000|0.065|0.073|STRUCTURE_TYPE||18A194||
2273|01/01/2023|54|1830002000000|3.827|3.893|STRUCTURE_TYPE||18A196||
2274|01/01/2023|54|1830062000000|4.369|4.413|STRUCTURE_TYPE||18A197||
2275|01/01/2023|54|18100770000NB|145.955|145.961|STRUCTURE_TYPE||18A199||
2276|01/01/2023|54|18100770000NB|147.484|147.49|STRUCTURE_TYPE||18A200||
2277|01/01/2023|54|18100770000SB|148.355|148.359|STRUCTURE_TYPE||18A201||
2278|01/01/2023|54|18100770000SB|150.831|150.835|STRUCTURE_TYPE||18A202||
2279|01/01/2023|54|18100770017SB0154C|0.164|0.172|STRUCTURE_TYPE||18A203||
2280|01/01/2023|54|18100770000SB|154.969|154.973|STRUCTURE_TYPE||18A204||
2281|01/01/2023|54|1840019000000|5.245|5.259|STRUCTURE_TYPE||18A206||
2282|01/01/2023|54|1840019130000|0.567|0.575|STRUCTURE_TYPE||18A207||
2283|01/01/2023|54|1840019080000|0.538|0.544|STRUCTURE_TYPE||18A208||
2284|01/01/2023|54|1840007000000|2.895|2.899|STRUCTURE_TYPE||18A209||
2285|01/01/2023|54|1840056000000|0.027|0.031|STRUCTURE_TYPE||18A211||
2286|01/01/2023|54|1840033030000|1.829|1.865|STRUCTURE_TYPE||18A212||
2287|01/01/2023|54|1840015000000|5.634|5.646|STRUCTURE_TYPE||18A214||
2288|01/01/2023|54|1840021000000|37.288|37.302|STRUCTURE_TYPE||18A215||
2289|01/01/2023|54|1840006070000|2.06|2.068|STRUCTURE_TYPE||18A216||
2290|01/01/2023|54|1840030000000|0.207|0.215|STRUCTURE_TYPE||18A217||
2291|01/01/2023|54|1840014000000|8.116|8.134|STRUCTURE_TYPE||18A218||
2292|01/01/2023|54|1840014000000|7.767|7.781|STRUCTURE_TYPE||18A219||
2293|01/01/2023|54|1840015000000|7.641|7.655|STRUCTURE_TYPE||18A220||
2294|01/01/2023|54|1840015000000|8.696|8.706|STRUCTURE_TYPE||18A221||
2295|01/01/2023|54|1840040000000|4.398|4.402|STRUCTURE_TYPE||18A222||
2296|01/01/2023|54|1840010040000|1.663|1.671|STRUCTURE_TYPE||18A223||
2297|01/01/2023|54|1840087190000|0.005|0.015|STRUCTURE_TYPE||18A224||
2298|01/01/2023|54|1840012000000|6.125|6.141|STRUCTURE_TYPE||18A225||
2299|01/01/2023|54|1840087070000|1.4|1.406|STRUCTURE_TYPE||18A226||
2300|01/01/2023|54|1840021150000|3.516|3.536|STRUCTURE_TYPE||18A227||
2301|01/01/2023|54|1840021110000|0.009|0.041|STRUCTURE_TYPE||18A230||
2302|01/01/2023|54|1840021300000|1.946|1.954|STRUCTURE_TYPE||18A231||
2303|01/01/2023|54|1840007000000|0.131|0.161|STRUCTURE_TYPE||18A232||
2304|01/01/2023|54|18200330000EB|12.149|12.195|STRUCTURE_TYPE||18A233||
2305|01/01/2023|54|1840021000000|19.605|19.637|STRUCTURE_TYPE||18A234||
2306|01/01/2023|54|1840042090000|0.331|0.343|STRUCTURE_TYPE||18A236||
2307|01/01/2023|54|1840019070000|2.906|2.912|STRUCTURE_TYPE||18A237||
2308|01/01/2023|54|18100770000NB|124.832|124.858|STRUCTURE_TYPE||18A238||
2309|01/01/2023|54|18100770000SB|124.834|124.862|STRUCTURE_TYPE||18A239||
2310|01/01/2023|54|1840034190000|2.109|2.123|STRUCTURE_TYPE||18A240||
2311|01/01/2023|54|1840021060000|2.203|2.211|STRUCTURE_TYPE||18A241||
2312|01/01/2023|54|1840012030000|0.011|0.027|STRUCTURE_TYPE||18A242||
2313|01/01/2023|54|1840016070000|0.051|0.055|STRUCTURE_TYPE||18A243||
2314|01/01/2023|54|1840001080000|0.046|0.058|STRUCTURE_TYPE||18A244||
2315|01/01/2023|54|1840021220000|0.464|0.478|STRUCTURE_TYPE||18A245||
2316|01/01/2023|54|18100770000NB|154.351|154.381|STRUCTURE_TYPE||18A246||
2317|01/01/2023|54|18100770000SB|154.353|154.385|STRUCTURE_TYPE||18A247||
2318|01/01/2023|54|1840021000000|0.3|0.348|STRUCTURE_TYPE||18A249||
2319|01/01/2023|54|1840013010000|1.798|1.814|STRUCTURE_TYPE||18A250||
2320|01/01/2023|54|1840005180000|1.038|1.068|STRUCTURE_TYPE||18A251||
2321|01/01/2023|54|1840011000000|6.171|6.181|STRUCTURE_TYPE||18A252||
2322|01/01/2023|54|1830087000000|5.393|5.423|STRUCTURE_TYPE||18A253||
2323|01/01/2023|54|1840014010000|1.193|1.203|STRUCTURE_TYPE||18A254||
2324|01/01/2023|54|1880948000000|0.052|0.062|STRUCTURE_TYPE||18A255||
2325|01/01/2023|54|18100770000NB|132.347|132.381|STRUCTURE_TYPE||18A256||
2326|01/01/2023|54|18100770000SB|132.345|132.379|STRUCTURE_TYPE||18A257||
2327|01/01/2023|54|1840010040000|2.171|2.175|STRUCTURE_TYPE||18A258||
2328|01/01/2023|54|1830331000000|1.844|1.882|STRUCTURE_TYPE||18A259||
2329|01/01/2023|54|5440025130000|0.008|0.02|STRUCTURE_TYPE||18A260||
2330|01/01/2023|54|1840025010000|1.549|1.569|STRUCTURE_TYPE||18A261||
2331|01/01/2023|54|18100770000NB|137.665|137.715|STRUCTURE_TYPE||18A262||
2332|01/01/2023|54|18100770000SB|137.665|137.715|STRUCTURE_TYPE||18A263||
2333|01/01/2023|54|1840013000000|0.107|0.139|STRUCTURE_TYPE||18A264||
2334|01/01/2023|54|1840019010000|1.204|1.214|STRUCTURE_TYPE||18A265||
2335|01/01/2023|54|1800240000000|0.007|0.033|STRUCTURE_TYPE||18A901||
2336|01/01/2023|54|1940001010000|2.054|2.06|STRUCTURE_TYPE||19A001||
2338|01/01/2023|54|1930115000000|3.812|4.05|STRUCTURE_TYPE||19A004||
2339|01/01/2023|54|1940028000000|1.784|1.79|STRUCTURE_TYPE||19A013||
2340|01/01/2023|54|19203400000NB|11.846|11.89|STRUCTURE_TYPE||19A019||
2341|01/01/2023|54|1940009140000|1.786|1.792|STRUCTURE_TYPE||19A021||
2342|01/01/2023|54|19203400000SB|11.835|11.879|STRUCTURE_TYPE||19A024||
2343|01/01/2023|54|1940017000000|0.721|0.775|STRUCTURE_TYPE||19A026||
2344|01/01/2023|54|19300090000WB|6.582|6.628|STRUCTURE_TYPE||19A027||
2345|01/01/2023|54|1930009000000|6.635|6.681|STRUCTURE_TYPE||19A028||
2346|01/01/2023|54|19300090000WB|7.892|7.922|STRUCTURE_TYPE||19A029||
2347|01/01/2023|54|1930009000000|7.938|7.968|STRUCTURE_TYPE||19A030||
2348|01/01/2023|54|19203400005NB|0.022|0.07|STRUCTURE_TYPE||19A031||
2349|01/01/2023|54|1930115000000|6.105|6.155|STRUCTURE_TYPE||19A032||
2350|01/01/2023|54|1940025000000|3.875|3.891|STRUCTURE_TYPE||19A035||
2351|01/01/2023|54|1940009050000|6.745|6.755|STRUCTURE_TYPE||19A036||
2352|01/01/2023|54|19203400000SB|14.641|14.911|STRUCTURE_TYPE||19A037||
2353|01/01/2023|54|1940031000000|5.127|5.133|STRUCTURE_TYPE||19A038||
2354|01/01/2023|54|1940038000000|0.048|0.054|STRUCTURE_TYPE||19A039||
2355|01/01/2023|54|1930480000000|5.536|5.744|STRUCTURE_TYPE||19A040||
2356|01/01/2023|54|1940009680000|0.099|0.159|STRUCTURE_TYPE||19A042||
2357|01/01/2023|54|1930009000000|2.376|2.396|STRUCTURE_TYPE||19A043||
2358|01/01/2023|54|19300090000WB|2.353|2.373|STRUCTURE_TYPE||19A044||
2359|01/01/2023|54|1930009000000|3.628|3.694|STRUCTURE_TYPE||19A045||
2360|01/01/2023|54|19300090000WB|3.633|3.699|STRUCTURE_TYPE||19A046||
2361|01/01/2023|54|1930009000000|3.936|3.958|STRUCTURE_TYPE||19A047||
2362|01/01/2023|54|19300090000WB|3.908|3.93|STRUCTURE_TYPE||19A048||
2363|01/01/2023|54|1940009010000|1.701|1.733|STRUCTURE_TYPE||19A049||
2364|01/01/2023|54|1940340020000|0.369|0.375|STRUCTURE_TYPE||19A052||
2365|01/01/2023|54|1930009000000|1.891|1.915|STRUCTURE_TYPE||19A053||
2366|01/01/2023|54|19300090000WB|1.876|1.9|STRUCTURE_TYPE||19A054||
2367|01/01/2023|54|1930009000000|0.746|0.782|STRUCTURE_TYPE||19A055||
2368|01/01/2023|54|1940025140000|1.511|1.521|STRUCTURE_TYPE||19A056||
2369|01/01/2023|54|1940025050000|1.764|1.77|STRUCTURE_TYPE||19A057||
2370|01/01/2023|54|1930009000000|13.379|13.685|STRUCTURE_TYPE||19A059||
2371|01/01/2023|54|1930009000000|10.282|10.328|STRUCTURE_TYPE||19A060||
2372|01/01/2023|54|19203400017SB0008D|0.152|0.198|STRUCTURE_TYPE||19A061||
2373|01/01/2023|54|1930009000000|13.685|13.689|STRUCTURE_TYPE||19A062||
2374|01/01/2023|54|1930009000000|14.206|14.27|STRUCTURE_TYPE||19A063||
2375|01/01/2023|54|1940017040000|0.478|0.482|STRUCTURE_TYPE||19A064||
2376|01/01/2023|54|1930480000000|5.372|5.378|STRUCTURE_TYPE||19A065||
2377|01/01/2023|54|1940025000000|1.413|1.423|STRUCTURE_TYPE||19A066||
2378|01/01/2023|54|1940025000000|6.589|6.595|STRUCTURE_TYPE||19A067||
2379|01/01/2023|54|1940027000000|0.027|0.039|STRUCTURE_TYPE||19A068||
2380|01/01/2023|54|1940017010000|3.281|3.287|STRUCTURE_TYPE||19A069||
2381|01/01/2023|54|2040001020000|0.478|0.486|STRUCTURE_TYPE||20A001||
2382|01/01/2023|54|2040001040000|2.031|2.043|STRUCTURE_TYPE||20A003||
2383|01/01/2023|54|2040003000000|0.888|0.892|STRUCTURE_TYPE||20A004||
2384|01/01/2023|54|2040003000000|3.784|3.794|STRUCTURE_TYPE||20A005||
2385|01/01/2023|54|2030004000000|0.002|0.038|STRUCTURE_TYPE||20A006||
2386|01/01/2023|54|2040005060000|0.052|0.058|STRUCTURE_TYPE||20A008||
2387|01/01/2023|54|2040007050000|0.009|0.035|STRUCTURE_TYPE||20A013||
2388|01/01/2023|54|2040007080000|2.058|2.07|STRUCTURE_TYPE||20A014||
2389|01/01/2023|54|2040008000000|2.726|2.736|STRUCTURE_TYPE||20A015||
2390|01/01/2023|54|2040009000000|5.877|5.943|STRUCTURE_TYPE||20A017||
2391|01/01/2023|54|2040009050000|0.774|0.782|STRUCTURE_TYPE||20A019||
2392|01/01/2023|54|2040015000000|14.078|14.086|STRUCTURE_TYPE||20A020||
2393|01/01/2023|54|2040011000000|4.663|4.671|STRUCTURE_TYPE||20A022||
2394|01/01/2023|54|2040011020000|0.234|0.246|STRUCTURE_TYPE||20A024||
2395|01/01/2023|54|2040012000000|0.156|0.164|STRUCTURE_TYPE||20A026||
2396|01/01/2023|54|2040015000000|2.629|2.639|STRUCTURE_TYPE||20A029||
2397|01/01/2023|54|2040015000000|13.393|13.403|STRUCTURE_TYPE||20A032||
2398|01/01/2023|54|2040015000000|13.464|13.472|STRUCTURE_TYPE||20A033||
2399|01/01/2023|54|2040015000000|13.78|13.788|STRUCTURE_TYPE||20A035||
2400|01/01/2023|54|2040015000000|13.943|13.951|STRUCTURE_TYPE||20A036||
2401|01/01/2023|54|2040015000000|14.262|14.27|STRUCTURE_TYPE||20A038||
2402|01/01/2023|54|2040015000000|14.41|14.418|STRUCTURE_TYPE||20A039||
2403|01/01/2023|54|2040015000000|14.551|14.559|STRUCTURE_TYPE||20A040||
2404|01/01/2023|54|2040015000000|14.767|14.775|STRUCTURE_TYPE||20A041||
2405|01/01/2023|54|2040015000000|15.163|15.175|STRUCTURE_TYPE||20A042||
2406|01/01/2023|54|2040018000000|4.645|4.657|STRUCTURE_TYPE||20A044||
2408|01/01/2023|54|2040019000000|1.483|1.487|STRUCTURE_TYPE||20A046||
2409|01/01/2023|54|2040021000000|2.656|2.666|STRUCTURE_TYPE||20A049||
2410|01/01/2023|54|2040021000000|12.954|12.994|STRUCTURE_TYPE||20A051||
2411|01/01/2023|54|2040021160000|0.907|0.925|STRUCTURE_TYPE||20A053||
2412|01/01/2023|54|2040021160000|1.868|1.872|STRUCTURE_TYPE||20A054||
2413|01/01/2023|54|2040021160000|2.284|2.294|STRUCTURE_TYPE||20A055||
2414|01/01/2023|54|2040022000000|2.488|2.498|STRUCTURE_TYPE||20A057||
2415|01/01/2023|54|2040022000000|3.844|3.856|STRUCTURE_TYPE||20A059||
2416|01/01/2023|54|2040022000000|4.364|4.372|STRUCTURE_TYPE||20A060||
2417|01/01/2023|54|2040023000000|3.51|3.524|STRUCTURE_TYPE||20A061||
2418|01/01/2023|54|2040023000000|4.981|4.987|STRUCTURE_TYPE||20A064||
2419|01/01/2023|54|2040024000000|3.708|3.718|STRUCTURE_TYPE||20A067||
2420|01/01/2023|54|20100640017EB0050B|0.201|0.229|STRUCTURE_TYPE||20A069||
2421|01/01/2023|54|2040026000000|1.605|1.611|STRUCTURE_TYPE||20A070||
2422|01/01/2023|54|2040026000000|1.974|1.98|STRUCTURE_TYPE||20A071||
2423|01/01/2023|54|2040027000000|0.034|0.052|STRUCTURE_TYPE||20A074||
2424|01/01/2023|54|2040027000000|0.762|0.81|STRUCTURE_TYPE||20A075||
2426|01/01/2023|54|2040028000000|0.012|0.028|STRUCTURE_TYPE||20A080||
2427|01/01/2023|54|2040028000000|7.345|7.355|STRUCTURE_TYPE||20A081||
2428|01/01/2023|54|2040030020000|1.417|1.427|STRUCTURE_TYPE||20A083||
2429|01/01/2023|54|2040031010000|3.577|3.581|STRUCTURE_TYPE||20A084||
2430|01/01/2023|54|2040032000000|1.007|1.045|STRUCTURE_TYPE||20A085||
2431|01/01/2023|54|2040033000000|5.063|5.093|STRUCTURE_TYPE||20A088||
2432|01/01/2023|54|2040039000000|0.05|0.074|STRUCTURE_TYPE||20A094||
2433|01/01/2023|54|2040039000000|2.758|2.764|STRUCTURE_TYPE||20A095||
2434|01/01/2023|54|2040039000000|4.011|4.019|STRUCTURE_TYPE||20A096||
2435|01/01/2023|54|2040039000000|9.103|9.107|STRUCTURE_TYPE||20A097||
2436|01/01/2023|54|2040043000000|5.659|5.671|STRUCTURE_TYPE||20A101||
2437|01/01/2023|54|2040045000000|5.172|5.194|STRUCTURE_TYPE||20A107||
2438|01/01/2023|54|2040046000000|0.384|0.396|STRUCTURE_TYPE||20A108||
2439|01/01/2023|54|2040046000000|1.26|1.266|STRUCTURE_TYPE||20A110||
2440|01/01/2023|54|2040046000000|2.575|2.583|STRUCTURE_TYPE||20A112||
2441|01/01/2023|54|2040046000000|2.686|2.694|STRUCTURE_TYPE||20A113||
2442|01/01/2023|54|2040046000000|2.891|2.899|STRUCTURE_TYPE||20A114||
2443|01/01/2023|54|2040047000000|1.176|1.192|STRUCTURE_TYPE||20A115||
2444|01/01/2023|54|2040048000000|2.169|2.181|STRUCTURE_TYPE||20A118||
2445|01/01/2023|54|2040048000000|2.707|2.713|STRUCTURE_TYPE||20A119||
2446|01/01/2023|54|2040048000000|3.164|3.168|STRUCTURE_TYPE||20A120||
2447|01/01/2023|54|2040049000000|1.912|1.916|STRUCTURE_TYPE||20A122||
2448|01/01/2023|54|2040051090000|0.019|0.033|STRUCTURE_TYPE||20A126||
2449|01/01/2023|54|2040052000000|0.389|0.399|STRUCTURE_TYPE||20A127||
2450|01/01/2023|54|2040057000000|14.036|14.07|STRUCTURE_TYPE||20A134||
2451|01/01/2023|54|2040057000000|15.065|15.073|STRUCTURE_TYPE||20A135||
2452|01/01/2023|54|2040057000000|15.154|15.16|STRUCTURE_TYPE||20A136||
2453|01/01/2023|54|2040057000000|24.174|24.25|STRUCTURE_TYPE||20A137||
2454|01/01/2023|54|2040058000000|5.153|5.165|STRUCTURE_TYPE||20A138||
2455|01/01/2023|54|2040059000000|0.008|0.042|STRUCTURE_TYPE||20A140||
2456|01/01/2023|54|20200600000EB|14.005|14.341|STRUCTURE_TYPE||20A146||
2457|01/01/2023|54|20200600000WB|23.464|23.472|STRUCTURE_TYPE||20A152||
2458|01/01/2023|54|20200600000WB|27.849|27.867|STRUCTURE_TYPE||20A154||
2459|01/01/2023|54|20200600000WB|28.414|28.43|STRUCTURE_TYPE||20A155||
2460|01/01/2023|54|20200600000EB|23.438|23.444|STRUCTURE_TYPE||20A156||
2461|01/01/2023|54|20200600000EB|36.247|36.303|STRUCTURE_TYPE||20A160||
2462|01/01/2023|54|20200600000WB|36.404|36.444|STRUCTURE_TYPE||20A161||
2463|01/01/2023|54|2040060050000|0.319|0.331|STRUCTURE_TYPE||20A165||
2464|01/01/2023|54|2040060060000|0.046|0.05|STRUCTURE_TYPE||20A166||
2465|01/01/2023|54|2040060120000|6.074|6.082|STRUCTURE_TYPE||20A168||
2466|01/01/2023|54|2040060120000|6.875|6.883|STRUCTURE_TYPE||20A169||
2467|01/01/2023|54|2040060140000|2.464|2.492|STRUCTURE_TYPE||20A170||
2468|01/01/2023|54|2040060140000|3.654|3.71|STRUCTURE_TYPE||20A171||
2469|01/01/2023|54|2040060140000|5.069|5.073|STRUCTURE_TYPE||20A172||
2470|01/01/2023|54|2001304000000|0.003|0.007|STRUCTURE_TYPE||20A175||
2471|01/01/2023|54|2030061000000|0.319|0.343|STRUCTURE_TYPE||20A177||
2472|01/01/2023|54|2030061000000|10.425|10.453|STRUCTURE_TYPE||20A180||
2473|01/01/2023|54|2030061000000|15.976|15.994|STRUCTURE_TYPE||20A184||
2474|01/01/2023|54|2040061070000|0.567|0.595|STRUCTURE_TYPE||20A185||
2475|01/01/2023|54|2040063000000|0.393|0.397|STRUCTURE_TYPE||20A188||
2476|01/01/2023|54|2040063000000|3.205|3.233|STRUCTURE_TYPE||20A189||
2477|01/01/2023|54|2040063000000|4.524|4.55|STRUCTURE_TYPE||20A190||
2478|01/01/2023|54|2040064020000|0.24|0.25|STRUCTURE_TYPE||20A198||
2479|01/01/2023|54|2040065000000|8.827|8.841|STRUCTURE_TYPE||20A201||
2480|01/01/2023|54|2040065000000|9.669|9.677|STRUCTURE_TYPE||20A202||
2481|01/01/2023|54|2040068000000|0.053|0.065|STRUCTURE_TYPE||20A203||
2482|01/01/2023|54|2040070000000|3.089|3.093|STRUCTURE_TYPE||20A207||
2483|01/01/2023|54|2040072010000|0.01|0.018|STRUCTURE_TYPE||20A208||
2484|01/01/2023|54|2040073000000|1.314|1.328|STRUCTURE_TYPE||20A209||
2485|01/01/2023|54|2040073000000|4.272|4.292|STRUCTURE_TYPE||20A210||
2486|01/01/2023|54|2040073000000|6.744|6.762|STRUCTURE_TYPE||20A211||
2487|01/01/2023|54|2040073000000|9.241|9.251|STRUCTURE_TYPE||20A212||
2488|01/01/2023|54|2040073000000|9.553|9.565|STRUCTURE_TYPE||20A213||
2489|01/01/2023|54|2040073010000|0.254|0.262|STRUCTURE_TYPE||20A217||
2490|01/01/2023|54|2040073010000|1.279|1.285|STRUCTURE_TYPE||20A219||
2491|01/01/2023|54|2040073030000|0.033|0.051|STRUCTURE_TYPE||20A220||
2492|01/01/2023|54|2040073050000|0.005|0.019|STRUCTURE_TYPE||20A221||
2493|01/01/2023|54|2040076000000|1.482|1.504|STRUCTURE_TYPE||20A225||
2494|01/01/2023|54|2040076000000|3.683|3.709|STRUCTURE_TYPE||20A226||
2495|01/01/2023|54|2040076000000|4.186|4.194|STRUCTURE_TYPE||20A227||
2496|01/01/2023|54|20100770000NB|110.036|110.068|STRUCTURE_TYPE||20A228||
2497|01/01/2023|54|20100770000NB|113.384|113.42|STRUCTURE_TYPE||20A232||
2498|01/01/2023|54|20100770000NB|114.53|114.578|STRUCTURE_TYPE||20A233||
2499|01/01/2023|54|20100770000NB|117.21|117.26|STRUCTURE_TYPE||20A236||
2500|01/01/2023|54|2040077010000|0.696|0.716|STRUCTURE_TYPE||20A237||
2501|01/01/2023|54|2040077010000|3.902|3.914|STRUCTURE_TYPE||20A238||
2502|01/01/2023|54|2040079030000|5.963|5.973|STRUCTURE_TYPE||20A245||
2503|01/01/2023|54|2040079030000|7.858|7.874|STRUCTURE_TYPE||20A246||
2504|01/01/2023|54|2040079030000|13.393|13.423|STRUCTURE_TYPE||20A247||
2505|01/01/2023|54|2040079030000|14.16|14.194|STRUCTURE_TYPE||20A248||
2507|01/01/2023|54|2040081000000|2.246|2.26|STRUCTURE_TYPE||20A253||
2508|01/01/2023|54|2040083000000|3.0|3.012|STRUCTURE_TYPE||20A263||
2509|01/01/2023|54|2040083000000|5.043|5.057|STRUCTURE_TYPE||20A264||
2510|01/01/2023|54|2040083000000|8.527|8.571|STRUCTURE_TYPE||20A266||
2511|01/01/2023|54|2040083030000|1.039|1.059|STRUCTURE_TYPE||20A269||
2512|01/01/2023|54|2030094000000|3.758|3.762|STRUCTURE_TYPE||20A276||
2513|01/01/2023|54|20201190000NB|27.622|27.648|STRUCTURE_TYPE||20A286||
2514|01/01/2023|54|2040119030000|0.029|0.039|STRUCTURE_TYPE||20A287||
2515|01/01/2023|54|2030214000000|0.0|0.035|STRUCTURE_TYPE||20A289||
2516|01/01/2023|54|2030214000000|5.375|5.381|STRUCTURE_TYPE||20A290||
2517|01/01/2023|54|2030601000000|1.345|1.375|STRUCTURE_TYPE||20A292||
2518|01/01/2023|54|2030622000000|6.305|6.315|STRUCTURE_TYPE||20A294||
2519|01/01/2023|54|2030622000000|7.548|7.568|STRUCTURE_TYPE||20A295||
2520|01/01/2023|54|2030622000000|16.831|16.851|STRUCTURE_TYPE||20A296||
2521|01/01/2023|54|2040007030000|0.019|0.051|STRUCTURE_TYPE||20A299||
2522|01/01/2023|54|2040009000000|1.646|1.652|STRUCTURE_TYPE||20A300||
2523|01/01/2023|54|2040009000000|4.293|4.297|STRUCTURE_TYPE||20A301||
2525|01/01/2023|54|2040016050000|0.426|0.43|STRUCTURE_TYPE||20A307||
2526|01/01/2023|54|2040020000000|3.856|3.864|STRUCTURE_TYPE||20A309||
2527|01/01/2023|54|2040020020000|0.143|0.149|STRUCTURE_TYPE||20A313||
2528|01/01/2023|54|2030025000000|12.581|12.615|STRUCTURE_TYPE||20A316||
2529|01/01/2023|54|2040025140000|0.012|0.018|STRUCTURE_TYPE||20A317||
2530|01/01/2023|54|2040027040000|0.031|0.049|STRUCTURE_TYPE||20A318||
2531|01/01/2023|54|2040028000000|2.544|2.55|STRUCTURE_TYPE||20A319||
2532|01/01/2023|54|2030817000000|1.214|1.276|STRUCTURE_TYPE||20A322||
2533|01/01/2023|54|2040036000000|7.815|7.863|STRUCTURE_TYPE||20A323||
2534|01/01/2023|54|2040037000000|0.018|0.024|STRUCTURE_TYPE||20A324||
2535|01/01/2023|54|2040043000000|1.318|1.36|STRUCTURE_TYPE||20A327||
2536|01/01/2023|54|2040046050000|0.355|0.359|STRUCTURE_TYPE||20A330||
2537|01/01/2023|54|2040052020000|0.097|0.107|STRUCTURE_TYPE||20A331||
2538|01/01/2023|54|2040053000000|2.521|2.595|STRUCTURE_TYPE||20A332||
2539|01/01/2023|54|20200600007WB|5.588|5.686|STRUCTURE_TYPE||20A336||
2540|01/01/2023|54|2040025470000|0.111|0.373|STRUCTURE_TYPE||20A337||
2541|01/01/2023|54|20100640017EB0054A|0.285|0.313|STRUCTURE_TYPE||20A338||
2542|01/01/2023|54|20200600000EB|11.306|11.348|STRUCTURE_TYPE||20A339||
2543|01/01/2023|54|20100640017WB0054D|0.137|0.181|STRUCTURE_TYPE||20A341||
2544|01/01/2023|54|20200600000EB|13.332|13.406|STRUCTURE_TYPE||20A342||
2545|01/01/2023|54|20200600000EB|22.247|22.287|STRUCTURE_TYPE||20A344||
2546|01/01/2023|54|20200600007WB|0.079|0.117|STRUCTURE_TYPE||20A345||
2547|01/01/2023|54|20200600000EB|22.807|22.889|STRUCTURE_TYPE||20A346||
2548|01/01/2023|54|20200600000WB|29.18|29.196|STRUCTURE_TYPE||20A347||
2549|01/01/2023|54|20200600000WB|29.955|30.025|STRUCTURE_TYPE||20A349||
2550|01/01/2023|54|20200600000EB|29.956|30.026|STRUCTURE_TYPE||20A350||
2551|01/01/2023|54|20200600000WB|40.213|40.233|STRUCTURE_TYPE||20A353||
2552|01/01/2023|54|2040060180000|0.016|0.07|STRUCTURE_TYPE||20A357||
2553|01/01/2023|54|2040060600000|0.122|0.15|STRUCTURE_TYPE||20A359||
2554|01/01/2023|54|2040060620000|0.19|0.406|STRUCTURE_TYPE||20A360||
2555|01/01/2023|54|2040060620000|0.406|0.428|STRUCTURE_TYPE||20A361||
2556|01/01/2023|54|20100770017NB0098B|0.029|0.103|STRUCTURE_TYPE||20A362||
2557|01/01/2023|54|2040060630000|0.066|0.128|STRUCTURE_TYPE||20A363||
2558|01/01/2023|54|2040060630000|0.128|0.334|STRUCTURE_TYPE||20A364||
2559|01/01/2023|54|2040060640000|0.066|0.094|STRUCTURE_TYPE||20A365||
2560|01/01/2023|54|2040060640000|0.155|0.181|STRUCTURE_TYPE||20A367||
2561|01/01/2023|54|2040060640000|0.232|0.268|STRUCTURE_TYPE||20A369||
2562|01/01/2023|54|2040061130000|0.03|0.072|STRUCTURE_TYPE||20A373||
2563|01/01/2023|54|2030062000000|0.596|0.602|STRUCTURE_TYPE||20A374||
2564|01/01/2023|54|20100640000WB|47.733|47.739|STRUCTURE_TYPE||20A378||
2565|01/01/2023|54|20100640000EB|51.393|51.399|STRUCTURE_TYPE||20A382||
2566|01/01/2023|54|20100640000WB|53.275|53.727|STRUCTURE_TYPE||20A387||
2567|01/01/2023|54|20100640000EB|53.918|53.972|STRUCTURE_TYPE||20A389||
2568|01/01/2023|54|20100640000EB|54.309|54.427|STRUCTURE_TYPE||20A391||
2569|01/01/2023|54|20100640000WB|54.322|54.44|STRUCTURE_TYPE||20A392||
2570|01/01/2023|54|20100640000EB|55.104|55.14|STRUCTURE_TYPE||20A393||
2571|01/01/2023|54|20100640000EB|56.998|57.024|STRUCTURE_TYPE||20A395||
2572|01/01/2023|54|20100640000EB|57.448|57.874|STRUCTURE_TYPE||20A397||
2573|01/01/2023|54|20100640017WB058AC|0.037|0.183|STRUCTURE_TYPE||20A398||
2574|01/01/2023|54|20100640000EB|57.886|58.216|STRUCTURE_TYPE||20A401||
2575|01/01/2023|54|20100640017EB058CA|0.104|0.184|STRUCTURE_TYPE||20A403||
2576|01/01/2023|54|20100640017WB058CD|0.104|0.176|STRUCTURE_TYPE||20A404||
2577|01/01/2023|54|20100640006EB|0.0|0.229|STRUCTURE_TYPE||20A405||
2578|01/01/2023|54|20100640000EB|58.529|58.683|STRUCTURE_TYPE||20A406||
2579|01/01/2023|54|20100770005SB|0.123|0.401|STRUCTURE_TYPE||20A407||
2580|01/01/2023|54|20100640000WB|58.551|58.727|STRUCTURE_TYPE||20A408||
2581|01/01/2023|54|20100770000NB|100.262|100.532|STRUCTURE_TYPE||20A409||
2582|01/01/2023|54|20100770000SB|100.234|100.544|STRUCTURE_TYPE||20A410||
2583|01/01/2023|54|20100770017SB0100C|0.089|0.191|STRUCTURE_TYPE||20A411||
2584|01/01/2023|54|20100770017NB0100A|0.284|0.54|STRUCTURE_TYPE||20A412||
2585|01/01/2023|54|20100770017NB0100B|0.221|0.321|STRUCTURE_TYPE||20A413||
2586|01/01/2023|54|20100770017NB0100B|0.082|0.221|STRUCTURE_TYPE||20A414||
2587|01/01/2023|54|20100770017SB0100D|0.013|0.101|STRUCTURE_TYPE||20A415||
2588|01/01/2023|54|20100770000NB|99.497|99.521|STRUCTURE_TYPE||20A416||
2589|01/01/2023|54|20100770000NB|99.003|99.237|STRUCTURE_TYPE||20A418||
2590|01/01/2023|54|20100770017SB0098C|0.078|0.168|STRUCTURE_TYPE||20A419||
2591|01/01/2023|54|20100770000NB|98.089|98.159|STRUCTURE_TYPE||20A420||
2592|01/01/2023|54|20100770000SB|98.119|98.153|STRUCTURE_TYPE||20A421||
2593|01/01/2023|54|20100770000NB|97.587|97.601|STRUCTURE_TYPE||20A422||
2594|01/01/2023|54|20100770000NB|97.134|97.226|STRUCTURE_TYPE||20A424||
2595|01/01/2023|54|20100770017SB0001C|0.131|0.211|STRUCTURE_TYPE||20A428||
2596|01/01/2023|54|20100770017NB0101B|0.033|0.087|STRUCTURE_TYPE||20A429||
2597|01/01/2023|54|20100770000NB|100.759|101.165|STRUCTURE_TYPE||20A430||
2598|01/01/2023|54|20100770000SB|100.735|101.183|STRUCTURE_TYPE||20A431||
2599|01/01/2023|54|20100770000NB|101.184|101.196|STRUCTURE_TYPE||20A432||
2600|01/01/2023|54|20100770000SB|101.183|101.195|STRUCTURE_TYPE||20A433||
2601|01/01/2023|54|20100770000NB|101.404|101.44|STRUCTURE_TYPE||20A434||
2602|01/01/2023|54|20100770000NB|101.615|101.647|STRUCTURE_TYPE||20A436||
2603|01/01/2023|54|20100770000NB|101.844|101.878|STRUCTURE_TYPE||20A438||
2604|01/01/2023|54|20100770023SB|0.558|0.578|STRUCTURE_TYPE||20A440||
2605|01/01/2023|54|20100770023SB|0.694|0.712|STRUCTURE_TYPE||20A441||
2606|01/01/2023|54|20100770000NB|103.64|103.664|STRUCTURE_TYPE||20A442||
2607|01/01/2023|54|20100770000SB|103.639|103.665|STRUCTURE_TYPE||20A443||
2608|01/01/2023|54|20100770000NB|106.054|106.112|STRUCTURE_TYPE||20A444||
2609|01/01/2023|54|20100770000SB|106.051|106.109|STRUCTURE_TYPE||20A445||
2610|01/01/2023|54|20100770000SB|110.033|110.065|STRUCTURE_TYPE||20A446||
2611|01/01/2023|54|20100770000SB|113.378|113.414|STRUCTURE_TYPE||20A450||
2612|01/01/2023|54|20100770000SB|114.527|114.575|STRUCTURE_TYPE||20A451||
2613|01/01/2023|54|20100770000SB|117.203|117.253|STRUCTURE_TYPE||20A453||
2614|01/01/2023|54|20100790000SB|0.257|0.323|STRUCTURE_TYPE||20A490||
2615|01/01/2023|54|20100790000NB|0.234|0.26|STRUCTURE_TYPE||20A491||
2616|01/01/2023|54|20100790000SB|0.362|0.426|STRUCTURE_TYPE||20A492||
2617|01/01/2023|54|20100790000NB|0.788|0.848|STRUCTURE_TYPE||20A493||
2618|01/01/2023|54|20100790000SB|0.871|0.933|STRUCTURE_TYPE||20A494||
2619|01/01/2023|54|20100790000NB|1.081|1.101|STRUCTURE_TYPE||20A495||
2620|01/01/2023|54|20100790000NB|1.998|2.036|STRUCTURE_TYPE||20A497||
2621|01/01/2023|54|20100790000NB|5.35|5.376|STRUCTURE_TYPE||20A498||
2622|01/01/2023|54|20100790000SB|5.368|5.394|STRUCTURE_TYPE||20A499||
2623|01/01/2023|54|20100790000NB|5.635|5.673|STRUCTURE_TYPE||20A500||
2624|01/01/2023|54|20100790000SB|5.63|5.67|STRUCTURE_TYPE||20A501||
2625|01/01/2023|54|20100790000NB|7.468|7.658|STRUCTURE_TYPE||20A502||
2626|01/01/2023|54|20100790000SB|7.472|7.654|STRUCTURE_TYPE||20A503||
2627|01/01/2023|54|20100790000NB|8.535|8.615|STRUCTURE_TYPE||20A504||
2628|01/01/2023|54|20100790000SB|8.539|8.619|STRUCTURE_TYPE||20A505||
2629|01/01/2023|54|20100790000NB|9.284|9.346|STRUCTURE_TYPE||20A506||
2630|01/01/2023|54|20100790000SB|9.289|9.351|STRUCTURE_TYPE||20A507||
2631|01/01/2023|54|20100790000NB|10.754|10.788|STRUCTURE_TYPE||20A508||
2632|01/01/2023|54|20100790000SB|10.759|10.793|STRUCTURE_TYPE||20A509||
2633|01/01/2023|54|20100790000NB|15.614|15.698|STRUCTURE_TYPE||20A510||
2634|01/01/2023|54|20100790000SB|15.584|15.686|STRUCTURE_TYPE||20A511||
2635|01/01/2023|54|20100790000NB|16.122|16.192|STRUCTURE_TYPE||20A512||
2636|01/01/2023|54|20100790000SB|16.143|16.197|STRUCTURE_TYPE||20A513||
2637|01/01/2023|54|20100790000NB|19.399|19.441|STRUCTURE_TYPE||20A514||
2638|01/01/2023|54|20100790000SB|19.4|19.442|STRUCTURE_TYPE||20A515||
2639|01/01/2023|54|2040079030000|3.154|3.158|STRUCTURE_TYPE||20A518||
2640|01/01/2023|54|2040079080000|0.201|0.225|STRUCTURE_TYPE||20A521||
2641|01/01/2023|54|2040081000000|14.325|14.331|STRUCTURE_TYPE||20A522||
2642|01/01/2023|54|2030114000000|0.338|0.368|STRUCTURE_TYPE||20A525||
2643|01/01/2023|54|2030114000000|0.401|0.429|STRUCTURE_TYPE||20A528||
2644|01/01/2023|54|2030114000000|6.589|6.725|STRUCTURE_TYPE||20A530||
2645|01/01/2023|54|2030061000000|25.113|25.117|STRUCTURE_TYPE||20A531||
2646|01/01/2023|54|20201190023NB|0.357|0.437|STRUCTURE_TYPE||20A533||
2647|01/01/2023|54|2040119100000|0.012|0.08|STRUCTURE_TYPE||20A535||
2648|01/01/2023|54|2040119130000|0.949|0.995|STRUCTURE_TYPE||20A536||
2649|01/01/2023|54|2040077030000|0.098|0.108|STRUCTURE_TYPE||20A539||
2650|01/01/2023|54|2040077020000|0.036|0.042|STRUCTURE_TYPE||20A540||
2651|01/01/2023|54|2001559000000|0.013|0.019|STRUCTURE_TYPE||20A543||
2652|01/01/2023|54|2040003030000|3.326|3.336|STRUCTURE_TYPE||20A544||
2653|01/01/2023|54|2040073130000|0.004|0.01|STRUCTURE_TYPE||20A547||
2654|01/01/2023|54|2030094000000|6.992|7.014|STRUCTURE_TYPE||20A550||
2655|01/01/2023|54|2030061000000|17.954|17.974|STRUCTURE_TYPE||20A552||
2656|01/01/2023|54|2040119640000|0.018|0.044|STRUCTURE_TYPE||20A554||
2657|01/01/2023|54|2030622000000|5.555|5.569|STRUCTURE_TYPE||20A561||
2658|01/01/2023|54|2040622150000|0.322|0.332|STRUCTURE_TYPE||20A562||
2659|01/01/2023|54|2040007110000|0.088|0.096|STRUCTURE_TYPE||20A564||
2660|01/01/2023|54|20100790000NB|14.343|14.347|STRUCTURE_TYPE||20A565||
2661|01/01/2023|54|2030601000000|1.315|1.345|STRUCTURE_TYPE||20A566||
2662|01/01/2023|54|2040083000000|1.113|1.161|STRUCTURE_TYPE||20A567||
2663|01/01/2023|54|20201190000SB|7.896|7.9|STRUCTURE_TYPE||20A569||
2664|01/01/2023|54|20201190000NB|11.081|11.085|STRUCTURE_TYPE||20A570||
2665|01/01/2023|54|20201190000NB|1.049|1.169|STRUCTURE_TYPE||20A572||
2666|01/01/2023|54|20201190000SB|1.058|1.178|STRUCTURE_TYPE||20A573||
2667|01/01/2023|54|20201190000NB|6.664|6.818|STRUCTURE_TYPE||20A574||
2668|01/01/2023|54|20201190000SB|6.644|6.798|STRUCTURE_TYPE||20A575||
2669|01/01/2023|54|2040073250000|0.003|0.015|STRUCTURE_TYPE||20A577||
2670|01/01/2023|54|2030114000000|6.86|6.866|STRUCTURE_TYPE||20A578||
2671|01/01/2023|54|2030114000000|7.464|7.47|STRUCTURE_TYPE||20A579||
2672|01/01/2023|54|20100790000SB|5.614|5.622|STRUCTURE_TYPE||20A580||
2673|01/01/2023|54|20200600017EB0044A|0.113|0.161|STRUCTURE_TYPE||20A584||
2674|01/01/2023|54|20200600017EB0044B|0.034|0.092|STRUCTURE_TYPE||20A585||
2675|01/01/2023|54|2040025010000|0.455|0.459|STRUCTURE_TYPE||20A586||
2676|01/01/2023|54|2040047000000|2.892|2.972|STRUCTURE_TYPE||20A587||
2677|01/01/2023|54|20100770016NB|68.139|68.177|STRUCTURE_TYPE||20A600||
2678|01/01/2023|54|20100770016SB|73.878|73.924|STRUCTURE_TYPE||20A603||
2679|01/01/2023|54|20100770016NB|74.188|74.256|STRUCTURE_TYPE||20A605||
2680|01/01/2023|54|20100770016NB|79.339|79.375|STRUCTURE_TYPE||20A608||
2681|01/01/2023|54|20100770016SB|83.263|83.317|STRUCTURE_TYPE||20A612||
2682|01/01/2023|54|20100770016SB|83.379|83.457|STRUCTURE_TYPE||20A615||
2683|01/01/2023|54|20100770017NB0085A|0.214|0.232|STRUCTURE_TYPE||20A616||
2684|01/01/2023|54|20100770016SB|84.578|84.622|STRUCTURE_TYPE||20A617||
2685|01/01/2023|54|20100770016SB|86.524|86.652|STRUCTURE_TYPE||20A619||
2686|01/01/2023|54|20100770017NB0089A|0.255|0.305|STRUCTURE_TYPE||20A621||
2687|01/01/2023|54|20100770016NB|89.396|89.49|STRUCTURE_TYPE||20A622||
2688|01/01/2023|54|20100770017SB0089D|0.01|0.064|STRUCTURE_TYPE||20A624||
2689|01/01/2023|54|20100770016NB|89.638|89.678|STRUCTURE_TYPE||20A625||
2690|01/01/2023|54|20100770016NB|90.278|90.304|STRUCTURE_TYPE||20A627||
2691|01/01/2023|54|20100770016NB|90.663|90.809|STRUCTURE_TYPE||20A629||
2692|01/01/2023|54|20100770016SB|90.662|90.81|STRUCTURE_TYPE||20A630||
2693|01/01/2023|54|20100770016NB|91.049|91.069|STRUCTURE_TYPE||20A631||
2694|01/01/2023|54|20100770016NB|93.613|93.661|STRUCTURE_TYPE||20A633||
2695|01/01/2023|54|20100770016NB|94.164|94.196|STRUCTURE_TYPE||20A635||
2696|01/01/2023|54|20100770016SB|94.159|94.191|STRUCTURE_TYPE||20A636||
2697|01/01/2023|54|20100770016NB|94.25|94.284|STRUCTURE_TYPE||20A637||
2698|01/01/2023|54|20100770016SB|94.249|94.283|STRUCTURE_TYPE||20A638||
2699|01/01/2023|54|20100770016NB|94.435|94.849|STRUCTURE_TYPE||20A639||
2700|01/01/2023|54|20100770016SB|94.431|94.841|STRUCTURE_TYPE||20A640||
2701|01/01/2023|54|20100770017NB0095B|0.202|0.236|STRUCTURE_TYPE||20A641||
2702|01/01/2023|54|20100770000SB|95.775|95.899|STRUCTURE_TYPE||20A643||
2703|01/01/2023|54|20100770017SB0085C|0.411|0.455|STRUCTURE_TYPE||20A644||
2704|01/01/2023|54|20100770000SB|95.567|95.601|STRUCTURE_TYPE||20A645||
2705|01/01/2023|54|2040083050000|0.04|0.072|STRUCTURE_TYPE||20A648||
2706|01/01/2023|54|20100770017SB0096D|0.191|0.229|STRUCTURE_TYPE||20A652||
2707|01/01/2023|54|20100770017SB0096H|0.212|0.238|STRUCTURE_TYPE||20A653||
2708|01/01/2023|54|20201190000NB|11.356|11.428|STRUCTURE_TYPE||20A654||
2709|01/01/2023|54|20201190000SB|11.357|11.443|STRUCTURE_TYPE||20A655||
2710|01/01/2023|54|20201190000NB|13.774|13.832|STRUCTURE_TYPE||20A656||
2711|01/01/2023|54|20201190000SB|13.778|13.836|STRUCTURE_TYPE||20A657||
2712|01/01/2023|54|20201190000NB|13.962|14.022|STRUCTURE_TYPE||20A658||
2713|01/01/2023|54|20201190000SB|13.968|14.026|STRUCTURE_TYPE||20A659||
2714|01/01/2023|54|2040025030000|0.249|0.255|STRUCTURE_TYPE||20A660||
2715|01/01/2023|54|2040079060000|0.011|0.035|STRUCTURE_TYPE||20A661||
2716|01/01/2023|54|2040009000000|4.968|4.978|STRUCTURE_TYPE||20A662||
2717|01/01/2023|54|2040083060000|0.019|0.085|STRUCTURE_TYPE||20A663||
2718|01/01/2023|54|2040061110000|0.183|0.193|STRUCTURE_TYPE||20A664||
2719|01/01/2023|54|2040029000000|1.235|1.241|STRUCTURE_TYPE||20A667||
2720|01/01/2023|54|2040029000000|1.106|1.114|STRUCTURE_TYPE||20A668||
2721|01/01/2023|54|20100790000NB|12.566|12.58|STRUCTURE_TYPE||20A669||
2722|01/01/2023|54|20100770000NB|106.518|106.524|STRUCTURE_TYPE||20A670||
2723|01/01/2023|54|20100770000NB|111.757|111.761|STRUCTURE_TYPE||20A671||
2724|01/01/2023|54|20100770000NB|110.128|110.136|STRUCTURE_TYPE||20A672||
2725|01/01/2023|54|20100770000NB|114.821|114.827|STRUCTURE_TYPE||20A673||
2726|01/01/2023|54|20100770017SB0116D|0.021|0.025|STRUCTURE_TYPE||20A674||
2727|01/01/2023|54|20100770017NB0116A|0.249|0.253|STRUCTURE_TYPE||20A675||
2728|01/01/2023|54|2040005130000|0.058|0.062|STRUCTURE_TYPE||20A676||
2729|01/01/2023|54|2030817000000|0.088|0.096|STRUCTURE_TYPE||20A677||
2730|01/01/2023|54|20100770016NB|81.849|81.895|STRUCTURE_TYPE||20A679||
2731|01/01/2023|54|20200600000WB|22.805|22.859|STRUCTURE_TYPE||20A680||
2732|01/01/2023|54|2040073290000|0.0|0.01|STRUCTURE_TYPE||20A681||
2733|01/01/2023|54|2040032030000|0.291|0.319|STRUCTURE_TYPE||20A682||
2734|01/01/2023|54|2040032030000|0.48|0.522|STRUCTURE_TYPE||20A683||
2735|01/01/2023|54|2040070000000|0.898|0.906|STRUCTURE_TYPE||20A685||
2736|01/01/2023|54|20200600000EB|2.269|2.273|STRUCTURE_TYPE||20A686||
2737|01/01/2023|54|20200600000WB|2.539|2.543|STRUCTURE_TYPE||20A687||
2738|01/01/2023|54|20200600000WB|6.237|6.241|STRUCTURE_TYPE||20A688||
2739|01/01/2023|54|2040076040000|0.011|0.019|STRUCTURE_TYPE||20A689||
2740|01/01/2023|54|2040027000000|2.259|2.267|STRUCTURE_TYPE||20A700||
2741|01/01/2023|54|20100770017NB0106B|0.041|0.047|STRUCTURE_TYPE||20A701||
2742|01/01/2023|54|20100770000NB|106.388|106.392|STRUCTURE_TYPE||20A702||
2743|01/01/2023|54|20100790000NB|10.251|10.257|STRUCTURE_TYPE||20A709||
2744|01/01/2023|54|20100790000NB|13.443|13.449|STRUCTURE_TYPE||20A710||
2745|01/01/2023|54|20100770017SB0106C|0.334|0.34|STRUCTURE_TYPE||20A711||
2746|01/01/2023|54|20100770016NB|75.186|75.19|STRUCTURE_TYPE||20A712||
2747|01/01/2023|54|2030061000000|23.93|23.936|STRUCTURE_TYPE||20A713||
2748|01/01/2023|54|2040035070000|0.01|0.016|STRUCTURE_TYPE||20A714||
2749|01/01/2023|54|2040079030000|12.753|12.761|STRUCTURE_TYPE||20A716||
2750|01/01/2023|54|2040059000000|0.989|0.995|STRUCTURE_TYPE||20A718||
2751|01/01/2023|54|2040033000000|3.483|3.523|STRUCTURE_TYPE||20A720||
2752|01/01/2023|54|2040012000000|0.397|0.407|STRUCTURE_TYPE||20A721||
2753|01/01/2023|54|2040073050000|0.543|0.551|STRUCTURE_TYPE||20A722||
2754|01/01/2023|54|2040026000000|2.694|2.698|STRUCTURE_TYPE||20A723||
2755|01/01/2023|54|2040079030000|9.8|9.804|STRUCTURE_TYPE||20A724||
2756|01/01/2023|54|2040026000000|0.536|0.544|STRUCTURE_TYPE||20A725||
2757|01/01/2023|54|2040026000000|0.874|0.882|STRUCTURE_TYPE||20A726||
2758|01/01/2023|54|2040012000000|1.942|1.95|STRUCTURE_TYPE||20A727||
2759|01/01/2023|54|2030622000000|7.325|7.329|STRUCTURE_TYPE||20A728||
2760|01/01/2023|54|2040016010000|0.652|0.66|STRUCTURE_TYPE||20A729||
2761|01/01/2023|54|2040023000000|4.056|4.068|STRUCTURE_TYPE||20A730||
2762|01/01/2023|54|2040006060000|0.477|0.489|STRUCTURE_TYPE||20A731||
2763|01/01/2023|54|2040043000000|1.399|1.405|STRUCTURE_TYPE||20A732||
2764|01/01/2023|54|2040046080000|0.005|0.009|STRUCTURE_TYPE||20A733||
2765|01/01/2023|54|2040015030000|2.491|2.501|STRUCTURE_TYPE||20A734||
2766|01/01/2023|54|20300610004NB|0.133|0.436|STRUCTURE_TYPE||20A735||
2767|01/01/2023|54|20300610004NB|0.025|0.133|STRUCTURE_TYPE||20A736||
2768|01/01/2023|54|2040073000000|10.388|10.4|STRUCTURE_TYPE||20A737||
2769|01/01/2023|54|2040073000000|10.547|10.557|STRUCTURE_TYPE||20A738||
2770|01/01/2023|54|2040083010000|0.01|0.036|STRUCTURE_TYPE||20A739||
2771|01/01/2023|54|2040085000000|1.307|1.313|STRUCTURE_TYPE||20A741||
2772|01/01/2023|54|2040009150000|0.01|0.016|STRUCTURE_TYPE||20A742||
2773|01/01/2023|54|2040020050000|0.005|0.015|STRUCTURE_TYPE||20A744||
2774|01/01/2023|54|2040064020000|0.443|0.453|STRUCTURE_TYPE||20A745||
2775|01/01/2023|54|2040079140000|0.005|0.015|STRUCTURE_TYPE||20A746||
2776|01/01/2023|54|2040007000000|1.99|2.038|STRUCTURE_TYPE||20A747||
2777|01/01/2023|54|2040081120000|0.185|0.201|STRUCTURE_TYPE||20A748||
2778|01/01/2023|54|20100790000SB|13.811|13.817|STRUCTURE_TYPE||20A749||
2779|01/01/2023|54|2040077050000|0.032|0.042|STRUCTURE_TYPE||20A750||
2780|01/01/2023|54|2040077040000|0.006|0.016|STRUCTURE_TYPE||20A751||
2781|01/01/2023|54|2040070000000|0.833|0.861|STRUCTURE_TYPE||20A752||
2782|01/01/2023|54|2030622000000|2.103|2.141|STRUCTURE_TYPE||20A754||
2783|01/01/2023|54|2040028020000|0.04|0.05|STRUCTURE_TYPE||20A755||
2784|01/01/2023|54|2040079040000|0.569|0.587|STRUCTURE_TYPE||20A756||
2785|01/01/2023|54|2040065000000|4.86|4.872|STRUCTURE_TYPE||20A758||
2786|01/01/2023|54|2040033000000|0.137|0.155|STRUCTURE_TYPE||20A759||
2787|01/01/2023|54|2040024010000|0.09|0.096|STRUCTURE_TYPE||20A760||
2788|01/01/2023|54|2040081140000|0.006|0.02|STRUCTURE_TYPE||20A761||
2789|01/01/2023|54|2080932000000|0.007|0.015|STRUCTURE_TYPE||20A763||
2790|01/01/2023|54|2040079350000|0.006|0.016|STRUCTURE_TYPE||20A764||
2791|01/01/2023|54|2040043180000|0.018|0.024|STRUCTURE_TYPE||20A765||
2792|01/01/2023|54|2040027060000|0.111|0.117|STRUCTURE_TYPE||20A766||
2793|01/01/2023|54|2040061060000|0.007|0.015|STRUCTURE_TYPE||20A767||
2794|01/01/2023|54|20200600000EB|16.567|16.647|STRUCTURE_TYPE||20A769||
2795|01/01/2023|54|2040073310000|0.077|0.089|STRUCTURE_TYPE||20A770||
2796|01/01/2023|54|2040007020000|1.31|1.316|STRUCTURE_TYPE||20A771||
2797|01/01/2023|54|2040079030000|3.544|3.552|STRUCTURE_TYPE||20A773||
2798|01/01/2023|54|2030061000000|11.499|11.521|STRUCTURE_TYPE||20A775||
2799|01/01/2023|54|2030061000000|4.617|4.689|STRUCTURE_TYPE||20A776||
2800|01/01/2023|54|20100640000EB|45.437|45.513|STRUCTURE_TYPE||20A777||
2801|01/01/2023|54|20100640000EB|49.995|50.027|STRUCTURE_TYPE||20A779||
2802|01/01/2023|54|2040079030000|4.444|4.45|STRUCTURE_TYPE||20A780||
2803|01/01/2023|54|20100640000WB|50.524|50.546|STRUCTURE_TYPE||20A781||
2804|01/01/2023|54|20100640000WB|50.001|50.029|STRUCTURE_TYPE||20A782||
2805|01/01/2023|54|20100640000WB|50.995|51.039|STRUCTURE_TYPE||20A783||
2806|01/01/2023|54|2040043140000|0.021|0.039|STRUCTURE_TYPE||20A784||
2807|01/01/2023|54|20100640000WB|51.837|51.857|STRUCTURE_TYPE||20A785||
2808|01/01/2023|54|2040060150000|2.093|2.099|STRUCTURE_TYPE||20A786||
2809|01/01/2023|54|2040060150000|2.154|2.16|STRUCTURE_TYPE||20A787||
2810|01/01/2023|54|2040079010000|0.927|0.933|STRUCTURE_TYPE||20A788||
2811|01/01/2023|54|2040060150000|1.232|1.238|STRUCTURE_TYPE||20A790||
2812|01/01/2023|54|2040160010000|0.112|0.14|STRUCTURE_TYPE||20A791||
2813|01/01/2023|54|2080990000000|0.001|0.013|STRUCTURE_TYPE||20A792||
2814|01/01/2023|54|2080902060000|0.061|0.067|STRUCTURE_TYPE||20A793||
2815|01/01/2023|54|2080901280000|0.003|0.009|STRUCTURE_TYPE||20A794||
2817|01/01/2023|54|2040079030000|4.905|4.911|STRUCTURE_TYPE||20A796||
2818|01/01/2023|54|2040043000000|2.958|2.986|STRUCTURE_TYPE||20A797||
2819|01/01/2023|54|2040021410000|0.008|0.032|STRUCTURE_TYPE||20A798||
2820|01/01/2023|54|2040043000000|9.213|9.221|STRUCTURE_TYPE||20A799||
2821|01/01/2023|54|2040038000000|0.359|0.363|STRUCTURE_TYPE||20A800||
2822|01/01/2023|54|2040043040000|0.017|0.031|STRUCTURE_TYPE||20A801||
2823|01/01/2023|54|2040043050000|0.004|0.016|STRUCTURE_TYPE||20A802||
2824|01/01/2023|54|20100640000EB|52.409|52.441|STRUCTURE_TYPE||20A803||
2825|01/01/2023|54|20100640000WB|52.703|52.725|STRUCTURE_TYPE||20A804||
2826|01/01/2023|54|2040214120000|0.013|0.021|STRUCTURE_TYPE||20A805||
2827|01/01/2023|54|2040001030000|1.84|1.864|STRUCTURE_TYPE||20A806||
2828|01/01/2023|54|2030061000000|1.582|1.586|STRUCTURE_TYPE||20A807||
2829|01/01/2023|54|20200600000EB|3.325|3.445|STRUCTURE_TYPE||20A809||
2830|01/01/2023|54|2030114000000|4.9|4.91|STRUCTURE_TYPE||20A810||
2831|01/01/2023|54|2040070000000|0.656|0.674|STRUCTURE_TYPE||20A811||
2832|01/01/2023|54|2040057000000|4.816|4.832|STRUCTURE_TYPE||20A812||
2833|01/01/2023|54|2040033000000|5.392|5.404|STRUCTURE_TYPE||20A813||
2834|01/01/2023|54|2040008060000|0.003|0.009|STRUCTURE_TYPE||20A814||
2835|01/01/2023|54|2040043070000|0.125|0.131|STRUCTURE_TYPE||20A815||
2836|01/01/2023|54|2080949000000|0.052|0.06|STRUCTURE_TYPE||20A816||
2837|01/01/2023|54|2030061000000|13.508|13.522|STRUCTURE_TYPE||20A817||
2838|01/01/2023|54|20100770000SB|115.959|115.985|STRUCTURE_TYPE||20A818||
2839|01/01/2023|54|2080901430000|0.085|0.091|STRUCTURE_TYPE||20A819||
2840|01/01/2023|54|20200600000EB|2.856|2.928|STRUCTURE_TYPE||20A820||
2841|01/01/2023|54|20200600000WB|2.852|2.924|STRUCTURE_TYPE||20A821||
2842|01/01/2023|54|2040077010000|4.358|4.368|STRUCTURE_TYPE||20A822||
2843|01/01/2023|54|2030114000000|2.834|2.846|STRUCTURE_TYPE||20A823||
2844|01/01/2023|54|2030114000000|2.889|2.901|STRUCTURE_TYPE||20A824||
2845|01/01/2023|54|2040119140000|4.89|4.894|STRUCTURE_TYPE||20A825||
2846|01/01/2023|54|2040048000000|1.774|1.782|STRUCTURE_TYPE||20A826||
2847|01/01/2023|54|2040030000000|1.175|1.183|STRUCTURE_TYPE||20A827||
2848|01/01/2023|54|2040011000000|0.462|0.472|STRUCTURE_TYPE||20A828||
2849|01/01/2023|54|2040081000000|5.668|5.678|STRUCTURE_TYPE||20A829||
2850|01/01/2023|54|2030061000000|13.09|13.116|STRUCTURE_TYPE||20A830||
2851|01/01/2023|54|20100770000NB|115.959|115.985|STRUCTURE_TYPE||20A831||
2852|01/01/2023|54|2040046000000|1.148|1.158|STRUCTURE_TYPE||20A832||
2853|01/01/2023|54|2040119140000|5.187|5.197|STRUCTURE_TYPE||20A833||
2854|01/01/2023|54|2040073410000|0.008|0.016|STRUCTURE_TYPE||20A834||
2855|01/01/2023|54|2040009000000|3.475|3.483|STRUCTURE_TYPE||20A835||
2856|01/01/2023|54|2040027010000|1.082|1.102|STRUCTURE_TYPE||20A837||
2857|01/01/2023|54|2080955000000|0.024|0.034|STRUCTURE_TYPE||20A838||
2858|01/01/2023|54|2040046000000|2.305|2.315|STRUCTURE_TYPE||20A839||
2859|01/01/2023|54|2040073130000|0.264|0.27|STRUCTURE_TYPE||20A840||
2860|01/01/2023|54|2040081000000|3.526|3.552|STRUCTURE_TYPE||20A841||
2861|01/01/2023|54|20100640000EB|53.183|53.747|STRUCTURE_TYPE||20A842||
2862|01/01/2023|54|2040015000000|13.702|13.712|STRUCTURE_TYPE||20A843||
2863|01/01/2023|54|2040083020000|0.009|0.037|STRUCTURE_TYPE||20A844||
2864|01/01/2023|54|20201190000NB|25.52|25.55|STRUCTURE_TYPE||20A845||
2865|01/01/2023|54|2030214000000|7.964|7.98|STRUCTURE_TYPE||20A846||
2866|01/01/2023|54|2080901600000|0.007|0.017|STRUCTURE_TYPE||20A847||
2867|01/01/2023|54|2040026000000|2.422|2.426|STRUCTURE_TYPE||20A848||
2868|01/01/2023|54|2040083000000|0.949|0.983|STRUCTURE_TYPE||20A849||
2869|01/01/2023|54|2040081000000|4.885|4.891|STRUCTURE_TYPE||20A850||
2870|01/01/2023|54|2040015020000|0.007|0.021|STRUCTURE_TYPE||20A851||
2871|01/01/2023|54|20100790000NB|20.561|20.627|STRUCTURE_TYPE||20A852||
2872|01/01/2023|54|20100790000SB|20.566|20.632|STRUCTURE_TYPE||20A853||
2873|01/01/2023|54|2040011000000|1.262|1.272|STRUCTURE_TYPE||20A854||
2874|01/01/2023|54|2040015000000|14.328|14.338|STRUCTURE_TYPE||20A855||
2875|01/01/2023|54|2040073030000|0.096|0.1|STRUCTURE_TYPE||20A856||
2876|01/01/2023|54|2030025000300|0.112|0.306|STRUCTURE_TYPE||20A857||
2877|01/01/2023|54|2030114000000|2.121|2.145|STRUCTURE_TYPE||20A858||
2878|01/01/2023|54|2040114010000|0.089|0.115|STRUCTURE_TYPE||20A859||
2879|01/01/2023|54|2040060290000|1.817|1.837|STRUCTURE_TYPE||20A860||
2880|01/01/2023|54|2040079040000|0.003|0.017|STRUCTURE_TYPE||20A861||
2881|01/01/2023|54|20100770000NB|110.677|110.725|STRUCTURE_TYPE||20A862||
2882|01/01/2023|54|20100770000SB|110.682|110.73|STRUCTURE_TYPE||20A863||
2883|01/01/2023|54|20100770000NB|111.098|111.14|STRUCTURE_TYPE||20A864||
2884|01/01/2023|54|20100770000SB|111.099|111.141|STRUCTURE_TYPE||20A865||
2885|01/01/2023|54|20100770000NB|112.396|112.464|STRUCTURE_TYPE||20A866||
2886|01/01/2023|54|20100770000SB|112.396|112.464|STRUCTURE_TYPE||20A867||
2887|01/01/2023|54|2040219320000|0.036|0.126|STRUCTURE_TYPE||20A868||
2888|01/01/2023|54|2040024000000|0.509|0.519|STRUCTURE_TYPE||20A869||
2889|01/01/2023|54|2040079020000|0.267|0.289|STRUCTURE_TYPE||20A870||
2890|01/01/2023|54|2040009000000|6.064|6.078|STRUCTURE_TYPE||20A871||
2891|01/01/2023|54|2040045000000|6.067|6.073|STRUCTURE_TYPE||20A872||
2892|01/01/2023|54|2040050000000|0.109|0.117|STRUCTURE_TYPE||20A873||
2893|01/01/2023|54|2040050000000|0.78|0.786|STRUCTURE_TYPE||20A874||
2894|01/01/2023|54|2040050000000|0.873|0.879|STRUCTURE_TYPE||20A875||
2895|01/01/2023|54|2040021240000|1.141|1.155|STRUCTURE_TYPE||20A876||
2896|01/01/2023|54|2040063010000|1.289|1.297|STRUCTURE_TYPE||20A877||
2897|01/01/2023|54|2040063010000|1.405|1.411|STRUCTURE_TYPE||20A878||
2898|01/01/2023|54|2040073010000|0.447|0.457|STRUCTURE_TYPE||20A879||
2899|01/01/2023|54|2040058000000|5.331|5.349|STRUCTURE_TYPE||20A880||
2900|01/01/2023|54|2040043060000|0.034|0.046|STRUCTURE_TYPE||20A881||
2901|01/01/2023|54|2040073000000|11.294|11.3|STRUCTURE_TYPE||20A882||
2902|01/01/2023|54|2040622340000|0.034|0.038|STRUCTURE_TYPE||20A883||
2903|01/01/2023|54|2040021000000|1.395|1.423|STRUCTURE_TYPE||20A884||
2904|01/01/2023|54|2040081000000|5.786|5.794|STRUCTURE_TYPE||20A885||
2905|01/01/2023|54|2040081000000|6.494|6.5|STRUCTURE_TYPE||20A886||
2906|01/01/2023|54|2040057000000|11.198|11.212|STRUCTURE_TYPE||20A891||
2907|01/01/2023|54|2040029020000|0.011|0.031|STRUCTURE_TYPE||20A892||
2908|01/01/2023|54|2040079090000|0.005|0.019|STRUCTURE_TYPE||20A894||
2909|01/01/2023|54|2071025001900|0.478|0.696|STRUCTURE_TYPE||20A901||
2910|01/01/2023|54|2071037001900|0.993|1.085|STRUCTURE_TYPE||20A902||
2911|01/01/2023|54|2071054001900|1.591|1.687|STRUCTURE_TYPE||20A903||
2912|01/01/2023|54|2071038001900|0.92|1.038|STRUCTURE_TYPE||20A904||
2913|01/01/2023|54|2071017001900|0.192|0.272|STRUCTURE_TYPE||20A905||
2914|01/01/2023|54|2000040000000|0.04|0.046|STRUCTURE_TYPE||20A907||
2915|01/01/2023|54|2071063001900|1.243|1.277|STRUCTURE_TYPE||20A909||
2916|01/01/2023|54|2002137000000|0.155|0.241|STRUCTURE_TYPE||20A912||
2917|01/01/2023|54|2004591000000|0.015|0.039|STRUCTURE_TYPE||20A917||
2918|01/01/2023|54|2001858000000|0.004|0.012|STRUCTURE_TYPE||20A918||
2919|01/01/2023|54|2040025680000|0.069|0.073|STRUCTURE_TYPE||20A919||
2920|01/01/2023|54|2000118000000|0.171|0.177|STRUCTURE_TYPE||20A921||
2921|01/01/2023|54|2005728000000|0.365|0.371|STRUCTURE_TYPE||20A922||
2922|01/01/2023|54|2002759000000|0.005|0.011|STRUCTURE_TYPE||20A925||
2923|01/01/2023|54|2001656000000|0.025|0.093|STRUCTURE_TYPE||20A927||
2924|01/01/2023|54|2071069001900|0.057|0.105|STRUCTURE_TYPE||20A928||
2925|01/01/2023|54|2004601000000|0.65|0.664|STRUCTURE_TYPE||20A929||
2926|01/01/2023|54|2040052000000|3.605|3.627|STRUCTURE_TYPE||20A950||
2927|01/01/2023|54|2140001000000|4.172|4.18|STRUCTURE_TYPE||21A002||
2928|01/01/2023|54|2140001000000|6.493|6.499|STRUCTURE_TYPE||21A004||
2929|01/01/2023|54|2140001000000|8.799|8.809|STRUCTURE_TYPE||21A005||
2930|01/01/2023|54|2140001020000|0.372|0.376|STRUCTURE_TYPE||21A006||
2931|01/01/2023|54|2140002000000|6.698|6.708|STRUCTURE_TYPE||21A009||
2932|01/01/2023|54|2130004000000|3.243|3.251|STRUCTURE_TYPE||21A010||
2933|01/01/2023|54|2140006000000|0.556|0.562|STRUCTURE_TYPE||21A011||
2934|01/01/2023|54|2140006000000|4.253|4.257|STRUCTURE_TYPE||21A012||
2935|01/01/2023|54|2140007000000|0.755|0.761|STRUCTURE_TYPE||21A013||
2936|01/01/2023|54|2140007000000|4.059|4.065|STRUCTURE_TYPE||21A014||
2937|01/01/2023|54|2140007000000|4.251|4.301|STRUCTURE_TYPE||21A015||
2938|01/01/2023|54|2140007000000|4.54|4.564|STRUCTURE_TYPE||21A016||
2939|01/01/2023|54|2140007040000|0.59|0.598|STRUCTURE_TYPE||21A017||
2940|01/01/2023|54|2140008000000|0.011|0.033|STRUCTURE_TYPE||21A018||
2941|01/01/2023|54|2140008040000|0.008|0.018|STRUCTURE_TYPE||21A021||
2942|01/01/2023|54|2140009000000|3.571|3.577|STRUCTURE_TYPE||21A022||
2943|01/01/2023|54|2140009040000|1.263|1.269|STRUCTURE_TYPE||21A023||
2944|01/01/2023|54|2140010000000|1.34|1.348|STRUCTURE_TYPE||21A024||
2945|01/01/2023|54|2140010000000|2.841|2.845|STRUCTURE_TYPE||21A025||
2946|01/01/2023|54|2140010000000|8.225|8.233|STRUCTURE_TYPE||21A026||
2947|01/01/2023|54|2140010000000|12.782|12.788|STRUCTURE_TYPE||21A027||
2949|01/01/2023|54|2140010100000|0.007|0.017|STRUCTURE_TYPE||21A032||
2950|01/01/2023|54|2140010110000|3.354|3.362|STRUCTURE_TYPE||21A033||
2951|01/01/2023|54|2140010120000|0.0|0.004|STRUCTURE_TYPE||21A034||
2952|01/01/2023|54|2140011000000|1.757|1.765|STRUCTURE_TYPE||21A035||
2953|01/01/2023|54|2140011000000|4.371|4.375|STRUCTURE_TYPE||21A036||
2954|01/01/2023|54|2140011000000|4.569|4.573|STRUCTURE_TYPE||21A037||
2955|01/01/2023|54|2140011000000|5.147|5.157|STRUCTURE_TYPE||21A038||
2956|01/01/2023|54|2140011000000|6.225|6.239|STRUCTURE_TYPE||21A039||
2957|01/01/2023|54|2140011050000|0.193|0.199|STRUCTURE_TYPE||21A040||
2958|01/01/2023|54|2140011050000|0.587|0.595|STRUCTURE_TYPE||21A041||
2959|01/01/2023|54|2140013000000|4.385|4.411|STRUCTURE_TYPE||21A042||
2960|01/01/2023|54|2140014000000|6.056|6.066|STRUCTURE_TYPE||21A043||
2961|01/01/2023|54|2140015000000|8.737|8.743|STRUCTURE_TYPE||21A045||
2962|01/01/2023|54|2140016000000|1.179|1.193|STRUCTURE_TYPE||21A046||
2963|01/01/2023|54|2140017000000|1.539|1.547|STRUCTURE_TYPE||21A047||
2964|01/01/2023|54|2140018000000|1.173|1.183|STRUCTURE_TYPE||21A048||
2965|01/01/2023|54|21200190000NB|2.054|2.058|STRUCTURE_TYPE||21A051||
2966|01/01/2023|54|21200190000SB|6.48|6.506|STRUCTURE_TYPE||21A053||
2967|01/01/2023|54|21200190000SB|8.976|8.982|STRUCTURE_TYPE||21A054||
2968|01/01/2023|54|21200190000NB|24.747|24.761|STRUCTURE_TYPE||21A060||
2969|01/01/2023|54|21200190000NB|26.57|26.576|STRUCTURE_TYPE||21A061||
2970|01/01/2023|54|21200190000NB|27.221|27.227|STRUCTURE_TYPE||21A062||
2971|01/01/2023|54|21200190000NB|31.424|31.44|STRUCTURE_TYPE||21A063||
2972|01/01/2023|54|2140019170000|2.603|2.611|STRUCTURE_TYPE||21A065||
2973|01/01/2023|54|2140021050000|1.384|1.43|STRUCTURE_TYPE||21A069||
2974|01/01/2023|54|2140022000000|4.424|4.428|STRUCTURE_TYPE||21A070||
2975|01/01/2023|54|2140023000000|4.867|4.873|STRUCTURE_TYPE||21A072||
2976|01/01/2023|54|2140024000000|0.438|0.444|STRUCTURE_TYPE||21A074||
2977|01/01/2023|54|2140030000000|9.909|9.917|STRUCTURE_TYPE||21A080||
2978|01/01/2023|54|2140032000000|2.576|2.58|STRUCTURE_TYPE||21A085||
2979|01/01/2023|54|21200330000EB|1.612|1.618|STRUCTURE_TYPE||21A086||
2980|01/01/2023|54|21200330000EB|4.221|4.233|STRUCTURE_TYPE||21A087||
2981|01/01/2023|54|21200330000EB|4.801|4.807|STRUCTURE_TYPE||21A088||
2982|01/01/2023|54|21200330000EB|13.112|13.116|STRUCTURE_TYPE||21A089||
2983|01/01/2023|54|21200330000WB|16.23|16.242|STRUCTURE_TYPE||21A090||
2984|01/01/2023|54|21200330000EB|17.127|17.159|STRUCTURE_TYPE||21A091||
2985|01/01/2023|54|21200330000EB|21.225|21.251|STRUCTURE_TYPE||21A093||
2986|01/01/2023|54|21200330000EB|22.217|22.245|STRUCTURE_TYPE||21A094||
2987|01/01/2023|54|2140033010000|0.638|0.644|STRUCTURE_TYPE||21A095||
2988|01/01/2023|54|4940007000000|6.185|6.191|STRUCTURE_TYPE||21A096||
2989|01/01/2023|54|2140038030000|0.094|0.126|STRUCTURE_TYPE||21A098||
2990|01/01/2023|54|2140040040000|0.01|0.016|STRUCTURE_TYPE||21A099||
2991|01/01/2023|54|2140044000000|0.015|0.029|STRUCTURE_TYPE||21A100||
2992|01/01/2023|54|2140048030000|0.134|0.14|STRUCTURE_TYPE||21A105||
2993|01/01/2023|54|2140050000000|3.134|3.146|STRUCTURE_TYPE||21A107||
2994|01/01/2023|54|2140050110000|0.021|0.027|STRUCTURE_TYPE||21A108||
2995|01/01/2023|54|2140054000000|0.014|0.02|STRUCTURE_TYPE||21A112||
2996|01/01/2023|54|21100790000NB|88.83|88.836|STRUCTURE_TYPE||21A113||
2997|01/01/2023|54|21100790000NB|90.822|90.862|STRUCTURE_TYPE||21A115||
2998|01/01/2023|54|21100790000SB|90.829|90.867|STRUCTURE_TYPE||21A116||
2999|01/01/2023|54|21100790000NB|95.737|95.821|STRUCTURE_TYPE||21A117||
3000|01/01/2023|54|21100790000SB|95.769|95.853|STRUCTURE_TYPE||21A118||
3001|01/01/2023|54|21100790000NB|98.397|98.455|STRUCTURE_TYPE||21A121||
3002|01/01/2023|54|21100790000SB|98.368|98.428|STRUCTURE_TYPE||21A122||
3003|01/01/2023|54|21100790017NB0099A|0.109|0.173|STRUCTURE_TYPE||21A123||
3004|01/01/2023|54|21100790000NB|98.569|98.607|STRUCTURE_TYPE||21A124||
3005|01/01/2023|54|21100790000SB|98.57|98.608|STRUCTURE_TYPE||21A125||
3006|01/01/2023|54|21100790000NB|101.319|101.377|STRUCTURE_TYPE||21A126||
3007|01/01/2023|54|21100790000SB|101.326|101.378|STRUCTURE_TYPE||21A127||
3008|01/01/2023|54|21100790000NB|104.15|104.176|STRUCTURE_TYPE||21A128||
3009|01/01/2023|54|21100790000SB|104.157|104.183|STRUCTURE_TYPE||21A129||
3010|01/01/2023|54|21100790000NB|104.834|104.84|STRUCTURE_TYPE||21A130||
3011|01/01/2023|54|21100790000NB|106.286|106.37|STRUCTURE_TYPE||21A132||
3012|01/01/2023|54|21100790000SB|106.28|106.364|STRUCTURE_TYPE||21A133||
3013|01/01/2023|54|2140119030000|3.898|3.906|STRUCTURE_TYPE||21A135||
3014|01/01/2023|54|2140119040000|0.014|0.028|STRUCTURE_TYPE||21A136||
3015|01/01/2023|54|2140119140000|1.273|1.283|STRUCTURE_TYPE||21A137||
3016|01/01/2023|54|2140119160000|0.326|0.342|STRUCTURE_TYPE||21A141||
3017|01/01/2023|54|2140119210000|1.7|1.722|STRUCTURE_TYPE||21A142||
3018|01/01/2023|54|2140119260000|0.033|0.049|STRUCTURE_TYPE||21A144||
3019|01/01/2023|54|2140023040000|0.022|0.038|STRUCTURE_TYPE||21A148||
3020|01/01/2023|54|2140026040000|0.058|0.064|STRUCTURE_TYPE||21A150||
3021|01/01/2023|54|21200330000WB|21.24|21.264|STRUCTURE_TYPE||21A152||
3022|01/01/2023|54|21200330000WB|22.22|22.248|STRUCTURE_TYPE||21A153||
3023|01/01/2023|54|2140119080000|0.04|0.046|STRUCTURE_TYPE||21A156||
3024|01/01/2023|54|2140033230000|0.305|0.313|STRUCTURE_TYPE||21A158||
3025|01/01/2023|54|21100790000NB|102.32|102.324|STRUCTURE_TYPE||21A162||
3026|01/01/2023|54|21100790000NB|102.706|102.71|STRUCTURE_TYPE||21A163||
3027|01/01/2023|54|2140019200000|1.956|1.966|STRUCTURE_TYPE||21A164||
3028|01/01/2023|54|2140015000000|2.358|2.376|STRUCTURE_TYPE||21A165||
3029|01/01/2023|54|2140019100000|3.571|3.593|STRUCTURE_TYPE||21A166||
3030|01/01/2023|54|2140023000000|7.915|7.961|STRUCTURE_TYPE||21A167||
3031|01/01/2023|54|2140023000000|8.493|8.531|STRUCTURE_TYPE||21A168||
3032|01/01/2023|54|2140046000000|10.354|10.37|STRUCTURE_TYPE||21A169||
3033|01/01/2023|54|2140044000000|3.246|3.266|STRUCTURE_TYPE||21A170||
3034|01/01/2023|54|21200190000SB|14.73|14.79|STRUCTURE_TYPE||21A171||
3035|01/01/2023|54|2140030120000|0.179|0.211|STRUCTURE_TYPE||21A172||
3036|01/01/2023|54|2140030000000|4.325|4.363|STRUCTURE_TYPE||21A173||
3037|01/01/2023|54|2140019430000|0.006|0.034|STRUCTURE_TYPE||21A174||
3038|01/01/2023|54|2140023070000|0.004|0.012|STRUCTURE_TYPE||21A175||
3039|01/01/2023|54|2140033290000|0.019|0.025|STRUCTURE_TYPE||21A176||
3040|01/01/2023|54|2140030140000|0.245|0.249|STRUCTURE_TYPE||21A177||
3041|01/01/2023|54|2140024000000|5.011|5.049|STRUCTURE_TYPE||21A178||
3042|01/01/2023|54|2140008000000|0.685|0.693|STRUCTURE_TYPE||21A179||
3043|01/01/2023|54|2180908000000|0.133|0.147|STRUCTURE_TYPE||21A181||
3044|01/01/2023|54|2140050060000|0.009|0.027|STRUCTURE_TYPE||21A182||
3045|01/01/2023|54|2140119290000|0.005|0.015|STRUCTURE_TYPE||21A184||
3046|01/01/2023|54|2140001070000|0.59|0.6|STRUCTURE_TYPE||21A185||
3047|01/01/2023|54|2180932000000|0.026|0.032|STRUCTURE_TYPE||21A186||
3048|01/01/2023|54|21200190000SB|9.562|9.568|STRUCTURE_TYPE||21A187||
3049|01/01/2023|54|2140024000000|4.607|4.617|STRUCTURE_TYPE||21A188||
3050|01/01/2023|54|2140014040000|0.072|0.076|STRUCTURE_TYPE||21A189||
3051|01/01/2023|54|2140033250000|0.008|0.02|STRUCTURE_TYPE||21A190||
3052|01/01/2023|54|2140010000000|17.398|17.454|STRUCTURE_TYPE||21A191||
3053|01/01/2023|54|2140008000000|3.177|3.185|STRUCTURE_TYPE||21A192||
3054|01/01/2023|54|2140019520000|0.055|0.061|STRUCTURE_TYPE||21A193||
3055|01/01/2023|54|2140002000000|2.125|2.131|STRUCTURE_TYPE||21A194||
3056|01/01/2023|54|2140119180000|1.88|1.886|STRUCTURE_TYPE||21A195||
3057|01/01/2023|54|2140018000000|6.637|6.649|STRUCTURE_TYPE||21A196||
3058|01/01/2023|54|2140028000000|0.012|0.022|STRUCTURE_TYPE||21A197||
3059|01/01/2023|54|2180902000000|0.028|0.036|STRUCTURE_TYPE||21A198||
3060|01/01/2023|54|2140001000000|0.59|0.602|STRUCTURE_TYPE||21A199||
3061|01/01/2023|54|2140119010000|0.043|0.081|STRUCTURE_TYPE||21A201||
3062|01/01/2023|54|2140026000000|4.512|4.524|STRUCTURE_TYPE||21A202||
3063|01/01/2023|54|2140010000000|3.755|3.759|STRUCTURE_TYPE||21A203||
3064|01/01/2023|54|2140030000000|10.095|10.101|STRUCTURE_TYPE||21A204||
3065|01/01/2023|54|2140020000000|3.168|3.174|STRUCTURE_TYPE||21A205||
3066|01/01/2023|54|2140026030000|0.021|0.027|STRUCTURE_TYPE||21A206||
3067|01/01/2023|54|2140033250000|0.789|0.797|STRUCTURE_TYPE||21A207||
3068|01/01/2023|54|2140044020000|0.539|0.555|STRUCTURE_TYPE||21A208||
3069|01/01/2023|54|21200190000NB|22.023|22.069|STRUCTURE_TYPE||21A209||
3070|01/01/2023|54|2140119070000|0.012|0.018|STRUCTURE_TYPE||21A210||
3071|01/01/2023|54|2140010000000|13.694|13.702|STRUCTURE_TYPE||21A211||
3072|01/01/2023|54|2140001000000|4.651|4.667|STRUCTURE_TYPE||21A212||
3073|01/01/2023|54|2140001070000|1.854|1.864|STRUCTURE_TYPE||21A213||
3074|01/01/2023|54|21200190000SB|3.262|3.276|STRUCTURE_TYPE||21A214||
3075|01/01/2023|54|21200330000EB|18.347|18.361|STRUCTURE_TYPE||21A215||
3076|01/01/2023|54|2140048060000|0.018|0.032|STRUCTURE_TYPE||21A216||
3077|01/01/2023|54|2140009050000|6.306|6.31|STRUCTURE_TYPE||21A217||
3078|01/01/2023|54|2140033220000|0.009|0.023|STRUCTURE_TYPE||21A218||
3079|01/01/2023|54|2140044000000|0.167|0.183|STRUCTURE_TYPE||21A219||
3080|01/01/2023|54|2178007001900|0.005|0.027|STRUCTURE_TYPE||21A905||
3081|01/01/2023|54|2100235000000|0.008|0.018|STRUCTURE_TYPE||21A906||
3082|01/01/2023|54|2100148000000|0.02|0.026|STRUCTURE_TYPE||21A907||
3083|01/01/2023|54|2178006001900|0.654|0.666|STRUCTURE_TYPE||21A908||
3084|01/01/2023|54|2178005001900|0.475|0.485|STRUCTURE_TYPE||21A909||
3085|01/01/2023|54|2100470000000|0.044|0.054|STRUCTURE_TYPE||21A910||
3086|01/01/2023|54|2230003000000|7.009|7.035|STRUCTURE_TYPE||22A001||
3087|01/01/2023|54|2230003000000|7.353|7.375|STRUCTURE_TYPE||22A002||
3088|01/01/2023|54|2230003000000|14.74|14.746|STRUCTURE_TYPE||22A005||
3089|01/01/2023|54|2230003000000|16.269|16.275|STRUCTURE_TYPE||22A006||
3090|01/01/2023|54|2230003000000|16.902|16.906|STRUCTURE_TYPE||22A007||
3091|01/01/2023|54|2230003000000|24.026|24.03|STRUCTURE_TYPE||22A008||
3092|01/01/2023|54|2240003060000|0.021|0.035|STRUCTURE_TYPE||22A009||
3093|01/01/2023|54|2240003140000|2.22|2.242|STRUCTURE_TYPE||22A013||
3094|01/01/2023|54|2240005000000|1.129|1.135|STRUCTURE_TYPE||22A015||
3095|01/01/2023|54|2240005000000|5.341|5.347|STRUCTURE_TYPE||22A016||
3096|01/01/2023|54|2240005000000|7.1|7.108|STRUCTURE_TYPE||22A017||
3097|01/01/2023|54|2240005000000|7.423|7.429|STRUCTURE_TYPE||22A018||
3098|01/01/2023|54|2240005090000|7.729|7.741|STRUCTURE_TYPE||22A019||
3099|01/01/2023|54|2240007000000|0.414|0.42|STRUCTURE_TYPE||22A020||
3100|01/01/2023|54|2240007000000|14.908|14.916|STRUCTURE_TYPE||22A022||
3101|01/01/2023|54|2240007000000|16.738|16.752|STRUCTURE_TYPE||22A023||
3102|01/01/2023|54|2240007000000|18.67|18.676|STRUCTURE_TYPE||22A024||
3103|01/01/2023|54|2240007000000|24.965|24.975|STRUCTURE_TYPE||22A026||
3104|01/01/2023|54|2240007060000|1.454|1.462|STRUCTURE_TYPE||22A028||
3105|01/01/2023|54|2230010000000|5.135|5.199|STRUCTURE_TYPE||22A031||
3106|01/01/2023|54|2230010000000|6.895|6.923|STRUCTURE_TYPE||22A032||
3107|01/01/2023|54|2230010000000|13.369|13.413|STRUCTURE_TYPE||22A035||
3108|01/01/2023|54|2230010000000|17.76|17.792|STRUCTURE_TYPE||22A036||
3109|01/01/2023|54|2230010000000|22.815|22.853|STRUCTURE_TYPE||22A037||
3110|01/01/2023|54|2230010000000|28.382|28.452|STRUCTURE_TYPE||22A038||
3111|01/01/2023|54|2230010000000|31.169|31.179|STRUCTURE_TYPE||22A039||
3112|01/01/2023|54|2240010020000|5.797|5.855|STRUCTURE_TYPE||22A040||
3113|01/01/2023|54|2240011000000|3.487|3.495|STRUCTURE_TYPE||22A041||
3114|01/01/2023|54|2240011000000|4.993|5.003|STRUCTURE_TYPE||22A042||
3115|01/01/2023|54|2240011000000|5.58|5.59|STRUCTURE_TYPE||22A043||
3116|01/01/2023|54|2240011000000|6.377|6.383|STRUCTURE_TYPE||22A044||
3117|01/01/2023|54|2240011000000|7.589|7.643|STRUCTURE_TYPE||22A045||
3118|01/01/2023|54|2240012000000|4.937|4.945|STRUCTURE_TYPE||22A047||
3119|01/01/2023|54|2240013010000|1.855|1.865|STRUCTURE_TYPE||22A048||
3120|01/01/2023|54|2240014020000|4.214|4.22|STRUCTURE_TYPE||22A050||
3121|01/01/2023|54|2240022000000|6.878|6.884|STRUCTURE_TYPE||22A052||
3122|01/01/2023|54|2240022000000|13.729|13.743|STRUCTURE_TYPE||22A053||
3123|01/01/2023|54|2230034000000|2.696|2.704|STRUCTURE_TYPE||22A056||
3124|01/01/2023|54|2240040000000|8.05|8.068|STRUCTURE_TYPE||22A062||
3125|01/01/2023|54|2240040010000|3.497|3.505|STRUCTURE_TYPE||22A063||
3126|01/01/2023|54|2240072010000|0.01|0.018|STRUCTURE_TYPE||22A064||
3127|01/01/2023|54|2240044000000|5.178|5.186|STRUCTURE_TYPE||22A065||
3128|01/01/2023|54|2240046000000|2.393|2.403|STRUCTURE_TYPE||22A066||
3129|01/01/2023|54|2240046000000|5.197|5.223|STRUCTURE_TYPE||22A068||
3130|01/01/2023|54|2240046000000|14.276|14.286|STRUCTURE_TYPE||22A069||
3131|01/01/2023|54|2240050000000|2.983|2.995|STRUCTURE_TYPE||22A072||
3132|01/01/2023|54|2240050000000|4.266|4.276|STRUCTURE_TYPE||22A073||
3133|01/01/2023|54|2240050000000|4.415|4.423|STRUCTURE_TYPE||22A074||
3134|01/01/2023|54|2200383000000|0.015|0.035|STRUCTURE_TYPE||22A079||
3135|01/01/2023|54|2240050020000|0.022|0.032|STRUCTURE_TYPE||22A081||
3136|01/01/2023|54|2240070000000|2.862|2.896|STRUCTURE_TYPE||22A084||
3137|01/01/2023|54|2230214000000|10.156|10.164|STRUCTURE_TYPE||22A085||
3138|01/01/2023|54|2240015020000|0.01|0.02|STRUCTURE_TYPE||22A086||
3139|01/01/2023|54|2240009000000|0.428|0.434|STRUCTURE_TYPE||22A087||
3140|01/01/2023|54|2240005080000|0.962|0.97|STRUCTURE_TYPE||22A088||
3141|01/01/2023|54|2240050010000|2.332|2.342|STRUCTURE_TYPE||22A098||
3142|01/01/2023|54|22201190000NB|7.963|8.057|STRUCTURE_TYPE||22A100||
3143|01/01/2023|54|22201190000SB|7.96|8.054|STRUCTURE_TYPE||22A101||
3144|01/01/2023|54|22201190000NB|0.031|0.083|STRUCTURE_TYPE||22A102||
3145|01/01/2023|54|22201190000SB|0.028|0.08|STRUCTURE_TYPE||22A103||
3146|01/01/2023|54|2240701400000|0.484|0.492|STRUCTURE_TYPE||22A104||
3147|01/01/2023|54|2240019010000|0.084|0.096|STRUCTURE_TYPE||22A105||
3148|01/01/2023|54|2240022000000|1.594|1.6|STRUCTURE_TYPE||22A107||
3149|01/01/2023|54|2240001020000|0.045|0.059|STRUCTURE_TYPE||22A108||
3150|01/01/2023|54|2200023000000|0.079|0.091|STRUCTURE_TYPE||22A110||
3151|01/01/2023|54|2240119010000|0.0|0.003|STRUCTURE_TYPE||22A111||
3152|01/01/2023|54|2240010300000|0.071|0.171|STRUCTURE_TYPE||22A112||
3153|01/01/2023|54|2230034000000|3.953|3.957|STRUCTURE_TYPE||22A114||
3154|01/01/2023|54|2230034000000|5.308|5.342|STRUCTURE_TYPE||22A115||
3155|01/01/2023|54|2240019070000|0.205|0.215|STRUCTURE_TYPE||22A116||
3156|01/01/2023|54|2240064000000|3.212|3.238|STRUCTURE_TYPE||22A117||
3157|01/01/2023|54|2240003070000|0.036|0.054|STRUCTURE_TYPE||22A118||
3158|01/01/2023|54|2240013030000|1.936|1.942|STRUCTURE_TYPE||22A119||
3159|01/01/2023|54|2240003220000|0.221|0.235|STRUCTURE_TYPE||22A121||
3160|01/01/2023|54|2240016000000|7.118|7.124|STRUCTURE_TYPE||22A122||
3161|01/01/2023|54|2240048000000|5.382|5.4|STRUCTURE_TYPE||22A123||
3162|01/01/2023|54|2240019090000|0.016|0.026|STRUCTURE_TYPE||22A124||
3163|01/01/2023|54|2240037020000|3.389|3.399|STRUCTURE_TYPE||22A125||
3164|01/01/2023|54|2240052060000|0.013|0.023|STRUCTURE_TYPE||22A126||
3165|01/01/2023|54|2240068050000|0.039|0.047|STRUCTURE_TYPE||22A127||
3166|01/01/2023|54|2240054050000|0.074|0.082|STRUCTURE_TYPE||22A130||
3167|01/01/2023|54|2240003410000|0.152|0.166|STRUCTURE_TYPE||22A131||
3168|01/01/2023|54|2280943000000|0.057|0.063|STRUCTURE_TYPE||22A132||
3169|01/01/2023|54|2240048030000|0.041|0.045|STRUCTURE_TYPE||22A133||
3170|01/01/2023|54|2240007120000|0.006|0.02|STRUCTURE_TYPE||22A134||
3171|01/01/2023|54|2240052010000|5.194|5.202|STRUCTURE_TYPE||22A135||
3172|01/01/2023|54|2240005140000|0.006|0.012|STRUCTURE_TYPE||22A136||
3173|01/01/2023|54|2280907000000|0.015|0.019|STRUCTURE_TYPE||22A137||
3174|01/01/2023|54|2240046000000|2.763|2.781|STRUCTURE_TYPE||22A138||
3175|01/01/2023|54|2240014010000|4.999|5.009|STRUCTURE_TYPE||22A139||
3176|01/01/2023|54|2240013050000|0.698|0.708|STRUCTURE_TYPE||22A140||
3177|01/01/2023|54|2240046050000|0.084|0.102|STRUCTURE_TYPE||22A141||
3178|01/01/2023|54|2240007090000|0.008|0.018|STRUCTURE_TYPE||22A142||
3179|01/01/2023|54|2240003100000|1.914|1.926|STRUCTURE_TYPE||22A143||
3180|01/01/2023|54|2240008000000|2.956|2.972|STRUCTURE_TYPE||22A144||
3181|01/01/2023|54|2240026000000|0.207|0.213|STRUCTURE_TYPE||22A145||
3182|01/01/2023|54|2230003000000|4.752|4.774|STRUCTURE_TYPE||22A146||
3183|01/01/2023|54|2240001000000|5.327|5.331|STRUCTURE_TYPE||22A147||
3184|01/01/2023|54|2240032000000|9.019|9.051|STRUCTURE_TYPE||22A148||
3185|01/01/2023|54|2240007000000|4.768|4.772|STRUCTURE_TYPE||22A149||
3186|01/01/2023|54|2240010170000|0.603|0.607|STRUCTURE_TYPE||22A150||
3187|01/01/2023|54|2240037010000|1.542|1.55|STRUCTURE_TYPE||22A151||
3188|01/01/2023|54|2240048000000|0.017|0.075|STRUCTURE_TYPE||22A152||
3189|01/01/2023|54|2240007000000|21.173|21.197|STRUCTURE_TYPE||22A153||
3190|01/01/2023|54|2240007000000|15.824|15.832|STRUCTURE_TYPE||22A154||
3191|01/01/2023|54|2240015010000|1.449|1.455|STRUCTURE_TYPE||22A155||
3192|01/01/2023|54|2240015000000|3.756|3.764|STRUCTURE_TYPE||22A156||
3193|01/01/2023|54|2280940000000|0.058|0.064|STRUCTURE_TYPE||22A157||
3194|01/01/2023|54|2240005080000|0.064|0.068|STRUCTURE_TYPE||22A158||
3195|01/01/2023|54|2240007000000|3.143|3.161|STRUCTURE_TYPE||22A159||
3196|01/01/2023|54|2240037020000|2.991|2.997|STRUCTURE_TYPE||22A160||
3197|01/01/2023|54|2240015000000|4.493|4.501|STRUCTURE_TYPE||22A161||
3198|01/01/2023|54|2240007020000|1.947|1.957|STRUCTURE_TYPE||22A162||
3199|01/01/2023|54|2230037000000|3.264|3.276|STRUCTURE_TYPE||22A163||
3200|01/01/2023|54|2240015000000|3.321|3.335|STRUCTURE_TYPE||22A164||
3201|01/01/2023|54|2230010000000|10.759|10.767|STRUCTURE_TYPE||22A165||
3202|01/01/2023|54|2240003100000|0.44|0.45|STRUCTURE_TYPE||22A166||
3203|01/01/2023|54|2230037000000|4.344|4.354|STRUCTURE_TYPE||22A167||
3204|01/01/2023|54|2340004010000|1.46|1.47|STRUCTURE_TYPE||23A002||
3205|01/01/2023|54|2340004010000|0.006|0.014|STRUCTURE_TYPE||23A003||
3206|01/01/2023|54|2340003000000|0.134|0.19|STRUCTURE_TYPE||23A004||
3207|01/01/2023|54|2340003000000|4.304|4.32|STRUCTURE_TYPE||23A005||
3208|01/01/2023|54|2340700570000|0.013|0.019|STRUCTURE_TYPE||23A008||
3209|01/01/2023|54|2340003040000|0.006|0.014|STRUCTURE_TYPE||23A010||
3210|01/01/2023|54|2340004000000|1.952|1.956|STRUCTURE_TYPE||23A012||
3211|01/01/2023|54|2340700990000|0.006|0.024|STRUCTURE_TYPE||23A013||
3212|01/01/2023|54|2340005000000|4.907|4.913|STRUCTURE_TYPE||23A018||
3213|01/01/2023|54|2340005040000|0.012|0.018|STRUCTURE_TYPE||23A021||
3214|01/01/2023|54|2340007000000|0.857|0.863|STRUCTURE_TYPE||23A024||
3215|01/01/2023|54|2340007050000|0.007|0.013|STRUCTURE_TYPE||23A026||
3216|01/01/2023|54|2340009010000|0.125|0.137|STRUCTURE_TYPE||23A027||
3217|01/01/2023|54|2340009010000|3.799|3.807|STRUCTURE_TYPE||23A028||
3218|01/01/2023|54|2340009020000|1.144|1.148|STRUCTURE_TYPE||23A030||
3219|01/01/2023|54|2340009020000|1.581|1.589|STRUCTURE_TYPE||23A031||
3220|01/01/2023|54|2340009020000|1.722|1.73|STRUCTURE_TYPE||23A032||
3221|01/01/2023|54|2340009030000|0.142|0.15|STRUCTURE_TYPE||23A033||
3222|01/01/2023|54|2340009040000|0.011|0.021|STRUCTURE_TYPE||23A034||
3223|01/01/2023|54|2340009050000|0.082|0.096|STRUCTURE_TYPE||23A035||
3224|01/01/2023|54|2340119320000|0.139|0.149|STRUCTURE_TYPE||23A037||
3225|01/01/2023|54|2330010000000|16.134|16.156|STRUCTURE_TYPE||23A038||
3226|01/01/2023|54|2330010000000|19.707|19.729|STRUCTURE_TYPE||23A039||
3227|01/01/2023|54|2330010000000|22.052|22.18|STRUCTURE_TYPE||23A040||
3228|01/01/2023|54|2330010000000|25.873|25.879|STRUCTURE_TYPE||23A041||
3229|01/01/2023|54|2330010000000|37.72|37.77|STRUCTURE_TYPE||23A043||
3230|01/01/2023|54|2340010060000|0.006|0.02|STRUCTURE_TYPE||23A047||
3231|01/01/2023|54|2340010070000|0.004|0.022|STRUCTURE_TYPE||23A048||
3232|01/01/2023|54|2340010140000|0.004|0.054|STRUCTURE_TYPE||23A051||
3233|01/01/2023|54|2340010170000|0.008|0.016|STRUCTURE_TYPE||23A053||
3234|01/01/2023|54|2340017090000|0.027|0.041|STRUCTURE_TYPE||23A054||
3235|01/01/2023|54|2340011030000|0.076|0.088|STRUCTURE_TYPE||23A056||
3236|01/01/2023|54|2340012000000|0.04|0.1|STRUCTURE_TYPE||23A057||
3237|01/01/2023|54|2340012000000|0.612|0.616|STRUCTURE_TYPE||23A058||
3238|01/01/2023|54|2340012000000|4.992|4.998|STRUCTURE_TYPE||23A059||
3239|01/01/2023|54|2340012010000|0.614|0.622|STRUCTURE_TYPE||23A060||
3240|01/01/2023|54|2340014000000|2.152|2.168|STRUCTURE_TYPE||23A062||
3241|01/01/2023|54|2340014000000|3.677|3.691|STRUCTURE_TYPE||23A064||
3242|01/01/2023|54|2340014000000|4.104|4.118|STRUCTURE_TYPE||23A065||
3243|01/01/2023|54|2340014000000|4.429|4.441|STRUCTURE_TYPE||23A066||
3244|01/01/2023|54|2340014000000|5.053|5.061|STRUCTURE_TYPE||23A068||
3245|01/01/2023|54|2340014000000|5.787|5.803|STRUCTURE_TYPE||23A069||
3246|01/01/2023|54|23201190000NB|18.12|18.144|STRUCTURE_TYPE||23A075||
3247|01/01/2023|54|23201190000SB|18.12|18.144|STRUCTURE_TYPE||23A076||
3248|01/01/2023|54|2340016010000|0.169|0.177|STRUCTURE_TYPE||23A077||
3249|01/01/2023|54|2340016010000|0.875|0.883|STRUCTURE_TYPE||23A078||
3250|01/01/2023|54|2340016050000|0.009|0.023|STRUCTURE_TYPE||23A079||
3251|01/01/2023|54|2340016060000|0.643|0.661|STRUCTURE_TYPE||23A081||
3252|01/01/2023|54|2340018000000|0.568|0.574|STRUCTURE_TYPE||23A083||
3253|01/01/2023|54|2340018000000|0.736|0.746|STRUCTURE_TYPE||23A084||
3254|01/01/2023|54|2340018000000|1.839|1.847|STRUCTURE_TYPE||23A085||
3255|01/01/2023|54|23201190000NB|17.368|17.404|STRUCTURE_TYPE||23A086||
3256|01/01/2023|54|2330080000000|0.822|0.848|STRUCTURE_TYPE||23A087||
3257|01/01/2023|54|2330080000000|5.662|5.686|STRUCTURE_TYPE||23A089||
3258|01/01/2023|54|2340080010000|0.0|0.052|STRUCTURE_TYPE||23A090||
3259|01/01/2023|54|23201190000SB|17.368|17.404|STRUCTURE_TYPE||23A091||
3260|01/01/2023|54|2340016000000|3.441|3.463|STRUCTURE_TYPE||23A092||
3261|01/01/2023|54|2340016000000|3.919|3.947|STRUCTURE_TYPE||23A093||
3262|01/01/2023|54|2340016000000|5.051|5.073|STRUCTURE_TYPE||23A094||
3263|01/01/2023|54|23201190000SB|15.572|15.604|STRUCTURE_TYPE||23A095||
3264|01/01/2023|54|2340016000000|10.518|10.522|STRUCTURE_TYPE||23A096||
3265|01/01/2023|54|2340016000000|11.46|11.464|STRUCTURE_TYPE||23A097||
3266|01/01/2023|54|2340016000000|11.974|11.994|STRUCTURE_TYPE||23A098||
3267|01/01/2023|54|2340016000000|12.5|12.506|STRUCTURE_TYPE||23A099||
3268|01/01/2023|54|23201190000SB|15.48|15.514|STRUCTURE_TYPE||23A102||
3269|01/01/2023|54|2330044000000|2.64|2.646|STRUCTURE_TYPE||23A104||
3270|01/01/2023|54|2330044000000|4.87|4.878|STRUCTURE_TYPE||23A105||
3271|01/01/2023|54|2330044000000|6.546|6.55|STRUCTURE_TYPE||23A106||
3272|01/01/2023|54|2330044000000|8.084|8.088|STRUCTURE_TYPE||23A107||
3273|01/01/2023|54|2330044000000|8.632|8.656|STRUCTURE_TYPE||23A108||
3274|01/01/2023|54|2330044000000|9.119|9.145|STRUCTURE_TYPE||23A109||
3275|01/01/2023|54|2330044000000|12.604|12.644|STRUCTURE_TYPE||23A111||
3276|01/01/2023|54|2330044000000|13.142|13.178|STRUCTURE_TYPE||23A112||
3277|01/01/2023|54|2330017000000|1.198|1.204|STRUCTURE_TYPE||23A117||
3278|01/01/2023|54|2330017000000|2.792|2.826|STRUCTURE_TYPE||23A118||
3279|01/01/2023|54|2330017000000|13.901|13.927|STRUCTURE_TYPE||23A123||
3280|01/01/2023|54|2340702220000|0.002|0.008|STRUCTURE_TYPE||23A126||
3281|01/01/2023|54|2340119050000|0.221|0.233|STRUCTURE_TYPE||23A128||
3282|01/01/2023|54|2340119050000|1.001|1.007|STRUCTURE_TYPE||23A129||
3283|01/01/2023|54|2340013000000|0.427|0.433|STRUCTURE_TYPE||23A134||
3284|01/01/2023|54|2340012020000|0.838|0.842|STRUCTURE_TYPE||23A137||
3285|01/01/2023|54|2340119090000|0.012|0.028|STRUCTURE_TYPE||23A138||
3286|01/01/2023|54|2340119180000|0.008|0.022|STRUCTURE_TYPE||23A141||
3287|01/01/2023|54|2340119210000|0.002|0.014|STRUCTURE_TYPE||23A142||
3288|01/01/2023|54|2340003340000|0.008|0.016|STRUCTURE_TYPE||23A146||
3289|01/01/2023|54|2340119240000|0.005|0.017|STRUCTURE_TYPE||23A149||
3290|01/01/2023|54|2340018000000|2.69|2.71|STRUCTURE_TYPE||23A153||
3291|01/01/2023|54|2340119180000|0.092|0.096|STRUCTURE_TYPE||23A155||
3292|01/01/2023|54|2340016100000|0.003|0.011|STRUCTURE_TYPE||23A156||
3293|01/01/2023|54|2340016830000|0.015|0.029|STRUCTURE_TYPE||23A157||
3294|01/01/2023|54|2340119180000|0.252|0.258|STRUCTURE_TYPE||23A162||
3295|01/01/2023|54|2340009020000|2.338|2.346|STRUCTURE_TYPE||23A164||
3296|01/01/2023|54|2340003090000|2.684|2.692|STRUCTURE_TYPE||23A165||
3297|01/01/2023|54|2340003190000|0.009|0.019|STRUCTURE_TYPE||23A166||
3298|01/01/2023|54|2340017080000|0.004|0.022|STRUCTURE_TYPE||23A167||
3299|01/01/2023|54|2340004000000|1.519|1.527|STRUCTURE_TYPE||23A168||
3300|01/01/2023|54|2340119410000|0.005|0.017|STRUCTURE_TYPE||23A169||
3301|01/01/2023|54|23201190000SB|15.3|15.428|STRUCTURE_TYPE||23A173||
3302|01/01/2023|54|2340012010000|1.156|1.162|STRUCTURE_TYPE||23A175||
3303|01/01/2023|54|2340005270000|0.007|0.013|STRUCTURE_TYPE||23A176||
3304|01/01/2023|54|2340016010000|0.007|0.021|STRUCTURE_TYPE||23A177||
3305|01/01/2023|54|2340015000000|4.977|4.983|STRUCTURE_TYPE||23A179||
3306|01/01/2023|54|2340015000000|8.448|8.454|STRUCTURE_TYPE||23A180||
3307|01/01/2023|54|2340016140000|0.013|0.025|STRUCTURE_TYPE||23A181||
3308|01/01/2023|54|2300664000000|0.003|0.017|STRUCTURE_TYPE||23A182||
3309|01/01/2023|54|2340016180000|0.007|0.023|STRUCTURE_TYPE||23A183||
3310|01/01/2023|54|2340702320000|0.004|0.008|STRUCTURE_TYPE||23A187||
3311|01/01/2023|54|2340044040000|0.019|0.025|STRUCTURE_TYPE||23A188||
3312|01/01/2023|54|2340017150000|0.0|0.018|STRUCTURE_TYPE||23A189||
3313|01/01/2023|54|2340010280000|0.006|0.02|STRUCTURE_TYPE||23A190||
3314|01/01/2023|54|2340016480000|0.006|0.02|STRUCTURE_TYPE||23A191||
3315|01/01/2023|54|2340003180000|0.002|0.01|STRUCTURE_TYPE||23A194||
3316|01/01/2023|54|2340005160000|0.003|0.007|STRUCTURE_TYPE||23A195||
3317|01/01/2023|54|2340702080000|0.002|0.008|STRUCTURE_TYPE||23A196||
3318|01/01/2023|54|2340701060000|0.007|0.015|STRUCTURE_TYPE||23A200||
3319|01/01/2023|54|2340009010000|4.422|4.428|STRUCTURE_TYPE||23A202||
3320|01/01/2023|54|23300730000WB|2.137|2.255|STRUCTURE_TYPE||23A209||
3321|01/01/2023|54|2340016240000|0.125|0.149|STRUCTURE_TYPE||23A210||
3322|01/01/2023|54|2340701850000|0.002|0.008|STRUCTURE_TYPE||23A213||
3323|01/01/2023|54|2340010190000|0.01|0.064|STRUCTURE_TYPE||23A221||
3324|01/01/2023|54|2340119650000|0.142|0.148|STRUCTURE_TYPE||23A225||
3325|01/01/2023|54|2340005610000|0.001|0.007|STRUCTURE_TYPE||23A228||
3326|01/01/2023|54|2340701410000|0.065|0.073|STRUCTURE_TYPE||23A231||
3327|01/01/2023|54|2340016490000|0.008|0.022|STRUCTURE_TYPE||23A234||
3328|01/01/2023|54|2330073000000|1.361|1.451|STRUCTURE_TYPE||23A235||
3329|01/01/2023|54|2340016000000|5.998|6.002|STRUCTURE_TYPE||23A239||
3330|01/01/2023|54|2340016000000|8.071|8.075|STRUCTURE_TYPE||23A240||
3331|01/01/2023|54|2340003000000|11.244|11.254|STRUCTURE_TYPE||23A241||
3332|01/01/2023|54|2340013000000|1.754|1.762|STRUCTURE_TYPE||23A243||
3333|01/01/2023|54|2340119050000|1.791|1.801|STRUCTURE_TYPE||23A244||
3334|01/01/2023|54|2340005710000|0.012|0.02|STRUCTURE_TYPE||23A245||
3335|01/01/2023|54|2330010000000|28.607|28.725|STRUCTURE_TYPE||23A246||
3336|01/01/2023|54|2340119150000|0.061|0.071|STRUCTURE_TYPE||23A247||
3337|01/01/2023|54|2340119960000|0.115|0.127|STRUCTURE_TYPE||23A248||
3338|01/01/2023|54|2340119050000|1.45|1.46|STRUCTURE_TYPE||23A249||
3339|01/01/2023|54|2340119050000|3.546|3.556|STRUCTURE_TYPE||23A250||
3340|01/01/2023|54|2340044190000|0.001|0.009|STRUCTURE_TYPE||23A251||
3341|01/01/2023|54|2340700720000|0.007|0.021|STRUCTURE_TYPE||23A252||
3342|01/01/2023|54|23201190000SB|5.101|5.391|STRUCTURE_TYPE||23A253||
3343|01/01/2023|54|23201190000NB|5.859|5.873|STRUCTURE_TYPE||23A254||
3344|01/01/2023|54|2340007130000|0.005|0.009|STRUCTURE_TYPE||23A255||
3345|01/01/2023|54|23201190000SB|3.247|3.479|STRUCTURE_TYPE||23A256||
3346|01/01/2023|54|2340010730000|0.0|0.055|STRUCTURE_TYPE||23A257||
3347|01/01/2023|54|2340119230000|0.006|0.018|STRUCTURE_TYPE||23A258||
3348|01/01/2023|54|2340119050000|4.108|4.118|STRUCTURE_TYPE||23A259||
3349|01/01/2023|54|2340016060000|0.016|0.028|STRUCTURE_TYPE||23A263||
3350|01/01/2023|54|2340119050000|3.257|3.265|STRUCTURE_TYPE||23A264||
3351|01/01/2023|54|2340119980000|0.011|0.043|STRUCTURE_TYPE||23A265||
3352|01/01/2023|54|2340110200000|0.051|0.099|STRUCTURE_TYPE||23A266||
3353|01/01/2023|54|2340003300000|0.003|0.009|STRUCTURE_TYPE||23A267||
3354|01/01/2023|54|2340015010000|0.003|0.013|STRUCTURE_TYPE||23A268||
3355|01/01/2023|54|2340002000000|0.233|0.295|STRUCTURE_TYPE||23A269||
3356|01/01/2023|54|2340110210000|0.007|0.051|STRUCTURE_TYPE||23A270||
3357|01/01/2023|54|2340003410000|0.011|0.019|STRUCTURE_TYPE||23A271||
3358|01/01/2023|54|2340009540000|0.002|0.008|STRUCTURE_TYPE||23A272||
3359|01/01/2023|54|2380913000000|0.027|0.037|STRUCTURE_TYPE||23A273||
3360|01/01/2023|54|2330017000000|12.047|12.073|STRUCTURE_TYPE||23A275||
3361|01/01/2023|54|2380932000000|0.011|0.023|STRUCTURE_TYPE||23A279||
3362|01/01/2023|54|2340119260000|1.145|1.261|STRUCTURE_TYPE||23A280||
3363|01/01/2023|54|2380940000000|0.001|0.007|STRUCTURE_TYPE||23A281||
3364|01/01/2023|54|2340005080000|0.067|0.075|STRUCTURE_TYPE||23A282||
3365|01/01/2023|54|2340002060000|0.006|0.014|STRUCTURE_TYPE||23A284||
3366|01/01/2023|54|2340013000000|0.582|0.588|STRUCTURE_TYPE||23A285||
3367|01/01/2023|54|2340701510000|0.013|0.019|STRUCTURE_TYPE||23A286||
3368|01/01/2023|54|2340119080000|1.118|1.124|STRUCTURE_TYPE||23A288||
3369|01/01/2023|54|2340110200000|0.239|0.273|STRUCTURE_TYPE||23A289||
3370|01/01/2023|54|2240070000000|0.007|0.013|STRUCTURE_TYPE||23A290||
3371|01/01/2023|54|2340005130000|0.007|0.013|STRUCTURE_TYPE||23A291||
3372|01/01/2023|54|2330044000000|4.606|4.61|STRUCTURE_TYPE||23A292||
3373|01/01/2023|54|2340013000000|1.137|1.149|STRUCTURE_TYPE||23A293||
3374|01/01/2023|54|2380949000000|0.003|0.013|STRUCTURE_TYPE||23A296||
3375|01/01/2023|54|2340700580000|0.014|0.02|STRUCTURE_TYPE||23A297||
3376|01/01/2023|54|2340005720000|0.009|0.019|STRUCTURE_TYPE||23A298||
3377|01/01/2023|54|2330080000000|2.053|2.063|STRUCTURE_TYPE||23A299||
3378|01/01/2023|54|2340007190000|0.005|0.015|STRUCTURE_TYPE||23A301||
3379|01/01/2023|54|2340010100000|0.005|0.021|STRUCTURE_TYPE||23A302||
3380|01/01/2023|54|2330010000000|8.142|8.298|STRUCTURE_TYPE||23A303||
3381|01/01/2023|54|2340009060000|0.016|0.028|STRUCTURE_TYPE||23A304||
3382|01/01/2023|54|2340003000000|11.855|11.861|STRUCTURE_TYPE||23A305||
3383|01/01/2023|54|2330017000000|0.312|0.328|STRUCTURE_TYPE||23A306||
3384|01/01/2023|54|2380928000000|0.007|0.015|STRUCTURE_TYPE||23A307||
3385|01/01/2023|54|2330044000000|11.434|11.462|STRUCTURE_TYPE||23A309||
3386|01/01/2023|54|2330017000000|3.807|3.817|STRUCTURE_TYPE||23A310||
3387|01/01/2023|54|2300471000000|0.144|0.158|STRUCTURE_TYPE||23A311||
3388|01/01/2023|54|2300471000000|0.51|0.56|STRUCTURE_TYPE||23A312||
3389|01/01/2023|54|2340004000000|0.483|0.491|STRUCTURE_TYPE||23A314||
3390|01/01/2023|54|2340014000000|9.725|9.749|STRUCTURE_TYPE||23A315||
3391|01/01/2023|54|2340010120000|0.0|0.011|STRUCTURE_TYPE||23A316||
3392|01/01/2023|54|2330017000000|10.401|10.419|STRUCTURE_TYPE||23A338||
3393|01/01/2023|54|2340016080000|0.224|0.242|STRUCTURE_TYPE||23A339||
3394|01/01/2023|54|2340119340000|0.005|0.015|STRUCTURE_TYPE||23A340||
3395|01/01/2023|54|2340009260000|0.016|0.024|STRUCTURE_TYPE||23A342||
3396|01/01/2023|54|2340005010000|0.896|0.902|STRUCTURE_TYPE||23A343||
3397|01/01/2023|54|23300100000SB|8.595|9.017|STRUCTURE_TYPE||23A344||
3398|01/01/2023|54|2330010000000|8.627|9.047|STRUCTURE_TYPE||23A345||
3399|01/01/2023|54|2340011020000|0.003|0.053|STRUCTURE_TYPE||23A346||
3400|01/01/2023|54|2340007000000|0.326|0.34|STRUCTURE_TYPE||23A347||
3401|01/01/2023|54|2330010000000|9.781|9.801|STRUCTURE_TYPE||23A348||
3402|01/01/2023|54|2330010000000|11.319|11.341|STRUCTURE_TYPE||23A349||
3403|01/01/2023|54|2330010000000|11.378|11.4|STRUCTURE_TYPE||23A350||
3404|01/01/2023|54|2330010000000|11.979|12.163|STRUCTURE_TYPE||23A351||
3405|01/01/2023|54|2340016000000|14.317|14.331|STRUCTURE_TYPE||23A352||
3406|01/01/2023|54|2330017000000|18.558|18.584|STRUCTURE_TYPE||23A353||
3407|01/01/2023|54|2340016240000|1.394|1.414|STRUCTURE_TYPE||23A354||
3408|01/01/2023|54|2340005010000|0.529|0.535|STRUCTURE_TYPE||23A355||
3409|01/01/2023|54|2340100000000|4.667|4.697|STRUCTURE_TYPE||23A356||
3410|01/01/2023|54|2340009080000|0.055|0.063|STRUCTURE_TYPE||23A357||
3411|01/01/2023|54|2340007000000|1.419|1.427|STRUCTURE_TYPE||23A358||
3412|01/01/2023|54|2340014000000|4.73|4.738|STRUCTURE_TYPE||23A359||
3413|01/01/2023|54|2340014000000|2.722|2.73|STRUCTURE_TYPE||23A360||
3414|01/01/2023|54|23300100024SB|12.981|13.111|STRUCTURE_TYPE||23A361||
3415|01/01/2023|54|2330073000000|2.283|2.377|STRUCTURE_TYPE||23A362||
3416|01/01/2023|54|23300100000SB|11.95|12.16|STRUCTURE_TYPE||23A363||
3417|01/01/2023|54|2340010430000|0.008|0.022|STRUCTURE_TYPE||23A364||
3418|01/01/2023|54|2330010002400|20.117|20.277|STRUCTURE_TYPE||23A365||
3419|01/01/2023|54|2340012040000|0.07|0.132|STRUCTURE_TYPE||23A366||
3420|01/01/2023|54|2340010020000|1.515|1.529|STRUCTURE_TYPE||23A367||
3421|01/01/2023|54|2340014002400|0.044|0.15|STRUCTURE_TYPE||23A368||
3422|01/01/2023|54|2340014002400|0.282|0.334|STRUCTURE_TYPE||23A369||
3423|01/01/2023|54|2340007000000|0.781|0.791|STRUCTURE_TYPE||23A370||
3424|01/01/2023|54|23201190000NB|15.567|15.599|STRUCTURE_TYPE||23A371||
3425|01/01/2023|54|23201190000NB|15.301|15.429|STRUCTURE_TYPE||23A372||
3426|01/01/2023|54|2340119380000|0.002|0.01|STRUCTURE_TYPE||23A373||
3427|01/01/2023|54|2340007000000|3.437|3.445|STRUCTURE_TYPE||23A374||
3428|01/01/2023|54|2330017000000|16.408|16.422|STRUCTURE_TYPE||23A375||
3429|01/01/2023|54|23300100024SB|13.309|13.371|STRUCTURE_TYPE||23A376||
3430|01/01/2023|54|2330010002400|15.098|15.126|STRUCTURE_TYPE||23A377||
3431|01/01/2023|54|23300100024SB|15.119|15.135|STRUCTURE_TYPE||23A378||
3432|01/01/2023|54|2330010002400|14.584|14.684|STRUCTURE_TYPE||23A379||
3433|01/01/2023|54|2340003430000|0.143|0.149|STRUCTURE_TYPE||23A380||
3434|01/01/2023|54|2330044000000|16.997|17.017|STRUCTURE_TYPE||23A381||
3435|01/01/2023|54|2330010000000|21.791|21.853|STRUCTURE_TYPE||23A382||
3436|01/01/2023|54|2340005000000|4.515|4.527|STRUCTURE_TYPE||23A383||
3437|01/01/2023|54|2330017000000|10.335|10.341|STRUCTURE_TYPE||23A384||
3438|01/01/2023|54|2340119260000|0.344|0.362|STRUCTURE_TYPE||23A386||
3439|01/01/2023|54|2340119260000|0.421|0.437|STRUCTURE_TYPE||23A388||
3440|01/01/2023|54|2440001000000|1.854|1.868|STRUCTURE_TYPE||24A001||
3441|01/01/2023|54|2440001000000|6.299|6.309|STRUCTURE_TYPE||24A003||
3442|01/01/2023|54|2440003020000|9.476|9.484|STRUCTURE_TYPE||24A004||
3443|01/01/2023|54|2440001010000|1.721|1.727|STRUCTURE_TYPE||24A006||
3444|01/01/2023|54|2440001020000|0.285|0.291|STRUCTURE_TYPE||24A008||
3445|01/01/2023|54|2440001040000|1.398|1.406|STRUCTURE_TYPE||24A012||
3446|01/01/2023|54|2440002020000|0.03|0.042|STRUCTURE_TYPE||24A015||
3447|01/01/2023|54|2440002000000|12.635|12.643|STRUCTURE_TYPE||24A016||
3448|01/01/2023|54|2440003010000|0.013|0.019|STRUCTURE_TYPE||24A018||
3449|01/01/2023|54|2440003020000|7.77|7.786|STRUCTURE_TYPE||24A020||
3450|01/01/2023|54|2440003020000|8.42|8.436|STRUCTURE_TYPE||24A021||
3451|01/01/2023|54|2440003020000|12.678|12.694|STRUCTURE_TYPE||24A022||
3452|01/01/2023|54|2440003020000|13.398|13.404|STRUCTURE_TYPE||24A023||
3453|01/01/2023|54|2440003040000|2.828|2.834|STRUCTURE_TYPE||24A024||
3454|01/01/2023|54|2440052200000|0.1|0.11|STRUCTURE_TYPE||24A027||
3455|01/01/2023|54|2440005020000|4.153|4.159|STRUCTURE_TYPE||24A029||
3456|01/01/2023|54|2440005020000|4.447|4.487|STRUCTURE_TYPE||24A031||
3457|01/01/2023|54|2440005100000|0.004|0.024|STRUCTURE_TYPE||24A033||
3458|01/01/2023|54|2440007000000|5.787|5.821|STRUCTURE_TYPE||24A038||
3459|01/01/2023|54|2440007000000|6.563|6.591|STRUCTURE_TYPE||24A039||
3460|01/01/2023|54|2440007000000|5.191|5.231|STRUCTURE_TYPE||24A042||
3461|01/01/2023|54|2440007000000|5.334|5.374|STRUCTURE_TYPE||24A044||
3462|01/01/2023|54|2440008000000|1.168|1.178|STRUCTURE_TYPE||24A048||
3463|01/01/2023|54|2440008000000|3.649|3.655|STRUCTURE_TYPE||24A053||
3464|01/01/2023|54|2440009000000|3.783|3.803|STRUCTURE_TYPE||24A063||
3465|01/01/2023|54|2440009000000|7.015|7.035|STRUCTURE_TYPE||24A069||
3466|01/01/2023|54|2440009060000|0.835|0.843|STRUCTURE_TYPE||24A073||
3467|01/01/2023|54|2440011000000|0.016|0.036|STRUCTURE_TYPE||24A076||
3468|01/01/2023|54|2440011000000|1.969|1.983|STRUCTURE_TYPE||24A078||
3469|01/01/2023|54|2440012030000|0.083|0.089|STRUCTURE_TYPE||24A079||
3470|01/01/2023|54|2440012040000|1.22|1.226|STRUCTURE_TYPE||24A085||
3471|01/01/2023|54|2440012060000|0.108|0.12|STRUCTURE_TYPE||24A088||
3472|01/01/2023|54|2440013000000|3.478|3.488|STRUCTURE_TYPE||24A092||
3473|01/01/2023|54|2440013020000|9.799|9.805|STRUCTURE_TYPE||24A097||
3474|01/01/2023|54|2440013030000|0.008|0.014|STRUCTURE_TYPE||24A098||
3475|01/01/2023|54|2430016000000|0.147|0.157|STRUCTURE_TYPE||24A099||
3476|01/01/2023|54|2430016000000|6.299|6.315|STRUCTURE_TYPE||24A100||
3477|01/01/2023|54|2430016000000|6.457|6.471|STRUCTURE_TYPE||24A101||
3478|01/01/2023|54|2430016000000|6.552|6.564|STRUCTURE_TYPE||24A102||
3479|01/01/2023|54|2430016000000|7.702|7.716|STRUCTURE_TYPE||24A103||
3480|01/01/2023|54|2430016000000|9.46|9.474|STRUCTURE_TYPE||24A105||
3481|01/01/2023|54|2430016000000|13.388|13.416|STRUCTURE_TYPE||24A107||
3482|01/01/2023|54|2440017000000|0.051|0.067|STRUCTURE_TYPE||24A112||
3483|01/01/2023|54|2440017000000|6.065|6.075|STRUCTURE_TYPE||24A117||
3484|01/01/2023|54|2440017030000|0.066|0.074|STRUCTURE_TYPE||24A120||
3485|01/01/2023|54|2440052730000|0.0|0.034|STRUCTURE_TYPE||24A122||
3486|01/01/2023|54|24200520000WB|15.454|15.462|STRUCTURE_TYPE||24A127||
3487|01/01/2023|54|24200520000WB|20.044|20.06|STRUCTURE_TYPE||24A129||
3488|01/01/2023|54|24200520000EB|24.528|24.572|STRUCTURE_TYPE||24A130||
3490|01/01/2023|54|24200520000EB|28.953|28.959|STRUCTURE_TYPE||24A132||
3491|01/01/2023|54|24200520000EB|30.795|30.821|STRUCTURE_TYPE||24A133||
3492|01/01/2023|54|24200520000EB|31.181|31.213|STRUCTURE_TYPE||24A134||
3493|01/01/2023|54|24200520000EB|33.143|33.159|STRUCTURE_TYPE||24A137||
3494|01/01/2023|54|24200520000EB|40.463|40.467|STRUCTURE_TYPE||24A138||
3495|01/01/2023|54|24200520001EB|1.272|1.286|STRUCTURE_TYPE||24A139||
3496|01/01/2023|54|2440052060000|1.884|1.892|STRUCTURE_TYPE||24A143||
3497|01/01/2023|54|2440052060000|3.294|3.3|STRUCTURE_TYPE||24A145||
3498|01/01/2023|54|2440052080000|0.107|0.117|STRUCTURE_TYPE||24A146||
3499|01/01/2023|54|2440052080000|0.353|0.361|STRUCTURE_TYPE||24A149||
3500|01/01/2023|54|2440052110000|0.103|0.113|STRUCTURE_TYPE||24A152||
3501|01/01/2023|54|2440052170000|1.069|1.083|STRUCTURE_TYPE||24A157||
3502|01/01/2023|54|2430080000000|3.381|3.387|STRUCTURE_TYPE||24A160||
3503|01/01/2023|54|2430080000000|11.09|11.128|STRUCTURE_TYPE||24A161||
3504|01/01/2023|54|2430083000000|6.945|6.955|STRUCTURE_TYPE||24A164||
3505|01/01/2023|54|2430083000000|9.423|9.437|STRUCTURE_TYPE||24A165||
3506|01/01/2023|54|2430083000000|14.073|14.095|STRUCTURE_TYPE||24A166||
3507|01/01/2023|54|2430083000000|17.686|17.694|STRUCTURE_TYPE||24A167||
3508|01/01/2023|54|2430083000000|17.818|17.826|STRUCTURE_TYPE||24A169||
3509|01/01/2023|54|2440083030000|0.007|0.025|STRUCTURE_TYPE||24A171||
3510|01/01/2023|54|2440083010000|0.17|0.176|STRUCTURE_TYPE||24A173||
3511|01/01/2023|54|2440083130000|1.235|1.241|STRUCTURE_TYPE||24A177||
3513|01/01/2023|54|2440102010000|0.301|0.317|STRUCTURE_TYPE||24A184||
3514|01/01/2023|54|2440102710000|0.317|0.331|STRUCTURE_TYPE||24A185||
3515|01/01/2023|54|2430161000000|13.23|13.236|STRUCTURE_TYPE||24A188||
3516|01/01/2023|54|2430161000000|14.036|14.046|STRUCTURE_TYPE||24A189||
3517|01/01/2023|54|2440017070000|0.008|0.014|STRUCTURE_TYPE||24A191||
3518|01/01/2023|54|2440635010000|0.026|0.032|STRUCTURE_TYPE||24A195||
3519|01/01/2023|54|24200520001EB|1.089|1.105|STRUCTURE_TYPE||24A204||
3520|01/01/2023|54|2440052060000|2.83|2.836|STRUCTURE_TYPE||24A205||
3521|01/01/2023|54|2400378000000|0.009|0.017|STRUCTURE_TYPE||24A206||
3522|01/01/2023|54|2440052080000|0.936|0.942|STRUCTURE_TYPE||24A207||
3523|01/01/2023|54|2440052210000|0.0|0.028|STRUCTURE_TYPE||24A208||
3524|01/01/2023|54|2440080030000|0.0|0.016|STRUCTURE_TYPE||24A210||
3525|01/01/2023|54|2440083130000|1.407|1.413|STRUCTURE_TYPE||24A211||
3526|01/01/2023|54|2440161040000|0.005|0.015|STRUCTURE_TYPE||24A212||
3527|01/01/2023|54|2440635020000|0.0|0.005|STRUCTURE_TYPE||24A214||
3528|01/01/2023|54|2440005020000|4.365|4.371|STRUCTURE_TYPE||24A215||
3529|01/01/2023|54|2440052030000|0.262|0.274|STRUCTURE_TYPE||24A217||
3530|01/01/2023|54|2440103070000|0.001|0.011|STRUCTURE_TYPE||24A220||
3531|01/01/2023|54|2440052040000|0.784|0.792|STRUCTURE_TYPE||24A221||
3532|01/01/2023|54|2440016170000|0.044|0.054|STRUCTURE_TYPE||24A222||
3533|01/01/2023|54|2400567000000|0.0|0.022|STRUCTURE_TYPE||24A225||
3534|01/01/2023|54|2440102710000|0.004|0.014|STRUCTURE_TYPE||24A226||
3535|01/01/2023|54|2440016120000|0.013|0.023|STRUCTURE_TYPE||24A228||
3536|01/01/2023|54|2440103050000|0.108|0.122|STRUCTURE_TYPE||24A229||
3537|01/01/2023|54|2440007080000|0.241|0.265|STRUCTURE_TYPE||24A230||
3538|01/01/2023|54|2440016130000|0.009|0.019|STRUCTURE_TYPE||24A231||
3539|01/01/2023|54|2440009070000|0.02|0.03|STRUCTURE_TYPE||24A233||
3540|01/01/2023|54|2440004030000|0.284|0.29|STRUCTURE_TYPE||24A234||
3541|01/01/2023|54|2440052290000|0.04|0.056|STRUCTURE_TYPE||24A235||
3542|01/01/2023|54|2440052010000|2.838|2.844|STRUCTURE_TYPE||24A236||
3543|01/01/2023|54|2440016090000|0.003|0.011|STRUCTURE_TYPE||24A239||
3544|01/01/2023|54|2440017080000|0.099|0.105|STRUCTURE_TYPE||24A241||
3545|01/01/2023|54|2440006000000|0.422|0.436|STRUCTURE_TYPE||24A242||
3546|01/01/2023|54|2440008000000|0.03|0.04|STRUCTURE_TYPE||24A243||
3547|01/01/2023|54|2440007000000|13.84|13.854|STRUCTURE_TYPE||24A244||
3548|01/01/2023|54|2440083130000|3.1|3.108|STRUCTURE_TYPE||24A245||
3549|01/01/2023|54|2440009000000|6.346|6.366|STRUCTURE_TYPE||24A246||
3550|01/01/2023|54|24200520000EB|9.576|9.59|STRUCTURE_TYPE||24A247||
3551|01/01/2023|54|2440008000000|2.41|2.418|STRUCTURE_TYPE||24A248||
3552|01/01/2023|54|2440009050000|0.002|0.014|STRUCTURE_TYPE||24A249||
3553|01/01/2023|54|2440001000000|8.537|8.649|STRUCTURE_TYPE||24A250||
3554|01/01/2023|54|2440009000000|6.045|6.057|STRUCTURE_TYPE||24A251||
3555|01/01/2023|54|2440161030000|0.019|0.025|STRUCTURE_TYPE||24A252||
3556|01/01/2023|54|2440010000000|1.75|1.76|STRUCTURE_TYPE||24A255||
3557|01/01/2023|54|2430016000000|22.08|22.084|STRUCTURE_TYPE||24A257||
3558|01/01/2023|54|2440012100000|0.188|0.194|STRUCTURE_TYPE||24A260||
3559|01/01/2023|54|2440012100000|0.015|0.021|STRUCTURE_TYPE||24A261||
3560|01/01/2023|54|2440017000000|6.687|6.691|STRUCTURE_TYPE||24A262||
3561|01/01/2023|54|2440052320000|0.0|0.015|STRUCTURE_TYPE||24A263||
3562|01/01/2023|54|2440052370000|0.01|0.034|STRUCTURE_TYPE||24A264||
3563|01/01/2023|54|2440012040000|1.137|1.145|STRUCTURE_TYPE||24A265||
3564|01/01/2023|54|2440009000000|4.381|4.401|STRUCTURE_TYPE||24A266||
3565|01/01/2023|54|2440008000000|0.758|0.766|STRUCTURE_TYPE||24A267||
3566|01/01/2023|54|24200520000EB|31.883|31.993|STRUCTURE_TYPE||24A268||
3567|01/01/2023|54|2430016000000|13.682|13.712|STRUCTURE_TYPE||24A269||
3568|01/01/2023|54|2440009000000|1.931|1.943|STRUCTURE_TYPE||24A271||
3569|01/01/2023|54|2440009060000|0.0|0.015|STRUCTURE_TYPE||24A272||
3570|01/01/2023|54|24200520000EB|3.929|4.071|STRUCTURE_TYPE||24A273||
3571|01/01/2023|54|2440006050000|0.008|0.018|STRUCTURE_TYPE||24A274||
3572|01/01/2023|54|2440016390000|0.002|0.008|STRUCTURE_TYPE||24A275||
3573|01/01/2023|54|2440016480000|0.037|0.077|STRUCTURE_TYPE||24A276||
3574|01/01/2023|54|2440080050000|0.0|0.024|STRUCTURE_TYPE||24A278||
3575|01/01/2023|54|2440052060000|1.421|1.429|STRUCTURE_TYPE||24A279||
3576|01/01/2023|54|2430016000000|29.532|29.54|STRUCTURE_TYPE||24A280||
3577|01/01/2023|54|2440083130000|1.001|1.007|STRUCTURE_TYPE||24A281||
3578|01/01/2023|54|2440016470000|0.006|0.028|STRUCTURE_TYPE||24A286||
3579|01/01/2023|54|2440016570000|0.013|0.019|STRUCTURE_TYPE||24A287||
3580|01/01/2023|54|2440016520000|0.054|0.066|STRUCTURE_TYPE||24A289||
3581|01/01/2023|54|2440009000000|2.786|2.802|STRUCTURE_TYPE||24A290||
3582|01/01/2023|54|24200520000EB|32.951|32.969|STRUCTURE_TYPE||24A291||
3583|01/01/2023|54|2440052610000|0.03|0.042|STRUCTURE_TYPE||24A292||
3584|01/01/2023|54|2440052190000|0.001|0.011|STRUCTURE_TYPE||24A293||
3585|01/01/2023|54|2440012040000|0.007|0.029|STRUCTURE_TYPE||24A294||
3586|01/01/2023|54|24200520000EB|12.787|12.795|STRUCTURE_TYPE||24A295||
3587|01/01/2023|54|2440017160000|0.005|0.013|STRUCTURE_TYPE||24A297||
3588|01/01/2023|54|2440009000000|0.583|0.603|STRUCTURE_TYPE||24A298||
3589|01/01/2023|54|2440017130000|0.091|0.101|STRUCTURE_TYPE||24A299||
3590|01/01/2023|54|2440017050000|0.002|0.01|STRUCTURE_TYPE||24A300||
3591|01/01/2023|54|2440052980000|0.006|0.014|STRUCTURE_TYPE||24A301||
3592|01/01/2023|54|2440017060000|0.006|0.012|STRUCTURE_TYPE||24A302||
3593|01/01/2023|54|2440013000000|2.339|2.345|STRUCTURE_TYPE||24A303||
3594|01/01/2023|54|2440080020000|0.0|0.03|STRUCTURE_TYPE||24A304||
3595|01/01/2023|54|2430635000000|3.651|3.657|STRUCTURE_TYPE||24A305||
3596|01/01/2023|54|2440017110000|0.019|0.029|STRUCTURE_TYPE||24A306||
3597|01/01/2023|54|2440012040000|0.117|0.127|STRUCTURE_TYPE||24A307||
3598|01/01/2023|54|2440017120000|0.009|0.015|STRUCTURE_TYPE||24A308||
3599|01/01/2023|54|2440083190000|0.59|0.61|STRUCTURE_TYPE||24A309||
3600|01/01/2023|54|2440013010000|0.26|0.266|STRUCTURE_TYPE||24A310||
3601|01/01/2023|54|2440013010000|0.739|0.745|STRUCTURE_TYPE||24A311||
3602|01/01/2023|54|2440008000000|3.031|3.039|STRUCTURE_TYPE||24A312||
3603|01/01/2023|54|2440008040000|0.029|0.035|STRUCTURE_TYPE||24A313||
3604|01/01/2023|54|2440013010000|0.036|0.052|STRUCTURE_TYPE||24A314||
3605|01/01/2023|54|2440017000000|1.152|1.166|STRUCTURE_TYPE||24A315||
3606|01/01/2023|54|2440017000000|2.14|2.154|STRUCTURE_TYPE||24A317||
3607|01/01/2023|54|2440083200000|0.038|0.056|STRUCTURE_TYPE||24A318||
3608|01/01/2023|54|2440013000000|2.714|2.72|STRUCTURE_TYPE||24A319||
3609|01/01/2023|54|2440052060000|1.627|1.633|STRUCTURE_TYPE||24A320||
3610|01/01/2023|54|2440083150000|0.014|0.022|STRUCTURE_TYPE||24A321||
3611|01/01/2023|54|2440083230000|0.009|0.017|STRUCTURE_TYPE||24A322||
3612|01/01/2023|54|2440083020000|0.03|0.054|STRUCTURE_TYPE||24A323||
3613|01/01/2023|54|2440001020000|1.752|1.762|STRUCTURE_TYPE||24A324||
3614|01/01/2023|54|2440052900000|0.02|0.026|STRUCTURE_TYPE||24A325||
3615|01/01/2023|54|2440001020000|3.975|4.029|STRUCTURE_TYPE||24A326||
3616|01/01/2023|54|2440084020000|0.013|0.021|STRUCTURE_TYPE||24A327||
3617|01/01/2023|54|2440016590000|0.012|0.018|STRUCTURE_TYPE||24A328||
3618|01/01/2023|54|2440017000000|0.472|0.484|STRUCTURE_TYPE||24A329||
3619|01/01/2023|54|2440635030000|0.0|0.006|STRUCTURE_TYPE||24A340||
3620|01/01/2023|54|2480902470000|0.0|0.01|STRUCTURE_TYPE||24A341||
3621|01/01/2023|54|2440102510000|0.016|0.024|STRUCTURE_TYPE||24A342||
3622|01/01/2023|54|2440005030000|3.131|3.161|STRUCTURE_TYPE||24A343||
3623|01/01/2023|54|2480901440000|0.014|0.018|STRUCTURE_TYPE||24A344||
3624|01/01/2023|54|2480901510000|0.022|0.03|STRUCTURE_TYPE||24A345||
3625|01/01/2023|54|2480901590000|0.006|0.014|STRUCTURE_TYPE||24A346||
3626|01/01/2023|54|2480902180000|0.026|0.032|STRUCTURE_TYPE||24A347||
3627|01/01/2023|54|2480902790000|0.0|0.005|STRUCTURE_TYPE||24A348||
3628|01/01/2023|54|2480902490000|0.005|0.009|STRUCTURE_TYPE||24A349||
3629|01/01/2023|54|2480902490000|0.119|0.125|STRUCTURE_TYPE||24A350||
3630|01/01/2023|54|2440102740000|0.004|0.01|STRUCTURE_TYPE||24A351||
3631|01/01/2023|54|2440004000000|0.093|0.099|STRUCTURE_TYPE||24A352||
3632|01/01/2023|54|2430080000000|0.741|0.747|STRUCTURE_TYPE||24A353||
3633|01/01/2023|54|2430080000000|0.021|0.035|STRUCTURE_TYPE||24A354||
3634|01/01/2023|54|2480902680000|0.001|0.009|STRUCTURE_TYPE||24A355||
3635|01/01/2023|54|2440001000000|3.544|3.584|STRUCTURE_TYPE||24A356||
3636|01/01/2023|54|2440083140000|0.029|0.049|STRUCTURE_TYPE||24A357||
3637|01/01/2023|54|2440007130000|0.0|0.026|STRUCTURE_TYPE||24A358||
3638|01/01/2023|54|2440008020000|1.507|1.517|STRUCTURE_TYPE||24A359||
3639|01/01/2023|54|2480958000000|0.014|0.042|STRUCTURE_TYPE||24A360||
3640|01/01/2023|54|2480963000000|0.003|0.015|STRUCTURE_TYPE||24A362||
3641|01/01/2023|54|2480997000000|0.004|0.008|STRUCTURE_TYPE||24A363||
3642|01/01/2023|54|2480994000000|0.007|0.013|STRUCTURE_TYPE||24A364||
3643|01/01/2023|54|2440083510000|0.002|0.008|STRUCTURE_TYPE||24A365||
3644|01/01/2023|54|2480966000000|0.07|0.074|STRUCTURE_TYPE||24A366||
3645|01/01/2023|54|2480902210000|0.01|0.02|STRUCTURE_TYPE||24A367||
3646|01/01/2023|54|2440052010000|9.894|9.922|STRUCTURE_TYPE||24A368||
3647|01/01/2023|54|2440016490000|0.101|0.115|STRUCTURE_TYPE||24A369||
3648|01/01/2023|54|2440052560000|0.009|0.025|STRUCTURE_TYPE||24A370||
3649|01/01/2023|54|2440052120000|0.365|0.375|STRUCTURE_TYPE||24A371||
3650|01/01/2023|54|2440017000000|5.628|5.634|STRUCTURE_TYPE||24A372||
3651|01/01/2023|54|2440007070000|0.582|0.586|STRUCTURE_TYPE||24A373||
3652|01/01/2023|54|2440052580000|0.141|0.149|STRUCTURE_TYPE||24A374||
3653|01/01/2023|54|2440003000000|0.059|0.079|STRUCTURE_TYPE||24A375||
3654|01/01/2023|54|2440052830000|0.007|0.025|STRUCTURE_TYPE||24A376||
3655|01/01/2023|54|2440001030000|1.395|1.405|STRUCTURE_TYPE||24A377||
3656|01/01/2023|54|2440001030000|1.594|1.606|STRUCTURE_TYPE||24A378||
3657|01/01/2023|54|2440013000000|0.012|0.026|STRUCTURE_TYPE||24A380||
3658|01/01/2023|54|2440008000000|0.464|0.472|STRUCTURE_TYPE||24A382||
3659|01/01/2023|54|2440015080000|0.055|0.067|STRUCTURE_TYPE||24A902||
3661|01/01/2023|54|2540001000000|3.076|3.082|STRUCTURE_TYPE||25A001||
3662|01/01/2023|54|2540001000000|10.393|10.407|STRUCTURE_TYPE||25A004||
3663|01/01/2023|54|2540001050000|0.004|0.01|STRUCTURE_TYPE||25A006||
3664|01/01/2023|54|2540001100000|2.307|2.321|STRUCTURE_TYPE||25A007||
3665|01/01/2023|54|2540003000000|3.339|3.345|STRUCTURE_TYPE||25A008||
3666|01/01/2023|54|2540006000000|0.126|0.136|STRUCTURE_TYPE||25A009||
3667|01/01/2023|54|2540007000000|4.041|4.059|STRUCTURE_TYPE||25A010||
3668|01/01/2023|54|2540009000000|6.668|6.69|STRUCTURE_TYPE||25A013||
3669|01/01/2023|54|2540011000000|2.791|2.797|STRUCTURE_TYPE||25A014||
3670|01/01/2023|54|2540011000000|3.029|3.037|STRUCTURE_TYPE||25A015||
3671|01/01/2023|54|2540011000000|7.407|7.441|STRUCTURE_TYPE||25A016||
3672|01/01/2023|54|2540013000000|2.087|2.093|STRUCTURE_TYPE||25A017||
3673|01/01/2023|54|2540015070000|0.008|0.014|STRUCTURE_TYPE||25A022||
3674|01/01/2023|54|2540017000000|9.495|9.507|STRUCTURE_TYPE||25A030||
3675|01/01/2023|54|2540017130000|0.039|0.051|STRUCTURE_TYPE||25A032||
3676|01/01/2023|54|2540017170000|0.598|0.61|STRUCTURE_TYPE||25A034||
3677|01/01/2023|54|2540017180000|0.005|0.021|STRUCTURE_TYPE||25A035||
3678|01/01/2023|54|2540017190000|0.019|0.035|STRUCTURE_TYPE||25A036||
3679|01/01/2023|54|2540018000000|2.333|2.341|STRUCTURE_TYPE||25A037||
3680|01/01/2023|54|2540017000000|7.728|7.756|STRUCTURE_TYPE||25A038||
3681|01/01/2023|54|2540018000000|3.262|3.268|STRUCTURE_TYPE||25A039||
3682|01/01/2023|54|2540025090000|0.008|0.014|STRUCTURE_TYPE||25A044||
3684|01/01/2023|54|25200190000NB|5.08|5.084|STRUCTURE_TYPE||25A047||
3685|01/01/2023|54|25200190000NB|13.928|13.958|STRUCTURE_TYPE||25A049||
3686|01/01/2023|54|25200190000SB|14.283|14.289|STRUCTURE_TYPE||25A052||
3687|01/01/2023|54|2540019060000|1.958|1.964|STRUCTURE_TYPE||25A056||
3688|01/01/2023|54|2540020000000|0.449|0.459|STRUCTURE_TYPE||25A061||
3689|01/01/2023|54|2540017350000|0.014|0.02|STRUCTURE_TYPE||25A064||
3690|01/01/2023|54|2540021000000|5.029|5.047|STRUCTURE_TYPE||25A066||
3691|01/01/2023|54|2540021020000|1.783|1.789|STRUCTURE_TYPE||25A067||
3692|01/01/2023|54|2540024000000|4.303|4.315|STRUCTURE_TYPE||25A068||
3693|01/01/2023|54|2540021000000|0.226|0.236|STRUCTURE_TYPE||25A069||
3694|01/01/2023|54|2540025000000|2.376|2.384|STRUCTURE_TYPE||25A070||
3695|01/01/2023|54|2540025000000|4.023|4.031|STRUCTURE_TYPE||25A072||
3696|01/01/2023|54|2540025000000|5.068|5.074|STRUCTURE_TYPE||25A073||
3697|01/01/2023|54|2540027000000|2.653|2.715|STRUCTURE_TYPE||25A074||
3698|01/01/2023|54|2540027020000|0.072|0.082|STRUCTURE_TYPE||25A075||
3699|01/01/2023|54|2540030000000|2.439|2.453|STRUCTURE_TYPE||25A076||
3700|01/01/2023|54|2540033020000|0.521|0.529|STRUCTURE_TYPE||25A077||
3701|01/01/2023|54|2540033080000|1.044|1.052|STRUCTURE_TYPE||25A078||
3702|01/01/2023|54|2540033080000|1.305|1.315|STRUCTURE_TYPE||25A080||
3703|01/01/2023|54|2540034000000|0.022|0.028|STRUCTURE_TYPE||25A081||
3704|01/01/2023|54|2540027060000|2.423|2.439|STRUCTURE_TYPE||25A082||
3705|01/01/2023|54|2540038000000|1.545|1.557|STRUCTURE_TYPE||25A083||
3706|01/01/2023|54|2540044000000|0.617|0.625|STRUCTURE_TYPE||25A085||
3707|01/01/2023|54|2540036000000|4.375|4.395|STRUCTURE_TYPE||25A086||
3708|01/01/2023|54|2540001150000|0.021|0.039|STRUCTURE_TYPE||25A087||
3709|01/01/2023|54|2540044000000|0.797|0.805|STRUCTURE_TYPE||25A088||
3710|01/01/2023|54|2540044000000|0.885|0.893|STRUCTURE_TYPE||25A089||
3711|01/01/2023|54|2540044000000|1.696|1.704|STRUCTURE_TYPE||25A090||
3712|01/01/2023|54|2540048000000|1.165|1.173|STRUCTURE_TYPE||25A091||
3713|01/01/2023|54|2540048040000|0.558|0.566|STRUCTURE_TYPE||25A093||
3714|01/01/2023|54|2540054000000|0.619|0.627|STRUCTURE_TYPE||25A097||
3715|01/01/2023|54|2540054060000|0.707|0.713|STRUCTURE_TYPE||25A098||
3716|01/01/2023|54|2540056000000|1.205|1.225|STRUCTURE_TYPE||25A100||
3717|01/01/2023|54|2540058000000|0.972|0.984|STRUCTURE_TYPE||25A101||
3718|01/01/2023|54|2540044000000|6.492|6.516|STRUCTURE_TYPE||25A102||
3719|01/01/2023|54|2540058000000|1.582|1.61|STRUCTURE_TYPE||25A103||
3720|01/01/2023|54|2540056000000|0.291|0.375|STRUCTURE_TYPE||25A104||
3721|01/01/2023|54|2540058020000|0.318|0.33|STRUCTURE_TYPE||25A105||
3722|01/01/2023|54|2540064010000|0.03|0.072|STRUCTURE_TYPE||25A106||
3723|01/01/2023|54|2540050000000|3.095|3.119|STRUCTURE_TYPE||25A107||
3724|01/01/2023|54|2540068000000|2.926|2.932|STRUCTURE_TYPE||25A108||
3725|01/01/2023|54|2540062000000|3.034|3.106|STRUCTURE_TYPE||25A109||
3726|01/01/2023|54|2540068010000|0.88|0.892|STRUCTURE_TYPE||25A111||
3727|01/01/2023|54|2540072000000|1.913|1.927|STRUCTURE_TYPE||25A115||
3728|01/01/2023|54|2540072000000|1.769|1.785|STRUCTURE_TYPE||25A116||
3729|01/01/2023|54|2540073060000|0.636|0.648|STRUCTURE_TYPE||25A118||
3730|01/01/2023|54|2540073730000|2.586|2.64|STRUCTURE_TYPE||25A120||
3731|01/01/2023|54|2540074000000|0.102|0.11|STRUCTURE_TYPE||25A121||
3732|01/01/2023|54|2540074000000|0.315|0.321|STRUCTURE_TYPE||25A123||
3733|01/01/2023|54|2540073160000|0.009|0.019|STRUCTURE_TYPE||25A125||
3734|01/01/2023|54|2540074000000|0.849|0.855|STRUCTURE_TYPE||25A126||
3735|01/01/2023|54|2540076000000|3.578|3.586|STRUCTURE_TYPE||25A127||
3736|01/01/2023|54|2540074030000|0.044|0.052|STRUCTURE_TYPE||25A128||
3737|01/01/2023|54|25100790000NB|129.839|129.893|STRUCTURE_TYPE||25A129||
3738|01/01/2023|54|25100790000NB|130.781|130.785|STRUCTURE_TYPE||25A131||
3739|01/01/2023|54|25100790000NB|132.025|132.069|STRUCTURE_TYPE||25A132||
3740|01/01/2023|54|25100790000SB|132.035|132.079|STRUCTURE_TYPE||25A133||
3741|01/01/2023|54|2540073000000|2.246|2.268|STRUCTURE_TYPE||25A134||
3742|01/01/2023|54|25100790000NB|132.841|133.009|STRUCTURE_TYPE||25A135||
3743|01/01/2023|54|25100790000SB|132.841|133.009|STRUCTURE_TYPE||25A136||
3744|01/01/2023|54|25100790000NB|134.89|134.916|STRUCTURE_TYPE||25A137||
3745|01/01/2023|54|25100790000SB|134.888|134.914|STRUCTURE_TYPE||25A138||
3746|01/01/2023|54|25100790000NB|136.614|136.644|STRUCTURE_TYPE||25A142||
3747|01/01/2023|54|25100790000SB|136.618|136.648|STRUCTURE_TYPE||25A143||
3748|01/01/2023|54|25100790000SB|138.665|138.671|STRUCTURE_TYPE||25A144||
3749|01/01/2023|54|25100790000NB|138.74|138.766|STRUCTURE_TYPE||25A145||
3750|01/01/2023|54|25100790000SB|138.749|138.775|STRUCTURE_TYPE||25A146||
3751|01/01/2023|54|25100790000NB|140.328|140.35|STRUCTURE_TYPE||25A147||
3752|01/01/2023|54|25100790000SB|140.323|140.345|STRUCTURE_TYPE||25A148||
3753|01/01/2023|54|2540080000000|4.697|4.705|STRUCTURE_TYPE||25A150||
3754|01/01/2023|54|2540080000000|5.563|5.575|STRUCTURE_TYPE||25A152||
3755|01/01/2023|54|2540080020000|1.881|1.891|STRUCTURE_TYPE||25A153||
3756|01/01/2023|54|2540084000000|0.015|0.021|STRUCTURE_TYPE||25A155||
3757|01/01/2023|54|2540091000000|0.416|0.422|STRUCTURE_TYPE||25A159||
3758|01/01/2023|54|2540090000000|1.628|1.706|STRUCTURE_TYPE||25A161||
3759|01/01/2023|54|2540091000000|1.328|1.332|STRUCTURE_TYPE||25A162||
3760|01/01/2023|54|2540091000000|2.727|2.733|STRUCTURE_TYPE||25A163||
3761|01/01/2023|54|2540091000000|7.379|7.393|STRUCTURE_TYPE||25A164||
3762|01/01/2023|54|2540091010000|0.075|0.093|STRUCTURE_TYPE||25A165||
3763|01/01/2023|54|2530218000000|0.464|0.468|STRUCTURE_TYPE||25A166||
3764|01/01/2023|54|2530218000000|1.451|1.455|STRUCTURE_TYPE||25A167||
3765|01/01/2023|54|2540091000000|8.996|9.096|STRUCTURE_TYPE||25A168||
3766|01/01/2023|54|2530218000000|1.724|1.73|STRUCTURE_TYPE||25A169||
3767|01/01/2023|54|2530218000000|6.833|6.863|STRUCTURE_TYPE||25A172||
3768|01/01/2023|54|2530218000000|11.883|11.889|STRUCTURE_TYPE||25A174||
3769|01/01/2023|54|25202500000NB|7.629|7.713|STRUCTURE_TYPE||25A175||
3770|01/01/2023|54|25202500000NB|26.046|26.052|STRUCTURE_TYPE||25A178||
3772|01/01/2023|54|2540250120000|0.387|0.393|STRUCTURE_TYPE||25A180||
3773|01/01/2023|54|2540250180000|0.003|0.009|STRUCTURE_TYPE||25A181||
3774|01/01/2023|54|2540250310000|0.562|0.59|STRUCTURE_TYPE||25A182||
3775|01/01/2023|54|2540090030000|0.016|0.074|STRUCTURE_TYPE||25A185||
3776|01/01/2023|54|2540091040000|0.857|0.889|STRUCTURE_TYPE||25A186||
3777|01/01/2023|54|2540250580000|0.026|0.044|STRUCTURE_TYPE||25A187||
3778|01/01/2023|54|2530310000000|0.11|0.116|STRUCTURE_TYPE||25A188||
3779|01/01/2023|54|2530310000000|9.892|10.102|STRUCTURE_TYPE||25A189||
3780|01/01/2023|54|2540011000000|6.193|6.205|STRUCTURE_TYPE||25A190||
3781|01/01/2023|54|2540001130000|0.009|0.029|STRUCTURE_TYPE||25A192||
3782|01/01/2023|54|2540010000000|0.782|0.792|STRUCTURE_TYPE||25A195||
3783|01/01/2023|54|2540250050000|0.338|0.354|STRUCTURE_TYPE||25A202||
3784|01/01/2023|54|2540250110000|1.99|2.008|STRUCTURE_TYPE||25A203||
3785|01/01/2023|54|2540021000000|0.004|0.03|STRUCTURE_TYPE||25A205||
3786|01/01/2023|54|2540080080000|0.209|0.217|STRUCTURE_TYPE||25A209||
3787|01/01/2023|54|2540082000000|0.607|0.611|STRUCTURE_TYPE||25A213||
3788|01/01/2023|54|2540027070000|0.019|0.027|STRUCTURE_TYPE||25A214||
3789|01/01/2023|54|2540073060000|2.895|2.901|STRUCTURE_TYPE||25A215||
3790|01/01/2023|54|2540073190000|0.429|0.435|STRUCTURE_TYPE||25A216||
3791|01/01/2023|54|2540025000000|3.451|3.457|STRUCTURE_TYPE||25A217||
3792|01/01/2023|54|2540048010000|1.055|1.063|STRUCTURE_TYPE||25A218||
3793|01/01/2023|54|2530218000000|4.682|4.708|STRUCTURE_TYPE||25A219||
3794|01/01/2023|54|2540031010000|0.073|0.079|STRUCTURE_TYPE||25A220||
3795|01/01/2023|54|2540031010000|0.762|0.766|STRUCTURE_TYPE||25A221||
3796|01/01/2023|54|2540017000000|11.28|11.3|STRUCTURE_TYPE||25A223||
3797|01/01/2023|54|2540017000000|11.211|11.259|STRUCTURE_TYPE||25A224||
3798|01/01/2023|54|2540013000000|1.772|1.778|STRUCTURE_TYPE||25A225||
3799|01/01/2023|54|2540013000000|1.847|1.853|STRUCTURE_TYPE||25A226||
3800|01/01/2023|54|25202500000NB|6.224|6.33|STRUCTURE_TYPE||25A227||
3801|01/01/2023|54|2540019020000|0.038|0.044|STRUCTURE_TYPE||25A228||
3802|01/01/2023|54|2540054000000|1.167|1.173|STRUCTURE_TYPE||25A229||
3803|01/01/2023|54|25100790000SB|129.838|129.892|STRUCTURE_TYPE||25A231||
3804|01/01/2023|54|2540073730000|1.908|1.922|STRUCTURE_TYPE||25A232||
3805|01/01/2023|54|25200190000NB|0.0|0.021|STRUCTURE_TYPE||25A233||
3806|01/01/2023|54|2540033170000|0.133|0.143|STRUCTURE_TYPE||25A234||
3807|01/01/2023|54|2540001160000|0.005|0.023|STRUCTURE_TYPE||25A235||
3808|01/01/2023|54|2540019840000|0.01|0.02|STRUCTURE_TYPE||25A236||
3809|01/01/2023|54|25202500000SB|19.377|19.439|STRUCTURE_TYPE||25A237||
3810|01/01/2023|54|2540080000000|3.988|3.998|STRUCTURE_TYPE||25A238||
3811|01/01/2023|54|2540080000000|4.933|4.941|STRUCTURE_TYPE||25A239||
3812|01/01/2023|54|25200190000SB|11.009|11.089|STRUCTURE_TYPE||25A240||
3813|01/01/2023|54|25200190000NB|15.184|15.188|STRUCTURE_TYPE||25A241||
3814|01/01/2023|54|2540019730000|0.093|0.329|STRUCTURE_TYPE||25A242||
3815|01/01/2023|54|25200190000NB|15.924|15.93|STRUCTURE_TYPE||25A243||
3816|01/01/2023|54|2501786000000|0.016|0.028|STRUCTURE_TYPE||25A244||
3817|01/01/2023|54|2540001000000|4.523|4.529|STRUCTURE_TYPE||25A245||
3818|01/01/2023|54|2540074000000|0.208|0.214|STRUCTURE_TYPE||25A246||
3819|01/01/2023|54|2530218000000|11.615|11.623|STRUCTURE_TYPE||25A247||
3820|01/01/2023|54|2540064000000|0.003|0.103|STRUCTURE_TYPE||25A248||
3821|01/01/2023|54|2540072000000|1.417|1.431|STRUCTURE_TYPE||25A249||
3822|01/01/2023|54|2540044000000|0.442|0.45|STRUCTURE_TYPE||25A250||
3823|01/01/2023|54|2540073730000|1.495|1.519|STRUCTURE_TYPE||25A251||
3824|01/01/2023|54|2540056000000|0.589|0.609|STRUCTURE_TYPE||25A252||
3825|01/01/2023|54|2540054000000|1.296|1.302|STRUCTURE_TYPE||25A253||
3826|01/01/2023|54|2540001130000|0.314|0.348|STRUCTURE_TYPE||25A255||
3827|01/01/2023|54|2540013000000|0.977|0.985|STRUCTURE_TYPE||25A256||
3828|01/01/2023|54|2540017330000|0.01|0.03|STRUCTURE_TYPE||25A258||
3829|01/01/2023|54|2540025000000|3.393|3.399|STRUCTURE_TYPE||25A259||
3830|01/01/2023|54|25100790000NB|135.591|135.633|STRUCTURE_TYPE||25A260||
3831|01/01/2023|54|2540074000000|0.553|0.561|STRUCTURE_TYPE||25A261||
3832|01/01/2023|54|2540017000000|7.535|7.545|STRUCTURE_TYPE||25A262||
3833|01/01/2023|54|25302730000SB|0.359|0.453|STRUCTURE_TYPE||25A263||
3834|01/01/2023|54|2530273000000|0.708|0.724|STRUCTURE_TYPE||25A264||
3835|01/01/2023|54|2540020000000|0.221|0.229|STRUCTURE_TYPE||25A265||
3836|01/01/2023|54|2540014000000|2.93|2.94|STRUCTURE_TYPE||25A266||
3837|01/01/2023|54|2540016000000|2.677|2.683|STRUCTURE_TYPE||25A267||
3838|01/01/2023|54|2540250320000|1.752|1.774|STRUCTURE_TYPE||25A268||
3839|01/01/2023|54|2540017140000|0.062|0.07|STRUCTURE_TYPE||25A269||
3840|01/01/2023|54|2530218000000|10.85|10.864|STRUCTURE_TYPE||25A270||
3841|01/01/2023|54|2540011000000|1.832|1.838|STRUCTURE_TYPE||25A271||
3842|01/01/2023|54|2530310002400|10.295|10.359|STRUCTURE_TYPE||25A272||
3843|01/01/2023|54|2540001010000|2.089|2.099|STRUCTURE_TYPE||25A273||
3844|01/01/2023|54|2540091000000|1.231|1.243|STRUCTURE_TYPE||25A274||
3845|01/01/2023|54|2540048080000|0.0|0.006|STRUCTURE_TYPE||25A275||
3846|01/01/2023|54|2540070000000|0.065|0.079|STRUCTURE_TYPE||25A276||
3847|01/01/2023|54|2540001000000|9.022|9.028|STRUCTURE_TYPE||25A277||
3848|01/01/2023|54|25202500000SB|22.842|22.854|STRUCTURE_TYPE||25A278||
3849|01/01/2023|54|2501628000000|0.295|0.361|STRUCTURE_TYPE||25A901||
3850|01/01/2023|54|25002508100NB|0.015|0.025|STRUCTURE_TYPE||25A904||
3851|01/01/2023|54|2500259000000|0.018|0.044|STRUCTURE_TYPE||25A909||
3852|01/01/2023|54|2640001000000|2.071|2.079|STRUCTURE_TYPE||26A004||
3853|01/01/2023|54|2640001000000|2.247|2.255|STRUCTURE_TYPE||26A005||
3854|01/01/2023|54|2640001000000|3.665|3.671|STRUCTURE_TYPE||26A009||
3855|01/01/2023|54|26300020000SB|18.05|18.098|STRUCTURE_TYPE||26A013||
3856|01/01/2023|54|2630002000000|18.047|18.095|STRUCTURE_TYPE||26A014||
3857|01/01/2023|54|2630002000000|18.92|18.938|STRUCTURE_TYPE||26A015||
3858|01/01/2023|54|2640005000000|5.038|5.066|STRUCTURE_TYPE||26A021||
3859|01/01/2023|54|2640005000000|5.403|5.409|STRUCTURE_TYPE||26A022||
3860|01/01/2023|54|2640005000000|6.486|6.49|STRUCTURE_TYPE||26A023||
3861|01/01/2023|54|2640007000000|5.276|5.314|STRUCTURE_TYPE||26A025||
3862|01/01/2023|54|2640010000000|0.947|0.953|STRUCTURE_TYPE||26A026||
3863|01/01/2023|54|2640010000000|1.648|1.66|STRUCTURE_TYPE||26A027||
3864|01/01/2023|54|2640016000000|0.798|0.808|STRUCTURE_TYPE||26A030||
3865|01/01/2023|54|2640017000000|1.064|1.084|STRUCTURE_TYPE||26A031||
3866|01/01/2023|54|2640023000000|7.191|7.197|STRUCTURE_TYPE||26A034||
3867|01/01/2023|54|2640058000000|7.085|7.091|STRUCTURE_TYPE||26A036||
3868|01/01/2023|54|2640015000000|3.668|3.674|STRUCTURE_TYPE||26A038||
3869|01/01/2023|54|2640027000000|0.815|0.825|STRUCTURE_TYPE||26A039||
3870|01/01/2023|54|2640036000000|1.307|1.315|STRUCTURE_TYPE||26A041||
3871|01/01/2023|54|2640050000000|1.44|1.446|STRUCTURE_TYPE||26A044||
3872|01/01/2023|54|2640054000000|5.775|5.789|STRUCTURE_TYPE||26A046||
3873|01/01/2023|54|2640060000000|1.005|1.019|STRUCTURE_TYPE||26A048||
3874|01/01/2023|54|2640062000000|5.732|5.738|STRUCTURE_TYPE||26A049||
3875|01/01/2023|54|2640074000000|3.75|3.758|STRUCTURE_TYPE||26A050||
3876|01/01/2023|54|2640074000000|6.83|6.88|STRUCTURE_TYPE||26A051||
3877|01/01/2023|54|2640074000000|14.618|14.624|STRUCTURE_TYPE||26A053||
3878|01/01/2023|54|2640074000000|17.393|17.399|STRUCTURE_TYPE||26A055||
3879|01/01/2023|54|2640074000000|19.732|19.738|STRUCTURE_TYPE||26A057||
3880|01/01/2023|54|2640074020000|2.667|2.705|STRUCTURE_TYPE||26A058||
3881|01/01/2023|54|2640089000000|2.627|2.667|STRUCTURE_TYPE||26A059||
3882|01/01/2023|54|2640090010000|0.432|0.438|STRUCTURE_TYPE||26A060||
3883|01/01/2023|54|2640098030000|0.064|0.074|STRUCTURE_TYPE||26A061||
3884|01/01/2023|54|2640098040000|0.008|0.016|STRUCTURE_TYPE||26A062||
3885|01/01/2023|54|2640250930000|0.04|0.046|STRUCTURE_TYPE||26A064||
3886|01/01/2023|54|26202500000SB|31.006|31.01|STRUCTURE_TYPE||26A066||
3887|01/01/2023|54|26202500000NB|36.683|36.701|STRUCTURE_TYPE||26A069||
3888|01/01/2023|54|26202500000NB|37.811|37.873|STRUCTURE_TYPE||26A070||
3889|01/01/2023|54|26202500017SB0038D|0.008|0.032|STRUCTURE_TYPE||26A071||
3890|01/01/2023|54|26202500017SB0038C|0.165|0.189|STRUCTURE_TYPE||26A072||
3891|01/01/2023|54|26202500000NB|38.725|38.751|STRUCTURE_TYPE||26A073||
3892|01/01/2023|54|2640021000000|4.937|4.951|STRUCTURE_TYPE||26A074||
3893|01/01/2023|54|2640034000000|2.772|2.782|STRUCTURE_TYPE||26A075||
3894|01/01/2023|54|2640001010000|0.008|0.048|STRUCTURE_TYPE||26A080||
3895|01/01/2023|54|2640088040000|0.41|0.414|STRUCTURE_TYPE||26A083||
3896|01/01/2023|54|26300020003WB|0.0|0.324|STRUCTURE_TYPE||26A084||
3897|01/01/2023|54|2640074000000|22.529|22.555|STRUCTURE_TYPE||26A085||
3898|01/01/2023|54|2640088250000|0.002|0.008|STRUCTURE_TYPE||26A086||
3899|01/01/2023|54|2640017030000|1.686|1.694|STRUCTURE_TYPE||26A087||
3900|01/01/2023|54|26202500000NB|11.464|11.47|STRUCTURE_TYPE||26A089||
3901|01/01/2023|54|2640002070000|0.003|0.009|STRUCTURE_TYPE||26A090||
3902|01/01/2023|54|2640250140000|2.014|2.032|STRUCTURE_TYPE||26A091||
3903|01/01/2023|54|2640015000000|3.496|3.502|STRUCTURE_TYPE||26A092||
3904|01/01/2023|54|2640021000000|5.271|5.305|STRUCTURE_TYPE||26A093||
3905|01/01/2023|54|26202500000NB|13.357|13.367|STRUCTURE_TYPE||26A094||
3906|01/01/2023|54|2640002260000|0.127|0.177|STRUCTURE_TYPE||26A095||
3907|01/01/2023|54|2600319000000|0.004|0.02|STRUCTURE_TYPE||26A096||
3908|01/01/2023|54|2640015000000|1.49|1.526|STRUCTURE_TYPE||26A097||
3909|01/01/2023|54|2640001000000|1.237|1.251|STRUCTURE_TYPE||26A098||
3910|01/01/2023|54|2640005000000|1.667|1.705|STRUCTURE_TYPE||26A100||
3911|01/01/2023|54|2640048000000|7.524|7.54|STRUCTURE_TYPE||26A102||
3912|01/01/2023|54|2640001000000|2.417|2.425|STRUCTURE_TYPE||26A103||
3913|01/01/2023|54|2640048000000|7.394|7.402|STRUCTURE_TYPE||26A104||
3914|01/01/2023|54|2640001000000|1.547|1.559|STRUCTURE_TYPE||26A105||
3915|01/01/2023|54|2640074000000|16.839|16.893|STRUCTURE_TYPE||26A108||
3916|01/01/2023|54|2630002000000|7.792|7.86|STRUCTURE_TYPE||26A109||
3917|01/01/2023|54|26202500000SB|4.638|4.688|STRUCTURE_TYPE||26A110||
3918|01/01/2023|54|2640056000000|0.002|0.018|STRUCTURE_TYPE||26A111||
3919|01/01/2023|54|2630002000000|11.981|12.005|STRUCTURE_TYPE||26A112||
3920|01/01/2023|54|2640001000000|0.917|0.923|STRUCTURE_TYPE||26A113||
3921|01/01/2023|54|2640025010000|0.1|0.11|STRUCTURE_TYPE||26A114||
3922|01/01/2023|54|2640050010000|0.283|0.289|STRUCTURE_TYPE||26A115||
3923|01/01/2023|54|2640001000000|3.031|3.035|STRUCTURE_TYPE||26A117||
3924|01/01/2023|54|2630002000000|6.46|6.478|STRUCTURE_TYPE||26A118||
3925|01/01/2023|54|26202500000NB|31.326|31.352|STRUCTURE_TYPE||26A119||
3926|01/01/2023|54|2640005000000|7.789|7.833|STRUCTURE_TYPE||26A120||
3927|01/01/2023|54|2640015030000|0.008|0.028|STRUCTURE_TYPE||26A123||
3928|01/01/2023|54|2640074000000|18.509|18.543|STRUCTURE_TYPE||26A124||
3929|01/01/2023|54|2640074000000|10.26|10.298|STRUCTURE_TYPE||26A125||
3930|01/01/2023|54|2640005000000|4.061|4.103|STRUCTURE_TYPE||26A126||
3931|01/01/2023|54|2630002000000|19.491|19.529|STRUCTURE_TYPE||26A127||
3932|01/01/2023|54|2600071000000|0.005|0.011|STRUCTURE_TYPE||26A900||
3934|01/01/2023|54|2600082000000|0.003|0.009|STRUCTURE_TYPE||26A903||
3935|01/01/2023|54|2600495000000|0.383|0.387|STRUCTURE_TYPE||26A905||
3936|01/01/2023|54|2601089000000|0.087|0.093|STRUCTURE_TYPE||26A906||
3937|01/01/2023|54|2740001020000|0.99|0.998|STRUCTURE_TYPE||27A001||
3938|01/01/2023|54|2730002000000|3.149|3.181|STRUCTURE_TYPE||27A002||
3939|01/01/2023|54|2730002000000|4.798|4.826|STRUCTURE_TYPE||27A003||
3940|01/01/2023|54|2740002070000|0.415|0.425|STRUCTURE_TYPE||27A008||
3941|01/01/2023|54|2740004000000|1.013|1.019|STRUCTURE_TYPE||27A009||
3942|01/01/2023|54|2740006000000|3.339|3.347|STRUCTURE_TYPE||27A012||
3943|01/01/2023|54|2740006000000|4.288|4.294|STRUCTURE_TYPE||27A013||
3944|01/01/2023|54|2740006000000|4.52|4.528|STRUCTURE_TYPE||27A014||
3945|01/01/2023|54|2740008000000|0.996|1.008|STRUCTURE_TYPE||27A016||
3946|01/01/2023|54|2740008000000|3.462|3.47|STRUCTURE_TYPE||27A017||
3947|01/01/2023|54|2740009040000|0.711|0.723|STRUCTURE_TYPE||27A019||
3948|01/01/2023|54|2740012000000|10.353|10.363|STRUCTURE_TYPE||27A021||
3949|01/01/2023|54|2740012070000|0.863|0.875|STRUCTURE_TYPE||27A022||
3950|01/01/2023|54|2740015000000|6.577|6.603|STRUCTURE_TYPE||27A024||
3951|01/01/2023|54|2740015050000|1.7|1.708|STRUCTURE_TYPE||27A025||
3953|01/01/2023|54|2740017090000|0.116|0.124|STRUCTURE_TYPE||27A028||
3954|01/01/2023|54|2740018000000|0.658|0.67|STRUCTURE_TYPE||27A029||
3955|01/01/2023|54|2740023000000|1.619|1.627|STRUCTURE_TYPE||27A032||
3956|01/01/2023|54|2740027000000|7.921|7.929|STRUCTURE_TYPE||27A033||
3957|01/01/2023|54|2740027000000|11.488|11.498|STRUCTURE_TYPE||27A034||
3958|01/01/2023|54|2740027000000|11.804|11.812|STRUCTURE_TYPE||27A035||
3959|01/01/2023|54|2740027000000|12.282|12.29|STRUCTURE_TYPE||27A036||
3960|01/01/2023|54|2740027000000|12.73|12.738|STRUCTURE_TYPE||27A037||
3961|01/01/2023|54|2740027000000|12.836|12.844|STRUCTURE_TYPE||27A038||
3962|01/01/2023|54|2740027000000|13.023|13.033|STRUCTURE_TYPE||27A039||
3963|01/01/2023|54|2740027080000|0.007|0.017|STRUCTURE_TYPE||27A040||
3964|01/01/2023|54|2740029000000|1.664|1.674|STRUCTURE_TYPE||27A041||
3965|01/01/2023|54|2740029000000|1.904|1.912|STRUCTURE_TYPE||27A042||
3966|01/01/2023|54|2740029000000|2.184|2.192|STRUCTURE_TYPE||27A043||
3967|01/01/2023|54|2740029000000|2.681|2.689|STRUCTURE_TYPE||27A044||
3968|01/01/2023|54|2740029000000|2.783|2.791|STRUCTURE_TYPE||27A045||
3969|01/01/2023|54|2740029000000|5.998|6.002|STRUCTURE_TYPE||27A047||
3970|01/01/2023|54|2740031000000|4.357|4.367|STRUCTURE_TYPE||27A049||
3971|01/01/2023|54|2730062000000|37.016|37.052|STRUCTURE_TYPE||27A052||
3972|01/01/2023|54|2730062000000|43.599|43.607|STRUCTURE_TYPE||27A053||
3973|01/01/2023|54|2730062000000|48.804|48.826|STRUCTURE_TYPE||27A054||
3974|01/01/2023|54|2740078040000|2.493|2.497|STRUCTURE_TYPE||27A055||
3975|01/01/2023|54|2730817000000|9.038|9.044|STRUCTURE_TYPE||27A058||
3976|01/01/2023|54|2730817000000|9.624|9.63|STRUCTURE_TYPE||27A059||
3977|01/01/2023|54|2730817000000|12.927|12.939|STRUCTURE_TYPE||27A060||
3978|01/01/2023|54|2730817000000|14.826|14.83|STRUCTURE_TYPE||27A061||
3979|01/01/2023|54|27200350000NB|18.201|18.573|STRUCTURE_TYPE||27A063||
3980|01/01/2023|54|2740078000000|2.63|2.634|STRUCTURE_TYPE||27A065||
3982|01/01/2023|54|2740036000000|8.188|8.194|STRUCTURE_TYPE||27A069||
3983|01/01/2023|54|2740037000000|1.87|1.898|STRUCTURE_TYPE||27A071||
3984|01/01/2023|54|2740039000000|10.097|10.105|STRUCTURE_TYPE||27A072||
3985|01/01/2023|54|2740056000000|0.057|0.063|STRUCTURE_TYPE||27A075||
3986|01/01/2023|54|2740060000000|2.106|2.124|STRUCTURE_TYPE||27A078||
3987|01/01/2023|54|2730062000000|6.581|6.635|STRUCTURE_TYPE||27A079||
3988|01/01/2023|54|2740070000000|1.231|1.239|STRUCTURE_TYPE||27A082||
3989|01/01/2023|54|2730062000000|23.517|23.551|STRUCTURE_TYPE||27A086||
3990|01/01/2023|54|2740037040000|0.727|0.731|STRUCTURE_TYPE||27A091||
3991|01/01/2023|54|2740078000000|6.477|6.489|STRUCTURE_TYPE||27A095||
3992|01/01/2023|54|2740080000000|9.46|9.476|STRUCTURE_TYPE||27A099||
3993|01/01/2023|54|2740036000000|7.679|7.683|STRUCTURE_TYPE||27A105||
3994|01/01/2023|54|2740009030000|2.156|2.166|STRUCTURE_TYPE||27A106||
3995|01/01/2023|54|2740012070000|1.624|1.628|STRUCTURE_TYPE||27A107||
3996|01/01/2023|54|2740019000000|0.417|0.453|STRUCTURE_TYPE||27A109||
3997|01/01/2023|54|2740029010000|0.042|0.052|STRUCTURE_TYPE||27A110||
3998|01/01/2023|54|2740034000000|2.343|2.351|STRUCTURE_TYPE||27A116||
3999|01/01/2023|54|27200350000NB|17.884|17.928|STRUCTURE_TYPE||27A117||
4000|01/01/2023|54|2740040000000|6.367|6.375|STRUCTURE_TYPE||27A120||
4001|01/01/2023|54|2740006000000|5.056|5.062|STRUCTURE_TYPE||27A122||
4002|01/01/2023|54|2740029130000|0.07|0.076|STRUCTURE_TYPE||27A129||
4003|01/01/2023|54|2740006000000|4.109|4.115|STRUCTURE_TYPE||27A130||
4004|01/01/2023|54|2740035100000|8.785|8.795|STRUCTURE_TYPE||27A131||
4005|01/01/2023|54|2740042000000|0.213|0.217|STRUCTURE_TYPE||27A132||
4006|01/01/2023|54|2730817000000|6.416|6.42|STRUCTURE_TYPE||27A133||
4007|01/01/2023|54|2740013000000|5.14|5.158|STRUCTURE_TYPE||27A135||
4008|01/01/2023|54|2740080000000|6.982|7.0|STRUCTURE_TYPE||27A136||
4009|01/01/2023|54|2740035100000|0.615|0.639|STRUCTURE_TYPE||27A138||
4010|01/01/2023|54|2740029000000|0.311|0.315|STRUCTURE_TYPE||27A140||
4011|01/01/2023|54|2730002000000|18.868|18.91|STRUCTURE_TYPE||27A141||
4012|01/01/2023|54|27200350000SB|17.516|17.592|STRUCTURE_TYPE||27A142||
4013|01/01/2023|54|2740033030000|1.726|1.742|STRUCTURE_TYPE||27A143||
4014|01/01/2023|54|2740031000000|5.511|5.517|STRUCTURE_TYPE||27A144||
4015|01/01/2023|54|2740086000000|4.201|4.211|STRUCTURE_TYPE||27A145||
4016|01/01/2023|54|27300020000SB|20.56|20.892|STRUCTURE_TYPE||27A146||
4017|01/01/2023|54|2740036000000|0.774|0.78|STRUCTURE_TYPE||27A147||
4018|01/01/2023|54|2740009030000|1.08|1.088|STRUCTURE_TYPE||27A148||
4019|01/01/2023|54|2740009030000|0.806|0.814|STRUCTURE_TYPE||27A149||
4020|01/01/2023|54|2730002000000|11.604|11.634|STRUCTURE_TYPE||27A150||
4021|01/01/2023|54|2740080000000|6.526|6.53|STRUCTURE_TYPE||27A152||
4022|01/01/2023|54|2740072000000|4.642|4.646|STRUCTURE_TYPE||27A153||
4023|01/01/2023|54|2740007000000|1.041|1.049|STRUCTURE_TYPE||27A154||
4024|01/01/2023|54|2740064000000|0.227|0.245|STRUCTURE_TYPE||27A156||
4025|01/01/2023|54|2740064000000|5.989|5.999|STRUCTURE_TYPE||27A157||
4026|01/01/2023|54|2740078050000|0.002|0.01|STRUCTURE_TYPE||27A158||
4027|01/01/2023|54|2740005200000|1.771|1.779|STRUCTURE_TYPE||27A159||
4028|01/01/2023|54|2740005200000|1.845|1.853|STRUCTURE_TYPE||27A160||
4029|01/01/2023|54|2740076000000|0.034|0.05|STRUCTURE_TYPE||27A161||
4030|01/01/2023|54|2740056000000|0.898|0.906|STRUCTURE_TYPE||27A162||
4031|01/01/2023|54|27200350000NB|12.429|12.477|STRUCTURE_TYPE||27A164||
4032|01/01/2023|54|27200350000SB|12.428|12.476|STRUCTURE_TYPE||27A165||
4033|01/01/2023|54|2740035050000|0.509|0.543|STRUCTURE_TYPE||27A170||
4034|01/01/2023|54|2730062000300|0.0|0.327|STRUCTURE_TYPE||27A171||
4035|01/01/2023|54|2740029000000|5.72|5.728|STRUCTURE_TYPE||27A172||
4036|01/01/2023|54|2740041000000|5.903|5.913|STRUCTURE_TYPE||27A173||
4037|01/01/2023|54|27200350000SB|10.973|11.031|STRUCTURE_TYPE||27A174||
4038|01/01/2023|54|27200350000NB|10.978|11.036|STRUCTURE_TYPE||27A175||
4039|01/01/2023|54|27200350000NB|12.054|12.116|STRUCTURE_TYPE||27A176||
4040|01/01/2023|54|27200350000SB|12.049|12.111|STRUCTURE_TYPE||27A177||
4041|01/01/2023|54|27200350000SB|14.648|14.726|STRUCTURE_TYPE||27A178||
4042|01/01/2023|54|27200350000NB|14.646|14.724|STRUCTURE_TYPE||27A179||
4043|01/01/2023|54|27200350023EB|0.573|0.591|STRUCTURE_TYPE||27A180||
4044|01/01/2023|54|27200350000NB|10.246|10.25|STRUCTURE_TYPE||27A181||
4045|01/01/2023|54|2730062000000|20.546|20.574|STRUCTURE_TYPE||27A182||
4046|01/01/2023|54|27200350000NB|15.813|15.833|STRUCTURE_TYPE||27A183||
4047|01/01/2023|54|27200350000SB|15.813|15.833|STRUCTURE_TYPE||27A184||
4048|01/01/2023|54|2740036000000|9.069|9.077|STRUCTURE_TYPE||27A185||
4049|01/01/2023|54|2730817000000|2.78|2.814|STRUCTURE_TYPE||27A186||
4050|01/01/2023|54|2740066000000|2.952|2.97|STRUCTURE_TYPE||27A187||
4051|01/01/2023|54|2730817000000|4.561|4.575|STRUCTURE_TYPE||27A188||
4052|01/01/2023|54|2740012000000|3.135|3.145|STRUCTURE_TYPE||27A189||
4053|01/01/2023|54|2740058000000|4.004|4.014|STRUCTURE_TYPE||27A190||
4054|01/01/2023|54|2730062000000|8.723|8.757|STRUCTURE_TYPE||27A191||
4055|01/01/2023|54|2740035100000|5.199|5.213|STRUCTURE_TYPE||27A192||
4056|01/01/2023|54|2730002000000|30.832|30.836|STRUCTURE_TYPE||27A193||
4057|01/01/2023|54|2740031000000|1.145|1.177|STRUCTURE_TYPE||27A194||
4058|01/01/2023|54|2740058000000|1.036|1.06|STRUCTURE_TYPE||27A195||
4059|01/01/2023|54|2740041000000|4.1|4.126|STRUCTURE_TYPE||27A197||
4060|01/01/2023|54|2740072000000|3.771|3.783|STRUCTURE_TYPE||27A200||
4061|01/01/2023|54|2740022000000|2.718|2.728|STRUCTURE_TYPE||27A201||
4062|01/01/2023|54|2740078000000|2.369|2.379|STRUCTURE_TYPE||27A202||
4063|01/01/2023|54|27200350000SB|2.709|2.811|STRUCTURE_TYPE||27A204||
4064|01/01/2023|54|27200350000SB|4.837|4.909|STRUCTURE_TYPE||27A205||
4065|01/01/2023|54|2740064000000|6.708|6.72|STRUCTURE_TYPE||27A207||
4066|01/01/2023|54|27200350000NB|2.709|2.811|STRUCTURE_TYPE||27A209||
4067|01/01/2023|54|27200350000NB|4.836|4.908|STRUCTURE_TYPE||27A210||
4068|01/01/2023|54|27200350000SB|8.701|8.767|STRUCTURE_TYPE||27A211||
4069|01/01/2023|54|27200350000NB|8.701|8.767|STRUCTURE_TYPE||27A212||
4070|01/01/2023|54|2700301000000|0.211|0.231|STRUCTURE_TYPE||27A901||
4071|01/01/2023|54|2840002010000|0.232|0.24|STRUCTURE_TYPE||28A004||
4072|01/01/2023|54|2840003000000|0.463|0.495|STRUCTURE_TYPE||28A006||
4073|01/01/2023|54|2840003000000|4.015|4.025|STRUCTURE_TYPE||28A009||
4074|01/01/2023|54|2840005010000|1.142|1.146|STRUCTURE_TYPE||28A010||
4075|01/01/2023|54|2840007000000|3.215|3.223|STRUCTURE_TYPE||28A012||
4076|01/01/2023|54|2840007040000|0.081|0.091|STRUCTURE_TYPE||28A015||
4077|01/01/2023|54|2840009000000|1.305|1.311|STRUCTURE_TYPE||28A016||
4078|01/01/2023|54|2830010000000|6.766|6.77|STRUCTURE_TYPE||28A018||
4079|01/01/2023|54|2830010000000|6.895|6.909|STRUCTURE_TYPE||28A019||
4080|01/01/2023|54|2830010000000|7.562|7.616|STRUCTURE_TYPE||28A020||
4081|01/01/2023|54|2830010000000|8.39|8.432|STRUCTURE_TYPE||28A021||
4082|01/01/2023|54|2840011000000|8.665|8.703|STRUCTURE_TYPE||28A028||
4083|01/01/2023|54|2840011000000|10.384|10.392|STRUCTURE_TYPE||28A029||
4084|01/01/2023|54|2840011000000|12.855|12.863|STRUCTURE_TYPE||28A031||
4085|01/01/2023|54|2840011000000|13.108|13.114|STRUCTURE_TYPE||28A032||
4086|01/01/2023|54|2840011000000|18.257|18.263|STRUCTURE_TYPE||28A036||
4087|01/01/2023|54|2840011060000|2.343|2.349|STRUCTURE_TYPE||28A037||
4088|01/01/2023|54|2840011070000|0.019|0.025|STRUCTURE_TYPE||28A039||
4089|01/01/2023|54|2840011100000|1.036|1.048|STRUCTURE_TYPE||28A040||
4090|01/01/2023|54|2840012070000|0.109|0.117|STRUCTURE_TYPE||28A041||
4091|01/01/2023|54|2840015000000|1.28|1.292|STRUCTURE_TYPE||28A044||
4092|01/01/2023|54|2840015000000|3.539|3.559|STRUCTURE_TYPE||28A045||
4093|01/01/2023|54|2840016000000|2.518|2.534|STRUCTURE_TYPE||28A050||
4094|01/01/2023|54|2840016000000|2.628|2.636|STRUCTURE_TYPE||28A051||
4095|01/01/2023|54|2840016000000|3.937|3.951|STRUCTURE_TYPE||28A052||
4096|01/01/2023|54|2840016000000|4.43|4.444|STRUCTURE_TYPE||28A053||
4097|01/01/2023|54|2840019480000|0.046|0.056|STRUCTURE_TYPE||28A055||
4098|01/01/2023|54|28200190000NB|10.609|10.617|STRUCTURE_TYPE||28A056||
4099|01/01/2023|54|28200190000NB|14.515|14.519|STRUCTURE_TYPE||28A057||
4100|01/01/2023|54|28200190000SB|19.817|19.823|STRUCTURE_TYPE||28A060||
4101|01/01/2023|54|28200190000NB|28.41|28.438|STRUCTURE_TYPE||28A065||
4102|01/01/2023|54|28200190000NB|31.542|31.59|STRUCTURE_TYPE||28A066||
4103|01/01/2023|54|28200190000NB|35.379|35.435|STRUCTURE_TYPE||28A067||
4104|01/01/2023|54|2860802000000|0.417|0.425|STRUCTURE_TYPE||28A070||
4105|01/01/2023|54|2860801000000|0.245|0.257|STRUCTURE_TYPE||28A071||
4106|01/01/2023|54|2840019150000|1.026|1.044|STRUCTURE_TYPE||28A072||
4107|01/01/2023|54|2840019190000|0.072|0.078|STRUCTURE_TYPE||28A073||
4108|01/01/2023|54|2840120000000|1.372|1.41|STRUCTURE_TYPE||28A074||
4109|01/01/2023|54|2840120000000|2.418|2.44|STRUCTURE_TYPE||28A075||
4110|01/01/2023|54|2830020000000|11.383|11.485|STRUCTURE_TYPE||28A076||
4111|01/01/2023|54|2830020000000|19.196|19.202|STRUCTURE_TYPE||28A077||
4112|01/01/2023|54|2840020060000|0.026|0.032|STRUCTURE_TYPE||28A080||
4113|01/01/2023|54|2840020070000|0.024|0.03|STRUCTURE_TYPE||28A081||
4114|01/01/2023|54|2840020090000|0.057|0.075|STRUCTURE_TYPE||28A082||
4115|01/01/2023|54|2840024010000|1.512|1.54|STRUCTURE_TYPE||28A085||
4116|01/01/2023|54|2840025000000|1.693|1.737|STRUCTURE_TYPE||28A086||
4117|01/01/2023|54|2840027000000|3.093|3.107|STRUCTURE_TYPE||28A087||
4118|01/01/2023|54|2840028000000|0.018|0.028|STRUCTURE_TYPE||28A089||
4119|01/01/2023|54|2840028000000|0.778|0.786|STRUCTURE_TYPE||28A090||
4120|01/01/2023|54|2840030000000|0.134|0.148|STRUCTURE_TYPE||28A091||
4121|01/01/2023|54|2840034010000|2.902|2.91|STRUCTURE_TYPE||28A093||
4122|01/01/2023|54|2840038030000|0.026|0.036|STRUCTURE_TYPE||28A095||
4123|01/01/2023|54|2840038050000|4.873|4.881|STRUCTURE_TYPE||28A098||
4124|01/01/2023|54|2840038050000|5.217|5.223|STRUCTURE_TYPE||28A099||
4125|01/01/2023|54|2840044100000|2.165|2.221|STRUCTURE_TYPE||28A100||
4126|01/01/2023|54|28200520000EB|2.107|2.113|STRUCTURE_TYPE||28A101||
4127|01/01/2023|54|28200520000WB|2.607|2.611|STRUCTURE_TYPE||28A102||
4128|01/01/2023|54|28200520000EB|3.556|3.644|STRUCTURE_TYPE||28A103||
4129|01/01/2023|54|2840052060000|0.113|0.137|STRUCTURE_TYPE||28A105||
4130|01/01/2023|54|2840052060000|0.374|0.39|STRUCTURE_TYPE||28A106||
4131|01/01/2023|54|2840052060000|0.703|0.715|STRUCTURE_TYPE||28A107||
4132|01/01/2023|54|2830071000000|5.997|6.035|STRUCTURE_TYPE||28A110||
4133|01/01/2023|54|2840071030000|0.468|0.474|STRUCTURE_TYPE||28A112||
4134|01/01/2023|54|28100770000SB|2.945|3.037|STRUCTURE_TYPE||28A113||
4135|01/01/2023|54|28100770000NB|5.097|5.133|STRUCTURE_TYPE||28A114||
4136|01/01/2023|54|28100770000NB|6.959|7.007|STRUCTURE_TYPE||28A115||
4137|01/01/2023|54|2840082020000|0.133|0.141|STRUCTURE_TYPE||28A118||
4138|01/01/2023|54|2830102000000|1.934|1.94|STRUCTURE_TYPE||28A119||
4139|01/01/2023|54|2840219030000|5.502|5.51|STRUCTURE_TYPE||28A125||
4140|01/01/2023|54|2840219050000|0.064|0.07|STRUCTURE_TYPE||28A126||
4141|01/01/2023|54|2840219060000|0.068|0.084|STRUCTURE_TYPE||28A127||
4142|01/01/2023|54|28204600000EB|13.46|13.492|STRUCTURE_TYPE||28A132||
4143|01/01/2023|54|28204600000EB|21.655|21.745|STRUCTURE_TYPE||28A137||
4144|01/01/2023|54|2840035000000|0.494|0.5|STRUCTURE_TYPE||28A138||
4145|01/01/2023|54|2840460060000|0.031|0.043|STRUCTURE_TYPE||28A139||
4146|01/01/2023|54|2840019370000|0.005|0.011|STRUCTURE_TYPE||28A143||
4147|01/01/2023|54|2830104000000|2.593|2.599|STRUCTURE_TYPE||28A144||
4148|01/01/2023|54|28200190000SB|5.388|5.51|STRUCTURE_TYPE||28A146||
4149|01/01/2023|54|28204600000WB|21.662|21.752|STRUCTURE_TYPE||28A152||
4150|01/01/2023|54|2840003000000|0.433|0.463|STRUCTURE_TYPE||28A153||
4151|01/01/2023|54|2840010090000|0.219|0.227|STRUCTURE_TYPE||28A154||
4152|01/01/2023|54|28200190000NB|5.407|5.533|STRUCTURE_TYPE||28A155||
4153|01/01/2023|54|2840024010000|1.546|1.586|STRUCTURE_TYPE||28A157||
4154|01/01/2023|54|2840019450000|0.005|0.013|STRUCTURE_TYPE||28A158||
4155|01/01/2023|54|28200520000WB|18.61|18.65|STRUCTURE_TYPE||28A159||
4156|01/01/2023|54|28100770000SB|5.095|5.133|STRUCTURE_TYPE||28A162||
4157|01/01/2023|54|28100770000SB|6.969|7.015|STRUCTURE_TYPE||28A163||
4158|01/01/2023|54|2830104000000|2.668|2.674|STRUCTURE_TYPE||28A165||
4159|01/01/2023|54|2830112000000|7.134|7.14|STRUCTURE_TYPE||28A166||
4160|01/01/2023|54|28204600000EB|11.836|11.842|STRUCTURE_TYPE||28A167||
4161|01/01/2023|54|28204600000WB|13.465|13.497|STRUCTURE_TYPE||28A168||
4162|01/01/2023|54|2840071130000|5.553|5.559|STRUCTURE_TYPE||28A171||
4163|01/01/2023|54|2840019330000|4.36|4.368|STRUCTURE_TYPE||28A172||
4164|01/01/2023|54|2840019330000|1.956|1.96|STRUCTURE_TYPE||28A173||
4165|01/01/2023|54|2840104030000|0.076|0.082|STRUCTURE_TYPE||28A174||
4166|01/01/2023|54|28100770000NB|2.948|3.036|STRUCTURE_TYPE||28A176||
4167|01/01/2023|54|28200190000NB|8.638|8.646|STRUCTURE_TYPE||28A177||
4168|01/01/2023|54|2840019390000|0.719|0.727|STRUCTURE_TYPE||28A178||
4169|01/01/2023|54|2840071060000|0.04|0.05|STRUCTURE_TYPE||28A180||
4170|01/01/2023|54|2840030030000|1.102|1.114|STRUCTURE_TYPE||28A185||
4171|01/01/2023|54|28200190000NB|17.692|17.724|STRUCTURE_TYPE||28A186||
4172|01/01/2023|54|28200190000NB|20.493|20.525|STRUCTURE_TYPE||28A187||
4173|01/01/2023|54|28200190000NB|21.962|21.978|STRUCTURE_TYPE||28A188||
4174|01/01/2023|54|2840010250000|0.003|0.011|STRUCTURE_TYPE||28A189||
4175|01/01/2023|54|28200190000NB|21.582|21.62|STRUCTURE_TYPE||28A192||
4176|01/01/2023|54|2830010000000|0.505|0.537|STRUCTURE_TYPE||28A193||
4177|01/01/2023|54|2840052370000|0.012|0.022|STRUCTURE_TYPE||28A194||
4178|01/01/2023|54|2840027030000|0.008|0.022|STRUCTURE_TYPE||28A195||
4179|01/01/2023|54|2840002020000|0.378|0.386|STRUCTURE_TYPE||28A196||
4180|01/01/2023|54|2840002000000|4.992|5.0|STRUCTURE_TYPE||28A197||
4181|01/01/2023|54|2840019150000|0.027|0.047|STRUCTURE_TYPE||28A198||
4182|01/01/2023|54|2840010300000|0.008|0.016|STRUCTURE_TYPE||28A199||
4183|01/01/2023|54|28100770016NB|10.88|10.912|STRUCTURE_TYPE||28A200||
4184|01/01/2023|54|28100770016SB|10.881|10.913|STRUCTURE_TYPE||28A201||
4185|01/01/2023|54|28100770016NB|13.7|13.734|STRUCTURE_TYPE||28A203||
4186|01/01/2023|54|28100770016SB|13.702|13.734|STRUCTURE_TYPE||28A204||
4187|01/01/2023|54|28100770016SB|13.778|13.834|STRUCTURE_TYPE||28A205||
4188|01/01/2023|54|28100770017NB0013B|0.077|0.125|STRUCTURE_TYPE||28A206||
4189|01/01/2023|54|28100770016NB|13.794|13.838|STRUCTURE_TYPE||28A207||
4190|01/01/2023|54|28100770016NB|16.91|16.934|STRUCTURE_TYPE||28A208||
4191|01/01/2023|54|28100770016SB|16.911|16.935|STRUCTURE_TYPE||28A209||
4192|01/01/2023|54|28100770016SB|19.666|19.722|STRUCTURE_TYPE||28A210||
4193|01/01/2023|54|28100770016NB|19.671|19.723|STRUCTURE_TYPE||28A211||
4194|01/01/2023|54|28100770017SB0013C|0.224|0.272|STRUCTURE_TYPE||28A212||
4195|01/01/2023|54|28100770016NB|17.504|17.79|STRUCTURE_TYPE||28A215||
4196|01/01/2023|54|28100770016SB|17.564|17.818|STRUCTURE_TYPE||28A216||
4197|01/01/2023|54|28200520000EB|8.582|8.586|STRUCTURE_TYPE||28A217||
4198|01/01/2023|54|28200520000EB|1.42|1.428|STRUCTURE_TYPE||28A218||
4199|01/01/2023|54|2840019140000|1.227|1.233|STRUCTURE_TYPE||28A219||
4200|01/01/2023|54|2840011000000|12.273|12.279|STRUCTURE_TYPE||28A300||
4201|01/01/2023|54|28200520000EB|10.541|10.719|STRUCTURE_TYPE||28A302||
4202|01/01/2023|54|2840016250000|0.004|0.016|STRUCTURE_TYPE||28A303||
4203|01/01/2023|54|2840038010000|1.69|1.696|STRUCTURE_TYPE||28A304||
4204|01/01/2023|54|2840082010000|0.722|0.728|STRUCTURE_TYPE||28A305||
4205|01/01/2023|54|2840019330000|3.104|3.11|STRUCTURE_TYPE||28A306||
4206|01/01/2023|54|2840022040000|3.432|3.442|STRUCTURE_TYPE||28A307||
4207|01/01/2023|54|2830071000000|3.937|3.969|STRUCTURE_TYPE||28A308||
4208|01/01/2023|54|2830071000000|6.395|6.409|STRUCTURE_TYPE||28A309||
4209|01/01/2023|54|2830071000000|3.787|3.813|STRUCTURE_TYPE||28A310||
4210|01/01/2023|54|2840219080000|4.772|4.784|STRUCTURE_TYPE||28A311||
4211|01/01/2023|54|28200520000WB|16.616|16.654|STRUCTURE_TYPE||28A312||
4212|01/01/2023|54|28204600000EB|15.583|15.631|STRUCTURE_TYPE||28A314||
4213|01/01/2023|54|2840010270000|0.041|0.047|STRUCTURE_TYPE||28A315||
4214|01/01/2023|54|2840003000000|2.451|2.475|STRUCTURE_TYPE||28A316||
4215|01/01/2023|54|2840082020000|0.076|0.084|STRUCTURE_TYPE||28A317||
4216|01/01/2023|54|2880982000000|0.014|0.024|STRUCTURE_TYPE||28A318||
4217|01/01/2023|54|2840019490000|0.019|0.025|STRUCTURE_TYPE||28A319||
4218|01/01/2023|54|2840015000000|4.657|4.679|STRUCTURE_TYPE||28A320||
4219|01/01/2023|54|2840026020000|0.246|0.252|STRUCTURE_TYPE||28A321||
4220|01/01/2023|54|2840112010000|0.004|0.012|STRUCTURE_TYPE||28A322||
4221|01/01/2023|54|2840112020000|0.0|0.008|STRUCTURE_TYPE||28A323||
4222|01/01/2023|54|2840038050000|0.853|0.861|STRUCTURE_TYPE||28A326||
4223|01/01/2023|54|2840002010000|0.546|0.55|STRUCTURE_TYPE||28A327||
4224|01/01/2023|54|2840038050000|3.978|3.99|STRUCTURE_TYPE||28A328||
4225|01/01/2023|54|2840019660000|0.202|0.21|STRUCTURE_TYPE||28A329||
4226|01/01/2023|54|2840019550000|0.058|0.068|STRUCTURE_TYPE||28A330||
4227|01/01/2023|54|2880903270000|0.031|0.039|STRUCTURE_TYPE||28A331||
4228|01/01/2023|54|2840015040000|0.816|0.854|STRUCTURE_TYPE||28A332||
4229|01/01/2023|54|2880902600000|0.105|0.111|STRUCTURE_TYPE||28A333||
4230|01/01/2023|54|2840014000000|3.658|3.674|STRUCTURE_TYPE||28A334||
4231|01/01/2023|54|2840102010000|0.202|0.208|STRUCTURE_TYPE||28A335||
4232|01/01/2023|54|2840020050000|0.049|0.075|STRUCTURE_TYPE||28A336||
4233|01/01/2023|54|2840020200000|0.453|0.479|STRUCTURE_TYPE||28A337||
4234|01/01/2023|54|2840071040000|6.148|6.168|STRUCTURE_TYPE||28A338||
4235|01/01/2023|54|28200190000NB|24.992|25.004|STRUCTURE_TYPE||28A339||
4236|01/01/2023|54|2830104000000|1.953|1.971|STRUCTURE_TYPE||28A340||
4237|01/01/2023|54|2880901210000|0.048|0.056|STRUCTURE_TYPE||28A341||
4238|01/01/2023|54|2880903460000|0.044|0.05|STRUCTURE_TYPE||28A343||
4240|01/01/2023|54|2800530000000|0.327|0.335|STRUCTURE_TYPE||28A907||
4241|01/01/2023|54|2800023010000|0.029|0.061|STRUCTURE_TYPE||28A908||
4242|01/01/2023|54|2940002000000|2.947|2.957|STRUCTURE_TYPE||29A001||
4243|01/01/2023|54|2940002020000|1.131|1.141|STRUCTURE_TYPE||29A003||
4244|01/01/2023|54|2940005020000|0.734|0.742|STRUCTURE_TYPE||29A005||
4245|01/01/2023|54|29202200000SB|10.937|10.951|STRUCTURE_TYPE||29A006||
4246|01/01/2023|54|2940009020000|4.602|4.608|STRUCTURE_TYPE||29A008||
4247|01/01/2023|54|2940010000000|3.413|3.419|STRUCTURE_TYPE||29A010||
4248|01/01/2023|54|2940010000000|5.369|5.391|STRUCTURE_TYPE||29A011||
4249|01/01/2023|54|2940011000000|5.742|5.748|STRUCTURE_TYPE||29A013||
4250|01/01/2023|54|2940011000000|13.629|13.635|STRUCTURE_TYPE||29A015||
4251|01/01/2023|54|2940011000000|16.959|16.991|STRUCTURE_TYPE||29A016||
4252|01/01/2023|54|2940016000000|5.504|5.51|STRUCTURE_TYPE||29A021||
4253|01/01/2023|54|2940016000000|5.973|5.981|STRUCTURE_TYPE||29A022||
4254|01/01/2023|54|2940016000000|10.524|10.532|STRUCTURE_TYPE||29A023||
4255|01/01/2023|54|2930028000000|3.004|3.01|STRUCTURE_TYPE||29A025||
4256|01/01/2023|54|2930028000000|3.854|3.912|STRUCTURE_TYPE||29A026||
4257|01/01/2023|54|2940028010000|1.333|1.359|STRUCTURE_TYPE||29A028||
4258|01/01/2023|54|2930046000000|11.615|11.631|STRUCTURE_TYPE||29A035||
4259|01/01/2023|54|2930046000000|26.435|26.439|STRUCTURE_TYPE||29A039||
4260|01/01/2023|54|2930046000000|28.288|28.33|STRUCTURE_TYPE||29A040||
4261|01/01/2023|54|2940046080000|0.037|0.043|STRUCTURE_TYPE||29A043||
4262|01/01/2023|54|2940046090000|0.021|0.033|STRUCTURE_TYPE||29A044||
4263|01/01/2023|54|2940046140000|0.098|0.102|STRUCTURE_TYPE||29A046||
4264|01/01/2023|54|29200500000EB|10.642|10.668|STRUCTURE_TYPE||29A047||
4265|01/01/2023|54|29200500000EB|15.05|15.056|STRUCTURE_TYPE||29A049||
4266|01/01/2023|54|29200500000EB|15.327|15.333|STRUCTURE_TYPE||29A050||
4267|01/01/2023|54|29200500000EB|18.779|18.817|STRUCTURE_TYPE||29A052||
4268|01/01/2023|54|2930093000000|3.422|3.448|STRUCTURE_TYPE||29A054||
4269|01/01/2023|54|2930046000000|12.407|12.453|STRUCTURE_TYPE||29A057||
4270|01/01/2023|54|2930046000000|1.85|1.858|STRUCTURE_TYPE||29A058||
4271|01/01/2023|54|2940050040000|3.367|3.375|STRUCTURE_TYPE||29A059||
4272|01/01/2023|54|2940046050000|0.048|0.058|STRUCTURE_TYPE||29A060||
4273|01/01/2023|54|2940002000000|4.175|4.189|STRUCTURE_TYPE||29A061||
4274|01/01/2023|54|2940042030000|1.869|1.881|STRUCTURE_TYPE||29A062||
4275|01/01/2023|54|2940042030000|1.08|1.092|STRUCTURE_TYPE||29A063||
4276|01/01/2023|54|2940015000000|0.979|0.989|STRUCTURE_TYPE||29A064||
4277|01/01/2023|54|2940046090000|2.007|2.013|STRUCTURE_TYPE||29A065||
4278|01/01/2023|54|2940009000000|4.09|4.096|STRUCTURE_TYPE||29A066||
4279|01/01/2023|54|2940009010000|1.815|1.821|STRUCTURE_TYPE||29A069||
4280|01/01/2023|54|2940009010000|1.861|1.865|STRUCTURE_TYPE||29A070||
4281|01/01/2023|54|2940046250000|0.022|0.048|STRUCTURE_TYPE||29A071||
4282|01/01/2023|54|2940015000000|4.958|4.962|STRUCTURE_TYPE||29A072||
4283|01/01/2023|54|29202200000NB|11.932|11.936|STRUCTURE_TYPE||29A074||
4284|01/01/2023|54|2940220030000|0.08|0.094|STRUCTURE_TYPE||29A075||
4285|01/01/2023|54|2940028030000|0.171|0.181|STRUCTURE_TYPE||29A076||
4286|01/01/2023|54|2940013000000|5.833|5.891|STRUCTURE_TYPE||29A078||
4287|01/01/2023|54|2930046000000|19.348|19.368|STRUCTURE_TYPE||29A080||
4288|01/01/2023|54|29202200000NB|14.696|15.098|STRUCTURE_TYPE||29A081||
4289|01/01/2023|54|29200500000EB|10.962|10.97|STRUCTURE_TYPE||29A082||
4290|01/01/2023|54|2930956000000|4.131|4.223|STRUCTURE_TYPE||29A083||
4291|01/01/2023|54|2930028000100|2.94|3.0|STRUCTURE_TYPE||29A084||
4292|01/01/2023|54|2930028000000|13.509|13.591|STRUCTURE_TYPE||29A085||
4293|01/01/2023|54|2930042000000|10.831|10.889|STRUCTURE_TYPE||29A086||
4294|01/01/2023|54|2930046000000|14.415|14.465|STRUCTURE_TYPE||29A087||
4295|01/01/2023|54|2940016000000|5.346|5.398|STRUCTURE_TYPE||29A088||
4296|01/01/2023|54|2940011000000|3.495|3.503|STRUCTURE_TYPE||29A089||
4297|01/01/2023|54|2940046240000|0.01|0.016|STRUCTURE_TYPE||29A090||
4298|01/01/2023|54|29200500000WB|17.596|17.604|STRUCTURE_TYPE||29A091||
4299|01/01/2023|54|2940005020000|0.534|0.546|STRUCTURE_TYPE||29A092||
4300|01/01/2023|54|2940016000000|4.457|4.467|STRUCTURE_TYPE||29A093||
4301|01/01/2023|54|2940009020000|4.963|4.967|STRUCTURE_TYPE||29A094||
4302|01/01/2023|54|2940011000000|7.962|7.972|STRUCTURE_TYPE||29A095||
4303|01/01/2023|54|2940028030000|2.402|2.408|STRUCTURE_TYPE||29A096||
4304|01/01/2023|54|2900509000000|0.003|0.013|STRUCTURE_TYPE||29A900||
4305|01/01/2023|54|3040002020000|4.36|4.372|STRUCTURE_TYPE||30A003||
4306|01/01/2023|54|3040002020000|4.436|4.45|STRUCTURE_TYPE||30A004||
4307|01/01/2023|54|3040003000000|2.167|2.173|STRUCTURE_TYPE||30A005||
4308|01/01/2023|54|3040003020000|1.508|1.514|STRUCTURE_TYPE||30A010||
4309|01/01/2023|54|3040003050000|2.58|2.594|STRUCTURE_TYPE||30A012||
4310|01/01/2023|54|3040003050000|17.216|17.236|STRUCTURE_TYPE||30A021||
4311|01/01/2023|54|3040003050000|18.178|18.192|STRUCTURE_TYPE||30A023||
4312|01/01/2023|54|3040007060000|0.022|0.046|STRUCTURE_TYPE||30A033||
4313|01/01/2023|54|3040006000000|2.877|2.885|STRUCTURE_TYPE||30A036||
4314|01/01/2023|54|3040008000000|8.333|8.343|STRUCTURE_TYPE||30A038||
4315|01/01/2023|54|3040008010000|1.583|1.591|STRUCTURE_TYPE||30A040||
4316|01/01/2023|54|3030065000000|0.835|0.849|STRUCTURE_TYPE||30A041||
4317|01/01/2023|54|3040010000000|4.694|4.704|STRUCTURE_TYPE||30A046||
4318|01/01/2023|54|3040010000000|5.792|5.8|STRUCTURE_TYPE||30A047||
4319|01/01/2023|54|3040010000000|5.888|5.894|STRUCTURE_TYPE||30A048||
4320|01/01/2023|54|3040010000000|7.761|7.779|STRUCTURE_TYPE||30A049||
4321|01/01/2023|54|3040010010000|0.008|0.022|STRUCTURE_TYPE||30A050||
4322|01/01/2023|54|3040013000000|0.005|0.019|STRUCTURE_TYPE||30A053||
4323|01/01/2023|54|3030049000000|0.0|0.044|STRUCTURE_TYPE||30A056||
4324|01/01/2023|54|3030049000000|2.876|2.882|STRUCTURE_TYPE||30A058||
4325|01/01/2023|54|3040015000000|1.623|1.635|STRUCTURE_TYPE||30A065||
4326|01/01/2023|54|30200520000EB|21.032|21.114|STRUCTURE_TYPE||30A066||
4327|01/01/2023|54|30200520000WB|50.507|50.517|STRUCTURE_TYPE||30A072||
4328|01/01/2023|54|3040052020000|0.285|0.295|STRUCTURE_TYPE||30A076||
4329|01/01/2023|54|3040052240000|0.014|0.022|STRUCTURE_TYPE||30A079||
4330|01/01/2023|54|3040052250000|0.005|0.013|STRUCTURE_TYPE||30A080||
4331|01/01/2023|54|3040052260000|0.01|0.016|STRUCTURE_TYPE||30A081||
4332|01/01/2023|54|3030065000000|19.805|19.833|STRUCTURE_TYPE||30A082||
4333|01/01/2023|54|3030065000000|16.117|16.145|STRUCTURE_TYPE||30A084||
4334|01/01/2023|54|3040065030000|0.011|0.037|STRUCTURE_TYPE||30A085||
4335|01/01/2023|54|3040065050000|7.109|7.117|STRUCTURE_TYPE||30A091||
4336|01/01/2023|54|3040065040000|0.005|0.011|STRUCTURE_TYPE||30A092||
4337|01/01/2023|54|3040065070000|0.008|0.024|STRUCTURE_TYPE||30A093||
4338|01/01/2023|54|3040065120000|0.009|0.023|STRUCTURE_TYPE||30A094||
4339|01/01/2023|54|3040065150000|0.007|0.011|STRUCTURE_TYPE||30A095||
4340|01/01/2023|54|3040065160000|0.074|0.098|STRUCTURE_TYPE||30A097||
4341|01/01/2023|54|3040065370000|0.005|0.019|STRUCTURE_TYPE||30A106||
4342|01/01/2023|54|3040049100000|0.0|0.046|STRUCTURE_TYPE||30A107||
4343|01/01/2023|54|30201190023EB|0.0|0.04|STRUCTURE_TYPE||30A109||
4344|01/01/2023|54|30200520000WB|2.758|2.844|STRUCTURE_TYPE||30A110||
4345|01/01/2023|54|30200520000EB|7.864|7.914|STRUCTURE_TYPE||30A111||
4346|01/01/2023|54|3040014000000|0.381|0.397|STRUCTURE_TYPE||30A113||
4347|01/01/2023|54|3040052490000|0.175|0.183|STRUCTURE_TYPE||30A114||
4348|01/01/2023|54|3040008030000|0.039|0.049|STRUCTURE_TYPE||30A116||
4349|01/01/2023|54|3040013020000|0.018|0.028|STRUCTURE_TYPE||30A118||
4350|01/01/2023|54|3030065000000|15.176|15.182|STRUCTURE_TYPE||30A123||
4351|01/01/2023|54|30201190000NB|7.606|7.698|STRUCTURE_TYPE||30A126||
4352|01/01/2023|54|30201190000NB|11.704|11.752|STRUCTURE_TYPE||30A128||
4353|01/01/2023|54|30201190000SB|11.689|11.737|STRUCTURE_TYPE||30A129||
4354|01/01/2023|54|30201190000NB|12.778|12.808|STRUCTURE_TYPE||30A130||
4355|01/01/2023|54|30201190000NB|14.278|14.298|STRUCTURE_TYPE||30A132||
4356|01/01/2023|54|30201190000SB|20.675|20.779|STRUCTURE_TYPE||30A134||
4357|01/01/2023|54|3040010030000|0.708|0.716|STRUCTURE_TYPE||30A136||
4358|01/01/2023|54|3040014030000|0.005|0.013|STRUCTURE_TYPE||30A138||
4359|01/01/2023|54|3040052380000|0.008|0.014|STRUCTURE_TYPE||30A143||
4360|01/01/2023|54|3040002000000|1.608|1.612|STRUCTURE_TYPE||30A144||
4361|01/01/2023|54|3040002000000|4.378|4.384|STRUCTURE_TYPE||30A147||
4362|01/01/2023|54|3040052350000|0.066|0.072|STRUCTURE_TYPE||30A148||
4363|01/01/2023|54|3040065280000|0.196|0.208|STRUCTURE_TYPE||30A150||
4364|01/01/2023|54|3040065120000|0.462|0.474|STRUCTURE_TYPE||30A151||
4365|01/01/2023|54|3040006070000|0.003|0.013|STRUCTURE_TYPE||30A154||
4366|01/01/2023|54|3040003010000|2.242|2.248|STRUCTURE_TYPE||30A156||
4367|01/01/2023|54|3030080000000|7.478|7.484|STRUCTURE_TYPE||30A158||
4368|01/01/2023|54|3040014070000|0.004|0.01|STRUCTURE_TYPE||30A159||
4369|01/01/2023|54|30200520000WB|21.932|22.182|STRUCTURE_TYPE||30A162||
4370|01/01/2023|54|3040014020000|0.007|0.013|STRUCTURE_TYPE||30A163||
4371|01/01/2023|54|3040065560000|0.004|0.018|STRUCTURE_TYPE||30A167||
4372|01/01/2023|54|3040065340000|0.003|0.021|STRUCTURE_TYPE||30A172||
4373|01/01/2023|54|3040013000000|1.941|1.945|STRUCTURE_TYPE||30A173||
4374|01/01/2023|54|30200520000WB|13.964|14.042|STRUCTURE_TYPE||30A175||
4375|01/01/2023|54|30200520000WB|13.064|13.072|STRUCTURE_TYPE||30A176||
4376|01/01/2023|54|3040003020000|1.191|1.195|STRUCTURE_TYPE||30A177||
4377|01/01/2023|54|3040009210000|0.08|0.094|STRUCTURE_TYPE||30A178||
4378|01/01/2023|54|3040065600000|0.0|0.016|STRUCTURE_TYPE||30A179||
4379|01/01/2023|54|3040010010000|0.422|0.434|STRUCTURE_TYPE||30A180||
4380|01/01/2023|54|30200520000EB|58.452|58.516|STRUCTURE_TYPE||30A181||
4381|01/01/2023|54|3040003050000|1.597|1.611|STRUCTURE_TYPE||30A182||
4382|01/01/2023|54|30201190000SB|0.0|0.052|STRUCTURE_TYPE||30A183||
4383|01/01/2023|54|3030049000000|6.859|6.897|STRUCTURE_TYPE||30A186||
4384|01/01/2023|54|30200520000EB|18.212|18.408|STRUCTURE_TYPE||30A187||
4385|01/01/2023|54|30200520000EB|17.434|17.678|STRUCTURE_TYPE||30A188||
4386|01/01/2023|54|30200520000WB|17.171|17.239|STRUCTURE_TYPE||30A189||
4387|01/01/2023|54|30200520000EB|54.317|54.393|STRUCTURE_TYPE||30A190||
4388|01/01/2023|54|3030065000000|13.107|13.115|STRUCTURE_TYPE||30A195||
4389|01/01/2023|54|30200520000EB|19.186|19.408|STRUCTURE_TYPE||30A196||
4390|01/01/2023|54|30200520000EB|19.069|19.155|STRUCTURE_TYPE||30A197||
4391|01/01/2023|54|3030080000000|6.792|6.838|STRUCTURE_TYPE||30A199||
4392|01/01/2023|54|3040003120000|4.134|4.142|STRUCTURE_TYPE||30A200||
4393|01/01/2023|54|3030065000000|1.493|1.507|STRUCTURE_TYPE||30A201||
4394|01/01/2023|54|3040013090000|0.003|0.009|STRUCTURE_TYPE||30A202||
4395|01/01/2023|54|3040065030000|3.744|3.756|STRUCTURE_TYPE||30A204||
4396|01/01/2023|54|30201190000NB|16.032|16.038|STRUCTURE_TYPE||30A205||
4397|01/01/2023|54|3040252080000|0.061|0.073|STRUCTURE_TYPE||30A206||
4398|01/01/2023|54|3040252180000|0.012|0.022|STRUCTURE_TYPE||30A207||
4399|01/01/2023|54|3040065700000|0.005|0.011|STRUCTURE_TYPE||30A208||
4400|01/01/2023|54|3000803000000|0.003|0.009|STRUCTURE_TYPE||30A209||
4401|01/01/2023|54|3040252120000|0.036|0.052|STRUCTURE_TYPE||30A211||
4402|01/01/2023|54|3080920000000|0.005|0.009|STRUCTURE_TYPE||30A214||
4403|01/01/2023|54|3040052040000|0.005|0.047|STRUCTURE_TYPE||30A215||
4404|01/01/2023|54|30200520000WB|29.207|29.231|STRUCTURE_TYPE||30A216||
4405|01/01/2023|54|3040002040000|0.016|0.024|STRUCTURE_TYPE||30A217||
4406|01/01/2023|54|3040002000000|9.684|9.688|STRUCTURE_TYPE||30A218||
4407|01/01/2023|54|3040003050000|19.087|19.107|STRUCTURE_TYPE||30A224||
4408|01/01/2023|54|3040003050000|18.398|18.418|STRUCTURE_TYPE||30A225||
4409|01/01/2023|54|3040065720000|0.013|0.025|STRUCTURE_TYPE||30A226||
4410|01/01/2023|54|3040003050000|18.936|18.956|STRUCTURE_TYPE||30A227||
4411|01/01/2023|54|3080924000000|0.096|0.102|STRUCTURE_TYPE||30A228||
4412|01/01/2023|54|3080932000000|0.002|0.012|STRUCTURE_TYPE||30A229||
4413|01/01/2023|54|3040252120000|0.41|0.45|STRUCTURE_TYPE||30A234||
4414|01/01/2023|54|3040003050000|21.362|21.386|STRUCTURE_TYPE||30A235||
4415|01/01/2023|54|3040010042400|0.049|0.057|STRUCTURE_TYPE||30A237||
4416|01/01/2023|54|3040252130000|0.001|0.009|STRUCTURE_TYPE||30A238||
4417|01/01/2023|54|3040003050000|20.065|20.093|STRUCTURE_TYPE||30A239||
4418|01/01/2023|54|3000863000000|0.031|0.065|STRUCTURE_TYPE||30A241||
4419|01/01/2023|54|3040052650000|0.054|0.064|STRUCTURE_TYPE||30A242||
4420|01/01/2023|54|3040252180000|0.101|0.105|STRUCTURE_TYPE||30A247||
4421|01/01/2023|54|3040049020000|1.578|1.582|STRUCTURE_TYPE||30A248||
4422|01/01/2023|54|3040065050000|1.498|1.51|STRUCTURE_TYPE||30A249||
4423|01/01/2023|54|3040014050000|0.091|0.097|STRUCTURE_TYPE||30A250||
4424|01/01/2023|54|3040014120000|0.077|0.085|STRUCTURE_TYPE||30A251||
4425|01/01/2023|54|3040002070000|0.014|0.028|STRUCTURE_TYPE||30A252||
4426|01/01/2023|54|3040252570000|7.155|7.159|STRUCTURE_TYPE||30A254||
4427|01/01/2023|54|3040003050000|20.224|20.252|STRUCTURE_TYPE||30A255||
4428|01/01/2023|54|3080930000000|0.003|0.013|STRUCTURE_TYPE||30A256||
4429|01/01/2023|54|3040007050000|0.946|0.952|STRUCTURE_TYPE||30A257||
4430|01/01/2023|54|3030049000000|1.663|1.677|STRUCTURE_TYPE||30A258||
4431|01/01/2023|54|3040001060000|0.013|0.019|STRUCTURE_TYPE||30A259||
4432|01/01/2023|54|3040065050000|0.04|0.062|STRUCTURE_TYPE||30A262||
4433|01/01/2023|54|3040065050000|1.049|1.069|STRUCTURE_TYPE||30A263||
4434|01/01/2023|54|3040003050000|17.363|17.389|STRUCTURE_TYPE||30A264||
4435|01/01/2023|54|3040006000000|0.245|0.257|STRUCTURE_TYPE||30A265||
4436|01/01/2023|54|3040049010000|4.1|4.112|STRUCTURE_TYPE||30A266||
4437|01/01/2023|54|3040003050000|2.992|3.01|STRUCTURE_TYPE||30A267||
4438|01/01/2023|54|3040003050000|19.761|19.791|STRUCTURE_TYPE||30A268||
4439|01/01/2023|54|3040003020000|0.299|0.307|STRUCTURE_TYPE||30A269||
4440|01/01/2023|54|3040003050000|21.533|21.553|STRUCTURE_TYPE||30A270||
4441|01/01/2023|54|3040252070000|0.002|0.008|STRUCTURE_TYPE||30A271||
4442|01/01/2023|54|3040052760000|0.004|0.01|STRUCTURE_TYPE||30A272||
4443|01/01/2023|54|3000567000000|0.074|0.124|STRUCTURE_TYPE||30A273||
4444|01/01/2023|54|3040001000000|2.591|2.597|STRUCTURE_TYPE||30A274||
4445|01/01/2023|54|3040009110000|0.042|0.054|STRUCTURE_TYPE||30A275||
4446|01/01/2023|54|3040065050000|0.229|0.239|STRUCTURE_TYPE||30A276||
4447|01/01/2023|54|3040052410000|0.117|0.177|STRUCTURE_TYPE||30A277||
4448|01/01/2023|54|3001078000000|0.0|0.048|STRUCTURE_TYPE||30A278||
4449|01/01/2023|54|30201190001NB|0.056|0.124|STRUCTURE_TYPE||30A279||
4450|01/01/2023|54|3040065760000|0.016|0.042|STRUCTURE_TYPE||30A280||
4451|01/01/2023|54|3040006000000|0.524|0.534|STRUCTURE_TYPE||30A281||
4452|01/01/2023|54|30200520000WB|19.204|19.42|STRUCTURE_TYPE||30A282||
4453|01/01/2023|54|3040065830000|0.169|0.201|STRUCTURE_TYPE||30A283||
4454|01/01/2023|54|3080925000000|0.09|0.094|STRUCTURE_TYPE||30A284||
4455|01/01/2023|54|3040001040000|1.863|1.871|STRUCTURE_TYPE||30A285||
4456|01/01/2023|54|3040065730000|0.004|0.024|STRUCTURE_TYPE||30A286||
4457|01/01/2023|54|3040001000000|3.1|3.108|STRUCTURE_TYPE||30A287||
4458|01/01/2023|54|3040003050000|16.193|16.213|STRUCTURE_TYPE||30A288||
4459|01/01/2023|54|3040003050000|14.604|14.62|STRUCTURE_TYPE||30A290||
4460|01/01/2023|54|3040003050000|14.725|14.745|STRUCTURE_TYPE||30A291||
4461|01/01/2023|54|3040009120000|0.005|0.015|STRUCTURE_TYPE||30A292||
4462|01/01/2023|54|3040008090000|0.005|0.009|STRUCTURE_TYPE||30A293||
4463|01/01/2023|54|3040003050000|2.684|2.712|STRUCTURE_TYPE||30A294||
4464|01/01/2023|54|3040003090000|0.026|0.034|STRUCTURE_TYPE||30A295||
4465|01/01/2023|54|3040003050000|20.458|20.478|STRUCTURE_TYPE||30A296||
4466|01/01/2023|54|3040003050000|16.529|16.547|STRUCTURE_TYPE||30A297||
4467|01/01/2023|54|3040003050000|13.616|13.638|STRUCTURE_TYPE||30A298||
4468|01/01/2023|54|3130007000000|3.558|3.564|STRUCTURE_TYPE||31A001||
4469|01/01/2023|54|3130007000000|10.302|10.31|STRUCTURE_TYPE||31A004||
4470|01/01/2023|54|3130007000000|13.062|13.14|STRUCTURE_TYPE||31A005||
4471|01/01/2023|54|3130007000000|13.747|13.777|STRUCTURE_TYPE||31A007||
4472|01/01/2023|54|3130007000000|16.029|16.081|STRUCTURE_TYPE||31A008||
4473|01/01/2023|54|3130007000000|16.881|16.937|STRUCTURE_TYPE||31A009||
4474|01/01/2023|54|3130007000000|27.708|27.714|STRUCTURE_TYPE||31A015||
4475|01/01/2023|54|31300070007WB|0.045|0.139|STRUCTURE_TYPE||31A016||
4476|01/01/2023|54|3130007000000|33.133|33.237|STRUCTURE_TYPE||31A017||
4477|01/01/2023|54|3130007000000|34.092|34.118|STRUCTURE_TYPE||31A018||
4478|01/01/2023|54|3130007000000|38.644|38.654|STRUCTURE_TYPE||31A020||
4479|01/01/2023|54|3130007000000|14.544|14.548|STRUCTURE_TYPE||31A021||
4480|01/01/2023|54|3130007000000|36.665|36.677|STRUCTURE_TYPE||31A022||
4481|01/01/2023|54|3140007090000|2.085|2.091|STRUCTURE_TYPE||31A025||
4482|01/01/2023|54|3140007130000|0.714|0.722|STRUCTURE_TYPE||31A026||
4483|01/01/2023|54|3140007240000|0.006|0.014|STRUCTURE_TYPE||31A029||
4484|01/01/2023|54|3140008000000|3.946|3.95|STRUCTURE_TYPE||31A030||
4485|01/01/2023|54|3140009000000|4.67|4.68|STRUCTURE_TYPE||31A031||
4486|01/01/2023|54|3140009000000|5.696|5.706|STRUCTURE_TYPE||31A032||
4487|01/01/2023|54|3140011000000|0.285|0.291|STRUCTURE_TYPE||31A035||
4488|01/01/2023|54|3140011000000|2.663|2.669|STRUCTURE_TYPE||31A038||
4489|01/01/2023|54|3140015010000|1.905|1.913|STRUCTURE_TYPE||31A042||
4490|01/01/2023|54|3140017050000|0.011|0.019|STRUCTURE_TYPE||31A044||
4491|01/01/2023|54|3140017010000|2.344|2.348|STRUCTURE_TYPE||31A045||
4492|01/01/2023|54|3140017060000|0.022|0.032|STRUCTURE_TYPE||31A046||
4493|01/01/2023|54|31200190000NB|6.77|6.778|STRUCTURE_TYPE||31A048||
4494|01/01/2023|54|31100790017NB0152B|0.02|0.064|STRUCTURE_TYPE||31A049||
4495|01/01/2023|54|31200190000NB|9.125|9.135|STRUCTURE_TYPE||31A050||
4496|01/01/2023|54|31200190000SB|11.055|11.199|STRUCTURE_TYPE||31A051||
4497|01/01/2023|54|31200190000NB|15.9|15.906|STRUCTURE_TYPE||31A059||
4498|01/01/2023|54|31200190000NB|20.583|20.589|STRUCTURE_TYPE||31A061||
4499|01/01/2023|54|31200190000NB|20.946|20.952|STRUCTURE_TYPE||31A062||
4500|01/01/2023|54|3140019040000|0.17|0.176|STRUCTURE_TYPE||31A063||
4501|01/01/2023|54|3140019180000|0.134|0.14|STRUCTURE_TYPE||31A064||
4502|01/01/2023|54|3140019250000|0.549|0.559|STRUCTURE_TYPE||31A065||
4503|01/01/2023|54|3140019250000|0.775|0.787|STRUCTURE_TYPE||31A066||
4504|01/01/2023|54|31200190000NB|3.691|3.695|STRUCTURE_TYPE||31A067||
4505|01/01/2023|54|3140019260000|0.012|0.022|STRUCTURE_TYPE||31A070||
4506|01/01/2023|54|3140020000000|0.086|0.096|STRUCTURE_TYPE||31A071||
4507|01/01/2023|54|3140020000000|1.93|1.938|STRUCTURE_TYPE||31A072||
4508|01/01/2023|54|3140025000000|0.549|0.561|STRUCTURE_TYPE||31A076||
4509|01/01/2023|54|3140025000000|1.362|1.37|STRUCTURE_TYPE||31A077||
4510|01/01/2023|54|3140025030000|2.208|2.214|STRUCTURE_TYPE||31A078||
4511|01/01/2023|54|3140027000000|3.599|3.605|STRUCTURE_TYPE||31A081||
4512|01/01/2023|54|3140029050000|0.045|0.053|STRUCTURE_TYPE||31A084||
4513|01/01/2023|54|3140035000000|1.632|1.642|STRUCTURE_TYPE||31A085||
4514|01/01/2023|54|3140031000000|1.155|1.165|STRUCTURE_TYPE||31A087||
4515|01/01/2023|54|3140036000000|2.419|2.433|STRUCTURE_TYPE||31A090||
4516|01/01/2023|54|3140037000000|9.257|9.267|STRUCTURE_TYPE||31A091||
4517|01/01/2023|54|3140039000000|0.426|0.466|STRUCTURE_TYPE||31A093||
4518|01/01/2023|54|3140037070000|1.531|1.537|STRUCTURE_TYPE||31A096||
4519|01/01/2023|54|3140037080000|0.008|0.016|STRUCTURE_TYPE||31A097||
4520|01/01/2023|54|3140043000000|0.039|0.045|STRUCTURE_TYPE||31A099||
4521|01/01/2023|54|3140043000000|4.172|4.178|STRUCTURE_TYPE||31A100||
4522|01/01/2023|54|3140036000000|1.397|1.409|STRUCTURE_TYPE||31A101||
4523|01/01/2023|54|3140036000000|1.576|1.588|STRUCTURE_TYPE||31A102||
4524|01/01/2023|54|3140043000000|4.376|4.382|STRUCTURE_TYPE||31A103||
4525|01/01/2023|54|3140045000000|1.038|1.044|STRUCTURE_TYPE||31A107||
4526|01/01/2023|54|3140045000000|2.395|2.405|STRUCTURE_TYPE||31A108||
4527|01/01/2023|54|3140039010000|0.174|0.182|STRUCTURE_TYPE||31A110||
4528|01/01/2023|54|3140045000000|2.599|2.615|STRUCTURE_TYPE||31A111||
4529|01/01/2023|54|3140045000000|10.093|10.137|STRUCTURE_TYPE||31A114||
4530|01/01/2023|54|3140045020000|1.028|1.036|STRUCTURE_TYPE||31A116||
4531|01/01/2023|54|3140045070000|1.582|1.59|STRUCTURE_TYPE||31A117||
4532|01/01/2023|54|31100680005SB|0.577|0.659|STRUCTURE_TYPE||31A118||
4533|01/01/2023|54|31100680005SB|0.463|0.469|STRUCTURE_TYPE||31A119||
4534|01/01/2023|54|31100680000EB|2.144|2.148|STRUCTURE_TYPE||31A120||
4535|01/01/2023|54|31100680000WB|3.271|3.299|STRUCTURE_TYPE||31A121||
4536|01/01/2023|54|31100680000WB|4.247|4.385|STRUCTURE_TYPE||31A122||
4537|01/01/2023|54|31100680000WB|5.837|5.863|STRUCTURE_TYPE||31A123||
4538|01/01/2023|54|3140857170000|0.012|0.042|STRUCTURE_TYPE||31A124||
4539|01/01/2023|54|31100680000EB|10.342|10.376|STRUCTURE_TYPE||31A126||
4540|01/01/2023|54|31100680000WB|10.344|10.378|STRUCTURE_TYPE||31A127||
4541|01/01/2023|54|3140049000000|0.459|0.467|STRUCTURE_TYPE||31A128||
4542|01/01/2023|54|3140050000000|0.09|0.1|STRUCTURE_TYPE||31A129||
4543|01/01/2023|54|3140050000000|0.496|0.502|STRUCTURE_TYPE||31A130||
4544|01/01/2023|54|3140050000000|1.065|1.071|STRUCTURE_TYPE||31A133||
4545|01/01/2023|54|3140050000000|1.186|1.19|STRUCTURE_TYPE||31A134||
4546|01/01/2023|54|3140053000000|0.012|0.018|STRUCTURE_TYPE||31A135||
4547|01/01/2023|54|3140059000000|0.79|0.798|STRUCTURE_TYPE||31A136||
4548|01/01/2023|54|31100680000EB|3.272|3.3|STRUCTURE_TYPE||31A138||
4549|01/01/2023|54|31100680000EB|4.262|4.396|STRUCTURE_TYPE||31A140||
4550|01/01/2023|54|31100680000EB|5.838|5.866|STRUCTURE_TYPE||31A142||
4551|01/01/2023|54|3140067000000|2.567|2.609|STRUCTURE_TYPE||31A143||
4552|01/01/2023|54|3140067000000|7.093|7.101|STRUCTURE_TYPE||31A144||
4553|01/01/2023|54|3140070000000|0.385|0.393|STRUCTURE_TYPE||31A146||
4554|01/01/2023|54|3140071000000|0.898|0.902|STRUCTURE_TYPE||31A147||
4555|01/01/2023|54|31100680000EB|9.459|9.831|STRUCTURE_TYPE||31A148||
4556|01/01/2023|54|3140073000000|7.891|7.899|STRUCTURE_TYPE||31A151||
4557|01/01/2023|54|3140075000000|0.063|0.069|STRUCTURE_TYPE||31A152||
4558|01/01/2023|54|3140076000000|5.587|5.593|STRUCTURE_TYPE||31A153||
4559|01/01/2023|54|3140050000000|0.922|0.93|STRUCTURE_TYPE||31A157||
4560|01/01/2023|54|3140077000000|1.167|1.177|STRUCTURE_TYPE||31A158||
4561|01/01/2023|54|31100790000NB|142.331|142.425|STRUCTURE_TYPE||31A159||
4562|01/01/2023|54|31100790000SB|142.329|142.423|STRUCTURE_TYPE||31A160||
4563|01/01/2023|54|31100790000NB|145.14|145.164|STRUCTURE_TYPE||31A163||
4564|01/01/2023|54|31100790000SB|145.137|145.159|STRUCTURE_TYPE||31A164||
4565|01/01/2023|54|31100790000NB|145.611|145.637|STRUCTURE_TYPE||31A165||
4566|01/01/2023|54|31100790000SB|145.599|145.627|STRUCTURE_TYPE||31A166||
4567|01/01/2023|54|31100790000NB|148.773|148.809|STRUCTURE_TYPE||31A167||
4568|01/01/2023|54|31100790000SB|148.775|148.811|STRUCTURE_TYPE||31A168||
4569|01/01/2023|54|31100790000NB|149.236|149.26|STRUCTURE_TYPE||31A169||
4570|01/01/2023|54|31100790000NB|149.351|149.645|STRUCTURE_TYPE||31A170||
4571|01/01/2023|54|31100790000NB|150.357|150.361|STRUCTURE_TYPE||31A171||
4572|01/01/2023|54|31100790000SB|152.466|152.554|STRUCTURE_TYPE||31A172||
4573|01/01/2023|54|31100790000NB|153.84|153.844|STRUCTURE_TYPE||31A173||
4574|01/01/2023|54|31100790000SB|154.821|154.857|STRUCTURE_TYPE||31A174||
4575|01/01/2023|54|31100790000SB|155.933|156.013|STRUCTURE_TYPE||31A175||
4576|01/01/2023|54|31100790000SB|158.196|158.232|STRUCTURE_TYPE||31A176||
4577|01/01/2023|54|31100790000SB|159.964|160.026|STRUCTURE_TYPE||31A178||
4578|01/01/2023|54|3140073000000|0.317|0.347|STRUCTURE_TYPE||31A179||
4579|01/01/2023|54|3140079120000|1.155|1.167|STRUCTURE_TYPE||31A180||
4580|01/01/2023|54|3140081000000|6.306|6.4|STRUCTURE_TYPE||31A181||
4581|01/01/2023|54|3140081010000|0.803|0.809|STRUCTURE_TYPE||31A183||
4582|01/01/2023|54|3130100000000|0.962|0.986|STRUCTURE_TYPE||31A189||
4583|01/01/2023|54|3130100000000|4.364|4.376|STRUCTURE_TYPE||31A192||
4584|01/01/2023|54|3130100000000|4.858|4.862|STRUCTURE_TYPE||31A193||
4585|01/01/2023|54|3130100000000|5.311|5.319|STRUCTURE_TYPE||31A194||
4586|01/01/2023|54|31201190000SB|10.249|10.309|STRUCTURE_TYPE||31A195||
4587|01/01/2023|54|31201190000NB|12.469|12.505|STRUCTURE_TYPE||31A196||
4588|01/01/2023|54|31201190000SB|13.795|13.849|STRUCTURE_TYPE||31A197||
4589|01/01/2023|54|3140119060000|1.416|1.422|STRUCTURE_TYPE||31A199||
4590|01/01/2023|54|3140119060000|1.544|1.55|STRUCTURE_TYPE||31A200||
4591|01/01/2023|54|3130218000000|4.709|4.719|STRUCTURE_TYPE||31A201||
4592|01/01/2023|54|3140857000000|2.157|2.161|STRUCTURE_TYPE||31A203||
4593|01/01/2023|54|3140857000000|7.271|7.311|STRUCTURE_TYPE||31A206||
4594|01/01/2023|54|3140857000000|13.677|13.683|STRUCTURE_TYPE||31A208||
4595|01/01/2023|54|3140077000000|1.136|1.148|STRUCTURE_TYPE||31A212||
4596|01/01/2023|54|31100790000NB|152.488|152.576|STRUCTURE_TYPE||31A215||
4597|01/01/2023|54|3140016030000|0.053|0.059|STRUCTURE_TYPE||31A216||
4598|01/01/2023|54|31100790000NB|154.819|154.855|STRUCTURE_TYPE||31A219||
4599|01/01/2023|54|31100790000NB|155.936|156.012|STRUCTURE_TYPE||31A221||
4600|01/01/2023|54|31100790000NB|158.216|158.252|STRUCTURE_TYPE||31A223||
4601|01/01/2023|54|31100790000NB|159.964|160.026|STRUCTURE_TYPE||31A225||
4602|01/01/2023|54|3140119060000|1.298|1.306|STRUCTURE_TYPE||31A248||
4603|01/01/2023|54|3140061040000|0.845|0.857|STRUCTURE_TYPE||31A262||
4604|01/01/2023|54|3140009000000|2.003|2.007|STRUCTURE_TYPE||31A265||
4605|01/01/2023|54|3140050020000|0.004|0.008|STRUCTURE_TYPE||31A266||
4606|01/01/2023|54|3140007400000|0.196|0.2|STRUCTURE_TYPE||31A267||
4607|01/01/2023|54|3140039020000|1.579|1.583|STRUCTURE_TYPE||31A268||
4608|01/01/2023|54|3140007520000|0.042|0.05|STRUCTURE_TYPE||31A269||
4609|01/01/2023|54|3140075000000|4.263|4.269|STRUCTURE_TYPE||31A270||
4610|01/01/2023|54|3130100000000|2.399|2.417|STRUCTURE_TYPE||31A271||
4611|01/01/2023|54|3140039010000|0.028|0.056|STRUCTURE_TYPE||31A272||
4612|01/01/2023|54|3140029000000|5.362|5.37|STRUCTURE_TYPE||31A273||
4613|01/01/2023|54|3140007180000|1.371|1.379|STRUCTURE_TYPE||31A274||
4614|01/01/2023|54|3130007000000|21.95|21.96|STRUCTURE_TYPE||31A275||
4615|01/01/2023|54|3140076000000|6.491|6.495|STRUCTURE_TYPE||31A276||
4616|01/01/2023|54|3140068070000|0.617|0.623|STRUCTURE_TYPE||31A277||
4617|01/01/2023|54|3140064030000|0.666|0.684|STRUCTURE_TYPE||31A278||
4618|01/01/2023|54|3130007000000|13.451|13.465|STRUCTURE_TYPE||31A279||
4619|01/01/2023|54|3140064040000|0.063|0.071|STRUCTURE_TYPE||31A280||
4620|01/01/2023|54|3140119390000|0.097|0.201|STRUCTURE_TYPE||31A281||
4621|01/01/2023|54|3140058000000|0.004|0.01|STRUCTURE_TYPE||31A282||
4622|01/01/2023|54|3140014000000|0.012|0.036|STRUCTURE_TYPE||31A283||
4623|01/01/2023|54|3140011010000|2.017|2.025|STRUCTURE_TYPE||31A284||
4624|01/01/2023|54|3100593000000|0.071|0.079|STRUCTURE_TYPE||31A285||
4625|01/01/2023|54|31200190000SB|14.224|14.416|STRUCTURE_TYPE||31A286||
4626|01/01/2023|54|3130100000000|3.977|3.983|STRUCTURE_TYPE||31A288||
4627|01/01/2023|54|3130100000000|4.268|4.274|STRUCTURE_TYPE||31A289||
4628|01/01/2023|54|3140039000000|0.074|0.102|STRUCTURE_TYPE||31A290||
4629|01/01/2023|54|3140043000000|8.345|8.351|STRUCTURE_TYPE||31A292||
4630|01/01/2023|54|3140043040000|1.809|1.815|STRUCTURE_TYPE||31A294||
4631|01/01/2023|54|3130007000000|35.55|35.558|STRUCTURE_TYPE||31A295||
4632|01/01/2023|54|3140015080000|0.022|0.028|STRUCTURE_TYPE||31A296||
4633|01/01/2023|54|3140026000000|1.485|1.491|STRUCTURE_TYPE||31A297||
4634|01/01/2023|54|3140037020000|0.013|0.019|STRUCTURE_TYPE||31A298||
4635|01/01/2023|54|3140077010000|1.304|1.308|STRUCTURE_TYPE||31A299||
4636|01/01/2023|54|3140031000000|0.231|0.241|STRUCTURE_TYPE||31A300||
4637|01/01/2023|54|3140059030000|0.381|0.387|STRUCTURE_TYPE||31A301||
4638|01/01/2023|54|3140076100000|0.333|0.341|STRUCTURE_TYPE||31A302||
4639|01/01/2023|54|3140019400000|0.009|0.019|STRUCTURE_TYPE||31A303||
4640|01/01/2023|54|31200190000SB|14.932|15.004|STRUCTURE_TYPE||31A304||
4641|01/01/2023|54|3130007000000|19.04|19.058|STRUCTURE_TYPE||31A305||
4642|01/01/2023|54|3130007000000|22.134|22.148|STRUCTURE_TYPE||31A310||
4643|01/01/2023|54|3130007000000|7.567|7.593|STRUCTURE_TYPE||31A311||
4644|01/01/2023|54|3130043000000|0.412|0.468|STRUCTURE_TYPE||31A312||
4645|01/01/2023|54|31300430000SB|0.233|0.289|STRUCTURE_TYPE||31A313||
4646|01/01/2023|54|3130043000000|0.744|0.804|STRUCTURE_TYPE||31A314||
4647|01/01/2023|54|31300430000SB|0.615|0.675|STRUCTURE_TYPE||31A315||
4648|01/01/2023|54|3130043000000|1.165|1.439|STRUCTURE_TYPE||31A316||
4649|01/01/2023|54|31300430000SB|1.168|1.196|STRUCTURE_TYPE||31A317||
4650|01/01/2023|54|3130043000000|2.501|2.763|STRUCTURE_TYPE||31A318||
4651|01/01/2023|54|31300430000SB|2.454|2.716|STRUCTURE_TYPE||31A319||
4652|01/01/2023|54|3130043000000|3.756|4.03|STRUCTURE_TYPE||31A320||
4653|01/01/2023|54|31300430000SB|3.765|4.025|STRUCTURE_TYPE||31A321||
4654|01/01/2023|54|3140857000000|3.267|3.281|STRUCTURE_TYPE||31A322||
4655|01/01/2023|54|3140040020000|0.003|0.007|STRUCTURE_TYPE||31A323||
4656|01/01/2023|54|3140857000000|10.196|10.38|STRUCTURE_TYPE||31A324||
4657|01/01/2023|54|3130007000000|20.438|20.46|STRUCTURE_TYPE||31A325||
4658|01/01/2023|54|3140081010000|0.636|0.644|STRUCTURE_TYPE||31A326||
4659|01/01/2023|54|3140015000000|6.262|6.274|STRUCTURE_TYPE||31A327||
4660|01/01/2023|54|3130007000000|26.012|26.026|STRUCTURE_TYPE||31A328||
4661|01/01/2023|54|3140046072400|0.052|0.102|STRUCTURE_TYPE||31A329||
4662|01/01/2023|54|3140011000000|0.058|0.068|STRUCTURE_TYPE||31A330||
4663|01/01/2023|54|31201190000SB|17.328|17.334|STRUCTURE_TYPE||31A331||
4664|01/01/2023|54|31200190000NB|0.671|0.685|STRUCTURE_TYPE||31A332||
4665|01/01/2023|54|3174813001900|1.208|1.222|STRUCTURE_TYPE||31A904||
4666|01/01/2023|54|3140007700000|0.426|0.484|STRUCTURE_TYPE||31A907||
4667|01/01/2023|54|3230003000000|0.0|0.123|STRUCTURE_TYPE||32A001||
4668|01/01/2023|54|3230003000000|26.706|26.716|STRUCTURE_TYPE||32A005||
4669|01/01/2023|54|3240004000000|2.162|2.176|STRUCTURE_TYPE||32A012||
4670|01/01/2023|54|3240004000000|8.052|8.058|STRUCTURE_TYPE||32A013||
4671|01/01/2023|54|3240005040000|0.203|0.219|STRUCTURE_TYPE||32A014||
4672|01/01/2023|54|3240010000000|0.054|0.06|STRUCTURE_TYPE||32A016||
4673|01/01/2023|54|3240010000000|1.208|1.218|STRUCTURE_TYPE||32A018||
4674|01/01/2023|54|3240010000000|1.617|1.623|STRUCTURE_TYPE||32A019||
4675|01/01/2023|54|3230012000000|8.467|8.475|STRUCTURE_TYPE||32A021||
4676|01/01/2023|54|3230012000000|9.256|9.324|STRUCTURE_TYPE||32A022||
4677|01/01/2023|54|3240013000000|3.097|3.103|STRUCTURE_TYPE||32A025||
4678|01/01/2023|54|3240015000000|0.019|0.031|STRUCTURE_TYPE||32A026||
4679|01/01/2023|54|3240015000000|0.263|0.267|STRUCTURE_TYPE||32A027||
4681|01/01/2023|54|3240015030000|0.346|0.352|STRUCTURE_TYPE||32A031||
4682|01/01/2023|54|3240023000000|1.159|1.185|STRUCTURE_TYPE||32A035||
4683|01/01/2023|54|3240023050000|0.391|0.397|STRUCTURE_TYPE||32A038||
4684|01/01/2023|54|3240024060000|2.293|2.301|STRUCTURE_TYPE||32A042||
4685|01/01/2023|54|3240024080000|1.292|1.298|STRUCTURE_TYPE||32A044||
4686|01/01/2023|54|3240025000000|6.479|6.495|STRUCTURE_TYPE||32A046||
4687|01/01/2023|54|3240025000000|9.522|9.538|STRUCTURE_TYPE||32A047||
4688|01/01/2023|54|3240025000000|4.514|4.522|STRUCTURE_TYPE||32A049||
4689|01/01/2023|54|3240029000000|0.151|0.157|STRUCTURE_TYPE||32A050||
4690|01/01/2023|54|3230122000000|7.952|7.988|STRUCTURE_TYPE||32A054||
4691|01/01/2023|54|3230122000000|8.201|8.227|STRUCTURE_TYPE||32A055||
4692|01/01/2023|54|3230122000000|8.947|8.973|STRUCTURE_TYPE||32A056||
4693|01/01/2023|54|3230122000000|9.167|9.195|STRUCTURE_TYPE||32A057||
4694|01/01/2023|54|3230122000000|11.829|11.837|STRUCTURE_TYPE||32A058||
4695|01/01/2023|54|32202190000NB|0.225|0.237|STRUCTURE_TYPE||32A060||
4696|01/01/2023|54|32202190000NB|16.656|16.688|STRUCTURE_TYPE||32A063||
4697|01/01/2023|54|32202190000NB|19.914|19.92|STRUCTURE_TYPE||32A064||
4698|01/01/2023|54|32202190000NB|20.711|20.717|STRUCTURE_TYPE||32A065||
4699|01/01/2023|54|32202190000NB|33.326|33.34|STRUCTURE_TYPE||32A066||
4700|01/01/2023|54|3240219010000|3.139|3.159|STRUCTURE_TYPE||32A067||
4701|01/01/2023|54|3240219010000|4.655|4.675|STRUCTURE_TYPE||32A068||
4702|01/01/2023|54|3240219080000|0.053|0.059|STRUCTURE_TYPE||32A069||
4703|01/01/2023|54|3240219130000|2.544|2.552|STRUCTURE_TYPE||32A070||
4704|01/01/2023|54|3240013050000|0.708|0.714|STRUCTURE_TYPE||32A072||
4705|01/01/2023|54|3240029010000|2.657|2.671|STRUCTURE_TYPE||32A074||
4706|01/01/2023|54|3240029000000|3.658|3.666|STRUCTURE_TYPE||32A075||
4707|01/01/2023|54|3240219230000|0.304|0.312|STRUCTURE_TYPE||32A076||
4708|01/01/2023|54|3240025030000|1.695|1.703|STRUCTURE_TYPE||32A077||
4709|01/01/2023|54|3240023040000|3.58|3.586|STRUCTURE_TYPE||32A078||
4710|01/01/2023|54|3280905000000|0.076|0.088|STRUCTURE_TYPE||32A079||
4711|01/01/2023|54|3230122000000|5.685|5.691|STRUCTURE_TYPE||32A080||
4712|01/01/2023|54|3240012050000|0.424|0.432|STRUCTURE_TYPE||32A081||
4713|01/01/2023|54|3240015050000|0.057|0.067|STRUCTURE_TYPE||32A082||
4714|01/01/2023|54|3240012010000|0.085|0.091|STRUCTURE_TYPE||32A083||
4715|01/01/2023|54|3240023060000|2.127|2.137|STRUCTURE_TYPE||32A084||
4716|01/01/2023|54|3240015000000|8.809|8.817|STRUCTURE_TYPE||32A085||
4717|01/01/2023|54|3240020000000|8.479|8.497|STRUCTURE_TYPE||32A086||
4718|01/01/2023|54|3240003140000|2.076|2.086|STRUCTURE_TYPE||32A087||
4719|01/01/2023|54|3240219220000|0.207|0.213|STRUCTURE_TYPE||32A088||
4720|01/01/2023|54|3240219210000|0.067|0.073|STRUCTURE_TYPE||32A089||
4721|01/01/2023|54|3240010000000|0.356|0.368|STRUCTURE_TYPE||32A090||
4722|01/01/2023|54|32202190000NB|0.0|0.008|STRUCTURE_TYPE||32A092||
4723|01/01/2023|54|3240023080000|1.884|1.902|STRUCTURE_TYPE||32A093||
4724|01/01/2023|54|3240003020000|0.465|0.473|STRUCTURE_TYPE||32A094||
4725|01/01/2023|54|3230122000000|6.544|6.552|STRUCTURE_TYPE||32A095||
4726|01/01/2023|54|3240017000000|6.176|6.188|STRUCTURE_TYPE||32A096||
4727|01/01/2023|54|3240023030000|0.17|0.198|STRUCTURE_TYPE||32A097||
4728|01/01/2023|54|3240025000000|5.354|5.366|STRUCTURE_TYPE||32A098||
4729|01/01/2023|54|3240003190000|0.054|0.06|STRUCTURE_TYPE||32A099||
4730|01/01/2023|54|3340001000000|0.659|0.665|STRUCTURE_TYPE||33A001||
4731|01/01/2023|54|3340005000000|1.96|1.966|STRUCTURE_TYPE||33A006||
4732|01/01/2023|54|3340007000000|5.992|6.022|STRUCTURE_TYPE||33A007||
4733|01/01/2023|54|3340008000000|0.944|0.95|STRUCTURE_TYPE||33A008||
4734|01/01/2023|54|3340008000000|1.729|1.735|STRUCTURE_TYPE||33A009||
4735|01/01/2023|54|3340008000000|7.084|7.096|STRUCTURE_TYPE||33A011||
4736|01/01/2023|54|3340008000000|8.145|8.153|STRUCTURE_TYPE||33A012||
4737|01/01/2023|54|3340008010000|1.192|1.2|STRUCTURE_TYPE||33A014||
4738|01/01/2023|54|3340008010000|3.019|3.039|STRUCTURE_TYPE||33A015||
4739|01/01/2023|54|3330009000000|7.886|7.934|STRUCTURE_TYPE||33A017||
4740|01/01/2023|54|3330009000000|17.39|17.394|STRUCTURE_TYPE||33A019||
4741|01/01/2023|54|3330009000000|20.303|20.383|STRUCTURE_TYPE||33A020||
4742|01/01/2023|54|3330009000000|33.294|33.32|STRUCTURE_TYPE||33A021||
4743|01/01/2023|54|3330009000000|37.351|37.355|STRUCTURE_TYPE||33A022||
4744|01/01/2023|54|3340009030000|0.185|0.205|STRUCTURE_TYPE||33A023||
4745|01/01/2023|54|3340009120000|0.252|0.268|STRUCTURE_TYPE||33A024||
4746|01/01/2023|54|3340011000000|2.08|2.094|STRUCTURE_TYPE||33A025||
4747|01/01/2023|54|3340013000000|8.572|8.584|STRUCTURE_TYPE||33A027||
4748|01/01/2023|54|3340013000000|9.34|9.348|STRUCTURE_TYPE||33A029||
4749|01/01/2023|54|3340013000000|10.668|10.69|STRUCTURE_TYPE||33A030||
4750|01/01/2023|54|3340013010000|2.981|3.003|STRUCTURE_TYPE||33A031||
4751|01/01/2023|54|3340013030000|1.729|1.739|STRUCTURE_TYPE||33A032||
4752|01/01/2023|54|3340019000000|0.669|0.675|STRUCTURE_TYPE||33A034||
4753|01/01/2023|54|3340026000000|1.823|1.837|STRUCTURE_TYPE||33A035||
4754|01/01/2023|54|3340028010000|2.432|2.438|STRUCTURE_TYPE||33A037||
4755|01/01/2023|54|3340038100000|0.882|0.888|STRUCTURE_TYPE||33A040||
4756|01/01/2023|54|33205220000NB|1.443|1.447|STRUCTURE_TYPE||33A042||
4757|01/01/2023|54|33205220000NB|4.231|4.237|STRUCTURE_TYPE||33A043||
4758|01/01/2023|54|33205220000NB|13.65|13.656|STRUCTURE_TYPE||33A045||
4759|01/01/2023|54|3340002000000|0.127|0.133|STRUCTURE_TYPE||33A047||
4760|01/01/2023|54|3340002030000|0.073|0.077|STRUCTURE_TYPE||33A048||
4761|01/01/2023|54|3360801000000|0.077|0.083|STRUCTURE_TYPE||33A049||
4762|01/01/2023|54|3340018000000|0.344|0.35|STRUCTURE_TYPE||33A051||
4763|01/01/2023|54|3340003010000|0.026|0.038|STRUCTURE_TYPE||33A052||
4764|01/01/2023|54|3340013130000|0.011|0.027|STRUCTURE_TYPE||33A053||
4765|01/01/2023|54|3340522100000|0.024|0.03|STRUCTURE_TYPE||33A054||
4766|01/01/2023|54|3340022000000|0.009|0.015|STRUCTURE_TYPE||33A055||
4767|01/01/2023|54|3340522110000|0.039|0.043|STRUCTURE_TYPE||33A056||
4768|01/01/2023|54|3340038010000|0.564|0.576|STRUCTURE_TYPE||33A057||
4769|01/01/2023|54|3340002000000|6.075|6.085|STRUCTURE_TYPE||33A058||
4770|01/01/2023|54|3340016000000|0.945|0.969|STRUCTURE_TYPE||33A059||
4771|01/01/2023|54|3330009000000|0.436|0.456|STRUCTURE_TYPE||33A060||
4772|01/01/2023|54|3340038020000|0.017|0.027|STRUCTURE_TYPE||33A061||
4773|01/01/2023|54|3340003000000|1.807|1.817|STRUCTURE_TYPE||33A062||
4774|01/01/2023|54|3340013000000|1.675|1.681|STRUCTURE_TYPE||33A063||
4775|01/01/2023|54|3340008180000|2.119|2.125|STRUCTURE_TYPE||33A064||
4776|01/01/2023|54|3330009000000|12.393|12.475|STRUCTURE_TYPE||33A065||
4777|01/01/2023|54|3330009000000|0.0|0.043|STRUCTURE_TYPE||33A066||
4778|01/01/2023|54|33205220000NB|18.379|18.869|STRUCTURE_TYPE||33A067||
4779|01/01/2023|54|3340028000000|0.551|0.557|STRUCTURE_TYPE||33A068||
4780|01/01/2023|54|3340008000000|4.922|4.932|STRUCTURE_TYPE||33A069||
4781|01/01/2023|54|3340028000000|1.177|1.185|STRUCTURE_TYPE||33A070||
4782|01/01/2023|54|3340008000000|14.898|14.926|STRUCTURE_TYPE||33A071||
4783|01/01/2023|54|3340001000000|5.697|5.729|STRUCTURE_TYPE||33A072||
4784|01/01/2023|54|3340013000000|8.89|8.906|STRUCTURE_TYPE||33A073||
4785|01/01/2023|54|3440001000000|4.434|4.448|STRUCTURE_TYPE||34A001||
4786|01/01/2023|54|3440001000000|6.319|6.337|STRUCTURE_TYPE||34A002||
4787|01/01/2023|54|3440001090000|6.412|6.418|STRUCTURE_TYPE||34A006||
4788|01/01/2023|54|3440001090000|6.939|6.945|STRUCTURE_TYPE||34A007||
4789|01/01/2023|54|3440001090000|7.38|7.388|STRUCTURE_TYPE||34A008||
4790|01/01/2023|54|3440001090000|9.233|9.245|STRUCTURE_TYPE||34A009||
4791|01/01/2023|54|3440003040000|0.116|0.126|STRUCTURE_TYPE||34A010||
4792|01/01/2023|54|3440004000000|4.651|4.657|STRUCTURE_TYPE||34A011||
4793|01/01/2023|54|3440005000000|7.616|7.634|STRUCTURE_TYPE||34A012||
4794|01/01/2023|54|3440008000000|0.014|0.032|STRUCTURE_TYPE||34A014||
4795|01/01/2023|54|3440009000000|0.015|0.025|STRUCTURE_TYPE||34A015||
4796|01/01/2023|54|3440012000000|0.422|0.428|STRUCTURE_TYPE||34A016||
4797|01/01/2023|54|3440013000000|11.862|11.878|STRUCTURE_TYPE||34A017||
4798|01/01/2023|54|3440013000000|13.846|13.852|STRUCTURE_TYPE||34A018||
4799|01/01/2023|54|3440016010000|0.017|0.025|STRUCTURE_TYPE||34A019||
4800|01/01/2023|54|3440016010000|0.795|0.821|STRUCTURE_TYPE||34A020||
4801|01/01/2023|54|3440039340000|0.222|0.258|STRUCTURE_TYPE||34A021||
4802|01/01/2023|54|3430041000000|0.0|0.035|STRUCTURE_TYPE||34A023||
4803|01/01/2023|54|3430041000000|2.594|2.628|STRUCTURE_TYPE||34A025||
4804|01/01/2023|54|34200190000SB|8.164|8.43|STRUCTURE_TYPE||34A026||
4805|01/01/2023|54|3440019150000|0.214|0.22|STRUCTURE_TYPE||34A029||
4806|01/01/2023|54|3440019170000|0.076|0.086|STRUCTURE_TYPE||34A030||
4807|01/01/2023|54|3430020000000|7.666|7.674|STRUCTURE_TYPE||34A037||
4808|01/01/2023|54|3430020000000|13.897|13.901|STRUCTURE_TYPE||34A038||
4809|01/01/2023|54|3430020000000|20.616|20.662|STRUCTURE_TYPE||34A039||
4810|01/01/2023|54|3440020020000|0.007|0.021|STRUCTURE_TYPE||34A045||
4811|01/01/2023|54|3440020160000|0.012|0.016|STRUCTURE_TYPE||34A046||
4812|01/01/2023|54|3440024070000|0.723|0.733|STRUCTURE_TYPE||34A051||
4813|01/01/2023|54|3440026030000|0.765|0.773|STRUCTURE_TYPE||34A052||
4814|01/01/2023|54|3430039000000|11.235|11.241|STRUCTURE_TYPE||34A060||
4815|01/01/2023|54|3430039000000|52.553|52.587|STRUCTURE_TYPE||34A065||
4816|01/01/2023|54|3440039130000|0.096|0.128|STRUCTURE_TYPE||34A067||
4817|01/01/2023|54|3440039140000|4.331|4.355|STRUCTURE_TYPE||34A068||
4818|01/01/2023|54|3440039180000|0.21|0.232|STRUCTURE_TYPE||34A069||
4819|01/01/2023|54|3440039180000|1.915|1.927|STRUCTURE_TYPE||34A070||
4820|01/01/2023|54|3440039230000|0.005|0.017|STRUCTURE_TYPE||34A071||
4821|01/01/2023|54|3430055000000|0.547|0.557|STRUCTURE_TYPE||34A076||
4822|01/01/2023|54|3440044040000|1.554|1.562|STRUCTURE_TYPE||34A078||
4823|01/01/2023|54|3440039170000|0.297|0.311|STRUCTURE_TYPE||34A080||
4824|01/01/2023|54|3430041000000|17.604|17.62|STRUCTURE_TYPE||34A082||
4825|01/01/2023|54|34200190000NB|8.141|8.423|STRUCTURE_TYPE||34A092||
4826|01/01/2023|54|3440129030000|0.035|0.043|STRUCTURE_TYPE||34A093||
4827|01/01/2023|54|3440019410000|11.271|11.281|STRUCTURE_TYPE||34A094||
4828|01/01/2023|54|34200190000NB|28.695|28.755|STRUCTURE_TYPE||34A095||
4829|01/01/2023|54|34200190000SB|28.706|28.768|STRUCTURE_TYPE||34A096||
4830|01/01/2023|54|34200190017SB0028C|0.27|0.322|STRUCTURE_TYPE||34A097||
4831|01/01/2023|54|34200190017NB0028B|0.064|0.116|STRUCTURE_TYPE||34A098||
4832|01/01/2023|54|3440044020000|1.747|1.753|STRUCTURE_TYPE||34A099||
4833|01/01/2023|54|34200190000NB|28.6|28.63|STRUCTURE_TYPE||34A100||
4834|01/01/2023|54|34200190000SB|28.601|28.631|STRUCTURE_TYPE||34A101||
4835|01/01/2023|54|34200190000SB|29.495|29.501|STRUCTURE_TYPE||34A102||
4836|01/01/2023|54|3440017030000|1.135|1.145|STRUCTURE_TYPE||34A103||
4837|01/01/2023|54|3440003020000|0.007|0.011|STRUCTURE_TYPE||34A104||
4838|01/01/2023|54|34200190000NB|30.933|30.937|STRUCTURE_TYPE||34A105||
4839|01/01/2023|54|34200190000NB|17.849|17.875|STRUCTURE_TYPE||34A106||
4840|01/01/2023|54|34200190000SB|17.859|17.885|STRUCTURE_TYPE||34A107||
4841|01/01/2023|54|34200190000NB|17.943|17.949|STRUCTURE_TYPE||34A108||
4842|01/01/2023|54|3440019250000|0.09|0.098|STRUCTURE_TYPE||34A109||
4843|01/01/2023|54|3440039460000|0.093|0.107|STRUCTURE_TYPE||34A110||
4844|01/01/2023|54|3440020210000|6.273|6.283|STRUCTURE_TYPE||34A111||
4845|01/01/2023|54|3440020410000|0.026|0.03|STRUCTURE_TYPE||34A112||
4846|01/01/2023|54|3430041000000|0.142|0.15|STRUCTURE_TYPE||34A113||
4847|01/01/2023|54|3440043010000|1.725|1.735|STRUCTURE_TYPE||34A115||
4848|01/01/2023|54|34200190000NB|16.318|16.326|STRUCTURE_TYPE||34A116||
4849|01/01/2023|54|3440001030000|0.011|0.015|STRUCTURE_TYPE||34A117||
4850|01/01/2023|54|3440022000000|10.646|10.65|STRUCTURE_TYPE||34A118||
4851|01/01/2023|54|3440022030000|0.026|0.038|STRUCTURE_TYPE||34A119||
4852|01/01/2023|54|3400540000000|0.067|0.085|STRUCTURE_TYPE||34A120||
4853|01/01/2023|54|3430129000000|0.005|0.019|STRUCTURE_TYPE||34A121||
4854|01/01/2023|54|3440039470000|0.097|0.105|STRUCTURE_TYPE||34A122||
4855|01/01/2023|54|3440019410000|10.941|10.985|STRUCTURE_TYPE||34A123||
4856|01/01/2023|54|3440020200000|0.158|0.168|STRUCTURE_TYPE||34A124||
4857|01/01/2023|54|3430055000000|10.226|10.236|STRUCTURE_TYPE||34A125||
4858|01/01/2023|54|3430055000000|9.928|9.938|STRUCTURE_TYPE||34A126||
4859|01/01/2023|54|3430039000000|19.349|19.359|STRUCTURE_TYPE||34A127||
4860|01/01/2023|54|3430020000000|23.017|23.067|STRUCTURE_TYPE||34A128||
4861|01/01/2023|54|3430020000000|26.865|26.969|STRUCTURE_TYPE||34A129||
4862|01/01/2023|54|3430039000000|27.58|27.862|STRUCTURE_TYPE||34A130||
4863|01/01/2023|54|3440039140000|0.059|0.077|STRUCTURE_TYPE||34A131||
4864|01/01/2023|54|3440032000000|1.125|1.133|STRUCTURE_TYPE||34A132||
4865|01/01/2023|54|3440019220000|0.208|0.218|STRUCTURE_TYPE||34A133||
4866|01/01/2023|54|3430020000000|33.624|33.738|STRUCTURE_TYPE||34A134||
4867|01/01/2023|54|3440022000000|0.993|1.013|STRUCTURE_TYPE||34A135||
4868|01/01/2023|54|3430039000000|54.38|54.416|STRUCTURE_TYPE||34A136||
4869|01/01/2023|54|3440019190000|0.025|0.039|STRUCTURE_TYPE||34A137||
4870|01/01/2023|54|3430039000000|0.0|0.015|STRUCTURE_TYPE||34A138||
4871|01/01/2023|54|3430039000000|33.501|33.507|STRUCTURE_TYPE||34A139||
4872|01/01/2023|54|3440020210000|4.966|4.98|STRUCTURE_TYPE||34A140||
4873|01/01/2023|54|3430039000000|10.24|10.246|STRUCTURE_TYPE||34A141||
4874|01/01/2023|54|3430039000000|4.348|4.354|STRUCTURE_TYPE||34A142||
4875|01/01/2023|54|3440001000000|0.096|0.104|STRUCTURE_TYPE||34A144||
4876|01/01/2023|54|3430082000000|0.19|0.206|STRUCTURE_TYPE||34A145||
4877|01/01/2023|54|3430082000000|1.289|1.319|STRUCTURE_TYPE||34A146||
4878|01/01/2023|54|3430020000000|1.26|1.272|STRUCTURE_TYPE||34A147||
4879|01/01/2023|54|3440006000000|1.102|1.108|STRUCTURE_TYPE||34A148||
4880|01/01/2023|54|3540001000000|2.139|2.155|STRUCTURE_TYPE||35A001||
4881|01/01/2023|54|3540001000000|2.815|2.855|STRUCTURE_TYPE||35A002||
4882|01/01/2023|54|35100700017WB001BC|0.095|0.291|STRUCTURE_TYPE||35A003||
4883|01/01/2023|54|35202500000NB|3.21|3.248|STRUCTURE_TYPE||35A005||
4884|01/01/2023|54|35100700017EB001BB|0.091|0.171|STRUCTURE_TYPE||35A006||
4885|01/01/2023|54|3540003000000|0.613|0.619|STRUCTURE_TYPE||35A008||
4886|01/01/2023|54|3540007000000|4.093|4.105|STRUCTURE_TYPE||35A009||
4887|01/01/2023|54|3540007010000|2.728|2.736|STRUCTURE_TYPE||35A010||
4888|01/01/2023|54|3540015000000|1.048|1.054|STRUCTURE_TYPE||35A013||
4889|01/01/2023|54|3540019000000|0.443|0.449|STRUCTURE_TYPE||35A015||
4890|01/01/2023|54|3540019000000|0.632|0.638|STRUCTURE_TYPE||35A016||
4891|01/01/2023|54|3540021000000|0.696|0.732|STRUCTURE_TYPE||35A017||
4892|01/01/2023|54|3540025000000|1.332|1.338|STRUCTURE_TYPE||35A018||
4893|01/01/2023|54|3540027000000|0.032|0.044|STRUCTURE_TYPE||35A020||
4894|01/01/2023|54|3540027000000|0.292|0.298|STRUCTURE_TYPE||35A021||
4895|01/01/2023|54|3540029000000|0.988|0.994|STRUCTURE_TYPE||35A023||
4896|01/01/2023|54|3540031000000|0.006|0.016|STRUCTURE_TYPE||35A024||
4897|01/01/2023|54|3540031000000|1.239|1.245|STRUCTURE_TYPE||35A025||
4898|01/01/2023|54|3540035000000|0.623|0.631|STRUCTURE_TYPE||35A026||
4899|01/01/2023|54|3540039000000|0.059|0.075|STRUCTURE_TYPE||35A027||
4900|01/01/2023|54|3540039000000|3.873|3.893|STRUCTURE_TYPE||35A029||
4901|01/01/2023|54|3540039020000|0.013|0.023|STRUCTURE_TYPE||35A030||
4902|01/01/2023|54|35200400003EB|0.047|0.087|STRUCTURE_TYPE||35A032||
4903|01/01/2023|54|35200400000EB|1.094|1.122|STRUCTURE_TYPE||35A033||
4904|01/01/2023|54|35200400000EB|6.657|6.693|STRUCTURE_TYPE||35A036||
4905|01/01/2023|54|35200400000WB|7.636|7.644|STRUCTURE_TYPE||35A039||
4906|01/01/2023|54|35200400000EB|9.095|9.113|STRUCTURE_TYPE||35A040||
4907|01/01/2023|54|35200400000EB|9.63|9.646|STRUCTURE_TYPE||35A041||
4908|01/01/2023|54|35200400000EB|10.043|10.047|STRUCTURE_TYPE||35A042||
4909|01/01/2023|54|35200400000EB|11.137|11.151|STRUCTURE_TYPE||35A044||
4910|01/01/2023|54|35200400000EB|11.336|11.352|STRUCTURE_TYPE||35A045||
4911|01/01/2023|54|35200400000EB|12.245|12.257|STRUCTURE_TYPE||35A046||
4912|01/01/2023|54|35200400000EB|12.751|12.757|STRUCTURE_TYPE||35A047||
4913|01/01/2023|54|35200400000EB|13.192|13.202|STRUCTURE_TYPE||35A048||
4914|01/01/2023|54|35200400000WB|14.497|14.507|STRUCTURE_TYPE||35A050||
4915|01/01/2023|54|3540043000000|0.011|0.025|STRUCTURE_TYPE||35A054||
4916|01/01/2023|54|3540051010000|0.028|0.034|STRUCTURE_TYPE||35A055||
4917|01/01/2023|54|3540051030000|0.036|0.042|STRUCTURE_TYPE||35A056||
4918|01/01/2023|54|3540053000000|1.621|1.625|STRUCTURE_TYPE||35A057||
4919|01/01/2023|54|3540053040000|0.59|0.604|STRUCTURE_TYPE||35A058||
4920|01/01/2023|54|35100700000WB|0.0|0.233|STRUCTURE_TYPE||35A059||
4921|01/01/2023|54|35100700000WB|0.463|0.777|STRUCTURE_TYPE||35A061||
4922|01/01/2023|54|35100700000WB|1.168|1.402|STRUCTURE_TYPE||35A063||
4923|01/01/2023|54|35100700000WB|1.966|2.05|STRUCTURE_TYPE||35A066||
4924|01/01/2023|54|35100700000EB|1.949|2.037|STRUCTURE_TYPE||35A067||
4925|01/01/2023|54|35100700000WB|2.195|2.219|STRUCTURE_TYPE||35A068||
4926|01/01/2023|54|35100700000EB|2.209|2.233|STRUCTURE_TYPE||35A069||
4927|01/01/2023|54|35100700000WB|3.551|3.611|STRUCTURE_TYPE||35A071||
4928|01/01/2023|54|35100700000EB|3.557|3.615|STRUCTURE_TYPE||35A072||
4929|01/01/2023|54|35100700000WB|4.7|4.826|STRUCTURE_TYPE||35A073||
4930|01/01/2023|54|35100700000EB|4.69|4.816|STRUCTURE_TYPE||35A074||
4931|01/01/2023|54|35100700000WB|5.327|5.447|STRUCTURE_TYPE||35A075||
4932|01/01/2023|54|35100700000EB|5.32|5.45|STRUCTURE_TYPE||35A076||
4933|01/01/2023|54|35100700000WB|6.771|6.859|STRUCTURE_TYPE||35A077||
4934|01/01/2023|54|35100700000EB|6.772|6.85|STRUCTURE_TYPE||35A078||
4935|01/01/2023|54|35100700000WB|11.067|11.103|STRUCTURE_TYPE||35A079||
4936|01/01/2023|54|35100700000EB|11.07|11.104|STRUCTURE_TYPE||35A080||
4937|01/01/2023|54|3530088000000|2.832|2.874|STRUCTURE_TYPE||35A083||
4938|01/01/2023|54|3540018000000|0.013|0.057|STRUCTURE_TYPE||35A085||
4939|01/01/2023|54|35100700017WB001AH|0.01|0.088|STRUCTURE_TYPE||35A089||
4940|01/01/2023|54|3530251000000|0.022|0.27|STRUCTURE_TYPE||35A090||
4941|01/01/2023|54|35100700000EB|1.284|1.514|STRUCTURE_TYPE||35A095||
4942|01/01/2023|54|35104700000EB|3.579|3.817|STRUCTURE_TYPE||35A096||
4943|01/01/2023|54|35104700000WB|3.497|3.783|STRUCTURE_TYPE||35A097||
4944|01/01/2023|54|35104700017WB0001C|0.294|0.336|STRUCTURE_TYPE||35A098||
4945|01/01/2023|54|3540091010000|0.133|0.171|STRUCTURE_TYPE||35A099||
4946|01/01/2023|54|35202500005SB|0.056|0.166|STRUCTURE_TYPE||35A100||
4947|01/01/2023|54|35100700000EB|0.715|0.777|STRUCTURE_TYPE||35A101||
4948|01/01/2023|54|3540006000000|0.28|0.376|STRUCTURE_TYPE||35A102||
4949|01/01/2023|54|3540039080000|0.014|0.026|STRUCTURE_TYPE||35A103||
4950|01/01/2023|54|3530088000000|6.815|6.821|STRUCTURE_TYPE||35A104||
4951|01/01/2023|54|3530088000000|6.461|6.469|STRUCTURE_TYPE||35A105||
4952|01/01/2023|54|35300020005SB|1.025|1.159|STRUCTURE_TYPE||35A107||
4953|01/01/2023|54|35202500000NB|1.834|2.426|STRUCTURE_TYPE||35A108||
4954|01/01/2023|54|3530002000000|1.962|2.088|STRUCTURE_TYPE||35A110||
4955|01/01/2023|54|35202500000NB|1.328|1.404|STRUCTURE_TYPE||35A114||
4956|01/01/2023|54|35202500009NB|0.303|0.319|STRUCTURE_TYPE||35A115||
4957|01/01/2023|54|35202500010SB|0.27|0.286|STRUCTURE_TYPE||35A116||
4958|01/01/2023|54|35104700017EB0001B|0.0|0.179|STRUCTURE_TYPE||35A117||
4959|01/01/2023|54|35202500010SB|0.366|0.414|STRUCTURE_TYPE||35A118||
4960|01/01/2023|54|35202500000SB|1.532|1.618|STRUCTURE_TYPE||35A119||
4961|01/01/2023|54|35202500000NB|1.567|1.613|STRUCTURE_TYPE||35A120||
4962|01/01/2023|54|35104700017WB0001D|0.033|0.187|STRUCTURE_TYPE||35A121||
4963|01/01/2023|54|35104700017EB0001A|0.152|0.282|STRUCTURE_TYPE||35A122||
4964|01/01/2023|54|35104700000EB|0.0|0.218|STRUCTURE_TYPE||35A123||
4965|01/01/2023|54|35104700000EB|0.218|0.603|STRUCTURE_TYPE||35A126||
4966|01/01/2023|54|3540024020000|0.0|0.06|STRUCTURE_TYPE||35A131||
4967|01/01/2023|54|3540002020000|0.242|0.264|STRUCTURE_TYPE||35A132||
4968|01/01/2023|54|35200400000EB|0.0|0.098|STRUCTURE_TYPE||35A133||
4969|01/01/2023|54|3540015000000|0.871|0.877|STRUCTURE_TYPE||35A134||
4970|01/01/2023|54|35200400000EB|10.674|10.688|STRUCTURE_TYPE||35A135||
4971|01/01/2023|54|3540024000000|1.01|1.044|STRUCTURE_TYPE||35A136||
4972|01/01/2023|54|3540017000000|0.005|0.009|STRUCTURE_TYPE||35A137||
4973|01/01/2023|54|3540065000000|0.478|0.532|STRUCTURE_TYPE||35A138||
4974|01/01/2023|54|35200400000EB|7.566|7.614|STRUCTURE_TYPE||35A139||
4975|01/01/2023|54|35200400000WB|3.244|3.254|STRUCTURE_TYPE||35A140||
4976|01/01/2023|54|3540070010000|0.002|0.042|STRUCTURE_TYPE||35A141||
4977|01/01/2023|54|3540039000000|3.348|3.368|STRUCTURE_TYPE||35A144||
4978|01/01/2023|54|3530002000000|7.119|7.125|STRUCTURE_TYPE||35A145||
4979|01/01/2023|54|3540029000000|0.016|0.026|STRUCTURE_TYPE||35A146||
4980|01/01/2023|54|3530002000000|11.587|11.621|STRUCTURE_TYPE||35A147||
4981|01/01/2023|54|35100700000WB|1.575|1.805|STRUCTURE_TYPE||35A148||
4982|01/01/2023|54|35100700000EB|1.597|1.833|STRUCTURE_TYPE||35A149||
4983|01/01/2023|54|3530088000000|12.003|12.009|STRUCTURE_TYPE||35A150||
4984|01/01/2023|54|3578260001900|0.571|0.617|STRUCTURE_TYPE||35A901||
4985|01/01/2023|54|3500700000000|0.029|0.049|STRUCTURE_TYPE||35A903||
4986|01/01/2023|54|3578274001900|1.472|1.49|STRUCTURE_TYPE||35A904||
4987|01/01/2023|54|3500438000000|0.008|0.014|STRUCTURE_TYPE||35A906||
4988|01/01/2023|54|3500481000000|0.009|0.051|STRUCTURE_TYPE||35A907||
4989|01/01/2023|54|3500017000000|0.182|0.19|STRUCTURE_TYPE||35A908||
4990|01/01/2023|54|3501026000000|0.003|0.009|STRUCTURE_TYPE||35A997||
4991|01/01/2023|54|3578274001900|1.014|1.054|STRUCTURE_TYPE||35A998||
4992|01/01/2023|54|3640001000000|0.002|0.012|STRUCTURE_TYPE||36A001||
4993|01/01/2023|54|3640001000000|10.359|10.371|STRUCTURE_TYPE||36A002||
4994|01/01/2023|54|3640001030000|3.396|3.408|STRUCTURE_TYPE||36A003||
4995|01/01/2023|54|3640003000000|5.647|5.653|STRUCTURE_TYPE||36A007||
4996|01/01/2023|54|3640003000000|9.858|9.864|STRUCTURE_TYPE||36A008||
4997|01/01/2023|54|3640003030000|2.814|2.852|STRUCTURE_TYPE||36A012||
4998|01/01/2023|54|3640005010000|3.251|3.259|STRUCTURE_TYPE||36A013||
4999|01/01/2023|54|3640005010000|0.685|0.693|STRUCTURE_TYPE||36A015||
5000|01/01/2023|54|3640005010000|1.075|1.085|STRUCTURE_TYPE||36A016||
5001|01/01/2023|54|3640005010000|1.505|1.513|STRUCTURE_TYPE||36A017||
5002|01/01/2023|54|3640005010000|1.952|1.96|STRUCTURE_TYPE||36A018||
5003|01/01/2023|54|3640005010000|2.505|2.517|STRUCTURE_TYPE||36A019||
5004|01/01/2023|54|3640005010000|2.794|2.804|STRUCTURE_TYPE||36A020||
5005|01/01/2023|54|3640005010000|2.994|3.004|STRUCTURE_TYPE||36A021||
5006|01/01/2023|54|3640005030000|0.849|0.857|STRUCTURE_TYPE||36A022||
5007|01/01/2023|54|3640005050000|2.77|2.794|STRUCTURE_TYPE||36A024||
5008|01/01/2023|54|3640005110000|0.113|0.119|STRUCTURE_TYPE||36A025||
5009|01/01/2023|54|3640008000000|5.45|5.458|STRUCTURE_TYPE||36A028||
5010|01/01/2023|54|3640008000000|7.903|7.911|STRUCTURE_TYPE||36A031||
5011|01/01/2023|54|3640008000000|10.393|10.399|STRUCTURE_TYPE||36A034||
5012|01/01/2023|54|3640009000000|0.333|0.341|STRUCTURE_TYPE||36A036||
5013|01/01/2023|54|3640009000000|9.246|9.276|STRUCTURE_TYPE||36A039||
5014|01/01/2023|54|3640011000000|0.964|1.0|STRUCTURE_TYPE||36A041||
5015|01/01/2023|54|3640017000000|6.47|6.476|STRUCTURE_TYPE||36A046||
5016|01/01/2023|54|3640017000000|6.787|6.795|STRUCTURE_TYPE||36A047||
5017|01/01/2023|54|3640017000000|10.799|10.839|STRUCTURE_TYPE||36A049||
5018|01/01/2023|54|3640018000000|0.106|0.118|STRUCTURE_TYPE||36A050||
5019|01/01/2023|54|3640019000000|5.026|5.05|STRUCTURE_TYPE||36A055||
5020|01/01/2023|54|3640021000000|7.458|7.466|STRUCTURE_TYPE||36A056||
5021|01/01/2023|54|3640021000000|7.988|8.024|STRUCTURE_TYPE||36A057||
5022|01/01/2023|54|3640021010000|1.399|1.405|STRUCTURE_TYPE||36A062||
5023|01/01/2023|54|3640021060000|0.028|0.044|STRUCTURE_TYPE||36A065||
5024|01/01/2023|54|3640023000000|16.961|16.993|STRUCTURE_TYPE||36A071||
5025|01/01/2023|54|3640023000000|17.299|17.321|STRUCTURE_TYPE||36A072||
5026|01/01/2023|54|3640025000000|5.184|5.196|STRUCTURE_TYPE||36A074||
5027|01/01/2023|54|3640025000000|9.161|9.167|STRUCTURE_TYPE||36A076||
5028|01/01/2023|54|3640025000000|12.48|12.486|STRUCTURE_TYPE||36A077||
5029|01/01/2023|54|3630028000000|4.337|4.347|STRUCTURE_TYPE||36A079||
5030|01/01/2023|54|3630028000000|10.285|10.319|STRUCTURE_TYPE||36A080||
5031|01/01/2023|54|3630028000000|24.059|24.099|STRUCTURE_TYPE||36A082||
5032|01/01/2023|54|3630028000000|30.469|30.473|STRUCTURE_TYPE||36A083||
5033|01/01/2023|54|3640028070000|2.757|2.765|STRUCTURE_TYPE||36A084||
5034|01/01/2023|54|3640028100000|7.261|7.267|STRUCTURE_TYPE||36A086||
5035|01/01/2023|54|3640030000000|1.797|1.811|STRUCTURE_TYPE||36A088||
5036|01/01/2023|54|3640030000000|5.073|5.091|STRUCTURE_TYPE||36A091||
5037|01/01/2023|54|3640032000000|2.458|2.47|STRUCTURE_TYPE||36A092||
5038|01/01/2023|54|36200330000WB|5.482|5.492|STRUCTURE_TYPE||36A093||
5039|01/01/2023|54|36200330000WB|18.281|18.287|STRUCTURE_TYPE||36A096||
5040|01/01/2023|54|36200330000WB|19.063|19.067|STRUCTURE_TYPE||36A097||
5041|01/01/2023|54|36200330000WB|19.208|19.256|STRUCTURE_TYPE||36A098||
5042|01/01/2023|54|36200330000WB|32.263|32.267|STRUCTURE_TYPE||36A099||
5043|01/01/2023|54|36200330000EB|45.046|45.052|STRUCTURE_TYPE||36A104||
5044|01/01/2023|54|3640033030000|0.008|0.016|STRUCTURE_TYPE||36A106||
5045|01/01/2023|54|36202200000SB|19.222|19.226|STRUCTURE_TYPE||36A110||
5046|01/01/2023|54|36202200000SB|20.49|20.498|STRUCTURE_TYPE||36A111||
5047|01/01/2023|54|36202200000NB|25.888|25.902|STRUCTURE_TYPE||36A112||
5048|01/01/2023|54|3640220040000|1.222|1.228|STRUCTURE_TYPE||36A115||
5049|01/01/2023|54|3640220070000|1.967|1.973|STRUCTURE_TYPE||36A117||
5050|01/01/2023|54|3640220090000|0.126|0.132|STRUCTURE_TYPE||36A119||
5051|01/01/2023|54|3640002030000|0.509|0.513|STRUCTURE_TYPE||36A121||
5052|01/01/2023|54|3640008000000|10.032|10.044|STRUCTURE_TYPE||36A122||
5053|01/01/2023|54|3640018010000|0.319|0.329|STRUCTURE_TYPE||36A123||
5054|01/01/2023|54|3640028080000|0.227|0.237|STRUCTURE_TYPE||36A124||
5055|01/01/2023|54|3640023020000|4.426|4.434|STRUCTURE_TYPE||36A126||
5056|01/01/2023|54|3640030010000|0.0|0.01|STRUCTURE_TYPE||36A127||
5057|01/01/2023|54|3640002000000|2.737|2.743|STRUCTURE_TYPE||36A128||
5058|01/01/2023|54|3640002000000|5.531|5.537|STRUCTURE_TYPE||36A129||
5059|01/01/2023|54|3630028000000|4.006|4.02|STRUCTURE_TYPE||36A130||
5060|01/01/2023|54|3640008000000|5.928|5.938|STRUCTURE_TYPE||36A131||
5061|01/01/2023|54|3640033140000|0.038|0.046|STRUCTURE_TYPE||36A132||
5062|01/01/2023|54|3640008000000|9.75|9.756|STRUCTURE_TYPE||36A133||
5063|01/01/2023|54|3640025000000|0.058|0.078|STRUCTURE_TYPE||36A134||
5064|01/01/2023|54|3630028000000|10.387|10.393|STRUCTURE_TYPE||36A135||
5065|01/01/2023|54|3640021040000|0.019|0.039|STRUCTURE_TYPE||36A136||
5066|01/01/2023|54|3640028080000|0.128|0.156|STRUCTURE_TYPE||36A137||
5067|01/01/2023|54|3640003000000|3.371|3.447|STRUCTURE_TYPE||36A138||
5068|01/01/2023|54|3640028110000|0.133|0.145|STRUCTURE_TYPE||36A139||
5069|01/01/2023|54|3640025000000|5.431|5.451|STRUCTURE_TYPE||36A140||
5070|01/01/2023|54|3640021020000|4.641|4.665|STRUCTURE_TYPE||36A141||
5071|01/01/2023|54|3640019010000|0.054|0.07|STRUCTURE_TYPE||36A142||
5072|01/01/2023|54|3640005120000|0.099|0.119|STRUCTURE_TYPE||36A143||
5073|01/01/2023|54|36202200000NB|12.808|12.818|STRUCTURE_TYPE||36A144||
5074|01/01/2023|54|3640008000000|6.156|6.166|STRUCTURE_TYPE||36A145||
5075|01/01/2023|54|3640009000000|0.131|0.157|STRUCTURE_TYPE||36A146||
5076|01/01/2023|54|3640022000000|4.738|4.758|STRUCTURE_TYPE||36A147||
5077|01/01/2023|54|3640003040000|2.56|2.578|STRUCTURE_TYPE||36A148||
5078|01/01/2023|54|3640017000000|7.883|7.893|STRUCTURE_TYPE||36A149||
5079|01/01/2023|54|3640021090000|0.12|0.136|STRUCTURE_TYPE||36A150||
5080|01/01/2023|54|3640023000000|6.293|6.303|STRUCTURE_TYPE||36A151||
5081|01/01/2023|54|3640005040000|0.167|0.175|STRUCTURE_TYPE||36A152||
5082|01/01/2023|54|3600765000000|0.099|0.119|STRUCTURE_TYPE||36A153||
5083|01/01/2023|54|36202200000NB|27.506|27.572|STRUCTURE_TYPE||36A154||
5084|01/01/2023|54|3640008000000|8.373|8.379|STRUCTURE_TYPE||36A155||
5085|01/01/2023|54|3640009000000|0.468|0.472|STRUCTURE_TYPE||36A156||
5086|01/01/2023|54|3640003000000|10.029|10.035|STRUCTURE_TYPE||36A157||
5087|01/01/2023|54|3640003000000|12.676|12.682|STRUCTURE_TYPE||36A158||
5088|01/01/2023|54|3640019000000|2.497|2.517|STRUCTURE_TYPE||36A159||
5089|01/01/2023|54|3640220070000|0.005|0.021|STRUCTURE_TYPE||36A160||
5090|01/01/2023|54|3640003030000|0.736|0.744|STRUCTURE_TYPE||36A161||
5091|01/01/2023|54|3640012000000|4.148|4.152|STRUCTURE_TYPE||36A162||
5092|01/01/2023|54|3640018000000|3.806|3.816|STRUCTURE_TYPE||36A163||
5093|01/01/2023|54|3640011000000|0.6|0.608|STRUCTURE_TYPE||36A164||
5094|01/01/2023|54|36200330000WB|33.934|33.974|STRUCTURE_TYPE||36A165||
5095|01/01/2023|54|36202200000NB|32.257|32.291|STRUCTURE_TYPE||36A166||
5096|01/01/2023|54|3640018000000|4.478|4.486|STRUCTURE_TYPE||36A167||
5097|01/01/2023|54|36200330000EB|5.891|5.955|STRUCTURE_TYPE||36A168||
5098|01/01/2023|54|3640007010000|0.013|0.023|STRUCTURE_TYPE||36A169||
5099|01/01/2023|54|36200330000EB|33.553|33.563|STRUCTURE_TYPE||36A170||
5100|01/01/2023|54|36200330000WB|44.081|44.115|STRUCTURE_TYPE||36A171||
5101|01/01/2023|54|36200330000WB|37.522|37.544|STRUCTURE_TYPE||36A172||
5102|01/01/2023|54|36200330000EB|6.163|6.177|STRUCTURE_TYPE||36A173||
5103|01/01/2023|54|3740001050000|2.686|2.694|STRUCTURE_TYPE||37A001||
5104|01/01/2023|54|3740001060000|11.737|11.741|STRUCTURE_TYPE||37A002||
5105|01/01/2023|54|3730002000000|0.0|0.02|STRUCTURE_TYPE||37A003||
5106|01/01/2023|54|3730002000000|10.958|11.034|STRUCTURE_TYPE||37A006||
5107|01/01/2023|54|3740003000000|4.335|4.371|STRUCTURE_TYPE||37A008||
5108|01/01/2023|54|3740003040000|0.014|0.02|STRUCTURE_TYPE||37A009||
5109|01/01/2023|54|3740005000000|1.088|1.104|STRUCTURE_TYPE||37A012||
5110|01/01/2023|54|3740007000000|3.008|3.058|STRUCTURE_TYPE||37A014||
5111|01/01/2023|54|3740012000000|1.849|1.857|STRUCTURE_TYPE||37A016||
5112|01/01/2023|54|3740022000000|0.007|0.019|STRUCTURE_TYPE||37A019||
5113|01/01/2023|54|3740034000000|0.259|0.263|STRUCTURE_TYPE||37A020||
5114|01/01/2023|54|3730002000000|3.283|3.289|STRUCTURE_TYPE||37A021||
5115|01/01/2023|54|3740034000000|2.045|2.057|STRUCTURE_TYPE||37A022||
5116|01/01/2023|54|3740036020000|0.411|0.421|STRUCTURE_TYPE||37A023||
5117|01/01/2023|54|3740030000000|4.454|4.466|STRUCTURE_TYPE||37A024||
5118|01/01/2023|54|3730002000000|4.407|4.431|STRUCTURE_TYPE||37A025||
5119|01/01/2023|54|3740002100000|0.176|0.26|STRUCTURE_TYPE||37A027||
5120|01/01/2023|54|37308070000SB|0.025|0.515|STRUCTURE_TYPE||37A028||
5121|01/01/2023|54|3740030000000|2.302|2.308|STRUCTURE_TYPE||37A029||
5122|01/01/2023|54|3740018000000|0.292|0.314|STRUCTURE_TYPE||37A030||
5123|01/01/2023|54|3730002000000|7.22|7.254|STRUCTURE_TYPE||37A031||
5124|01/01/2023|54|37300020000SB|10.071|10.085|STRUCTURE_TYPE||37A032||
5125|01/01/2023|54|3740003080000|0.777|0.803|STRUCTURE_TYPE||37A033||
5126|01/01/2023|54|3740007000000|0.0|0.011|STRUCTURE_TYPE||37A034||
5127|01/01/2023|54|3700042000000|0.065|0.081|STRUCTURE_TYPE||37A901||
5128|01/01/2023|54|3840001020000|1.623|1.631|STRUCTURE_TYPE||38A006||
5129|01/01/2023|54|3840001040000|0.12|0.158|STRUCTURE_TYPE||38A007||
5130|01/01/2023|54|3840001040000|0.758|0.764|STRUCTURE_TYPE||38A008||
5132|01/01/2023|54|3840006000000|5.866|5.88|STRUCTURE_TYPE||38A010||
5133|01/01/2023|54|3840006020000|0.433|0.439|STRUCTURE_TYPE||38A011||
5134|01/01/2023|54|3840006040000|1.826|1.84|STRUCTURE_TYPE||38A012||
5135|01/01/2023|54|3830066000000|15.757|15.791|STRUCTURE_TYPE||38A014||
5136|01/01/2023|54|3840008000000|0.09|0.102|STRUCTURE_TYPE||38A016||
5137|01/01/2023|54|3830066000000|2.357|2.363|STRUCTURE_TYPE||38A017||
5138|01/01/2023|54|3840012000000|2.921|2.973|STRUCTURE_TYPE||38A019||
5139|01/01/2023|54|3840012000000|4.834|4.846|STRUCTURE_TYPE||38A020||
5140|01/01/2023|54|3840015000000|0.099|0.113|STRUCTURE_TYPE||38A022||
5141|01/01/2023|54|3840017000000|3.619|3.631|STRUCTURE_TYPE||38A023||
5142|01/01/2023|54|3840017040000|0.425|0.447|STRUCTURE_TYPE||38A025||
5143|01/01/2023|54|3840019000000|3.743|3.757|STRUCTURE_TYPE||38A026||
5144|01/01/2023|54|3840021000000|15.199|15.209|STRUCTURE_TYPE||38A029||
5145|01/01/2023|54|3840027030000|0.469|0.531|STRUCTURE_TYPE||38A031||
5146|01/01/2023|54|3830028000000|6.687|6.711|STRUCTURE_TYPE||38A032||
5147|01/01/2023|54|3830028000000|13.954|13.966|STRUCTURE_TYPE||38A033||
5148|01/01/2023|54|3830028000000|15.997|16.021|STRUCTURE_TYPE||38A034||
5149|01/01/2023|54|3830028000000|19.89|19.918|STRUCTURE_TYPE||38A036||
5150|01/01/2023|54|3830028000000|23.262|23.266|STRUCTURE_TYPE||38A037||
5151|01/01/2023|54|3830028000000|26.81|26.828|STRUCTURE_TYPE||38A040||
5152|01/01/2023|54|3840028010000|0.15|0.174|STRUCTURE_TYPE||38A043||
5153|01/01/2023|54|3840012010000|0.069|0.081|STRUCTURE_TYPE||38A045||
5154|01/01/2023|54|3840028050000|0.2|0.218|STRUCTURE_TYPE||38A046||
5155|01/01/2023|54|3830039000000|21.669|21.739|STRUCTURE_TYPE||38A053||
5156|01/01/2023|54|3830039000000|28.795|28.843|STRUCTURE_TYPE||38A056||
5157|01/01/2023|54|3830039000000|30.704|30.744|STRUCTURE_TYPE||38A057||
5158|01/01/2023|54|3830039000000|31.713|31.745|STRUCTURE_TYPE||38A058||
5159|01/01/2023|54|3830039000000|34.964|34.97|STRUCTURE_TYPE||38A059||
5160|01/01/2023|54|3840039020000|0.191|0.211|STRUCTURE_TYPE||38A060||
5161|01/01/2023|54|3840039030000|0.381|0.391|STRUCTURE_TYPE||38A062||
5162|01/01/2023|54|3830092000000|0.247|0.253|STRUCTURE_TYPE||38A066||
5163|01/01/2023|54|3830092000000|1.438|1.444|STRUCTURE_TYPE||38A067||
5164|01/01/2023|54|3830092000000|3.739|3.745|STRUCTURE_TYPE||38A068||
5165|01/01/2023|54|3830092000000|4.59|4.596|STRUCTURE_TYPE||38A069||
5166|01/01/2023|54|3830092000000|18.937|18.955|STRUCTURE_TYPE||38A070||
5167|01/01/2023|54|3830092000000|20.473|20.487|STRUCTURE_TYPE||38A071||
5168|01/01/2023|54|3840219010000|0.005|0.021|STRUCTURE_TYPE||38A081||
5169|01/01/2023|54|3840219030000|0.897|0.909|STRUCTURE_TYPE||38A082||
5170|01/01/2023|54|38202500000NB|5.015|5.029|STRUCTURE_TYPE||38A088||
5171|01/01/2023|54|38202500000NB|13.149|13.199|STRUCTURE_TYPE||38A091||
5172|01/01/2023|54|3840250020000|4.018|4.034|STRUCTURE_TYPE||38A092||
5173|01/01/2023|54|3840219360000|0.314|0.324|STRUCTURE_TYPE||38A095||
5174|01/01/2023|54|3840250090000|2.46|2.464|STRUCTURE_TYPE||38A096||
5175|01/01/2023|54|3840039020000|0.182|0.188|STRUCTURE_TYPE||38A097||
5176|01/01/2023|54|3840039020000|0.974|0.978|STRUCTURE_TYPE||38A098||
5177|01/01/2023|54|3840031000000|3.321|3.335|STRUCTURE_TYPE||38A101||
5178|01/01/2023|54|3840027030000|2.331|2.341|STRUCTURE_TYPE||38A104||
5179|01/01/2023|54|3840027030000|2.658|2.668|STRUCTURE_TYPE||38A105||
5180|01/01/2023|54|3840027030000|3.307|3.315|STRUCTURE_TYPE||38A106||
5181|01/01/2023|54|3840021040000|0.017|0.025|STRUCTURE_TYPE||38A107||
5182|01/01/2023|54|3840001000000|20.541|20.549|STRUCTURE_TYPE||38A108||
5183|01/01/2023|54|3840020000000|1.369|1.383|STRUCTURE_TYPE||38A109||
5184|01/01/2023|54|3840027030000|1.245|1.253|STRUCTURE_TYPE||38A110||
5185|01/01/2023|54|38202500000NB|9.217|9.241|STRUCTURE_TYPE||38A111||
5186|01/01/2023|54|38202190000NB|19.546|19.562|STRUCTURE_TYPE||38A114||
5187|01/01/2023|54|38202190000NB|34.792|34.81|STRUCTURE_TYPE||38A115||
5188|01/01/2023|54|3830028000000|35.402|35.416|STRUCTURE_TYPE||38A116||
5189|01/01/2023|54|3840028030000|1.535|1.541|STRUCTURE_TYPE||38A117||
5190|01/01/2023|54|3840013000000|3.813|3.819|STRUCTURE_TYPE||38A118||
5191|01/01/2023|54|3840219050000|0.001|0.011|STRUCTURE_TYPE||38A119||
5192|01/01/2023|54|3840028190000|0.218|0.234|STRUCTURE_TYPE||38A120||
5193|01/01/2023|54|3830028000000|33.018|33.048|STRUCTURE_TYPE||38A121||
5194|01/01/2023|54|3840029020000|0.06|0.066|STRUCTURE_TYPE||38A122||
5195|01/01/2023|54|3830028000000|23.714|23.72|STRUCTURE_TYPE||38A123||
5196|01/01/2023|54|3840001000000|14.547|14.555|STRUCTURE_TYPE||38A124||
5197|01/01/2023|54|3830039000000|27.761|27.783|STRUCTURE_TYPE||38A125||
5198|01/01/2023|54|3830092000000|21.445|21.455|STRUCTURE_TYPE||38A126||
5199|01/01/2023|54|38202190000NB|9.857|9.873|STRUCTURE_TYPE||38A127||
5200|01/01/2023|54|3840092010000|0.074|0.082|STRUCTURE_TYPE||38A128||
5201|01/01/2023|54|3840001000000|10.974|10.986|STRUCTURE_TYPE||38A129||
5202|01/01/2023|54|3830084000000|2.427|2.439|STRUCTURE_TYPE||38A130||
5203|01/01/2023|54|3840001000000|15.341|15.347|STRUCTURE_TYPE||38A131||
5204|01/01/2023|54|3840021010000|0.069|0.077|STRUCTURE_TYPE||38A132||
5205|01/01/2023|54|3830066000000|11.624|11.658|STRUCTURE_TYPE||38A133||
5206|01/01/2023|54|3840011060000|0.003|0.007|STRUCTURE_TYPE||38A134||
5207|01/01/2023|54|3830028000000|24.801|24.809|STRUCTURE_TYPE||38A135||
5208|01/01/2023|54|38202190000SB|14.727|14.743|STRUCTURE_TYPE||38A136||
5209|01/01/2023|54|3840020000000|0.779|0.793|STRUCTURE_TYPE||38A137||
5210|01/01/2023|54|3840219150000|0.14|0.212|STRUCTURE_TYPE||38A138||
5211|01/01/2023|54|3840219030000|1.543|1.555|STRUCTURE_TYPE||38A139||
5212|01/01/2023|54|3840027030000|1.726|1.738|STRUCTURE_TYPE||38A140||
5213|01/01/2023|54|3830039000000|27.192|27.242|STRUCTURE_TYPE||38A141||
5214|01/01/2023|54|3830084000000|1.533|1.543|STRUCTURE_TYPE||38A142||
5215|01/01/2023|54|3840029030000|0.463|0.473|STRUCTURE_TYPE||38A144||
5216|01/01/2023|54|3840029000000|5.273|5.289|STRUCTURE_TYPE||38A145||
5217|01/01/2023|54|3840017010000|1.674|1.682|STRUCTURE_TYPE||38A146||
5218|01/01/2023|54|3830028000000|16.109|16.119|STRUCTURE_TYPE||38A147||
5219|01/01/2023|54|3940003000000|7.301|7.309|STRUCTURE_TYPE||39A003||
5220|01/01/2023|54|3940003000000|8.922|8.928|STRUCTURE_TYPE||39A004||
5221|01/01/2023|54|3940003000000|12.278|12.29|STRUCTURE_TYPE||39A005||
5222|01/01/2023|54|3940003000000|15.643|15.667|STRUCTURE_TYPE||39A006||
5223|01/01/2023|54|3940003000000|17.991|18.047|STRUCTURE_TYPE||39A007||
5224|01/01/2023|54|3940003030000|0.34|0.348|STRUCTURE_TYPE||39A008||
5225|01/01/2023|54|3940003040000|1.647|1.653|STRUCTURE_TYPE||39A009||
5226|01/01/2023|54|3940003120000|1.439|1.443|STRUCTURE_TYPE||39A010||
5227|01/01/2023|54|3940005000000|5.172|5.226|STRUCTURE_TYPE||39A012||
5228|01/01/2023|54|3940005130000|1.705|1.763|STRUCTURE_TYPE||39A014||
5229|01/01/2023|54|3930007000000|1.464|1.472|STRUCTURE_TYPE||39A015||
5230|01/01/2023|54|3930007000000|3.985|3.989|STRUCTURE_TYPE||39A016||
5231|01/01/2023|54|3930007000000|15.36|15.54|STRUCTURE_TYPE||39A017||
5232|01/01/2023|54|3930007000000|25.095|25.101|STRUCTURE_TYPE||39A019||
5233|01/01/2023|54|3940007010000|0.17|0.178|STRUCTURE_TYPE||39A021||
5234|01/01/2023|54|3940007020000|0.811|0.823|STRUCTURE_TYPE||39A022||
5235|01/01/2023|54|3940007030000|0.31|0.314|STRUCTURE_TYPE||39A023||
5236|01/01/2023|54|3940007130000|2.293|2.297|STRUCTURE_TYPE||39A026||
5237|01/01/2023|54|3940008000000|4.382|4.408|STRUCTURE_TYPE||39A031||
5238|01/01/2023|54|3940008030000|0.136|0.142|STRUCTURE_TYPE||39A032||
5239|01/01/2023|54|3940008040000|0.146|0.166|STRUCTURE_TYPE||39A033||
5240|01/01/2023|54|3940012000000|0.018|0.022|STRUCTURE_TYPE||39A036||
5241|01/01/2023|54|3940012000000|2.578|2.64|STRUCTURE_TYPE||39A037||
5242|01/01/2023|54|3940014040000|2.169|2.211|STRUCTURE_TYPE||39A039||
5243|01/01/2023|54|3940014000000|1.571|1.599|STRUCTURE_TYPE||39A040||
5244|01/01/2023|54|3940017000000|1.238|1.254|STRUCTURE_TYPE||39A041||
5245|01/01/2023|54|3940018000000|1.79|1.796|STRUCTURE_TYPE||39A042||
5246|01/01/2023|54|3940020000000|1.987|1.993|STRUCTURE_TYPE||39A043||
5247|01/01/2023|54|3940021000000|1.302|1.306|STRUCTURE_TYPE||39A044||
5248|01/01/2023|54|3940021000000|1.386|1.392|STRUCTURE_TYPE||39A045||
5249|01/01/2023|54|3940021020000|3.298|3.308|STRUCTURE_TYPE||39A046||
5250|01/01/2023|54|3930026000000|19.899|19.909|STRUCTURE_TYPE||39A049||
5251|01/01/2023|54|3930026000000|19.077|19.125|STRUCTURE_TYPE||39A051||
5252|01/01/2023|54|3930026000000|22.16|22.164|STRUCTURE_TYPE||39A052||
5253|01/01/2023|54|3930026000000|22.895|22.919|STRUCTURE_TYPE||39A053||
5254|01/01/2023|54|3930026000000|23.308|23.312|STRUCTURE_TYPE||39A054||
5255|01/01/2023|54|3930026000000|29.563|29.579|STRUCTURE_TYPE||39A055||
5256|01/01/2023|54|3930026000000|31.372|31.416|STRUCTURE_TYPE||39A056||
5257|01/01/2023|54|3940026210000|0.052|0.06|STRUCTURE_TYPE||39A058||
5258|01/01/2023|54|3940026320000|0.397|0.401|STRUCTURE_TYPE||39A060||
5259|01/01/2023|54|3940026640000|0.007|0.013|STRUCTURE_TYPE||39A064||
5260|01/01/2023|54|3940027000000|0.797|0.805|STRUCTURE_TYPE||39A065||
5261|01/01/2023|54|3940027030000|0.315|0.323|STRUCTURE_TYPE||39A066||
5262|01/01/2023|54|3940028000000|5.496|5.502|STRUCTURE_TYPE||39A067||
5263|01/01/2023|54|3940028000000|6.744|6.75|STRUCTURE_TYPE||39A068||
5264|01/01/2023|54|3940028000000|6.985|6.991|STRUCTURE_TYPE||39A069||
5265|01/01/2023|54|3940029000000|1.056|1.062|STRUCTURE_TYPE||39A070||
5266|01/01/2023|54|3940092420000|0.431|0.435|STRUCTURE_TYPE||39A071||
5267|01/01/2023|54|3940029010000|0.003|0.007|STRUCTURE_TYPE||39A072||
5268|01/01/2023|54|3940050280000|0.018|0.024|STRUCTURE_TYPE||39A074||
5269|01/01/2023|54|3940031000000|0.098|0.108|STRUCTURE_TYPE||39A075||
5270|01/01/2023|54|3940033000000|1.642|1.646|STRUCTURE_TYPE||39A076||
5271|01/01/2023|54|3940033000000|1.821|1.831|STRUCTURE_TYPE||39A077||
5272|01/01/2023|54|3940033000000|1.889|1.893|STRUCTURE_TYPE||39A078||
5273|01/01/2023|54|3940033000000|2.292|2.296|STRUCTURE_TYPE||39A080||
5274|01/01/2023|54|3940033000000|2.501|2.505|STRUCTURE_TYPE||39A081||
5275|01/01/2023|54|3940033000000|5.203|5.225|STRUCTURE_TYPE||39A083||
5276|01/01/2023|54|3940033030000|0.093|0.097|STRUCTURE_TYPE||39A084||
5277|01/01/2023|54|3940033050000|1.446|1.45|STRUCTURE_TYPE||39A085||
5278|01/01/2023|54|3940033110000|2.282|2.292|STRUCTURE_TYPE||39A086||
5279|01/01/2023|54|3940035000000|0.013|0.017|STRUCTURE_TYPE||39A088||
5280|01/01/2023|54|3940035000000|1.75|1.77|STRUCTURE_TYPE||39A089||
5281|01/01/2023|54|3940035000000|2.08|2.09|STRUCTURE_TYPE||39A090||
5282|01/01/2023|54|3940039000000|1.674|1.68|STRUCTURE_TYPE||39A091||
5283|01/01/2023|54|3940039000000|1.828|1.834|STRUCTURE_TYPE||39A092||
5284|01/01/2023|54|3940039000000|2.822|2.83|STRUCTURE_TYPE||39A094||
5285|01/01/2023|54|3940039000000|3.432|3.44|STRUCTURE_TYPE||39A095||
5286|01/01/2023|54|3940073120000|0.061|0.105|STRUCTURE_TYPE||39A100||
5287|01/01/2023|54|39100680000WB|18.092|18.172|STRUCTURE_TYPE||39A101||
5288|01/01/2023|54|39100680000WB|22.442|22.446|STRUCTURE_TYPE||39A103||
5289|01/01/2023|54|39100680000WB|22.898|22.93|STRUCTURE_TYPE||39A104||
5290|01/01/2023|54|39100680000EB|18.096|18.172|STRUCTURE_TYPE||39A105||
5291|01/01/2023|54|39100680000EB|28.517|28.525|STRUCTURE_TYPE||39A108||
5292|01/01/2023|54|39200500000EB|16.116|16.204|STRUCTURE_TYPE||39A109||
5293|01/01/2023|54|39200500000EB|4.385|4.393|STRUCTURE_TYPE||39A110||
5294|01/01/2023|54|39200500000WB|5.051|5.059|STRUCTURE_TYPE||39A111||
5295|01/01/2023|54|39100680000EB|22.898|22.93|STRUCTURE_TYPE||39A112||
5296|01/01/2023|54|3940050020000|0.865|0.877|STRUCTURE_TYPE||39A113||
5297|01/01/2023|54|39200500000EB|18.705|18.715|STRUCTURE_TYPE||39A114||
5298|01/01/2023|54|3940051000000|0.128|0.224|STRUCTURE_TYPE||39A116||
5299|01/01/2023|54|39200500000WB|14.154|14.182|STRUCTURE_TYPE||39A118||
5300|01/01/2023|54|3940050240000|0.019|0.029|STRUCTURE_TYPE||39A119||
5301|01/01/2023|54|3940050270000|0.037|0.047|STRUCTURE_TYPE||39A120||
5302|01/01/2023|54|39200500000EB|12.718|12.73|STRUCTURE_TYPE||39A121||
5303|01/01/2023|54|3940051000000|6.389|6.403|STRUCTURE_TYPE||39A123||
5304|01/01/2023|54|3940051000000|8.852|8.862|STRUCTURE_TYPE||39A124||
5305|01/01/2023|54|3940051030000|0.012|0.02|STRUCTURE_TYPE||39A125||
5306|01/01/2023|54|3940051060000|0.051|0.057|STRUCTURE_TYPE||39A126||
5307|01/01/2023|54|3940052000000|0.364|0.372|STRUCTURE_TYPE||39A127||
5308|01/01/2023|54|3940052000000|0.907|0.911|STRUCTURE_TYPE||39A128||
5309|01/01/2023|54|3940052000000|1.428|1.434|STRUCTURE_TYPE||39A130||
5310|01/01/2023|54|3940066000000|0.658|0.666|STRUCTURE_TYPE||39A135||
5311|01/01/2023|54|3940068070000|2.71|2.716|STRUCTURE_TYPE||39A140||
5312|01/01/2023|54|3930072000000|6.001|6.009|STRUCTURE_TYPE||39A142||
5313|01/01/2023|54|3940073730000|8.453|8.477|STRUCTURE_TYPE||39A143||
5314|01/01/2023|54|3930072000000|16.194|16.202|STRUCTURE_TYPE||39A144||
5315|01/01/2023|54|3930072000000|18.517|18.523|STRUCTURE_TYPE||39A146||
5316|01/01/2023|54|3940072030000|0.023|0.033|STRUCTURE_TYPE||39A149||
5317|01/01/2023|54|3940072040000|0.011|0.025|STRUCTURE_TYPE||39A150||
5318|01/01/2023|54|3940073020000|3.189|3.239|STRUCTURE_TYPE||39A151||
5319|01/01/2023|54|3940073110000|0.06|0.104|STRUCTURE_TYPE||39A152||
5320|01/01/2023|54|3940074000000|5.768|5.778|STRUCTURE_TYPE||39A155||
5321|01/01/2023|54|3940086000000|0.03|0.054|STRUCTURE_TYPE||39A160||
5322|01/01/2023|54|3930092000000|7.511|7.515|STRUCTURE_TYPE||39A163||
5323|01/01/2023|54|3930092000000|11.798|11.806|STRUCTURE_TYPE||39A166||
5324|01/01/2023|54|3940108010000|0.136|0.148|STRUCTURE_TYPE||39A167||
5325|01/01/2023|54|3930092000000|12.569|12.575|STRUCTURE_TYPE||39A168||
5326|01/01/2023|54|3930092000000|13.083|13.089|STRUCTURE_TYPE||39A169||
5327|01/01/2023|54|3930092000000|13.694|13.7|STRUCTURE_TYPE||39A170||
5328|01/01/2023|54|3940092300000|0.277|0.281|STRUCTURE_TYPE||39A173||
5329|01/01/2023|54|3940098000000|0.442|0.452|STRUCTURE_TYPE||39A174||
5330|01/01/2023|54|3940092130000|1.846|1.854|STRUCTURE_TYPE||39A175||
5331|01/01/2023|54|3940108000000|0.197|0.201|STRUCTURE_TYPE||39A177||
5332|01/01/2023|54|3940110000000|0.887|0.893|STRUCTURE_TYPE||39A178||
5333|01/01/2023|54|3940051090000|0.528|0.534|STRUCTURE_TYPE||39A180||
5334|01/01/2023|54|3940092140000|1.69|1.708|STRUCTURE_TYPE||39A181||
5335|01/01/2023|54|3940092170000|0.008|0.02|STRUCTURE_TYPE||39A182||
5336|01/01/2023|54|3940092180000|3.146|3.152|STRUCTURE_TYPE||39A183||
5337|01/01/2023|54|39200500000WB|12.185|12.189|STRUCTURE_TYPE||39A185||
5338|01/01/2023|54|3940033000000|0.18|0.188|STRUCTURE_TYPE||39A186||
5339|01/01/2023|54|3940027030000|0.757|0.761|STRUCTURE_TYPE||39A189||
5340|01/01/2023|54|3940053010000|0.066|0.072|STRUCTURE_TYPE||39A190||
5341|01/01/2023|54|3940094020000|0.101|0.111|STRUCTURE_TYPE||39A192||
5342|01/01/2023|54|3940014000000|1.481|1.485|STRUCTURE_TYPE||39A193||
5343|01/01/2023|54|3930007000000|26.78|26.818|STRUCTURE_TYPE||39A194||
5344|01/01/2023|54|3940086000000|0.173|0.181|STRUCTURE_TYPE||39A195||
5345|01/01/2023|54|3940068070000|0.65|0.658|STRUCTURE_TYPE||39A196||
5346|01/01/2023|54|3940068070000|1.053|1.063|STRUCTURE_TYPE||39A197||
5347|01/01/2023|54|3930026000000|0.289|0.299|STRUCTURE_TYPE||39A198||
5348|01/01/2023|54|3940051000000|5.452|5.46|STRUCTURE_TYPE||39A199||
5349|01/01/2023|54|3940052000000|2.816|2.824|STRUCTURE_TYPE||39A200||
5350|01/01/2023|54|3940052000000|2.076|2.082|STRUCTURE_TYPE||39A201||
5351|01/01/2023|54|3940052080000|0.025|0.033|STRUCTURE_TYPE||39A202||
5352|01/01/2023|54|3940007120000|1.362|1.368|STRUCTURE_TYPE||39A203||
5353|01/01/2023|54|3930092000000|3.698|3.704|STRUCTURE_TYPE||39A204||
5354|01/01/2023|54|3940002000000|2.316|2.322|STRUCTURE_TYPE||39A206||
5355|01/01/2023|54|39200500000WB|28.047|28.057|STRUCTURE_TYPE||39A207||
5356|01/01/2023|54|3940074000000|5.832|5.844|STRUCTURE_TYPE||39A208||
5357|01/01/2023|54|3940024010000|2.416|2.424|STRUCTURE_TYPE||39A209||
5358|01/01/2023|54|3940033080000|0.371|0.391|STRUCTURE_TYPE||39A212||
5359|01/01/2023|54|3940026230000|0.16|0.172|STRUCTURE_TYPE||39A213||
5360|01/01/2023|54|3940039000000|2.565|2.571|STRUCTURE_TYPE||39A214||
5361|01/01/2023|54|3930092000000|7.595|7.655|STRUCTURE_TYPE||39A215||
5362|01/01/2023|54|3940002000000|0.12|0.13|STRUCTURE_TYPE||39A216||
5363|01/01/2023|54|3940007120000|2.224|2.24|STRUCTURE_TYPE||39A217||
5364|01/01/2023|54|3940066000000|2.226|2.23|STRUCTURE_TYPE||39A218||
5365|01/01/2023|54|3940007260000|0.387|0.405|STRUCTURE_TYPE||39A219||
5366|01/01/2023|54|3940003000000|4.54|4.546|STRUCTURE_TYPE||39A220||
5367|01/01/2023|54|3940008000000|0.983|0.989|STRUCTURE_TYPE||39A221||
5368|01/01/2023|54|3940026380000|1.109|1.117|STRUCTURE_TYPE||39A222||
5369|01/01/2023|54|3940033000000|1.954|1.96|STRUCTURE_TYPE||39A223||
5370|01/01/2023|54|3940051000000|0.73|0.84|STRUCTURE_TYPE||39A224||
5371|01/01/2023|54|3930092000000|2.936|2.964|STRUCTURE_TYPE||39A225||
5372|01/01/2023|54|3940008040000|2.193|2.211|STRUCTURE_TYPE||39A226||
5373|01/01/2023|54|3940076000000|2.245|2.255|STRUCTURE_TYPE||39A227||
5374|01/01/2023|54|3940076000000|2.739|2.747|STRUCTURE_TYPE||39A228||
5375|01/01/2023|54|3940076000000|3.384|3.392|STRUCTURE_TYPE||39A229||
5376|01/01/2023|54|3940070020000|1.731|1.755|STRUCTURE_TYPE||39A230||
5377|01/01/2023|54|3940026160000|0.975|0.985|STRUCTURE_TYPE||39A231||
5378|01/01/2023|54|3940074030000|0.509|0.515|STRUCTURE_TYPE||39A232||
5379|01/01/2023|54|3940007200000|0.123|0.129|STRUCTURE_TYPE||39A233||
5380|01/01/2023|54|3940068080000|0.0|0.038|STRUCTURE_TYPE||39A234||
5381|01/01/2023|54|3940076010000|0.053|0.061|STRUCTURE_TYPE||39A235||
5382|01/01/2023|54|3930072000000|1.841|1.867|STRUCTURE_TYPE||39A236||
5383|01/01/2023|54|3940007270000|0.54|0.548|STRUCTURE_TYPE||39A237||
5384|01/01/2023|54|3940073730000|3.434|3.452|STRUCTURE_TYPE||39A238||
5385|01/01/2023|54|3940037000000|1.151|1.155|STRUCTURE_TYPE||39A239||
5386|01/01/2023|54|3940037000000|1.503|1.507|STRUCTURE_TYPE||39A240||
5387|01/01/2023|54|3940051000000|2.08|2.09|STRUCTURE_TYPE||39A241||
5388|01/01/2023|54|3940004020000|1.724|1.744|STRUCTURE_TYPE||39A242||
5389|01/01/2023|54|3940042000000|1.148|1.158|STRUCTURE_TYPE||39A243||
5390|01/01/2023|54|3930026000000|9.42|9.444|STRUCTURE_TYPE||39A244||
5391|01/01/2023|54|3930026000000|14.594|14.6|STRUCTURE_TYPE||39A245||
5392|01/01/2023|54|3940008000000|2.965|2.975|STRUCTURE_TYPE||39A246||
5393|01/01/2023|54|3930072000100|0.293|0.299|STRUCTURE_TYPE||39A247||
5394|01/01/2023|54|3940092060000|2.207|2.215|STRUCTURE_TYPE||39A248||
5395|01/01/2023|54|3940014000000|0.665|0.673|STRUCTURE_TYPE||39A249||
5396|01/01/2023|54|3940068070000|1.388|1.394|STRUCTURE_TYPE||39A250||
5397|01/01/2023|54|3940106000000|1.458|1.462|STRUCTURE_TYPE||39A251||
5398|01/01/2023|54|3980901130000|0.066|0.074|STRUCTURE_TYPE||39A252||
5399|01/01/2023|54|3940026640000|0.955|0.959|STRUCTURE_TYPE||39A901||
5400|01/01/2023|54|4040005000000|2.622|2.636|STRUCTURE_TYPE||40A002||
5401|01/01/2023|54|4040005030000|1.717|1.725|STRUCTURE_TYPE||40A004||
5402|01/01/2023|54|4040007000000|7.606|7.614|STRUCTURE_TYPE||40A007||
5403|01/01/2023|54|4040010000000|1.693|1.715|STRUCTURE_TYPE||40A008||
5404|01/01/2023|54|4040011000000|0.08|0.092|STRUCTURE_TYPE||40A009||
5405|01/01/2023|54|4040011000000|12.813|12.833|STRUCTURE_TYPE||40A010||
5406|01/01/2023|54|4040015000000|5.214|5.224|STRUCTURE_TYPE||40A013||
5407|01/01/2023|54|4040019000000|3.29|3.306|STRUCTURE_TYPE||40A014||
5408|01/01/2023|54|4040019000000|8.53|8.562|STRUCTURE_TYPE||40A016||
5409|01/01/2023|54|4040019030000|0.062|0.07|STRUCTURE_TYPE||40A018||
5410|01/01/2023|54|4040019060000|1.272|1.282|STRUCTURE_TYPE||40A019||
5411|01/01/2023|54|4030025000000|0.46|0.468|STRUCTURE_TYPE||40A021||
5412|01/01/2023|54|4040027000000|1.667|1.675|STRUCTURE_TYPE||40A024||
5413|01/01/2023|54|4040027000000|5.595|5.613|STRUCTURE_TYPE||40A025||
5414|01/01/2023|54|4040033000000|0.664|0.67|STRUCTURE_TYPE||40A027||
5415|01/01/2023|54|4040033000000|5.924|5.952|STRUCTURE_TYPE||40A028||
5416|01/01/2023|54|4030034000000|8.035|8.047|STRUCTURE_TYPE||40A029||
5417|01/01/2023|54|4030034000000|9.453|9.475|STRUCTURE_TYPE||40A030||
5418|01/01/2023|54|4030034000000|9.922|9.964|STRUCTURE_TYPE||40A031||
5419|01/01/2023|54|4030034000000|21.335|21.607|STRUCTURE_TYPE||40A035||
5420|01/01/2023|54|4040034080000|4.167|4.207|STRUCTURE_TYPE||40A036||
5421|01/01/2023|54|4040034180000|0.402|0.41|STRUCTURE_TYPE||40A037||
5422|01/01/2023|54|4030817000000|19.149|19.189|STRUCTURE_TYPE||40A042||
5423|01/01/2023|54|4040037000000|3.686|3.7|STRUCTURE_TYPE||40A043||
5424|01/01/2023|54|4040038000000|0.011|0.057|STRUCTURE_TYPE||40A044||
5425|01/01/2023|54|4040038000000|5.143|5.153|STRUCTURE_TYPE||40A046||
5426|01/01/2023|54|4040039000000|0.096|0.104|STRUCTURE_TYPE||40A048||
5427|01/01/2023|54|4040041000000|6.152|6.178|STRUCTURE_TYPE||40A051||
5428|01/01/2023|54|4040050000000|8.811|8.823|STRUCTURE_TYPE||40A055||
5429|01/01/2023|54|40200600000EB|1.807|1.817|STRUCTURE_TYPE||40A057||
5430|01/01/2023|54|4030062000000|3.062|3.1|STRUCTURE_TYPE||40A058||
5431|01/01/2023|54|4030062000000|6.369|6.375|STRUCTURE_TYPE||40A059||
5432|01/01/2023|54|4030062000000|14.064|14.09|STRUCTURE_TYPE||40A060||
5433|01/01/2023|54|40100640000EB|33.137|33.163|STRUCTURE_TYPE||40A064||
5434|01/01/2023|54|40100640000WB|33.138|33.164|STRUCTURE_TYPE||40A065||
5435|01/01/2023|54|40100640000EB|34.624|34.65|STRUCTURE_TYPE||40A066||
5436|01/01/2023|54|40100640000EB|36.26|36.286|STRUCTURE_TYPE||40A067||
5437|01/01/2023|54|40100640000WB|34.623|34.649|STRUCTURE_TYPE||40A068||
5438|01/01/2023|54|40100640000WB|36.267|36.293|STRUCTURE_TYPE||40A069||
5439|01/01/2023|54|40100640000EB|41.511|41.565|STRUCTURE_TYPE||40A070||
5440|01/01/2023|54|40100640000EB|41.865|41.891|STRUCTURE_TYPE||40A071||
5441|01/01/2023|54|40100640000WB|41.54|41.594|STRUCTURE_TYPE||40A072||
5444|01/01/2023|54|40100640000WB|44.488|44.546|STRUCTURE_TYPE||40A075||
5445|01/01/2023|54|40100640000WB|43.788|44.054|STRUCTURE_TYPE||40A076||
5446|01/01/2023|54|4040005000000|4.757|4.767|STRUCTURE_TYPE||40A079||
5447|01/01/2023|54|4040019050000|1.855|1.859|STRUCTURE_TYPE||40A084||
5448|01/01/2023|54|4040024000000|3.096|3.11|STRUCTURE_TYPE||40A086||
5449|01/01/2023|54|4040025080000|0.22|0.258|STRUCTURE_TYPE||40A087||
5450|01/01/2023|54|4040029040000|1.799|1.807|STRUCTURE_TYPE||40A088||
5451|01/01/2023|54|4030034000000|14.987|15.025|STRUCTURE_TYPE||40A090||
5452|01/01/2023|54|4030817000000|12.164|12.202|STRUCTURE_TYPE||40A093||
5453|01/01/2023|54|4030817000000|14.095|14.139|STRUCTURE_TYPE||40A094||
5454|01/01/2023|54|4040037000000|4.437|4.441|STRUCTURE_TYPE||40A095||
5455|01/01/2023|54|4040044000000|1.686|1.69|STRUCTURE_TYPE||40A096||
5456|01/01/2023|54|4040044000000|7.901|7.907|STRUCTURE_TYPE||40A099||
5457|01/01/2023|54|4040048000000|0.014|0.018|STRUCTURE_TYPE||40A100||
5458|01/01/2023|54|4040050000000|10.038|10.042|STRUCTURE_TYPE||40A101||
5459|01/01/2023|54|4040050000000|13.387|13.391|STRUCTURE_TYPE||40A102||
5460|01/01/2023|54|4040050000000|12.785|12.789|STRUCTURE_TYPE||40A103||
5461|01/01/2023|54|4040050000000|12.999|13.003|STRUCTURE_TYPE||40A104||
5462|01/01/2023|54|4040050000000|13.062|13.066|STRUCTURE_TYPE||40A105||
5463|01/01/2023|54|4040060020000|1.013|1.027|STRUCTURE_TYPE||40A106||
5464|01/01/2023|54|4040038000000|4.825|4.833|STRUCTURE_TYPE||40A108||
5465|01/01/2023|54|4040035150000|0.031|0.035|STRUCTURE_TYPE||40A109||
5466|01/01/2023|54|40100640000WB|44.648|44.652|STRUCTURE_TYPE||40A111||
5467|01/01/2023|54|40100640000WB|38.894|38.898|STRUCTURE_TYPE||40A112||
5468|01/01/2023|54|4030034000000|15.254|15.258|STRUCTURE_TYPE||40A113||
5469|01/01/2023|54|4040060280000|0.094|0.102|STRUCTURE_TYPE||40A114||
5470|01/01/2023|54|4040034050000|0.003|0.009|STRUCTURE_TYPE||40A115||
5471|01/01/2023|54|40200600000WB|7.064|7.068|STRUCTURE_TYPE||40A116||
5472|01/01/2023|54|4040040000000|4.574|4.588|STRUCTURE_TYPE||40A119||
5473|01/01/2023|54|4040026000000|0.417|0.427|STRUCTURE_TYPE||40A120||
5474|01/01/2023|54|4040060040000|0.232|0.242|STRUCTURE_TYPE||40A121||
5475|01/01/2023|54|4040006000000|5.965|5.983|STRUCTURE_TYPE||40A122||
5476|01/01/2023|54|4030869000000|0.103|0.459|STRUCTURE_TYPE||40A123||
5477|01/01/2023|54|4040025360000|0.121|0.129|STRUCTURE_TYPE||40A124||
5478|01/01/2023|54|4040011000000|9.665|9.671|STRUCTURE_TYPE||40A127||
5479|01/01/2023|54|4030034000000|19.859|19.893|STRUCTURE_TYPE||40A128||
5480|01/01/2023|54|4040044000000|3.141|3.147|STRUCTURE_TYPE||40A129||
5481|01/01/2023|54|4040019000000|6.466|6.49|STRUCTURE_TYPE||40A130||
5482|01/01/2023|54|4030062000000|23.298|23.33|STRUCTURE_TYPE||40A131||
5483|01/01/2023|54|4040013000000|11.588|11.598|STRUCTURE_TYPE||40A132||
5484|01/01/2023|54|4040007000000|1.162|1.168|STRUCTURE_TYPE||40A133||
5485|01/01/2023|54|4030034000000|11.051|11.071|STRUCTURE_TYPE||40A134||
5486|01/01/2023|54|4040011080000|0.051|0.065|STRUCTURE_TYPE||40A135||
5487|01/01/2023|54|4040019000000|0.325|0.363|STRUCTURE_TYPE||40A136||
5488|01/01/2023|54|4040019010000|0.013|0.035|STRUCTURE_TYPE||40A137||
5489|01/01/2023|54|4030062000000|15.674|15.682|STRUCTURE_TYPE||40A138||
5490|01/01/2023|54|4000788000000|1.083|1.089|STRUCTURE_TYPE||40A139||
5491|01/01/2023|54|4040060010000|0.123|0.129|STRUCTURE_TYPE||40A140||
5492|01/01/2023|54|4040032000000|7.506|7.512|STRUCTURE_TYPE||40A141||
5493|01/01/2023|54|40200600000EB|0.0|0.031|STRUCTURE_TYPE||40A142||
5494|01/01/2023|54|4030062000000|20.68|20.702|STRUCTURE_TYPE||40A143||
5495|01/01/2023|54|4040010000000|4.519|4.527|STRUCTURE_TYPE||40A144||
5496|01/01/2023|54|40200350000NB|2.513|2.533|STRUCTURE_TYPE||40A145||
5497|01/01/2023|54|4040034130000|0.825|0.831|STRUCTURE_TYPE||40A146||
5498|01/01/2023|54|40200350000NB|2.141|2.147|STRUCTURE_TYPE||40A147||
5499|01/01/2023|54|40200350000NB|0.044|0.076|STRUCTURE_TYPE||40A148||
5500|01/01/2023|54|40200350000SB|0.055|0.087|STRUCTURE_TYPE||40A149||
5501|01/01/2023|54|40100640017EB0040F|0.355|0.579|STRUCTURE_TYPE||40A150||
5502|01/01/2023|54|4030034000000|16.706|16.71|STRUCTURE_TYPE||40A151||
5503|01/01/2023|54|4040034120000|0.02|0.024|STRUCTURE_TYPE||40A152||
5504|01/01/2023|54|4040025020000|0.124|0.146|STRUCTURE_TYPE||40A153||
5505|01/01/2023|54|40200350000SB|2.485|2.505|STRUCTURE_TYPE||40A154||
5506|01/01/2023|54|40200350000NB|8.244|8.278|STRUCTURE_TYPE||40A155||
5507|01/01/2023|54|40200350000SB|8.182|8.216|STRUCTURE_TYPE||40A156||
5508|01/01/2023|54|40200350000NB|9.867|9.975|STRUCTURE_TYPE||40A157||
5509|01/01/2023|54|40200350000SB|9.796|9.904|STRUCTURE_TYPE||40A158||
5510|01/01/2023|54|4030869000000|0.74|0.79|STRUCTURE_TYPE||40A159||
5511|01/01/2023|54|40200350000NB|12.378|12.428|STRUCTURE_TYPE||40A159||
5512|01/01/2023|54|4040005000000|12.581|12.593|STRUCTURE_TYPE||40A160||
5513|01/01/2023|54|4030034000000|21.211|21.243|STRUCTURE_TYPE||40A162||
5514|01/01/2023|54|4030817000000|1.027|1.057|STRUCTURE_TYPE||40A163||
5515|01/01/2023|54|4040046000000|4.118|4.156|STRUCTURE_TYPE||40A164||
5516|01/01/2023|54|4040050000000|7.419|7.433|STRUCTURE_TYPE||40A167||
5517|01/01/2023|54|4040015000000|3.845|3.861|STRUCTURE_TYPE||40A168||
5518|01/01/2023|54|4040007000000|6.295|6.301|STRUCTURE_TYPE||40A169||
5519|01/01/2023|54|4040005000000|1.681|1.695|STRUCTURE_TYPE||40A170||
5520|01/01/2023|54|4040038010000|0.012|0.048|STRUCTURE_TYPE||40A171||
5521|01/01/2023|54|4040038000000|4.567|4.573|STRUCTURE_TYPE||40A172||
5522|01/01/2023|54|4040029000000|4.523|4.535|STRUCTURE_TYPE||40A173||
5523|01/01/2023|54|4040052000000|2.245|2.257|STRUCTURE_TYPE||40A174||
5524|01/01/2023|54|4040011010000|0.082|0.108|STRUCTURE_TYPE||40A175||
5525|01/01/2023|54|4040014000000|1.993|2.009|STRUCTURE_TYPE||40A176||
5526|01/01/2023|54|4000345000000|0.257|0.269|STRUCTURE_TYPE||40A901||
5527|01/01/2023|54|4000327000000|0.014|0.024|STRUCTURE_TYPE||40A903||
5528|01/01/2023|54|4000296000000|0.007|0.017|STRUCTURE_TYPE||40A904||
5529|01/01/2023|54|4140001000000|0.035|0.055|STRUCTURE_TYPE||41A001||
5530|01/01/2023|54|41100640000EB|122.893|122.899|STRUCTURE_TYPE||41A003||
5531|01/01/2023|54|4140001000000|8.659|8.675|STRUCTURE_TYPE||41A004||
5532|01/01/2023|54|4140001000000|12.835|12.853|STRUCTURE_TYPE||41A006||
5533|01/01/2023|54|4140001000000|12.996|13.006|STRUCTURE_TYPE||41A007||
5534|01/01/2023|54|4140001000000|24.51|24.522|STRUCTURE_TYPE||41A009||
5535|01/01/2023|54|4140001040000|0.017|0.033|STRUCTURE_TYPE||41A010||
5536|01/01/2023|54|4140001040000|0.452|0.46|STRUCTURE_TYPE||41A011||
5537|01/01/2023|54|4140001080000|0.025|0.033|STRUCTURE_TYPE||41A013||
5538|01/01/2023|54|4140001220000|0.009|0.027|STRUCTURE_TYPE||41A016||
5539|01/01/2023|54|4130003000000|0.78|0.852|STRUCTURE_TYPE||41A017||
5540|01/01/2023|54|4130003000000|1.168|1.19|STRUCTURE_TYPE||41A018||
5541|01/01/2023|54|4130003000000|23.082|23.086|STRUCTURE_TYPE||41A022||
5542|01/01/2023|54|4140003880000|0.01|0.018|STRUCTURE_TYPE||41A024||
5543|01/01/2023|54|4130003000000|27.567|27.577|STRUCTURE_TYPE||41A025||
5544|01/01/2023|54|4130003000000|32.787|32.835|STRUCTURE_TYPE||41A026||
5545|01/01/2023|54|4140003040000|1.291|1.297|STRUCTURE_TYPE||41A034||
5546|01/01/2023|54|4140003050000|1.818|1.83|STRUCTURE_TYPE||41A035||
5547|01/01/2023|54|4140003080000|0.374|0.38|STRUCTURE_TYPE||41A037||
5548|01/01/2023|54|4140003080000|1.919|1.927|STRUCTURE_TYPE||41A038||
5549|01/01/2023|54|4140003080000|2.914|2.922|STRUCTURE_TYPE||41A039||
5550|01/01/2023|54|4140003090000|2.79|2.802|STRUCTURE_TYPE||41A040||
5551|01/01/2023|54|4140003330000|0.168|0.19|STRUCTURE_TYPE||41A044||
5552|01/01/2023|54|4140006000000|5.497|5.529|STRUCTURE_TYPE||41A048||
5553|01/01/2023|54|4140006000000|5.571|5.579|STRUCTURE_TYPE||41A049||
5554|01/01/2023|54|4140006000000|8.071|8.081|STRUCTURE_TYPE||41A050||
5555|01/01/2023|54|4140007000000|4.076|4.084|STRUCTURE_TYPE||41A053||
5556|01/01/2023|54|4140009000000|0.152|0.16|STRUCTURE_TYPE||41A057||
5557|01/01/2023|54|4140010000000|1.415|1.421|STRUCTURE_TYPE||41A058||
5558|01/01/2023|54|4140010000000|2.358|2.366|STRUCTURE_TYPE||41A059||
5559|01/01/2023|54|4140010000000|2.864|2.87|STRUCTURE_TYPE||41A061||
5560|01/01/2023|54|4140015020000|2.323|2.331|STRUCTURE_TYPE||41A067||
5561|01/01/2023|54|4130016000000|0.096|0.112|STRUCTURE_TYPE||41A068||
5562|01/01/2023|54|4130016000000|0.552|0.564|STRUCTURE_TYPE||41A069||
5563|01/01/2023|54|4130016000000|4.669|4.679|STRUCTURE_TYPE||41A070||
5564|01/01/2023|54|4130016000000|16.453|16.477|STRUCTURE_TYPE||41A073||
5565|01/01/2023|54|4130016000000|17.267|17.281|STRUCTURE_TYPE||41A074||
5566|01/01/2023|54|41200190000NB|13.881|13.897|STRUCTURE_TYPE||41A080||
5567|01/01/2023|54|4130041000000|9.26|9.296|STRUCTURE_TYPE||41A083||
5569|01/01/2023|54|4140019100000|2.032|2.04|STRUCTURE_TYPE||41A087||
5570|01/01/2023|54|4140019120000|1.539|1.549|STRUCTURE_TYPE||41A090||
5571|01/01/2023|54|4140019270000|0.007|0.015|STRUCTURE_TYPE||41A095||
5572|01/01/2023|54|4140019380000|0.378|0.39|STRUCTURE_TYPE||41A096||
5573|01/01/2023|54|4140019210000|3.772|3.778|STRUCTURE_TYPE||41A097||
5574|01/01/2023|54|4140019410000|3.727|3.771|STRUCTURE_TYPE||41A099||
5575|01/01/2023|54|4140119360000|0.257|0.267|STRUCTURE_TYPE||41A103||
5576|01/01/2023|54|4140025000000|3.048|3.084|STRUCTURE_TYPE||41A105||
5577|01/01/2023|54|4140026000000|8.892|8.9|STRUCTURE_TYPE||41A106||
5578|01/01/2023|54|4140027000000|5.922|5.932|STRUCTURE_TYPE||41A108||
5579|01/01/2023|54|4140028030000|0.155|0.161|STRUCTURE_TYPE||41A109||
5580|01/01/2023|54|4140029000000|0.177|0.185|STRUCTURE_TYPE||41A110||
5581|01/01/2023|54|4140029000000|0.574|0.582|STRUCTURE_TYPE||41A111||
5582|01/01/2023|54|4140030000000|1.175|1.183|STRUCTURE_TYPE||41A112||
5583|01/01/2023|54|4140030000000|1.846|1.856|STRUCTURE_TYPE||41A113||
5584|01/01/2023|54|4140031000000|0.831|0.837|STRUCTURE_TYPE||41A114||
5585|01/01/2023|54|4140033000000|0.554|0.564|STRUCTURE_TYPE||41A119||
5586|01/01/2023|54|4140033000000|1.312|1.32|STRUCTURE_TYPE||41A120||
5587|01/01/2023|54|4140033000000|3.232|3.24|STRUCTURE_TYPE||41A121||
5588|01/01/2023|54|4140033000000|6.292|6.3|STRUCTURE_TYPE||41A122||
5589|01/01/2023|54|4140033000000|6.481|6.487|STRUCTURE_TYPE||41A123||
5590|01/01/2023|54|4140033010000|0.02|0.03|STRUCTURE_TYPE||41A124||
5591|01/01/2023|54|4140033010000|0.132|0.138|STRUCTURE_TYPE||41A125||
5592|01/01/2023|54|4140033010000|0.298|0.306|STRUCTURE_TYPE||41A126||
5593|01/01/2023|54|4140033020000|0.018|0.026|STRUCTURE_TYPE||41A127||
5594|01/01/2023|54|4140033030000|0.082|0.09|STRUCTURE_TYPE||41A129||
5595|01/01/2023|54|4140035000000|0.351|0.361|STRUCTURE_TYPE||41A130||
5596|01/01/2023|54|4140040000000|1.328|1.334|STRUCTURE_TYPE||41A135||
5597|01/01/2023|54|4130054000000|1.673|1.679|STRUCTURE_TYPE||41A137||
5598|01/01/2023|54|4130099000000|7.485|7.495|STRUCTURE_TYPE||41A138||
5599|01/01/2023|54|4130099000000|10.448|10.47|STRUCTURE_TYPE||41A140||
5600|01/01/2023|54|4140001340000|0.0|0.009|STRUCTURE_TYPE||41A144||
5601|01/01/2023|54|4140001070000|2.412|2.418|STRUCTURE_TYPE||41A146||
5602|01/01/2023|54|4140003040000|1.114|1.12|STRUCTURE_TYPE||41A147||
5603|01/01/2023|54|4140016180000|0.01|0.016|STRUCTURE_TYPE||41A149||
5604|01/01/2023|54|41200190000NB|23.254|23.302|STRUCTURE_TYPE||41A150||
5605|01/01/2023|54|41200190000SB|23.242|23.288|STRUCTURE_TYPE||41A151||
5606|01/01/2023|54|41200190001EB|0.56|0.584|STRUCTURE_TYPE||41A152||
5607|01/01/2023|54|41200190001WB|0.552|0.576|STRUCTURE_TYPE||41A153||
5608|01/01/2023|54|4140019490000|0.04|0.056|STRUCTURE_TYPE||41A154||
5609|01/01/2023|54|4140029020000|0.521|0.533|STRUCTURE_TYPE||41A155||
5610|01/01/2023|54|4140029060000|0.008|0.016|STRUCTURE_TYPE||41A160||
5611|01/01/2023|54|4140001280000|0.026|0.032|STRUCTURE_TYPE||41A161||
5612|01/01/2023|54|41200190023WB|0.144|0.48|STRUCTURE_TYPE||41A162||
5613|01/01/2023|54|4130016000000|16.279|16.353|STRUCTURE_TYPE||41A163||
5614|01/01/2023|54|41100640000WB|129.527|129.941|STRUCTURE_TYPE||41A164||
5615|01/01/2023|54|41100640000EB|122.963|123.109|STRUCTURE_TYPE||41A165||
5616|01/01/2023|54|41100640000WB|122.958|123.104|STRUCTURE_TYPE||41A166||
5617|01/01/2023|54|4140003380000|0.0|0.066|STRUCTURE_TYPE||41A167||
5618|01/01/2023|54|4130016000000|15.736|15.774|STRUCTURE_TYPE||41A168||
5619|01/01/2023|54|4140028000000|6.382|6.388|STRUCTURE_TYPE||41A170||
5620|01/01/2023|54|4140003210000|1.749|1.755|STRUCTURE_TYPE||41A171||
5621|01/01/2023|54|41100640000EB|123.59|123.62|STRUCTURE_TYPE||41A172||
5622|01/01/2023|54|41100640000EB|124.868|124.928|STRUCTURE_TYPE||41A173||
5623|01/01/2023|54|41100640000WB|124.886|124.946|STRUCTURE_TYPE||41A174||
5624|01/01/2023|54|4140025000000|5.92|5.976|STRUCTURE_TYPE||41A175||
5625|01/01/2023|54|4140003450000|0.004|0.02|STRUCTURE_TYPE||41A176||
5626|01/01/2023|54|4140009000000|5.818|5.868|STRUCTURE_TYPE||41A177||
5627|01/01/2023|54|4140003210000|1.243|1.291|STRUCTURE_TYPE||41A178||
5628|01/01/2023|54|41200190000NB|13.212|13.22|STRUCTURE_TYPE||41A179||
5629|01/01/2023|54|4130061000000|2.59|2.594|STRUCTURE_TYPE||41A180||
5630|01/01/2023|54|4130054000000|6.609|6.615|STRUCTURE_TYPE||41A181||
5631|01/01/2023|54|4140019410000|6.901|6.975|STRUCTURE_TYPE||41A184||
5632|01/01/2023|54|4140027100000|0.913|0.957|STRUCTURE_TYPE||41A185||
5633|01/01/2023|54|4140027000000|9.767|9.819|STRUCTURE_TYPE||41A186||
5634|01/01/2023|54|4140025000000|3.165|3.231|STRUCTURE_TYPE||41A187||
5635|01/01/2023|54|41100640000WB|123.588|123.618|STRUCTURE_TYPE||41A188||
5636|01/01/2023|54|41100640000EB|119.952|120.022|STRUCTURE_TYPE||41A189||
5637|01/01/2023|54|4130307000000|2.837|2.847|STRUCTURE_TYPE||41A190||
5638|01/01/2023|54|4130305000000|2.839|2.845|STRUCTURE_TYPE||41A191||
5639|01/01/2023|54|4140010000000|3.305|3.315|STRUCTURE_TYPE||41A192||
5640|01/01/2023|54|4140003060000|0.052|0.06|STRUCTURE_TYPE||41A193||
5641|01/01/2023|54|4140017110000|0.574|0.584|STRUCTURE_TYPE||41A194||
5642|01/01/2023|54|41200190001EB|1.689|1.727|STRUCTURE_TYPE||41A195||
5643|01/01/2023|54|4140003040000|0.062|0.068|STRUCTURE_TYPE||41A196||
5644|01/01/2023|54|4140010000000|0.876|0.882|STRUCTURE_TYPE||41A197||
5645|01/01/2023|54|4130016000000|18.582|18.59|STRUCTURE_TYPE||41A198||
5646|01/01/2023|54|41200190001WB|1.654|1.692|STRUCTURE_TYPE||41A199||
5647|01/01/2023|54|41100770016NB|33.933|33.963|STRUCTURE_TYPE||41A200||
5648|01/01/2023|54|41100770016NB|46.779|46.815|STRUCTURE_TYPE||41A201||
5649|01/01/2023|54|41100770016SB|46.77|46.806|STRUCTURE_TYPE||41A202||
5650|01/01/2023|54|41100770016SB|33.948|33.97|STRUCTURE_TYPE||41A203||
5651|01/01/2023|54|41100770016NB|31.429|31.455|STRUCTURE_TYPE||41A204||
5652|01/01/2023|54|41100770016SB|31.426|31.46|STRUCTURE_TYPE||41A205||
5653|01/01/2023|54|41100770016SB|30.659|30.689|STRUCTURE_TYPE||41A206||
5654|01/01/2023|54|41100770016NB|30.599|30.625|STRUCTURE_TYPE||41A207||
5655|01/01/2023|54|41100770016SB|29.779|29.801|STRUCTURE_TYPE||41A208||
5656|01/01/2023|54|41100770016NB|29.791|29.817|STRUCTURE_TYPE||41A209||
5657|01/01/2023|54|41100770016NB|28.897|28.939|STRUCTURE_TYPE||41A210||
5658|01/01/2023|54|41100770016SB|28.878|28.92|STRUCTURE_TYPE||41A211||
5659|01/01/2023|54|41200190001EB|0.226|0.278|STRUCTURE_TYPE||41A212||
5660|01/01/2023|54|41200190001WB|0.234|0.286|STRUCTURE_TYPE||41A213||
5661|01/01/2023|54|41100770016NB|50.952|50.986|STRUCTURE_TYPE||41A214||
5662|01/01/2023|54|41100770016NB|51.331|51.435|STRUCTURE_TYPE||41A215||
5663|01/01/2023|54|41100770016NB|51.943|51.989|STRUCTURE_TYPE||41A216||
5664|01/01/2023|54|41100770016NB|47.91|47.944|STRUCTURE_TYPE||41A217||
5665|01/01/2023|54|41100770016NB|49.032|49.058|STRUCTURE_TYPE||41A218||
5666|01/01/2023|54|41100770016NB|43.47|43.568|STRUCTURE_TYPE||41A219||
5667|01/01/2023|54|41100770016NB|41.909|41.975|STRUCTURE_TYPE||41A220||
5668|01/01/2023|54|41100770016NB|40.737|40.811|STRUCTURE_TYPE||41A221||
5669|01/01/2023|54|41100770016NB|39.304|39.374|STRUCTURE_TYPE||41A222||
5670|01/01/2023|54|41100770016NB|39.496|39.556|STRUCTURE_TYPE||41A223||
5671|01/01/2023|54|41100770016NB|36.507|36.543|STRUCTURE_TYPE||41A224||
5672|01/01/2023|54|41100770016SB|41.897|41.965|STRUCTURE_TYPE||41A225||
5673|01/01/2023|54|41100770016NB|42.164|42.23|STRUCTURE_TYPE||41A226||
5674|01/01/2023|54|41100770016SB|42.177|42.211|STRUCTURE_TYPE||41A227||
5675|01/01/2023|54|41100770016SB|40.732|40.802|STRUCTURE_TYPE||41A228||
5676|01/01/2023|54|41100770016SB|43.466|43.57|STRUCTURE_TYPE||41A229||
5677|01/01/2023|54|41100770016SB|47.906|47.942|STRUCTURE_TYPE||41A230||
5678|01/01/2023|54|41100770016SB|51.937|51.993|STRUCTURE_TYPE||41A231||
5679|01/01/2023|54|41100770016SB|51.331|51.435|STRUCTURE_TYPE||41A232||
5680|01/01/2023|54|41100770016SB|50.948|51.008|STRUCTURE_TYPE||41A233||
5681|01/01/2023|54|41100770016SB|35.901|35.905|STRUCTURE_TYPE||41A234||
5682|01/01/2023|54|41100770016SB|48.718|48.722|STRUCTURE_TYPE||41A235||
5683|01/01/2023|54|41100770016NB|50.185|50.193|STRUCTURE_TYPE||41A236||
5684|01/01/2023|54|4140003040000|0.402|0.408|STRUCTURE_TYPE||41A260||
5685|01/01/2023|54|4140001000000|4.062|4.078|STRUCTURE_TYPE||41A261||
5686|01/01/2023|54|4140001000000|8.92|8.936|STRUCTURE_TYPE||41A262||
5687|01/01/2023|54|4140007000000|0.239|0.257|STRUCTURE_TYPE||41A263||
5688|01/01/2023|54|4140008000000|0.082|0.096|STRUCTURE_TYPE||41A265||
5689|01/01/2023|54|4130041000000|1.82|1.836|STRUCTURE_TYPE||41A266||
5690|01/01/2023|54|4140019120000|0.092|0.104|STRUCTURE_TYPE||41A267||
5691|01/01/2023|54|4140013000000|0.365|0.381|STRUCTURE_TYPE||41A268||
5692|01/01/2023|54|4140027000000|1.907|1.915|STRUCTURE_TYPE||41A269||
5693|01/01/2023|54|1040061930000|0.192|0.198|STRUCTURE_TYPE||41A270||
5694|01/01/2023|54|4140015180000|0.091|0.103|STRUCTURE_TYPE||41A272||
5695|01/01/2023|54|4130305000000|2.761|2.775|STRUCTURE_TYPE||41A275||
5696|01/01/2023|54|4140019130000|0.095|0.101|STRUCTURE_TYPE||41A278||
5697|01/01/2023|54|4140010000000|4.791|4.811|STRUCTURE_TYPE||41A279||
5698|01/01/2023|54|4140033000000|0.29|0.3|STRUCTURE_TYPE||41A282||
5699|01/01/2023|54|4140001210000|0.093|0.107|STRUCTURE_TYPE||41A283||
5700|01/01/2023|54|4140006000000|6.859|6.865|STRUCTURE_TYPE||41A284||
5701|01/01/2023|54|4140119300000|0.041|0.051|STRUCTURE_TYPE||41A285||
5702|01/01/2023|54|4140001200000|0.007|0.021|STRUCTURE_TYPE||41A286||
5703|01/01/2023|54|4140001040000|0.769|0.779|STRUCTURE_TYPE||41A288||
5704|01/01/2023|54|4140020000000|1.978|1.988|STRUCTURE_TYPE||41A289||
5705|01/01/2023|54|4140031050000|0.189|0.201|STRUCTURE_TYPE||41A290||
5706|01/01/2023|54|4140013000000|4.474|4.486|STRUCTURE_TYPE||41A291||
5707|01/01/2023|54|4140003290000|0.008|0.028|STRUCTURE_TYPE||41A293||
5708|01/01/2023|54|4130121000000|10.408|10.454|STRUCTURE_TYPE||41A294||
5709|01/01/2023|54|41301210000SB|10.316|10.362|STRUCTURE_TYPE||41A295||
5710|01/01/2023|54|4130121000000|10.684|10.71|STRUCTURE_TYPE||41A296||
5711|01/01/2023|54|41301210000SB|10.603|10.631|STRUCTURE_TYPE||41A297||
5712|01/01/2023|54|4140010000000|3.498|3.508|STRUCTURE_TYPE||41A299||
5713|01/01/2023|54|4140103020000|0.004|0.026|STRUCTURE_TYPE||41A300||
5714|01/01/2023|54|4140025000000|1.975|1.983|STRUCTURE_TYPE||41A301||
5715|01/01/2023|54|4140003040000|2.12|2.13|STRUCTURE_TYPE||41A302||
5716|01/01/2023|54|4140016020000|0.202|0.212|STRUCTURE_TYPE||41A303||
5717|01/01/2023|54|4140016020000|0.103|0.109|STRUCTURE_TYPE||41A304||
5718|01/01/2023|54|4140019670000|0.145|0.155|STRUCTURE_TYPE||41A305||
5719|01/01/2023|54|4140019450000|0.353|0.361|STRUCTURE_TYPE||41A306||
5720|01/01/2023|54|4140019870000|0.019|0.027|STRUCTURE_TYPE||41A307||
5721|01/01/2023|54|41200190000SB|16.933|16.939|STRUCTURE_TYPE||41A308||
5722|01/01/2023|54|4140021010000|0.062|0.07|STRUCTURE_TYPE||41A309||
5723|01/01/2023|54|4140001240000|0.001|0.009|STRUCTURE_TYPE||41A310||
5724|01/01/2023|54|4140119440000|0.178|0.188|STRUCTURE_TYPE||41A311||
5725|01/01/2023|54|41200190014SB|2.021|2.249|STRUCTURE_TYPE||41A312||
5726|01/01/2023|54|4140010000000|2.464|2.472|STRUCTURE_TYPE||41A313||
5727|01/01/2023|54|4130003000000|23.697|23.703|STRUCTURE_TYPE||41A314||
5728|01/01/2023|54|4140007000000|6.475|6.497|STRUCTURE_TYPE||41A315||
5729|01/01/2023|54|4180902330000|0.006|0.024|STRUCTURE_TYPE||41A316||
5730|01/01/2023|54|4180902160000|0.011|0.021|STRUCTURE_TYPE||41A317||
5731|01/01/2023|54|4140119120000|0.051|0.055|STRUCTURE_TYPE||41A318||
5732|01/01/2023|54|4140003020000|0.049|0.073|STRUCTURE_TYPE||41A319||
5733|01/01/2023|54|4180977000000|0.007|0.019|STRUCTURE_TYPE||41A320||
5734|01/01/2023|54|4140014040000|0.501|0.509|STRUCTURE_TYPE||41A321||
5736|01/01/2023|54|4180902650000|0.083|0.091|STRUCTURE_TYPE||41A324||
5737|01/01/2023|54|4180902650000|0.279|0.287|STRUCTURE_TYPE||41A325||
5738|01/01/2023|54|4180902910000|0.002|0.01|STRUCTURE_TYPE||41A327||
5739|01/01/2023|54|4130307000000|5.998|6.008|STRUCTURE_TYPE||41A328||
5740|01/01/2023|54|4180903290000|0.318|0.326|STRUCTURE_TYPE||41A329||
5741|01/01/2023|54|4180904000000|0.003|0.015|STRUCTURE_TYPE||41A330||
5742|01/01/2023|54|4180923000000|0.004|0.012|STRUCTURE_TYPE||41A331||
5743|01/01/2023|54|4140026000000|12.026|12.034|STRUCTURE_TYPE||41A332||
5744|01/01/2023|54|41100770026000033|0.02|0.032|STRUCTURE_TYPE||41A333||
5745|01/01/2023|54|4240001020000|0.969|0.973|STRUCTURE_TYPE||42A004||
5746|01/01/2023|54|4240005040000|1.308|1.322|STRUCTURE_TYPE||42A010||
5747|01/01/2023|54|4240005050000|0.041|0.057|STRUCTURE_TYPE||42A011||
5748|01/01/2023|54|4240005060000|0.153|0.161|STRUCTURE_TYPE||42A012||
5749|01/01/2023|54|4240005120000|4.293|4.321|STRUCTURE_TYPE||42A014||
5750|01/01/2023|54|4240006000000|4.401|4.407|STRUCTURE_TYPE||42A016||
5751|01/01/2023|54|4240006000000|5.967|5.979|STRUCTURE_TYPE||42A017||
5752|01/01/2023|54|4240006000000|7.443|7.453|STRUCTURE_TYPE||42A018||
5753|01/01/2023|54|4240007000000|1.328|1.34|STRUCTURE_TYPE||42A020||
5754|01/01/2023|54|4240007020000|0.035|0.063|STRUCTURE_TYPE||42A021||
5755|01/01/2023|54|4240009000000|9.871|9.877|STRUCTURE_TYPE||42A023||
5756|01/01/2023|54|4240009010000|0.634|0.64|STRUCTURE_TYPE||42A024||
5757|01/01/2023|54|4240012000000|4.931|4.949|STRUCTURE_TYPE||42A027||
5759|01/01/2023|54|4240015050000|0.062|0.086|STRUCTURE_TYPE||42A031||
5760|01/01/2023|54|4240015050000|0.503|0.517|STRUCTURE_TYPE||42A032||
5761|01/01/2023|54|4240020000000|4.827|4.847|STRUCTURE_TYPE||42A033||
5762|01/01/2023|54|4240021000000|6.848|6.86|STRUCTURE_TYPE||42A036||
5763|01/01/2023|54|4240021000000|13.362|13.402|STRUCTURE_TYPE||42A038||
5764|01/01/2023|54|4240022000000|13.511|13.517|STRUCTURE_TYPE||42A041||
5765|01/01/2023|54|4240023000000|2.69|2.718|STRUCTURE_TYPE||42A045||
5766|01/01/2023|54|4240024000000|1.415|1.431|STRUCTURE_TYPE||42A046||
5767|01/01/2023|54|4240025000000|2.567|2.575|STRUCTURE_TYPE||42A049||
5768|01/01/2023|54|4240025030000|0.152|0.158|STRUCTURE_TYPE||42A052||
5769|01/01/2023|54|4240029000000|0.792|0.804|STRUCTURE_TYPE||42A053||
5770|01/01/2023|54|4240029000000|6.453|6.465|STRUCTURE_TYPE||42A054||
5771|01/01/2023|54|4240029000000|10.831|10.855|STRUCTURE_TYPE||42A055||
5772|01/01/2023|54|4240029000000|12.446|12.456|STRUCTURE_TYPE||42A056||
5773|01/01/2023|54|4240029000000|15.248|15.268|STRUCTURE_TYPE||42A057||
5774|01/01/2023|54|4240030000000|9.036|9.044|STRUCTURE_TYPE||42A061||
5775|01/01/2023|54|4240032040000|0.001|0.017|STRUCTURE_TYPE||42A063||
5776|01/01/2023|54|4240032060000|0.242|0.246|STRUCTURE_TYPE||42A065||
5777|01/01/2023|54|4240032090000|0.09|0.118|STRUCTURE_TYPE||42A067||
5778|01/01/2023|54|4240151000000|0.0|0.026|STRUCTURE_TYPE||42A068||
5779|01/01/2023|54|4240151000000|9.815|9.955|STRUCTURE_TYPE||42A069||
5780|01/01/2023|54|42200330000EB|12.266|12.27|STRUCTURE_TYPE||42A073||
5781|01/01/2023|54|42200330000EB|19.553|19.651|STRUCTURE_TYPE||42A074||
5782|01/01/2023|54|42200330000WB|33.237|33.243|STRUCTURE_TYPE||42A079||
5783|01/01/2023|54|4240033080000|1.862|1.904|STRUCTURE_TYPE||42A080||
5784|01/01/2023|54|4240219340000|0.957|0.989|STRUCTURE_TYPE||42A081||
5785|01/01/2023|54|4240035000000|4.94|4.956|STRUCTURE_TYPE||42A082||
5786|01/01/2023|54|4240035000000|5.765|5.777|STRUCTURE_TYPE||42A083||
5787|01/01/2023|54|4240037000000|0.763|0.801|STRUCTURE_TYPE||42A085||
5788|01/01/2023|54|4240037000000|8.174|8.178|STRUCTURE_TYPE||42A086||
5789|01/01/2023|54|4240037080000|4.09|4.098|STRUCTURE_TYPE||42A087||
5790|01/01/2023|54|4240037080000|7.066|7.1|STRUCTURE_TYPE||42A088||
5791|01/01/2023|54|4240037080000|8.724|8.73|STRUCTURE_TYPE||42A089||
5792|01/01/2023|54|4240039000000|0.678|0.702|STRUCTURE_TYPE||42A092||
5793|01/01/2023|54|4240039010000|1.143|1.153|STRUCTURE_TYPE||42A094||
5794|01/01/2023|54|4240040000000|5.79|5.796|STRUCTURE_TYPE||42A095||
5795|01/01/2023|54|4240040000000|14.977|14.985|STRUCTURE_TYPE||42A096||
5796|01/01/2023|54|4240042000000|5.948|5.966|STRUCTURE_TYPE||42A097||
5797|01/01/2023|54|4240043000000|0.177|0.207|STRUCTURE_TYPE||42A098||
5798|01/01/2023|54|4240043000000|5.995|6.001|STRUCTURE_TYPE||42A100||
5799|01/01/2023|54|4240045000000|16.205|16.211|STRUCTURE_TYPE||42A101||
5800|01/01/2023|54|4240046000000|1.231|1.247|STRUCTURE_TYPE||42A103||
5801|01/01/2023|54|4240046000000|9.271|9.285|STRUCTURE_TYPE||42A105||
5802|01/01/2023|54|4240046000000|21.936|21.942|STRUCTURE_TYPE||42A106||
5803|01/01/2023|54|4240047000000|3.299|3.305|STRUCTURE_TYPE||42A109||
5804|01/01/2023|54|4240049000000|2.693|2.699|STRUCTURE_TYPE||42A110||
5805|01/01/2023|54|4240049000000|4.578|4.586|STRUCTURE_TYPE||42A113||
5806|01/01/2023|54|4240056000000|0.17|0.192|STRUCTURE_TYPE||42A115||
5807|01/01/2023|54|4240062000000|1.491|1.497|STRUCTURE_TYPE||42A119||
5808|01/01/2023|54|4240064000000|6.376|6.388|STRUCTURE_TYPE||42A120||
5809|01/01/2023|54|4240064060000|0.106|0.112|STRUCTURE_TYPE||42A121||
5810|01/01/2023|54|42202190000NB|9.676|9.686|STRUCTURE_TYPE||42A125||
5811|01/01/2023|54|42202190000SB|13.16|13.174|STRUCTURE_TYPE||42A127||
5812|01/01/2023|54|42202190000NB|23.384|23.402|STRUCTURE_TYPE||42A132||
5813|01/01/2023|54|42202190000SB|30.974|31.012|STRUCTURE_TYPE||42A136||
5814|01/01/2023|54|42202190000NB|33.092|33.108|STRUCTURE_TYPE||42A137||
5815|01/01/2023|54|42202190000NB|37.901|37.921|STRUCTURE_TYPE||42A138||
5816|01/01/2023|54|42202190000NB|38.106|38.118|STRUCTURE_TYPE||42A139||
5817|01/01/2023|54|42200330000WB|8.606|8.622|STRUCTURE_TYPE||42A142||
5818|01/01/2023|54|4240219860000|1.834|1.86|STRUCTURE_TYPE||42A143||
5819|01/01/2023|54|4240219120000|0.181|0.191|STRUCTURE_TYPE||42A147||
5820|01/01/2023|54|4240051000000|2.656|2.67|STRUCTURE_TYPE||42A148||
5821|01/01/2023|54|4240219160000|4.594|4.602|STRUCTURE_TYPE||42A150||
5822|01/01/2023|54|4200181000000|0.053|0.059|STRUCTURE_TYPE||42A151||
5823|01/01/2023|54|42202500000NB|11.168|11.174|STRUCTURE_TYPE||42A154||
5824|01/01/2023|54|4240250040000|2.735|2.755|STRUCTURE_TYPE||42A156||
5825|01/01/2023|54|42200330000WB|18.446|18.45|STRUCTURE_TYPE||42A157||
5826|01/01/2023|54|4240219340000|0.121|0.155|STRUCTURE_TYPE||42A161||
5827|01/01/2023|54|4240039010000|2.654|2.66|STRUCTURE_TYPE||42A162||
5828|01/01/2023|54|4240005200000|0.094|0.102|STRUCTURE_TYPE||42A163||
5829|01/01/2023|54|4240056000000|6.474|6.49|STRUCTURE_TYPE||42A164||
5830|01/01/2023|54|4200076000000|0.049|0.057|STRUCTURE_TYPE||42A166||
5831|01/01/2023|54|4240037080000|3.093|3.099|STRUCTURE_TYPE||42A167||
5832|01/01/2023|54|4240032100000|0.013|0.035|STRUCTURE_TYPE||42A168||
5833|01/01/2023|54|4240040000000|0.407|0.411|STRUCTURE_TYPE||42A169||
5834|01/01/2023|54|4240030000000|4.826|4.832|STRUCTURE_TYPE||42A170||
5835|01/01/2023|54|42200330000WB|0.0|0.13|STRUCTURE_TYPE||42A171||
5836|01/01/2023|54|42200330000EB|0.0|0.153|STRUCTURE_TYPE||42A172||
5837|01/01/2023|54|4240050000000|10.336|10.342|STRUCTURE_TYPE||42A173||
5838|01/01/2023|54|4240050000000|10.856|10.864|STRUCTURE_TYPE||42A174||
5839|01/01/2023|54|4240039000000|1.148|1.156|STRUCTURE_TYPE||42A175||
5840|01/01/2023|54|4240033140000|0.057|0.067|STRUCTURE_TYPE||42A176||
5841|01/01/2023|54|4240049000000|3.419|3.431|STRUCTURE_TYPE||42A177||
5842|01/01/2023|54|4240001060000|0.248|0.258|STRUCTURE_TYPE||42A178||
5843|01/01/2023|54|4240219420000|0.101|0.109|STRUCTURE_TYPE||42A179||
5844|01/01/2023|54|4240039000000|3.128|3.138|STRUCTURE_TYPE||42A180||
5845|01/01/2023|54|42202500000NB|10.393|10.399|STRUCTURE_TYPE||42A181||
5846|01/01/2023|54|4240043000000|4.185|4.191|STRUCTURE_TYPE||42A182||
5847|01/01/2023|54|4240020000000|9.857|9.871|STRUCTURE_TYPE||42A183||
5848|01/01/2023|54|4230032000000|4.899|4.927|STRUCTURE_TYPE||42A184||
5849|01/01/2023|54|4240025000000|0.04|0.048|STRUCTURE_TYPE||42A185||
5850|01/01/2023|54|4240046000000|23.118|23.134|STRUCTURE_TYPE||42A186||
5851|01/01/2023|54|42200330000EB|32.029|32.053|STRUCTURE_TYPE||42A187||
5852|01/01/2023|54|42200330000EB|8.527|8.535|STRUCTURE_TYPE||42A188||
5853|01/01/2023|54|4240014000000|2.802|2.814|STRUCTURE_TYPE||42A189||
5854|01/01/2023|54|4240005180000|0.046|0.068|STRUCTURE_TYPE||42A190||
5855|01/01/2023|54|4240015060000|0.029|0.039|STRUCTURE_TYPE||42A191||
5856|01/01/2023|54|4240002000000|0.046|0.056|STRUCTURE_TYPE||42A192||
5857|01/01/2023|54|42200330000WB|7.87|7.948|STRUCTURE_TYPE||42A193||
5858|01/01/2023|54|42200330000EB|7.892|7.97|STRUCTURE_TYPE||42A194||
5859|01/01/2023|54|42200330000WB|6.771|6.871|STRUCTURE_TYPE||42A195||
5860|01/01/2023|54|42200330000EB|6.774|6.874|STRUCTURE_TYPE||42A196||
5861|01/01/2023|54|42200480024EB|0.2|0.216|STRUCTURE_TYPE||42A197||
5862|01/01/2023|54|42202190000NB|47.303|47.313|STRUCTURE_TYPE||42A198||
5863|01/01/2023|54|4240004020000|0.059|0.067|STRUCTURE_TYPE||42A199||
5864|01/01/2023|54|4240005290000|0.24|0.256|STRUCTURE_TYPE||42A200||
5865|01/01/2023|54|4240033080000|5.322|5.326|STRUCTURE_TYPE||42A201||
5866|01/01/2023|54|42200480024EB|0.247|0.295|STRUCTURE_TYPE||42A202||
5867|01/01/2023|54|42200480024WB|0.24|0.288|STRUCTURE_TYPE||42A203||
5868|01/01/2023|54|42202190000NB|43.951|44.129|STRUCTURE_TYPE||42A204||
5869|01/01/2023|54|42202190000SB|44.214|44.376|STRUCTURE_TYPE||42A205||
5870|01/01/2023|54|42202190000NB|45.38|45.49|STRUCTURE_TYPE||42A206||
5871|01/01/2023|54|42202190000SB|45.737|45.847|STRUCTURE_TYPE||42A207||
5872|01/01/2023|54|42202190000NB|45.657|45.711|STRUCTURE_TYPE||42A208||
5873|01/01/2023|54|42202190000SB|46.057|46.113|STRUCTURE_TYPE||42A209||
5874|01/01/2023|54|4200793000000|0.127|0.183|STRUCTURE_TYPE||42A210||
5875|01/01/2023|54|42200480024WB|32.136|32.224|STRUCTURE_TYPE||42A211||
5876|01/01/2023|54|42200480024EB|32.117|32.205|STRUCTURE_TYPE||42A212||
5877|01/01/2023|54|4240052000000|3.335|3.345|STRUCTURE_TYPE||42A213||
5878|01/01/2023|54|4240006000000|11.038|11.046|STRUCTURE_TYPE||42A214||
5879|01/01/2023|54|4240056000000|2.839|2.853|STRUCTURE_TYPE||42A215||
5880|01/01/2023|54|4240025000000|5.487|5.495|STRUCTURE_TYPE||42A216||
5881|01/01/2023|54|42200330000EB|24.123|24.147|STRUCTURE_TYPE||42A217||
5882|01/01/2023|54|4240010000000|11.999|12.009|STRUCTURE_TYPE||42A218||
5883|01/01/2023|54|4240023000000|0.595|0.609|STRUCTURE_TYPE||42A219||
5884|01/01/2023|54|4240058000000|9.364|9.368|STRUCTURE_TYPE||42A220||
5885|01/01/2023|54|42202190000NB|29.438|29.444|STRUCTURE_TYPE||42A221||
5886|01/01/2023|54|4240058000000|9.164|9.176|STRUCTURE_TYPE||42A222||
5887|01/01/2023|54|42202190000SB|2.119|2.133|STRUCTURE_TYPE||42A223||
5888|01/01/2023|54|4240003000000|1.619|1.629|STRUCTURE_TYPE||42A224||
5889|01/01/2023|54|4240021000000|8.838|8.844|STRUCTURE_TYPE||42A225||
5890|01/01/2023|54|4240025000000|4.43|4.436|STRUCTURE_TYPE||42A226||
5891|01/01/2023|54|4240011000000|2.072|2.078|STRUCTURE_TYPE||42A227||
5892|01/01/2023|54|4240219860000|3.225|3.233|STRUCTURE_TYPE||42A228||
5893|01/01/2023|54|4240046000000|22.732|22.74|STRUCTURE_TYPE||42A229||
5894|01/01/2023|54|4240022000000|15.743|15.749|STRUCTURE_TYPE||42A230||
5895|01/01/2023|54|42202190000SB|28.5|28.51|STRUCTURE_TYPE||42A231||
5896|01/01/2023|54|4240062000000|0.069|0.085|STRUCTURE_TYPE||42A232||
5897|01/01/2023|54|4240030000000|3.769|3.779|STRUCTURE_TYPE||42A233||
5898|01/01/2023|54|4240021000000|14.103|14.111|STRUCTURE_TYPE||42A234||
5899|01/01/2023|54|42202500000SB|14.332|14.368|STRUCTURE_TYPE||42A235||
5900|01/01/2023|54|4240014000000|0.07|0.096|STRUCTURE_TYPE||42A236||
5901|01/01/2023|54|42200330000EB|19.877|19.897|STRUCTURE_TYPE||42A237||
5902|01/01/2023|54|42202190000NB|12.667|12.697|STRUCTURE_TYPE||42A238||
5903|01/01/2023|54|4240219870000|0.133|0.141|STRUCTURE_TYPE||42A239||
5904|01/01/2023|54|4240046000000|1.692|1.708|STRUCTURE_TYPE||42A240||
5905|01/01/2023|54|42300920000SB|35.006|35.038|STRUCTURE_TYPE||42A241||
5906|01/01/2023|54|4240049000000|3.665|3.671|STRUCTURE_TYPE||42A242||
5907|01/01/2023|54|4240029000000|15.88|15.9|STRUCTURE_TYPE||42A243||
5908|01/01/2023|54|42200330000WB|9.302|9.306|STRUCTURE_TYPE||42A244||
5909|01/01/2023|54|4240219860000|5.184|5.194|STRUCTURE_TYPE||42A245||
5910|01/01/2023|54|4240007000000|0.299|0.305|STRUCTURE_TYPE||42A246||
5911|01/01/2023|54|4240009030000|0.02|0.054|STRUCTURE_TYPE||42A248||
5912|01/01/2023|54|42202190000NB|19.124|19.13|STRUCTURE_TYPE||42A249||
5913|01/01/2023|54|42202190000NB|14.139|14.147|STRUCTURE_TYPE||42A250||
5914|01/01/2023|54|4240022000000|14.03|14.056|STRUCTURE_TYPE||42A251||
5915|01/01/2023|54|4240037080000|15.62|15.636|STRUCTURE_TYPE||42A252||
5916|01/01/2023|54|42200330000WB|26.911|26.937|STRUCTURE_TYPE||42A253||
5917|01/01/2023|54|4240056010000|1.772|1.78|STRUCTURE_TYPE||42A254||
5918|01/01/2023|54|42202190000SB|15.009|15.021|STRUCTURE_TYPE||42A255||
5919|01/01/2023|54|4240032050000|0.122|0.13|STRUCTURE_TYPE||42A256||
5920|01/01/2023|54|42202190000SB|7.719|7.731|STRUCTURE_TYPE||42A257||
5921|01/01/2023|54|4240029050000|0.013|0.035|STRUCTURE_TYPE||42A260||
5922|01/01/2023|54|4240021000000|1.501|1.543|STRUCTURE_TYPE||42A261||
5923|01/01/2023|54|4240003020000|0.167|0.171|STRUCTURE_TYPE||42A262||
5924|01/01/2023|54|4272257001900|0.958|0.996|STRUCTURE_TYPE||42A901||
5925|01/01/2023|54|4340003000000|0.566|0.572|STRUCTURE_TYPE||43A002||
5926|01/01/2023|54|4340006040000|0.935|0.947|STRUCTURE_TYPE||43A007||
5927|01/01/2023|54|4330074000000|1.578|1.586|STRUCTURE_TYPE||43A008||
5928|01/01/2023|54|4330074000000|8.78|8.802|STRUCTURE_TYPE||43A011||
5929|01/01/2023|54|4330074000000|17.85|17.856|STRUCTURE_TYPE||43A014||
5930|01/01/2023|54|4330074000000|18.708|18.746|STRUCTURE_TYPE||43A015||
5931|01/01/2023|54|4340007110000|0.122|0.134|STRUCTURE_TYPE||43A019||
5932|01/01/2023|54|4340007120000|0.805|0.813|STRUCTURE_TYPE||43A020||
5933|01/01/2023|54|4340007180000|4.912|4.932|STRUCTURE_TYPE||43A024||
5934|01/01/2023|54|4340007190000|0.01|0.016|STRUCTURE_TYPE||43A025||
5935|01/01/2023|54|4340008000000|0.009|0.017|STRUCTURE_TYPE||43A027||
5936|01/01/2023|54|4340009000000|6.072|6.076|STRUCTURE_TYPE||43A028||
5937|01/01/2023|54|4340009000000|8.76|8.768|STRUCTURE_TYPE||43A029||
5938|01/01/2023|54|4340010000000|1.874|1.902|STRUCTURE_TYPE||43A030||
5939|01/01/2023|54|4340010040000|4.194|4.2|STRUCTURE_TYPE||43A034||
5940|01/01/2023|54|4340011000000|3.882|3.904|STRUCTURE_TYPE||43A035||
5941|01/01/2023|54|4340011000000|4.739|4.745|STRUCTURE_TYPE||43A036||
5942|01/01/2023|54|4340015000000|4.986|4.992|STRUCTURE_TYPE||43A039||
5943|01/01/2023|54|4340015000000|5.615|5.621|STRUCTURE_TYPE||43A040||
5944|01/01/2023|54|4340015000000|8.496|8.502|STRUCTURE_TYPE||43A041||
5945|01/01/2023|54|4340015000000|11.326|11.364|STRUCTURE_TYPE||43A042||
5946|01/01/2023|54|4330016000000|4.564|4.604|STRUCTURE_TYPE||43A044||
5947|01/01/2023|54|4330016000000|5.78|5.786|STRUCTURE_TYPE||43A045||
5948|01/01/2023|54|4330016000000|11.509|11.527|STRUCTURE_TYPE||43A046||
5949|01/01/2023|54|4330016000000|12.495|12.517|STRUCTURE_TYPE||43A047||
5950|01/01/2023|54|4330016000000|13.521|13.533|STRUCTURE_TYPE||43A048||
5951|01/01/2023|54|4330016000000|18.927|19.001|STRUCTURE_TYPE||43A049||
5952|01/01/2023|54|4330016000000|22.537|22.541|STRUCTURE_TYPE||43A051||
5953|01/01/2023|54|4340016040000|0.066|0.078|STRUCTURE_TYPE||43A052||
5954|01/01/2023|54|4340017000000|0.069|0.093|STRUCTURE_TYPE||43A054||
5955|01/01/2023|54|4340017000000|11.657|11.663|STRUCTURE_TYPE||43A055||
5956|01/01/2023|54|4340017020000|3.649|3.655|STRUCTURE_TYPE||43A058||
5957|01/01/2023|54|4340017080000|0.024|0.036|STRUCTURE_TYPE||43A059||
5958|01/01/2023|54|4340017090000|1.199|1.203|STRUCTURE_TYPE||43A060||
5959|01/01/2023|54|4340018000000|1.594|1.602|STRUCTURE_TYPE||43A061||
5960|01/01/2023|54|4340018000000|3.893|3.905|STRUCTURE_TYPE||43A062||
5961|01/01/2023|54|4340018000000|6.66|6.666|STRUCTURE_TYPE||43A063||
5962|01/01/2023|54|4340019000000|3.537|3.541|STRUCTURE_TYPE||43A064||
5963|01/01/2023|54|4340019000000|2.929|2.937|STRUCTURE_TYPE||43A065||
5964|01/01/2023|54|4340019000000|3.764|3.8|STRUCTURE_TYPE||43A066||
5965|01/01/2023|54|4340019000000|10.099|10.105|STRUCTURE_TYPE||43A067||
5966|01/01/2023|54|4340019000000|12.256|12.266|STRUCTURE_TYPE||43A069||
5967|01/01/2023|54|4340019040000|0.01|0.022|STRUCTURE_TYPE||43A070||
5968|01/01/2023|54|4340021000000|0.032|0.076|STRUCTURE_TYPE||43A071||
5969|01/01/2023|54|4340022000000|4.984|4.99|STRUCTURE_TYPE||43A073||
5970|01/01/2023|54|4340022030000|0.005|0.019|STRUCTURE_TYPE||43A074||
5971|01/01/2023|54|4340022030000|4.964|4.974|STRUCTURE_TYPE||43A076||
5972|01/01/2023|54|4340024000000|0.007|0.019|STRUCTURE_TYPE||43A077||
5973|01/01/2023|54|4340024000000|1.369|1.375|STRUCTURE_TYPE||43A078||
5974|01/01/2023|54|4340028020000|1.012|1.03|STRUCTURE_TYPE||43A083||
5975|01/01/2023|54|4340031060000|2.809|2.817|STRUCTURE_TYPE||43A093||
5976|01/01/2023|54|4330047000000|1.952|1.988|STRUCTURE_TYPE||43A095||
5977|01/01/2023|54|4330047000000|8.265|8.285|STRUCTURE_TYPE||43A098||
5978|01/01/2023|54|4330047000000|20.944|20.954|STRUCTURE_TYPE||43A100||
5979|01/01/2023|54|43200500000WB|2.09|2.096|STRUCTURE_TYPE||43A103||
5980|01/01/2023|54|43200500000EB|2.863|2.895|STRUCTURE_TYPE||43A104||
5981|01/01/2023|54|43200500000WB|2.861|2.893|STRUCTURE_TYPE||43A105||
5982|01/01/2023|54|43200500000EB|12.434|12.534|STRUCTURE_TYPE||43A108||
5983|01/01/2023|54|43200500000WB|12.517|12.617|STRUCTURE_TYPE||43A109||
5984|01/01/2023|54|43200500000EB|12.854|12.884|STRUCTURE_TYPE||43A110||
5985|01/01/2023|54|43200500000WB|12.885|12.915|STRUCTURE_TYPE||43A111||
5986|01/01/2023|54|43200500000EB|16.671|16.675|STRUCTURE_TYPE||43A112||
5987|01/01/2023|54|43200500000EB|20.602|20.634|STRUCTURE_TYPE||43A113||
5988|01/01/2023|54|43200500000WB|20.601|20.633|STRUCTURE_TYPE||43A114||
5989|01/01/2023|54|4330016000000|24.861|24.871|STRUCTURE_TYPE||43A115||
5990|01/01/2023|54|4340050040000|1.2|1.212|STRUCTURE_TYPE||43A116||
5991|01/01/2023|54|4340050200000|0.038|0.046|STRUCTURE_TYPE||43A118||
5992|01/01/2023|54|4340050340000|1.106|1.118|STRUCTURE_TYPE||43A122||
5993|01/01/2023|54|4340050340000|1.315|1.331|STRUCTURE_TYPE||43A123||
5994|01/01/2023|54|4340050390000|2.307|2.315|STRUCTURE_TYPE||43A128||
5995|01/01/2023|54|4340050390000|3.605|3.669|STRUCTURE_TYPE||43A129||
5996|01/01/2023|54|4340050400000|1.474|1.492|STRUCTURE_TYPE||43A131||
5997|01/01/2023|54|4340050400000|2.695|2.699|STRUCTURE_TYPE||43A133||
5998|01/01/2023|54|4330053000000|1.468|1.508|STRUCTURE_TYPE||43A135||
5999|01/01/2023|54|4330074000000|23.01|23.016|STRUCTURE_TYPE||43A136||
6000|01/01/2023|54|4330074000000|29.264|29.274|STRUCTURE_TYPE||43A137||
6001|01/01/2023|54|4330074000000|30.504|30.51|STRUCTURE_TYPE||43A139||
6002|01/01/2023|54|4340074050000|0.147|0.157|STRUCTURE_TYPE||43A140||
6003|01/01/2023|54|4340074090000|2.177|2.187|STRUCTURE_TYPE||43A141||
6004|01/01/2023|54|4340074090000|3.146|3.156|STRUCTURE_TYPE||43A142||
6005|01/01/2023|54|4340016090000|1.22|1.226|STRUCTURE_TYPE||43A144||
6006|01/01/2023|54|4340024070000|3.343|3.353|STRUCTURE_TYPE||43A145||
6007|01/01/2023|54|4340028080000|0.017|0.041|STRUCTURE_TYPE||43A149||
6008|01/01/2023|54|4330031000000|10.501|10.509|STRUCTURE_TYPE||43A150||
6009|01/01/2023|54|4340031040000|4.118|4.142|STRUCTURE_TYPE||43A152||
6010|01/01/2023|54|4340034020000|0.025|0.031|STRUCTURE_TYPE||43A153||
6011|01/01/2023|54|4340050210000|2.706|2.712|STRUCTURE_TYPE||43A154||
6012|01/01/2023|54|4360807000000|0.008|0.03|STRUCTURE_TYPE||43A156||
6013|01/01/2023|54|4340014000000|2.401|2.405|STRUCTURE_TYPE||43A162||
6014|01/01/2023|54|4340016340000|0.602|0.614|STRUCTURE_TYPE||43A166||
6015|01/01/2023|54|4340011030000|1.032|1.038|STRUCTURE_TYPE||43A167||
6016|01/01/2023|54|4330016000000|3.593|3.605|STRUCTURE_TYPE||43A169||
6017|01/01/2023|54|4340015000000|0.585|0.601|STRUCTURE_TYPE||43A170||
6018|01/01/2023|54|4340010000000|5.999|6.007|STRUCTURE_TYPE||43A171||
6019|01/01/2023|54|4340074030000|1.551|1.565|STRUCTURE_TYPE||43A172||
6020|01/01/2023|54|4340034000000|4.799|4.811|STRUCTURE_TYPE||43A173||
6021|01/01/2023|54|4340010000000|5.869|5.877|STRUCTURE_TYPE||43A174||
6022|01/01/2023|54|4340010000000|6.148|6.154|STRUCTURE_TYPE||43A175||
6023|01/01/2023|54|4330047000000|7.203|7.247|STRUCTURE_TYPE||43A177||
6024|01/01/2023|54|4340017000000|13.013|13.025|STRUCTURE_TYPE||43A178||
6025|01/01/2023|54|4330074000000|19.811|19.823|STRUCTURE_TYPE||43A179||
6026|01/01/2023|54|4330031000000|0.639|0.649|STRUCTURE_TYPE||43A180||
6027|01/01/2023|54|4340007140000|2.224|2.236|STRUCTURE_TYPE||43A181||
6028|01/01/2023|54|4340005000000|5.239|5.275|STRUCTURE_TYPE||43A182||
6029|01/01/2023|54|4340005000000|9.224|9.308|STRUCTURE_TYPE||43A183||
6030|01/01/2023|54|4340013000000|0.013|0.025|STRUCTURE_TYPE||43A184||
6031|01/01/2023|54|4340050670000|0.181|0.185|STRUCTURE_TYPE||43A185||
6032|01/01/2023|54|4340001000000|2.043|2.061|STRUCTURE_TYPE||43A186||
6033|01/01/2023|54|4330074000000|13.871|13.875|STRUCTURE_TYPE||43A187||
6034|01/01/2023|54|4340016040000|0.593|0.609|STRUCTURE_TYPE||43A188||
6035|01/01/2023|54|4330047000000|5.66|5.726|STRUCTURE_TYPE||43A189||
6036|01/01/2023|54|4340012000000|1.979|1.985|STRUCTURE_TYPE||43A191||
6037|01/01/2023|54|4340005000000|0.04|0.044|STRUCTURE_TYPE||43A192||
6038|01/01/2023|54|4340028000000|1.124|1.128|STRUCTURE_TYPE||43A193||
6039|01/01/2023|54|4340047110000|1.183|1.193|STRUCTURE_TYPE||43A194||
6040|01/01/2023|54|4340028000000|7.373|7.387|STRUCTURE_TYPE||43A195||
6041|01/01/2023|54|4340007130000|0.195|0.221|STRUCTURE_TYPE||43A196||
6042|01/01/2023|54|4330074000000|11.895|11.903|STRUCTURE_TYPE||43A197||
6043|01/01/2023|54|43200500000EB|9.996|10.064|STRUCTURE_TYPE||43A198||
6044|01/01/2023|54|43200500000WB|9.98|10.048|STRUCTURE_TYPE||43A199||
6045|01/01/2023|54|4330031000000|9.815|9.865|STRUCTURE_TYPE||43A200||
6046|01/01/2023|54|4340050340000|11.245|11.263|STRUCTURE_TYPE||43A201||
6047|01/01/2023|54|4330074000000|1.796|1.802|STRUCTURE_TYPE||43A900||
6048|01/01/2023|54|4300091000000|0.095|0.099|STRUCTURE_TYPE||43A901||
6049|01/01/2023|54|4440001000000|3.009|3.019|STRUCTURE_TYPE||44A001||
6050|01/01/2023|54|4440001040000|0.057|0.061|STRUCTURE_TYPE||44A002||
6051|01/01/2023|54|4440003000000|0.808|0.818|STRUCTURE_TYPE||44A003||
6052|01/01/2023|54|4440003000000|2.574|2.578|STRUCTURE_TYPE||44A005||
6053|01/01/2023|54|4440003000000|6.465|6.475|STRUCTURE_TYPE||44A006||
6054|01/01/2023|54|4440004000000|6.119|6.125|STRUCTURE_TYPE||44A007||
6055|01/01/2023|54|4440005080000|1.425|1.431|STRUCTURE_TYPE||44A008||
6056|01/01/2023|54|4440005220000|3.411|3.415|STRUCTURE_TYPE||44A013||
6057|01/01/2023|54|4440006020000|0.003|0.007|STRUCTURE_TYPE||44A014||
6058|01/01/2023|54|4440007000000|3.373|3.401|STRUCTURE_TYPE||44A015||
6059|01/01/2023|54|4440009000000|1.012|1.022|STRUCTURE_TYPE||44A016||
6060|01/01/2023|54|4440009000000|4.968|4.976|STRUCTURE_TYPE||44A019||
6061|01/01/2023|54|4440010000000|0.813|0.825|STRUCTURE_TYPE||44A024||
6062|01/01/2023|54|4440013000000|13.421|13.433|STRUCTURE_TYPE||44A030||
6063|01/01/2023|54|4430014000000|3.398|3.404|STRUCTURE_TYPE||44A033||
6064|01/01/2023|54|4430014000000|5.461|5.467|STRUCTURE_TYPE||44A034||
6065|01/01/2023|54|4430014000000|9.871|9.909|STRUCTURE_TYPE||44A036||
6066|01/01/2023|54|4430014000000|11.266|11.272|STRUCTURE_TYPE||44A037||
6067|01/01/2023|54|4440015000000|5.977|5.987|STRUCTURE_TYPE||44A038||
6068|01/01/2023|54|4440016000000|4.044|4.05|STRUCTURE_TYPE||44A039||
6069|01/01/2023|54|4440021000000|0.021|0.055|STRUCTURE_TYPE||44A041||
6070|01/01/2023|54|4440023000000|4.037|4.041|STRUCTURE_TYPE||44A043||
6071|01/01/2023|54|4440023060000|0.014|0.024|STRUCTURE_TYPE||44A044||
6072|01/01/2023|54|4440025000000|3.662|3.674|STRUCTURE_TYPE||44A047||
6073|01/01/2023|54|4440029070000|1.629|1.639|STRUCTURE_TYPE||44A049||
6074|01/01/2023|54|4440027000000|0.005|0.017|STRUCTURE_TYPE||44A050||
6075|01/01/2023|54|4440027000000|1.547|1.551|STRUCTURE_TYPE||44A051||
6076|01/01/2023|54|4440027000000|6.303|6.309|STRUCTURE_TYPE||44A052||
6077|01/01/2023|54|4440027000000|7.631|7.641|STRUCTURE_TYPE||44A054||
6078|01/01/2023|54|4440027000000|10.468|10.472|STRUCTURE_TYPE||44A055||
6079|01/01/2023|54|4440029000000|5.657|5.669|STRUCTURE_TYPE||44A058||
6080|01/01/2023|54|4440029010000|5.147|5.165|STRUCTURE_TYPE||44A060||
6081|01/01/2023|54|4440029020000|0.005|0.011|STRUCTURE_TYPE||44A061||
6082|01/01/2023|54|4440029090000|1.253|1.271|STRUCTURE_TYPE||44A062||
6083|01/01/2023|54|4440029100000|1.64|1.644|STRUCTURE_TYPE||44A063||
6084|01/01/2023|54|4440029130000|0.41|0.43|STRUCTURE_TYPE||44A064||
6085|01/01/2023|54|44200330000EB|3.337|3.343|STRUCTURE_TYPE||44A066||
6086|01/01/2023|54|44200330000EB|12.452|12.456|STRUCTURE_TYPE||44A069||
6088|01/01/2023|54|44200330000EB|18.45|18.456|STRUCTURE_TYPE||44A071||
6089|01/01/2023|54|44200330000EB|20.183|20.207|STRUCTURE_TYPE||44A072||
6090|01/01/2023|54|4440034000000|1.174|1.194|STRUCTURE_TYPE||44A074||
6091|01/01/2023|54|4440034000000|4.382|4.386|STRUCTURE_TYPE||44A075||
6092|01/01/2023|54|4440034010000|2.813|2.833|STRUCTURE_TYPE||44A076||
6093|01/01/2023|54|4430036000000|0.456|0.48|STRUCTURE_TYPE||44A077||
6094|01/01/2023|54|4430036000000|4.337|4.351|STRUCTURE_TYPE||44A078||
6095|01/01/2023|54|4430036000000|14.598|14.614|STRUCTURE_TYPE||44A079||
6096|01/01/2023|54|4430036000000|25.606|25.612|STRUCTURE_TYPE||44A080||
6097|01/01/2023|54|4430036000000|27.97|27.988|STRUCTURE_TYPE||44A081||
6098|01/01/2023|54|4430036000000|29.049|29.087|STRUCTURE_TYPE||44A082||
6099|01/01/2023|54|4430036000000|29.268|29.282|STRUCTURE_TYPE||44A083||
6100|01/01/2023|54|4440036150000|0.057|0.065|STRUCTURE_TYPE||44A084||
6101|01/01/2023|54|4440046000000|8.809|8.819|STRUCTURE_TYPE||44A087||
6102|01/01/2023|54|4440046040000|0.717|0.723|STRUCTURE_TYPE||44A089||
6103|01/01/2023|54|4440050000000|3.497|3.509|STRUCTURE_TYPE||44A090||
6104|01/01/2023|54|4440050000000|4.528|4.544|STRUCTURE_TYPE||44A091||
6105|01/01/2023|54|4440052000000|3.668|3.676|STRUCTURE_TYPE||44A092||
6106|01/01/2023|54|4440054000000|0.018|0.024|STRUCTURE_TYPE||44A094||
6107|01/01/2023|54|4440056000000|0.973|0.977|STRUCTURE_TYPE||44A097||
6108|01/01/2023|54|4440056000000|3.439|3.447|STRUCTURE_TYPE||44A098||
6109|01/01/2023|54|4440058000000|0.085|0.099|STRUCTURE_TYPE||44A099||
6110|01/01/2023|54|4440058020000|1.472|1.482|STRUCTURE_TYPE||44A100||
6111|01/01/2023|54|4440062010000|0.129|0.133|STRUCTURE_TYPE||44A101||
6112|01/01/2023|54|4440062010000|0.176|0.18|STRUCTURE_TYPE||44A102||
6113|01/01/2023|54|44201190000NB|0.101|0.107|STRUCTURE_TYPE||44A103||
6114|01/01/2023|54|44201190000NB|0.898|0.904|STRUCTURE_TYPE||44A104||
6115|01/01/2023|54|44201190000SB|7.181|7.193|STRUCTURE_TYPE||44A107||
6116|01/01/2023|54|44201190000NB|7.493|7.501|STRUCTURE_TYPE||44A108||
6117|01/01/2023|54|44201190000NB|9.047|9.065|STRUCTURE_TYPE||44A109||
6118|01/01/2023|54|44201190000NB|11.755|11.789|STRUCTURE_TYPE||44A110||
6119|01/01/2023|54|44201190000NB|18.405|18.413|STRUCTURE_TYPE||44A111||
6120|01/01/2023|54|44201190000NB|18.946|18.956|STRUCTURE_TYPE||44A112||
6121|01/01/2023|54|44201190000NB|19.088|19.094|STRUCTURE_TYPE||44A113||
6122|01/01/2023|54|44201190000NB|21.996|22.002|STRUCTURE_TYPE||44A118||
6123|01/01/2023|54|44100790000NB|23.201|23.231|STRUCTURE_TYPE||44A122||
6124|01/01/2023|54|44100790000NB|25.635|25.663|STRUCTURE_TYPE||44A123||
6125|01/01/2023|54|44100790000NB|25.958|26.05|STRUCTURE_TYPE||44A124||
6126|01/01/2023|54|44100790000NB|29.23|29.318|STRUCTURE_TYPE||44A125||
6127|01/01/2023|54|44100790000NB|29.574|29.646|STRUCTURE_TYPE||44A126||
6128|01/01/2023|54|44100790000NB|34.125|34.183|STRUCTURE_TYPE||44A127||
6129|01/01/2023|54|44100790000NB|34.249|34.253|STRUCTURE_TYPE||44A129||
6130|01/01/2023|54|44100790000SB|23.212|23.238|STRUCTURE_TYPE||44A133||
6131|01/01/2023|54|44100790000SB|25.625|25.653|STRUCTURE_TYPE||44A134||
6132|01/01/2023|54|44100790000SB|25.956|26.048|STRUCTURE_TYPE||44A135||
6133|01/01/2023|54|44100790000SB|29.241|29.329|STRUCTURE_TYPE||44A136||
6134|01/01/2023|54|44100790000SB|29.576|29.646|STRUCTURE_TYPE||44A137||
6135|01/01/2023|54|44100790000SB|34.105|34.163|STRUCTURE_TYPE||44A138||
6136|01/01/2023|54|4440050000000|5.9|5.908|STRUCTURE_TYPE||44A139||
6137|01/01/2023|54|4440010000000|4.556|4.568|STRUCTURE_TYPE||44A141||
6138|01/01/2023|54|4440029000000|0.124|0.134|STRUCTURE_TYPE||44A142||
6139|01/01/2023|54|4440033020000|0.031|0.035|STRUCTURE_TYPE||44A143||
6140|01/01/2023|54|4440024000000|5.437|5.441|STRUCTURE_TYPE||44A145||
6141|01/01/2023|54|4440005210000|0.021|0.025|STRUCTURE_TYPE||44A146||
6142|01/01/2023|54|4440027000000|7.246|7.254|STRUCTURE_TYPE||44A147||
6143|01/01/2023|54|4440013000000|10.613|10.623|STRUCTURE_TYPE||44A148||
6144|01/01/2023|54|44200330000WB|6.648|6.662|STRUCTURE_TYPE||44A149||
6145|01/01/2023|54|4440026080000|0.028|0.036|STRUCTURE_TYPE||44A151||
6146|01/01/2023|54|4440009000000|5.501|5.519|STRUCTURE_TYPE||44A152||
6147|01/01/2023|54|44201190000NB|4.725|4.733|STRUCTURE_TYPE||44A153||
6148|01/01/2023|54|4480921000000|0.033|0.037|STRUCTURE_TYPE||44A154||
6149|01/01/2023|54|4440013130000|0.014|0.028|STRUCTURE_TYPE||44A155||
6150|01/01/2023|54|4440038000000|0.855|0.881|STRUCTURE_TYPE||44A156||
6151|01/01/2023|54|4440013000000|0.585|0.625|STRUCTURE_TYPE||44A157||
6152|01/01/2023|54|4440013150000|0.023|0.039|STRUCTURE_TYPE||44A158||
6153|01/01/2023|54|4440009000000|2.327|2.359|STRUCTURE_TYPE||44A160||
6154|01/01/2023|54|4440003000000|1.843|1.851|STRUCTURE_TYPE||44A163||
6155|01/01/2023|54|4440029010000|3.37|3.374|STRUCTURE_TYPE||44A164||
6156|01/01/2023|54|4440009000000|3.729|3.755|STRUCTURE_TYPE||44A165||
6157|01/01/2023|54|4440029010000|4.649|4.659|STRUCTURE_TYPE||44A168||
6158|01/01/2023|54|4480905000000|0.006|0.018|STRUCTURE_TYPE||44A169||
6159|01/01/2023|54|44201190000SB|20.956|20.966|STRUCTURE_TYPE||44A170||
6160|01/01/2023|54|4440023000000|0.009|0.029|STRUCTURE_TYPE||44A171||
6161|01/01/2023|54|44200330000EB|20.412|20.448|STRUCTURE_TYPE||44A173||
6162|01/01/2023|54|4440016000000|3.789|3.801|STRUCTURE_TYPE||44A174||
6163|01/01/2023|54|4440019000000|0.631|0.639|STRUCTURE_TYPE||44A175||
6164|01/01/2023|54|4440052070000|1.205|1.217|STRUCTURE_TYPE||44A176||
6165|01/01/2023|54|44201190000NB|19.491|19.503|STRUCTURE_TYPE||44A177||
6166|01/01/2023|54|44201190000SB|19.589|19.601|STRUCTURE_TYPE||44A178||
6167|01/01/2023|54|44201190000NB|20.809|20.825|STRUCTURE_TYPE||44A179||
6168|01/01/2023|54|4440029010000|2.233|2.241|STRUCTURE_TYPE||44A180||
6169|01/01/2023|54|4440011000000|9.238|9.272|STRUCTURE_TYPE||44A181||
6170|01/01/2023|54|4440027020000|4.572|4.586|STRUCTURE_TYPE||44A182||
6171|01/01/2023|54|4480905000000|0.553|0.559|STRUCTURE_TYPE||44A183||
6172|01/01/2023|54|4440013260000|0.196|0.22|STRUCTURE_TYPE||44A184||
6173|01/01/2023|54|4440013000000|7.363|7.393|STRUCTURE_TYPE||44A185||
6174|01/01/2023|54|4540003210000|4.32|4.33|STRUCTURE_TYPE||45A009||
6175|01/01/2023|54|4540003210000|6.324|6.332|STRUCTURE_TYPE||45A010||
6176|01/01/2023|54|4540004000000|0.007|0.015|STRUCTURE_TYPE||45A011||
6177|01/01/2023|54|4540004000000|0.627|0.637|STRUCTURE_TYPE||45A012||
6178|01/01/2023|54|4540004000000|2.571|2.577|STRUCTURE_TYPE||45A013||
6179|01/01/2023|54|4540004020000|0.01|0.016|STRUCTURE_TYPE||45A014||
6180|01/01/2023|54|4540007000000|0.699|0.703|STRUCTURE_TYPE||45A017||
6181|01/01/2023|54|4540007010000|0.225|0.239|STRUCTURE_TYPE||45A018||
6182|01/01/2023|54|4540007010000|4.017|4.025|STRUCTURE_TYPE||45A019||
6183|01/01/2023|54|4540011010000|1.093|1.097|STRUCTURE_TYPE||45A023||
6184|01/01/2023|54|4530012000000|1.201|1.211|STRUCTURE_TYPE||45A024||
6185|01/01/2023|54|4530012000000|6.13|6.136|STRUCTURE_TYPE||45A025||
6186|01/01/2023|54|4540014050000|2.94|2.948|STRUCTURE_TYPE||45A029||
6187|01/01/2023|54|4540015000000|0.183|0.247|STRUCTURE_TYPE||45A030||
6188|01/01/2023|54|4540015010000|0.513|0.519|STRUCTURE_TYPE||45A032||
6189|01/01/2023|54|4540015010000|1.296|1.302|STRUCTURE_TYPE||45A033||
6190|01/01/2023|54|4540017000000|0.061|0.161|STRUCTURE_TYPE||45A035||
6191|01/01/2023|54|4540017000000|4.716|4.724|STRUCTURE_TYPE||45A037||
6192|01/01/2023|54|4530020000000|24.273|24.327|STRUCTURE_TYPE||45A042||
6193|01/01/2023|54|4530020000000|24.943|24.961|STRUCTURE_TYPE||45A043||
6194|01/01/2023|54|4530020000000|32.13|32.136|STRUCTURE_TYPE||45A044||
6195|01/01/2023|54|4540020030000|0.006|0.012|STRUCTURE_TYPE||45A045||
6196|01/01/2023|54|45100640000WB|146.342|146.35|STRUCTURE_TYPE||45A046||
6197|01/01/2023|54|4540027000000|2.901|2.923|STRUCTURE_TYPE||45A048||
6198|01/01/2023|54|4540027000000|3.354|3.364|STRUCTURE_TYPE||45A049||
6199|01/01/2023|54|4540027000000|3.752|3.762|STRUCTURE_TYPE||45A050||
6200|01/01/2023|54|4540027000000|4.131|4.137|STRUCTURE_TYPE||45A051||
6201|01/01/2023|54|4540028020000|0.288|0.3|STRUCTURE_TYPE||45A052||
6202|01/01/2023|54|4540033000000|2.195|2.233|STRUCTURE_TYPE||45A054||
6203|01/01/2023|54|4540033020000|2.348|2.392|STRUCTURE_TYPE||45A055||
6204|01/01/2023|54|4540007000000|17.621|17.625|STRUCTURE_TYPE||45A058||
6205|01/01/2023|54|4560852000000|0.197|0.203|STRUCTURE_TYPE||45A059||
6207|01/01/2023|54|4530020000000|14.325|14.569|STRUCTURE_TYPE||45A061||
6208|01/01/2023|54|45100640000EB|142.931|142.963|STRUCTURE_TYPE||45A064||
6209|01/01/2023|54|45100640000WB|142.93|142.962|STRUCTURE_TYPE||45A065||
6210|01/01/2023|54|45100640000EB|138.273|138.373|STRUCTURE_TYPE||45A066||
6211|01/01/2023|54|45100640000WB|138.269|138.369|STRUCTURE_TYPE||45A067||
6212|01/01/2023|54|45100640000EB|143.168|143.198|STRUCTURE_TYPE||45A068||
6213|01/01/2023|54|45100640000WB|143.167|143.197|STRUCTURE_TYPE||45A069||
6214|01/01/2023|54|45100640000EB|138.6|138.672|STRUCTURE_TYPE||45A070||
6215|01/01/2023|54|45100640000WB|138.605|138.671|STRUCTURE_TYPE||45A071||
6216|01/01/2023|54|45100640000EB|137.875|138.145|STRUCTURE_TYPE||45A072||
6217|01/01/2023|54|45100640000WB|137.875|138.145|STRUCTURE_TYPE||45A073||
6218|01/01/2023|54|4540014000000|5.755|5.763|STRUCTURE_TYPE||45A074||
6219|01/01/2023|54|4530020000000|17.698|17.704|STRUCTURE_TYPE||45A075||
6220|01/01/2023|54|4540019010000|0.504|0.508|STRUCTURE_TYPE||45A076||
6221|01/01/2023|54|4540015010000|1.719|1.725|STRUCTURE_TYPE||45A077||
6222|01/01/2023|54|4540006000000|0.043|0.049|STRUCTURE_TYPE||45A078||
6223|01/01/2023|54|4540010000000|1.887|1.891|STRUCTURE_TYPE||45A079||
6224|01/01/2023|54|4540025030000|0.004|0.014|STRUCTURE_TYPE||45A081||
6225|01/01/2023|54|4530107000000|1.317|1.409|STRUCTURE_TYPE||45A082||
6226|01/01/2023|54|4530003000000|9.381|9.567|STRUCTURE_TYPE||45A084||
6227|01/01/2023|54|4540013000000|0.012|0.092|STRUCTURE_TYPE||45A085||
6228|01/01/2023|54|4540004000000|0.485|0.491|STRUCTURE_TYPE||45A086||
6229|01/01/2023|54|4530020000000|16.523|16.527|STRUCTURE_TYPE||45A087||
6230|01/01/2023|54|4530107000000|0.028|0.158|STRUCTURE_TYPE||45A088||
6231|01/01/2023|54|4540017000000|3.606|3.616|STRUCTURE_TYPE||45A089||
6232|01/01/2023|54|4530003000000|14.886|14.96|STRUCTURE_TYPE||45A090||
6233|01/01/2023|54|4540007140000|0.212|0.222|STRUCTURE_TYPE||45A091||
6234|01/01/2023|54|4540006020000|0.276|0.282|STRUCTURE_TYPE||45A092||
6235|01/01/2023|54|4140026000000|15.775|15.805|STRUCTURE_TYPE||45A094||
6236|01/01/2023|54|4560845000000|0.242|0.252|STRUCTURE_TYPE||45A095||
6237|01/01/2023|54|4530020000000|9.089|9.323|STRUCTURE_TYPE||45A096||
6238|01/01/2023|54|4540001040000|0.0|0.037|STRUCTURE_TYPE||45A097||
6239|01/01/2023|54|4640001010000|0.013|0.019|STRUCTURE_TYPE||46A001||
6240|01/01/2023|54|4640001020000|0.016|0.022|STRUCTURE_TYPE||46A002||
6241|01/01/2023|54|4640001040000|0.128|0.132|STRUCTURE_TYPE||46A003||
6242|01/01/2023|54|4640002000000|1.001|1.007|STRUCTURE_TYPE||46A004||
6243|01/01/2023|54|4640003140000|0.222|0.228|STRUCTURE_TYPE||46A006||
6244|01/01/2023|54|4640003050000|0.756|0.76|STRUCTURE_TYPE||46A007||
6245|01/01/2023|54|4640003070000|3.362|3.366|STRUCTURE_TYPE||46A008||
6246|01/01/2023|54|4640003120000|0.157|0.165|STRUCTURE_TYPE||46A009||
6247|01/01/2023|54|2540073110000|0.074|0.086|STRUCTURE_TYPE||46A010||
6248|01/01/2023|54|4640005010000|0.422|0.426|STRUCTURE_TYPE||46A011||
6249|01/01/2023|54|4640007000000|5.115|5.137|STRUCTURE_TYPE||46A014||
6250|01/01/2023|54|4640012000000|1.28|1.286|STRUCTURE_TYPE||46A018||
6251|01/01/2023|54|4640013020000|0.019|0.029|STRUCTURE_TYPE||46A020||
6252|01/01/2023|54|4640013130000|0.035|0.047|STRUCTURE_TYPE||46A022||
6253|01/01/2023|54|4640013170000|0.49|0.504|STRUCTURE_TYPE||46A023||
6254|01/01/2023|54|4640013250000|0.005|0.021|STRUCTURE_TYPE||46A025||
6255|01/01/2023|54|4640014000000|0.88|0.888|STRUCTURE_TYPE||46A026||
6256|01/01/2023|54|4640020000000|0.392|0.41|STRUCTURE_TYPE||46A028||
6257|01/01/2023|54|4640026000000|1.643|1.649|STRUCTURE_TYPE||46A029||
6258|01/01/2023|54|4640028000000|2.78|2.786|STRUCTURE_TYPE||46A031||
6259|01/01/2023|54|4640038000000|0.598|0.604|STRUCTURE_TYPE||46A034||
6260|01/01/2023|54|4640038000000|1.956|1.96|STRUCTURE_TYPE||46A035||
6261|01/01/2023|54|46200500000EB|9.203|9.207|STRUCTURE_TYPE||46A037||
6262|01/01/2023|54|46200500000EB|9.502|9.506|STRUCTURE_TYPE||46A038||
6263|01/01/2023|54|46200500000EB|16.518|16.652|STRUCTURE_TYPE||46A040||
6264|01/01/2023|54|4640073730000|0.0|0.005|STRUCTURE_TYPE||46A041||
6265|01/01/2023|54|4640054010000|0.0|0.021|STRUCTURE_TYPE||46A044||
6266|01/01/2023|54|4630076000000|7.051|7.057|STRUCTURE_TYPE||46A049||
6267|01/01/2023|54|46201190000NB|5.046|5.056|STRUCTURE_TYPE||46A052||
6268|01/01/2023|54|46201190000NB|7.03|7.052|STRUCTURE_TYPE||46A053||
6269|01/01/2023|54|46201190000NB|17.106|17.112|STRUCTURE_TYPE||46A054||
6270|01/01/2023|54|4640119240000|0.809|0.817|STRUCTURE_TYPE||46A057||
6271|01/01/2023|54|46202500000SB|10.161|10.167|STRUCTURE_TYPE||46A061||
6272|01/01/2023|54|4640250080000|1.732|1.74|STRUCTURE_TYPE||46A062||
6273|01/01/2023|54|4630310000000|3.537|3.547|STRUCTURE_TYPE||46A063||
6274|01/01/2023|54|4640119420000|0.179|0.271|STRUCTURE_TYPE||46A064||
6275|01/01/2023|54|4640013050000|0.083|0.087|STRUCTURE_TYPE||46A065||
6276|01/01/2023|54|4640007040000|0.208|0.214|STRUCTURE_TYPE||46A066||
6277|01/01/2023|54|46200500000EB|8.66|8.664|STRUCTURE_TYPE||46A069||
6278|01/01/2023|54|4640013070000|0.034|0.04|STRUCTURE_TYPE||46A070||
6279|01/01/2023|54|4640032000000|1.388|1.394|STRUCTURE_TYPE||46A072||
6280|01/01/2023|54|4640028000000|2.502|2.506|STRUCTURE_TYPE||46A073||
6281|01/01/2023|54|4640003000000|0.244|0.25|STRUCTURE_TYPE||46A074||
6282|01/01/2023|54|4640008000000|1.772|1.78|STRUCTURE_TYPE||46A075||
6283|01/01/2023|54|4640038000000|0.052|0.062|STRUCTURE_TYPE||46A076||
6284|01/01/2023|54|4640026000000|1.723|1.729|STRUCTURE_TYPE||46A077||
6285|01/01/2023|54|4640032010000|1.125|1.129|STRUCTURE_TYPE||46A078||
6286|01/01/2023|54|46200500000EB|10.318|10.482|STRUCTURE_TYPE||46A079||
6287|01/01/2023|54|46201190000SB|4.923|4.973|STRUCTURE_TYPE||46A080||
6288|01/01/2023|54|4640119520000|0.016|0.024|STRUCTURE_TYPE||46A081||
6289|01/01/2023|54|4640016000000|0.018|0.032|STRUCTURE_TYPE||46A082||
6290|01/01/2023|54|4630076000000|4.551|4.575|STRUCTURE_TYPE||46A083||
6291|01/01/2023|54|4640013210000|0.7|0.704|STRUCTURE_TYPE||46A084||
6292|01/01/2023|54|46201190000NB|7.915|8.045|STRUCTURE_TYPE||46A085||
6293|01/01/2023|54|4640026000000|2.048|2.056|STRUCTURE_TYPE||46A086||
6294|01/01/2023|54|4640073730000|1.316|1.336|STRUCTURE_TYPE||46A087||
6295|01/01/2023|54|4640040000000|0.265|0.279|STRUCTURE_TYPE||46A088||
6296|01/01/2023|54|4640050090000|1.102|1.128|STRUCTURE_TYPE||46A089||
6297|01/01/2023|54|4640050090000|1.189|1.217|STRUCTURE_TYPE||46A090||
6298|01/01/2023|54|4640007000000|3.193|3.213|STRUCTURE_TYPE||46A091||
6299|01/01/2023|54|4640003000000|0.152|0.162|STRUCTURE_TYPE||46A092||
6300|01/01/2023|54|4640005050000|1.635|1.645|STRUCTURE_TYPE||46A093||
6301|01/01/2023|54|4640009000000|0.013|0.071|STRUCTURE_TYPE||46A094||
6302|01/01/2023|54|4640013030000|0.027|0.037|STRUCTURE_TYPE||46A095||
6303|01/01/2023|54|4600273000000|0.011|0.021|STRUCTURE_TYPE||46A900||
6304|01/01/2023|54|4740001000000|0.486|0.566|STRUCTURE_TYPE||47A001||
6305|01/01/2023|54|4740001000000|5.007|5.013|STRUCTURE_TYPE||47A002||
6306|01/01/2023|54|4740001000000|6.371|6.391|STRUCTURE_TYPE||47A004||
6307|01/01/2023|54|4740005000000|0.062|0.15|STRUCTURE_TYPE||47A005||
6308|01/01/2023|54|4740007000000|7.172|7.178|STRUCTURE_TYPE||47A009||
6309|01/01/2023|54|4740007000000|7.809|7.815|STRUCTURE_TYPE||47A010||
6310|01/01/2023|54|4740009000000|4.112|4.128|STRUCTURE_TYPE||47A014||
6311|01/01/2023|54|4740011000000|5.278|5.29|STRUCTURE_TYPE||47A015||
6312|01/01/2023|54|4740011000000|5.663|5.669|STRUCTURE_TYPE||47A016||
6313|01/01/2023|54|4740012000000|0.058|0.066|STRUCTURE_TYPE||47A017||
6314|01/01/2023|54|4740017000000|9.237|9.243|STRUCTURE_TYPE||47A019||
6315|01/01/2023|54|4740021000000|6.619|6.627|STRUCTURE_TYPE||47A020||
6316|01/01/2023|54|4740021000000|9.834|9.848|STRUCTURE_TYPE||47A021||
6317|01/01/2023|54|4740023000000|1.947|1.955|STRUCTURE_TYPE||47A022||
6318|01/01/2023|54|4740025000000|0.147|0.153|STRUCTURE_TYPE||47A023||
6319|01/01/2023|54|4740027000000|0.459|0.465|STRUCTURE_TYPE||47A024||
6320|01/01/2023|54|4740027000000|1.719|1.735|STRUCTURE_TYPE||47A025||
6321|01/01/2023|54|4740027040000|0.074|0.088|STRUCTURE_TYPE||47A026||
6322|01/01/2023|54|4740029010000|0.23|0.256|STRUCTURE_TYPE||47A027||
6323|01/01/2023|54|4730032000000|5.699|5.703|STRUCTURE_TYPE||47A028||
6324|01/01/2023|54|4730038000000|0.928|0.934|STRUCTURE_TYPE||47A033||
6325|01/01/2023|54|4730038000000|1.194|1.198|STRUCTURE_TYPE||47A034||
6326|01/01/2023|54|4740045000000|2.112|2.148|STRUCTURE_TYPE||47A039||
6327|01/01/2023|54|4740045010000|0.0|0.017|STRUCTURE_TYPE||47A040||
6328|01/01/2023|54|4730072000000|11.889|11.899|STRUCTURE_TYPE||47A043||
6329|01/01/2023|54|4730072000000|13.96|13.964|STRUCTURE_TYPE||47A044||
6330|01/01/2023|54|4730072000000|17.153|17.157|STRUCTURE_TYPE||47A046||
6331|01/01/2023|54|4730072000000|25.269|25.299|STRUCTURE_TYPE||47A048||
6332|01/01/2023|54|4730072000000|27.779|27.783|STRUCTURE_TYPE||47A051||
6333|01/01/2023|54|4730072000000|30.445|30.453|STRUCTURE_TYPE||47A052||
6334|01/01/2023|54|47202190000NB|10.359|10.365|STRUCTURE_TYPE||47A057||
6335|01/01/2023|54|47202190000NB|10.94|10.944|STRUCTURE_TYPE||47A058||
6336|01/01/2023|54|47202190000NB|21.846|21.916|STRUCTURE_TYPE||47A060||
6337|01/01/2023|54|4740001000000|3.018|3.026|STRUCTURE_TYPE||47A063||
6338|01/01/2023|54|4740072100000|0.142|0.148|STRUCTURE_TYPE||47A064||
6339|01/01/2023|54|4740008000000|0.116|0.126|STRUCTURE_TYPE||47A065||
6340|01/01/2023|54|4740001000000|9.161|9.169|STRUCTURE_TYPE||47A066||
6341|01/01/2023|54|4740013000000|3.991|3.997|STRUCTURE_TYPE||47A067||
6342|01/01/2023|54|4740008000000|0.741|0.749|STRUCTURE_TYPE||47A068||
6343|01/01/2023|54|4740043120000|1.551|1.559|STRUCTURE_TYPE||47A069||
6344|01/01/2023|54|4740039000000|4.682|4.688|STRUCTURE_TYPE||47A070||
6345|01/01/2023|54|4740008000000|1.334|1.338|STRUCTURE_TYPE||47A071||
6346|01/01/2023|54|4740032180000|0.16|0.18|STRUCTURE_TYPE||47A072||
6347|01/01/2023|54|4730072000000|26.826|26.832|STRUCTURE_TYPE||47A073||
6348|01/01/2023|54|4740219100000|0.095|0.101|STRUCTURE_TYPE||47A074||
6349|01/01/2023|54|4730072000000|15.608|15.638|STRUCTURE_TYPE||47A075||
6350|01/01/2023|54|4740039000000|2.673|2.681|STRUCTURE_TYPE||47A076||
6351|01/01/2023|54|4730032000000|13.622|13.664|STRUCTURE_TYPE||47A077||
6352|01/01/2023|54|47202190000NB|8.252|8.294|STRUCTURE_TYPE||47A078||
6353|01/01/2023|54|4730072000000|26.34|26.346|STRUCTURE_TYPE||47A079||
6354|01/01/2023|54|47202190000SB|8.889|9.001|STRUCTURE_TYPE||47A080||
6355|01/01/2023|54|4740001000000|5.483|5.491|STRUCTURE_TYPE||47A081||
6356|01/01/2023|54|4740007000000|5.348|5.354|STRUCTURE_TYPE||47A082||
6357|01/01/2023|54|4740009000000|3.803|3.811|STRUCTURE_TYPE||47A083||
6358|01/01/2023|54|4740035000000|2.318|2.328|STRUCTURE_TYPE||47A084||
6359|01/01/2023|54|4740007000000|8.028|8.038|STRUCTURE_TYPE||47A085||
6360|01/01/2023|54|4740039000000|2.094|2.104|STRUCTURE_TYPE||47A086||
6361|01/01/2023|54|4740035160000|0.973|0.981|STRUCTURE_TYPE||47A087||
6362|01/01/2023|54|4740047010000|0.408|0.416|STRUCTURE_TYPE||47A088||
6363|01/01/2023|54|47200480024WB|21.147|21.169|STRUCTURE_TYPE||47A089||
6364|01/01/2023|54|47200480024EB|21.151|21.173|STRUCTURE_TYPE||47A090||
6365|01/01/2023|54|4740032332400|0.033|0.059|STRUCTURE_TYPE||47A091||
6366|01/01/2023|54|4740035180000|0.091|0.101|STRUCTURE_TYPE||47A092||
6367|01/01/2023|54|4740015030000|1.001|1.009|STRUCTURE_TYPE||47A093||
6368|01/01/2023|54|4740015030000|1.697|1.703|STRUCTURE_TYPE||47A094||
6369|01/01/2023|54|4740219070000|2.351|2.357|STRUCTURE_TYPE||47A095||
6370|01/01/2023|54|4840001000000|7.255|7.265|STRUCTURE_TYPE||48A001||
6371|01/01/2023|54|4840006000000|2.759|2.765|STRUCTURE_TYPE||48A003||
6372|01/01/2023|54|4840006000000|3.449|3.459|STRUCTURE_TYPE||48A004||
6373|01/01/2023|54|4840006030000|4.412|4.418|STRUCTURE_TYPE||48A006||
6374|01/01/2023|54|4840006050000|1.33|1.338|STRUCTURE_TYPE||48A008||
6375|01/01/2023|54|4840007000000|4.166|4.176|STRUCTURE_TYPE||48A009||
6376|01/01/2023|54|4840006000000|3.52|3.526|STRUCTURE_TYPE||48A011||
6377|01/01/2023|54|4840007000000|10.705|10.717|STRUCTURE_TYPE||48A013||
6378|01/01/2023|54|4840010000000|2.523|2.529|STRUCTURE_TYPE||48A015||
6379|01/01/2023|54|4840010000000|2.727|2.733|STRUCTURE_TYPE||48A016||
6380|01/01/2023|54|4840011000000|0.036|0.056|STRUCTURE_TYPE||48A019||
6381|01/01/2023|54|4840011000000|5.922|5.928|STRUCTURE_TYPE||48A023||
6382|01/01/2023|54|4840013010000|0.333|0.339|STRUCTURE_TYPE||48A025||
6383|01/01/2023|54|4840014000000|1.787|1.809|STRUCTURE_TYPE||48A027||
6384|01/01/2023|54|4830018000000|10.29|10.328|STRUCTURE_TYPE||48A033||
6385|01/01/2023|54|4830018000000|11.525|11.551|STRUCTURE_TYPE||48A034||
6386|01/01/2023|54|4830018000000|21.835|21.861|STRUCTURE_TYPE||48A037||
6387|01/01/2023|54|4830018000000|23.266|23.276|STRUCTURE_TYPE||48A039||
6388|01/01/2023|54|4830018000000|26.029|26.037|STRUCTURE_TYPE||48A040||
6389|01/01/2023|54|4830180000000|3.238|3.254|STRUCTURE_TYPE||48A041||
6392|01/01/2023|54|4840026000000|0.0|0.062|STRUCTURE_TYPE||48A049||
6393|01/01/2023|54|4840030000000|1.773|1.779|STRUCTURE_TYPE||48A050||
6394|01/01/2023|54|4840032000000|0.063|0.071|STRUCTURE_TYPE||48A051||
6395|01/01/2023|54|4840050000000|0.464|0.494|STRUCTURE_TYPE||48A053||
6396|01/01/2023|54|4840055020000|0.042|0.052|STRUCTURE_TYPE||48A054||
6397|01/01/2023|54|4840056010000|2.059|2.065|STRUCTURE_TYPE||48A057||
6398|01/01/2023|54|4840018040000|3.182|3.196|STRUCTURE_TYPE||48A058||
6399|01/01/2023|54|4840062000000|3.147|3.151|STRUCTURE_TYPE||48A061||
6400|01/01/2023|54|4840062000000|4.062|4.096|STRUCTURE_TYPE||48A062||
6401|01/01/2023|54|4840064000000|3.35|3.362|STRUCTURE_TYPE||48A063||
6402|01/01/2023|54|4840020000000|1.282|1.288|STRUCTURE_TYPE||48A065||
6403|01/01/2023|54|4840007050000|2.353|2.359|STRUCTURE_TYPE||48A066||
6404|01/01/2023|54|4840013000000|0.92|0.926|STRUCTURE_TYPE||48A067||
6405|01/01/2023|54|4840018030000|0.033|0.041|STRUCTURE_TYPE||48A068||
6406|01/01/2023|54|4840011080000|0.036|0.044|STRUCTURE_TYPE||48A070||
6407|01/01/2023|54|4840018200000|0.008|0.028|STRUCTURE_TYPE||48A071||
6408|01/01/2023|54|4840011060000|0.386|0.402|STRUCTURE_TYPE||48A072||
6409|01/01/2023|54|4840180010000|0.03|0.04|STRUCTURE_TYPE||48A073||
6410|01/01/2023|54|4830018000000|22.477|22.493|STRUCTURE_TYPE||48A074||
6411|01/01/2023|54|4840066000000|0.011|0.029|STRUCTURE_TYPE||48A075||
6412|01/01/2023|54|4840060000000|1.528|1.55|STRUCTURE_TYPE||48A076||
6413|01/01/2023|54|4840011000000|3.439|3.451|STRUCTURE_TYPE||48A077||
6414|01/01/2023|54|4840018020000|3.841|3.851|STRUCTURE_TYPE||48A078||
6415|01/01/2023|54|4840020000000|1.665|1.673|STRUCTURE_TYPE||48A079||
6416|01/01/2023|54|4840010000000|6.478|6.488|STRUCTURE_TYPE||48A080||
6417|01/01/2023|54|4840013050000|0.106|0.118|STRUCTURE_TYPE||48A081||
6418|01/01/2023|54|4840030050000|0.058|0.074|STRUCTURE_TYPE||48A082||
6419|01/01/2023|54|4840006030000|4.675|4.693|STRUCTURE_TYPE||48A083||
6420|01/01/2023|54|4840011000000|2.556|2.576|STRUCTURE_TYPE||48A084||
6421|01/01/2023|54|4840006000000|9.939|10.001|STRUCTURE_TYPE||48A086||
6422|01/01/2023|54|4830018000000|20.525|20.559|STRUCTURE_TYPE||48A087||
6423|01/01/2023|54|4840010000000|1.569|1.617|STRUCTURE_TYPE||48A088||
6424|01/01/2023|54|4840010010000|3.514|3.564|STRUCTURE_TYPE||48A089||
6425|01/01/2023|54|4840024000000|0.761|0.815|STRUCTURE_TYPE||48A090||
6426|01/01/2023|54|4840013040000|1.919|1.931|STRUCTURE_TYPE||48A091||
6427|01/01/2023|54|4840034010000|0.109|0.115|STRUCTURE_TYPE||48A092||
6428|01/01/2023|54|4830002000000|8.84|8.87|STRUCTURE_TYPE||48A093||
6429|01/01/2023|54|4830018000000|9.703|9.709|STRUCTURE_TYPE||48A094||
6430|01/01/2023|54|4840056000000|0.199|0.231|STRUCTURE_TYPE||48A096||
6431|01/01/2023|54|4840013000000|6.058|6.07|STRUCTURE_TYPE||48A097||
6432|01/01/2023|54|4840007000000|10.49|10.506|STRUCTURE_TYPE||48A098||
6433|01/01/2023|54|4840040010000|0.004|0.01|STRUCTURE_TYPE||48A099||
6434|01/01/2023|54|4830018000000|27.457|27.463|STRUCTURE_TYPE||48A100||
6435|01/01/2023|54|4830018000000|19.402|19.434|STRUCTURE_TYPE||48A101||
6436|01/01/2023|54|4840018070000|3.748|3.798|STRUCTURE_TYPE||48A102||
6437|01/01/2023|54|4840014040000|0.254|0.302|STRUCTURE_TYPE||48A103||
6438|01/01/2023|54|4830018000000|10.114|10.148|STRUCTURE_TYPE||48A104||
6439|01/01/2023|54|4840007000000|7.268|7.272|STRUCTURE_TYPE||48A105||
6440|01/01/2023|54|4840036000000|1.727|1.733|STRUCTURE_TYPE||48A106||
6441|01/01/2023|54|4830018000000|4.446|4.482|STRUCTURE_TYPE||48A107||
6442|01/01/2023|54|4800008000000|0.003|0.037|STRUCTURE_TYPE||48A900||
6443|01/01/2023|54|4940001130000|0.693|0.697|STRUCTURE_TYPE||49A008||
6444|01/01/2023|54|4940003000000|2.453|2.465|STRUCTURE_TYPE||49A009||
6445|01/01/2023|54|4940008000000|1.169|1.181|STRUCTURE_TYPE||49A012||
6446|01/01/2023|54|4940003040000|2.411|2.423|STRUCTURE_TYPE||49A013||
6447|01/01/2023|54|4930020000000|16.032|16.064|STRUCTURE_TYPE||49A015||
6448|01/01/2023|54|4930020000000|21.305|21.311|STRUCTURE_TYPE||49A017||
6449|01/01/2023|54|4940004150000|0.947|0.959|STRUCTURE_TYPE||49A019||
6450|01/01/2023|54|4940005260000|0.006|0.034|STRUCTURE_TYPE||49A021||
6451|01/01/2023|54|4940008000000|0.467|0.477|STRUCTURE_TYPE||49A022||
6452|01/01/2023|54|4940009000000|0.203|0.233|STRUCTURE_TYPE||49A023||
6453|01/01/2023|54|4940009000000|12.992|13.0|STRUCTURE_TYPE||49A025||
6454|01/01/2023|54|4940009000000|13.605|13.611|STRUCTURE_TYPE||49A026||
6455|01/01/2023|54|4940009000000|18.611|18.617|STRUCTURE_TYPE||49A027||
6456|01/01/2023|54|4940009000000|21.844|21.856|STRUCTURE_TYPE||49A028||
6457|01/01/2023|54|4940009010000|0.913|0.919|STRUCTURE_TYPE||49A029||
6458|01/01/2023|54|4940010140000|2.631|2.637|STRUCTURE_TYPE||49A030||
6459|01/01/2023|54|4940011000000|3.82|3.824|STRUCTURE_TYPE||49A031||
6460|01/01/2023|54|4940011030000|0.591|0.597|STRUCTURE_TYPE||49A033||
6461|01/01/2023|54|4940016000000|2.545|2.549|STRUCTURE_TYPE||49A037||
6462|01/01/2023|54|4940016000000|2.95|2.954|STRUCTURE_TYPE||49A038||
6463|01/01/2023|54|4940016000000|4.046|4.05|STRUCTURE_TYPE||49A039||
6464|01/01/2023|54|4940016000000|9.011|9.041|STRUCTURE_TYPE||49A041||
6465|01/01/2023|54|4930020000000|8.327|8.355|STRUCTURE_TYPE||49A044||
6466|01/01/2023|54|4940020060000|1.54|1.544|STRUCTURE_TYPE||49A045||
6467|01/01/2023|54|4940020100000|0.213|0.219|STRUCTURE_TYPE||49A046||
6468|01/01/2023|54|4940020110000|4.724|4.73|STRUCTURE_TYPE||49A049||
6469|01/01/2023|54|4940022000000|5.997|6.031|STRUCTURE_TYPE||49A052||
6470|01/01/2023|54|4940028010000|0.023|0.037|STRUCTURE_TYPE||49A054||
6471|01/01/2023|54|4940030000000|10.857|10.863|STRUCTURE_TYPE||49A057||
6472|01/01/2023|54|4940030000000|15.428|15.438|STRUCTURE_TYPE||49A059||
6473|01/01/2023|54|4940030190000|4.533|4.539|STRUCTURE_TYPE||49A060||
6475|01/01/2023|54|4940032000000|12.656|12.662|STRUCTURE_TYPE||49A062||
6476|01/01/2023|54|4940032000000|4.656|4.666|STRUCTURE_TYPE||49A064||
6477|01/01/2023|54|4940032170000|2.218|2.24|STRUCTURE_TYPE||49A065||
6478|01/01/2023|54|4940032170000|2.333|2.345|STRUCTURE_TYPE||49A066||
6479|01/01/2023|54|4940012000000|4.791|4.797|STRUCTURE_TYPE||49A067||
6480|01/01/2023|54|4940151000000|0.271|0.299|STRUCTURE_TYPE||49A068||
6481|01/01/2023|54|4940151000000|0.682|0.692|STRUCTURE_TYPE||49A069||
6482|01/01/2023|54|4940151000000|5.572|5.576|STRUCTURE_TYPE||49A070||
6483|01/01/2023|54|4940034000000|2.674|2.682|STRUCTURE_TYPE||49A072||
6484|01/01/2023|54|4940040000000|0.997|1.003|STRUCTURE_TYPE||49A076||
6485|01/01/2023|54|4940040030000|0.3|0.31|STRUCTURE_TYPE||49A078||
6486|01/01/2023|54|4940044010000|2.147|2.153|STRUCTURE_TYPE||49A080||
6487|01/01/2023|54|4940046020000|0.011|0.017|STRUCTURE_TYPE||49A082||
6488|01/01/2023|54|4940046040000|0.016|0.022|STRUCTURE_TYPE||49A083||
6489|01/01/2023|54|4930020000000|25.876|25.882|STRUCTURE_TYPE||49A084||
6490|01/01/2023|54|49201190000SB|7.283|7.289|STRUCTURE_TYPE||49A085||
6491|01/01/2023|54|4940034000000|4.338|4.344|STRUCTURE_TYPE||49A090||
6492|01/01/2023|54|4940007000000|0.155|0.163|STRUCTURE_TYPE||49A095||
6493|01/01/2023|54|4940033020000|0.067|0.073|STRUCTURE_TYPE||49A096||
6494|01/01/2023|54|4940012030000|0.137|0.143|STRUCTURE_TYPE||49A097||
6495|01/01/2023|54|4940005050000|0.077|0.081|STRUCTURE_TYPE||49A098||
6496|01/01/2023|54|4940005010000|2.378|2.386|STRUCTURE_TYPE||49A099||
6497|01/01/2023|54|4940013000000|1.56|1.602|STRUCTURE_TYPE||49A102||
6498|01/01/2023|54|4940013000000|2.656|2.7|STRUCTURE_TYPE||49A103||
6499|01/01/2023|54|4940011040000|0.932|0.938|STRUCTURE_TYPE||49A105||
6500|01/01/2023|54|4940009000000|15.353|15.361|STRUCTURE_TYPE||49A106||
6501|01/01/2023|54|49200330000EB|4.451|4.511|STRUCTURE_TYPE||49A107||
6502|01/01/2023|54|49200330000WB|4.438|4.492|STRUCTURE_TYPE||49A108||
6503|01/01/2023|54|49200330000EB|5.003|5.037|STRUCTURE_TYPE||49A109||
6504|01/01/2023|54|49200330000WB|5.009|5.043|STRUCTURE_TYPE||49A110||
6505|01/01/2023|54|49200330000EB|5.418|5.426|STRUCTURE_TYPE||49A111||
6506|01/01/2023|54|49200330000EB|6.054|6.112|STRUCTURE_TYPE||49A112||
6507|01/01/2023|54|49200330000WB|6.073|6.131|STRUCTURE_TYPE||49A113||
6508|01/01/2023|54|49200330000EB|6.237|6.321|STRUCTURE_TYPE||49A114||
6509|01/01/2023|54|49200330000WB|6.252|6.336|STRUCTURE_TYPE||49A115||
6510|01/01/2023|54|4940003060000|0.802|0.814|STRUCTURE_TYPE||49A118||
6511|01/01/2023|54|4940009020000|1.065|1.073|STRUCTURE_TYPE||49A119||
6512|01/01/2023|54|49200330000EB|9.476|9.536|STRUCTURE_TYPE||49A120||
6513|01/01/2023|54|49200330000WB|9.475|9.535|STRUCTURE_TYPE||49A121||
6514|01/01/2023|54|49200330000EB|15.358|15.428|STRUCTURE_TYPE||49A122||
6515|01/01/2023|54|49200330000WB|15.352|15.422|STRUCTURE_TYPE||49A123||
6516|01/01/2023|54|4940046000000|7.331|7.337|STRUCTURE_TYPE||49A124||
6517|01/01/2023|54|4940001000000|8.274|8.282|STRUCTURE_TYPE||49A125||
6518|01/01/2023|54|4940016030000|3.778|3.79|STRUCTURE_TYPE||49A126||
6519|01/01/2023|54|4940040000000|0.024|0.042|STRUCTURE_TYPE||49A127||
6520|01/01/2023|54|4940044000000|9.943|9.961|STRUCTURE_TYPE||49A129||
6521|01/01/2023|54|4940020100000|1.146|1.16|STRUCTURE_TYPE||49A130||
6522|01/01/2023|54|4940022000000|4.058|4.076|STRUCTURE_TYPE||49A131||
6523|01/01/2023|54|4940040000000|1.787|1.799|STRUCTURE_TYPE||49A132||
6524|01/01/2023|54|4940009000000|11.787|11.803|STRUCTURE_TYPE||49A133||
6525|01/01/2023|54|4940030000000|4.097|4.139|STRUCTURE_TYPE||49A134||
6526|01/01/2023|54|4940030000000|10.148|10.184|STRUCTURE_TYPE||49A135||
6527|01/01/2023|54|4900858000000|0.015|0.045|STRUCTURE_TYPE||49A136||
6528|01/01/2023|54|4940020100000|0.299|0.309|STRUCTURE_TYPE||49A137||
6529|01/01/2023|54|4940011170000|0.025|0.049|STRUCTURE_TYPE||49A138||
6530|01/01/2023|54|4940003000000|3.246|3.252|STRUCTURE_TYPE||49A139||
6531|01/01/2023|54|4940032000000|8.593|8.605|STRUCTURE_TYPE||49A140||
6532|01/01/2023|54|4940038000000|1.058|1.066|STRUCTURE_TYPE||49A141||
6533|01/01/2023|54|4940003000000|6.738|6.746|STRUCTURE_TYPE||49A142||
6534|01/01/2023|54|4940022030000|2.046|2.054|STRUCTURE_TYPE||49A143||
6535|01/01/2023|54|4940022030000|2.23|2.238|STRUCTURE_TYPE||49A144||
6536|01/01/2023|54|4940022020000|0.394|0.422|STRUCTURE_TYPE||49A145||
6537|01/01/2023|54|4940001010000|0.037|0.045|STRUCTURE_TYPE||49A146||
6538|01/01/2023|54|4930020000000|4.255|4.259|STRUCTURE_TYPE||49A147||
6539|01/01/2023|54|4940038030000|0.022|0.034|STRUCTURE_TYPE||49A148||
6540|01/01/2023|54|4940011000000|17.14|17.166|STRUCTURE_TYPE||49A149||
6541|01/01/2023|54|4900846000000|0.006|0.016|STRUCTURE_TYPE||49A912||
6542|01/01/2023|54|50200520000EB|21.266|21.314|STRUCTURE_TYPE||50A001||
6543|01/01/2023|54|5040024000000|1.056|1.062|STRUCTURE_TYPE||50A009||
6544|01/01/2023|54|5040007000000|14.463|14.477|STRUCTURE_TYPE||50A010||
6545|01/01/2023|54|5040007010000|3.124|3.132|STRUCTURE_TYPE||50A012||
6546|01/01/2023|54|5040024000000|5.69|5.696|STRUCTURE_TYPE||50A015||
6547|01/01/2023|54|5040012000000|4.621|4.653|STRUCTURE_TYPE||50A017||
6548|01/01/2023|54|5040024010000|0.004|0.012|STRUCTURE_TYPE||50A020||
6549|01/01/2023|54|5040014010000|2.519|2.527|STRUCTURE_TYPE||50A021||
6550|01/01/2023|54|5040037380000|0.032|0.058|STRUCTURE_TYPE||50A022||
6551|01/01/2023|54|5040030010000|0.022|0.028|STRUCTURE_TYPE||50A023||
6552|01/01/2023|54|5040017000000|1.301|1.305|STRUCTURE_TYPE||50A025||
6553|01/01/2023|54|5040017000000|3.923|3.951|STRUCTURE_TYPE||50A026||
6554|01/01/2023|54|5040017000000|8.531|8.571|STRUCTURE_TYPE||50A028||
6555|01/01/2023|54|5040017040000|4.436|4.44|STRUCTURE_TYPE||50A029||
6556|01/01/2023|54|5040018000000|5.807|5.813|STRUCTURE_TYPE||50A030||
6557|01/01/2023|54|5040018010000|0.129|0.137|STRUCTURE_TYPE||50A031||
6558|01/01/2023|54|5040019000000|3.393|3.403|STRUCTURE_TYPE||50A033||
6559|01/01/2023|54|5040019000000|3.813|3.821|STRUCTURE_TYPE||50A034||
6560|01/01/2023|54|5040019050000|0.017|0.023|STRUCTURE_TYPE||50A036||
6561|01/01/2023|54|5040019060000|0.119|0.129|STRUCTURE_TYPE||50A037||
6562|01/01/2023|54|5040020000000|0.654|0.662|STRUCTURE_TYPE||50A039||
6563|01/01/2023|54|5040020000000|4.453|4.459|STRUCTURE_TYPE||50A041||
6564|01/01/2023|54|5040021020000|0.688|0.694|STRUCTURE_TYPE||50A042||
6565|01/01/2023|54|5040026000000|0.005|0.009|STRUCTURE_TYPE||50A046||
6566|01/01/2023|54|5040026000000|6.534|6.546|STRUCTURE_TYPE||50A047||
6567|01/01/2023|54|50200520000EB|37.464|37.504|STRUCTURE_TYPE||50A049||
6568|01/01/2023|54|5040030000000|4.691|4.695|STRUCTURE_TYPE||50A051||
6569|01/01/2023|54|5040032000000|5.842|5.86|STRUCTURE_TYPE||50A052||
6570|01/01/2023|54|5040034000000|6.915|6.941|STRUCTURE_TYPE||50A054||
6571|01/01/2023|54|5040035000000|0.398|0.404|STRUCTURE_TYPE||50A055||
6572|01/01/2023|54|5040035000000|2.348|2.354|STRUCTURE_TYPE||50A056||
6573|01/01/2023|54|5040036000000|0.302|0.32|STRUCTURE_TYPE||50A059||
6574|01/01/2023|54|5040036000000|6.06|6.07|STRUCTURE_TYPE||50A060||
6575|01/01/2023|54|5040036000000|8.188|8.194|STRUCTURE_TYPE||50A061||
6576|01/01/2023|54|5040036020000|3.831|3.837|STRUCTURE_TYPE||50A064||
6577|01/01/2023|54|5040036020000|4.883|4.889|STRUCTURE_TYPE||50A065||
6578|01/01/2023|54|5030037000000|15.43|15.462|STRUCTURE_TYPE||50A068||
6579|01/01/2023|54|5030037000000|9.988|9.994|STRUCTURE_TYPE||50A072||
6580|01/01/2023|54|5030037000000|20.971|20.977|STRUCTURE_TYPE||50A074||
6581|01/01/2023|54|5030037000000|23.045|23.079|STRUCTURE_TYPE||50A076||
6582|01/01/2023|54|5030037000000|24.057|24.067|STRUCTURE_TYPE||50A077||
6583|01/01/2023|54|5030037000000|24.858|24.89|STRUCTURE_TYPE||50A078||
6584|01/01/2023|54|5030037000000|30.432|30.494|STRUCTURE_TYPE||50A079||
6585|01/01/2023|54|5040037080000|2.381|2.385|STRUCTURE_TYPE||50A081||
6586|01/01/2023|54|5040006000000|0.669|0.675|STRUCTURE_TYPE||50A082||
6587|01/01/2023|54|5040037110000|4.507|4.529|STRUCTURE_TYPE||50A083||
6588|01/01/2023|54|5040037130000|1.936|1.96|STRUCTURE_TYPE||50A084||
6589|01/01/2023|54|50200520000WB|27.683|27.715|STRUCTURE_TYPE||50A085||
6590|01/01/2023|54|50200520000WB|30.524|30.55|STRUCTURE_TYPE||50A087||
6591|01/01/2023|54|5040037280000|0.007|0.019|STRUCTURE_TYPE||50A089||
6592|01/01/2023|54|5040029160000|0.016|0.022|STRUCTURE_TYPE||50A090||
6593|01/01/2023|54|5040052090000|2.896|2.9|STRUCTURE_TYPE||50A091||
6594|01/01/2023|54|5040041000000|0.032|0.038|STRUCTURE_TYPE||50A092||
6595|01/01/2023|54|5040041000000|0.342|0.362|STRUCTURE_TYPE||50A093||
6596|01/01/2023|54|5040041000000|1.029|1.047|STRUCTURE_TYPE||50A094||
6597|01/01/2023|54|5040041000000|1.618|1.624|STRUCTURE_TYPE||50A095||
6598|01/01/2023|54|5040041000000|0.617|0.637|STRUCTURE_TYPE||50A096||
6599|01/01/2023|54|5040041000000|2.278|2.298|STRUCTURE_TYPE||50A097||
6600|01/01/2023|54|5030152000000|38.393|38.435|STRUCTURE_TYPE||50A102||
6601|01/01/2023|54|5030152000000|33.991|34.029|STRUCTURE_TYPE||50A103||
6602|01/01/2023|54|5030152000000|33.241|33.281|STRUCTURE_TYPE||50A104||
6603|01/01/2023|54|5030152000000|33.003|33.041|STRUCTURE_TYPE||50A105||
6604|01/01/2023|54|5030152000000|30.808|30.846|STRUCTURE_TYPE||50A107||
6605|01/01/2023|54|5030152000000|24.938|24.952|STRUCTURE_TYPE||50A109||
6606|01/01/2023|54|5030152000000|21.318|21.322|STRUCTURE_TYPE||50A111||
6607|01/01/2023|54|5030152000000|5.687|5.719|STRUCTURE_TYPE||50A112||
6608|01/01/2023|54|50200520000WB|49.931|49.955|STRUCTURE_TYPE||50A114||
6609|01/01/2023|54|50200520000EB|54.274|54.308|STRUCTURE_TYPE||50A115||
6610|01/01/2023|54|5040052040000|1.331|1.347|STRUCTURE_TYPE||50A116||
6611|01/01/2023|54|5040007170000|0.045|0.053|STRUCTURE_TYPE||50A118||
6612|01/01/2023|54|5040052290000|0.11|0.138|STRUCTURE_TYPE||50A122||
6613|01/01/2023|54|5040052320000|0.062|0.07|STRUCTURE_TYPE||50A124||
6614|01/01/2023|54|5040052490000|0.057|0.081|STRUCTURE_TYPE||50A127||
6615|01/01/2023|54|5040052550000|2.316|2.338|STRUCTURE_TYPE||50A129||
6616|01/01/2023|54|5040052560000|0.305|0.331|STRUCTURE_TYPE||50A130||
6617|01/01/2023|54|5040052560000|2.64|2.668|STRUCTURE_TYPE||50A132||
6618|01/01/2023|54|5040052560000|2.785|2.805|STRUCTURE_TYPE||50A133||
6619|01/01/2023|54|50100640000EB|1.265|1.303|STRUCTURE_TYPE||50A139||
6620|01/01/2023|54|50100640000EB|4.394|4.526|STRUCTURE_TYPE||50A143||
6621|01/01/2023|54|5030075000000|7.246|7.284|STRUCTURE_TYPE||50A149||
6622|01/01/2023|54|5030075000000|9.364|9.412|STRUCTURE_TYPE||50A150||
6623|01/01/2023|54|5030075000000|10.59|10.644|STRUCTURE_TYPE||50A151||
6624|01/01/2023|54|50200520000WB|29.05|29.1|STRUCTURE_TYPE||50A153||
6625|01/01/2023|54|5040052240000|0.816|0.822|STRUCTURE_TYPE||50A154||
6626|01/01/2023|54|50100640000WB|1.255|1.293|STRUCTURE_TYPE||50A156||
6627|01/01/2023|54|50100640000WB|4.388|4.52|STRUCTURE_TYPE||50A160||
6628|01/01/2023|54|5040006020000|0.068|0.074|STRUCTURE_TYPE||50A162||
6629|01/01/2023|54|5040011000000|0.951|0.959|STRUCTURE_TYPE||50A164||
6630|01/01/2023|54|5040025000000|3.058|3.064|STRUCTURE_TYPE||50A166||
6631|01/01/2023|54|50200520000WB|47.35|47.356|STRUCTURE_TYPE||50A168||
6632|01/01/2023|54|50200600000WB|0.0|0.169|STRUCTURE_TYPE||50A170||
6633|01/01/2023|54|5040052870000|0.006|0.012|STRUCTURE_TYPE||50A171||
6634|01/01/2023|54|5030037000000|0.0|0.138|STRUCTURE_TYPE||50A172||
6635|01/01/2023|54|5040052090000|3.535|3.549|STRUCTURE_TYPE||50A173||
6636|01/01/2023|54|5060801000000|0.372|0.376|STRUCTURE_TYPE||50A174||
6637|01/01/2023|54|5040039000000|2.07|2.084|STRUCTURE_TYPE||50A175||
6638|01/01/2023|54|5040033000000|4.615|4.627|STRUCTURE_TYPE||50A176||
6639|01/01/2023|54|50200520000WB|17.841|17.879|STRUCTURE_TYPE||50A178||
6640|01/01/2023|54|50200520000EB|17.85|17.888|STRUCTURE_TYPE||50A179||
6641|01/01/2023|54|5040007000000|20.067|20.109|STRUCTURE_TYPE||50A180||
6642|01/01/2023|54|5040025000000|1.347|1.357|STRUCTURE_TYPE||50A181||
6643|01/01/2023|54|50100640000EB|0.0|0.127|STRUCTURE_TYPE||50A182||
6644|01/01/2023|54|50100640000WB|0.0|0.126|STRUCTURE_TYPE||50A183||
6645|01/01/2023|54|5030037000000|26.756|26.762|STRUCTURE_TYPE||50A184||
6646|01/01/2023|54|5040052430000|2.672|2.7|STRUCTURE_TYPE||50A185||
6647|01/01/2023|54|5060804000000|0.036|0.062|STRUCTURE_TYPE||50A188||
6648|01/01/2023|54|5080917000000|0.004|0.008|STRUCTURE_TYPE||50A190||
6649|01/01/2023|54|50200600000WB|3.136|3.194|STRUCTURE_TYPE||50A192||
6650|01/01/2023|54|5040022000000|0.353|0.359|STRUCTURE_TYPE||50A194||
6651|01/01/2023|54|5040019010000|0.012|0.02|STRUCTURE_TYPE||50A195||
6652|01/01/2023|54|5040003180000|0.251|0.381|STRUCTURE_TYPE||50A196||
6653|01/01/2023|54|5060850000000|0.015|0.025|STRUCTURE_TYPE||50A197||
6654|01/01/2023|54|5040011000000|0.056|0.062|STRUCTURE_TYPE||50A198||
6655|01/01/2023|54|5030152000000|41.549|41.565|STRUCTURE_TYPE||50A199||
6656|01/01/2023|54|5040029180000|0.007|0.013|STRUCTURE_TYPE||50A200||
6657|01/01/2023|54|5040022000000|0.011|0.017|STRUCTURE_TYPE||50A201||
6658|01/01/2023|54|5040052820000|0.785|0.795|STRUCTURE_TYPE||50A202||
6659|01/01/2023|54|5040019060000|0.623|0.635|STRUCTURE_TYPE||50A203||
6660|01/01/2023|54|5040024050000|0.006|0.014|STRUCTURE_TYPE||50A204||
6661|01/01/2023|54|5040052370000|0.498|0.504|STRUCTURE_TYPE||50A205||
6662|01/01/2023|54|5040017080000|0.833|0.839|STRUCTURE_TYPE||50A206||
6663|01/01/2023|54|50100640000EB|2.679|2.755|STRUCTURE_TYPE||50A208||
6664|01/01/2023|54|50100640000WB|2.644|2.72|STRUCTURE_TYPE||50A209||
6665|01/01/2023|54|50100640000EB|5.264|5.376|STRUCTURE_TYPE||50A210||
6666|01/01/2023|54|50100640000WB|5.267|5.379|STRUCTURE_TYPE||50A211||
6667|01/01/2023|54|5040020000000|2.262|2.274|STRUCTURE_TYPE||50A213||
6668|01/01/2023|54|5040035050000|0.012|0.028|STRUCTURE_TYPE||50A214||
6669|01/01/2023|54|5040036000000|12.606|12.63|STRUCTURE_TYPE||50A215||
6670|01/01/2023|54|5040044000000|5.616|5.646|STRUCTURE_TYPE||50A216||
6671|01/01/2023|54|5040052560000|4.668|4.694|STRUCTURE_TYPE||50A217||
6672|01/01/2023|54|5040041010000|0.005|0.021|STRUCTURE_TYPE||50A219||
6673|01/01/2023|54|5030152000000|40.383|40.409|STRUCTURE_TYPE||50A220||
6674|01/01/2023|54|5040012000000|2.094|2.1|STRUCTURE_TYPE||50A221||
6675|01/01/2023|54|5040034000000|0.203|0.215|STRUCTURE_TYPE||50A222||
6676|01/01/2023|54|50200520000EB|11.689|11.719|STRUCTURE_TYPE||50A223||
6677|01/01/2023|54|50200520000WB|49.534|49.538|STRUCTURE_TYPE||50A224||
6678|01/01/2023|54|5030152000000|32.467|32.491|STRUCTURE_TYPE||50A225||
6679|01/01/2023|54|50100640000EB|2.0|2.23|STRUCTURE_TYPE||50A226||
6680|01/01/2023|54|50100640000WB|1.963|2.193|STRUCTURE_TYPE||50A227||
6681|01/01/2023|54|5040037040000|1.861|1.869|STRUCTURE_TYPE||50A228||
6682|01/01/2023|54|5030037000000|12.303|12.311|STRUCTURE_TYPE||50A229||
6683|01/01/2023|54|50200520000WB|14.506|14.54|STRUCTURE_TYPE||50A230||
6684|01/01/2023|54|5040036020000|3.629|3.637|STRUCTURE_TYPE||50A231||
6685|01/01/2023|54|5030037000000|4.418|4.43|STRUCTURE_TYPE||50A232||
6686|01/01/2023|54|5040024000000|6.023|6.035|STRUCTURE_TYPE||50A233||
6687|01/01/2023|54|5030037000000|3.271|3.281|STRUCTURE_TYPE||50A234||
6688|01/01/2023|54|5030037000000|4.54|4.55|STRUCTURE_TYPE||50A235||
6689|01/01/2023|54|5040019000000|0.56|0.572|STRUCTURE_TYPE||50A236||
6690|01/01/2023|54|5040252140000|2.09|2.126|STRUCTURE_TYPE||50A237||
6691|01/01/2023|54|5040036030000|1.173|1.177|STRUCTURE_TYPE||50A238||
6692|01/01/2023|54|5030152000000|23.706|23.732|STRUCTURE_TYPE||50A239||
6693|01/01/2023|54|5040037080000|0.885|0.889|STRUCTURE_TYPE||50A240||
6694|01/01/2023|54|5080920000000|0.026|0.03|STRUCTURE_TYPE||50A241||
6695|01/01/2023|54|5040024000000|5.806|5.812|STRUCTURE_TYPE||50A242||
6696|01/01/2023|54|5040011000000|1.583|1.593|STRUCTURE_TYPE||50A243||
6697|01/01/2023|54|5040025000000|0.809|0.815|STRUCTURE_TYPE||50A244||
6698|01/01/2023|54|5040052310000|3.968|3.973|STRUCTURE_TYPE||50A245||
6699|01/01/2023|54|50100640000EB|1.76|1.792|STRUCTURE_TYPE||50A246||
6700|01/01/2023|54|50100640000WB|1.732|1.756|STRUCTURE_TYPE||50A247||
6701|01/01/2023|54|5140003000000|10.299|10.323|STRUCTURE_TYPE||51A001||
6702|01/01/2023|54|5140003040000|0.008|0.024|STRUCTURE_TYPE||51A003||
6703|01/01/2023|54|5140003080000|0.006|0.018|STRUCTURE_TYPE||51A004||
6704|01/01/2023|54|5140005010000|2.001|2.015|STRUCTURE_TYPE||51A008||
6705|01/01/2023|54|5140007000000|14.236|14.294|STRUCTURE_TYPE||51A010||
6706|01/01/2023|54|5140008040000|1.188|1.206|STRUCTURE_TYPE||51A011||
6707|01/01/2023|54|5140009000000|4.451|4.461|STRUCTURE_TYPE||51A015||
6708|01/01/2023|54|5140009000000|6.096|6.11|STRUCTURE_TYPE||51A016||
6709|01/01/2023|54|5140009000000|6.383|6.407|STRUCTURE_TYPE||51A017||
6710|01/01/2023|54|5140009000000|6.679|6.697|STRUCTURE_TYPE||51A018||
6711|01/01/2023|54|5140009000000|7.801|7.809|STRUCTURE_TYPE||51A019||
6712|01/01/2023|54|5140009000000|9.354|9.366|STRUCTURE_TYPE||51A020||
6713|01/01/2023|54|5140009000000|11.638|11.652|STRUCTURE_TYPE||51A022||
6714|01/01/2023|54|5140009000000|11.712|11.72|STRUCTURE_TYPE||51A023||
6715|01/01/2023|54|5140009000000|11.972|11.98|STRUCTURE_TYPE||51A024||
6716|01/01/2023|54|5140015030000|0.636|0.672|STRUCTURE_TYPE||51A025||
6717|01/01/2023|54|5140015040000|1.262|1.294|STRUCTURE_TYPE||51A027||
6718|01/01/2023|54|5140015070000|0.025|0.035|STRUCTURE_TYPE||51A029||
6719|01/01/2023|54|5140018030000|1.256|1.264|STRUCTURE_TYPE||51A032||
6720|01/01/2023|54|5130020000000|0.932|0.94|STRUCTURE_TYPE||51A033||
6721|01/01/2023|54|5130020000000|7.177|7.215|STRUCTURE_TYPE||51A034||
6722|01/01/2023|54|5130020000000|20.017|20.045|STRUCTURE_TYPE||51A035||
6723|01/01/2023|54|5130020000000|20.277|20.297|STRUCTURE_TYPE||51A037||
6724|01/01/2023|54|5130020000000|29.067|29.087|STRUCTURE_TYPE||51A039||
6725|01/01/2023|54|5130020000000|29.569|29.587|STRUCTURE_TYPE||51A040||
6726|01/01/2023|54|5130020000000|38.015|38.027|STRUCTURE_TYPE||51A041||
6727|01/01/2023|54|5130020000000|45.228|45.234|STRUCTURE_TYPE||51A043||
6728|01/01/2023|54|5130020000000|47.961|47.981|STRUCTURE_TYPE||51A044||
6729|01/01/2023|54|5140020090000|0.127|0.135|STRUCTURE_TYPE||51A045||
6730|01/01/2023|54|5140020100000|0.011|0.021|STRUCTURE_TYPE||51A046||
6731|01/01/2023|54|5140020230000|0.015|0.041|STRUCTURE_TYPE||51A047||
6732|01/01/2023|54|5140026000000|3.52|3.524|STRUCTURE_TYPE||51A049||
6733|01/01/2023|54|5140026000000|3.579|3.615|STRUCTURE_TYPE||51A050||
6734|01/01/2023|54|5140026010000|0.028|0.042|STRUCTURE_TYPE||51A051||
6735|01/01/2023|54|5140026010000|1.719|1.763|STRUCTURE_TYPE||51A052||
6736|01/01/2023|54|5140026040000|0.175|0.193|STRUCTURE_TYPE||51A054||
6737|01/01/2023|54|5140028000000|0.991|1.003|STRUCTURE_TYPE||51A055||
6738|01/01/2023|54|5130082000000|8.589|8.601|STRUCTURE_TYPE||51A056||
6739|01/01/2023|54|5130082000000|7.816|7.822|STRUCTURE_TYPE||51A057||
6740|01/01/2023|54|5140032000000|6.25|6.254|STRUCTURE_TYPE||51A061||
6741|01/01/2023|54|5140034000000|2.778|2.782|STRUCTURE_TYPE||51A062||
6742|01/01/2023|54|5140034000000|7.554|7.564|STRUCTURE_TYPE||51A063||
6743|01/01/2023|54|5140036000000|1.979|1.983|STRUCTURE_TYPE||51A064||
6744|01/01/2023|54|5140036000000|4.527|4.533|STRUCTURE_TYPE||51A065||
6745|01/01/2023|54|5140042000000|9.903|9.921|STRUCTURE_TYPE||51A066||
6746|01/01/2023|54|5140044000000|12.785|12.793|STRUCTURE_TYPE||51A067||
6747|01/01/2023|54|5140046000000|0.472|0.476|STRUCTURE_TYPE||51A068||
6748|01/01/2023|54|5140046000000|2.175|2.199|STRUCTURE_TYPE||51A069||
6749|01/01/2023|54|5140020190000|0.048|0.056|STRUCTURE_TYPE||51A071||
6750|01/01/2023|54|5140020270000|0.086|0.094|STRUCTURE_TYPE||51A072||
6751|01/01/2023|54|5160803000000|0.159|0.167|STRUCTURE_TYPE||51A074||
6752|01/01/2023|54|5140026040000|1.136|1.144|STRUCTURE_TYPE||51A079||
6753|01/01/2023|54|5140026040000|1.805|1.815|STRUCTURE_TYPE||51A080||
6754|01/01/2023|54|5140028000000|0.048|0.06|STRUCTURE_TYPE||51A083||
6755|01/01/2023|54|5130020000000|39.82|39.846|STRUCTURE_TYPE||51A084||
6756|01/01/2023|54|5160801000000|0.065|0.075|STRUCTURE_TYPE||51A085||
6757|01/01/2023|54|5140009000000|4.118|4.126|STRUCTURE_TYPE||51A086||
6758|01/01/2023|54|5130015000000|8.407|8.437|STRUCTURE_TYPE||51A087||
6759|01/01/2023|54|5140009000000|9.63|9.648|STRUCTURE_TYPE||51A089||
6760|01/01/2023|54|5140048000000|0.355|0.405|STRUCTURE_TYPE||51A090||
6761|01/01/2023|54|5180923000000|0.012|0.02|STRUCTURE_TYPE||51A091||
6762|01/01/2023|54|5140015030000|2.308|2.316|STRUCTURE_TYPE||51A092||
6763|01/01/2023|54|5140003080000|5.019|5.025|STRUCTURE_TYPE||51A093||
6764|01/01/2023|54|5140022000000|0.153|0.165|STRUCTURE_TYPE||51A094||
6765|01/01/2023|54|5140018000000|0.924|0.944|STRUCTURE_TYPE||51A095||
6766|01/01/2023|54|5140018000000|2.5|2.508|STRUCTURE_TYPE||51A096||
6767|01/01/2023|54|5130082000000|5.965|5.977|STRUCTURE_TYPE||51A097||
6768|01/01/2023|54|5130020000000|24.697|24.711|STRUCTURE_TYPE||51A098||
6769|01/01/2023|54|5140003000000|11.032|11.048|STRUCTURE_TYPE||51A099||
6770|01/01/2023|54|5140020250000|0.347|0.353|STRUCTURE_TYPE||51A100||
6771|01/01/2023|54|5130082000000|6.616|6.628|STRUCTURE_TYPE||51A101||
6772|01/01/2023|54|5180910000000|0.0|0.018|STRUCTURE_TYPE||51A102||
6773|01/01/2023|54|5130015000000|8.695|8.711|STRUCTURE_TYPE||51A103||
6774|01/01/2023|54|5130020000000|20.158|20.18|STRUCTURE_TYPE||51A104||
6775|01/01/2023|54|5230002000000|5.209|5.261|STRUCTURE_TYPE||52A003||
6776|01/01/2023|54|5230007000000|0.0|0.326|STRUCTURE_TYPE||52A007||
6777|01/01/2023|54|52300070007WB|0.228|0.26|STRUCTURE_TYPE||52A008||
6778|01/01/2023|54|5230007000000|3.825|3.883|STRUCTURE_TYPE||52A009||
6779|01/01/2023|54|5230007000000|3.989|4.041|STRUCTURE_TYPE||52A010||
6780|01/01/2023|54|5230007000000|8.359|8.365|STRUCTURE_TYPE||52A011||
6782|01/01/2023|54|5230007000000|11.583|11.599|STRUCTURE_TYPE||52A014||
6783|01/01/2023|54|5230007000000|11.838|11.854|STRUCTURE_TYPE||52A015||
6784|01/01/2023|54|5230007000000|15.27|15.278|STRUCTURE_TYPE||52A016||
6785|01/01/2023|54|5230007000000|17.865|17.879|STRUCTURE_TYPE||52A017||
6786|01/01/2023|54|5230007000000|25.985|25.991|STRUCTURE_TYPE||52A019||
6787|01/01/2023|54|5240007050000|0.02|0.04|STRUCTURE_TYPE||52A024||
6788|01/01/2023|54|5240007110000|2.266|2.272|STRUCTURE_TYPE||52A026||
6789|01/01/2023|54|5240007230000|1.233|1.255|STRUCTURE_TYPE||52A028||
6790|01/01/2023|54|5240009020000|2.27|2.282|STRUCTURE_TYPE||52A032||
6791|01/01/2023|54|5240012000000|2.704|2.714|STRUCTURE_TYPE||52A036||
6792|01/01/2023|54|5240013000000|4.523|4.531|STRUCTURE_TYPE||52A038||
6793|01/01/2023|54|5240013000000|4.697|4.703|STRUCTURE_TYPE||52A039||
6794|01/01/2023|54|5240015000000|4.748|4.754|STRUCTURE_TYPE||52A042||
6795|01/01/2023|54|5240015000000|5.615|5.619|STRUCTURE_TYPE||52A043||
6796|01/01/2023|54|5240015000000|8.259|8.273|STRUCTURE_TYPE||52A045||
6797|01/01/2023|54|5240015020000|3.945|3.953|STRUCTURE_TYPE||52A046||
6798|01/01/2023|54|5240015030000|3.478|3.49|STRUCTURE_TYPE||52A047||
6799|01/01/2023|54|5240016000000|0.638|0.642|STRUCTURE_TYPE||52A048||
6800|01/01/2023|54|5230180000000|0.746|0.76|STRUCTURE_TYPE||52A052||
6801|01/01/2023|54|5240019000000|0.89|0.896|STRUCTURE_TYPE||52A053||
6802|01/01/2023|54|5230020000000|1.461|1.467|STRUCTURE_TYPE||52A057||
6803|01/01/2023|54|5230020000000|1.643|1.655|STRUCTURE_TYPE||52A059||
6804|01/01/2023|54|5230020000000|4.626|4.638|STRUCTURE_TYPE||52A060||
6805|01/01/2023|54|5230020000000|5.821|5.827|STRUCTURE_TYPE||52A061||
6806|01/01/2023|54|5230020000000|10.464|10.484|STRUCTURE_TYPE||52A062||
6807|01/01/2023|54|5230020000000|10.827|10.847|STRUCTURE_TYPE||52A063||
6808|01/01/2023|54|5230020000000|17.311|17.317|STRUCTURE_TYPE||52A067||
6809|01/01/2023|54|5230020000000|21.514|21.52|STRUCTURE_TYPE||52A069||
6810|01/01/2023|54|5230020000000|29.732|29.758|STRUCTURE_TYPE||52A070||
6811|01/01/2023|54|5240020010000|0.118|0.162|STRUCTURE_TYPE||52A071||
6812|01/01/2023|54|5240020090000|0.0|0.014|STRUCTURE_TYPE||52A074||
6813|01/01/2023|54|5240024000000|6.598|6.606|STRUCTURE_TYPE||52A076||
6814|01/01/2023|54|5240026020000|0.025|0.029|STRUCTURE_TYPE||52A078||
6815|01/01/2023|54|5240039000000|0.231|0.235|STRUCTURE_TYPE||52A081||
6816|01/01/2023|54|5240050000000|0.009|0.013|STRUCTURE_TYPE||52A086||
6817|01/01/2023|54|5240052000000|0.331|0.337|STRUCTURE_TYPE||52A087||
6818|01/01/2023|54|5240054000000|0.755|0.763|STRUCTURE_TYPE||52A088||
6819|01/01/2023|54|5240056000000|0.003|0.031|STRUCTURE_TYPE||52A089||
6820|01/01/2023|54|5240056010000|0.005|0.011|STRUCTURE_TYPE||52A090||
6821|01/01/2023|54|5240064000000|0.157|0.169|STRUCTURE_TYPE||52A091||
6822|01/01/2023|54|5230069000000|1.933|1.937|STRUCTURE_TYPE||52A094||
6823|01/01/2023|54|5240076000000|2.027|2.039|STRUCTURE_TYPE||52A095||
6824|01/01/2023|54|5240080000000|2.331|2.339|STRUCTURE_TYPE||52A096||
6825|01/01/2023|54|5240082010000|0.008|0.018|STRUCTURE_TYPE||52A099||
6826|01/01/2023|54|5240084000000|7.181|7.195|STRUCTURE_TYPE||52A100||
6827|01/01/2023|54|52202500000NB|3.88|3.888|STRUCTURE_TYPE||52A102||
6828|01/01/2023|54|52202500000SB|5.014|5.022|STRUCTURE_TYPE||52A103||
6829|01/01/2023|54|52202500000NB|5.44|5.456|STRUCTURE_TYPE||52A104||
6830|01/01/2023|54|52202500000SB|5.525|5.545|STRUCTURE_TYPE||52A105||
6831|01/01/2023|54|52202500000SB|6.936|6.94|STRUCTURE_TYPE||52A108||
6832|01/01/2023|54|5240034000000|0.008|0.014|STRUCTURE_TYPE||52A110||
6833|01/01/2023|54|5240020040000|2.7|2.706|STRUCTURE_TYPE||52A112||
6834|01/01/2023|54|5230002000000|5.422|5.428|STRUCTURE_TYPE||52A115||
6835|01/01/2023|54|5230007000000|33.49|33.498|STRUCTURE_TYPE||52A116||
6836|01/01/2023|54|5230007000000|17.405|17.411|STRUCTURE_TYPE||52A118||
6837|01/01/2023|54|5240007230000|0.831|0.849|STRUCTURE_TYPE||52A119||
6838|01/01/2023|54|5240048000000|0.006|0.038|STRUCTURE_TYPE||52A120||
6839|01/01/2023|54|5240008000000|8.12|8.142|STRUCTURE_TYPE||52A121||
6840|01/01/2023|54|5240089000000|0.995|1.009|STRUCTURE_TYPE||52A122||
6841|01/01/2023|54|5240015000000|2.155|2.165|STRUCTURE_TYPE||52A123||
6842|01/01/2023|54|5240007010000|0.001|0.011|STRUCTURE_TYPE||52A124||
6843|01/01/2023|54|5200515000000|0.004|0.02|STRUCTURE_TYPE||52A127||
6844|01/01/2023|54|5240069020000|0.005|0.015|STRUCTURE_TYPE||52A128||
6845|01/01/2023|54|5230007000000|18.775|18.787|STRUCTURE_TYPE||52A129||
6846|01/01/2023|54|5240048000000|0.803|0.811|STRUCTURE_TYPE||52A130||
6847|01/01/2023|54|5280902000000|0.007|0.017|STRUCTURE_TYPE||52A132||
6848|01/01/2023|54|5240019000000|4.556|4.564|STRUCTURE_TYPE||52A133||
6849|01/01/2023|54|5230020000000|16.808|16.842|STRUCTURE_TYPE||52A134||
6850|01/01/2023|54|5240064000000|2.069|2.085|STRUCTURE_TYPE||52A135||
6851|01/01/2023|54|5230020000000|16.071|16.115|STRUCTURE_TYPE||52A137||
6852|01/01/2023|54|5230007000000|33.536|33.552|STRUCTURE_TYPE||52A138||
6853|01/01/2023|54|5240250120000|0.039|0.049|STRUCTURE_TYPE||52A139||
6854|01/01/2023|54|5240082000000|0.023|0.053|STRUCTURE_TYPE||52A140||
6855|01/01/2023|54|52202500000SB|9.11|9.18|STRUCTURE_TYPE||52A141||
6856|01/01/2023|54|52202500000NB|8.641|8.677|STRUCTURE_TYPE||52A142||
6857|01/01/2023|54|5230020000000|11.239|11.253|STRUCTURE_TYPE||52A143||
6858|01/01/2023|54|52202500000SB|7.917|7.945|STRUCTURE_TYPE||52A144||
6859|01/01/2023|54|5240015000000|0.831|0.863|STRUCTURE_TYPE||52A145||
6860|01/01/2023|54|5230020000000|20.024|20.034|STRUCTURE_TYPE||52A146||
6861|01/01/2023|54|5240008040000|2.722|2.732|STRUCTURE_TYPE||52A147||
6862|01/01/2023|54|5240064000000|1.015|1.033|STRUCTURE_TYPE||52A148||
6863|01/01/2023|54|5240026000000|2.994|3.006|STRUCTURE_TYPE||52A149||
6864|01/01/2023|54|5240020140000|0.79|0.806|STRUCTURE_TYPE||52A150||
6865|01/01/2023|54|5240017000000|3.676|3.684|STRUCTURE_TYPE||52A152||
6866|01/01/2023|54|5240017000000|1.095|1.101|STRUCTURE_TYPE||52A153||
6867|01/01/2023|54|5240015000000|6.732|6.744|STRUCTURE_TYPE||52A155||
6868|01/01/2023|54|5230007000000|30.918|30.936|STRUCTURE_TYPE||52A156||
6869|01/01/2023|54|5240082000000|0.323|0.337|STRUCTURE_TYPE||52A157||
6870|01/01/2023|54|5240036000000|2.13|2.168|STRUCTURE_TYPE||52A158||
6871|01/01/2023|54|5240009000000|4.509|4.531|STRUCTURE_TYPE||52A159||
6872|01/01/2023|54|5240250090000|0.006|0.02|STRUCTURE_TYPE||52A160||
6873|01/01/2023|54|5240012000000|2.062|2.076|STRUCTURE_TYPE||52A161||
6874|01/01/2023|54|5240020050000|0.039|0.049|STRUCTURE_TYPE||52A162||
6875|01/01/2023|54|5230007000000|10.067|10.093|STRUCTURE_TYPE||52A163||
6876|01/01/2023|54|5230002000000|11.318|11.352|STRUCTURE_TYPE||52A164||
6877|01/01/2023|54|5240012000000|2.369|2.385|STRUCTURE_TYPE||52A165||
6878|01/01/2023|54|5240038000000|1.944|1.958|STRUCTURE_TYPE||52A167||
6879|01/01/2023|54|5200478000000|0.096|0.106|STRUCTURE_TYPE||52A902||
6880|01/01/2023|54|5200248000000|0.08|0.11|STRUCTURE_TYPE||52A905||
6881|01/01/2023|54|5275501001900|0.591|0.643|STRUCTURE_TYPE||52A998||
6882|01/01/2023|54|5340001060000|0.023|0.035|STRUCTURE_TYPE||53A001||
6883|01/01/2023|54|5340003040000|2.198|2.204|STRUCTURE_TYPE||53A005||
6884|01/01/2023|54|5340004000000|0.329|0.335|STRUCTURE_TYPE||53A007||
6885|01/01/2023|54|5340004020000|0.806|0.812|STRUCTURE_TYPE||53A008||
6886|01/01/2023|54|5330005000000|13.043|13.119|STRUCTURE_TYPE||53A010||
6887|01/01/2023|54|5340006000000|5.989|6.049|STRUCTURE_TYPE||53A011||
6888|01/01/2023|54|5340007000000|4.494|4.516|STRUCTURE_TYPE||53A012||
6889|01/01/2023|54|5340007000000|7.442|7.468|STRUCTURE_TYPE||53A013||
6890|01/01/2023|54|5340007000000|8.942|8.974|STRUCTURE_TYPE||53A014||
6891|01/01/2023|54|5340009000000|4.887|4.927|STRUCTURE_TYPE||53A015||
6892|01/01/2023|54|5340009060000|0.723|0.735|STRUCTURE_TYPE||53A016||
6893|01/01/2023|54|5330014000000|14.758|14.788|STRUCTURE_TYPE||53A021||
6894|01/01/2023|54|5330014000000|18.256|18.262|STRUCTURE_TYPE||53A022||
6895|01/01/2023|54|5340014150000|2.134|2.164|STRUCTURE_TYPE||53A023||
6896|01/01/2023|54|5340024000000|0.646|0.682|STRUCTURE_TYPE||53A026||
6897|01/01/2023|54|5340028000000|0.31|0.314|STRUCTURE_TYPE||53A027||
6898|01/01/2023|54|5340035020000|1.77|1.776|STRUCTURE_TYPE||53A032||
6899|01/01/2023|54|5340035090000|0.067|0.081|STRUCTURE_TYPE||53A033||
6900|01/01/2023|54|5340036000000|0.716|0.796|STRUCTURE_TYPE||53A034||
6901|01/01/2023|54|5340047040000|3.93|3.976|STRUCTURE_TYPE||53A037||
6902|01/01/2023|54|5340051000000|1.414|1.42|STRUCTURE_TYPE||53A038||
6903|01/01/2023|54|5340051000000|1.909|1.921|STRUCTURE_TYPE||53A039||
6904|01/01/2023|54|5330053000000|1.633|1.643|STRUCTURE_TYPE||53A041||
6905|01/01/2023|54|5330053000000|8.295|8.301|STRUCTURE_TYPE||53A042||
6906|01/01/2023|54|5340003020000|1.552|1.562|STRUCTURE_TYPE||53A045||
6907|01/01/2023|54|5340032000000|3.445|3.461|STRUCTURE_TYPE||53A053||
6908|01/01/2023|54|5340014210000|0.01|0.014|STRUCTURE_TYPE||53A054||
6909|01/01/2023|54|5340006010000|0.434|0.44|STRUCTURE_TYPE||53A056||
6910|01/01/2023|54|5340018050000|0.184|0.19|STRUCTURE_TYPE||53A057||
6911|01/01/2023|54|5340053030000|0.022|0.036|STRUCTURE_TYPE||53A058||
6912|01/01/2023|54|5330005000000|0.335|0.437|STRUCTURE_TYPE||53A059||
6913|01/01/2023|54|5340007050000|3.656|3.67|STRUCTURE_TYPE||53A060||
6914|01/01/2023|54|5340001000000|8.569|8.573|STRUCTURE_TYPE||53A061||
6915|01/01/2023|54|5330047000000|3.765|3.79|STRUCTURE_TYPE||53A062||
6916|01/01/2023|54|5330014000000|7.459|7.489|STRUCTURE_TYPE||53A063||
6917|01/01/2023|54|5340020080000|1.471|1.485|STRUCTURE_TYPE||53A064||
6918|01/01/2023|54|5340036010000|3.547|3.577|STRUCTURE_TYPE||53A065||
6919|01/01/2023|54|5330014000000|1.599|1.627|STRUCTURE_TYPE||53A066||
6920|01/01/2023|54|5330014000000|9.587|9.613|STRUCTURE_TYPE||53A067||
6921|01/01/2023|54|5340022000000|4.523|4.535|STRUCTURE_TYPE||53A068||
6922|01/01/2023|54|5340003000000|2.634|2.646|STRUCTURE_TYPE||53A069||
6923|01/01/2023|54|5340003000000|5.681|5.689|STRUCTURE_TYPE||53A070||
6924|01/01/2023|54|5440001000000|1.977|1.983|STRUCTURE_TYPE||54A001||
6925|01/01/2023|54|5430068000000|0.0|0.046|STRUCTURE_TYPE||54A002||
6926|01/01/2023|54|5440002010000|4.302|4.308|STRUCTURE_TYPE||54A007||
6927|01/01/2023|54|5440003030000|0.097|0.109|STRUCTURE_TYPE||54A010||
6928|01/01/2023|54|5440003030000|0.32|0.328|STRUCTURE_TYPE||54A011||
6929|01/01/2023|54|5440003160000|1.624|1.634|STRUCTURE_TYPE||54A013||
6930|01/01/2023|54|5440003230000|2.435|2.449|STRUCTURE_TYPE||54A015||
6931|01/01/2023|54|5440005000000|0.148|0.152|STRUCTURE_TYPE||54A016||
6932|01/01/2023|54|5440007000000|2.858|2.864|STRUCTURE_TYPE||54A017||
6933|01/01/2023|54|5440007000000|2.89|2.9|STRUCTURE_TYPE||54A018||
6934|01/01/2023|54|5440007000000|4.773|4.787|STRUCTURE_TYPE||54A020||
6935|01/01/2023|54|5440009030000|2.87|2.878|STRUCTURE_TYPE||54A022||
6936|01/01/2023|54|5440009120000|0.259|0.269|STRUCTURE_TYPE||54A023||
6937|01/01/2023|54|5440009230000|0.005|0.021|STRUCTURE_TYPE||54A024||
6938|01/01/2023|54|5440011020000|1.331|1.341|STRUCTURE_TYPE||54A026||
6939|01/01/2023|54|5440011050000|1.051|1.063|STRUCTURE_TYPE||54A027||
6940|01/01/2023|54|5440013000000|0.478|0.488|STRUCTURE_TYPE||54A028||
6941|01/01/2023|54|5440013000000|9.172|9.18|STRUCTURE_TYPE||54A029||
6942|01/01/2023|54|5440013000000|11.322|11.33|STRUCTURE_TYPE||54A030||
6943|01/01/2023|54|5440013030000|2.874|2.882|STRUCTURE_TYPE||54A032||
6944|01/01/2023|54|5440013060000|2.611|2.617|STRUCTURE_TYPE||54A033||
6945|01/01/2023|54|5440014490000|0.349|0.367|STRUCTURE_TYPE||54A035||
6946|01/01/2023|54|5430014000000|12.785|12.957|STRUCTURE_TYPE||54A037||
6947|01/01/2023|54|5430014000000|19.672|19.678|STRUCTURE_TYPE||54A038||
6948|01/01/2023|54|5430014000000|24.35|24.39|STRUCTURE_TYPE||54A039||
6949|01/01/2023|54|5440015000000|2.598|2.61|STRUCTURE_TYPE||54A043||
6950|01/01/2023|54|5440016040000|0.063|0.077|STRUCTURE_TYPE||54A044||
6951|01/01/2023|54|5440016050000|1.921|1.927|STRUCTURE_TYPE||54A045||
6952|01/01/2023|54|5440017000000|12.243|12.256|STRUCTURE_TYPE||54A047||
6953|01/01/2023|54|5440017010000|3.079|3.087|STRUCTURE_TYPE||54A048||
6954|01/01/2023|54|5440017040000|0.019|0.025|STRUCTURE_TYPE||54A049||
6955|01/01/2023|54|5440017050000|0.359|0.365|STRUCTURE_TYPE||54A050||
6956|01/01/2023|54|5440018000000|0.389|0.397|STRUCTURE_TYPE||54A051||
6957|01/01/2023|54|5440018090000|0.03|0.036|STRUCTURE_TYPE||54A052||
6958|01/01/2023|54|5440019030000|0.063|0.067|STRUCTURE_TYPE||54A054||
6959|01/01/2023|54|5440021000000|5.284|5.294|STRUCTURE_TYPE||54A058||
6960|01/01/2023|54|5440021000000|9.865|9.875|STRUCTURE_TYPE||54A059||
6961|01/01/2023|54|5440021220000|2.843|2.901|STRUCTURE_TYPE||54A061||
6962|01/01/2023|54|5440021240000|3.189|3.201|STRUCTURE_TYPE||54A062||
6963|01/01/2023|54|5440021290000|0.01|0.018|STRUCTURE_TYPE||54A063||
6964|01/01/2023|54|5440021290000|0.05|0.058|STRUCTURE_TYPE||54A064||
6965|01/01/2023|54|5440024000000|0.549|0.557|STRUCTURE_TYPE||54A065||
6966|01/01/2023|54|5440024000000|0.937|0.945|STRUCTURE_TYPE||54A066||
6967|01/01/2023|54|5440025000000|1.921|1.927|STRUCTURE_TYPE||54A068||
6968|01/01/2023|54|5440025000000|3.256|3.27|STRUCTURE_TYPE||54A069||
6969|01/01/2023|54|5440025000000|5.186|5.198|STRUCTURE_TYPE||54A070||
6970|01/01/2023|54|5440025080000|0.082|0.09|STRUCTURE_TYPE||54A072||
6971|01/01/2023|54|5440026000000|1.604|1.61|STRUCTURE_TYPE||54A073||
6972|01/01/2023|54|5440026000000|5.31|5.322|STRUCTURE_TYPE||54A074||
6973|01/01/2023|54|5440026020000|0.075|0.079|STRUCTURE_TYPE||54A075||
6974|01/01/2023|54|5440026020000|1.864|1.88|STRUCTURE_TYPE||54A076||
6975|01/01/2023|54|5440026040000|4.486|4.49|STRUCTURE_TYPE||54A078||
6976|01/01/2023|54|5440027000000|0.086|0.094|STRUCTURE_TYPE||54A079||
6977|01/01/2023|54|5440028020000|1.547|1.553|STRUCTURE_TYPE||54A081||
6978|01/01/2023|54|5440038000000|7.68|7.688|STRUCTURE_TYPE||54A087||
6979|01/01/2023|54|5440038000000|8.165|8.175|STRUCTURE_TYPE||54A088||
6980|01/01/2023|54|5440038050000|2.13|2.136|STRUCTURE_TYPE||54A089||
6981|01/01/2023|54|5440040050000|3.14|3.148|STRUCTURE_TYPE||54A090||
6982|01/01/2023|54|5440042000000|3.439|3.449|STRUCTURE_TYPE||54A092||
6983|01/01/2023|54|5430047000000|6.15|6.158|STRUCTURE_TYPE||54A097||
6984|01/01/2023|54|5430047000000|9.625|9.707|STRUCTURE_TYPE||54A098||
6985|01/01/2023|54|5440047010000|0.546|0.552|STRUCTURE_TYPE||54A099||
6986|01/01/2023|54|5440047170000|0.167|0.177|STRUCTURE_TYPE||54A100||
6987|01/01/2023|54|5440047200000|0.108|0.118|STRUCTURE_TYPE||54A102||
6988|01/01/2023|54|54306180000WB|0.0|0.384|STRUCTURE_TYPE||54A103||
6989|01/01/2023|54|5440050020000|2.075|2.087|STRUCTURE_TYPE||54A105||
6990|01/01/2023|54|5440050050000|1.312|1.32|STRUCTURE_TYPE||54A106||
6991|01/01/2023|54|5440050090000|0.08|0.086|STRUCTURE_TYPE||54A107||
6992|01/01/2023|54|5440050360000|1.874|1.88|STRUCTURE_TYPE||54A110||
6993|01/01/2023|54|54100770000NB|158.652|158.678|STRUCTURE_TYPE||54A111||
6994|01/01/2023|54|54100770000SB|158.651|158.681|STRUCTURE_TYPE||54A112||
6995|01/01/2023|54|54100770000NB|160.309|160.339|STRUCTURE_TYPE||54A113||
6996|01/01/2023|54|54100770000SB|160.316|160.346|STRUCTURE_TYPE||54A114||
6997|01/01/2023|54|54100770000NB|161.633|161.665|STRUCTURE_TYPE||54A115||
6998|01/01/2023|54|54100770000SB|161.644|161.676|STRUCTURE_TYPE||54A116||
6999|01/01/2023|54|54100770000NB|162.691|162.713|STRUCTURE_TYPE||54A117||
7000|01/01/2023|54|54100770000SB|162.69|162.712|STRUCTURE_TYPE||54A118||
7001|01/01/2023|54|54100770000NB|165.141|165.169|STRUCTURE_TYPE||54A121||
7002|01/01/2023|54|54100770000SB|165.14|165.164|STRUCTURE_TYPE||54A122||
7003|01/01/2023|54|54100770000NB|176.404|176.442|STRUCTURE_TYPE||54A133||
7004|01/01/2023|54|54100770000SB|176.404|176.442|STRUCTURE_TYPE||54A134||
7005|01/01/2023|54|54100770000NB|177.912|177.968|STRUCTURE_TYPE||54A135||
7006|01/01/2023|54|54100770000SB|177.912|177.97|STRUCTURE_TYPE||54A136||
7007|01/01/2023|54|54100770000NB|183.81|183.834|STRUCTURE_TYPE||54A137||
7008|01/01/2023|54|54100770000SB|183.81|183.834|STRUCTURE_TYPE||54A138||
7009|01/01/2023|54|54100770000NB|185.867|185.893|STRUCTURE_TYPE||54A139||
7010|01/01/2023|54|54100770000SB|185.865|185.891|STRUCTURE_TYPE||54A140||
7011|01/01/2023|54|54100770000NB|186.859|187.355|STRUCTURE_TYPE||54A141||
7012|01/01/2023|54|54300140000SB|15.54|15.544|STRUCTURE_TYPE||54A143||
7013|01/01/2023|54|54300140000SB|16.21|16.216|STRUCTURE_TYPE||54A144||
7014|01/01/2023|54|5440014160000|2.546|2.552|STRUCTURE_TYPE||54A145||
7015|01/01/2023|54|5430618000000|3.589|3.595|STRUCTURE_TYPE||54A150||
7016|01/01/2023|54|54200500000EB|16.349|16.355|STRUCTURE_TYPE||54A151||
7017|01/01/2023|54|54100770000NB|161.68|161.688|STRUCTURE_TYPE||54A152||
7018|01/01/2023|54|54100770017SB161NC|0.218|0.226|STRUCTURE_TYPE||54A153||
7019|01/01/2023|54|54100770000NB|164.599|164.611|STRUCTURE_TYPE||54A154||
7020|01/01/2023|54|54100770000NB|181.694|181.704|STRUCTURE_TYPE||54A155||
7021|01/01/2023|54|54100770000NB|183.011|183.023|STRUCTURE_TYPE||54A156||
7022|01/01/2023|54|5430095000000|1.921|1.927|STRUCTURE_TYPE||54A157||
7023|01/01/2023|54|5430095000000|2.264|2.276|STRUCTURE_TYPE||54A158||
7024|01/01/2023|54|5430031000000|19.004|19.476|STRUCTURE_TYPE||54A159||
7025|01/01/2023|54|5430068000000|16.629|16.699|STRUCTURE_TYPE||54A160||
7026|01/01/2023|54|54300680005SB|1.845|1.915|STRUCTURE_TYPE||54A163||
7027|01/01/2023|54|5440003010000|0.192|0.2|STRUCTURE_TYPE||54A164||
7028|01/01/2023|54|5430031000000|10.323|10.329|STRUCTURE_TYPE||54A170||
7029|01/01/2023|54|5440050370000|1.294|1.3|STRUCTURE_TYPE||54A171||
7030|01/01/2023|54|5430014000100|1.573|1.723|STRUCTURE_TYPE||54A172||
7031|01/01/2023|54|5440050100000|1.473|1.481|STRUCTURE_TYPE||54A173||
7032|01/01/2023|54|5440038000000|5.988|5.992|STRUCTURE_TYPE||54A174||
7033|01/01/2023|54|54100770000NB|168.354|168.39|STRUCTURE_TYPE||54A175||
7034|01/01/2023|54|54100770000SB|168.355|168.391|STRUCTURE_TYPE||54A176||
7035|01/01/2023|54|54100770000NB|169.425|169.469|STRUCTURE_TYPE||54A177||
7036|01/01/2023|54|54100770000SB|169.424|169.468|STRUCTURE_TYPE||54A178||
7037|01/01/2023|54|5440042000000|3.627|3.639|STRUCTURE_TYPE||54A179||
7038|01/01/2023|54|5440003130000|1.131|1.139|STRUCTURE_TYPE||54A180||
7039|01/01/2023|54|5440025000000|6.074|6.082|STRUCTURE_TYPE||54A182||
7040|01/01/2023|54|5440004080000|0.006|0.01|STRUCTURE_TYPE||54A183||
7041|01/01/2023|54|5440019000000|5.795|5.805|STRUCTURE_TYPE||54A184||
7042|01/01/2023|54|5440036000000|0.299|0.307|STRUCTURE_TYPE||54A185||
7043|01/01/2023|54|5440046040000|0.861|0.867|STRUCTURE_TYPE||54A186||
7044|01/01/2023|54|5440021000000|2.091|2.099|STRUCTURE_TYPE||54A187||
7045|01/01/2023|54|5440025030000|0.261|0.279|STRUCTURE_TYPE||54A188||
7046|01/01/2023|54|5430014000000|7.153|7.193|STRUCTURE_TYPE||54A189||
7047|01/01/2023|54|54300470000WB|0.578|0.628|STRUCTURE_TYPE||54A190||
7048|01/01/2023|54|54300680000SB|16.465|16.515|STRUCTURE_TYPE||54A191||
7049|01/01/2023|54|5440050440000|0.243|0.267|STRUCTURE_TYPE||54A192||
7050|01/01/2023|54|5430014000000|0.614|0.664|STRUCTURE_TYPE||54A193||
7051|01/01/2023|54|54200500000WB|0.0|0.624|STRUCTURE_TYPE||54A200||
7052|01/01/2023|54|54300680000SB|14.577|14.625|STRUCTURE_TYPE||54A201||
7053|01/01/2023|54|54200500000WB|3.628|3.652|STRUCTURE_TYPE||54A202||
7054|01/01/2023|54|5440009000000|0.966|1.008|STRUCTURE_TYPE||54A203||
7055|01/01/2023|54|5440009000000|1.19|1.238|STRUCTURE_TYPE||54A204||
7056|01/01/2023|54|5430068000000|16.48|16.629|STRUCTURE_TYPE||54A205||
7057|01/01/2023|54|54200500000EB|6.268|6.324|STRUCTURE_TYPE||54A206||
7058|01/01/2023|54|54200500000WB|6.266|6.322|STRUCTURE_TYPE||54A207||
7059|01/01/2023|54|54200500000EB|6.587|6.639|STRUCTURE_TYPE||54A208||
7060|01/01/2023|54|54200500000WB|6.555|6.607|STRUCTURE_TYPE||54A209||
7061|01/01/2023|54|54200500000EB|6.99|7.026|STRUCTURE_TYPE||54A210||
7062|01/01/2023|54|54200500000WB|6.989|7.025|STRUCTURE_TYPE||54A211||
7063|01/01/2023|54|54200500000EB|7.059|7.097|STRUCTURE_TYPE||54A212||
7064|01/01/2023|54|54200500000WB|7.059|7.097|STRUCTURE_TYPE||54A213||
7065|01/01/2023|54|54200500000EB|7.366|7.38|STRUCTURE_TYPE||54A214||
7066|01/01/2023|54|54200500000WB|7.374|7.388|STRUCTURE_TYPE||54A215||
7067|01/01/2023|54|54200500000EB|7.669|7.913|STRUCTURE_TYPE||54A216||
7068|01/01/2023|54|54200500000WB|7.647|7.891|STRUCTURE_TYPE||54A217||
7069|01/01/2023|54|54200500000EB|8.015|8.037|STRUCTURE_TYPE||54A233||
7070|01/01/2023|54|54200500000WB|8.015|8.037|STRUCTURE_TYPE||54A234||
7071|01/01/2023|54|54200500017EB0009B|0.231|0.289|STRUCTURE_TYPE||54A235||
7072|01/01/2023|54|54200500000EB|9.267|9.329|STRUCTURE_TYPE||54A236||
7073|01/01/2023|54|54200500000WB|9.246|9.308|STRUCTURE_TYPE||54A237||
7074|01/01/2023|54|54200500000EB|9.486|9.5|STRUCTURE_TYPE||54A238||
7075|01/01/2023|54|54200500000WB|9.487|9.501|STRUCTURE_TYPE||54A239||
7076|01/01/2023|54|5440034040000|0.292|0.338|STRUCTURE_TYPE||54A240||
7077|01/01/2023|54|5440011000000|0.937|0.987|STRUCTURE_TYPE||54A241||
7078|01/01/2023|54|5440047420000|0.052|0.058|STRUCTURE_TYPE||54A242||
7079|01/01/2023|54|5440026030000|0.053|0.067|STRUCTURE_TYPE||54A243||
7080|01/01/2023|54|5440032000000|0.386|0.398|STRUCTURE_TYPE||54A244||
7081|01/01/2023|54|54100770000NB|173.186|173.214|STRUCTURE_TYPE||54A245||
7082|01/01/2023|54|54100770000NB|173.682|173.808|STRUCTURE_TYPE||54A246||
7083|01/01/2023|54|54100770000NB|173.874|173.9|STRUCTURE_TYPE||54A247||
7084|01/01/2023|54|5430014000000|6.653|6.735|STRUCTURE_TYPE||54A248||
7085|01/01/2023|54|54100770000NB|164.684|164.724|STRUCTURE_TYPE||54A249||
7086|01/01/2023|54|54100770000SB|164.665|164.705|STRUCTURE_TYPE||54A250||
7087|01/01/2023|54|5430068000000|22.725|22.779|STRUCTURE_TYPE||54A251||
7088|01/01/2023|54|5440009160000|0.612|0.618|STRUCTURE_TYPE||54A252||
7089|01/01/2023|54|5440002220000|0.019|0.029|STRUCTURE_TYPE||54A253||
7090|01/01/2023|54|5430068000000|4.63|4.666|STRUCTURE_TYPE||54A254||
7091|01/01/2023|54|5440007000000|3.846|3.858|STRUCTURE_TYPE||54A255||
7092|01/01/2023|54|5440042000000|4.696|4.7|STRUCTURE_TYPE||54A256||
7093|01/01/2023|54|5440021210000|0.192|0.204|STRUCTURE_TYPE||54A257||
7094|01/01/2023|54|54100770000NB|169.14|169.146|STRUCTURE_TYPE||54A258||
7095|01/01/2023|54|5430068000000|9.722|9.748|STRUCTURE_TYPE||54A259||
7096|01/01/2023|54|5475760001900|0.026|0.036|STRUCTURE_TYPE||54A902||
7097|01/01/2023|54|5400243000000|0.435|0.439|STRUCTURE_TYPE||54A904||
7098|01/01/2023|54|5400149000000|0.312|0.316|STRUCTURE_TYPE||54A905||
7099|01/01/2023|54|5402000000000|0.028|0.036|STRUCTURE_TYPE||54A906||
7100|01/01/2023|54|5475798001900|0.0|0.41|STRUCTURE_TYPE||54A907||
7101|01/01/2023|54|5400189000000|0.349|0.357|STRUCTURE_TYPE||54A908||
7102|01/01/2023|54|5400247000000|0.517|0.527|STRUCTURE_TYPE||54A910||
7103|01/01/2023|54|5540001000000|11.616|11.62|STRUCTURE_TYPE||55A003||
7104|01/01/2023|54|5540001030000|0.457|0.473|STRUCTURE_TYPE||55A006||
7105|01/01/2023|54|5540002000000|0.03|0.038|STRUCTURE_TYPE||55A007||
7106|01/01/2023|54|5540002000000|5.152|5.158|STRUCTURE_TYPE||55A009||
7107|01/01/2023|54|5540005000000|0.029|0.039|STRUCTURE_TYPE||55A010||
7108|01/01/2023|54|5540006000000|7.89|7.906|STRUCTURE_TYPE||55A013||
7109|01/01/2023|54|5540006000000|6.365|6.389|STRUCTURE_TYPE||55A015||
7110|01/01/2023|54|5540008000000|0.291|0.301|STRUCTURE_TYPE||55A019||
7111|01/01/2023|54|5540008000000|1.239|1.253|STRUCTURE_TYPE||55A020||
7112|01/01/2023|54|5540008000000|2.002|2.012|STRUCTURE_TYPE||55A021||
7113|01/01/2023|54|5540008000000|3.294|3.302|STRUCTURE_TYPE||55A022||
7114|01/01/2023|54|5540008010000|0.002|0.014|STRUCTURE_TYPE||55A023||
7115|01/01/2023|54|5530097000000|8.806|8.856|STRUCTURE_TYPE||55A024||
7116|01/01/2023|54|5540006020000|0.464|0.584|STRUCTURE_TYPE||55A025||
7117|01/01/2023|54|5540009040000|6.66|6.676|STRUCTURE_TYPE||55A028||
7118|01/01/2023|54|5530010000000|12.113|12.319|STRUCTURE_TYPE||55A031||
7119|01/01/2023|54|5530010000000|24.139|24.151|STRUCTURE_TYPE||55A034||
7121|01/01/2023|54|5530010000000|42.984|43.006|STRUCTURE_TYPE||55A038||
7122|01/01/2023|54|5540010020000|0.007|0.015|STRUCTURE_TYPE||55A040||
7123|01/01/2023|54|5540010030000|1.872|1.882|STRUCTURE_TYPE||55A041||
7124|01/01/2023|54|5540010030000|2.634|2.65|STRUCTURE_TYPE||55A042||
7125|01/01/2023|54|5540010050000|0.005|0.013|STRUCTURE_TYPE||55A043||
7126|01/01/2023|54|5540010110000|0.003|0.009|STRUCTURE_TYPE||55A044||
7127|01/01/2023|54|5540010130000|1.516|1.524|STRUCTURE_TYPE||55A046||
7128|01/01/2023|54|5540010140000|0.331|0.337|STRUCTURE_TYPE||55A047||
7129|01/01/2023|54|5540010180000|0.014|0.03|STRUCTURE_TYPE||55A049||
7130|01/01/2023|54|5540010200000|1.293|1.299|STRUCTURE_TYPE||55A051||
7131|01/01/2023|54|5540010230000|0.003|0.017|STRUCTURE_TYPE||55A052||
7132|01/01/2023|54|5540012010000|1.297|1.303|STRUCTURE_TYPE||55A055||
7133|01/01/2023|54|5540012070000|0.016|0.032|STRUCTURE_TYPE||55A056||
7134|01/01/2023|54|5540014000000|6.965|7.007|STRUCTURE_TYPE||55A057||
7135|01/01/2023|54|5530016000000|4.306|4.312|STRUCTURE_TYPE||55A060||
7136|01/01/2023|54|5530016000000|6.363|6.371|STRUCTURE_TYPE||55A061||
7137|01/01/2023|54|5530016000000|6.846|6.852|STRUCTURE_TYPE||55A062||
7138|01/01/2023|54|5530016000000|7.059|7.069|STRUCTURE_TYPE||55A063||
7139|01/01/2023|54|5530016000000|7.189|7.193|STRUCTURE_TYPE||55A064||
7140|01/01/2023|54|5530016000000|11.033|11.053|STRUCTURE_TYPE||55A065||
7141|01/01/2023|54|5530016000000|11.481|11.517|STRUCTURE_TYPE||55A066||
7142|01/01/2023|54|5530016000000|24.766|24.792|STRUCTURE_TYPE||55A067||
7143|01/01/2023|54|5530016000000|26.692|26.716|STRUCTURE_TYPE||55A069||
7144|01/01/2023|54|5530016000000|28.964|28.996|STRUCTURE_TYPE||55A070||
7145|01/01/2023|54|5530016000000|31.027|31.055|STRUCTURE_TYPE||55A071||
7146|01/01/2023|54|5540016020000|20.792|20.798|STRUCTURE_TYPE||55A075||
7147|01/01/2023|54|5540018000000|7.424|7.43|STRUCTURE_TYPE||55A076||
7148|01/01/2023|54|5540052140000|0.0|0.013|STRUCTURE_TYPE||55A077||
7149|01/01/2023|54|55200520000EB|0.874|0.896|STRUCTURE_TYPE||55A079||
7150|01/01/2023|54|55200520000WB|4.789|4.811|STRUCTURE_TYPE||55A080||
7151|01/01/2023|54|55200520000EB|5.192|5.198|STRUCTURE_TYPE||55A081||
7152|01/01/2023|54|5540052010000|0.006|0.016|STRUCTURE_TYPE||55A082||
7153|01/01/2023|54|5540052020000|0.045|0.059|STRUCTURE_TYPE||55A083||
7154|01/01/2023|54|5530054000000|0.971|0.985|STRUCTURE_TYPE||55A084||
7155|01/01/2023|54|5530054000000|1.103|1.121|STRUCTURE_TYPE||55A085||
7156|01/01/2023|54|5530054000000|1.235|1.253|STRUCTURE_TYPE||55A086||
7157|01/01/2023|54|5530054000000|1.472|1.49|STRUCTURE_TYPE||55A087||
7158|01/01/2023|54|5530054000000|1.636|1.654|STRUCTURE_TYPE||55A088||
7159|01/01/2023|54|5530054000000|2.494|2.55|STRUCTURE_TYPE||55A089||
7160|01/01/2023|54|5530054000000|7.453|7.481|STRUCTURE_TYPE||55A090||
7161|01/01/2023|54|5530085000000|3.479|3.489|STRUCTURE_TYPE||55A096||
7162|01/01/2023|54|5530085000000|4.07|4.078|STRUCTURE_TYPE||55A097||
7163|01/01/2023|54|5530085000000|5.968|5.978|STRUCTURE_TYPE||55A098||
7164|01/01/2023|54|5530097000000|34.825|34.851|STRUCTURE_TYPE||55A102||
7165|01/01/2023|54|5540085040000|0.021|0.033|STRUCTURE_TYPE||55A105||
7166|01/01/2023|54|5540001060000|0.003|0.011|STRUCTURE_TYPE||55A106||
7167|01/01/2023|54|5540971020000|0.0|0.008|STRUCTURE_TYPE||55A107||
7168|01/01/2023|54|5530971000000|8.447|8.485|STRUCTURE_TYPE||55A108||
7169|01/01/2023|54|5540014000000|2.658|2.668|STRUCTURE_TYPE||55A109||
7170|01/01/2023|54|5540002000000|4.334|4.34|STRUCTURE_TYPE||55A111||
7171|01/01/2023|54|5540002010000|0.046|0.054|STRUCTURE_TYPE||55A112||
7172|01/01/2023|54|5540010280000|0.005|0.015|STRUCTURE_TYPE||55A113||
7173|01/01/2023|54|5540010290000|0.02|0.028|STRUCTURE_TYPE||55A114||
7174|01/01/2023|54|5540016140000|0.043|0.053|STRUCTURE_TYPE||55A117||
7175|01/01/2023|54|5540016170000|0.01|0.02|STRUCTURE_TYPE||55A118||
7176|01/01/2023|54|5530097000000|34.076|34.088|STRUCTURE_TYPE||55A120||
7177|01/01/2023|54|5540010330000|0.016|0.03|STRUCTURE_TYPE||55A125||
7178|01/01/2023|54|5540010420000|0.005|0.013|STRUCTURE_TYPE||55A126||
7179|01/01/2023|54|5540016150000|0.034|0.044|STRUCTURE_TYPE||55A127||
7180|01/01/2023|54|5540016240000|0.27|0.276|STRUCTURE_TYPE||55A129||
7181|01/01/2023|54|5540010600000|0.016|0.032|STRUCTURE_TYPE||55A133||
7182|01/01/2023|54|5540054110000|0.078|0.09|STRUCTURE_TYPE||55A135||
7183|01/01/2023|54|5540052050000|0.011|0.019|STRUCTURE_TYPE||55A136||
7184|01/01/2023|54|5540012010000|0.196|0.204|STRUCTURE_TYPE||55A137||
7185|01/01/2023|54|5540016210000|0.249|0.261|STRUCTURE_TYPE||55A139||
7186|01/01/2023|54|5540097050000|0.099|0.105|STRUCTURE_TYPE||55A165||
7187|01/01/2023|54|5530010000000|17.112|17.126|STRUCTURE_TYPE||55A166||
7188|01/01/2023|54|5540002040000|0.024|0.034|STRUCTURE_TYPE||55A167||
7189|01/01/2023|54|5540009040000|0.66|0.672|STRUCTURE_TYPE||55A170||
7190|01/01/2023|54|5540002030000|0.01|0.018|STRUCTURE_TYPE||55A171||
7191|01/01/2023|54|5540010370000|0.004|0.02|STRUCTURE_TYPE||55A172||
7192|01/01/2023|54|5540054040000|0.023|0.035|STRUCTURE_TYPE||55A173||
7193|01/01/2023|54|5540010130000|1.189|1.199|STRUCTURE_TYPE||55A174||
7194|01/01/2023|54|5530010000000|14.799|14.809|STRUCTURE_TYPE||55A175||
7195|01/01/2023|54|5540054040000|0.137|0.147|STRUCTURE_TYPE||55A176||
7196|01/01/2023|54|5540016020000|0.163|0.177|STRUCTURE_TYPE||55A177||
7197|01/01/2023|54|5540010950000|0.0|0.007|STRUCTURE_TYPE||55A179||
7198|01/01/2023|54|5500044000000|0.015|0.027|STRUCTURE_TYPE||55A180||
7199|01/01/2023|54|5540001190000|0.001|0.009|STRUCTURE_TYPE||55A181||
7200|01/01/2023|54|5540085030000|0.0|0.011|STRUCTURE_TYPE||55A185||
7201|01/01/2023|54|5540010980000|0.066|0.082|STRUCTURE_TYPE||55A186||
7202|01/01/2023|54|5540014000000|4.923|4.933|STRUCTURE_TYPE||55A187||
7203|01/01/2023|54|5540016400000|0.001|0.017|STRUCTURE_TYPE||55A188||
7204|01/01/2023|54|5540016240000|0.054|0.064|STRUCTURE_TYPE||55A190||
7205|01/01/2023|54|5500240000000|0.007|0.023|STRUCTURE_TYPE||55A191||
7206|01/01/2023|54|5540002000000|4.871|4.881|STRUCTURE_TYPE||55A192||
7207|01/01/2023|54|5540001000000|6.88|6.894|STRUCTURE_TYPE||55A193||
7208|01/01/2023|54|5540006000000|9.112|9.15|STRUCTURE_TYPE||55A194||
7209|01/01/2023|54|5540016390000|0.162|0.178|STRUCTURE_TYPE||55A195||
7210|01/01/2023|54|5540016390000|0.721|0.735|STRUCTURE_TYPE||55A196||
7211|01/01/2023|54|5530016000000|1.718|1.736|STRUCTURE_TYPE||55A197||
7212|01/01/2023|54|5540008000000|11.155|11.161|STRUCTURE_TYPE||55A198||
7213|01/01/2023|54|5540001000000|5.279|5.295|STRUCTURE_TYPE||55A199||
7214|01/01/2023|54|5530097000000|15.263|15.269|STRUCTURE_TYPE||55A205||
7215|01/01/2023|54|5530097000000|6.107|6.113|STRUCTURE_TYPE||55A206||
7216|01/01/2023|54|5530097000000|14.418|14.426|STRUCTURE_TYPE||55A207||
7217|01/01/2023|54|5530097000000|13.254|13.26|STRUCTURE_TYPE||55A208||
7218|01/01/2023|54|5540010960000|0.0|0.01|STRUCTURE_TYPE||55A210||
7219|01/01/2023|54|5540002020000|0.001|0.011|STRUCTURE_TYPE||55A211||
7220|01/01/2023|54|5530016000000|25.598|25.648|STRUCTURE_TYPE||55A212||
7221|01/01/2023|54|5540010450000|0.03|0.068|STRUCTURE_TYPE||55A213||
7222|01/01/2023|54|5540008050000|0.0|0.01|STRUCTURE_TYPE||55A214||
7223|01/01/2023|54|5540052070000|0.102|0.112|STRUCTURE_TYPE||55A215||
7224|01/01/2023|54|5500076000000|0.007|0.015|STRUCTURE_TYPE||55A216||
7225|01/01/2023|54|5540006000000|5.908|5.932|STRUCTURE_TYPE||55A217||
7226|01/01/2023|54|5540006000000|7.661|7.679|STRUCTURE_TYPE||55A218||
7227|01/01/2023|54|5540012150000|0.046|0.054|STRUCTURE_TYPE||55A219||
7228|01/01/2023|54|5540010140000|0.563|0.571|STRUCTURE_TYPE||55A220||
7229|01/01/2023|54|5540012140000|0.007|0.017|STRUCTURE_TYPE||55A221||
7230|01/01/2023|54|5580901440000|0.002|0.012|STRUCTURE_TYPE||55A224||
7231|01/01/2023|54|5580901460000|0.007|0.019|STRUCTURE_TYPE||55A225||
7232|01/01/2023|54|5580901520000|0.072|0.078|STRUCTURE_TYPE||55A226||
7233|01/01/2023|54|5580901610000|0.021|0.055|STRUCTURE_TYPE||55A228||
7234|01/01/2023|54|5580901620000|0.003|0.011|STRUCTURE_TYPE||55A229||
7235|01/01/2023|54|5580994000000|0.184|0.192|STRUCTURE_TYPE||55A231||
7236|01/01/2023|54|5580929000000|0.006|0.018|STRUCTURE_TYPE||55A232||
7237|01/01/2023|54|5580930000000|0.047|0.059|STRUCTURE_TYPE||55A233||
7238|01/01/2023|54|5501058000000|0.0|0.014|STRUCTURE_TYPE||55A234||
7239|01/01/2023|54|5580935000000|0.003|0.009|STRUCTURE_TYPE||55A235||
7240|01/01/2023|54|5580936000000|0.295|0.301|STRUCTURE_TYPE||55A236||
7241|01/01/2023|54|5580936000000|0.027|0.031|STRUCTURE_TYPE||55A237||
7242|01/01/2023|54|5580941000000|0.004|0.014|STRUCTURE_TYPE||55A238||
7243|01/01/2023|54|5580955000000|0.019|0.023|STRUCTURE_TYPE||55A239||
7244|01/01/2023|54|5580956000000|0.008|0.018|STRUCTURE_TYPE||55A240||
7245|01/01/2023|54|5530010000000|31.603|31.629|STRUCTURE_TYPE||55A241||
7246|01/01/2023|54|5580978000000|0.014|0.022|STRUCTURE_TYPE||55A242||
7247|01/01/2023|54|5580985000000|0.005|0.011|STRUCTURE_TYPE||55A243||
7248|01/01/2023|54|5580993000000|0.003|0.009|STRUCTURE_TYPE||55A244||
7249|01/01/2023|54|5530010000000|46.522|46.53|STRUCTURE_TYPE||55A246||
7250|01/01/2023|54|5530010000000|5.001|5.011|STRUCTURE_TYPE||55A247||
7251|01/01/2023|54|5540054010000|0.053|0.069|STRUCTURE_TYPE||55A248||
221|01/01/2023|54|0230051000000|4.576|4.615|STRUCTURE_TYPE||02A180||
222|01/01/2023|54|0230051000000|9.329|9.377|STRUCTURE_TYPE||02A181||
223|01/01/2023|54|02200110000NB|25.999|26.321|STRUCTURE_TYPE||02A182||
340|01/01/2023|54|0340010000000|7.141|7.157|STRUCTURE_TYPE||03A178||
362|01/01/2023|54|0330003000000|38.227|38.241|STRUCTURE_TYPE||03A201||
365|01/01/2023|54|0340085230000|0.006|0.018|STRUCTURE_TYPE||03A204||
371|01/01/2023|54|0330017000000|11.463|11.529|STRUCTURE_TYPE||03A210||
586|01/01/2023|54|0530002000000|5.445|5.797|STRUCTURE_TYPE||05A088||
788|01/01/2023|54|06100640000WB|14.557|14.587|STRUCTURE_TYPE||06A319||
789|01/01/2023|54|06100640000EB|17.409|17.641|STRUCTURE_TYPE||06A320||
790|01/01/2023|54|06100640000WB|18.054|18.1|STRUCTURE_TYPE||06A321||
791|01/01/2023|54|06100640000EB|18.486|18.504|STRUCTURE_TYPE||06A322||
792|01/01/2023|54|06100640000WB|19.253|19.315|STRUCTURE_TYPE||06A323||
793|01/01/2023|54|06100640000WB|19.728|19.752|STRUCTURE_TYPE||06A324||
794|01/01/2023|54|06100640000WB|20.224|20.29|STRUCTURE_TYPE||06A325||
949|01/01/2023|54|0830004000000|5.438|5.448|STRUCTURE_TYPE||08A135||
951|01/01/2023|54|0840046000000|0.017|0.073|STRUCTURE_TYPE||08A138||
952|01/01/2023|54|0840019000000|0.646|0.65|STRUCTURE_TYPE||08A139||
1052|01/01/2023|54|0940023030000|2.128|2.138|STRUCTURE_TYPE||09A138||
1053|01/01/2023|54|0900025000000|0.005|0.031|STRUCTURE_TYPE||09A902||
1255|01/01/2023|54|1040061050000|0.045|0.053|STRUCTURE_TYPE||10A308||
1272|01/01/2023|54|1040002020000|0.008|0.02|STRUCTURE_TYPE||10A325||
1273|01/01/2023|54|1040015000000|16.146|16.166|STRUCTURE_TYPE||10A326||
1687|01/01/2023|54|1330039000000|6.834|6.854|STRUCTURE_TYPE||13A279||
1689|01/01/2023|54|1340024010000|1.427|1.433|STRUCTURE_TYPE||13A281||
2132|01/01/2023|54|1740003000000|8.13|8.148|STRUCTURE_TYPE||17A287||
2206|01/01/2023|54|1740050590000|0.004|0.026|STRUCTURE_TYPE||17A363||
2207|01/01/2023|54|1730020000000|30.574|30.596|STRUCTURE_TYPE||17A364||
3007|01/01/2023|54|2040020000000|3.994|4.008|STRUCTURE_TYPE||20A887||
3008|01/01/2023|54|2040020000000|4.154|4.168|STRUCTURE_TYPE||20A888||
3009|01/01/2023|54|2040020000000|4.265|4.279|STRUCTURE_TYPE||20A889||
3010|01/01/2023|54|2040023000000|3.639|3.653|STRUCTURE_TYPE||20A890||
3013|01/01/2023|54|2040059000000|4.625|4.635|STRUCTURE_TYPE||20A893||
3015|01/01/2023|54|2040019000000|0.007|0.027|STRUCTURE_TYPE||20A896||
3016|01/01/2023|54|2040015000000|13.201|13.211|STRUCTURE_TYPE||20A898||
3044|01/01/2023|54|2040214132400|1.433|1.517|STRUCTURE_TYPE||20A952||
3045|01/01/2023|54|2040073050000|1.855|1.863|STRUCTURE_TYPE||20A953||
3046|01/01/2023|54|2040079030000|17.159|17.189|STRUCTURE_TYPE||20A954||
3511|01/01/2023|54|2340014000000|9.865|9.889|STRUCTURE_TYPE||23A308||
3813|01/01/2023|54|2480901210000|0.005|0.009|STRUCTURE_TYPE||24A383||
3814|01/01/2023|54|2440083210000|0.049|0.079|STRUCTURE_TYPE||24A384||
3815|01/01/2023|54|24200520000EB|27.661|27.669|STRUCTURE_TYPE||24A385||
3816|01/01/2023|54|2440012040000|1.465|1.477|STRUCTURE_TYPE||24A386||
3818|01/01/2023|54|2400362000000|0.001|0.009|STRUCTURE_TYPE||24A910||
4013|01/01/2023|54|25100790000SB|132.818|132.98|STRUCTURE_TYPE||25A279||
4014|01/01/2023|54|2540250030000|2.101|2.111|STRUCTURE_TYPE||25A280||
4015|01/01/2023|54|25200190000NB|1.609|1.623|STRUCTURE_TYPE||25A281||
4016|01/01/2023|54|2540007000000|4.032|4.05|STRUCTURE_TYPE||25A285||
4110|01/01/2023|54|2675256001900|0.097|0.103|STRUCTURE_TYPE||26A907||
4169|01/01/2023|54|2740009000000|9.049|9.063|STRUCTURE_TYPE||27A104||
4244|01/01/2023|54|2740035100000|5.423|5.443|STRUCTURE_TYPE||27A198||
4245|01/01/2023|54|2740045030000|2.324|2.336|STRUCTURE_TYPE||27A199||
4252|01/01/2023|54|2740016000000|0.281|0.297|STRUCTURE_TYPE||27A208||
4416|01/01/2023|54|28200520024EB|13.016|13.054|STRUCTURE_TYPE||28A313||
4427|01/01/2023|54|28200520024EB|12.145|12.365|STRUCTURE_TYPE||28A324||
4428|01/01/2023|54|28200520024EB|12.145|12.365|STRUCTURE_TYPE||28A325||
4445|01/01/2023|54|2840002000000|4.794|4.802|STRUCTURE_TYPE||28A342||
4916|01/01/2023|54|31100790000NB|143.784|143.798|STRUCTURE_TYPE||31A334||
4983|01/01/2023|54|3240015000000|9.345|9.351|STRUCTURE_TYPE||32A101||
5140|01/01/2023|54|3440026000000|3.246|3.25|STRUCTURE_TYPE||34A149||
5249|01/01/2023|54|35200400000WB|13.94|13.954|STRUCTURE_TYPE||35A151||
5250|01/01/2023|54|35100700000WB|12.706|12.726|STRUCTURE_TYPE||35A152||
5251|01/01/2023|54|35100700000EB|12.707|12.727|STRUCTURE_TYPE||35A153||
5373|01/01/2023|54|3640028030000|0.258|0.284|STRUCTURE_TYPE||36A174||
5492|01/01/2023|54|3840004010000|0.257|0.267|STRUCTURE_TYPE||38A148||
5675|01/01/2023|54|3940106000000|0.753|0.759|STRUCTURE_TYPE||39A253||
5807|01/01/2023|54|4040044000000|5.56|5.59|STRUCTURE_TYPE||40A183||
5808|01/01/2023|54|40100640017WB0044D|0.104|0.168|STRUCTURE_TYPE||40A184||
5809|01/01/2023|54|40100640017WB0044C|0.231|0.263|STRUCTURE_TYPE||40A185||
5813|01/01/2023|54|4001471000000|0.011|0.017|STRUCTURE_TYPE||40A905||
6034|01/01/2023|54|4140028060000|0.041|0.047|STRUCTURE_TYPE||41A335||
6035|01/01/2023|54|4140003020000|0.134|0.14|STRUCTURE_TYPE||41A336||
6036|01/01/2023|54|4140019080000|0.608|0.618|STRUCTURE_TYPE||41A337||
6219|01/01/2023|54|4230015000000|11.344|11.372|STRUCTURE_TYPE||42A264||
6479|01/01/2023|54|44200330000EB|12.749|12.787|STRUCTURE_TYPE||44A192||
6546|01/01/2023|54|4530020000000|15.65|15.67|STRUCTURE_TYPE||45A098||
6547|01/01/2023|54|4560847000000|0.365|0.393|STRUCTURE_TYPE||45A099||
6687|01/01/2023|54|4730072000000|20.588|20.612|STRUCTURE_TYPE||47A097||
6711|01/01/2023|54|4840038000000|0.828|0.832|STRUCTURE_TYPE||48A052||
6759|01/01/2023|54|4830023000000|7.451|7.461|STRUCTURE_TYPE||48A108||
6863|01/01/2023|54|4940032000000|12.825|12.857|STRUCTURE_TYPE||49A150||
6950|01/01/2023|54|5030075000000|0.195|0.205|STRUCTURE_TYPE||50A145||
7214|01/01/2023|54|5230007000000|11.237|11.257|STRUCTURE_TYPE||52A166||
7580|01/01/2023|54|5580901220000|0.003|0.009|STRUCTURE_TYPE||55A223||
7608|01/01/2023|54|5530010000000|36.521|36.537|STRUCTURE_TYPE||55A254||
