RouteID,BMP,EMP,base_type_4_ValueNumeric,base_type_5_ValueNumeric,base_type_6_ValueNumeric
5530097000000,21.56,22.26,3,3.000,3.0
5530097000000,22.83,22.9,3,3.000,3.0
5530097000000,22.9,23,3,3.000,3.0
5530097000000,23,23.1,3,3.000,3.0
5530097000000,23.1,23.2,3,3.000,3.0
5530097000000,28.09,28.1,3,3.000,3.0
5530097000000,28.1,28.2,3,3.000,3.0
5530097000000,28.2,28.3,3,3.000,3.0
5530097000000,28.3,28.4,3,3.000,3.0
5530097000000,28.4,28.5,3,3.000,3.0
5530097000000,28.5,28.6,3,3.000,3.0
5530097000000,28.6,28.7,3,3.000,3.0
5530097000000,28.7,28.8,3,3.000,3.0
5530097000000,28.8,28.9,3,3.000,3.0
5530097000000,28.9,29,3,3.000,3.0
5530097000000,29,29.1,3,3.000,3.0
5530097000000,29.1,29.2,3,3.000,3.0
5530097000000,29.2,29.3,3,3.000,3.0
5530097000000,29.3,29.4,3,3.000,3.0
5530097000000,29.4,29.5,3,3.000,3.0
5530097000000,29.5,29.6,3,3.000,3.0
5530097000000,29.6,29.7,3,3.000,3.0
5530097000000,29.7,29.8,3,3.000,3.0
5530097000000,29.8,29.9,3,3.000,3.0
5530097000000,29.9,30,3,3.000,3.0
5530097000000,30,30.1,3,3.000,3.0
5530097000000,30.1,30.2,3,3.000,3.0
5530097000000,30.2,30.3,3,3.000,3.0
5530097000000,30.3,30.4,3,3.000,3.0
5530097000000,30.4,30.5,3,3.000,3.0
5530097000000,30.5,30.6,3,3.000,3.0
5530097000000,30.6,30.7,3,3.000,3.0
5530097000000,30.7,30.8,3,3.000,3.0
5530097000000,30.8,30.9,3,3.000,3.0
5530097000000,30.9,31,3,3.000,3.0
5530097000000,31,31.1,3,3.000,3.0
5530097000000,31.1,31.2,3,3.000,3.0
5530097000000,31.2,31.3,3,3.000,3.0
5530097000000,31.3,31.4,3,3.000,3.0
5530097000000,31.4,31.5,3,3.000,3.0
5530097000000,31.5,31.6,3,3.000,3.0
5530097000000,31.6,31.7,3,3.000,3.0
5530097000000,31.7,31.8,3,3.000,3.0
5530097000000,31.8,31.9,3,3.000,3.0
5530097000000,31.9,32,3,3.000,3.0
5530097000000,32,32.1,3,3.000,3.0
5530097000000,32.1,32.2,3,3.000,3.0
5530097000000,32.2,32.3,3,3.000,3.0
5530097000000,32.3,32.4,3,3.000,3.0
5530097000000,32.4,32.5,3,3.000,3.0
5530097000000,32.5,32.512,3,3.000,3.0
5530097000000,32.512,32.6,3,3.000,3.0
5530097000000,32.6,32.7,3,3.000,3.0
5530097000000,32.7,32.8,3,3.000,3.0
5530097000000,32.8,32.88,3,3.000,3.0
3140061010000,0,0.37,1,1.000,1.0
3140061010000,0.41,0.52,1,1.000,1.0
1340045010000,0,0.539,2,,
0230051000000,4.54,4.58,,7.000,7.0
0230051000000,4.58,4.62,,7.000,7.0
0230051000000,4.62,5.18,,7.000,7.0
3140059020000,0,0.44,2,2.000,2.0
2640012000000,0.24,0.28,2,,
4140001000000,1.95,3.4,3,3.000,3.0
4140001000000,3.4,4.14,3,3.000,3.0
3140067000000,6.22,7.97,2,2.000,2.0
3140067000000,7.97,8.36,2,2.000,2.0
3140067000000,8.36,8.55,2,2.000,2.0
5440014160000,0.18,0.86,5,5.000,5.0
5440014160000,0.86,1.23,5,5.000,5.0
5440014160000,2.89,3.83,5,5.000,5.0
1040005000000,0.06,0.37,2,5.000,5.0
1040005000000,0.37,0.4,2,5.000,5.0
1040005000000,0.4,0.6,2,5.000,5.0
1040005000000,0.6,0.62,2,5.000,5.0
4830002000000,2.84,4.64,,,5.0
2540054000000,0,0.183,2,2.000,2.0
3140069050000,0,1.77,1,1.000,1.0
3140069050000,1.77,2.02,1,1.000,1.0
3140069050000,2.02,2.1,1,1.000,1.0
1840021000000,19.64,20.96,5,5.000,5.0
1840021000000,28.32,29.88,5,5.000,5.0
2040114010000,0,1.07,,,3.0
3140069060000,0,0.32,2,2.000,2.0
3140069060000,0.32,0.38,2,2.000,2.0
2540072040000,0,0.13,2,2.000,2.0
55200520000EB,0,0.1,3,3.000,3.0
55200520000EB,0.1,0.2,3,3.000,3.0
55200520000EB,0.2,0.3,3,3.000,3.0
55200520000EB,0.3,0.4,3,3.000,3.0
55200520000EB,0.4,0.5,3,3.000,3.0
55200520000EB,0.5,0.6,3,3.000,3.0
55200520000EB,0.6,0.7,3,3.000,3.0
55200520000EB,0.7,0.8,3,3.000,3.0
55200520000EB,0.8,0.9,3,3.000,3.0
55200520000EB,0.9,1,3,3.000,3.0
55200520000EB,1,1.1,3,3.000,3.0
55200520000EB,1.1,1.2,3,3.000,3.0
55200520000EB,1.2,1.3,3,3.000,3.0
55200520000EB,1.3,1.4,3,3.000,3.0
55200520000EB,4.78,4.8,3,3.000,3.0
55200520000EB,4.8,4.9,3,3.000,3.0
55200520000EB,4.9,5,3,3.000,3.0
55200520000EB,5,5.1,3,3.000,3.0
55200520000EB,5.1,5.2,3,3.000,3.0
55200520000EB,5.2,5.3,3,3.000,3.0
55200520000EB,5.3,5.4,3,3.000,3.0
55200520000EB,5.4,5.5,3,3.000,3.0
55200520000EB,5.5,5.6,3,3.000,3.0
55200520000EB,5.6,5.7,3,3.000,3.0
55200520000EB,5.7,5.8,3,3.000,3.0
55200520000EB,5.8,5.9,3,3.000,3.0
55200520000EB,5.9,6,3,3.000,3.0
55200520000EB,6,6.1,3,3.000,3.0
55200520000EB,6.1,6.2,3,3.000,3.0
55200520000EB,6.2,6.3,3,3.000,3.0
55200520000EB,6.3,6.4,3,3.000,3.0
55200520000EB,6.4,6.5,3,3.000,3.0
55200520000EB,6.5,6.6,3,3.000,3.0
55200520000EB,6.6,6.7,3,3.000,3.0
55200520000EB,6.7,6.8,3,3.000,3.0
55200520000EB,6.8,6.9,3,3.000,3.0
55200520000EB,6.9,7,3,3.000,3.0
55200520000EB,7,7.1,3,3.000,3.0
55200520000EB,7.1,7.2,3,3.000,3.0
55200520000EB,7.2,7.3,3,3.000,3.0
55200520000EB,7.3,7.4,3,3.000,3.0
55200520000EB,7.4,7.5,3,3.000,3.0
55200520000EB,7.5,7.6,3,3.000,3.0
55200520000EB,7.6,7.65,3,3.000,3.0
55200520000EB,7.65,7.7,3,3.000,3.0
55200520000EB,7.7,7.8,3,3.000,3.0
55200520000EB,7.8,7.9,3,3.000,3.0
55200520000EB,7.9,8,3,3.000,3.0
55200520000EB,8,8.1,3,3.000,3.0
55200520000EB,8.1,8.2,3,3.000,3.0
55200520000EB,8.2,8.3,3,3.000,3.0
55200520000EB,8.3,8.34,3,3.000,3.0
25100790000NB,130.53,132.8,2,2.000,2.0
25100790000NB,132.8,133,2,2.000,2.0
25100790000NB,133,133.37,2,2.000,2.0
25100790000NB,133.37,134.97,6,6.000,6.0
25100790000NB,136.64,139.1,2,2.000,2.0
25100790000NB,139.1,139.82,2,2.000,2.0
25100790000NB,139.82,140.352,2,2.000,2.0
2530310000000,7.16,7.808,2,2.000,2.0
2530310000000,8.35,8.45,2,2.000,2.0
0330003000000,8.17,11.14,2,2.000,2.0
1740023090000,6.77,7.36,2,2.000,2.0
21200330000EB,16,16.1,3,3.000,3.0
21200330000EB,16.1,16.2,3,3.000,3.0
21200330000EB,16.2,16.23,3,3.000,3.0
21200330000EB,17.59,17.6,3,3.000,3.0
21200330000EB,17.6,17.7,3,3.000,3.0
21200330000EB,17.7,17.8,3,3.000,3.0
21200330000EB,17.8,17.9,3,3.000,3.0
21200330000EB,17.9,17.96,3,3.000,3.0
21200330000EB,17.96,17.967,,3.000,3.0
21200330000EB,19.84,19.9,3,3.000,3.0
21200330000EB,19.9,20,3,3.000,3.0
21200330000EB,20,20.1,3,3.000,3.0
21200330000EB,20.1,20.19,3,3.000,3.0
21200330000EB,20.19,20.2,3,3.000,3.0
21200330000EB,20.2,20.3,3,3.000,3.0
21200330000EB,20.3,20.4,3,3.000,3.0
21200330000EB,20.4,20.5,3,3.000,3.0
21200330000EB,20.5,20.6,3,3.000,3.0
21200330000EB,20.6,20.7,3,3.000,3.0
21200330000EB,20.7,20.8,3,3.000,3.0
21200330000EB,20.8,20.9,3,3.000,3.0
21200330000EB,20.9,21,3,3.000,3.0
21200330000EB,21,21.03,3,3.000,3.0
21200330000EB,21.25,21.3,3,3.000,3.0
21200330000EB,21.3,21.4,3,3.000,3.0
21200330000EB,21.4,21.5,3,3.000,3.0
21200330000EB,21.5,21.6,3,3.000,3.0
21200330000EB,21.6,21.7,3,3.000,3.0
21200330000EB,21.7,21.8,3,3.000,3.0
21200330000EB,21.8,21.9,3,3.000,3.0
21200330000EB,21.9,22,3,3.000,3.0
21200330000EB,22,22.1,3,3.000,3.0
21200330000EB,22.1,22.2,3,3.000,3.0
21200330000EB,22.2,22.25,3,3.000,3.0
21200330000EB,22.25,22.3,3,3.000,3.0
21200330000EB,22.3,22.4,3,3.000,3.0
21200330000EB,22.4,22.5,3,3.000,3.0
21200330000EB,22.5,22.6,3,3.000,3.0
21200330000EB,22.6,22.7,3,3.000,3.0
21200330000EB,22.7,22.8,3,3.000,3.0
21200330000EB,22.8,22.84,3,3.000,3.0
4140003180000,2.77,3.51,3,3.000,3.0
28200520000EB,0,0.1,3,3.000,3.0
28200520000EB,0.1,0.2,3,3.000,3.0
28200520000EB,0.2,0.3,3,3.000,3.0
28200520000EB,0.3,0.4,3,3.000,3.0
28200520000EB,0.4,0.5,3,3.000,3.0
28200520000EB,0.5,0.58,3,3.000,3.0
28200520000EB,4.12,4.2,3,3.000,3.0
28200520000EB,4.2,4.3,3,3.000,3.0
28200520000EB,4.3,4.4,3,3.000,3.0
28200520000EB,4.4,4.5,3,3.000,3.0
28200520000EB,4.5,4.6,3,3.000,3.0
28200520000EB,4.6,4.7,3,3.000,3.0
28200520000EB,4.7,4.8,3,3.000,3.0
28200520000EB,4.8,4.9,3,3.000,3.0
28200520000EB,4.9,5,3,3.000,3.0
28200520000EB,5,5.1,3,3.000,3.0
28200520000EB,5.1,5.2,3,3.000,3.0
28200520000EB,6.96,7,3,3.000,3.0
28200520000EB,7,7.1,3,3.000,3.0
28200520000EB,7.1,7.2,3,3.000,3.0
28200520000EB,7.2,7.3,3,3.000,3.0
28200520000EB,7.3,7.4,3,3.000,3.0
28200520000EB,7.4,7.5,3,3.000,3.0
28200520000EB,7.5,7.6,3,3.000,3.0
28200520000EB,7.6,7.7,3,3.000,3.0
28200520000EB,7.7,7.76,3,3.000,3.0
28200520000EB,12.97,13,3,3.000,3.0
28200520000EB,13,13.1,3,3.000,3.0
28200520000EB,13.1,13.2,3,3.000,3.0
28200520000EB,13.2,13.3,3,3.000,3.0
28200520000EB,13.3,13.39,3,3.000,3.0
28200520000EB,13.44,13.5,3,3.000,3.0
28200520000EB,13.5,13.6,3,3.000,3.0
28200520000EB,13.6,13.67,3,3.000,3.0
28200520000EB,14.91,15,3,3.000,3.0
28200520000EB,15,15.1,3,3.000,3.0
28200520000EB,15.1,15.2,3,3.000,3.0
28200520000EB,15.2,15.3,3,3.000,3.0
28200520000EB,15.3,15.37,3,3.000,3.0
10200190000NB,0,0.1,2,6.000,5.0
10200190000NB,0.1,0.2,2,6.000,5.0
10200190000NB,0.2,0.3,2,6.000,5.0
10200190000NB,0.3,0.4,2,6.000,5.0
10200190000NB,0.4,0.5,2,6.000,5.0
10200190000NB,0.5,0.6,2,6.000,5.0
10200190000NB,0.6,0.7,2,6.000,5.0
10200190000NB,0.7,0.8,2,6.000,5.0
10200190000NB,0.8,0.9,2,6.000,5.0
10200190000NB,0.9,1,2,6.000,5.0
10200190000NB,1,1.02,2,6.000,5.0
10200190000NB,2.85,2.9,2,6.000,6.0
10200190000NB,2.9,3,2,6.000,6.0
10200190000NB,3,3.1,2,6.000,6.0
10200190000NB,3.1,3.2,2,6.000,6.0
10200190000NB,3.2,3.3,2,6.000,6.0
10200190000NB,3.3,3.4,2,6.000,6.0
10200190000NB,3.4,3.5,2,6.000,6.0
10200190000NB,3.5,3.6,2,6.000,6.0
10200190000NB,3.6,3.7,2,6.000,6.0
10200190000NB,3.7,3.8,2,6.000,6.0
10200190000NB,3.8,3.82,2,6.000,6.0
10200190000NB,3.89,3.9,2,6.000,5.0
10200190000NB,3.9,4,2,6.000,5.0
10200190000NB,4,4.1,2,6.000,5.0
10200190000NB,4.1,4.2,2,6.000,5.0
10200190000NB,4.2,4.3,2,6.000,5.0
10200190000NB,4.3,4.4,2,6.000,5.0
10200190000NB,4.4,4.5,2,6.000,5.0
10200190000NB,4.5,4.6,2,6.000,5.0
10200190000NB,4.6,4.7,2,6.000,5.0
10200190000NB,4.7,4.8,2,6.000,5.0
10200190000NB,4.8,4.9,2,6.000,5.0
10200190000NB,4.9,5,2,6.000,5.0
10200190000NB,5,5.1,2,6.000,5.0
10200190000NB,5.1,5.2,2,6.000,5.0
10200190000NB,5.2,5.3,2,6.000,5.0
10200190000NB,5.3,5.4,2,6.000,5.0
10200190000NB,5.4,5.5,2,6.000,5.0
10200190000NB,5.5,5.6,2,6.000,5.0
10200190000NB,5.6,5.7,2,6.000,5.0
10200190000NB,5.7,5.8,2,6.000,5.0
10200190000NB,5.8,5.9,2,6.000,5.0
10200190000NB,5.9,6,2,6.000,5.0
10200190000NB,6,6.1,2,6.000,5.0
10200190000NB,6.1,6.16,2,6.000,5.0
10200190000NB,6.16,6.2,2,6.000,5.0
10200190000NB,6.2,6.3,2,6.000,5.0
10200190000NB,6.3,6.4,2,6.000,5.0
10200190000NB,6.4,6.5,2,6.000,5.0
10200190000NB,6.5,6.6,2,6.000,5.0
10200190000NB,6.6,6.66,2,6.000,5.0
10200190000NB,6.66,6.7,2,6.000,5.0
10200190000NB,6.7,6.8,2,6.000,5.0
10200190000NB,6.8,6.9,2,6.000,5.0
10200190000NB,6.9,7,2,6.000,5.0
10200190000NB,7,7.1,2,6.000,5.0
10200190000NB,7.1,7.2,2,6.000,5.0
10200190000NB,7.2,7.3,2,6.000,5.0
10200190000NB,7.3,7.4,2,6.000,5.0
10200190000NB,7.4,7.5,2,6.000,5.0
10200190000NB,7.5,7.6,2,6.000,5.0
10200190000NB,7.6,7.7,2,6.000,5.0
10200190000NB,7.7,7.8,2,6.000,5.0
10200190000NB,7.8,7.9,2,6.000,5.0
10200190000NB,7.9,8,2,6.000,5.0
10200190000NB,8,8.1,2,6.000,5.0
10200190000NB,8.1,8.2,2,6.000,5.0
10200190000NB,8.2,8.23,2,6.000,5.0
10200190000NB,14.64,14.7,2,6.000,5.0
10200190000NB,14.7,14.8,2,6.000,5.0
10200190000NB,14.8,14.9,2,6.000,5.0
10200190000NB,14.9,15,2,6.000,5.0
10200190000NB,15,15.1,2,6.000,5.0
10200190000NB,15.1,15.2,2,6.000,5.0
10200190000NB,15.2,15.3,2,6.000,5.0
10200190000NB,15.3,15.4,2,6.000,5.0
10200190000NB,15.4,15.5,2,6.000,5.0
10200190000NB,15.5,15.6,2,6.000,5.0
10200190000NB,15.6,15.627,2,6.000,5.0
1530008000000,0.23,0.41,2,,
1530008000000,7.09,7.12,2,,
36200330000EB,5.49,5.5,5,5.000,5.0
36200330000EB,5.5,5.6,5,5.000,5.0
36200330000EB,5.6,5.7,5,5.000,5.0
36200330000EB,5.7,5.8,5,5.000,5.0
36200330000EB,5.8,5.9,5,5.000,5.0
36200330000EB,5.9,5.92,5,5.000,5.0
2540250550000,0.045,0.29,2,2.000,2.0
1040061280000,0,0.59,2,,
4530107000000,0.29,0.76,2,,5.0
1040012000000,0.18,1.9,2,,
1040012000000,1.9,3.28,2,,5.0
42200330000EB,7.76,7.9,2,,7.0
42200330000EB,7.9,8.05,2,,2.0
42200330000EB,8.05,8.63,,,5.0
42200330000EB,8.63,8.64,,,5.0
42200330000EB,8.64,9.5,,,5.0
42200330000EB,9.5,9.6,5,5.000,5.0
42200330000EB,9.6,9.7,5,5.000,5.0
42200330000EB,9.7,9.74,5,5.000,5.0
42200330000EB,10.26,10.3,5,5.000,5.0
42200330000EB,10.3,10.4,5,5.000,5.0
42200330000EB,10.4,10.41,5,5.000,5.0
42200330000EB,10.41,10.5,5,5.000,5.0
42200330000EB,10.5,10.6,5,5.000,5.0
42200330000EB,10.6,10.7,5,5.000,5.0
42200330000EB,10.7,10.8,5,5.000,5.0
42200330000EB,10.8,10.89,5,5.000,5.0
42200330000EB,10.89,10.9,5,5.000,5.0
42200330000EB,10.9,10.99,5,5.000,5.0
15200300000EB,0.53,0.61,,,8.0
15200300000EB,1.543,2.38,,,5.0
21200190000NB,22.37,22.4,5,5.000,5.0
21200190000NB,22.4,22.5,5,5.000,5.0
21200190000NB,22.5,22.58,5,5.000,5.0
21200190000NB,22.72,22.8,5,5.000,5.0
21200190000NB,22.8,22.9,5,5.000,5.0
21200190000NB,22.9,23,5,5.000,5.0
21200190000NB,23,23.1,5,5.000,5.0
21200190000NB,23.1,23.2,5,5.000,5.0
21200190000NB,23.2,23.3,5,5.000,5.0
21200190000NB,23.3,23.4,5,5.000,5.0
21200190000NB,23.4,23.48,5,5.000,5.0
4840056000000,0,1.12,2,,
5240004000000,3.44,3.54,2,,
4840030010000,2.23,2.46,2,,
1740011000000,4.7,5.24,2,2.000,2.0
13200600000EB,16.48,16.5,2,2.000,2.0
13200600000EB,16.5,16.6,2,2.000,2.0
13200600000EB,16.6,16.7,2,2.000,2.0
13200600000EB,16.7,16.8,2,2.000,2.0
13200600000EB,16.8,16.9,2,2.000,2.0
13200600000EB,16.9,17,2,2.000,2.0
13200600000EB,17,17.1,2,2.000,2.0
13200600000EB,17.1,17.2,2,2.000,2.0
13200600000EB,17.2,17.3,2,2.000,2.0
13200600000EB,17.3,17.4,2,2.000,2.0
13200600000EB,17.4,17.43,2,2.000,2.0
13200600000EB,28.53,28.6,2,6.000,5.0
13200600000EB,28.6,28.7,2,6.000,5.0
13200600000EB,28.7,28.8,2,6.000,5.0
13200600000EB,28.8,28.9,2,6.000,5.0
13200600000EB,28.9,29,2,6.000,5.0
13200600000EB,29,29.1,2,6.000,5.0
13200600000EB,29.1,29.2,2,6.000,5.0
13200600000EB,29.2,29.3,2,6.000,5.0
13200600000EB,29.3,29.4,2,6.000,5.0
13200600000EB,29.4,29.5,2,6.000,5.0
13200600000EB,29.5,29.6,2,6.000,5.0
13200600000EB,29.6,29.61,2,6.000,5.0
13200600000EB,35.19,35.2,2,2.000,2.0
13200600000EB,35.2,35.3,2,2.000,2.0
13200600000EB,35.3,35.4,2,2.000,2.0
13200600000EB,35.4,35.5,2,2.000,2.0
13200600000EB,35.5,35.6,2,2.000,2.0
13200600000EB,35.6,35.7,2,2.000,2.0
13200600000EB,35.7,35.8,2,2.000,2.0
13200600000EB,35.8,35.9,2,2.000,2.0
13200600000EB,35.9,36,2,2.000,2.0
13200600000EB,36,36.1,2,2.000,2.0
13200600000EB,36.1,36.2,2,2.000,2.0
13200600000EB,36.2,36.3,2,2.000,2.0
13200600000EB,36.3,36.4,2,2.000,2.0
13200600000EB,36.4,36.5,2,2.000,2.0
13200600000EB,36.5,36.6,2,2.000,2.0
13200600000EB,36.6,36.7,2,2.000,2.0
13200600000EB,36.7,36.8,2,2.000,2.0
13200600000EB,36.8,36.9,2,2.000,2.0
13200600000EB,36.9,37,2,2.000,2.0
13200600000EB,37,37.1,2,2.000,2.0
13200600000EB,37.1,37.2,2,2.000,2.0
13200600000EB,37.2,37.3,2,2.000,2.0
13200600000EB,37.3,37.4,2,2.000,2.0
13200600000EB,37.4,37.5,2,2.000,2.0
13200600000EB,37.5,37.6,2,2.000,2.0
13200600000EB,37.6,37.65,2,2.000,2.0
3630028000000,24.07,24.33,5,5.000,5.0
3630028000000,24.33,25.57,5,5.000,5.0
1130005000000,10.83,12.51,3,3.000,3.0
1130005000000,14.58,14.89,3,3.000,3.0
42202190000NB,0,0.1,5,5.000,5.0
42202190000NB,0.1,0.2,5,5.000,5.0
42202190000NB,0.2,0.3,5,5.000,5.0
42202190000NB,0.3,0.4,5,5.000,5.0
42202190000NB,0.4,0.5,5,5.000,5.0
42202190000NB,0.5,0.6,5,5.000,5.0
42202190000NB,0.6,0.7,5,5.000,5.0
42202190000NB,0.7,0.8,5,5.000,5.0
42202190000NB,0.8,0.9,5,5.000,5.0
42202190000NB,0.9,1,5,5.000,5.0
42202190000NB,1,1.1,5,5.000,5.0
42202190000NB,1.1,1.2,5,5.000,5.0
42202190000NB,1.2,1.3,5,5.000,5.0
42202190000NB,1.3,1.4,5,5.000,5.0
42202190000NB,1.4,1.5,5,5.000,5.0
42202190000NB,1.5,1.6,5,5.000,5.0
42202190000NB,1.6,1.7,5,5.000,5.0
42202190000NB,1.7,1.8,5,5.000,5.0
42202190000NB,1.8,1.9,5,5.000,5.0
42202190000NB,1.9,2,5,5.000,5.0
42202190000NB,2,2.1,5,5.000,5.0
42202190000NB,2.1,2.2,5,5.000,5.0
42202190000NB,2.2,2.3,5,5.000,5.0
42202190000NB,2.3,2.4,5,5.000,5.0
42202190000NB,2.4,2.5,5,5.000,5.0
42202190000NB,2.5,2.6,5,5.000,5.0
42202190000NB,2.6,2.7,5,5.000,5.0
42202190000NB,2.7,2.8,5,5.000,5.0
42202190000NB,2.8,2.9,5,5.000,5.0
42202190000NB,2.9,3,5,5.000,5.0
42202190000NB,3,3.1,5,5.000,5.0
42202190000NB,3.1,3.16,5,5.000,5.0
42202190000NB,3.16,3.2,5,5.000,5.0
42202190000NB,3.2,3.24,5,5.000,5.0
42202190000NB,8.55,8.6,5,5.000,5.0
42202190000NB,8.6,8.7,5,5.000,5.0
42202190000NB,8.7,8.74,5,5.000,5.0
42202190000NB,8.74,8.8,5,5.000,5.0
42202190000NB,8.8,8.9,5,5.000,5.0
42202190000NB,8.9,9,5,5.000,5.0
42202190000NB,9,9.1,5,5.000,5.0
42202190000NB,9.1,9.2,5,5.000,5.0
42202190000NB,9.2,9.3,5,5.000,5.0
42202190000NB,9.3,9.4,5,5.000,5.0
42202190000NB,9.4,9.45,5,5.000,5.0
42202190000NB,9.45,9.5,5,5.000,5.0
42202190000NB,9.5,9.6,5,5.000,5.0
42202190000NB,9.6,9.66,5,5.000,5.0
42202190000NB,9.66,9.68,5,5.000,5.0
42202190000NB,12.59,13.12,,,5.0
42202190000NB,13.12,15.03,,,5.0
42202190000NB,15.03,15.89,,,5.0
42202190000NB,15.89,15.9,5,5.000,5.0
42202190000NB,15.9,16,5,5.000,5.0
42202190000NB,16,16.1,5,5.000,5.0
42202190000NB,16.1,16.2,5,5.000,5.0
42202190000NB,16.2,16.3,5,5.000,5.0
42202190000NB,16.3,16.4,5,5.000,5.0
42202190000NB,16.4,16.5,5,5.000,5.0
42202190000NB,16.5,16.6,5,5.000,5.0
42202190000NB,16.6,16.7,5,5.000,5.0
42202190000NB,16.7,16.8,5,5.000,5.0
42202190000NB,16.8,16.9,5,5.000,5.0
42202190000NB,16.9,17,5,5.000,5.0
42202190000NB,17,17.1,5,5.000,5.0
42202190000NB,17.1,17.2,5,5.000,5.0
42202190000NB,17.2,17.29,5,5.000,5.0
42202190000NB,17.29,17.4,5,,5.0
42202190000NB,17.4,17.5,5,5.000,5.0
42202190000NB,17.5,17.6,5,5.000,5.0
42202190000NB,17.6,17.7,5,5.000,5.0
42202190000NB,17.7,17.8,5,5.000,5.0
42202190000NB,17.8,17.9,5,5.000,5.0
42202190000NB,17.9,18,5,5.000,5.0
42202190000NB,18,18.1,5,5.000,5.0
42202190000NB,18.1,18.2,5,5.000,5.0
42202190000NB,18.2,18.3,5,5.000,5.0
42202190000NB,18.3,18.4,5,5.000,5.0
42202190000NB,18.4,18.5,5,5.000,5.0
42202190000NB,18.5,18.6,5,5.000,5.0
42202190000NB,18.6,18.7,5,5.000,5.0
42202190000NB,18.7,18.8,5,5.000,5.0
42202190000NB,18.8,18.9,5,5.000,5.0
42202190000NB,18.9,19,5,5.000,5.0
42202190000NB,19,19.1,5,5.000,5.0
42202190000NB,19.1,19.15,5,5.000,5.0
42202190000NB,19.15,19.2,5,5.000,5.0
42202190000NB,19.2,19.3,5,5.000,5.0
42202190000NB,19.3,19.4,5,5.000,5.0
42202190000NB,19.4,19.5,5,5.000,5.0
42202190000NB,19.5,19.51,5,5.000,5.0
42202190000NB,19.51,19.6,5,5.000,5.0
42202190000NB,19.6,19.7,5,5.000,5.0
42202190000NB,19.7,19.8,5,5.000,5.0
42202190000NB,19.8,19.9,5,5.000,5.0
42202190000NB,19.9,20,5,5.000,5.0
42202190000NB,20,20.1,5,5.000,5.0
42202190000NB,20.1,21.44,5,,5.0
42202190000NB,21.48,21.5,5,5.000,5.0
42202190000NB,21.5,21.6,5,5.000,5.0
42202190000NB,21.6,21.64,5,5.000,5.0
42202190000NB,21.64,21.67,5,5.000,5.0
42202190000NB,27.85,27.9,5,5.000,5.0
42202190000NB,27.9,28,5,5.000,5.0
42202190000NB,28,28.1,5,5.000,5.0
42202190000NB,28.1,28.2,5,5.000,5.0
42202190000NB,28.2,28.3,5,5.000,5.0
42202190000NB,28.3,28.4,5,5.000,5.0
42202190000NB,28.4,28.5,5,5.000,5.0
42202190000NB,28.5,28.6,5,5.000,5.0
42202190000NB,28.6,28.7,5,5.000,5.0
42202190000NB,28.7,28.8,5,5.000,5.0
42202190000NB,28.8,28.9,5,5.000,5.0
42202190000NB,28.9,29,5,5.000,5.0
42202190000NB,29,29.1,5,5.000,5.0
42202190000NB,29.1,29.2,5,5.000,5.0
42202190000NB,29.2,29.3,5,5.000,5.0
42202190000NB,29.3,29.4,5,5.000,5.0
42202190000NB,29.4,29.5,5,5.000,5.0
42202190000NB,29.5,29.6,5,5.000,5.0
42202190000NB,29.6,29.7,5,5.000,5.0
42202190000NB,29.7,29.8,5,5.000,5.0
42202190000NB,29.8,29.9,5,5.000,5.0
42202190000NB,29.9,30,5,5.000,5.0
42202190000NB,30,30.1,5,5.000,5.0
42202190000NB,30.1,30.16,5,5.000,5.0
42202190000NB,36.33,37.54,,,5.0
42202190000NB,37.54,37.87,,,5.0
42202190000NB,42.36,42.373,,,2.0
0580960000000,0,0.11,2,,
28200520018EB,0,0.02,3,3.000,
2540250180000,0.08,0.85,1,1.000,1.0
3540023060000,0,0.76,2,,
3540003000000,0,2.55,2,,
1740019290000,0,0.57,1,1.000,1.0
19203400005SB,0,0.1,2,2.000,2.0
19203400005SB,0.1,0.17,2,2.000,2.0
19203400005SB,0.17,0.2,2,2.000,2.0
19203400005SB,0.2,0.23,2,2.000,2.0
19203400005SB,0.23,0.3,2,2.000,2.0
19203400005SB,0.3,0.37,2,2.000,2.0
19203400005SB,0.371,0.4,2,2.000,2.0
19203400005SB,0.4,0.5,2,2.000,2.0
19203400005SB,0.5,0.6,2,2.000,2.0
2030622000000,1.96,2.13,,3.000,3.0
2030622000000,2.72,3.79,5,5.000,5.0
54100770000NB,156.99,158.69,5,,5.0
54100770000NB,160.38,161.66,5,,5.0
54100770000NB,161.66,162.73,5,,
54100770000NB,162.73,165.16,3,,3.0
54100770000NB,165.16,168.205,3,,3.0
54100770000NB,168.37,172.29,5,,5.0
54100770000NB,173.94,176.46,5,,
5230020000000,3.42,3.45,2,,
5230020000000,24.04,26.53,2,,
12200480000EB,0,0.1,,7.000,7.0
12200480000EB,0.1,0.2,,7.000,7.0
12200480000EB,0.2,0.3,,7.000,7.0
12200480000EB,0.3,0.4,,7.000,7.0
12200480000EB,0.4,0.5,,7.000,7.0
12200480000EB,0.5,0.6,,7.000,7.0
12200480000EB,0.6,0.7,,7.000,7.0
12200480000EB,0.7,0.8,,7.000,7.0
12200480000EB,0.8,0.9,,7.000,7.0
12200480000EB,0.9,1,,7.000,7.0
12200480000EB,1,1.1,,7.000,7.0
12200480000EB,1.1,1.2,,7.000,7.0
12200480000EB,1.2,1.3,,7.000,7.0
12200480000EB,1.3,1.4,,7.000,7.0
12200480000EB,1.4,1.5,,7.000,7.0
12200480000EB,1.5,1.6,,7.000,7.0
12200480000EB,1.6,1.7,,7.000,7.0
12200480000EB,1.7,1.8,,7.000,7.0
12200480000EB,1.8,1.9,,7.000,7.0
12200480000EB,1.9,2,,7.000,7.0
12200480000EB,2,2.1,,7.000,7.0
12200480000EB,2.1,2.2,,7.000,7.0
12200480000EB,2.2,2.3,,7.000,7.0
12200480000EB,2.3,2.4,,7.000,7.0
12200480000EB,2.4,2.5,,7.000,7.0
12200480000EB,2.5,2.6,,7.000,7.0
12200480000EB,2.6,2.7,,7.000,7.0
12200480000EB,2.7,2.8,,7.000,7.0
12200480000EB,2.8,2.9,,7.000,7.0
12200480000EB,2.9,3,,7.000,7.0
12200480000EB,3,3.1,,7.000,7.0
12200480000EB,3.1,3.2,,7.000,7.0
12200480000EB,3.2,3.3,,7.000,7.0
12200480000EB,3.3,3.4,,7.000,7.0
12200480000EB,3.4,3.5,,7.000,7.0
12200480000EB,3.5,3.6,,7.000,7.0
12200480000EB,3.6,3.7,,7.000,7.0
12200480000EB,3.7,3.8,,7.000,7.0
12200480000EB,3.8,3.9,,7.000,7.0
12200480000EB,3.9,4,,7.000,7.0
12200480000EB,4,4.1,,7.000,7.0
12200480000EB,4.1,4.2,,7.000,7.0
12200480000EB,4.2,4.3,,7.000,7.0
12200480000EB,4.3,4.4,,7.000,7.0
12200480000EB,4.4,4.5,,7.000,7.0
12200480000EB,4.5,4.6,,7.000,7.0
12200480000EB,4.6,4.7,,7.000,7.0
12200480000EB,4.7,4.8,,7.000,7.0
12200480000EB,4.8,4.9,,7.000,7.0
12200480000EB,4.9,5,,7.000,7.0
12200480000EB,5,5.1,,7.000,7.0
12200480000EB,5.1,5.2,,7.000,7.0
12200480000EB,5.2,5.3,,7.000,7.0
12200480000EB,5.3,5.4,,7.000,7.0
12200480000EB,5.4,5.5,,7.000,7.0
12200480000EB,5.5,5.6,,7.000,7.0
12200480000EB,5.6,5.7,,7.000,7.0
12200480000EB,5.7,5.8,,7.000,7.0
12200480000EB,5.8,5.82,,7.000,7.0
4140018000000,2.99,3,3,3.000,3.0
4140018000000,3,3.51,3,3.000,3.0
4140018000000,3.51,4.41,3,3.000,3.0
4240011000000,2.48,2.491,5,5.000,2.0
0830016000000,19.19,20.35,,,3.0
0130038000000,0.43,2.43,3,3.000,3.0
0130038000000,5.53,6.31,3,3.000,3.0
0540001050000,1.31,2.34,2,,
4130054000000,2.48,2.5,3,3.000,3.0
4130054000000,2.5,2.6,3,3.000,3.0
4130054000000,2.6,2.7,3,3.000,3.0
4130054000000,2.7,2.8,3,3.000,3.0
4130054000000,2.8,2.9,3,3.000,3.0
4130054000000,2.9,3,3,3.000,3.0
4130054000000,3,3.1,3,3.000,3.0
4130054000000,3.1,3.2,3,3.000,3.0
4130054000000,3.2,3.3,3,3.000,3.0
4130054000000,3.3,3.4,3,3.000,3.0
4130054000000,3.4,3.5,3,3.000,3.0
4130054000000,3.5,3.6,3,3.000,3.0
4130054000000,3.6,3.7,3,3.000,3.0
4130054000000,3.7,3.8,3,3.000,3.0
4130054000000,3.8,3.9,3,3.000,3.0
4130054000000,3.9,4,3,3.000,3.0
4130054000000,4,4.1,3,3.000,3.0
4130054000000,4.1,4.2,3,3.000,3.0
4130054000000,4.2,4.3,3,3.000,3.0
4130054000000,4.3,4.4,3,3.000,3.0
4130054000000,4.4,4.5,3,3.000,3.0
4130054000000,4.5,4.6,3,3.000,3.0
4130054000000,4.6,4.7,3,3.000,3.0
4130054000000,4.7,4.8,3,3.000,3.0
4130054000000,4.8,4.86,3,3.000,3.0
4130054000000,4.86,4.9,3,3.000,3.0
4130054000000,4.9,5,3,3.000,3.0
4130054000000,5,5.1,3,3.000,3.0
4130054000000,5.1,5.2,3,3.000,3.0
4130054000000,5.2,5.3,3,3.000,3.0
4130054000000,5.3,5.4,3,3.000,3.0
4130054000000,5.4,5.5,3,3.000,3.0
4130054000000,5.5,5.6,3,3.000,3.0
4130054000000,5.6,5.7,3,3.000,3.0
4130054000000,5.7,5.72,3,3.000,3.0
4130054000000,6.35,6.4,3,3.000,3.0
4130054000000,6.4,6.5,3,3.000,3.0
4130054000000,6.5,6.54,3,3.000,3.0
4130054000000,6.54,6.6,3,3.000,3.0
4130054000000,6.6,6.7,3,3.000,3.0
4130054000000,6.7,6.8,3,3.000,3.0
4130054000000,6.8,6.9,3,3.000,3.0
4130054000000,6.9,7,3,3.000,3.0
4130054000000,7,7.1,3,3.000,3.0
4130054000000,7.1,7.2,3,3.000,3.0
4130054000000,7.2,7.3,3,3.000,3.0
4130054000000,7.3,7.4,3,3.000,3.0
4130054000000,7.4,7.41,3,3.000,3.0
4130054000000,7.41,7.5,3,3.000,3.0
4130054000000,7.5,7.6,3,3.000,3.0
4130054000000,7.6,7.7,3,3.000,3.0
4130054000000,7.7,7.8,3,3.000,3.0
4130054000000,7.8,7.9,3,3.000,3.0
4130054000000,7.9,8,3,3.000,3.0
4130054000000,8,8.1,3,3.000,3.0
4130054000000,8.1,8.2,3,3.000,3.0
4130054000000,8.2,8.3,3,3.000,3.0
4130054000000,8.3,8.4,3,3.000,3.0
4130054000000,8.4,8.5,3,3.000,3.0
4130054000000,8.5,8.6,3,3.000,3.0
4130054000000,8.6,8.7,3,3.000,3.0
4130054000000,8.7,8.8,3,3.000,3.0
4130054000000,8.8,8.84,3,3.000,3.0
4130054000000,10.14,10.2,3,3.000,3.0
4130054000000,10.2,10.3,3,3.000,3.0
4130054000000,10.3,10.33,3,3.000,3.0
1230093000000,9.71,9.8,2,2.000,2.0
1230093000000,9.8,9.9,2,2.000,2.0
1230093000000,9.9,10,2,2.000,2.0
1230093000000,10,10.1,2,2.000,2.0
1230093000000,10.1,10.2,2,2.000,2.0
1230093000000,10.2,10.3,2,2.000,2.0
1230093000000,10.3,10.4,2,2.000,2.0
1230093000000,10.4,10.5,2,2.000,2.0
1230093000000,10.5,10.6,2,2.000,2.0
1230093000000,10.6,10.7,2,2.000,2.0
1230093000000,10.7,10.8,2,2.000,2.0
1230093000000,10.8,10.9,2,2.000,2.0
1230093000000,10.9,11,2,2.000,2.0
1230093000000,11,11.1,2,2.000,2.0
1230093000000,11.1,11.2,2,2.000,2.0
1230093000000,11.2,11.3,2,2.000,2.0
1230093000000,11.3,11.4,2,2.000,2.0
1230093000000,11.4,11.5,2,2.000,2.0
1230093000000,11.5,11.6,2,2.000,2.0
1230093000000,11.6,11.7,2,2.000,2.0
1230093000000,11.7,11.8,2,2.000,2.0
1230093000000,11.8,11.9,2,2.000,2.0
1230093000000,11.9,12,2,2.000,2.0
1230093000000,12,12.1,2,2.000,2.0
1230093000000,12.1,12.2,2,2.000,2.0
1230093000000,12.2,12.3,2,2.000,2.0
1230093000000,12.3,12.4,2,2.000,2.0
1230093000000,12.4,12.5,2,2.000,2.0
1230093000000,12.5,12.6,2,2.000,2.0
1230093000000,12.6,12.7,2,2.000,2.0
1230093000000,12.7,12.8,2,2.000,2.0
1230093000000,12.8,12.9,2,2.000,2.0
1230093000000,12.9,13,2,2.000,2.0
1230093000000,13,13.1,2,2.000,2.0
1230093000000,13.1,13.2,2,2.000,2.0
1230093000000,13.2,13.3,2,2.000,2.0
1230093000000,13.3,13.4,2,2.000,2.0
1230093000000,13.4,13.45,2,2.000,2.0
13202190000NB,2.57,2.6,2,2.000,5.0
13202190000NB,2.6,2.7,2,2.000,5.0
13202190000NB,2.7,2.8,2,2.000,5.0
13202190000NB,2.8,2.9,2,2.000,5.0
13202190000NB,2.9,3,2,2.000,5.0
13202190000NB,3,3.1,2,2.000,5.0
13202190000NB,3.1,3.2,2,2.000,5.0
13202190000NB,3.2,3.3,2,2.000,5.0
13202190000NB,3.3,3.4,2,2.000,5.0
13202190000NB,3.4,3.5,2,2.000,5.0
13202190000NB,3.5,3.6,2,2.000,5.0
13202190000NB,3.6,3.7,2,2.000,5.0
13202190000NB,3.7,3.8,2,2.000,5.0
13202190000NB,3.8,3.9,2,2.000,5.0
13202190000NB,3.9,4,2,2.000,5.0
13202190000NB,4,4.1,2,2.000,5.0
13202190000NB,4.1,4.2,2,2.000,5.0
13202190000NB,4.2,4.3,2,2.000,5.0
13202190000NB,4.3,4.4,2,2.000,5.0
13202190000NB,4.4,4.5,2,2.000,5.0
13202190000NB,4.5,4.6,2,2.000,5.0
13202190000NB,4.6,4.7,2,2.000,5.0
13202190000NB,4.7,4.79,2,2.000,5.0
13202190000NB,5.364,5.37,,,5.0
13202190000NB,5.37,5.4,2,2.000,5.0
13202190000NB,5.4,5.5,2,2.000,5.0
13202190000NB,5.5,5.6,2,2.000,5.0
13202190000NB,5.6,5.69,2,2.000,5.0
13202190000NB,5.69,5.7,2,2.000,5.0
13202190000NB,5.7,5.8,2,2.000,5.0
13202190000NB,5.8,5.9,2,2.000,5.0
13202190000NB,5.9,6,2,2.000,5.0
13202190000NB,6,6.03,2,2.000,5.0
13202190000NB,6.03,6.04,2,2.000,5.0
13202190000NB,6.04,6.1,2,2.000,5.0
13202190000NB,6.1,6.2,2,2.000,5.0
13202190000NB,6.2,6.3,2,2.000,5.0
13202190000NB,6.3,6.39,2,2.000,5.0
13202190000NB,6.39,6.4,2,2.000,5.0
13202190000NB,6.4,6.5,2,2.000,5.0
13202190000NB,6.5,6.52,2,2.000,5.0
13202190000NB,6.52,6.6,2,2.000,5.0
13202190000NB,6.6,6.69,2,2.000,5.0
13202190000NB,6.69,6.7,2,2.000,5.0
13202190000NB,6.7,6.8,2,2.000,5.0
13202190000NB,6.8,6.9,2,2.000,5.0
13202190000NB,6.9,7,2,2.000,5.0
13202190000NB,7,7.1,2,2.000,5.0
13202190000NB,7.1,7.11,2,2.000,5.0
13202190000NB,7.43,7.5,2,2.000,5.0
13202190000NB,7.5,7.6,2,2.000,5.0
13202190000NB,7.6,7.7,2,2.000,5.0
13202190000NB,7.7,7.8,2,2.000,5.0
13202190000NB,7.8,7.9,2,2.000,5.0
13202190000NB,7.9,8,2,2.000,5.0
13202190000NB,8,8.1,2,2.000,5.0
13202190000NB,8.1,8.2,2,2.000,5.0
13202190000NB,8.2,8.3,2,2.000,5.0
13202190000NB,8.3,8.4,2,2.000,5.0
13202190000NB,8.4,8.5,2,2.000,5.0
13202190000NB,8.5,8.59,2,2.000,5.0
13202190000NB,8.59,8.6,2,2.000,5.0
13202190000NB,8.6,8.7,2,2.000,5.0
13202190000NB,8.7,8.8,2,2.000,5.0
13202190000NB,8.8,8.9,2,2.000,5.0
13202190000NB,8.9,9,2,2.000,5.0
13202190000NB,9,9.06,2,2.000,5.0
13202190000NB,9.06,9.1,2,2.000,5.0
13202190000NB,9.1,9.2,2,2.000,5.0
13202190000NB,9.2,9.3,2,2.000,5.0
13202190000NB,9.3,9.4,2,2.000,5.0
13202190000NB,9.4,9.5,2,2.000,5.0
13202190000NB,9.5,9.6,2,2.000,5.0
13202190000NB,9.6,9.7,2,2.000,5.0
13202190000NB,9.7,9.8,2,2.000,5.0
13202190000NB,9.8,9.87,2,2.000,5.0
13202190000NB,9.87,9.9,2,2.000,2.0
13202190000NB,10.01,10.1,2,2.000,5.0
13202190000NB,10.1,10.2,2,2.000,5.0
13202190000NB,10.2,10.3,2,2.000,5.0
13202190000NB,10.3,10.4,2,2.000,5.0
13202190000NB,10.4,10.48,2,2.000,5.0
13202190000NB,10.48,10.5,2,2.000,5.0
13202190000NB,10.5,10.6,2,2.000,5.0
13202190000NB,10.6,10.7,2,2.000,5.0
13202190000NB,10.7,10.8,2,2.000,5.0
13202190000NB,10.8,10.85,2,2.000,5.0
13202190000NB,10.85,10.9,2,2.000,2.0
13202190000NB,10.9,11,2,2.000,2.0
13202190000NB,11,11.06,2,2.000,2.0
13202190000NB,11.06,11.1,2,2.000,2.0
13202190000NB,11.1,11.12,2,2.000,2.0
13202190000NB,11.12,11.2,2,2.000,2.0
13202190000NB,11.2,11.26,2,2.000,2.0
13202190000NB,13.99,14.154,,,5.0
13202190000NB,14.154,14.16,,2.000,5.0
13202190000NB,14.16,14.2,2,2.000,5.0
13202190000NB,14.2,14.3,2,2.000,5.0
13202190000NB,14.3,14.34,2,2.000,5.0
13202190000NB,14.34,14.4,2,2.000,5.0
13202190000NB,14.4,14.45,2,2.000,5.0
13202190000NB,15.74,15.8,2,2.000,5.0
13202190000NB,15.8,15.9,2,2.000,5.0
13202190000NB,15.9,16,2,2.000,5.0
13202190000NB,16,16.1,2,2.000,5.0
13202190000NB,16.1,16.2,2,2.000,5.0
13202190000NB,16.2,16.3,2,2.000,5.0
13202190000NB,16.3,16.37,2,2.000,5.0
13202190000NB,21.34,21.4,2,2.000,5.0
13202190000NB,21.4,21.5,2,2.000,5.0
13202190000NB,21.5,21.6,2,2.000,5.0
13202190000NB,21.6,21.7,2,2.000,5.0
13202190000NB,21.7,21.8,2,2.000,5.0
13202190000NB,21.8,21.86,2,2.000,5.0
13202190000NB,25.9,26,2,2.000,5.0
13202190000NB,26,26.1,2,2.000,5.0
13202190000NB,26.1,26.2,2,2.000,5.0
13202190000NB,26.2,26.3,2,2.000,5.0
13202190000NB,26.3,26.4,2,2.000,5.0
13202190000NB,26.4,26.5,2,2.000,5.0
13202190000NB,26.5,26.6,2,2.000,5.0
13202190000NB,26.6,26.7,2,2.000,5.0
13202190000NB,26.7,26.76,2,2.000,5.0
13202190000NB,26.76,26.8,2,2.000,5.0
13202190000NB,26.8,26.9,2,2.000,5.0
13202190000NB,26.9,26.97,2,2.000,5.0
13202190000NB,26.97,27,2,2.000,5.0
13202190000NB,27,27.1,2,2.000,5.0
13202190000NB,27.1,27.2,2,2.000,5.0
13202190000NB,27.2,27.3,2,2.000,5.0
13202190000NB,27.3,27.33,2,2.000,5.0
13202190000NB,27.33,27.4,2,2.000,2.0
13202190000NB,27.4,27.5,2,2.000,2.0
13202190000NB,27.5,27.6,2,2.000,2.0
13202190000NB,27.6,27.7,2,2.000,2.0
13202190000NB,27.7,27.8,2,2.000,2.0
13202190000NB,27.8,27.9,2,2.000,2.0
13202190000NB,27.9,28,2,2.000,2.0
13202190000NB,28,28.1,2,2.000,2.0
13202190000NB,28.1,28.2,2,2.000,2.0
13202190000NB,28.2,28.3,2,2.000,2.0
13202190000NB,28.3,28.4,2,2.000,2.0
13202190000NB,28.4,28.5,2,2.000,2.0
13202190000NB,28.5,28.6,2,2.000,2.0
13202190000NB,28.6,28.7,2,2.000,2.0
13202190000NB,28.7,28.8,2,2.000,2.0
13202190000NB,28.8,28.9,2,2.000,2.0
13202190000NB,28.9,29,2,2.000,2.0
13202190000NB,29,29.1,2,2.000,2.0
13202190000NB,29.1,29.2,2,2.000,2.0
13202190000NB,29.2,29.3,2,2.000,2.0
13202190000NB,29.3,29.4,2,2.000,2.0
13202190000NB,29.4,29.5,2,2.000,2.0
13202190000NB,29.5,29.6,2,2.000,2.0
13202190000NB,29.6,29.7,2,2.000,2.0
13202190000NB,29.7,29.72,2,2.000,2.0
13202190000NB,29.72,29.8,2,2.000,2.0
13202190000NB,29.8,29.9,2,2.000,2.0
13202190000NB,29.9,30,2,2.000,2.0
13202190000NB,30,30.1,2,2.000,2.0
13202190000NB,30.1,30.2,2,2.000,2.0
13202190000NB,30.2,30.3,2,2.000,2.0
13202190000NB,30.3,30.4,2,2.000,2.0
13202190000NB,30.4,30.5,2,2.000,2.0
13202190000NB,30.5,30.6,2,2.000,2.0
13202190000NB,30.6,30.7,2,2.000,2.0
13202190000NB,30.7,30.8,2,2.000,2.0
13202190000NB,30.8,30.9,2,2.000,2.0
13202190000NB,30.9,31,2,2.000,2.0
13202190000NB,31,31.1,2,2.000,2.0
13202190000NB,31.1,31.2,2,2.000,2.0
13202190000NB,31.2,31.3,2,2.000,2.0
13202190000NB,31.3,31.4,2,2.000,2.0
13202190000NB,31.4,31.5,2,2.000,2.0
13202190000NB,31.5,31.56,2,2.000,2.0
13202190000NB,31.56,31.6,2,2.000,2.0
13202190000NB,31.6,31.7,2,2.000,2.0
13202190000NB,31.7,31.8,2,2.000,2.0
13202190000NB,31.8,31.9,2,2.000,2.0
13202190000NB,31.9,32,2,2.000,2.0
13202190000NB,32,32.1,2,2.000,2.0
13202190000NB,32.1,32.2,2,2.000,2.0
13202190000NB,32.2,32.3,2,2.000,2.0
13202190000NB,32.3,32.4,2,2.000,2.0
13202190000NB,32.4,32.5,2,2.000,2.0
13202190000NB,32.5,32.6,2,2.000,2.0
13202190000NB,32.6,32.7,2,2.000,2.0
13202190000NB,32.7,32.8,2,2.000,2.0
13202190000NB,32.8,32.9,2,2.000,2.0
13202190000NB,32.9,33,2,2.000,2.0
13202190000NB,33,33.1,2,2.000,2.0
13202190000NB,33.1,33.2,2,2.000,2.0
13202190000NB,33.2,33.3,2,2.000,2.0
13202190000NB,33.3,33.4,2,2.000,2.0
13202190000NB,33.4,33.5,2,2.000,2.0
13202190000NB,33.5,33.6,2,2.000,2.0
13202190000NB,33.6,33.7,2,2.000,2.0
13202190000NB,33.7,33.8,2,2.000,2.0
13202190000NB,33.8,33.9,2,2.000,2.0
13202190000NB,33.9,34,2,2.000,2.0
13202190000NB,34,34.1,2,2.000,2.0
13202190000NB,34.1,34.2,2,2.000,2.0
13202190000NB,34.2,34.22,2,2.000,2.0
2640026000000,0,5.43,2,,
4140008000000,0,0.11,3,3.000,3.0
4140008000000,0.19,0.75,3,3.000,3.0
4140016390000,0,0.64,3,3.000,3.0
1530002000000,0.28,0.56,,2.000,5.0
42202500000NB,9.71,9.77,5,5.000,3.0
42202500000NB,9.77,9.8,5,5.000,3.0
42202500000NB,9.8,9.9,5,5.000,3.0
42202500000NB,9.9,10,5,5.000,3.0
42202500000NB,10,10.1,5,5.000,3.0
42202500000NB,10.1,10.2,5,5.000,3.0
42202500000NB,10.2,10.3,5,5.000,3.0
42202500000NB,10.3,10.4,5,5.000,3.0
42202500000NB,10.4,10.42,5,5.000,3.0
42202500000NB,10.42,10.5,5,5.000,3.0
42202500000NB,10.5,10.6,5,5.000,3.0
42202500000NB,10.6,10.7,5,5.000,3.0
42202500000NB,10.7,10.8,5,5.000,3.0
42202500000NB,10.8,10.9,5,5.000,3.0
42202500000NB,10.9,11,5,5.000,3.0
42202500000NB,11,11.1,5,5.000,3.0
42202500000NB,11.1,11.2,5,5.000,3.0
42202500000NB,11.2,11.3,5,5.000,3.0
42202500000NB,11.3,11.4,5,5.000,3.0
42202500000NB,11.4,11.5,5,5.000,3.0
42202500000NB,11.5,11.6,5,5.000,3.0
42202500000NB,11.6,11.7,5,5.000,3.0
42202500000NB,11.7,11.8,5,5.000,3.0
42202500000NB,11.8,11.9,5,5.000,3.0
42202500000NB,11.9,12,5,5.000,3.0
42202500000NB,12,12.1,5,5.000,3.0
42202500000NB,12.1,12.2,5,5.000,3.0
42202500000NB,12.2,12.3,5,5.000,3.0
42202500000NB,12.3,12.4,5,5.000,3.0
42202500000NB,12.4,12.45,5,5.000,3.0
3140007210000,0,1.11,2,2.000,2.0
20100640006EB,0,0.2,2,2.000,2.0
20100640006EB,0.2,0.3,2,,2.0
26202500000NB,21.6,22.56,2,,
26202500000NB,22.56,24.22,2,,
26202500000NB,29.1,29.82,2,,
4730032000000,0,0.19,5,5.000,5.0
4730032000000,0.19,2.67,5,5.000,5.0
4730032000000,2.67,3.19,5,5.000,5.0
4730032000000,3.19,3.26,5,5.000,5.0
4730032000000,3.26,4.17,,,5.0
4730032000000,4.17,4.88,,,5.0
4730032000000,14.79,14.8,5,5.000,3.0
4730032000000,14.8,14.9,5,5.000,3.0
4730032000000,14.9,15,5,5.000,3.0
4730032000000,15,15.1,5,5.000,3.0
4730032000000,15.1,15.2,5,5.000,3.0
4730032000000,15.2,15.3,5,5.000,3.0
4730032000000,15.3,15.4,5,5.000,3.0
4730032000000,15.4,15.5,5,5.000,3.0
4730032000000,15.5,15.6,5,5.000,3.0
4730032000000,15.6,15.7,5,5.000,3.0
4730032000000,15.7,15.8,5,5.000,3.0
4730032000000,15.8,15.9,5,5.000,3.0
4730032000000,15.9,16,5,5.000,3.0
4730032000000,16,16.09,5,5.000,3.0
4730032000000,16.09,16.1,5,5.000,3.0
4730032000000,16.1,16.2,5,5.000,3.0
4730032000000,16.2,16.3,5,5.000,3.0
4730032000000,16.3,16.4,5,5.000,3.0
4730032000000,16.4,16.45,5,5.000,3.0
4030034000000,14.57,14.97,,,3.0
4030034000000,15.27,15.39,,,3.0
4030034000000,15.39,15.68,,,3.0
4030034000000,15.68,17.018,,,3.0
4140016100000,0.53,0.9,3,3.000,3.0
3140064000000,0,0.38,2,2.000,2.0
3230012000000,0.78,5.93,2,2.000,5.0
3230012000000,5.93,6.11,2,2.000,2.0
3230012000000,9.33,11.31,2,2.000,2.0
2540072020000,0,0.5,1,1.000,1.0
2540072020000,0.5,0.72,2,2.000,2.0
2540072020000,0.72,1.17,1,1.000,1.0
2540072020000,1.17,1.71,1,1.000,1.0
2540072020000,1.76,1.93,1,1.000,1.0
2430083000000,0,0.1,3,3.000,3.0
2430083000000,0.1,0.2,3,3.000,3.0
2430083000000,0.2,0.3,3,3.000,3.0
2430083000000,0.3,0.4,3,3.000,3.0
2430083000000,0.4,0.5,3,3.000,3.0
2430083000000,0.5,0.6,3,3.000,3.0
2430083000000,0.6,0.7,3,3.000,3.0
2430083000000,0.7,0.8,3,3.000,3.0
2430083000000,0.8,0.9,3,3.000,3.0
2430083000000,0.9,1,3,3.000,3.0
2430083000000,1,1.1,3,3.000,3.0
2430083000000,1.1,1.2,3,3.000,3.0
2430083000000,1.2,1.3,3,3.000,3.0
2430083000000,1.3,1.4,3,3.000,3.0
2430083000000,1.4,1.5,3,3.000,3.0
2430083000000,1.5,1.6,3,3.000,3.0
2430083000000,1.6,1.7,3,3.000,3.0
2430083000000,1.7,1.8,3,3.000,3.0
2430083000000,1.8,1.9,3,3.000,3.0
2430083000000,1.9,2,3,3.000,3.0
2430083000000,2,2.1,3,3.000,3.0
2430083000000,2.1,2.2,3,3.000,3.0
2430083000000,2.2,2.3,3,3.000,3.0
2430083000000,2.3,2.4,3,3.000,3.0
2430083000000,2.4,2.5,3,3.000,3.0
2430083000000,2.5,2.6,3,3.000,3.0
2430083000000,2.6,2.7,3,3.000,3.0
2430083000000,2.7,2.8,3,3.000,3.0
2430083000000,2.8,2.9,3,3.000,3.0
2430083000000,2.9,3,3,3.000,3.0
2430083000000,3,3.1,3,3.000,3.0
2430083000000,3.1,3.2,3,3.000,3.0
2430083000000,3.2,3.3,3,3.000,3.0
2430083000000,3.3,3.4,3,3.000,3.0
2430083000000,3.4,3.5,3,3.000,3.0
2430083000000,3.5,3.6,3,3.000,3.0
2430083000000,3.6,3.7,3,3.000,3.0
2430083000000,3.7,3.8,3,3.000,3.0
2430083000000,3.8,3.9,3,3.000,3.0
2430083000000,3.9,4,3,3.000,3.0
2430083000000,4,4.1,3,3.000,3.0
2430083000000,4.1,4.2,3,3.000,3.0
2430083000000,4.2,4.3,3,3.000,3.0
2430083000000,4.3,4.4,3,3.000,3.0
2430083000000,4.4,4.5,3,3.000,3.0
2430083000000,4.5,4.6,3,3.000,3.0
2430083000000,4.6,4.7,3,3.000,3.0
2430083000000,4.7,4.8,3,3.000,3.0
2430083000000,4.8,4.9,3,3.000,3.0
2430083000000,4.9,5,3,3.000,3.0
2430083000000,5,5.1,3,3.000,3.0
2430083000000,5.1,5.2,3,3.000,3.0
2430083000000,5.2,5.3,3,3.000,3.0
2430083000000,5.3,5.4,3,3.000,3.0
2430083000000,5.4,5.5,3,3.000,3.0
2430083000000,5.5,5.6,3,3.000,3.0
2430083000000,5.6,5.7,3,3.000,3.0
2430083000000,5.7,5.8,3,3.000,3.0
2430083000000,5.8,5.9,3,3.000,3.0
2430083000000,5.9,6,3,3.000,3.0
2430083000000,6,6.1,3,3.000,3.0
2430083000000,6.1,6.2,3,3.000,3.0
2430083000000,6.2,6.3,3,3.000,3.0
2430083000000,6.3,6.4,3,3.000,3.0
2430083000000,6.4,6.42,3,3.000,3.0
2430083000000,6.42,6.5,3,3.000,3.0
2430083000000,6.5,6.6,3,3.000,3.0
2430083000000,6.6,6.7,3,3.000,3.0
2430083000000,6.7,6.8,3,3.000,3.0
2430083000000,6.8,6.9,3,3.000,3.0
2430083000000,6.9,7,3,3.000,3.0
2430083000000,7,7.1,3,3.000,3.0
2430083000000,7.1,7.2,3,3.000,3.0
2430083000000,7.2,7.3,3,3.000,3.0
2430083000000,7.3,7.4,3,3.000,3.0
2430083000000,7.4,7.46,3,3.000,3.0
2430083000000,7.94,8,3,3.000,3.0
2430083000000,8,8.06,3,3.000,3.0
2430083000000,14.092,14.1,3,3.000,3.0
2430083000000,14.1,14.2,3,3.000,3.0
2430083000000,14.2,14.3,3,3.000,3.0
2430083000000,14.3,14.4,3,3.000,3.0
2430083000000,14.4,14.5,3,3.000,3.0
2430083000000,14.5,14.6,3,3.000,3.0
2430083000000,14.6,14.7,3,3.000,3.0
2430083000000,14.7,14.8,3,3.000,3.0
2430083000000,14.8,14.9,3,3.000,3.0
2430083000000,14.9,15,3,3.000,3.0
2430083000000,15,15.1,3,3.000,3.0
2430083000000,15.1,15.2,3,3.000,3.0
2430083000000,15.2,15.3,3,3.000,3.0
2430083000000,15.3,15.4,3,3.000,3.0
2430083000000,15.4,15.5,3,3.000,3.0
2430083000000,15.5,15.6,3,3.000,3.0
2430083000000,15.6,15.7,3,3.000,3.0
2430083000000,15.7,15.8,3,3.000,3.0
2430083000000,15.8,15.9,3,3.000,3.0
2430083000000,15.9,16,3,3.000,3.0
2430083000000,16,16.1,3,3.000,3.0
2430083000000,16.1,16.2,3,3.000,3.0
2430083000000,16.2,16.3,3,3.000,3.0
2430083000000,16.3,16.4,3,3.000,3.0
2430083000000,16.4,16.5,3,3.000,3.0
2430083000000,16.5,16.6,3,3.000,3.0
2430083000000,16.6,16.7,3,3.000,3.0
2430083000000,16.7,16.8,3,3.000,3.0
2430083000000,16.8,16.9,3,3.000,3.0
2430083000000,16.9,17,3,3.000,3.0
2430083000000,17,17.1,3,3.000,3.0
2430083000000,17.1,17.2,3,3.000,3.0
2430083000000,17.2,17.3,3,3.000,3.0
2430083000000,17.3,17.4,3,3.000,3.0
2430083000000,17.4,17.5,3,3.000,3.0
2430083000000,17.5,17.6,3,3.000,3.0
2430083000000,17.6,17.7,3,3.000,3.0
2430083000000,17.7,17.8,3,3.000,3.0
2430083000000,17.8,17.9,3,3.000,3.0
2430083000000,17.9,18,3,3.000,3.0
2430083000000,18,18.01,3,3.000,3.0
3140057000000,1.21,1.33,2,2.000,2.0
04200190000NB,26.57,26.6,3,3.000,3.0
04200190000NB,26.6,26.7,3,3.000,3.0
04200190000NB,26.7,26.8,3,3.000,3.0
04200190000NB,26.8,26.9,3,3.000,3.0
04200190000NB,26.9,27,3,3.000,3.0
04200190000NB,27,27.1,3,3.000,3.0
04200190000NB,27.1,27.2,3,3.000,3.0
04200190000NB,27.2,27.3,3,3.000,3.0
04200190000NB,27.3,27.4,3,3.000,3.0
04200190000NB,27.4,27.5,3,3.000,3.0
04200190000NB,27.5,27.56,3,3.000,3.0
04200190000NB,27.56,27.6,3,3.000,3.0
04200190000NB,27.6,27.64,3,3.000,3.0
4830180000000,1.21,4.06,2,,
01201190000NB,6.95,7,3,3.000,3.0
01201190000NB,7,7.1,3,3.000,3.0
01201190000NB,7.1,7.19,3,3.000,3.0
01201190000NB,7.19,7.2,3,3.000,3.0
01201190000NB,7.2,7.3,3,3.000,3.0
01201190000NB,7.3,7.4,3,3.000,3.0
01201190000NB,7.4,7.5,3,3.000,3.0
01201190000NB,7.5,7.6,3,3.000,3.0
01201190000NB,7.6,7.7,3,3.000,3.0
01201190000NB,7.7,7.8,3,3.000,3.0
01201190000NB,7.8,7.9,3,3.000,3.0
01201190000NB,7.9,8,3,3.000,3.0
01201190000NB,8,8.1,3,3.000,3.0
01201190000NB,8.1,8.2,3,3.000,3.0
01201190000NB,8.2,8.3,3,3.000,3.0
01201190000NB,8.3,8.4,3,3.000,3.0
01201190000NB,8.4,8.5,3,3.000,3.0
01201190000NB,8.5,8.6,3,3.000,3.0
01201190000NB,8.6,8.7,3,3.000,3.0
01201190000NB,8.7,8.8,3,3.000,3.0
01201190000NB,8.8,8.9,3,3.000,3.0
01201190000NB,8.9,9,3,3.000,3.0
01201190000NB,9,9.1,3,3.000,3.0
01201190000NB,9.1,9.2,3,3.000,3.0
01201190000NB,9.2,9.29,3,3.000,3.0
01201190000NB,10.66,10.7,3,3.000,3.0
01201190000NB,10.7,10.8,3,3.000,3.0
01201190000NB,10.8,10.9,3,3.000,3.0
01201190000NB,10.9,11,3,3.000,3.0
01201190000NB,11,11.1,3,3.000,3.0
01201190000NB,11.1,11.2,3,3.000,3.0
01201190000NB,11.2,11.3,3,3.000,3.0
01201190000NB,11.3,11.4,3,3.000,3.0
01201190000NB,11.4,11.5,3,3.000,3.0
13202190005SB,0,0.1,2,2.000,2.0
13202190005SB,0.1,0.2,2,2.000,2.0
13202190005SB,0.2,0.3,2,2.000,2.0
13202190005SB,0.3,0.33,2,2.000,2.0
13202190005SB,0.33,0.4,2,2.000,2.0
13202190005SB,0.4,0.5,2,2.000,2.0
13202190005SB,0.5,0.6,2,2.000,2.0
13202190005SB,0.6,0.7,2,2.000,2.0
13202190005SB,0.7,0.8,2,2.000,2.0
13202190005SB,0.8,0.9,2,2.000,2.0
13202190005SB,0.9,1,2,2.000,2.0
13202190005SB,1,1.1,2,2.000,2.0
13202190005SB,1.1,1.2,2,2.000,2.0
13202190005SB,1.2,1.3,2,2.000,2.0
13202190005SB,1.3,1.4,2,2.000,2.0
13202190005SB,1.4,1.5,2,2.000,2.0
13202190005SB,1.5,1.6,2,2.000,2.0
13202190005SB,1.6,1.64,2,2.000,2.0
27200350000NB,8.53,8.7,5,5.000,5.0
27200350000NB,8.7,8.85,5,,
27200350000NB,9.534,9.644,,,5.0
27200350000NB,9.644,10.26,5,5.000,5.0
27200350000NB,10.26,10.37,5,5.000,5.0
27200350000NB,11.422,11.532,,,5.0
27200350000NB,11.532,11.76,5,5.000,5.0
27200350000NB,11.76,11.87,5,5.000,5.0
27200350000NB,16.293,16.41,,,3.0
27200350000NB,16.41,16.47,5,5.000,3.0
27200350000NB,16.47,16.507,5,5.000,5.0
27200350000NB,16.507,16.6,5,5.000,3.0
27200350000NB,16.6,16.64,,,3.0
27200350000NB,16.64,17.102,5,5.000,3.0
27200350000NB,17.102,17.226,5,5.000,5.0
27200350000NB,17.226,17.28,5,5.000,3.0
27200350000NB,17.28,17.39,,,3.0
27200350000NB,17.413,17.5,5,5.000,5.0
27200350000NB,17.5,17.59,5,,
27200350000NB,17.632,17.753,,,3.0
27200350000NB,17.753,17.85,,,3.0
27200350000NB,17.85,17.98,5,5.000,3.0
27200350000NB,17.98,18.071,5,5.000,3.0
27200350000NB,18.071,18.097,5,5.000,5.0
27200350000NB,18.097,18.322,5,,3.0
27200350000NB,18.322,18.35,,,3.0
27200350000NB,18.35,18.46,5,5.000,3.0
27200350000NB,18.46,18.74,5,,
17100790000NB,114.132,114.9,,,2.0
17100790000NB,115.33,117.17,,,2.0
17100790000NB,117.17,117.74,2,2.000,2.0
17100790000NB,117.74,118.5,2,2.000,2.0
17100790000NB,118.5,118.7,2,2.000,2.0
17100790000NB,118.7,119.53,2,2.000,2.0
17100790000NB,119.53,119.9,2,2.000,2.0
17100790000NB,119.9,120,2,2.000,2.0
17100790000NB,120,120.72,2,2.000,2.0
17100790000NB,120.72,122.43,2,2.000,2.0
17100790000NB,122.43,122.9,2,2.000,2.0
17100790000NB,122.9,123.988,2,2.000,2.0
17100790000NB,123.988,125.38,2,2.000,2.0
17100790000NB,125.38,125.8,2,2.000,2.0
17100790000NB,125.8,129.217,2,2.000,6.0
0230009000000,0.35,0.4,5,5.000,5.0
0230009000000,0.4,0.5,5,5.000,5.0
0230009000000,0.5,0.6,5,5.000,5.0
0230009000000,0.6,0.7,5,5.000,5.0
0230009000000,0.7,0.8,5,5.000,5.0
0230009000000,0.8,0.9,5,5.000,5.0
0230009000000,0.9,1,5,5.000,5.0
0230009000000,1,1.1,5,5.000,5.0
0230009000000,1.1,1.2,5,5.000,5.0
0230009000000,1.2,1.3,5,5.000,5.0
0230009000000,1.3,1.4,5,5.000,5.0
0230009000000,1.4,1.5,5,5.000,5.0
0230009000000,1.5,1.6,5,5.000,5.0
0230009000000,1.6,1.7,5,5.000,5.0
0230009000000,1.7,1.8,5,5.000,5.0
0230009000000,1.8,1.9,5,5.000,5.0
0230009000000,1.9,2,5,5.000,5.0
0230009000000,2,2.1,5,5.000,5.0
0230009000000,2.1,2.2,5,5.000,5.0
0230009000000,4.81,4.9,,,5.0
0230009000000,4.9,5,5,5.000,5.0
0230009000000,5,5.1,5,5.000,5.0
0230009000000,5.1,5.2,5,5.000,5.0
0230009000000,5.2,5.3,5,5.000,5.0
0230009000000,5.3,5.4,5,5.000,5.0
0230009000000,5.4,5.5,5,5.000,5.0
0230009000000,5.5,5.6,5,5.000,5.0
0230009000000,5.6,5.7,5,5.000,5.0
0230009000000,5.7,5.8,5,5.000,5.0
0230009000000,5.8,5.9,5,5.000,5.0
0230009000000,5.9,6,5,5.000,5.0
0230009000000,6,6.1,5,5.000,5.0
0230009000000,6.1,6.17,5,5.000,5.0
0230009000000,6.17,6.2,5,5.000,5.0
0230009000000,6.2,6.27,5,5.000,5.0
0230009000000,6.381,6.4,5,5.000,5.0
0230009000000,6.4,6.47,5,5.000,5.0
0230009000000,6.47,6.5,5,5.000,5.0
0230009000000,6.5,6.6,5,5.000,5.0
0230009000000,6.6,6.7,5,5.000,5.0
0230009000000,6.7,6.8,5,5.000,5.0
0230009000000,6.8,6.9,5,5.000,5.0
0230009000000,6.9,7,5,5.000,5.0
0230009000000,7,7.1,5,5.000,5.0
0230009000000,7.1,7.2,5,5.000,5.0
0230009000000,7.2,7.3,5,5.000,5.0
0230009000000,7.3,7.4,5,5.000,5.0
0230009000000,7.4,7.5,5,5.000,5.0
0230009000000,7.5,7.58,5,5.000,5.0
0230009000000,7.584,7.6,5,5.000,5.0
0230009000000,7.6,7.7,5,5.000,5.0
0230009000000,7.7,7.8,5,5.000,5.0
0230009000000,7.8,7.9,5,5.000,5.0
0230009000000,7.9,8,5,5.000,5.0
0230009000000,8,8.1,5,5.000,5.0
0230009000000,8.1,8.2,5,5.000,5.0
0230009000000,8.2,8.3,5,5.000,5.0
0230009000000,8.3,8.4,5,5.000,5.0
0230009000000,8.4,8.5,5,5.000,5.0
0230009000000,8.5,8.6,5,5.000,5.0
0230009000000,8.6,8.7,5,5.000,5.0
0230009000000,8.7,8.8,5,5.000,5.0
0230009000000,8.8,8.9,5,5.000,5.0
0230009000000,8.9,9,5,5.000,5.0
0230009000000,9,9.1,5,5.000,5.0
0230009000000,9.1,9.2,5,5.000,5.0
0230009000000,9.2,9.3,5,5.000,5.0
0230009000000,9.3,9.4,5,5.000,5.0
0230009000000,9.4,9.5,5,5.000,5.0
0230009000000,9.5,9.6,5,5.000,5.0
0230009000000,9.6,9.7,5,5.000,5.0
0230009000000,9.7,9.8,5,5.000,5.0
0230009000000,9.8,9.9,5,5.000,5.0
0230009000000,9.9,9.95,5,5.000,5.0
0230009000000,10.12,10.2,7,5.000,5.0
0230009000000,10.2,10.3,7,5.000,5.0
0230009000000,10.3,10.37,7,5.000,5.0
0230009000000,10.52,10.532,5,,
0230009000000,10.532,10.59,5,5.000,5.0
0230009000000,10.59,10.6,5,5.000,5.0
0230009000000,10.6,10.7,5,5.000,5.0
0230009000000,10.7,10.8,5,5.000,5.0
0230009000000,10.8,10.84,5,5.000,5.0
0230009000000,10.84,10.893,5,5.000,5.0
0230009000000,10.893,10.9,5,5.000,5.0
0230009000000,10.9,11,5,5.000,5.0
0230009000000,11,11.1,5,5.000,5.0
0230009000000,11.1,11.15,5,5.000,5.0
0230009000000,11.15,11.2,,5.000,5.0
0230009000000,11.2,11.243,,5.000,5.0
0230009000000,14,14.1,,5.000,5.0
0230009000000,14.1,14.2,,5.000,5.0
0230009000000,14.55,14.6,5,5.000,5.0
0230009000000,14.6,14.7,5,5.000,5.0
0230009000000,14.7,14.8,5,5.000,5.0
0230009000000,14.8,14.9,5,5.000,5.0
0230009000000,15.57,15.6,5,5.000,5.0
0230009000000,15.6,15.7,5,5.000,5.0
0230009000000,15.7,15.79,5,5.000,5.0
0230009000000,15.79,15.8,5,5.000,5.0
0230009000000,15.8,15.9,5,5.000,5.0
0230009000000,15.9,16,5,5.000,5.0
0230009000000,16,16.09,5,5.000,5.0
0230009000000,17.07,17.1,7,7.000,7.0
0230009000000,17.1,17.2,7,7.000,7.0
0230009000000,17.2,17.3,7,7.000,7.0
0230009000000,17.3,17.4,7,7.000,7.0
0230009000000,17.4,17.48,7,7.000,7.0
0230009000000,18.18,18.2,7,7.000,7.0
0230009000000,18.2,18.3,7,7.000,7.0
0230009000000,18.3,18.4,7,7.000,7.0
0230009000000,18.4,18.5,7,7.000,7.0
0230009000000,18.5,18.6,7,7.000,7.0
0230009000000,18.6,18.7,7,7.000,7.0
0230009000000,18.7,18.8,7,7.000,7.0
0230009000000,18.8,18.9,7,7.000,7.0
0230009000000,18.9,19,7,7.000,7.0
0230009000000,19,19.1,7,7.000,7.0
0230009000000,19.1,19.2,7,7.000,7.0
0230009000000,19.2,19.3,7,7.000,7.0
0230009000000,19.3,19.4,7,7.000,7.0
0230009000000,19.4,19.5,7,7.000,7.0
0230009000000,19.5,19.6,7,7.000,7.0
0230009000000,19.6,19.7,7,7.000,7.0
0230009000000,19.7,19.8,7,7.000,7.0
0230009000000,19.8,19.9,7,7.000,7.0
0230009000000,19.9,20,7,7.000,7.0
0230009000000,20,20.1,7,7.000,7.0
0230009000000,20.1,20.16,7,7.000,7.0
38202190000NB,0,0.1,5,5.000,5.0
38202190000NB,0.1,0.2,5,5.000,5.0
38202190000NB,0.2,0.3,5,5.000,5.0
38202190000NB,0.3,0.4,5,5.000,5.0
38202190000NB,0.4,0.5,5,5.000,5.0
38202190000NB,0.5,0.6,5,5.000,5.0
38202190000NB,0.6,0.7,5,5.000,5.0
38202190000NB,0.7,0.8,5,5.000,5.0
38202190000NB,0.8,0.9,5,5.000,5.0
38202190000NB,0.9,1,5,5.000,5.0
38202190000NB,1,1.1,5,5.000,5.0
38202190000NB,1.1,1.2,5,5.000,5.0
38202190000NB,1.2,1.3,5,5.000,5.0
38202190000NB,1.3,1.4,5,5.000,5.0
38202190000NB,1.4,1.5,5,5.000,5.0
38202190000NB,1.5,1.6,5,5.000,5.0
38202190000NB,1.6,1.7,5,5.000,5.0
38202190000NB,1.7,1.8,5,5.000,5.0
38202190000NB,1.8,1.9,5,5.000,5.0
38202190000NB,1.9,2,5,5.000,5.0
38202190000NB,2,2.1,5,5.000,5.0
38202190000NB,2.1,2.2,5,5.000,5.0
38202190000NB,2.2,2.3,5,5.000,5.0
38202190000NB,2.3,2.4,5,5.000,5.0
38202190000NB,2.4,2.5,5,5.000,5.0
38202190000NB,2.5,2.6,5,5.000,5.0
38202190000NB,2.6,2.7,5,5.000,5.0
38202190000NB,2.7,2.8,5,5.000,5.0
38202190000NB,2.8,2.9,5,5.000,5.0
38202190000NB,2.9,3,5,5.000,5.0
38202190000NB,3,3.1,5,5.000,5.0
38202190000NB,3.1,3.2,5,5.000,5.0
38202190000NB,3.2,3.3,5,5.000,5.0
38202190000NB,3.3,3.4,5,5.000,5.0
38202190000NB,3.4,3.5,5,5.000,5.0
38202190000NB,3.5,3.6,5,5.000,5.0
38202190000NB,3.6,3.69,5,5.000,5.0
38202190000NB,3.69,3.7,5,5.000,5.0
38202190000NB,3.7,3.8,5,5.000,5.0
38202190000NB,3.8,3.9,5,5.000,5.0
38202190000NB,3.9,4,5,5.000,5.0
38202190000NB,4,4.1,5,5.000,5.0
38202190000NB,4.1,4.2,5,5.000,5.0
38202190000NB,4.2,4.3,5,5.000,5.0
38202190000NB,4.3,4.37,5,5.000,5.0
38202190000NB,4.37,4.4,5,5.000,5.0
38202190000NB,4.4,4.5,5,5.000,5.0
38202190000NB,4.5,4.6,5,5.000,5.0
38202190000NB,4.6,4.7,5,5.000,5.0
38202190000NB,4.7,4.8,5,5.000,5.0
38202190000NB,4.8,4.9,5,5.000,5.0
38202190000NB,4.9,5,5,5.000,5.0
38202190000NB,5,5.1,5,5.000,5.0
38202190000NB,5.1,5.2,5,5.000,5.0
38202190000NB,5.2,5.3,5,5.000,5.0
38202190000NB,5.3,5.4,5,5.000,5.0
38202190000NB,5.4,5.5,5,5.000,5.0
38202190000NB,5.5,5.6,5,5.000,5.0
38202190000NB,5.6,5.7,5,5.000,5.0
38202190000NB,5.7,5.8,5,5.000,5.0
38202190000NB,5.8,5.9,5,5.000,5.0
38202190000NB,5.9,6,5,5.000,5.0
38202190000NB,6,6.01,5,5.000,5.0
38202190000NB,6.01,6.1,5,5.000,5.0
38202190000NB,6.1,6.2,5,5.000,5.0
38202190000NB,6.2,6.3,5,5.000,5.0
38202190000NB,6.3,6.4,5,5.000,5.0
38202190000NB,6.4,6.5,5,5.000,5.0
38202190000NB,6.5,6.6,5,5.000,5.0
38202190000NB,6.6,6.7,5,5.000,5.0
38202190000NB,6.7,6.8,5,5.000,5.0
38202190000NB,6.8,6.9,5,5.000,5.0
38202190000NB,6.9,7,5,5.000,5.0
38202190000NB,7,7.1,5,5.000,5.0
38202190000NB,7.1,7.15,5,5.000,5.0
38202190000NB,7.77,7.8,5,5.000,5.0
38202190000NB,7.8,7.9,5,5.000,5.0
38202190000NB,7.9,8,5,5.000,5.0
38202190000NB,8,8.1,5,5.000,5.0
38202190000NB,8.1,8.2,5,5.000,5.0
38202190000NB,8.2,8.3,5,5.000,5.0
38202190000NB,8.3,8.4,5,5.000,5.0
38202190000NB,8.4,8.5,5,5.000,5.0
38202190000NB,8.5,8.6,5,5.000,5.0
38202190000NB,8.6,8.7,5,5.000,5.0
38202190000NB,8.7,8.8,5,5.000,5.0
38202190000NB,8.8,8.9,5,5.000,5.0
38202190000NB,8.9,9,5,5.000,5.0
38202190000NB,9,9.1,5,5.000,5.0
38202190000NB,9.1,9.2,5,5.000,5.0
38202190000NB,9.2,9.3,5,5.000,5.0
38202190000NB,9.3,9.4,5,5.000,5.0
38202190000NB,9.4,9.5,5,5.000,5.0
38202190000NB,9.5,9.6,5,5.000,5.0
38202190000NB,9.6,9.7,5,5.000,5.0
38202190000NB,9.7,9.8,5,5.000,5.0
38202190000NB,9.8,9.82,5,5.000,5.0
38202190000NB,14.15,14.2,5,5.000,3.0
38202190000NB,14.2,14.3,5,5.000,3.0
38202190000NB,14.3,14.4,5,5.000,3.0
38202190000NB,14.4,14.5,5,5.000,3.0
38202190000NB,14.5,14.6,5,5.000,3.0
38202190000NB,14.6,14.67,5,5.000,3.0
38202190000NB,19.58,19.6,5,5.000,5.0
38202190000NB,19.6,19.7,5,5.000,5.0
38202190000NB,19.7,19.8,5,5.000,5.0
38202190000NB,19.8,19.9,5,5.000,5.0
38202190000NB,19.9,20,5,5.000,5.0
38202190000NB,20,20.1,5,5.000,5.0
38202190000NB,20.1,20.2,5,5.000,5.0
38202190000NB,20.2,20.3,5,5.000,5.0
38202190000NB,20.3,20.4,5,5.000,5.0
38202190000NB,20.4,20.5,5,5.000,5.0
38202190000NB,20.5,20.6,5,5.000,5.0
38202190000NB,20.6,20.7,5,5.000,5.0
38202190000NB,20.7,20.8,5,5.000,5.0
38202190000NB,20.8,20.9,5,5.000,5.0
38202190000NB,20.9,21,5,5.000,5.0
38202190000NB,21,21.1,5,5.000,5.0
38202190000NB,21.1,21.2,5,5.000,5.0
38202190000NB,21.2,21.3,5,5.000,5.0
38202190000NB,21.3,21.4,5,5.000,5.0
38202190000NB,21.4,21.5,5,5.000,5.0
38202190000NB,21.5,21.6,5,5.000,5.0
38202190000NB,21.6,21.69,5,5.000,5.0
38202190000NB,21.69,21.7,5,5.000,5.0
38202190000NB,21.7,21.8,5,5.000,5.0
38202190000NB,21.8,21.84,5,5.000,5.0
38202190000NB,26.37,26.54,5,,
38202190000NB,26.54,26.6,5,5.000,5.0
38202190000NB,26.6,26.7,5,5.000,5.0
38202190000NB,26.7,26.8,5,5.000,5.0
38202190000NB,26.8,26.9,5,5.000,5.0
38202190000NB,26.9,27,5,5.000,5.0
38202190000NB,27,27.1,5,5.000,5.0
38202190000NB,27.1,27.2,5,5.000,5.0
38202190000NB,27.2,27.3,5,5.000,5.0
38202190000NB,27.3,27.4,5,5.000,5.0
38202190000NB,27.4,27.5,5,5.000,5.0
38202190000NB,27.5,27.6,5,5.000,5.0
38202190000NB,27.6,27.7,5,5.000,5.0
38202190000NB,27.7,27.8,5,5.000,5.0
38202190000NB,27.8,27.9,5,5.000,5.0
38202190000NB,27.9,28,5,5.000,5.0
38202190000NB,28,28.1,5,5.000,5.0
38202190000NB,28.1,28.2,5,5.000,5.0
38202190000NB,28.2,28.3,5,5.000,5.0
38202190000NB,28.3,28.4,5,5.000,5.0
38202190000NB,28.4,28.5,5,5.000,5.0
38202190000NB,28.5,28.6,5,5.000,5.0
38202190000NB,28.6,28.7,5,5.000,5.0
38202190000NB,28.7,28.8,5,5.000,5.0
38202190000NB,28.8,28.9,5,5.000,5.0
38202190000NB,28.9,29,5,5.000,5.0
38202190000NB,29,29.1,5,5.000,5.0
38202190000NB,29.1,29.12,5,5.000,5.0
38202190000NB,34.47,34.5,5,5.000,5.0
38202190000NB,34.5,34.57,5,5.000,5.0
38202190000NB,34.57,34.6,5,5.000,5.0
38202190000NB,34.6,34.7,5,5.000,5.0
38202190000NB,34.7,34.78,5,5.000,5.0
38202190000NB,34.79,34.8,5,5.000,5.0
38202190000NB,34.8,34.9,5,5.000,5.0
38202190000NB,34.9,35,5,5.000,5.0
38202190000NB,35,35.1,5,5.000,5.0
38202190000NB,35.1,35.2,5,5.000,5.0
38202190000NB,35.2,35.3,5,5.000,5.0
38202190000NB,35.3,35.4,5,5.000,5.0
38202190000NB,35.4,35.5,5,5.000,5.0
38202190000NB,35.5,35.6,5,5.000,5.0
38202190000NB,35.6,35.7,5,5.000,5.0
38202190000NB,35.7,35.8,5,5.000,5.0
38202190000NB,35.8,35.9,5,5.000,5.0
38202190000NB,35.9,36,5,5.000,5.0
38202190000NB,36,36.1,5,5.000,5.0
38202190000NB,36.1,36.2,5,5.000,5.0
38202190000NB,36.2,36.3,5,5.000,5.0
38202190000NB,36.3,36.4,5,5.000,5.0
38202190000NB,36.4,36.5,5,5.000,5.0
38202190000NB,36.5,36.6,5,5.000,5.0
38202190000NB,36.6,36.7,5,5.000,5.0
38202190000NB,36.7,36.8,5,5.000,5.0
38202190000NB,36.8,36.9,5,5.000,5.0
38202190000NB,36.9,37,5,5.000,5.0
38202190000NB,37,37.1,5,5.000,5.0
38202190000NB,37.1,37.2,5,5.000,5.0
38202190000NB,37.2,37.3,5,5.000,5.0
38202190000NB,37.3,37.4,5,5.000,5.0
38202190000NB,37.4,37.5,5,5.000,5.0
38202190000NB,37.5,37.6,5,5.000,5.0
38202190000NB,37.6,37.7,5,5.000,5.0
38202190000NB,37.7,37.8,5,5.000,5.0
38202190000NB,37.8,37.89,5,5.000,5.0
0140011000000,3.05,3.78,3,,
10100770016NB,52.58,53.06,2,,
10100770016NB,53.06,54.13,2,,
10100770016NB,54.13,55.02,2,,
10100770016NB,55.02,58.32,2,,
10100770016NB,58.32,59.62,2,,
10100770016NB,59.62,61.6,2,,
10100770016NB,62.73,66.15,2,,
10100770016NB,66.15,67.21,2,,
2540031010000,1.72,2.03,2,2.000,2.0
39100680000EB,14.66,18.1,2,2.000,2.0
39100680000EB,18.1,18.12,2,2.000,2.0
39100680000EB,18.12,18.2,2,2.000,2.0
39100680000EB,18.2,23.34,2,2.000,2.0
39100680000EB,26.75,28.64,2,2.000,2.0
39100680000EB,28.64,29.23,2,2.000,2.0
39100680000EB,29.23,31.24,2,2.000,2.0
39100680000EB,31.24,31.42,2,2.000,2.0
39100680000EB,31.42,32.06,2,2.000,2.0
2040160070000,0,0.27,5,5.000,5.0
2040160070000,0.27,0.51,5,5.000,5.0
1540005000000,1.85,3.76,2,,
4140006090000,0.6,1.37,3,3.000,3.0
1730020002300,0,0.13,6,6.000,6.0
1040014020000,0.2,0.35,2,,
47202190000NB,5.57,5.6,5,5.000,3.0
47202190000NB,5.6,5.7,5,5.000,3.0
47202190000NB,5.7,5.8,5,5.000,3.0
47202190000NB,5.8,5.9,5,5.000,3.0
47202190000NB,5.9,7.37,5,,3.0
47202190000NB,13.1,13.13,5,5.000,3.0
47202190000NB,13.13,13.2,5,5.000,3.0
47202190000NB,13.2,13.3,5,5.000,3.0
47202190000NB,13.3,13.4,5,5.000,3.0
47202190000NB,13.4,13.5,5,5.000,3.0
47202190000NB,13.5,13.6,5,5.000,3.0
47202190000NB,13.6,13.7,5,5.000,3.0
47202190000NB,13.7,13.8,5,5.000,3.0
47202190000NB,13.8,13.9,5,5.000,3.0
47202190000NB,13.9,14,5,5.000,3.0
47202190000NB,14,14.1,5,5.000,3.0
47202190000NB,14.1,14.2,5,5.000,3.0
47202190000NB,14.2,14.3,5,5.000,3.0
47202190000NB,14.3,14.4,5,5.000,3.0
47202190000NB,14.4,14.5,5,5.000,3.0
47202190000NB,14.5,14.6,5,5.000,3.0
47202190000NB,14.6,14.7,5,5.000,3.0
47202190000NB,14.7,14.8,5,5.000,3.0
47202190000NB,14.8,14.9,5,5.000,3.0
47202190000NB,14.9,15,5,5.000,3.0
47202190000NB,15,15.1,5,5.000,3.0
47202190000NB,15.1,15.2,5,5.000,3.0
47202190000NB,15.2,15.3,5,5.000,3.0
47202190000NB,15.3,15.4,5,5.000,3.0
47202190000NB,15.4,15.5,5,5.000,3.0
47202190000NB,15.5,15.6,5,5.000,3.0
47202190000NB,15.6,15.7,5,5.000,3.0
47202190000NB,15.7,15.8,5,5.000,3.0
47202190000NB,15.8,15.9,5,5.000,3.0
47202190000NB,15.9,16,5,5.000,3.0
47202190000NB,16,16.1,5,5.000,3.0
47202190000NB,16.1,16.2,5,5.000,3.0
47202190000NB,16.2,16.3,5,5.000,3.0
47202190000NB,16.3,16.4,5,5.000,3.0
47202190000NB,16.4,16.5,5,5.000,3.0
47202190000NB,16.5,16.6,5,5.000,3.0
47202190000NB,16.6,16.7,5,5.000,3.0
47202190000NB,16.7,16.8,5,5.000,3.0
47202190000NB,16.8,16.9,5,5.000,3.0
47202190000NB,16.9,17,5,5.000,3.0
47202190000NB,17,17.1,5,5.000,3.0
47202190000NB,17.1,17.2,5,5.000,3.0
47202190000NB,17.2,17.3,5,5.000,3.0
47202190000NB,17.3,17.4,5,5.000,3.0
47202190000NB,17.4,17.49,5,5.000,3.0
47202190000NB,17.49,17.5,5,5.000,3.0
47202190000NB,17.5,17.6,5,5.000,3.0
47202190000NB,17.6,17.7,5,5.000,3.0
47202190000NB,17.7,17.74,5,5.000,3.0
47202190000NB,17.74,17.8,5,5.000,3.0
47202190000NB,17.8,17.9,5,5.000,3.0
47202190000NB,17.9,18,5,5.000,3.0
47202190000NB,22.16,22.2,5,5.000,5.0
47202190000NB,22.2,22.3,5,5.000,5.0
47202190000NB,22.3,22.4,5,5.000,5.0
47202190000NB,22.4,22.5,5,5.000,5.0
47202190000NB,22.5,22.6,5,5.000,5.0
47202190000NB,22.6,22.7,5,5.000,5.0
47202190000NB,22.7,22.8,5,5.000,5.0
47202190000NB,22.8,22.9,5,5.000,5.0
47202190000NB,22.9,23,5,5.000,5.0
47202190000NB,23,23.1,5,5.000,5.0
47202190000NB,23.1,23.12,5,5.000,5.0
47202190000NB,23.12,23.2,5,5.000,5.0
47202190000NB,23.2,23.3,5,5.000,5.0
47202190000NB,23.3,23.4,5,5.000,5.0
47202190000NB,23.4,23.5,5,5.000,5.0
47202190000NB,23.5,23.6,5,5.000,5.0
47202190000NB,23.6,23.7,5,5.000,5.0
47202190000NB,23.7,23.8,5,5.000,5.0
47202190000NB,23.8,23.9,5,5.000,5.0
47202190000NB,23.9,24,5,5.000,5.0
47202190000NB,24,24.1,5,5.000,5.0
47202190000NB,24.1,24.2,5,5.000,5.0
47202190000NB,24.2,24.3,5,5.000,5.0
47202190000NB,24.3,24.4,5,5.000,5.0
47202190000NB,24.4,24.5,5,5.000,5.0
47202190000NB,24.5,24.6,5,5.000,5.0
47202190000NB,24.6,24.7,5,5.000,5.0
47202190000NB,24.7,24.8,5,5.000,5.0
47202190000NB,24.8,24.9,5,5.000,5.0
47202190000NB,24.9,25,5,5.000,5.0
47202190000NB,25,25.1,5,5.000,5.0
47202190000NB,25.1,25.2,5,5.000,5.0
47202190000NB,25.2,25.3,5,5.000,5.0
47202190000NB,25.3,25.4,5,5.000,5.0
47202190000NB,25.4,25.49,5,5.000,5.0
47202190000NB,25.49,25.5,5,5.000,5.0
47202190000NB,25.5,25.6,5,5.000,5.0
47202190000NB,25.6,25.7,5,5.000,5.0
47202190000NB,25.7,25.8,5,5.000,5.0
47202190000NB,25.8,25.83,5,5.000,5.0
47202190000NB,25.83,26.08,,,5.0
47202190000NB,26.08,26.1,,,5.0
47202190000NB,26.1,26.2,5,5.000,5.0
47202190000NB,26.2,26.3,5,5.000,5.0
47202190000NB,26.3,26.4,5,5.000,5.0
47202190000NB,26.4,26.5,5,5.000,5.0
47202190000NB,26.5,26.6,5,5.000,5.0
47202190000NB,26.6,26.7,5,5.000,5.0
47202190000NB,26.7,26.8,5,5.000,5.0
47202190000NB,26.8,26.9,5,5.000,5.0
47202190000NB,26.9,27,5,5.000,5.0
47202190000NB,27,27.1,5,5.000,5.0
47202190000NB,27.1,27.2,5,5.000,5.0
47202190000NB,27.2,27.3,5,5.000,5.0
47202190000NB,27.3,27.4,5,5.000,5.0
47202190000NB,27.4,27.5,5,5.000,5.0
47202190000NB,27.5,27.6,5,5.000,5.0
47202190000NB,27.6,27.7,5,5.000,5.0
47202190000NB,27.7,27.722,5,5.000,5.0
47202190000NB,27.722,27.76,5,5.000,5.0
2040027000000,5.07,7.24,,,3.0
41200190000NB,0,0.1,3,3.000,3.0
41200190000NB,0.1,0.2,3,3.000,3.0
41200190000NB,0.2,0.3,3,3.000,3.0
41200190000NB,0.3,0.4,3,3.000,3.0
41200190000NB,0.4,0.5,3,3.000,3.0
41200190000NB,0.5,0.6,3,3.000,3.0
41200190000NB,0.6,0.7,3,3.000,3.0
41200190000NB,0.7,0.8,3,3.000,3.0
41200190000NB,0.8,0.9,3,3.000,3.0
41200190000NB,0.9,1,3,3.000,3.0
41200190000NB,1,1.1,3,3.000,3.0
41200190000NB,1.1,1.2,3,3.000,3.0
41200190000NB,1.2,1.3,3,3.000,3.0
41200190000NB,1.3,1.4,3,3.000,3.0
41200190000NB,1.4,1.5,3,3.000,3.0
41200190000NB,1.5,1.6,3,3.000,3.0
41200190000NB,1.6,1.7,3,3.000,3.0
41200190000NB,1.7,1.8,3,3.000,3.0
41200190000NB,1.8,1.9,3,3.000,3.0
41200190000NB,1.9,2,3,3.000,3.0
41200190000NB,2,2.1,3,3.000,3.0
41200190000NB,2.1,2.17,3,3.000,3.0
41200190000NB,2.17,2.2,3,3.000,3.0
41200190000NB,2.2,2.3,3,3.000,3.0
41200190000NB,2.3,2.4,3,3.000,3.0
41200190000NB,2.4,2.5,3,3.000,3.0
41200190000NB,2.5,2.6,3,3.000,3.0
41200190000NB,2.6,2.7,3,3.000,3.0
41200190000NB,2.7,2.8,3,3.000,3.0
41200190000NB,2.8,2.9,3,3.000,3.0
41200190000NB,2.9,3,3,3.000,3.0
41200190000NB,3,3.1,3,3.000,3.0
41200190000NB,3.1,3.2,3,3.000,3.0
41200190000NB,3.2,3.3,3,3.000,3.0
41200190000NB,3.3,3.4,3,3.000,3.0
41200190000NB,3.4,3.5,3,3.000,3.0
41200190000NB,3.5,3.6,3,3.000,3.0
41200190000NB,3.6,3.7,3,3.000,3.0
41200190000NB,3.7,3.8,3,3.000,3.0
41200190000NB,3.8,3.9,3,3.000,3.0
41200190000NB,3.9,4,3,3.000,3.0
41200190000NB,4,4.1,3,3.000,3.0
41200190000NB,4.1,4.2,3,3.000,3.0
41200190000NB,4.2,4.3,3,3.000,3.0
41200190000NB,4.3,4.4,3,3.000,3.0
41200190000NB,4.4,4.5,3,3.000,3.0
41200190000NB,4.5,4.6,3,3.000,3.0
41200190000NB,4.6,4.7,3,3.000,3.0
41200190000NB,4.7,4.8,3,3.000,3.0
41200190000NB,4.8,4.9,3,3.000,3.0
41200190000NB,4.9,5,3,3.000,3.0
41200190000NB,5,5.1,3,3.000,3.0
41200190000NB,5.1,5.2,3,3.000,3.0
41200190000NB,5.2,5.3,3,3.000,3.0
41200190000NB,5.3,5.4,3,3.000,3.0
41200190000NB,5.4,5.5,3,3.000,3.0
41200190000NB,5.5,5.6,3,3.000,3.0
41200190000NB,5.6,5.7,3,3.000,3.0
41200190000NB,5.7,5.8,3,3.000,3.0
41200190000NB,5.8,5.9,3,3.000,3.0
41200190000NB,5.9,6,3,3.000,3.0
41200190000NB,6,6.1,3,3.000,3.0
41200190000NB,6.1,6.2,3,3.000,3.0
41200190000NB,6.2,6.3,3,3.000,3.0
41200190000NB,6.3,6.4,3,3.000,3.0
41200190000NB,6.4,6.47,3,3.000,3.0
41200190000NB,16.669,16.7,3,3.000,3.0
41200190000NB,16.7,16.8,3,3.000,3.0
41200190000NB,16.8,16.9,3,3.000,3.0
41200190000NB,16.9,16.925,3,3.000,3.0
41200190000NB,17.18,17.2,3,3.000,3.0
41200190000NB,17.2,17.3,3,3.000,3.0
41200190000NB,17.3,17.4,3,3.000,3.0
41200190000NB,17.4,17.5,3,3.000,3.0
41200190000NB,17.5,17.6,3,3.000,3.0
41200190000NB,17.6,17.7,3,3.000,3.0
41200190000NB,17.7,17.8,3,3.000,3.0
41200190000NB,17.8,17.9,3,3.000,3.0
41200190000NB,17.9,17.95,3,3.000,3.0
41200190000NB,18.31,18.4,3,3.000,3.0
41200190000NB,18.4,18.408,3,3.000,3.0
41200190000NB,18.408,18.41,3,3.000,3.0
41200190000NB,18.41,18.5,3,3.000,3.0
41200190000NB,18.5,18.6,3,3.000,3.0
41200190000NB,18.6,18.635,3,3.000,3.0
41200190000NB,18.635,18.64,3,3.000,3.0
41200190000NB,18.64,18.7,3,3.000,3.0
41200190000NB,18.7,18.8,3,3.000,3.0
41200190000NB,18.8,18.9,3,3.000,3.0
41200190000NB,18.9,19,3,3.000,3.0
41200190000NB,19,19.1,3,3.000,3.0
41200190000NB,19.1,19.2,3,3.000,3.0
41200190000NB,19.2,19.3,3,3.000,3.0
41200190000NB,19.3,19.329,3,3.000,3.0
41200190000NB,19.329,19.33,3,3.000,3.0
41200190000NB,19.8,19.9,3,3.000,3.0
41200190000NB,19.9,20,3,3.000,3.0
41200190000NB,20,20.1,3,3.000,3.0
41200190000NB,20.1,20.2,3,3.000,3.0
41200190000NB,20.2,20.3,3,3.000,3.0
41200190000NB,20.3,20.4,3,3.000,3.0
41200190000NB,20.4,20.5,3,3.000,3.0
41200190000NB,20.5,20.6,3,3.000,3.0
41200190000NB,20.6,20.7,3,3.000,3.0
41200190000NB,20.7,20.8,3,3.000,3.0
41200190000NB,20.8,20.9,3,3.000,3.0
41200190000NB,20.9,21,3,3.000,3.0
41200190000NB,21,21.1,3,3.000,3.0
41200190000NB,21.1,21.2,3,3.000,3.0
41200190000NB,21.2,21.3,3,3.000,3.0
41200190000NB,21.3,21.4,3,3.000,3.0
41200190000NB,21.4,21.5,3,3.000,3.0
41200190000NB,21.5,21.6,3,3.000,3.0
41200190000NB,21.6,21.61,3,3.000,3.0
41200190000NB,23.31,23.4,3,3.000,3.0
41200190000NB,23.4,23.5,3,3.000,3.0
41200190000NB,23.5,23.6,3,3.000,3.0
41200190000NB,23.6,23.7,3,3.000,3.0
41200190000NB,23.7,23.8,3,3.000,3.0
41200190000NB,23.8,23.9,3,3.000,3.0
41200190000NB,23.9,24,3,3.000,3.0
41200190000NB,24,24.09,3,3.000,3.0
2430016000000,0.06,1.73,3,3.000,3.0
2430016000000,4.05,6.18,3,3.000,3.0
2430016000000,9.47,10.14,3,3.000,3.0
2430016000000,13.75,14.05,3,3.000,3.0
2430016000000,16.06,16.1,3,3.000,3.0
2430016000000,16.1,16.2,3,3.000,3.0
2430016000000,16.2,16.3,3,3.000,3.0
2430016000000,16.3,16.4,3,3.000,3.0
2430016000000,16.4,16.5,3,3.000,3.0
2430016000000,16.5,16.6,3,3.000,3.0
2430016000000,16.6,16.7,3,3.000,3.0
2430016000000,16.7,16.8,3,3.000,3.0
2430016000000,16.8,16.9,3,3.000,3.0
2430016000000,16.9,17,3,3.000,3.0
2430016000000,17,17.1,3,3.000,3.0
2430016000000,17.1,17.2,3,3.000,3.0
2430016000000,17.2,17.3,3,3.000,3.0
2430016000000,17.3,17.4,3,3.000,3.0
2430016000000,17.4,17.5,3,3.000,3.0
2430016000000,17.5,17.6,3,3.000,3.0
2430016000000,17.6,17.7,3,3.000,3.0
2430016000000,17.7,17.8,3,3.000,3.0
2430016000000,17.8,17.9,3,3.000,3.0
2430016000000,17.9,18,3,3.000,3.0
2430016000000,18,18.1,3,3.000,3.0
2430016000000,18.1,18.2,3,3.000,3.0
2430016000000,18.2,18.3,3,3.000,3.0
2430016000000,18.3,18.4,3,3.000,3.0
2430016000000,18.4,18.5,3,3.000,3.0
2430016000000,18.5,18.6,3,3.000,3.0
2430016000000,18.6,18.7,3,3.000,3.0
2430016000000,18.7,18.8,3,3.000,3.0
2430016000000,18.8,18.9,3,3.000,3.0
2430016000000,18.9,19,3,3.000,3.0
2430016000000,19,19.1,3,3.000,3.0
2430016000000,19.1,19.2,3,3.000,3.0
2430016000000,19.2,19.3,3,3.000,3.0
2430016000000,19.3,19.4,3,3.000,3.0
2430016000000,19.4,19.5,3,3.000,3.0
2430016000000,19.5,19.56,3,3.000,3.0
2430016000000,19.56,19.6,3,3.000,3.0
2430016000000,19.6,19.7,3,3.000,3.0
2430016000000,19.7,19.8,3,3.000,3.0
2430016000000,19.8,19.9,3,3.000,3.0
2430016000000,19.9,20,3,3.000,3.0
2430016000000,20,20.1,3,3.000,3.0
2430016000000,20.1,20.156,3,3.000,3.0
2430016000000,20.156,20.2,3,3.000,3.0
2430016000000,20.2,20.3,3,3.000,3.0
2430016000000,20.3,20.4,3,3.000,3.0
2430016000000,20.4,20.5,3,3.000,3.0
2430016000000,20.5,20.6,3,3.000,3.0
2430016000000,20.6,20.7,3,3.000,3.0
2430016000000,20.7,20.79,3,3.000,3.0
2430016000000,20.79,20.8,3,3.000,3.0
2430016000000,20.8,20.9,3,3.000,3.0
2430016000000,20.9,21,3,3.000,3.0
2430016000000,21,21.1,3,3.000,3.0
2430016000000,21.1,21.2,3,3.000,3.0
2430016000000,21.2,21.3,3,3.000,3.0
2430016000000,21.3,21.4,3,3.000,3.0
2430016000000,21.4,21.5,3,3.000,3.0
2430016000000,21.5,21.6,3,3.000,3.0
2430016000000,21.6,21.7,3,3.000,3.0
2430016000000,21.7,21.8,3,3.000,3.0
2430016000000,21.8,21.9,3,3.000,3.0
2430016000000,21.9,22,3,3.000,3.0
2430016000000,22,22.05,3,3.000,3.0
2430016000000,22.05,22.1,3,3.000,3.0
2430016000000,22.1,22.2,3,3.000,3.0
2430016000000,22.2,22.3,3,3.000,3.0
2430016000000,22.3,22.4,3,3.000,3.0
2430016000000,22.4,22.5,3,3.000,3.0
2430016000000,22.5,22.6,3,3.000,3.0
2430016000000,22.6,22.7,3,3.000,3.0
2430016000000,22.7,22.8,3,3.000,3.0
2430016000000,22.8,22.9,3,3.000,3.0
2430016000000,22.9,23,3,3.000,3.0
2430016000000,23,23.1,3,3.000,3.0
2430016000000,23.1,23.2,3,3.000,3.0
2430016000000,23.2,23.3,3,3.000,3.0
2430016000000,23.3,23.4,3,3.000,3.0
2430016000000,23.4,23.5,3,3.000,3.0
2430016000000,23.5,23.6,3,3.000,3.0
2430016000000,23.6,23.7,3,3.000,3.0
2430016000000,23.7,23.76,3,3.000,3.0
2430016000000,23.76,23.8,3,3.000,3.0
2430016000000,23.8,23.9,3,3.000,3.0
2430016000000,23.9,24,3,3.000,3.0
2430016000000,24,24.1,3,3.000,3.0
2430016000000,24.1,24.2,3,3.000,3.0
2430016000000,24.2,24.3,3,3.000,3.0
2430016000000,24.3,24.4,3,3.000,3.0
2430016000000,24.4,24.5,3,3.000,3.0
2430016000000,24.5,24.6,3,3.000,3.0
2430016000000,24.6,24.7,3,3.000,3.0
2430016000000,24.7,24.8,3,3.000,3.0
2430016000000,24.8,24.86,3,3.000,3.0
2430016000000,29.19,29.2,3,3.000,3.0
2430016000000,29.2,29.3,3,3.000,3.0
2430016000000,29.3,29.4,3,3.000,3.0
2430016000000,29.4,29.41,3,3.000,3.0
2430016000000,32.7,32.8,3,3.000,3.0
2430016000000,32.8,32.9,3,3.000,3.0
2430016000000,32.9,33,3,3.000,3.0
2430016000000,33,33.1,3,3.000,3.0
2430016000000,33.1,33.2,3,3.000,3.0
2430016000000,33.2,33.3,3,3.000,3.0
2430016000000,33.3,33.4,3,3.000,3.0
2430016000000,33.4,33.5,3,3.000,3.0
2430016000000,33.5,33.6,3,3.000,3.0
2430016000000,33.6,33.7,3,3.000,3.0
2430016000000,33.7,33.8,3,3.000,3.0
2430016000000,33.8,33.9,3,3.000,3.0
2430016000000,33.9,34,3,3.000,3.0
2430016000000,34,34.1,3,3.000,3.0
2430016000000,34.1,34.2,3,3.000,3.0
2430016000000,34.2,34.3,3,3.000,3.0
2430016000000,34.3,34.4,3,3.000,3.0
2430016000000,34.4,34.5,3,3.000,3.0
2430016000000,34.5,34.6,3,3.000,3.0
2430016000000,34.6,34.7,3,3.000,3.0
2430016000000,34.7,34.8,3,3.000,3.0
2430016000000,34.8,34.9,3,3.000,3.0
2430016000000,34.9,35,3,3.000,3.0
2430016000000,35,35.1,3,3.000,3.0
2430016000000,35.1,35.2,3,3.000,3.0
2430016000000,35.2,35.3,3,3.000,3.0
2430016000000,35.3,35.38,3,3.000,3.0
41200190023EB,0,0.033,3,3.000,3.0
41200190023EB,0.033,0.034,3,3.000,3.0
41200190023EB,0.034,0.1,3,3.000,3.0
41200190023EB,0.1,0.2,3,3.000,3.0
41200190023EB,0.2,0.3,3,3.000,3.0
41200190023EB,0.3,0.4,3,3.000,3.0
41200190023EB,0.4,0.5,3,3.000,3.0
41200190023EB,0.5,0.6,3,3.000,3.0
41200190023EB,0.6,0.7,3,3.000,3.0
41200190023EB,0.7,0.8,3,3.000,3.0
41200190023EB,0.8,0.9,3,3.000,3.0
41200190023EB,0.9,1,3,3.000,3.0
41200190023EB,1,1.1,3,3.000,3.0
41200190023EB,1.1,1.2,3,3.000,3.0
41200190023EB,1.2,1.3,3,3.000,3.0
41200190023EB,1.3,1.36,3,3.000,3.0
01200330000EB,0,0.1,3,3.000,3.0
01200330000EB,0.1,0.2,3,3.000,3.0
01200330000EB,0.2,0.3,3,3.000,3.0
01200330000EB,0.3,0.4,3,3.000,3.0
01200330000EB,0.4,0.5,3,3.000,3.0
01200330000EB,0.5,0.6,3,3.000,3.0
01200330000EB,0.6,0.7,3,3.000,3.0
01200330000EB,0.7,0.8,3,3.000,3.0
01200330000EB,0.8,0.9,3,3.000,3.0
01200330000EB,0.9,1,3,3.000,3.0
01200330000EB,1,1.1,3,3.000,3.0
01200330000EB,1.1,1.2,3,3.000,3.0
01200330000EB,1.2,1.3,3,3.000,3.0
01200330000EB,1.3,1.4,3,3.000,3.0
01200330000EB,1.4,1.5,3,3.000,3.0
01200330000EB,1.5,1.6,3,3.000,3.0
01200330000EB,1.6,1.7,3,3.000,3.0
01200330000EB,1.7,1.8,3,3.000,3.0
01200330000EB,1.8,1.87,3,3.000,3.0
4140009000000,5.28,5.54,3,3.000,3.0
4140019210000,3.73,5.14,3,3.000,3.0
5530016000000,1.73,1.8,3,3.000,3.0
5530016000000,1.8,1.9,3,3.000,3.0
5530016000000,1.9,2,3,3.000,3.0
5530016000000,2,2.1,3,3.000,3.0
5530016000000,2.1,2.2,3,3.000,3.0
5530016000000,2.2,2.3,3,3.000,3.0
5530016000000,2.3,2.4,3,3.000,3.0
5530016000000,2.4,2.5,3,3.000,3.0
5530016000000,2.5,2.6,3,3.000,3.0
5530016000000,2.6,2.7,3,3.000,3.0
5530016000000,2.7,2.8,3,3.000,3.0
5530016000000,2.8,2.9,3,3.000,3.0
5530016000000,2.9,3,3,3.000,3.0
5530016000000,3,3.1,3,3.000,3.0
5530016000000,3.1,3.2,3,3.000,3.0
5530016000000,3.2,3.3,3,3.000,3.0
5530016000000,3.3,3.33,3,3.000,3.0
5530016000000,6.42,6.5,3,3.000,3.0
5530016000000,6.5,6.6,3,3.000,3.0
5530016000000,6.6,6.7,3,3.000,3.0
5530016000000,6.7,6.8,3,3.000,3.0
5530016000000,6.8,6.9,3,3.000,3.0
5530016000000,6.9,7,3,3.000,3.0
5530016000000,7,7.1,3,3.000,3.0
5530016000000,7.1,7.2,3,3.000,3.0
5530016000000,7.2,7.3,3,3.000,3.0
5530016000000,7.3,7.4,3,3.000,3.0
5530016000000,7.4,7.5,3,3.000,3.0
5530016000000,7.5,7.6,3,3.000,3.0
5530016000000,7.6,7.7,3,3.000,3.0
5530016000000,7.7,7.8,3,3.000,3.0
5530016000000,7.8,7.9,3,3.000,3.0
5530016000000,7.9,8,3,3.000,3.0
5530016000000,8,8.1,3,3.000,3.0
5530016000000,8.1,8.2,3,3.000,3.0
5530016000000,8.2,8.3,3,3.000,3.0
5530016000000,8.3,8.4,3,3.000,3.0
5530016000000,8.4,8.5,3,3.000,3.0
5530016000000,8.5,8.6,3,3.000,3.0
5530016000000,8.6,8.7,3,3.000,3.0
5530016000000,8.7,8.8,3,3.000,3.0
5530016000000,8.8,8.9,3,3.000,3.0
5530016000000,8.9,8.95,3,3.000,3.0
5530016000000,10.99,11,3,3.000,3.0
5530016000000,11,11.1,3,3.000,3.0
5530016000000,11.1,11.2,3,3.000,3.0
5530016000000,11.2,11.3,3,3.000,3.0
5530016000000,11.3,11.4,3,3.000,3.0
4140011000000,0,1.26,3,3.000,3.0
1340045000000,0.66,1.04,2,,
0240005000000,5.9,7.94,,,6.0
4140016160000,0,0.42,3,3.000,3.0
4730093000000,0,0.1,5,7.000,5.0
4730093000000,0.1,0.15,5,7.000,5.0
4730093000000,0.15,0.2,7,7.000,5.0
4730093000000,0.2,0.3,7,7.000,5.0
4730093000000,0.3,0.4,7,7.000,5.0
4730093000000,0.4,0.5,7,7.000,5.0
4730093000000,0.5,0.6,7,7.000,5.0
4730093000000,0.6,0.7,7,7.000,5.0
4730093000000,0.7,0.8,7,7.000,5.0
4730093000000,0.8,0.9,7,7.000,5.0
4730093000000,0.9,0.91,7,7.000,5.0
4730093000000,2.34,7.42,7,,7.0
3830039000000,27.78,28.08,5,5.000,5.0
3940003000000,4.6,7.27,2,2.000,2.0
4530020000000,24.37,24.94,2,,5.0
4530020000000,24.94,25.32,2,,
4530020000000,25.32,32,2,,5.0
4530020000000,32,32.14,2,2.000,5.0
41100640000EB,120,120.1,,6.000,6.0
41100640000EB,120.1,120.5,,,6.0
41100640000EB,120.69,120.7,6,6.000,6.0
41100640000EB,120.7,120.8,6,6.000,6.0
41100640000EB,120.8,120.9,6,6.000,6.0
41100640000EB,120.9,121,6,6.000,6.0
41100640000EB,121,121.1,6,6.000,6.0
41100640000EB,121.1,121.2,6,6.000,6.0
41100640000EB,121.2,121.3,6,6.000,6.0
41100640000EB,121.3,121.4,6,6.000,6.0
41100640000EB,121.4,121.5,6,6.000,6.0
41100640000EB,121.5,121.6,6,6.000,6.0
41100640000EB,121.6,121.7,6,6.000,6.0
41100640000EB,121.7,121.8,6,6.000,6.0
41100640000EB,121.8,121.9,6,6.000,6.0
41100640000EB,121.9,122,6,6.000,6.0
41100640000EB,122,122.1,6,6.000,6.0
41100640000EB,122.1,122.2,6,6.000,6.0
41100640000EB,122.2,122.3,6,6.000,6.0
41100640000EB,122.3,122.4,6,6.000,6.0
41100640000EB,122.4,122.5,6,6.000,6.0
41100640000EB,122.5,122.6,6,6.000,6.0
41100640000EB,122.6,122.62,6,6.000,6.0
41100640000EB,122.62,122.71,,,6.0
41100640000EB,122.71,122.8,6,6.000,6.0
41100640000EB,122.8,122.9,6,6.000,6.0
41100640000EB,122.9,123,6,6.000,6.0
41100640000EB,123,123.1,6,6.000,6.0
41100640000EB,123.1,123.18,6,6.000,6.0
41100640000EB,123.18,123.3,,,6.0
41100640000EB,123.63,123.7,6,6.000,6.0
41100640000EB,123.7,123.8,6,6.000,6.0
41100640000EB,123.8,123.9,6,6.000,6.0
41100640000EB,123.9,124,6,6.000,6.0
41100640000EB,124,124.1,6,6.000,6.0
41100640000EB,124.1,124.2,6,6.000,6.0
41100640000EB,124.2,124.3,6,6.000,6.0
41100640000EB,124.3,124.4,6,6.000,6.0
41100640000EB,124.4,124.47,6,6.000,6.0
41100640000EB,124.9,125.65,,,6.0
41100640000EB,125.65,126.6,,,6.0
41100640000EB,126.65,126.7,6,6.000,6.0
41100640000EB,126.7,126.8,6,6.000,6.0
41100640000EB,126.8,126.9,6,6.000,6.0
41100640000EB,126.9,127,6,6.000,6.0
41100640000EB,127,127.1,6,6.000,6.0
41100640000EB,127.1,127.2,6,6.000,6.0
41100640000EB,127.2,127.3,6,6.000,6.0
41100640000EB,127.3,127.4,6,6.000,6.0
41100640000EB,127.4,127.5,6,6.000,6.0
41100640000EB,127.5,127.58,6,6.000,6.0
41100640000EB,128.91,129,6,6.000,6.0
41100640000EB,129,129.1,6,6.000,6.0
41100640000EB,129.1,129.2,6,6.000,6.0
41100640000EB,129.2,129.3,6,6.000,6.0
41100640000EB,129.3,129.4,6,6.000,6.0
41100640000EB,129.4,129.49,6,6.000,6.0
41100640000EB,129.49,129.5,6,6.000,6.0
41100640000EB,129.5,129.6,6,6.000,6.0
41100640000EB,129.6,129.7,6,6.000,6.0
41100640000EB,129.7,129.8,6,6.000,6.0
41100640000EB,129.8,129.9,6,6.000,6.0
41100640000EB,129.9,130,6,6.000,6.0
41100640000EB,130,130.1,6,6.000,6.0
41100640000EB,130.1,130.2,6,6.000,6.0
41100640000EB,130.2,130.3,6,6.000,6.0
41100640000EB,130.3,130.4,6,6.000,6.0
41100640000EB,130.4,130.5,6,6.000,6.0
41100640000EB,130.5,130.6,6,6.000,6.0
41100640000EB,130.6,130.7,6,6.000,6.0
41100640000EB,130.7,130.8,6,6.000,6.0
41100640000EB,130.8,130.9,6,6.000,6.0
41100640000EB,130.9,131,6,6.000,6.0
41100640000EB,131,131.1,6,6.000,6.0
41100640000EB,131.1,131.2,6,6.000,6.0
41100640000EB,131.2,131.3,6,6.000,6.0
41100640000EB,131.3,131.4,6,6.000,6.0
41100640000EB,131.4,131.5,6,6.000,6.0
41100640000EB,131.5,131.6,6,6.000,6.0
41100640000EB,131.6,131.7,6,6.000,6.0
41100640000EB,131.7,131.8,6,6.000,6.0
41100640000EB,131.8,131.9,6,6.000,6.0
41100640000EB,131.9,132,6,6.000,6.0
41100640000EB,132,132.1,6,6.000,6.0
41100640000EB,132.1,132.2,6,6.000,6.0
41100640000EB,132.2,132.3,6,6.000,6.0
41100640000EB,132.3,132.4,6,6.000,6.0
41100640000EB,132.4,132.5,6,6.000,6.0
41100640000EB,132.5,132.53,6,6.000,6.0
41100640000EB,132.84,132.9,6,6.000,6.0
41100640000EB,132.9,133,6,6.000,6.0
41100640000EB,133,133.1,6,6.000,6.0
41100640000EB,133.1,133.2,6,6.000,6.0
41100640000EB,133.2,133.3,6,6.000,6.0
41100640000EB,133.3,133.4,6,6.000,6.0
41100640000EB,133.4,133.5,6,6.000,6.0
41100640000EB,133.5,133.6,6,6.000,6.0
41100640000EB,133.6,133.7,6,6.000,6.0
41100640000EB,133.7,133.8,6,6.000,6.0
41100640000EB,133.8,133.9,6,6.000,6.0
41100640000EB,133.9,134,6,6.000,6.0
41100640000EB,134,134.1,6,6.000,6.0
41100640000EB,134.1,134.2,6,6.000,6.0
41100640000EB,134.2,134.3,6,6.000,6.0
41100640000EB,134.3,134.4,6,6.000,6.0
41100640000EB,134.4,134.5,6,6.000,6.0
41100640000EB,134.5,134.6,6,6.000,6.0
41100640000EB,134.6,134.7,6,6.000,6.0
41100640000EB,134.7,134.8,6,6.000,6.0
41100640000EB,134.8,134.9,6,6.000,6.0
41100640000EB,134.9,135,6,6.000,6.0
41100640000EB,135,135.1,6,6.000,6.0
41100640000EB,135.1,135.2,6,6.000,6.0
41100640000EB,135.2,135.3,6,6.000,6.0
41100640000EB,135.3,135.4,6,6.000,6.0
41100640000EB,135.4,135.5,6,6.000,6.0
41100640000EB,135.5,135.6,6,6.000,6.0
41100640000EB,135.6,135.7,6,6.000,6.0
41100640000EB,135.7,135.8,6,6.000,6.0
41100640000EB,135.8,135.9,6,6.000,6.0
41100640000EB,135.9,136,6,6.000,6.0
41100640000EB,136,136.1,6,6.000,6.0
41100640000EB,136.1,136.2,6,6.000,6.0
41100640000EB,136.2,136.3,6,6.000,6.0
41100640000EB,136.3,136.4,6,6.000,6.0
41100640000EB,136.4,136.5,6,6.000,6.0
41100640000EB,136.5,136.6,6,6.000,6.0
41100640000EB,136.6,136.7,6,6.000,6.0
41100640000EB,136.7,136.8,6,6.000,6.0
41100640000EB,136.8,136.9,6,6.000,6.0
41100640000EB,136.9,137,6,6.000,6.0
41100640000EB,137,137.1,6,6.000,6.0
41100640000EB,137.1,137.2,6,6.000,6.0
41100640000EB,137.2,137.3,6,6.000,6.0
41100640000EB,137.3,137.4,6,6.000,6.0
41100640000EB,137.4,137.48,6,6.000,6.0
41100640000EB,137.48,137.5,6,6.000,6.0
41100640000EB,137.5,137.6,6,6.000,6.0
41100640000EB,137.6,137.7,6,6.000,6.0
41100640000EB,137.7,137.8,6,6.000,6.0
41100640000EB,137.8,137.9,6,6.000,6.0
41100640000EB,137.9,138,6,6.000,6.0
41100640000EB,138,138.01,6,6.000,6.0
20100770000NB,95.34,95.87,3,,
20100770000NB,95.87,96.15,3,,
20100770000NB,97.22,98.17,3,,
20100770000NB,98.28,99.12,3,3.000,3.0
20100770000NB,99.12,100.07,3,3.000,3.0
20100770000NB,100.07,100.28,3,3.000,3.0
20100770000NB,100.28,100.7,3,3.000,3.0
20100770000NB,100.7,100.78,3,,
20100770000NB,100.78,101,3,3.000,3.0
20100770000NB,101,101.08,3,,
20100770000NB,101.65,102.16,3,3.000,3.0
20100770000NB,102.16,102.66,3,3.000,3.0
20100770000NB,102.66,103.69,3,3.000,3.0
20100770000NB,103.69,104.81,3,3.000,3.0
20100770000NB,104.81,105.002,3,3.000,3.0
20100770000NB,106.17,107.6,3,3.000,3.0
20100770000NB,107.6,110.13,3,,
20100770000NB,110.13,110.78,3,,
20100770000NB,110.78,111.16,3,,
20100770000NB,111.16,112.52,3,,
20100770000NB,112.52,113.47,3,3.000,3.0
20100770000NB,113.47,114.59,3,3.000,3.0
20100770000NB,114.59,116.05,3,3.000,3.0
20100770000NB,116.05,116.66,3,3.000,3.0
20100770000NB,116.66,117.2,3,3.000,3.0
20100770000NB,117.2,117.5,3,,3.0
4140006000000,0,0.14,3,3.000,3.0
4140006000000,0.91,1.13,3,3.000,3.0
3140060000000,0,0.85,1,1.000,1.0
3140060000000,0.85,1.75,1,1.000,1.0
1540011022800,2.75,3.57,2,,
3540004020000,0,0.34,2,,
17200190000NB,18.61,20.62,6,6.000,6.0
09200500000EB,0,3.98,6,6.000,6.0
09200500000EB,3.98,5.61,6,6.000,6.0
09200500000EB,5.63,6.54,6,6.000,6.0
09200500000EB,8.26,8.8,6,6.000,6.0
09200500000EB,8.8,9.75,6,6.000,6.0
09200500000EB,9.75,11.01,6,6.000,6.0
09200500000EB,11.43,12.1,6,6.000,6.0
09200500000EB,12.1,12.96,6,6.000,6.0
09200500000EB,17.75,18.87,6,6.000,6.0
1540009040000,1.47,2.19,2,,
4140019030000,0.387,0.5,3,3.000,3.0
4140019030000,0.5,0.98,3,3.000,3.0
2040022000000,0.86,1.19,5,5.000,5.0
2040022000000,1.19,2.47,5,5.000,5.0
41200190014NB,0,0.1,3,3.000,3.0
41200190014NB,0.1,0.2,3,3.000,3.0
41200190014NB,0.2,0.3,3,3.000,3.0
41200190014NB,0.3,0.4,3,3.000,3.0
41200190014NB,0.4,0.5,3,3.000,3.0
41200190014NB,0.5,0.6,3,3.000,3.0
41200190014NB,0.6,0.7,3,3.000,3.0
41200190014NB,0.7,0.8,3,3.000,3.0
41200190014NB,0.8,0.9,3,3.000,3.0
41200190014NB,0.9,1,3,3.000,3.0
41200190014NB,1,1.1,3,3.000,3.0
41200190014NB,1.1,1.2,3,3.000,3.0
41200190014NB,1.2,1.3,3,3.000,3.0
41200190014NB,1.3,1.4,3,3.000,3.0
41200190014NB,1.4,1.5,3,3.000,3.0
41200190014NB,1.5,1.6,3,3.000,3.0
41200190014NB,1.6,1.7,3,3.000,3.0
41200190014NB,1.7,1.8,3,3.000,3.0
41200190014NB,1.8,1.9,3,3.000,3.0
41200190014NB,1.9,2,3,3.000,3.0
41200190014NB,2,2.1,3,3.000,3.0
41200190014NB,2.1,2.2,3,3.000,3.0
41200190014NB,2.2,2.3,3,3.000,3.0
41200190014NB,2.3,2.4,3,3.000,3.0
41200190014NB,2.4,2.5,3,3.000,3.0
41200190014NB,2.5,2.6,3,3.000,3.0
41200190014NB,2.6,2.63,3,3.000,3.0
41200190014NB,2.63,2.7,3,3.000,3.0
2840007050000,0,0.324,3,3.000,3.0
2840007050000,0.324,0.343,,,3.0
2840007050000,0.343,1.11,3,3.000,3.0
2840007050000,1.11,1.83,3,3.000,3.0
2840007050000,1.836,2.1,3,3.000,3.0
3140049000000,0.66,1.25,1,1.000,1.0
3140061000000,0,0.94,2,2.000,2.0
49200330000EB,0,0.64,,,5.0
49200330000EB,1.22,1.3,5,5.000,5.0
49200330000EB,1.3,1.4,5,5.000,5.0
49200330000EB,1.4,1.5,5,5.000,5.0
49200330000EB,1.5,1.6,5,5.000,5.0
49200330000EB,1.6,1.7,5,5.000,5.0
49200330000EB,1.7,1.8,5,5.000,5.0
49200330000EB,1.8,1.9,5,5.000,5.0
49200330000EB,1.9,2,5,5.000,5.0
49200330000EB,2,2.1,5,5.000,5.0
49200330000EB,2.1,2.2,5,5.000,5.0
49200330000EB,2.2,2.3,5,5.000,5.0
49200330000EB,2.3,2.4,5,5.000,5.0
49200330000EB,2.4,2.5,5,5.000,5.0
49200330000EB,2.5,2.51,5,5.000,5.0
49200330000EB,2.51,2.6,5,5.000,5.0
49200330000EB,2.6,2.7,5,5.000,5.0
49200330000EB,2.7,2.8,5,5.000,5.0
49200330000EB,2.8,2.9,5,5.000,5.0
49200330000EB,2.9,3,5,5.000,5.0
49200330000EB,3,3.1,5,5.000,5.0
49200330000EB,3.1,3.2,5,5.000,5.0
49200330000EB,3.2,3.3,5,5.000,5.0
49200330000EB,3.3,3.4,5,5.000,5.0
49200330000EB,3.4,3.5,5,5.000,5.0
49200330000EB,3.5,3.6,5,5.000,5.0
49200330000EB,3.6,3.7,5,5.000,5.0
49200330000EB,3.7,3.8,5,5.000,5.0
49200330000EB,3.8,3.9,5,5.000,5.0
49200330000EB,3.9,4,5,5.000,5.0
49200330000EB,4,4.1,5,5.000,5.0
49200330000EB,4.1,4.2,5,5.000,5.0
49200330000EB,4.2,4.3,5,5.000,5.0
49200330000EB,4.3,4.35,5,5.000,5.0
49200330000EB,5.37,5.4,5,5.000,3.0
49200330000EB,5.4,5.5,5,5.000,3.0
49200330000EB,5.5,5.6,5,5.000,3.0
49200330000EB,5.6,5.7,5,5.000,3.0
49200330000EB,5.7,5.8,5,5.000,3.0
49200330000EB,5.8,5.9,5,5.000,3.0
49200330000EB,5.9,6,5,5.000,3.0
49200330000EB,6,6.1,5,5.000,3.0
49200330000EB,6.1,6.2,5,5.000,3.0
49200330000EB,6.2,6.3,5,5.000,3.0
49200330000EB,6.3,6.4,5,5.000,3.0
49200330000EB,6.4,6.5,5,5.000,3.0
49200330000EB,6.5,6.6,5,5.000,3.0
49200330000EB,6.6,6.7,5,5.000,3.0
49200330000EB,6.7,6.8,5,5.000,3.0
49200330000EB,6.8,6.9,5,5.000,3.0
49200330000EB,6.9,7,5,5.000,3.0
49200330000EB,7,7.1,5,5.000,3.0
49200330000EB,7.1,7.192,5,5.000,3.0
49200330000EB,8.31,8.4,5,5.000,3.0
49200330000EB,8.4,8.5,5,5.000,3.0
49200330000EB,8.5,8.6,5,5.000,3.0
49200330000EB,8.6,8.7,5,5.000,3.0
49200330000EB,8.7,8.8,5,5.000,3.0
49200330000EB,8.8,8.9,5,5.000,3.0
49200330000EB,8.9,9,5,5.000,3.0
49200330000EB,9,9.1,5,5.000,3.0
49200330000EB,9.1,9.2,5,5.000,3.0
49200330000EB,9.2,9.3,5,5.000,3.0
49200330000EB,9.3,9.4,5,5.000,3.0
49200330000EB,9.4,9.5,5,5.000,3.0
49200330000EB,9.5,9.6,5,5.000,3.0
49200330000EB,9.6,9.7,5,5.000,3.0
49200330000EB,9.7,9.8,5,5.000,3.0
49200330000EB,9.8,9.9,5,5.000,3.0
49200330000EB,9.9,10,5,5.000,3.0
49200330000EB,10,10.1,5,5.000,3.0
49200330000EB,10.1,10.2,5,5.000,3.0
49200330000EB,10.2,10.3,5,5.000,3.0
49200330000EB,10.3,10.4,5,5.000,3.0
49200330000EB,10.4,10.5,5,5.000,3.0
49200330000EB,10.5,10.6,5,5.000,3.0
49200330000EB,10.6,10.7,5,5.000,3.0
49200330000EB,10.7,10.8,5,5.000,3.0
49200330000EB,10.8,10.87,5,5.000,3.0
2840025000000,0,0.57,3,3.000,3.0
2840025000000,0.57,1.53,3,3.000,3.0
1540507000000,0.43,0.92,,2.000,2.0
1540507000000,0.92,1.16,,2.000,2.0
1540507000000,1.16,3.33,2,,
0140024000000,1.64,2.79,3,,
0140024000000,2.79,4.74,3,,
1340060140000,6.25,6.39,2,,
24200520000EB,0,0.1,3,3.000,3.0
24200520000EB,0.1,0.2,3,3.000,3.0
24200520000EB,0.2,0.3,3,3.000,3.0
24200520000EB,0.3,0.4,3,3.000,3.0
24200520000EB,0.4,0.5,3,3.000,3.0
24200520000EB,0.5,0.6,3,3.000,3.0
24200520000EB,0.6,0.7,3,3.000,3.0
24200520000EB,0.7,0.8,3,3.000,3.0
24200520000EB,0.8,0.9,3,3.000,3.0
24200520000EB,0.9,1,3,3.000,3.0
24200520000EB,1,1.09,3,3.000,3.0
24200520000EB,2.54,2.6,3,3.000,3.0
24200520000EB,2.6,2.7,3,3.000,3.0
24200520000EB,2.7,2.8,3,3.000,3.0
24200520000EB,2.8,2.9,3,3.000,3.0
24200520000EB,2.9,3,3,3.000,3.0
24200520000EB,3,3.1,3,3.000,3.0
24200520000EB,3.1,3.2,3,3.000,3.0
24200520000EB,3.2,3.3,3,3.000,3.0
24200520000EB,3.3,3.4,3,3.000,3.0
24200520000EB,3.4,3.5,3,3.000,3.0
24200520000EB,3.5,3.6,3,3.000,3.0
24200520000EB,3.6,3.7,3,3.000,3.0
24200520000EB,3.7,3.72,3,3.000,3.0
24200520000EB,5.19,5.2,3,3.000,3.0
24200520000EB,5.2,5.3,3,3.000,3.0
24200520000EB,5.3,5.4,3,3.000,3.0
24200520000EB,5.4,5.5,3,3.000,3.0
24200520000EB,5.5,5.6,3,3.000,3.0
24200520000EB,5.6,5.7,3,3.000,3.0
24200520000EB,5.7,5.8,3,3.000,3.0
24200520000EB,5.8,5.9,3,3.000,3.0
24200520000EB,5.9,6,3,3.000,3.0
24200520000EB,6,6.1,3,3.000,3.0
24200520000EB,6.1,6.2,3,3.000,3.0
24200520000EB,6.2,6.3,3,3.000,3.0
24200520000EB,6.3,6.4,3,3.000,3.0
24200520000EB,6.4,6.5,3,3.000,3.0
24200520000EB,6.5,6.6,3,3.000,3.0
24200520000EB,6.6,6.7,3,3.000,3.0
24200520000EB,6.7,6.8,3,3.000,3.0
24200520000EB,6.8,6.9,3,3.000,3.0
24200520000EB,6.9,7,3,3.000,3.0
24200520000EB,7,7.1,3,3.000,3.0
24200520000EB,7.1,7.2,3,3.000,3.0
24200520000EB,7.2,7.3,3,3.000,3.0
24200520000EB,7.3,7.4,3,3.000,3.0
24200520000EB,7.4,7.5,3,3.000,3.0
24200520000EB,7.5,7.6,3,3.000,3.0
24200520000EB,7.6,7.7,3,3.000,3.0
24200520000EB,7.7,7.8,3,3.000,3.0
24200520000EB,7.8,7.9,3,3.000,3.0
24200520000EB,7.9,7.91,3,3.000,3.0
24200520000EB,9.59,9.6,3,3.000,3.0
24200520000EB,9.6,9.7,3,3.000,3.0
24200520000EB,9.7,9.8,3,3.000,3.0
24200520000EB,9.8,9.9,3,3.000,3.0
24200520000EB,9.9,10,3,3.000,3.0
24200520000EB,10,10.1,3,3.000,3.0
24200520000EB,10.1,10.2,3,3.000,3.0
24200520000EB,10.2,10.3,3,3.000,3.0
24200520000EB,10.3,10.4,3,3.000,3.0
24200520000EB,10.4,10.5,3,3.000,3.0
24200520000EB,10.5,10.6,3,3.000,3.0
24200520000EB,10.6,10.7,3,3.000,3.0
24200520000EB,10.7,10.8,3,3.000,3.0
24200520000EB,10.8,10.9,3,3.000,3.0
24200520000EB,10.9,11,3,3.000,3.0
24200520000EB,11,11.1,3,3.000,3.0
24200520000EB,11.1,11.2,3,3.000,3.0
24200520000EB,11.2,11.3,3,3.000,3.0
24200520000EB,11.3,11.4,3,3.000,3.0
24200520000EB,11.4,11.5,3,3.000,3.0
24200520000EB,11.5,11.6,3,3.000,3.0
24200520000EB,11.6,11.7,3,3.000,3.0
24200520000EB,11.7,11.8,3,3.000,3.0
24200520000EB,11.8,11.9,3,3.000,3.0
24200520000EB,11.9,12,3,3.000,3.0
24200520000EB,12,12.1,3,3.000,3.0
24200520000EB,12.1,12.2,3,3.000,3.0
24200520000EB,12.2,12.3,3,3.000,3.0
24200520000EB,12.3,12.4,3,3.000,3.0
24200520000EB,12.4,12.5,3,3.000,3.0
24200520000EB,12.5,12.6,3,3.000,3.0
24200520000EB,12.6,12.7,3,3.000,3.0
24200520000EB,12.7,12.8,3,3.000,3.0
24200520000EB,12.8,12.82,3,3.000,3.0
24200520000EB,24.59,24.6,3,3.000,3.0
24200520000EB,24.6,24.7,3,3.000,3.0
24200520000EB,24.7,24.8,3,3.000,3.0
24200520000EB,24.8,24.9,3,3.000,3.0
24200520000EB,24.9,25,3,3.000,3.0
24200520000EB,25,25.1,3,3.000,3.0
24200520000EB,25.1,25.2,3,3.000,3.0
24200520000EB,25.2,25.3,3,3.000,3.0
24200520000EB,25.3,25.4,3,3.000,3.0
24200520000EB,25.4,25.5,3,3.000,3.0
24200520000EB,25.5,25.6,3,3.000,3.0
24200520000EB,25.6,25.7,3,3.000,3.0
24200520000EB,25.7,25.8,3,3.000,3.0
24200520000EB,25.8,25.9,3,3.000,3.0
24200520000EB,25.9,26,3,3.000,3.0
24200520000EB,26,26.1,3,3.000,3.0
24200520000EB,26.1,26.2,3,3.000,3.0
24200520000EB,26.2,26.3,3,3.000,3.0
24200520000EB,26.3,26.4,3,3.000,3.0
24200520000EB,26.4,26.5,3,3.000,3.0
24200520000EB,26.5,26.6,3,3.000,3.0
24200520000EB,26.6,26.7,3,3.000,3.0
24200520000EB,26.7,26.77,3,3.000,3.0
2730002000000,15.93,18.05,3,3.000,3.0
2730002000000,18.91,19.89,3,3.000,3.0
2680901000000,0,0.18,2,,
5430014000100,0,0.63,,,5.0
0530067000000,6.14,6.71,,2.000,2.0
1740031000000,0.5,1.45,1,1.000,1.0
0540018000000,0,1.71,2,,
20300610006EB,0,0.19,,,3.0
1030061000000,0,1.04,2,2.000,5.0
1030061000000,1.04,1.12,2,2.000,2.0
1030061000000,8.74,9.33,2,2.000,2.0
1030061000000,22.53,25.56,2,2.000,2.0
4040012000000,4.71,8.19,,,3.0
4040012000000,8.19,10.77,,,3.0
4040012000000,10.77,12.37,,,3.0
5430047000000,0.45,0.56,,,5.0
20100640000EB,45.39,45.4,3,3.000,3.0
20100640000EB,45.4,47.44,3,,3.0
20100640000EB,47.44,48.4,3,3.000,3.0
20100640000EB,48.4,49.75,3,3.000,3.0
20100640000EB,49.75,50.11,3,3.000,3.0
20100640000EB,50.11,51.56,3,3.000,3.0
20100640000EB,51.56,52.38,3,3.000,3.0
20100640000EB,52.38,52.73,3,3.000,3.0
20100640000EB,52.73,53.1,5,5.000,5.0
20100640000EB,53.1,53.75,5,,5.0
20100640000EB,53.75,54.3,5,5.000,5.0
20100640000EB,54.3,54.37,5,,5.0
20100640000EB,54.37,54.4,3,3.000,3.0
20100640000EB,54.4,54.8,3,,3.0
20100640000EB,54.8,55.21,3,3.000,3.0
20100640000EB,55.21,56.33,3,3.000,3.0
20100640000EB,56.33,57.02,3,3.000,3.0
20100640000EB,57.02,57.48,3,3.000,3.0
20100640000EB,57.48,57.92,2,,
20100640000EB,57.92,58.2,2,2.000,2.0
20100640000EB,58.2,58.3,2,,2.0
3530002000000,2.36,2.84,,,8.0
2830104000000,1.65,1.93,6,6.000,3.0
2830104000000,1.93,1.95,6,6.000,3.0
2830104000000,1.95,2.65,6,6.000,3.0
1040019020000,0,0.82,2,,5.0
5230180000000,0,1.6,2,,
1740019020000,0.23,0.65,2,2.000,2.0
28200190000NB,2.88,2.9,3,3.000,3.0
28200190000NB,2.9,3,3,3.000,3.0
28200190000NB,3,3.1,3,3.000,3.0
28200190000NB,3.1,3.2,3,3.000,3.0
28200190000NB,3.2,3.3,3,3.000,3.0
28200190000NB,3.3,3.4,3,3.000,3.0
28200190000NB,3.4,3.5,3,3.000,3.0
28200190000NB,3.5,3.6,3,3.000,3.0
28200190000NB,3.6,3.7,3,3.000,3.0
28200190000NB,3.7,3.8,3,3.000,3.0
28200190000NB,3.8,3.87,3,3.000,3.0
28200190000NB,5.34,5.4,3,3.000,3.0
28200190000NB,5.4,5.5,3,3.000,3.0
28200190000NB,5.5,5.6,3,3.000,3.0
28200190000NB,5.6,5.7,3,3.000,3.0
28200190000NB,5.7,5.8,3,3.000,3.0
28200190000NB,5.8,5.9,3,3.000,3.0
28200190000NB,5.9,6,3,3.000,3.0
28200190000NB,6,6.01,3,3.000,3.0
28200190000NB,6.01,6.1,3,3.000,3.0
28200190000NB,6.1,6.2,3,3.000,3.0
28200190000NB,6.2,6.3,3,3.000,3.0
28200190000NB,6.3,6.4,3,3.000,3.0
28200190000NB,6.4,6.5,3,3.000,3.0
28200190000NB,6.5,6.6,3,3.000,3.0
28200190000NB,6.6,6.7,3,3.000,3.0
28200190000NB,6.7,6.8,3,3.000,3.0
28200190000NB,6.8,6.9,3,3.000,3.0
28200190000NB,6.9,7,3,3.000,3.0
28200190000NB,7,7.1,3,3.000,3.0
28200190000NB,7.1,7.2,3,3.000,3.0
28200190000NB,7.2,7.3,3,3.000,3.0
28200190000NB,7.3,7.4,3,3.000,3.0
28200190000NB,7.4,7.44,3,3.000,3.0
28200190000NB,10.69,10.7,,3.000,3.0
28200190000NB,10.7,10.73,,3.000,3.0
28200190000NB,10.73,10.76,,3.000,3.0
28200190000NB,10.76,10.8,3,3.000,3.0
28200190000NB,10.8,10.9,3,3.000,3.0
28200190000NB,10.9,11,3,3.000,3.0
28200190000NB,11,11.1,3,3.000,3.0
28200190000NB,11.1,11.2,3,3.000,3.0
28200190000NB,11.2,11.3,3,3.000,3.0
28200190000NB,11.3,11.4,3,3.000,3.0
28200190000NB,11.4,11.5,3,3.000,3.0
28200190000NB,11.5,11.6,3,3.000,3.0
28200190000NB,11.6,11.63,3,3.000,3.0
28200190000NB,11.63,11.7,3,,
2840021010000,0,0.89,3,3.000,3.0
0540027040000,1.85,1.89,2,,
2071026001900,0,0.33,,3.000,3.0
2140013000000,0,0.4,3,3.000,3.0
2840011000000,0.08,0.58,3,3.000,3.0
4140008010000,1.02,1.6,3,3.000,3.0
0130076000000,1.75,6.62,3,3.000,3.0
20100790000NB,0,0.8,3,3.000,3.0
20100790000NB,0.8,0.81,3,,3.0
20100790000NB,0.81,0.9,3,,3.0
20100790000NB,0.9,1.95,3,3.000,3.0
20100790000NB,1.95,2.24,3,3.000,3.0
20100790000NB,2.24,3.51,3,3.000,3.0
20100790000NB,3.51,4.51,3,3.000,3.0
20100790000NB,4.51,5.42,3,3.000,3.0
20100790000NB,5.42,5.56,3,3.000,3.0
20100790000NB,5.56,6.12,3,3.000,3.0
20100790000NB,6.82,7.19,3,3.000,3.0
20100790000NB,7.19,7.38,3,3.000,3.0
20100790000NB,7.38,7.476,3,,
20100790000NB,9.97,10.64,3,3.000,3.0
20100790000NB,10.64,15.6,3,3.000,3.0
20100790000NB,15.6,16.04,3,,3.0
20100790000NB,16.04,16.1,5,5.000,5.0
20100790000NB,16.1,16.2,5,,5.0
20100790000NB,16.2,19.22,5,3.000,5.0
20100790000NB,19.22,20.6,3,3.000,3.0
20100790000NB,20.6,20.62,3,,3.0
20100790000NB,20.62,20.7,3,3.000,3.0
20100790000NB,20.7,21.28,3,3.000,3.0
4130061000000,2.604,3.29,3,3.000,3.0
4040031000000,0,0.3,,,3.0
44100790000SB,25.67,29.58,5,,
3540041010000,1.62,2.39,2,,
0330094000000,0,3.01,,,3.0
3140019080000,0,0.23,1,1.000,1.0
1040009010000,0,1.93,2,,
0580959000000,0,0.89,2,,
0330085000000,10.67,13.13,,3.000,3.0
47300320005SB,0.04,0.1,5,5.000,5.0
47300320005SB,0.1,0.19,5,5.000,5.0
29202200000NB,12.61,12.7,5,5.000,5.0
29202200000NB,12.7,12.8,5,5.000,5.0
29202200000NB,12.8,12.9,5,5.000,5.0
29202200000NB,12.9,13,5,5.000,5.0
29202200000NB,13,13.1,5,5.000,5.0
29202200000NB,13.1,13.2,5,5.000,5.0
29202200000NB,13.2,13.26,5,5.000,5.0
29202200000NB,13.78,13.8,,5.000,5.0
29202200000NB,13.8,13.96,,,5.0
1740019570000,0,0.49,2,2.000,2.0
0130092000000,8.64,9.265,3,3.000,3.0
0130092000000,9.265,10.73,3,3.000,3.0
28204600000EB,0.029,0.1,6,6.000,6.0
28204600000EB,0.1,0.2,6,6.000,6.0
28204600000EB,0.2,0.3,6,6.000,6.0
28204600000EB,0.3,0.4,6,6.000,6.0
28204600000EB,0.4,0.5,6,6.000,6.0
28204600000EB,0.5,0.6,6,6.000,6.0
28204600000EB,0.6,0.7,6,6.000,6.0
28204600000EB,0.7,0.8,6,6.000,6.0
28204600000EB,0.8,0.9,6,6.000,6.0
28204600000EB,0.9,1,6,6.000,6.0
28204600000EB,1,1.06,6,6.000,6.0
28204600000EB,1.33,1.4,6,6.000,6.0
28204600000EB,1.4,1.5,6,6.000,6.0
28204600000EB,1.5,1.6,6,6.000,6.0
28204600000EB,1.6,1.7,6,6.000,6.0
28204600000EB,1.7,1.8,6,6.000,6.0
28204600000EB,1.8,1.9,6,6.000,6.0
28204600000EB,1.9,2,6,6.000,6.0
28204600000EB,2,2.1,6,6.000,6.0
28204600000EB,2.1,2.2,6,6.000,6.0
28204600000EB,2.2,2.3,6,6.000,6.0
28204600000EB,2.3,2.4,6,6.000,6.0
28204600000EB,2.4,2.5,6,6.000,6.0
28204600000EB,2.5,2.6,6,6.000,6.0
28204600000EB,2.6,2.7,6,6.000,6.0
28204600000EB,2.7,2.8,6,6.000,6.0
28204600000EB,2.8,2.9,6,6.000,6.0
28204600000EB,2.9,3,6,6.000,6.0
28204600000EB,3,3.09,6,6.000,6.0
28204600000EB,4.29,4.3,6,6.000,6.0
28204600000EB,4.3,4.4,6,6.000,6.0
28204600000EB,4.4,4.5,6,6.000,6.0
28204600000EB,4.5,4.6,6,6.000,6.0
28204600000EB,4.6,4.7,6,6.000,6.0
28204600000EB,4.7,4.8,6,6.000,6.0
28204600000EB,4.8,4.9,6,6.000,6.0
28204600000EB,4.9,5,6,6.000,6.0
28204600000EB,5,5.1,6,6.000,6.0
28204600000EB,5.1,5.2,6,6.000,6.0
28204600000EB,5.2,5.3,6,6.000,6.0
28204600000EB,5.3,5.38,6,6.000,6.0
28204600000EB,13.48,13.5,6,6.000,6.0
28204600000EB,13.5,13.6,6,6.000,6.0
28204600000EB,13.6,13.7,6,6.000,6.0
28204600000EB,13.7,13.8,6,6.000,6.0
28204600000EB,13.8,13.9,6,6.000,6.0
28204600000EB,13.9,14,6,6.000,6.0
28204600000EB,14,14.1,6,6.000,6.0
28204600000EB,14.1,14.2,6,6.000,6.0
28204600000EB,14.2,14.3,6,6.000,6.0
28204600000EB,14.3,14.4,6,6.000,6.0
28204600000EB,14.4,14.5,6,6.000,6.0
28204600000EB,14.5,14.6,6,6.000,6.0
28204600000EB,14.6,14.7,6,6.000,6.0
28204600000EB,14.7,14.72,6,6.000,6.0
28204600000EB,14.72,14.8,6,6.000,6.0
28204600000EB,14.8,14.9,6,6.000,6.0
28204600000EB,14.9,15,6,6.000,6.0
28204600000EB,15,15.1,6,6.000,6.0
28204600000EB,15.1,15.15,6,6.000,6.0
08100790000NB,36,39.91,3,,
08100790000NB,39.91,40,5,5.000,5.0
08100790000NB,40,41.43,5,,5.0
08100790000NB,41.43,44.6,5,5.000,5.0
5530010000000,24.14,24.2,3,3.000,3.0
5530010000000,24.2,24.3,3,3.000,3.0
5530010000000,24.3,24.38,3,3.000,3.0
2740001040000,1.647,1.65,,,3.0
40200350000NB,0.29,0.65,5,5.000,5.0
40200350000NB,1.36,1.6,5,5.000,5.0
40200350000NB,1.64,2.06,5,5.000,5.0
40200350000NB,2.1,2.3,5,5.000,5.0
40200350000NB,2.3,2.532,5,,5.0
1330063000000,6.06,7.63,2,2.000,5.0
2440009000000,7.87,9.2,3,3.000,3.0
1140007000000,6.97,8.45,3,3.000,3.0
1140007000000,8.45,8.67,3,3.000,3.0
17200500000EB,0,1.53,2,2.000,2.0
17200500000EB,1.53,3.37,2,2.000,2.0
17200500000EB,3.42,3.8,2,2.000,2.0
17200500000EB,6.11,7.16,2,2.000,2.0
17200500000EB,7.16,7.18,2,2.000,2.0
17200500000EB,7.18,11.38,2,2.000,2.0
17200500000EB,11.38,12.29,2,2.000,3.0
17200500000EB,12.29,12.88,2,2.000,2.0
17200500000EB,13.25,13.56,2,2.000,2.0
17200500000EB,13.56,13.78,,,2.0
17200500000EB,13.78,14.03,2,2.000,2.0
17200500000EB,14.03,14.2,2,2.000,2.0
17200500000EB,14.2,14.25,2,2.000,2.0
17200500000EB,14.324,14.6,2,2.000,2.0
17200500000EB,14.6,14.64,2,2.000,2.0
17200500000EB,14.96,15.3,2,2.000,2.0
17200500000EB,15.3,15.31,2,2.000,2.0
17200500000EB,15.31,15.46,,,2.0
17200500000EB,15.465,15.57,2,2.000,2.0
17200500000EB,15.68,15.7,2,2.000,2.0
17200500000EB,15.7,16.24,2,2.000,2.0
17200500000EB,16.27,17.79,2,2.000,2.0
17200500000EB,17.79,18,2,2.000,2.0
17200500000EB,18,18.1,2,2.000,2.0
17200500000EB,18.1,18.2,2,2.000,2.0
17200500000EB,18.2,18.32,2,2.000,2.0
17200500000EB,18.32,18.45,2,2.000,2.0
17200500000EB,18.45,18.52,2,2.000,2.0
17200500000EB,18.52,18.8,2,2.000,2.0
17200500000EB,18.85,19.21,2,2.000,2.0
3140019240000,2.77,3,1,1.000,1.0
3140019240000,3,3.08,1,1.000,1.0
03201190000NB,0,2.93,2,2.000,2.0
03201190000NB,9.44,11.49,3,3.000,3.0
03201190000NB,11.49,12.36,3,3.000,3.0
03201190000NB,12.36,12.83,3,,
03201190000NB,12.83,13.54,2,2.000,2.0
03201190000NB,16.97,17.8,2,2.000,2.0
03201190000NB,17.8,17.83,2,,2.0
4030025000000,0,0.63,,3.000,3.0
1930051000000,8.66,8.78,2,2.000,2.0
1030006000000,0,0.12,2,,5.0
1030006000000,0.12,0.33,2,,2.0
1040061100000,0.08,0.45,2,,
0830004000000,21.98,22.98,5,5.000,5.0
4130016000000,8.47,9.485,3,3.000,3.0
4130016000000,9.485,9.8,3,3.000,3.0
4130016000000,12,12.009,3,3.000,3.0
4130016000000,12.009,12.1,3,3.000,3.0
4130016000000,12.1,12.2,3,3.000,3.0
4130016000000,12.2,12.3,3,3.000,3.0
4130016000000,12.3,12.4,3,3.000,3.0
4130016000000,12.4,12.5,3,3.000,3.0
4130016000000,12.5,12.6,3,3.000,3.0
4130016000000,12.6,12.7,3,3.000,3.0
4130016000000,12.7,12.8,3,3.000,3.0
4130016000000,12.8,12.9,3,3.000,3.0
4130016000000,12.9,13,3,3.000,3.0
4130016000000,13,13.1,3,3.000,3.0
4130016000000,13.1,13.2,3,3.000,3.0
4130016000000,13.2,13.3,3,3.000,3.0
4130016000000,13.3,13.4,3,3.000,3.0
4130016000000,13.4,13.5,3,3.000,3.0
4130016000000,13.5,13.6,3,3.000,3.0
4130016000000,13.6,13.7,3,3.000,3.0
4130016000000,13.7,13.8,3,3.000,3.0
4130016000000,13.8,13.9,3,3.000,3.0
4130016000000,13.9,14,3,3.000,3.0
4130016000000,14,14.1,3,3.000,3.0
4130016000000,14.1,14.12,3,3.000,3.0
4130016000000,14.42,14.5,3,3.000,3.0
4130016000000,14.5,14.6,3,3.000,3.0
4130016000000,14.6,14.7,3,3.000,3.0
4130016000000,14.7,14.72,3,3.000,3.0
4130016000000,14.72,14.8,3,3.000,3.0
4130016000000,14.8,14.9,3,3.000,3.0
4130016000000,14.9,15,3,3.000,3.0
4130016000000,15,15.08,3,3.000,3.0
4130016000000,15.08,15.1,3,3.000,3.0
4130016000000,15.1,15.2,3,3.000,3.0
4130016000000,15.2,15.3,3,3.000,3.0
4130016000000,15.3,15.4,3,3.000,3.0
4130016000000,15.4,15.61,,,3.0
4130016000000,15.65,15.7,3,3.000,3.0
4130016000000,15.7,15.8,3,3.000,3.0
4130016000000,15.8,15.81,3,3.000,3.0
4130016000000,18.53,18.82,3,3.000,3.0
4130016000000,18.82,18.96,3,3.000,3.0
4130016000000,18.96,19.79,3,3.000,3.0
2640002040000,0.26,0.38,2,,
0540010000000,0,2.1,2,,
2840016000000,1.7,2.5,3,3.000,3.0
2840016000000,2.5,2.614,3,3.000,3.0
4240033070000,0,0.43,8,8.000,8.0
4240033070000,0.43,2.01,8,,
05200220000EB,3.17,3.35,,,8.0
05200220000EB,3.35,3.45,,,8.0
05200220000EB,3.45,4.73,,,8.0
05200220000EB,4.73,5.19,,,8.0
05200220000EB,5.19,5.89,,,8.0
2630002000000,11.88,13.57,2,,
20200600007WB,7.93,8.1,,3.000,3.0
4930020000000,22.87,23.54,5,5.000,5.0
0940003000000,4.14,5.77,3,3.000,3.0
1740050340000,0,0.69,2,2.000,2.0
4940001000000,2.28,3.09,3,3.000,3.0
4940001000000,3.09,3.14,3,3.000,3.0
4940001000000,3.14,3.17,3,3.000,3.0
3430039000000,24.6,24.96,2,2.000,5.0
2030062000000,7.93,8.26,,,3.0
04100790000NB,44.6,44.7,5,5.000,3.0
04100790000NB,44.7,44.8,5,5.000,3.0
04100790000NB,44.8,44.9,5,5.000,3.0
04100790000NB,44.9,45,5,5.000,3.0
04100790000NB,45,45.1,5,5.000,3.0
04100790000NB,45.1,45.2,5,5.000,3.0
04100790000NB,45.2,45.3,5,5.000,3.0
04100790000NB,45.3,45.4,5,5.000,3.0
04100790000NB,45.4,45.5,5,5.000,3.0
04100790000NB,45.5,45.6,5,5.000,3.0
04100790000NB,45.6,45.7,5,5.000,3.0
04100790000NB,45.7,45.8,5,5.000,3.0
04100790000NB,45.8,45.9,5,5.000,3.0
04100790000NB,45.9,46,5,5.000,3.0
04100790000NB,46,46.1,5,5.000,3.0
04100790000NB,46.1,46.18,5,5.000,3.0
04100790000NB,46.18,46.2,5,5.000,3.0
04100790000NB,46.2,46.22,5,5.000,3.0
04100790000NB,46.22,46.3,3,3.000,3.0
04100790000NB,46.3,46.4,3,3.000,3.0
04100790000NB,46.4,46.5,3,3.000,3.0
04100790000NB,46.5,46.6,3,3.000,3.0
04100790000NB,46.6,46.7,3,3.000,3.0
04100790000NB,46.7,46.8,3,3.000,3.0
04100790000NB,46.8,46.9,3,3.000,3.0
04100790000NB,46.9,47,3,3.000,3.0
04100790000NB,47,47.1,3,3.000,3.0
04100790000NB,47.1,47.2,3,3.000,3.0
04100790000NB,47.2,47.3,3,3.000,3.0
04100790000NB,47.3,47.4,3,3.000,3.0
04100790000NB,47.4,47.5,3,3.000,3.0
04100790000NB,47.5,47.6,3,3.000,3.0
04100790000NB,47.6,47.7,3,3.000,3.0
04100790000NB,47.7,47.8,3,3.000,3.0
04100790000NB,47.8,47.9,3,3.000,3.0
04100790000NB,47.9,48,3,3.000,3.0
04100790000NB,48,48.1,3,3.000,3.0
04100790000NB,48.1,48.2,3,3.000,3.0
04100790000NB,48.2,48.3,3,3.000,3.0
04100790000NB,48.3,48.4,3,3.000,3.0
04100790000NB,48.4,48.5,3,3.000,3.0
04100790000NB,48.5,48.6,3,3.000,3.0
04100790000NB,48.6,48.7,3,3.000,3.0
04100790000NB,48.7,48.8,3,3.000,3.0
04100790000NB,48.8,48.9,3,3.000,3.0
04100790000NB,48.9,49,3,3.000,3.0
04100790000NB,49,49.1,3,3.000,3.0
04100790000NB,49.1,49.2,3,3.000,3.0
04100790000NB,49.2,49.3,3,3.000,3.0
04100790000NB,49.3,49.4,3,3.000,3.0
04100790000NB,49.4,49.5,3,3.000,3.0
04100790000NB,49.5,49.6,3,3.000,3.0
04100790000NB,49.6,49.7,3,3.000,3.0
04100790000NB,49.7,49.73,3,3.000,3.0
04100790000NB,49.73,49.8,3,3.000,3.0
04100790000NB,49.8,49.9,3,3.000,3.0
04100790000NB,49.9,50,3,3.000,3.0
04100790000NB,50,50.1,3,3.000,3.0
04100790000NB,50.1,50.2,3,3.000,3.0
04100790000NB,50.2,50.3,3,3.000,3.0
04100790000NB,50.3,50.35,3,3.000,3.0
04100790000NB,50.35,50.4,3,3.000,3.0
04100790000NB,50.4,50.5,3,3.000,3.0
04100790000NB,50.5,50.6,3,3.000,3.0
04100790000NB,50.6,50.7,3,3.000,3.0
04100790000NB,50.7,50.8,3,3.000,3.0
04100790000NB,50.8,50.9,3,3.000,3.0
04100790000NB,50.9,51,3,3.000,3.0
04100790000NB,51,51.1,3,3.000,3.0
04100790000NB,51.1,51.2,3,3.000,3.0
04100790000NB,51.2,51.3,3,3.000,3.0
04100790000NB,51.3,51.4,3,3.000,3.0
04100790000NB,51.4,51.5,3,3.000,3.0
04100790000NB,51.5,51.6,3,3.000,3.0
04100790000NB,51.6,51.61,3,3.000,3.0
04100790000NB,51.61,51.7,3,3.000,3.0
04100790000NB,51.7,51.8,3,3.000,3.0
04100790000NB,51.8,51.9,3,3.000,3.0
04100790000NB,51.9,52,3,3.000,3.0
04100790000NB,52,52.1,3,3.000,3.0
04100790000NB,52.1,52.2,3,3.000,3.0
04100790000NB,52.2,52.3,3,3.000,3.0
04100790000NB,52.3,52.4,3,3.000,3.0
04100790000NB,52.4,52.5,3,3.000,3.0
04100790000NB,52.5,52.6,3,3.000,3.0
04100790000NB,52.6,52.61,3,3.000,3.0
04100790000NB,52.61,52.7,3,3.000,3.0
04100790000NB,52.7,52.8,3,3.000,3.0
04100790000NB,52.8,52.9,3,3.000,3.0
04100790000NB,52.9,53,3,3.000,3.0
04100790000NB,53,53.1,3,3.000,3.0
04100790000NB,53.1,53.2,3,3.000,3.0
04100790000NB,53.2,53.27,3,3.000,3.0
04100790000NB,53.27,53.3,3,3.000,3.0
04100790000NB,53.3,53.4,3,3.000,3.0
04100790000NB,53.4,53.5,3,3.000,3.0
04100790000NB,53.5,53.6,3,3.000,3.0
04100790000NB,53.6,53.7,3,3.000,3.0
04100790000NB,53.7,53.8,3,3.000,3.0
04100790000NB,53.8,53.9,3,3.000,3.0
04100790000NB,53.9,54,3,3.000,3.0
04100790000NB,54,54.1,3,3.000,3.0
04100790000NB,54.1,54.18,3,3.000,3.0
04100790000NB,54.18,54.2,5,5.000,5.0
04100790000NB,54.2,54.3,5,5.000,5.0
04100790000NB,54.3,54.4,5,5.000,5.0
04100790000NB,54.4,54.5,5,5.000,5.0
04100790000NB,54.5,54.6,5,5.000,5.0
04100790000NB,54.6,54.7,5,5.000,5.0
04100790000NB,54.7,54.8,5,5.000,5.0
04100790000NB,54.8,54.9,5,5.000,5.0
04100790000NB,54.9,55,5,5.000,5.0
04100790000NB,55,55.1,5,5.000,5.0
04100790000NB,55.1,55.2,5,5.000,5.0
04100790000NB,55.2,55.3,5,5.000,5.0
04100790000NB,55.3,55.4,5,5.000,5.0
04100790000NB,55.4,55.5,5,5.000,5.0
04100790000NB,55.5,55.6,5,5.000,5.0
04100790000NB,55.6,55.7,5,5.000,5.0
04100790000NB,55.7,55.8,5,5.000,5.0
04100790000NB,55.8,55.9,5,5.000,5.0
04100790000NB,55.9,56,5,5.000,5.0
04100790000NB,56,56.1,5,5.000,5.0
04100790000NB,56.1,56.2,5,5.000,5.0
04100790000NB,56.2,56.3,5,5.000,5.0
04100790000NB,56.3,56.4,5,5.000,5.0
04100790000NB,56.4,56.5,5,5.000,5.0
04100790000NB,56.5,56.6,5,5.000,5.0
04100790000NB,56.6,56.7,5,5.000,5.0
04100790000NB,56.7,56.8,5,5.000,5.0
04100790000NB,56.8,56.9,5,5.000,5.0
04100790000NB,56.9,57,5,5.000,5.0
04100790000NB,57,57.1,5,5.000,5.0
04100790000NB,57.1,57.2,5,5.000,5.0
04100790000NB,57.2,57.3,5,5.000,5.0
04100790000NB,57.3,57.4,5,5.000,5.0
04100790000NB,57.4,57.5,5,5.000,5.0
04100790000NB,57.5,57.51,5,5.000,5.0
04100790000NB,57.51,57.6,3,5.000,3.0
04100790000NB,57.6,57.7,3,5.000,3.0
04100790000NB,57.7,57.8,3,5.000,3.0
04100790000NB,57.8,57.9,3,3.000,3.0
04100790000NB,57.9,58,3,3.000,3.0
04100790000NB,58,58.1,3,3.000,3.0
04100790000NB,58.1,58.2,3,3.000,3.0
04100790000NB,58.2,58.3,3,3.000,3.0
04100790000NB,58.3,58.4,3,3.000,3.0
04100790000NB,58.4,58.5,3,3.000,3.0
04100790000NB,58.5,58.6,3,3.000,3.0
04100790000NB,58.6,58.7,3,3.000,3.0
04100790000NB,58.7,58.8,3,3.000,3.0
04100790000NB,58.8,58.9,3,3.000,3.0
04100790000NB,58.9,59,3,3.000,3.0
04100790000NB,59,59.1,3,3.000,3.0
04100790000NB,59.1,59.2,3,3.000,3.0
04100790000NB,59.2,59.3,3,3.000,3.0
04100790000NB,59.3,59.4,3,3.000,3.0
04100790000NB,59.4,59.5,3,3.000,3.0
04100790000NB,59.5,59.6,3,3.000,3.0
04100790000NB,59.6,59.7,3,3.000,3.0
04100790000NB,59.7,59.8,3,3.000,3.0
04100790000NB,59.8,59.9,3,3.000,3.0
04100790000NB,59.9,60,3,3.000,3.0
04100790000NB,60,60.1,3,3.000,3.0
04100790000NB,60.1,60.2,3,3.000,3.0
04100790000NB,60.2,60.3,3,3.000,3.0
04100790000NB,60.3,60.4,3,3.000,3.0
04100790000NB,60.4,60.5,3,3.000,3.0
04100790000NB,60.5,60.6,3,3.000,3.0
04100790000NB,60.6,60.7,3,3.000,3.0
04100790000NB,60.7,60.8,3,3.000,3.0
04100790000NB,60.8,60.9,3,3.000,3.0
04100790000NB,60.9,61,3,3.000,3.0
04100790000NB,61,61.1,3,3.000,3.0
04100790000NB,61.1,61.2,3,3.000,3.0
04100790000NB,61.2,61.3,3,3.000,3.0
04100790000NB,61.3,61.4,3,3.000,3.0
04100790000NB,61.4,61.47,3,3.000,3.0
04100790000NB,61.47,61.5,3,3.000,3.0
04100790000NB,61.5,61.6,3,3.000,3.0
04100790000NB,61.6,61.7,3,3.000,3.0
04100790000NB,61.7,61.8,3,3.000,3.0
04100790000NB,61.8,61.9,3,3.000,3.0
04100790000NB,61.9,62,3,3.000,3.0
04100790000NB,62,62.04,3,3.000,3.0
04100790000NB,62.04,62.1,5,5.000,5.0
04100790000NB,62.1,62.2,5,5.000,5.0
04100790000NB,62.2,62.3,5,5.000,5.0
04100790000NB,62.3,62.4,5,5.000,5.0
04100790000NB,62.4,62.5,5,5.000,5.0
04100790000NB,62.5,62.6,5,5.000,5.0
04100790000NB,62.6,62.7,5,5.000,5.0
04100790000NB,62.7,62.8,5,5.000,5.0
04100790000NB,62.8,62.9,5,5.000,5.0
04100790000NB,62.9,63,5,5.000,5.0
04100790000NB,63,63.1,5,5.000,5.0
04100790000NB,63.1,63.2,5,5.000,5.0
04100790000NB,63.2,63.3,5,5.000,5.0
04100790000NB,63.3,63.4,5,5.000,5.0
04100790000NB,63.4,63.46,5,5.000,5.0
04100790000NB,63.46,63.5,5,5.000,5.0
04100790000NB,63.5,63.6,5,5.000,5.0
04100790000NB,63.6,63.7,5,5.000,5.0
04100790000NB,63.7,63.8,5,5.000,5.0
04100790000NB,63.8,63.9,5,5.000,5.0
04100790000NB,63.9,64,5,5.000,5.0
04100790000NB,64,64.1,5,5.000,5.0
04100790000NB,64.1,64.2,5,5.000,5.0
04100790000NB,64.2,64.3,5,5.000,5.0
04100790000NB,64.3,64.4,5,5.000,5.0
04100790000NB,64.4,64.5,5,5.000,5.0
04100790000NB,64.5,64.6,5,5.000,5.0
04100790000NB,64.6,64.7,5,5.000,5.0
04100790000NB,64.7,64.8,5,5.000,5.0
04100790000NB,64.8,64.83,5,5.000,5.0
04100790000NB,64.83,64.9,3,5.000,5.0
04100790000NB,64.9,65,3,5.000,5.0
04100790000NB,65,65.1,3,5.000,5.0
04100790000NB,65.1,65.2,3,5.000,5.0
04100790000NB,65.2,65.3,3,5.000,5.0
04100790000NB,65.3,65.4,3,5.000,5.0
04100790000NB,65.4,65.5,3,5.000,5.0
04100790000NB,65.5,65.6,3,5.000,5.0
04100790000NB,65.6,65.7,3,5.000,5.0
04100790000NB,65.7,65.8,3,5.000,5.0
04100790000NB,65.8,65.9,3,3.000,5.0
04100790000NB,65.9,66,3,3.000,5.0
04100790000NB,66,66.1,3,3.000,5.0
04100790000NB,66.1,66.2,3,3.000,5.0
04100790000NB,66.2,66.3,3,3.000,5.0
04100790000NB,66.3,66.4,3,3.000,5.0
04100790000NB,66.4,66.5,3,3.000,5.0
04100790000NB,66.5,66.6,3,3.000,5.0
04100790000NB,66.6,66.7,3,3.000,5.0
04100790000NB,66.7,66.8,3,3.000,5.0
04100790000NB,66.8,66.9,3,3.000,5.0
04100790000NB,66.9,67,3,3.000,5.0
04100790000NB,67,67.1,3,3.000,5.0
04100790000NB,67.1,67.2,3,3.000,5.0
04100790000NB,67.2,67.3,3,3.000,5.0
04100790000NB,67.3,67.4,3,3.000,5.0
04100790000NB,67.4,67.5,3,3.000,5.0
04100790000NB,67.5,67.52,3,3.000,5.0
04100790000NB,67.52,67.6,3,3.000,3.0
04100790000NB,67.6,67.7,3,3.000,3.0
04100790000NB,67.7,67.8,3,3.000,3.0
04100790000NB,67.8,67.9,3,3.000,3.0
04100790000NB,67.9,68,3,3.000,3.0
04100790000NB,68,68.1,3,3.000,3.0
04100790000NB,68.1,68.2,3,3.000,3.0
04100790000NB,68.2,68.3,3,3.000,3.0
04100790000NB,68.3,68.4,3,3.000,3.0
04100790000NB,68.4,68.5,3,3.000,3.0
04100790000NB,68.5,68.6,3,3.000,3.0
04100790000NB,68.6,68.7,3,3.000,3.0
04100790000NB,68.7,68.8,3,3.000,3.0
04100790000NB,68.8,68.9,3,3.000,3.0
04100790000NB,68.9,69,3,3.000,3.0
04100790000NB,69,69.1,3,3.000,3.0
04100790000NB,69.1,69.2,3,3.000,3.0
04100790000NB,69.2,69.3,3,3.000,3.0
04100790000NB,69.3,69.32,3,3.000,3.0
04100790000NB,69.32,69.4,3,3.000,3.0
04100790000NB,69.4,69.5,3,3.000,3.0
04100790000NB,69.5,69.6,3,3.000,3.0
04100790000NB,69.6,69.7,3,3.000,3.0
04100790000NB,69.7,69.8,3,3.000,3.0
04100790000NB,69.8,69.9,3,3.000,3.0
04100790000NB,69.9,70,3,3.000,3.0
04100790000NB,70,70.1,3,3.000,3.0
04100790000NB,70.1,70.2,3,3.000,3.0
04100790000NB,70.2,70.3,3,3.000,3.0
04100790000NB,70.3,70.4,3,3.000,3.0
04100790000NB,70.4,70.5,3,3.000,3.0
04100790000NB,70.5,70.6,3,3.000,3.0
04100790000NB,70.6,70.7,3,3.000,3.0
04100790000NB,70.7,70.8,3,3.000,3.0
04100790000NB,70.8,70.83,3,3.000,3.0
04100790000NB,70.83,70.9,5,3.000,5.0
04100790000NB,70.9,71,5,3.000,5.0
04100790000NB,71,71.1,5,3.000,5.0
04100790000NB,71.1,71.2,5,3.000,5.0
04100790000NB,71.2,71.3,5,3.000,5.0
04100790000NB,71.3,71.4,5,3.000,5.0
04100790000NB,71.4,71.5,5,5.000,5.0
04100790000NB,71.5,71.6,5,5.000,5.0
04100790000NB,71.6,71.7,5,5.000,5.0
04100790000NB,71.7,71.8,5,5.000,5.0
04100790000NB,71.8,71.9,5,5.000,5.0
04100790000NB,71.9,72,5,5.000,5.0
04100790000NB,72,72.1,5,5.000,5.0
04100790000NB,72.1,72.2,5,5.000,5.0
04100790000NB,72.2,72.3,5,5.000,5.0
04100790000NB,72.3,72.4,5,5.000,5.0
04100790000NB,72.4,72.5,5,5.000,5.0
04100790000NB,72.5,72.6,5,5.000,5.0
04100790000NB,72.6,72.7,5,5.000,5.0
04100790000NB,72.7,72.8,5,5.000,5.0
04100790000NB,72.8,72.9,5,5.000,5.0
04100790000NB,72.9,73,5,5.000,5.0
04100790000NB,73,73.1,5,5.000,5.0
04100790000NB,73.1,73.2,5,5.000,5.0
04100790000NB,73.2,73.3,5,5.000,5.0
04100790000NB,73.3,73.4,5,5.000,5.0
04100790000NB,73.4,73.5,5,5.000,5.0
04100790000NB,73.5,73.6,5,5.000,5.0
04100790000NB,73.6,73.7,5,5.000,5.0
04100790000NB,73.7,73.8,5,5.000,5.0
04100790000NB,73.8,73.9,5,5.000,5.0
04100790000NB,73.9,74,5,5.000,5.0
04100790000NB,74,74.1,5,5.000,5.0
04100790000NB,74.1,74.2,5,5.000,5.0
04100790000NB,74.2,74.3,5,5.000,5.0
04100790000NB,74.3,74.4,5,5.000,5.0
04100790000NB,74.4,74.5,5,5.000,5.0
04100790000NB,74.5,74.6,5,5.000,5.0
04100790000NB,74.6,74.7,5,5.000,5.0
04100790000NB,74.7,74.8,5,5.000,5.0
04100790000NB,74.8,74.9,5,5.000,5.0
04100790000NB,74.9,75,5,5.000,5.0
04100790000NB,75,75.1,5,5.000,5.0
04100790000NB,75.1,75.2,5,5.000,5.0
04100790000NB,75.2,75.3,5,5.000,5.0
04100790000NB,75.3,75.4,5,5.000,5.0
04100790000NB,75.4,75.5,5,5.000,5.0
04100790000NB,75.5,75.6,5,5.000,5.0
04100790000NB,75.6,75.7,5,5.000,5.0
04100790000NB,75.7,75.8,5,5.000,5.0
04100790000NB,75.8,75.9,5,5.000,5.0
04100790000NB,75.9,76,5,5.000,5.0
04100790000NB,76,76.1,5,5.000,5.0
04100790000NB,76.1,76.2,5,5.000,5.0
04100790000NB,76.2,76.3,5,5.000,5.0
04100790000NB,76.3,76.4,5,5.000,5.0
04100790000NB,76.4,76.5,5,5.000,5.0
04100790000NB,76.5,76.6,5,5.000,5.0
04100790000NB,76.6,76.7,5,5.000,5.0
04100790000NB,76.7,76.8,5,5.000,5.0
04100790000NB,76.8,76.9,5,5.000,5.0
04100790000NB,76.9,77,5,5.000,5.0
04100790000NB,77,77.1,5,5.000,5.0
04100790000NB,77.1,77.2,5,5.000,5.0
04100790000NB,77.2,77.3,5,5.000,5.0
04100790000NB,77.3,77.4,5,5.000,5.0
04100790000NB,77.4,77.5,5,5.000,5.0
04100790000NB,77.5,77.6,5,5.000,5.0
04100790000NB,77.6,77.7,5,5.000,5.0
04100790000NB,77.7,77.8,5,5.000,5.0
04100790000NB,77.8,77.9,5,5.000,5.0
04100790000NB,77.9,78,5,5.000,5.0
04100790000NB,78,78.1,5,5.000,5.0
04100790000NB,78.1,78.2,5,5.000,5.0
04100790000NB,78.2,78.3,5,5.000,5.0
04100790000NB,78.3,78.4,5,5.000,5.0
04100790000NB,78.4,78.41,5,5.000,5.0
04100790000NB,78.41,78.5,5,5.000,5.0
04100790000NB,78.5,78.6,5,5.000,5.0
04100790000NB,78.6,78.7,5,5.000,5.0
04100790000NB,78.7,78.8,5,5.000,5.0
04100790000NB,78.8,78.9,5,5.000,5.0
04100790000NB,78.9,79,5,5.000,5.0
04100790000NB,79,79.08,5,5.000,5.0
04100790000NB,79.08,79.1,5,5.000,5.0
04100790000NB,79.1,79.2,5,5.000,5.0
04100790000NB,79.2,79.3,5,5.000,5.0
04100790000NB,79.3,79.4,5,5.000,5.0
04100790000NB,79.4,79.5,5,5.000,5.0
04100790000NB,79.5,79.6,5,5.000,5.0
04100790000NB,79.6,79.7,5,5.000,5.0
04100790000NB,79.7,79.8,5,5.000,5.0
04100790000NB,79.8,79.9,5,5.000,5.0
04100790000NB,79.9,80,5,5.000,5.0
04100790000NB,80,80.1,5,5.000,5.0
04100790000NB,80.1,80.2,5,5.000,5.0
04100790000NB,80.2,80.3,5,5.000,5.0
04100790000NB,80.3,80.4,5,5.000,5.0
04100790000NB,80.4,80.5,5,5.000,5.0
04100790000NB,80.5,80.6,5,5.000,5.0
04100790000NB,80.6,80.7,5,5.000,5.0
04100790000NB,80.7,80.8,5,5.000,5.0
04100790000NB,80.8,80.9,5,5.000,5.0
04100790000NB,80.9,81,5,5.000,5.0
04100790000NB,81,81.1,5,5.000,5.0
04100790000NB,81.1,81.2,5,5.000,5.0
04100790000NB,81.2,81.3,5,5.000,5.0
04100790000NB,81.3,81.4,5,5.000,5.0
04100790000NB,81.4,81.5,5,5.000,5.0
04100790000NB,81.5,81.6,5,5.000,5.0
04100790000NB,81.6,81.7,5,5.000,5.0
04100790000NB,81.7,81.8,5,5.000,5.0
04100790000NB,81.8,81.9,5,5.000,5.0
04100790000NB,81.9,82,5,5.000,5.0
04100790000NB,82,82.1,5,5.000,5.0
04100790000NB,82.1,82.2,5,5.000,5.0
04100790000NB,82.2,82.3,5,5.000,5.0
04100790000NB,82.3,82.4,5,5.000,5.0
04100790000NB,82.4,82.5,5,5.000,5.0
04100790000NB,82.5,82.6,5,5.000,5.0
04100790000NB,82.6,82.7,5,5.000,5.0
04100790000NB,82.7,82.8,5,5.000,5.0
04100790000NB,82.8,82.9,5,5.000,5.0
04100790000NB,82.9,83,5,5.000,5.0
04100790000NB,83,83.1,5,5.000,5.0
04100790000NB,83.1,83.15,5,5.000,5.0
4140025000000,3.7,5.9,3,3.000,3.0
31201190000NB,7.81,9.82,2,2.000,2.0
31201190000NB,11.9,12.06,6,6.000,6.0
31201190000NB,13.78,13.8,6,6.000,6.0
31201190000NB,13.8,13.99,6,6.000,6.0
31201190000NB,13.99,14.1,6,6.000,6.0
31201190000NB,14.1,14.22,6,6.000,6.0
31201190000NB,14.42,14.62,6,6.000,6.0
31201190000NB,14.85,15.15,6,6.000,6.0
31201190000NB,15.72,16,6,6.000,6.0
31201190000NB,16.82,17.35,6,6.000,6.0
31201190000NB,17.44,18.2,6,6.000,6.0
31201190000NB,18.2,19.66,6,6.000,6.0
31201190000NB,19.66,20,6,6.000,6.0
31201190000NB,20,20.47,6,6.000,6.0
4140048000000,0,1.9,3,3.000,3.0
2840052200000,0.001,0.82,3,3.000,3.0
0630010000000,15.69,15.82,2,,
0630010000000,15.82,16.27,2,,
2640048000000,2.14,7.54,2,,
31200190000NB,8.29,8.806,6,6.000,6.0
31200190000NB,8.99,9.16,2,2.000,2.0
31200190000NB,9.54,9.94,6,6.000,6.0
31200190000NB,10.59,11.08,6,6.000,6.0
31200190000NB,11.51,12.33,6,6.000,6.0
31200190000NB,13.74,14.19,2,2.000,2.0
31200190000NB,14.25,14.3,6,6.000,6.0
31200190000NB,14.3,14.35,6,6.000,6.0
31200190000NB,14.44,14.5,2,2.000,2.0
31200190000NB,14.5,14.8,2,2.000,2.0
31200190000NB,14.8,14.98,2,2.000,2.0
31200190000NB,15.62,16.49,2,2.000,2.0
31200190000NB,16.49,17.021,2,2.000,2.0
3140060020000,0,0.26,1,1.000,1.0
39202190000NB,0,0.8,3,3.000,3.0
39202190000NB,0.8,3.01,3,3.000,3.0
39202190000NB,3.01,3.31,3,3.000,3.0
39202190000NB,3.31,4.76,3,3.000,3.0
44100790000NB,25.67,29.58,5,,
4140009090000,0,1.81,,,3.0
1040019430000,0.09,0.34,2,,
18100770000NB,132.44,137.74,5,,5.0
18100770000NB,145.99,150.45,8,,8.0
18100770000NB,153.79,154.41,8,,8.0
18100770000NB,154.41,156.01,8,,8.0
18100770000NB,156.01,156.99,8,,8.0
4830018000000,0,2.24,2,,
4830018000000,21.85,22.86,2,,
1740025060000,2.98,5.26,1,1.000,1.0
1040021200000,0,0.98,2,,
2540064020000,0,0.24,2,2.000,2.0
45100640000EB,138.01,138.1,2,,
45100640000EB,138.1,138.2,2,3.000,3.0
45100640000EB,138.2,138.3,2,3.000,3.0
45100640000EB,138.3,138.38,2,3.000,3.0
45100640000EB,138.38,138.4,2,3.000,3.0
45100640000EB,138.4,138.5,2,3.000,3.0
45100640000EB,138.5,143.2,2,,
45100640000EB,143.2,143.75,2,,
45100640000EB,143.75,147.6,2,,
19203400000NB,6.9,7,,2.000,2.0
19203400000NB,7,7.1,,2.000,2.0
19203400000NB,7.1,7.2,,2.000,2.0
19203400000NB,7.2,7.3,,2.000,2.0
19203400000NB,7.3,7.4,,2.000,2.0
19203400000NB,7.4,7.5,,2.000,2.0
19203400000NB,7.5,7.6,,2.000,2.0
19203400000NB,7.6,7.7,,2.000,2.0
19203400000NB,7.7,7.8,,2.000,2.0
19203400000NB,7.8,7.9,,2.000,2.0
19203400000NB,7.9,8,,2.000,2.0
19203400000NB,8,8.1,,2.000,2.0
19203400000NB,8.1,8.2,,2.000,2.0
19203400000NB,8.2,8.3,,2.000,2.0
19203400000NB,8.3,8.4,,2.000,2.0
19203400000NB,8.4,8.5,,2.000,2.0
19203400000NB,8.5,8.56,,2.000,2.0
19203400000NB,8.56,8.6,2,2.000,2.0
19203400000NB,8.6,8.627,2,2.000,2.0
19203400000NB,8.627,8.7,2,2.000,2.0
19203400000NB,8.7,8.8,2,2.000,2.0
19203400000NB,8.8,8.9,2,2.000,2.0
19203400000NB,8.9,9,2,2.000,2.0
19203400000NB,9,9.1,2,2.000,2.0
19203400000NB,9.1,9.13,2,2.000,2.0
19203400000NB,9.13,9.2,2,2.000,2.0
19203400000NB,9.2,9.3,2,2.000,2.0
19203400000NB,9.3,9.38,2,2.000,2.0
19203400000NB,9.38,9.4,2,2.000,2.0
19203400000NB,9.4,9.5,2,2.000,2.0
19203400000NB,9.5,9.55,,,2.0
19203400000NB,9.6,9.7,,2.000,2.0
19203400000NB,9.7,9.8,,2.000,2.0
19203400000NB,9.8,9.9,,2.000,2.0
19203400000NB,9.9,10,,2.000,2.0
19203400000NB,10,10.1,,2.000,2.0
19203400000NB,10.1,10.2,,2.000,2.0
19203400000NB,10.2,10.3,,2.000,2.0
19203400000NB,10.3,10.4,,2.000,2.0
19203400000NB,10.4,10.41,,2.000,2.0
19203400000NB,10.41,10.5,,2.000,2.0
19203400000NB,10.5,10.6,,2.000,2.0
19203400000NB,10.6,10.7,,2.000,2.0
19203400000NB,10.7,10.8,,2.000,2.0
19203400000NB,10.8,10.9,,2.000,2.0
19203400000NB,10.9,11,,2.000,2.0
19203400000NB,11,11.1,,2.000,2.0
19203400000NB,11.1,11.2,,2.000,2.0
19203400000NB,11.2,11.3,,2.000,2.0
19203400000NB,11.3,11.4,,2.000,2.0
19203400000NB,11.4,11.5,,2.000,2.0
19203400000NB,11.5,11.6,,2.000,2.0
19203400000NB,11.6,11.7,,2.000,2.0
19203400000NB,11.7,11.8,,2.000,2.0
19203400000NB,11.8,11.86,,2.000,2.0
19203400000NB,11.9,12,6,2.000,2.0
19203400000NB,12,12.047,6,2.000,2.0
19203400000NB,12.047,12.1,,2.000,2.0
19203400000NB,12.1,12.2,,2.000,2.0
19203400000NB,12.2,12.3,,2.000,2.0
19203400000NB,12.3,12.4,,2.000,2.0
19203400000NB,12.4,12.5,,2.000,2.0
19203400000NB,12.5,12.6,,2.000,2.0
19203400000NB,12.6,12.7,,2.000,2.0
19203400000NB,12.7,12.8,,2.000,2.0
19203400000NB,12.8,12.88,,2.000,2.0
19203400000NB,12.88,12.9,6,2.000,2.0
19203400000NB,12.9,13,6,2.000,2.0
19203400000NB,13,13.1,6,2.000,2.0
19203400000NB,13.1,13.2,6,2.000,2.0
19203400000NB,13.2,13.26,6,2.000,2.0
19203400000NB,13.26,13.3,6,2.000,2.0
19203400000NB,13.3,13.4,6,2.000,2.0
19203400000NB,13.4,13.5,6,2.000,2.0
19203400000NB,13.5,13.6,6,2.000,2.0
19203400000NB,13.6,13.7,6,2.000,2.0
19203400000NB,13.7,13.8,6,2.000,2.0
19203400000NB,13.8,13.82,6,2.000,2.0
19203400000NB,14.66,14.7,2,2.000,2.0
19203400000NB,14.7,14.8,2,2.000,2.0
19203400000NB,14.8,14.86,2,2.000,2.0
19203400000NB,14.86,14.9,2,2.000,2.0
19203400000NB,14.9,15,2,2.000,2.0
19203400000NB,15,15.1,2,2.000,2.0
19203400000NB,15.1,15.2,2,2.000,2.0
19203400000NB,15.2,15.3,2,2.000,2.0
19203400000NB,15.3,15.31,2,2.000,2.0
2930093000000,0,0.069,5,5.000,5.0
2930093000000,0.069,0.1,5,5.000,5.0
2930093000000,0.1,0.2,5,5.000,5.0
2930093000000,0.2,0.3,5,5.000,5.0
2930093000000,0.3,0.4,5,5.000,5.0
2930093000000,0.4,0.5,5,5.000,5.0
2930093000000,0.5,0.6,5,5.000,5.0
2930093000000,0.6,0.7,5,5.000,5.0
2930093000000,0.7,0.8,5,5.000,5.0
2930093000000,0.8,0.9,5,5.000,5.0
2930093000000,0.9,1,5,5.000,5.0
2930093000000,1,1.1,5,5.000,5.0
2930093000000,1.1,1.2,5,5.000,5.0
2930093000000,1.2,1.3,5,5.000,5.0
2930093000000,1.3,1.4,5,5.000,5.0
2930093000000,1.4,1.5,5,5.000,5.0
2930093000000,1.5,1.6,5,5.000,5.0
2930093000000,1.6,1.7,5,5.000,5.0
2930093000000,1.7,1.8,5,5.000,5.0
2930093000000,1.8,1.9,5,5.000,5.0
2930093000000,1.9,2,5,5.000,5.0
2930093000000,2,2.1,5,5.000,5.0
2930093000000,2.1,2.2,5,5.000,5.0
2930093000000,2.2,2.3,5,5.000,5.0
2930093000000,2.3,2.4,5,5.000,5.0
2930093000000,2.4,2.5,5,5.000,5.0
2930093000000,2.5,2.6,5,5.000,5.0
2930093000000,2.6,2.7,5,5.000,5.0
2930093000000,2.7,2.8,5,5.000,5.0
2930093000000,2.8,2.9,5,5.000,5.0
2930093000000,2.9,3,5,5.000,5.0
2930093000000,3,3.1,5,5.000,5.0
2930093000000,3.1,3.2,5,5.000,5.0
2930093000000,3.2,3.3,5,5.000,5.0
2930093000000,3.3,3.4,5,5.000,5.0
2930093000000,3.4,3.42,5,5.000,5.0
5230002000000,7.29,7.84,,,5.0
5230002000000,8.35,8.6,,,5.0
5230002000000,8.6,9.24,,,5.0
2640021000000,5.37,10.31,2,,
4130003000000,35.98,36,3,3.000,3.0
4130003000000,36,36.1,3,3.000,3.0
4130003000000,36.1,36.18,3,3.000,3.0
4130003000000,36.23,36.49,3,3.000,3.0
4130003000000,37.1,37.73,3,3.000,3.0
34200190000NB,1.38,1.4,2,6.000,6.0
34200190000NB,1.4,1.5,2,6.000,6.0
34200190000NB,1.5,1.6,2,6.000,6.0
34200190000NB,1.6,1.7,2,6.000,6.0
34200190000NB,1.7,1.8,2,6.000,6.0
34200190000NB,1.8,1.9,2,6.000,6.0
34200190000NB,1.9,2,2,6.000,6.0
34200190000NB,2,2.1,2,6.000,6.0
34200190000NB,2.1,2.2,2,6.000,6.0
34200190000NB,2.2,2.3,2,6.000,6.0
34200190000NB,2.3,2.4,2,6.000,6.0
34200190000NB,2.4,2.5,2,6.000,6.0
34200190000NB,2.5,2.6,2,6.000,6.0
34200190000NB,2.6,2.7,2,6.000,6.0
34200190000NB,2.7,2.8,2,6.000,6.0
34200190000NB,2.8,2.9,2,6.000,6.0
34200190000NB,2.9,3,2,6.000,6.0
34200190000NB,3,3.1,2,6.000,6.0
34200190000NB,3.1,3.2,2,6.000,6.0
34200190000NB,3.2,3.3,2,6.000,6.0
34200190000NB,3.3,3.4,2,6.000,6.0
34200190000NB,11.03,11.1,2,6.000,5.0
34200190000NB,11.1,11.2,2,6.000,5.0
34200190000NB,11.2,11.3,2,6.000,5.0
34200190000NB,11.3,11.4,2,6.000,5.0
34200190000NB,11.4,11.47,2,6.000,5.0
34200190000NB,31.65,31.7,2,6.000,6.0
34200190000NB,31.7,31.8,2,6.000,6.0
34200190000NB,31.8,31.85,2,6.000,6.0
07200330000EB,0.09,2.33,,,5.0
07200330000EB,3.68,5.03,,,5.0
2040023000000,2.48,2.67,,,3.0
2040023000000,2.67,3.6,,,3.0
4140008030000,0,0.65,3,3.000,3.0
2830598000000,0,0.1,3,3.000,3.0
2830598000000,0.1,0.2,3,3.000,3.0
2830598000000,0.2,0.3,3,3.000,3.0
2830598000000,0.3,0.4,3,3.000,3.0
2830598000000,0.4,0.5,3,3.000,3.0
2830598000000,0.5,0.6,3,3.000,3.0
2830598000000,0.6,0.7,3,3.000,3.0
2830598000000,0.7,0.8,3,3.000,3.0
2830598000000,0.8,0.9,3,3.000,3.0
2830598000000,0.9,1,3,3.000,3.0
2830598000000,1,1.1,3,3.000,3.0
2830598000000,1.1,1.2,3,3.000,3.0
2830598000000,1.2,1.3,3,3.000,3.0
2830598000000,1.3,1.4,3,3.000,3.0
2830598000000,1.4,1.5,3,3.000,3.0
2830598000000,1.5,1.6,3,3.000,3.0
2830598000000,1.6,1.7,3,3.000,3.0
2830598000000,1.7,1.8,3,3.000,3.0
2830598000000,1.8,1.9,3,3.000,3.0
2830598000000,1.9,2,3,3.000,3.0
2830598000000,2,2.1,3,3.000,3.0
2830598000000,2.1,2.13,3,3.000,3.0
2830598000000,2.4,2.5,3,3.000,3.0
2830598000000,2.5,2.59,3,3.000,3.0
2830598000000,2.59,2.6,3,3.000,3.0
2830598000000,2.6,2.7,3,3.000,3.0
2830598000000,2.7,2.8,3,3.000,3.0
2830598000000,2.8,2.9,3,3.000,3.0
2830598000000,2.9,2.98,3,3.000,3.0
13100640000EB,147.6,147.7,2,6.000,6.0
13100640000EB,147.7,147.8,2,6.000,6.0
13100640000EB,147.8,147.9,2,6.000,6.0
13100640000EB,147.9,147.93,2,6.000,6.0
13100640000EB,147.93,148,2,6.000,6.0
13100640000EB,148,148.1,2,6.000,6.0
13100640000EB,148.1,148.2,2,6.000,6.0
13100640000EB,148.2,148.3,2,6.000,6.0
13100640000EB,148.3,148.4,2,6.000,6.0
13100640000EB,148.4,148.5,2,6.000,6.0
13100640000EB,148.5,148.6,2,6.000,6.0
13100640000EB,148.6,148.7,2,6.000,6.0
13100640000EB,148.7,148.8,2,6.000,6.0
13100640000EB,148.8,148.9,2,6.000,6.0
13100640000EB,148.9,149,2,6.000,6.0
13100640000EB,149,149.1,2,6.000,6.0
13100640000EB,149.1,149.2,2,6.000,6.0
13100640000EB,149.2,149.3,2,6.000,6.0
13100640000EB,149.3,149.4,2,6.000,6.0
13100640000EB,149.4,149.5,2,6.000,6.0
13100640000EB,149.5,149.6,2,6.000,6.0
13100640000EB,149.6,149.7,2,6.000,6.0
13100640000EB,149.7,149.8,2,6.000,6.0
13100640000EB,149.8,149.84,2,6.000,6.0
13100640000EB,149.84,149.9,2,6.000,5.0
13100640000EB,149.9,150,2,6.000,5.0
13100640000EB,150,150.1,2,6.000,5.0
13100640000EB,150.1,150.2,2,6.000,5.0
13100640000EB,150.2,150.3,2,6.000,5.0
13100640000EB,150.3,150.4,2,6.000,5.0
13100640000EB,150.4,150.5,2,6.000,5.0
13100640000EB,150.5,150.6,2,6.000,5.0
13100640000EB,150.6,150.7,2,6.000,5.0
13100640000EB,150.7,150.8,2,6.000,5.0
13100640000EB,150.8,150.9,2,6.000,5.0
13100640000EB,150.9,151,2,6.000,5.0
13100640000EB,151,151.1,2,6.000,5.0
13100640000EB,151.1,151.2,2,6.000,5.0
13100640000EB,151.2,151.3,2,6.000,5.0
13100640000EB,151.3,151.4,2,6.000,5.0
13100640000EB,151.4,151.5,2,6.000,5.0
13100640000EB,151.5,151.6,2,6.000,5.0
13100640000EB,151.6,151.7,2,6.000,5.0
13100640000EB,151.7,151.8,2,6.000,5.0
13100640000EB,151.8,151.9,2,6.000,5.0
13100640000EB,151.9,152,2,6.000,5.0
13100640000EB,152,152.1,2,6.000,5.0
13100640000EB,152.1,152.2,2,6.000,5.0
13100640000EB,152.2,152.3,2,6.000,5.0
13100640000EB,152.3,152.4,2,6.000,5.0
13100640000EB,152.4,152.5,2,6.000,5.0
13100640000EB,152.5,152.6,2,6.000,5.0
13100640000EB,152.6,152.7,2,6.000,5.0
13100640000EB,152.7,152.8,2,6.000,5.0
13100640000EB,152.8,152.9,2,6.000,5.0
13100640000EB,152.9,153,2,6.000,5.0
13100640000EB,153,153.1,2,6.000,5.0
13100640000EB,153.1,153.2,2,6.000,5.0
13100640000EB,153.2,153.3,2,6.000,5.0
13100640000EB,153.3,153.4,2,6.000,5.0
13100640000EB,153.4,153.5,2,6.000,5.0
13100640000EB,153.5,153.6,2,6.000,5.0
13100640000EB,153.6,153.7,2,6.000,5.0
13100640000EB,153.7,153.8,2,6.000,5.0
13100640000EB,153.8,153.9,2,6.000,5.0
13100640000EB,153.9,154,2,6.000,5.0
13100640000EB,154,154.1,2,6.000,5.0
13100640000EB,154.1,154.2,2,6.000,5.0
13100640000EB,154.2,154.3,2,6.000,5.0
13100640000EB,154.3,154.4,2,6.000,5.0
13100640000EB,154.4,154.5,2,6.000,5.0
13100640000EB,154.5,154.6,2,6.000,5.0
13100640000EB,154.6,154.7,2,6.000,5.0
13100640000EB,154.7,154.8,2,6.000,5.0
13100640000EB,154.8,154.9,2,6.000,5.0
13100640000EB,154.9,155,2,6.000,5.0
13100640000EB,155,155.1,2,6.000,5.0
13100640000EB,155.1,155.2,2,6.000,5.0
13100640000EB,155.2,155.3,2,6.000,5.0
13100640000EB,155.3,155.4,2,6.000,5.0
13100640000EB,155.4,155.5,2,6.000,5.0
13100640000EB,155.5,155.6,2,6.000,5.0
13100640000EB,155.6,155.7,2,6.000,5.0
13100640000EB,155.7,155.8,2,6.000,5.0
13100640000EB,155.8,155.9,2,6.000,5.0
13100640000EB,155.9,156,2,6.000,5.0
13100640000EB,156,156.1,2,6.000,5.0
13100640000EB,156.1,156.18,2,6.000,5.0
13100640000EB,156.18,156.2,2,6.000,5.0
13100640000EB,156.2,156.3,2,6.000,5.0
13100640000EB,156.3,156.4,2,6.000,5.0
13100640000EB,156.4,156.5,2,6.000,5.0
13100640000EB,156.5,156.6,2,6.000,5.0
13100640000EB,156.6,156.7,2,6.000,5.0
13100640000EB,156.7,156.8,2,6.000,5.0
13100640000EB,156.8,156.9,2,6.000,5.0
13100640000EB,156.9,157,2,6.000,5.0
13100640000EB,157,157.1,2,6.000,5.0
13100640000EB,157.1,157.2,2,6.000,5.0
13100640000EB,157.2,157.3,2,6.000,5.0
13100640000EB,157.3,157.4,2,6.000,5.0
13100640000EB,157.4,157.5,2,6.000,5.0
13100640000EB,157.5,157.6,2,6.000,5.0
13100640000EB,157.6,157.7,2,6.000,5.0
13100640000EB,157.7,157.8,2,6.000,5.0
13100640000EB,157.8,157.9,2,6.000,5.0
13100640000EB,157.9,158,2,6.000,5.0
13100640000EB,158,158.1,2,6.000,5.0
13100640000EB,158.1,158.2,2,6.000,5.0
13100640000EB,158.2,158.3,2,6.000,5.0
13100640000EB,158.3,158.4,2,6.000,5.0
13100640000EB,158.4,158.5,2,6.000,5.0
13100640000EB,158.5,158.6,2,6.000,5.0
13100640000EB,158.6,158.7,2,6.000,5.0
13100640000EB,158.7,158.8,2,6.000,5.0
13100640000EB,158.8,158.9,2,6.000,5.0
13100640000EB,158.9,159,2,6.000,5.0
13100640000EB,159,159.1,2,6.000,5.0
13100640000EB,159.1,159.2,2,6.000,5.0
13100640000EB,159.2,159.3,2,6.000,5.0
13100640000EB,159.3,159.4,2,6.000,5.0
13100640000EB,159.4,159.5,2,6.000,5.0
13100640000EB,159.5,159.6,2,6.000,5.0
13100640000EB,159.6,159.7,2,6.000,5.0
13100640000EB,159.7,159.8,2,6.000,5.0
13100640000EB,159.8,159.9,2,6.000,5.0
13100640000EB,159.9,160,2,6.000,5.0
13100640000EB,160,160.1,2,6.000,5.0
13100640000EB,160.1,160.2,2,6.000,5.0
13100640000EB,160.2,160.3,2,6.000,5.0
13100640000EB,160.3,160.4,2,6.000,5.0
13100640000EB,160.4,160.5,2,6.000,5.0
13100640000EB,160.5,160.6,2,6.000,5.0
13100640000EB,160.6,160.7,2,6.000,5.0
13100640000EB,160.7,160.8,2,6.000,5.0
13100640000EB,160.8,160.9,2,6.000,5.0
13100640000EB,160.9,161,2,6.000,5.0
13100640000EB,161,161.1,2,6.000,5.0
13100640000EB,161.1,161.2,2,6.000,5.0
13100640000EB,161.2,161.3,2,6.000,5.0
13100640000EB,161.3,161.4,2,6.000,5.0
13100640000EB,161.4,161.46,2,6.000,5.0
13100640000EB,161.46,161.5,2,6.000,5.0
13100640000EB,161.5,161.6,2,6.000,5.0
13100640000EB,161.6,161.7,2,6.000,5.0
13100640000EB,161.7,161.8,2,6.000,5.0
13100640000EB,161.8,161.9,2,6.000,5.0
13100640000EB,161.9,162,2,6.000,5.0
13100640000EB,162,162.1,2,6.000,5.0
13100640000EB,162.1,162.2,2,6.000,5.0
13100640000EB,162.2,162.3,2,6.000,5.0
13100640000EB,162.3,162.4,2,6.000,5.0
13100640000EB,162.4,162.5,2,6.000,5.0
13100640000EB,162.5,162.6,2,6.000,5.0
13100640000EB,162.6,162.7,2,6.000,5.0
13100640000EB,162.7,162.8,2,6.000,5.0
13100640000EB,162.8,162.9,2,6.000,5.0
13100640000EB,162.9,163,2,6.000,5.0
13100640000EB,163,163.1,2,6.000,5.0
13100640000EB,163.1,163.2,2,6.000,5.0
13100640000EB,163.2,163.3,2,6.000,5.0
13100640000EB,163.3,163.4,2,6.000,5.0
13100640000EB,163.4,163.5,2,6.000,5.0
13100640000EB,163.5,163.6,2,6.000,5.0
13100640000EB,163.6,163.7,2,6.000,5.0
13100640000EB,163.7,163.8,2,6.000,5.0
13100640000EB,163.8,163.9,2,6.000,5.0
13100640000EB,163.9,164,2,6.000,5.0
13100640000EB,164,164.1,2,6.000,5.0
13100640000EB,164.1,164.2,2,6.000,5.0
13100640000EB,164.2,164.3,2,6.000,5.0
13100640000EB,164.3,164.4,2,6.000,5.0
13100640000EB,164.4,164.5,2,6.000,5.0
13100640000EB,164.5,164.6,2,6.000,5.0
13100640000EB,164.6,164.7,2,6.000,5.0
13100640000EB,164.7,164.8,2,6.000,5.0
13100640000EB,164.8,164.9,2,6.000,5.0
13100640000EB,164.9,165,2,6.000,5.0
13100640000EB,165,165.1,2,6.000,5.0
13100640000EB,165.1,165.2,2,6.000,5.0
13100640000EB,165.2,165.3,2,6.000,5.0
13100640000EB,165.3,165.4,2,6.000,5.0
13100640000EB,165.4,165.5,2,6.000,5.0
13100640000EB,165.5,165.6,2,6.000,5.0
13100640000EB,165.6,165.7,2,6.000,5.0
13100640000EB,165.7,165.8,2,6.000,5.0
13100640000EB,165.8,165.87,2,6.000,5.0
13100640000EB,165.87,165.9,2,6.000,5.0
13100640000EB,165.9,165.95,2,6.000,5.0
13100640000EB,165.95,166,2,6.000,5.0
13100640000EB,166,166.1,2,6.000,5.0
13100640000EB,166.1,166.2,2,6.000,5.0
13100640000EB,166.2,166.3,2,6.000,5.0
13100640000EB,166.3,166.4,2,6.000,5.0
13100640000EB,166.4,166.5,2,6.000,5.0
13100640000EB,166.5,166.6,2,6.000,5.0
13100640000EB,166.6,166.7,2,6.000,5.0
13100640000EB,166.7,166.8,2,6.000,5.0
13100640000EB,166.8,166.9,2,6.000,5.0
13100640000EB,166.9,167,2,6.000,5.0
13100640000EB,167,167.1,2,6.000,5.0
13100640000EB,167.1,167.2,2,6.000,5.0
13100640000EB,167.2,167.3,2,6.000,5.0
13100640000EB,167.3,167.4,2,6.000,5.0
13100640000EB,167.4,167.5,2,6.000,5.0
13100640000EB,167.5,167.6,2,6.000,5.0
13100640000EB,167.6,167.7,2,6.000,5.0
13100640000EB,167.7,167.8,2,6.000,5.0
13100640000EB,167.8,167.9,2,6.000,5.0
13100640000EB,167.9,168,2,6.000,5.0
13100640000EB,168,168.1,2,6.000,5.0
13100640000EB,168.1,168.2,2,6.000,5.0
13100640000EB,168.2,168.3,2,6.000,5.0
13100640000EB,168.3,168.4,2,6.000,5.0
13100640000EB,168.4,168.5,2,6.000,5.0
13100640000EB,168.5,168.6,2,6.000,5.0
13100640000EB,168.6,168.7,2,6.000,5.0
13100640000EB,168.7,168.8,2,6.000,5.0
13100640000EB,168.8,168.89,2,6.000,5.0
13100640000EB,168.96,169,2,6.000,5.0
13100640000EB,169,169.1,2,6.000,5.0
13100640000EB,169.1,169.2,2,6.000,5.0
13100640000EB,169.2,169.3,2,6.000,5.0
13100640000EB,169.3,169.38,2,6.000,5.0
13100640000EB,169.38,169.4,2,6.000,5.0
13100640000EB,169.4,169.41,2,6.000,5.0
13100640000EB,169.41,169.5,2,6.000,5.0
13100640000EB,169.5,169.6,2,6.000,5.0
13100640000EB,169.6,169.7,2,6.000,5.0
13100640000EB,169.7,169.8,2,6.000,5.0
13100640000EB,169.8,169.9,2,6.000,5.0
13100640000EB,169.9,170,2,6.000,5.0
13100640000EB,170,170.09,2,6.000,5.0
13100640000EB,170.09,170.1,2,6.000,5.0
13100640000EB,170.1,170.2,2,6.000,5.0
13100640000EB,170.2,170.23,2,6.000,5.0
13100640000EB,172.62,172.7,2,6.000,5.0
13100640000EB,172.7,172.8,2,6.000,5.0
13100640000EB,172.8,172.9,2,6.000,5.0
13100640000EB,172.9,173,2,6.000,5.0
13100640000EB,173,173.1,2,6.000,5.0
13100640000EB,173.1,173.2,2,6.000,5.0
13100640000EB,173.2,173.3,2,6.000,5.0
13100640000EB,173.3,173.4,2,6.000,5.0
13100640000EB,173.4,173.5,2,6.000,5.0
13100640000EB,173.5,173.6,2,6.000,5.0
13100640000EB,173.6,173.7,2,6.000,5.0
13100640000EB,173.7,173.8,2,6.000,5.0
13100640000EB,173.8,173.9,2,6.000,5.0
13100640000EB,173.9,174,2,6.000,5.0
13100640000EB,174,174.1,2,6.000,5.0
13100640000EB,174.1,174.2,2,6.000,6.0
13100640000EB,174.2,174.3,2,6.000,6.0
13100640000EB,174.3,174.4,2,6.000,6.0
13100640000EB,174.4,174.5,2,6.000,6.0
13100640000EB,174.5,174.6,2,6.000,6.0
13100640000EB,174.6,174.7,2,6.000,6.0
13100640000EB,174.7,174.8,2,6.000,6.0
13100640000EB,174.8,174.9,2,6.000,6.0
13100640000EB,174.9,175,2,6.000,6.0
13100640000EB,175,175.1,2,6.000,6.0
13100640000EB,175.1,175.2,2,6.000,6.0
13100640000EB,175.2,175.3,2,6.000,6.0
13100640000EB,175.3,175.31,2,6.000,6.0
13100640000EB,175.31,175.4,2,6.000,6.0
13100640000EB,175.4,175.5,2,6.000,6.0
13100640000EB,175.5,175.6,2,6.000,6.0
13100640000EB,175.6,175.7,2,6.000,6.0
13100640000EB,175.7,175.8,2,6.000,6.0
13100640000EB,175.8,175.9,2,6.000,6.0
13100640000EB,175.9,176,2,6.000,6.0
13100640000EB,176,176.1,2,6.000,6.0
13100640000EB,176.1,176.16,2,6.000,6.0
13100640000EB,176.16,176.2,2,6.000,5.0
13100640000EB,176.2,176.3,2,6.000,5.0
13100640000EB,176.3,176.4,2,6.000,5.0
13100640000EB,176.4,176.5,2,6.000,5.0
13100640000EB,176.5,176.6,2,6.000,5.0
13100640000EB,176.6,176.7,2,6.000,5.0
13100640000EB,176.7,176.8,2,6.000,5.0
13100640000EB,176.8,176.9,2,6.000,5.0
13100640000EB,176.9,177,2,6.000,5.0
13100640000EB,177,177.1,2,6.000,5.0
13100640000EB,177.1,177.2,2,6.000,5.0
13100640000EB,177.2,177.3,2,6.000,5.0
13100640000EB,177.3,177.4,2,6.000,5.0
13100640000EB,177.4,177.5,2,6.000,5.0
13100640000EB,177.5,177.6,2,6.000,5.0
13100640000EB,177.6,177.7,2,6.000,5.0
13100640000EB,177.7,177.8,2,6.000,5.0
13100640000EB,177.8,177.9,2,6.000,5.0
13100640000EB,177.9,178,2,6.000,5.0
13100640000EB,178,178.1,2,6.000,5.0
13100640000EB,178.1,178.2,2,6.000,5.0
13100640000EB,178.2,178.3,2,6.000,5.0
13100640000EB,178.3,178.4,2,6.000,5.0
13100640000EB,178.4,178.43,2,6.000,5.0
13100640000EB,178.43,178.5,2,6.000,8.0
13100640000EB,178.5,178.6,2,6.000,8.0
13100640000EB,178.6,178.7,2,6.000,8.0
13100640000EB,178.7,178.8,2,6.000,8.0
13100640000EB,178.8,178.9,2,6.000,8.0
13100640000EB,178.9,179,2,6.000,8.0
13100640000EB,179,179.1,2,6.000,8.0
13100640000EB,179.1,179.2,2,6.000,8.0
13100640000EB,179.2,179.3,2,6.000,8.0
13100640000EB,179.3,179.4,2,6.000,8.0
13100640000EB,179.4,179.5,2,6.000,8.0
13100640000EB,179.5,179.6,2,6.000,8.0
13100640000EB,179.6,179.7,2,6.000,8.0
13100640000EB,179.7,179.8,2,6.000,8.0
13100640000EB,179.8,179.9,2,6.000,8.0
13100640000EB,179.9,180,2,6.000,8.0
13100640000EB,180,180.1,2,6.000,8.0
13100640000EB,180.1,180.2,2,6.000,8.0
13100640000EB,180.2,180.3,2,6.000,8.0
13100640000EB,180.3,180.4,2,6.000,8.0
13100640000EB,180.4,180.5,2,6.000,8.0
13100640000EB,180.5,180.6,2,6.000,8.0
13100640000EB,180.6,180.7,2,6.000,8.0
13100640000EB,180.7,180.8,2,6.000,8.0
13100640000EB,180.8,180.9,2,6.000,8.0
13100640000EB,180.9,181,2,6.000,8.0
13100640000EB,181,181.1,2,6.000,8.0
13100640000EB,181.1,181.12,2,6.000,8.0
13100640000EB,181.12,181.2,2,6.000,5.0
13100640000EB,181.2,181.3,2,6.000,5.0
13100640000EB,181.3,181.4,2,6.000,5.0
13100640000EB,181.4,181.5,2,6.000,5.0
13100640000EB,181.5,181.6,2,6.000,5.0
13100640000EB,181.6,181.7,2,6.000,5.0
13100640000EB,181.7,181.8,2,6.000,5.0
13100640000EB,181.8,181.9,2,6.000,5.0
13100640000EB,181.9,182,2,6.000,5.0
13100640000EB,182,182.02,2,6.000,5.0
13100640000EB,182.02,182.1,2,6.000,5.0
13100640000EB,182.1,182.2,2,6.000,5.0
13100640000EB,182.2,182.3,2,6.000,5.0
13100640000EB,182.3,182.4,2,6.000,5.0
13100640000EB,182.4,182.5,2,6.000,5.0
13100640000EB,182.5,182.6,2,6.000,5.0
13100640000EB,182.6,182.7,2,6.000,5.0
13100640000EB,182.7,182.8,2,6.000,5.0
13100640000EB,182.8,182.9,2,6.000,5.0
13100640000EB,182.9,183,2,6.000,5.0
13100640000EB,183,183.1,2,6.000,5.0
13100640000EB,183.1,183.2,2,6.000,5.0
13100640000EB,183.2,183.3,2,6.000,5.0
13100640000EB,183.3,183.4,2,6.000,5.0
13100640000EB,183.4,183.5,2,6.000,5.0
13100640000EB,183.5,183.6,2,6.000,5.0
13100640000EB,183.6,183.7,2,6.000,5.0
13100640000EB,183.7,183.8,2,6.000,5.0
13100640000EB,183.8,183.9,2,6.000,5.0
13100640000EB,183.9,184,2,6.000,5.0
13100640000EB,184,184.02,2,6.000,5.0
2830020000000,4.23,5.2,3,3.000,3.0
2830020000000,10.32,11.4,3,3.000,3.0
2830020000000,12.05,12.78,3,3.000,3.0
5330014000000,19.34,20.71,,,5.0
4140006030000,0.53,1.48,3,3.000,3.0
44200330000EB,4.33,5.61,5,,
3130705000000,0,0.51,2,2.000,2.0
3130705000000,0.68,0.7,2,2.000,2.0
3130705000000,0.7,1.23,2,2.000,2.0
3130705000000,1.23,1.63,2,2.000,2.0
3130705000000,1.63,1.64,2,2.000,2.0
3130705000000,1.64,1.81,2,2.000,2.0
4140004030000,0,0.47,3,3.000,3.0
3730002000000,14.95,17.49,,,5.0
2640088200000,0,0.28,2,,
4140041210000,0,1.63,3,3.000,3.0
02100810000NB,0,0.1,6,6.000,6.0
02100810000NB,0.1,0.2,6,6.000,6.0
02100810000NB,0.2,0.3,6,6.000,6.0
02100810000NB,0.3,0.4,6,6.000,6.0
02100810000NB,0.4,0.5,6,6.000,6.0
02100810000NB,0.5,0.6,6,6.000,6.0
02100810000NB,0.6,0.7,6,6.000,6.0
02100810000NB,0.7,0.8,6,6.000,6.0
02100810000NB,0.8,0.9,6,6.000,6.0
02100810000NB,0.9,1,6,6.000,6.0
02100810000NB,1,1.1,6,6.000,6.0
02100810000NB,1.1,1.2,6,6.000,6.0
02100810000NB,1.2,1.3,6,6.000,6.0
02100810000NB,1.3,1.39,6,6.000,6.0
02100810000NB,1.39,1.4,6,6.000,6.0
02100810000NB,1.4,1.5,6,6.000,6.0
02100810000NB,1.5,1.6,6,6.000,6.0
02100810000NB,1.6,1.7,6,6.000,6.0
02100810000NB,1.7,1.8,6,6.000,6.0
02100810000NB,1.8,1.9,6,6.000,6.0
02100810000NB,1.9,2,6,6.000,6.0
02100810000NB,2,2.1,6,6.000,6.0
02100810000NB,2.1,2.2,6,6.000,6.0
02100810000NB,2.2,2.3,6,6.000,6.0
02100810000NB,2.3,2.4,6,6.000,6.0
02100810000NB,2.4,2.5,6,6.000,6.0
02100810000NB,2.5,2.6,6,6.000,6.0
02100810000NB,2.6,2.7,6,6.000,6.0
02100810000NB,2.7,2.8,6,6.000,6.0
02100810000NB,2.8,2.9,6,6.000,6.0
02100810000NB,2.9,3,6,6.000,6.0
02100810000NB,3,3.1,6,6.000,6.0
02100810000NB,3.1,3.2,6,6.000,6.0
02100810000NB,3.2,3.3,6,6.000,6.0
02100810000NB,3.3,3.4,6,6.000,6.0
02100810000NB,3.4,3.5,6,6.000,6.0
02100810000NB,3.5,3.6,6,6.000,6.0
02100810000NB,3.6,3.7,6,6.000,6.0
02100810000NB,3.7,3.8,6,6.000,6.0
02100810000NB,3.8,3.9,6,6.000,6.0
02100810000NB,3.9,4,6,6.000,6.0
02100810000NB,4,4.1,6,6.000,6.0
02100810000NB,4.1,4.2,6,6.000,6.0
02100810000NB,4.2,4.3,6,6.000,6.0
02100810000NB,4.3,4.4,6,6.000,6.0
02100810000NB,4.4,4.5,6,6.000,6.0
02100810000NB,4.5,4.6,6,6.000,6.0
02100810000NB,4.6,4.7,6,6.000,6.0
02100810000NB,4.7,4.8,6,6.000,6.0
02100810000NB,4.8,4.9,6,6.000,6.0
02100810000NB,4.9,5,6,6.000,6.0
02100810000NB,5,5.1,6,6.000,6.0
02100810000NB,5.1,5.2,6,6.000,6.0
02100810000NB,5.2,5.3,6,6.000,6.0
02100810000NB,5.3,5.4,6,6.000,6.0
02100810000NB,5.4,5.5,6,6.000,6.0
02100810000NB,5.5,5.6,6,6.000,6.0
02100810000NB,5.6,5.7,6,6.000,6.0
02100810000NB,5.7,5.8,6,6.000,6.0
02100810000NB,5.8,5.9,6,6.000,6.0
02100810000NB,5.9,6,6,6.000,6.0
02100810000NB,6,6.1,6,6.000,6.0
02100810000NB,6.1,6.2,6,6.000,6.0
02100810000NB,6.2,6.27,6,6.000,6.0
02100810000NB,6.27,6.3,6,6.000,6.0
02100810000NB,6.3,6.4,6,6.000,6.0
02100810000NB,6.4,6.5,6,6.000,6.0
02100810000NB,6.5,6.6,6,6.000,6.0
02100810000NB,6.6,6.7,6,6.000,6.0
02100810000NB,6.7,6.8,6,6.000,6.0
02100810000NB,6.8,6.9,6,6.000,6.0
02100810000NB,6.9,7,6,6.000,6.0
02100810000NB,7,7.1,6,6.000,6.0
02100810000NB,7.1,7.2,6,6.000,6.0
02100810000NB,7.2,7.3,6,6.000,6.0
02100810000NB,7.3,7.4,6,6.000,6.0
02100810000NB,7.4,7.5,6,6.000,6.0
02100810000NB,7.5,7.6,6,6.000,6.0
02100810000NB,7.6,7.7,6,6.000,6.0
02100810000NB,7.7,7.8,6,6.000,6.0
02100810000NB,7.8,7.9,6,6.000,6.0
02100810000NB,7.9,8,6,8.000,8.0
02100810000NB,8,8.1,6,8.000,8.0
02100810000NB,8.1,8.2,6,8.000,8.0
02100810000NB,8.2,8.3,6,8.000,8.0
02100810000NB,8.3,8.4,6,8.000,8.0
02100810000NB,8.4,8.5,6,8.000,8.0
02100810000NB,8.5,8.6,6,8.000,8.0
02100810000NB,8.6,8.7,6,8.000,8.0
02100810000NB,8.7,8.8,6,8.000,8.0
02100810000NB,8.8,8.9,6,8.000,8.0
02100810000NB,8.9,9,6,8.000,8.0
02100810000NB,9,9.1,6,8.000,8.0
02100810000NB,9.1,9.2,6,8.000,8.0
02100810000NB,9.2,9.3,6,8.000,8.0
02100810000NB,9.3,9.4,6,8.000,8.0
02100810000NB,9.4,9.5,6,8.000,8.0
02100810000NB,9.5,9.6,6,8.000,8.0
02100810000NB,9.6,9.7,6,8.000,8.0
02100810000NB,9.7,9.8,6,8.000,8.0
02100810000NB,9.8,9.9,6,8.000,8.0
02100810000NB,9.9,10,6,8.000,8.0
02100810000NB,10,10.1,6,8.000,8.0
02100810000NB,10.1,10.2,6,8.000,8.0
02100810000NB,10.2,10.3,6,8.000,8.0
02100810000NB,10.3,10.4,6,8.000,8.0
02100810000NB,10.4,10.5,6,8.000,8.0
02100810000NB,10.5,10.6,6,8.000,8.0
02100810000NB,10.6,10.7,6,8.000,8.0
02100810000NB,10.7,10.8,6,8.000,8.0
02100810000NB,10.8,10.9,6,8.000,8.0
02100810000NB,10.9,11,6,8.000,8.0
02100810000NB,11,11.1,6,8.000,8.0
02100810000NB,11.1,11.2,6,8.000,8.0
02100810000NB,11.2,11.3,6,8.000,8.0
02100810000NB,11.3,11.4,6,8.000,8.0
02100810000NB,11.4,11.5,6,8.000,8.0
02100810000NB,11.5,11.6,6,8.000,8.0
02100810000NB,11.6,11.63,6,8.000,8.0
02100810000NB,11.63,11.7,6,8.000,6.0
02100810000NB,11.7,11.8,6,8.000,6.0
02100810000NB,11.8,11.9,6,8.000,6.0
02100810000NB,11.9,12,6,6.000,6.0
02100810000NB,12,12.1,6,6.000,6.0
02100810000NB,12.1,12.2,6,6.000,6.0
02100810000NB,12.2,12.3,6,6.000,6.0
02100810000NB,12.3,12.4,6,6.000,6.0
02100810000NB,12.4,12.5,6,6.000,6.0
02100810000NB,12.5,12.6,6,6.000,6.0
02100810000NB,12.6,12.7,6,6.000,6.0
02100810000NB,12.7,12.8,6,6.000,6.0
02100810000NB,12.8,12.9,6,6.000,6.0
02100810000NB,12.9,13,6,6.000,6.0
02100810000NB,13,13.1,6,6.000,6.0
02100810000NB,13.1,13.2,6,6.000,6.0
02100810000NB,13.2,13.3,6,6.000,6.0
02100810000NB,13.3,13.4,6,6.000,6.0
02100810000NB,13.4,13.5,6,6.000,6.0
02100810000NB,13.5,13.54,6,6.000,6.0
02100810000NB,13.54,13.6,6,6.000,6.0
02100810000NB,13.6,13.7,6,6.000,6.0
02100810000NB,13.7,13.8,6,6.000,6.0
02100810000NB,13.8,13.9,6,6.000,6.0
02100810000NB,13.9,14,6,6.000,6.0
02100810000NB,14,14.1,6,6.000,6.0
02100810000NB,14.1,14.2,6,6.000,6.0
02100810000NB,14.2,14.26,6,6.000,6.0
02100810000NB,14.26,14.3,6,6.000,6.0
02100810000NB,14.3,14.4,6,6.000,6.0
02100810000NB,14.4,14.5,6,6.000,6.0
02100810000NB,14.5,14.6,6,6.000,6.0
02100810000NB,14.6,14.7,6,6.000,6.0
02100810000NB,14.7,14.8,6,6.000,6.0
02100810000NB,14.8,14.9,6,6.000,6.0
02100810000NB,14.9,15,6,6.000,6.0
02100810000NB,15,15.1,6,6.000,6.0
02100810000NB,15.1,15.2,6,6.000,6.0
02100810000NB,15.2,15.22,6,6.000,6.0
02100810000NB,15.22,15.3,6,6.000,6.0
02100810000NB,15.3,15.4,6,6.000,6.0
02100810000NB,15.4,15.5,6,6.000,6.0
02100810000NB,15.5,15.6,6,6.000,6.0
02100810000NB,15.6,15.62,6,6.000,6.0
02100810000NB,15.62,15.7,6,6.000,6.0
02100810000NB,15.7,15.8,6,6.000,6.0
02100810000NB,15.8,15.9,6,6.000,6.0
02100810000NB,15.9,15.95,6,6.000,6.0
02100810000NB,15.95,16,6,6.000,6.0
02100810000NB,16,16.1,6,6.000,6.0
02100810000NB,16.1,16.2,6,6.000,6.0
02100810000NB,16.2,16.23,6,6.000,6.0
02100810000NB,16.23,16.3,6,6.000,6.0
02100810000NB,16.3,16.4,6,6.000,6.0
02100810000NB,16.4,16.5,6,6.000,6.0
02100810000NB,16.5,16.6,6,6.000,6.0
02100810000NB,16.6,16.7,6,6.000,6.0
02100810000NB,16.7,16.8,6,6.000,6.0
02100810000NB,16.8,16.9,6,6.000,6.0
02100810000NB,16.9,17,6,6.000,6.0
02100810000NB,17,17.1,6,6.000,6.0
02100810000NB,17.1,17.2,6,6.000,6.0
02100810000NB,17.2,17.3,6,6.000,6.0
02100810000NB,17.3,17.4,6,6.000,6.0
02100810000NB,17.4,17.5,6,6.000,6.0
02100810000NB,17.5,17.6,6,6.000,6.0
02100810000NB,17.6,17.7,6,6.000,6.0
02100810000NB,17.7,17.8,6,6.000,6.0
02100810000NB,17.8,17.9,6,6.000,6.0
02100810000NB,17.9,18,6,6.000,6.0
02100810000NB,18,18.1,6,6.000,6.0
02100810000NB,18.1,18.13,6,6.000,6.0
02100810000NB,18.13,18.2,6,6.000,6.0
02100810000NB,18.2,18.3,6,6.000,6.0
02100810000NB,18.3,18.4,6,6.000,6.0
02100810000NB,18.4,18.5,6,6.000,6.0
02100810000NB,18.5,18.6,6,6.000,6.0
02100810000NB,18.6,18.7,6,6.000,6.0
02100810000NB,18.7,18.8,6,6.000,6.0
02100810000NB,18.8,18.9,6,6.000,6.0
02100810000NB,18.9,19,6,6.000,6.0
02100810000NB,19,19.1,6,6.000,6.0
02100810000NB,19.1,19.2,6,6.000,6.0
02100810000NB,19.2,19.3,6,6.000,6.0
02100810000NB,19.3,19.4,6,6.000,6.0
02100810000NB,19.4,19.5,6,6.000,6.0
02100810000NB,19.5,19.6,6,6.000,6.0
02100810000NB,19.6,19.7,6,6.000,6.0
02100810000NB,19.7,19.8,6,6.000,6.0
02100810000NB,19.8,19.9,6,6.000,6.0
02100810000NB,19.9,20,6,6.000,6.0
02100810000NB,20,20.1,6,6.000,6.0
02100810000NB,20.1,20.2,6,6.000,6.0
02100810000NB,20.2,20.3,6,6.000,6.0
02100810000NB,20.3,20.37,6,6.000,6.0
02100810000NB,20.37,20.4,6,6.000,6.0
02100810000NB,20.4,20.5,6,6.000,6.0
02100810000NB,20.5,20.6,6,6.000,6.0
02100810000NB,20.6,20.7,6,6.000,6.0
02100810000NB,20.7,20.8,6,6.000,6.0
02100810000NB,20.8,20.9,6,6.000,6.0
02100810000NB,20.9,21,6,6.000,6.0
02100810000NB,21,21.1,6,6.000,6.0
02100810000NB,21.1,21.2,6,6.000,6.0
02100810000NB,21.2,21.3,6,6.000,6.0
02100810000NB,21.3,21.4,6,6.000,6.0
02100810000NB,21.4,21.5,6,6.000,6.0
02100810000NB,21.5,21.6,6,6.000,6.0
02100810000NB,21.6,21.7,6,6.000,6.0
02100810000NB,21.7,21.8,6,6.000,6.0
02100810000NB,21.8,21.9,6,6.000,6.0
02100810000NB,21.9,22,6,6.000,6.0
02100810000NB,22,22.1,6,6.000,6.0
02100810000NB,22.1,22.2,6,6.000,6.0
02100810000NB,22.2,22.3,6,6.000,6.0
02100810000NB,22.3,22.4,6,6.000,6.0
02100810000NB,22.4,22.5,6,6.000,6.0
02100810000NB,22.5,22.6,6,6.000,6.0
02100810000NB,22.6,22.7,6,6.000,6.0
02100810000NB,22.7,22.8,6,6.000,6.0
02100810000NB,22.8,22.9,6,6.000,6.0
02100810000NB,22.9,23,6,6.000,6.0
02100810000NB,23,23.1,6,6.000,6.0
02100810000NB,23.1,23.2,6,6.000,6.0
02100810000NB,23.2,23.3,6,6.000,6.0
02100810000NB,23.3,23.4,6,6.000,6.0
02100810000NB,23.4,23.46,6,6.000,6.0
02100810000NB,23.46,23.5,6,6.000,6.0
02100810000NB,23.5,23.6,6,6.000,6.0
02100810000NB,23.6,23.7,6,6.000,6.0
02100810000NB,23.7,23.8,6,6.000,6.0
02100810000NB,23.8,23.9,6,6.000,6.0
02100810000NB,23.9,24,6,6.000,6.0
02100810000NB,24,24.1,6,6.000,6.0
02100810000NB,24.1,24.2,6,6.000,6.0
02100810000NB,24.2,24.3,6,6.000,6.0
02100810000NB,24.3,24.4,6,6.000,6.0
02100810000NB,24.4,24.5,6,6.000,6.0
02100810000NB,24.5,24.53,6,6.000,6.0
02100810000NB,24.53,24.6,6,6.000,6.0
02100810000NB,24.6,24.7,6,6.000,6.0
02100810000NB,24.7,24.8,6,6.000,6.0
02100810000NB,24.8,24.9,6,6.000,6.0
02100810000NB,24.9,25,6,6.000,6.0
02100810000NB,25,25.1,6,6.000,6.0
02100810000NB,25.1,25.2,6,6.000,6.0
02100810000NB,25.2,25.3,6,6.000,6.0
02100810000NB,25.3,25.4,6,6.000,6.0
02100810000NB,25.4,25.5,6,6.000,6.0
02100810000NB,25.5,25.6,6,6.000,6.0
02100810000NB,25.6,25.7,6,6.000,6.0
02100810000NB,25.7,25.8,6,6.000,6.0
02100810000NB,25.8,25.9,6,6.000,6.0
02100810000NB,25.9,26,6,6.000,6.0
4530003000000,9.56,10.91,2,6.000,6.0
0330099000000,0,1.84,2,,
2540250310000,0,0.55,1,1.000,1.0
28200520004NB,0,0.1,3,3.000,3.0
28200520004NB,0.1,0.2,3,3.000,3.0
28200520004NB,0.2,0.22,3,3.000,3.0
4130041000000,0,0.71,3,3.000,3.0
4130041000000,1.85,1.9,3,3.000,3.0
4130041000000,1.9,1.99,,,3.0
4130041000000,1.99,2,3,3.000,3.0
4130041000000,2,2.1,3,3.000,3.0
4130041000000,2.1,2.19,3,3.000,3.0
1740050400000,0,0.67,2,2.000,2.0
40100640000EB,31.77,32.57,5,5.000,5.0
40100640000EB,32.57,33.45,5,5.000,5.0
40100640000EB,33.45,34.45,5,5.000,5.0
40100640000EB,34.45,36.27,5,5.000,5.0
40100640000EB,36.27,38.54,5,5.000,5.0
40100640000EB,38.54,38.68,5,,
40100640000EB,40.46,40.568,5,8.000,8.0
40100640000EB,40.568,41.546,5,,
40100640000EB,41.546,41.66,3,,
40100640000EB,41.66,41.86,3,3.000,3.0
40100640000EB,41.86,41.89,3,3.000,3.0
40100640000EB,41.89,42.78,3,,
40100640000EB,42.79,43.77,3,3.000,3.0
40100640000EB,43.77,43.8,3,3.000,3.0
40100640000EB,43.8,44.47,3,,3.0
40100640000EB,44.47,44.78,3,3.000,3.0
40100640000EB,44.78,45.39,3,,
1830002000000,0,2.7,5,,
1830002000000,10.86,11,3,,3.0
1830002000000,11.14,11.28,5,,5.0
3140067010000,0,0.65,1,1.000,1.0
1730020000000,7.22,7.414,6,6.000,6.0
1030061000100,0,0.16,2,,
11200330000EB,0,0.1,3,3.000,3.0
11200330000EB,0.1,0.2,3,3.000,3.0
11200330000EB,0.2,0.3,3,3.000,3.0
11200330000EB,0.3,0.4,3,3.000,3.0
11200330000EB,0.4,0.5,3,3.000,3.0
11200330000EB,0.5,0.59,3,3.000,3.0
11200330000EB,1.12,1.18,3,3.000,3.0
11200330000EB,1.18,1.2,3,3.000,3.0
11200330000EB,1.2,1.3,3,3.000,3.0
11200330000EB,1.3,1.39,3,3.000,3.0
11200330000EB,1.39,1.4,3,3.000,3.0
11200330000EB,1.4,1.5,3,3.000,3.0
11200330000EB,1.5,1.6,3,3.000,3.0
11200330000EB,1.6,1.7,3,3.000,3.0
11200330000EB,1.7,1.8,3,3.000,3.0
11200330000EB,1.8,1.9,3,3.000,3.0
11200330000EB,1.9,1.96,3,3.000,3.0
11200330000EB,2.2,2.3,3,3.000,3.0
11200330000EB,2.3,2.4,3,3.000,3.0
11200330000EB,2.4,2.5,3,3.000,3.0
11200330000EB,2.5,2.6,3,3.000,3.0
11200330000EB,2.6,2.7,3,3.000,3.0
11200330000EB,2.7,2.8,3,3.000,3.0
11200330000EB,2.8,2.9,3,3.000,3.0
11200330000EB,2.9,3,3,3.000,3.0
11200330000EB,3,3.1,3,3.000,3.0
11200330000EB,3.1,3.2,3,3.000,3.0
11200330000EB,3.2,3.3,3,3.000,3.0
11200330000EB,3.3,3.4,3,3.000,3.0
11200330000EB,3.4,3.5,3,3.000,3.0
11200330000EB,3.5,3.6,3,3.000,3.0
11200330000EB,3.6,3.7,3,3.000,3.0
11200330000EB,3.7,3.8,3,3.000,3.0
11200330000EB,3.8,3.9,3,3.000,3.0
11200330000EB,3.9,4,3,3.000,3.0
11200330000EB,4,4.1,3,3.000,3.0
11200330000EB,4.1,4.2,3,3.000,3.0
11200330000EB,4.2,4.3,3,3.000,3.0
11200330000EB,4.3,4.4,3,3.000,3.0
11200330000EB,4.4,4.5,3,3.000,3.0
11200330000EB,4.5,4.6,3,3.000,3.0
11200330000EB,4.6,4.7,3,3.000,3.0
11200330000EB,4.7,4.8,3,3.000,3.0
11200330000EB,4.8,4.9,3,3.000,3.0
11200330000EB,4.9,5,3,3.000,3.0
11200330000EB,5,5.05,3,3.000,3.0
11200330000EB,5.05,5.1,3,3.000,3.0
11200330000EB,5.1,5.2,3,3.000,3.0
11200330000EB,5.2,5.3,3,3.000,3.0
11200330000EB,5.3,5.4,3,3.000,3.0
11200330000EB,5.4,5.5,3,3.000,3.0
11200330000EB,5.5,5.6,3,3.000,3.0
11200330000EB,5.6,5.7,3,3.000,3.0
11200330000EB,5.7,5.8,3,3.000,3.0
11200330000EB,5.8,5.9,3,3.000,3.0
11200330000EB,5.9,6,3,3.000,3.0
11200330000EB,6,6.1,3,3.000,3.0
11200330000EB,6.1,6.2,3,3.000,3.0
11200330000EB,6.2,6.3,3,3.000,3.0
11200330000EB,6.3,6.4,3,3.000,3.0
11200330000EB,6.4,6.44,3,3.000,3.0
11200330000EB,17.3,17.4,3,3.000,3.0
11200330000EB,17.4,17.5,3,3.000,3.0
11200330000EB,17.5,17.6,3,3.000,3.0
11200330000EB,17.6,17.7,3,3.000,3.0
11200330000EB,17.7,17.8,3,3.000,3.0
11200330000EB,17.8,17.82,3,3.000,3.0
11200330000EB,18.2,18.3,3,3.000,3.0
11200330000EB,18.3,18.4,3,3.000,3.0
11200330000EB,18.4,18.5,3,3.000,3.0
11200330000EB,18.5,18.6,3,3.000,3.0
11200330000EB,18.6,18.7,3,3.000,3.0
11200330000EB,18.7,18.8,3,3.000,3.0
11200330000EB,18.8,18.9,3,3.000,3.0
11200330000EB,18.9,19,3,3.000,3.0
11200330000EB,19,19.1,3,3.000,3.0
11200330000EB,19.1,19.2,3,3.000,3.0
11200330000EB,19.2,19.3,3,3.000,3.0
11200330000EB,19.3,19.4,3,3.000,3.0
11200330000EB,19.4,19.5,3,3.000,3.0
11200330000EB,19.5,19.6,3,3.000,3.0
11200330000EB,19.6,19.62,3,3.000,3.0
11200330000EB,19.62,19.7,3,3.000,3.0
11200330000EB,19.7,19.8,3,3.000,3.0
11200330000EB,19.8,19.9,3,3.000,3.0
11200330000EB,19.9,20,3,3.000,3.0
11200330000EB,20,20.1,3,3.000,3.0
11200330000EB,20.1,20.2,3,3.000,3.0
11200330000EB,20.2,20.3,3,3.000,3.0
11200330000EB,20.3,20.4,3,3.000,3.0
11200330000EB,20.4,20.5,3,3.000,3.0
11200330000EB,20.5,20.6,3,3.000,3.0
11200330000EB,20.6,20.7,3,3.000,3.0
11200330000EB,20.7,20.8,3,3.000,3.0
11200330000EB,20.8,20.9,3,3.000,3.0
11200330000EB,20.9,21,3,3.000,3.0
11200330000EB,21,21.1,3,3.000,3.0
11200330000EB,21.1,21.2,3,3.000,3.0
11200330000EB,21.2,21.3,3,3.000,3.0
11200330000EB,21.3,21.4,3,3.000,3.0
11200330000EB,21.4,21.5,3,3.000,3.0
11200330000EB,21.5,21.6,3,3.000,3.0
11200330000EB,21.6,21.7,3,3.000,3.0
11200330000EB,21.7,21.8,3,3.000,3.0
11200330000EB,21.8,21.9,3,3.000,3.0
11200330000EB,21.9,22,3,3.000,3.0
11200330000EB,22,22.1,3,3.000,3.0
11200330000EB,22.1,22.18,3,3.000,3.0
11200330000EB,22.28,22.3,3,3.000,3.0
11200330000EB,22.3,22.4,3,3.000,3.0
11200330000EB,22.4,22.5,3,3.000,3.0
11200330000EB,22.5,22.6,3,3.000,3.0
11200330000EB,22.6,22.7,3,3.000,3.0
11200330000EB,22.7,22.8,3,3.000,3.0
11200330000EB,22.8,22.9,3,3.000,3.0
11200330000EB,22.9,23,3,3.000,3.0
11200330000EB,23,23.1,3,3.000,3.0
11200330000EB,23.1,23.146,3,3.000,3.0
11200330000EB,23.146,23.2,3,3.000,3.0
11200330000EB,23.2,23.3,3,3.000,3.0
11200330000EB,23.3,23.4,3,3.000,3.0
11200330000EB,23.4,23.5,3,3.000,3.0
11200330000EB,23.5,23.6,3,3.000,3.0
11200330000EB,23.6,23.7,3,3.000,3.0
11200330000EB,23.7,23.8,3,3.000,3.0
11200330000EB,23.8,23.9,3,3.000,3.0
11200330000EB,23.9,24,3,3.000,3.0
11200330000EB,24,24.1,3,3.000,3.0
11200330000EB,24.1,24.2,3,3.000,3.0
11200330000EB,24.2,24.3,3,3.000,3.0
11200330000EB,24.3,24.4,3,3.000,3.0
11200330000EB,24.4,24.5,3,3.000,3.0
11200330000EB,24.5,24.6,3,3.000,3.0
11200330000EB,24.6,24.7,3,3.000,3.0
11200330000EB,24.7,24.8,3,3.000,3.0
11200330000EB,24.8,24.9,3,3.000,3.0
11200330000EB,24.9,25,3,3.000,3.0
11200330000EB,25,25.09,3,3.000,3.0
11200330000EB,25.09,25.1,3,3.000,3.0
11200330000EB,25.1,25.2,3,3.000,3.0
11200330000EB,25.2,25.3,3,3.000,3.0
11200330000EB,25.3,25.4,3,3.000,3.0
11200330000EB,25.4,25.5,3,3.000,3.0
11200330000EB,25.5,25.6,3,3.000,3.0
11200330000EB,25.6,25.7,3,3.000,3.0
11200330000EB,25.7,25.8,3,3.000,3.0
11200330000EB,25.8,25.9,3,3.000,3.0
11200330000EB,25.9,26,3,3.000,3.0
11200330000EB,26,26.1,3,3.000,3.0
11200330000EB,26.1,26.2,3,3.000,3.0
11200330000EB,26.2,26.3,3,3.000,3.0
11200330000EB,26.3,26.4,3,3.000,3.0
11200330000EB,26.4,26.5,3,3.000,3.0
11200330000EB,26.5,26.6,3,3.000,3.0
11200330000EB,26.6,26.7,3,3.000,3.0
11200330000EB,26.7,26.73,3,3.000,3.0
35200400000EB,3.44,3.91,,2.000,2.0
35200400000EB,4.32,5.42,,2.000,2.0
35200400000EB,5.42,5.93,,2.000,2.0
1930009000000,0,0.059,7,7.000,7.0
1930009000000,0.059,0.1,7,7.000,7.0
1930009000000,0.1,0.2,7,7.000,7.0
1930009000000,0.2,0.3,7,7.000,7.0
1930009000000,0.3,0.4,7,7.000,7.0
1930009000000,0.4,0.5,7,7.000,7.0
1930009000000,0.5,0.6,7,7.000,7.0
1930009000000,0.6,0.7,7,7.000,7.0
1930009000000,0.7,0.8,7,7.000,7.0
1930009000000,0.8,0.9,7,7.000,7.0
1930009000000,0.9,1,7,7.000,7.0
1930009000000,1,1.1,7,7.000,7.0
1930009000000,1.1,1.2,7,7.000,7.0
1930009000000,1.2,1.3,7,7.000,7.0
1930009000000,1.3,1.4,7,7.000,7.0
1930009000000,1.4,1.45,7,7.000,7.0
1930009000000,1.45,1.5,7,7.000,7.0
1930009000000,1.5,1.6,7,7.000,7.0
1930009000000,1.6,1.7,7,7.000,7.0
1930009000000,1.7,1.8,7,7.000,7.0
1930009000000,1.8,1.9,7,7.000,7.0
1930009000000,1.9,2,7,7.000,7.0
1930009000000,2,2.1,7,7.000,7.0
1930009000000,2.1,2.2,7,7.000,7.0
1930009000000,2.2,2.3,7,7.000,7.0
1930009000000,2.3,2.4,7,7.000,7.0
1930009000000,2.4,2.5,7,7.000,7.0
1930009000000,2.5,2.6,7,7.000,7.0
1930009000000,2.6,2.7,7,7.000,7.0
1930009000000,2.7,2.8,7,7.000,7.0
1930009000000,2.8,2.9,7,7.000,7.0
1930009000000,2.9,3,7,7.000,7.0
1930009000000,3,3.1,7,7.000,7.0
1930009000000,3.1,3.2,7,7.000,7.0
1930009000000,3.2,3.3,7,7.000,7.0
1930009000000,3.3,3.4,7,7.000,7.0
1930009000000,3.4,3.5,7,7.000,7.0
1930009000000,3.5,3.6,7,7.000,7.0
1930009000000,3.6,3.7,7,7.000,7.0
1930009000000,3.7,3.8,7,7.000,7.0
1930009000000,3.8,3.9,7,7.000,7.0
1930009000000,3.9,3.94,7,7.000,7.0
1930009000000,4.97,5,7,7.000,7.0
1930009000000,5,5.1,7,7.000,7.0
1930009000000,5.1,5.2,7,7.000,7.0
1930009000000,5.2,5.3,7,7.000,7.0
1930009000000,5.3,5.4,7,7.000,7.0
1930009000000,5.4,5.5,7,7.000,7.0
1930009000000,5.5,5.6,7,7.000,7.0
1930009000000,5.6,5.7,7,7.000,7.0
1930009000000,5.7,5.8,7,7.000,7.0
1930009000000,5.8,5.9,7,7.000,7.0
1930009000000,5.9,6,7,7.000,7.0
1930009000000,6,6.1,7,7.000,7.0
1930009000000,6.1,6.2,7,7.000,7.0
1930009000000,6.2,6.3,7,7.000,7.0
1930009000000,6.3,6.35,7,7.000,7.0
1930009000000,10.91,11,7,7.000,7.0
1930009000000,11,11.1,7,7.000,7.0
1930009000000,11.1,11.2,7,7.000,7.0
1930009000000,11.2,11.3,7,7.000,7.0
1930009000000,11.3,11.4,7,7.000,7.0
1930009000000,11.4,11.418,7,7.000,7.0
1930009000000,14.435,14.5,7,7.000,7.0
1930009000000,14.5,14.6,7,7.000,7.0
1930009000000,14.6,14.7,7,7.000,7.0
1930009000000,14.7,14.8,7,7.000,7.0
1930009000000,14.8,14.9,7,7.000,7.0
1930009000000,14.9,14.96,7,7.000,7.0
0530002000000,3.88,6.35,,,5.0
0530002000000,6.8,7.06,,,5.0
0530002000000,7.06,7.47,,,5.0
4272254001900,0,0.07,5,5.000,5.0
4272254001900,0.07,0.3,5,5.000,5.0
1040008000000,1.3,2,2,,5.0
1040008000000,2.47,2.82,2,,5.0
1040008000000,3.28,6.25,2,,5.0
1540016000000,0.34,1.84,2,,
2040011000000,0.899,0.95,,,3.0
3430041000000,0.03,2.59,2,2.000,2.0
2040025260000,0,0.31,5,5.000,5.0
2040025260000,0.4,0.71,5,5.000,5.0
4140006020000,1.57,1.69,3,3.000,3.0
3140073730000,0,0.58,2,2.000,2.0
0530027000100,0.4,0.96,,2.000,2.0
5440014140000,0,0.66,5,,5.0
2840019290000,0,2.54,,,3.0
2840019290000,2.54,3.32,3,3.000,3.0
3430020000000,28.29,29.07,2,2.000,2.0
3140081000000,7.25,8.03,2,2.000,2.0
0130020000000,0,2.15,5,,
4240031000000,0,1.81,5,5.000,3.0
1740020750000,0.46,0.93,6,6.000,6.0
1740020750000,1.26,1.48,2,2.000,2.0
1040018230000,0,0.44,2,,
3540008000000,2.96,4.96,2,,
5430014000000,11.28,11.76,5,5.000,5.0
5430014000000,15.19,15.32,3,,3.0
5430014000000,15.32,15.45,3,,3.0
5430014000000,16.1,16.76,3,,3.0
2840016010000,0.59,0.74,3,3.000,3.0
1540066020000,0,3.27,2,,
28100770000NB,0.69,0.7,6,6.000,6.0
28100770000NB,0.7,0.8,6,6.000,6.0
28100770000NB,0.8,0.9,6,6.000,6.0
28100770000NB,0.9,1,6,6.000,6.0
28100770000NB,1,1.1,6,6.000,6.0
28100770000NB,1.1,1.2,6,6.000,6.0
28100770000NB,1.2,1.3,6,6.000,6.0
28100770000NB,1.3,1.4,6,6.000,6.0
28100770000NB,1.4,1.5,6,6.000,6.0
28100770000NB,1.5,1.6,6,6.000,6.0
28100770000NB,1.6,1.7,6,6.000,6.0
28100770000NB,1.7,1.8,6,6.000,6.0
28100770000NB,1.8,1.9,6,6.000,6.0
28100770000NB,1.9,2,6,6.000,6.0
28100770000NB,2,2.1,6,6.000,6.0
28100770000NB,2.1,2.2,6,6.000,6.0
28100770000NB,2.2,2.3,6,6.000,6.0
28100770000NB,2.3,2.4,6,6.000,6.0
28100770000NB,2.4,2.5,6,6.000,6.0
28100770000NB,2.5,2.56,6,6.000,6.0
28100770000NB,2.56,2.6,6,6.000,6.0
28100770000NB,2.6,2.7,6,6.000,6.0
28100770000NB,2.7,2.8,6,6.000,6.0
28100770000NB,2.8,2.9,6,6.000,6.0
28100770000NB,2.9,3,6,6.000,6.0
28100770000NB,3,3.1,6,6.000,6.0
28100770000NB,3.1,3.2,6,6.000,6.0
28100770000NB,3.2,3.3,6,6.000,6.0
28100770000NB,3.3,3.4,6,6.000,6.0
28100770000NB,3.4,3.5,6,6.000,6.0
28100770000NB,3.5,3.6,6,6.000,6.0
28100770000NB,3.6,3.7,6,6.000,6.0
28100770000NB,3.7,3.8,6,6.000,6.0
28100770000NB,3.8,3.9,6,6.000,6.0
28100770000NB,3.9,4,6,6.000,6.0
28100770000NB,4,4.1,6,6.000,6.0
28100770000NB,4.1,4.2,6,6.000,6.0
28100770000NB,4.2,4.3,6,6.000,6.0
28100770000NB,4.3,4.4,6,6.000,6.0
28100770000NB,4.4,4.5,6,6.000,6.0
28100770000NB,4.5,4.6,6,6.000,6.0
28100770000NB,4.6,4.7,6,6.000,6.0
28100770000NB,4.7,4.8,6,6.000,6.0
28100770000NB,4.8,4.9,6,6.000,6.0
28100770000NB,4.9,5,6,6.000,6.0
28100770000NB,5,5.1,6,6.000,6.0
28100770000NB,5.1,5.12,6,6.000,6.0
28100770000NB,5.12,5.2,6,6.000,6.0
28100770000NB,5.2,5.3,6,6.000,6.0
28100770000NB,5.3,5.4,6,6.000,6.0
28100770000NB,5.4,5.5,6,6.000,6.0
28100770000NB,5.5,5.6,6,6.000,6.0
28100770000NB,5.6,5.7,6,6.000,6.0
28100770000NB,5.7,5.8,6,6.000,6.0
28100770000NB,5.8,5.9,6,6.000,6.0
28100770000NB,5.9,6,6,6.000,6.0
28100770000NB,6,6.1,6,6.000,6.0
28100770000NB,6.1,6.2,6,6.000,6.0
28100770000NB,6.2,6.3,6,6.000,6.0
28100770000NB,6.3,6.4,6,6.000,6.0
28100770000NB,6.4,6.5,6,6.000,6.0
28100770000NB,6.5,6.6,6,6.000,6.0
28100770000NB,6.6,6.7,6,6.000,6.0
28100770000NB,6.7,6.8,6,6.000,6.0
28100770000NB,6.8,6.9,6,6.000,6.0
28100770000NB,8.189,8.98,6,,
4130307000000,4.55,5.59,3,3.000,3.0
4130307000000,7.42,8.45,6,6.000,6.0
0730005000000,12.09,12.62,,,5.0
35202500010SB,0,0.64,,,5.0
4130210000000,1.2,1.89,3,3.000,3.0
4130210000000,1.89,2.79,3,3.000,3.0
1040009000000,4.52,4.528,2,,
3140059000000,0,0.33,2,2.000,2.0
3140072000000,3.772,3.78,1,1.000,1.0
1040015000000,0,1.58,2,2.000,2.0
1540105010000,0,0.34,,,5.0
3140082000000,0,1.88,1,1.000,1.0
2140007000000,3.84,4.17,3,3.000,3.0
5130015000000,6.3,8.48,3,3.000,3.0
2840027000000,0,1.57,3,3.000,3.0
2840027000000,2.12,2.59,3,3.000,3.0
3930072000000,18.42,20.44,2,2.000,2.0
1374103001900,0,0.31,2,,
21100790000NB,83.55,83.6,5,5.000,5.0
21100790000NB,83.6,83.7,5,5.000,5.0
21100790000NB,83.7,83.8,5,5.000,5.0
21100790000NB,83.8,83.9,5,5.000,5.0
21100790000NB,83.9,84,5,5.000,5.0
21100790000NB,84,84.1,5,5.000,5.0
21100790000NB,84.1,84.2,5,5.000,5.0
21100790000NB,84.2,84.3,5,5.000,5.0
21100790000NB,84.3,84.4,5,5.000,5.0
21100790000NB,84.4,84.5,5,5.000,5.0
21100790000NB,84.5,84.6,5,5.000,5.0
21100790000NB,84.6,84.7,5,5.000,5.0
21100790000NB,84.7,84.8,5,5.000,5.0
21100790000NB,84.8,84.9,5,5.000,5.0
21100790000NB,84.9,85,5,5.000,5.0
21100790000NB,85,85.1,5,5.000,5.0
21100790000NB,85.1,85.2,5,5.000,5.0
21100790000NB,85.2,85.3,5,5.000,5.0
21100790000NB,85.3,85.4,5,5.000,5.0
21100790000NB,85.4,85.5,5,5.000,5.0
21100790000NB,85.5,85.6,5,5.000,5.0
21100790000NB,85.6,85.7,5,5.000,5.0
21100790000NB,85.7,85.8,5,5.000,5.0
21100790000NB,85.8,85.9,5,5.000,5.0
21100790000NB,85.9,86,5,5.000,5.0
21100790000NB,86,86.1,5,5.000,5.0
21100790000NB,86.1,86.2,5,5.000,5.0
21100790000NB,86.2,86.3,5,5.000,5.0
21100790000NB,86.3,86.4,5,5.000,5.0
21100790000NB,86.4,86.5,5,5.000,5.0
21100790000NB,86.5,86.6,5,5.000,5.0
21100790000NB,86.6,86.7,5,5.000,5.0
21100790000NB,86.7,86.8,5,5.000,5.0
21100790000NB,86.8,86.9,5,5.000,5.0
21100790000NB,86.9,87,5,5.000,5.0
21100790000NB,87,87.1,5,5.000,5.0
21100790000NB,87.1,87.2,5,5.000,5.0
21100790000NB,87.2,87.3,5,5.000,5.0
21100790000NB,87.3,87.4,5,5.000,5.0
21100790000NB,87.4,87.45,5,5.000,5.0
21100790000NB,87.45,87.5,5,5.000,5.0
21100790000NB,87.5,87.6,5,5.000,5.0
21100790000NB,87.6,87.7,5,5.000,5.0
21100790000NB,87.7,87.8,5,5.000,5.0
21100790000NB,87.8,87.9,5,5.000,5.0
21100790000NB,87.9,88,5,5.000,5.0
21100790000NB,88,88.1,5,5.000,5.0
21100790000NB,88.1,88.2,5,5.000,5.0
21100790000NB,88.2,88.3,5,5.000,5.0
21100790000NB,88.3,88.4,5,5.000,5.0
21100790000NB,88.4,88.5,5,5.000,5.0
21100790000NB,88.5,88.6,5,5.000,5.0
21100790000NB,88.6,88.7,5,5.000,5.0
21100790000NB,88.7,88.8,5,5.000,5.0
21100790000NB,88.8,88.9,5,5.000,5.0
21100790000NB,88.9,89,5,5.000,5.0
21100790000NB,89,89.1,5,5.000,5.0
21100790000NB,89.1,89.2,5,5.000,5.0
21100790000NB,89.2,89.3,5,5.000,5.0
21100790000NB,89.3,89.4,5,5.000,5.0
21100790000NB,89.4,89.5,5,5.000,5.0
21100790000NB,89.5,89.6,5,5.000,5.0
21100790000NB,89.6,89.7,5,5.000,5.0
21100790000NB,89.7,89.8,5,5.000,5.0
21100790000NB,89.8,89.9,5,5.000,5.0
21100790000NB,89.9,90,5,5.000,5.0
21100790000NB,90,90.1,5,5.000,5.0
21100790000NB,90.1,90.2,5,5.000,5.0
21100790000NB,90.2,90.3,5,5.000,5.0
21100790000NB,90.3,90.4,5,5.000,5.0
21100790000NB,90.4,90.5,5,5.000,5.0
21100790000NB,90.5,90.6,5,5.000,5.0
21100790000NB,90.6,90.7,5,5.000,5.0
21100790000NB,90.7,90.77,5,5.000,5.0
21100790000NB,90.77,90.8,5,5.000,5.0
21100790000NB,90.8,90.82,5,5.000,5.0
21100790000NB,90.82,90.9,5,5.000,5.0
21100790000NB,90.9,90.92,5,5.000,5.0
21100790000NB,90.92,91,5,5.000,5.0
21100790000NB,91,91.1,5,5.000,5.0
21100790000NB,91.1,91.2,5,5.000,5.0
21100790000NB,91.2,91.3,5,5.000,5.0
21100790000NB,91.3,91.4,5,5.000,5.0
21100790000NB,91.4,91.5,5,5.000,5.0
21100790000NB,91.5,91.6,5,5.000,5.0
21100790000NB,91.6,91.7,5,5.000,5.0
21100790000NB,91.7,91.8,5,5.000,5.0
21100790000NB,91.8,91.9,5,5.000,5.0
21100790000NB,91.9,92,5,5.000,5.0
21100790000NB,92,92.1,5,5.000,5.0
21100790000NB,92.1,92.2,5,5.000,5.0
21100790000NB,92.2,92.3,5,5.000,5.0
21100790000NB,92.3,92.4,5,5.000,5.0
21100790000NB,92.4,92.5,5,5.000,5.0
21100790000NB,92.5,92.6,5,5.000,5.0
21100790000NB,92.6,92.7,5,5.000,5.0
21100790000NB,92.7,92.8,5,5.000,5.0
21100790000NB,92.8,92.9,5,5.000,5.0
21100790000NB,92.9,93,5,5.000,5.0
21100790000NB,93,93.1,5,5.000,5.0
21100790000NB,93.1,93.2,5,5.000,5.0
21100790000NB,93.2,93.3,5,5.000,5.0
21100790000NB,93.3,93.4,5,5.000,5.0
21100790000NB,93.4,93.5,5,5.000,5.0
21100790000NB,93.5,93.6,5,5.000,5.0
21100790000NB,93.6,93.7,5,5.000,5.0
21100790000NB,93.7,93.8,5,5.000,5.0
21100790000NB,93.8,93.9,5,5.000,5.0
21100790000NB,93.9,94,5,5.000,5.0
21100790000NB,94,94.1,5,5.000,5.0
21100790000NB,94.1,94.2,5,5.000,5.0
21100790000NB,94.2,94.3,5,5.000,5.0
21100790000NB,94.3,94.4,5,5.000,5.0
21100790000NB,94.4,94.5,5,5.000,5.0
21100790000NB,94.5,94.6,5,5.000,5.0
21100790000NB,94.6,94.7,5,5.000,5.0
21100790000NB,94.7,94.8,5,5.000,5.0
21100790000NB,94.8,94.9,5,5.000,5.0
21100790000NB,94.9,95,5,5.000,5.0
21100790000NB,95,95.1,5,5.000,5.0
21100790000NB,95.1,95.2,5,5.000,5.0
21100790000NB,95.2,95.3,5,5.000,5.0
21100790000NB,95.3,95.4,5,5.000,5.0
21100790000NB,95.4,95.5,5,5.000,5.0
21100790000NB,95.5,95.6,5,5.000,5.0
21100790000NB,95.6,95.7,5,5.000,5.0
21100790000NB,95.7,95.73,5,5.000,5.0
21100790000NB,95.73,95.8,5,5.000,5.0
21100790000NB,95.8,95.82,5,5.000,5.0
21100790000NB,95.82,95.9,5,5.000,5.0
21100790000NB,95.9,96,5,5.000,5.0
21100790000NB,96,96.1,5,5.000,5.0
21100790000NB,96.1,96.17,5,5.000,5.0
21100790000NB,96.17,96.2,5,5.000,5.0
21100790000NB,96.2,96.3,5,5.000,5.0
21100790000NB,96.3,96.4,5,5.000,5.0
21100790000NB,96.4,96.5,5,5.000,5.0
21100790000NB,96.5,96.6,5,5.000,5.0
21100790000NB,96.6,96.7,5,5.000,5.0
21100790000NB,96.7,96.8,5,5.000,5.0
21100790000NB,96.8,96.9,5,5.000,5.0
21100790000NB,96.9,97,5,5.000,5.0
21100790000NB,97,97.1,5,5.000,5.0
21100790000NB,97.1,97.13,5,5.000,5.0
21100790000NB,97.13,97.2,5,5.000,5.0
21100790000NB,97.2,97.3,5,5.000,5.0
21100790000NB,97.3,97.4,5,5.000,5.0
21100790000NB,97.4,97.5,5,5.000,5.0
21100790000NB,97.5,97.6,5,5.000,5.0
21100790000NB,97.6,97.7,5,5.000,5.0
21100790000NB,97.7,97.8,5,5.000,5.0
21100790000NB,97.8,97.9,5,5.000,5.0
21100790000NB,97.9,98,5,5.000,5.0
21100790000NB,98,98.1,5,5.000,5.0
21100790000NB,98.1,98.2,5,5.000,5.0
21100790000NB,98.2,98.287,5,5.000,5.0
21100790000NB,98.4,98.5,5,5.000,5.0
21100790000NB,98.5,98.6,5,5.000,5.0
21100790000NB,98.6,98.63,5,5.000,5.0
21100790000NB,98.63,98.7,5,5.000,5.0
21100790000NB,98.7,98.8,5,5.000,5.0
21100790000NB,98.8,98.9,5,5.000,5.0
21100790000NB,98.9,98.925,5,5.000,5.0
21100790000NB,100.39,100.4,5,5.000,5.0
21100790000NB,100.4,100.5,5,5.000,5.0
21100790000NB,100.5,100.6,5,5.000,5.0
21100790000NB,100.6,100.7,5,5.000,5.0
21100790000NB,100.7,100.8,5,5.000,5.0
21100790000NB,100.8,100.9,5,5.000,5.0
21100790000NB,100.9,101,5,5.000,5.0
21100790000NB,101,101.1,5,5.000,5.0
21100790000NB,101.1,101.2,5,5.000,5.0
21100790000NB,101.2,101.3,5,5.000,5.0
21100790000NB,101.3,101.4,5,5.000,5.0
21100790000NB,101.4,101.5,5,5.000,5.0
21100790000NB,101.5,101.6,5,5.000,5.0
21100790000NB,101.6,101.69,5,5.000,5.0
21100790000NB,101.69,101.7,5,5.000,5.0
21100790000NB,101.7,101.8,5,5.000,5.0
21100790000NB,101.8,101.9,5,5.000,5.0
21100790000NB,101.9,102,5,5.000,5.0
21100790000NB,102,102.1,5,5.000,5.0
21100790000NB,102.1,102.2,5,5.000,5.0
21100790000NB,102.2,102.3,5,5.000,5.0
21100790000NB,102.3,102.4,5,5.000,5.0
21100790000NB,102.4,102.5,5,5.000,5.0
21100790000NB,102.5,102.6,5,5.000,5.0
21100790000NB,102.6,102.7,5,5.000,5.0
21100790000NB,102.7,102.8,5,5.000,5.0
21100790000NB,102.8,102.9,5,5.000,5.0
21100790000NB,102.9,103,5,5.000,5.0
21100790000NB,103,103.1,5,5.000,5.0
21100790000NB,103.1,103.2,5,5.000,5.0
21100790000NB,103.2,103.3,5,5.000,5.0
21100790000NB,103.3,103.4,5,5.000,5.0
21100790000NB,103.4,103.5,5,5.000,5.0
21100790000NB,103.5,103.6,5,5.000,5.0
21100790000NB,103.6,103.7,5,5.000,5.0
21100790000NB,103.7,103.8,5,5.000,5.0
21100790000NB,103.8,103.9,5,5.000,5.0
21100790000NB,103.9,104,5,5.000,5.0
21100790000NB,104,104.1,5,5.000,5.0
21100790000NB,104.1,104.15,5,5.000,5.0
21100790000NB,104.15,104.2,5,5.000,5.0
21100790000NB,104.2,104.3,5,5.000,5.0
21100790000NB,104.3,104.4,5,5.000,5.0
21100790000NB,104.4,104.5,5,5.000,5.0
21100790000NB,104.5,104.6,5,5.000,5.0
21100790000NB,104.6,104.69,5,5.000,5.0
21100790000NB,104.69,104.7,5,5.000,5.0
21100790000NB,104.7,104.8,5,5.000,5.0
21100790000NB,104.8,104.9,5,5.000,5.0
21100790000NB,104.9,105,5,5.000,5.0
21100790000NB,105,105.1,5,5.000,5.0
21100790000NB,105.1,105.2,5,5.000,5.0
21100790000NB,105.2,105.3,5,5.000,5.0
21100790000NB,105.3,105.4,5,5.000,5.0
21100790000NB,105.4,105.5,5,5.000,5.0
21100790000NB,105.5,105.6,5,5.000,5.0
21100790000NB,105.6,105.7,5,5.000,5.0
21100790000NB,105.7,105.8,5,5.000,5.0
21100790000NB,105.8,105.9,5,5.000,5.0
21100790000NB,105.9,106,5,5.000,5.0
21100790000NB,106,106.1,5,5.000,5.0
21100790000NB,106.1,106.2,5,5.000,5.0
21100790000NB,106.2,106.3,5,5.000,5.0
21100790000NB,106.3,106.4,5,5.000,5.0
21100790000NB,106.4,106.42,5,5.000,5.0
2840016100000,0,0.66,3,3.000,3.0
2600074000000,3.27,3.36,2,,
1030016000000,1.75,2.38,2,2.000,2.0
1030016000000,14.616,14.746,,2.000,5.0
1030016000000,14.84,14.97,2,,
1030016000000,15.526,15.75,,2.000,5.0
1030016000000,15.75,16.666,2,2.000,5.0
1030016000000,16.666,16.89,2,,
1030016000000,23.176,23.4,,2.000,2.0
1030016000000,23.4,23.516,2,2.000,2.0
1030016000000,23.516,23.74,2,,
32202190000NB,1.92,2,2,2.000,5.0
32202190000NB,2,2.1,2,2.000,5.0
32202190000NB,2.1,2.2,2,2.000,5.0
32202190000NB,2.2,2.3,2,2.000,5.0
32202190000NB,2.3,2.4,2,2.000,5.0
32202190000NB,2.4,2.5,2,2.000,5.0
32202190000NB,2.5,2.6,2,2.000,5.0
32202190000NB,2.6,2.7,2,2.000,5.0
32202190000NB,2.7,2.8,2,2.000,5.0
32202190000NB,2.8,2.9,2,2.000,5.0
32202190000NB,2.9,3,2,2.000,5.0
32202190000NB,3,3.1,2,2.000,5.0
32202190000NB,3.1,3.2,2,2.000,5.0
32202190000NB,3.2,3.3,2,2.000,5.0
32202190000NB,3.3,3.4,2,2.000,5.0
32202190000NB,3.4,3.5,2,2.000,5.0
32202190000NB,3.5,3.6,2,2.000,5.0
32202190000NB,3.6,3.7,2,2.000,5.0
32202190000NB,3.7,3.8,2,2.000,5.0
32202190000NB,3.8,3.9,2,2.000,5.0
32202190000NB,3.9,4,2,2.000,5.0
32202190000NB,4,4.1,2,2.000,5.0
32202190000NB,4.1,4.2,2,2.000,5.0
32202190000NB,4.2,4.3,2,2.000,5.0
32202190000NB,4.3,4.4,2,2.000,5.0
32202190000NB,4.4,4.5,2,2.000,5.0
32202190000NB,4.5,4.6,2,2.000,5.0
32202190000NB,4.6,4.7,2,2.000,5.0
32202190000NB,4.7,4.8,2,2.000,5.0
32202190000NB,4.8,4.9,2,2.000,5.0
32202190000NB,4.9,5,2,2.000,5.0
32202190000NB,5,5.1,2,2.000,5.0
32202190000NB,5.1,5.2,2,2.000,5.0
32202190000NB,5.2,5.3,2,2.000,5.0
32202190000NB,5.3,5.4,2,2.000,5.0
32202190000NB,5.4,5.5,2,2.000,5.0
32202190000NB,5.5,5.6,2,2.000,5.0
32202190000NB,5.6,5.7,2,2.000,5.0
32202190000NB,5.7,5.8,2,2.000,5.0
32202190000NB,5.8,5.9,2,2.000,5.0
32202190000NB,5.9,6,2,2.000,5.0
32202190000NB,6,6.1,2,2.000,5.0
32202190000NB,6.1,6.2,2,2.000,5.0
32202190000NB,6.2,6.3,2,2.000,5.0
32202190000NB,6.3,6.4,2,2.000,5.0
32202190000NB,6.4,6.5,2,2.000,5.0
32202190000NB,6.5,6.6,2,2.000,5.0
32202190000NB,6.6,6.7,2,2.000,5.0
32202190000NB,6.7,6.8,2,2.000,5.0
32202190000NB,6.8,6.9,2,2.000,5.0
32202190000NB,6.9,7,2,2.000,5.0
32202190000NB,7,7.1,2,2.000,5.0
32202190000NB,7.1,7.2,2,2.000,5.0
32202190000NB,7.2,7.3,2,2.000,5.0
32202190000NB,7.3,7.4,2,2.000,5.0
32202190000NB,7.4,7.5,2,2.000,5.0
32202190000NB,7.5,7.6,2,2.000,5.0
32202190000NB,7.6,7.7,2,2.000,5.0
32202190000NB,7.7,7.8,2,2.000,5.0
32202190000NB,7.8,7.87,2,2.000,5.0
32202190000NB,14.38,14.4,2,2.000,2.0
32202190000NB,14.4,14.5,2,2.000,2.0
32202190000NB,14.5,14.6,2,2.000,2.0
32202190000NB,14.6,14.7,2,2.000,2.0
32202190000NB,14.7,14.8,2,2.000,2.0
32202190000NB,14.8,14.9,2,2.000,2.0
32202190000NB,14.9,15,2,2.000,2.0
32202190000NB,15,15.1,2,2.000,2.0
32202190000NB,15.1,15.2,2,2.000,2.0
32202190000NB,15.2,15.3,2,2.000,2.0
32202190000NB,15.3,15.4,2,2.000,2.0
32202190000NB,15.4,15.5,2,2.000,2.0
32202190000NB,15.5,15.6,2,2.000,2.0
32202190000NB,15.6,15.7,2,2.000,2.0
32202190000NB,15.7,15.8,2,2.000,2.0
32202190000NB,15.8,15.9,2,2.000,2.0
32202190000NB,15.9,16,2,2.000,2.0
32202190000NB,16,16.1,2,2.000,2.0
32202190000NB,16.1,16.18,2,2.000,2.0
32202190000NB,16.18,16.2,2,2.000,5.0
32202190000NB,16.2,16.3,2,2.000,5.0
32202190000NB,16.3,16.4,2,2.000,5.0
32202190000NB,16.4,16.5,2,2.000,5.0
32202190000NB,16.5,16.6,2,2.000,5.0
32202190000NB,16.6,16.7,2,2.000,5.0
32202190000NB,16.7,16.8,2,2.000,5.0
32202190000NB,16.8,16.9,2,2.000,5.0
32202190000NB,16.9,17,2,2.000,5.0
32202190000NB,17,17.1,2,2.000,5.0
32202190000NB,17.1,17.2,2,2.000,5.0
32202190000NB,17.2,17.3,2,2.000,5.0
32202190000NB,17.3,17.4,2,2.000,5.0
32202190000NB,17.4,17.5,2,2.000,5.0
32202190000NB,17.5,17.6,2,2.000,5.0
32202190000NB,17.6,17.7,2,2.000,5.0
32202190000NB,17.7,17.8,2,2.000,5.0
32202190000NB,17.8,17.9,2,2.000,5.0
32202190000NB,17.9,18,2,2.000,5.0
32202190000NB,18,18.1,2,2.000,5.0
32202190000NB,18.1,18.2,2,2.000,5.0
32202190000NB,18.2,18.3,2,2.000,5.0
32202190000NB,18.3,18.4,2,2.000,5.0
32202190000NB,18.4,18.5,2,2.000,5.0
32202190000NB,18.5,18.6,2,2.000,5.0
32202190000NB,18.6,18.7,2,2.000,5.0
32202190000NB,18.7,18.8,2,2.000,5.0
32202190000NB,18.8,18.9,2,2.000,5.0
32202190000NB,18.9,19,2,2.000,5.0
32202190000NB,19,19.1,2,2.000,5.0
32202190000NB,19.1,19.2,2,2.000,5.0
32202190000NB,19.2,19.24,2,2.000,5.0
32202190000NB,19.24,19.3,2,2.000,5.0
32202190000NB,19.3,19.4,2,2.000,5.0
32202190000NB,19.4,19.5,2,2.000,5.0
32202190000NB,19.5,19.6,2,2.000,5.0
32202190000NB,19.6,19.66,2,2.000,5.0
32202190000NB,19.66,19.7,2,2.000,5.0
32202190000NB,19.7,19.8,2,2.000,5.0
32202190000NB,19.8,19.9,2,2.000,5.0
32202190000NB,19.9,20,2,2.000,5.0
32202190000NB,20,20.1,2,2.000,5.0
32202190000NB,20.1,20.2,2,2.000,5.0
32202190000NB,20.2,20.3,2,2.000,5.0
32202190000NB,20.3,20.4,2,2.000,5.0
32202190000NB,20.4,20.5,2,2.000,5.0
32202190000NB,20.5,20.6,2,2.000,5.0
32202190000NB,20.6,20.7,2,2.000,5.0
32202190000NB,20.7,20.8,2,2.000,5.0
32202190000NB,20.8,20.9,2,2.000,5.0
32202190000NB,20.9,21,2,2.000,5.0
32202190000NB,21,21.1,2,2.000,5.0
32202190000NB,21.1,21.2,2,2.000,5.0
32202190000NB,21.2,21.3,2,2.000,5.0
32202190000NB,21.3,21.4,2,2.000,5.0
32202190000NB,21.4,21.45,2,2.000,5.0
32202190000NB,21.45,21.5,2,2.000,5.0
32202190000NB,21.5,21.6,2,2.000,5.0
32202190000NB,21.6,21.7,2,2.000,5.0
32202190000NB,21.7,21.8,2,2.000,5.0
32202190000NB,21.8,21.9,2,2.000,5.0
32202190000NB,21.9,22,2,2.000,5.0
32202190000NB,22,22.1,2,2.000,5.0
32202190000NB,22.1,22.2,2,2.000,5.0
32202190000NB,22.2,22.3,2,2.000,5.0
32202190000NB,22.3,22.4,2,2.000,5.0
32202190000NB,22.4,22.5,2,2.000,5.0
32202190000NB,22.5,22.6,2,2.000,5.0
32202190000NB,22.6,22.7,2,2.000,5.0
32202190000NB,22.7,22.8,2,2.000,5.0
32202190000NB,22.8,22.9,2,2.000,5.0
32202190000NB,22.9,23,2,2.000,5.0
32202190000NB,24.92,25,2,2.000,5.0
32202190000NB,25,25.1,2,2.000,5.0
32202190000NB,25.1,25.2,2,2.000,5.0
32202190000NB,25.2,25.3,2,2.000,5.0
32202190000NB,25.3,25.4,2,2.000,5.0
32202190000NB,25.4,25.5,2,2.000,5.0
32202190000NB,25.5,25.6,2,2.000,5.0
32202190000NB,25.6,25.7,2,2.000,5.0
32202190000NB,25.7,25.8,2,2.000,5.0
32202190000NB,25.8,25.9,2,2.000,5.0
32202190000NB,25.9,25.93,2,2.000,5.0
32202190000NB,25.93,26,2,2.000,5.0
32202190000NB,26,26.1,2,2.000,5.0
32202190000NB,26.1,26.2,2,2.000,5.0
32202190000NB,26.2,26.24,2,2.000,5.0
32202190000NB,26.24,26.3,2,2.000,5.0
32202190000NB,26.3,26.4,2,2.000,5.0
32202190000NB,26.4,26.5,2,2.000,5.0
32202190000NB,26.5,26.6,2,2.000,5.0
32202190000NB,26.6,26.7,2,2.000,5.0
32202190000NB,26.7,26.8,2,2.000,5.0
32202190000NB,26.8,26.9,2,2.000,5.0
32202190000NB,26.9,27,2,2.000,5.0
32202190000NB,27,27.1,2,2.000,5.0
32202190000NB,27.1,27.2,2,2.000,5.0
32202190000NB,27.2,27.3,2,2.000,5.0
32202190000NB,27.3,27.4,2,2.000,5.0
32202190000NB,27.4,27.5,2,2.000,5.0
32202190000NB,27.5,27.59,2,2.000,5.0
32202190000NB,27.59,27.6,2,2.000,2.0
32202190000NB,27.6,27.7,2,2.000,2.0
32202190000NB,27.7,27.8,2,2.000,2.0
32202190000NB,27.8,27.9,2,2.000,2.0
32202190000NB,27.9,28,2,2.000,2.0
32202190000NB,28,28.1,2,2.000,2.0
32202190000NB,28.1,28.2,2,2.000,5.0
32202190000NB,28.2,28.3,2,2.000,5.0
32202190000NB,28.3,28.4,2,2.000,5.0
32202190000NB,28.4,28.5,2,2.000,5.0
32202190000NB,28.5,28.6,2,2.000,5.0
32202190000NB,28.6,28.68,2,2.000,5.0
4140030000000,4.27,4.52,3,3.000,3.0
3830092000000,0,5.83,5,5.000,5.0
2840014000000,0,0.63,3,3.000,3.0
10200600000EB,0.34,0.345,2,6.000,5.0
10200600000EB,0.345,0.4,2,6.000,5.0
10200600000EB,0.4,0.5,2,6.000,5.0
10200600000EB,0.5,0.6,2,6.000,5.0
10200600000EB,0.6,0.7,2,6.000,5.0
10200600000EB,0.7,0.8,2,6.000,5.0
10200600000EB,0.8,0.9,2,6.000,5.0
10200600000EB,0.9,1,2,6.000,5.0
10200600000EB,1,1.01,2,6.000,5.0
1340037120000,0,0.14,2,,
3140857010000,0,0.19,2,2.000,2.0
2840024000000,0,0.3,3,3.000,3.0
2840024000000,0.3,2.789,3,3.000,3.0
