RouteID,BMP,EMP,A,B,C,D,E,F,SampleID
2840025000000,0.0,0.57,0.0,0.0,0.172,0.087,0.311,0.0,280250000000
2840025000000,0.57,1.53,0.0,0.706,0.087,0.162,0.005,0.0,280250000057
2840025000000,4.24,4.96,0.135,0.585,0.0,0.0,0.0,0.0,280250004240
5140003000000,8.08,10.38,0.356,0.67,0.379,0.394,0.101,0.4,510030000801
3174810001900,0.0,0.76,0.023,0.389,0.043,0.207,0.028,0.07,310481000000
13202190000NB,2.57,4.79,0.03,0.753,0.663,0.372,0.402,0.0,132190000257
13202190000NB,5.364,5.37,0.006,0.0,0.0,0.0,0.0,0.0,132190005364
13202190000NB,5.37,5.69,0.0,0.0,0.0,0.181,0.139,0.0,132190000537
13202190000NB,5.69,6.03,0.073,0.051,0.201,0.0,0.015,0.0,132190000569
13202190000NB,6.03,6.04,0.0,0.0,0.01,0.0,0.0,0.0,132190000603
13202190000NB,6.04,6.39,0.005,0.159,0.053,0.084,0.049,0.0,132190000604
13202190000NB,6.39,6.69,0.109,0.024,0.074,0.093,0.0,0.0,132190000639
13202190000NB,6.69,7.11,0.0,0.25,0.072,0.0,0.098,0.0,132190000669
13202190000NB,7.19,7.43,0.0,0.0,0.086,0.154,0.0,0.0,132190007190
13202190000NB,7.43,8.59,0.0,0.229,0.034,0.144,0.256,0.497,132190000743
13202190000NB,8.59,9.06,0.093,0.28,0.097,0.0,0.0,0.0,132190000859
13202190000NB,9.06,9.9,0.574,0.266,0.0,0.0,0.0,0.0,132190000906
13202190000NB,10.01,10.85,0.029,0.466,0.183,0.162,0.0,0.0,132190001001
13202190000NB,10.85,11.06,0.0,0.0,0.0,0.124,0.086,0.0,132190001085
13202190000NB,11.06,11.26,0.047,0.116,0.0,0.037,0.0,0.0,132190001106
13202190000NB,13.99,14.154,0.044,0.06,0.06,0.0,0.0,0.0,132190013990
13202190000NB,14.154,14.34,0.051,0.135,0.0,0.0,0.0,0.0,132190001416
13202190000NB,14.34,14.45,0.0,0.11,0.0,0.0,0.0,0.0,132190001434
13202190000NB,15.74,16.37,0.037,0.385,0.043,0.165,0.0,0.0,132190001574
13202190000NB,21.34,21.86,0.028,0.48,0.012,0.0,0.0,0.0,132190002134
13202190000NB,25.9,26.76,0.085,0.213,0.493,0.069,0.0,0.0,132190002590
13202190000NB,26.76,26.97,0.0,0.032,0.109,0.069,0.0,0.0,132190002676
13202190000NB,26.97,27.33,0.0,0.114,0.246,0.0,0.0,0.0,132190002697
13202190000NB,27.33,29.72,0.022,0.179,0.412,0.684,1.093,0.0,132190002733
13202190000NB,29.72,31.56,0.061,0.527,0.3,0.693,0.259,0.0,132190002972
13202190000NB,31.56,34.22,0.067,0.116,0.476,1.861,0.14,0.0,132190003156
0240036010000,1.6,1.98,0.059,0.068,0.12,0.075,0.028,0.03,020360100160
2540064020000,0.0,0.24,0.0,0.098,0.14,0.002,0.0,0.0,250640200000
0540014000000,2.43,3.45,0.041,0.595,0.2,0.097,0.087,0.0,050140000243
1930115000000,0.0,0.22,0.0,0.22,0.0,0.0,0.0,0.0,191150000000
1930115000000,0.64,1.15,0.0,0.0,0.0,0.276,0.234,0.0,191150000064
25202500000NB,2.87,3.0,0.0,0.0,0.021,0.106,0.003,0.0,252500000287
25202500000NB,3.785,4.16,0.037,0.075,0.0,0.05,0.213,0.0,252500003420
3140060020000,0.0,0.26,0.0,0.0,0.005,0.0,0.0,0.255,310600200000
0240034000000,2.51,3.42,0.0,0.21,0.291,0.0,0.0,0.409,020340002510
4240219420000,0.0,0.21,0.134,0.022,0.019,0.0,0.035,0.0,422194200000
31200190000NB,8.29,8.806,0.0,0.0,0.098,0.198,0.22,0.0,310190000829
31200190000NB,8.99,9.16,0.026,0.045,0.045,0.046,0.008,0.0,310190000899
31200190000NB,9.54,9.94,0.0,0.14,0.026,0.079,0.155,0.0,310190000954
31200190000NB,10.59,11.08,0.0,0.045,0.079,0.069,0.233,0.064,310190001059
31200190000NB,13.74,14.19,0.0,0.0,0.068,0.382,0.0,0.0,310190001374
31200190000NB,14.25,14.35,0.0,0.1,0.0,0.0,0.0,0.0,310190001425
31200190000NB,14.44,14.8,0.0,0.299,0.061,0.0,0.0,0.0,310190001444
31200190000NB,14.8,14.98,0.017,0.163,0.0,0.0,0.0,0.0,310190001480
31200190000NB,15.62,16.49,0.103,0.767,0.0,0.0,0.0,0.0,310190001562
31200190000NB,16.49,17.021,0.0,0.531,0.0,0.0,0.0,0.0,310190001649
0640039000000,2.08,2.62,0.157,0.222,0.091,0.07,0.0,0.0,060390000208
52202500000NB,1.18,1.89,0.136,0.456,0.118,0.0,0.0,0.0,522500000118
52202500000NB,5.54,6.88,0.11,0.429,0.284,0.163,0.253,0.101,522500000554
52202500000NB,7.02,7.97,0.131,0.293,0.182,0.194,0.089,0.061,522500000702
52202500000NB,8.1,8.64,0.081,0.316,0.1,0.0,0.043,0.0,522500000810
52202500000NB,8.68,9.05,0.218,0.14,0.012,0.0,0.0,0.0,522500000868
52202500000NB,9.05,9.2,0.005,0.132,0.013,0.0,0.0,0.0,522500000905
52202500000NB,9.2,9.63,0.054,0.097,0.193,0.086,0.0,0.0,522500000920
52202500000NB,9.63,11.07,0.041,0.16,0.36,0.134,0.237,0.508,522500000963
2840007050000,0.0,0.324,0.0,0.067,0.111,0.109,0.037,0.0,280007050000
2840007050000,0.324,0.343,0.0,0.0,0.0,0.0,0.019,0.0,280070500324
2840007050000,0.343,1.11,0.024,0.234,0.211,0.15,0.092,0.056,280007050343
2840007050000,1.11,1.83,0.078,0.123,0.032,0.245,0.205,0.037,280070500111
2840007050000,1.836,2.1,0.023,0.0,0.019,0.114,0.04,0.068,280070501836
19203400005SB,0.0,0.17,0.0,0.0,0.17,0.0,0.0,0.0,19340S000000
19203400005SB,0.17,0.37,0.0,0.072,0.034,0.0,0.094,0.0,190340S00017
19203400005SB,0.371,0.6,0.0,0.229,0.0,0.0,0.0,0.0,190340S00371
30201190000NB,12.88,14.28,0.434,0.398,0.568,0.0,0.0,0.0,301190001288
0140010000000,7.41,8.63,0.049,0.246,0.141,0.319,0.196,0.269,010100000741
2071068001900,0.0,0.48,0.022,0.047,0.07,0.039,0.208,0.094,200106800000
27200350000NB,9.534,10.26,0.206,0.184,0.336,0.0,0.0,0.0,270350009644
27200350000NB,11.422,11.76,0.0,0.222,0.116,0.0,0.0,0.0,270350011532
27200350000NB,16.293,16.47,0.0,0.0,0.035,0.142,0.0,0.0,270350016410
27200350000NB,16.507,17.102,0.1,0.137,0.318,0.04,0.0,0.0,270350001664
27200350000NB,17.226,17.39,0.064,0.1,0.0,0.0,0.0,0.0,270350017413
27200350000NB,17.632,17.753,0.0,0.023,0.098,0.0,0.0,0.0,270350001785
27200350000NB,17.753,18.071,0.113,0.186,0.019,0.0,0.0,0.0,270350001798
27200350000NB,18.097,18.46,0.0,0.121,0.242,0.0,0.0,0.0,270350001835
0540507000000,0.0,0.25,0.25,0.0,0.0,0.0,0.0,0.0,055070000000
0540507000000,0.25,0.34,0.09,0.0,0.0,0.0,0.0,0.0,055070000025
0540507000000,0.62,1.2,0.206,0.32,0.054,0.0,0.0,0.0,055070000062
06200520004NB,0.0,0.32,0.045,0.275,0.0,0.0,0.0,0.0,060052N00000
06200520004NB,0.321,0.46,0.017,0.028,0.094,0.0,0.0,0.0,060052N00321
1040005000000,0.06,0.62,0.103,0.072,0.185,0.078,0.122,0.0,100050000006
0130020000000,0.0,2.15,0.772,1.173,0.205,0.0,0.0,0.0,010200000000
09200500000EB,0.0,3.98,0.131,3.183,0.4,0.266,0.0,0.0,090500000000
09200500000EB,3.98,5.61,0.118,0.651,0.861,0.0,0.0,0.0,090500000398
09200500000EB,5.63,6.54,0.0,0.289,0.367,0.254,0.0,0.0,090500000563
09200500000EB,8.26,8.8,0.048,0.11,0.276,0.106,0.0,0.0,090500000826
09200500000EB,8.8,9.75,0.191,0.676,0.083,0.0,0.0,0.0,090500000880
09200500000EB,9.75,11.01,0.12,0.512,0.628,0.0,0.0,0.0,090500000975
09200500000EB,11.43,12.1,0.074,0.596,0.0,0.0,0.0,0.0,090500011430
09200500000EB,12.1,12.96,0.066,0.25,0.544,0.0,0.0,0.0,090500012100
09200500000EB,17.75,18.87,0.0,0.024,0.456,0.64,0.0,0.0,090500001775
3140065000000,0.0,0.263,0.0,0.024,0.064,0.02,0.155,0.0,310650000000
4940020310000,0.0,0.22,0.036,0.035,0.066,0.052,0.031,0.0,490203100000
08100790000NB,36.0,39.91,0.34,1.987,1.583,0.0,0.0,0.0,080790003600
08100790000NB,39.91,41.43,1.159,0.361,0.0,0.0,0.0,0.0,080790003991
08100790000NB,41.43,44.6,0.694,1.587,0.889,0.0,0.0,0.0,080790004143
1230028000000,3.35,4.76,1.084,0.326,0.0,0.0,0.0,0.0,120280000335
1230028000000,8.23,12.58,0.691,1.885,0.806,0.741,0.227,0.0,120280000823
1230028000000,12.58,12.95,0.122,0.173,0.0,0.075,0.0,0.0,120280001258
1230028000000,13.03,13.38,0.0,0.154,0.113,0.083,0.0,0.0,120280001303
47202190000NB,5.57,7.37,0.343,0.646,0.302,0.306,0.203,0.0,472190000557
47202190000NB,13.1,17.49,0.239,0.662,0.632,1.172,1.685,0.0,472190001310
47202190000NB,17.49,18.0,0.102,0.113,0.082,0.114,0.099,0.0,472190001749
47202190000NB,22.16,25.83,0.518,1.496,0.992,0.494,0.17,0.0,472190002216
47202190000NB,25.83,26.1,0.02,0.054,0.035,0.061,0.1,0.0,472190002583
47202190000NB,26.1,27.76,0.049,0.379,0.579,0.487,0.166,0.0,472190002610
2040026000000,4.62,4.96,0.061,0.172,0.107,0.0,0.0,0.0,200260000462
2840011000000,0.08,0.58,0.0,0.087,0.24,0.087,0.086,0.0,280110000008
4272252001900,0.0,0.39,0.071,0.207,0.0,0.046,0.0,0.066,420225200000
42200330000EB,7.76,8.05,0.0,0.0,0.222,0.068,0.0,0.0,420330000776
42200330000EB,8.05,9.5,0.669,0.654,0.1,0.027,0.0,0.0,420330000805
42200330000EB,9.5,9.74,0.029,0.141,0.07,0.0,0.0,0.0,420330000950
42200330000EB,10.26,10.99,0.216,0.39,0.124,0.0,0.0,0.0,420330001026
2540060000000,2.11,2.61,0.0,0.203,0.1,0.048,0.074,0.075,250600002110
2540060000000,4.38,4.86,0.0,0.047,0.068,0.169,0.196,0.0,250600000438
2540250180000,0.0,0.08,0.0,0.0,0.0,0.0,0.08,0.0,252501800000
2540250180000,0.08,0.85,0.097,0.118,0.168,0.068,0.133,0.186,252501800008
1030006000000,0.0,0.12,0.011,0.0,0.022,0.087,0.0,0.0,100060000000
1030006000000,0.12,0.33,0.071,0.0,0.139,0.0,0.0,0.0,100060000120
0240051070000,2.28,3.56,0.113,0.478,0.356,0.152,0.181,0.0,020510702280
2540073000000,2.45,3.55,0.0,0.088,0.047,0.369,0.596,0.0,250730000245
2330044000000,16.02,17.07,0.942,0.108,0.0,0.0,0.0,0.0,230440001602
06100640000EB,5.87,6.47,0.0,0.385,0.215,0.0,0.0,0.0,060640000587
06100640000EB,6.47,6.74,0.047,0.223,0.0,0.0,0.0,0.0,060640000647
06100640000EB,6.74,7.26,0.0,0.402,0.118,0.0,0.0,0.0,060640000674
06100640000EB,7.26,7.72,0.078,0.167,0.215,0.0,0.0,0.0,060640000726
06100640000EB,7.72,8.19,0.034,0.099,0.306,0.031,0.0,0.0,060640000772
06100640000EB,8.19,9.22,0.0,0.766,0.115,0.149,0.0,0.0,060640000819
06100640000EB,9.22,9.52,0.0,0.085,0.215,0.0,0.0,0.0,060640000922
06100640000EB,17.68,18.08,0.124,0.276,0.0,0.0,0.0,0.0,060640001768
06100640000EB,18.08,18.49,0.065,0.345,0.0,0.0,0.0,0.0,060640001808
06100640000EB,18.49,19.32,0.104,0.726,0.0,0.0,0.0,0.0,060640001849
06100640000EB,19.32,19.71,0.086,0.304,0.0,0.0,0.0,0.0,060640001932
06100640000EB,19.71,20.19,0.066,0.414,0.0,0.0,0.0,0.0,060640001971
06100640000EB,20.19,21.04,0.075,0.775,0.0,0.0,0.0,0.0,060640002019
06100640000EB,21.04,21.16,0.042,0.078,0.0,0.0,0.0,0.0,060640002104
06100640000EB,21.16,21.75,0.0,0.205,0.385,0.0,0.0,0.0,060640002116
06100640000EB,21.75,22.39,0.0,0.363,0.277,0.0,0.0,0.0,060640002175
06100640000EB,22.39,27.11,0.48,3.094,1.146,0.0,0.0,0.0,060640002239
06100640000EB,27.11,27.55,0.0,0.44,0.0,0.0,0.0,0.0,060640002711
06100640000EB,27.55,28.67,0.108,1.012,0.0,0.0,0.0,0.0,060640002755
06100640000EB,28.67,29.44,0.067,0.703,0.0,0.0,0.0,0.0,060640002867
06100640000EB,29.44,31.77,1.567,0.763,0.0,0.0,0.0,0.0,060640002944
28200520000EB,6.96,7.76,0.213,0.587,0.0,0.0,0.0,0.0,280520006960
28200520000EB,12.97,13.39,0.0,0.0,0.225,0.159,0.036,0.0,280052001297
28200520000EB,13.44,13.67,0.0,0.093,0.137,0.0,0.0,0.0,280052001344
28200520000EB,14.91,15.37,0.0,0.46,0.0,0.0,0.0,0.0,280520001491
1740012000000,0.14,0.9,0.054,0.384,0.146,0.122,0.054,0.0,170120000015
3140049000000,0.66,1.25,0.437,0.047,0.106,0.0,0.0,0.0,310490000066
2840014000000,0.0,0.63,0.0,0.052,0.239,0.049,0.074,0.216,280140000000
4040012000000,4.71,8.19,0.314,1.305,0.862,0.497,0.278,0.224,400120000471
4040012000000,8.19,10.77,0.354,0.88,0.423,0.636,0.14,0.147,400120000819
4040012000000,10.77,12.37,0.326,0.588,0.422,0.216,0.048,0.0,400120001077
15200300000EB,0.53,0.61,0.08,0.0,0.0,0.0,0.0,0.0,150300000530
15200300000EB,1.543,2.38,0.0,0.146,0.178,0.058,0.455,0.0,150300001543
3430020000000,28.29,29.07,0.0,0.354,0.0,0.085,0.341,0.0,340200028290
1030061000000,0.0,1.12,0.057,0.265,0.449,0.089,0.168,0.092,100610000000
1030061000000,8.74,9.33,0.0,0.055,0.372,0.163,0.0,0.0,100610000874
1030061000000,22.53,25.56,0.077,0.928,1.072,0.915,0.038,0.0,100610002253
4130041000000,0.0,0.71,0.054,0.246,0.185,0.085,0.076,0.064,410410000000
4130041000000,1.99,2.19,0.0,0.167,0.0,0.033,0.0,0.0,410410000199
5440021020000,0.0,0.39,0.151,0.172,0.0,0.019,0.048,0.0,54400210200
5440021020000,0.5,1.98,0.721,0.637,0.122,0.0,0.0,0.0,540210200050
35202500010SB,0.0,0.64,0.202,0.371,0.0,0.067,0.0,0.0,35250SB00000
4530003000000,9.56,10.91,0.618,0.701,0.031,0.0,0.0,0.0,450030000956
5430014000100,0.0,0.63,0.054,0.217,0.072,0.033,0.215,0.039,54014A000000
5430014000100,0.92,1.31,0.162,0.056,0.15,0.022,0.0,0.0,54014A000092
5430014000100,1.72,1.98,0.0,0.026,0.156,0.078,0.0,0.0,54014A000172
4730032000000,0.0,3.26,0.085,0.458,0.455,0.241,0.41,1.611,470320000000
4730032000000,3.26,4.88,0.045,0.849,0.577,0.147,0.0,0.002,470320000326
4730032000000,14.79,16.09,0.046,0.742,0.234,0.196,0.082,0.0,470320001479
4730032000000,16.09,16.45,0.0,0.059,0.0,0.077,0.224,0.0,470320001609
1577269001900,0.65,0.97,0.0,0.168,0.045,0.078,0.0,0.029,150726900065
4140008010000,1.02,1.6,0.033,0.412,0.038,0.068,0.029,0.0,410080100102
2870513001900,0.0,0.37,0.0,0.141,0.031,0.136,0.062,0.0,280051300000
1940031000000,0.0,0.029,0.027,0.002,0.0,0.0,0.0,0.0,190310000000
44200330000EB,4.33,5.61,0.11,0.924,0.102,0.043,0.045,0.056,440330000433
44200330000EB,6.75,9.1,0.195,0.783,0.298,0.301,0.571,0.202,440330000675
44200330000EB,15.77,17.73,0.131,1.186,0.467,0.032,0.144,0.0,440330001577
5475762001900,1.16,1.47,0.093,0.174,0.043,0.0,0.0,0.0,540576200116
4940012010000,0.0,0.02,0.02,0.0,0.0,0.0,0.0,0.0,490120100000
2040039000000,7.15,8.83,0.344,1.336,0.0,0.0,0.0,0.0,200390000715
0540013000000,0.0,0.14,0.01,0.13,0.0,0.0,0.0,0.0,050130000000
12200480000EB,0.0,5.82,0.198,2.076,1.679,1.867,0.0,0.0,120480000000
2740035110000,0.0,0.37,0.305,0.034,0.0,0.031,0.0,0.0,270351100000
4140030000000,4.27,4.52,0.003,0.007,0.046,0.084,0.067,0.043,410300000427
1540208000000,3.21,3.55,0.043,0.202,0.095,0.0,0.0,0.0,152080000321
20200600000EB,2.44,2.86,0.053,0.225,0.142,0.0,0.0,0.0,200600000244
20200600000EB,6.2,6.92,0.65,0.07,0.0,0.0,0.0,0.0,200600000620
20200600000EB,9.19,10.9,1.71,0.0,0.0,0.0,0.0,0.0,200600000919
20200600000EB,14.84,16.0,0.45,0.673,0.037,0.0,0.0,0.0,200600001484
20200600000EB,16.07,16.48,0.176,0.234,0.0,0.0,0.0,0.0,200600001607
20200600000EB,18.64,20.08,0.991,0.449,0.0,0.0,0.0,0.0,200600001864
20200600000EB,23.08,23.52,0.031,0.409,0.0,0.0,0.0,0.0,200600002308
20200600000EB,28.43,29.18,0.098,0.652,0.0,0.0,0.0,0.0,200600002843
0240011240000,0.0,0.85,0.329,0.352,0.169,0.0,0.0,0.0,020112400000
4140006000000,0.0,0.14,0.016,0.0,0.051,0.0,0.022,0.051,410060000000
4140006000000,0.91,1.13,0.0,0.111,0.068,0.02,0.021,0.0,410060000091
3174772001900,0.0,0.1,0.0,0.026,0.0,0.017,0.0,0.057,310477200000
3174772001900,0.1,0.27,0.027,0.0,0.019,0.053,0.023,0.048,310477200010
3174772001900,0.27,0.42,0.0,0.058,0.024,0.0,0.007,0.061,310477200027
0673285001900,0.0,0.32,0.3,0.0,0.02,0.0,0.0,0.0,060328500000
2430016000000,0.06,1.73,0.263,0.939,0.362,0.106,0.0,0.0,240160000006
2430016000000,4.05,6.18,0.33,1.117,0.329,0.233,0.121,0.0,240160000405
2430016000000,9.47,10.14,0.376,0.294,0.0,0.0,0.0,0.0,240160000947
2430016000000,13.75,14.05,0.3,0.0,0.0,0.0,0.0,0.0,240160001375
2430016000000,16.06,19.56,0.313,0.872,1.827,0.15,0.326,0.012,240160001606
2430016000000,19.56,20.79,0.0,0.0,0.14,0.836,0.254,0.0,240160001956
2430016000000,20.79,22.05,0.001,0.751,0.112,0.348,0.027,0.021,240160002079
2430016000000,22.05,23.76,0.025,1.113,0.465,0.107,0.0,0.0,240160002205
2430016000000,23.76,24.86,0.0,0.054,0.346,0.644,0.056,0.0,240160002376
2430016000000,29.19,29.41,0.036,0.107,0.007,0.046,0.0,0.024,240160002919
2430016000000,32.7,35.38,0.032,1.308,0.983,0.357,0.0,0.0,240160003270
31100680004NB,0.0,0.84,0.121,0.388,0.112,0.219,0.0,0.0,31068N000000
07200330000EB,0.09,2.33,0.393,1.704,0.143,0.0,0.0,0.0,070330000009
07200330000EB,3.68,5.03,0.0,0.586,0.063,0.324,0.219,0.158,070330000368
07200330000EB,5.59,6.2,0.095,0.164,0.151,0.16,0.04,0.0,070330000559
07200330000EB,6.2,6.6,0.251,0.149,0.0,0.0,0.0,0.0,070330000620
07200330000EB,6.62,8.3,0.17,1.446,0.064,0.0,0.0,0.0,070330000662
07200330000EB,10.13,14.3,0.32,2.183,0.799,0.216,0.534,0.118,070330001013
07200330000EB,14.3,14.86,0.182,0.3,0.037,0.041,0.0,0.0,070330001430
0830036000000,2.48,4.2,0.165,1.121,0.119,0.049,0.266,0.0,080360000248
1740020750000,0.46,0.93,0.0,0.0,0.411,0.059,0.0,0.0,170207500046
1740020750000,1.26,1.48,0.0,0.0,0.033,0.0,0.047,0.14,170207500126
1740023090000,6.77,7.36,0.0,0.265,0.137,0.072,0.116,0.0,170230900675
1740023090000,7.77,8.94,0.1,0.868,0.125,0.026,0.0,0.051,170230900777
13100640000EB,147.93,149.84,0.808,0.455,0.647,0.0,0.0,0.0,130640014793
13100640000EB,149.84,156.18,3.221,2.553,0.566,0.0,0.0,0.0,130640014984
13100640000EB,156.18,161.46,1.332,0.957,1.56,1.431,0.0,0.0,130640015618
13100640000EB,161.46,165.95,0.288,2.088,1.075,1.039,0.0,0.0,130640016146
13100640000EB,165.95,168.89,0.284,2.104,0.552,0.0,0.0,0.0,130640016595
13100640000EB,168.96,170.09,0.341,0.789,0.0,0.0,0.0,0.0,130640016896
13100640000EB,170.09,170.23,0.0,0.14,0.0,0.0,0.0,0.0,130640017009
13100640000EB,172.62,174.1,0.155,0.517,0.808,0.0,0.0,0.0,130640017262
13100640000EB,174.1,175.31,0.155,0.849,0.206,0.0,0.0,0.0,130640017410
13100640000EB,175.31,176.16,0.254,0.072,0.281,0.243,0.0,0.0,130640017531
13100640000EB,176.16,178.43,0.102,1.688,0.48,0.0,0.0,0.0,130640017616
13100640000EB,178.43,181.12,0.2,1.308,1.182,0.0,0.0,0.0,130640017843
13100640000EB,181.12,182.02,0.0,0.9,0.0,0.0,0.0,0.0,130640018112
13100640000EB,182.02,184.02,0.031,0.462,0.834,0.673,0.0,0.0,130640018202
0240005000000,5.9,7.94,0.218,0.772,0.58,0.237,0.136,0.097,020050000590
2540072000000,1.02,1.79,0.296,0.299,0.108,0.067,0.0,0.0,250720000102
2540072000000,2.07,2.67,0.0,0.287,0.07,0.121,0.122,0.0,250720000207
4140019210000,3.73,5.14,0.054,0.425,0.224,0.157,0.188,0.362,410192100373
1740025120000,0.27,0.64,0.0,0.057,0.043,0.27,0.0,0.0,170251200027
2430083000000,0.0,6.42,0.365,2.329,0.628,1.567,1.301,0.23,240830000000
2430083000000,6.42,7.46,0.135,0.905,0.0,0.0,0.0,0.0,240830000642
2430083000000,7.94,8.06,0.0,0.12,0.0,0.0,0.0,0.0,240830000794
2430083000000,14.092,17.6,0.564,1.38,0.514,0.901,0.13,0.019,240830014092
2430083000000,17.6,18.01,0.061,0.282,0.067,0.0,0.0,0.0,240830001760
4940013000000,0.0,0.86,0.195,0.456,0.147,0.035,0.027,0.0,490130000000
1140007000000,6.97,8.67,0.433,0.901,0.295,0.071,0.0,0.0,110070000697
3540018020000,0.0,0.23,0.0,0.113,0.0,0.117,0.0,0.0,350180200000
0274259001900,0.0,0.17,0.0,0.113,0.0,0.022,0.0,0.035,020425900000
0274259001900,0.17,0.61,0.0,0.035,0.12,0.0,0.166,0.119,022590000017
2930093000000,0.0,3.42,0.134,2.547,0.302,0.437,0.0,0.0,290930000000
2776503001900,0.0,0.23,0.0,0.206,0.024,0.0,0.0,0.0,270650300000
1771754001900,0.18,0.47,0.0,0.167,0.034,0.078,0.0,0.011,170175400018
1771754001900,0.47,0.57,0.0,0.0,0.0,0.0,0.05,0.05,170175400047
1740050160000,0.12,0.54,0.043,0.266,0.087,0.0,0.0,0.024,170501600012
3140007210000,0.0,1.11,0.087,0.087,0.216,0.203,0.149,0.368,310072100000
2870514001900,0.0,0.6,0.124,0.476,0.0,0.0,0.0,0.0,280051400000
2870514001900,0.6,1.41,0.0,0.141,0.088,0.051,0.084,0.446,280051400060
2870514001900,1.41,1.52,0.009,0.0,0.0,0.0,0.024,0.077,280051400141
41100770016NB,35.21,35.75,0.0,0.348,0.192,0.0,0.0,0.0,410077003521
41100770016NB,35.75,37.82,0.597,1.259,0.214,0.0,0.0,0.0,410770003575
41100770016NB,41.68,42.31,0.065,0.565,0.0,0.0,0.0,0.0,410770004168
41100770016NB,42.31,43.13,0.103,0.505,0.212,0.0,0.0,0.0,410770004231
41100770016NB,43.13,44.54,0.56,0.24,0.61,0.0,0.0,0.0,410770004313
41100770016NB,48.05,48.34,0.0,0.136,0.075,0.079,0.0,0.0,410770004805
1940009020000,0.2,0.35,0.0,0.062,0.033,0.043,0.012,0.0,190090200020
3040065050000,5.74,7.12,0.0,1.352,0.028,0.0,0.0,0.0,300650500574
0673272001900,0.35,1.04,0.263,0.35,0.077,0.0,0.0,0.0,060327200035
0673272001900,1.08,1.44,0.101,0.215,0.044,0.0,0.0,0.0,060327200108
17200500000EB,0.0,1.53,0.337,0.1,0.832,0.261,0.0,0.0,170500000000
17200500000EB,1.53,3.37,0.151,0.496,0.333,0.86,0.0,0.0,170500000153
17200500000EB,3.42,3.8,0.002,0.111,0.074,0.193,0.0,0.0,170500000342
17200500000EB,6.11,7.16,0.198,0.794,0.058,0.0,0.0,0.0,170500000611
17200500000EB,11.38,12.29,0.165,0.661,0.084,0.0,0.0,0.0,170500001138
17200500000EB,12.29,12.88,0.123,0.467,0.0,0.0,0.0,0.0,170500001229
17200500000EB,13.25,13.78,0.0,0.136,0.394,0.0,0.0,0.0,170500001325
17200500000EB,13.78,14.03,0.0,0.25,0.0,0.0,0.0,0.0,170500013780
17200500000EB,14.03,14.25,0.0,0.22,0.0,0.0,0.0,0.0,170500014030
17200500000EB,14.324,14.64,0.0,0.316,0.0,0.0,0.0,0.0,170500014324
17200500000EB,14.96,15.31,0.031,0.319,0.0,0.0,0.0,0.0,170500001496
17200500000EB,15.31,15.46,0.0,0.075,0.075,0.0,0.0,0.0,170500015310
17200500000EB,15.465,15.57,0.0,0.041,0.0,0.064,0.0,0.0,170500015465
17200500000EB,15.68,16.24,0.095,0.192,0.199,0.074,0.0,0.0,170500001568
17200500000EB,17.79,18.0,0.0,0.0,0.013,0.197,0.0,0.0,170500001779
17200500000EB,18.32,18.45,0.0,0.038,0.092,0.0,0.0,0.0,170500001832
17200500000EB,18.45,18.52,0.0,0.0,0.065,0.005,0.0,0.0,170500001845
17200500000EB,18.52,18.8,0.0,0.0,0.0,0.145,0.135,0.0,170500001852
17200500000EB,18.85,19.21,0.0,0.0,0.038,0.322,0.0,0.0,170500001885
1940003000000,1.403,1.82,0.002,0.101,0.242,0.029,0.0,0.043,190030001403
1940003000000,1.82,2.02,0.021,0.0,0.102,0.057,0.0,0.02,190030001820
1940003000000,2.02,2.36,0.12,0.162,0.0,0.058,0.0,0.0,190030002020
3430041000000,0.03,2.59,0.909,1.558,0.093,0.0,0.0,0.0,340410000003
41100640007WB,0.0,0.45,0.152,0.298,0.0,0.0,0.0,0.0,41064W000000
4240025030000,0.0,0.005,0.0,0.003,0.002,0.0,0.0,0.0,420250300000
2030214000000,8.0,8.12,0.101,0.019,0.0,0.0,0.0,0.0,202140000800
0274256001900,0.0,0.66,0.015,0.471,0.05,0.023,0.026,0.075,020425600000
3540039000000,0.01,0.42,0.273,0.052,0.064,0.021,0.0,0.0,350390000001
3540039000000,0.42,1.56,0.457,0.627,0.056,0.0,0.0,0.0,350390000042
3540039000000,1.56,2.05,0.34,0.121,0.029,0.0,0.0,0.0,350390000156
3540015010000,2.48,2.77,0.0,0.1,0.049,0.141,0.0,0.0,350150100248
1577271001900,0.4,1.18,0.08,0.334,0.179,0.057,0.0,0.13,150727100040
4240219220000,0.0,0.16,0.017,0.143,0.0,0.0,0.0,0.0,422192200000
4040025020000,0.28,0.38,0.049,0.051,0.0,0.0,0.0,0.0,400250200028
4040025020000,0.38,0.52,0.043,0.037,0.0,0.06,0.0,0.0,400250200038
0830016000000,19.19,20.35,0.59,0.57,0.0,0.0,0.0,0.0,080160001919
2940008000000,0.0,0.24,0.0,0.052,0.035,0.153,0.0,0.0,290080000000
36200330000EB,5.49,5.92,0.041,0.389,0.0,0.0,0.0,0.0,360330000549
36200330000EB,33.184,33.783,0.0,0.345,0.021,0.058,0.175,0.0,360330003321
1940017040000,0.63,0.92,0.29,0.0,0.0,0.0,0.0,0.0,190170400630
0630193000000,0.46,3.55,0.16,0.738,0.752,1.44,0.0,0.0,061930000046
0240013000000,0.43,1.03,0.087,0.368,0.059,0.045,0.041,0.0,020130000043
0240013000000,1.03,1.5,0.006,0.301,0.104,0.059,0.0,0.0,020130000103
0240013000000,2.75,3.716,0.173,0.747,0.0,0.04,0.006,0.0,020130000275
1771783001900,0.0,0.64,0.07,0.105,0.0,0.143,0.077,0.245,170178300000
3140857000000,0.5,1.41,0.03,0.182,0.402,0.033,0.263,0.0,318570000050
3140857000000,5.11,5.59,0.07,0.111,0.071,0.031,0.019,0.178,318570000511
3140857000000,10.85,11.35,0.0,0.398,0.059,0.0,0.043,0.0,318570001085
1740024060000,0.29,0.6,0.03,0.086,0.0,0.026,0.107,0.061,170240600029
4140048000000,0.0,1.9,0.221,0.785,0.481,0.237,0.176,0.0,410480000000
5040003000000,3.75,3.85,0.0,0.1,0.0,0.0,0.0,0.0,500030000375
5040003000000,3.94,4.06,0.073,0.0,0.032,0.0,0.015,0.0,500030000394
2040022010000,0.0,0.004,0.0,0.004,0.0,0.0,0.0,0.0,200220100000
5440047040000,0.0,0.23,0.013,0.08,0.029,0.034,0.021,0.053,540470400000
5440047040000,0.23,0.93,0.087,0.317,0.13,0.049,0.041,0.076,540470400230
5440047040000,0.93,2.86,0.145,0.715,0.759,0.144,0.088,0.079,540470400930
29200500000EB,8.0,10.56,0.04,2.451,0.069,0.0,0.0,0.0,290500000800
1040009000000,4.52,4.528,0.0,0.008,0.0,0.0,0.0,0.0,100090000452
2040012010000,0.0,0.6,0.134,0.403,0.063,0.0,0.0,0.0,200120100000
0640031000000,0.16,0.5,0.13,0.097,0.056,0.057,0.0,0.0,060310000016
1230042000000,16.97,21.26,0.025,0.067,0.544,0.792,2.498,0.364,120420001697
1230042000000,21.78,22.74,0.16,0.168,0.257,0.129,0.151,0.095,120420002178
3174813001900,0.0,1.24,0.104,0.317,0.283,0.262,0.125,0.149,310481300000
1740006000000,0.0,0.808,0.0,0.093,0.267,0.0,0.338,0.11,170006000000
2877012001900,0.0,0.96,0.0,0.0,0.23,0.73,0.0,0.0,280701200000
0940003000000,4.14,5.77,0.53,1.043,0.057,0.0,0.0,0.0,090030000414
3930072000000,18.42,20.44,0.279,1.393,0.274,0.0,0.026,0.048,390720001842
1640010000000,4.6,5.8,0.245,0.417,0.279,0.194,0.065,0.0,160100000046
4240031000000,0.0,1.81,0.034,0.07,0.065,0.044,0.11,1.487,420310000181
1740019290000,0.0,0.57,0.004,0.211,0.193,0.107,0.055,0.0,170192900000
2040025470000,0.1,0.36,0.0,0.03,0.097,0.133,0.0,0.0,200254700010
2040025470000,0.36,0.57,0.061,0.111,0.0,0.038,0.0,0.0,200254700036
3174807001900,0.0,0.4,0.0,0.005,0.0,0.011,0.0,0.384,310480700000
1340045010000,0.0,0.539,0.023,0.461,0.055,0.0,0.0,0.0,130450100000
2040060280000,0.0,0.55,0.0,0.052,0.171,0.285,0.042,0.0,200602800000
3140067000000,6.22,7.97,0.029,0.572,0.182,0.248,0.308,0.411,310670000622
3140067000000,7.97,8.36,0.0,0.047,0.158,0.051,0.041,0.093,310670000797
3140067000000,8.36,8.55,0.0,0.122,0.059,0.009,0.0,0.0,310670000836
2940014000000,4.19,4.6,0.0,0.389,0.021,0.0,0.0,0.0,290140000419
2040008000000,0.86,1.17,0.024,0.058,0.081,0.073,0.056,0.018,204000800000
2040008000000,2.72,3.24,0.05,0.344,0.034,0.092,0.0,0.0,200080000272
3540091010000,0.0,0.2,0.0,0.164,0.032,0.0,0.004,0.0,350910100000
4140019030000,0.387,0.5,0.0,0.1,0.013,0.0,0.0,0.0,410190300039
4140019030000,0.5,0.98,0.0,0.0,0.365,0.115,0.0,0.0,410190300050
0530002000000,3.33,3.88,0.06,0.49,0.0,0.0,0.0,0.0,050020003330
0530002000000,3.88,6.35,0.506,1.478,0.366,0.12,0.0,0.0,050020000388
0530002000000,6.799,7.06,0.04,0.078,0.143,0.0,0.0,0.0,050020000680
0530002000000,7.06,7.47,0.105,0.168,0.066,0.071,0.0,0.0,050020000706
0530002000000,7.59,8.67,0.449,0.631,0.0,0.0,0.0,0.0,050020000759
0530002000000,10.14,10.72,0.153,0.322,0.105,0.0,0.0,0.0,050020001014
0530002000000,12.63,13.08,0.0,0.45,0.0,0.0,0.0,0.0,050020001263
0530002000000,14.5,14.83,0.0,0.33,0.0,0.0,0.0,0.0,050002000145
0530002000000,14.83,15.05,0.0,0.22,0.0,0.0,0.0,0.0,050020001483
0530002000000,15.05,15.08,0.0,0.03,0.0,0.0,0.0,0.0,050020001505
0530002000000,15.08,15.4,0.046,0.129,0.145,0.0,0.0,0.0,050020001508
0530002000000,15.75,16.16,0.025,0.184,0.111,0.0,0.09,0.0,050020001575
28100770016NB,8.98,9.19,0.023,0.069,0.105,0.013,0.0,0.0,280770000898
28100770016NB,9.19,9.5,0.041,0.05,0.042,0.177,0.0,0.0,280770000919
28100770016NB,9.5,9.79,0.022,0.268,0.0,0.0,0.0,0.0,280770000950
28100770016NB,11.44,12.16,0.0,0.523,0.087,0.11,0.0,0.0,280770001144
28100770016NB,13.74,14.006,0.0,0.196,0.07,0.0,0.0,0.0,280770001374
3140070000000,0.0,0.38,0.0,0.0,0.005,0.051,0.08,0.244,310700000000
3140070000000,0.387,1.47,0.053,0.125,0.167,0.045,0.293,0.4,310700000387
1740058010000,0.0,0.17,0.0,0.17,0.0,0.0,0.0,0.0,170580100000
4040050000000,13.38,14.06,0.044,0.072,0.2,0.068,0.0,0.296,400500001338
20100640006EB,0.0,0.3,0.0,0.255,0.045,0.0,0.0,0.0,200064E00000
33205220000NB,0.0,6.35,1.419,3.594,1.029,0.258,0.05,0.0,335220000000
33205220000NB,6.35,7.81,0.005,1.151,0.304,0.0,0.0,0.0,335220000635
33205220000NB,12.67,13.11,0.009,0.336,0.095,0.0,0.0,0.0,335220001267
33205220000NB,14.68,15.97,0.436,0.439,0.214,0.201,0.0,0.0,335220001468
0540027040000,0.0,0.13,0.0,0.05,0.022,0.021,0.0,0.037,050270400000
0540027040000,0.44,0.84,0.0,0.0,0.0,0.005,0.168,0.227,050270400440
54100770000NB,156.99,158.69,0.062,0.603,1.035,0.0,0.0,0.0,540770015699
54100770000NB,158.69,160.38,0.067,0.404,1.219,0.0,0.0,0.0,540770015869
54100770000NB,160.38,161.66,0.169,0.219,0.892,0.0,0.0,0.0,540770016038
54100770000NB,161.66,162.73,0.388,0.682,0.0,0.0,0.0,0.0,540770016166
54100770000NB,162.73,168.205,3.18,2.295,0.0,0.0,0.0,0.0,540770016273
54100770000NB,168.205,168.37,0.136,0.029,0.0,0.0,0.0,0.0,540077168205
54100770000NB,168.37,172.29,2.932,0.988,0.0,0.0,0.0,0.0,540770016837
54100770000NB,176.46,176.76,0.0,0.0,0.3,0.0,0.0,0.0,540770017646
54100770000NB,176.76,177.928,0.0,0.652,0.516,0.0,0.0,0.0,540770017676
54100770000NB,180.18,181.674,0.153,0.325,0.754,0.262,0.0,0.0,540770018018
54100770000NB,181.674,185.34,0.407,2.214,0.538,0.507,0.0,0.0,540770018167
54100770000NB,185.34,185.64,0.0,0.272,0.028,0.0,0.0,0.0,540770018534
54100770000NB,185.64,186.72,0.041,0.9,0.139,0.0,0.0,0.0,540770018564
54100770000NB,186.72,187.21,0.038,0.452,0.0,0.0,0.0,0.0,540770018672
52300070007WB,0.0,0.23,0.034,0.196,0.0,0.0,0.0,0.0,52007W000000
52300070007WB,0.23,0.33,0.1,0.0,0.0,0.0,0.0,0.0,52007W000023
19203400000NB,6.9,8.56,0.11,1.55,0.0,0.0,0.0,0.0,193400000690
19203400000NB,8.56,9.13,0.071,0.289,0.21,0.0,0.0,0.0,193400000856
19203400000NB,9.13,9.55,0.067,0.353,0.0,0.0,0.0,0.0,193400000913
19203400000NB,9.55,10.41,0.129,0.618,0.113,0.0,0.0,0.0,193400000955
19203400000NB,10.41,11.86,0.457,0.721,0.272,0.0,0.0,0.0,193400001041
19203400000NB,11.9,12.047,0.032,0.029,0.086,0.0,0.0,0.0,193400001190
19203400000NB,12.047,12.88,0.3,0.196,0.337,0.0,0.0,0.0,193400001205
19203400000NB,12.88,13.26,0.052,0.0,0.05,0.278,0.0,0.0,193400001288
19203400000NB,13.26,13.82,0.0,0.163,0.261,0.136,0.0,0.0,193400001326
19203400000NB,14.66,14.86,0.119,0.081,0.0,0.0,0.0,0.0,193400001466
19203400000NB,14.86,15.31,0.211,0.239,0.0,0.0,0.0,0.0,193400001486
2530310000000,7.16,7.808,0.0,0.184,0.357,0.107,0.0,0.0,253100007160
2530310000000,8.35,8.45,0.031,0.069,0.0,0.0,0.0,0.0,253100000835
2530310000000,9.67,10.1,0.0,0.066,0.328,0.036,0.0,0.0,253100000967
2530310000000,10.1,10.22,0.057,0.0,0.0,0.0,0.063,0.0,253100010100
0140046010000,0.0,1.62,0.028,0.295,0.177,0.445,0.552,0.123,010460100000
2640088120000,0.37,0.52,0.0,0.009,0.0,0.116,0.0,0.025,260881200037
16202200000NB,10.0,10.53,0.25,0.28,0.0,0.0,0.0,0.0,162200001000
16202200000NB,10.53,10.69,0.16,0.0,0.0,0.0,0.0,0.0,160220001053
16202200000NB,10.7,11.7,0.779,0.221,0.0,0.0,0.0,0.0,162200001070
16202200000NB,11.8,12.96,1.024,0.136,0.0,0.0,0.0,0.0,162200001180
4140016160000,0.0,0.42,0.052,0.04,0.111,0.118,0.019,0.08,410161600000
5230007000000,0.2,0.36,0.0,0.047,0.113,0.0,0.0,0.0,520070000020
5230007000000,2.0,2.55,0.214,0.336,0.0,0.0,0.0,0.0,520070000200
5230007000000,35.64,36.52,0.017,0.635,0.028,0.129,0.071,0.0,520070003564
3940003000000,4.6,7.27,0.077,0.203,0.491,0.18,0.746,0.973,390030000460
4830002000000,0.0,2.27,1.552,0.718,0.0,0.0,0.0,0.0,480020000000
4830002000000,2.27,2.84,0.038,0.532,0.0,0.0,0.0,0.0,480020000227
4830002000000,2.84,4.64,0.913,0.607,0.28,0.0,0.0,0.0,480020000284
4830002000000,4.9,6.65,1.008,0.742,0.0,0.0,0.0,0.0,480020000490
4830002000000,9.93,10.25,0.043,0.081,0.12,0.023,0.053,0.0,480020000993
4830002000000,10.25,12.02,0.23,0.976,0.356,0.042,0.166,0.0,480020001025
4830002000000,12.02,13.02,0.248,0.614,0.138,0.0,0.0,0.0,480020001202
0240009050000,1.67,3.26,0.294,0.74,0.199,0.077,0.099,0.181,020090500167
4530107000000,0.29,0.76,0.258,0.212,0.0,0.0,0.0,0.0,451070000029
2030006000000,0.0,0.1,0.0,0.03,0.06,0.01,0.0,0.0,200060000000
2030006000000,0.1,0.19,0.0,0.0,0.0,0.09,0.0,0.0,200060000010
1740050760000,0.0,0.31,0.0,0.206,0.047,0.0,0.057,0.0,170507600000
1740050760000,0.31,1.34,0.0,0.396,0.098,0.075,0.461,0.0,170507600031
2040038000000,0.0,2.43,0.285,1.468,0.387,0.111,0.109,0.07,200380000000
0640035000000,7.83,8.63,0.058,0.189,0.252,0.301,0.0,0.0,060350000783
4730093000000,0.0,0.15,0.1,0.05,0.0,0.0,0.0,0.0,470930000000
4730093000000,0.15,0.91,0.352,0.408,0.0,0.0,0.0,0.0,470930000015
4730093000000,2.34,7.42,1.146,3.617,0.317,0.0,0.0,0.0,470930000234
2572529001900,0.0,0.15,0.0,0.099,0.051,0.0,0.0,0.0,250252900000
20100640000EB,45.39,47.44,0.063,1.032,0.619,0.336,0.0,0.0,200640004539
20100640000EB,47.44,48.4,0.279,0.593,0.088,0.0,0.0,0.0,200640004744
20100640000EB,48.4,49.75,0.0,0.462,0.406,0.482,0.0,0.0,200640004840
20100640000EB,49.75,50.11,0.0,0.245,0.08,0.035,0.0,0.0,200640004975
20100640000EB,50.11,51.56,0.184,1.266,0.0,0.0,0.0,0.0,200640005011
20100640000EB,51.56,52.38,0.293,0.527,0.0,0.0,0.0,0.0,200640005156
20100640000EB,53.75,54.37,0.0,0.231,0.389,0.0,0.0,0.0,200640005375
20100640000EB,54.37,54.8,0.14,0.142,0.148,0.0,0.0,0.0,200640005437
20100640000EB,54.8,55.21,0.0,0.41,0.0,0.0,0.0,0.0,200640005480
20100640000EB,55.21,56.33,0.308,0.812,0.0,0.0,0.0,0.0,200640005521
20100640000EB,56.33,57.02,0.465,0.225,0.0,0.0,0.0,0.0,200640005633
20100640000EB,57.02,57.48,0.038,0.215,0.207,0.0,0.0,0.0,200640005702
20100640000EB,57.48,57.92,0.079,0.092,0.269,0.0,0.0,0.0,200640005748
20200600007WB,7.93,8.1,0.102,0.044,0.024,0.0,0.0,0.0,20060W007930
3140059000000,0.0,0.33,0.0,0.161,0.071,0.02,0.04,0.038,310590000000
3140059000000,0.33,0.85,0.0,0.071,0.024,0.058,0.067,0.3,310590000033
0240015000000,0.939,0.94,0.0,0.0,0.001,0.0,0.0,0.0,020150000939
0240015000000,2.78,3.06,0.064,0.087,0.129,0.0,0.0,0.0,020150000278
5040060030000,1.37,1.47,0.0,0.08,0.02,0.0,0.0,0.0,500600300137
4140016100000,0.53,0.9,0.059,0.297,0.0,0.014,0.0,0.0,410161000530
0630010000100,1.94,2.56,0.146,0.365,0.0,0.034,0.075,0.0,06010A000194
0640060700000,0.0,0.18,0.057,0.036,0.069,0.018,0.0,0.0,060607000000
0640060700000,0.18,0.56,0.034,0.163,0.064,0.051,0.068,0.0,060607000018
0640060700000,0.56,0.76,0.083,0.117,0.0,0.0,0.0,0.0,060607000056
4970755001900,0.1,0.64,0.159,0.294,0.087,0.0,0.0,0.0,490075500010
4970755001900,0.64,1.05,0.097,0.313,0.0,0.0,0.0,0.0,490075500064
5475766001900,0.0,0.46,0.0,0.323,0.137,0.0,0.0,0.0,540576600000
52300070006EB,0.0,0.1,0.1,0.0,0.0,0.0,0.0,0.0,52007E000000
52300070006EB,0.1,0.27,0.014,0.04,0.116,0.0,0.0,0.0,52007E000010
5030152000000,29.86,30.39,0.0,0.125,0.03,0.331,0.044,0.0,501520002986
5030152000000,40.4,43.98,0.545,1.835,0.387,0.295,0.518,0.0,501520004040
5030152000000,43.98,44.59,0.0,0.247,0.057,0.306,0.0,0.0,501520004398
2840052200000,0.001,0.82,0.09,0.437,0.227,0.036,0.029,0.0,280052200001
1771771001900,0.43,0.62,0.0,0.058,0.066,0.056,0.0,0.01,170177100430
0330003000000,8.17,11.14,0.397,1.694,0.579,0.3,0.0,0.0,030030000817
0673295001900,0.0,1.08,0.109,0.36,0.227,0.236,0.148,0.0,060329500000
4130003000000,35.98,36.18,0.0,0.138,0.062,0.0,0.0,0.0,410030035980
4130003000000,36.23,36.49,0.037,0.057,0.084,0.082,0.0,0.0,410030036230
4130003000000,37.1,37.73,0.0,0.228,0.179,0.188,0.035,0.0,410030003710
28204600000EB,0.029,1.06,0.0,0.0,0.242,0.789,0.0,0.0,284600000029
28204600000EB,1.33,2.9,0.0,0.636,0.536,0.398,0.0,0.0,284600000133
28204600000EB,2.9,3.09,0.0,0.19,0.0,0.0,0.0,0.0,284600000290
28204600000EB,4.29,5.38,0.0,0.194,0.232,0.664,0.0,0.0,284600000429
28204600000EB,13.48,14.72,0.209,1.031,0.0,0.0,0.0,0.0,284600001348
28204600000EB,14.72,15.15,0.039,0.391,0.0,0.0,0.0,0.0,284600001472
5040009000000,0.65,1.92,0.049,0.272,0.283,0.135,0.271,0.26,500090000650
5040009000000,1.92,3.59,0.128,0.696,0.31,0.084,0.14,0.312,500090000192
1340060140000,6.25,6.39,0.128,0.012,0.0,0.0,0.0,0.0,130601400625
3540004000000,0.19,0.37,0.0,0.0,0.0,0.0,0.144,0.036,350040000019
3540004000000,1.92,2.19,0.04,0.074,0.107,0.02,0.029,0.0,350040000192
3140069060000,0.0,0.32,0.041,0.092,0.187,0.0,0.0,0.0,310690600000
3140069060000,0.32,0.38,0.044,0.016,0.0,0.0,0.0,0.0,310690600032
2640003000000,0.0,1.31,0.117,0.328,0.303,0.166,0.196,0.2,260030000000
4240037080000,6.535,6.537,0.002,0.0,0.0,0.0,0.0,0.0,420370806535
5430095000000,3.77,3.99,0.18,0.04,0.0,0.0,0.0,0.0,540950000377
5430095000000,4.2,6.12,0.248,1.248,0.424,0.0,0.0,0.0,540950000420
5430095000000,6.12,6.29,0.0,0.067,0.103,0.0,0.0,0.0,540950000612
5430095000000,6.44,6.58,0.097,0.043,0.0,0.0,0.0,0.0,540950000644
50200600000EB,0.0,0.24,0.052,0.064,0.056,0.068,0.0,0.0,500600000000
50200600000EB,0.49,0.72,0.175,0.055,0.0,0.0,0.0,0.0,500600000049
50200600000EB,1.13,1.83,0.7,0.0,0.0,0.0,0.0,0.0,500600000113
50200600000EB,3.79,4.04,0.25,0.0,0.0,0.0,0.0,0.0,500600000379
50200600000EB,4.04,4.39,0.35,0.0,0.0,0.0,0.0,0.0,500600000404
5240003000000,0.15,0.28,0.0,0.078,0.052,0.0,0.0,0.0,520030000015
2040160070000,0.0,0.27,0.156,0.061,0.035,0.0,0.018,0.0,201600700000
2040160070000,0.27,0.51,0.104,0.07,0.026,0.03,0.0,0.01,201600700027
0630002000000,0.1,0.21,0.0,0.11,0.0,0.0,0.0,0.0,060020000010
0630002000000,9.98,10.08,0.0,0.1,0.0,0.0,0.0,0.0,060020000998
0630002000000,14.38,17.99,2.854,0.756,0.0,0.0,0.0,0.0,060020001438
4170012001900,0.0,0.46,0.124,0.15,0.133,0.0,0.053,0.0,410001200000
0530027000000,1.58,2.26,0.0,0.018,0.0,0.037,0.271,0.354,050270000158
2870507001900,0.0,0.66,0.0,0.597,0.0,0.021,0.0,0.042,280050700000
2870507001900,0.66,1.54,0.004,0.876,0.0,0.0,0.0,0.0,280050700066
4970753001900,0.26,0.44,0.122,0.0,0.058,0.0,0.0,0.0,490075300026
0673313001900,0.0,0.17,0.0,0.031,0.028,0.044,0.042,0.025,060331300000
1040019430000,0.09,0.34,0.0,0.143,0.0,0.051,0.029,0.027,100194300009
21200190000NB,22.37,22.58,0.14,0.07,0.0,0.0,0.0,0.0,210190022370
21200190000NB,22.72,23.48,0.277,0.483,0.0,0.0,0.0,0.0,210190002272
3578277001900,0.0,0.13,0.0,0.062,0.0,0.068,0.0,0.0,350827700000
3540018000000,0.0,0.72,0.479,0.174,0.067,0.0,0.0,0.0,350180000000
25100790000NB,129.22,129.52,0.0,0.0,0.3,0.0,0.0,0.0,250790012922
25100790000NB,129.52,130.48,0.116,0.344,0.394,0.106,0.0,0.0,250790012952
25100790000NB,130.53,133.37,0.116,1.109,1.297,0.318,0.0,0.0,250790013053
25100790000NB,133.37,134.97,0.049,0.352,0.415,0.784,0.0,0.0,250790013337
25100790000NB,139.1,139.82,0.064,0.12,0.127,0.409,0.0,0.0,250790013910
25100790000NB,139.82,140.352,0.067,0.125,0.048,0.292,0.0,0.0,250790013982
12202200000NB,4.41,5.14,0.267,0.42,0.0,0.043,0.0,0.0,122200000441
5040008000000,0.0,0.45,0.08,0.172,0.136,0.062,0.0,0.0,500080000000
4630310000000,0.0,0.2,0.038,0.04,0.073,0.0,0.049,0.0,463100000000
2240012000000,4.91,5.18,0.0,0.193,0.051,0.0,0.026,0.0,220120000491
43200500000EB,0.0,2.86,0.159,1.203,0.96,0.538,0.0,0.0,430500000000
43200500000EB,8.02,9.99,0.053,0.506,1.411,0.0,0.0,0.0,430500000802
43200500000EB,10.83,11.79,0.062,0.403,0.181,0.314,0.0,0.0,430500001083
43200500000EB,12.54,12.85,0.132,0.163,0.015,0.0,0.0,0.0,430500001254
43200500000EB,13.57,14.78,0.053,0.169,0.988,0.0,0.0,0.0,430500001357
1340219390000,0.0,0.48,0.027,0.257,0.043,0.153,0.0,0.0,132193900000
4140009000000,5.28,5.54,0.034,0.096,0.057,0.02,0.052,0.001,410090000528
4940012000000,0.85,1.53,0.46,0.121,0.099,0.0,0.0,0.0,490120000850
4940012000000,1.53,2.57,1.04,0.0,0.0,0.0,0.0,0.0,490120001530
4940012000000,2.57,4.26,1.491,0.199,0.0,0.0,0.0,0.0,490120000257
4940012000000,5.08,5.29,0.058,0.152,0.0,0.0,0.0,0.0,490120000508
0330099000000,0.0,1.84,0.083,0.196,0.368,0.274,0.268,0.651,030990000000
4140009090000,0.0,1.81,0.05,1.198,0.279,0.283,0.0,0.0,410090900000
10100770016NB,52.58,53.06,0.056,0.258,0.166,0.0,0.0,0.0,100770005258
10100770016NB,53.06,54.13,0.024,0.964,0.082,0.0,0.0,0.0,100770005306
10100770016NB,54.13,55.02,0.085,0.566,0.239,0.0,0.0,0.0,100770005413
10100770016NB,55.02,58.32,0.414,1.748,1.138,0.0,0.0,0.0,100770005502
10100770016NB,58.32,59.62,0.098,0.868,0.334,0.0,0.0,0.0,100770005832
10100770016NB,59.62,61.6,0.0,1.418,0.562,0.0,0.0,0.0,100770005962
10100770016NB,62.73,66.15,0.564,1.648,1.208,0.0,0.0,0.0,100770006273
10100770016NB,66.15,67.21,0.0,1.06,0.0,0.0,0.0,0.0,100770006615
3140061000000,0.0,0.94,0.07,0.24,0.204,0.143,0.128,0.155,310610000000
1771761001900,0.0,0.26,0.0,0.118,0.049,0.053,0.0,0.04,170176100000
1771761001900,0.31,0.61,0.0,0.226,0.074,0.0,0.0,0.0,170176100031
2870516001900,0.0,0.41,0.0,0.141,0.162,0.037,0.07,0.0,280051600000
3578271001900,0.0,1.04,0.008,0.09,0.097,0.061,0.276,0.508,350827100000
3578271001900,1.04,1.59,0.098,0.276,0.112,0.017,0.047,0.0,350827100104
2840021010000,0.0,0.89,0.0,0.354,0.273,0.095,0.168,0.0,280210100000
3578275001900,0.0,0.26,0.059,0.054,0.147,0.0,0.0,0.0,350827500000
2572520001900,1.04,1.81,0.156,0.31,0.087,0.217,0.0,0.0,250252000104
2572520001900,1.88,2.0,0.0,0.095,0.025,0.0,0.0,0.0,250252000188
2877013001900,0.42,0.52,0.0,0.082,0.0,0.018,0.0,0.0,280701300042
0673274001900,1.46,1.56,0.0,0.039,0.061,0.0,0.0,0.0,060327400146
4140011000000,0.0,1.26,0.109,0.348,0.157,0.195,0.398,0.053,410110000000
2540019310000,0.4,0.89,0.032,0.236,0.139,0.038,0.0,0.045,250193100040
4140006090000,0.6,1.37,0.0,0.179,0.142,0.449,0.0,0.0,410060900060
4240033070000,0.0,0.43,0.014,0.373,0.043,0.0,0.0,0.0,420330700000
1940017000000,0.0,0.43,0.319,0.111,0.0,0.0,0.0,0.0,190170000000
1830002000000,0.0,2.72,0.912,0.928,0.385,0.495,0.0,0.0,180020000000
1830002000000,2.76,3.88,0.89,0.23,0.0,0.0,0.0,0.0,180020000276
1830002000000,10.86,11.0,0.0,0.009,0.131,0.0,0.0,0.0,180020001086
1830002000000,11.14,11.28,0.14,0.0,0.0,0.0,0.0,0.0,180020001114
3140019220000,0.12,0.68,0.0,0.04,0.03,0.119,0.235,0.136,310019220012
3140019220000,0.68,1.07,0.0,0.075,0.037,0.076,0.202,0.0,310192200068
2330073000000,0.31,2.15,0.0,0.603,0.353,0.636,0.248,0.0,230730000031
1540011020000,0.0,0.57,0.0,0.057,0.028,0.0,0.041,0.444,150110200000
1540011020000,0.57,2.75,0.26,0.827,0.253,0.246,0.113,0.481,150110200570
1540011020000,2.75,2.78,0.0,0.005,0.023,0.0,0.002,0.0,150011020275
2640054000000,7.086,7.71,0.069,0.419,0.044,0.07,0.022,0.0,260540007086
1930051000000,8.13,8.66,0.092,0.27,0.095,0.073,0.0,0.0,190510000813
1930051000000,8.66,8.78,0.011,0.109,0.0,0.0,0.0,0.0,190510008660
0274273001900,0.0,0.11,0.0,0.062,0.0,0.024,0.0,0.024,020427300000
0340006000000,2.99,5.53,0.07,1.062,0.632,0.252,0.437,0.087,030060000299
4170046001900,0.0,0.1,0.0,0.011,0.023,0.066,0.0,0.0,410004600000
4840007020000,0.0,1.01,0.14,0.08,0.19,0.2,0.15,0.25,480070200000
3140064000000,0.0,0.38,0.348,0.02,0.0,0.0,0.0,0.012,310640000000
18100770000NB,117.5,119.26,0.127,1.299,0.334,0.0,0.0,0.0,180770011750
18100770000NB,119.26,119.91,0.239,0.411,0.0,0.0,0.0,0.0,180770011926
18100770000NB,119.91,120.71,0.125,0.675,0.0,0.0,0.0,0.0,180770011991
18100770000NB,120.71,122.73,0.096,1.785,0.139,0.0,0.0,0.0,180770012071
18100770000NB,122.73,124.92,0.255,1.13,0.805,0.0,0.0,0.0,180770012273
18100770000NB,124.92,126.39,0.0,0.517,0.953,0.0,0.0,0.0,180770012492
18100770000NB,126.39,128.33,0.079,1.861,0.0,0.0,0.0,0.0,180770012639
18100770000NB,128.33,132.44,0.432,3.282,0.396,0.0,0.0,0.0,180770012833
18100770000NB,132.44,137.74,0.791,2.438,1.616,0.455,0.0,0.0,180770013244
18100770000NB,137.74,138.83,0.48,0.61,0.0,0.0,0.0,0.0,180770013774
18100770000NB,138.83,145.99,0.978,3.346,2.836,0.0,0.0,0.0,180770013883
18100770000NB,145.99,150.45,1.862,1.095,1.503,0.0,0.0,0.0,180770014599
18100770000NB,150.45,153.79,0.235,2.112,0.993,0.0,0.0,0.0,180770015045
18100770000NB,153.79,154.41,0.0,0.241,0.379,0.0,0.0,0.0,180770015379
18100770000NB,154.41,156.01,0.12,1.48,0.0,0.0,0.0,0.0,180770015441
18100770000NB,156.01,156.99,0.0,0.164,0.816,0.0,0.0,0.0,180770015601
35104700000EB,0.0,0.98,0.055,0.739,0.047,0.139,0.0,0.0,354700000000
1577264001900,0.0,0.242,0.092,0.147,0.003,0.0,0.0,0.0,150726400000
01200330000EB,0.0,1.87,0.065,0.274,0.124,1.407,0.0,0.0,010330000000
3140019190000,0.47,1.29,0.037,0.014,0.657,0.03,0.082,0.0,310191900047
3140019190000,1.29,1.7,0.0,0.096,0.028,0.0,0.25,0.036,310191900129
5430014000000,11.28,11.76,0.102,0.295,0.026,0.0,0.057,0.0,540140001128
5430014000000,12.38,12.45,0.0,0.0,0.07,0.0,0.0,0.0,540140001238
5430014000000,12.45,12.71,0.181,0.069,0.01,0.0,0.0,0.0,54300141245
5430014000000,12.71,12.88,0.073,0.0,0.097,0.0,0.0,0.0,540140001271
5430014000000,12.88,13.0,0.0,0.021,0.058,0.041,0.0,0.0,540140001288
5430014000000,13.22,13.39,0.0,0.104,0.0,0.066,0.0,0.0,540140001322
5430014000000,15.19,15.32,0.13,0.0,0.0,0.0,0.0,0.0,540140001519
5430014000000,15.32,15.45,0.13,0.0,0.0,0.0,0.0,0.0,540140001532
5430014000000,16.1,16.76,0.482,0.178,0.0,0.0,0.0,0.0,540140001610
5430014000000,20.12,20.56,0.0,0.44,0.0,0.0,0.0,0.0,540140002012
3174817001900,0.0,0.24,0.029,0.144,0.023,0.044,0.0,0.0,310481700000
28200190000NB,1.316,1.32,0.004,0.0,0.0,0.0,0.0,0.0,280190001316
28200190000NB,1.32,2.088,0.268,0.25,0.25,0.0,0.0,0.0,280190001320
28200190000NB,2.88,3.87,0.112,0.212,0.374,0.254,0.038,0.0,280190000288
28200190000NB,6.01,7.44,0.475,0.715,0.049,0.191,0.0,0.0,280190000601
28200190000NB,10.69,11.63,0.0,0.304,0.15,0.279,0.207,0.0,280190001076
1740019020000,0.23,0.65,0.0,0.267,0.061,0.092,0.0,0.0,170190200023
0540507020000,0.0,1.22,0.53,0.179,0.142,0.199,0.148,0.022,055070200000
1040061100000,0.08,0.45,0.062,0.133,0.044,0.095,0.0,0.036,100611000008
5440011000000,7.679,8.3,0.085,0.261,0.113,0.124,0.038,0.0,540110007679
35202500000NB,0.0,0.94,0.078,0.862,0.0,0.0,0.0,0.0,352500000000
35202500000NB,0.94,1.9,0.028,0.932,0.0,0.0,0.0,0.0,352500000094
35202500000NB,1.9,2.93,0.058,0.972,0.0,0.0,0.0,0.0,352500000190
35202500000NB,2.93,3.26,0.105,0.124,0.025,0.076,0.0,0.0,352500000293
4940001000000,2.28,3.17,0.305,0.463,0.059,0.0,0.0,0.063,490010000228
5440021010000,0.01,0.53,0.0,0.124,0.146,0.054,0.103,0.093,544002100010
5440021010000,1.2,1.71,0.0,0.028,0.094,0.1,0.083,0.205,540210100120
4970764001900,0.0,0.39,0.296,0.094,0.0,0.0,0.0,0.0,490076400000
4940016000000,8.09,8.32,0.0,0.114,0.03,0.052,0.034,0.0,490160000809
4940016000000,9.05,9.51,0.155,0.165,0.14,0.0,0.0,0.0,490160000904
31100790000NB,142.37,143.81,0.0,0.23,0.389,0.821,0.0,0.0,310790014237
31100790000NB,143.81,145.2,0.0,0.586,0.438,0.366,0.0,0.0,310790014381
31100790000NB,145.2,145.65,0.057,0.244,0.149,0.0,0.0,0.0,310790014520
31100790000NB,145.65,147.85,0.051,1.152,0.997,0.0,0.0,0.0,310790014565
31100790000NB,147.85,148.022,0.061,0.111,0.0,0.0,0.0,0.0,310790014785
31100790000NB,148.66,149.05,0.0,0.164,0.226,0.0,0.0,0.0,310790014866
31100790000NB,149.38,149.68,0.0,0.3,0.0,0.0,0.0,0.0,310790014938
31100790000NB,150.74,151.07,0.0,0.318,0.012,0.0,0.0,0.0,310790015074
31100790000NB,152.92,156.983,0.459,1.434,2.17,0.0,0.0,0.0,310790015292
31100790000NB,157.0,160.52,0.387,0.864,2.269,0.0,0.0,0.0,310790015700
4170034001900,0.17,0.38,0.0,0.02,0.024,0.077,0.004,0.085,410003400017
5430002000000,25.29,26.795,0.155,0.25,1.1,0.0,0.0,0.0,540020025290
0630101000000,0.16,0.36,0.018,0.118,0.0,0.064,0.0,0.0,061010000016
04100790000NB,44.6,46.22,0.0,0.745,0.875,0.0,0.0,0.0,040790004460
04100790000NB,46.22,49.73,0.084,2.125,0.329,0.972,0.0,0.0,040790004622
04100790000NB,49.73,50.35,0.0,0.179,0.371,0.07,0.0,0.0,040790004973
04100790000NB,50.35,51.61,0.116,0.724,0.241,0.179,0.0,0.0,040790005035
04100790000NB,51.61,52.61,0.08,0.122,0.12,0.678,0.0,0.0,040790005161
04100790000NB,52.61,53.27,0.0,0.339,0.321,0.0,0.0,0.0,040790005261
04100790000NB,53.27,54.18,0.113,0.19,0.146,0.461,0.0,0.0,040790005327
04100790000NB,54.18,57.51,0.052,0.481,0.395,2.402,0.0,0.0,040790005418
04100790000NB,57.51,59.0,0.0,0.388,0.219,0.883,0.0,0.0,040790005751
04100790000NB,59.0,61.47,0.714,1.377,0.379,0.0,0.0,0.0,040790005900
04100790000NB,61.47,62.04,0.161,0.215,0.194,0.0,0.0,0.0,040790006147
04100790000NB,62.04,63.46,0.084,1.119,0.088,0.129,0.0,0.0,040790006204
04100790000NB,63.46,64.83,0.141,0.922,0.307,0.0,0.0,0.0,040790006346
04100790000NB,64.83,67.52,0.463,0.964,1.263,0.0,0.0,0.0,040790006483
04100790000NB,67.52,69.32,0.423,0.277,1.1,0.0,0.0,0.0,040790006752
04100790000NB,69.32,70.83,0.065,1.403,0.042,0.0,0.0,0.0,040790006932
04100790000NB,70.83,78.41,0.851,4.404,2.325,0.0,0.0,0.0,040790007083
04100790000NB,78.41,79.08,0.106,0.564,0.0,0.0,0.0,0.0,040790007841
04100790000NB,79.08,83.15,0.281,1.338,1.101,1.35,0.0,0.0,040790007908
4140008000000,0.0,0.11,0.0,0.096,0.014,0.0,0.0,0.0,410080000000
4140008000000,0.19,0.75,0.147,0.357,0.056,0.0,0.0,0.0,410080000190
2540054000000,0.0,0.183,0.0,0.027,0.005,0.0,0.133,0.018,250540000000
3140055000000,0.0,0.45,0.075,0.067,0.019,0.11,0.037,0.142,310550000000
2040022000000,0.86,1.19,0.0,0.0,0.0,0.0,0.33,0.0,200220000086
2040022000000,1.19,2.47,0.0,0.566,0.33,0.0,0.384,0.0,200220000119
3230012000000,0.78,5.93,0.351,1.445,1.455,1.135,0.469,0.295,320120000078
3230012000000,5.93,6.11,0.023,0.157,0.0,0.0,0.0,0.0,320120000593
3230012000000,9.33,11.31,0.0,0.406,0.534,0.606,0.204,0.23,320120000933
2340119900000,0.0,0.5,0.021,0.22,0.051,0.052,0.156,0.0,231199000000
2040012000000,0.0,2.55,0.249,1.767,0.192,0.067,0.155,0.12,200120000000
2040012000000,3.6,4.14,0.0,0.098,0.197,0.119,0.091,0.035,200120000360
2040012000000,4.55,5.1,0.017,0.487,0.021,0.0,0.025,0.0,200120000457
2040006060000,0.0,0.47,0.095,0.096,0.119,0.044,0.054,0.062,200060600000
2040006060000,0.8,1.16,0.0,0.081,0.067,0.077,0.085,0.05,200060600080
2040006060000,1.16,2.24,0.269,0.564,0.061,0.064,0.051,0.071,200060600116
2040006060000,2.24,3.11,0.314,0.556,0.0,0.0,0.0,0.0,200060600224
2040006060000,3.7,5.75,1.05,0.722,0.209,0.0,0.069,0.0,200060600370
49201190000NB,5.38,5.6,0.026,0.056,0.138,0.0,0.0,0.0,491190000538
41100640017WB,0.0,0.47,0.0,0.14,0.14,0.19,0.0,0.0,41064R000000
41100640017WB,0.47,0.594,0.0,0.124,0.0,0.0,0.0,0.0,410064R00047
41100640017WB,0.594,0.82,0.0,0.226,0.0,0.0,0.0,0.0,41064R000059
2071058001900,0.09,1.81,0.031,0.823,0.717,0.021,0.0,0.128,200105800009
1730058000000,2.43,2.82,0.0,0.26,0.104,0.026,0.0,0.0,170580002430
2940220020000,0.0,0.84,0.13,0.266,0.318,0.067,0.059,0.0,292200200000
20300610006EB,0.0,0.19,0.076,0.114,0.0,0.0,0.0,0.0,20061E000000
4140008030000,0.0,0.65,0.029,0.222,0.023,0.165,0.178,0.033,410080300000
0240012000000,0.0,1.29,0.25,0.671,0.226,0.06,0.083,0.0,020120000000
3740001000000,3.02,4.05,0.217,0.494,0.186,0.095,0.038,0.0,370010000302
25200190000NB,3.003,4.64,0.122,0.556,0.246,0.332,0.277,0.104,250190000300
25200190000NB,7.16,7.97,0.138,0.29,0.148,0.234,0.0,0.0,250190000716
25200190000NB,7.97,8.47,0.0,0.069,0.025,0.218,0.188,0.0,250190000797
0740011000000,6.9,7.85,0.434,0.463,0.053,0.0,0.0,0.0,070110000690
3140100010000,0.0,0.501,0.175,0.218,0.108,0.0,0.0,0.0,311000100000
46202500000NB,6.95,7.082,0.0,0.114,0.018,0.0,0.0,0.0,460250000695
46202500000NB,16.38,16.52,0.0,0.035,0.105,0.0,0.0,0.0,462500001638
3330009000000,26.67,29.17,0.022,0.613,0.535,0.768,0.562,0.0,330090002667
3330009000000,31.29,33.3,0.138,0.399,0.336,0.574,0.563,0.0,330090003129
0630527000000,0.89,0.98,0.09,0.0,0.0,0.0,0.0,0.0,065270000088
22201190000NB,3.37,5.4,0.07,0.796,0.19,0.974,0.0,0.0,221190000337
22201190000NB,5.4,6.408,0.049,0.472,0.15,0.337,0.0,0.0,221190000540
0240030000000,4.175,4.37,0.069,0.126,0.0,0.0,0.0,0.0,020300004175
3140082000000,0.0,1.88,0.101,0.206,0.17,0.319,0.215,0.869,310820000000
3578261001900,0.0,0.39,0.041,0.082,0.044,0.008,0.128,0.087,350826100000
0240045050000,0.55,1.25,0.162,0.434,0.062,0.042,0.0,0.0,020450500055
5275503001900,0.0,0.45,0.129,0.253,0.036,0.0,0.032,0.0,520550300000
0630152000000,0.76,0.99,0.0,0.23,0.0,0.0,0.0,0.0,061520000076
5475756001900,0.0,0.25,0.038,0.141,0.071,0.0,0.0,0.0,540575600000
0240034030000,0.0,1.01,0.017,0.327,0.282,0.167,0.074,0.143,020340300000
2540250310000,0.0,0.55,0.0,0.045,0.101,0.123,0.048,0.233,252503100000
0540003010000,0.48,0.61,0.0,0.064,0.0,0.054,0.012,0.0,050030100046
0540003010000,0.61,1.65,0.116,0.395,0.157,0.2,0.003,0.169,050030100061
0540003010000,1.65,1.94,0.05,0.042,0.063,0.028,0.028,0.079,050030100165
5240003010000,0.0,0.009,0.0,0.009,0.0,0.0,0.0,0.0,520030100000
5440012000000,0.0,0.33,0.007,0.323,0.0,0.0,0.0,0.0,540120000000
5440012000000,0.4,1.15,0.035,0.375,0.201,0.139,0.0,0.0,540120000040
0577278001900,0.0,0.16,0.107,0.053,0.0,0.0,0.0,0.0,050727800000
3540021000000,0.0,0.65,0.533,0.117,0.0,0.0,0.0,0.0,350210000000
3540021000000,0.65,0.73,0.019,0.061,0.0,0.0,0.0,0.0,350210000065
3540015000000,1.91,2.26,0.01,0.0,0.0,0.063,0.02,0.257,350150000191
3540018030000,0.0,0.61,0.013,0.516,0.081,0.0,0.0,0.0,350180300000
3540018030000,0.61,1.15,0.0,0.0,0.08,0.029,0.247,0.184,350180300061
3540018030000,1.75,2.03,0.0,0.0,0.0,0.044,0.236,0.0,350180300175
2730002000000,1.39,3.15,1.76,0.0,0.0,0.0,0.0,0.0,270020000139
2730002000000,13.72,15.93,1.412,0.798,0.0,0.0,0.0,0.0,270020001372
2730002000000,15.93,18.05,2.108,0.012,0.0,0.0,0.0,0.0,270020001593
2730002000000,18.91,19.89,0.887,0.093,0.0,0.0,0.0,0.0,270020001891
2730002000000,20.07,20.36,0.29,0.0,0.0,0.0,0.0,0.0,270020002007
2730002000000,20.36,20.42,0.06,0.0,0.0,0.0,0.0,0.0,270020020360
2730002000000,20.57,20.72,0.0,0.047,0.0,0.103,0.0,0.0,270020002057
2730002000000,20.72,20.88,0.0,0.023,0.034,0.103,0.0,0.0,270020002072
2730002000000,21.0,21.29,0.29,0.0,0.0,0.0,0.0,0.0,270020002100
2730002000000,21.29,22.2,0.91,0.0,0.0,0.0,0.0,0.0,270020002129
2730002000000,24.16,24.79,0.023,0.228,0.138,0.241,0.0,0.0,270020002416
21200330000EB,16.0,16.23,0.0,0.23,0.0,0.0,0.0,0.0,210330001600
21200330000EB,17.59,17.967,0.16,0.217,0.0,0.0,0.0,0.0,210330001759
21200330000EB,19.84,20.19,0.131,0.219,0.0,0.0,0.0,0.0,210330001984
21200330000EB,20.19,21.03,0.574,0.266,0.0,0.0,0.0,0.0,210330002019
21200330000EB,21.25,22.25,0.695,0.305,0.0,0.0,0.0,0.0,210330002125
21200330000EB,22.25,22.84,0.59,0.0,0.0,0.0,0.0,0.0,210330002225
5475760001900,0.0,0.21,0.048,0.068,0.024,0.025,0.045,0.0,540576000000
5475760001900,0.21,0.24,0.0,0.026,0.004,0.0,0.0,0.0,540576000021
1530105000000,0.38,1.141,0.0,0.012,0.0,0.024,0.171,0.554,151050000038
1530105000000,1.141,3.27,0.388,0.782,0.543,0.195,0.221,0.0,151050000114
1530105000000,3.27,4.14,0.092,0.424,0.179,0.114,0.061,0.0,151050000327
1530105000000,4.14,4.26,0.0,0.043,0.077,0.0,0.0,0.0,150105000414
1530105000000,4.26,4.58,0.035,0.045,0.13,0.0,0.11,0.0,151050000426
1530105000000,4.58,4.82,0.042,0.038,0.034,0.126,0.0,0.0,151050000458
4940007000000,0.22,0.423,0.0,0.139,0.0,0.064,0.0,0.0,490070000022
0340005000000,5.42,6.96,0.022,0.15,0.096,0.22,0.875,0.177,030050000542
0340005000000,15.1,17.57,0.688,1.729,0.053,0.0,0.0,0.0,030050001510
0140024000000,1.64,2.79,0.0,0.104,0.146,0.228,0.145,0.527,010240000164
0140024000000,2.79,4.74,0.209,0.613,0.407,0.266,0.118,0.337,010240000279
2040013080000,0.0,0.77,0.0,0.069,0.135,0.199,0.088,0.279,200130800000
2930972000000,0.0,1.48,0.338,1.142,0.0,0.0,0.0,0.0,299720000000
2930972000000,1.48,2.19,0.0,0.71,0.0,0.0,0.0,0.0,299720000148
0540007010000,0.0,0.742,0.0,0.262,0.041,0.096,0.031,0.312,050070100000
0540007010000,0.742,1.99,0.071,0.573,0.484,0.04,0.037,0.043,050070100084
15200220000EB,0.0,0.39,0.13,0.26,0.0,0.0,0.0,0.0,150220000000
2340005000000,0.45,2.789,1.081,1.214,0.044,0.0,0.0,0.0,230050000045
2540064010000,0.78,0.82,0.0,0.0,0.0,0.0,0.04,0.0,250640100780
3130043000000,0.0,2.65,0.0,0.808,0.553,1.222,0.067,0.0,310430000000
3130043000000,2.65,3.582,0.094,0.126,0.712,0.0,0.0,0.0,310430000265
3130043000000,3.582,4.03,0.03,0.081,0.337,0.0,0.0,0.0,310043003582
2040011000000,0.899,0.95,0.0,0.016,0.0,0.014,0.021,0.0,200110000899
0673281001900,0.19,0.48,0.099,0.135,0.056,0.0,0.0,0.0,060328100019
0673281001900,0.6,0.96,0.156,0.163,0.041,0.0,0.0,0.0,060328100060
2040046000000,0.0,0.41,0.165,0.22,0.025,0.0,0.0,0.0,200460000000
0640060050000,0.0,0.88,0.214,0.459,0.108,0.099,0.0,0.0,060600500000
0640060050000,0.88,1.68,0.104,0.34,0.353,0.003,0.0,0.0,060600500088
0640060050000,1.68,1.97,0.204,0.061,0.025,0.0,0.0,0.0,060600500168
4040046000000,0.0,2.29,0.08,0.662,0.375,0.379,0.289,0.505,400460000000
4040046000000,2.55,3.42,0.091,0.302,0.159,0.163,0.091,0.064,400460000255
0130038000000,0.43,2.43,0.204,0.92,0.646,0.162,0.068,0.0,010380000043
0130038000000,5.53,6.31,0.0,0.414,0.0,0.189,0.177,0.0,010380000553
2071062001900,0.0,1.38,0.0,0.293,0.334,0.008,0.167,0.578,200106200000
5275515001900,0.0,0.22,0.0,0.106,0.026,0.0,0.0,0.088,520551500000
4140018000000,2.99,3.0,0.0,0.002,0.0,0.0,0.0,0.008,410180002990
4140018000000,3.0,3.51,0.028,0.086,0.073,0.072,0.06,0.191,410180003000
4140018000000,3.51,4.41,0.005,0.445,0.098,0.154,0.125,0.073,410180003510
0730005000000,12.09,12.62,0.143,0.154,0.173,0.06,0.0,0.0,070050001209
06200600000EB,2.97,3.07,0.0,0.1,0.0,0.0,0.0,0.0,060600000297
06200600000EB,3.17,3.27,0.089,0.011,0.0,0.0,0.0,0.0,060600000317
06200600000EB,5.76,5.96,0.2,0.0,0.0,0.0,0.0,0.0,060600000576
06200600000EB,6.97,7.51,0.356,0.18,0.004,0.0,0.0,0.0,060600000697
06200600000EB,7.59,7.96,0.344,0.026,0.0,0.0,0.0,0.0,060600000759
06200600000EB,7.96,8.43,0.47,0.0,0.0,0.0,0.0,0.0,060600000796
06200600000EB,8.43,8.82,0.156,0.234,0.0,0.0,0.0,0.0,060600000843
06200600000EB,8.82,9.5,0.667,0.013,0.0,0.0,0.0,0.0,060600000882
06200600000EB,9.56,9.92,0.0,0.067,0.094,0.199,0.0,0.0,060600000956
06200600000EB,9.92,10.27,0.0,0.35,0.0,0.0,0.0,0.0,060600000992
06200600000EB,10.76,11.25,0.031,0.219,0.0,0.082,0.158,0.0,060600001076
06200600000EB,11.51,12.23,0.526,0.194,0.0,0.0,0.0,0.0,060600001151
06200600000EB,15.59,17.29,1.178,0.522,0.0,0.0,0.0,0.0,060600001559
3140069050000,0.0,1.77,0.032,0.029,0.117,0.16,0.355,1.077,310690500000
3140069050000,1.77,2.02,0.0,0.024,0.0,0.0,0.089,0.137,310690500177
3140069050000,2.02,2.1,0.0,0.0,0.062,0.0,0.018,0.0,310690500202
0130076000000,1.75,6.62,1.221,2.181,0.836,0.411,0.221,0.0,010760000175
5440014140000,0.0,0.66,0.345,0.284,0.031,0.0,0.0,0.0,540141400000
2040027000000,5.07,7.24,0.162,1.457,0.25,0.293,0.0,0.008,200270000507
2540031010000,1.72,2.03,0.0,0.124,0.024,0.059,0.045,0.058,250310100172
4240011000000,2.48,2.491,0.011,0.0,0.0,0.0,0.0,0.0,420110000248
3830039000000,27.78,28.08,0.096,0.107,0.097,0.0,0.0,0.0,380390002778
3830039000000,35.01,35.23,0.0,0.212,0.008,0.0,0.0,0.0,380390003501
3140019080000,0.0,0.23,0.057,0.02,0.021,0.0,0.0,0.132,310190800000
1030061000100,0.0,0.16,0.0,0.032,0.079,0.0,0.049,0.0,10061A000000
2830598000000,0.0,2.13,0.0,0.017,0.045,0.061,2.007,0.0,285980000000
2830598000000,2.4,2.59,0.0,0.045,0.001,0.094,0.05,0.0,285980000240
2830598000000,2.59,2.98,0.0,0.058,0.257,0.075,0.0,0.0,285980000259
35300020005SB,0.17,0.26,0.09,0.0,0.0,0.0,0.0,0.0,35002S000170
35300020005SB,0.49,0.81,0.0,0.259,0.022,0.0,0.039,0.0,35002S000049
2572506001900,0.5,0.62,0.017,0.0,0.04,0.012,0.0,0.051,250250600050
2572506001900,0.62,0.72,0.0,0.0,0.075,0.025,0.0,0.0,250250600062
2340012040000,0.1,0.14,0.04,0.0,0.0,0.0,0.0,0.0,230120400100
1540011000000,0.0,2.31,0.725,0.946,0.354,0.123,0.095,0.067,150110000000
1540011000000,2.31,2.9,0.047,0.468,0.0,0.075,0.0,0.0,150110000231
1540011000000,4.91,5.16,0.047,0.091,0.073,0.034,0.0,0.005,150110000491
1540011000000,5.16,5.35,0.0,0.02,0.106,0.024,0.02,0.02,150110000516
1540011000000,5.35,5.59,0.122,0.087,0.002,0.029,0.0,0.0,150110000535
1540011000000,5.59,5.61,0.02,0.0,0.0,0.0,0.0,0.0,150110000559
1630055000000,35.57,36.3,0.546,0.184,0.0,0.0,0.0,0.0,160550003557
1740050340000,0.0,0.69,0.163,0.523,0.004,0.0,0.0,0.0,170503400000
1740019570000,0.0,0.49,0.108,0.26,0.024,0.069,0.0,0.029,170195700000
2840016000000,1.7,2.5,0.0,0.022,0.344,0.431,0.003,0.0,280160000170
2840016000000,2.5,2.614,0.0,0.0,0.019,0.0,0.095,0.0,280160002500
5475757001900,0.33,0.47,0.0,0.11,0.0,0.0,0.03,0.0,540575700330
2030062000000,0.87,1.66,0.08,0.657,0.053,0.0,0.0,0.0,200620000087
2030062000000,7.93,8.26,0.0,0.149,0.069,0.112,0.0,0.0,200620000793
3630028000000,24.07,25.57,0.268,0.786,0.306,0.14,0.0,0.0,360280002407
3130100000000,0.0,0.97,0.061,0.207,0.477,0.172,0.053,0.0,311000000000
3130100000000,0.97,1.34,0.208,0.162,0.0,0.0,0.0,0.0,311000000097
3130100000000,1.34,1.64,0.238,0.062,0.0,0.0,0.0,0.0,311000000134
3130100000000,2.54,2.9,0.142,0.188,0.03,0.0,0.0,0.0,311000000254
3130100000000,2.9,3.08,0.18,0.0,0.0,0.0,0.0,0.0,311000000290
1030016000000,1.75,2.38,0.031,0.478,0.121,0.0,0.0,0.0,100160000175
1030016000000,14.616,14.746,0.0,0.036,0.094,0.0,0.0,0.0,100160001484
1030016000000,15.526,16.666,0.0,0.457,0.09,0.307,0.286,0.0,100160001575
1030016000000,23.176,23.516,0.0,0.0,0.0,0.097,0.243,0.0,100160002340
40200350000NB,0.29,0.65,0.0,0.355,0.005,0.0,0.0,0.0,400350000029
40200350000NB,1.36,1.6,0.09,0.15,0.0,0.0,0.0,0.0,400350000136
40200350000NB,1.64,2.06,0.0,0.052,0.368,0.0,0.0,0.0,400350000164
40200350000NB,2.1,2.532,0.022,0.108,0.302,0.0,0.0,0.0,400350000210
24200520000EB,2.54,3.72,0.183,0.623,0.144,0.125,0.105,0.0,240520000254
24200520000EB,5.19,6.4,0.618,0.592,0.0,0.0,0.0,0.0,240520000519
24200520000EB,6.4,7.91,0.539,0.728,0.181,0.062,0.0,0.0,240520000640
24200520000EB,9.59,12.82,1.446,1.138,0.255,0.291,0.1,0.0,240520000959
24200520000EB,24.59,26.77,0.308,1.525,0.313,0.0,0.034,0.0,240520002459
1040061280000,0.0,0.59,0.0,0.528,0.062,0.0,0.0,0.0,100612800000
1771769001900,1.44,1.528,0.088,0.0,0.0,0.0,0.0,0.0,170176901440
1771769001900,1.528,1.57,0.042,0.0,0.0,0.0,0.0,0.0,170176901528
2140007000000,3.84,4.17,0.097,0.182,0.051,0.0,0.0,0.0,210070000384
3430039000000,24.6,24.96,0.0,0.034,0.326,0.0,0.0,0.0,340390024600
1340045000000,0.66,1.04,0.055,0.085,0.115,0.019,0.044,0.062,130450000066
1640010030000,0.0,0.21,0.0,0.019,0.016,0.105,0.07,0.0,160100000021
1577261001900,0.0,0.73,0.134,0.464,0.089,0.043,0.0,0.0,150726100000
40100640000EB,31.77,32.57,0.8,0.0,0.0,0.0,0.0,0.0,400640003177
40100640000EB,32.57,33.45,0.88,0.0,0.0,0.0,0.0,0.0,400640003257
40100640000EB,33.45,34.45,0.122,0.878,0.0,0.0,0.0,0.0,400640003345
40100640000EB,34.45,36.27,0.928,0.375,0.517,0.0,0.0,0.0,400640003445
40100640000EB,38.54,38.68,0.0,0.14,0.0,0.0,0.0,0.0,400640003854
40100640000EB,39.134,40.4,0.79,0.238,0.238,0.0,0.0,0.0,400640039134
40100640000EB,40.4,40.46,0.06,0.0,0.0,0.0,0.0,0.0,400640040400
40100640000EB,40.46,40.568,0.0,0.108,0.0,0.0,0.0,0.0,400640004046
40100640000EB,41.546,41.646,0.027,0.073,0.0,0.0,0.0,0.0,400064041546
40100640000EB,41.646,41.66,0.014,0.0,0.0,0.0,0.0,0.0,400640041646
40100640000EB,41.66,41.86,0.183,0.017,0.0,0.0,0.0,0.0,400640004166
40100640000EB,41.86,42.78,0.089,0.831,0.0,0.0,0.0,0.0,400640004186
40100640000EB,42.79,43.77,0.0,0.98,0.0,0.0,0.0,0.0,400640004279
40100640000EB,43.77,44.47,0.077,0.491,0.132,0.0,0.0,0.0,400640004377
40100640000EB,44.47,44.78,0.0,0.31,0.0,0.0,0.0,0.0,400640004447
40100640000EB,44.78,45.39,0.064,0.546,0.0,0.0,0.0,0.0,400640004478
0640009000000,1.688,1.803,0.104,0.011,0.0,0.0,0.0,0.0,060090001688
13200600000EB,16.48,17.43,0.069,0.268,0.162,0.422,0.029,0.0,130600001648
13200600000EB,28.53,29.61,0.149,0.363,0.271,0.127,0.17,0.0,130600002853
13200600000EB,35.19,37.65,0.758,0.815,0.197,0.258,0.432,0.0,130600003519
4030025000000,0.0,0.63,0.194,0.214,0.195,0.027,0.0,0.0,400250000000
02100810000NB,0.0,1.39,0.693,0.697,0.0,0.0,0.0,0.0,020810000000
02100810000NB,1.39,6.27,1.271,3.609,0.0,0.0,0.0,0.0,020810000139
02100810000NB,11.63,13.54,0.102,1.659,0.149,0.0,0.0,0.0,020810001163
02100810000NB,13.54,14.26,0.095,0.625,0.0,0.0,0.0,0.0,020810001354
02100810000NB,14.26,15.22,0.102,0.858,0.0,0.0,0.0,0.0,020810001426
02100810000NB,15.22,15.62,0.0,0.122,0.278,0.0,0.0,0.0,020810001522
02100810000NB,15.62,15.95,0.047,0.283,0.0,0.0,0.0,0.0,020810001562
02100810000NB,15.95,16.23,0.28,0.0,0.0,0.0,0.0,0.0,020810001595
02100810000NB,16.23,17.3,0.247,0.823,0.0,0.0,0.0,0.0,020810001623
02100810000NB,17.3,18.13,0.597,0.233,0.0,0.0,0.0,0.0,020810001730
02100810000NB,18.13,20.37,1.462,0.778,0.0,0.0,0.0,0.0,020810001813
02100810000NB,20.37,23.0,0.354,1.676,0.6,0.0,0.0,0.0,020810002037
02100810000NB,23.0,23.46,0.075,0.35,0.035,0.0,0.0,0.0,020810002300
02100810000NB,23.46,24.53,0.441,0.358,0.271,0.0,0.0,0.0,020810002346
02100810000NB,24.53,26.0,0.613,0.486,0.371,0.0,0.0,0.0,020810002453
0274268001900,0.0,0.48,0.0,0.3,0.128,0.006,0.046,0.0,020426800000
0240011330000,0.0,0.26,0.011,0.116,0.133,0.0,0.0,0.0,020113300000
2776504001900,0.0,0.14,0.115,0.0,0.0,0.0,0.015,0.01,270650400000
34200190000NB,1.38,3.4,0.383,1.637,0.0,0.0,0.0,0.0,340190000138
34200190000NB,11.03,11.47,0.045,0.096,0.124,0.175,0.0,0.0,340190001103
34200190000NB,31.65,31.85,0.086,0.114,0.0,0.0,0.0,0.0,340190003165
06200600001EB,0.0,0.39,0.325,0.065,0.0,0.0,0.0,0.0,06060A000000
1540507000000,0.43,0.92,0.127,0.247,0.116,0.0,0.0,0.0,155070000043
1540507000000,0.92,1.16,0.0,0.24,0.0,0.0,0.0,0.0,155070000092
1540507000000,1.51,3.33,0.045,0.138,0.304,0.433,0.474,0.426,155070000151
3540005000000,0.0,1.47,0.104,0.481,0.194,0.164,0.313,0.214,350050000000
5230020000000,19.48,20.04,0.0,0.427,0.133,0.0,0.0,0.0,520200001948
4530020000000,24.37,24.94,0.0,0.248,0.09,0.232,0.0,0.0,450200002437
4530020000000,24.94,25.32,0.0,0.284,0.096,0.0,0.0,0.0,450200002494
4530020000000,25.32,32.14,1.057,4.562,1.018,0.05,0.133,0.0,450200002532
02200110000NB,5.24,6.05,0.073,0.596,0.104,0.037,0.0,0.0,020110000524
02200110000NB,13.65,13.78,0.042,0.0,0.004,0.0,0.084,0.0,020011001365
02200110000NB,14.51,14.64,0.0,0.121,0.009,0.0,0.0,0.0,020110001451
02200110000NB,16.48,17.51,0.416,0.614,0.0,0.0,0.0,0.0,020110001648
02200110000NB,24.71,24.97,0.117,0.095,0.0,0.048,0.0,0.0,020110002471
2940028010000,0.0,0.1,0.0,0.1,0.0,0.0,0.0,0.0,290280100000
2940028010000,0.1,1.09,0.072,0.279,0.376,0.222,0.041,0.0,290280100010
2940028010000,1.19,2.14,0.155,0.268,0.254,0.273,0.0,0.0,290280100119
2940028010000,2.31,2.45,0.14,0.0,0.0,0.0,0.0,0.0,290280100231
2940028010000,2.45,2.85,0.033,0.174,0.0,0.065,0.053,0.075,290280100245
1940016000000,0.0,0.417,0.03,0.256,0.104,0.027,0.0,0.0,190160000000
4940009010000,0.0,0.97,0.042,0.119,0.291,0.108,0.231,0.179,490090100000
44100790000NB,21.28,25.79,0.193,1.765,1.69,0.862,0.0,0.0,440790002128
44100790000NB,25.79,33.99,1.077,3.854,2.495,0.774,0.0,0.0,440790002579
44100790000NB,33.99,36.0,1.342,0.668,0.0,0.0,0.0,0.0,440790003399
26202500000NB,0.0,3.56,0.415,0.895,0.43,0.655,0.433,0.732,262500000000
26202500000NB,3.56,4.01,0.0,0.0,0.018,0.0,0.045,0.387,262500000356
26202500000NB,4.01,4.62,0.039,0.45,0.0,0.024,0.097,0.0,262500000401
26202500000NB,4.65,7.1,0.165,0.411,0.384,0.191,0.739,0.56,262500000465
26202500000NB,7.1,8.07,0.064,0.565,0.043,0.149,0.149,0.0,262500000710
26202500000NB,8.07,9.79,0.115,0.437,0.323,0.48,0.291,0.074,262500000807
26202500000NB,9.79,10.67,0.0,0.0,0.039,0.073,0.768,0.0,262500000979
26202500000NB,11.65,12.35,0.099,0.1,0.11,0.335,0.056,0.0,262500001165
26202500000NB,12.47,13.37,0.0,0.168,0.089,0.234,0.409,0.0,262500001247
26202500000NB,13.4,15.31,0.2,0.598,0.373,0.385,0.286,0.068,262500001340
26202500000NB,23.89,24.64,0.0,0.282,0.062,0.31,0.096,0.0,262500002389
26202500000NB,28.49,29.07,0.0,0.089,0.052,0.183,0.256,0.0,262500002849
26202500000NB,29.07,29.71,0.0,0.0,0.0,0.03,0.348,0.262,262500002907
26202500000NB,29.71,30.09,0.0,0.0,0.0,0.0,0.0,0.38,262500002971
26202500000NB,30.09,30.92,0.0,0.648,0.063,0.075,0.033,0.011,262500003009
26202500000NB,31.63,31.73,0.1,0.0,0.0,0.0,0.0,0.0,262500003163
26202500000NB,36.47,36.69,0.0,0.097,0.123,0.0,0.0,0.0,260250003647
26202500000NB,38.92,39.2,0.0,0.28,0.0,0.0,0.0,0.0,262500003892
1640007000000,5.61,6.0,0.057,0.333,0.0,0.0,0.0,0.0,160070000553
1640007000000,19.2,20.5,0.234,0.83,0.236,0.0,0.0,0.0,160070000192
3140055070000,0.0,0.26,0.006,0.035,0.0,0.019,0.018,0.182,310550700000
23201190000NB,0.0,0.85,0.0,0.0,0.065,0.785,0.0,0.0,231190000000
23201190000NB,1.44,2.2,0.0,0.76,0.0,0.0,0.0,0.0,231190000144
23201190000NB,2.2,2.54,0.0,0.34,0.0,0.0,0.0,0.0,231190000220
23201190000NB,2.54,2.67,0.0,0.13,0.0,0.0,0.0,0.0,231190000254
23201190000NB,2.67,3.59,0.045,0.55,0.325,0.0,0.0,0.0,231190000267
23201190000NB,3.59,5.27,0.076,0.445,0.92,0.239,0.0,0.0,231190000359
23201190000NB,5.27,5.915,0.17,0.095,0.2,0.18,0.0,0.0,231190005270
23201190000NB,11.87,12.283,0.0,0.371,0.042,0.0,0.0,0.0,231190001187
2071069001900,0.0,0.22,0.015,0.006,0.007,0.0,0.036,0.156,200106900000
2071020001900,0.06,0.46,0.317,0.083,0.0,0.0,0.0,0.0,200102000006
2040060630000,0.06,0.354,0.048,0.094,0.0,0.119,0.033,0.0,200606300006
3140064030000,0.0,0.29,0.0,0.0,0.043,0.073,0.059,0.115,310640300000
2071056001900,0.0,0.38,0.033,0.206,0.141,0.0,0.0,0.0,200105600000
0673317001900,0.0,0.24,0.0,0.103,0.0,0.048,0.089,0.0,060331700000
2040049000000,0.68,1.17,0.042,0.195,0.253,0.0,0.0,0.0,200490000068
0440032000000,6.27,6.5,0.0,0.158,0.072,0.0,0.0,0.0,040320000627
1140009000000,0.0,3.41,0.835,1.926,0.302,0.141,0.206,0.0,110090000000
4170052001900,0.31,0.57,0.03,0.0,0.03,0.0,0.15,0.05,410005200031
4170052001900,0.85,0.95,0.0,0.032,0.035,0.033,0.0,0.0,410005200085
4930020000000,22.87,23.54,0.226,0.444,0.0,0.0,0.0,0.0,490200002287
5440050380000,0.0,2.13,0.077,0.767,0.686,0.414,0.186,0.0,540503800000
5440034000000,0.0,0.76,0.096,0.189,0.115,0.123,0.0,0.237,540340000000
5440034000000,1.45,1.76,0.067,0.109,0.076,0.058,0.0,0.0,540340001450
20300610005SB,0.0,0.05,0.05,0.0,0.0,0.0,0.0,0.0,20061S000000
5130015000000,6.3,8.48,0.29,1.065,0.666,0.159,0.0,0.0,510150000630
4240009000000,0.0,0.18,0.0,0.18,0.0,0.0,0.0,0.0,420090000000
4240009000000,0.18,0.32,0.0,0.14,0.0,0.0,0.0,0.0,420090000020
13202190005SB,0.0,0.33,0.106,0.19,0.034,0.0,0.0,0.0,13219S000000
2040046010000,0.0,0.43,0.0,0.43,0.0,0.0,0.0,0.0,200460100000
0577279001900,0.0,0.16,0.0,0.107,0.053,0.0,0.0,0.0,050727900000
2640017000000,0.0,0.12,0.022,0.07,0.0,0.028,0.0,0.0,260170000000
1740025000000,12.11,12.26,0.0,0.009,0.028,0.0,0.113,0.0,170250001211
1740025000000,12.26,12.62,0.032,0.234,0.094,0.0,0.0,0.0,170250001226
3140857010000,0.0,0.19,0.118,0.071,0.001,0.0,0.0,0.0,318570100000
3830092000000,0.0,5.83,1.568,3.189,0.692,0.1,0.281,0.0,380920000000
31201190000NB,7.81,9.82,0.11,0.48,0.836,0.53,0.054,0.0,311190000781
31201190000NB,11.9,12.06,0.0,0.0,0.02,0.029,0.057,0.054,311190001190
31201190000NB,13.78,13.99,0.043,0.167,0.0,0.0,0.0,0.0,311190001378
31201190000NB,13.99,14.1,0.001,0.019,0.0,0.019,0.0,0.071,311190001399
31201190000NB,14.42,14.62,0.0,0.0,0.0,0.048,0.152,0.0,311190001442
31201190000NB,14.85,15.15,0.0,0.0,0.0,0.0,0.177,0.123,311190001485
31201190000NB,15.72,16.0,0.0,0.165,0.058,0.057,0.0,0.0,311190001572
31201190000NB,16.82,17.35,0.0,0.06,0.041,0.091,0.277,0.061,311190001682
31201190000NB,17.44,18.2,0.0,0.344,0.247,0.054,0.115,0.0,311190001744
31201190000NB,18.2,19.66,0.022,0.512,0.305,0.263,0.358,0.0,311190001820
31201190000NB,19.66,20.0,0.0,0.098,0.159,0.041,0.042,0.0,310119001966
31201190000NB,20.0,20.47,0.007,0.0,0.103,0.089,0.271,0.0,310119000020
2040060640000,0.0,0.35,0.0,0.161,0.073,0.116,0.0,0.0,200606400000
2830020000000,4.23,5.2,0.269,0.217,0.306,0.178,0.0,0.0,280200000423
2830020000000,10.32,11.4,0.375,0.409,0.185,0.111,0.0,0.0,280200001032
2830020000000,12.05,12.78,0.499,0.231,0.0,0.0,0.0,0.0,280200001205
0673263001900,0.0,0.26,0.165,0.095,0.0,0.0,0.0,0.0,060326300000
0673263001900,0.26,0.48,0.22,0.0,0.0,0.0,0.0,0.0,060326300026
0130092000000,8.64,10.73,0.652,0.681,0.552,0.205,0.0,0.0,010920000864
3140061010000,0.0,0.37,0.0,0.063,0.014,0.08,0.0,0.213,310610100000
3140061010000,0.41,0.52,0.0,0.019,0.019,0.03,0.042,0.0,310610100041
1430028000000,16.47,22.27,1.243,2.102,0.616,0.717,1.122,0.0,140280001647
4140016390000,0.0,0.64,0.0,0.025,0.12,0.08,0.151,0.264,410163900000
2830104000000,1.65,2.65,0.938,0.062,0.0,0.0,0.0,0.0,281040000165
3578280001900,0.0,0.4,0.127,0.056,0.0,0.217,0.0,0.0,350828000000
2071011001900,0.06,0.42,0.0,0.36,0.0,0.0,0.0,0.0,200101100006
0530067000000,0.17,0.62,0.05,0.183,0.145,0.049,0.023,0.0,050670000017
0530067000000,6.14,6.71,0.0,0.16,0.079,0.146,0.051,0.134,050670000614
1577259001900,0.58,0.62,0.0,0.0,0.0,0.001,0.039,0.0,150725900058
1577259001900,0.62,1.16,0.0,0.0,0.116,0.034,0.014,0.376,150725900062
5230002000000,4.21,4.442,0.092,0.14,0.0,0.0,0.0,0.0,520020000421
5230002000000,4.442,5.29,0.848,0.0,0.0,0.0,0.0,0.0,520020004442
5230002000000,5.29,5.69,0.4,0.0,0.0,0.0,0.0,0.0,520020000529
5230002000000,5.69,6.08,0.39,0.0,0.0,0.0,0.0,0.0,520020000569
5230002000000,6.08,6.5,0.151,0.269,0.0,0.0,0.0,0.0,520020000608
5230002000000,6.95,7.09,0.033,0.107,0.0,0.0,0.0,0.0,520020000695
5230002000000,7.29,7.84,0.32,0.072,0.072,0.086,0.0,0.0,520020000729
5230002000000,8.35,8.6,0.0,0.25,0.0,0.0,0.0,0.0,520020000835
5230002000000,8.6,9.24,0.111,0.428,0.101,0.0,0.0,0.0,520020000860
5230002000000,11.11,11.655,0.335,0.0,0.0,0.0,0.21,0.0,520020011110
5230002000000,11.75,12.12,0.141,0.089,0.053,0.087,0.0,0.0,520020011750
54300140005SB,0.0,0.16,0.023,0.1,0.008,0.029,0.0,0.0,54014S000000
54300140005SB,0.16,0.32,0.0,0.092,0.068,0.0,0.0,0.0,54300140005
35200400000EB,0.007,0.12,0.0,0.008,0.046,0.059,0.0,0.0,350400000007
35200400000EB,1.99,2.102,0.0,0.0,0.02,0.0,0.048,0.044,350400000199
35200400000EB,2.102,2.71,0.179,0.165,0.264,0.0,0.0,0.0,350400002102
35200400000EB,2.81,2.83,0.02,0.0,0.0,0.0,0.0,0.0,350040000281
35200400000EB,2.83,3.24,0.114,0.296,0.0,0.0,0.0,0.0,350400000283
35200400000EB,3.44,3.91,0.054,0.141,0.026,0.029,0.22,0.0,350400000344
35200400000EB,4.32,5.42,0.209,0.317,0.265,0.309,0.0,0.0,350400000432
35200400000EB,5.42,5.93,0.026,0.085,0.153,0.093,0.153,0.0,350400000542
35200400000EB,7.1,7.44,0.128,0.141,0.071,0.0,0.0,0.0,350400000710
35200400000EB,8.06,8.26,0.2,0.0,0.0,0.0,0.0,0.0,350400008060
35200400000EB,8.5,8.88,0.11,0.27,0.0,0.0,0.0,0.0,350400000850
35200400000EB,9.27,9.64,0.0,0.37,0.0,0.0,0.0,0.0,350400000927
35200400000EB,10.02,10.26,0.0,0.24,0.0,0.0,0.0,0.0,350400001002
5330014000000,19.34,20.71,0.222,0.251,0.156,0.158,0.318,0.265,530140001934
2870502001900,0.0,1.01,0.052,0.166,0.236,0.211,0.152,0.193,280050200000
2870502001900,1.01,1.36,0.0,0.158,0.078,0.023,0.0,0.091,280502M0101
2870502001900,1.36,1.6,0.0,0.161,0.0,0.062,0.009,0.008,280050200136
2870502001900,1.6,1.78,0.0,0.001,0.0,0.14,0.03,0.009,280050200160
2870502001900,1.78,1.91,0.0,0.022,0.077,0.031,0.0,0.0,280050200178
0330094000000,0.0,3.01,0.238,1.408,0.31,0.059,0.995,0.0,030940000000
0673288001900,0.78,0.89,0.0,0.091,0.019,0.0,0.0,0.0,060328800078
50100640000EB,0.0,1.25,0.113,0.291,0.55,0.296,0.0,0.0,500640000000
50100640000EB,1.25,1.29,0.0,0.04,0.0,0.0,0.0,0.0,500640000125
50100640000EB,1.29,1.66,0.082,0.159,0.129,0.0,0.0,0.0,500640000129
50100640000EB,1.66,2.17,0.071,0.309,0.13,0.0,0.0,0.0,500640000166
50100640000EB,2.17,2.75,0.0,0.412,0.168,0.0,0.0,0.0,500640000217
50100640000EB,2.75,4.22,0.137,1.047,0.286,0.0,0.0,0.0,500640000275
50100640000EB,4.22,5.29,0.095,0.464,0.382,0.129,0.0,0.0,500640000422
50100640000EB,5.29,5.87,0.0,0.536,0.044,0.0,0.0,0.0,500640000529
42202190000NB,0.0,3.24,0.166,0.766,0.673,0.412,0.67,0.553,422190000000
42202190000NB,8.55,8.74,0.036,0.154,0.0,0.0,0.0,0.0,422190000855
42202190000NB,8.74,9.68,0.042,0.501,0.145,0.252,0.0,0.0,422190000874
42202190000NB,12.59,15.89,0.86,1.887,0.456,0.097,0.0,0.0,422190001259
42202190000NB,15.89,17.4,0.303,0.939,0.22,0.048,0.0,0.0,422190001589
42202190000NB,17.4,19.15,0.37,0.81,0.41,0.132,0.028,0.0,422190001740
42202190000NB,19.15,21.44,0.47,0.974,0.634,0.212,0.0,0.0,422190001915
42202190000NB,21.48,21.67,0.026,0.164,0.0,0.0,0.0,0.0,422190002148
42202190000NB,27.85,30.16,0.427,1.34,0.219,0.324,0.0,0.0,422190002785
42202190000NB,36.33,37.87,0.08,1.46,0.0,0.0,0.0,0.0,422190003633
42202190000NB,42.36,42.373,0.013,0.0,0.0,0.0,0.0,0.0,422190004236
31100680000EB,0.0,0.32,0.093,0.061,0.082,0.084,0.0,0.0,310680000000
31100680000EB,1.15,2.67,0.115,0.382,0.508,0.515,0.0,0.0,310680000115
31100680000EB,2.67,4.13,0.127,0.856,0.471,0.006,0.0,0.0,310680000267
31100680000EB,4.13,4.56,0.062,0.101,0.146,0.121,0.0,0.0,310680000413
31100680000EB,4.56,4.96,0.0,0.0,0.0,0.4,0.0,0.0,310680000456
31100680000EB,4.96,5.79,0.0,0.572,0.207,0.051,0.0,0.0,310680000496
31100680000EB,5.79,6.18,0.0,0.103,0.287,0.0,0.0,0.0,310680000579
31100680000EB,6.18,6.77,0.072,0.518,0.0,0.0,0.0,0.0,310680000618
31100680000EB,6.77,7.2,0.0,0.263,0.167,0.0,0.0,0.0,310680000677
31100680000EB,7.2,7.54,0.0,0.052,0.288,0.0,0.0,0.0,310680000720
31100680000EB,7.54,8.89,0.0,0.492,0.858,0.0,0.0,0.0,310680000754
31100680000EB,8.89,9.4,0.0,0.0,0.297,0.213,0.0,0.0,310680000889
31100680000EB,10.28,10.32,0.0,0.0,0.0,0.04,0.0,0.0,310680001028
31100680000EB,10.32,10.79,0.0,0.0,0.0,0.47,0.0,0.0,310680001032
31100680000EB,10.79,13.149,0.0,0.0,0.0,2.359,0.0,0.0,310680001079
28100770000NB,0.69,2.56,0.0,0.297,1.573,0.0,0.0,0.0,280770000069
28100770000NB,2.56,5.12,0.0,1.24,1.32,0.0,0.0,0.0,280770000256
0240019000000,1.55,3.438,0.128,0.649,0.556,0.165,0.279,0.111,020190000155
0240019000000,3.438,4.04,0.057,0.184,0.0,0.069,0.167,0.125,020190003438
0274257001900,0.0,0.11,0.0,0.11,0.0,0.0,0.0,0.0,020425700000
0274257001900,0.11,0.42,0.088,0.222,0.0,0.0,0.0,0.0,020425700011
4170038001900,0.0,0.15,0.0,0.001,0.031,0.0,0.118,0.0,410003800000
4170038001900,0.33,0.49,0.0,0.049,0.011,0.041,0.0,0.059,410003800033
3530002000000,1.9,2.13,0.0,0.039,0.059,0.132,0.0,0.0,350020000190
3530002000000,2.36,2.84,0.0,0.395,0.085,0.0,0.0,0.0,350020000236
3530002000000,5.81,7.04,0.509,0.564,0.157,0.0,0.0,0.0,350020000581
3530002000000,7.35,7.57,0.0,0.013,0.207,0.0,0.0,0.0,350020000735
3530002000000,7.57,8.08,0.164,0.344,0.002,0.0,0.0,0.0,350020000757
3530002000000,8.22,8.5,0.075,0.056,0.149,0.0,0.0,0.0,350020000822
2030114000000,0.5,1.44,0.0,0.133,0.094,0.033,0.453,0.227,201140000050
2630086000000,0.2,0.51,0.0,0.0,0.0,0.0,0.127,0.183,260860000020
5530010000000,24.14,24.38,0.0,0.119,0.121,0.0,0.0,0.0,550100002414
0630527000100,0.0,0.19,0.19,0.0,0.0,0.0,0.0,0.0,06527A000000
3174771001900,0.3,0.65,0.0,0.176,0.071,0.027,0.064,0.012,310477100030
35202500009NB,0.0,0.68,0.042,0.556,0.043,0.039,0.0,0.0,35250NB00000
3174764001900,0.81,1.02,0.078,0.018,0.114,0.0,0.0,0.0,310476400081
20100790000NB,0.0,0.81,0.045,0.339,0.426,0.0,0.0,0.0,200790000000
20100790000NB,0.81,1.95,0.208,0.571,0.361,0.0,0.0,0.0,200790000081
20100790000NB,1.95,2.24,0.0,0.105,0.185,0.0,0.0,0.0,200790000195
20100790000NB,4.51,5.42,0.054,0.658,0.198,0.0,0.0,0.0,200790000451
20100790000NB,5.42,5.56,0.041,0.099,0.0,0.0,0.0,0.0,200790000542
20100790000NB,5.56,6.12,0.351,0.078,0.091,0.04,0.0,0.0,200790000556
20100790000NB,6.82,7.19,0.066,0.061,0.08,0.163,0.0,0.0,200790000682
20100790000NB,9.97,10.64,0.334,0.334,0.002,0.0,0.0,0.0,200790000997
20100790000NB,10.64,16.04,0.559,4.26,0.32,0.261,0.0,0.0,200790001064
20100790000NB,16.04,19.22,0.209,1.42,1.551,0.0,0.0,0.0,200790001604
20100790000NB,19.22,20.62,0.037,1.156,0.207,0.0,0.0,0.0,200790001922
20100790000NB,20.62,21.28,0.0,0.522,0.138,0.0,0.0,0.0,200790002062
1540016000000,1.05,1.126,0.0,0.057,0.019,0.0,0.0,0.0,150160001050
4140006020000,1.57,1.69,0.0,0.032,0.088,0.0,0.0,0.0,410060201570
5040012000000,3.176,4.65,0.551,0.747,0.14,0.036,0.0,0.0,500120003176
30200520004NB,0.096,0.39,0.135,0.124,0.011,0.024,0.0,0.0,30052N000096
2930028000100,0.0,0.54,0.0,0.148,0.151,0.014,0.227,0.0,29028A000000
2930028000100,0.54,1.03,0.037,0.055,0.14,0.212,0.046,0.0,29028A000054
2930028000100,1.03,2.05,0.122,0.475,0.197,0.181,0.045,0.0,29028A000103
2930028000100,2.05,2.31,0.0,0.187,0.03,0.021,0.022,0.0,29028A000205
2930028000100,2.42,2.63,0.21,0.0,0.0,0.0,0.0,0.0,29028A000242
2930028000100,2.63,2.97,0.031,0.2,0.075,0.0,0.0,0.034,29028A000263
3140073730000,0.0,0.58,0.0,0.0,0.226,0.354,0.0,0.0,310737300000
20100770023NB,0.0,1.02,0.169,0.244,0.441,0.166,0.0,0.0,20077C000000
18200330000EB,0.19,0.62,0.0,0.238,0.192,0.0,0.0,0.0,180330000000
18200330000EB,0.86,1.08,0.08,0.14,0.0,0.0,0.0,0.0,180330000086
18200330000EB,3.32,3.46,0.0,0.113,0.027,0.0,0.0,0.0,180330000332
18200330000EB,11.09,11.48,0.007,0.309,0.074,0.0,0.0,0.0,180330001109
18200330000EB,21.43,24.76,1.14,2.089,0.101,0.0,0.0,0.0,180330002143
0240011370000,0.0,0.23,0.025,0.138,0.061,0.006,0.0,0.0,020113700000
2870517001900,0.19,0.38,0.0,0.024,0.02,0.103,0.043,0.0,280051700190
2870517001900,0.38,0.83,0.043,0.0,0.0,0.099,0.154,0.154,280051700380
5040060050000,0.0,0.18,0.104,0.076,0.0,0.0,0.0,0.0,500600500000
0240011130000,0.28,0.41,0.068,0.042,0.009,0.0,0.011,0.0,020111300028
0240011130000,0.41,0.55,0.044,0.027,0.05,0.019,0.0,0.0,020111300041
2870504001900,0.0,0.47,0.032,0.112,0.081,0.037,0.021,0.187,280050400000
2870504001900,0.47,0.71,0.011,0.046,0.029,0.029,0.022,0.103,280050400047
5275502001900,0.11,0.3,0.019,0.1,0.071,0.0,0.0,0.0,520550200110
2040023000000,2.48,2.67,0.124,0.066,0.0,0.0,0.0,0.0,200230000248
2040023000000,2.67,3.6,0.673,0.257,0.0,0.0,0.0,0.0,200230002670
21100790000NB,83.55,87.45,0.383,0.903,1.46,1.154,0.0,0.0,210790008355
21100790000NB,87.45,90.82,0.576,2.29,0.504,0.0,0.0,0.0,210790008745
21100790000NB,90.82,96.17,0.868,3.926,0.4,0.156,0.0,0.0,210790009082
21100790000NB,96.17,97.13,0.0,0.163,0.797,0.0,0.0,0.0,210790009617
21100790000NB,97.13,98.287,0.0,0.331,0.334,0.492,0.0,0.0,210790009713
21100790000NB,98.4,98.63,0.0,0.23,0.0,0.0,0.0,0.0,210790009840
21100790000NB,98.63,98.925,0.0,0.044,0.251,0.0,0.0,0.0,210790009863
21100790000NB,100.39,101.69,0.0,0.327,0.318,0.655,0.0,0.0,210790010039
21100790000NB,101.69,104.15,0.164,1.8,0.329,0.167,0.0,0.0,210790010169
21100790000NB,104.15,104.69,0.54,0.0,0.0,0.0,0.0,0.0,210790010415
21100790000NB,104.69,106.42,0.285,0.273,0.401,0.771,0.0,0.0,210790010469
3140067010000,0.0,0.65,0.0,0.304,0.218,0.051,0.02,0.057,310670100000
41200190000NB,0.0,2.17,0.005,0.613,0.58,0.737,0.235,0.0,410190000000
41200190000NB,2.17,6.47,0.642,2.388,0.704,0.473,0.093,0.0,410190000217
41200190000NB,16.669,16.925,0.0,0.05,0.0,0.206,0.0,0.0,410190016669
41200190000NB,17.18,17.95,0.25,0.348,0.051,0.121,0.0,0.0,410190001718
41200190000NB,18.31,18.408,0.072,0.026,0.0,0.0,0.0,0.0,410190001831
41200190000NB,18.408,18.635,0.166,0.061,0.0,0.0,0.0,0.0,410190001841
41200190000NB,18.64,19.33,0.288,0.223,0.039,0.085,0.055,0.0,410190001864
41200190000NB,19.8,21.61,0.031,0.198,0.532,0.389,0.66,0.0,410190001980
4640044080000,0.0,0.33,0.133,0.081,0.018,0.067,0.015,0.016,460440800000
4640044080000,0.33,0.45,0.054,0.066,0.0,0.0,0.0,0.0,460440800033
4640044080000,0.45,0.69,0.0,0.173,0.067,0.0,0.0,0.0,460044080045
4640044080000,0.69,0.72,0.0,0.019,0.0,0.011,0.0,0.0,460440800069
4130307000000,4.55,5.59,0.021,0.166,0.256,0.139,0.139,0.319,413070000455
4130307000000,7.42,8.45,0.154,0.209,0.279,0.117,0.162,0.109,413070000742
1640012000000,14.85,15.91,0.082,0.215,0.229,0.404,0.088,0.042,160120001485
01201190000NB,6.95,9.29,0.25,1.206,0.666,0.163,0.055,0.0,011190000695
01201190000NB,10.66,11.5,0.099,0.14,0.104,0.172,0.325,0.0,011190001066
41100770004NB,0.0,0.43,0.0,0.166,0.264,0.0,0.0,0.0,41077N000000
4130054000000,2.48,4.86,0.0,2.34,0.04,0.0,0.0,0.0,410540000248
4130054000000,4.86,5.72,0.0,0.264,0.418,0.178,0.0,0.0,410540000486
4130054000000,6.35,6.54,0.078,0.112,0.0,0.0,0.0,0.0,410540000635
4130054000000,6.54,7.1,0.295,0.265,0.0,0.0,0.0,0.0,410540000654
4130054000000,7.1,7.41,0.018,0.101,0.039,0.12,0.032,0.0,410540000710
4130054000000,7.41,8.84,0.089,0.749,0.122,0.04,0.43,0.0,410540000741
4130054000000,10.14,10.33,0.036,0.0,0.028,0.124,0.002,0.0,410540010140
39202190000NB,0.0,0.8,0.0,0.454,0.257,0.089,0.0,0.0,392190000000
39202190000NB,0.8,3.01,0.068,0.575,1.141,0.2,0.226,0.0,392190000080
39202190000NB,3.01,3.31,0.034,0.168,0.055,0.043,0.0,0.0,392190000301
39202190000NB,3.31,4.76,0.166,0.86,0.331,0.03,0.063,0.0,392190000331
1740050400000,0.0,0.67,0.0,0.0,0.67,0.0,0.0,0.0,170504000000
1771765001900,0.0,0.22,0.0,0.183,0.037,0.0,0.0,0.0,17017650M00
2630002000000,10.22,11.92,0.891,0.718,0.091,0.0,0.0,0.0,260020001022
2630002000000,13.46,13.89,0.027,0.403,0.0,0.0,0.0,0.0,260020001346
2630002000000,17.94,18.08,0.025,0.115,0.0,0.0,0.0,0.0,260020001794
2630002000000,18.24,18.76,0.157,0.283,0.08,0.0,0.0,0.0,260020001824
2630002000000,19.53,19.8,0.0,0.27,0.0,0.0,0.0,0.0,260020001953
10200600000EB,0.34,1.01,0.18,0.183,0.307,0.0,0.0,0.0,100600000034
5275511001900,0.0,0.12,0.044,0.029,0.0,0.047,0.0,0.0,520551100000
5275511001900,0.57,0.84,0.27,0.0,0.0,0.0,0.0,0.0,520551100057
1740009000000,0.05,0.52,0.045,0.087,0.116,0.222,0.0,0.0,170090000005
46200500000EB,12.99,13.65,0.112,0.117,0.213,0.218,0.0,0.0,460500001299
1340037120000,0.0,0.14,0.003,0.006,0.0,0.029,0.043,0.059,130371200000
1540005000000,1.86,3.674,0.024,0.288,0.614,0.25,0.128,0.51,150050000185
1540005000000,3.674,3.76,0.086,0.0,0.0,0.0,0.0,0.0,150050003674
3140019240000,2.77,3.08,0.05,0.02,0.225,0.015,0.0,0.0,310192400277
3730002000000,3.71,4.75,0.832,0.208,0.0,0.0,0.0,0.0,370020000371
3730002000000,5.72,6.86,0.492,0.596,0.052,0.0,0.0,0.0,370020000572
3730002000000,10.51,10.84,0.33,0.0,0.0,0.0,0.0,0.0,370020001051
3730002000000,14.95,17.49,1.706,0.834,0.0,0.0,0.0,0.0,370020001495
1740031000000,0.5,1.45,0.331,0.288,0.037,0.242,0.052,0.0,170310000050
0540001080000,0.81,0.95,0.0,0.0,0.0,0.015,0.0,0.125,050010800081
0540001080000,0.95,1.45,0.185,0.201,0.109,0.005,0.0,0.0,050010800095
0540001080000,1.9,2.41,0.36,0.118,0.032,0.0,0.0,0.0,050010800190
4640009000000,0.82,1.16,0.0,0.013,0.054,0.219,0.054,0.0,460090000082
4640009000000,1.16,1.59,0.0,0.348,0.0,0.082,0.0,0.0,460090000116
4640009000000,1.59,1.618,0.028,0.0,0.0,0.0,0.0,0.0,460090001590
2840019290000,0.0,2.54,0.0,2.54,0.0,0.0,0.0,0.0,280192900000
2840019290000,2.54,3.32,0.132,0.608,0.04,0.0,0.0,0.0,280192900254
1540015000000,0.0,1.44,0.0,0.185,0.31,0.491,0.095,0.359,150150000000
1540015000000,1.44,1.95,0.149,0.156,0.105,0.1,0.0,0.0,150150000144
2030061000000,20.18,20.38,0.2,0.0,0.0,0.0,0.0,0.0,200610002018
2030061000000,20.73,21.2,0.47,0.0,0.0,0.0,0.0,0.0,200610002073
2030061000000,23.75,25.8,0.694,1.356,0.0,0.0,0.0,0.0,200610002375
5475770001900,0.43,1.04,0.042,0.233,0.181,0.125,0.029,0.0,540577000043
4170054001900,0.0,0.44,0.112,0.023,0.087,0.111,0.03,0.077,410005400009
5440004100000,0.0,0.4,0.0,0.217,0.156,0.027,0.0,0.0,540041000000
5475769001900,0.0,0.34,0.208,0.032,0.1,0.0,0.0,0.0,540576900000
1040019020000,0.0,0.82,0.056,0.536,0.188,0.04,0.0,0.0,100190200000
2030601000000,0.0,0.95,0.211,0.148,0.242,0.241,0.108,0.0,206010000000
0240001000000,8.14,9.32,0.047,0.361,0.262,0.202,0.201,0.107,020010000814
3578259001900,0.0,0.12,0.0,0.12,0.0,0.0,0.0,0.0,350825900000
3578259001900,0.33,0.49,0.108,0.052,0.0,0.0,0.0,0.0,350825900033
2178006001900,0.58,0.92,0.0,0.274,0.066,0.0,0.0,0.0,210800600580
1740011000000,0.0,1.14,0.178,0.506,0.358,0.098,0.0,0.0,170110000000
1740011000000,1.14,2.3,0.0,0.341,0.699,0.12,0.0,0.0,170110001140
1740011000000,4.24,4.7,0.08,0.293,0.087,0.0,0.0,0.0,170110000424
1740011000000,4.7,5.24,0.137,0.304,0.099,0.0,0.0,0.0,170110004700
05200220000EB,3.17,3.35,0.0,0.0,0.053,0.127,0.0,0.0,050220000317
05200220000EB,3.35,3.45,0.0,0.0,0.0,0.1,0.0,0.0,050220000335
05200220000EB,3.45,4.73,0.0,0.431,0.103,0.746,0.0,0.0,050220000345
05200220000EB,4.73,5.19,0.0,0.249,0.057,0.154,0.0,0.0,050220000473
05200220000EB,5.19,5.89,0.075,0.434,0.064,0.127,0.0,0.0,050220000519
3130705000000,0.0,0.51,0.043,0.27,0.197,0.0,0.0,0.0,317050000000
3130705000000,0.68,1.23,0.0,0.313,0.237,0.0,0.0,0.0,317050000068
3130705000000,1.23,1.64,0.0,0.395,0.015,0.0,0.0,0.0,317050000123
3130705000000,1.64,1.81,0.0,0.0,0.042,0.128,0.0,0.0,317050000163
2740001040000,1.647,1.65,0.0,0.0,0.0,0.003,0.0,0.0,270010401647
1040009010000,0.0,1.93,0.081,0.458,0.407,0.313,0.334,0.337,100090100000
1040015000000,0.0,1.58,0.163,0.627,0.215,0.18,0.318,0.077,100150000000
5275509001900,0.07,0.23,0.0,0.16,0.0,0.0,0.0,0.0,520550900070
5240002090000,0.0,0.19,0.055,0.071,0.064,0.0,0.0,0.0,520020900000
20201190023NB,0.0,0.51,0.0,0.039,0.304,0.167,0.0,0.0,200119C00000
20201190023NB,0.7,1.17,0.0,0.176,0.23,0.064,0.0,0.0,201190000070
1740024020000,0.0,0.75,0.053,0.259,0.206,0.218,0.014,0.0,170240200000
1740024020000,0.75,0.87,0.0,0.042,0.041,0.037,0.0,0.0,170240200075
1740024020000,0.87,1.09,0.0,0.023,0.016,0.151,0.03,0.0,170240200087
1740024020000,1.09,1.86,0.026,0.028,0.069,0.08,0.157,0.41,170240200109
1740024020000,1.86,2.95,0.0,0.231,0.317,0.19,0.114,0.238,170240200186
2040006150000,0.0,0.04,0.0,0.04,0.0,0.0,0.0,0.0,200061500000
2040006150000,0.12,0.17,0.0,0.05,0.0,0.0,0.0,0.0,200061500012
2640010000000,0.0,0.423,0.184,0.196,0.0,0.043,0.0,0.0,260100000000
2071013001900,0.0,1.48,0.082,0.377,0.32,0.311,0.153,0.237,200101300000
5040060070000,0.24,0.87,0.077,0.106,0.055,0.104,0.16,0.128,500600700024
5040060070000,0.87,1.44,0.0,0.07,0.145,0.266,0.089,0.0,500600700087
39100680000EB,18.12,23.34,0.397,1.703,1.37,1.75,0.0,0.0,390680001812
39100680000EB,26.75,28.64,0.305,1.056,0.529,0.0,0.0,0.0,390680002675
39100680000EB,28.64,29.23,0.163,0.195,0.232,0.0,0.0,0.0,390680002864
39100680000EB,31.24,31.42,0.037,0.143,0.0,0.0,0.0,0.0,390680003124
39100680000EB,31.42,32.06,0.0,0.017,0.094,0.529,0.0,0.0,390680003142
4040031000000,0.0,0.3,0.011,0.233,0.056,0.0,0.0,0.0,400310000000
2440009000000,7.87,9.2,0.191,0.692,0.349,0.044,0.054,0.0,240090000787
05300020005SB,0.0,0.34,0.073,0.105,0.09,0.072,0.0,0.0,05002S000000
0540001000000,0.0,0.12,0.0,0.12,0.0,0.0,0.0,0.0,050010000000
0540001000000,0.12,0.5,0.0,0.013,0.153,0.214,0.0,0.0,050010000012
0540001000000,1.07,1.34,0.0,0.27,0.0,0.0,0.0,0.0,050010000107
0540001000000,3.26,4.01,0.328,0.422,0.0,0.0,0.0,0.0,050010000326
0540001000000,4.01,4.8,0.362,0.263,0.135,0.03,0.0,0.0,050010000401
03201190000NB,0.0,2.93,0.0,2.93,0.0,0.0,0.0,0.0,031190000000
03201190000NB,9.44,11.49,1.702,0.348,0.0,0.0,0.0,0.0,031190000944
03201190000NB,11.49,12.83,0.65,0.071,0.528,0.091,0.0,0.0,031190001149
03201190000NB,12.83,13.54,0.052,0.128,0.11,0.42,0.0,0.0,031190001283
03201190000NB,16.97,17.83,0.561,0.299,0.0,0.0,0.0,0.0,031190001697
31100680005SB,0.65,1.14,0.0,0.278,0.212,0.0,0.0,0.0,31068S000065
1540009000000,0.0,0.79,0.0,0.056,0.007,0.048,0.12,0.559,150090000000
1540011030000,0.06,0.352,0.0,0.239,0.053,0.0,0.0,0.0,150110300060
5040001000000,2.16,2.29,0.13,0.0,0.0,0.0,0.0,0.0,500010000216
3140059020000,0.0,0.44,0.038,0.173,0.022,0.068,0.0,0.139,310590200000
31100680006EB,0.0,0.89,0.0,0.543,0.347,0.0,0.0,0.0,31068E000000
0330085000000,10.67,13.13,0.217,2.108,0.135,0.0,0.0,0.0,030850001067
0330085000000,34.05,34.35,0.119,0.041,0.0,0.104,0.036,0.0,030850003405
0640060760000,0.0,0.16,0.046,0.114,0.0,0.0,0.0,0.0,060607600000
38202500000NB,0.0,5.0,0.0,2.149,0.085,1.106,1.463,0.197,382500000000
38202500000NB,5.01,7.0,0.029,1.409,0.228,0.324,0.0,0.0,382500000501
0640017000000,0.0,1.577,0.042,0.431,0.537,0.195,0.372,0.0,060170000000
0640017000000,4.05,4.17,0.0,0.095,0.0,0.025,0.0,0.0,060170000405
0640017000000,4.3,4.41,0.0,0.11,0.0,0.0,0.0,0.0,060170000430
0640017000000,4.47,5.02,0.0,0.304,0.064,0.099,0.083,0.0,060170000447
2140013000000,0.0,0.4,0.031,0.369,0.0,0.0,0.0,0.0,210130000000
2071308001900,0.77,1.62,0.145,0.333,0.079,0.102,0.069,0.122,200130800077
2040114010000,0.0,1.07,0.052,0.03,0.165,0.064,0.709,0.05,201140100000
5040003020000,0.0,0.64,0.031,0.257,0.136,0.121,0.095,0.0,500030200000
5040003020000,0.64,1.25,0.0,0.334,0.069,0.056,0.151,0.0,500030200064
4140004030000,0.0,0.47,0.058,0.176,0.101,0.112,0.023,0.0,410040300000
2840016010000,0.59,0.74,0.0,0.021,0.0,0.0,0.05,0.079,280160100590
2640001000000,0.0,0.44,0.43,0.01,0.0,0.0,0.0,0.0,260010000000
2640001000000,0.49,0.6,0.0,0.11,0.0,0.0,0.0,0.0,260010000049
2640001000000,0.6,1.209,0.0,0.547,0.062,0.0,0.0,0.0,260010000060
2040060750000,0.0,0.09,0.08,0.01,0.0,0.0,0.0,0.0,200607500000
4130210000000,1.2,1.89,0.0,0.338,0.352,0.0,0.0,0.0,412100000120
4130210000000,1.89,2.79,0.089,0.364,0.298,0.149,0.0,0.0,412100000189
5040007000000,17.84,18.87,0.152,0.563,0.286,0.029,0.0,0.0,500070001784
5040007000000,19.35,19.76,0.104,0.306,0.0,0.0,0.0,0.0,500070001935
3540088020000,0.0,0.57,0.299,0.158,0.037,0.076,0.0,0.0,350880200000
2770100001900,5.61,5.81,0.004,0.138,0.023,0.0,0.035,0.0,270010000561
1040018230000,0.0,0.44,0.022,0.093,0.073,0.103,0.086,0.063,100182300000
5430892000000,2.81,4.73,0.166,0.951,0.439,0.27,0.094,0.0,540892000281
5430892000000,7.02,8.55,0.149,0.751,0.112,0.095,0.423,0.0,540892000702
5430892000000,8.55,9.9,0.0,0.908,0.282,0.16,0.0,0.0,548920000855
4140006030000,0.53,1.48,0.0,0.267,0.098,0.21,0.072,0.303,410060300050
3140057000000,1.21,1.33,0.0,0.069,0.051,0.0,0.0,0.0,310570000121
2230010000000,17.81,19.07,0.764,0.496,0.0,0.0,0.0,0.0,220100001781
2630002000300,0.0,0.43,0.04,0.22,0.066,0.104,0.0,0.0,260020000000
3540007000000,0.0,0.44,0.126,0.228,0.086,0.0,0.0,0.0,350070000000
0530027000100,0.4,0.96,0.055,0.062,0.268,0.07,0.105,0.0,05027A000040
0530027000100,0.96,3.35,0.119,0.586,0.824,0.367,0.301,0.193,05027A000096
1330063000000,6.06,7.63,0.17,0.432,0.07,0.085,0.813,0.0,130630000606
17200190000NB,18.61,20.62,0.056,0.846,0.55,0.311,0.151,0.096,170190018610
2930028000000,7.69,9.22,0.207,0.732,0.27,0.261,0.06,0.0,290280000769
2930028000000,11.868,11.93,0.0,0.0,0.062,0.0,0.0,0.0,290028011868
2930028000000,11.93,12.86,0.135,0.423,0.138,0.234,0.0,0.0,290280001193
2930028000000,12.86,13.545,0.036,0.268,0.178,0.203,0.0,0.0,290280001286
23200520000EB,0.0,0.43,0.045,0.0,0.154,0.231,0.0,0.0,230520000000
06200520000EB,0.01,0.33,0.0,0.117,0.203,0.0,0.0,0.0,060520000001
06200520000EB,0.33,0.45,0.0,0.091,0.029,0.0,0.0,0.0,060520000033
06200520000EB,0.75,1.01,0.0,0.164,0.096,0.0,0.0,0.0,060520000075
4640119300000,0.0,0.6,0.12,0.078,0.196,0.0,0.061,0.145,461193000000
4170045001900,0.0,0.26,0.121,0.113,0.009,0.003,0.0,0.014,410004500000
1940340180000,0.64,1.24,0.337,0.172,0.036,0.055,0.0,0.0,193401800064
5040060040000,1.24,2.4,0.206,0.534,0.279,0.104,0.037,0.0,500600400124
2230003000000,5.71,6.1,0.155,0.181,0.054,0.0,0.0,0.0,220030000571
5475772001900,0.44,1.25,0.103,0.547,0.16,0.0,0.0,0.0,540577200044
45100640000EB,138.01,138.38,0.0,0.37,0.0,0.0,0.0,0.0,450640013801
45100640000EB,138.38,143.2,0.904,3.238,0.273,0.405,0.0,0.0,450640013838
45100640000EB,143.2,143.75,0.0,0.55,0.0,0.0,0.0,0.0,450640014320
2540072040000,0.0,0.13,0.012,0.0,0.013,0.0,0.018,0.087,250720400000
4170006001900,0.0,0.05,0.0,0.05,0.0,0.0,0.0,0.0,410000600000
3540013000000,0.0,0.99,0.0,0.097,0.452,0.037,0.168,0.236,350130000000
3030080000000,4.6,5.6,0.267,0.591,0.11,0.032,0.0,0.0,300800000460
3030080000000,7.05,9.46,0.474,1.841,0.095,0.0,0.0,0.0,300800000705
0540028000000,0.0,0.198,0.0,0.008,0.078,0.112,0.0,0.0,050280000000
2840027000000,0.0,1.57,0.031,0.338,0.267,0.559,0.124,0.251,280270000000
2840027000000,2.12,2.59,0.055,0.338,0.029,0.021,0.027,0.0,280270000212
1040012000000,0.18,1.9,0.085,0.572,0.568,0.255,0.199,0.041,100120000180
1040012000000,1.9,3.28,0.069,0.164,0.277,0.19,0.261,0.419,100120001900
29202200000NB,12.61,13.26,0.058,0.592,0.0,0.0,0.0,0.0,292200001261
29202200000NB,13.78,13.96,0.171,0.009,0.0,0.0,0.0,0.0,292200001378
35202500005SB,0.0,0.36,0.119,0.03,0.023,0.084,0.104,0.0,35250S000000
2774501001900,0.0,0.15,0.061,0.072,0.017,0.0,0.0,0.0,270450100000
0630010000000,15.69,15.798,0.0,0.108,0.0,0.0,0.0,0.0,060100001569
0630010000000,15.82,16.27,0.0,0.283,0.167,0.0,0.0,0.0,060100001582
0630010000000,17.21,17.37,0.056,0.104,0.0,0.0,0.0,0.0,060100001721
0630010000000,17.46,18.41,0.03,0.835,0.004,0.081,0.0,0.0,060100001746
1730098000000,0.42,1.96,0.065,0.717,0.399,0.065,0.05,0.244,170980000042
2040009030000,0.97,2.86,0.407,0.646,0.331,0.175,0.241,0.09,200090300969
2040043000000,0.427,1.27,0.0,0.092,0.116,0.444,0.191,0.0,200430000427
3140081000000,7.25,8.03,0.0,0.041,0.078,0.327,0.311,0.023,310810000725
2930046000000,15.38,16.59,0.125,0.601,0.251,0.074,0.082,0.077,290460001538
2930046000000,19.82,19.94,0.0,0.028,0.023,0.0,0.069,0.0,290460001982
2040025260000,0.0,0.31,0.31,0.0,0.0,0.0,0.0,0.0,200252600000
2040025260000,0.4,0.71,0.15,0.093,0.036,0.031,0.0,0.0,200252600040
0640021000000,0.537,0.9,0.052,0.143,0.132,0.036,0.0,0.0,060021000537
0640021000000,0.9,1.51,0.076,0.198,0.191,0.073,0.072,0.0,060210000090
0640021000000,1.51,2.939,0.187,0.615,0.484,0.025,0.06,0.058,060210000151
0640021000000,2.947,2.98,0.0,0.033,0.0,0.0,0.0,0.0,060210002947
1740024270000,0.0,0.41,0.023,0.119,0.268,0.0,0.0,0.0,170242700000
5073253001900,0.0,0.13,0.024,0.061,0.0,0.026,0.0,0.019,500325300000
5073253001900,0.13,0.26,0.109,0.021,0.0,0.0,0.0,0.0,500325300130
0740004000000,0.0,0.67,0.0,0.269,0.179,0.067,0.08,0.075,070040000000
4140001000000,1.95,3.4,0.266,0.985,0.143,0.056,0.0,0.0,410010001950
4140001000000,3.4,4.14,0.18,0.56,0.0,0.0,0.0,0.0,410010003400
0630002001300,0.0,0.17,0.075,0.027,0.068,0.0,0.0,0.0,06002T000000
41100640000EB,120.1,120.5,0.0,0.0,0.4,0.0,0.0,0.0,410640012010
41100640000EB,122.62,122.71,0.0,0.09,0.0,0.0,0.0,0.0,410640012262
41100640000EB,123.18,123.3,0.0,0.0,0.12,0.0,0.0,0.0,410640012318
41100640000EB,124.9,125.65,0.0,0.75,0.0,0.0,0.0,0.0,410640012490
41100640000EB,125.65,126.6,0.0,0.95,0.0,0.0,0.0,0.0,410640012565
41100640000EB,128.91,129.49,0.195,0.119,0.266,0.0,0.0,0.0,410064012891
41100640000EB,129.49,132.0,0.723,0.708,1.079,0.0,0.0,0.0,410064012949
41100640000EB,132.0,132.53,0.081,0.28,0.072,0.097,0.0,0.0,410640013200
41100640000EB,132.84,137.48,0.018,0.129,0.353,2.58,1.56,0.0,410640013284
41100640000EB,137.48,138.01,0.0,0.482,0.048,0.0,0.0,0.0,410640013748
4640044000000,0.24,0.73,0.061,0.383,0.0,0.046,0.0,0.0,460440000240
4640044000000,0.76,1.76,0.159,0.38,0.241,0.182,0.038,0.0,460440000076
4640044000000,1.92,2.03,0.0,0.0,0.056,0.0,0.031,0.023,460440001920
1740707000000,0.0,0.57,0.0,0.249,0.201,0.116,0.004,0.0,177070000000
1740707000000,0.57,0.907,0.02,0.0,0.022,0.0,0.295,0.0,177070000057
1577270001900,0.0,0.5,0.0,0.0,0.047,0.0,0.039,0.414,150727000000
3030065000000,10.03,11.05,0.324,0.696,0.0,0.0,0.0,0.0,300650001003
41200190023EB,0.0,0.033,0.0,0.0,0.012,0.021,0.0,0.0,41019C000000
41200190023EB,0.033,0.034,0.0,0.0,0.001,0.0,0.0,0.0,41019C000003
41200190023EB,1.1,1.36,0.0,0.0,0.175,0.085,0.0,0.0,410190001100
2840016100000,0.0,0.66,0.058,0.132,0.094,0.109,0.107,0.16,280161000000
0540008000000,0.0,0.75,0.0,0.063,0.236,0.057,0.294,0.1,050080000000
54200500000EB,0.0,0.61,0.308,0.302,0.0,0.0,0.0,0.0,54200500000
54200500000EB,2.53,3.15,0.151,0.346,0.123,0.0,0.0,0.0,54200500253
54200500000EB,8.94,10.02,0.091,0.833,0.156,0.0,0.0,0.0,540500000894
1230093000000,2.36,2.98,0.0,0.397,0.145,0.078,0.0,0.0,120930000236
1230093000000,3.77,4.05,0.0,0.0,0.112,0.168,0.0,0.0,120930000377
1230093000000,9.6,9.71,0.0,0.097,0.013,0.0,0.0,0.0,120930000960
1230093000000,9.71,13.45,0.401,1.59,0.983,0.416,0.241,0.109,120930000971
1230093000000,13.45,15.85,0.035,0.624,0.822,0.566,0.353,0.0,120930001345
1230093000000,15.85,18.046,0.09,1.328,0.474,0.304,0.0,0.0,120930001585
4130016000000,8.47,9.485,0.0,0.36,0.02,0.06,0.525,0.05,410160000847
4130016000000,9.485,9.8,0.061,0.254,0.0,0.0,0.0,0.0,410160009485
4130016000000,12.0,14.12,0.459,0.545,0.802,0.314,0.0,0.0,410160001200
4130016000000,14.42,14.72,0.0,0.26,0.04,0.0,0.0,0.0,410160001442
4130016000000,14.72,15.08,0.036,0.16,0.058,0.106,0.0,0.0,410160001472
4130016000000,15.08,15.61,0.0,0.246,0.051,0.145,0.088,0.0,410160015080
4130016000000,15.65,15.81,0.0,0.07,0.049,0.041,0.0,0.0,410160001565
4130016000000,18.53,18.82,0.0,0.119,0.033,0.025,0.113,0.0,410160001853
4130016000000,18.82,18.96,0.0,0.041,0.033,0.0,0.066,0.0,410160001882
4130016000000,18.96,19.79,0.0,0.406,0.335,0.089,0.0,0.0,410160001896
3140068070000,0.25,0.75,0.0,0.182,0.196,0.025,0.073,0.024,310680700025
3140068070000,0.75,1.32,0.051,0.08,0.073,0.366,0.0,0.0,310680700075
3140068070000,1.61,2.15,0.0,0.071,0.143,0.074,0.064,0.188,310680700161
1740025060000,2.98,5.26,0.352,1.012,0.604,0.236,0.076,0.0,170250600298
32202190000NB,1.92,7.87,0.534,3.719,1.367,0.33,0.0,0.0,322190000192
32202190000NB,14.38,16.18,0.333,0.812,0.389,0.266,0.0,0.0,322190001438
32202190000NB,16.18,19.24,0.474,1.24,0.839,0.339,0.168,0.0,322190001618
32202190000NB,19.24,19.66,0.42,0.0,0.0,0.0,0.0,0.0,322190001924
32202190000NB,19.66,23.0,0.883,1.315,0.733,0.317,0.092,0.0,322190001966
32202190000NB,24.92,26.24,0.114,0.281,0.496,0.317,0.112,0.0,322190002492
32202190000NB,26.24,28.68,0.428,1.25,0.474,0.288,0.0,0.0,322190002624
1730131000000,4.33,5.47,0.045,0.363,0.178,0.158,0.177,0.219,171310000433
3130007000000,0.0,3.42,1.22,0.933,0.578,0.689,0.0,0.0,310070000000
3130007000000,4.42,4.54,0.019,0.092,0.0,0.009,0.0,0.0,310070000442
3130007000000,13.21,13.45,0.0,0.126,0.114,0.0,0.0,0.0,310070001321
3130007000000,22.54,24.0,0.111,1.065,0.238,0.001,0.045,0.0,310070002254
3130007000000,25.15,25.85,0.0,0.215,0.254,0.084,0.147,0.0,310070002515
3130007000000,25.85,26.01,0.028,0.132,0.0,0.0,0.0,0.0,310070002585
3130007000000,26.01,27.03,0.263,0.382,0.237,0.138,0.0,0.0,310070002601
3130007000000,27.03,27.265,0.088,0.046,0.101,0.0,0.0,0.0,310070002703
3130007000000,33.83,34.1,0.0,0.172,0.025,0.032,0.0,0.041,310070003383
3130007000000,34.71,35.76,0.853,0.197,0.0,0.0,0.0,0.0,310070003471
3130007000000,35.76,36.13,0.128,0.026,0.068,0.148,0.0,0.0,310070003576
3130007000000,36.13,36.55,0.04,0.38,0.0,0.0,0.0,0.0,310070003613
3130007000000,36.55,38.29,0.175,1.034,0.369,0.095,0.067,0.0,310070003655
3130007000000,38.29,38.65,0.069,0.211,0.08,0.0,0.0,0.0,310070003829
4030034000000,14.57,14.97,0.226,0.174,0.0,0.0,0.0,0.0,400340001457
4030034000000,15.27,15.39,0.045,0.019,0.056,0.0,0.0,0.0,400340001527
4030034000000,15.39,15.68,0.077,0.035,0.081,0.097,0.0,0.0,400340001539
4030034000000,15.68,17.018,0.023,1.019,0.205,0.091,0.0,0.0,400340001568
4030034000000,17.018,17.081,0.0,0.063,0.0,0.0,0.0,0.0,400340001702
4030034000000,17.081,18.41,0.157,0.892,0.28,0.0,0.0,0.0,400034017081
4030034000000,18.41,19.87,0.068,1.369,0.023,0.0,0.0,0.0,400340001841
0673289001900,1.72,2.02,0.0,0.032,0.046,0.144,0.078,0.0,060328900172
5430068000000,0.0,0.35,0.243,0.107,0.0,0.0,0.0,0.0,54300680000
5430068000000,17.19,18.29,0.47,0.63,0.0,0.0,0.0,0.0,540680001719
0640052030000,0.0,0.22,0.0,0.055,0.0,0.165,0.0,0.0,060520300000
5430047000000,0.45,0.56,0.015,0.095,0.0,0.0,0.0,0.0,540470000045
1530002000000,0.0,0.1,0.0,0.1,0.0,0.0,0.0,0.0,150020000000
1530002000000,0.1,0.28,0.0,0.18,0.0,0.0,0.0,0.0,150020000010
1530002000000,0.28,0.56,0.051,0.111,0.058,0.06,0.0,0.0,150020000028
1530002000000,1.49,2.3,0.077,0.213,0.157,0.285,0.078,0.0,150020000149
1530002000000,2.3,2.66,0.0,0.194,0.034,0.132,0.0,0.0,150020000230
1530002000000,2.66,3.03,0.0,0.0,0.047,0.323,0.0,0.0,150020000266
1530002000000,3.91,4.68,0.647,0.123,0.0,0.0,0.0,0.0,150020000391
1530002000000,4.69,6.69,1.137,0.707,0.156,0.0,0.0,0.0,150020000469
1530002000000,10.33,10.56,0.0,0.028,0.063,0.035,0.104,0.0,150020001033
1530002000000,10.8,11.14,0.271,0.0,0.036,0.033,0.0,0.0,150020001080
1530002000000,11.14,11.45,0.31,0.0,0.0,0.0,0.0,0.0,150020001114
1530002000000,12.89,13.84,0.0,0.734,0.216,0.0,0.0,0.0,150020001289
1530002000000,16.416,16.52,0.104,0.0,0.0,0.0,0.0,0.0,150020016416
1530002000000,16.52,17.44,0.897,0.023,0.0,0.0,0.0,0.0,150020001652
1530002000000,17.55,18.12,0.017,0.374,0.179,0.0,0.0,0.0,150020001755
1530002000000,19.71,20.25,0.182,0.167,0.191,0.0,0.0,0.0,150020001971
0274265001900,0.0,0.57,0.048,0.295,0.167,0.0,0.03,0.03,020426500000
2040015000000,0.0,0.1,0.0,0.019,0.039,0.0,0.042,0.0,200150000000
2030622000000,1.96,2.13,0.0,0.157,0.0,0.013,0.0,0.0,206220000196
2030622000000,2.13,2.23,0.0,0.0,0.0,0.04,0.06,0.0,206220002130
2030622000000,2.32,2.72,0.04,0.213,0.093,0.0,0.054,0.0,206220000232
2030622000000,2.72,3.79,0.078,0.63,0.255,0.107,0.0,0.0,206220000272
2030622000000,4.23,5.57,0.115,0.332,0.528,0.086,0.101,0.178,206220000423
2030622000000,13.94,16.86,0.067,1.094,0.718,0.725,0.316,0.0,206220001394
2040025250000,0.0,0.15,0.0,0.106,0.044,0.0,0.0,0.0,200252500000
2040025250000,0.15,2.17,0.086,1.166,0.514,0.217,0.0,0.037,200252500015
1130005000000,10.83,12.51,0.394,1.189,0.097,0.0,0.0,0.0,110050001083
1130005000000,14.58,14.89,0.209,0.091,0.0,0.01,0.0,0.0,110050001458
2974002001900,0.0,0.39,0.0,0.132,0.165,0.067,0.0,0.026,290400200000
38202190000NB,0.0,3.69,0.318,2.141,0.68,0.137,0.414,0.0,382190000000
38202190000NB,3.69,4.37,0.0,0.02,0.019,0.183,0.353,0.105,382190000369
38202190000NB,4.37,6.01,0.0,0.097,0.165,0.375,0.976,0.027,382190000437
38202190000NB,6.01,7.15,0.603,0.364,0.173,0.0,0.0,0.0,382190000601
38202190000NB,7.77,9.82,0.474,1.004,0.149,0.212,0.211,0.0,382190000777
38202190000NB,14.15,14.67,0.0,0.52,0.0,0.0,0.0,0.0,382190001415
38202190000NB,19.58,21.84,0.113,0.99,0.463,0.17,0.524,0.0,382190001958
38202190000NB,25.34,26.37,0.0,0.081,0.026,0.32,0.55,0.053,382190002534
38202190000NB,26.37,29.12,0.39,1.219,0.761,0.136,0.244,0.0,382190002637
38202190000NB,34.47,34.78,0.011,0.199,0.1,0.0,0.0,0.0,382190003447
38202190000NB,34.79,37.89,0.115,2.093,0.523,0.292,0.077,0.0,382190003479
0274252001900,0.0,0.64,0.049,0.537,0.0,0.054,0.0,0.0,020425200000
4030817000000,2.06,8.81,3.395,2.876,0.402,0.039,0.038,0.0,408170000206
4030817000000,8.81,10.62,1.43,0.38,0.0,0.0,0.0,0.0,408170000881
2572519001900,0.0,0.1,0.0,0.0,0.0,0.1,0.0,0.0,250251900000
2572519001900,0.1,0.26,0.0,0.04,0.0,0.055,0.065,0.0,250251900100
0640013000000,0.02,0.42,0.033,0.163,0.204,0.0,0.0,0.0,060130000002
5440030000000,0.0,0.98,0.316,0.27,0.099,0.118,0.029,0.148,540300000000
2870515001900,0.0,0.95,0.032,0.425,0.448,0.045,0.0,0.0,280051500000
0540002010000,0.0,0.13,0.003,0.094,0.033,0.0,0.0,0.0,050020100000
0540002010000,0.13,1.03,0.186,0.523,0.191,0.0,0.0,0.0,050020100013
1840021000000,0.0,0.36,0.0,0.36,0.0,0.0,0.0,0.0,180210000000
1840021000000,19.64,20.96,1.086,0.234,0.0,0.0,0.0,0.0,180210001964
1840021000000,28.32,29.88,0.32,0.733,0.413,0.094,0.0,0.0,180210002832
5040003010000,0.09,0.65,0.0,0.0,0.029,0.064,0.467,0.0,500030100009
5040003010000,0.65,0.68,0.001,0.0,0.029,0.0,0.0,0.0,500030100065
0640031060000,0.0,0.38,0.0,0.348,0.002,0.03,0.0,0.0,060310600000
0640031060000,0.38,0.41,0.0,0.03,0.0,0.0,0.0,0.0,060310600038
0640031060000,0.41,0.48,0.0,0.07,0.0,0.0,0.0,0.0,060310600041
3530088000000,0.0,1.06,0.161,0.376,0.155,0.148,0.066,0.154,350880000000
3530088000000,7.12,7.47,0.0,0.0,0.031,0.026,0.0,0.293,350880000712
3530088000000,7.77,8.5,0.0,0.03,0.02,0.317,0.346,0.017,350880000777
3530088000000,8.57,8.89,0.0,0.188,0.087,0.045,0.0,0.0,350880000857
3530088000000,8.89,10.06,0.071,0.485,0.229,0.049,0.238,0.098,350880000889
3530088000000,10.06,10.16,0.009,0.0,0.0,0.069,0.022,0.0,350880001006
50200520000EB,5.8,6.51,0.121,0.144,0.087,0.358,0.0,0.0,500520000580
50200520000EB,29.12,31.4,0.47,0.722,1.047,0.041,0.0,0.0,500520002912
5440001000000,6.32,6.67,0.247,0.103,0.0,0.0,0.0,0.0,54400010000
5440001000000,6.67,7.17,0.226,0.198,0.0,0.076,0.0,0.0,540010000667
2774502001900,0.0,0.17,0.0,0.158,0.0,0.012,0.0,0.0,270450200000
0240009270000,0.0,0.31,0.064,0.203,0.043,0.0,0.0,0.0,020092700000
1374103001900,0.0,0.31,0.005,0.04,0.044,0.119,0.049,0.053,130410300000
28200520004NB,0.0,0.22,0.005,0.102,0.019,0.05,0.044,0.0,28052N000000
1771759001900,0.0,0.19,0.0,0.023,0.042,0.0,0.067,0.058,170175900000
3140061040000,0.0,0.25,0.056,0.077,0.085,0.032,0.0,0.0,310061040000
3140061040000,0.45,0.91,0.0,0.018,0.0,0.095,0.0,0.347,310610400045
2040060020000,2.13,3.0,0.091,0.48,0.215,0.038,0.046,0.0,200600200213
20100770000NB,97.22,98.17,0.187,0.608,0.155,0.0,0.0,0.0,200770009722
20100770000NB,99.12,100.07,0.024,0.661,0.265,0.0,0.0,0.0,200770009912
20100770000NB,100.07,100.28,0.0,0.21,0.0,0.0,0.0,0.0,200770010007
20100770000NB,101.65,102.16,0.049,0.461,0.0,0.0,0.0,0.0,200770010165
20100770000NB,102.66,103.69,0.075,0.558,0.397,0.0,0.0,0.0,200770010266
20100770000NB,103.69,104.81,0.101,0.437,0.282,0.3,0.0,0.0,200770010369
20100770000NB,104.81,105.002,0.0,0.022,0.164,0.006,0.0,0.0,200770010481
20100770000NB,106.17,107.6,0.182,0.526,0.394,0.328,0.0,0.0,200770010617
20100770000NB,107.6,110.13,0.278,0.594,1.658,0.0,0.0,0.0,200770010760
20100770000NB,110.13,110.78,0.22,0.43,0.0,0.0,0.0,0.0,200770011013
20100770000NB,110.78,111.16,0.259,0.121,0.0,0.0,0.0,0.0,200770011078
20100770000NB,111.16,112.52,0.4,0.96,0.0,0.0,0.0,0.0,200770011116
20100770000NB,112.52,113.47,0.02,0.93,0.0,0.0,0.0,0.0,200770011252
20100770000NB,113.47,114.59,1.095,0.025,0.0,0.0,0.0,0.0,200770011347
20100770000NB,114.59,116.05,0.391,0.521,0.548,0.0,0.0,0.0,200770011459
20100770000NB,116.05,116.66,0.167,0.443,0.0,0.0,0.0,0.0,200770011605
20100770000NB,116.66,117.5,0.298,0.542,0.0,0.0,0.0,0.0,200770011666
55200520000EB,0.0,1.4,0.136,1.154,0.047,0.063,0.0,0.0,550520000000
55200520000EB,4.78,7.65,0.195,2.421,0.254,0.0,0.0,0.0,550520000478
55200520000EB,7.65,8.34,0.0,0.004,0.234,0.164,0.288,0.0,550520000765
2640034000000,1.15,1.61,0.171,0.267,0.022,0.0,0.0,0.0,260340000115
2640034000000,4.38,5.18,0.264,0.4,0.048,0.067,0.0,0.021,260340004380
2640034000000,5.18,5.23,0.0,0.019,0.031,0.0,0.0,0.0,260340005180
2040006010000,0.46,1.89,0.0,0.553,0.299,0.173,0.23,0.175,200060100046
4674200001900,0.0,1.05,0.334,0.716,0.0,0.0,0.0,0.0,460420000000
1730020000000,7.22,7.414,0.0,0.0,0.108,0.055,0.031,0.0,170200000722
2040016000000,4.25,5.42,0.076,0.114,0.221,0.23,0.079,0.45,200160000425
2540250320000,2.05,2.49,0.0,0.166,0.191,0.083,0.0,0.0,252503200205
11200330000EB,0.0,0.59,0.431,0.159,0.0,0.0,0.0,0.0,110330000000
11200330000EB,1.12,1.39,0.227,0.043,0.0,0.0,0.0,0.0,110330000112
11200330000EB,1.39,1.96,0.445,0.125,0.0,0.0,0.0,0.0,110330000139
11200330000EB,2.2,6.44,2.839,1.132,0.269,0.0,0.0,0.0,110330000220
11200330000EB,17.3,17.82,0.131,0.158,0.0,0.231,0.0,0.0,110330001730
11200330000EB,18.2,19.62,0.715,0.408,0.221,0.076,0.0,0.0,110330001820
11200330000EB,19.62,22.18,0.768,1.269,0.394,0.129,0.0,0.0,110330001962
11200330000EB,22.28,25.09,0.263,1.619,0.445,0.187,0.042,0.254,110330002228
11200330000EB,25.09,26.73,0.02,0.817,0.062,0.267,0.474,0.0,110330002509
1540003060000,2.171,2.32,0.0,0.0,0.0,0.021,0.081,0.047,150030602171
49200330000EB,0.0,0.64,0.076,0.294,0.182,0.088,0.0,0.0,490330000000
49200330000EB,1.22,2.51,1.019,0.271,0.0,0.0,0.0,0.0,490330000122
49200330000EB,2.51,4.0,1.49,0.0,0.0,0.0,0.0,0.0,490330000251
49200330000EB,4.0,4.35,0.179,0.084,0.087,0.0,0.0,0.0,490330000400
49200330000EB,5.37,7.192,0.378,1.065,0.132,0.247,0.0,0.0,490330000537
49200330000EB,8.31,10.87,0.46,0.775,0.363,0.962,0.0,0.0,490330000831
4140041210000,0.0,1.63,0.18,0.572,0.428,0.141,0.172,0.137,410412100000
5475791001900,0.0,0.37,0.0,0.146,0.084,0.061,0.0,0.079,540579100000
3174786001900,0.04,0.15,0.0,0.0,0.0,0.016,0.031,0.063,310478600004
0940011000000,11.45,12.55,0.373,0.361,0.264,0.102,0.0,0.0,090110001145
0673287001900,0.0,0.28,0.049,0.0,0.003,0.091,0.044,0.093,060328700000
0673287001900,1.03,1.14,0.052,0.054,0.0,0.0,0.004,0.0,060328700103
5440016000000,0.0,0.5,0.179,0.321,0.0,0.0,0.0,0.0,540160000000
5440016000000,0.5,0.9,0.004,0.168,0.228,0.0,0.0,0.0,540160000050
5440016000000,0.9,1.12,0.028,0.192,0.0,0.0,0.0,0.0,540160000090
5440016000000,1.21,1.47,0.0,0.093,0.039,0.128,0.0,0.0,54400160000
3174770001900,0.0,0.4,0.155,0.186,0.003,0.016,0.002,0.038,310477000000
3174770001900,0.4,0.44,0.0,0.0,0.0,0.002,0.0,0.038,317700000040
20100770016NB,67.21,74.17,3.579,3.326,0.055,0.0,0.0,0.0,200770006721
20100770016NB,74.36,75.0,0.0,0.0,0.042,0.598,0.0,0.0,200770007436
20100770016NB,77.51,77.83,0.054,0.112,0.085,0.069,0.0,0.0,200770007751
20100770016NB,83.45,84.42,0.189,0.256,0.525,0.0,0.0,0.0,200770008345
20100770016NB,84.42,84.94,0.074,0.383,0.063,0.0,0.0,0.0,200770008442
20100770016NB,84.94,86.68,0.549,1.191,0.0,0.0,0.0,0.0,200770008494
20100770016NB,86.68,88.52,0.6,1.24,0.0,0.0,0.0,0.0,200770008668
20100770016NB,88.52,89.18,0.218,0.442,0.0,0.0,0.0,0.0,200770008852
20100770016NB,89.18,89.5,0.0,0.32,0.0,0.0,0.0,0.0,200770008918
20100770016NB,89.5,93.31,2.319,1.168,0.323,0.0,0.0,0.0,200770008950
20100770016NB,93.31,93.93,0.45,0.17,0.0,0.0,0.0,0.0,200770009331
20100770016NB,93.93,94.43,0.074,0.426,0.0,0.0,0.0,0.0,200770009393
20100770016NB,94.43,94.69,0.0,0.26,0.0,0.0,0.0,0.0,200770009443
20100770016NB,94.69,94.96,0.092,0.178,0.0,0.0,0.0,0.0,200770009469
20100770016NB,94.96,95.34,0.042,0.338,0.0,0.0,0.0,0.0,200770009496
0240009130000,0.4,1.92,0.241,0.528,0.253,0.271,0.049,0.178,020091300040
3174784001900,0.0,0.41,0.024,0.075,0.111,0.108,0.06,0.032,310478400000
3174784001900,0.41,0.58,0.018,0.0,0.068,0.022,0.062,0.0,310478400041
5475763001900,0.0,0.9,0.026,0.443,0.192,0.0,0.08,0.159,540576300000
2540250500000,0.0,0.39,0.0,0.094,0.068,0.117,0.0,0.111,252505000000
35100700000EB,0.08,0.49,0.0,0.302,0.108,0.0,0.0,0.0,350700000008
35100700000EB,0.49,0.85,0.046,0.182,0.132,0.0,0.0,0.0,350700000049
35100700000EB,0.85,1.23,0.359,0.021,0.0,0.0,0.0,0.0,350700000085
35100700000EB,1.44,1.92,0.054,0.138,0.288,0.0,0.0,0.0,350700000144
35100700000EB,1.92,2.19,0.175,0.095,0.0,0.0,0.0,0.0,350700000192
35100700000EB,4.7,5.37,0.0,0.67,0.0,0.0,0.0,0.0,350700000470
35100700000EB,5.37,5.93,0.0,0.145,0.415,0.0,0.0,0.0,350700000537
35100700000EB,5.93,6.9,0.082,0.888,0.0,0.0,0.0,0.0,350700000593
35100700000EB,6.9,8.07,0.034,1.01,0.066,0.06,0.0,0.0,350700000690
35100700000EB,10.75,11.06,0.042,0.268,0.0,0.0,0.0,0.0,350700001075
35100700000EB,11.06,11.761,0.082,0.482,0.137,0.0,0.0,0.0,350700001106
35100700000EB,11.761,14.45,0.196,1.82,0.673,0.0,0.0,0.0,350070011761
4940151000000,0.0,0.24,0.219,0.021,0.0,0.0,0.0,0.0,491510000000
4940151000000,0.34,0.64,0.273,0.027,0.0,0.0,0.0,0.0,491510000034
4940151000000,1.13,1.6,0.0,0.188,0.106,0.176,0.0,0.0,491510000113
2330010000000,10.58,10.76,0.0,0.18,0.0,0.0,0.0,0.0,230001001058
2330010000000,12.79,12.95,0.0,0.16,0.0,0.0,0.0,0.0,230100001279
2330010000000,15.633,15.742,0.0,0.0,0.109,0.0,0.0,0.0,230100015633
2330010000000,17.892,17.911,0.0,0.0,0.0,0.0,0.0,0.019,230100017892
2330010000000,19.952,20.39,0.0,0.159,0.0,0.0,0.279,0.0,230100019952
2330010000000,26.308,27.71,0.189,0.774,0.33,0.109,0.0,0.0,230100002714
2330017000000,1.394,2.174,0.216,0.564,0.0,0.0,0.0,0.0,230170000032
1771760001900,0.0,0.23,0.0,0.175,0.0,0.0,0.055,0.0,170176000000
3540017000000,0.27,0.95,0.0,0.0,0.0,0.0,0.51,0.17,350170000027
0140030000000,6.14,6.83,0.058,0.144,0.084,0.161,0.076,0.167,010300000614
2140015000000,2.36,4.01,0.295,0.92,0.332,0.103,0.0,0.0,210150000236
0640060090000,0.0,0.35,0.0,0.243,0.086,0.021,0.0,0.0,060600900000
5475767001900,0.0,0.24,0.006,0.17,0.0,0.064,0.0,0.0,540576700000
5475767001900,0.88,1.08,0.042,0.158,0.0,0.0,0.0,0.0,540576700088
5475767001900,1.25,1.46,0.09,0.12,0.0,0.0,0.0,0.0,540576700125
10200190000NB,0.0,1.02,0.0,0.0,0.017,1.003,0.0,0.0,100190000000
10200190000NB,2.85,3.82,0.445,0.317,0.193,0.015,0.0,0.0,100190000285
10200190000NB,3.89,6.16,0.046,0.86,1.009,0.355,0.0,0.0,100190000389
10200190000NB,6.16,6.66,0.0,0.168,0.096,0.236,0.0,0.0,100190000616
10200190000NB,6.66,8.23,0.166,1.046,0.232,0.126,0.0,0.0,100190000666
10200190000NB,14.64,15.627,0.312,0.675,0.0,0.0,0.0,0.0,100190001464
1930009000000,0.0,1.45,0.27,0.901,0.279,0.0,0.0,0.0,190090000000
1930009000000,1.45,3.94,1.139,1.074,0.277,0.0,0.0,0.0,190090000145
1930009000000,4.97,6.35,0.447,0.933,0.0,0.0,0.0,0.0,190090000497
1930009000000,10.91,11.418,0.508,0.0,0.0,0.0,0.0,0.0,190090001091
1930009000000,14.435,14.96,0.0,0.056,0.027,0.0,0.442,0.0,190090014435
1771758001900,0.0,0.47,0.267,0.156,0.03,0.017,0.0,0.0,170175800000
1771758001900,0.47,0.69,0.0,0.095,0.104,0.021,0.0,0.0,170175800047
3540003000000,0.0,1.17,0.154,0.173,0.41,0.215,0.218,0.0,350030000000
4272253001900,0.0,0.16,0.096,0.037,0.0,0.0,0.027,0.0,420225300000
4272253001900,0.16,0.25,0.022,0.0,0.066,0.0,0.002,0.0,420225300016
0240010010000,0.0,0.69,0.211,0.099,0.262,0.069,0.049,0.0,020100100000
4240025000000,1.36,1.73,0.0,0.363,0.0,0.007,0.0,0.0,420250000136
4240025000000,1.73,2.55,0.044,0.364,0.206,0.175,0.031,0.0,420250001730
30200520000EB,9.95,11.65,0.927,0.717,0.049,0.0,0.007,0.0,300520000995
30200520000EB,20.68,20.78,0.0,0.074,0.026,0.0,0.0,0.0,300520002068
30200520000EB,20.78,20.91,0.0,0.129,0.001,0.0,0.0,0.0,300520002078
30200520000EB,21.06,21.95,0.099,0.382,0.022,0.121,0.266,0.0,300520002106
30200520000EB,21.97,22.28,0.056,0.148,0.026,0.03,0.05,0.0,300052002197
30200520000EB,26.08,26.53,0.0,0.012,0.029,0.023,0.386,0.0,300520002608
30200520000EB,43.29,44.74,0.0,1.216,0.234,0.0,0.0,0.0,300520004329
5475759001900,0.0,0.48,0.139,0.219,0.0,0.0,0.056,0.066,540575900000
2540073730000,2.11,2.33,0.019,0.0,0.026,0.119,0.056,0.0,250737300211
2540073730000,2.62,2.673,0.0,0.053,0.0,0.0,0.0,0.0,250737300262
2540073730000,2.673,3.34,0.0,0.377,0.131,0.159,0.0,0.0,250737302673
04200190000NB,26.57,27.64,0.0,0.56,0.063,0.074,0.373,0.0,040190002657
4170014001900,0.12,0.29,0.0,0.0,0.064,0.0,0.0,0.106,410001400120
1040008000000,1.3,2.0,0.097,0.177,0.226,0.159,0.041,0.0,100080000130
1040008000000,2.47,2.82,0.081,0.082,0.08,0.107,0.0,0.0,100080000247
1040008000000,3.28,6.25,0.168,0.854,0.932,0.589,0.298,0.129,100080000380
41200190014NB,0.0,2.7,0.081,1.819,0.708,0.092,0.0,0.0,41019BP00000
4140003180000,2.77,3.51,0.076,0.265,0.324,0.0,0.075,0.0,410031802770
2340210250000,8.09,8.78,0.69,0.0,0.0,0.0,0.0,0.0,230100001677
2340210250000,8.78,9.08,0.3,0.0,0.0,0.0,0.0,0.0,230100001746
2340210250000,9.08,9.53,0.298,0.152,0.0,0.0,0.0,0.0,230100001776
2340210250000,10.07,10.72,0.177,0.343,0.043,0.087,0.0,0.0,230100001876
4272254001900,0.0,0.3,0.268,0.032,0.0,0.0,0.0,0.0,420225400000
4330053000000,0.0,1.4,0.085,0.841,0.165,0.221,0.032,0.056,430530000000
0230045000000,14.39,14.52,0.056,0.039,0.035,0.0,0.0,0.0,020450001439
0230045000000,14.52,14.85,0.101,0.123,0.106,0.0,0.0,0.0,020450001452
0230045000000,14.85,15.31,0.049,0.352,0.059,0.0,0.0,0.0,020450001485
0230045000000,17.53,18.23,0.221,0.166,0.22,0.065,0.0,0.028,020450001753
0230045000000,19.08,19.61,0.037,0.134,0.147,0.0,0.212,0.0,020450001908
3140072000000,3.772,3.78,0.0,0.0,0.0,0.0,0.008,0.0,310720003772
5275501001900,0.07,0.22,0.127,0.023,0.0,0.0,0.0,0.0,520550100007
5275501001900,0.93,1.07,0.14,0.0,0.0,0.0,0.0,0.0,520550100093
5530097000000,21.56,22.26,0.45,0.179,0.071,0.0,0.0,0.0,550970002156
5530097000000,22.83,23.2,0.045,0.325,0.0,0.0,0.0,0.0,550970002283
5530097000000,28.09,32.88,0.468,1.55,0.914,0.493,1.206,0.159,550970002809
0230009000000,0.35,2.2,0.154,0.771,0.477,0.173,0.275,0.0,020090000035
0230009000000,4.81,6.17,0.234,0.344,0.696,0.086,0.0,0.0,020090000481
0230009000000,6.17,6.27,0.0,0.013,0.056,0.031,0.0,0.0,020090000617
0230009000000,6.381,6.47,0.0,0.014,0.03,0.0,0.045,0.0,020090006381
0230009000000,6.47,7.58,0.3,0.195,0.495,0.056,0.064,0.0,020090000647
0230009000000,7.584,9.95,0.322,0.703,0.801,0.387,0.153,0.0,020090007584
0230009000000,10.12,10.37,0.113,0.037,0.1,0.0,0.0,0.0,020090001012
0230009000000,10.532,10.893,0.0,0.105,0.256,0.0,0.0,0.0,020090001052
0230009000000,10.893,11.243,0.043,0.13,0.177,0.0,0.0,0.0,020090001084
0230009000000,14.0,14.2,0.0,0.052,0.0,0.148,0.0,0.0,020090001400
0230009000000,14.55,14.9,0.054,0.173,0.065,0.058,0.0,0.0,020090001455
0230009000000,15.57,15.79,0.0,0.083,0.075,0.062,0.0,0.0,020090001557
0230009000000,15.79,16.09,0.05,0.25,0.0,0.0,0.0,0.0,020090001579
0230009000000,17.07,17.48,0.155,0.057,0.055,0.143,0.0,0.0,020090001707
0230009000000,18.18,20.16,0.927,0.832,0.221,0.0,0.0,0.0,020090001818
3140060000000,0.0,0.85,0.145,0.371,0.28,0.046,0.008,0.0,310600000000
3140060000000,0.85,1.75,0.066,0.436,0.21,0.127,0.061,0.0,310600000085
2730062000000,19.72,20.33,0.532,0.078,0.0,0.0,0.0,0.0,270620001972
2730062000000,20.33,20.53,0.2,0.0,0.0,0.0,0.0,0.0,270620002033
2730062000000,20.55,21.94,0.82,0.57,0.0,0.0,0.0,0.0,270620002055
1730020002300,0.0,0.13,0.036,0.035,0.059,0.0,0.0,0.0,17020C000000
0140030070000,0.0,0.92,0.165,0.129,0.065,0.136,0.126,0.299,010300700000
0140030070000,0.92,2.0,0.123,0.427,0.229,0.159,0.121,0.021,010300700092
0640001000000,2.1,2.224,0.0,0.071,0.0,0.032,0.021,0.0,060001000021
0640001000000,2.477,2.619,0.0,0.051,0.021,0.019,0.047,0.004,060001002477
1040021200000,0.0,0.98,0.216,0.671,0.093,0.0,0.0,0.0,100212000000
1740024000000,4.78,5.67,0.066,0.404,0.149,0.227,0.044,0.0,170240004780
2040028000000,4.95,5.91,0.0,0.085,0.143,0.0,0.045,0.687,200280000495
2040028000000,5.91,7.37,0.381,0.555,0.386,0.061,0.027,0.05,200280000591
0540007000000,1.29,2.449,0.153,0.486,0.272,0.088,0.122,0.038,050070000129
3730016000000,7.41,8.23,0.002,0.0,0.035,0.0,0.033,0.75,370160000741
2840024000000,0.0,0.3,0.049,0.104,0.024,0.046,0.053,0.024,280240000000
2840024000000,0.3,2.789,0.174,0.905,0.697,0.481,0.022,0.21,280240000300
5275518001900,0.0,0.13,0.06,0.0,0.07,0.0,0.0,0.0,520551800000
2540250550000,0.045,0.29,0.0,0.0,0.0,0.161,0.084,0.0,252505500045
5440004000000,0.57,0.93,0.261,0.045,0.054,0.0,0.0,0.0,540040000059
0240011190000,0.0,0.31,0.085,0.168,0.057,0.0,0.0,0.0,020111900000
4940005090000,0.0,0.28,0.0,0.03,0.037,0.034,0.025,0.154,490050900000
46201190000NB,6.05,6.54,0.0,0.49,0.0,0.0,0.0,0.0,461190000605
46201190000NB,8.59,9.32,0.0,0.149,0.25,0.078,0.224,0.029,461190000859
5530016000000,1.73,3.33,0.0,1.133,0.467,0.0,0.0,0.0,550160000173
5530016000000,6.42,8.95,0.0,1.454,0.328,0.456,0.292,0.0,550160000642
5530016000000,10.99,11.4,0.225,0.185,0.0,0.0,0.0,0.0,550160001099
1040014020000,0.2,0.35,0.0,0.069,0.0,0.072,0.009,0.0,100140200020
0140011000000,3.05,3.78,0.028,0.326,0.29,0.086,0.0,0.0,010110000307
11100790000NB,83.15,83.55,0.073,0.268,0.059,0.0,0.0,0.0,110790008315
2675256001900,0.42,0.59,0.0,0.0,0.155,0.0,0.005,0.01,260525600042
17100790000NB,106.42,107.57,0.0,1.15,0.0,0.0,0.0,0.0,170790010642
17100790000NB,107.57,107.94,0.005,0.06,0.14,0.165,0.0,0.0,170790010757
17100790000NB,107.94,109.77,0.094,1.038,0.343,0.355,0.0,0.0,170790010794
17100790000NB,109.77,110.29,0.055,0.148,0.202,0.115,0.0,0.0,170790010977
17100790000NB,110.29,111.13,0.0,0.226,0.614,0.0,0.0,0.0,170790011029
17100790000NB,111.13,111.91,0.051,0.351,0.378,0.0,0.0,0.0,170790011113
17100790000NB,111.91,114.132,0.065,1.228,0.689,0.24,0.0,0.0,170790011191
17100790000NB,114.132,114.9,0.15,0.586,0.032,0.0,0.0,0.0,170790011413
17100790000NB,114.9,115.33,0.102,0.328,0.0,0.0,0.0,0.0,170790011490
17100790000NB,115.33,117.17,0.043,0.736,1.061,0.0,0.0,0.0,170790011533
17100790000NB,117.17,117.74,0.0,0.014,0.556,0.0,0.0,0.0,170790011717
17100790000NB,118.5,118.7,0.089,0.067,0.044,0.0,0.0,0.0,170790011850
17100790000NB,122.43,122.9,0.0,0.47,0.0,0.0,0.0,0.0,170790012243
17100790000NB,122.9,123.988,0.063,0.497,0.528,0.0,0.0,0.0,170790012290
17100790000NB,125.38,125.8,0.0,0.223,0.197,0.0,0.0,0.0,170790012538
17100790000NB,125.8,129.217,0.395,1.0,1.693,0.329,0.0,0.0,170790012580
2040073000000,0.0,1.18,0.686,0.333,0.103,0.0,0.058,0.0,200730000000
4140025000000,3.7,5.9,0.13,0.737,0.429,0.175,0.155,0.574,410250003700
0830004000000,15.75,19.01,1.463,1.7,0.097,0.0,0.0,0.0,080040001575
0830004000000,21.98,22.98,0.683,0.317,0.0,0.0,0.0,0.0,080040002198
2877019001900,0.0,0.13,0.0,0.021,0.032,0.015,0.033,0.029,280701900000
2877019001900,0.13,0.38,0.0,0.084,0.0,0.166,0.0,0.0,280701900130
42202500000NB,9.71,12.45,0.0,1.877,0.568,0.295,0.0,0.0,422500000971
2540072020000,0.0,0.5,0.096,0.083,0.026,0.097,0.085,0.113,250720200000
2540072020000,0.5,0.72,0.066,0.077,0.039,0.038,0.0,0.0,250720200050
2540072020000,0.72,1.17,0.043,0.046,0.093,0.112,0.052,0.104,250720200072
2540072020000,1.17,1.71,0.0,0.095,0.072,0.16,0.105,0.108,250720200117
2540072020000,1.76,1.93,0.0,0.029,0.0,0.11,0.031,0.0,250720200176
3540018010000,0.0,0.06,0.0,0.06,0.0,0.0,0.0,0.0,350180100000
0274266001900,0.0,0.44,0.137,0.294,0.009,0.0,0.0,0.0,020426600000
1940029000000,0.0,1.26,0.058,0.623,0.234,0.14,0.102,0.103,190290000000
1940029000000,1.26,2.19,0.072,0.26,0.137,0.183,0.02,0.258,190290000126
47300320005SB,0.04,0.19,0.131,0.013,0.006,0.0,0.0,0.0,47032S000004
0540018000000,0.0,0.55,0.002,0.0,0.066,0.067,0.021,0.394,050180000000
0230051000000,1.87,2.841,0.353,0.313,0.1,0.15,0.055,0.0,020510001870
0230051000000,2.841,4.13,0.231,0.56,0.251,0.156,0.091,0.0,020510002841
0230051000000,4.54,4.58,0.0,0.04,0.0,0.0,0.0,0.0,020510004540
0230051000000,4.58,4.62,0.0,0.04,0.0,0.0,0.0,0.0,020510004580
0230051000000,4.62,5.18,0.0,0.396,0.164,0.0,0.0,0.0,020510000462
0230051000000,5.4,8.591,0.642,1.372,1.071,0.106,0.0,0.0,020510000540
3578281001900,0.21,0.34,0.0,0.06,0.0,0.07,0.0,0.0,350828100021
5440014160000,0.18,0.86,0.045,0.186,0.242,0.207,0.0,0.0,540141600019
5440014160000,0.86,1.23,0.022,0.018,0.229,0.101,0.0,0.0,540141600086
5440014160000,2.89,3.83,0.133,0.599,0.059,0.149,0.0,0.0,540141600289
4170016001900,0.72,0.9,0.089,0.068,0.0,0.0,0.023,0.0,410001600072
14200500000EB,7.48,7.98,0.121,0.0,0.197,0.0,0.182,0.0,140500000748
14200500000EB,8.26,8.44,0.0,0.141,0.039,0.0,0.0,0.0,140500000826
14200500000EB,8.56,8.92,0.052,0.2,0.108,0.0,0.0,0.0,140500000856
14200500000EB,13.37,14.67,0.469,0.506,0.325,0.0,0.0,0.0,140500001337
14200500000EB,15.88,16.97,0.0,0.0,0.76,0.33,0.0,0.0,140500001588
14200500000EB,29.25,30.33,0.145,0.029,0.067,0.157,0.682,0.0,140500002925
2330080000000,0.86,1.57,0.408,0.302,0.0,0.0,0.0,0.0,230800000086
1540013000000,0.0,0.2,0.0,0.2,0.0,0.0,0.0,0.0,150130000000
1540013000000,0.2,0.5,0.113,0.187,0.0,0.0,0.0,0.0,150130000020
4330016000000,1.45,3.62,0.442,1.668,0.034,0.026,0.0,0.0,430160000145
4330016000000,19.02,21.98,0.508,0.896,0.433,0.426,0.438,0.259,430160001902
0140006000000,0.11,3.13,0.542,0.911,0.76,0.444,0.357,0.006,010060000011
2030025000000,2.46,2.68,0.015,0.205,0.0,0.0,0.0,0.0,200250000246
2030025000000,3.89,5.11,0.818,0.402,0.0,0.0,0.0,0.0,200250000389
2030025000000,9.42,10.42,0.404,0.596,0.0,0.0,0.0,0.0,200250000942
4130061000000,2.604,3.29,0.018,0.503,0.104,0.061,0.0,0.0,410610002604
5475780001900,0.0,0.12,0.0,0.12,0.0,0.0,0.0,0.0,540578000000
2940220010000,0.11,1.09,0.09,0.193,0.16,0.2,0.087,0.25,292200100110
20201190000NB,14.22,16.28,0.118,0.533,1.016,0.393,0.0,0.0,201190014220
20201190000NB,17.16,17.161,0.001,0.0,0.0,0.0,0.0,0.0,201190017160
20201190000NB,17.615,17.64,0.025,0.0,0.0,0.0,0.0,0.0,201190017615
2940046040000,4.532,4.93,0.0,0.041,0.084,0.037,0.088,0.148,290460404532
3540040010000,0.85,1.08,0.0,0.0,0.0,0.0,0.0,0.23,350400100085
