RouteID|BMP|EMP|ValueDate|Comments|StateID|BeginDate|ValueNumeric|ValueText|DataItem
0940003000000|4.14|5.77|1933||54|01/01/2025|||YEAR_LAST_CONSTRUCTION
0940011000000|11.45|12.55|1933||54|01/01/2025|||YEAR_LAST_CONSTRUCTION
09200500000EB|8.26|8.8|1921||54|01/01/2025|||YEAR_LAST_CONSTRUCTION
09200500000EB|8.8|9.75|1921||54|01/01/2025|||YEAR_LAST_CONSTRUCTION
09200500000EB|9.75|11.01|1921||54|01/01/2025|||YEAR_LAST_CONSTRUCTION
09200500000EB|11.43|12.1|1921||54|01/01/2025|||YEAR_LAST_CONSTRUCTION
09200500000EB|12.1|12.96|1921||54|01/01/2025|||YEAR_LAST_CONSTRUCTION
09200500000EB|17.75|18.87|1921||54|01/01/2025|||YEAR_LAST_CONSTRUCTION
1730020000000|7.22|7.414|1933||54|01/01/2025|||YEAR_LAST_CONSTRUCTION
1730058000000|2.43|2.82|1957||54|01/01/2025|||YEAR_LAST_CONSTRUCTION
1730098000000|0.42|1.96|1977||54|01/01/2025|||YEAR_LAST_CONSTRUCTION
1730131000000|4.33|5.47|1995||54|01/01/2025|||YEAR_LAST_CONSTRUCTION
1740009000000|0.05|0.52|1933||54|01/01/2025|||YEAR_LAST_CONSTRUCTION
1740012000000|0.14|0.9|1933||54|01/01/2025|||YEAR_LAST_CONSTRUCTION
1740019020000|0.23|0.65|1933||54|01/01/2025|||YEAR_LAST_CONSTRUCTION
1740019290000|0.0|0.57|1933||54|01/01/2025|||YEAR_LAST_CONSTRUCTION
1740020750000|0.46|0.93|1979||54|01/01/2025|||YEAR_LAST_CONSTRUCTION
1740020750000|1.26|1.48|1979||54|01/01/2025|||YEAR_LAST_CONSTRUCTION
1740023090000|6.77|7.36|1969||54|01/01/2025|||YEAR_LAST_CONSTRUCTION
1740023090000|7.77|8.94|1969||54|01/01/2025|||YEAR_LAST_CONSTRUCTION
1740024020000|0.0|0.75|1933||54|01/01/2025|||YEAR_LAST_CONSTRUCTION
1740024020000|0.75|0.87|1933||54|01/01/2025|||YEAR_LAST_CONSTRUCTION
1740024020000|0.87|1.09|1933||54|01/01/2025|||YEAR_LAST_CONSTRUCTION
1740024020000|1.86|2.95|1933||54|01/01/2025|||YEAR_LAST_CONSTRUCTION
1740024060000|0.29|0.6|1933||54|01/01/2025|||YEAR_LAST_CONSTRUCTION
1740024270000|0.0|0.41|1990||54|01/01/2025|||YEAR_LAST_CONSTRUCTION
1740025000000|12.11|12.26|1933||54|01/01/2025|||YEAR_LAST_CONSTRUCTION
1740025000000|12.26|12.62|1933||54|01/01/2025|||YEAR_LAST_CONSTRUCTION
1740025060000|2.98|5.26|1933||54|01/01/2025|||YEAR_LAST_CONSTRUCTION
1740025120000|0.27|0.64|1933||54|01/01/2025|||YEAR_LAST_CONSTRUCTION
1740031000000|0.5|1.45|1933||54|01/01/2025|||YEAR_LAST_CONSTRUCTION
1740050180000|0.1|0.19|1933||54|01/01/2025|||YEAR_LAST_CONSTRUCTION
1740050340000|0.0|0.69|1973||54|01/01/2025|||YEAR_LAST_CONSTRUCTION
1740050400000|0.0|0.67|1983||54|01/01/2025|||YEAR_LAST_CONSTRUCTION
1740050760000|0.0|0.31|2004||54|01/01/2025|||YEAR_LAST_CONSTRUCTION
1740050760000|0.31|1.34|2004||54|01/01/2025|||YEAR_LAST_CONSTRUCTION
1740058010000|0.0|0.17|1981||54|01/01/2025|||YEAR_LAST_CONSTRUCTION
1740707000000|0.0|0.57|1996||54|01/01/2025|||YEAR_LAST_CONSTRUCTION
1740707000000|0.816|0.91|1996||54|01/01/2025|||YEAR_LAST_CONSTRUCTION
1771754001900|0.18|0.47|2014||54|01/01/2025|||YEAR_LAST_CONSTRUCTION
1771754001900|0.47|0.57|2014||54|01/01/2025|||YEAR_LAST_CONSTRUCTION
17100790000NB|106.42|107.57|1964||54|01/01/2025|||YEAR_LAST_CONSTRUCTION
17100790000NB|107.57|107.94|1964||54|01/01/2025|||YEAR_LAST_CONSTRUCTION
17100790000NB|107.94|109.77|1964||54|01/01/2025|||YEAR_LAST_CONSTRUCTION
17100790000NB|109.77|110.29|1964||54|01/01/2025|||YEAR_LAST_CONSTRUCTION
17100790000NB|110.29|111.13|1964||54|01/01/2025|||YEAR_LAST_CONSTRUCTION
17100790000NB|111.13|111.91|1964||54|01/01/2025|||YEAR_LAST_CONSTRUCTION
17100790000NB|111.91|114.132|1964||54|01/01/2025|||YEAR_LAST_CONSTRUCTION
17100790000NB|114.132|114.9|1964||54|01/01/2025|||YEAR_LAST_CONSTRUCTION
17100790000NB|114.9|115.33|1964||54|01/01/2025|||YEAR_LAST_CONSTRUCTION
17100790000NB|115.33|115.8|1964||54|01/01/2025|||YEAR_LAST_CONSTRUCTION
17100790000NB|115.8|115.9|1964||54|01/01/2025|||YEAR_LAST_CONSTRUCTION
17100790000NB|115.9|117.17|1964||54|01/01/2025|||YEAR_LAST_CONSTRUCTION
17100790000NB|117.8|118.5|1964||54|01/01/2025|||YEAR_LAST_CONSTRUCTION
17100790000NB|118.5|118.7|1964||54|01/01/2025|||YEAR_LAST_CONSTRUCTION
17100790000NB|120.962|121.32|1964||54|01/01/2025|||YEAR_LAST_CONSTRUCTION
17100790000NB|122.43|122.9|1964||54|01/01/2025|||YEAR_LAST_CONSTRUCTION
17100790000NB|123.94|123.988|1964||54|01/01/2025|||YEAR_LAST_CONSTRUCTION
17100790000NB|123.988|124.2|1964||54|01/01/2025|||YEAR_LAST_CONSTRUCTION
17100790000NB|124.2|124.7|1964||54|01/01/2025|||YEAR_LAST_CONSTRUCTION
17100790000NB|124.7|125.38|1964||54|01/01/2025|||YEAR_LAST_CONSTRUCTION
17100790000NB|125.38|125.8|1964||54|01/01/2025|||YEAR_LAST_CONSTRUCTION
17100790000NB|125.8|126.666|1964||54|01/01/2025|||YEAR_LAST_CONSTRUCTION
17200190000NB|18.61|20.62|1933||54|01/01/2025|||YEAR_LAST_CONSTRUCTION
17200500000EB|0.0|0.1|1933||54|01/01/2025|||YEAR_LAST_CONSTRUCTION
17200500000EB|0.1|0.2|1933||54|01/01/2025|||YEAR_LAST_CONSTRUCTION
17200500000EB|0.2|0.3|1933||54|01/01/2025|||YEAR_LAST_CONSTRUCTION
17200500000EB|0.3|0.4|1933||54|01/01/2025|||YEAR_LAST_CONSTRUCTION
17200500000EB|0.4|0.5|1933||54|01/01/2025|||YEAR_LAST_CONSTRUCTION
17200500000EB|0.5|0.6|1933||54|01/01/2025|||YEAR_LAST_CONSTRUCTION
17200500000EB|0.6|0.7|1933||54|01/01/2025|||YEAR_LAST_CONSTRUCTION
17200500000EB|0.7|0.8|1933||54|01/01/2025|||YEAR_LAST_CONSTRUCTION
17200500000EB|0.8|0.9|1933||54|01/01/2025|||YEAR_LAST_CONSTRUCTION
17200500000EB|0.9|1.0|1933||54|01/01/2025|||YEAR_LAST_CONSTRUCTION
17200500000EB|1.0|1.1|1933||54|01/01/2025|||YEAR_LAST_CONSTRUCTION
17200500000EB|1.1|1.2|1933||54|01/01/2025|||YEAR_LAST_CONSTRUCTION
17200500000EB|1.2|1.3|1933||54|01/01/2025|||YEAR_LAST_CONSTRUCTION
17200500000EB|1.3|1.4|1933||54|01/01/2025|||YEAR_LAST_CONSTRUCTION
17200500000EB|1.4|1.5|1933||54|01/01/2025|||YEAR_LAST_CONSTRUCTION
17200500000EB|1.5|1.53|1933||54|01/01/2025|||YEAR_LAST_CONSTRUCTION
17200500000EB|1.53|1.6|1933||54|01/01/2025|||YEAR_LAST_CONSTRUCTION
17200500000EB|1.6|1.7|1933||54|01/01/2025|||YEAR_LAST_CONSTRUCTION
17200500000EB|1.7|1.8|1933||54|01/01/2025|||YEAR_LAST_CONSTRUCTION
17200500000EB|1.8|1.9|1933||54|01/01/2025|||YEAR_LAST_CONSTRUCTION
17200500000EB|1.9|2.0|1933||54|01/01/2025|||YEAR_LAST_CONSTRUCTION
17200500000EB|2.0|2.1|1933||54|01/01/2025|||YEAR_LAST_CONSTRUCTION
17200500000EB|2.1|2.2|1933||54|01/01/2025|||YEAR_LAST_CONSTRUCTION
17200500000EB|2.2|2.3|1933||54|01/01/2025|||YEAR_LAST_CONSTRUCTION
17200500000EB|2.3|2.4|1933||54|01/01/2025|||YEAR_LAST_CONSTRUCTION
17200500000EB|2.4|2.5|1933||54|01/01/2025|||YEAR_LAST_CONSTRUCTION
17200500000EB|2.5|2.6|1933||54|01/01/2025|||YEAR_LAST_CONSTRUCTION
17200500000EB|2.6|2.7|1933||54|01/01/2025|||YEAR_LAST_CONSTRUCTION
17200500000EB|2.7|2.8|1933||54|01/01/2025|||YEAR_LAST_CONSTRUCTION
17200500000EB|2.8|2.9|1933||54|01/01/2025|||YEAR_LAST_CONSTRUCTION
17200500000EB|2.9|3.0|1933||54|01/01/2025|||YEAR_LAST_CONSTRUCTION
17200500000EB|3.0|3.1|1933||54|01/01/2025|||YEAR_LAST_CONSTRUCTION
17200500000EB|3.1|3.2|1933||54|01/01/2025|||YEAR_LAST_CONSTRUCTION
17200500000EB|3.2|3.3|1933||54|01/01/2025|||YEAR_LAST_CONSTRUCTION
17200500000EB|3.3|3.37|1933||54|01/01/2025|||YEAR_LAST_CONSTRUCTION
17200500000EB|3.42|3.5|1933||54|01/01/2025|||YEAR_LAST_CONSTRUCTION
17200500000EB|3.5|3.6|1933||54|01/01/2025|||YEAR_LAST_CONSTRUCTION
17200500000EB|3.6|3.7|1933||54|01/01/2025|||YEAR_LAST_CONSTRUCTION
17200500000EB|3.7|3.8|1933||54|01/01/2025|||YEAR_LAST_CONSTRUCTION
17200500000EB|6.11|6.2|1933||54|01/01/2025|||YEAR_LAST_CONSTRUCTION
17200500000EB|6.2|6.3|1933||54|01/01/2025|||YEAR_LAST_CONSTRUCTION
17200500000EB|6.3|6.4|1933||54|01/01/2025|||YEAR_LAST_CONSTRUCTION
17200500000EB|6.4|6.5|1933||54|01/01/2025|||YEAR_LAST_CONSTRUCTION
17200500000EB|6.5|6.6|1933||54|01/01/2025|||YEAR_LAST_CONSTRUCTION
17200500000EB|6.6|6.7|1933||54|01/01/2025|||YEAR_LAST_CONSTRUCTION
17200500000EB|6.7|6.8|1933||54|01/01/2025|||YEAR_LAST_CONSTRUCTION
17200500000EB|6.8|6.9|1933||54|01/01/2025|||YEAR_LAST_CONSTRUCTION
17200500000EB|6.9|7.0|1933||54|01/01/2025|||YEAR_LAST_CONSTRUCTION
17200500000EB|7.0|7.1|1933||54|01/01/2025|||YEAR_LAST_CONSTRUCTION
17200500000EB|7.1|7.16|1933||54|01/01/2025|||YEAR_LAST_CONSTRUCTION
17200500000EB|11.38|11.4|1933||54|01/01/2025|||YEAR_LAST_CONSTRUCTION
17200500000EB|11.4|11.5|1933||54|01/01/2025|||YEAR_LAST_CONSTRUCTION
17200500000EB|11.5|11.6|1933||54|01/01/2025|||YEAR_LAST_CONSTRUCTION
17200500000EB|11.6|11.7|1933||54|01/01/2025|||YEAR_LAST_CONSTRUCTION
17200500000EB|11.7|11.8|1933||54|01/01/2025|||YEAR_LAST_CONSTRUCTION
17200500000EB|11.8|11.9|1933||54|01/01/2025|||YEAR_LAST_CONSTRUCTION
17200500000EB|11.9|12.0|1933||54|01/01/2025|||YEAR_LAST_CONSTRUCTION
17200500000EB|12.0|12.1|1933||54|01/01/2025|||YEAR_LAST_CONSTRUCTION
17200500000EB|12.1|12.2|1933||54|01/01/2025|||YEAR_LAST_CONSTRUCTION
17200500000EB|12.2|12.29|1933||54|01/01/2025|||YEAR_LAST_CONSTRUCTION
17200500000EB|12.29|12.3|1933||54|01/01/2025|||YEAR_LAST_CONSTRUCTION
17200500000EB|12.3|12.4|1933||54|01/01/2025|||YEAR_LAST_CONSTRUCTION
17200500000EB|12.4|12.5|1933||54|01/01/2025|||YEAR_LAST_CONSTRUCTION
17200500000EB|12.5|12.6|1933||54|01/01/2025|||YEAR_LAST_CONSTRUCTION
17200500000EB|12.6|12.7|1933||54|01/01/2025|||YEAR_LAST_CONSTRUCTION
17200500000EB|12.7|12.8|1933||54|01/01/2025|||YEAR_LAST_CONSTRUCTION
17200500000EB|12.8|12.88|1933||54|01/01/2025|||YEAR_LAST_CONSTRUCTION
17200500000EB|13.25|13.3|1933||54|01/01/2025|||YEAR_LAST_CONSTRUCTION
17200500000EB|13.3|13.4|1933||54|01/01/2025|||YEAR_LAST_CONSTRUCTION
17200500000EB|13.4|13.5|1933||54|01/01/2025|||YEAR_LAST_CONSTRUCTION
17200500000EB|13.5|13.56|1933||54|01/01/2025|||YEAR_LAST_CONSTRUCTION
17200500000EB|13.56|13.6|1933||54|01/01/2025|||YEAR_LAST_CONSTRUCTION
17200500000EB|13.6|13.7|1933||54|01/01/2025|||YEAR_LAST_CONSTRUCTION
17200500000EB|13.7|13.78|1933||54|01/01/2025|||YEAR_LAST_CONSTRUCTION
17200500000EB|13.78|13.8|1933||54|01/01/2025|||YEAR_LAST_CONSTRUCTION
17200500000EB|13.8|13.9|1933||54|01/01/2025|||YEAR_LAST_CONSTRUCTION
17200500000EB|13.9|14.0|1933||54|01/01/2025|||YEAR_LAST_CONSTRUCTION
17200500000EB|14.0|14.03|1933||54|01/01/2025|||YEAR_LAST_CONSTRUCTION
17200500000EB|14.03|14.2|1933||54|01/01/2025|||YEAR_LAST_CONSTRUCTION
17200500000EB|14.2|14.25|1933||54|01/01/2025|||YEAR_LAST_CONSTRUCTION
17200500000EB|14.25|14.324|1933||54|01/01/2025|||YEAR_LAST_CONSTRUCTION
17200500000EB|14.324|14.6|1933||54|01/01/2025|||YEAR_LAST_CONSTRUCTION
17200500000EB|14.6|14.64|1933||54|01/01/2025|||YEAR_LAST_CONSTRUCTION
17200500000EB|14.96|15.3|1933||54|01/01/2025|||YEAR_LAST_CONSTRUCTION
17200500000EB|15.3|15.31|1933||54|01/01/2025|||YEAR_LAST_CONSTRUCTION
17200500000EB|15.31|15.46|1933||54|01/01/2025|||YEAR_LAST_CONSTRUCTION
17200500000EB|15.465|15.57|1933||54|01/01/2025|||YEAR_LAST_CONSTRUCTION
17200500000EB|15.68|15.7|1933||54|01/01/2025|||YEAR_LAST_CONSTRUCTION
17200500000EB|15.7|16.24|1933||54|01/01/2025|||YEAR_LAST_CONSTRUCTION
17200500000EB|17.7|17.79|1933||54|01/01/2025|||YEAR_LAST_CONSTRUCTION
17200500000EB|17.79|18.0|1933||54|01/01/2025|||YEAR_LAST_CONSTRUCTION
17200500000EB|18.0|18.1|1933||54|01/01/2025|||YEAR_LAST_CONSTRUCTION
17200500000EB|18.1|18.2|1933||54|01/01/2025|||YEAR_LAST_CONSTRUCTION
17200500000EB|18.32|18.45|1933||54|01/01/2025|||YEAR_LAST_CONSTRUCTION
17200500000EB|18.45|18.52|1933||54|01/01/2025|||YEAR_LAST_CONSTRUCTION
17200500000EB|18.52|18.8|1933||54|01/01/2025|||YEAR_LAST_CONSTRUCTION
17200500000EB|18.85|19.21|1933||54|01/01/2025|||YEAR_LAST_CONSTRUCTION
21100790000NB|100.4|100.5|1974||54|01/01/2025|||YEAR_LAST_CONSTRUCTION
21100790000NB|100.5|100.6|1974||54|01/01/2025|||YEAR_LAST_CONSTRUCTION
21100790000NB|100.6|100.7|1974||54|01/01/2025|||YEAR_LAST_CONSTRUCTION
21100790000NB|100.7|100.8|1974||54|01/01/2025|||YEAR_LAST_CONSTRUCTION
21100790000NB|100.8|100.9|1974||54|01/01/2025|||YEAR_LAST_CONSTRUCTION
21100790000NB|100.9|101.0|1974||54|01/01/2025|||YEAR_LAST_CONSTRUCTION
21100790000NB|101.0|101.1|1974||54|01/01/2025|||YEAR_LAST_CONSTRUCTION
21100790000NB|101.1|101.2|1974||54|01/01/2025|||YEAR_LAST_CONSTRUCTION
21100790000NB|101.2|101.3|1974||54|01/01/2025|||YEAR_LAST_CONSTRUCTION
21100790000NB|101.3|101.4|1974||54|01/01/2025|||YEAR_LAST_CONSTRUCTION
21100790000NB|101.4|101.5|1974||54|01/01/2025|||YEAR_LAST_CONSTRUCTION
21100790000NB|101.5|101.6|1974||54|01/01/2025|||YEAR_LAST_CONSTRUCTION
21100790000NB|101.6|101.7|1974||54|01/01/2025|||YEAR_LAST_CONSTRUCTION
21100790000NB|101.7|101.8|1974||54|01/01/2025|||YEAR_LAST_CONSTRUCTION
21100790000NB|101.8|101.9|1974||54|01/01/2025|||YEAR_LAST_CONSTRUCTION
21100790000NB|101.9|102.0|1974||54|01/01/2025|||YEAR_LAST_CONSTRUCTION
21100790000NB|102.0|102.1|1974||54|01/01/2025|||YEAR_LAST_CONSTRUCTION
21100790000NB|102.1|102.2|1974||54|01/01/2025|||YEAR_LAST_CONSTRUCTION
21100790000NB|102.2|102.3|1974||54|01/01/2025|||YEAR_LAST_CONSTRUCTION
21100790000NB|102.3|102.4|1974||54|01/01/2025|||YEAR_LAST_CONSTRUCTION
21100790000NB|102.4|102.5|1974||54|01/01/2025|||YEAR_LAST_CONSTRUCTION
21100790000NB|102.5|102.6|1974||54|01/01/2025|||YEAR_LAST_CONSTRUCTION
21100790000NB|102.6|102.7|1974||54|01/01/2025|||YEAR_LAST_CONSTRUCTION
21100790000NB|102.7|102.8|1974||54|01/01/2025|||YEAR_LAST_CONSTRUCTION
21100790000NB|102.8|102.9|1974||54|01/01/2025|||YEAR_LAST_CONSTRUCTION
21100790000NB|102.9|103.0|1974||54|01/01/2025|||YEAR_LAST_CONSTRUCTION
21100790000NB|103.0|103.1|1974||54|01/01/2025|||YEAR_LAST_CONSTRUCTION
21100790000NB|103.1|103.2|1974||54|01/01/2025|||YEAR_LAST_CONSTRUCTION
21100790000NB|103.2|103.3|1974||54|01/01/2025|||YEAR_LAST_CONSTRUCTION
21100790000NB|103.3|103.4|1974||54|01/01/2025|||YEAR_LAST_CONSTRUCTION
21100790000NB|103.4|103.5|1974||54|01/01/2025|||YEAR_LAST_CONSTRUCTION
21100790000NB|103.5|103.6|1974||54|01/01/2025|||YEAR_LAST_CONSTRUCTION
21100790000NB|103.6|103.7|1974||54|01/01/2025|||YEAR_LAST_CONSTRUCTION
21100790000NB|103.7|103.8|1974||54|01/01/2025|||YEAR_LAST_CONSTRUCTION
21100790000NB|103.8|103.9|1974||54|01/01/2025|||YEAR_LAST_CONSTRUCTION
21100790000NB|103.9|104.0|1974||54|01/01/2025|||YEAR_LAST_CONSTRUCTION
21100790000NB|104.0|104.1|1974||54|01/01/2025|||YEAR_LAST_CONSTRUCTION
21100790000NB|104.1|104.2|1974||54|01/01/2025|||YEAR_LAST_CONSTRUCTION
21100790000NB|104.2|104.3|1974||54|01/01/2025|||YEAR_LAST_CONSTRUCTION
21100790000NB|104.3|104.4|1974||54|01/01/2025|||YEAR_LAST_CONSTRUCTION
21100790000NB|104.4|104.5|1974||54|01/01/2025|||YEAR_LAST_CONSTRUCTION
21100790000NB|104.5|104.6|1974||54|01/01/2025|||YEAR_LAST_CONSTRUCTION
21100790000NB|104.6|104.7|1974||54|01/01/2025|||YEAR_LAST_CONSTRUCTION
21100790000NB|104.7|104.8|1974||54|01/01/2025|||YEAR_LAST_CONSTRUCTION
21100790000NB|104.8|104.9|1974||54|01/01/2025|||YEAR_LAST_CONSTRUCTION
21100790000NB|104.9|105.0|1974||54|01/01/2025|||YEAR_LAST_CONSTRUCTION
21100790000NB|105.0|105.1|1974||54|01/01/2025|||YEAR_LAST_CONSTRUCTION
21100790000NB|105.1|105.2|1974||54|01/01/2025|||YEAR_LAST_CONSTRUCTION
21100790000NB|105.2|105.3|1974||54|01/01/2025|||YEAR_LAST_CONSTRUCTION
21100790000NB|105.3|105.4|1974||54|01/01/2025|||YEAR_LAST_CONSTRUCTION
21100790000NB|105.4|105.5|1974||54|01/01/2025|||YEAR_LAST_CONSTRUCTION
21100790000NB|105.5|105.6|1974||54|01/01/2025|||YEAR_LAST_CONSTRUCTION
21100790000NB|105.6|105.7|1974||54|01/01/2025|||YEAR_LAST_CONSTRUCTION
21100790000NB|105.7|105.8|1974||54|01/01/2025|||YEAR_LAST_CONSTRUCTION
21100790000NB|105.8|105.9|1974||54|01/01/2025|||YEAR_LAST_CONSTRUCTION
21100790000NB|105.9|106.0|1974||54|01/01/2025|||YEAR_LAST_CONSTRUCTION
21100790000NB|106.0|106.1|1974||54|01/01/2025|||YEAR_LAST_CONSTRUCTION
21100790000NB|106.1|106.2|1974||54|01/01/2025|||YEAR_LAST_CONSTRUCTION
21100790000NB|106.2|106.3|1974||54|01/01/2025|||YEAR_LAST_CONSTRUCTION
21100790000NB|106.3|106.4|1974||54|01/01/2025|||YEAR_LAST_CONSTRUCTION
2530310000000|7.16|7.808|1946||54|01/01/2025|||YEAR_LAST_CONSTRUCTION
2530310000000|8.35|8.45|1946||54|01/01/2025|||YEAR_LAST_CONSTRUCTION
2530310000000|9.67|10.1|1946||54|01/01/2025|||YEAR_LAST_CONSTRUCTION
2530310000000|10.1|10.22|1946||54|01/01/2025|||YEAR_LAST_CONSTRUCTION
2540019310000|0.4|0.89|1945||54|01/01/2025|||YEAR_LAST_CONSTRUCTION
2540060000000|2.11|2.61|1933||54|01/01/2025|||YEAR_LAST_CONSTRUCTION
2540060000000|4.38|4.86|1933||54|01/01/2025|||YEAR_LAST_CONSTRUCTION
2540064010000|0.78|0.82|1964||54|01/01/2025|||YEAR_LAST_CONSTRUCTION
2540064020000|0.0|0.24|1933||54|01/01/2025|||YEAR_LAST_CONSTRUCTION
2540072000000|1.02|1.79|1933||54|01/01/2025|||YEAR_LAST_CONSTRUCTION
2540072000000|2.07|2.67|1933||54|01/01/2025|||YEAR_LAST_CONSTRUCTION
2540072020000|0.0|0.5|1933||54|01/01/2025|||YEAR_LAST_CONSTRUCTION
2540072020000|0.72|1.17|1933||54|01/01/2025|||YEAR_LAST_CONSTRUCTION
2540072020000|1.17|1.71|1933||54|01/01/2025|||YEAR_LAST_CONSTRUCTION
2540072020000|1.76|1.93|1933||54|01/01/2025|||YEAR_LAST_CONSTRUCTION
2540073730000|2.11|2.33|1977||54|01/01/2025|||YEAR_LAST_CONSTRUCTION
2540073730000|2.62|2.673|1977||54|01/01/2025|||YEAR_LAST_CONSTRUCTION
2540073730000|2.673|3.34|1977||54|01/01/2025|||YEAR_LAST_CONSTRUCTION
2540250180000|0.0|0.08|1933||54|01/01/2025|||YEAR_LAST_CONSTRUCTION
2540250310000|0.0|0.55|1933||54|01/01/2025|||YEAR_LAST_CONSTRUCTION
2540250320000|2.05|2.49|1933||54|01/01/2025|||YEAR_LAST_CONSTRUCTION
25100790000NB|129.22|129.52|1971||54|01/01/2025|||YEAR_LAST_CONSTRUCTION
25100790000NB|129.52|129.8|1971||54|01/01/2025|||YEAR_LAST_CONSTRUCTION
25100790000NB|129.8|129.9|1971||54|01/01/2025|||YEAR_LAST_CONSTRUCTION
25100790000NB|129.9|130.19|1971||54|01/01/2025|||YEAR_LAST_CONSTRUCTION
25100790000NB|130.19|130.48|1971||54|01/01/2025|||YEAR_LAST_CONSTRUCTION
25100790000NB|130.78|132.8|1971||54|01/01/2025|||YEAR_LAST_CONSTRUCTION
25100790000NB|132.8|133.0|1971||54|01/01/2025|||YEAR_LAST_CONSTRUCTION
25100790000NB|133.0|133.37|1971||54|01/01/2025|||YEAR_LAST_CONSTRUCTION
25100790000NB|133.37|134.97|1971||54|01/01/2025|||YEAR_LAST_CONSTRUCTION
25100790000NB|135.1|135.66|1971||54|01/01/2025|||YEAR_LAST_CONSTRUCTION
25100790000NB|135.66|136.3|1971||54|01/01/2025|||YEAR_LAST_CONSTRUCTION
25100790000NB|136.64|136.8|1971||54|01/01/2025|||YEAR_LAST_CONSTRUCTION
25100790000NB|136.8|137.874|1971||54|01/01/2025|||YEAR_LAST_CONSTRUCTION
25100790000NB|139.1|139.82|1971||54|01/01/2025|||YEAR_LAST_CONSTRUCTION
25100790000NB|139.82|140.352|1971||54|01/01/2025|||YEAR_LAST_CONSTRUCTION
25200190000NB|7.16|7.97|1921||54|01/01/2025|||YEAR_LAST_CONSTRUCTION
25200190000NB|7.97|8.47|1921||54|01/01/2025|||YEAR_LAST_CONSTRUCTION
25200190000NB|13.87|13.93|1921||54|01/01/2025|||YEAR_LAST_CONSTRUCTION
25200190000NB|13.93|13.96|1921||54|01/01/2025|||YEAR_LAST_CONSTRUCTION
25200190000NB|13.96|14.35|1921||54|01/01/2025|||YEAR_LAST_CONSTRUCTION
25202500000NB|2.87|3.0|1921||54|01/01/2025|||YEAR_LAST_CONSTRUCTION
25202500000NB|3.785|4.16|1921||54|01/01/2025|||YEAR_LAST_CONSTRUCTION
3130007000000|0.0|3.42|1921||54|01/01/2025|||YEAR_LAST_CONSTRUCTION
3130007000000|4.42|4.54|1921||54|01/01/2025|||YEAR_LAST_CONSTRUCTION
3130007000000|13.21|13.45|1921||54|01/01/2025|||YEAR_LAST_CONSTRUCTION
3130007000000|22.54|24.0|1921||54|01/01/2025|||YEAR_LAST_CONSTRUCTION
3130007000000|25.15|25.85|1921||54|01/01/2025|||YEAR_LAST_CONSTRUCTION
3130007000000|25.85|26.01|1921||54|01/01/2025|||YEAR_LAST_CONSTRUCTION
3130007000000|26.01|27.03|1921||54|01/01/2025|||YEAR_LAST_CONSTRUCTION
3130007000000|27.03|27.265|1921||54|01/01/2025|||YEAR_LAST_CONSTRUCTION
3130007000000|33.83|34.1|1921||54|01/01/2025|||YEAR_LAST_CONSTRUCTION
3130007000000|34.71|35.76|1921||54|01/01/2025|||YEAR_LAST_CONSTRUCTION
3130007000000|35.76|36.13|1921||54|01/01/2025|||YEAR_LAST_CONSTRUCTION
3130007000000|36.13|36.55|1921||54|01/01/2025|||YEAR_LAST_CONSTRUCTION
3130007000000|36.55|38.29|1921||54|01/01/2025|||YEAR_LAST_CONSTRUCTION
3130007000000|38.29|38.65|1921||54|01/01/2025|||YEAR_LAST_CONSTRUCTION
3130043000000|0.0|2.583|2012||54|01/01/2025|||YEAR_LAST_CONSTRUCTION
3130043000000|2.583|2.65|2012||54|01/01/2025|||YEAR_LAST_CONSTRUCTION
3130043000000|2.65|3.582|2012||54|01/01/2025|||YEAR_LAST_CONSTRUCTION
3130043000000|3.582|4.03|2012||54|01/01/2025|||YEAR_LAST_CONSTRUCTION
3130100000000|0.0|0.97|1957||54|01/01/2025|||YEAR_LAST_CONSTRUCTION
3130100000000|0.97|1.34|1957||54|01/01/2025|||YEAR_LAST_CONSTRUCTION
3130100000000|1.34|1.64|1957||54|01/01/2025|||YEAR_LAST_CONSTRUCTION
3130100000000|2.54|2.9|1957||54|01/01/2025|||YEAR_LAST_CONSTRUCTION
3130705000000|0.0|0.51|1973||54|01/01/2025|||YEAR_LAST_CONSTRUCTION
3130705000000|0.68|0.7|1973||54|01/01/2025|||YEAR_LAST_CONSTRUCTION
3130705000000|0.7|1.23|1973||54|01/01/2025|||YEAR_LAST_CONSTRUCTION
3130705000000|1.23|1.63|1973||54|01/01/2025|||YEAR_LAST_CONSTRUCTION
3130705000000|1.63|1.64|1973||54|01/01/2025|||YEAR_LAST_CONSTRUCTION
3130705000000|1.64|1.81|1973||54|01/01/2025|||YEAR_LAST_CONSTRUCTION
3130705000000|1.81|2.68|1973||54|01/01/2025|||YEAR_LAST_CONSTRUCTION
3140007210000|0.0|1.11|1933||54|01/01/2025|||YEAR_LAST_CONSTRUCTION
3140019080000|0.0|0.23|1933||54|01/01/2025|||YEAR_LAST_CONSTRUCTION
3140019190000|0.47|1.29|1952||54|01/01/2025|||YEAR_LAST_CONSTRUCTION
3140019190000|1.29|1.7|1952||54|01/01/2025|||YEAR_LAST_CONSTRUCTION
3140019220000|0.12|0.68|1972||54|01/01/2025|||YEAR_LAST_CONSTRUCTION
3140019220000|0.68|1.07|1972||54|01/01/2025|||YEAR_LAST_CONSTRUCTION
3140019240000|2.77|3.0|1973||54|01/01/2025|||YEAR_LAST_CONSTRUCTION
3140019240000|3.0|3.08|1973||54|01/01/2025|||YEAR_LAST_CONSTRUCTION
3140049000000|0.66|1.25|1933||54|01/01/2025|||YEAR_LAST_CONSTRUCTION
3140055000000|0.0|0.45|1933||54|01/01/2025|||YEAR_LAST_CONSTRUCTION
3140055070000|0.0|0.26|2000||54|01/01/2025|||YEAR_LAST_CONSTRUCTION
3140057000000|1.21|1.3|1933||54|01/01/2025|||YEAR_LAST_CONSTRUCTION
3140057000000|1.3|1.33|1933||54|01/01/2025|||YEAR_LAST_CONSTRUCTION
3140059000000|0.0|0.33|1933||54|01/01/2025|||YEAR_LAST_CONSTRUCTION
3140059000000|0.33|0.85|1933||54|01/01/2025|||YEAR_LAST_CONSTRUCTION
3140059020000|0.0|0.1|1933||54|01/01/2025|||YEAR_LAST_CONSTRUCTION
3140059020000|0.1|0.2|1933||54|01/01/2025|||YEAR_LAST_CONSTRUCTION
3140059020000|0.2|0.44|1933||54|01/01/2025|||YEAR_LAST_CONSTRUCTION
3140060000000|0.0|0.85|1933||54|01/01/2025|||YEAR_LAST_CONSTRUCTION
3140060000000|0.85|1.75|1933||54|01/01/2025|||YEAR_LAST_CONSTRUCTION
3140060020000|0.0|0.1|1933||54|01/01/2025|||YEAR_LAST_CONSTRUCTION
3140060020000|0.1|0.126|1933||54|01/01/2025|||YEAR_LAST_CONSTRUCTION
3140060020000|0.126|0.2|1933||54|01/01/2025|||YEAR_LAST_CONSTRUCTION
3140060020000|0.2|0.26|1933||54|01/01/2025|||YEAR_LAST_CONSTRUCTION
3140061000000|0.0|0.94|1933||54|01/01/2025|||YEAR_LAST_CONSTRUCTION
3140061010000|0.0|0.37|1933||54|01/01/2025|||YEAR_LAST_CONSTRUCTION
3140061010000|0.41|0.52|1933||54|01/01/2025|||YEAR_LAST_CONSTRUCTION
3140061040000|0.0|0.25|1933||54|01/01/2025|||YEAR_LAST_CONSTRUCTION
3140061040000|0.45|0.91|1933||54|01/01/2025|||YEAR_LAST_CONSTRUCTION
3140064000000|0.0|0.38|1933||54|01/01/2025|||YEAR_LAST_CONSTRUCTION
3140064030000|0.0|0.29|1980||54|01/01/2025|||YEAR_LAST_CONSTRUCTION
3140067000000|6.22|7.97|1933||54|01/01/2025|||YEAR_LAST_CONSTRUCTION
3140067000000|7.97|8.36|1933||54|01/01/2025|||YEAR_LAST_CONSTRUCTION
3140067000000|8.36|8.55|1933||54|01/01/2025|||YEAR_LAST_CONSTRUCTION
3140067010000|0.0|0.1|1933||54|01/01/2025|||YEAR_LAST_CONSTRUCTION
3140067010000|0.1|0.2|1933||54|01/01/2025|||YEAR_LAST_CONSTRUCTION
3140067010000|0.2|0.3|1933||54|01/01/2025|||YEAR_LAST_CONSTRUCTION
3140067010000|0.3|0.4|1933||54|01/01/2025|||YEAR_LAST_CONSTRUCTION
3140067010000|0.4|0.5|1933||54|01/01/2025|||YEAR_LAST_CONSTRUCTION
3140067010000|0.5|0.6|1933||54|01/01/2025|||YEAR_LAST_CONSTRUCTION
3140067010000|0.6|0.65|1933||54|01/01/2025|||YEAR_LAST_CONSTRUCTION
3140068070000|0.25|0.75|1991||54|01/01/2025|||YEAR_LAST_CONSTRUCTION
3140068070000|0.75|1.32|1991||54|01/01/2025|||YEAR_LAST_CONSTRUCTION
3140068070000|1.61|2.15|1991||54|01/01/2025|||YEAR_LAST_CONSTRUCTION
3140069050000|0.0|1.77|1933||54|01/01/2025|||YEAR_LAST_CONSTRUCTION
3140069050000|1.77|2.02|1933||54|01/01/2025|||YEAR_LAST_CONSTRUCTION
3140069060000|0.0|0.32|1933||54|01/01/2025|||YEAR_LAST_CONSTRUCTION
3140070000000|1.329|1.47|1933||54|01/01/2025|||YEAR_LAST_CONSTRUCTION
3140073730000|0.0|0.58|1977||54|01/01/2025|||YEAR_LAST_CONSTRUCTION
3140081000000|7.25|8.03|1933||54|01/01/2025|||YEAR_LAST_CONSTRUCTION
3140082000000|0.0|1.88|1933||54|01/01/2025|||YEAR_LAST_CONSTRUCTION
3140100010000|0.0|0.501|1988||54|01/01/2025|||YEAR_LAST_CONSTRUCTION
3140857000000|0.5|0.6|1975||54|01/01/2025|||YEAR_LAST_CONSTRUCTION
3140857000000|0.6|0.7|1975||54|01/01/2025|||YEAR_LAST_CONSTRUCTION
3140857000000|0.7|0.8|1975||54|01/01/2025|||YEAR_LAST_CONSTRUCTION
3140857000000|0.8|0.9|1975||54|01/01/2025|||YEAR_LAST_CONSTRUCTION
3140857000000|0.9|1.0|1975||54|01/01/2025|||YEAR_LAST_CONSTRUCTION
3140857000000|1.0|1.1|1975||54|01/01/2025|||YEAR_LAST_CONSTRUCTION
3140857000000|1.1|1.2|1975||54|01/01/2025|||YEAR_LAST_CONSTRUCTION
3140857000000|1.2|1.3|1975||54|01/01/2025|||YEAR_LAST_CONSTRUCTION
3140857000000|1.3|1.4|1975||54|01/01/2025|||YEAR_LAST_CONSTRUCTION
3140857000000|1.4|1.41|1975||54|01/01/2025|||YEAR_LAST_CONSTRUCTION
3140857000000|5.11|5.2|1975||54|01/01/2025|||YEAR_LAST_CONSTRUCTION
3140857000000|5.2|5.3|1975||54|01/01/2025|||YEAR_LAST_CONSTRUCTION
3140857000000|5.3|5.4|1975||54|01/01/2025|||YEAR_LAST_CONSTRUCTION
3140857000000|5.4|5.5|1975||54|01/01/2025|||YEAR_LAST_CONSTRUCTION
3140857000000|5.5|5.59|1975||54|01/01/2025|||YEAR_LAST_CONSTRUCTION
3140857000000|10.85|10.9|1975||54|01/01/2025|||YEAR_LAST_CONSTRUCTION
3140857000000|10.9|11.0|1975||54|01/01/2025|||YEAR_LAST_CONSTRUCTION
3140857000000|11.0|11.1|1975||54|01/01/2025|||YEAR_LAST_CONSTRUCTION
3140857000000|11.1|11.2|1975||54|01/01/2025|||YEAR_LAST_CONSTRUCTION
3140857000000|11.2|11.3|1975||54|01/01/2025|||YEAR_LAST_CONSTRUCTION
3140857000000|11.3|11.35|1975||54|01/01/2025|||YEAR_LAST_CONSTRUCTION
3140857010000|0.0|0.19|1974||54|01/01/2025|||YEAR_LAST_CONSTRUCTION
31100680000EB|4.13|4.56|1970||54|01/01/2025|||YEAR_LAST_CONSTRUCTION
31100680000EB|4.56|4.96|1970||54|01/01/2025|||YEAR_LAST_CONSTRUCTION
31100680000EB|4.96|5.79|1970||54|01/01/2025|||YEAR_LAST_CONSTRUCTION
31100680000EB|5.79|6.18|1970||54|01/01/2025|||YEAR_LAST_CONSTRUCTION
31100680000EB|6.18|6.77|1970||54|01/01/2025|||YEAR_LAST_CONSTRUCTION
31100680000EB|6.77|7.2|1970||54|01/01/2025|||YEAR_LAST_CONSTRUCTION
31100680000EB|7.2|7.54|1970||54|01/01/2025|||YEAR_LAST_CONSTRUCTION
31100680000EB|7.54|8.89|1970||54|01/01/2025|||YEAR_LAST_CONSTRUCTION
31100680000EB|8.89|9.4|1970||54|01/01/2025|||YEAR_LAST_CONSTRUCTION
31100680000EB|10.08|10.28|1970||54|01/01/2025|||YEAR_LAST_CONSTRUCTION
31100680000EB|10.28|10.32|1970||54|01/01/2025|||YEAR_LAST_CONSTRUCTION
31100680000EB|10.32|10.79|1970||54|01/01/2025|||YEAR_LAST_CONSTRUCTION
31100680004NB|0.0|0.84|1971||54|01/01/2025|||YEAR_LAST_CONSTRUCTION
31100680005SB|0.0|0.604|1971||54|01/01/2025|||YEAR_LAST_CONSTRUCTION
31100680005SB|0.65|1.14|1971||54|01/01/2025|||YEAR_LAST_CONSTRUCTION
31100790000NB|142.37|142.4|1966||54|01/01/2025|||YEAR_LAST_CONSTRUCTION
31100790000NB|142.4|143.81|1966||54|01/01/2025|||YEAR_LAST_CONSTRUCTION
31100790000NB|143.81|144.95|1966||54|01/01/2025|||YEAR_LAST_CONSTRUCTION
31100790000NB|144.95|145.2|1966||54|01/01/2025|||YEAR_LAST_CONSTRUCTION
31100790000NB|145.2|145.65|1966||54|01/01/2025|||YEAR_LAST_CONSTRUCTION
31100790000NB|145.65|147.85|1966||54|01/01/2025|||YEAR_LAST_CONSTRUCTION
31100790000NB|147.85|148.022|1966||54|01/01/2025|||YEAR_LAST_CONSTRUCTION
31100790000NB|149.38|149.68|1966||54|01/01/2025|||YEAR_LAST_CONSTRUCTION
31100790000NB|150.74|151.07|1966||54|01/01/2025|||YEAR_LAST_CONSTRUCTION
31100790000NB|151.07|151.1|1966||54|01/01/2025|||YEAR_LAST_CONSTRUCTION
31100790000NB|152.32|152.5|1966||54|01/01/2025|||YEAR_LAST_CONSTRUCTION
31100790000NB|152.5|152.501|1966||54|01/01/2025|||YEAR_LAST_CONSTRUCTION
31100790000NB|152.501|152.53|1966||54|01/01/2025|||YEAR_LAST_CONSTRUCTION
31100790000NB|152.53|152.62|1966||54|01/01/2025|||YEAR_LAST_CONSTRUCTION
31100790000NB|152.62|152.92|1966||54|01/01/2025|||YEAR_LAST_CONSTRUCTION
31100790000NB|157.0|160.5|1966||54|01/01/2025|||YEAR_LAST_CONSTRUCTION
31100790000NB|160.5|160.52|1966||54|01/01/2025|||YEAR_LAST_CONSTRUCTION
31200190000NB|8.29|8.806|1921||54|01/01/2025|||YEAR_LAST_CONSTRUCTION
31200190000NB|8.99|9.16|1921||54|01/01/2025|||YEAR_LAST_CONSTRUCTION
31200190000NB|9.54|9.94|1921||54|01/01/2025|||YEAR_LAST_CONSTRUCTION
31200190000NB|10.59|11.08|1921||54|01/01/2025|||YEAR_LAST_CONSTRUCTION
31200190000NB|13.74|14.19|1921||54|01/01/2025|||YEAR_LAST_CONSTRUCTION
31200190000NB|14.19|14.25|1921||54|01/01/2025|||YEAR_LAST_CONSTRUCTION
31200190000NB|14.25|14.3|1921||54|01/01/2025|||YEAR_LAST_CONSTRUCTION
31200190000NB|14.3|14.35|1921||54|01/01/2025|||YEAR_LAST_CONSTRUCTION
31200190000NB|14.44|14.5|1921||54|01/01/2025|||YEAR_LAST_CONSTRUCTION
31200190000NB|14.5|14.8|1921||54|01/01/2025|||YEAR_LAST_CONSTRUCTION
31200190000NB|14.8|14.98|1921||54|01/01/2025|||YEAR_LAST_CONSTRUCTION
31200190000NB|15.62|16.49|1921||54|01/01/2025|||YEAR_LAST_CONSTRUCTION
31200190000NB|16.49|17.021|1921||54|01/01/2025|||YEAR_LAST_CONSTRUCTION
31201190000NB|9.82|10.005|1921||54|01/01/2025|||YEAR_LAST_CONSTRUCTION
31201190000NB|10.005|10.15|1921||54|01/01/2025|||YEAR_LAST_CONSTRUCTION
31201190000NB|10.15|10.66|1921||54|01/01/2025|||YEAR_LAST_CONSTRUCTION
31201190000NB|11.9|12.06|1921||54|01/01/2025|||YEAR_LAST_CONSTRUCTION
31201190000NB|13.78|13.8|1921||54|01/01/2025|||YEAR_LAST_CONSTRUCTION
31201190000NB|13.8|13.99|1921||54|01/01/2025|||YEAR_LAST_CONSTRUCTION
31201190000NB|13.99|14.1|1921||54|01/01/2025|||YEAR_LAST_CONSTRUCTION
31201190000NB|14.42|14.62|1921||54|01/01/2025|||YEAR_LAST_CONSTRUCTION
31201190000NB|14.85|15.15|1921||54|01/01/2025|||YEAR_LAST_CONSTRUCTION
31201190000NB|15.72|16.0|1921||54|01/01/2025|||YEAR_LAST_CONSTRUCTION
31201190000NB|16.82|17.35|1921||54|01/01/2025|||YEAR_LAST_CONSTRUCTION
31201190000NB|17.44|18.2|1921||54|01/01/2025|||YEAR_LAST_CONSTRUCTION
31201190000NB|18.2|19.66|1921||54|01/01/2025|||YEAR_LAST_CONSTRUCTION
31201190000NB|19.66|20.0|1921||54|01/01/2025|||YEAR_LAST_CONSTRUCTION
3930072000000|18.42|20.44|1929||54|01/01/2025|||YEAR_LAST_CONSTRUCTION
3940003000000|4.6|7.27|1933||54|01/01/2025|||YEAR_LAST_CONSTRUCTION
39100680000EB|18.12|18.2|1989||54|01/01/2025|||YEAR_LAST_CONSTRUCTION
39100680000EB|18.2|23.34|1989||54|01/01/2025|||YEAR_LAST_CONSTRUCTION
39100680000EB|26.75|28.64|1989||54|01/01/2025|||YEAR_LAST_CONSTRUCTION
39100680000EB|28.64|29.23|1989||54|01/01/2025|||YEAR_LAST_CONSTRUCTION
39100680000EB|31.24|31.42|1989||54|01/01/2025|||YEAR_LAST_CONSTRUCTION
39100680000EB|31.42|32.06|1989||54|01/01/2025|||YEAR_LAST_CONSTRUCTION
39202190000NB|0.0|0.8|1921||54|01/01/2025|||YEAR_LAST_CONSTRUCTION
39202190000NB|0.8|3.01|1921||54|01/01/2025|||YEAR_LAST_CONSTRUCTION
39202190000NB|3.01|3.31|1921||54|01/01/2025|||YEAR_LAST_CONSTRUCTION
39202190000NB|3.31|4.76|1921||54|01/01/2025|||YEAR_LAST_CONSTRUCTION
4630310000000|0.0|0.2|1981||54|01/01/2025|||YEAR_LAST_CONSTRUCTION
4640009000000|0.82|1.16|1933||54|01/01/2025|||YEAR_LAST_CONSTRUCTION
4640009000000|1.16|1.59|1933||54|01/01/2025|||YEAR_LAST_CONSTRUCTION
4640044000000|0.24|0.73|1933||54|01/01/2025|||YEAR_LAST_CONSTRUCTION
4640044000000|0.76|1.76|1933||54|01/01/2025|||YEAR_LAST_CONSTRUCTION
4640044080000|0.0|0.33|1979||54|01/01/2025|||YEAR_LAST_CONSTRUCTION
4640044080000|0.33|0.45|1979||54|01/01/2025|||YEAR_LAST_CONSTRUCTION
4640044080000|0.45|0.69|1979||54|01/01/2025|||YEAR_LAST_CONSTRUCTION
4640044080000|0.69|0.72|1979||54|01/01/2025|||YEAR_LAST_CONSTRUCTION
4640119300000|0.0|0.6|1933||54|01/01/2025|||YEAR_LAST_CONSTRUCTION
46200500000EB|12.99|13.65|1921||54|01/01/2025|||YEAR_LAST_CONSTRUCTION
46201190000NB|6.05|6.54|1922||54|01/01/2025|||YEAR_LAST_CONSTRUCTION
46201190000NB|8.59|9.32|1922||54|01/01/2025|||YEAR_LAST_CONSTRUCTION
46202500000NB|6.95|7.082|1921||54|01/01/2025|||YEAR_LAST_CONSTRUCTION
46202500000NB|16.38|16.52|1921||54|01/01/2025|||YEAR_LAST_CONSTRUCTION
41100640000EB|137.48|137.5|1971||54|01/01/2025|||YEAR_LAST_CONSTRUCTION
41100640000EB|137.5|137.6|1971||54|01/01/2025|||YEAR_LAST_CONSTRUCTION
41100640000EB|137.6|137.7|1971||54|01/01/2025|||YEAR_LAST_CONSTRUCTION
41100640000EB|137.7|137.8|1971||54|01/01/2025|||YEAR_LAST_CONSTRUCTION
41100640000EB|137.8|137.9|1971||54|01/01/2025|||YEAR_LAST_CONSTRUCTION
41100640000EB|137.9|138.0|1971||54|01/01/2025|||YEAR_LAST_CONSTRUCTION
41100640000EB|138.0|138.01|1971||54|01/01/2025|||YEAR_LAST_CONSTRUCTION
41100640000EB|132.84|132.9|1971||54|01/01/2025|||YEAR_LAST_CONSTRUCTION
41100640000EB|132.9|133.0|1971||54|01/01/2025|||YEAR_LAST_CONSTRUCTION
41100640000EB|133.0|133.1|1971||54|01/01/2025|||YEAR_LAST_CONSTRUCTION
41100640000EB|133.1|133.2|1971||54|01/01/2025|||YEAR_LAST_CONSTRUCTION
41100640000EB|133.2|133.3|1971||54|01/01/2025|||YEAR_LAST_CONSTRUCTION
41100640000EB|133.3|133.4|1971||54|01/01/2025|||YEAR_LAST_CONSTRUCTION
41100640000EB|133.4|133.5|1971||54|01/01/2025|||YEAR_LAST_CONSTRUCTION
41100640000EB|133.5|133.6|1971||54|01/01/2025|||YEAR_LAST_CONSTRUCTION
41100640000EB|133.6|133.7|1971||54|01/01/2025|||YEAR_LAST_CONSTRUCTION
41100640000EB|133.7|133.8|1971||54|01/01/2025|||YEAR_LAST_CONSTRUCTION
41100640000EB|133.8|133.9|1971||54|01/01/2025|||YEAR_LAST_CONSTRUCTION
41100640000EB|133.9|134.0|1971||54|01/01/2025|||YEAR_LAST_CONSTRUCTION
41100640000EB|134.0|134.1|1971||54|01/01/2025|||YEAR_LAST_CONSTRUCTION
41100640000EB|134.1|134.2|1971||54|01/01/2025|||YEAR_LAST_CONSTRUCTION
41100640000EB|134.2|134.3|1971||54|01/01/2025|||YEAR_LAST_CONSTRUCTION
41100640000EB|134.3|134.4|1971||54|01/01/2025|||YEAR_LAST_CONSTRUCTION
41100640000EB|134.4|134.5|1971||54|01/01/2025|||YEAR_LAST_CONSTRUCTION
41100640000EB|134.5|134.6|1971||54|01/01/2025|||YEAR_LAST_CONSTRUCTION
41100640000EB|134.6|134.7|1971||54|01/01/2025|||YEAR_LAST_CONSTRUCTION
41100640000EB|134.7|134.8|1971||54|01/01/2025|||YEAR_LAST_CONSTRUCTION
41100640000EB|134.8|134.9|1971||54|01/01/2025|||YEAR_LAST_CONSTRUCTION
41100640000EB|134.9|135.0|1971||54|01/01/2025|||YEAR_LAST_CONSTRUCTION
41100640000EB|135.0|135.1|1971||54|01/01/2025|||YEAR_LAST_CONSTRUCTION
41100640000EB|135.1|135.2|1971||54|01/01/2025|||YEAR_LAST_CONSTRUCTION
41100640000EB|135.2|135.3|1971||54|01/01/2025|||YEAR_LAST_CONSTRUCTION
41100640000EB|135.3|135.4|1971||54|01/01/2025|||YEAR_LAST_CONSTRUCTION
41100640000EB|135.4|135.5|1971||54|01/01/2025|||YEAR_LAST_CONSTRUCTION
41100640000EB|135.5|135.6|1971||54|01/01/2025|||YEAR_LAST_CONSTRUCTION
41100640000EB|135.6|135.7|1971||54|01/01/2025|||YEAR_LAST_CONSTRUCTION
41100640000EB|135.7|135.8|1971||54|01/01/2025|||YEAR_LAST_CONSTRUCTION
41100640000EB|135.8|135.9|1971||54|01/01/2025|||YEAR_LAST_CONSTRUCTION
41100640000EB|135.9|136.0|1971||54|01/01/2025|||YEAR_LAST_CONSTRUCTION
41100640000EB|136.0|136.1|1971||54|01/01/2025|||YEAR_LAST_CONSTRUCTION
41100640000EB|136.1|136.2|1971||54|01/01/2025|||YEAR_LAST_CONSTRUCTION
41100640000EB|136.2|136.3|1971||54|01/01/2025|||YEAR_LAST_CONSTRUCTION
41100640000EB|136.3|136.4|1971||54|01/01/2025|||YEAR_LAST_CONSTRUCTION
41100640000EB|136.4|136.5|1971||54|01/01/2025|||YEAR_LAST_CONSTRUCTION
41100640000EB|136.5|136.6|1971||54|01/01/2025|||YEAR_LAST_CONSTRUCTION
41100640000EB|136.6|136.7|1971||54|01/01/2025|||YEAR_LAST_CONSTRUCTION
41100640000EB|136.7|136.8|1971||54|01/01/2025|||YEAR_LAST_CONSTRUCTION
41100640000EB|136.8|136.9|1971||54|01/01/2025|||YEAR_LAST_CONSTRUCTION
41100640000EB|136.9|137.0|1971||54|01/01/2025|||YEAR_LAST_CONSTRUCTION
41100640000EB|137.0|137.1|1971||54|01/01/2025|||YEAR_LAST_CONSTRUCTION
41100640000EB|137.1|137.2|1971||54|01/01/2025|||YEAR_LAST_CONSTRUCTION
41100640000EB|137.2|137.3|1971||54|01/01/2025|||YEAR_LAST_CONSTRUCTION
41100640000EB|137.3|137.4|1971||54|01/01/2025|||YEAR_LAST_CONSTRUCTION
41100640000EB|137.4|137.48|1971||54|01/01/2025|||YEAR_LAST_CONSTRUCTION
41100640000EB|132.0|132.1|1971||54|01/01/2025|||YEAR_LAST_CONSTRUCTION
41100640000EB|132.1|132.2|1971||54|01/01/2025|||YEAR_LAST_CONSTRUCTION
41100640000EB|132.2|132.3|1971||54|01/01/2025|||YEAR_LAST_CONSTRUCTION
41100640000EB|132.3|132.4|1971||54|01/01/2025|||YEAR_LAST_CONSTRUCTION
41100640000EB|132.4|132.5|1971||54|01/01/2025|||YEAR_LAST_CONSTRUCTION
41100640000EB|132.5|132.53|1971||54|01/01/2025|||YEAR_LAST_CONSTRUCTION
41100640000EB|125.65|126.6|1971||54|01/01/2025|||YEAR_LAST_CONSTRUCTION
41100640000EB|124.9|125.65|1971||54|01/01/2025|||YEAR_LAST_CONSTRUCTION
41100640000EB|122.62|122.71|1971||54|01/01/2025|||YEAR_LAST_CONSTRUCTION
41100640000EB|122.71|122.8|1971||54|01/01/2025|||YEAR_LAST_CONSTRUCTION
41100640000EB|122.8|122.9|1971||54|01/01/2025|||YEAR_LAST_CONSTRUCTION
41100640000EB|122.9|123.0|1971||54|01/01/2025|||YEAR_LAST_CONSTRUCTION
41100640000EB|123.0|123.1|1971||54|01/01/2025|||YEAR_LAST_CONSTRUCTION
41100640000EB|123.1|123.18|1971||54|01/01/2025|||YEAR_LAST_CONSTRUCTION
41100640000EB|123.18|123.222|1971||54|01/01/2025|||YEAR_LAST_CONSTRUCTION
41100640000EB|120.1|120.5|1971||54|01/01/2025|||YEAR_LAST_CONSTRUCTION
41100640000EB|118.53|118.548|1971||54|01/01/2025|||YEAR_LAST_CONSTRUCTION
41100640000EB|117.93|118.53|1971||54|01/01/2025|||YEAR_LAST_CONSTRUCTION
41100640000EB|129.49|129.5|1971||54|01/01/2025|||YEAR_LAST_CONSTRUCTION
41100640000EB|129.5|129.6|1971||54|01/01/2025|||YEAR_LAST_CONSTRUCTION
41100640000EB|129.6|129.7|1971||54|01/01/2025|||YEAR_LAST_CONSTRUCTION
41100640000EB|129.7|129.8|1971||54|01/01/2025|||YEAR_LAST_CONSTRUCTION
41100640000EB|129.8|129.9|1971||54|01/01/2025|||YEAR_LAST_CONSTRUCTION
41100640000EB|129.9|130.0|1971||54|01/01/2025|||YEAR_LAST_CONSTRUCTION
41100640000EB|130.0|130.1|1971||54|01/01/2025|||YEAR_LAST_CONSTRUCTION
41100640000EB|130.1|130.2|1971||54|01/01/2025|||YEAR_LAST_CONSTRUCTION
41100640000EB|130.2|130.3|1971||54|01/01/2025|||YEAR_LAST_CONSTRUCTION
41100640000EB|130.3|130.4|1971||54|01/01/2025|||YEAR_LAST_CONSTRUCTION
41100640000EB|130.4|130.5|1971||54|01/01/2025|||YEAR_LAST_CONSTRUCTION
41100640000EB|130.5|130.6|1971||54|01/01/2025|||YEAR_LAST_CONSTRUCTION
41100640000EB|130.6|130.7|1971||54|01/01/2025|||YEAR_LAST_CONSTRUCTION
41100640000EB|130.7|130.8|1971||54|01/01/2025|||YEAR_LAST_CONSTRUCTION
41100640000EB|130.8|130.9|1971||54|01/01/2025|||YEAR_LAST_CONSTRUCTION
41100640000EB|130.9|131.0|1971||54|01/01/2025|||YEAR_LAST_CONSTRUCTION
41100640000EB|131.0|131.1|1971||54|01/01/2025|||YEAR_LAST_CONSTRUCTION
41100640000EB|131.1|131.2|1971||54|01/01/2025|||YEAR_LAST_CONSTRUCTION
41100640000EB|131.2|131.3|1971||54|01/01/2025|||YEAR_LAST_CONSTRUCTION
41100640000EB|131.3|131.4|1971||54|01/01/2025|||YEAR_LAST_CONSTRUCTION
41100640000EB|131.4|131.5|1971||54|01/01/2025|||YEAR_LAST_CONSTRUCTION
41100640000EB|131.5|131.6|1971||54|01/01/2025|||YEAR_LAST_CONSTRUCTION
41100640000EB|131.6|131.7|1971||54|01/01/2025|||YEAR_LAST_CONSTRUCTION
41100640000EB|131.7|131.8|1971||54|01/01/2025|||YEAR_LAST_CONSTRUCTION
41100640000EB|131.8|131.9|1971||54|01/01/2025|||YEAR_LAST_CONSTRUCTION
41100640000EB|131.9|132.0|1971||54|01/01/2025|||YEAR_LAST_CONSTRUCTION
41100640000EB|128.91|129.0|1971||54|01/01/2025|||YEAR_LAST_CONSTRUCTION
41100640000EB|129.0|129.1|1971||54|01/01/2025|||YEAR_LAST_CONSTRUCTION
41100640000EB|129.1|129.2|1971||54|01/01/2025|||YEAR_LAST_CONSTRUCTION
41100640000EB|129.2|129.3|1971||54|01/01/2025|||YEAR_LAST_CONSTRUCTION
41100640000EB|129.3|129.4|1971||54|01/01/2025|||YEAR_LAST_CONSTRUCTION
41100640000EB|129.4|129.49|1971||54|01/01/2025|||YEAR_LAST_CONSTRUCTION
28100770000NB|0.69|0.7|1965||54|01/01/2025|||YEAR_LAST_CONSTRUCTION
41200190000NB|19.33|19.8|1921||54|01/01/2025|||YEAR_LAST_CONSTRUCTION
28100770000NB|0.7|0.8|1965||54|01/01/2025|||YEAR_LAST_CONSTRUCTION
28100770000NB|0.8|0.9|1965||54|01/01/2025|||YEAR_LAST_CONSTRUCTION
41200190000NB|16.669|16.7|1921||54|01/01/2025|||YEAR_LAST_CONSTRUCTION
28100770000NB|0.9|1.0|1965||54|01/01/2025|||YEAR_LAST_CONSTRUCTION
41200190000NB|16.7|16.8|1921||54|01/01/2025|||YEAR_LAST_CONSTRUCTION
28100770000NB|1.0|1.1|1965||54|01/01/2025|||YEAR_LAST_CONSTRUCTION
28100770000NB|1.1|1.2|1965||54|01/01/2025|||YEAR_LAST_CONSTRUCTION
28100770000NB|1.2|1.3|1965||54|01/01/2025|||YEAR_LAST_CONSTRUCTION
28100770000NB|1.3|1.4|1965||54|01/01/2025|||YEAR_LAST_CONSTRUCTION
28100770000NB|1.4|1.5|1965||54|01/01/2025|||YEAR_LAST_CONSTRUCTION
41200190000NB|16.8|16.9|1921||54|01/01/2025|||YEAR_LAST_CONSTRUCTION
41200190000NB|16.9|16.925|1921||54|01/01/2025|||YEAR_LAST_CONSTRUCTION
24200520000EB|2.54|2.6|1921||54|01/01/2025|||YEAR_LAST_CONSTRUCTION
24200520000EB|2.6|2.7|1921||54|01/01/2025|||YEAR_LAST_CONSTRUCTION
24200520000EB|2.7|2.8|1921||54|01/01/2025|||YEAR_LAST_CONSTRUCTION
24200520000EB|2.8|2.9|1921||54|01/01/2025|||YEAR_LAST_CONSTRUCTION
24200520000EB|2.9|3.0|1921||54|01/01/2025|||YEAR_LAST_CONSTRUCTION
24200520000EB|3.0|3.1|1921||54|01/01/2025|||YEAR_LAST_CONSTRUCTION
24200520000EB|3.1|3.2|1921||54|01/01/2025|||YEAR_LAST_CONSTRUCTION
24200520000EB|3.2|3.3|1921||54|01/01/2025|||YEAR_LAST_CONSTRUCTION
24200520000EB|3.3|3.4|1921||54|01/01/2025|||YEAR_LAST_CONSTRUCTION
24200520000EB|3.4|3.5|1921||54|01/01/2025|||YEAR_LAST_CONSTRUCTION
24200520000EB|3.5|3.6|1921||54|01/01/2025|||YEAR_LAST_CONSTRUCTION
24200520000EB|3.6|3.7|1921||54|01/01/2025|||YEAR_LAST_CONSTRUCTION
24200520000EB|3.7|3.72|1921||54|01/01/2025|||YEAR_LAST_CONSTRUCTION
24200520000EB|5.19|5.2|1921||54|01/01/2025|||YEAR_LAST_CONSTRUCTION
24200520000EB|5.2|5.3|1921||54|01/01/2025|||YEAR_LAST_CONSTRUCTION
24200520000EB|5.3|5.4|1921||54|01/01/2025|||YEAR_LAST_CONSTRUCTION
24200520000EB|5.4|5.5|1921||54|01/01/2025|||YEAR_LAST_CONSTRUCTION
24200520000EB|5.5|5.6|1921||54|01/01/2025|||YEAR_LAST_CONSTRUCTION
24200520000EB|5.6|5.7|1921||54|01/01/2025|||YEAR_LAST_CONSTRUCTION
24200520000EB|5.7|5.8|1921||54|01/01/2025|||YEAR_LAST_CONSTRUCTION
24200520000EB|5.8|5.9|1921||54|01/01/2025|||YEAR_LAST_CONSTRUCTION
24200520000EB|5.9|6.0|1921||54|01/01/2025|||YEAR_LAST_CONSTRUCTION
24200520000EB|6.0|6.1|1921||54|01/01/2025|||YEAR_LAST_CONSTRUCTION
24200520000EB|6.1|6.2|1921||54|01/01/2025|||YEAR_LAST_CONSTRUCTION
24200520000EB|6.2|6.3|1921||54|01/01/2025|||YEAR_LAST_CONSTRUCTION
24200520000EB|6.3|6.4|1921||54|01/01/2025|||YEAR_LAST_CONSTRUCTION
24200520000EB|6.4|6.5|1921||54|01/01/2025|||YEAR_LAST_CONSTRUCTION
24200520000EB|6.5|6.6|1921||54|01/01/2025|||YEAR_LAST_CONSTRUCTION
24200520000EB|6.6|6.7|1921||54|01/01/2025|||YEAR_LAST_CONSTRUCTION
24200520000EB|6.7|6.8|1921||54|01/01/2025|||YEAR_LAST_CONSTRUCTION
24200520000EB|6.8|6.9|1921||54|01/01/2025|||YEAR_LAST_CONSTRUCTION
24200520000EB|6.9|7.0|1921||54|01/01/2025|||YEAR_LAST_CONSTRUCTION
24200520000EB|7.0|7.1|1921||54|01/01/2025|||YEAR_LAST_CONSTRUCTION
24200520000EB|7.1|7.2|1921||54|01/01/2025|||YEAR_LAST_CONSTRUCTION
24200520000EB|7.2|7.3|1921||54|01/01/2025|||YEAR_LAST_CONSTRUCTION
24200520000EB|7.3|7.4|1921||54|01/01/2025|||YEAR_LAST_CONSTRUCTION
24200520000EB|7.4|7.5|1921||54|01/01/2025|||YEAR_LAST_CONSTRUCTION
24200520000EB|7.5|7.6|1921||54|01/01/2025|||YEAR_LAST_CONSTRUCTION
24200520000EB|7.6|7.7|1921||54|01/01/2025|||YEAR_LAST_CONSTRUCTION
24200520000EB|7.7|7.8|1921||54|01/01/2025|||YEAR_LAST_CONSTRUCTION
24200520000EB|7.8|7.9|1921||54|01/01/2025|||YEAR_LAST_CONSTRUCTION
24200520000EB|7.9|7.91|1921||54|01/01/2025|||YEAR_LAST_CONSTRUCTION
24200520000EB|9.59|9.6|1921||54|01/01/2025|||YEAR_LAST_CONSTRUCTION
24200520000EB|9.6|9.7|1921||54|01/01/2025|||YEAR_LAST_CONSTRUCTION
24200520000EB|9.7|9.8|1921||54|01/01/2025|||YEAR_LAST_CONSTRUCTION
24200520000EB|9.8|9.9|1921||54|01/01/2025|||YEAR_LAST_CONSTRUCTION
24200520000EB|9.9|10.0|1921||54|01/01/2025|||YEAR_LAST_CONSTRUCTION
24200520000EB|10.0|10.1|1921||54|01/01/2025|||YEAR_LAST_CONSTRUCTION
24200520000EB|10.1|10.2|1921||54|01/01/2025|||YEAR_LAST_CONSTRUCTION
24200520000EB|10.2|10.3|1921||54|01/01/2025|||YEAR_LAST_CONSTRUCTION
24200520000EB|10.3|10.4|1921||54|01/01/2025|||YEAR_LAST_CONSTRUCTION
24200520000EB|10.4|10.5|1921||54|01/01/2025|||YEAR_LAST_CONSTRUCTION
24200520000EB|10.5|10.6|1921||54|01/01/2025|||YEAR_LAST_CONSTRUCTION
24200520000EB|10.6|10.7|1921||54|01/01/2025|||YEAR_LAST_CONSTRUCTION
24200520000EB|10.7|10.8|1921||54|01/01/2025|||YEAR_LAST_CONSTRUCTION
24200520000EB|10.8|10.9|1921||54|01/01/2025|||YEAR_LAST_CONSTRUCTION
24200520000EB|10.9|11.0|1921||54|01/01/2025|||YEAR_LAST_CONSTRUCTION
24200520000EB|11.0|11.1|1921||54|01/01/2025|||YEAR_LAST_CONSTRUCTION
24200520000EB|11.1|11.2|1921||54|01/01/2025|||YEAR_LAST_CONSTRUCTION
24200520000EB|11.2|11.3|1921||54|01/01/2025|||YEAR_LAST_CONSTRUCTION
24200520000EB|11.3|11.4|1921||54|01/01/2025|||YEAR_LAST_CONSTRUCTION
24200520000EB|11.4|11.5|1921||54|01/01/2025|||YEAR_LAST_CONSTRUCTION
24200520000EB|11.5|11.6|1921||54|01/01/2025|||YEAR_LAST_CONSTRUCTION
24200520000EB|11.6|11.7|1921||54|01/01/2025|||YEAR_LAST_CONSTRUCTION
24200520000EB|11.7|11.8|1921||54|01/01/2025|||YEAR_LAST_CONSTRUCTION
24200520000EB|11.8|11.9|1921||54|01/01/2025|||YEAR_LAST_CONSTRUCTION
24200520000EB|11.9|12.0|1921||54|01/01/2025|||YEAR_LAST_CONSTRUCTION
24200520000EB|12.0|12.1|1921||54|01/01/2025|||YEAR_LAST_CONSTRUCTION
24200520000EB|12.1|12.2|1921||54|01/01/2025|||YEAR_LAST_CONSTRUCTION
24200520000EB|12.2|12.3|1921||54|01/01/2025|||YEAR_LAST_CONSTRUCTION
24200520000EB|12.3|12.4|1921||54|01/01/2025|||YEAR_LAST_CONSTRUCTION
24200520000EB|12.4|12.5|1921||54|01/01/2025|||YEAR_LAST_CONSTRUCTION
24200520000EB|12.5|12.6|1921||54|01/01/2025|||YEAR_LAST_CONSTRUCTION
24200520000EB|12.6|12.7|1921||54|01/01/2025|||YEAR_LAST_CONSTRUCTION
24200520000EB|12.7|12.8|1921||54|01/01/2025|||YEAR_LAST_CONSTRUCTION
24200520000EB|12.8|12.82|1921||54|01/01/2025|||YEAR_LAST_CONSTRUCTION
24200520000EB|24.59|24.6|1921||54|01/01/2025|||YEAR_LAST_CONSTRUCTION
24200520000EB|24.6|24.7|1921||54|01/01/2025|||YEAR_LAST_CONSTRUCTION
24200520000EB|24.7|24.8|1921||54|01/01/2025|||YEAR_LAST_CONSTRUCTION
24200520000EB|24.8|24.9|1921||54|01/01/2025|||YEAR_LAST_CONSTRUCTION
24200520000EB|24.9|25.0|1921||54|01/01/2025|||YEAR_LAST_CONSTRUCTION
24200520000EB|25.0|25.1|1921||54|01/01/2025|||YEAR_LAST_CONSTRUCTION
24200520000EB|25.1|25.2|1921||54|01/01/2025|||YEAR_LAST_CONSTRUCTION
24200520000EB|25.2|25.3|1921||54|01/01/2025|||YEAR_LAST_CONSTRUCTION
24200520000EB|25.3|25.4|1921||54|01/01/2025|||YEAR_LAST_CONSTRUCTION
24200520000EB|25.4|25.5|1921||54|01/01/2025|||YEAR_LAST_CONSTRUCTION
24200520000EB|25.5|25.6|1921||54|01/01/2025|||YEAR_LAST_CONSTRUCTION
24200520000EB|25.6|25.7|1921||54|01/01/2025|||YEAR_LAST_CONSTRUCTION
24200520000EB|25.7|25.8|1921||54|01/01/2025|||YEAR_LAST_CONSTRUCTION
24200520000EB|25.8|25.9|1921||54|01/01/2025|||YEAR_LAST_CONSTRUCTION
24200520000EB|25.9|26.0|1921||54|01/01/2025|||YEAR_LAST_CONSTRUCTION
24200520000EB|26.0|26.1|1921||54|01/01/2025|||YEAR_LAST_CONSTRUCTION
24200520000EB|26.1|26.2|1921||54|01/01/2025|||YEAR_LAST_CONSTRUCTION
24200520000EB|26.2|26.3|1921||54|01/01/2025|||YEAR_LAST_CONSTRUCTION
24200520000EB|26.3|26.4|1921||54|01/01/2025|||YEAR_LAST_CONSTRUCTION
24200520000EB|26.4|26.5|1921||54|01/01/2025|||YEAR_LAST_CONSTRUCTION
24200520000EB|26.5|26.6|1921||54|01/01/2025|||YEAR_LAST_CONSTRUCTION
24200520000EB|26.6|26.7|1921||54|01/01/2025|||YEAR_LAST_CONSTRUCTION
24200520000EB|26.7|26.77|1921||54|01/01/2025|||YEAR_LAST_CONSTRUCTION
2430016000000|0.06|1.73|1943||54|01/01/2025|||YEAR_LAST_CONSTRUCTION
2430016000000|4.05|6.18|1943||54|01/01/2025|||YEAR_LAST_CONSTRUCTION
2430016000000|9.47|10.14|1943||54|01/01/2025|||YEAR_LAST_CONSTRUCTION
2430016000000|13.75|14.05|1943||54|01/01/2025|||YEAR_LAST_CONSTRUCTION
2430016000000|16.06|16.1|1943||54|01/01/2025|||YEAR_LAST_CONSTRUCTION
2430016000000|16.1|16.2|1943||54|01/01/2025|||YEAR_LAST_CONSTRUCTION
2430016000000|16.2|16.3|1943||54|01/01/2025|||YEAR_LAST_CONSTRUCTION
2430016000000|16.3|16.4|1943||54|01/01/2025|||YEAR_LAST_CONSTRUCTION
2430016000000|16.4|16.5|1943||54|01/01/2025|||YEAR_LAST_CONSTRUCTION
2430016000000|16.5|16.6|1943||54|01/01/2025|||YEAR_LAST_CONSTRUCTION
2430016000000|16.6|16.7|1943||54|01/01/2025|||YEAR_LAST_CONSTRUCTION
2430016000000|16.7|16.8|1943||54|01/01/2025|||YEAR_LAST_CONSTRUCTION
2430016000000|16.8|16.9|1943||54|01/01/2025|||YEAR_LAST_CONSTRUCTION
2430016000000|16.9|17.0|1943||54|01/01/2025|||YEAR_LAST_CONSTRUCTION
2430016000000|17.0|17.1|1943||54|01/01/2025|||YEAR_LAST_CONSTRUCTION
2430016000000|17.1|17.2|1943||54|01/01/2025|||YEAR_LAST_CONSTRUCTION
2430016000000|17.2|17.3|1943||54|01/01/2025|||YEAR_LAST_CONSTRUCTION
2430016000000|17.3|17.4|1943||54|01/01/2025|||YEAR_LAST_CONSTRUCTION
2430016000000|17.4|17.5|1943||54|01/01/2025|||YEAR_LAST_CONSTRUCTION
2430016000000|17.5|17.6|1943||54|01/01/2025|||YEAR_LAST_CONSTRUCTION
2430016000000|17.6|17.7|1943||54|01/01/2025|||YEAR_LAST_CONSTRUCTION
2430016000000|17.7|17.8|1943||54|01/01/2025|||YEAR_LAST_CONSTRUCTION
2430016000000|17.8|17.9|1943||54|01/01/2025|||YEAR_LAST_CONSTRUCTION
2430016000000|17.9|18.0|1943||54|01/01/2025|||YEAR_LAST_CONSTRUCTION
2430016000000|18.0|18.1|1943||54|01/01/2025|||YEAR_LAST_CONSTRUCTION
2430016000000|18.1|18.2|1943||54|01/01/2025|||YEAR_LAST_CONSTRUCTION
2430016000000|18.2|18.3|1943||54|01/01/2025|||YEAR_LAST_CONSTRUCTION
2430016000000|18.3|18.4|1943||54|01/01/2025|||YEAR_LAST_CONSTRUCTION
2430016000000|18.4|18.5|1943||54|01/01/2025|||YEAR_LAST_CONSTRUCTION
2430016000000|18.5|18.6|1943||54|01/01/2025|||YEAR_LAST_CONSTRUCTION
41200190000NB|19.8|19.9|1921||54|01/01/2025|||YEAR_LAST_CONSTRUCTION
28100770000NB|1.5|1.6|1965||54|01/01/2025|||YEAR_LAST_CONSTRUCTION
2430016000000|18.6|18.7|1943||54|01/01/2025|||YEAR_LAST_CONSTRUCTION
2430016000000|18.7|18.8|1943||54|01/01/2025|||YEAR_LAST_CONSTRUCTION
2430016000000|18.8|18.9|1943||54|01/01/2025|||YEAR_LAST_CONSTRUCTION
2430016000000|18.9|19.0|1943||54|01/01/2025|||YEAR_LAST_CONSTRUCTION
2430016000000|19.0|19.1|1943||54|01/01/2025|||YEAR_LAST_CONSTRUCTION
2430016000000|19.1|19.2|1943||54|01/01/2025|||YEAR_LAST_CONSTRUCTION
2430016000000|19.2|19.3|1943||54|01/01/2025|||YEAR_LAST_CONSTRUCTION
2430016000000|19.3|19.4|1943||54|01/01/2025|||YEAR_LAST_CONSTRUCTION
2430016000000|19.4|19.5|1943||54|01/01/2025|||YEAR_LAST_CONSTRUCTION
2430016000000|19.5|19.56|1943||54|01/01/2025|||YEAR_LAST_CONSTRUCTION
2430016000000|19.56|19.6|1943||54|01/01/2025|||YEAR_LAST_CONSTRUCTION
2430016000000|19.6|19.7|1943||54|01/01/2025|||YEAR_LAST_CONSTRUCTION
2430016000000|19.7|19.8|1943||54|01/01/2025|||YEAR_LAST_CONSTRUCTION
2430016000000|19.8|19.9|1943||54|01/01/2025|||YEAR_LAST_CONSTRUCTION
2430016000000|19.9|20.0|1943||54|01/01/2025|||YEAR_LAST_CONSTRUCTION
2430016000000|20.0|20.1|1943||54|01/01/2025|||YEAR_LAST_CONSTRUCTION
2430016000000|20.1|20.156|1943||54|01/01/2025|||YEAR_LAST_CONSTRUCTION
2430016000000|20.156|20.2|1943||54|01/01/2025|||YEAR_LAST_CONSTRUCTION
2430016000000|20.2|20.3|1943||54|01/01/2025|||YEAR_LAST_CONSTRUCTION
2430016000000|20.3|20.4|1943||54|01/01/2025|||YEAR_LAST_CONSTRUCTION
2430016000000|20.4|20.5|1943||54|01/01/2025|||YEAR_LAST_CONSTRUCTION
2430016000000|20.5|20.6|1943||54|01/01/2025|||YEAR_LAST_CONSTRUCTION
2430016000000|20.6|20.7|1943||54|01/01/2025|||YEAR_LAST_CONSTRUCTION
2430016000000|20.7|20.79|1943||54|01/01/2025|||YEAR_LAST_CONSTRUCTION
2430016000000|20.79|20.8|1943||54|01/01/2025|||YEAR_LAST_CONSTRUCTION
2430016000000|20.8|20.9|1943||54|01/01/2025|||YEAR_LAST_CONSTRUCTION
2430016000000|20.9|21.0|1943||54|01/01/2025|||YEAR_LAST_CONSTRUCTION
2430016000000|21.0|21.1|1943||54|01/01/2025|||YEAR_LAST_CONSTRUCTION
2430016000000|21.1|21.2|1943||54|01/01/2025|||YEAR_LAST_CONSTRUCTION
2430016000000|21.2|21.3|1943||54|01/01/2025|||YEAR_LAST_CONSTRUCTION
2430016000000|21.3|21.4|1943||54|01/01/2025|||YEAR_LAST_CONSTRUCTION
2430016000000|21.4|21.5|1943||54|01/01/2025|||YEAR_LAST_CONSTRUCTION
2430016000000|21.5|21.6|1943||54|01/01/2025|||YEAR_LAST_CONSTRUCTION
2430016000000|21.6|21.7|1943||54|01/01/2025|||YEAR_LAST_CONSTRUCTION
2430016000000|21.7|21.8|1943||54|01/01/2025|||YEAR_LAST_CONSTRUCTION
2430016000000|21.8|21.9|1943||54|01/01/2025|||YEAR_LAST_CONSTRUCTION
2430016000000|21.9|22.0|1943||54|01/01/2025|||YEAR_LAST_CONSTRUCTION
2430016000000|22.0|22.05|1943||54|01/01/2025|||YEAR_LAST_CONSTRUCTION
2430016000000|22.05|22.1|1943||54|01/01/2025|||YEAR_LAST_CONSTRUCTION
2430016000000|22.1|22.2|1943||54|01/01/2025|||YEAR_LAST_CONSTRUCTION
2430016000000|22.2|22.3|1943||54|01/01/2025|||YEAR_LAST_CONSTRUCTION
2430016000000|22.3|22.4|1943||54|01/01/2025|||YEAR_LAST_CONSTRUCTION
2430016000000|22.4|22.5|1943||54|01/01/2025|||YEAR_LAST_CONSTRUCTION
2430016000000|22.5|22.6|1943||54|01/01/2025|||YEAR_LAST_CONSTRUCTION
2430016000000|22.6|22.7|1943||54|01/01/2025|||YEAR_LAST_CONSTRUCTION
2430016000000|22.7|22.8|1943||54|01/01/2025|||YEAR_LAST_CONSTRUCTION
2430016000000|22.8|22.9|1943||54|01/01/2025|||YEAR_LAST_CONSTRUCTION
2430016000000|22.9|23.0|1943||54|01/01/2025|||YEAR_LAST_CONSTRUCTION
2430016000000|23.0|23.1|1943||54|01/01/2025|||YEAR_LAST_CONSTRUCTION
2430016000000|23.1|23.2|1943||54|01/01/2025|||YEAR_LAST_CONSTRUCTION
2430016000000|23.2|23.3|1943||54|01/01/2025|||YEAR_LAST_CONSTRUCTION
2430016000000|23.3|23.4|1943||54|01/01/2025|||YEAR_LAST_CONSTRUCTION
2430016000000|23.4|23.5|1943||54|01/01/2025|||YEAR_LAST_CONSTRUCTION
2430016000000|23.5|23.6|1943||54|01/01/2025|||YEAR_LAST_CONSTRUCTION
2430016000000|23.6|23.7|1943||54|01/01/2025|||YEAR_LAST_CONSTRUCTION
2430016000000|23.7|23.76|1943||54|01/01/2025|||YEAR_LAST_CONSTRUCTION
2430016000000|23.76|23.8|1943||54|01/01/2025|||YEAR_LAST_CONSTRUCTION
2430016000000|23.8|23.9|1943||54|01/01/2025|||YEAR_LAST_CONSTRUCTION
2430016000000|23.9|24.0|1943||54|01/01/2025|||YEAR_LAST_CONSTRUCTION
2430016000000|24.0|24.1|1943||54|01/01/2025|||YEAR_LAST_CONSTRUCTION
2430016000000|24.1|24.2|1943||54|01/01/2025|||YEAR_LAST_CONSTRUCTION
2430016000000|24.2|24.3|1943||54|01/01/2025|||YEAR_LAST_CONSTRUCTION
2430016000000|24.3|24.4|1943||54|01/01/2025|||YEAR_LAST_CONSTRUCTION
2430016000000|24.4|24.5|1943||54|01/01/2025|||YEAR_LAST_CONSTRUCTION
2430016000000|24.5|24.6|1943||54|01/01/2025|||YEAR_LAST_CONSTRUCTION
2430016000000|24.6|24.7|1943||54|01/01/2025|||YEAR_LAST_CONSTRUCTION
2430016000000|24.7|24.8|1943||54|01/01/2025|||YEAR_LAST_CONSTRUCTION
2430016000000|24.8|24.86|1943||54|01/01/2025|||YEAR_LAST_CONSTRUCTION
2430016000000|29.19|29.2|1943||54|01/01/2025|||YEAR_LAST_CONSTRUCTION
2430016000000|29.2|29.3|1943||54|01/01/2025|||YEAR_LAST_CONSTRUCTION
2430016000000|29.3|29.4|1943||54|01/01/2025|||YEAR_LAST_CONSTRUCTION
2430016000000|29.4|29.41|1943||54|01/01/2025|||YEAR_LAST_CONSTRUCTION
2430016000000|32.7|32.8|1943||54|01/01/2025|||YEAR_LAST_CONSTRUCTION
2430016000000|32.8|32.9|1943||54|01/01/2025|||YEAR_LAST_CONSTRUCTION
2430016000000|32.9|33.0|1943||54|01/01/2025|||YEAR_LAST_CONSTRUCTION
2430016000000|33.0|33.1|1943||54|01/01/2025|||YEAR_LAST_CONSTRUCTION
2430016000000|33.1|33.2|1943||54|01/01/2025|||YEAR_LAST_CONSTRUCTION
2430016000000|33.2|33.3|1943||54|01/01/2025|||YEAR_LAST_CONSTRUCTION
2430016000000|33.3|33.4|1943||54|01/01/2025|||YEAR_LAST_CONSTRUCTION
2430016000000|33.4|33.5|1943||54|01/01/2025|||YEAR_LAST_CONSTRUCTION
2430016000000|33.5|33.6|1943||54|01/01/2025|||YEAR_LAST_CONSTRUCTION
2430016000000|33.6|33.7|1943||54|01/01/2025|||YEAR_LAST_CONSTRUCTION
2430016000000|33.7|33.8|1943||54|01/01/2025|||YEAR_LAST_CONSTRUCTION
2430016000000|33.8|33.9|1943||54|01/01/2025|||YEAR_LAST_CONSTRUCTION
2430016000000|33.9|34.0|1943||54|01/01/2025|||YEAR_LAST_CONSTRUCTION
2430016000000|34.0|34.1|1943||54|01/01/2025|||YEAR_LAST_CONSTRUCTION
2430016000000|34.1|34.2|1943||54|01/01/2025|||YEAR_LAST_CONSTRUCTION
2430016000000|34.2|34.3|1943||54|01/01/2025|||YEAR_LAST_CONSTRUCTION
2430016000000|34.3|34.4|1943||54|01/01/2025|||YEAR_LAST_CONSTRUCTION
2430016000000|34.4|34.5|1943||54|01/01/2025|||YEAR_LAST_CONSTRUCTION
2430016000000|34.5|34.6|1943||54|01/01/2025|||YEAR_LAST_CONSTRUCTION
2430016000000|34.6|34.7|1943||54|01/01/2025|||YEAR_LAST_CONSTRUCTION
2430016000000|34.7|34.8|1943||54|01/01/2025|||YEAR_LAST_CONSTRUCTION
2430016000000|34.8|34.9|1943||54|01/01/2025|||YEAR_LAST_CONSTRUCTION
2430016000000|34.9|35.0|1943||54|01/01/2025|||YEAR_LAST_CONSTRUCTION
2430016000000|35.0|35.1|1943||54|01/01/2025|||YEAR_LAST_CONSTRUCTION
2430016000000|35.1|35.2|1943||54|01/01/2025|||YEAR_LAST_CONSTRUCTION
2430016000000|35.2|35.3|1943||54|01/01/2025|||YEAR_LAST_CONSTRUCTION
2430016000000|35.3|35.38|1943||54|01/01/2025|||YEAR_LAST_CONSTRUCTION
41200190000NB|19.9|20.0|1921||54|01/01/2025|||YEAR_LAST_CONSTRUCTION
41200190000NB|20.0|20.1|1921||54|01/01/2025|||YEAR_LAST_CONSTRUCTION
41200190000NB|20.1|20.2|1921||54|01/01/2025|||YEAR_LAST_CONSTRUCTION
41200190000NB|20.2|20.3|1921||54|01/01/2025|||YEAR_LAST_CONSTRUCTION
41200190000NB|20.3|20.4|1921||54|01/01/2025|||YEAR_LAST_CONSTRUCTION
41200190000NB|20.4|20.5|1921||54|01/01/2025|||YEAR_LAST_CONSTRUCTION
41200190000NB|20.5|20.6|1921||54|01/01/2025|||YEAR_LAST_CONSTRUCTION
41200190000NB|20.6|20.7|1921||54|01/01/2025|||YEAR_LAST_CONSTRUCTION
41200190000NB|20.7|20.8|1921||54|01/01/2025|||YEAR_LAST_CONSTRUCTION
41200190000NB|20.8|20.9|1921||54|01/01/2025|||YEAR_LAST_CONSTRUCTION
41200190000NB|20.9|21.0|1921||54|01/01/2025|||YEAR_LAST_CONSTRUCTION
41200190000NB|21.0|21.1|1921||54|01/01/2025|||YEAR_LAST_CONSTRUCTION
41200190000NB|21.1|21.2|1921||54|01/01/2025|||YEAR_LAST_CONSTRUCTION
41200190000NB|21.2|21.3|1921||54|01/01/2025|||YEAR_LAST_CONSTRUCTION
41200190000NB|21.3|21.4|1921||54|01/01/2025|||YEAR_LAST_CONSTRUCTION
41200190000NB|21.4|21.5|1921||54|01/01/2025|||YEAR_LAST_CONSTRUCTION
41200190000NB|21.5|21.6|1921||54|01/01/2025|||YEAR_LAST_CONSTRUCTION
41200190000NB|21.6|21.61|1921||54|01/01/2025|||YEAR_LAST_CONSTRUCTION
41200190000NB|18.64|18.7|1921||54|01/01/2025|||YEAR_LAST_CONSTRUCTION
41200190000NB|18.7|18.8|1921||54|01/01/2025|||YEAR_LAST_CONSTRUCTION
41200190000NB|18.8|18.9|1921||54|01/01/2025|||YEAR_LAST_CONSTRUCTION
41200190000NB|18.9|19.0|1921||54|01/01/2025|||YEAR_LAST_CONSTRUCTION
41200190000NB|19.0|19.1|1921||54|01/01/2025|||YEAR_LAST_CONSTRUCTION
41200190000NB|19.1|19.2|1921||54|01/01/2025|||YEAR_LAST_CONSTRUCTION
41200190000NB|19.2|19.3|1921||54|01/01/2025|||YEAR_LAST_CONSTRUCTION
41200190000NB|19.3|19.329|1921||54|01/01/2025|||YEAR_LAST_CONSTRUCTION
41200190000NB|19.329|19.33|1921||54|01/01/2025|||YEAR_LAST_CONSTRUCTION
41200190000NB|17.18|17.2|1921||54|01/01/2025|||YEAR_LAST_CONSTRUCTION
41200190000NB|17.2|17.3|1921||54|01/01/2025|||YEAR_LAST_CONSTRUCTION
41200190000NB|17.3|17.4|1921||54|01/01/2025|||YEAR_LAST_CONSTRUCTION
41200190000NB|17.4|17.5|1921||54|01/01/2025|||YEAR_LAST_CONSTRUCTION
41200190000NB|17.5|17.6|1921||54|01/01/2025|||YEAR_LAST_CONSTRUCTION
41200190000NB|17.6|17.7|1921||54|01/01/2025|||YEAR_LAST_CONSTRUCTION
41200190000NB|17.7|17.8|1921||54|01/01/2025|||YEAR_LAST_CONSTRUCTION
41200190000NB|17.8|17.9|1921||54|01/01/2025|||YEAR_LAST_CONSTRUCTION
41200190000NB|17.9|17.95|1921||54|01/01/2025|||YEAR_LAST_CONSTRUCTION
41200190000NB|2.17|2.2|1921||54|01/01/2025|||YEAR_LAST_CONSTRUCTION
41200190000NB|2.2|2.3|1921||54|01/01/2025|||YEAR_LAST_CONSTRUCTION
41200190000NB|2.3|2.4|1921||54|01/01/2025|||YEAR_LAST_CONSTRUCTION
41200190000NB|2.4|2.5|1921||54|01/01/2025|||YEAR_LAST_CONSTRUCTION
41200190000NB|2.5|2.6|1921||54|01/01/2025|||YEAR_LAST_CONSTRUCTION
41200190000NB|2.6|2.7|1921||54|01/01/2025|||YEAR_LAST_CONSTRUCTION
41200190000NB|2.7|2.8|1921||54|01/01/2025|||YEAR_LAST_CONSTRUCTION
41200190000NB|2.8|2.9|1921||54|01/01/2025|||YEAR_LAST_CONSTRUCTION
41200190000NB|2.9|3.0|1921||54|01/01/2025|||YEAR_LAST_CONSTRUCTION
41200190000NB|3.0|3.1|1921||54|01/01/2025|||YEAR_LAST_CONSTRUCTION
41200190000NB|3.1|3.2|1921||54|01/01/2025|||YEAR_LAST_CONSTRUCTION
41200190000NB|3.2|3.3|1921||54|01/01/2025|||YEAR_LAST_CONSTRUCTION
41200190000NB|3.3|3.4|1921||54|01/01/2025|||YEAR_LAST_CONSTRUCTION
41200190000NB|3.4|3.5|1921||54|01/01/2025|||YEAR_LAST_CONSTRUCTION
41200190000NB|3.5|3.6|1921||54|01/01/2025|||YEAR_LAST_CONSTRUCTION
41200190000NB|3.6|3.7|1921||54|01/01/2025|||YEAR_LAST_CONSTRUCTION
41200190000NB|3.7|3.8|1921||54|01/01/2025|||YEAR_LAST_CONSTRUCTION
41200190000NB|3.8|3.9|1921||54|01/01/2025|||YEAR_LAST_CONSTRUCTION
41200190000NB|3.9|4.0|1921||54|01/01/2025|||YEAR_LAST_CONSTRUCTION
41200190000NB|4.0|4.1|1921||54|01/01/2025|||YEAR_LAST_CONSTRUCTION
41200190000NB|4.1|4.2|1921||54|01/01/2025|||YEAR_LAST_CONSTRUCTION
41200190000NB|4.2|4.3|1921||54|01/01/2025|||YEAR_LAST_CONSTRUCTION
41200190000NB|4.3|4.4|1921||54|01/01/2025|||YEAR_LAST_CONSTRUCTION
41200190000NB|4.4|4.5|1921||54|01/01/2025|||YEAR_LAST_CONSTRUCTION
41200190000NB|4.5|4.6|1921||54|01/01/2025|||YEAR_LAST_CONSTRUCTION
41200190000NB|4.6|4.7|1921||54|01/01/2025|||YEAR_LAST_CONSTRUCTION
41200190000NB|4.7|4.8|1921||54|01/01/2025|||YEAR_LAST_CONSTRUCTION
41200190000NB|4.8|4.9|1921||54|01/01/2025|||YEAR_LAST_CONSTRUCTION
41200190000NB|4.9|5.0|1921||54|01/01/2025|||YEAR_LAST_CONSTRUCTION
41200190000NB|5.0|5.1|1921||54|01/01/2025|||YEAR_LAST_CONSTRUCTION
41200190000NB|5.1|5.2|1921||54|01/01/2025|||YEAR_LAST_CONSTRUCTION
41200190000NB|5.2|5.3|1921||54|01/01/2025|||YEAR_LAST_CONSTRUCTION
41200190000NB|5.3|5.4|1921||54|01/01/2025|||YEAR_LAST_CONSTRUCTION
41200190000NB|5.4|5.5|1921||54|01/01/2025|||YEAR_LAST_CONSTRUCTION
41200190000NB|5.5|5.6|1921||54|01/01/2025|||YEAR_LAST_CONSTRUCTION
41200190000NB|5.6|5.7|1921||54|01/01/2025|||YEAR_LAST_CONSTRUCTION
41200190000NB|5.7|5.8|1921||54|01/01/2025|||YEAR_LAST_CONSTRUCTION
41200190000NB|5.8|5.9|1921||54|01/01/2025|||YEAR_LAST_CONSTRUCTION
41200190000NB|5.9|6.0|1921||54|01/01/2025|||YEAR_LAST_CONSTRUCTION
41200190000NB|6.0|6.1|1921||54|01/01/2025|||YEAR_LAST_CONSTRUCTION
41200190000NB|6.1|6.2|1921||54|01/01/2025|||YEAR_LAST_CONSTRUCTION
41200190000NB|6.2|6.3|1921||54|01/01/2025|||YEAR_LAST_CONSTRUCTION
41200190000NB|6.3|6.4|1921||54|01/01/2025|||YEAR_LAST_CONSTRUCTION
41200190000NB|6.4|6.47|1921||54|01/01/2025|||YEAR_LAST_CONSTRUCTION
41200190000NB|0.0|0.1|1921||54|01/01/2025|||YEAR_LAST_CONSTRUCTION
41200190000NB|0.1|0.2|1921||54|01/01/2025|||YEAR_LAST_CONSTRUCTION
41200190000NB|0.2|0.3|1921||54|01/01/2025|||YEAR_LAST_CONSTRUCTION
41200190000NB|0.3|0.4|1921||54|01/01/2025|||YEAR_LAST_CONSTRUCTION
41200190000NB|0.4|0.5|1921||54|01/01/2025|||YEAR_LAST_CONSTRUCTION
41200190000NB|0.5|0.6|1921||54|01/01/2025|||YEAR_LAST_CONSTRUCTION
41200190000NB|0.6|0.7|1921||54|01/01/2025|||YEAR_LAST_CONSTRUCTION
41200190000NB|0.7|0.8|1921||54|01/01/2025|||YEAR_LAST_CONSTRUCTION
41200190000NB|0.8|0.9|1921||54|01/01/2025|||YEAR_LAST_CONSTRUCTION
41200190000NB|0.9|1.0|1921||54|01/01/2025|||YEAR_LAST_CONSTRUCTION
41200190000NB|1.0|1.1|1921||54|01/01/2025|||YEAR_LAST_CONSTRUCTION
41200190000NB|1.1|1.2|1921||54|01/01/2025|||YEAR_LAST_CONSTRUCTION
41200190000NB|1.2|1.3|1921||54|01/01/2025|||YEAR_LAST_CONSTRUCTION
41200190000NB|1.3|1.4|1921||54|01/01/2025|||YEAR_LAST_CONSTRUCTION
41200190000NB|1.4|1.5|1921||54|01/01/2025|||YEAR_LAST_CONSTRUCTION
41200190000NB|1.5|1.6|1921||54|01/01/2025|||YEAR_LAST_CONSTRUCTION
41200190000NB|1.6|1.7|1921||54|01/01/2025|||YEAR_LAST_CONSTRUCTION
41200190000NB|1.7|1.8|1921||54|01/01/2025|||YEAR_LAST_CONSTRUCTION
41200190000NB|1.8|1.9|1921||54|01/01/2025|||YEAR_LAST_CONSTRUCTION
41200190000NB|1.9|2.0|1921||54|01/01/2025|||YEAR_LAST_CONSTRUCTION
41200190000NB|2.0|2.1|1921||54|01/01/2025|||YEAR_LAST_CONSTRUCTION
41200190000NB|2.1|2.17|1921||54|01/01/2025|||YEAR_LAST_CONSTRUCTION
41200190014NB|0.0|0.1|1922||54|01/01/2025|||YEAR_LAST_CONSTRUCTION
41200190014NB|0.1|0.2|1922||54|01/01/2025|||YEAR_LAST_CONSTRUCTION
41200190014NB|0.2|0.3|1922||54|01/01/2025|||YEAR_LAST_CONSTRUCTION
41200190014NB|0.3|0.4|1922||54|01/01/2025|||YEAR_LAST_CONSTRUCTION
41200190014NB|0.4|0.5|1922||54|01/01/2025|||YEAR_LAST_CONSTRUCTION
41200190014NB|0.5|0.6|1922||54|01/01/2025|||YEAR_LAST_CONSTRUCTION
41200190014NB|0.6|0.7|1922||54|01/01/2025|||YEAR_LAST_CONSTRUCTION
41200190014NB|0.7|0.8|1922||54|01/01/2025|||YEAR_LAST_CONSTRUCTION
41200190014NB|0.8|0.9|1922||54|01/01/2025|||YEAR_LAST_CONSTRUCTION
41200190014NB|0.9|1.0|1922||54|01/01/2025|||YEAR_LAST_CONSTRUCTION
41200190014NB|1.0|1.1|1922||54|01/01/2025|||YEAR_LAST_CONSTRUCTION
41200190014NB|1.1|1.2|1922||54|01/01/2025|||YEAR_LAST_CONSTRUCTION
41200190014NB|1.2|1.3|1922||54|01/01/2025|||YEAR_LAST_CONSTRUCTION
41200190014NB|1.3|1.4|1922||54|01/01/2025|||YEAR_LAST_CONSTRUCTION
41200190014NB|1.4|1.5|1922||54|01/01/2025|||YEAR_LAST_CONSTRUCTION
41200190014NB|1.5|1.6|1922||54|01/01/2025|||YEAR_LAST_CONSTRUCTION
41200190014NB|1.6|1.7|1922||54|01/01/2025|||YEAR_LAST_CONSTRUCTION
41200190014NB|1.7|1.8|1922||54|01/01/2025|||YEAR_LAST_CONSTRUCTION
41200190014NB|1.8|1.9|1922||54|01/01/2025|||YEAR_LAST_CONSTRUCTION
41200190014NB|1.9|2.0|1922||54|01/01/2025|||YEAR_LAST_CONSTRUCTION
41200190014NB|2.0|2.1|1922||54|01/01/2025|||YEAR_LAST_CONSTRUCTION
41200190014NB|2.1|2.2|1922||54|01/01/2025|||YEAR_LAST_CONSTRUCTION
41200190014NB|2.2|2.3|1922||54|01/01/2025|||YEAR_LAST_CONSTRUCTION
41200190014NB|2.3|2.4|1922||54|01/01/2025|||YEAR_LAST_CONSTRUCTION
41200190014NB|2.4|2.5|1922||54|01/01/2025|||YEAR_LAST_CONSTRUCTION
41200190014NB|2.5|2.6|1922||54|01/01/2025|||YEAR_LAST_CONSTRUCTION
41200190014NB|2.6|2.63|1922||54|01/01/2025|||YEAR_LAST_CONSTRUCTION
41200190014NB|2.63|2.7|1922||54|01/01/2025|||YEAR_LAST_CONSTRUCTION
41200190023EB|0.0|0.033|1922||54|01/01/2025|||YEAR_LAST_CONSTRUCTION
41200190023EB|1.1|1.2|1922||54|01/01/2025|||YEAR_LAST_CONSTRUCTION
41200190023EB|1.2|1.3|1922||54|01/01/2025|||YEAR_LAST_CONSTRUCTION
41200190023EB|1.3|1.36|1922||54|01/01/2025|||YEAR_LAST_CONSTRUCTION
4130003000000|36.23|36.49|1921||54|01/01/2025|||YEAR_LAST_CONSTRUCTION
4130003000000|35.98|36.0|1921||54|01/01/2025|||YEAR_LAST_CONSTRUCTION
4130003000000|36.0|36.1|1921||54|01/01/2025|||YEAR_LAST_CONSTRUCTION
4130003000000|36.1|36.18|1921||54|01/01/2025|||YEAR_LAST_CONSTRUCTION
4130003000000|37.1|37.73|1921||54|01/01/2025|||YEAR_LAST_CONSTRUCTION
4130016000000|15.08|15.1|1943||54|01/01/2025|||YEAR_LAST_CONSTRUCTION
4130016000000|15.1|15.2|1943||54|01/01/2025|||YEAR_LAST_CONSTRUCTION
4130016000000|15.2|15.3|1943||54|01/01/2025|||YEAR_LAST_CONSTRUCTION
4130016000000|15.3|15.4|1943||54|01/01/2025|||YEAR_LAST_CONSTRUCTION
55200520000EB|0.0|0.1|1931||54|01/01/2025|||YEAR_LAST_CONSTRUCTION
55200520000EB|0.1|0.2|1931||54|01/01/2025|||YEAR_LAST_CONSTRUCTION
55200520000EB|0.2|0.3|1931||54|01/01/2025|||YEAR_LAST_CONSTRUCTION
55200520000EB|0.3|0.4|1931||54|01/01/2025|||YEAR_LAST_CONSTRUCTION
55200520000EB|0.4|0.5|1931||54|01/01/2025|||YEAR_LAST_CONSTRUCTION
55200520000EB|0.5|0.6|1931||54|01/01/2025|||YEAR_LAST_CONSTRUCTION
55200520000EB|0.6|0.7|1931||54|01/01/2025|||YEAR_LAST_CONSTRUCTION
55200520000EB|0.7|0.8|1931||54|01/01/2025|||YEAR_LAST_CONSTRUCTION
55200520000EB|0.8|0.9|1931||54|01/01/2025|||YEAR_LAST_CONSTRUCTION
55200520000EB|0.9|1.0|1931||54|01/01/2025|||YEAR_LAST_CONSTRUCTION
55200520000EB|1.0|1.1|1931||54|01/01/2025|||YEAR_LAST_CONSTRUCTION
55200520000EB|1.1|1.2|1931||54|01/01/2025|||YEAR_LAST_CONSTRUCTION
55200520000EB|1.2|1.3|1931||54|01/01/2025|||YEAR_LAST_CONSTRUCTION
55200520000EB|1.3|1.4|1931||54|01/01/2025|||YEAR_LAST_CONSTRUCTION
55200520000EB|4.78|4.8|1931||54|01/01/2025|||YEAR_LAST_CONSTRUCTION
55200520000EB|4.8|4.9|1931||54|01/01/2025|||YEAR_LAST_CONSTRUCTION
55200520000EB|4.9|5.0|1931||54|01/01/2025|||YEAR_LAST_CONSTRUCTION
55200520000EB|5.0|5.1|1931||54|01/01/2025|||YEAR_LAST_CONSTRUCTION
55200520000EB|5.1|5.2|1931||54|01/01/2025|||YEAR_LAST_CONSTRUCTION
55200520000EB|5.2|5.3|1931||54|01/01/2025|||YEAR_LAST_CONSTRUCTION
55200520000EB|5.3|5.4|1931||54|01/01/2025|||YEAR_LAST_CONSTRUCTION
55200520000EB|5.4|5.5|1931||54|01/01/2025|||YEAR_LAST_CONSTRUCTION
55200520000EB|5.5|5.6|1931||54|01/01/2025|||YEAR_LAST_CONSTRUCTION
55200520000EB|5.6|5.7|1931||54|01/01/2025|||YEAR_LAST_CONSTRUCTION
55200520000EB|5.7|5.8|1931||54|01/01/2025|||YEAR_LAST_CONSTRUCTION
55200520000EB|5.8|5.9|1931||54|01/01/2025|||YEAR_LAST_CONSTRUCTION
55200520000EB|5.9|6.0|1931||54|01/01/2025|||YEAR_LAST_CONSTRUCTION
55200520000EB|6.0|6.1|1931||54|01/01/2025|||YEAR_LAST_CONSTRUCTION
55200520000EB|6.1|6.2|1931||54|01/01/2025|||YEAR_LAST_CONSTRUCTION
55200520000EB|6.2|6.3|1931||54|01/01/2025|||YEAR_LAST_CONSTRUCTION
55200520000EB|6.3|6.4|1931||54|01/01/2025|||YEAR_LAST_CONSTRUCTION
55200520000EB|6.4|6.5|1931||54|01/01/2025|||YEAR_LAST_CONSTRUCTION
55200520000EB|6.5|6.6|1931||54|01/01/2025|||YEAR_LAST_CONSTRUCTION
55200520000EB|6.6|6.7|1931||54|01/01/2025|||YEAR_LAST_CONSTRUCTION
55200520000EB|6.7|6.8|1931||54|01/01/2025|||YEAR_LAST_CONSTRUCTION
55200520000EB|6.8|6.9|1931||54|01/01/2025|||YEAR_LAST_CONSTRUCTION
55200520000EB|6.9|7.0|1931||54|01/01/2025|||YEAR_LAST_CONSTRUCTION
55200520000EB|7.0|7.1|1931||54|01/01/2025|||YEAR_LAST_CONSTRUCTION
55200520000EB|7.1|7.2|1931||54|01/01/2025|||YEAR_LAST_CONSTRUCTION
55200520000EB|7.2|7.3|1931||54|01/01/2025|||YEAR_LAST_CONSTRUCTION
55200520000EB|7.3|7.4|1931||54|01/01/2025|||YEAR_LAST_CONSTRUCTION
55200520000EB|7.4|7.5|1931||54|01/01/2025|||YEAR_LAST_CONSTRUCTION
55200520000EB|7.5|7.6|1931||54|01/01/2025|||YEAR_LAST_CONSTRUCTION
55200520000EB|7.6|7.65|1931||54|01/01/2025|||YEAR_LAST_CONSTRUCTION
55200520000EB|7.65|7.7|1931||54|01/01/2025|||YEAR_LAST_CONSTRUCTION
55200520000EB|7.7|7.8|1931||54|01/01/2025|||YEAR_LAST_CONSTRUCTION
55200520000EB|7.8|7.9|1931||54|01/01/2025|||YEAR_LAST_CONSTRUCTION
55200520000EB|7.9|8.0|1931||54|01/01/2025|||YEAR_LAST_CONSTRUCTION
55200520000EB|8.0|8.1|1931||54|01/01/2025|||YEAR_LAST_CONSTRUCTION
55200520000EB|8.1|8.2|1931||54|01/01/2025|||YEAR_LAST_CONSTRUCTION
55200520000EB|8.2|8.3|1931||54|01/01/2025|||YEAR_LAST_CONSTRUCTION
55200520000EB|8.3|8.34|1931||54|01/01/2025|||YEAR_LAST_CONSTRUCTION
28100770000NB|1.6|1.7|1965||54|01/01/2025|||YEAR_LAST_CONSTRUCTION
28100770000NB|1.7|1.8|1965||54|01/01/2025|||YEAR_LAST_CONSTRUCTION
28100770000NB|1.8|1.9|1965||54|01/01/2025|||YEAR_LAST_CONSTRUCTION
4130016000000|15.4|15.61|1943||54|01/01/2025|||YEAR_LAST_CONSTRUCTION
28100770000NB|1.9|2.0|1965||54|01/01/2025|||YEAR_LAST_CONSTRUCTION
28100770000NB|2.0|2.1|1965||54|01/01/2025|||YEAR_LAST_CONSTRUCTION
28100770000NB|2.1|2.2|1965||54|01/01/2025|||YEAR_LAST_CONSTRUCTION
28100770000NB|2.2|2.3|1965||54|01/01/2025|||YEAR_LAST_CONSTRUCTION
28100770000NB|2.3|2.4|1965||54|01/01/2025|||YEAR_LAST_CONSTRUCTION
4130016000000|18.96|19.79|1943||54|01/01/2025|||YEAR_LAST_CONSTRUCTION
28100770000NB|2.4|2.5|1965||54|01/01/2025|||YEAR_LAST_CONSTRUCTION
28100770000NB|2.5|2.56|1965||54|01/01/2025|||YEAR_LAST_CONSTRUCTION
28100770000NB|2.56|2.6|1965||54|01/01/2025|||YEAR_LAST_CONSTRUCTION
28100770000NB|2.6|2.7|1965||54|01/01/2025|||YEAR_LAST_CONSTRUCTION
28100770000NB|2.7|2.8|1965||54|01/01/2025|||YEAR_LAST_CONSTRUCTION
4130016000000|18.82|18.96|1943||54|01/01/2025|||YEAR_LAST_CONSTRUCTION
4130016000000|18.53|18.82|1943||54|01/01/2025|||YEAR_LAST_CONSTRUCTION
28100770000NB|2.8|2.9|1965||54|01/01/2025|||YEAR_LAST_CONSTRUCTION
28100770000NB|2.9|3.0|1965||54|01/01/2025|||YEAR_LAST_CONSTRUCTION
28100770000NB|3.0|3.1|1965||54|01/01/2025|||YEAR_LAST_CONSTRUCTION
28100770000NB|3.1|3.2|1965||54|01/01/2025|||YEAR_LAST_CONSTRUCTION
28100770000NB|3.2|3.3|1965||54|01/01/2025|||YEAR_LAST_CONSTRUCTION
28100770000NB|3.3|3.4|1965||54|01/01/2025|||YEAR_LAST_CONSTRUCTION
28100770000NB|3.4|3.5|1965||54|01/01/2025|||YEAR_LAST_CONSTRUCTION
28100770000NB|3.5|3.6|1965||54|01/01/2025|||YEAR_LAST_CONSTRUCTION
28100770000NB|3.6|3.7|1965||54|01/01/2025|||YEAR_LAST_CONSTRUCTION
28100770000NB|3.7|3.8|1965||54|01/01/2025|||YEAR_LAST_CONSTRUCTION
28100770000NB|3.8|3.9|1965||54|01/01/2025|||YEAR_LAST_CONSTRUCTION
28100770000NB|3.9|4.0|1965||54|01/01/2025|||YEAR_LAST_CONSTRUCTION
28100770000NB|4.0|4.1|1965||54|01/01/2025|||YEAR_LAST_CONSTRUCTION
28100770000NB|4.1|4.2|1965||54|01/01/2025|||YEAR_LAST_CONSTRUCTION
4130016000000|15.65|15.7|1943||54|01/01/2025|||YEAR_LAST_CONSTRUCTION
4130016000000|15.7|15.8|1943||54|01/01/2025|||YEAR_LAST_CONSTRUCTION
28100770000NB|4.2|4.3|1965||54|01/01/2025|||YEAR_LAST_CONSTRUCTION
28100770000NB|4.3|4.4|1965||54|01/01/2025|||YEAR_LAST_CONSTRUCTION
28100770000NB|4.4|4.5|1965||54|01/01/2025|||YEAR_LAST_CONSTRUCTION
28100770000NB|4.5|4.6|1965||54|01/01/2025|||YEAR_LAST_CONSTRUCTION
5530010000000|24.14|24.2|1921||54|01/01/2025|||YEAR_LAST_CONSTRUCTION
5530010000000|24.2|24.3|1921||54|01/01/2025|||YEAR_LAST_CONSTRUCTION
5530010000000|24.3|24.38|1921||54|01/01/2025|||YEAR_LAST_CONSTRUCTION
28100770000NB|4.6|4.7|1965||54|01/01/2025|||YEAR_LAST_CONSTRUCTION
28100770000NB|4.7|4.8|1965||54|01/01/2025|||YEAR_LAST_CONSTRUCTION
28100770000NB|4.8|4.9|1965||54|01/01/2025|||YEAR_LAST_CONSTRUCTION
28100770000NB|4.9|5.0|1965||54|01/01/2025|||YEAR_LAST_CONSTRUCTION
28100770000NB|5.0|5.1|1965||54|01/01/2025|||YEAR_LAST_CONSTRUCTION
28100770000NB|5.1|5.12|1965||54|01/01/2025|||YEAR_LAST_CONSTRUCTION
28100770000NB|8.3|8.98|1965||54|01/01/2025|||YEAR_LAST_CONSTRUCTION
28200190000NB|1.316|1.32|1921||54|01/01/2025|||YEAR_LAST_CONSTRUCTION
28200190000NB|1.32|2.088|1921||54|01/01/2025|||YEAR_LAST_CONSTRUCTION
28200190000NB|6.01|6.1|1921||54|01/01/2025|||YEAR_LAST_CONSTRUCTION
28200190000NB|6.1|6.2|1921||54|01/01/2025|||YEAR_LAST_CONSTRUCTION
28200190000NB|6.2|6.3|1921||54|01/01/2025|||YEAR_LAST_CONSTRUCTION
28200190000NB|6.3|6.4|1921||54|01/01/2025|||YEAR_LAST_CONSTRUCTION
28200190000NB|6.4|6.5|1921||54|01/01/2025|||YEAR_LAST_CONSTRUCTION
28200190000NB|6.5|6.6|1921||54|01/01/2025|||YEAR_LAST_CONSTRUCTION
28200190000NB|6.6|6.7|1921||54|01/01/2025|||YEAR_LAST_CONSTRUCTION
28200190000NB|6.7|6.8|1921||54|01/01/2025|||YEAR_LAST_CONSTRUCTION
28200190000NB|6.8|6.9|1921||54|01/01/2025|||YEAR_LAST_CONSTRUCTION
28200190000NB|6.9|7.0|1921||54|01/01/2025|||YEAR_LAST_CONSTRUCTION
28200190000NB|7.0|7.1|1921||54|01/01/2025|||YEAR_LAST_CONSTRUCTION
28200190000NB|7.1|7.2|1921||54|01/01/2025|||YEAR_LAST_CONSTRUCTION
28200190000NB|7.2|7.3|1921||54|01/01/2025|||YEAR_LAST_CONSTRUCTION
28200190000NB|7.3|7.4|1921||54|01/01/2025|||YEAR_LAST_CONSTRUCTION
28200190000NB|7.4|7.44|1921||54|01/01/2025|||YEAR_LAST_CONSTRUCTION
28200190000NB|10.69|10.7|1921||54|01/01/2025|||YEAR_LAST_CONSTRUCTION
28200190000NB|10.7|10.73|1921||54|01/01/2025|||YEAR_LAST_CONSTRUCTION
28200190000NB|10.73|10.76|1921||54|01/01/2025|||YEAR_LAST_CONSTRUCTION
4130016000000|15.8|15.81|1943||54|01/01/2025|||YEAR_LAST_CONSTRUCTION
4130016000000|14.72|14.8|1943||54|01/01/2025|||YEAR_LAST_CONSTRUCTION
28200190000NB|10.76|10.8|1921||54|01/01/2025|||YEAR_LAST_CONSTRUCTION
28200190000NB|10.8|10.9|1921||54|01/01/2025|||YEAR_LAST_CONSTRUCTION
28200190000NB|10.9|11.0|1921||54|01/01/2025|||YEAR_LAST_CONSTRUCTION
28200190000NB|11.0|11.1|1921||54|01/01/2025|||YEAR_LAST_CONSTRUCTION
28200190000NB|11.1|11.2|1921||54|01/01/2025|||YEAR_LAST_CONSTRUCTION
28200190000NB|11.2|11.3|1921||54|01/01/2025|||YEAR_LAST_CONSTRUCTION
28200190000NB|11.3|11.4|1921||54|01/01/2025|||YEAR_LAST_CONSTRUCTION
28200190000NB|11.4|11.5|1921||54|01/01/2025|||YEAR_LAST_CONSTRUCTION
28200190000NB|11.5|11.6|1921||54|01/01/2025|||YEAR_LAST_CONSTRUCTION
28200190000NB|11.6|11.63|1921||54|01/01/2025|||YEAR_LAST_CONSTRUCTION
28200190000NB|14.45|14.56|1921||54|01/01/2025|||YEAR_LAST_CONSTRUCTION
28200520000EB|6.96|7.0|1921||54|01/01/2025|||YEAR_LAST_CONSTRUCTION
28200520000EB|7.0|7.1|1921||54|01/01/2025|||YEAR_LAST_CONSTRUCTION
28200520000EB|7.1|7.2|1921||54|01/01/2025|||YEAR_LAST_CONSTRUCTION
28200520000EB|7.2|7.3|1921||54|01/01/2025|||YEAR_LAST_CONSTRUCTION
28200520000EB|7.3|7.4|1921||54|01/01/2025|||YEAR_LAST_CONSTRUCTION
28200520000EB|7.4|7.5|1921||54|01/01/2025|||YEAR_LAST_CONSTRUCTION
28200520000EB|7.5|7.6|1921||54|01/01/2025|||YEAR_LAST_CONSTRUCTION
28200520000EB|7.6|7.7|1921||54|01/01/2025|||YEAR_LAST_CONSTRUCTION
28200520000EB|7.7|7.76|1921||54|01/01/2025|||YEAR_LAST_CONSTRUCTION
28200520000EB|10.78|11.03|1921||54|01/01/2025|||YEAR_LAST_CONSTRUCTION
28200520000EB|12.01|12.97|1921||54|01/01/2025|||YEAR_LAST_CONSTRUCTION
28200520000EB|12.97|13.0|1921||54|01/01/2025|||YEAR_LAST_CONSTRUCTION
28200520000EB|13.0|13.1|1921||54|01/01/2025|||YEAR_LAST_CONSTRUCTION
4130016000000|14.8|14.9|1943||54|01/01/2025|||YEAR_LAST_CONSTRUCTION
4130016000000|14.9|15.0|1943||54|01/01/2025|||YEAR_LAST_CONSTRUCTION
28200520000EB|13.1|13.2|1921||54|01/01/2025|||YEAR_LAST_CONSTRUCTION
5530016000000|1.73|1.8|1943||54|01/01/2025|||YEAR_LAST_CONSTRUCTION
5530016000000|1.8|1.9|1943||54|01/01/2025|||YEAR_LAST_CONSTRUCTION
5530016000000|1.9|2.0|1943||54|01/01/2025|||YEAR_LAST_CONSTRUCTION
5530016000000|2.0|2.1|1943||54|01/01/2025|||YEAR_LAST_CONSTRUCTION
5530016000000|2.1|2.2|1943||54|01/01/2025|||YEAR_LAST_CONSTRUCTION
5530016000000|2.2|2.3|1943||54|01/01/2025|||YEAR_LAST_CONSTRUCTION
5530016000000|2.3|2.4|1943||54|01/01/2025|||YEAR_LAST_CONSTRUCTION
5530016000000|2.4|2.5|1943||54|01/01/2025|||YEAR_LAST_CONSTRUCTION
5530016000000|2.5|2.6|1943||54|01/01/2025|||YEAR_LAST_CONSTRUCTION
5530016000000|2.6|2.7|1943||54|01/01/2025|||YEAR_LAST_CONSTRUCTION
5530016000000|2.7|2.8|1943||54|01/01/2025|||YEAR_LAST_CONSTRUCTION
5530016000000|2.8|2.9|1943||54|01/01/2025|||YEAR_LAST_CONSTRUCTION
5530016000000|2.9|3.0|1943||54|01/01/2025|||YEAR_LAST_CONSTRUCTION
5530016000000|3.0|3.1|1943||54|01/01/2025|||YEAR_LAST_CONSTRUCTION
5530016000000|3.1|3.2|1943||54|01/01/2025|||YEAR_LAST_CONSTRUCTION
5530016000000|3.2|3.3|1943||54|01/01/2025|||YEAR_LAST_CONSTRUCTION
5530016000000|3.3|3.33|1943||54|01/01/2025|||YEAR_LAST_CONSTRUCTION
5530016000000|6.42|6.5|1943||54|01/01/2025|||YEAR_LAST_CONSTRUCTION
5530016000000|6.5|6.6|1943||54|01/01/2025|||YEAR_LAST_CONSTRUCTION
5530016000000|6.6|6.7|1943||54|01/01/2025|||YEAR_LAST_CONSTRUCTION
5530016000000|6.7|6.8|1943||54|01/01/2025|||YEAR_LAST_CONSTRUCTION
5530016000000|6.8|6.9|1943||54|01/01/2025|||YEAR_LAST_CONSTRUCTION
5530016000000|6.9|7.0|1943||54|01/01/2025|||YEAR_LAST_CONSTRUCTION
5530016000000|7.0|7.1|1943||54|01/01/2025|||YEAR_LAST_CONSTRUCTION
5530016000000|7.1|7.2|1943||54|01/01/2025|||YEAR_LAST_CONSTRUCTION
5530016000000|7.2|7.3|1943||54|01/01/2025|||YEAR_LAST_CONSTRUCTION
5530016000000|7.3|7.4|1943||54|01/01/2025|||YEAR_LAST_CONSTRUCTION
5530016000000|7.4|7.5|1943||54|01/01/2025|||YEAR_LAST_CONSTRUCTION
5530016000000|7.5|7.6|1943||54|01/01/2025|||YEAR_LAST_CONSTRUCTION
5530016000000|7.6|7.7|1943||54|01/01/2025|||YEAR_LAST_CONSTRUCTION
5530016000000|7.7|7.8|1943||54|01/01/2025|||YEAR_LAST_CONSTRUCTION
5530016000000|7.8|7.9|1943||54|01/01/2025|||YEAR_LAST_CONSTRUCTION
5530016000000|7.9|8.0|1943||54|01/01/2025|||YEAR_LAST_CONSTRUCTION
5530016000000|8.0|8.1|1943||54|01/01/2025|||YEAR_LAST_CONSTRUCTION
5530016000000|8.1|8.2|1943||54|01/01/2025|||YEAR_LAST_CONSTRUCTION
5530016000000|8.2|8.3|1943||54|01/01/2025|||YEAR_LAST_CONSTRUCTION
5530016000000|8.3|8.4|1943||54|01/01/2025|||YEAR_LAST_CONSTRUCTION
5530016000000|8.4|8.5|1943||54|01/01/2025|||YEAR_LAST_CONSTRUCTION
5530016000000|8.5|8.6|1943||54|01/01/2025|||YEAR_LAST_CONSTRUCTION
5530016000000|8.6|8.7|1943||54|01/01/2025|||YEAR_LAST_CONSTRUCTION
5530016000000|8.7|8.8|1943||54|01/01/2025|||YEAR_LAST_CONSTRUCTION
5530016000000|8.8|8.9|1943||54|01/01/2025|||YEAR_LAST_CONSTRUCTION
5530016000000|8.9|8.95|1943||54|01/01/2025|||YEAR_LAST_CONSTRUCTION
5530016000000|10.99|11.0|1943||54|01/01/2025|||YEAR_LAST_CONSTRUCTION
5530016000000|11.0|11.1|1943||54|01/01/2025|||YEAR_LAST_CONSTRUCTION
5530016000000|11.1|11.2|1943||54|01/01/2025|||YEAR_LAST_CONSTRUCTION
5530016000000|11.2|11.3|1943||54|01/01/2025|||YEAR_LAST_CONSTRUCTION
5530016000000|11.3|11.4|1943||54|01/01/2025|||YEAR_LAST_CONSTRUCTION
5530097000000|21.56|22.26|1971||54|01/01/2025|||YEAR_LAST_CONSTRUCTION
5530097000000|22.83|22.9|1971||54|01/01/2025|||YEAR_LAST_CONSTRUCTION
5530097000000|22.9|23.0|1971||54|01/01/2025|||YEAR_LAST_CONSTRUCTION
5530097000000|23.0|23.1|1971||54|01/01/2025|||YEAR_LAST_CONSTRUCTION
5530097000000|23.1|23.2|1971||54|01/01/2025|||YEAR_LAST_CONSTRUCTION
5530097000000|28.09|28.1|1971||54|01/01/2025|||YEAR_LAST_CONSTRUCTION
5530097000000|28.1|28.2|1971||54|01/01/2025|||YEAR_LAST_CONSTRUCTION
4130016000000|15.0|15.08|1943||54|01/01/2025|||YEAR_LAST_CONSTRUCTION
4130016000000|14.42|14.5|1943||54|01/01/2025|||YEAR_LAST_CONSTRUCTION
4130016000000|14.5|14.6|1943||54|01/01/2025|||YEAR_LAST_CONSTRUCTION
4130016000000|14.6|14.7|1943||54|01/01/2025|||YEAR_LAST_CONSTRUCTION
28200520000EB|13.2|13.3|1921||54|01/01/2025|||YEAR_LAST_CONSTRUCTION
28200520000EB|13.3|13.39|1921||54|01/01/2025|||YEAR_LAST_CONSTRUCTION
4130016000000|14.7|14.72|1943||54|01/01/2025|||YEAR_LAST_CONSTRUCTION
4130016000000|12.0|12.009|1943||54|01/01/2025|||YEAR_LAST_CONSTRUCTION
28200520000EB|13.44|13.5|1921||54|01/01/2025|||YEAR_LAST_CONSTRUCTION
28200520000EB|13.5|13.6|1921||54|01/01/2025|||YEAR_LAST_CONSTRUCTION
28200520000EB|13.6|13.67|1921||54|01/01/2025|||YEAR_LAST_CONSTRUCTION
28200520000EB|14.91|15.0|1921||54|01/01/2025|||YEAR_LAST_CONSTRUCTION
28200520000EB|15.0|15.1|1921||54|01/01/2025|||YEAR_LAST_CONSTRUCTION
4130016000000|12.009|12.1|1943||54|01/01/2025|||YEAR_LAST_CONSTRUCTION
4130016000000|12.1|12.2|1943||54|01/01/2025|||YEAR_LAST_CONSTRUCTION
4130016000000|12.2|12.3|1943||54|01/01/2025|||YEAR_LAST_CONSTRUCTION
4130016000000|12.3|12.4|1943||54|01/01/2025|||YEAR_LAST_CONSTRUCTION
4130016000000|12.4|12.5|1943||54|01/01/2025|||YEAR_LAST_CONSTRUCTION
4130016000000|12.5|12.6|1943||54|01/01/2025|||YEAR_LAST_CONSTRUCTION
4130016000000|12.6|12.7|1943||54|01/01/2025|||YEAR_LAST_CONSTRUCTION
4130016000000|12.7|12.8|1943||54|01/01/2025|||YEAR_LAST_CONSTRUCTION
4130016000000|12.8|12.9|1943||54|01/01/2025|||YEAR_LAST_CONSTRUCTION
4130016000000|12.9|13.0|1943||54|01/01/2025|||YEAR_LAST_CONSTRUCTION
4130016000000|13.0|13.1|1943||54|01/01/2025|||YEAR_LAST_CONSTRUCTION
4130016000000|13.1|13.2|1943||54|01/01/2025|||YEAR_LAST_CONSTRUCTION
4130016000000|13.2|13.3|1943||54|01/01/2025|||YEAR_LAST_CONSTRUCTION
4130016000000|13.3|13.4|1943||54|01/01/2025|||YEAR_LAST_CONSTRUCTION
4130016000000|13.4|13.5|1943||54|01/01/2025|||YEAR_LAST_CONSTRUCTION
4130016000000|13.5|13.6|1943||54|01/01/2025|||YEAR_LAST_CONSTRUCTION
4130016000000|13.6|13.7|1943||54|01/01/2025|||YEAR_LAST_CONSTRUCTION
4130016000000|13.7|13.8|1943||54|01/01/2025|||YEAR_LAST_CONSTRUCTION
4130016000000|13.8|13.9|1943||54|01/01/2025|||YEAR_LAST_CONSTRUCTION
4130016000000|13.9|14.0|1943||54|01/01/2025|||YEAR_LAST_CONSTRUCTION
4130016000000|14.0|14.1|1943||54|01/01/2025|||YEAR_LAST_CONSTRUCTION
4130016000000|14.1|14.12|1943||54|01/01/2025|||YEAR_LAST_CONSTRUCTION
4130016000000|8.47|9.485|1943||54|01/01/2025|||YEAR_LAST_CONSTRUCTION
4130041000000|1.99|2.0|1933||54|01/01/2025|||YEAR_LAST_CONSTRUCTION
4130041000000|2.0|2.1|1933||54|01/01/2025|||YEAR_LAST_CONSTRUCTION
4130041000000|2.1|2.19|1933||54|01/01/2025|||YEAR_LAST_CONSTRUCTION
4130041000000|0.0|0.71|1933||54|01/01/2025|||YEAR_LAST_CONSTRUCTION
4130054000000|10.316|10.33|1957||54|01/01/2025|||YEAR_LAST_CONSTRUCTION
4130054000000|7.98|8.0|1957||54|01/01/2025|||YEAR_LAST_CONSTRUCTION
4130054000000|8.0|8.1|1957||54|01/01/2025|||YEAR_LAST_CONSTRUCTION
4130054000000|8.1|8.2|1957||54|01/01/2025|||YEAR_LAST_CONSTRUCTION
4130054000000|8.2|8.3|1957||54|01/01/2025|||YEAR_LAST_CONSTRUCTION
4130054000000|8.3|8.4|1957||54|01/01/2025|||YEAR_LAST_CONSTRUCTION
4130054000000|8.4|8.5|1957||54|01/01/2025|||YEAR_LAST_CONSTRUCTION
4130054000000|8.5|8.6|1957||54|01/01/2025|||YEAR_LAST_CONSTRUCTION
4130054000000|8.6|8.7|1957||54|01/01/2025|||YEAR_LAST_CONSTRUCTION
4130054000000|8.7|8.8|1957||54|01/01/2025|||YEAR_LAST_CONSTRUCTION
4130054000000|8.8|8.821|1957||54|01/01/2025|||YEAR_LAST_CONSTRUCTION
4130054000000|7.1|7.2|1957||54|01/01/2025|||YEAR_LAST_CONSTRUCTION
4130054000000|7.2|7.3|1957||54|01/01/2025|||YEAR_LAST_CONSTRUCTION
4130054000000|7.3|7.4|1957||54|01/01/2025|||YEAR_LAST_CONSTRUCTION
4130054000000|7.4|7.41|1957||54|01/01/2025|||YEAR_LAST_CONSTRUCTION
4130054000000|6.54|6.6|1957||54|01/01/2025|||YEAR_LAST_CONSTRUCTION
4130054000000|6.6|6.7|1957||54|01/01/2025|||YEAR_LAST_CONSTRUCTION
4130054000000|6.7|6.8|1957||54|01/01/2025|||YEAR_LAST_CONSTRUCTION
4130054000000|6.8|6.9|1957||54|01/01/2025|||YEAR_LAST_CONSTRUCTION
4130054000000|6.9|7.0|1957||54|01/01/2025|||YEAR_LAST_CONSTRUCTION
4130054000000|7.0|7.1|1957||54|01/01/2025|||YEAR_LAST_CONSTRUCTION
4130054000000|6.35|6.4|1957||54|01/01/2025|||YEAR_LAST_CONSTRUCTION
4130054000000|6.4|6.5|1957||54|01/01/2025|||YEAR_LAST_CONSTRUCTION
4130054000000|6.5|6.54|1957||54|01/01/2025|||YEAR_LAST_CONSTRUCTION
4130054000000|4.86|4.9|1957||54|01/01/2025|||YEAR_LAST_CONSTRUCTION
4130054000000|4.9|5.0|1957||54|01/01/2025|||YEAR_LAST_CONSTRUCTION
4130054000000|5.0|5.1|1957||54|01/01/2025|||YEAR_LAST_CONSTRUCTION
4130054000000|5.1|5.2|1957||54|01/01/2025|||YEAR_LAST_CONSTRUCTION
4130054000000|5.2|5.3|1957||54|01/01/2025|||YEAR_LAST_CONSTRUCTION
4130054000000|5.3|5.4|1957||54|01/01/2025|||YEAR_LAST_CONSTRUCTION
4130054000000|5.4|5.5|1957||54|01/01/2025|||YEAR_LAST_CONSTRUCTION
4130054000000|5.5|5.6|1957||54|01/01/2025|||YEAR_LAST_CONSTRUCTION
28200520000EB|15.1|15.2|1921||54|01/01/2025|||YEAR_LAST_CONSTRUCTION
28200520000EB|15.2|15.3|1921||54|01/01/2025|||YEAR_LAST_CONSTRUCTION
4130054000000|5.6|5.7|1957||54|01/01/2025|||YEAR_LAST_CONSTRUCTION
4130054000000|5.7|5.72|1957||54|01/01/2025|||YEAR_LAST_CONSTRUCTION
4130054000000|2.48|2.5|1957||54|01/01/2025|||YEAR_LAST_CONSTRUCTION
4130054000000|2.5|2.6|1957||54|01/01/2025|||YEAR_LAST_CONSTRUCTION
4130054000000|2.6|2.7|1957||54|01/01/2025|||YEAR_LAST_CONSTRUCTION
4130054000000|2.7|2.8|1957||54|01/01/2025|||YEAR_LAST_CONSTRUCTION
4130054000000|2.8|2.9|1957||54|01/01/2025|||YEAR_LAST_CONSTRUCTION
4130054000000|2.9|3.0|1957||54|01/01/2025|||YEAR_LAST_CONSTRUCTION
4130054000000|3.0|3.1|1957||54|01/01/2025|||YEAR_LAST_CONSTRUCTION
4130054000000|3.1|3.2|1957||54|01/01/2025|||YEAR_LAST_CONSTRUCTION
4130054000000|3.2|3.3|1957||54|01/01/2025|||YEAR_LAST_CONSTRUCTION
4130054000000|3.3|3.4|1957||54|01/01/2025|||YEAR_LAST_CONSTRUCTION
4130054000000|3.4|3.5|1957||54|01/01/2025|||YEAR_LAST_CONSTRUCTION
4130054000000|3.5|3.6|1957||54|01/01/2025|||YEAR_LAST_CONSTRUCTION
4130054000000|3.6|3.7|1957||54|01/01/2025|||YEAR_LAST_CONSTRUCTION
4130054000000|3.7|3.8|1957||54|01/01/2025|||YEAR_LAST_CONSTRUCTION
4130054000000|3.8|3.9|1957||54|01/01/2025|||YEAR_LAST_CONSTRUCTION
4130054000000|3.9|4.0|1957||54|01/01/2025|||YEAR_LAST_CONSTRUCTION
4130054000000|4.0|4.1|1957||54|01/01/2025|||YEAR_LAST_CONSTRUCTION
4130054000000|4.1|4.2|1957||54|01/01/2025|||YEAR_LAST_CONSTRUCTION
4130054000000|4.2|4.3|1957||54|01/01/2025|||YEAR_LAST_CONSTRUCTION
4130054000000|4.3|4.4|1957||54|01/01/2025|||YEAR_LAST_CONSTRUCTION
4130054000000|4.4|4.5|1957||54|01/01/2025|||YEAR_LAST_CONSTRUCTION
4130054000000|4.5|4.6|1957||54|01/01/2025|||YEAR_LAST_CONSTRUCTION
4130054000000|4.6|4.7|1957||54|01/01/2025|||YEAR_LAST_CONSTRUCTION
4130054000000|4.7|4.8|1957||54|01/01/2025|||YEAR_LAST_CONSTRUCTION
4130054000000|4.8|4.86|1957||54|01/01/2025|||YEAR_LAST_CONSTRUCTION
4130061000000|2.604|3.29|1944||54|01/01/2025|||YEAR_LAST_CONSTRUCTION
4130210000000|1.89|2.79|1977||54|01/01/2025|||YEAR_LAST_CONSTRUCTION
4130210000000|1.2|1.89|1977||54|01/01/2025|||YEAR_LAST_CONSTRUCTION
4130307000000|7.42|8.45|1975||54|01/01/2025|||YEAR_LAST_CONSTRUCTION
4130307000000|4.55|5.59|1975||54|01/01/2025|||YEAR_LAST_CONSTRUCTION
4140001000000|3.4|4.14|1933||54|01/01/2025|||YEAR_LAST_CONSTRUCTION
4140001000000|1.95|3.4|1933||54|01/01/2025|||YEAR_LAST_CONSTRUCTION
4140003180000|2.77|3.51|1933||54|01/01/2025|||YEAR_LAST_CONSTRUCTION
4140004030000|0.0|0.47|1973||54|01/01/2025|||YEAR_LAST_CONSTRUCTION
4140006000000|0.91|1.13|1933||54|01/01/2025|||YEAR_LAST_CONSTRUCTION
4140006000000|0.0|0.14|1933||54|01/01/2025|||YEAR_LAST_CONSTRUCTION
4140006020000|1.57|1.69|1933||54|01/01/2025|||YEAR_LAST_CONSTRUCTION
4140006030000|0.53|1.48|1933||54|01/01/2025|||YEAR_LAST_CONSTRUCTION
4140006090000|0.6|1.37|1973||54|01/01/2025|||YEAR_LAST_CONSTRUCTION
4140008000000|0.19|0.75|1933||54|01/01/2025|||YEAR_LAST_CONSTRUCTION
4140008000000|0.0|0.11|1933||54|01/01/2025|||YEAR_LAST_CONSTRUCTION
28200520000EB|15.3|15.37|1921||54|01/01/2025|||YEAR_LAST_CONSTRUCTION
28200520004NB|0.0|0.1|1921||54|01/01/2025|||YEAR_LAST_CONSTRUCTION
28200520004NB|0.1|0.2|1921||54|01/01/2025|||YEAR_LAST_CONSTRUCTION
28200520004NB|0.2|0.22|1921||54|01/01/2025|||YEAR_LAST_CONSTRUCTION
28204600000EB|0.029|0.1|1922||54|01/01/2025|||YEAR_LAST_CONSTRUCTION
28204600000EB|0.1|0.2|1922||54|01/01/2025|||YEAR_LAST_CONSTRUCTION
28204600000EB|0.2|0.3|1922||54|01/01/2025|||YEAR_LAST_CONSTRUCTION
28204600000EB|0.3|0.4|1922||54|01/01/2025|||YEAR_LAST_CONSTRUCTION
28204600000EB|0.4|0.5|1922||54|01/01/2025|||YEAR_LAST_CONSTRUCTION
28204600000EB|0.5|0.6|1922||54|01/01/2025|||YEAR_LAST_CONSTRUCTION
28204600000EB|0.6|0.7|1922||54|01/01/2025|||YEAR_LAST_CONSTRUCTION
28204600000EB|0.7|0.8|1922||54|01/01/2025|||YEAR_LAST_CONSTRUCTION
28204600000EB|0.8|0.9|1922||54|01/01/2025|||YEAR_LAST_CONSTRUCTION
28204600000EB|0.9|1.0|1922||54|01/01/2025|||YEAR_LAST_CONSTRUCTION
28204600000EB|1.0|1.06|1922||54|01/01/2025|||YEAR_LAST_CONSTRUCTION
28204600000EB|2.9|3.0|1922||54|01/01/2025|||YEAR_LAST_CONSTRUCTION
28204600000EB|3.0|3.09|1922||54|01/01/2025|||YEAR_LAST_CONSTRUCTION
28204600000EB|4.29|4.3|1922||54|01/01/2025|||YEAR_LAST_CONSTRUCTION
28204600000EB|4.3|4.4|1922||54|01/01/2025|||YEAR_LAST_CONSTRUCTION
28204600000EB|4.4|4.5|1922||54|01/01/2025|||YEAR_LAST_CONSTRUCTION
28204600000EB|4.5|4.6|1922||54|01/01/2025|||YEAR_LAST_CONSTRUCTION
28204600000EB|4.6|4.7|1922||54|01/01/2025|||YEAR_LAST_CONSTRUCTION
28204600000EB|4.7|4.8|1922||54|01/01/2025|||YEAR_LAST_CONSTRUCTION
28204600000EB|4.8|4.9|1922||54|01/01/2025|||YEAR_LAST_CONSTRUCTION
28204600000EB|4.9|5.0|1922||54|01/01/2025|||YEAR_LAST_CONSTRUCTION
28204600000EB|5.0|5.1|1922||54|01/01/2025|||YEAR_LAST_CONSTRUCTION
28204600000EB|5.1|5.2|1922||54|01/01/2025|||YEAR_LAST_CONSTRUCTION
28204600000EB|5.2|5.3|1922||54|01/01/2025|||YEAR_LAST_CONSTRUCTION
28204600000EB|5.3|5.38|1922||54|01/01/2025|||YEAR_LAST_CONSTRUCTION
28204600000EB|13.48|13.5|1922||54|01/01/2025|||YEAR_LAST_CONSTRUCTION
28204600000EB|13.5|13.6|1922||54|01/01/2025|||YEAR_LAST_CONSTRUCTION
28204600000EB|13.6|13.7|1922||54|01/01/2025|||YEAR_LAST_CONSTRUCTION
28204600000EB|13.7|13.8|1922||54|01/01/2025|||YEAR_LAST_CONSTRUCTION
28204600000EB|13.8|13.9|1922||54|01/01/2025|||YEAR_LAST_CONSTRUCTION
28204600000EB|13.9|14.0|1922||54|01/01/2025|||YEAR_LAST_CONSTRUCTION
28204600000EB|14.0|14.1|1922||54|01/01/2025|||YEAR_LAST_CONSTRUCTION
28204600000EB|14.1|14.2|1922||54|01/01/2025|||YEAR_LAST_CONSTRUCTION
28204600000EB|14.2|14.3|1922||54|01/01/2025|||YEAR_LAST_CONSTRUCTION
28204600000EB|14.3|14.4|1922||54|01/01/2025|||YEAR_LAST_CONSTRUCTION
28204600000EB|14.4|14.5|1922||54|01/01/2025|||YEAR_LAST_CONSTRUCTION
28204600000EB|14.5|14.6|1922||54|01/01/2025|||YEAR_LAST_CONSTRUCTION
28204600000EB|14.6|14.7|1922||54|01/01/2025|||YEAR_LAST_CONSTRUCTION
28204600000EB|14.7|14.72|1922||54|01/01/2025|||YEAR_LAST_CONSTRUCTION
28204600000EB|14.72|14.8|1922||54|01/01/2025|||YEAR_LAST_CONSTRUCTION
4140008010000|1.02|1.6|1933||54|01/01/2025|||YEAR_LAST_CONSTRUCTION
4140008030000|0.0|0.65|1972||54|01/01/2025|||YEAR_LAST_CONSTRUCTION
4140009000000|5.28|5.54|1933||54|01/01/2025|||YEAR_LAST_CONSTRUCTION
4140009090000|0.0|1.81|1933||54|01/01/2025|||YEAR_LAST_CONSTRUCTION
4140011000000|0.0|1.26|1933||54|01/01/2025|||YEAR_LAST_CONSTRUCTION
28204600000EB|14.8|14.9|1922||54|01/01/2025|||YEAR_LAST_CONSTRUCTION
28204600000EB|14.9|15.0|1922||54|01/01/2025|||YEAR_LAST_CONSTRUCTION
28204600000EB|15.0|15.1|1922||54|01/01/2025|||YEAR_LAST_CONSTRUCTION
28204600000EB|15.1|15.15|1922||54|01/01/2025|||YEAR_LAST_CONSTRUCTION
2830020000000|4.23|5.2|1922||54|01/01/2025|||YEAR_LAST_CONSTRUCTION
2830020000000|10.32|11.4|1922||54|01/01/2025|||YEAR_LAST_CONSTRUCTION
2830020000000|12.05|12.78|1922||54|01/01/2025|||YEAR_LAST_CONSTRUCTION
4140016100000|0.53|0.9|1964||54|01/01/2025|||YEAR_LAST_CONSTRUCTION
4140016390000|0.0|0.64|1980||54|01/01/2025|||YEAR_LAST_CONSTRUCTION
4140018000000|3.51|4.41|1933||54|01/01/2025|||YEAR_LAST_CONSTRUCTION
4140018000000|3.0|3.51|1933||54|01/01/2025|||YEAR_LAST_CONSTRUCTION
4140019210000|3.73|5.14|1933||54|01/01/2025|||YEAR_LAST_CONSTRUCTION
4140025000000|3.7|5.9|1933||54|01/01/2025|||YEAR_LAST_CONSTRUCTION
4140030000000|4.27|4.52|1933||54|01/01/2025|||YEAR_LAST_CONSTRUCTION
4140041210000|0.0|1.63|1980||54|01/01/2025|||YEAR_LAST_CONSTRUCTION
4140048000000|0.0|1.9|1933||54|01/01/2025|||YEAR_LAST_CONSTRUCTION
2430083000000|0.0|0.1|1929||54|01/01/2025|||YEAR_LAST_CONSTRUCTION
2430083000000|0.1|0.2|1929||54|01/01/2025|||YEAR_LAST_CONSTRUCTION
2430083000000|0.2|0.3|1929||54|01/01/2025|||YEAR_LAST_CONSTRUCTION
2430083000000|0.3|0.4|1929||54|01/01/2025|||YEAR_LAST_CONSTRUCTION
2430083000000|0.4|0.5|1929||54|01/01/2025|||YEAR_LAST_CONSTRUCTION
2430083000000|0.5|0.6|1929||54|01/01/2025|||YEAR_LAST_CONSTRUCTION
2430083000000|0.6|0.7|1929||54|01/01/2025|||YEAR_LAST_CONSTRUCTION
2430083000000|0.7|0.8|1929||54|01/01/2025|||YEAR_LAST_CONSTRUCTION
2430083000000|0.8|0.9|1929||54|01/01/2025|||YEAR_LAST_CONSTRUCTION
2430083000000|0.9|1.0|1929||54|01/01/2025|||YEAR_LAST_CONSTRUCTION
2430083000000|1.0|1.1|1929||54|01/01/2025|||YEAR_LAST_CONSTRUCTION
2430083000000|1.1|1.2|1929||54|01/01/2025|||YEAR_LAST_CONSTRUCTION
2430083000000|1.2|1.3|1929||54|01/01/2025|||YEAR_LAST_CONSTRUCTION
2430083000000|1.3|1.4|1929||54|01/01/2025|||YEAR_LAST_CONSTRUCTION
2430083000000|1.4|1.5|1929||54|01/01/2025|||YEAR_LAST_CONSTRUCTION
2430083000000|1.5|1.6|1929||54|01/01/2025|||YEAR_LAST_CONSTRUCTION
2430083000000|1.6|1.7|1929||54|01/01/2025|||YEAR_LAST_CONSTRUCTION
2430083000000|1.7|1.8|1929||54|01/01/2025|||YEAR_LAST_CONSTRUCTION
2430083000000|1.8|1.9|1929||54|01/01/2025|||YEAR_LAST_CONSTRUCTION
2430083000000|1.9|2.0|1929||54|01/01/2025|||YEAR_LAST_CONSTRUCTION
2430083000000|2.0|2.1|1929||54|01/01/2025|||YEAR_LAST_CONSTRUCTION
2430083000000|2.1|2.2|1929||54|01/01/2025|||YEAR_LAST_CONSTRUCTION
2430083000000|2.2|2.3|1929||54|01/01/2025|||YEAR_LAST_CONSTRUCTION
2430083000000|2.3|2.4|1929||54|01/01/2025|||YEAR_LAST_CONSTRUCTION
2430083000000|2.4|2.5|1929||54|01/01/2025|||YEAR_LAST_CONSTRUCTION
2430083000000|2.5|2.6|1929||54|01/01/2025|||YEAR_LAST_CONSTRUCTION
2430083000000|2.6|2.7|1929||54|01/01/2025|||YEAR_LAST_CONSTRUCTION
2430083000000|2.7|2.8|1929||54|01/01/2025|||YEAR_LAST_CONSTRUCTION
2430083000000|2.8|2.9|1929||54|01/01/2025|||YEAR_LAST_CONSTRUCTION
2430083000000|2.9|3.0|1929||54|01/01/2025|||YEAR_LAST_CONSTRUCTION
2430083000000|3.0|3.1|1929||54|01/01/2025|||YEAR_LAST_CONSTRUCTION
2430083000000|3.1|3.2|1929||54|01/01/2025|||YEAR_LAST_CONSTRUCTION
2430083000000|3.2|3.3|1929||54|01/01/2025|||YEAR_LAST_CONSTRUCTION
2430083000000|3.3|3.4|1929||54|01/01/2025|||YEAR_LAST_CONSTRUCTION
2430083000000|3.4|3.5|1929||54|01/01/2025|||YEAR_LAST_CONSTRUCTION
2430083000000|3.5|3.6|1929||54|01/01/2025|||YEAR_LAST_CONSTRUCTION
2430083000000|3.6|3.7|1929||54|01/01/2025|||YEAR_LAST_CONSTRUCTION
2430083000000|3.7|3.8|1929||54|01/01/2025|||YEAR_LAST_CONSTRUCTION
2430083000000|3.8|3.9|1929||54|01/01/2025|||YEAR_LAST_CONSTRUCTION
2430083000000|3.9|4.0|1929||54|01/01/2025|||YEAR_LAST_CONSTRUCTION
2430083000000|4.0|4.1|1929||54|01/01/2025|||YEAR_LAST_CONSTRUCTION
2430083000000|4.1|4.2|1929||54|01/01/2025|||YEAR_LAST_CONSTRUCTION
2430083000000|4.2|4.3|1929||54|01/01/2025|||YEAR_LAST_CONSTRUCTION
2430083000000|4.3|4.4|1929||54|01/01/2025|||YEAR_LAST_CONSTRUCTION
2430083000000|4.4|4.5|1929||54|01/01/2025|||YEAR_LAST_CONSTRUCTION
2430083000000|4.5|4.6|1929||54|01/01/2025|||YEAR_LAST_CONSTRUCTION
2430083000000|4.6|4.7|1929||54|01/01/2025|||YEAR_LAST_CONSTRUCTION
2430083000000|4.7|4.8|1929||54|01/01/2025|||YEAR_LAST_CONSTRUCTION
2430083000000|4.8|4.9|1929||54|01/01/2025|||YEAR_LAST_CONSTRUCTION
2430083000000|4.9|5.0|1929||54|01/01/2025|||YEAR_LAST_CONSTRUCTION
2430083000000|5.0|5.1|1929||54|01/01/2025|||YEAR_LAST_CONSTRUCTION
2430083000000|5.1|5.2|1929||54|01/01/2025|||YEAR_LAST_CONSTRUCTION
2430083000000|5.2|5.3|1929||54|01/01/2025|||YEAR_LAST_CONSTRUCTION
2430083000000|5.3|5.4|1929||54|01/01/2025|||YEAR_LAST_CONSTRUCTION
2430083000000|5.4|5.5|1929||54|01/01/2025|||YEAR_LAST_CONSTRUCTION
2430083000000|5.5|5.6|1929||54|01/01/2025|||YEAR_LAST_CONSTRUCTION
2430083000000|5.6|5.7|1929||54|01/01/2025|||YEAR_LAST_CONSTRUCTION
2430083000000|5.7|5.8|1929||54|01/01/2025|||YEAR_LAST_CONSTRUCTION
2430083000000|5.8|5.9|1929||54|01/01/2025|||YEAR_LAST_CONSTRUCTION
2430083000000|5.9|6.0|1929||54|01/01/2025|||YEAR_LAST_CONSTRUCTION
2430083000000|6.0|6.1|1929||54|01/01/2025|||YEAR_LAST_CONSTRUCTION
2430083000000|6.1|6.2|1929||54|01/01/2025|||YEAR_LAST_CONSTRUCTION
2430083000000|6.2|6.3|1929||54|01/01/2025|||YEAR_LAST_CONSTRUCTION
2430083000000|6.3|6.4|1929||54|01/01/2025|||YEAR_LAST_CONSTRUCTION
2430083000000|6.4|6.42|1929||54|01/01/2025|||YEAR_LAST_CONSTRUCTION
2430083000000|6.42|6.5|1929||54|01/01/2025|||YEAR_LAST_CONSTRUCTION
2430083000000|6.5|6.6|1929||54|01/01/2025|||YEAR_LAST_CONSTRUCTION
2430083000000|6.6|6.7|1929||54|01/01/2025|||YEAR_LAST_CONSTRUCTION
2430083000000|6.7|6.8|1929||54|01/01/2025|||YEAR_LAST_CONSTRUCTION
2430083000000|6.8|6.9|1929||54|01/01/2025|||YEAR_LAST_CONSTRUCTION
2430083000000|6.9|7.0|1929||54|01/01/2025|||YEAR_LAST_CONSTRUCTION
2430083000000|7.0|7.1|1929||54|01/01/2025|||YEAR_LAST_CONSTRUCTION
2430083000000|7.1|7.2|1929||54|01/01/2025|||YEAR_LAST_CONSTRUCTION
2430083000000|7.2|7.3|1929||54|01/01/2025|||YEAR_LAST_CONSTRUCTION
2430083000000|7.3|7.4|1929||54|01/01/2025|||YEAR_LAST_CONSTRUCTION
2430083000000|7.4|7.46|1929||54|01/01/2025|||YEAR_LAST_CONSTRUCTION
2430083000000|7.94|8.0|1929||54|01/01/2025|||YEAR_LAST_CONSTRUCTION
2430083000000|8.0|8.06|1929||54|01/01/2025|||YEAR_LAST_CONSTRUCTION
2430083000000|14.092|14.1|1929||54|01/01/2025|||YEAR_LAST_CONSTRUCTION
2430083000000|14.1|14.2|1929||54|01/01/2025|||YEAR_LAST_CONSTRUCTION
2430083000000|14.2|14.3|1929||54|01/01/2025|||YEAR_LAST_CONSTRUCTION
2430083000000|14.3|14.4|1929||54|01/01/2025|||YEAR_LAST_CONSTRUCTION
2430083000000|14.4|14.5|1929||54|01/01/2025|||YEAR_LAST_CONSTRUCTION
2430083000000|14.5|14.6|1929||54|01/01/2025|||YEAR_LAST_CONSTRUCTION
2430083000000|14.6|14.7|1929||54|01/01/2025|||YEAR_LAST_CONSTRUCTION
2430083000000|14.7|14.8|1929||54|01/01/2025|||YEAR_LAST_CONSTRUCTION
2430083000000|14.8|14.9|1929||54|01/01/2025|||YEAR_LAST_CONSTRUCTION
2430083000000|14.9|15.0|1929||54|01/01/2025|||YEAR_LAST_CONSTRUCTION
2430083000000|15.0|15.1|1929||54|01/01/2025|||YEAR_LAST_CONSTRUCTION
2430083000000|15.1|15.2|1929||54|01/01/2025|||YEAR_LAST_CONSTRUCTION
2430083000000|15.2|15.3|1929||54|01/01/2025|||YEAR_LAST_CONSTRUCTION
2430083000000|15.3|15.4|1929||54|01/01/2025|||YEAR_LAST_CONSTRUCTION
2430083000000|15.4|15.5|1929||54|01/01/2025|||YEAR_LAST_CONSTRUCTION
2430083000000|15.5|15.6|1929||54|01/01/2025|||YEAR_LAST_CONSTRUCTION
2430083000000|15.6|15.7|1929||54|01/01/2025|||YEAR_LAST_CONSTRUCTION
2430083000000|15.7|15.8|1929||54|01/01/2025|||YEAR_LAST_CONSTRUCTION
2430083000000|15.8|15.9|1929||54|01/01/2025|||YEAR_LAST_CONSTRUCTION
2430083000000|15.9|16.0|1929||54|01/01/2025|||YEAR_LAST_CONSTRUCTION
2430083000000|16.0|16.1|1929||54|01/01/2025|||YEAR_LAST_CONSTRUCTION
2430083000000|16.1|16.2|1929||54|01/01/2025|||YEAR_LAST_CONSTRUCTION
2430083000000|16.2|16.3|1929||54|01/01/2025|||YEAR_LAST_CONSTRUCTION
2430083000000|16.3|16.4|1929||54|01/01/2025|||YEAR_LAST_CONSTRUCTION
2430083000000|16.4|16.5|1929||54|01/01/2025|||YEAR_LAST_CONSTRUCTION
2430083000000|16.5|16.6|1929||54|01/01/2025|||YEAR_LAST_CONSTRUCTION
2430083000000|16.6|16.7|1929||54|01/01/2025|||YEAR_LAST_CONSTRUCTION
2430083000000|16.7|16.8|1929||54|01/01/2025|||YEAR_LAST_CONSTRUCTION
2430083000000|16.8|16.9|1929||54|01/01/2025|||YEAR_LAST_CONSTRUCTION
2430083000000|16.9|17.0|1929||54|01/01/2025|||YEAR_LAST_CONSTRUCTION
2430083000000|17.0|17.1|1929||54|01/01/2025|||YEAR_LAST_CONSTRUCTION
2430083000000|17.1|17.2|1929||54|01/01/2025|||YEAR_LAST_CONSTRUCTION
2430083000000|17.2|17.3|1929||54|01/01/2025|||YEAR_LAST_CONSTRUCTION
2430083000000|17.3|17.4|1929||54|01/01/2025|||YEAR_LAST_CONSTRUCTION
2430083000000|17.4|17.5|1929||54|01/01/2025|||YEAR_LAST_CONSTRUCTION
2430083000000|17.5|17.6|1929||54|01/01/2025|||YEAR_LAST_CONSTRUCTION
2430083000000|17.6|17.7|1929||54|01/01/2025|||YEAR_LAST_CONSTRUCTION
2430083000000|17.7|17.8|1929||54|01/01/2025|||YEAR_LAST_CONSTRUCTION
2430083000000|17.8|17.9|1929||54|01/01/2025|||YEAR_LAST_CONSTRUCTION
2430083000000|17.9|18.0|1929||54|01/01/2025|||YEAR_LAST_CONSTRUCTION
2430083000000|18.0|18.01|1929||54|01/01/2025|||YEAR_LAST_CONSTRUCTION
2830104000000|1.65|1.93|1974||54|01/01/2025|||YEAR_LAST_CONSTRUCTION
2830104000000|1.93|1.95|1974||54|01/01/2025|||YEAR_LAST_CONSTRUCTION
2830104000000|1.95|2.65|1974||54|01/01/2025|||YEAR_LAST_CONSTRUCTION
2830108000000|0.0|0.623|2024||54|01/01/2025|||YEAR_LAST_CONSTRUCTION
2830108000000|0.623|0.796|2024||54|01/01/2025|||YEAR_LAST_CONSTRUCTION
2830108000000|0.796|0.85|2024||54|01/01/2025|||YEAR_LAST_CONSTRUCTION
2830108000000|0.85|0.955|2024||54|01/01/2025|||YEAR_LAST_CONSTRUCTION
2830108000000|0.955|1.1|2024||54|01/01/2025|||YEAR_LAST_CONSTRUCTION
2830108000000|1.1|1.487|2024||54|01/01/2025|||YEAR_LAST_CONSTRUCTION
2830108000000|1.487|1.627|2024||54|01/01/2025|||YEAR_LAST_CONSTRUCTION
2830108000000|1.627|2.053|2024||54|01/01/2025|||YEAR_LAST_CONSTRUCTION
2830108000000|2.053|2.173|2024||54|01/01/2025|||YEAR_LAST_CONSTRUCTION
2830108000000|2.173|2.43|2024||54|01/01/2025|||YEAR_LAST_CONSTRUCTION
2830598000000|2.4|2.5|1980||54|01/01/2025|||YEAR_LAST_CONSTRUCTION
2830598000000|2.5|2.59|1980||54|01/01/2025|||YEAR_LAST_CONSTRUCTION
2830598000000|2.59|2.6|1980||54|01/01/2025|||YEAR_LAST_CONSTRUCTION
2830598000000|2.6|2.7|1980||54|01/01/2025|||YEAR_LAST_CONSTRUCTION
2830598000000|2.7|2.8|1980||54|01/01/2025|||YEAR_LAST_CONSTRUCTION
2830598000000|2.8|2.9|1980||54|01/01/2025|||YEAR_LAST_CONSTRUCTION
2830598000000|2.9|2.98|1980||54|01/01/2025|||YEAR_LAST_CONSTRUCTION
2840007050000|0.0|0.324|1933||54|01/01/2025|||YEAR_LAST_CONSTRUCTION
2840007050000|0.324|0.343|1933||54|01/01/2025|||YEAR_LAST_CONSTRUCTION
2840007050000|0.343|1.11|1933||54|01/01/2025|||YEAR_LAST_CONSTRUCTION
2840007050000|1.11|1.83|1933||54|01/01/2025|||YEAR_LAST_CONSTRUCTION
2840007050000|1.836|2.1|1933||54|01/01/2025|||YEAR_LAST_CONSTRUCTION
2840011000000|0.08|0.58|1933||54|01/01/2025|||YEAR_LAST_CONSTRUCTION
2840011000000|0.58|2.5|1933||54|01/01/2025|||YEAR_LAST_CONSTRUCTION
2840014000000|0.0|0.63|1933||54|01/01/2025|||YEAR_LAST_CONSTRUCTION
2840016000000|1.7|2.5|1933||54|01/01/2025|||YEAR_LAST_CONSTRUCTION
2840016000000|2.5|2.508|1933||54|01/01/2025|||YEAR_LAST_CONSTRUCTION
2840016010000|0.59|0.74|1933||54|01/01/2025|||YEAR_LAST_CONSTRUCTION
2840016100000|0.0|0.66|1972||54|01/01/2025|||YEAR_LAST_CONSTRUCTION
2840019290000|0.0|2.54|1975||54|01/01/2025|||YEAR_LAST_CONSTRUCTION
2840019290000|2.54|3.32|1975||54|01/01/2025|||YEAR_LAST_CONSTRUCTION
2840021010000|0.0|0.89|1933||54|01/01/2025|||YEAR_LAST_CONSTRUCTION
2840024000000|0.0|0.3|1933||54|01/01/2025|||YEAR_LAST_CONSTRUCTION
2840025000000|0.0|0.57|1933||54|01/01/2025|||YEAR_LAST_CONSTRUCTION
2840025000000|0.57|1.53|1933||54|01/01/2025|||YEAR_LAST_CONSTRUCTION
2840025000000|4.24|4.96|1933||54|01/01/2025|||YEAR_LAST_CONSTRUCTION
2840027000000|2.12|2.59|1933||54|01/01/2025|||YEAR_LAST_CONSTRUCTION
2440009000000|7.87|9.2|1933||54|01/01/2025|||YEAR_LAST_CONSTRUCTION
5530097000000|28.2|28.3|1971||54|01/01/2025|||YEAR_LAST_CONSTRUCTION
5530097000000|28.3|28.4|1971||54|01/01/2025|||YEAR_LAST_CONSTRUCTION
5530097000000|28.4|28.5|1971||54|01/01/2025|||YEAR_LAST_CONSTRUCTION
5530097000000|28.5|28.6|1971||54|01/01/2025|||YEAR_LAST_CONSTRUCTION
5530097000000|28.6|28.7|1971||54|01/01/2025|||YEAR_LAST_CONSTRUCTION
5530097000000|28.7|28.8|1971||54|01/01/2025|||YEAR_LAST_CONSTRUCTION
5530097000000|28.8|28.9|1971||54|01/01/2025|||YEAR_LAST_CONSTRUCTION
5530097000000|28.9|29.0|1971||54|01/01/2025|||YEAR_LAST_CONSTRUCTION
5530097000000|29.0|29.1|1971||54|01/01/2025|||YEAR_LAST_CONSTRUCTION
5530097000000|29.1|29.2|1971||54|01/01/2025|||YEAR_LAST_CONSTRUCTION
5530097000000|29.2|29.3|1971||54|01/01/2025|||YEAR_LAST_CONSTRUCTION
5530097000000|29.3|29.4|1971||54|01/01/2025|||YEAR_LAST_CONSTRUCTION
5530097000000|29.4|29.5|1971||54|01/01/2025|||YEAR_LAST_CONSTRUCTION
5530097000000|29.5|29.6|1971||54|01/01/2025|||YEAR_LAST_CONSTRUCTION
5530097000000|29.6|29.7|1971||54|01/01/2025|||YEAR_LAST_CONSTRUCTION
5530097000000|29.7|29.8|1971||54|01/01/2025|||YEAR_LAST_CONSTRUCTION
5530097000000|29.8|29.9|1971||54|01/01/2025|||YEAR_LAST_CONSTRUCTION
5530097000000|29.9|30.0|1971||54|01/01/2025|||YEAR_LAST_CONSTRUCTION
5530097000000|30.0|30.1|1971||54|01/01/2025|||YEAR_LAST_CONSTRUCTION
5530097000000|30.1|30.2|1971||54|01/01/2025|||YEAR_LAST_CONSTRUCTION
5530097000000|30.2|30.3|1971||54|01/01/2025|||YEAR_LAST_CONSTRUCTION
5530097000000|30.3|30.4|1971||54|01/01/2025|||YEAR_LAST_CONSTRUCTION
5530097000000|30.4|30.5|1971||54|01/01/2025|||YEAR_LAST_CONSTRUCTION
5530097000000|30.5|30.6|1971||54|01/01/2025|||YEAR_LAST_CONSTRUCTION
5530097000000|30.6|30.7|1971||54|01/01/2025|||YEAR_LAST_CONSTRUCTION
5530097000000|30.7|30.8|1971||54|01/01/2025|||YEAR_LAST_CONSTRUCTION
5530097000000|30.8|30.9|1971||54|01/01/2025|||YEAR_LAST_CONSTRUCTION
5530097000000|30.9|31.0|1971||54|01/01/2025|||YEAR_LAST_CONSTRUCTION
5530097000000|31.0|31.1|1971||54|01/01/2025|||YEAR_LAST_CONSTRUCTION
5530097000000|31.1|31.2|1971||54|01/01/2025|||YEAR_LAST_CONSTRUCTION
5530097000000|31.2|31.3|1971||54|01/01/2025|||YEAR_LAST_CONSTRUCTION
5530097000000|31.3|31.4|1971||54|01/01/2025|||YEAR_LAST_CONSTRUCTION
5530097000000|31.4|31.5|1971||54|01/01/2025|||YEAR_LAST_CONSTRUCTION
5530097000000|31.5|31.6|1971||54|01/01/2025|||YEAR_LAST_CONSTRUCTION
5530097000000|31.6|31.7|1971||54|01/01/2025|||YEAR_LAST_CONSTRUCTION
5530097000000|31.7|31.8|1971||54|01/01/2025|||YEAR_LAST_CONSTRUCTION
5530097000000|31.8|31.9|1971||54|01/01/2025|||YEAR_LAST_CONSTRUCTION
5530097000000|31.9|32.0|1971||54|01/01/2025|||YEAR_LAST_CONSTRUCTION
5530097000000|32.0|32.1|1971||54|01/01/2025|||YEAR_LAST_CONSTRUCTION
5530097000000|32.1|32.2|1971||54|01/01/2025|||YEAR_LAST_CONSTRUCTION
5530097000000|32.2|32.3|1971||54|01/01/2025|||YEAR_LAST_CONSTRUCTION
5530097000000|32.3|32.4|1971||54|01/01/2025|||YEAR_LAST_CONSTRUCTION
5530097000000|32.4|32.5|1971||54|01/01/2025|||YEAR_LAST_CONSTRUCTION
5530097000000|32.5|32.512|1971||54|01/01/2025|||YEAR_LAST_CONSTRUCTION
5530097000000|32.512|32.6|1971||54|01/01/2025|||YEAR_LAST_CONSTRUCTION
5530097000000|32.6|32.7|1971||54|01/01/2025|||YEAR_LAST_CONSTRUCTION
5530097000000|32.7|32.8|1971||54|01/01/2025|||YEAR_LAST_CONSTRUCTION
5530097000000|32.8|32.88|1971||54|01/01/2025|||YEAR_LAST_CONSTRUCTION
45100640000EB|138.01|138.1|1989||54|01/01/2025|||YEAR_LAST_CONSTRUCTION
45100640000EB|138.1|138.2|1989||54|01/01/2025|||YEAR_LAST_CONSTRUCTION
45100640000EB|138.2|138.3|1989||54|01/01/2025|||YEAR_LAST_CONSTRUCTION
45100640000EB|138.3|138.38|1989||54|01/01/2025|||YEAR_LAST_CONSTRUCTION
45100640000EB|138.38|138.4|1989||54|01/01/2025|||YEAR_LAST_CONSTRUCTION
45100640000EB|138.4|138.5|1989||54|01/01/2025|||YEAR_LAST_CONSTRUCTION
45100640000EB|138.5|143.2|1989||54|01/01/2025|||YEAR_LAST_CONSTRUCTION
45100640000EB|143.2|143.75|1989||54|01/01/2025|||YEAR_LAST_CONSTRUCTION
13100640000EB|147.93|148.0|1964||54|01/01/2025|||YEAR_LAST_CONSTRUCTION
13100640000EB|148.0|148.1|1964||54|01/01/2025|||YEAR_LAST_CONSTRUCTION
13100640000EB|148.1|148.2|1964||54|01/01/2025|||YEAR_LAST_CONSTRUCTION
13100640000EB|148.2|148.3|1964||54|01/01/2025|||YEAR_LAST_CONSTRUCTION
13100640000EB|148.3|148.4|1964||54|01/01/2025|||YEAR_LAST_CONSTRUCTION
13100640000EB|148.4|148.5|1964||54|01/01/2025|||YEAR_LAST_CONSTRUCTION
13100640000EB|148.5|148.6|1964||54|01/01/2025|||YEAR_LAST_CONSTRUCTION
13100640000EB|148.6|148.7|1964||54|01/01/2025|||YEAR_LAST_CONSTRUCTION
13100640000EB|148.7|148.8|1964||54|01/01/2025|||YEAR_LAST_CONSTRUCTION
13100640000EB|148.8|148.9|1964||54|01/01/2025|||YEAR_LAST_CONSTRUCTION
13100640000EB|148.9|149.0|1964||54|01/01/2025|||YEAR_LAST_CONSTRUCTION
13100640000EB|149.0|149.1|1964||54|01/01/2025|||YEAR_LAST_CONSTRUCTION
13100640000EB|149.1|149.2|1964||54|01/01/2025|||YEAR_LAST_CONSTRUCTION
13100640000EB|149.2|149.3|1964||54|01/01/2025|||YEAR_LAST_CONSTRUCTION
13100640000EB|149.3|149.4|1964||54|01/01/2025|||YEAR_LAST_CONSTRUCTION
13100640000EB|149.4|149.5|1964||54|01/01/2025|||YEAR_LAST_CONSTRUCTION
13100640000EB|149.5|149.6|1964||54|01/01/2025|||YEAR_LAST_CONSTRUCTION
13100640000EB|149.6|149.7|1964||54|01/01/2025|||YEAR_LAST_CONSTRUCTION
13100640000EB|149.7|149.8|1964||54|01/01/2025|||YEAR_LAST_CONSTRUCTION
13100640000EB|149.8|149.84|1964||54|01/01/2025|||YEAR_LAST_CONSTRUCTION
13100640000EB|149.84|149.9|1964||54|01/01/2025|||YEAR_LAST_CONSTRUCTION
13100640000EB|149.9|150.0|1964||54|01/01/2025|||YEAR_LAST_CONSTRUCTION
13100640000EB|150.0|150.1|1964||54|01/01/2025|||YEAR_LAST_CONSTRUCTION
13100640000EB|150.1|150.2|1964||54|01/01/2025|||YEAR_LAST_CONSTRUCTION
13100640000EB|150.2|150.3|1964||54|01/01/2025|||YEAR_LAST_CONSTRUCTION
13100640000EB|150.3|150.4|1964||54|01/01/2025|||YEAR_LAST_CONSTRUCTION
13100640000EB|150.4|150.5|1964||54|01/01/2025|||YEAR_LAST_CONSTRUCTION
13100640000EB|150.5|150.6|1964||54|01/01/2025|||YEAR_LAST_CONSTRUCTION
13100640000EB|150.6|150.7|1964||54|01/01/2025|||YEAR_LAST_CONSTRUCTION
13100640000EB|150.7|150.8|1964||54|01/01/2025|||YEAR_LAST_CONSTRUCTION
13100640000EB|150.8|150.9|1964||54|01/01/2025|||YEAR_LAST_CONSTRUCTION
13100640000EB|150.9|151.0|1964||54|01/01/2025|||YEAR_LAST_CONSTRUCTION
13100640000EB|151.0|151.1|1964||54|01/01/2025|||YEAR_LAST_CONSTRUCTION
13100640000EB|151.1|151.2|1964||54|01/01/2025|||YEAR_LAST_CONSTRUCTION
13100640000EB|151.2|151.3|1964||54|01/01/2025|||YEAR_LAST_CONSTRUCTION
13100640000EB|151.3|151.4|1964||54|01/01/2025|||YEAR_LAST_CONSTRUCTION
13100640000EB|151.4|151.5|1964||54|01/01/2025|||YEAR_LAST_CONSTRUCTION
13100640000EB|151.5|151.6|1964||54|01/01/2025|||YEAR_LAST_CONSTRUCTION
13100640000EB|151.6|151.7|1964||54|01/01/2025|||YEAR_LAST_CONSTRUCTION
13100640000EB|151.7|151.8|1964||54|01/01/2025|||YEAR_LAST_CONSTRUCTION
13100640000EB|151.8|151.9|1964||54|01/01/2025|||YEAR_LAST_CONSTRUCTION
13100640000EB|151.9|152.0|1964||54|01/01/2025|||YEAR_LAST_CONSTRUCTION
13100640000EB|152.0|152.1|1964||54|01/01/2025|||YEAR_LAST_CONSTRUCTION
13100640000EB|152.1|152.2|1964||54|01/01/2025|||YEAR_LAST_CONSTRUCTION
13100640000EB|152.2|152.3|1964||54|01/01/2025|||YEAR_LAST_CONSTRUCTION
13100640000EB|152.3|152.4|1964||54|01/01/2025|||YEAR_LAST_CONSTRUCTION
13100640000EB|152.4|152.5|1964||54|01/01/2025|||YEAR_LAST_CONSTRUCTION
13100640000EB|152.5|152.6|1964||54|01/01/2025|||YEAR_LAST_CONSTRUCTION
13100640000EB|152.6|152.7|1964||54|01/01/2025|||YEAR_LAST_CONSTRUCTION
13100640000EB|152.7|152.8|1964||54|01/01/2025|||YEAR_LAST_CONSTRUCTION
13100640000EB|152.8|152.9|1964||54|01/01/2025|||YEAR_LAST_CONSTRUCTION
13100640000EB|152.9|153.0|1964||54|01/01/2025|||YEAR_LAST_CONSTRUCTION
13100640000EB|153.0|153.1|1964||54|01/01/2025|||YEAR_LAST_CONSTRUCTION
13100640000EB|153.1|153.2|1964||54|01/01/2025|||YEAR_LAST_CONSTRUCTION
13100640000EB|153.2|153.3|1964||54|01/01/2025|||YEAR_LAST_CONSTRUCTION
13100640000EB|153.3|153.4|1964||54|01/01/2025|||YEAR_LAST_CONSTRUCTION
13100640000EB|153.4|153.5|1964||54|01/01/2025|||YEAR_LAST_CONSTRUCTION
13100640000EB|153.5|153.6|1964||54|01/01/2025|||YEAR_LAST_CONSTRUCTION
13100640000EB|153.6|153.7|1964||54|01/01/2025|||YEAR_LAST_CONSTRUCTION
13100640000EB|153.7|153.8|1964||54|01/01/2025|||YEAR_LAST_CONSTRUCTION
13100640000EB|153.8|153.9|1964||54|01/01/2025|||YEAR_LAST_CONSTRUCTION
13100640000EB|153.9|154.0|1964||54|01/01/2025|||YEAR_LAST_CONSTRUCTION
13100640000EB|154.0|154.1|1964||54|01/01/2025|||YEAR_LAST_CONSTRUCTION
13100640000EB|154.1|154.2|1964||54|01/01/2025|||YEAR_LAST_CONSTRUCTION
13100640000EB|154.2|154.3|1964||54|01/01/2025|||YEAR_LAST_CONSTRUCTION
13100640000EB|154.3|154.4|1964||54|01/01/2025|||YEAR_LAST_CONSTRUCTION
13100640000EB|154.4|154.5|1964||54|01/01/2025|||YEAR_LAST_CONSTRUCTION
13100640000EB|154.5|154.6|1964||54|01/01/2025|||YEAR_LAST_CONSTRUCTION
13100640000EB|154.6|154.7|1964||54|01/01/2025|||YEAR_LAST_CONSTRUCTION
13100640000EB|154.7|154.8|1964||54|01/01/2025|||YEAR_LAST_CONSTRUCTION
13100640000EB|154.8|154.9|1964||54|01/01/2025|||YEAR_LAST_CONSTRUCTION
13100640000EB|154.9|155.0|1964||54|01/01/2025|||YEAR_LAST_CONSTRUCTION
13100640000EB|155.0|155.1|1964||54|01/01/2025|||YEAR_LAST_CONSTRUCTION
13100640000EB|155.1|155.2|1964||54|01/01/2025|||YEAR_LAST_CONSTRUCTION
13100640000EB|155.2|155.3|1964||54|01/01/2025|||YEAR_LAST_CONSTRUCTION
13100640000EB|155.3|155.4|1964||54|01/01/2025|||YEAR_LAST_CONSTRUCTION
13100640000EB|155.4|155.5|1964||54|01/01/2025|||YEAR_LAST_CONSTRUCTION
2030622000000|1.96|2.13|1975||54|01/01/2025|||YEAR_LAST_CONSTRUCTION
2030622000000|2.13|2.23|1975||54|01/01/2025|||YEAR_LAST_CONSTRUCTION
2030622000000|2.32|2.72|1975||54|01/01/2025|||YEAR_LAST_CONSTRUCTION
2030622000000|2.72|3.79|1975||54|01/01/2025|||YEAR_LAST_CONSTRUCTION
2030622000000|4.23|5.57|1975||54|01/01/2025|||YEAR_LAST_CONSTRUCTION
2030622000000|13.94|16.86|1975||54|01/01/2025|||YEAR_LAST_CONSTRUCTION
2040114010000|0.0|0.1|1945||54|01/01/2025|||YEAR_LAST_CONSTRUCTION
2040114010000|0.1|0.2|1945||54|01/01/2025|||YEAR_LAST_CONSTRUCTION
2040114010000|0.2|0.3|1945||54|01/01/2025|||YEAR_LAST_CONSTRUCTION
2040114010000|0.3|0.4|1945||54|01/01/2025|||YEAR_LAST_CONSTRUCTION
2040114010000|0.4|0.5|1945||54|01/01/2025|||YEAR_LAST_CONSTRUCTION
2040114010000|0.5|0.6|1945||54|01/01/2025|||YEAR_LAST_CONSTRUCTION
2040114010000|0.6|0.7|1945||54|01/01/2025|||YEAR_LAST_CONSTRUCTION
2040114010000|0.7|0.8|1945||54|01/01/2025|||YEAR_LAST_CONSTRUCTION
2040114010000|0.8|0.9|1945||54|01/01/2025|||YEAR_LAST_CONSTRUCTION
2040114010000|0.9|1.0|1945||54|01/01/2025|||YEAR_LAST_CONSTRUCTION
2040114010000|1.0|1.07|1945||54|01/01/2025|||YEAR_LAST_CONSTRUCTION
20100770000NB|97.22|98.17|1958||54|01/01/2025|||YEAR_LAST_CONSTRUCTION
20100770000NB|99.12|100.07|1958||54|01/01/2025|||YEAR_LAST_CONSTRUCTION
20100770000NB|100.07|100.28|1958||54|01/01/2025|||YEAR_LAST_CONSTRUCTION
20100770000NB|100.884|101.0|1958||54|01/01/2025|||YEAR_LAST_CONSTRUCTION
20100770000NB|101.0|101.08|1958||54|01/01/2025|||YEAR_LAST_CONSTRUCTION
20100770000NB|101.65|102.16|1958||54|01/01/2025|||YEAR_LAST_CONSTRUCTION
20100770000NB|103.69|104.81|1958||54|01/01/2025|||YEAR_LAST_CONSTRUCTION
20100770000NB|104.81|105.002|1958||54|01/01/2025|||YEAR_LAST_CONSTRUCTION
20100770000NB|106.17|107.6|1958||54|01/01/2025|||YEAR_LAST_CONSTRUCTION
20100770000NB|107.6|110.13|1958||54|01/01/2025|||YEAR_LAST_CONSTRUCTION
20100770000NB|110.13|110.78|1958||54|01/01/2025|||YEAR_LAST_CONSTRUCTION
20100770000NB|110.78|111.16|1958||54|01/01/2025|||YEAR_LAST_CONSTRUCTION
20100770000NB|111.16|112.52|1958||54|01/01/2025|||YEAR_LAST_CONSTRUCTION
20100770000NB|112.52|113.47|1958||54|01/01/2025|||YEAR_LAST_CONSTRUCTION
20100770000NB|113.47|114.59|1958||54|01/01/2025|||YEAR_LAST_CONSTRUCTION
20100770000NB|114.59|116.05|1958||54|01/01/2025|||YEAR_LAST_CONSTRUCTION
20100770000NB|116.05|116.66|1958||54|01/01/2025|||YEAR_LAST_CONSTRUCTION
20100770000NB|116.66|117.2|1958||54|01/01/2025|||YEAR_LAST_CONSTRUCTION
20100770000NB|117.2|117.5|1958||54|01/01/2025|||YEAR_LAST_CONSTRUCTION
2040006060000|0.8|1.16|1949||54|01/01/2025|||YEAR_LAST_CONSTRUCTION
2040006060000|1.16|2.24|1949||54|01/01/2025|||YEAR_LAST_CONSTRUCTION
2040006060000|2.24|3.11|1949||54|01/01/2025|||YEAR_LAST_CONSTRUCTION
2040006060000|3.7|5.75|1949||54|01/01/2025|||YEAR_LAST_CONSTRUCTION
2040039000000|7.15|8.83|1933||54|01/01/2025|||YEAR_LAST_CONSTRUCTION
40100640000EB|31.77|32.57|1958||54|01/01/2025|||YEAR_LAST_CONSTRUCTION
40100640000EB|32.57|33.45|1958||54|01/01/2025|||YEAR_LAST_CONSTRUCTION
40100640000EB|33.45|34.45|1958||54|01/01/2025|||YEAR_LAST_CONSTRUCTION
40100640000EB|34.45|36.27|1958||54|01/01/2025|||YEAR_LAST_CONSTRUCTION
40100640000EB|38.54|38.68|1958||54|01/01/2025|||YEAR_LAST_CONSTRUCTION
40100640000EB|39.134|40.4|1958||54|01/01/2025|||YEAR_LAST_CONSTRUCTION
40100640000EB|40.46|40.568|1958||54|01/01/2025|||YEAR_LAST_CONSTRUCTION
40100640000EB|41.25|41.546|1958||54|01/01/2025|||YEAR_LAST_CONSTRUCTION
40100640000EB|41.546|41.547|1958||54|01/01/2025|||YEAR_LAST_CONSTRUCTION
40100640000EB|41.646|41.66|1958||54|01/01/2025|||YEAR_LAST_CONSTRUCTION
40100640000EB|41.66|41.86|1958||54|01/01/2025|||YEAR_LAST_CONSTRUCTION
40100640000EB|42.79|43.77|1958||54|01/01/2025|||YEAR_LAST_CONSTRUCTION
40100640000EB|43.77|43.8|1958||54|01/01/2025|||YEAR_LAST_CONSTRUCTION
40100640000EB|43.8|44.47|1958||54|01/01/2025|||YEAR_LAST_CONSTRUCTION
40100640000EB|44.47|44.78|1958||54|01/01/2025|||YEAR_LAST_CONSTRUCTION
40100640000EB|44.78|45.39|1958||54|01/01/2025|||YEAR_LAST_CONSTRUCTION
2030114000000|0.5|1.44|1945||54|01/01/2025|||YEAR_LAST_CONSTRUCTION
2040043000000|0.427|1.27|1933||54|01/01/2025|||YEAR_LAST_CONSTRUCTION
2030006000000|0.0|0.1|1957||54|01/01/2025|||YEAR_LAST_CONSTRUCTION
2030006000000|0.1|0.19|1957||54|01/01/2025|||YEAR_LAST_CONSTRUCTION
20300610006EB|0.0|0.19|2024||54|01/01/2025|||YEAR_LAST_CONSTRUCTION
4040012000000|4.71|8.19|1933||54|01/01/2025|||YEAR_LAST_CONSTRUCTION
4040012000000|8.19|10.77|1933||54|01/01/2025|||YEAR_LAST_CONSTRUCTION
4040012000000|10.77|12.37|1933||54|01/01/2025|||YEAR_LAST_CONSTRUCTION
2040025250000|0.0|0.15|1969||54|01/01/2025|||YEAR_LAST_CONSTRUCTION
2040025250000|0.15|2.17|1969||54|01/01/2025|||YEAR_LAST_CONSTRUCTION
2040012000000|0.0|2.55|1933||54|01/01/2025|||YEAR_LAST_CONSTRUCTION
2040012000000|3.6|4.14|1933||54|01/01/2025|||YEAR_LAST_CONSTRUCTION
2040012000000|4.55|5.1|1933||54|01/01/2025|||YEAR_LAST_CONSTRUCTION
2030601000000|0.0|0.95|1975||54|01/01/2025|||YEAR_LAST_CONSTRUCTION
2030214000000|8.0|8.12|1921||54|01/01/2025|||YEAR_LAST_CONSTRUCTION
0330003000000|8.17|11.14|1921||54|01/01/2025|||YEAR_LAST_CONSTRUCTION
2040060630000|0.06|0.354|1977||54|01/01/2025|||YEAR_LAST_CONSTRUCTION
2040022000000|0.86|1.19|1933||54|01/01/2025|||YEAR_LAST_CONSTRUCTION
20201190000NB|14.22|14.3|1921||54|01/01/2025|||YEAR_LAST_CONSTRUCTION
20201190000NB|14.3|14.4|1921||54|01/01/2025|||YEAR_LAST_CONSTRUCTION
20201190000NB|14.4|14.5|1921||54|01/01/2025|||YEAR_LAST_CONSTRUCTION
20201190000NB|14.5|14.6|1921||54|01/01/2025|||YEAR_LAST_CONSTRUCTION
20201190000NB|14.6|14.7|1921||54|01/01/2025|||YEAR_LAST_CONSTRUCTION
20201190000NB|14.7|14.8|1921||54|01/01/2025|||YEAR_LAST_CONSTRUCTION
20201190000NB|14.8|14.9|1921||54|01/01/2025|||YEAR_LAST_CONSTRUCTION
20201190000NB|14.9|15.0|1921||54|01/01/2025|||YEAR_LAST_CONSTRUCTION
20201190000NB|15.0|15.1|1921||54|01/01/2025|||YEAR_LAST_CONSTRUCTION
20201190000NB|15.1|15.2|1921||54|01/01/2025|||YEAR_LAST_CONSTRUCTION
20201190000NB|15.2|15.3|1921||54|01/01/2025|||YEAR_LAST_CONSTRUCTION
20201190000NB|15.3|15.4|1921||54|01/01/2025|||YEAR_LAST_CONSTRUCTION
20201190000NB|15.4|15.5|1921||54|01/01/2025|||YEAR_LAST_CONSTRUCTION
20201190000NB|15.5|15.6|1921||54|01/01/2025|||YEAR_LAST_CONSTRUCTION
20201190000NB|15.6|15.7|1921||54|01/01/2025|||YEAR_LAST_CONSTRUCTION
20201190000NB|15.7|15.8|1921||54|01/01/2025|||YEAR_LAST_CONSTRUCTION
20201190000NB|15.8|15.9|1921||54|01/01/2025|||YEAR_LAST_CONSTRUCTION
20201190000NB|15.9|16.0|1921||54|01/01/2025|||YEAR_LAST_CONSTRUCTION
20201190000NB|16.0|16.1|1921||54|01/01/2025|||YEAR_LAST_CONSTRUCTION
20201190000NB|16.1|16.2|1921||54|01/01/2025|||YEAR_LAST_CONSTRUCTION
20201190000NB|16.2|16.28|1921||54|01/01/2025|||YEAR_LAST_CONSTRUCTION
20201190000NB|17.615|17.64|1921||54|01/01/2025|||YEAR_LAST_CONSTRUCTION
20100640000EB|45.39|45.4|1963||54|01/01/2025|||YEAR_LAST_CONSTRUCTION
20100640000EB|45.4|47.44|1963||54|01/01/2025|||YEAR_LAST_CONSTRUCTION
20100640000EB|48.4|49.75|1963||54|01/01/2025|||YEAR_LAST_CONSTRUCTION
20100640000EB|49.75|50.11|1963||54|01/01/2025|||YEAR_LAST_CONSTRUCTION
20100640000EB|51.56|52.38|1963||54|01/01/2025|||YEAR_LAST_CONSTRUCTION
20100640000EB|53.75|54.3|1963||54|01/01/2025|||YEAR_LAST_CONSTRUCTION
20100640000EB|54.3|54.37|1963||54|01/01/2025|||YEAR_LAST_CONSTRUCTION
20100640000EB|54.37|54.4|1963||54|01/01/2025|||YEAR_LAST_CONSTRUCTION
20100640000EB|54.4|54.8|1963||54|01/01/2025|||YEAR_LAST_CONSTRUCTION
20100640000EB|54.8|55.21|1963||54|01/01/2025|||YEAR_LAST_CONSTRUCTION
20100640000EB|55.21|56.33|1963||54|01/01/2025|||YEAR_LAST_CONSTRUCTION
20100640000EB|56.33|57.02|1963||54|01/01/2025|||YEAR_LAST_CONSTRUCTION
20100640000EB|57.02|57.48|1963||54|01/01/2025|||YEAR_LAST_CONSTRUCTION
20100640000EB|57.48|57.92|1963||54|01/01/2025|||YEAR_LAST_CONSTRUCTION
2030025000000|2.46|2.68|1933||54|01/01/2025|||YEAR_LAST_CONSTRUCTION
2030025000000|3.89|5.11|1933||54|01/01/2025|||YEAR_LAST_CONSTRUCTION
2030025000000|9.42|10.42|1933||54|01/01/2025|||YEAR_LAST_CONSTRUCTION
20100640006EB|0.0|0.2|2009||54|01/01/2025|||YEAR_LAST_CONSTRUCTION
20100640006EB|0.2|0.3|2009||54|01/01/2025|||YEAR_LAST_CONSTRUCTION
0830036000000|2.48|4.2|1921||54|01/01/2025|||YEAR_LAST_CONSTRUCTION
20200600000EB|2.44|2.86|1921||54|01/01/2025|||YEAR_LAST_CONSTRUCTION
20200600000EB|6.2|6.92|1921||54|01/01/2025|||YEAR_LAST_CONSTRUCTION
20200600000EB|6.92|7.07|1921||54|01/01/2025|||YEAR_LAST_CONSTRUCTION
20200600000EB|9.19|10.9|1921||54|01/01/2025|||YEAR_LAST_CONSTRUCTION
20200600000EB|14.84|16.0|1921||54|01/01/2025|||YEAR_LAST_CONSTRUCTION
20200600000EB|16.07|16.48|1921||54|01/01/2025|||YEAR_LAST_CONSTRUCTION
20200600000EB|18.64|20.08|1921||54|01/01/2025|||YEAR_LAST_CONSTRUCTION
20200600000EB|20.62|20.826|1921||54|01/01/2025|||YEAR_LAST_CONSTRUCTION
20200600000EB|23.08|23.52|1921||54|01/01/2025|||YEAR_LAST_CONSTRUCTION
20200600000EB|28.43|29.18|1921||54|01/01/2025|||YEAR_LAST_CONSTRUCTION
27200350000NB|9.534|9.644|1921||54|01/01/2025|||YEAR_LAST_CONSTRUCTION
27200350000NB|9.644|10.26|1921||54|01/01/2025|||YEAR_LAST_CONSTRUCTION
27200350000NB|11.422|11.532|1921||54|01/01/2025|||YEAR_LAST_CONSTRUCTION
27200350000NB|11.532|11.76|1921||54|01/01/2025|||YEAR_LAST_CONSTRUCTION
27200350000NB|15.918|16.293|1921||54|01/01/2025|||YEAR_LAST_CONSTRUCTION
27200350000NB|16.293|16.41|1921||54|01/01/2025|||YEAR_LAST_CONSTRUCTION
27200350000NB|16.41|16.47|1921||54|01/01/2025|||YEAR_LAST_CONSTRUCTION
27200350000NB|16.507|16.6|1921||54|01/01/2025|||YEAR_LAST_CONSTRUCTION
27200350000NB|16.6|16.64|1921||54|01/01/2025|||YEAR_LAST_CONSTRUCTION
27200350000NB|16.64|17.102|1921||54|01/01/2025|||YEAR_LAST_CONSTRUCTION
27200350000NB|17.226|17.28|1921||54|01/01/2025|||YEAR_LAST_CONSTRUCTION
27200350000NB|17.28|17.39|1921||54|01/01/2025|||YEAR_LAST_CONSTRUCTION
27200350000NB|17.632|17.753|1921||54|01/01/2025|||YEAR_LAST_CONSTRUCTION
4040031000000|0.0|0.3|1933||54|01/01/2025|||YEAR_LAST_CONSTRUCTION
2040025470000|0.1|0.36|1983||54|01/01/2025|||YEAR_LAST_CONSTRUCTION
2040025470000|0.36|0.57|1983||54|01/01/2025|||YEAR_LAST_CONSTRUCTION
4040025020000|0.28|0.38|1933||54|01/01/2025|||YEAR_LAST_CONSTRUCTION
4040025020000|0.38|0.52|1933||54|01/01/2025|||YEAR_LAST_CONSTRUCTION
0330085000000|10.67|13.13|1962||54|01/01/2025|||YEAR_LAST_CONSTRUCTION
0330085000000|34.05|34.35|1962||54|01/01/2025|||YEAR_LAST_CONSTRUCTION
2730062000000|19.72|20.33|1921||54|01/01/2025|||YEAR_LAST_CONSTRUCTION
2730062000000|20.33|20.53|1921||54|01/01/2025|||YEAR_LAST_CONSTRUCTION
2730062000000|20.55|21.94|1921||54|01/01/2025|||YEAR_LAST_CONSTRUCTION
2040020000000|2.07|2.2|1933||54|01/01/2025|||YEAR_LAST_CONSTRUCTION
20201190023NB|0.0|0.51|2017||54|01/01/2025|||YEAR_LAST_CONSTRUCTION
20201190023NB|0.7|1.17|2017||54|01/01/2025|||YEAR_LAST_CONSTRUCTION
4030817000000|8.81|10.62|2010||54|01/01/2025|||YEAR_LAST_CONSTRUCTION
40200350000NB|0.29|0.65|1921||54|01/01/2025|||YEAR_LAST_CONSTRUCTION
40200350000NB|1.36|1.6|1921||54|01/01/2025|||YEAR_LAST_CONSTRUCTION
40200350000NB|1.64|2.06|1921||54|01/01/2025|||YEAR_LAST_CONSTRUCTION
40200350000NB|2.1|2.3|1921||54|01/01/2025|||YEAR_LAST_CONSTRUCTION
40200350000NB|2.3|2.532|1921||54|01/01/2025|||YEAR_LAST_CONSTRUCTION
0330094000000|0.0|3.01|1921||54|01/01/2025|||YEAR_LAST_CONSTRUCTION
4040046000000|2.55|3.42|1933||54|01/01/2025|||YEAR_LAST_CONSTRUCTION
2730002000000|1.39|3.15|1921||54|01/01/2025|||YEAR_LAST_CONSTRUCTION
2730002000000|13.72|15.93|1921||54|01/01/2025|||YEAR_LAST_CONSTRUCTION
2730002000000|15.93|18.05|1921||54|01/01/2025|||YEAR_LAST_CONSTRUCTION
2730002000000|18.91|19.89|1921||54|01/01/2025|||YEAR_LAST_CONSTRUCTION
2730002000000|20.141|20.36|1921||54|01/01/2025|||YEAR_LAST_CONSTRUCTION
2730002000000|20.36|20.42|1921||54|01/01/2025|||YEAR_LAST_CONSTRUCTION
2730002000000|20.57|20.72|1921||54|01/01/2025|||YEAR_LAST_CONSTRUCTION
2730002000000|20.72|20.88|1921||54|01/01/2025|||YEAR_LAST_CONSTRUCTION
2730002000000|21.0|21.29|1921||54|01/01/2025|||YEAR_LAST_CONSTRUCTION
2730002000000|21.29|22.2|1921||54|01/01/2025|||YEAR_LAST_CONSTRUCTION
2730002000000|24.16|24.79|1921||54|01/01/2025|||YEAR_LAST_CONSTRUCTION
2040028000000|4.95|5.91|1933||54|01/01/2025|||YEAR_LAST_CONSTRUCTION
2040028000000|5.91|7.37|1933||54|01/01/2025|||YEAR_LAST_CONSTRUCTION
4040050000000|13.38|14.06|1933||54|01/01/2025|||YEAR_LAST_CONSTRUCTION
2040027000000|5.07|7.24|1933||54|01/01/2025|||YEAR_LAST_CONSTRUCTION
2040008000000|0.86|1.17|1933||54|01/01/2025|||YEAR_LAST_CONSTRUCTION
4030025000000|0.0|0.63|1933||54|01/01/2025|||YEAR_LAST_CONSTRUCTION
0830004000000|15.75|19.01|1921||54|01/01/2025|||YEAR_LAST_CONSTRUCTION
0830004000000|21.98|22.98|1921||54|01/01/2025|||YEAR_LAST_CONSTRUCTION
2040016000000|4.25|5.42|1933||54|01/01/2025|||YEAR_LAST_CONSTRUCTION
4030034000000|14.57|14.97|1921||54|01/01/2025|||YEAR_LAST_CONSTRUCTION
4030034000000|15.27|15.39|1921||54|01/01/2025|||YEAR_LAST_CONSTRUCTION
4030034000000|15.68|17.018|1921||54|01/01/2025|||YEAR_LAST_CONSTRUCTION
4030034000000|17.018|17.081|1921||54|01/01/2025|||YEAR_LAST_CONSTRUCTION
4030034000000|17.081|18.41|1921||54|01/01/2025|||YEAR_LAST_CONSTRUCTION
4030034000000|18.41|19.87|1921||54|01/01/2025|||YEAR_LAST_CONSTRUCTION
2030062000000|0.87|1.66|1969||54|01/01/2025|||YEAR_LAST_CONSTRUCTION
2030062000000|7.93|8.26|1969||54|01/01/2025|||YEAR_LAST_CONSTRUCTION
20200600007WB|7.93|8.1|1979||54|01/01/2025|||YEAR_LAST_CONSTRUCTION
2040160070000|0.0|0.27|1997||54|01/01/2025|||YEAR_LAST_CONSTRUCTION
2040160070000|0.27|0.51|1997||54|01/01/2025|||YEAR_LAST_CONSTRUCTION
0340006000000|2.99|5.53|1933||54|01/01/2025|||YEAR_LAST_CONSTRUCTION
20100790000NB|0.0|0.8|1969||54|01/01/2025|||YEAR_LAST_CONSTRUCTION
20100790000NB|0.8|0.81|1969||54|01/01/2025|||YEAR_LAST_CONSTRUCTION
20100790000NB|0.81|0.9|1969||54|01/01/2025|||YEAR_LAST_CONSTRUCTION
20100790000NB|0.9|1.95|1969||54|01/01/2025|||YEAR_LAST_CONSTRUCTION
20100790000NB|4.51|5.42|1969||54|01/01/2025|||YEAR_LAST_CONSTRUCTION
20100790000NB|5.42|5.56|1969||54|01/01/2025|||YEAR_LAST_CONSTRUCTION
20100790000NB|5.56|6.12|1969||54|01/01/2025|||YEAR_LAST_CONSTRUCTION
20100790000NB|6.82|7.19|1969||54|01/01/2025|||YEAR_LAST_CONSTRUCTION
20100790000NB|9.97|10.64|1969||54|01/01/2025|||YEAR_LAST_CONSTRUCTION
20100790000NB|10.64|15.6|1969||54|01/01/2025|||YEAR_LAST_CONSTRUCTION
20100790000NB|15.6|16.04|1969||54|01/01/2025|||YEAR_LAST_CONSTRUCTION
20100790000NB|16.04|16.1|1969||54|01/01/2025|||YEAR_LAST_CONSTRUCTION
20100790000NB|16.1|16.2|1969||54|01/01/2025|||YEAR_LAST_CONSTRUCTION
20100790000NB|16.2|19.22|1969||54|01/01/2025|||YEAR_LAST_CONSTRUCTION
20100790000NB|19.22|20.6|1969||54|01/01/2025|||YEAR_LAST_CONSTRUCTION
20100790000NB|20.6|20.62|1969||54|01/01/2025|||YEAR_LAST_CONSTRUCTION
20100790000NB|20.62|20.7|1969||54|01/01/2025|||YEAR_LAST_CONSTRUCTION
20100790000NB|20.7|21.28|1969||54|01/01/2025|||YEAR_LAST_CONSTRUCTION
2040026000000|4.62|4.96|1933||54|01/01/2025|||YEAR_LAST_CONSTRUCTION
2040046000000|0.0|0.41|1933||54|01/01/2025|||YEAR_LAST_CONSTRUCTION
2040060280000|0.0|0.55|1933||54|01/01/2025|||YEAR_LAST_CONSTRUCTION
2040060640000|0.0|0.35|1978||54|01/01/2025|||YEAR_LAST_CONSTRUCTION
2040025260000|0.0|0.31|1971||54|01/01/2025|||YEAR_LAST_CONSTRUCTION
2040025260000|0.4|0.71|1971||54|01/01/2025|||YEAR_LAST_CONSTRUCTION
2040060020000|2.13|3.0|1933||54|01/01/2025|||YEAR_LAST_CONSTRUCTION
03201190000NB|0.0|2.93|1921||54|01/01/2025|||YEAR_LAST_CONSTRUCTION
03201190000NB|9.44|11.49|1921||54|01/01/2025|||YEAR_LAST_CONSTRUCTION
03201190000NB|11.49|12.36|1921||54|01/01/2025|||YEAR_LAST_CONSTRUCTION
03201190000NB|12.36|12.83|1921||54|01/01/2025|||YEAR_LAST_CONSTRUCTION
03201190000NB|12.83|13.54|1921||54|01/01/2025|||YEAR_LAST_CONSTRUCTION
03201190000NB|16.97|17.8|1921||54|01/01/2025|||YEAR_LAST_CONSTRUCTION
03201190000NB|17.8|17.83|1921||54|01/01/2025|||YEAR_LAST_CONSTRUCTION
2740035110000|0.0|0.37|2000||54|01/01/2025|||YEAR_LAST_CONSTRUCTION
2040012010000|0.0|0.6|1933||54|01/01/2025|||YEAR_LAST_CONSTRUCTION
08100790000NB|36.0|39.91|1968||54|01/01/2025|||YEAR_LAST_CONSTRUCTION
08100790000NB|39.91|40.0|1968||54|01/01/2025|||YEAR_LAST_CONSTRUCTION
08100790000NB|40.0|41.43|1968||54|01/01/2025|||YEAR_LAST_CONSTRUCTION
08100790000NB|41.43|44.6|1968||54|01/01/2025|||YEAR_LAST_CONSTRUCTION
0340005000000|5.42|6.96|1933||54|01/01/2025|||YEAR_LAST_CONSTRUCTION
0340005000000|15.1|17.57|1933||54|01/01/2025|||YEAR_LAST_CONSTRUCTION
2040049000000|0.68|1.17|1933||54|01/01/2025|||YEAR_LAST_CONSTRUCTION
2030061000000|20.18|20.38|1921||54|01/01/2025|||YEAR_LAST_CONSTRUCTION
2030061000000|20.73|21.07|1921||54|01/01/2025|||YEAR_LAST_CONSTRUCTION
2030061000000|21.07|21.2|1921||54|01/01/2025|||YEAR_LAST_CONSTRUCTION
2030061000000|23.75|25.8|1921||54|01/01/2025|||YEAR_LAST_CONSTRUCTION
2030061000000|28.36|28.44|1921||54|01/01/2025|||YEAR_LAST_CONSTRUCTION
0330099000000|0.0|1.84|1963||54|01/01/2025|||YEAR_LAST_CONSTRUCTION
0830016000000|19.19|20.35|1921||54|01/01/2025|||YEAR_LAST_CONSTRUCTION
0673317001900|0.0|0.24|2009||54|01/01/2025|||YEAR_LAST_CONSTRUCTION
06200600001EB|0.0|0.1|1995||54|01/01/2025|||YEAR_LAST_CONSTRUCTION
06200600001EB|0.1|0.2|1995||54|01/01/2025|||YEAR_LAST_CONSTRUCTION
06200600001EB|0.2|0.3|1995||54|01/01/2025|||YEAR_LAST_CONSTRUCTION
06200600001EB|0.3|0.39|1995||54|01/01/2025|||YEAR_LAST_CONSTRUCTION
0673281001900|0.19|0.48|2015||54|01/01/2025|||YEAR_LAST_CONSTRUCTION
23200520000EB|0.0|0.43|1921||54|01/01/2025|||YEAR_LAST_CONSTRUCTION
0630002001300|0.0|0.1|1970||54|01/01/2025|||YEAR_LAST_CONSTRUCTION
0630002001300|0.1|0.17|1970||54|01/01/2025|||YEAR_LAST_CONSTRUCTION
5040012000000|2.367|3.176|1933||54|01/01/2025|||YEAR_LAST_CONSTRUCTION
5040012000000|3.176|4.65|1933||54|01/01/2025|||YEAR_LAST_CONSTRUCTION
5040060050000|0.0|0.18|1933||54|01/01/2025|||YEAR_LAST_CONSTRUCTION
5040060030000|1.37|1.47|1933||54|01/01/2025|||YEAR_LAST_CONSTRUCTION
0640021000000|0.537|0.9|1933||54|01/01/2025|||YEAR_LAST_CONSTRUCTION
0640021000000|0.9|1.51|1933||54|01/01/2025|||YEAR_LAST_CONSTRUCTION
0640060700000|0.0|0.18|1970||54|01/01/2025|||YEAR_LAST_CONSTRUCTION
0640060700000|0.18|0.56|1970||54|01/01/2025|||YEAR_LAST_CONSTRUCTION
0640060700000|0.56|0.76|1970||54|01/01/2025|||YEAR_LAST_CONSTRUCTION
50200600000EB|0.0|0.1|1921||54|01/01/2025|||YEAR_LAST_CONSTRUCTION
50200600000EB|0.1|0.16|1921||54|01/01/2025|||YEAR_LAST_CONSTRUCTION
50200600000EB|0.16|0.2|1921||54|01/01/2025|||YEAR_LAST_CONSTRUCTION
50200600000EB|0.2|0.24|1921||54|01/01/2025|||YEAR_LAST_CONSTRUCTION
50200600000EB|0.49|0.5|1921||54|01/01/2025|||YEAR_LAST_CONSTRUCTION
50200600000EB|0.5|0.6|1921||54|01/01/2025|||YEAR_LAST_CONSTRUCTION
50200600000EB|0.6|0.7|1921||54|01/01/2025|||YEAR_LAST_CONSTRUCTION
50200600000EB|0.7|0.72|1921||54|01/01/2025|||YEAR_LAST_CONSTRUCTION
50200600000EB|1.13|1.2|1921||54|01/01/2025|||YEAR_LAST_CONSTRUCTION
50200600000EB|1.2|1.3|1921||54|01/01/2025|||YEAR_LAST_CONSTRUCTION
50200600000EB|1.3|1.4|1921||54|01/01/2025|||YEAR_LAST_CONSTRUCTION
50200600000EB|1.4|1.5|1921||54|01/01/2025|||YEAR_LAST_CONSTRUCTION
50200600000EB|1.5|1.6|1921||54|01/01/2025|||YEAR_LAST_CONSTRUCTION
50200600000EB|1.6|1.7|1921||54|01/01/2025|||YEAR_LAST_CONSTRUCTION
50200600000EB|1.7|1.8|1921||54|01/01/2025|||YEAR_LAST_CONSTRUCTION
50200600000EB|1.8|1.83|1921||54|01/01/2025|||YEAR_LAST_CONSTRUCTION
50200600000EB|3.79|3.8|1921||54|01/01/2025|||YEAR_LAST_CONSTRUCTION
50200600000EB|3.8|3.9|1921||54|01/01/2025|||YEAR_LAST_CONSTRUCTION
50200600000EB|3.9|4.0|1921||54|01/01/2025|||YEAR_LAST_CONSTRUCTION
50200600000EB|4.0|4.04|1921||54|01/01/2025|||YEAR_LAST_CONSTRUCTION
50200600000EB|4.04|4.1|1921||54|01/01/2025|||YEAR_LAST_CONSTRUCTION
50200600000EB|4.1|4.2|1921||54|01/01/2025|||YEAR_LAST_CONSTRUCTION
50200600000EB|4.2|4.3|1921||54|01/01/2025|||YEAR_LAST_CONSTRUCTION
50200600000EB|4.3|4.39|1921||54|01/01/2025|||YEAR_LAST_CONSTRUCTION
0640031000000|0.16|0.5|1933||54|01/01/2025|||YEAR_LAST_CONSTRUCTION
3040065050000|5.74|7.12|1933||54|01/01/2025|||YEAR_LAST_CONSTRUCTION
0630010000100|1.94|2.56|1933||54|01/01/2025|||YEAR_LAST_CONSTRUCTION
06200520004NB|0.0|0.1|2022||54|01/01/2025|||YEAR_LAST_CONSTRUCTION
06200520004NB|0.1|0.2|2022||54|01/01/2025|||YEAR_LAST_CONSTRUCTION
06200520004NB|0.2|0.3|2022||54|01/01/2025|||YEAR_LAST_CONSTRUCTION
06200520004NB|0.3|0.32|2022||54|01/01/2025|||YEAR_LAST_CONSTRUCTION
06200520004NB|0.321|0.4|2022||54|01/01/2025|||YEAR_LAST_CONSTRUCTION
06200520004NB|0.4|0.46|2022||54|01/01/2025|||YEAR_LAST_CONSTRUCTION
0630527000100|0.0|0.19|1995||54|01/01/2025|||YEAR_LAST_CONSTRUCTION
0640060050000|0.0|0.88|1933||54|01/01/2025|||YEAR_LAST_CONSTRUCTION
0640060050000|0.88|1.68|1933||54|01/01/2025|||YEAR_LAST_CONSTRUCTION
0640060050000|1.68|1.97|1933||54|01/01/2025|||YEAR_LAST_CONSTRUCTION
2230010000000|17.81|19.07|1921||54|01/01/2025|||YEAR_LAST_CONSTRUCTION
2340012040000|0.1|0.14|1952||54|01/01/2025|||YEAR_LAST_CONSTRUCTION
0640060760000|0.0|0.16|1979||54|01/01/2025|||YEAR_LAST_CONSTRUCTION
2330080000000|0.86|0.9|1942||54|01/01/2025|||YEAR_LAST_CONSTRUCTION
2330080000000|0.9|1.0|1942||54|01/01/2025|||YEAR_LAST_CONSTRUCTION
2330080000000|1.0|1.1|1942||54|01/01/2025|||YEAR_LAST_CONSTRUCTION
2330080000000|1.1|1.2|1942||54|01/01/2025|||YEAR_LAST_CONSTRUCTION
2330080000000|1.2|1.3|1942||54|01/01/2025|||YEAR_LAST_CONSTRUCTION
2330080000000|1.3|1.4|1942||54|01/01/2025|||YEAR_LAST_CONSTRUCTION
2330080000000|1.4|1.5|1942||54|01/01/2025|||YEAR_LAST_CONSTRUCTION
2330080000000|1.5|1.57|1942||54|01/01/2025|||YEAR_LAST_CONSTRUCTION
2340119260000|0.44|0.67|1972||54|01/01/2025|||YEAR_LAST_CONSTRUCTION
5040003010000|0.09|0.1|1973||54|01/01/2025|||YEAR_LAST_CONSTRUCTION
5040003010000|0.1|0.2|1973||54|01/01/2025|||YEAR_LAST_CONSTRUCTION
5040003010000|0.2|0.3|1973||54|01/01/2025|||YEAR_LAST_CONSTRUCTION
5040003010000|0.3|0.4|1973||54|01/01/2025|||YEAR_LAST_CONSTRUCTION
5040003010000|0.4|0.5|1973||54|01/01/2025|||YEAR_LAST_CONSTRUCTION
5040003010000|0.5|0.6|1973||54|01/01/2025|||YEAR_LAST_CONSTRUCTION
5040003010000|0.6|0.65|1973||54|01/01/2025|||YEAR_LAST_CONSTRUCTION
5040003010000|0.65|0.68|1973||54|01/01/2025|||YEAR_LAST_CONSTRUCTION
0673288001900|0.78|0.89|2009||54|01/01/2025|||YEAR_LAST_CONSTRUCTION
30200520004NB|0.096|0.1|1965||54|01/01/2025|||YEAR_LAST_CONSTRUCTION
30200520004NB|0.1|0.2|1965||54|01/01/2025|||YEAR_LAST_CONSTRUCTION
30200520004NB|0.2|0.3|1965||54|01/01/2025|||YEAR_LAST_CONSTRUCTION
30200520004NB|0.3|0.39|1965||54|01/01/2025|||YEAR_LAST_CONSTRUCTION
2340012010000|0.0|1.295|1933||54|01/01/2025|||YEAR_LAST_CONSTRUCTION
0640035000000|7.83|8.63|1933||54|01/01/2025|||YEAR_LAST_CONSTRUCTION
0640031060000|0.0|0.38|1933||54|01/01/2025|||YEAR_LAST_CONSTRUCTION
2340119900000|0.0|0.5|1995||54|01/01/2025|||YEAR_LAST_CONSTRUCTION
0640017000000|0.0|1.577|1933||54|01/01/2025|||YEAR_LAST_CONSTRUCTION
0640017000000|4.05|4.17|1933||54|01/01/2025|||YEAR_LAST_CONSTRUCTION
0640017000000|4.3|4.41|1933||54|01/01/2025|||YEAR_LAST_CONSTRUCTION
0640017000000|4.47|5.02|1933||54|01/01/2025|||YEAR_LAST_CONSTRUCTION
0630002000000|0.1|0.2|1921||54|01/01/2025|||YEAR_LAST_CONSTRUCTION
0630002000000|0.2|0.21|1921||54|01/01/2025|||YEAR_LAST_CONSTRUCTION
0630002000000|9.98|10.0|1921||54|01/01/2025|||YEAR_LAST_CONSTRUCTION
0630002000000|10.0|10.08|1921||54|01/01/2025|||YEAR_LAST_CONSTRUCTION
0630002000000|14.38|14.4|1921||54|01/01/2025|||YEAR_LAST_CONSTRUCTION
0630002000000|14.4|14.5|1921||54|01/01/2025|||YEAR_LAST_CONSTRUCTION
0630002000000|14.5|14.6|1921||54|01/01/2025|||YEAR_LAST_CONSTRUCTION
0630002000000|14.6|14.7|1921||54|01/01/2025|||YEAR_LAST_CONSTRUCTION
0630002000000|14.7|14.8|1921||54|01/01/2025|||YEAR_LAST_CONSTRUCTION
0630002000000|14.8|14.9|1921||54|01/01/2025|||YEAR_LAST_CONSTRUCTION
0630002000000|14.9|15.0|1921||54|01/01/2025|||YEAR_LAST_CONSTRUCTION
0630002000000|15.0|15.1|1921||54|01/01/2025|||YEAR_LAST_CONSTRUCTION
0630002000000|15.1|15.2|1921||54|01/01/2025|||YEAR_LAST_CONSTRUCTION
0630002000000|15.2|15.3|1921||54|01/01/2025|||YEAR_LAST_CONSTRUCTION
0630002000000|15.3|15.4|1921||54|01/01/2025|||YEAR_LAST_CONSTRUCTION
0630002000000|15.4|15.5|1921||54|01/01/2025|||YEAR_LAST_CONSTRUCTION
0630002000000|15.5|15.6|1921||54|01/01/2025|||YEAR_LAST_CONSTRUCTION
0630002000000|15.6|15.7|1921||54|01/01/2025|||YEAR_LAST_CONSTRUCTION
0630002000000|15.7|15.8|1921||54|01/01/2025|||YEAR_LAST_CONSTRUCTION
0630002000000|15.8|15.9|1921||54|01/01/2025|||YEAR_LAST_CONSTRUCTION
0630002000000|15.9|16.0|1921||54|01/01/2025|||YEAR_LAST_CONSTRUCTION
0630002000000|16.0|16.1|1921||54|01/01/2025|||YEAR_LAST_CONSTRUCTION
0630002000000|16.1|16.2|1921||54|01/01/2025|||YEAR_LAST_CONSTRUCTION
0630002000000|16.2|16.3|1921||54|01/01/2025|||YEAR_LAST_CONSTRUCTION
0630002000000|16.3|16.4|1921||54|01/01/2025|||YEAR_LAST_CONSTRUCTION
0630002000000|16.4|16.5|1921||54|01/01/2025|||YEAR_LAST_CONSTRUCTION
0630002000000|16.5|16.6|1921||54|01/01/2025|||YEAR_LAST_CONSTRUCTION
0630002000000|16.6|16.7|1921||54|01/01/2025|||YEAR_LAST_CONSTRUCTION
0630002000000|16.7|16.8|1921||54|01/01/2025|||YEAR_LAST_CONSTRUCTION
0630002000000|16.8|16.9|1921||54|01/01/2025|||YEAR_LAST_CONSTRUCTION
0630002000000|16.9|17.0|1921||54|01/01/2025|||YEAR_LAST_CONSTRUCTION
0630002000000|17.0|17.1|1921||54|01/01/2025|||YEAR_LAST_CONSTRUCTION
0630002000000|17.1|17.2|1921||54|01/01/2025|||YEAR_LAST_CONSTRUCTION
0630002000000|17.2|17.3|1921||54|01/01/2025|||YEAR_LAST_CONSTRUCTION
0630002000000|17.3|17.4|1921||54|01/01/2025|||YEAR_LAST_CONSTRUCTION
0630002000000|17.4|17.5|1921||54|01/01/2025|||YEAR_LAST_CONSTRUCTION
0630002000000|17.5|17.6|1921||54|01/01/2025|||YEAR_LAST_CONSTRUCTION
0630002000000|17.6|17.7|1921||54|01/01/2025|||YEAR_LAST_CONSTRUCTION
0630002000000|17.7|17.8|1921||54|01/01/2025|||YEAR_LAST_CONSTRUCTION
0630002000000|17.8|17.9|1921||54|01/01/2025|||YEAR_LAST_CONSTRUCTION
0630002000000|17.9|17.99|1921||54|01/01/2025|||YEAR_LAST_CONSTRUCTION
06200520000EB|0.0|0.01|1922||54|01/01/2025|||YEAR_LAST_CONSTRUCTION
06200520000EB|0.01|0.33|1922||54|01/01/2025|||YEAR_LAST_CONSTRUCTION
06200520000EB|0.33|0.4|1922||54|01/01/2025|||YEAR_LAST_CONSTRUCTION
06200520000EB|0.4|0.45|1922||54|01/01/2025|||YEAR_LAST_CONSTRUCTION
06200520000EB|0.75|0.8|1922||54|01/01/2025|||YEAR_LAST_CONSTRUCTION
06200520000EB|0.8|0.9|1922||54|01/01/2025|||YEAR_LAST_CONSTRUCTION
06200520000EB|0.9|1.0|1922||54|01/01/2025|||YEAR_LAST_CONSTRUCTION
06200520000EB|1.0|1.01|1922||54|01/01/2025|||YEAR_LAST_CONSTRUCTION
06200520000EB|1.145|1.3|1922||54|01/01/2025|||YEAR_LAST_CONSTRUCTION
06100640000EB|5.87|5.9|1958||54|01/01/2025|||YEAR_LAST_CONSTRUCTION
06100640000EB|5.9|6.0|1958||54|01/01/2025|||YEAR_LAST_CONSTRUCTION
06100640000EB|6.0|6.1|1958||54|01/01/2025|||YEAR_LAST_CONSTRUCTION
06100640000EB|6.1|6.2|1958||54|01/01/2025|||YEAR_LAST_CONSTRUCTION
06100640000EB|6.2|6.3|1958||54|01/01/2025|||YEAR_LAST_CONSTRUCTION
06100640000EB|6.3|6.4|1958||54|01/01/2025|||YEAR_LAST_CONSTRUCTION
06100640000EB|6.4|6.47|1958||54|01/01/2025|||YEAR_LAST_CONSTRUCTION
06100640000EB|6.47|6.5|1958||54|01/01/2025|||YEAR_LAST_CONSTRUCTION
06100640000EB|6.5|6.6|1958||54|01/01/2025|||YEAR_LAST_CONSTRUCTION
06100640000EB|6.6|6.7|1958||54|01/01/2025|||YEAR_LAST_CONSTRUCTION
06100640000EB|6.7|6.74|1958||54|01/01/2025|||YEAR_LAST_CONSTRUCTION
06100640000EB|6.74|6.8|1958||54|01/01/2025|||YEAR_LAST_CONSTRUCTION
06100640000EB|6.8|6.9|1958||54|01/01/2025|||YEAR_LAST_CONSTRUCTION
06100640000EB|6.9|7.0|1958||54|01/01/2025|||YEAR_LAST_CONSTRUCTION
06100640000EB|7.0|7.1|1958||54|01/01/2025|||YEAR_LAST_CONSTRUCTION
06100640000EB|7.1|7.2|1958||54|01/01/2025|||YEAR_LAST_CONSTRUCTION
06100640000EB|7.2|7.26|1958||54|01/01/2025|||YEAR_LAST_CONSTRUCTION
06100640000EB|7.26|7.3|1958||54|01/01/2025|||YEAR_LAST_CONSTRUCTION
06100640000EB|7.3|7.4|1958||54|01/01/2025|||YEAR_LAST_CONSTRUCTION
06100640000EB|7.4|7.5|1958||54|01/01/2025|||YEAR_LAST_CONSTRUCTION
06100640000EB|7.5|7.6|1958||54|01/01/2025|||YEAR_LAST_CONSTRUCTION
06100640000EB|7.6|7.7|1958||54|01/01/2025|||YEAR_LAST_CONSTRUCTION
06100640000EB|7.7|7.72|1958||54|01/01/2025|||YEAR_LAST_CONSTRUCTION
06100640000EB|7.72|7.8|1958||54|01/01/2025|||YEAR_LAST_CONSTRUCTION
06100640000EB|7.8|7.9|1958||54|01/01/2025|||YEAR_LAST_CONSTRUCTION
06100640000EB|7.9|8.0|1958||54|01/01/2025|||YEAR_LAST_CONSTRUCTION
06100640000EB|8.0|8.1|1958||54|01/01/2025|||YEAR_LAST_CONSTRUCTION
06100640000EB|8.1|8.19|1958||54|01/01/2025|||YEAR_LAST_CONSTRUCTION
06100640000EB|8.19|8.2|1958||54|01/01/2025|||YEAR_LAST_CONSTRUCTION
06100640000EB|8.2|8.3|1958||54|01/01/2025|||YEAR_LAST_CONSTRUCTION
06100640000EB|8.3|8.4|1958||54|01/01/2025|||YEAR_LAST_CONSTRUCTION
06100640000EB|8.4|8.5|1958||54|01/01/2025|||YEAR_LAST_CONSTRUCTION
06100640000EB|8.5|8.6|1958||54|01/01/2025|||YEAR_LAST_CONSTRUCTION
06100640000EB|8.6|8.7|1958||54|01/01/2025|||YEAR_LAST_CONSTRUCTION
06100640000EB|8.7|8.8|1958||54|01/01/2025|||YEAR_LAST_CONSTRUCTION
06100640000EB|8.8|8.9|1958||54|01/01/2025|||YEAR_LAST_CONSTRUCTION
06100640000EB|8.9|9.0|1958||54|01/01/2025|||YEAR_LAST_CONSTRUCTION
06100640000EB|9.0|9.1|1958||54|01/01/2025|||YEAR_LAST_CONSTRUCTION
06100640000EB|9.1|9.2|1958||54|01/01/2025|||YEAR_LAST_CONSTRUCTION
06100640000EB|9.2|9.22|1958||54|01/01/2025|||YEAR_LAST_CONSTRUCTION
06100640000EB|9.22|9.3|1958||54|01/01/2025|||YEAR_LAST_CONSTRUCTION
06100640000EB|9.3|9.4|1958||54|01/01/2025|||YEAR_LAST_CONSTRUCTION
06100640000EB|9.4|9.5|1958||54|01/01/2025|||YEAR_LAST_CONSTRUCTION
06100640000EB|9.5|9.52|1958||54|01/01/2025|||YEAR_LAST_CONSTRUCTION
06100640000EB|17.68|17.7|1958||54|01/01/2025|||YEAR_LAST_CONSTRUCTION
06100640000EB|17.7|17.8|1958||54|01/01/2025|||YEAR_LAST_CONSTRUCTION
06100640000EB|17.8|17.9|1958||54|01/01/2025|||YEAR_LAST_CONSTRUCTION
06100640000EB|17.9|18.0|1958||54|01/01/2025|||YEAR_LAST_CONSTRUCTION
06100640000EB|18.0|18.08|1958||54|01/01/2025|||YEAR_LAST_CONSTRUCTION
06100640000EB|18.08|18.1|1958||54|01/01/2025|||YEAR_LAST_CONSTRUCTION
06100640000EB|18.1|18.2|1958||54|01/01/2025|||YEAR_LAST_CONSTRUCTION
06100640000EB|18.2|18.3|1958||54|01/01/2025|||YEAR_LAST_CONSTRUCTION
06100640000EB|18.3|18.4|1958||54|01/01/2025|||YEAR_LAST_CONSTRUCTION
06100640000EB|18.4|18.49|1958||54|01/01/2025|||YEAR_LAST_CONSTRUCTION
06100640000EB|18.49|18.5|1958||54|01/01/2025|||YEAR_LAST_CONSTRUCTION
06100640000EB|18.5|18.6|1958||54|01/01/2025|||YEAR_LAST_CONSTRUCTION
06100640000EB|18.6|18.7|1958||54|01/01/2025|||YEAR_LAST_CONSTRUCTION
06100640000EB|18.7|18.8|1958||54|01/01/2025|||YEAR_LAST_CONSTRUCTION
06100640000EB|18.8|18.9|1958||54|01/01/2025|||YEAR_LAST_CONSTRUCTION
06100640000EB|18.9|19.0|1958||54|01/01/2025|||YEAR_LAST_CONSTRUCTION
06100640000EB|19.0|19.1|1958||54|01/01/2025|||YEAR_LAST_CONSTRUCTION
06100640000EB|19.1|19.2|1958||54|01/01/2025|||YEAR_LAST_CONSTRUCTION
06100640000EB|19.2|19.3|1958||54|01/01/2025|||YEAR_LAST_CONSTRUCTION
06100640000EB|19.3|19.32|1958||54|01/01/2025|||YEAR_LAST_CONSTRUCTION
06100640000EB|19.32|19.4|1958||54|01/01/2025|||YEAR_LAST_CONSTRUCTION
06100640000EB|19.4|19.5|1958||54|01/01/2025|||YEAR_LAST_CONSTRUCTION
06100640000EB|19.5|19.6|1958||54|01/01/2025|||YEAR_LAST_CONSTRUCTION
06100640000EB|19.6|19.7|1958||54|01/01/2025|||YEAR_LAST_CONSTRUCTION
06100640000EB|19.7|19.71|1958||54|01/01/2025|||YEAR_LAST_CONSTRUCTION
06100640000EB|19.71|19.8|1958||54|01/01/2025|||YEAR_LAST_CONSTRUCTION
06100640000EB|19.8|19.9|1958||54|01/01/2025|||YEAR_LAST_CONSTRUCTION
06100640000EB|19.9|20.0|1958||54|01/01/2025|||YEAR_LAST_CONSTRUCTION
06100640000EB|20.0|20.1|1958||54|01/01/2025|||YEAR_LAST_CONSTRUCTION
06100640000EB|20.1|20.19|1958||54|01/01/2025|||YEAR_LAST_CONSTRUCTION
06100640000EB|20.19|20.2|1958||54|01/01/2025|||YEAR_LAST_CONSTRUCTION
06100640000EB|20.2|20.3|1958||54|01/01/2025|||YEAR_LAST_CONSTRUCTION
06100640000EB|20.3|20.4|1958||54|01/01/2025|||YEAR_LAST_CONSTRUCTION
06100640000EB|20.4|20.5|1958||54|01/01/2025|||YEAR_LAST_CONSTRUCTION
06100640000EB|20.5|20.6|1958||54|01/01/2025|||YEAR_LAST_CONSTRUCTION
06100640000EB|20.6|20.7|1958||54|01/01/2025|||YEAR_LAST_CONSTRUCTION
06100640000EB|20.7|20.8|1958||54|01/01/2025|||YEAR_LAST_CONSTRUCTION
06100640000EB|20.8|20.9|1958||54|01/01/2025|||YEAR_LAST_CONSTRUCTION
06100640000EB|20.9|21.0|1958||54|01/01/2025|||YEAR_LAST_CONSTRUCTION
06100640000EB|21.0|21.04|1958||54|01/01/2025|||YEAR_LAST_CONSTRUCTION
06100640000EB|21.04|21.1|1958||54|01/01/2025|||YEAR_LAST_CONSTRUCTION
06100640000EB|21.1|21.16|1958||54|01/01/2025|||YEAR_LAST_CONSTRUCTION
06100640000EB|21.16|21.2|1958||54|01/01/2025|||YEAR_LAST_CONSTRUCTION
06100640000EB|21.2|21.3|1958||54|01/01/2025|||YEAR_LAST_CONSTRUCTION
06100640000EB|21.3|21.4|1958||54|01/01/2025|||YEAR_LAST_CONSTRUCTION
06100640000EB|21.4|21.5|1958||54|01/01/2025|||YEAR_LAST_CONSTRUCTION
06100640000EB|21.5|21.6|1958||54|01/01/2025|||YEAR_LAST_CONSTRUCTION
06100640000EB|21.6|21.7|1958||54|01/01/2025|||YEAR_LAST_CONSTRUCTION
06100640000EB|21.7|21.75|1958||54|01/01/2025|||YEAR_LAST_CONSTRUCTION
06100640000EB|21.75|21.8|1958||54|01/01/2025|||YEAR_LAST_CONSTRUCTION
06100640000EB|21.8|21.9|1958||54|01/01/2025|||YEAR_LAST_CONSTRUCTION
06100640000EB|21.9|22.0|1958||54|01/01/2025|||YEAR_LAST_CONSTRUCTION
06100640000EB|22.0|22.1|1958||54|01/01/2025|||YEAR_LAST_CONSTRUCTION
06100640000EB|22.1|22.2|1958||54|01/01/2025|||YEAR_LAST_CONSTRUCTION
06100640000EB|22.2|22.3|1958||54|01/01/2025|||YEAR_LAST_CONSTRUCTION
06100640000EB|22.3|22.39|1958||54|01/01/2025|||YEAR_LAST_CONSTRUCTION
06100640000EB|27.11|27.2|1958||54|01/01/2025|||YEAR_LAST_CONSTRUCTION
06100640000EB|27.2|27.3|1958||54|01/01/2025|||YEAR_LAST_CONSTRUCTION
06100640000EB|27.3|27.4|1958||54|01/01/2025|||YEAR_LAST_CONSTRUCTION
06100640000EB|27.4|27.5|1958||54|01/01/2025|||YEAR_LAST_CONSTRUCTION
0673289001900|1.72|2.02|2011||54|01/01/2025|||YEAR_LAST_CONSTRUCTION
2230003000000|5.71|6.1|1921||54|01/01/2025|||YEAR_LAST_CONSTRUCTION
0640052030000|0.0|0.22|1956||54|01/01/2025|||YEAR_LAST_CONSTRUCTION
5040009000000|0.65|1.92|1933||54|01/01/2025|||YEAR_LAST_CONSTRUCTION
5040009000000|1.92|3.59|1933||54|01/01/2025|||YEAR_LAST_CONSTRUCTION
50100640000EB|0.0|0.1|1963||54|01/01/2025|||YEAR_LAST_CONSTRUCTION
50100640000EB|0.1|0.11|1963||54|01/01/2025|||YEAR_LAST_CONSTRUCTION
50100640000EB|0.11|0.2|1963||54|01/01/2025|||YEAR_LAST_CONSTRUCTION
50100640000EB|0.2|0.3|1963||54|01/01/2025|||YEAR_LAST_CONSTRUCTION
50100640000EB|0.3|0.4|1963||54|01/01/2025|||YEAR_LAST_CONSTRUCTION
50100640000EB|0.4|0.5|1963||54|01/01/2025|||YEAR_LAST_CONSTRUCTION
50100640000EB|0.5|0.6|1963||54|01/01/2025|||YEAR_LAST_CONSTRUCTION
50100640000EB|0.6|0.7|1963||54|01/01/2025|||YEAR_LAST_CONSTRUCTION
50100640000EB|0.7|0.8|1963||54|01/01/2025|||YEAR_LAST_CONSTRUCTION
50100640000EB|0.8|0.9|1963||54|01/01/2025|||YEAR_LAST_CONSTRUCTION
50100640000EB|0.9|1.0|1963||54|01/01/2025|||YEAR_LAST_CONSTRUCTION
50100640000EB|1.0|1.1|1963||54|01/01/2025|||YEAR_LAST_CONSTRUCTION
50100640000EB|1.1|1.2|1963||54|01/01/2025|||YEAR_LAST_CONSTRUCTION
50100640000EB|1.2|1.25|1963||54|01/01/2025|||YEAR_LAST_CONSTRUCTION
50100640000EB|1.29|1.3|1963||54|01/01/2025|||YEAR_LAST_CONSTRUCTION
50100640000EB|1.3|1.4|1963||54|01/01/2025|||YEAR_LAST_CONSTRUCTION
50100640000EB|1.4|1.5|1963||54|01/01/2025|||YEAR_LAST_CONSTRUCTION
50100640000EB|1.5|1.6|1963||54|01/01/2025|||YEAR_LAST_CONSTRUCTION
50100640000EB|1.6|1.66|1963||54|01/01/2025|||YEAR_LAST_CONSTRUCTION
50100640000EB|1.66|1.7|1963||54|01/01/2025|||YEAR_LAST_CONSTRUCTION
50100640000EB|1.7|1.8|1963||54|01/01/2025|||YEAR_LAST_CONSTRUCTION
50100640000EB|1.8|1.9|1963||54|01/01/2025|||YEAR_LAST_CONSTRUCTION
50100640000EB|1.9|2.0|1963||54|01/01/2025|||YEAR_LAST_CONSTRUCTION
50100640000EB|2.0|2.1|1963||54|01/01/2025|||YEAR_LAST_CONSTRUCTION
50100640000EB|2.1|2.17|1963||54|01/01/2025|||YEAR_LAST_CONSTRUCTION
50100640000EB|2.17|2.2|1963||54|01/01/2025|||YEAR_LAST_CONSTRUCTION
50100640000EB|2.2|2.3|1963||54|01/01/2025|||YEAR_LAST_CONSTRUCTION
50100640000EB|2.3|2.4|1963||54|01/01/2025|||YEAR_LAST_CONSTRUCTION
50100640000EB|2.4|2.5|1963||54|01/01/2025|||YEAR_LAST_CONSTRUCTION
50100640000EB|2.5|2.6|1963||54|01/01/2025|||YEAR_LAST_CONSTRUCTION
50100640000EB|2.6|2.7|1963||54|01/01/2025|||YEAR_LAST_CONSTRUCTION
50100640000EB|2.7|2.75|1963||54|01/01/2025|||YEAR_LAST_CONSTRUCTION
50100640000EB|2.75|2.8|1963||54|01/01/2025|||YEAR_LAST_CONSTRUCTION
50100640000EB|2.8|2.9|1963||54|01/01/2025|||YEAR_LAST_CONSTRUCTION
50100640000EB|2.9|3.0|1963||54|01/01/2025|||YEAR_LAST_CONSTRUCTION
50100640000EB|3.0|3.1|1963||54|01/01/2025|||YEAR_LAST_CONSTRUCTION
50100640000EB|3.1|3.2|1963||54|01/01/2025|||YEAR_LAST_CONSTRUCTION
50100640000EB|3.2|3.3|1963||54|01/01/2025|||YEAR_LAST_CONSTRUCTION
50100640000EB|3.3|3.4|1963||54|01/01/2025|||YEAR_LAST_CONSTRUCTION
50100640000EB|3.4|3.5|1963||54|01/01/2025|||YEAR_LAST_CONSTRUCTION
50100640000EB|3.5|3.6|1963||54|01/01/2025|||YEAR_LAST_CONSTRUCTION
50100640000EB|3.6|3.7|1963||54|01/01/2025|||YEAR_LAST_CONSTRUCTION
50100640000EB|3.7|3.8|1963||54|01/01/2025|||YEAR_LAST_CONSTRUCTION
50100640000EB|3.8|3.9|1963||54|01/01/2025|||YEAR_LAST_CONSTRUCTION
50100640000EB|3.9|4.0|1963||54|01/01/2025|||YEAR_LAST_CONSTRUCTION
50100640000EB|4.0|4.1|1963||54|01/01/2025|||YEAR_LAST_CONSTRUCTION
50100640000EB|4.1|4.2|1963||54|01/01/2025|||YEAR_LAST_CONSTRUCTION
50100640000EB|4.2|4.22|1963||54|01/01/2025|||YEAR_LAST_CONSTRUCTION
50100640000EB|4.22|4.3|1963||54|01/01/2025|||YEAR_LAST_CONSTRUCTION
50100640000EB|4.3|4.4|1963||54|01/01/2025|||YEAR_LAST_CONSTRUCTION
50100640000EB|4.4|4.5|1963||54|01/01/2025|||YEAR_LAST_CONSTRUCTION
50100640000EB|4.5|4.6|1963||54|01/01/2025|||YEAR_LAST_CONSTRUCTION
50100640000EB|4.6|4.7|1963||54|01/01/2025|||YEAR_LAST_CONSTRUCTION
50100640000EB|4.7|4.8|1963||54|01/01/2025|||YEAR_LAST_CONSTRUCTION
50100640000EB|4.8|4.9|1963||54|01/01/2025|||YEAR_LAST_CONSTRUCTION
50100640000EB|4.9|5.0|1963||54|01/01/2025|||YEAR_LAST_CONSTRUCTION
50100640000EB|5.0|5.1|1963||54|01/01/2025|||YEAR_LAST_CONSTRUCTION
50100640000EB|5.1|5.2|1963||54|01/01/2025|||YEAR_LAST_CONSTRUCTION
50100640000EB|5.2|5.29|1963||54|01/01/2025|||YEAR_LAST_CONSTRUCTION
50100640000EB|5.29|5.3|1963||54|01/01/2025|||YEAR_LAST_CONSTRUCTION
50100640000EB|5.3|5.4|1963||54|01/01/2025|||YEAR_LAST_CONSTRUCTION
50100640000EB|5.4|5.5|1963||54|01/01/2025|||YEAR_LAST_CONSTRUCTION
50100640000EB|5.5|5.6|1963||54|01/01/2025|||YEAR_LAST_CONSTRUCTION
50100640000EB|5.6|5.7|1963||54|01/01/2025|||YEAR_LAST_CONSTRUCTION
50100640000EB|5.7|5.8|1963||54|01/01/2025|||YEAR_LAST_CONSTRUCTION
50100640000EB|5.8|5.87|1963||54|01/01/2025|||YEAR_LAST_CONSTRUCTION
2340210250000|8.09|8.78|2013||54|01/01/2025|||YEAR_LAST_CONSTRUCTION
2340210250000|8.78|9.08|2013||54|01/01/2025|||YEAR_LAST_CONSTRUCTION
2340210250000|9.08|9.53|2013||54|01/01/2025|||YEAR_LAST_CONSTRUCTION
2340210250000|10.07|10.72|2013||54|01/01/2025|||YEAR_LAST_CONSTRUCTION
2240012000000|4.91|5.18|1933||54|01/01/2025|||YEAR_LAST_CONSTRUCTION
5040007000000|17.84|18.87|1933||54|01/01/2025|||YEAR_LAST_CONSTRUCTION
5040007000000|19.35|19.76|1933||54|01/01/2025|||YEAR_LAST_CONSTRUCTION
5040003020000|0.0|0.1|1973||54|01/01/2025|||YEAR_LAST_CONSTRUCTION
5040003020000|0.1|0.2|1973||54|01/01/2025|||YEAR_LAST_CONSTRUCTION
5040003020000|0.2|0.3|1973||54|01/01/2025|||YEAR_LAST_CONSTRUCTION
5040003020000|0.3|0.4|1973||54|01/01/2025|||YEAR_LAST_CONSTRUCTION
5040003020000|0.4|0.5|1973||54|01/01/2025|||YEAR_LAST_CONSTRUCTION
5040003020000|0.5|0.6|1973||54|01/01/2025|||YEAR_LAST_CONSTRUCTION
5040003020000|0.6|0.64|1973||54|01/01/2025|||YEAR_LAST_CONSTRUCTION
5040003020000|0.64|0.7|1973||54|01/01/2025|||YEAR_LAST_CONSTRUCTION
5040003020000|0.7|0.8|1973||54|01/01/2025|||YEAR_LAST_CONSTRUCTION
5040003020000|0.8|0.9|1973||54|01/01/2025|||YEAR_LAST_CONSTRUCTION
5040003020000|0.9|1.0|1973||54|01/01/2025|||YEAR_LAST_CONSTRUCTION
5040003020000|1.0|1.1|1973||54|01/01/2025|||YEAR_LAST_CONSTRUCTION
5040003020000|1.1|1.2|1973||54|01/01/2025|||YEAR_LAST_CONSTRUCTION
5040003020000|1.2|1.25|1973||54|01/01/2025|||YEAR_LAST_CONSTRUCTION
3030080000000|4.6|5.6|1943||54|01/01/2025|||YEAR_LAST_CONSTRUCTION
3030080000000|7.05|7.1|1943||54|01/01/2025|||YEAR_LAST_CONSTRUCTION
3030080000000|7.1|7.2|1943||54|01/01/2025|||YEAR_LAST_CONSTRUCTION
3030080000000|7.2|7.3|1943||54|01/01/2025|||YEAR_LAST_CONSTRUCTION
3030080000000|7.3|7.4|1943||54|01/01/2025|||YEAR_LAST_CONSTRUCTION
3030080000000|7.4|7.5|1943||54|01/01/2025|||YEAR_LAST_CONSTRUCTION
3030080000000|7.5|7.6|1943||54|01/01/2025|||YEAR_LAST_CONSTRUCTION
3030080000000|7.6|7.7|1943||54|01/01/2025|||YEAR_LAST_CONSTRUCTION
3030080000000|7.7|7.8|1943||54|01/01/2025|||YEAR_LAST_CONSTRUCTION
3030080000000|7.8|7.9|1943||54|01/01/2025|||YEAR_LAST_CONSTRUCTION
3030080000000|7.9|8.0|1943||54|01/01/2025|||YEAR_LAST_CONSTRUCTION
3030080000000|8.0|8.1|1943||54|01/01/2025|||YEAR_LAST_CONSTRUCTION
3030080000000|8.1|8.2|1943||54|01/01/2025|||YEAR_LAST_CONSTRUCTION
3030080000000|8.2|8.3|1943||54|01/01/2025|||YEAR_LAST_CONSTRUCTION
3030080000000|8.3|8.4|1943||54|01/01/2025|||YEAR_LAST_CONSTRUCTION
3030080000000|8.4|8.5|1943||54|01/01/2025|||YEAR_LAST_CONSTRUCTION
3030080000000|8.5|8.6|1943||54|01/01/2025|||YEAR_LAST_CONSTRUCTION
3030080000000|8.6|8.7|1943||54|01/01/2025|||YEAR_LAST_CONSTRUCTION
3030080000000|8.7|8.8|1943||54|01/01/2025|||YEAR_LAST_CONSTRUCTION
3030080000000|8.8|8.9|1943||54|01/01/2025|||YEAR_LAST_CONSTRUCTION
3030080000000|8.9|9.0|1943||54|01/01/2025|||YEAR_LAST_CONSTRUCTION
3030080000000|9.0|9.1|1943||54|01/01/2025|||YEAR_LAST_CONSTRUCTION
3030080000000|9.1|9.2|1943||54|01/01/2025|||YEAR_LAST_CONSTRUCTION
3030080000000|9.2|9.3|1943||54|01/01/2025|||YEAR_LAST_CONSTRUCTION
3030080000000|9.3|9.4|1943||54|01/01/2025|||YEAR_LAST_CONSTRUCTION
3030080000000|9.4|9.46|1943||54|01/01/2025|||YEAR_LAST_CONSTRUCTION
0673287001900|0.0|0.28|2011||54|01/01/2025|||YEAR_LAST_CONSTRUCTION
0673287001900|1.03|1.14|2011||54|01/01/2025|||YEAR_LAST_CONSTRUCTION
06200600000EB|2.97|3.0|1921||54|01/01/2025|||YEAR_LAST_CONSTRUCTION
06200600000EB|3.0|3.07|1921||54|01/01/2025|||YEAR_LAST_CONSTRUCTION
06200600000EB|3.17|3.27|1921||54|01/01/2025|||YEAR_LAST_CONSTRUCTION
06200600000EB|5.76|5.96|1921||54|01/01/2025|||YEAR_LAST_CONSTRUCTION
06200600000EB|6.97|7.0|1921||54|01/01/2025|||YEAR_LAST_CONSTRUCTION
06200600000EB|7.0|7.1|1921||54|01/01/2025|||YEAR_LAST_CONSTRUCTION
06200600000EB|7.1|7.2|1921||54|01/01/2025|||YEAR_LAST_CONSTRUCTION
06200600000EB|7.2|7.3|1921||54|01/01/2025|||YEAR_LAST_CONSTRUCTION
06200600000EB|7.3|7.4|1921||54|01/01/2025|||YEAR_LAST_CONSTRUCTION
06200600000EB|7.4|7.5|1921||54|01/01/2025|||YEAR_LAST_CONSTRUCTION
06200600000EB|7.5|7.51|1921||54|01/01/2025|||YEAR_LAST_CONSTRUCTION
06200600000EB|7.59|7.6|1921||54|01/01/2025|||YEAR_LAST_CONSTRUCTION
06200600000EB|7.6|7.7|1921||54|01/01/2025|||YEAR_LAST_CONSTRUCTION
06200600000EB|7.7|7.8|1921||54|01/01/2025|||YEAR_LAST_CONSTRUCTION
06200600000EB|7.8|7.9|1921||54|01/01/2025|||YEAR_LAST_CONSTRUCTION
06200600000EB|7.9|7.96|1921||54|01/01/2025|||YEAR_LAST_CONSTRUCTION
06200600000EB|7.96|8.0|1921||54|01/01/2025|||YEAR_LAST_CONSTRUCTION
06200600000EB|8.0|8.1|1921||54|01/01/2025|||YEAR_LAST_CONSTRUCTION
06200600000EB|8.1|8.2|1921||54|01/01/2025|||YEAR_LAST_CONSTRUCTION
06200600000EB|8.2|8.3|1921||54|01/01/2025|||YEAR_LAST_CONSTRUCTION
06200600000EB|8.3|8.4|1921||54|01/01/2025|||YEAR_LAST_CONSTRUCTION
06200600000EB|8.4|8.43|1921||54|01/01/2025|||YEAR_LAST_CONSTRUCTION
06200600000EB|8.43|8.5|1921||54|01/01/2025|||YEAR_LAST_CONSTRUCTION
06200600000EB|8.5|8.6|1921||54|01/01/2025|||YEAR_LAST_CONSTRUCTION
06200600000EB|8.6|8.7|1921||54|01/01/2025|||YEAR_LAST_CONSTRUCTION
06200600000EB|8.7|8.78|1921||54|01/01/2025|||YEAR_LAST_CONSTRUCTION
06200600000EB|8.78|8.8|1921||54|01/01/2025|||YEAR_LAST_CONSTRUCTION
06200600000EB|8.8|8.82|1921||54|01/01/2025|||YEAR_LAST_CONSTRUCTION
06200600000EB|8.82|8.9|1921||54|01/01/2025|||YEAR_LAST_CONSTRUCTION
06200600000EB|8.9|9.0|1921||54|01/01/2025|||YEAR_LAST_CONSTRUCTION
06200600000EB|9.0|9.1|1921||54|01/01/2025|||YEAR_LAST_CONSTRUCTION
06200600000EB|9.1|9.2|1921||54|01/01/2025|||YEAR_LAST_CONSTRUCTION
06200600000EB|9.2|9.3|1921||54|01/01/2025|||YEAR_LAST_CONSTRUCTION
06200600000EB|9.3|9.4|1921||54|01/01/2025|||YEAR_LAST_CONSTRUCTION
06200600000EB|9.4|9.5|1921||54|01/01/2025|||YEAR_LAST_CONSTRUCTION
06200600000EB|9.56|9.6|1921||54|01/01/2025|||YEAR_LAST_CONSTRUCTION
06200600000EB|9.6|9.7|1921||54|01/01/2025|||YEAR_LAST_CONSTRUCTION
06200600000EB|9.7|9.8|1921||54|01/01/2025|||YEAR_LAST_CONSTRUCTION
06200600000EB|9.8|9.9|1921||54|01/01/2025|||YEAR_LAST_CONSTRUCTION
06200600000EB|9.9|9.92|1921||54|01/01/2025|||YEAR_LAST_CONSTRUCTION
06200600000EB|9.92|10.0|1921||54|01/01/2025|||YEAR_LAST_CONSTRUCTION
06200600000EB|10.0|10.1|1921||54|01/01/2025|||YEAR_LAST_CONSTRUCTION
06200600000EB|10.1|10.2|1921||54|01/01/2025|||YEAR_LAST_CONSTRUCTION
06200600000EB|10.2|10.27|1921||54|01/01/2025|||YEAR_LAST_CONSTRUCTION
06200600000EB|10.76|11.25|1921||54|01/01/2025|||YEAR_LAST_CONSTRUCTION
06200600000EB|11.51|12.23|1921||54|01/01/2025|||YEAR_LAST_CONSTRUCTION
06200600000EB|15.59|15.6|1921||54|01/01/2025|||YEAR_LAST_CONSTRUCTION
06200600000EB|15.6|15.7|1921||54|01/01/2025|||YEAR_LAST_CONSTRUCTION
06200600000EB|15.7|15.8|1921||54|01/01/2025|||YEAR_LAST_CONSTRUCTION
06200600000EB|15.8|15.9|1921||54|01/01/2025|||YEAR_LAST_CONSTRUCTION
06200600000EB|15.9|16.0|1921||54|01/01/2025|||YEAR_LAST_CONSTRUCTION
06200600000EB|16.0|16.1|1921||54|01/01/2025|||YEAR_LAST_CONSTRUCTION
06200600000EB|16.1|16.2|1921||54|01/01/2025|||YEAR_LAST_CONSTRUCTION
06200600000EB|16.2|16.3|1921||54|01/01/2025|||YEAR_LAST_CONSTRUCTION
06200600000EB|16.3|16.4|1921||54|01/01/2025|||YEAR_LAST_CONSTRUCTION
06200600000EB|16.4|16.5|1921||54|01/01/2025|||YEAR_LAST_CONSTRUCTION
06200600000EB|16.5|16.6|1921||54|01/01/2025|||YEAR_LAST_CONSTRUCTION
06200600000EB|16.6|16.7|1921||54|01/01/2025|||YEAR_LAST_CONSTRUCTION
06200600000EB|16.7|16.8|1921||54|01/01/2025|||YEAR_LAST_CONSTRUCTION
06200600000EB|16.8|16.9|1921||54|01/01/2025|||YEAR_LAST_CONSTRUCTION
06200600000EB|16.9|17.0|1921||54|01/01/2025|||YEAR_LAST_CONSTRUCTION
06200600000EB|17.0|17.1|1921||54|01/01/2025|||YEAR_LAST_CONSTRUCTION
06200600000EB|17.1|17.2|1921||54|01/01/2025|||YEAR_LAST_CONSTRUCTION
06200600000EB|17.2|17.29|1921||54|01/01/2025|||YEAR_LAST_CONSTRUCTION
0673313001900|0.0|0.17|2019||54|01/01/2025|||YEAR_LAST_CONSTRUCTION
0673285001900|0.0|0.32|2009||54|01/01/2025|||YEAR_LAST_CONSTRUCTION
0630101000000|0.16|0.36|1993||54|01/01/2025|||YEAR_LAST_CONSTRUCTION
2340002000000|0.0|0.263|1933||54|01/01/2025|||YEAR_LAST_CONSTRUCTION
5040060040000|1.24|2.4|1933||54|01/01/2025|||YEAR_LAST_CONSTRUCTION
0630010000000|15.69|15.7|1921||54|01/01/2025|||YEAR_LAST_CONSTRUCTION
0630010000000|15.7|15.798|1921||54|01/01/2025|||YEAR_LAST_CONSTRUCTION
0630010000000|15.82|15.9|1921||54|01/01/2025|||YEAR_LAST_CONSTRUCTION
0630010000000|15.9|16.0|1921||54|01/01/2025|||YEAR_LAST_CONSTRUCTION
0630010000000|16.0|16.1|1921||54|01/01/2025|||YEAR_LAST_CONSTRUCTION
0630010000000|16.1|16.2|1921||54|01/01/2025|||YEAR_LAST_CONSTRUCTION
0630010000000|16.2|16.27|1921||54|01/01/2025|||YEAR_LAST_CONSTRUCTION
0630010000000|17.21|17.37|1921||54|01/01/2025|||YEAR_LAST_CONSTRUCTION
0630010000000|17.46|17.5|1921||54|01/01/2025|||YEAR_LAST_CONSTRUCTION
0630010000000|17.5|17.6|1921||54|01/01/2025|||YEAR_LAST_CONSTRUCTION
0630010000000|17.6|17.7|1921||54|01/01/2025|||YEAR_LAST_CONSTRUCTION
0630010000000|17.7|17.8|1921||54|01/01/2025|||YEAR_LAST_CONSTRUCTION
0630010000000|17.8|17.9|1921||54|01/01/2025|||YEAR_LAST_CONSTRUCTION
0630010000000|17.9|18.0|1921||54|01/01/2025|||YEAR_LAST_CONSTRUCTION
0630010000000|18.0|18.1|1921||54|01/01/2025|||YEAR_LAST_CONSTRUCTION
0630010000000|18.1|18.2|1921||54|01/01/2025|||YEAR_LAST_CONSTRUCTION
0630010000000|18.2|18.3|1921||54|01/01/2025|||YEAR_LAST_CONSTRUCTION
0630010000000|18.3|18.4|1921||54|01/01/2025|||YEAR_LAST_CONSTRUCTION
0630010000000|18.4|18.41|1921||54|01/01/2025|||YEAR_LAST_CONSTRUCTION
5040060070000|0.24|0.87|1933||54|01/01/2025|||YEAR_LAST_CONSTRUCTION
5040060070000|0.87|1.44|1933||54|01/01/2025|||YEAR_LAST_CONSTRUCTION
5040003000000|3.75|3.85|1933||54|01/01/2025|||YEAR_LAST_CONSTRUCTION
5040003000000|3.94|4.06|1933||54|01/01/2025|||YEAR_LAST_CONSTRUCTION
0640039000000|2.08|2.62|1933||54|01/01/2025|||YEAR_LAST_CONSTRUCTION
0673272001900|0.35|0.754|2013||54|01/01/2025|||YEAR_LAST_CONSTRUCTION
0673272001900|0.754|0.87|2013||54|01/01/2025|||YEAR_LAST_CONSTRUCTION
0673272001900|0.87|1.04|2013||54|01/01/2025|||YEAR_LAST_CONSTRUCTION
0673272001900|1.08|1.28|2013||54|01/01/2025|||YEAR_LAST_CONSTRUCTION
0673272001900|1.28|1.44|2013||54|01/01/2025|||YEAR_LAST_CONSTRUCTION
3030065000000|10.03|11.05|1933||54|01/01/2025|||YEAR_LAST_CONSTRUCTION
0640060090000|0.0|0.35|1954||54|01/01/2025|||YEAR_LAST_CONSTRUCTION
2330044000000|16.02|17.07|1978||54|01/01/2025|||YEAR_LAST_CONSTRUCTION
0673295001900|0.0|1.08|2009||54|01/01/2025|||YEAR_LAST_CONSTRUCTION
0630152000000|0.76|0.99|1922||54|01/01/2025|||YEAR_LAST_CONSTRUCTION
30201190000NB|12.88|12.9|1941||54|01/01/2025|||YEAR_LAST_CONSTRUCTION
30201190000NB|12.9|13.0|1941||54|01/01/2025|||YEAR_LAST_CONSTRUCTION
30201190000NB|13.0|13.1|1941||54|01/01/2025|||YEAR_LAST_CONSTRUCTION
30201190000NB|13.1|13.2|1941||54|01/01/2025|||YEAR_LAST_CONSTRUCTION
30201190000NB|13.2|13.3|1941||54|01/01/2025|||YEAR_LAST_CONSTRUCTION
30201190000NB|13.3|13.4|1941||54|01/01/2025|||YEAR_LAST_CONSTRUCTION
30201190000NB|13.4|13.5|1941||54|01/01/2025|||YEAR_LAST_CONSTRUCTION
30201190000NB|13.5|13.6|1941||54|01/01/2025|||YEAR_LAST_CONSTRUCTION
30201190000NB|13.6|13.7|1941||54|01/01/2025|||YEAR_LAST_CONSTRUCTION
30201190000NB|13.7|13.8|1941||54|01/01/2025|||YEAR_LAST_CONSTRUCTION
30201190000NB|13.8|13.9|1941||54|01/01/2025|||YEAR_LAST_CONSTRUCTION
30201190000NB|13.9|14.0|1941||54|01/01/2025|||YEAR_LAST_CONSTRUCTION
30201190000NB|14.0|14.1|1941||54|01/01/2025|||YEAR_LAST_CONSTRUCTION
30201190000NB|14.1|14.2|1941||54|01/01/2025|||YEAR_LAST_CONSTRUCTION
30201190000NB|14.2|14.28|1941||54|01/01/2025|||YEAR_LAST_CONSTRUCTION
5040001000000|2.16|2.29|1933||54|01/01/2025|||YEAR_LAST_CONSTRUCTION
2330010000000|10.58|10.6|1933||54|01/01/2025|||YEAR_LAST_CONSTRUCTION
2330010000000|10.6|10.7|1933||54|01/01/2025|||YEAR_LAST_CONSTRUCTION
2330010000000|10.7|10.76|1933||54|01/01/2025|||YEAR_LAST_CONSTRUCTION
2330010000000|12.79|12.8|1933||54|01/01/2025|||YEAR_LAST_CONSTRUCTION
2330010000000|12.8|12.9|1933||54|01/01/2025|||YEAR_LAST_CONSTRUCTION
2330010000000|12.9|12.95|1933||54|01/01/2025|||YEAR_LAST_CONSTRUCTION
2330010000000|15.633|15.7|1933||54|01/01/2025|||YEAR_LAST_CONSTRUCTION
2330010000000|15.7|15.742|1933||54|01/01/2025|||YEAR_LAST_CONSTRUCTION
2330010000000|17.892|17.9|1933||54|01/01/2025|||YEAR_LAST_CONSTRUCTION
2330010000000|17.9|17.911|1933||54|01/01/2025|||YEAR_LAST_CONSTRUCTION
2330010000000|20.131|20.2|1933||54|01/01/2025|||YEAR_LAST_CONSTRUCTION
2330010000000|20.2|20.3|1933||54|01/01/2025|||YEAR_LAST_CONSTRUCTION
2330010000000|20.3|20.39|1933||54|01/01/2025|||YEAR_LAST_CONSTRUCTION
2330010000000|26.308|27.14|1933||54|01/01/2025|||YEAR_LAST_CONSTRUCTION
2330010000000|27.14|27.71|1933||54|01/01/2025|||YEAR_LAST_CONSTRUCTION
2330010000000|31.734|32.27|1933||54|01/01/2025|||YEAR_LAST_CONSTRUCTION
5030152000000|29.86|30.39|1922||54|01/01/2025|||YEAR_LAST_CONSTRUCTION
5030152000000|40.4|43.98|1922||54|01/01/2025|||YEAR_LAST_CONSTRUCTION
5030152000000|43.98|44.59|1922||54|01/01/2025|||YEAR_LAST_CONSTRUCTION
0640013000000|0.02|0.42|1933||54|01/01/2025|||YEAR_LAST_CONSTRUCTION
23201190000NB|0.0|0.1|1921||54|01/01/2025|||YEAR_LAST_CONSTRUCTION
23201190000NB|0.1|0.2|1921||54|01/01/2025|||YEAR_LAST_CONSTRUCTION
23201190000NB|0.2|0.3|1921||54|01/01/2025|||YEAR_LAST_CONSTRUCTION
23201190000NB|0.3|0.4|1921||54|01/01/2025|||YEAR_LAST_CONSTRUCTION
23201190000NB|0.4|0.5|1921||54|01/01/2025|||YEAR_LAST_CONSTRUCTION
23201190000NB|0.5|0.6|1921||54|01/01/2025|||YEAR_LAST_CONSTRUCTION
23201190000NB|0.6|0.7|1921||54|01/01/2025|||YEAR_LAST_CONSTRUCTION
23201190000NB|0.7|0.8|1921||54|01/01/2025|||YEAR_LAST_CONSTRUCTION
23201190000NB|0.8|0.85|1921||54|01/01/2025|||YEAR_LAST_CONSTRUCTION
23201190000NB|2.2|2.3|1921||54|01/01/2025|||YEAR_LAST_CONSTRUCTION
23201190000NB|2.3|2.4|1921||54|01/01/2025|||YEAR_LAST_CONSTRUCTION
23201190000NB|2.4|2.5|1921||54|01/01/2025|||YEAR_LAST_CONSTRUCTION
23201190000NB|2.5|2.54|1921||54|01/01/2025|||YEAR_LAST_CONSTRUCTION
23201190000NB|2.54|2.6|1921||54|01/01/2025|||YEAR_LAST_CONSTRUCTION
23201190000NB|2.6|2.67|1921||54|01/01/2025|||YEAR_LAST_CONSTRUCTION
23201190000NB|2.67|2.7|1921||54|01/01/2025|||YEAR_LAST_CONSTRUCTION
23201190000NB|2.7|2.8|1921||54|01/01/2025|||YEAR_LAST_CONSTRUCTION
23201190000NB|2.8|2.9|1921||54|01/01/2025|||YEAR_LAST_CONSTRUCTION
23201190000NB|2.9|3.0|1921||54|01/01/2025|||YEAR_LAST_CONSTRUCTION
23201190000NB|3.0|3.1|1921||54|01/01/2025|||YEAR_LAST_CONSTRUCTION
23201190000NB|3.1|3.2|1921||54|01/01/2025|||YEAR_LAST_CONSTRUCTION
23201190000NB|3.2|3.3|1921||54|01/01/2025|||YEAR_LAST_CONSTRUCTION
23201190000NB|3.3|3.37|1921||54|01/01/2025|||YEAR_LAST_CONSTRUCTION
23201190000NB|3.37|3.5|1921||54|01/01/2025|||YEAR_LAST_CONSTRUCTION
23201190000NB|3.5|3.59|1921||54|01/01/2025|||YEAR_LAST_CONSTRUCTION
23201190000NB|3.59|4.48|1921||54|01/01/2025|||YEAR_LAST_CONSTRUCTION
23201190000NB|5.27|5.915|1921||54|01/01/2025|||YEAR_LAST_CONSTRUCTION
23201190000NB|11.87|11.9|1921||54|01/01/2025|||YEAR_LAST_CONSTRUCTION
23201190000NB|11.9|12.0|1921||54|01/01/2025|||YEAR_LAST_CONSTRUCTION
23201190000NB|12.0|12.1|1921||54|01/01/2025|||YEAR_LAST_CONSTRUCTION
23201190000NB|12.1|12.2|1921||54|01/01/2025|||YEAR_LAST_CONSTRUCTION
23201190000NB|12.2|12.283|1921||54|01/01/2025|||YEAR_LAST_CONSTRUCTION
30200520000EB|9.95|10.0|1921||54|01/01/2025|||YEAR_LAST_CONSTRUCTION
30200520000EB|10.0|10.1|1921||54|01/01/2025|||YEAR_LAST_CONSTRUCTION
30200520000EB|10.1|10.2|1921||54|01/01/2025|||YEAR_LAST_CONSTRUCTION
30200520000EB|10.2|10.3|1921||54|01/01/2025|||YEAR_LAST_CONSTRUCTION
30200520000EB|10.3|10.4|1921||54|01/01/2025|||YEAR_LAST_CONSTRUCTION
30200520000EB|10.4|10.5|1921||54|01/01/2025|||YEAR_LAST_CONSTRUCTION
30200520000EB|10.5|10.6|1921||54|01/01/2025|||YEAR_LAST_CONSTRUCTION
30200520000EB|10.6|10.7|1921||54|01/01/2025|||YEAR_LAST_CONSTRUCTION
30200520000EB|10.7|10.8|1921||54|01/01/2025|||YEAR_LAST_CONSTRUCTION
30200520000EB|10.8|10.9|1921||54|01/01/2025|||YEAR_LAST_CONSTRUCTION
30200520000EB|10.9|11.0|1921||54|01/01/2025|||YEAR_LAST_CONSTRUCTION
30200520000EB|11.0|11.1|1921||54|01/01/2025|||YEAR_LAST_CONSTRUCTION
30200520000EB|11.1|11.2|1921||54|01/01/2025|||YEAR_LAST_CONSTRUCTION
30200520000EB|11.2|11.3|1921||54|01/01/2025|||YEAR_LAST_CONSTRUCTION
30200520000EB|11.3|11.4|1921||54|01/01/2025|||YEAR_LAST_CONSTRUCTION
30200520000EB|11.4|11.5|1921||54|01/01/2025|||YEAR_LAST_CONSTRUCTION
30200520000EB|11.5|11.6|1921||54|01/01/2025|||YEAR_LAST_CONSTRUCTION
30200520000EB|11.6|11.65|1921||54|01/01/2025|||YEAR_LAST_CONSTRUCTION
30200520000EB|20.68|20.78|1921||54|01/01/2025|||YEAR_LAST_CONSTRUCTION
30200520000EB|20.78|20.91|1921||54|01/01/2025|||YEAR_LAST_CONSTRUCTION
30200520000EB|21.06|21.1|1921||54|01/01/2025|||YEAR_LAST_CONSTRUCTION
30200520000EB|21.1|21.2|1921||54|01/01/2025|||YEAR_LAST_CONSTRUCTION
30200520000EB|21.2|21.3|1921||54|01/01/2025|||YEAR_LAST_CONSTRUCTION
30200520000EB|21.3|21.4|1921||54|01/01/2025|||YEAR_LAST_CONSTRUCTION
30200520000EB|21.4|21.5|1921||54|01/01/2025|||YEAR_LAST_CONSTRUCTION
30200520000EB|21.5|21.6|1921||54|01/01/2025|||YEAR_LAST_CONSTRUCTION
30200520000EB|21.6|21.7|1921||54|01/01/2025|||YEAR_LAST_CONSTRUCTION
30200520000EB|21.7|21.8|1921||54|01/01/2025|||YEAR_LAST_CONSTRUCTION
30200520000EB|21.8|21.9|1921||54|01/01/2025|||YEAR_LAST_CONSTRUCTION
30200520000EB|21.9|21.95|1921||54|01/01/2025|||YEAR_LAST_CONSTRUCTION
30200520000EB|21.97|22.0|1921||54|01/01/2025|||YEAR_LAST_CONSTRUCTION
30200520000EB|22.0|22.1|1921||54|01/01/2025|||YEAR_LAST_CONSTRUCTION
30200520000EB|22.1|22.2|1921||54|01/01/2025|||YEAR_LAST_CONSTRUCTION
30200520000EB|22.2|22.28|1921||54|01/01/2025|||YEAR_LAST_CONSTRUCTION
30200520000EB|26.08|26.1|1921||54|01/01/2025|||YEAR_LAST_CONSTRUCTION
30200520000EB|26.1|26.2|1921||54|01/01/2025|||YEAR_LAST_CONSTRUCTION
30200520000EB|26.2|26.3|1921||54|01/01/2025|||YEAR_LAST_CONSTRUCTION
30200520000EB|26.3|26.4|1921||54|01/01/2025|||YEAR_LAST_CONSTRUCTION
30200520000EB|26.4|26.5|1921||54|01/01/2025|||YEAR_LAST_CONSTRUCTION
30200520000EB|26.5|26.53|1921||54|01/01/2025|||YEAR_LAST_CONSTRUCTION
30200520000EB|43.29|44.74|1921||54|01/01/2025|||YEAR_LAST_CONSTRUCTION
50200520000EB|5.8|5.9|1921||54|01/01/2025|||YEAR_LAST_CONSTRUCTION
50200520000EB|5.9|6.0|1921||54|01/01/2025|||YEAR_LAST_CONSTRUCTION
50200520000EB|6.0|6.1|1921||54|01/01/2025|||YEAR_LAST_CONSTRUCTION
50200520000EB|6.1|6.2|1921||54|01/01/2025|||YEAR_LAST_CONSTRUCTION
50200520000EB|6.2|6.3|1921||54|01/01/2025|||YEAR_LAST_CONSTRUCTION
50200520000EB|6.3|6.4|1921||54|01/01/2025|||YEAR_LAST_CONSTRUCTION
50200520000EB|6.4|6.5|1921||54|01/01/2025|||YEAR_LAST_CONSTRUCTION
50200520000EB|6.5|6.51|1921||54|01/01/2025|||YEAR_LAST_CONSTRUCTION
50200520000EB|29.12|29.2|1921||54|01/01/2025|||YEAR_LAST_CONSTRUCTION
50200520000EB|29.2|29.3|1921||54|01/01/2025|||YEAR_LAST_CONSTRUCTION
50200520000EB|29.3|29.4|1921||54|01/01/2025|||YEAR_LAST_CONSTRUCTION
50200520000EB|29.4|29.5|1921||54|01/01/2025|||YEAR_LAST_CONSTRUCTION
50200520000EB|29.5|29.6|1921||54|01/01/2025|||YEAR_LAST_CONSTRUCTION
50200520000EB|29.6|29.7|1921||54|01/01/2025|||YEAR_LAST_CONSTRUCTION
50200520000EB|29.7|29.8|1921||54|01/01/2025|||YEAR_LAST_CONSTRUCTION
50200520000EB|29.8|29.9|1921||54|01/01/2025|||YEAR_LAST_CONSTRUCTION
50200520000EB|29.9|30.0|1921||54|01/01/2025|||YEAR_LAST_CONSTRUCTION
50200520000EB|30.0|30.1|1921||54|01/01/2025|||YEAR_LAST_CONSTRUCTION
50200520000EB|30.1|30.2|1921||54|01/01/2025|||YEAR_LAST_CONSTRUCTION
50200520000EB|30.2|30.3|1921||54|01/01/2025|||YEAR_LAST_CONSTRUCTION
50200520000EB|30.3|30.4|1921||54|01/01/2025|||YEAR_LAST_CONSTRUCTION
50200520000EB|30.4|30.5|1921||54|01/01/2025|||YEAR_LAST_CONSTRUCTION
50200520000EB|30.5|30.6|1921||54|01/01/2025|||YEAR_LAST_CONSTRUCTION
50200520000EB|30.6|30.7|1921||54|01/01/2025|||YEAR_LAST_CONSTRUCTION
50200520000EB|30.7|30.8|1921||54|01/01/2025|||YEAR_LAST_CONSTRUCTION
50200520000EB|30.8|30.9|1921||54|01/01/2025|||YEAR_LAST_CONSTRUCTION
50200520000EB|30.9|31.0|1921||54|01/01/2025|||YEAR_LAST_CONSTRUCTION
50200520000EB|31.0|31.1|1921||54|01/01/2025|||YEAR_LAST_CONSTRUCTION
50200520000EB|31.1|31.2|1921||54|01/01/2025|||YEAR_LAST_CONSTRUCTION
50200520000EB|31.2|31.3|1921||54|01/01/2025|||YEAR_LAST_CONSTRUCTION
50200520000EB|31.3|31.4|1921||54|01/01/2025|||YEAR_LAST_CONSTRUCTION
0673274001900|1.46|1.56|2013||54|01/01/2025|||YEAR_LAST_CONSTRUCTION
5440014140000|0.0|0.66|1974||54|01/01/2025|||YEAR_LAST_CONSTRUCTION
5430047000000|0.45|0.56|1933||54|01/01/2025|||YEAR_LAST_CONSTRUCTION
1840021000000|19.64|20.96|1969||54|01/01/2025|||YEAR_LAST_CONSTRUCTION
1840021000000|28.32|29.88|1969||54|01/01/2025|||YEAR_LAST_CONSTRUCTION
4330053000000|0.0|1.4|1921||54|01/01/2025|||YEAR_LAST_CONSTRUCTION
5430892000000|9.46|9.9|1977||54|01/01/2025|||YEAR_LAST_CONSTRUCTION
07200330000EB|0.09|2.33|1921||54|01/01/2025|||YEAR_LAST_CONSTRUCTION
07200330000EB|3.68|5.03|1921||54|01/01/2025|||YEAR_LAST_CONSTRUCTION
07200330000EB|6.62|8.3|1921||54|01/01/2025|||YEAR_LAST_CONSTRUCTION
5440047040000|0.0|0.158|1933||54|01/01/2025|||YEAR_LAST_CONSTRUCTION
54200500000EB|8.94|9.2|1933||54|01/01/2025|||YEAR_LAST_CONSTRUCTION
54200500000EB|9.2|9.3|1933||54|01/01/2025|||YEAR_LAST_CONSTRUCTION
54200500000EB|9.3|10.02|1933||54|01/01/2025|||YEAR_LAST_CONSTRUCTION
5440001000000|6.32|6.67|1933||54|01/01/2025|||YEAR_LAST_CONSTRUCTION
5440001000000|6.67|7.17|1933||54|01/01/2025|||YEAR_LAST_CONSTRUCTION
1830002000000|0.0|0.1|1933||54|01/01/2025|||YEAR_LAST_CONSTRUCTION
1830002000000|0.1|0.2|1933||54|01/01/2025|||YEAR_LAST_CONSTRUCTION
1830002000000|0.2|0.3|1933||54|01/01/2025|||YEAR_LAST_CONSTRUCTION
1830002000000|0.3|0.4|1933||54|01/01/2025|||YEAR_LAST_CONSTRUCTION
1830002000000|0.4|0.5|1933||54|01/01/2025|||YEAR_LAST_CONSTRUCTION
1830002000000|0.5|0.6|1933||54|01/01/2025|||YEAR_LAST_CONSTRUCTION
1830002000000|0.6|0.7|1933||54|01/01/2025|||YEAR_LAST_CONSTRUCTION
1830002000000|0.7|0.8|1933||54|01/01/2025|||YEAR_LAST_CONSTRUCTION
1830002000000|0.8|0.9|1933||54|01/01/2025|||YEAR_LAST_CONSTRUCTION
1830002000000|0.9|1.0|1933||54|01/01/2025|||YEAR_LAST_CONSTRUCTION
1830002000000|1.0|1.1|1933||54|01/01/2025|||YEAR_LAST_CONSTRUCTION
1830002000000|1.1|1.2|1933||54|01/01/2025|||YEAR_LAST_CONSTRUCTION
1830002000000|1.2|1.3|1933||54|01/01/2025|||YEAR_LAST_CONSTRUCTION
1830002000000|1.3|1.4|1933||54|01/01/2025|||YEAR_LAST_CONSTRUCTION
1830002000000|1.4|1.5|1933||54|01/01/2025|||YEAR_LAST_CONSTRUCTION
1830002000000|1.5|1.6|1933||54|01/01/2025|||YEAR_LAST_CONSTRUCTION
1830002000000|1.6|1.7|1933||54|01/01/2025|||YEAR_LAST_CONSTRUCTION
1830002000000|1.7|1.8|1933||54|01/01/2025|||YEAR_LAST_CONSTRUCTION
1830002000000|1.8|1.9|1933||54|01/01/2025|||YEAR_LAST_CONSTRUCTION
1830002000000|1.9|2.0|1933||54|01/01/2025|||YEAR_LAST_CONSTRUCTION
1830002000000|2.0|2.1|1933||54|01/01/2025|||YEAR_LAST_CONSTRUCTION
1830002000000|2.1|2.2|1933||54|01/01/2025|||YEAR_LAST_CONSTRUCTION
1830002000000|2.2|2.3|1933||54|01/01/2025|||YEAR_LAST_CONSTRUCTION
1830002000000|2.3|2.4|1933||54|01/01/2025|||YEAR_LAST_CONSTRUCTION
1830002000000|2.4|2.5|1933||54|01/01/2025|||YEAR_LAST_CONSTRUCTION
1830002000000|2.5|2.6|1933||54|01/01/2025|||YEAR_LAST_CONSTRUCTION
1830002000000|2.6|2.7|1933||54|01/01/2025|||YEAR_LAST_CONSTRUCTION
1830002000000|2.7|2.72|1933||54|01/01/2025|||YEAR_LAST_CONSTRUCTION
1830002000000|2.76|2.8|1933||54|01/01/2025|||YEAR_LAST_CONSTRUCTION
1830002000000|2.8|2.9|1933||54|01/01/2025|||YEAR_LAST_CONSTRUCTION
1830002000000|2.9|3.0|1933||54|01/01/2025|||YEAR_LAST_CONSTRUCTION
1830002000000|3.0|3.1|1933||54|01/01/2025|||YEAR_LAST_CONSTRUCTION
1830002000000|3.1|3.2|1933||54|01/01/2025|||YEAR_LAST_CONSTRUCTION
1830002000000|3.2|3.3|1933||54|01/01/2025|||YEAR_LAST_CONSTRUCTION
1830002000000|3.3|3.4|1933||54|01/01/2025|||YEAR_LAST_CONSTRUCTION
1830002000000|3.4|3.5|1933||54|01/01/2025|||YEAR_LAST_CONSTRUCTION
1830002000000|3.5|3.6|1933||54|01/01/2025|||YEAR_LAST_CONSTRUCTION
1830002000000|3.6|3.7|1933||54|01/01/2025|||YEAR_LAST_CONSTRUCTION
1830002000000|3.7|3.8|1933||54|01/01/2025|||YEAR_LAST_CONSTRUCTION
1830002000000|3.8|3.88|1933||54|01/01/2025|||YEAR_LAST_CONSTRUCTION
1830002000000|10.86|11.0|1933||54|01/01/2025|||YEAR_LAST_CONSTRUCTION
1830002000000|11.14|11.28|1933||54|01/01/2025|||YEAR_LAST_CONSTRUCTION
5440030000000|0.0|0.98|1933||54|01/01/2025|||YEAR_LAST_CONSTRUCTION
1840021000000|0.0|0.36|1969||54|01/01/2025|||YEAR_LAST_CONSTRUCTION
3740001000000|3.02|4.05|1933||54|01/01/2025|||YEAR_LAST_CONSTRUCTION
5430892000000|7.02|8.1|1977||54|01/01/2025|||YEAR_LAST_CONSTRUCTION
5430892000000|8.1|8.55|1977||54|01/01/2025|||YEAR_LAST_CONSTRUCTION
5430892000000|8.55|9.46|1977||54|01/01/2025|||YEAR_LAST_CONSTRUCTION
07200330000EB|5.59|6.2|1921||54|01/01/2025|||YEAR_LAST_CONSTRUCTION
18100770000NB|132.44|137.74|1958||54|01/01/2025|||YEAR_LAST_CONSTRUCTION
18100770000NB|137.74|138.83|1958||54|01/01/2025|||YEAR_LAST_CONSTRUCTION
18100770000NB|138.83|145.99|1958||54|01/01/2025|||YEAR_LAST_CONSTRUCTION
18100770000NB|145.99|150.45|1958||54|01/01/2025|||YEAR_LAST_CONSTRUCTION
07200330000EB|6.2|6.6|1921||54|01/01/2025|||YEAR_LAST_CONSTRUCTION
18100770000NB|153.79|154.41|1958||54|01/01/2025|||YEAR_LAST_CONSTRUCTION
18100770000NB|154.41|156.01|1958||54|01/01/2025|||YEAR_LAST_CONSTRUCTION
18100770000NB|156.01|156.99|1958||54|01/01/2025|||YEAR_LAST_CONSTRUCTION
07200330000EB|10.13|14.3|1921||54|01/01/2025|||YEAR_LAST_CONSTRUCTION
07200330000EB|14.3|14.86|1921||54|01/01/2025|||YEAR_LAST_CONSTRUCTION
4330016000000|1.45|3.62|1921||54|01/01/2025|||YEAR_LAST_CONSTRUCTION
18200330000EB|3.32|3.46|1933||54|01/01/2025|||YEAR_LAST_CONSTRUCTION
18200330000EB|11.09|11.3|1933||54|01/01/2025|||YEAR_LAST_CONSTRUCTION
18200330000EB|11.3|11.4|1933||54|01/01/2025|||YEAR_LAST_CONSTRUCTION
18200330000EB|11.4|11.48|1933||54|01/01/2025|||YEAR_LAST_CONSTRUCTION
18200330000EB|21.43|24.76|1933||54|01/01/2025|||YEAR_LAST_CONSTRUCTION
4330016000000|19.02|21.98|1921||54|01/01/2025|||YEAR_LAST_CONSTRUCTION
5430095000000|3.77|3.8|1962||54|01/01/2025|||YEAR_LAST_CONSTRUCTION
5430095000000|3.8|3.9|1962||54|01/01/2025|||YEAR_LAST_CONSTRUCTION
5430095000000|3.9|3.99|1962||54|01/01/2025|||YEAR_LAST_CONSTRUCTION
5440034000000|0.0|0.76|1933||54|01/01/2025|||YEAR_LAST_CONSTRUCTION
5440034000000|1.45|1.76|1933||54|01/01/2025|||YEAR_LAST_CONSTRUCTION
5440047040000|2.692|2.86|1933||54|01/01/2025|||YEAR_LAST_CONSTRUCTION
54200500000EB|0.0|0.61|1933||54|01/01/2025|||YEAR_LAST_CONSTRUCTION
54200500000EB|2.53|3.15|1933||54|01/01/2025|||YEAR_LAST_CONSTRUCTION
0740011000000|6.9|7.85|1933||54|01/01/2025|||YEAR_LAST_CONSTRUCTION
18100770000NB|150.45|153.79|1958||54|01/01/2025|||YEAR_LAST_CONSTRUCTION
5430002000000|22.7|22.957|1933||54|01/01/2025|||YEAR_LAST_CONSTRUCTION
18200330000EB|0.19|0.62|1933||54|01/01/2025|||YEAR_LAST_CONSTRUCTION
18200330000EB|0.86|1.08|1933||54|01/01/2025|||YEAR_LAST_CONSTRUCTION
5430095000000|4.2|4.3|1962||54|01/01/2025|||YEAR_LAST_CONSTRUCTION
5430095000000|4.3|4.4|1962||54|01/01/2025|||YEAR_LAST_CONSTRUCTION
5430095000000|4.4|4.5|1962||54|01/01/2025|||YEAR_LAST_CONSTRUCTION
5430095000000|4.5|4.6|1962||54|01/01/2025|||YEAR_LAST_CONSTRUCTION
5430095000000|4.6|4.7|1962||54|01/01/2025|||YEAR_LAST_CONSTRUCTION
5430095000000|4.7|4.8|1962||54|01/01/2025|||YEAR_LAST_CONSTRUCTION
5430095000000|4.8|4.9|1962||54|01/01/2025|||YEAR_LAST_CONSTRUCTION
5430095000000|4.9|5.0|1962||54|01/01/2025|||YEAR_LAST_CONSTRUCTION
5430095000000|5.0|5.1|1962||54|01/01/2025|||YEAR_LAST_CONSTRUCTION
5430095000000|5.1|5.2|1962||54|01/01/2025|||YEAR_LAST_CONSTRUCTION
5430095000000|5.2|5.3|1962||54|01/01/2025|||YEAR_LAST_CONSTRUCTION
5430095000000|5.3|5.4|1962||54|01/01/2025|||YEAR_LAST_CONSTRUCTION
5430095000000|6.44|6.5|1962||54|01/01/2025|||YEAR_LAST_CONSTRUCTION
5430095000000|6.5|6.58|1962||54|01/01/2025|||YEAR_LAST_CONSTRUCTION
5440014160000|0.18|0.86|1956||54|01/01/2025|||YEAR_LAST_CONSTRUCTION
5440014160000|0.86|1.23|1956||54|01/01/2025|||YEAR_LAST_CONSTRUCTION
5440014160000|2.89|3.83|1956||54|01/01/2025|||YEAR_LAST_CONSTRUCTION
5430095000000|5.4|5.5|1962||54|01/01/2025|||YEAR_LAST_CONSTRUCTION
5430095000000|5.5|5.6|1962||54|01/01/2025|||YEAR_LAST_CONSTRUCTION
5430095000000|5.6|5.7|1962||54|01/01/2025|||YEAR_LAST_CONSTRUCTION
5430095000000|5.7|5.8|1962||54|01/01/2025|||YEAR_LAST_CONSTRUCTION
3730002000000|3.71|4.75|1921||54|01/01/2025|||YEAR_LAST_CONSTRUCTION
3730002000000|5.72|5.8|1921||54|01/01/2025|||YEAR_LAST_CONSTRUCTION
3730002000000|5.8|5.9|1921||54|01/01/2025|||YEAR_LAST_CONSTRUCTION
3730002000000|5.9|6.0|1921||54|01/01/2025|||YEAR_LAST_CONSTRUCTION
3730002000000|6.0|6.1|1921||54|01/01/2025|||YEAR_LAST_CONSTRUCTION
3730002000000|6.1|6.2|1921||54|01/01/2025|||YEAR_LAST_CONSTRUCTION
3730002000000|6.2|6.3|1921||54|01/01/2025|||YEAR_LAST_CONSTRUCTION
3730002000000|6.3|6.4|1921||54|01/01/2025|||YEAR_LAST_CONSTRUCTION
3730002000000|6.4|6.5|1921||54|01/01/2025|||YEAR_LAST_CONSTRUCTION
3730002000000|6.5|6.6|1921||54|01/01/2025|||YEAR_LAST_CONSTRUCTION
3730002000000|6.6|6.7|1921||54|01/01/2025|||YEAR_LAST_CONSTRUCTION
3730002000000|6.7|6.8|1921||54|01/01/2025|||YEAR_LAST_CONSTRUCTION
3730002000000|6.8|6.86|1921||54|01/01/2025|||YEAR_LAST_CONSTRUCTION
5430095000000|5.8|5.9|1962||54|01/01/2025|||YEAR_LAST_CONSTRUCTION
3730002000000|14.95|17.49|1921||54|01/01/2025|||YEAR_LAST_CONSTRUCTION
5430014000000|11.28|11.76|1933||54|01/01/2025|||YEAR_LAST_CONSTRUCTION
5430014000000|12.45|12.71|1933||54|01/01/2025|||YEAR_LAST_CONSTRUCTION
5430014000000|12.71|12.88|1933||54|01/01/2025|||YEAR_LAST_CONSTRUCTION
5430014000000|12.88|13.0|1933||54|01/01/2025|||YEAR_LAST_CONSTRUCTION
5430014000000|13.22|13.39|1933||54|01/01/2025|||YEAR_LAST_CONSTRUCTION
5430014000000|15.19|15.32|1933||54|01/01/2025|||YEAR_LAST_CONSTRUCTION
5430014000000|15.32|15.45|1933||54|01/01/2025|||YEAR_LAST_CONSTRUCTION
5430014000000|16.1|16.76|1933||54|01/01/2025|||YEAR_LAST_CONSTRUCTION
5430095000000|5.9|6.0|1962||54|01/01/2025|||YEAR_LAST_CONSTRUCTION
5430095000000|6.0|6.1|1962||54|01/01/2025|||YEAR_LAST_CONSTRUCTION
5430095000000|6.1|6.12|1962||54|01/01/2025|||YEAR_LAST_CONSTRUCTION
5430095000000|6.12|6.2|1962||54|01/01/2025|||YEAR_LAST_CONSTRUCTION
44200330000EB|4.33|4.4|1922||54|01/01/2025|||YEAR_LAST_CONSTRUCTION
44200330000EB|4.4|4.5|1922||54|01/01/2025|||YEAR_LAST_CONSTRUCTION
44200330000EB|4.5|4.6|1922||54|01/01/2025|||YEAR_LAST_CONSTRUCTION
44200330000EB|4.6|4.7|1922||54|01/01/2025|||YEAR_LAST_CONSTRUCTION
44200330000EB|4.7|4.8|1922||54|01/01/2025|||YEAR_LAST_CONSTRUCTION
44200330000EB|4.8|4.9|1922||54|01/01/2025|||YEAR_LAST_CONSTRUCTION
44200330000EB|4.9|5.0|1922||54|01/01/2025|||YEAR_LAST_CONSTRUCTION
44200330000EB|5.0|5.1|1922||54|01/01/2025|||YEAR_LAST_CONSTRUCTION
44200330000EB|5.1|5.2|1922||54|01/01/2025|||YEAR_LAST_CONSTRUCTION
44200330000EB|5.2|5.3|1922||54|01/01/2025|||YEAR_LAST_CONSTRUCTION
44200330000EB|5.3|5.4|1922||54|01/01/2025|||YEAR_LAST_CONSTRUCTION
44200330000EB|5.4|5.5|1922||54|01/01/2025|||YEAR_LAST_CONSTRUCTION
44200330000EB|5.5|5.6|1922||54|01/01/2025|||YEAR_LAST_CONSTRUCTION
44200330000EB|5.6|5.61|1922||54|01/01/2025|||YEAR_LAST_CONSTRUCTION
44200330000EB|6.75|6.8|1922||54|01/01/2025|||YEAR_LAST_CONSTRUCTION
44200330000EB|6.8|6.9|1922||54|01/01/2025|||YEAR_LAST_CONSTRUCTION
44200330000EB|6.9|7.0|1922||54|01/01/2025|||YEAR_LAST_CONSTRUCTION
44200330000EB|7.0|7.1|1922||54|01/01/2025|||YEAR_LAST_CONSTRUCTION
44200330000EB|7.1|7.2|1922||54|01/01/2025|||YEAR_LAST_CONSTRUCTION
44200330000EB|7.2|7.3|1922||54|01/01/2025|||YEAR_LAST_CONSTRUCTION
44200330000EB|7.3|7.4|1922||54|01/01/2025|||YEAR_LAST_CONSTRUCTION
44200330000EB|7.4|7.5|1922||54|01/01/2025|||YEAR_LAST_CONSTRUCTION
44200330000EB|7.5|7.6|1922||54|01/01/2025|||YEAR_LAST_CONSTRUCTION
44200330000EB|7.6|7.7|1922||54|01/01/2025|||YEAR_LAST_CONSTRUCTION
44200330000EB|7.7|7.8|1922||54|01/01/2025|||YEAR_LAST_CONSTRUCTION
44200330000EB|7.8|7.9|1922||54|01/01/2025|||YEAR_LAST_CONSTRUCTION
44200330000EB|7.9|8.0|1922||54|01/01/2025|||YEAR_LAST_CONSTRUCTION
44200330000EB|8.0|8.1|1922||54|01/01/2025|||YEAR_LAST_CONSTRUCTION
44200330000EB|8.1|8.2|1922||54|01/01/2025|||YEAR_LAST_CONSTRUCTION
44200330000EB|8.2|8.3|1922||54|01/01/2025|||YEAR_LAST_CONSTRUCTION
44200330000EB|8.3|8.4|1922||54|01/01/2025|||YEAR_LAST_CONSTRUCTION
44200330000EB|8.4|8.5|1922||54|01/01/2025|||YEAR_LAST_CONSTRUCTION
44200330000EB|8.5|8.6|1922||54|01/01/2025|||YEAR_LAST_CONSTRUCTION
44200330000EB|8.6|8.7|1922||54|01/01/2025|||YEAR_LAST_CONSTRUCTION
44200330000EB|8.7|8.8|1922||54|01/01/2025|||YEAR_LAST_CONSTRUCTION
44200330000EB|8.8|8.9|1922||54|01/01/2025|||YEAR_LAST_CONSTRUCTION
44200330000EB|8.9|9.0|1922||54|01/01/2025|||YEAR_LAST_CONSTRUCTION
44200330000EB|9.0|9.1|1922||54|01/01/2025|||YEAR_LAST_CONSTRUCTION
44200330000EB|15.77|15.8|1922||54|01/01/2025|||YEAR_LAST_CONSTRUCTION
44200330000EB|15.8|15.9|1922||54|01/01/2025|||YEAR_LAST_CONSTRUCTION
44200330000EB|15.9|16.0|1922||54|01/01/2025|||YEAR_LAST_CONSTRUCTION
44200330000EB|16.0|16.1|1922||54|01/01/2025|||YEAR_LAST_CONSTRUCTION
44200330000EB|16.1|16.2|1922||54|01/01/2025|||YEAR_LAST_CONSTRUCTION
44200330000EB|16.2|16.3|1922||54|01/01/2025|||YEAR_LAST_CONSTRUCTION
44200330000EB|16.3|16.4|1922||54|01/01/2025|||YEAR_LAST_CONSTRUCTION
44200330000EB|16.4|16.5|1922||54|01/01/2025|||YEAR_LAST_CONSTRUCTION
44200330000EB|16.5|16.6|1922||54|01/01/2025|||YEAR_LAST_CONSTRUCTION
44200330000EB|16.6|16.7|1922||54|01/01/2025|||YEAR_LAST_CONSTRUCTION
44200330000EB|16.7|16.8|1922||54|01/01/2025|||YEAR_LAST_CONSTRUCTION
44200330000EB|16.8|16.9|1922||54|01/01/2025|||YEAR_LAST_CONSTRUCTION
44200330000EB|16.9|17.0|1922||54|01/01/2025|||YEAR_LAST_CONSTRUCTION
44200330000EB|17.0|17.1|1922||54|01/01/2025|||YEAR_LAST_CONSTRUCTION
44200330000EB|17.1|17.2|1922||54|01/01/2025|||YEAR_LAST_CONSTRUCTION
44200330000EB|17.2|17.3|1922||54|01/01/2025|||YEAR_LAST_CONSTRUCTION
44200330000EB|17.3|17.4|1922||54|01/01/2025|||YEAR_LAST_CONSTRUCTION
44200330000EB|17.4|17.5|1922||54|01/01/2025|||YEAR_LAST_CONSTRUCTION
44200330000EB|17.5|17.6|1922||54|01/01/2025|||YEAR_LAST_CONSTRUCTION
44200330000EB|17.6|17.7|1922||54|01/01/2025|||YEAR_LAST_CONSTRUCTION
44200330000EB|17.7|17.73|1922||54|01/01/2025|||YEAR_LAST_CONSTRUCTION
5430095000000|6.2|6.29|1962||54|01/01/2025|||YEAR_LAST_CONSTRUCTION
5430014000100|0.0|0.63|1965||54|01/01/2025|||YEAR_LAST_CONSTRUCTION
5440050380000|0.0|1.71|1948||54|01/01/2025|||YEAR_LAST_CONSTRUCTION
3730002000000|10.51|10.84|1921||54|01/01/2025|||YEAR_LAST_CONSTRUCTION
43200500000EB|0.0|2.86|1921||54|01/01/2025|||YEAR_LAST_CONSTRUCTION
5430014000000|20.12|20.56|1933||54|01/01/2025|||YEAR_LAST_CONSTRUCTION
43200500000EB|13.57|14.78|1921||54|01/01/2025|||YEAR_LAST_CONSTRUCTION
5430014000100|0.92|1.31|1965||54|01/01/2025|||YEAR_LAST_CONSTRUCTION
5430014000100|1.72|1.98|1965||54|01/01/2025|||YEAR_LAST_CONSTRUCTION
5440021020000|0.0|0.39|1960||54|01/01/2025|||YEAR_LAST_CONSTRUCTION
5440021020000|0.5|1.98|1960||54|01/01/2025|||YEAR_LAST_CONSTRUCTION
43200500000EB|8.02|9.99|1921||54|01/01/2025|||YEAR_LAST_CONSTRUCTION
43200500000EB|10.83|11.79|1921||54|01/01/2025|||YEAR_LAST_CONSTRUCTION
43200500000EB|12.54|12.85|1921||54|01/01/2025|||YEAR_LAST_CONSTRUCTION
5440004100000|0.0|0.4|1963||54|01/01/2025|||YEAR_LAST_CONSTRUCTION
5440021010000|1.2|1.71|1933||54|01/01/2025|||YEAR_LAST_CONSTRUCTION
5330014000000|19.34|20.71|1921||54|01/01/2025|||YEAR_LAST_CONSTRUCTION
0740004000000|0.0|0.67|1933||54|01/01/2025|||YEAR_LAST_CONSTRUCTION
5440016000000|0.0|0.5|1933||54|01/01/2025|||YEAR_LAST_CONSTRUCTION
5440016000000|0.5|0.9|1933||54|01/01/2025|||YEAR_LAST_CONSTRUCTION
5440016000000|0.9|1.12|1933||54|01/01/2025|||YEAR_LAST_CONSTRUCTION
5440016000000|1.21|1.47|1933||54|01/01/2025|||YEAR_LAST_CONSTRUCTION
3730016000000|7.41|7.411|1921||54|01/01/2025|||YEAR_LAST_CONSTRUCTION
3730016000000|7.411|8.23|1921||54|01/01/2025|||YEAR_LAST_CONSTRUCTION
0730005000000|12.09|12.62|1921||54|01/01/2025|||YEAR_LAST_CONSTRUCTION
54100770000NB|156.99|158.69|1962||54|01/01/2025|||YEAR_LAST_CONSTRUCTION
54100770000NB|158.69|160.13|1962||54|01/01/2025|||YEAR_LAST_CONSTRUCTION
54100770000NB|160.13|160.38|1962||54|01/01/2025|||YEAR_LAST_CONSTRUCTION
54100770000NB|160.38|161.66|1962||54|01/01/2025|||YEAR_LAST_CONSTRUCTION
54100770000NB|161.66|162.73|1962||54|01/01/2025|||YEAR_LAST_CONSTRUCTION
54100770000NB|162.73|165.16|1962||54|01/01/2025|||YEAR_LAST_CONSTRUCTION
54100770000NB|165.16|168.205|1962||54|01/01/2025|||YEAR_LAST_CONSTRUCTION
54100770000NB|168.361|168.37|1962||54|01/01/2025|||YEAR_LAST_CONSTRUCTION
54100770000NB|168.37|172.29|1962||54|01/01/2025|||YEAR_LAST_CONSTRUCTION
54100770000NB|173.2|173.21|1962||54|01/01/2025|||YEAR_LAST_CONSTRUCTION
54100770000NB|176.46|176.5|1962||54|01/01/2025|||YEAR_LAST_CONSTRUCTION
54100770000NB|176.5|176.6|1962||54|01/01/2025|||YEAR_LAST_CONSTRUCTION
54100770000NB|176.6|176.7|1962||54|01/01/2025|||YEAR_LAST_CONSTRUCTION
54100770000NB|176.7|176.76|1962||54|01/01/2025|||YEAR_LAST_CONSTRUCTION
54100770000NB|176.76|176.8|1962||54|01/01/2025|||YEAR_LAST_CONSTRUCTION
54100770000NB|176.8|176.9|1962||54|01/01/2025|||YEAR_LAST_CONSTRUCTION
54100770000NB|176.9|177.0|1962||54|01/01/2025|||YEAR_LAST_CONSTRUCTION
54100770000NB|177.0|177.1|1962||54|01/01/2025|||YEAR_LAST_CONSTRUCTION
54100770000NB|177.1|177.2|1962||54|01/01/2025|||YEAR_LAST_CONSTRUCTION
54100770000NB|177.2|177.3|1962||54|01/01/2025|||YEAR_LAST_CONSTRUCTION
54100770000NB|177.3|177.4|1962||54|01/01/2025|||YEAR_LAST_CONSTRUCTION
54100770000NB|177.4|177.5|1962||54|01/01/2025|||YEAR_LAST_CONSTRUCTION
54100770000NB|177.5|177.6|1962||54|01/01/2025|||YEAR_LAST_CONSTRUCTION
54100770000NB|177.6|177.7|1962||54|01/01/2025|||YEAR_LAST_CONSTRUCTION
54100770000NB|177.7|177.8|1962||54|01/01/2025|||YEAR_LAST_CONSTRUCTION
54100770000NB|177.8|177.9|1962||54|01/01/2025|||YEAR_LAST_CONSTRUCTION
54100770000NB|177.9|177.928|1962||54|01/01/2025|||YEAR_LAST_CONSTRUCTION
54100770000NB|180.05|180.1|1962||54|01/01/2025|||YEAR_LAST_CONSTRUCTION
54100770000NB|180.1|180.18|1962||54|01/01/2025|||YEAR_LAST_CONSTRUCTION
54100770000NB|180.18|180.2|1962||54|01/01/2025|||YEAR_LAST_CONSTRUCTION
54100770000NB|180.2|180.3|1962||54|01/01/2025|||YEAR_LAST_CONSTRUCTION
54100770000NB|180.3|180.4|1962||54|01/01/2025|||YEAR_LAST_CONSTRUCTION
54100770000NB|180.4|180.5|1962||54|01/01/2025|||YEAR_LAST_CONSTRUCTION
54100770000NB|180.5|180.511|1962||54|01/01/2025|||YEAR_LAST_CONSTRUCTION
54100770000NB|181.674|181.7|1962||54|01/01/2025|||YEAR_LAST_CONSTRUCTION
54100770000NB|181.7|181.8|1962||54|01/01/2025|||YEAR_LAST_CONSTRUCTION
54100770000NB|181.8|181.9|1962||54|01/01/2025|||YEAR_LAST_CONSTRUCTION
54100770000NB|181.9|182.0|1962||54|01/01/2025|||YEAR_LAST_CONSTRUCTION
54100770000NB|182.0|182.1|1962||54|01/01/2025|||YEAR_LAST_CONSTRUCTION
54100770000NB|182.1|182.2|1962||54|01/01/2025|||YEAR_LAST_CONSTRUCTION
54100770000NB|182.2|182.3|1962||54|01/01/2025|||YEAR_LAST_CONSTRUCTION
54100770000NB|182.3|182.4|1962||54|01/01/2025|||YEAR_LAST_CONSTRUCTION
54100770000NB|182.4|182.5|1962||54|01/01/2025|||YEAR_LAST_CONSTRUCTION
54100770000NB|182.5|182.6|1962||54|01/01/2025|||YEAR_LAST_CONSTRUCTION
54100770000NB|182.6|182.7|1962||54|01/01/2025|||YEAR_LAST_CONSTRUCTION
54100770000NB|182.7|182.8|1962||54|01/01/2025|||YEAR_LAST_CONSTRUCTION
54100770000NB|182.8|182.9|1962||54|01/01/2025|||YEAR_LAST_CONSTRUCTION
54100770000NB|182.9|183.0|1962||54|01/01/2025|||YEAR_LAST_CONSTRUCTION
54100770000NB|183.0|183.1|1962||54|01/01/2025|||YEAR_LAST_CONSTRUCTION
54100770000NB|183.1|183.2|1962||54|01/01/2025|||YEAR_LAST_CONSTRUCTION
54100770000NB|183.2|183.3|1962||54|01/01/2025|||YEAR_LAST_CONSTRUCTION
54100770000NB|183.3|183.4|1962||54|01/01/2025|||YEAR_LAST_CONSTRUCTION
54100770000NB|183.4|183.5|1962||54|01/01/2025|||YEAR_LAST_CONSTRUCTION
54100770000NB|183.5|183.6|1962||54|01/01/2025|||YEAR_LAST_CONSTRUCTION
54100770000NB|183.6|183.7|1962||54|01/01/2025|||YEAR_LAST_CONSTRUCTION
54100770000NB|183.7|183.8|1962||54|01/01/2025|||YEAR_LAST_CONSTRUCTION
54100770000NB|183.8|183.9|1962||54|01/01/2025|||YEAR_LAST_CONSTRUCTION
54100770000NB|183.9|185.34|1962||54|01/01/2025|||YEAR_LAST_CONSTRUCTION
54100770000NB|185.34|185.64|1962||54|01/01/2025|||YEAR_LAST_CONSTRUCTION
54100770000NB|185.694|186.72|1962||54|01/01/2025|||YEAR_LAST_CONSTRUCTION
54100770000NB|186.72|186.8|1962||54|01/01/2025|||YEAR_LAST_CONSTRUCTION
54100770000NB|186.8|187.21|1962||54|01/01/2025|||YEAR_LAST_CONSTRUCTION
5430068000000|0.0|0.35|1977||54|01/01/2025|||YEAR_LAST_CONSTRUCTION
5440004000000|0.57|0.93|1933||54|01/01/2025|||YEAR_LAST_CONSTRUCTION
5430068000000|17.19|18.29|1977||54|01/01/2025|||YEAR_LAST_CONSTRUCTION
5440012000000|0.0|0.33|1949||54|01/01/2025|||YEAR_LAST_CONSTRUCTION
5440012000000|0.4|1.15|1949||54|01/01/2025|||YEAR_LAST_CONSTRUCTION
09200500000EB|0.0|3.98|1921||54|01/01/2025|||YEAR_LAST_CONSTRUCTION
09200500000EB|3.98|5.61|1921||54|01/01/2025|||YEAR_LAST_CONSTRUCTION
09200500000EB|5.63|6.54|1921||54|01/01/2025|||YEAR_LAST_CONSTRUCTION
1640010030000|0.0|0.21|1933||54|01/01/2025|||YEAR_LAST_CONSTRUCTION
2930028000000|7.69|9.22|1921||54|01/01/2025|||YEAR_LAST_CONSTRUCTION
2930028000000|11.93|12.86|1921||54|01/01/2025|||YEAR_LAST_CONSTRUCTION
2930028000000|12.86|13.545|1921||54|01/01/2025|||YEAR_LAST_CONSTRUCTION
2930093000000|0.0|0.069|1959||54|01/01/2025|||YEAR_LAST_CONSTRUCTION
2930093000000|0.069|0.1|1959||54|01/01/2025|||YEAR_LAST_CONSTRUCTION
2930093000000|0.1|0.2|1959||54|01/01/2025|||YEAR_LAST_CONSTRUCTION
2930093000000|0.2|0.3|1959||54|01/01/2025|||YEAR_LAST_CONSTRUCTION
2930093000000|0.3|0.4|1959||54|01/01/2025|||YEAR_LAST_CONSTRUCTION
2930093000000|0.4|0.5|1959||54|01/01/2025|||YEAR_LAST_CONSTRUCTION
2930093000000|0.5|0.6|1959||54|01/01/2025|||YEAR_LAST_CONSTRUCTION
2930093000000|0.6|0.7|1959||54|01/01/2025|||YEAR_LAST_CONSTRUCTION
2930093000000|0.7|0.8|1959||54|01/01/2025|||YEAR_LAST_CONSTRUCTION
2930093000000|0.8|0.9|1959||54|01/01/2025|||YEAR_LAST_CONSTRUCTION
2930093000000|0.9|1.0|1959||54|01/01/2025|||YEAR_LAST_CONSTRUCTION
2930093000000|1.0|1.1|1959||54|01/01/2025|||YEAR_LAST_CONSTRUCTION
2930093000000|1.1|1.2|1959||54|01/01/2025|||YEAR_LAST_CONSTRUCTION
2930093000000|1.2|1.3|1959||54|01/01/2025|||YEAR_LAST_CONSTRUCTION
2930093000000|1.3|1.4|1959||54|01/01/2025|||YEAR_LAST_CONSTRUCTION
2930093000000|1.4|1.5|1959||54|01/01/2025|||YEAR_LAST_CONSTRUCTION
2930093000000|1.5|1.6|1959||54|01/01/2025|||YEAR_LAST_CONSTRUCTION
2930093000000|1.6|1.7|1959||54|01/01/2025|||YEAR_LAST_CONSTRUCTION
2930093000000|1.7|1.8|1959||54|01/01/2025|||YEAR_LAST_CONSTRUCTION
2930093000000|1.8|1.9|1959||54|01/01/2025|||YEAR_LAST_CONSTRUCTION
2930093000000|1.9|2.0|1959||54|01/01/2025|||YEAR_LAST_CONSTRUCTION
2930093000000|2.0|2.1|1959||54|01/01/2025|||YEAR_LAST_CONSTRUCTION
2930093000000|2.1|2.2|1959||54|01/01/2025|||YEAR_LAST_CONSTRUCTION
2930093000000|2.2|2.3|1959||54|01/01/2025|||YEAR_LAST_CONSTRUCTION
2930093000000|2.3|2.4|1959||54|01/01/2025|||YEAR_LAST_CONSTRUCTION
2930093000000|2.4|2.5|1959||54|01/01/2025|||YEAR_LAST_CONSTRUCTION
2930093000000|2.5|2.6|1959||54|01/01/2025|||YEAR_LAST_CONSTRUCTION
2930093000000|2.6|2.7|1959||54|01/01/2025|||YEAR_LAST_CONSTRUCTION
2930093000000|2.7|2.8|1959||54|01/01/2025|||YEAR_LAST_CONSTRUCTION
2930093000000|2.8|2.9|1959||54|01/01/2025|||YEAR_LAST_CONSTRUCTION
2930093000000|2.9|3.0|1959||54|01/01/2025|||YEAR_LAST_CONSTRUCTION
2930093000000|3.0|3.1|1959||54|01/01/2025|||YEAR_LAST_CONSTRUCTION
2930093000000|3.1|3.2|1959||54|01/01/2025|||YEAR_LAST_CONSTRUCTION
2930093000000|3.2|3.3|1959||54|01/01/2025|||YEAR_LAST_CONSTRUCTION
2930093000000|3.3|3.4|1959||54|01/01/2025|||YEAR_LAST_CONSTRUCTION
2930093000000|3.4|3.42|1959||54|01/01/2025|||YEAR_LAST_CONSTRUCTION
1230093000000|2.36|2.4|1959||54|01/01/2025|||YEAR_LAST_CONSTRUCTION
1230093000000|2.4|2.5|1959||54|01/01/2025|||YEAR_LAST_CONSTRUCTION
1230093000000|2.5|2.6|1959||54|01/01/2025|||YEAR_LAST_CONSTRUCTION
1230093000000|2.6|2.7|1959||54|01/01/2025|||YEAR_LAST_CONSTRUCTION
1230093000000|2.7|2.8|1959||54|01/01/2025|||YEAR_LAST_CONSTRUCTION
1230093000000|2.8|2.9|1959||54|01/01/2025|||YEAR_LAST_CONSTRUCTION
1230093000000|2.9|2.98|1959||54|01/01/2025|||YEAR_LAST_CONSTRUCTION
1230093000000|3.77|3.8|1959||54|01/01/2025|||YEAR_LAST_CONSTRUCTION
1230093000000|3.8|3.9|1959||54|01/01/2025|||YEAR_LAST_CONSTRUCTION
1230093000000|3.9|4.0|1959||54|01/01/2025|||YEAR_LAST_CONSTRUCTION
1230093000000|4.0|4.05|1959||54|01/01/2025|||YEAR_LAST_CONSTRUCTION
1230093000000|9.6|9.7|1959||54|01/01/2025|||YEAR_LAST_CONSTRUCTION
1230093000000|9.7|9.71|1959||54|01/01/2025|||YEAR_LAST_CONSTRUCTION
1230093000000|9.71|9.8|1959||54|01/01/2025|||YEAR_LAST_CONSTRUCTION
1230093000000|9.8|9.9|1959||54|01/01/2025|||YEAR_LAST_CONSTRUCTION
1230093000000|9.9|10.0|1959||54|01/01/2025|||YEAR_LAST_CONSTRUCTION
1230093000000|10.0|10.1|1959||54|01/01/2025|||YEAR_LAST_CONSTRUCTION
1230093000000|10.1|10.2|1959||54|01/01/2025|||YEAR_LAST_CONSTRUCTION
1230093000000|10.2|10.3|1959||54|01/01/2025|||YEAR_LAST_CONSTRUCTION
1230093000000|10.3|10.4|1959||54|01/01/2025|||YEAR_LAST_CONSTRUCTION
1230093000000|10.4|10.5|1959||54|01/01/2025|||YEAR_LAST_CONSTRUCTION
1230093000000|10.5|10.6|1959||54|01/01/2025|||YEAR_LAST_CONSTRUCTION
1230093000000|10.6|10.7|1959||54|01/01/2025|||YEAR_LAST_CONSTRUCTION
1230093000000|10.7|10.8|1959||54|01/01/2025|||YEAR_LAST_CONSTRUCTION
1230093000000|10.8|10.9|1959||54|01/01/2025|||YEAR_LAST_CONSTRUCTION
1230093000000|10.9|11.0|1959||54|01/01/2025|||YEAR_LAST_CONSTRUCTION
1230093000000|11.0|11.1|1959||54|01/01/2025|||YEAR_LAST_CONSTRUCTION
1230093000000|11.1|11.2|1959||54|01/01/2025|||YEAR_LAST_CONSTRUCTION
1230093000000|11.2|11.3|1959||54|01/01/2025|||YEAR_LAST_CONSTRUCTION
1230093000000|11.3|11.4|1959||54|01/01/2025|||YEAR_LAST_CONSTRUCTION
1230093000000|11.4|11.5|1959||54|01/01/2025|||YEAR_LAST_CONSTRUCTION
1230093000000|11.5|11.6|1959||54|01/01/2025|||YEAR_LAST_CONSTRUCTION
1230093000000|11.6|11.7|1959||54|01/01/2025|||YEAR_LAST_CONSTRUCTION
1230093000000|11.7|11.8|1959||54|01/01/2025|||YEAR_LAST_CONSTRUCTION
1230093000000|11.8|11.9|1959||54|01/01/2025|||YEAR_LAST_CONSTRUCTION
1230093000000|11.9|12.0|1959||54|01/01/2025|||YEAR_LAST_CONSTRUCTION
1230093000000|12.0|12.1|1959||54|01/01/2025|||YEAR_LAST_CONSTRUCTION
1230093000000|12.1|12.2|1959||54|01/01/2025|||YEAR_LAST_CONSTRUCTION
1230093000000|12.2|12.3|1959||54|01/01/2025|||YEAR_LAST_CONSTRUCTION
1230093000000|12.3|12.4|1959||54|01/01/2025|||YEAR_LAST_CONSTRUCTION
1230093000000|12.4|12.5|1959||54|01/01/2025|||YEAR_LAST_CONSTRUCTION
1230093000000|12.5|12.6|1959||54|01/01/2025|||YEAR_LAST_CONSTRUCTION
1230093000000|12.6|12.7|1959||54|01/01/2025|||YEAR_LAST_CONSTRUCTION
1230093000000|12.7|12.8|1959||54|01/01/2025|||YEAR_LAST_CONSTRUCTION
1230093000000|12.8|12.9|1959||54|01/01/2025|||YEAR_LAST_CONSTRUCTION
1230093000000|12.9|13.0|1959||54|01/01/2025|||YEAR_LAST_CONSTRUCTION
1230093000000|13.0|13.1|1959||54|01/01/2025|||YEAR_LAST_CONSTRUCTION
1230093000000|13.1|13.2|1959||54|01/01/2025|||YEAR_LAST_CONSTRUCTION
1230093000000|13.2|13.3|1959||54|01/01/2025|||YEAR_LAST_CONSTRUCTION
1230093000000|13.3|13.4|1959||54|01/01/2025|||YEAR_LAST_CONSTRUCTION
1230093000000|13.4|13.45|1959||54|01/01/2025|||YEAR_LAST_CONSTRUCTION
1230093000000|13.45|13.5|1959||54|01/01/2025|||YEAR_LAST_CONSTRUCTION
1230093000000|13.5|13.6|1959||54|01/01/2025|||YEAR_LAST_CONSTRUCTION
1230093000000|13.6|13.7|1959||54|01/01/2025|||YEAR_LAST_CONSTRUCTION
1230093000000|13.7|13.8|1959||54|01/01/2025|||YEAR_LAST_CONSTRUCTION
1230093000000|13.8|13.9|1959||54|01/01/2025|||YEAR_LAST_CONSTRUCTION
1230093000000|13.9|14.0|1959||54|01/01/2025|||YEAR_LAST_CONSTRUCTION
1230093000000|14.0|14.1|1959||54|01/01/2025|||YEAR_LAST_CONSTRUCTION
1230093000000|14.1|14.2|1959||54|01/01/2025|||YEAR_LAST_CONSTRUCTION
1230093000000|14.2|14.3|1959||54|01/01/2025|||YEAR_LAST_CONSTRUCTION
1230093000000|14.3|14.4|1959||54|01/01/2025|||YEAR_LAST_CONSTRUCTION
1230093000000|14.4|14.5|1959||54|01/01/2025|||YEAR_LAST_CONSTRUCTION
1230093000000|14.5|14.6|1959||54|01/01/2025|||YEAR_LAST_CONSTRUCTION
1230093000000|14.6|14.7|1959||54|01/01/2025|||YEAR_LAST_CONSTRUCTION
1230093000000|14.7|14.8|1959||54|01/01/2025|||YEAR_LAST_CONSTRUCTION
1230093000000|14.8|14.9|1959||54|01/01/2025|||YEAR_LAST_CONSTRUCTION
1230093000000|14.9|15.0|1959||54|01/01/2025|||YEAR_LAST_CONSTRUCTION
1230093000000|15.0|15.1|1959||54|01/01/2025|||YEAR_LAST_CONSTRUCTION
1230093000000|15.1|15.2|1959||54|01/01/2025|||YEAR_LAST_CONSTRUCTION
1230093000000|15.2|15.3|1959||54|01/01/2025|||YEAR_LAST_CONSTRUCTION
1230093000000|15.3|15.4|1959||54|01/01/2025|||YEAR_LAST_CONSTRUCTION
1230093000000|15.4|15.5|1959||54|01/01/2025|||YEAR_LAST_CONSTRUCTION
1230093000000|15.5|15.6|1959||54|01/01/2025|||YEAR_LAST_CONSTRUCTION
1230093000000|15.6|15.7|1959||54|01/01/2025|||YEAR_LAST_CONSTRUCTION
1230093000000|15.7|15.8|1959||54|01/01/2025|||YEAR_LAST_CONSTRUCTION
1230093000000|15.8|15.85|1959||54|01/01/2025|||YEAR_LAST_CONSTRUCTION
1230093000000|15.85|15.9|1959||54|01/01/2025|||YEAR_LAST_CONSTRUCTION
1230093000000|15.9|16.0|1959||54|01/01/2025|||YEAR_LAST_CONSTRUCTION
1230093000000|16.0|16.1|1959||54|01/01/2025|||YEAR_LAST_CONSTRUCTION
1230093000000|16.1|16.2|1959||54|01/01/2025|||YEAR_LAST_CONSTRUCTION
1230093000000|16.2|16.3|1959||54|01/01/2025|||YEAR_LAST_CONSTRUCTION
1230093000000|16.3|16.4|1959||54|01/01/2025|||YEAR_LAST_CONSTRUCTION
1230093000000|16.4|16.5|1959||54|01/01/2025|||YEAR_LAST_CONSTRUCTION
1230093000000|16.5|16.6|1959||54|01/01/2025|||YEAR_LAST_CONSTRUCTION
1230093000000|16.6|16.7|1959||54|01/01/2025|||YEAR_LAST_CONSTRUCTION
1230093000000|16.7|16.8|1959||54|01/01/2025|||YEAR_LAST_CONSTRUCTION
1230093000000|16.8|16.9|1959||54|01/01/2025|||YEAR_LAST_CONSTRUCTION
1230093000000|16.9|17.0|1959||54|01/01/2025|||YEAR_LAST_CONSTRUCTION
1230093000000|17.0|17.1|1959||54|01/01/2025|||YEAR_LAST_CONSTRUCTION
1230093000000|17.1|17.2|1959||54|01/01/2025|||YEAR_LAST_CONSTRUCTION
1230093000000|17.2|17.3|1959||54|01/01/2025|||YEAR_LAST_CONSTRUCTION
1230093000000|17.3|17.4|1959||54|01/01/2025|||YEAR_LAST_CONSTRUCTION
1230093000000|17.4|17.5|1959||54|01/01/2025|||YEAR_LAST_CONSTRUCTION
1230093000000|17.5|17.6|1959||54|01/01/2025|||YEAR_LAST_CONSTRUCTION
1230093000000|17.6|17.7|1959||54|01/01/2025|||YEAR_LAST_CONSTRUCTION
1230093000000|17.7|17.8|1959||54|01/01/2025|||YEAR_LAST_CONSTRUCTION
1230093000000|17.8|17.9|1959||54|01/01/2025|||YEAR_LAST_CONSTRUCTION
1230093000000|17.9|18.0|1959||54|01/01/2025|||YEAR_LAST_CONSTRUCTION
1230093000000|18.0|18.046|1959||54|01/01/2025|||YEAR_LAST_CONSTRUCTION
0240005000000|5.9|7.94|1933||54|01/01/2025|||YEAR_LAST_CONSTRUCTION
1630055000000|35.57|35.6|1940||54|01/01/2025|||YEAR_LAST_CONSTRUCTION
1630055000000|35.6|35.7|1940||54|01/01/2025|||YEAR_LAST_CONSTRUCTION
1630055000000|35.7|35.8|1940||54|01/01/2025|||YEAR_LAST_CONSTRUCTION
1630055000000|35.8|35.9|1940||54|01/01/2025|||YEAR_LAST_CONSTRUCTION
1630055000000|35.9|36.0|1940||54|01/01/2025|||YEAR_LAST_CONSTRUCTION
1630055000000|36.0|36.1|1940||54|01/01/2025|||YEAR_LAST_CONSTRUCTION
1630055000000|36.1|36.2|1940||54|01/01/2025|||YEAR_LAST_CONSTRUCTION
1630055000000|36.2|36.3|1940||54|01/01/2025|||YEAR_LAST_CONSTRUCTION
0240001000000|8.14|9.32|1933||54|01/01/2025|||YEAR_LAST_CONSTRUCTION
1640012000000|14.85|15.91|1933||54|01/01/2025|||YEAR_LAST_CONSTRUCTION
0240011370000|0.0|0.23|2000||54|01/01/2025|||YEAR_LAST_CONSTRUCTION
2930046000000|15.38|16.59|1921||54|01/01/2025|||YEAR_LAST_CONSTRUCTION
02200110000NB|5.24|5.3|1917||54|01/01/2025|||YEAR_LAST_CONSTRUCTION
02200110000NB|5.3|5.4|1917||54|01/01/2025|||YEAR_LAST_CONSTRUCTION
02200110000NB|5.4|5.5|1917||54|01/01/2025|||YEAR_LAST_CONSTRUCTION
02200110000NB|5.5|5.6|1917||54|01/01/2025|||YEAR_LAST_CONSTRUCTION
02200110000NB|5.6|5.7|1917||54|01/01/2025|||YEAR_LAST_CONSTRUCTION
02200110000NB|5.7|5.8|1917||54|01/01/2025|||YEAR_LAST_CONSTRUCTION
02200110000NB|5.8|5.9|1917||54|01/01/2025|||YEAR_LAST_CONSTRUCTION
02200110000NB|5.9|6.0|1917||54|01/01/2025|||YEAR_LAST_CONSTRUCTION
02200110000NB|6.0|6.05|1917||54|01/01/2025|||YEAR_LAST_CONSTRUCTION
02200110000NB|6.05|7.71|1917||54|01/01/2025|||YEAR_LAST_CONSTRUCTION
02200110000NB|13.65|13.7|1917||54|01/01/2025|||YEAR_LAST_CONSTRUCTION
02200110000NB|13.7|13.78|1917||54|01/01/2025|||YEAR_LAST_CONSTRUCTION
02200110000NB|14.51|14.6|1917||54|01/01/2025|||YEAR_LAST_CONSTRUCTION
02200110000NB|14.6|14.64|1917||54|01/01/2025|||YEAR_LAST_CONSTRUCTION
02200110000NB|14.64|14.81|1917||54|01/01/2025|||YEAR_LAST_CONSTRUCTION
02200110000NB|16.48|16.5|1917||54|01/01/2025|||YEAR_LAST_CONSTRUCTION
02200110000NB|16.5|16.6|1917||54|01/01/2025|||YEAR_LAST_CONSTRUCTION
02200110000NB|16.6|16.7|1917||54|01/01/2025|||YEAR_LAST_CONSTRUCTION
02200110000NB|16.7|16.8|1917||54|01/01/2025|||YEAR_LAST_CONSTRUCTION
02200110000NB|16.8|16.9|1917||54|01/01/2025|||YEAR_LAST_CONSTRUCTION
02200110000NB|16.9|17.0|1917||54|01/01/2025|||YEAR_LAST_CONSTRUCTION
02200110000NB|17.0|17.1|1917||54|01/01/2025|||YEAR_LAST_CONSTRUCTION
02200110000NB|17.1|17.2|1917||54|01/01/2025|||YEAR_LAST_CONSTRUCTION
02200110000NB|17.2|17.3|1917||54|01/01/2025|||YEAR_LAST_CONSTRUCTION
02200110000NB|17.3|17.4|1917||54|01/01/2025|||YEAR_LAST_CONSTRUCTION
02200110000NB|17.4|17.5|1917||54|01/01/2025|||YEAR_LAST_CONSTRUCTION
02200110000NB|17.5|17.51|1917||54|01/01/2025|||YEAR_LAST_CONSTRUCTION
02200110000NB|24.71|24.8|1917||54|01/01/2025|||YEAR_LAST_CONSTRUCTION
02200110000NB|24.8|24.9|1917||54|01/01/2025|||YEAR_LAST_CONSTRUCTION
02200110000NB|24.9|24.97|1917||54|01/01/2025|||YEAR_LAST_CONSTRUCTION
1640007000000|5.61|6.0|1933||54|01/01/2025|||YEAR_LAST_CONSTRUCTION
1640007000000|19.2|20.5|1933||54|01/01/2025|||YEAR_LAST_CONSTRUCTION
1930009000000|0.0|0.059|1921||54|01/01/2025|||YEAR_LAST_CONSTRUCTION
1930009000000|0.059|0.1|1921||54|01/01/2025|||YEAR_LAST_CONSTRUCTION
1930009000000|0.1|0.2|1921||54|01/01/2025|||YEAR_LAST_CONSTRUCTION
1930009000000|0.2|0.3|1921||54|01/01/2025|||YEAR_LAST_CONSTRUCTION
1930009000000|0.3|0.4|1921||54|01/01/2025|||YEAR_LAST_CONSTRUCTION
1930009000000|0.4|0.5|1921||54|01/01/2025|||YEAR_LAST_CONSTRUCTION
1930009000000|0.5|0.6|1921||54|01/01/2025|||YEAR_LAST_CONSTRUCTION
1930009000000|0.6|0.7|1921||54|01/01/2025|||YEAR_LAST_CONSTRUCTION
1930009000000|0.7|0.8|1921||54|01/01/2025|||YEAR_LAST_CONSTRUCTION
1930009000000|0.8|0.9|1921||54|01/01/2025|||YEAR_LAST_CONSTRUCTION
1930009000000|0.9|1.0|1921||54|01/01/2025|||YEAR_LAST_CONSTRUCTION
1930009000000|1.0|1.1|1921||54|01/01/2025|||YEAR_LAST_CONSTRUCTION
1930009000000|1.1|1.2|1921||54|01/01/2025|||YEAR_LAST_CONSTRUCTION
1930009000000|1.2|1.3|1921||54|01/01/2025|||YEAR_LAST_CONSTRUCTION
1930009000000|1.3|1.4|1921||54|01/01/2025|||YEAR_LAST_CONSTRUCTION
1930009000000|1.4|1.45|1921||54|01/01/2025|||YEAR_LAST_CONSTRUCTION
1930009000000|4.97|5.0|1921||54|01/01/2025|||YEAR_LAST_CONSTRUCTION
1930009000000|5.0|5.1|1921||54|01/01/2025|||YEAR_LAST_CONSTRUCTION
1930009000000|5.1|5.2|1921||54|01/01/2025|||YEAR_LAST_CONSTRUCTION
1930009000000|5.2|5.3|1921||54|01/01/2025|||YEAR_LAST_CONSTRUCTION
1930009000000|5.3|5.4|1921||54|01/01/2025|||YEAR_LAST_CONSTRUCTION
1930009000000|5.4|5.5|1921||54|01/01/2025|||YEAR_LAST_CONSTRUCTION
1930009000000|5.5|5.6|1921||54|01/01/2025|||YEAR_LAST_CONSTRUCTION
1930009000000|5.6|5.7|1921||54|01/01/2025|||YEAR_LAST_CONSTRUCTION
1930009000000|5.7|5.8|1921||54|01/01/2025|||YEAR_LAST_CONSTRUCTION
1930009000000|5.8|5.9|1921||54|01/01/2025|||YEAR_LAST_CONSTRUCTION
1930009000000|5.9|6.0|1921||54|01/01/2025|||YEAR_LAST_CONSTRUCTION
1930009000000|6.0|6.1|1921||54|01/01/2025|||YEAR_LAST_CONSTRUCTION
1930009000000|6.1|6.2|1921||54|01/01/2025|||YEAR_LAST_CONSTRUCTION
1930009000000|6.2|6.3|1921||54|01/01/2025|||YEAR_LAST_CONSTRUCTION
1930009000000|6.3|6.35|1921||54|01/01/2025|||YEAR_LAST_CONSTRUCTION
1930009000000|6.52|8.03|1921||54|01/01/2025|||YEAR_LAST_CONSTRUCTION
1930009000000|8.03|9.12|1921||54|01/01/2025|||YEAR_LAST_CONSTRUCTION
1930009000000|10.91|11.0|1921||54|01/01/2025|||YEAR_LAST_CONSTRUCTION
1930009000000|11.0|11.1|1921||54|01/01/2025|||YEAR_LAST_CONSTRUCTION
1930009000000|11.1|11.2|1921||54|01/01/2025|||YEAR_LAST_CONSTRUCTION
1930009000000|11.2|11.3|1921||54|01/01/2025|||YEAR_LAST_CONSTRUCTION
1930009000000|11.3|11.4|1921||54|01/01/2025|||YEAR_LAST_CONSTRUCTION
1930009000000|11.4|11.418|1921||54|01/01/2025|||YEAR_LAST_CONSTRUCTION
1930009000000|14.435|14.5|1921||54|01/01/2025|||YEAR_LAST_CONSTRUCTION
1930009000000|14.5|14.6|1921||54|01/01/2025|||YEAR_LAST_CONSTRUCTION
1930009000000|14.6|14.7|1921||54|01/01/2025|||YEAR_LAST_CONSTRUCTION
1930009000000|14.7|14.8|1921||54|01/01/2025|||YEAR_LAST_CONSTRUCTION
1930009000000|14.8|14.9|1921||54|01/01/2025|||YEAR_LAST_CONSTRUCTION
1930009000000|14.9|14.96|1921||54|01/01/2025|||YEAR_LAST_CONSTRUCTION
1230042000000|16.97|21.26|1933||54|01/01/2025|||YEAR_LAST_CONSTRUCTION
1230042000000|21.78|22.74|1933||54|01/01/2025|||YEAR_LAST_CONSTRUCTION
12200480000EB|0.0|0.1|2011||54|01/01/2025|||YEAR_LAST_CONSTRUCTION
12200480000EB|0.1|0.2|2011||54|01/01/2025|||YEAR_LAST_CONSTRUCTION
12200480000EB|0.2|0.3|2011||54|01/01/2025|||YEAR_LAST_CONSTRUCTION
12200480000EB|0.3|0.4|2011||54|01/01/2025|||YEAR_LAST_CONSTRUCTION
12200480000EB|0.4|0.5|2011||54|01/01/2025|||YEAR_LAST_CONSTRUCTION
12200480000EB|0.5|0.6|2011||54|01/01/2025|||YEAR_LAST_CONSTRUCTION
12200480000EB|0.6|0.7|2011||54|01/01/2025|||YEAR_LAST_CONSTRUCTION
12200480000EB|0.7|0.8|2011||54|01/01/2025|||YEAR_LAST_CONSTRUCTION
12200480000EB|0.8|0.9|2011||54|01/01/2025|||YEAR_LAST_CONSTRUCTION
12200480000EB|0.9|1.0|2011||54|01/01/2025|||YEAR_LAST_CONSTRUCTION
12200480000EB|1.0|1.1|2011||54|01/01/2025|||YEAR_LAST_CONSTRUCTION
12200480000EB|1.1|1.2|2011||54|01/01/2025|||YEAR_LAST_CONSTRUCTION
12200480000EB|1.2|1.3|2011||54|01/01/2025|||YEAR_LAST_CONSTRUCTION
12200480000EB|1.3|1.4|2011||54|01/01/2025|||YEAR_LAST_CONSTRUCTION
12200480000EB|1.4|1.5|2011||54|01/01/2025|||YEAR_LAST_CONSTRUCTION
12200480000EB|1.5|1.6|2011||54|01/01/2025|||YEAR_LAST_CONSTRUCTION
12200480000EB|1.6|1.7|2011||54|01/01/2025|||YEAR_LAST_CONSTRUCTION
12200480000EB|1.7|1.8|2011||54|01/01/2025|||YEAR_LAST_CONSTRUCTION
12200480000EB|1.8|1.9|2011||54|01/01/2025|||YEAR_LAST_CONSTRUCTION
12200480000EB|1.9|2.0|2011||54|01/01/2025|||YEAR_LAST_CONSTRUCTION
12200480000EB|2.0|2.1|2011||54|01/01/2025|||YEAR_LAST_CONSTRUCTION
12200480000EB|2.1|2.2|2011||54|01/01/2025|||YEAR_LAST_CONSTRUCTION
12200480000EB|2.2|2.3|2011||54|01/01/2025|||YEAR_LAST_CONSTRUCTION
12200480000EB|2.3|2.4|2011||54|01/01/2025|||YEAR_LAST_CONSTRUCTION
12200480000EB|2.4|2.5|2011||54|01/01/2025|||YEAR_LAST_CONSTRUCTION
12200480000EB|2.5|2.6|2011||54|01/01/2025|||YEAR_LAST_CONSTRUCTION
12200480000EB|2.6|2.7|2011||54|01/01/2025|||YEAR_LAST_CONSTRUCTION
12200480000EB|2.7|2.8|2011||54|01/01/2025|||YEAR_LAST_CONSTRUCTION
12200480000EB|2.8|2.9|2011||54|01/01/2025|||YEAR_LAST_CONSTRUCTION
12200480000EB|2.9|3.0|2011||54|01/01/2025|||YEAR_LAST_CONSTRUCTION
12200480000EB|3.0|3.1|2011||54|01/01/2025|||YEAR_LAST_CONSTRUCTION
12200480000EB|3.1|3.2|2011||54|01/01/2025|||YEAR_LAST_CONSTRUCTION
12200480000EB|3.2|3.3|2011||54|01/01/2025|||YEAR_LAST_CONSTRUCTION
12200480000EB|3.3|3.4|2011||54|01/01/2025|||YEAR_LAST_CONSTRUCTION
12200480000EB|3.4|3.5|2011||54|01/01/2025|||YEAR_LAST_CONSTRUCTION
12200480000EB|3.5|3.6|2011||54|01/01/2025|||YEAR_LAST_CONSTRUCTION
12200480000EB|3.6|3.7|2011||54|01/01/2025|||YEAR_LAST_CONSTRUCTION
12200480000EB|3.7|3.8|2011||54|01/01/2025|||YEAR_LAST_CONSTRUCTION
12200480000EB|3.8|3.9|2011||54|01/01/2025|||YEAR_LAST_CONSTRUCTION
12200480000EB|3.9|4.0|2011||54|01/01/2025|||YEAR_LAST_CONSTRUCTION
12200480000EB|4.0|4.1|2011||54|01/01/2025|||YEAR_LAST_CONSTRUCTION
12200480000EB|4.1|4.2|2011||54|01/01/2025|||YEAR_LAST_CONSTRUCTION
12200480000EB|4.2|4.3|2011||54|01/01/2025|||YEAR_LAST_CONSTRUCTION
12200480000EB|4.3|4.4|2011||54|01/01/2025|||YEAR_LAST_CONSTRUCTION
12200480000EB|4.4|4.5|2011||54|01/01/2025|||YEAR_LAST_CONSTRUCTION
12200480000EB|4.5|4.6|2011||54|01/01/2025|||YEAR_LAST_CONSTRUCTION
12200480000EB|4.6|4.7|2011||54|01/01/2025|||YEAR_LAST_CONSTRUCTION
12200480000EB|4.7|4.8|2011||54|01/01/2025|||YEAR_LAST_CONSTRUCTION
12200480000EB|4.8|4.9|2011||54|01/01/2025|||YEAR_LAST_CONSTRUCTION
12200480000EB|4.9|5.0|2011||54|01/01/2025|||YEAR_LAST_CONSTRUCTION
12200480000EB|5.0|5.1|2011||54|01/01/2025|||YEAR_LAST_CONSTRUCTION
12200480000EB|5.1|5.2|2011||54|01/01/2025|||YEAR_LAST_CONSTRUCTION
12200480000EB|5.2|5.3|2011||54|01/01/2025|||YEAR_LAST_CONSTRUCTION
12200480000EB|5.3|5.4|2011||54|01/01/2025|||YEAR_LAST_CONSTRUCTION
12200480000EB|5.4|5.5|2011||54|01/01/2025|||YEAR_LAST_CONSTRUCTION
12200480000EB|5.5|5.6|2011||54|01/01/2025|||YEAR_LAST_CONSTRUCTION
12200480000EB|5.6|5.7|2011||54|01/01/2025|||YEAR_LAST_CONSTRUCTION
12200480000EB|5.7|5.8|2011||54|01/01/2025|||YEAR_LAST_CONSTRUCTION
12200480000EB|5.8|5.82|2011||54|01/01/2025|||YEAR_LAST_CONSTRUCTION
1640010000000|4.6|5.8|1933||54|01/01/2025|||YEAR_LAST_CONSTRUCTION
3330009000000|26.67|26.7|1921||54|01/01/2025|||YEAR_LAST_CONSTRUCTION
3330009000000|26.7|26.8|1921||54|01/01/2025|||YEAR_LAST_CONSTRUCTION
3330009000000|26.8|26.9|1921||54|01/01/2025|||YEAR_LAST_CONSTRUCTION
3330009000000|26.9|27.0|1921||54|01/01/2025|||YEAR_LAST_CONSTRUCTION
3330009000000|27.0|27.1|1921||54|01/01/2025|||YEAR_LAST_CONSTRUCTION
3330009000000|27.1|27.2|1921||54|01/01/2025|||YEAR_LAST_CONSTRUCTION
3330009000000|27.2|27.3|1921||54|01/01/2025|||YEAR_LAST_CONSTRUCTION
3330009000000|27.3|27.4|1921||54|01/01/2025|||YEAR_LAST_CONSTRUCTION
3330009000000|27.4|27.5|1921||54|01/01/2025|||YEAR_LAST_CONSTRUCTION
3330009000000|27.5|27.6|1921||54|01/01/2025|||YEAR_LAST_CONSTRUCTION
3330009000000|27.6|27.7|1921||54|01/01/2025|||YEAR_LAST_CONSTRUCTION
3330009000000|27.7|27.8|1921||54|01/01/2025|||YEAR_LAST_CONSTRUCTION
3330009000000|27.9|28.0|1921||54|01/01/2025|||YEAR_LAST_CONSTRUCTION
3330009000000|28.0|28.1|1921||54|01/01/2025|||YEAR_LAST_CONSTRUCTION
3330009000000|28.1|28.2|1921||54|01/01/2025|||YEAR_LAST_CONSTRUCTION
3330009000000|28.2|28.3|1921||54|01/01/2025|||YEAR_LAST_CONSTRUCTION
3330009000000|28.3|28.4|1921||54|01/01/2025|||YEAR_LAST_CONSTRUCTION
3330009000000|28.4|28.5|1921||54|01/01/2025|||YEAR_LAST_CONSTRUCTION
3330009000000|28.5|28.6|1921||54|01/01/2025|||YEAR_LAST_CONSTRUCTION
3330009000000|28.6|28.7|1921||54|01/01/2025|||YEAR_LAST_CONSTRUCTION
3330009000000|28.7|28.8|1921||54|01/01/2025|||YEAR_LAST_CONSTRUCTION
3330009000000|28.8|28.9|1921||54|01/01/2025|||YEAR_LAST_CONSTRUCTION
3330009000000|28.9|29.0|1921||54|01/01/2025|||YEAR_LAST_CONSTRUCTION
3330009000000|29.0|29.1|1921||54|01/01/2025|||YEAR_LAST_CONSTRUCTION
3330009000000|29.1|29.17|1921||54|01/01/2025|||YEAR_LAST_CONSTRUCTION
3330009000000|31.29|31.3|1921||54|01/01/2025|||YEAR_LAST_CONSTRUCTION
3330009000000|31.3|31.4|1921||54|01/01/2025|||YEAR_LAST_CONSTRUCTION
3330009000000|31.4|31.5|1921||54|01/01/2025|||YEAR_LAST_CONSTRUCTION
3330009000000|31.5|31.6|1921||54|01/01/2025|||YEAR_LAST_CONSTRUCTION
3330009000000|31.6|31.7|1921||54|01/01/2025|||YEAR_LAST_CONSTRUCTION
3330009000000|31.7|31.8|1921||54|01/01/2025|||YEAR_LAST_CONSTRUCTION
3330009000000|31.8|31.9|1921||54|01/01/2025|||YEAR_LAST_CONSTRUCTION
3330009000000|31.9|32.0|1921||54|01/01/2025|||YEAR_LAST_CONSTRUCTION
3330009000000|32.0|32.1|1921||54|01/01/2025|||YEAR_LAST_CONSTRUCTION
3330009000000|32.1|32.2|1921||54|01/01/2025|||YEAR_LAST_CONSTRUCTION
3330009000000|32.2|32.3|1921||54|01/01/2025|||YEAR_LAST_CONSTRUCTION
3330009000000|32.3|32.4|1921||54|01/01/2025|||YEAR_LAST_CONSTRUCTION
3330009000000|32.4|32.5|1921||54|01/01/2025|||YEAR_LAST_CONSTRUCTION
3330009000000|32.5|32.6|1921||54|01/01/2025|||YEAR_LAST_CONSTRUCTION
3330009000000|32.6|32.7|1921||54|01/01/2025|||YEAR_LAST_CONSTRUCTION
3330009000000|32.7|32.8|1921||54|01/01/2025|||YEAR_LAST_CONSTRUCTION
3330009000000|32.8|32.9|1921||54|01/01/2025|||YEAR_LAST_CONSTRUCTION
3330009000000|32.9|33.0|1921||54|01/01/2025|||YEAR_LAST_CONSTRUCTION
3330009000000|33.0|33.1|1921||54|01/01/2025|||YEAR_LAST_CONSTRUCTION
3330009000000|33.1|33.2|1921||54|01/01/2025|||YEAR_LAST_CONSTRUCTION
3330009000000|33.2|33.3|1921||54|01/01/2025|||YEAR_LAST_CONSTRUCTION
2930028000100|0.0|0.54|1981||54|01/01/2025|||YEAR_LAST_CONSTRUCTION
2930028000100|0.54|1.03|1981||54|01/01/2025|||YEAR_LAST_CONSTRUCTION
2930028000100|2.42|2.63|1981||54|01/01/2025|||YEAR_LAST_CONSTRUCTION
2930028000100|2.63|2.97|1981||54|01/01/2025|||YEAR_LAST_CONSTRUCTION
1930115000000|0.0|0.22|1987||54|01/01/2025|||YEAR_LAST_CONSTRUCTION
1930115000000|0.64|1.15|1987||54|01/01/2025|||YEAR_LAST_CONSTRUCTION
0240009270000|0.0|0.31|1953||54|01/01/2025|||YEAR_LAST_CONSTRUCTION
19203400000NB|9.13|9.2|1921||54|01/01/2025|||YEAR_LAST_CONSTRUCTION
19203400000NB|9.2|9.3|1921||54|01/01/2025|||YEAR_LAST_CONSTRUCTION
19203400000NB|9.3|9.38|1921||54|01/01/2025|||YEAR_LAST_CONSTRUCTION
19203400000NB|9.38|9.4|1921||54|01/01/2025|||YEAR_LAST_CONSTRUCTION
19203400000NB|9.4|9.5|1921||54|01/01/2025|||YEAR_LAST_CONSTRUCTION
19203400000NB|9.5|9.55|1921||54|01/01/2025|||YEAR_LAST_CONSTRUCTION
19203400000NB|10.41|10.5|1921||54|01/01/2025|||YEAR_LAST_CONSTRUCTION
19203400000NB|10.5|10.6|1921||54|01/01/2025|||YEAR_LAST_CONSTRUCTION
19203400000NB|10.6|10.7|1921||54|01/01/2025|||YEAR_LAST_CONSTRUCTION
19203400000NB|10.7|10.8|1921||54|01/01/2025|||YEAR_LAST_CONSTRUCTION
19203400000NB|10.8|10.9|1921||54|01/01/2025|||YEAR_LAST_CONSTRUCTION
19203400000NB|10.9|11.0|1921||54|01/01/2025|||YEAR_LAST_CONSTRUCTION
19203400000NB|11.0|11.1|1921||54|01/01/2025|||YEAR_LAST_CONSTRUCTION
19203400000NB|11.1|11.2|1921||54|01/01/2025|||YEAR_LAST_CONSTRUCTION
19203400000NB|11.2|11.3|1921||54|01/01/2025|||YEAR_LAST_CONSTRUCTION
19203400000NB|11.3|11.4|1921||54|01/01/2025|||YEAR_LAST_CONSTRUCTION
19203400000NB|11.4|11.5|1921||54|01/01/2025|||YEAR_LAST_CONSTRUCTION
19203400000NB|11.5|11.6|1921||54|01/01/2025|||YEAR_LAST_CONSTRUCTION
19203400000NB|11.6|11.7|1921||54|01/01/2025|||YEAR_LAST_CONSTRUCTION
19203400000NB|11.7|11.8|1921||54|01/01/2025|||YEAR_LAST_CONSTRUCTION
19203400000NB|11.8|11.86|1921||54|01/01/2025|||YEAR_LAST_CONSTRUCTION
19203400000NB|11.9|12.0|1921||54|01/01/2025|||YEAR_LAST_CONSTRUCTION
19203400000NB|12.0|12.047|1921||54|01/01/2025|||YEAR_LAST_CONSTRUCTION
19203400000NB|12.047|12.1|1921||54|01/01/2025|||YEAR_LAST_CONSTRUCTION
19203400000NB|12.1|12.2|1921||54|01/01/2025|||YEAR_LAST_CONSTRUCTION
19203400000NB|12.2|12.3|1921||54|01/01/2025|||YEAR_LAST_CONSTRUCTION
19203400000NB|12.3|12.4|1921||54|01/01/2025|||YEAR_LAST_CONSTRUCTION
19203400000NB|12.4|12.5|1921||54|01/01/2025|||YEAR_LAST_CONSTRUCTION
19203400000NB|12.5|12.6|1921||54|01/01/2025|||YEAR_LAST_CONSTRUCTION
19203400000NB|12.6|12.7|1921||54|01/01/2025|||YEAR_LAST_CONSTRUCTION
19203400000NB|12.7|12.711|1921||54|01/01/2025|||YEAR_LAST_CONSTRUCTION
19203400000NB|12.88|12.9|1921||54|01/01/2025|||YEAR_LAST_CONSTRUCTION
19203400000NB|12.9|13.0|1921||54|01/01/2025|||YEAR_LAST_CONSTRUCTION
19203400000NB|13.0|13.1|1921||54|01/01/2025|||YEAR_LAST_CONSTRUCTION
19203400000NB|13.1|13.2|1921||54|01/01/2025|||YEAR_LAST_CONSTRUCTION
19203400000NB|13.2|13.26|1921||54|01/01/2025|||YEAR_LAST_CONSTRUCTION
19203400000NB|13.26|13.3|1921||54|01/01/2025|||YEAR_LAST_CONSTRUCTION
19203400000NB|13.3|13.4|1921||54|01/01/2025|||YEAR_LAST_CONSTRUCTION
19203400000NB|13.4|13.5|1921||54|01/01/2025|||YEAR_LAST_CONSTRUCTION
19203400000NB|13.5|13.6|1921||54|01/01/2025|||YEAR_LAST_CONSTRUCTION
19203400000NB|13.6|13.7|1921||54|01/01/2025|||YEAR_LAST_CONSTRUCTION
19203400000NB|13.7|13.8|1921||54|01/01/2025|||YEAR_LAST_CONSTRUCTION
19203400000NB|13.8|13.82|1921||54|01/01/2025|||YEAR_LAST_CONSTRUCTION
19203400000NB|14.66|14.7|1921||54|01/01/2025|||YEAR_LAST_CONSTRUCTION
19203400000NB|14.7|14.8|1921||54|01/01/2025|||YEAR_LAST_CONSTRUCTION
19203400000NB|14.8|14.86|1921||54|01/01/2025|||YEAR_LAST_CONSTRUCTION
19203400000NB|14.86|14.9|1921||54|01/01/2025|||YEAR_LAST_CONSTRUCTION
19203400000NB|14.9|15.0|1921||54|01/01/2025|||YEAR_LAST_CONSTRUCTION
19203400000NB|15.0|15.1|1921||54|01/01/2025|||YEAR_LAST_CONSTRUCTION
19203400000NB|15.1|15.2|1921||54|01/01/2025|||YEAR_LAST_CONSTRUCTION
19203400000NB|15.2|15.3|1921||54|01/01/2025|||YEAR_LAST_CONSTRUCTION
19203400000NB|15.3|15.31|1921||54|01/01/2025|||YEAR_LAST_CONSTRUCTION
1930051000000|8.13|8.66|1921||54|01/01/2025|||YEAR_LAST_CONSTRUCTION
1930051000000|8.66|8.78|1921||54|01/01/2025|||YEAR_LAST_CONSTRUCTION
0240045050000|0.55|1.25|1933||54|01/01/2025|||YEAR_LAST_CONSTRUCTION
0240015000000|2.78|3.06|1917||54|01/01/2025|||YEAR_LAST_CONSTRUCTION
0230045000000|14.39|14.52|1917||54|01/01/2025|||YEAR_LAST_CONSTRUCTION
0230045000000|14.52|14.85|1917||54|01/01/2025|||YEAR_LAST_CONSTRUCTION
0230045000000|14.85|15.31|1917||54|01/01/2025|||YEAR_LAST_CONSTRUCTION
0230045000000|17.53|18.23|1917||54|01/01/2025|||YEAR_LAST_CONSTRUCTION
0230045000000|19.08|19.61|1917||54|01/01/2025|||YEAR_LAST_CONSTRUCTION
1940017000000|0.0|0.43|1933||54|01/01/2025|||YEAR_LAST_CONSTRUCTION
29200500000EB|8.0|8.1|1921||54|01/01/2025|||YEAR_LAST_CONSTRUCTION
29200500000EB|8.1|8.2|1921||54|01/01/2025|||YEAR_LAST_CONSTRUCTION
29200500000EB|8.2|8.3|1921||54|01/01/2025|||YEAR_LAST_CONSTRUCTION
29200500000EB|8.3|8.4|1921||54|01/01/2025|||YEAR_LAST_CONSTRUCTION
29200500000EB|8.4|8.5|1921||54|01/01/2025|||YEAR_LAST_CONSTRUCTION
29200500000EB|8.5|8.6|1921||54|01/01/2025|||YEAR_LAST_CONSTRUCTION
29200500000EB|8.6|8.7|1921||54|01/01/2025|||YEAR_LAST_CONSTRUCTION
29200500000EB|8.7|8.8|1921||54|01/01/2025|||YEAR_LAST_CONSTRUCTION
29200500000EB|8.8|8.9|1921||54|01/01/2025|||YEAR_LAST_CONSTRUCTION
29200500000EB|8.9|9.0|1921||54|01/01/2025|||YEAR_LAST_CONSTRUCTION
29200500000EB|9.0|9.1|1921||54|01/01/2025|||YEAR_LAST_CONSTRUCTION
29200500000EB|9.1|9.2|1921||54|01/01/2025|||YEAR_LAST_CONSTRUCTION
29200500000EB|9.2|9.3|1921||54|01/01/2025|||YEAR_LAST_CONSTRUCTION
29200500000EB|9.3|9.4|1921||54|01/01/2025|||YEAR_LAST_CONSTRUCTION
29200500000EB|9.4|9.5|1921||54|01/01/2025|||YEAR_LAST_CONSTRUCTION
29200500000EB|9.5|9.6|1921||54|01/01/2025|||YEAR_LAST_CONSTRUCTION
29200500000EB|9.6|9.7|1921||54|01/01/2025|||YEAR_LAST_CONSTRUCTION
29200500000EB|9.7|9.8|1921||54|01/01/2025|||YEAR_LAST_CONSTRUCTION
29200500000EB|9.8|9.9|1921||54|01/01/2025|||YEAR_LAST_CONSTRUCTION
29200500000EB|9.9|10.0|1921||54|01/01/2025|||YEAR_LAST_CONSTRUCTION
29200500000EB|10.0|10.1|1921||54|01/01/2025|||YEAR_LAST_CONSTRUCTION
29200500000EB|10.1|10.2|1921||54|01/01/2025|||YEAR_LAST_CONSTRUCTION
29200500000EB|10.2|10.3|1921||54|01/01/2025|||YEAR_LAST_CONSTRUCTION
29200500000EB|10.3|10.4|1921||54|01/01/2025|||YEAR_LAST_CONSTRUCTION
29200500000EB|10.4|10.5|1921||54|01/01/2025|||YEAR_LAST_CONSTRUCTION
29200500000EB|10.5|10.56|1921||54|01/01/2025|||YEAR_LAST_CONSTRUCTION
1940017040000|0.63|0.92|1959||54|01/01/2025|||YEAR_LAST_CONSTRUCTION
1940013000000|7.368|7.58|1933||54|01/01/2025|||YEAR_LAST_CONSTRUCTION
1940340180000|0.64|1.24|1992||54|01/01/2025|||YEAR_LAST_CONSTRUCTION
02100810000NB|0.0|0.1|1958||54|01/01/2025|||YEAR_LAST_CONSTRUCTION
02100810000NB|0.1|0.2|1958||54|01/01/2025|||YEAR_LAST_CONSTRUCTION
02100810000NB|0.2|0.3|1958||54|01/01/2025|||YEAR_LAST_CONSTRUCTION
02100810000NB|0.3|0.4|1958||54|01/01/2025|||YEAR_LAST_CONSTRUCTION
02100810000NB|0.4|0.5|1958||54|01/01/2025|||YEAR_LAST_CONSTRUCTION
02100810000NB|0.5|0.6|1958||54|01/01/2025|||YEAR_LAST_CONSTRUCTION
02100810000NB|0.6|0.7|1958||54|01/01/2025|||YEAR_LAST_CONSTRUCTION
02100810000NB|0.7|0.8|1958||54|01/01/2025|||YEAR_LAST_CONSTRUCTION
02100810000NB|0.8|0.9|1958||54|01/01/2025|||YEAR_LAST_CONSTRUCTION
02100810000NB|0.9|1.0|1958||54|01/01/2025|||YEAR_LAST_CONSTRUCTION
02100810000NB|1.0|1.1|1958||54|01/01/2025|||YEAR_LAST_CONSTRUCTION
02100810000NB|1.1|1.2|1958||54|01/01/2025|||YEAR_LAST_CONSTRUCTION
02100810000NB|1.2|1.3|1958||54|01/01/2025|||YEAR_LAST_CONSTRUCTION
02100810000NB|1.3|1.39|1958||54|01/01/2025|||YEAR_LAST_CONSTRUCTION
02100810000NB|11.63|11.7|1958||54|01/01/2025|||YEAR_LAST_CONSTRUCTION
02100810000NB|11.7|11.8|1958||54|01/01/2025|||YEAR_LAST_CONSTRUCTION
02100810000NB|11.8|11.9|1958||54|01/01/2025|||YEAR_LAST_CONSTRUCTION
02100810000NB|11.9|12.0|1958||54|01/01/2025|||YEAR_LAST_CONSTRUCTION
02100810000NB|12.0|12.1|1958||54|01/01/2025|||YEAR_LAST_CONSTRUCTION
02100810000NB|12.1|12.2|1958||54|01/01/2025|||YEAR_LAST_CONSTRUCTION
02100810000NB|12.2|12.3|1958||54|01/01/2025|||YEAR_LAST_CONSTRUCTION
02100810000NB|12.3|12.4|1958||54|01/01/2025|||YEAR_LAST_CONSTRUCTION
02100810000NB|12.4|12.5|1958||54|01/01/2025|||YEAR_LAST_CONSTRUCTION
02100810000NB|12.5|12.6|1958||54|01/01/2025|||YEAR_LAST_CONSTRUCTION
02100810000NB|12.6|12.7|1958||54|01/01/2025|||YEAR_LAST_CONSTRUCTION
02100810000NB|12.7|12.8|1958||54|01/01/2025|||YEAR_LAST_CONSTRUCTION
02100810000NB|12.8|12.9|1958||54|01/01/2025|||YEAR_LAST_CONSTRUCTION
02100810000NB|12.9|13.0|1958||54|01/01/2025|||YEAR_LAST_CONSTRUCTION
02100810000NB|13.0|13.1|1958||54|01/01/2025|||YEAR_LAST_CONSTRUCTION
02100810000NB|13.1|13.2|1958||54|01/01/2025|||YEAR_LAST_CONSTRUCTION
02100810000NB|13.2|13.3|1958||54|01/01/2025|||YEAR_LAST_CONSTRUCTION
02100810000NB|13.3|13.4|1958||54|01/01/2025|||YEAR_LAST_CONSTRUCTION
02100810000NB|13.4|13.5|1958||54|01/01/2025|||YEAR_LAST_CONSTRUCTION
02100810000NB|13.5|13.54|1958||54|01/01/2025|||YEAR_LAST_CONSTRUCTION
02100810000NB|13.54|13.6|1958||54|01/01/2025|||YEAR_LAST_CONSTRUCTION
02100810000NB|13.6|13.7|1958||54|01/01/2025|||YEAR_LAST_CONSTRUCTION
02100810000NB|13.7|13.8|1958||54|01/01/2025|||YEAR_LAST_CONSTRUCTION
02100810000NB|13.8|13.9|1958||54|01/01/2025|||YEAR_LAST_CONSTRUCTION
02100810000NB|13.9|14.0|1958||54|01/01/2025|||YEAR_LAST_CONSTRUCTION
02100810000NB|14.0|14.1|1958||54|01/01/2025|||YEAR_LAST_CONSTRUCTION
02100810000NB|14.1|14.2|1958||54|01/01/2025|||YEAR_LAST_CONSTRUCTION
02100810000NB|14.2|14.26|1958||54|01/01/2025|||YEAR_LAST_CONSTRUCTION
02100810000NB|14.26|14.3|1958||54|01/01/2025|||YEAR_LAST_CONSTRUCTION
02100810000NB|14.3|14.4|1958||54|01/01/2025|||YEAR_LAST_CONSTRUCTION
02100810000NB|14.4|14.5|1958||54|01/01/2025|||YEAR_LAST_CONSTRUCTION
02100810000NB|14.5|14.6|1958||54|01/01/2025|||YEAR_LAST_CONSTRUCTION
02100810000NB|14.6|14.7|1958||54|01/01/2025|||YEAR_LAST_CONSTRUCTION
02100810000NB|14.7|14.8|1958||54|01/01/2025|||YEAR_LAST_CONSTRUCTION
02100810000NB|14.8|14.9|1958||54|01/01/2025|||YEAR_LAST_CONSTRUCTION
02100810000NB|14.9|15.0|1958||54|01/01/2025|||YEAR_LAST_CONSTRUCTION
02100810000NB|15.0|15.1|1958||54|01/01/2025|||YEAR_LAST_CONSTRUCTION
02100810000NB|15.1|15.2|1958||54|01/01/2025|||YEAR_LAST_CONSTRUCTION
02100810000NB|15.2|15.22|1958||54|01/01/2025|||YEAR_LAST_CONSTRUCTION
02100810000NB|15.22|15.3|1958||54|01/01/2025|||YEAR_LAST_CONSTRUCTION
02100810000NB|15.3|15.4|1958||54|01/01/2025|||YEAR_LAST_CONSTRUCTION
02100810000NB|15.4|15.5|1958||54|01/01/2025|||YEAR_LAST_CONSTRUCTION
02100810000NB|15.5|15.6|1958||54|01/01/2025|||YEAR_LAST_CONSTRUCTION
02100810000NB|15.6|15.62|1958||54|01/01/2025|||YEAR_LAST_CONSTRUCTION
02100810000NB|15.62|15.7|1958||54|01/01/2025|||YEAR_LAST_CONSTRUCTION
02100810000NB|15.7|15.8|1958||54|01/01/2025|||YEAR_LAST_CONSTRUCTION
02100810000NB|15.8|15.9|1958||54|01/01/2025|||YEAR_LAST_CONSTRUCTION
02100810000NB|15.9|15.95|1958||54|01/01/2025|||YEAR_LAST_CONSTRUCTION
02100810000NB|15.95|16.0|1958||54|01/01/2025|||YEAR_LAST_CONSTRUCTION
02100810000NB|16.0|16.1|1958||54|01/01/2025|||YEAR_LAST_CONSTRUCTION
02100810000NB|16.1|16.2|1958||54|01/01/2025|||YEAR_LAST_CONSTRUCTION
02100810000NB|16.2|16.23|1958||54|01/01/2025|||YEAR_LAST_CONSTRUCTION
02100810000NB|16.23|16.3|1958||54|01/01/2025|||YEAR_LAST_CONSTRUCTION
02100810000NB|16.3|16.4|1958||54|01/01/2025|||YEAR_LAST_CONSTRUCTION
02100810000NB|16.4|16.5|1958||54|01/01/2025|||YEAR_LAST_CONSTRUCTION
02100810000NB|16.5|16.6|1958||54|01/01/2025|||YEAR_LAST_CONSTRUCTION
02100810000NB|16.6|16.7|1958||54|01/01/2025|||YEAR_LAST_CONSTRUCTION
02100810000NB|16.7|16.8|1958||54|01/01/2025|||YEAR_LAST_CONSTRUCTION
02100810000NB|16.8|16.9|1958||54|01/01/2025|||YEAR_LAST_CONSTRUCTION
02100810000NB|16.9|17.0|1958||54|01/01/2025|||YEAR_LAST_CONSTRUCTION
02100810000NB|17.0|17.1|1958||54|01/01/2025|||YEAR_LAST_CONSTRUCTION
02100810000NB|17.1|17.2|1958||54|01/01/2025|||YEAR_LAST_CONSTRUCTION
02100810000NB|17.2|17.3|1958||54|01/01/2025|||YEAR_LAST_CONSTRUCTION
02100810000NB|17.3|17.4|1958||54|01/01/2025|||YEAR_LAST_CONSTRUCTION
02100810000NB|17.4|17.5|1958||54|01/01/2025|||YEAR_LAST_CONSTRUCTION
02100810000NB|17.5|17.6|1958||54|01/01/2025|||YEAR_LAST_CONSTRUCTION
02100810000NB|17.6|17.7|1958||54|01/01/2025|||YEAR_LAST_CONSTRUCTION
02100810000NB|17.7|17.8|1958||54|01/01/2025|||YEAR_LAST_CONSTRUCTION
02100810000NB|17.8|17.9|1958||54|01/01/2025|||YEAR_LAST_CONSTRUCTION
02100810000NB|17.9|18.0|1958||54|01/01/2025|||YEAR_LAST_CONSTRUCTION
02100810000NB|18.0|18.1|1958||54|01/01/2025|||YEAR_LAST_CONSTRUCTION
02100810000NB|18.1|18.13|1958||54|01/01/2025|||YEAR_LAST_CONSTRUCTION
02100810000NB|18.13|18.2|1958||54|01/01/2025|||YEAR_LAST_CONSTRUCTION
02100810000NB|18.2|18.3|1958||54|01/01/2025|||YEAR_LAST_CONSTRUCTION
02100810000NB|18.3|18.4|1958||54|01/01/2025|||YEAR_LAST_CONSTRUCTION
02100810000NB|18.4|18.5|1958||54|01/01/2025|||YEAR_LAST_CONSTRUCTION
02100810000NB|18.5|18.6|1958||54|01/01/2025|||YEAR_LAST_CONSTRUCTION
02100810000NB|18.6|18.7|1958||54|01/01/2025|||YEAR_LAST_CONSTRUCTION
02100810000NB|18.7|18.8|1958||54|01/01/2025|||YEAR_LAST_CONSTRUCTION
02100810000NB|18.8|18.9|1958||54|01/01/2025|||YEAR_LAST_CONSTRUCTION
02100810000NB|18.9|19.0|1958||54|01/01/2025|||YEAR_LAST_CONSTRUCTION
02100810000NB|19.0|19.1|1958||54|01/01/2025|||YEAR_LAST_CONSTRUCTION
02100810000NB|19.1|19.2|1958||54|01/01/2025|||YEAR_LAST_CONSTRUCTION
02100810000NB|19.2|19.3|1958||54|01/01/2025|||YEAR_LAST_CONSTRUCTION
02100810000NB|19.3|19.4|1958||54|01/01/2025|||YEAR_LAST_CONSTRUCTION
02100810000NB|19.4|19.5|1958||54|01/01/2025|||YEAR_LAST_CONSTRUCTION
02100810000NB|19.5|19.6|1958||54|01/01/2025|||YEAR_LAST_CONSTRUCTION
02100810000NB|19.6|19.7|1958||54|01/01/2025|||YEAR_LAST_CONSTRUCTION
02100810000NB|19.7|19.8|1958||54|01/01/2025|||YEAR_LAST_CONSTRUCTION
02100810000NB|19.8|19.9|1958||54|01/01/2025|||YEAR_LAST_CONSTRUCTION
02100810000NB|19.9|20.0|1958||54|01/01/2025|||YEAR_LAST_CONSTRUCTION
02100810000NB|20.0|20.1|1958||54|01/01/2025|||YEAR_LAST_CONSTRUCTION
02100810000NB|20.1|20.2|1958||54|01/01/2025|||YEAR_LAST_CONSTRUCTION
02100810000NB|20.2|20.3|1958||54|01/01/2025|||YEAR_LAST_CONSTRUCTION
02100810000NB|20.3|20.37|1958||54|01/01/2025|||YEAR_LAST_CONSTRUCTION
02100810000NB|20.37|20.4|1958||54|01/01/2025|||YEAR_LAST_CONSTRUCTION
02100810000NB|20.4|20.5|1958||54|01/01/2025|||YEAR_LAST_CONSTRUCTION
02100810000NB|20.5|20.6|1958||54|01/01/2025|||YEAR_LAST_CONSTRUCTION
02100810000NB|20.6|20.7|1958||54|01/01/2025|||YEAR_LAST_CONSTRUCTION
02100810000NB|20.7|20.8|1958||54|01/01/2025|||YEAR_LAST_CONSTRUCTION
02100810000NB|20.8|20.9|1958||54|01/01/2025|||YEAR_LAST_CONSTRUCTION
02100810000NB|20.9|21.0|1958||54|01/01/2025|||YEAR_LAST_CONSTRUCTION
02100810000NB|21.0|21.1|1958||54|01/01/2025|||YEAR_LAST_CONSTRUCTION
02100810000NB|21.1|21.2|1958||54|01/01/2025|||YEAR_LAST_CONSTRUCTION
02100810000NB|21.2|21.3|1958||54|01/01/2025|||YEAR_LAST_CONSTRUCTION
02100810000NB|21.3|21.4|1958||54|01/01/2025|||YEAR_LAST_CONSTRUCTION
02100810000NB|21.4|21.5|1958||54|01/01/2025|||YEAR_LAST_CONSTRUCTION
02100810000NB|21.5|21.6|1958||54|01/01/2025|||YEAR_LAST_CONSTRUCTION
02100810000NB|21.6|21.7|1958||54|01/01/2025|||YEAR_LAST_CONSTRUCTION
02100810000NB|21.7|21.8|1958||54|01/01/2025|||YEAR_LAST_CONSTRUCTION
02100810000NB|21.8|21.9|1958||54|01/01/2025|||YEAR_LAST_CONSTRUCTION
02100810000NB|21.9|22.0|1958||54|01/01/2025|||YEAR_LAST_CONSTRUCTION
02100810000NB|22.0|22.1|1958||54|01/01/2025|||YEAR_LAST_CONSTRUCTION
02100810000NB|22.1|22.2|1958||54|01/01/2025|||YEAR_LAST_CONSTRUCTION
02100810000NB|22.2|22.3|1958||54|01/01/2025|||YEAR_LAST_CONSTRUCTION
02100810000NB|22.3|22.4|1958||54|01/01/2025|||YEAR_LAST_CONSTRUCTION
02100810000NB|22.4|22.5|1958||54|01/01/2025|||YEAR_LAST_CONSTRUCTION
02100810000NB|22.5|22.6|1958||54|01/01/2025|||YEAR_LAST_CONSTRUCTION
02100810000NB|22.6|22.7|1958||54|01/01/2025|||YEAR_LAST_CONSTRUCTION
02100810000NB|22.7|22.8|1958||54|01/01/2025|||YEAR_LAST_CONSTRUCTION
02100810000NB|22.8|22.9|1958||54|01/01/2025|||YEAR_LAST_CONSTRUCTION
02100810000NB|22.9|23.0|1958||54|01/01/2025|||YEAR_LAST_CONSTRUCTION
02100810000NB|23.0|23.1|1958||54|01/01/2025|||YEAR_LAST_CONSTRUCTION
02100810000NB|23.1|23.2|1958||54|01/01/2025|||YEAR_LAST_CONSTRUCTION
02100810000NB|23.2|23.3|1958||54|01/01/2025|||YEAR_LAST_CONSTRUCTION
02100810000NB|23.3|23.4|1958||54|01/01/2025|||YEAR_LAST_CONSTRUCTION
02100810000NB|23.4|23.46|1958||54|01/01/2025|||YEAR_LAST_CONSTRUCTION
02100810000NB|23.46|23.5|1958||54|01/01/2025|||YEAR_LAST_CONSTRUCTION
02100810000NB|23.5|23.6|1958||54|01/01/2025|||YEAR_LAST_CONSTRUCTION
02100810000NB|23.6|23.7|1958||54|01/01/2025|||YEAR_LAST_CONSTRUCTION
02100810000NB|23.7|23.8|1958||54|01/01/2025|||YEAR_LAST_CONSTRUCTION
02100810000NB|23.8|23.9|1958||54|01/01/2025|||YEAR_LAST_CONSTRUCTION
02100810000NB|23.9|24.0|1958||54|01/01/2025|||YEAR_LAST_CONSTRUCTION
02100810000NB|24.0|24.1|1958||54|01/01/2025|||YEAR_LAST_CONSTRUCTION
02100810000NB|24.1|24.2|1958||54|01/01/2025|||YEAR_LAST_CONSTRUCTION
02100810000NB|24.2|24.3|1958||54|01/01/2025|||YEAR_LAST_CONSTRUCTION
02100810000NB|24.3|24.4|1958||54|01/01/2025|||YEAR_LAST_CONSTRUCTION
02100810000NB|24.4|24.5|1958||54|01/01/2025|||YEAR_LAST_CONSTRUCTION
02100810000NB|24.5|24.53|1958||54|01/01/2025|||YEAR_LAST_CONSTRUCTION
02100810000NB|24.53|24.6|1958||54|01/01/2025|||YEAR_LAST_CONSTRUCTION
02100810000NB|24.6|24.7|1958||54|01/01/2025|||YEAR_LAST_CONSTRUCTION
02100810000NB|24.7|24.8|1958||54|01/01/2025|||YEAR_LAST_CONSTRUCTION
02100810000NB|24.8|24.9|1958||54|01/01/2025|||YEAR_LAST_CONSTRUCTION
02100810000NB|24.9|25.0|1958||54|01/01/2025|||YEAR_LAST_CONSTRUCTION
02100810000NB|25.0|25.1|1958||54|01/01/2025|||YEAR_LAST_CONSTRUCTION
02100810000NB|25.1|25.2|1958||54|01/01/2025|||YEAR_LAST_CONSTRUCTION
02100810000NB|25.2|25.3|1958||54|01/01/2025|||YEAR_LAST_CONSTRUCTION
02100810000NB|25.3|25.4|1958||54|01/01/2025|||YEAR_LAST_CONSTRUCTION
02100810000NB|25.4|25.5|1958||54|01/01/2025|||YEAR_LAST_CONSTRUCTION
02100810000NB|25.5|25.6|1958||54|01/01/2025|||YEAR_LAST_CONSTRUCTION
02100810000NB|25.6|25.7|1958||54|01/01/2025|||YEAR_LAST_CONSTRUCTION
02100810000NB|25.7|25.8|1958||54|01/01/2025|||YEAR_LAST_CONSTRUCTION
02100810000NB|25.8|25.9|1958||54|01/01/2025|||YEAR_LAST_CONSTRUCTION
02100810000NB|25.9|26.0|1958||54|01/01/2025|||YEAR_LAST_CONSTRUCTION
33205220000NB|0.0|0.1|1921||54|01/01/2025|||YEAR_LAST_CONSTRUCTION
33205220000NB|0.1|0.2|1921||54|01/01/2025|||YEAR_LAST_CONSTRUCTION
33205220000NB|0.2|0.3|1921||54|01/01/2025|||YEAR_LAST_CONSTRUCTION
33205220000NB|0.3|0.4|1921||54|01/01/2025|||YEAR_LAST_CONSTRUCTION
33205220000NB|0.4|0.5|1921||54|01/01/2025|||YEAR_LAST_CONSTRUCTION
33205220000NB|0.5|0.6|1921||54|01/01/2025|||YEAR_LAST_CONSTRUCTION
33205220000NB|0.6|0.7|1921||54|01/01/2025|||YEAR_LAST_CONSTRUCTION
33205220000NB|0.7|0.8|1921||54|01/01/2025|||YEAR_LAST_CONSTRUCTION
33205220000NB|0.8|0.9|1921||54|01/01/2025|||YEAR_LAST_CONSTRUCTION
33205220000NB|0.9|1.0|1921||54|01/01/2025|||YEAR_LAST_CONSTRUCTION
33205220000NB|1.0|1.1|1921||54|01/01/2025|||YEAR_LAST_CONSTRUCTION
33205220000NB|1.1|1.2|1921||54|01/01/2025|||YEAR_LAST_CONSTRUCTION
33205220000NB|1.2|1.3|1921||54|01/01/2025|||YEAR_LAST_CONSTRUCTION
33205220000NB|1.3|1.4|1921||54|01/01/2025|||YEAR_LAST_CONSTRUCTION
33205220000NB|1.4|1.5|1921||54|01/01/2025|||YEAR_LAST_CONSTRUCTION
33205220000NB|1.5|1.6|1921||54|01/01/2025|||YEAR_LAST_CONSTRUCTION
33205220000NB|1.6|1.7|1921||54|01/01/2025|||YEAR_LAST_CONSTRUCTION
33205220000NB|1.7|1.8|1921||54|01/01/2025|||YEAR_LAST_CONSTRUCTION
33205220000NB|1.8|1.9|1921||54|01/01/2025|||YEAR_LAST_CONSTRUCTION
33205220000NB|1.9|2.0|1921||54|01/01/2025|||YEAR_LAST_CONSTRUCTION
33205220000NB|2.0|2.1|1921||54|01/01/2025|||YEAR_LAST_CONSTRUCTION
33205220000NB|2.1|2.2|1921||54|01/01/2025|||YEAR_LAST_CONSTRUCTION
33205220000NB|2.2|2.3|1921||54|01/01/2025|||YEAR_LAST_CONSTRUCTION
33205220000NB|2.3|2.4|1921||54|01/01/2025|||YEAR_LAST_CONSTRUCTION
33205220000NB|2.4|2.5|1921||54|01/01/2025|||YEAR_LAST_CONSTRUCTION
33205220000NB|2.5|2.6|1921||54|01/01/2025|||YEAR_LAST_CONSTRUCTION
33205220000NB|2.6|2.7|1921||54|01/01/2025|||YEAR_LAST_CONSTRUCTION
33205220000NB|2.7|2.8|1921||54|01/01/2025|||YEAR_LAST_CONSTRUCTION
33205220000NB|2.8|2.9|1921||54|01/01/2025|||YEAR_LAST_CONSTRUCTION
33205220000NB|2.9|3.0|1921||54|01/01/2025|||YEAR_LAST_CONSTRUCTION
33205220000NB|3.0|3.1|1921||54|01/01/2025|||YEAR_LAST_CONSTRUCTION
33205220000NB|3.1|3.2|1921||54|01/01/2025|||YEAR_LAST_CONSTRUCTION
33205220000NB|3.2|3.3|1921||54|01/01/2025|||YEAR_LAST_CONSTRUCTION
33205220000NB|3.3|3.4|1921||54|01/01/2025|||YEAR_LAST_CONSTRUCTION
33205220000NB|3.4|3.5|1921||54|01/01/2025|||YEAR_LAST_CONSTRUCTION
33205220000NB|3.5|3.6|1921||54|01/01/2025|||YEAR_LAST_CONSTRUCTION
33205220000NB|3.6|3.7|1921||54|01/01/2025|||YEAR_LAST_CONSTRUCTION
33205220000NB|3.7|3.8|1921||54|01/01/2025|||YEAR_LAST_CONSTRUCTION
33205220000NB|3.8|3.9|1921||54|01/01/2025|||YEAR_LAST_CONSTRUCTION
33205220000NB|3.9|4.0|1921||54|01/01/2025|||YEAR_LAST_CONSTRUCTION
33205220000NB|4.0|4.1|1921||54|01/01/2025|||YEAR_LAST_CONSTRUCTION
33205220000NB|4.1|4.2|1921||54|01/01/2025|||YEAR_LAST_CONSTRUCTION
33205220000NB|4.2|4.3|1921||54|01/01/2025|||YEAR_LAST_CONSTRUCTION
33205220000NB|4.3|4.4|1921||54|01/01/2025|||YEAR_LAST_CONSTRUCTION
33205220000NB|4.4|4.5|1921||54|01/01/2025|||YEAR_LAST_CONSTRUCTION
33205220000NB|4.5|4.6|1921||54|01/01/2025|||YEAR_LAST_CONSTRUCTION
33205220000NB|4.6|4.7|1921||54|01/01/2025|||YEAR_LAST_CONSTRUCTION
33205220000NB|4.7|4.8|1921||54|01/01/2025|||YEAR_LAST_CONSTRUCTION
33205220000NB|4.8|4.9|1921||54|01/01/2025|||YEAR_LAST_CONSTRUCTION
33205220000NB|4.9|5.0|1921||54|01/01/2025|||YEAR_LAST_CONSTRUCTION
33205220000NB|5.0|5.1|1921||54|01/01/2025|||YEAR_LAST_CONSTRUCTION
33205220000NB|5.1|5.2|1921||54|01/01/2025|||YEAR_LAST_CONSTRUCTION
33205220000NB|5.2|5.3|1921||54|01/01/2025|||YEAR_LAST_CONSTRUCTION
33205220000NB|5.3|5.4|1921||54|01/01/2025|||YEAR_LAST_CONSTRUCTION
33205220000NB|5.4|5.5|1921||54|01/01/2025|||YEAR_LAST_CONSTRUCTION
33205220000NB|5.5|5.6|1921||54|01/01/2025|||YEAR_LAST_CONSTRUCTION
33205220000NB|5.6|5.7|1921||54|01/01/2025|||YEAR_LAST_CONSTRUCTION
33205220000NB|5.7|5.8|1921||54|01/01/2025|||YEAR_LAST_CONSTRUCTION
33205220000NB|5.8|5.9|1921||54|01/01/2025|||YEAR_LAST_CONSTRUCTION
33205220000NB|5.9|6.0|1921||54|01/01/2025|||YEAR_LAST_CONSTRUCTION
33205220000NB|6.0|6.1|1921||54|01/01/2025|||YEAR_LAST_CONSTRUCTION
33205220000NB|6.1|6.2|1921||54|01/01/2025|||YEAR_LAST_CONSTRUCTION
33205220000NB|6.2|6.3|1921||54|01/01/2025|||YEAR_LAST_CONSTRUCTION
33205220000NB|6.3|6.35|1921||54|01/01/2025|||YEAR_LAST_CONSTRUCTION
33205220000NB|6.35|6.4|1921||54|01/01/2025|||YEAR_LAST_CONSTRUCTION
33205220000NB|6.4|6.5|1921||54|01/01/2025|||YEAR_LAST_CONSTRUCTION
33205220000NB|6.5|6.6|1921||54|01/01/2025|||YEAR_LAST_CONSTRUCTION
33205220000NB|6.6|6.7|1921||54|01/01/2025|||YEAR_LAST_CONSTRUCTION
33205220000NB|6.7|6.8|1921||54|01/01/2025|||YEAR_LAST_CONSTRUCTION
33205220000NB|6.8|6.9|1921||54|01/01/2025|||YEAR_LAST_CONSTRUCTION
33205220000NB|6.9|7.0|1921||54|01/01/2025|||YEAR_LAST_CONSTRUCTION
33205220000NB|7.0|7.1|1921||54|01/01/2025|||YEAR_LAST_CONSTRUCTION
33205220000NB|7.1|7.2|1921||54|01/01/2025|||YEAR_LAST_CONSTRUCTION
33205220000NB|7.2|7.3|1921||54|01/01/2025|||YEAR_LAST_CONSTRUCTION
33205220000NB|7.3|7.4|1921||54|01/01/2025|||YEAR_LAST_CONSTRUCTION
33205220000NB|7.4|7.5|1921||54|01/01/2025|||YEAR_LAST_CONSTRUCTION
33205220000NB|7.5|7.6|1921||54|01/01/2025|||YEAR_LAST_CONSTRUCTION
33205220000NB|7.6|7.7|1921||54|01/01/2025|||YEAR_LAST_CONSTRUCTION
33205220000NB|7.7|7.8|1921||54|01/01/2025|||YEAR_LAST_CONSTRUCTION
33205220000NB|7.8|7.81|1921||54|01/01/2025|||YEAR_LAST_CONSTRUCTION
33205220000NB|12.67|12.7|1921||54|01/01/2025|||YEAR_LAST_CONSTRUCTION
33205220000NB|12.7|12.8|1921||54|01/01/2025|||YEAR_LAST_CONSTRUCTION
33205220000NB|12.8|12.9|1921||54|01/01/2025|||YEAR_LAST_CONSTRUCTION
33205220000NB|12.9|13.0|1921||54|01/01/2025|||YEAR_LAST_CONSTRUCTION
33205220000NB|13.0|13.1|1921||54|01/01/2025|||YEAR_LAST_CONSTRUCTION
33205220000NB|13.1|13.11|1921||54|01/01/2025|||YEAR_LAST_CONSTRUCTION
33205220000NB|14.68|14.7|1921||54|01/01/2025|||YEAR_LAST_CONSTRUCTION
33205220000NB|14.7|14.8|1921||54|01/01/2025|||YEAR_LAST_CONSTRUCTION
33205220000NB|14.8|14.9|1921||54|01/01/2025|||YEAR_LAST_CONSTRUCTION
33205220000NB|14.9|15.0|1921||54|01/01/2025|||YEAR_LAST_CONSTRUCTION
33205220000NB|15.0|15.1|1921||54|01/01/2025|||YEAR_LAST_CONSTRUCTION
33205220000NB|15.1|15.2|1921||54|01/01/2025|||YEAR_LAST_CONSTRUCTION
33205220000NB|15.2|15.3|1921||54|01/01/2025|||YEAR_LAST_CONSTRUCTION
33205220000NB|15.3|15.4|1921||54|01/01/2025|||YEAR_LAST_CONSTRUCTION
33205220000NB|15.4|15.5|1921||54|01/01/2025|||YEAR_LAST_CONSTRUCTION
33205220000NB|15.5|15.6|1921||54|01/01/2025|||YEAR_LAST_CONSTRUCTION
33205220000NB|15.6|15.7|1921||54|01/01/2025|||YEAR_LAST_CONSTRUCTION
33205220000NB|15.7|15.8|1921||54|01/01/2025|||YEAR_LAST_CONSTRUCTION
33205220000NB|15.8|15.9|1921||54|01/01/2025|||YEAR_LAST_CONSTRUCTION
33205220000NB|15.9|15.97|1921||54|01/01/2025|||YEAR_LAST_CONSTRUCTION
12202200000NB|4.41|4.5|1933||54|01/01/2025|||YEAR_LAST_CONSTRUCTION
12202200000NB|4.5|4.6|1933||54|01/01/2025|||YEAR_LAST_CONSTRUCTION
12202200000NB|4.6|4.7|1933||54|01/01/2025|||YEAR_LAST_CONSTRUCTION
12202200000NB|4.7|4.8|1933||54|01/01/2025|||YEAR_LAST_CONSTRUCTION
12202200000NB|4.8|4.9|1933||54|01/01/2025|||YEAR_LAST_CONSTRUCTION
12202200000NB|4.9|5.0|1933||54|01/01/2025|||YEAR_LAST_CONSTRUCTION
12202200000NB|5.0|5.1|1933||54|01/01/2025|||YEAR_LAST_CONSTRUCTION
12202200000NB|5.1|5.14|1933||54|01/01/2025|||YEAR_LAST_CONSTRUCTION
0230009000000|0.35|0.4|1917||54|01/01/2025|||YEAR_LAST_CONSTRUCTION
0230009000000|0.4|0.5|1917||54|01/01/2025|||YEAR_LAST_CONSTRUCTION
0230009000000|0.5|0.6|1917||54|01/01/2025|||YEAR_LAST_CONSTRUCTION
0230009000000|0.6|0.7|1917||54|01/01/2025|||YEAR_LAST_CONSTRUCTION
0230009000000|0.7|0.8|1917||54|01/01/2025|||YEAR_LAST_CONSTRUCTION
0230009000000|0.8|0.9|1917||54|01/01/2025|||YEAR_LAST_CONSTRUCTION
0230009000000|0.9|1.0|1917||54|01/01/2025|||YEAR_LAST_CONSTRUCTION
0230009000000|1.0|1.1|1917||54|01/01/2025|||YEAR_LAST_CONSTRUCTION
0230009000000|1.1|1.2|1917||54|01/01/2025|||YEAR_LAST_CONSTRUCTION
0230009000000|1.2|1.3|1917||54|01/01/2025|||YEAR_LAST_CONSTRUCTION
0230009000000|1.3|1.4|1917||54|01/01/2025|||YEAR_LAST_CONSTRUCTION
0230009000000|1.4|1.5|1917||54|01/01/2025|||YEAR_LAST_CONSTRUCTION
0230009000000|1.5|1.6|1917||54|01/01/2025|||YEAR_LAST_CONSTRUCTION
0230009000000|1.6|1.7|1917||54|01/01/2025|||YEAR_LAST_CONSTRUCTION
0230009000000|1.7|1.8|1917||54|01/01/2025|||YEAR_LAST_CONSTRUCTION
0230009000000|1.8|1.9|1917||54|01/01/2025|||YEAR_LAST_CONSTRUCTION
0230009000000|1.9|2.0|1917||54|01/01/2025|||YEAR_LAST_CONSTRUCTION
0230009000000|2.0|2.1|1917||54|01/01/2025|||YEAR_LAST_CONSTRUCTION
0230009000000|2.1|2.2|1917||54|01/01/2025|||YEAR_LAST_CONSTRUCTION
0230009000000|6.17|6.2|1917||54|01/01/2025|||YEAR_LAST_CONSTRUCTION
0230009000000|6.2|6.27|1917||54|01/01/2025|||YEAR_LAST_CONSTRUCTION
0230009000000|6.47|6.5|1917||54|01/01/2025|||YEAR_LAST_CONSTRUCTION
0230009000000|6.5|6.6|1917||54|01/01/2025|||YEAR_LAST_CONSTRUCTION
0230009000000|6.6|6.7|1917||54|01/01/2025|||YEAR_LAST_CONSTRUCTION
0230009000000|6.7|6.8|1917||54|01/01/2025|||YEAR_LAST_CONSTRUCTION
0230009000000|6.8|6.9|1917||54|01/01/2025|||YEAR_LAST_CONSTRUCTION
0230009000000|6.9|7.0|1917||54|01/01/2025|||YEAR_LAST_CONSTRUCTION
0230009000000|7.0|7.1|1917||54|01/01/2025|||YEAR_LAST_CONSTRUCTION
0230009000000|7.1|7.2|1917||54|01/01/2025|||YEAR_LAST_CONSTRUCTION
0230009000000|7.2|7.3|1917||54|01/01/2025|||YEAR_LAST_CONSTRUCTION
0230009000000|7.3|7.4|1917||54|01/01/2025|||YEAR_LAST_CONSTRUCTION
0230009000000|7.4|7.5|1917||54|01/01/2025|||YEAR_LAST_CONSTRUCTION
0230009000000|7.5|7.58|1917||54|01/01/2025|||YEAR_LAST_CONSTRUCTION
0230009000000|7.584|7.6|1917||54|01/01/2025|||YEAR_LAST_CONSTRUCTION
0230009000000|7.6|7.7|1917||54|01/01/2025|||YEAR_LAST_CONSTRUCTION
0230009000000|7.7|7.8|1917||54|01/01/2025|||YEAR_LAST_CONSTRUCTION
0230009000000|7.8|7.9|1917||54|01/01/2025|||YEAR_LAST_CONSTRUCTION
0230009000000|7.9|8.0|1917||54|01/01/2025|||YEAR_LAST_CONSTRUCTION
0230009000000|8.0|8.1|1917||54|01/01/2025|||YEAR_LAST_CONSTRUCTION
0230009000000|8.1|8.2|1917||54|01/01/2025|||YEAR_LAST_CONSTRUCTION
0230009000000|8.2|8.3|1917||54|01/01/2025|||YEAR_LAST_CONSTRUCTION
0230009000000|8.3|8.4|1917||54|01/01/2025|||YEAR_LAST_CONSTRUCTION
0230009000000|8.4|8.5|1917||54|01/01/2025|||YEAR_LAST_CONSTRUCTION
0230009000000|8.5|8.6|1917||54|01/01/2025|||YEAR_LAST_CONSTRUCTION
0230009000000|8.6|8.7|1917||54|01/01/2025|||YEAR_LAST_CONSTRUCTION
0230009000000|8.7|8.8|1917||54|01/01/2025|||YEAR_LAST_CONSTRUCTION
0230009000000|8.8|8.9|1917||54|01/01/2025|||YEAR_LAST_CONSTRUCTION
0230009000000|8.9|9.0|1917||54|01/01/2025|||YEAR_LAST_CONSTRUCTION
0230009000000|9.0|9.1|1917||54|01/01/2025|||YEAR_LAST_CONSTRUCTION
0230009000000|9.1|9.2|1917||54|01/01/2025|||YEAR_LAST_CONSTRUCTION
0230009000000|9.2|9.3|1917||54|01/01/2025|||YEAR_LAST_CONSTRUCTION
0230009000000|9.3|9.4|1917||54|01/01/2025|||YEAR_LAST_CONSTRUCTION
0230009000000|9.4|9.5|1917||54|01/01/2025|||YEAR_LAST_CONSTRUCTION
0230009000000|9.5|9.6|1917||54|01/01/2025|||YEAR_LAST_CONSTRUCTION
0230009000000|9.6|9.7|1917||54|01/01/2025|||YEAR_LAST_CONSTRUCTION
0230009000000|9.7|9.8|1917||54|01/01/2025|||YEAR_LAST_CONSTRUCTION
0230009000000|9.8|9.9|1917||54|01/01/2025|||YEAR_LAST_CONSTRUCTION
0230009000000|9.9|9.95|1917||54|01/01/2025|||YEAR_LAST_CONSTRUCTION
0230009000000|10.12|10.2|1917||54|01/01/2025|||YEAR_LAST_CONSTRUCTION
0230009000000|10.2|10.3|1917||54|01/01/2025|||YEAR_LAST_CONSTRUCTION
0230009000000|10.3|10.37|1917||54|01/01/2025|||YEAR_LAST_CONSTRUCTION
0230009000000|10.532|10.59|1917||54|01/01/2025|||YEAR_LAST_CONSTRUCTION
0230009000000|10.59|10.6|1917||54|01/01/2025|||YEAR_LAST_CONSTRUCTION
0230009000000|10.6|10.7|1917||54|01/01/2025|||YEAR_LAST_CONSTRUCTION
0230009000000|10.7|10.8|1917||54|01/01/2025|||YEAR_LAST_CONSTRUCTION
0230009000000|10.8|10.84|1917||54|01/01/2025|||YEAR_LAST_CONSTRUCTION
0230009000000|10.84|10.893|1917||54|01/01/2025|||YEAR_LAST_CONSTRUCTION
0230009000000|10.893|10.9|1917||54|01/01/2025|||YEAR_LAST_CONSTRUCTION
0230009000000|10.9|11.0|1917||54|01/01/2025|||YEAR_LAST_CONSTRUCTION
0230009000000|11.0|11.1|1917||54|01/01/2025|||YEAR_LAST_CONSTRUCTION
0230009000000|11.1|11.15|1917||54|01/01/2025|||YEAR_LAST_CONSTRUCTION
0230009000000|11.15|11.2|1917||54|01/01/2025|||YEAR_LAST_CONSTRUCTION
0230009000000|11.2|11.243|1917||54|01/01/2025|||YEAR_LAST_CONSTRUCTION
0230009000000|14.0|14.1|1917||54|01/01/2025|||YEAR_LAST_CONSTRUCTION
0230009000000|14.1|14.2|1917||54|01/01/2025|||YEAR_LAST_CONSTRUCTION
0230009000000|14.55|14.6|1917||54|01/01/2025|||YEAR_LAST_CONSTRUCTION
0230009000000|14.6|14.7|1917||54|01/01/2025|||YEAR_LAST_CONSTRUCTION
0230009000000|14.7|14.8|1917||54|01/01/2025|||YEAR_LAST_CONSTRUCTION
0230009000000|14.8|14.9|1917||54|01/01/2025|||YEAR_LAST_CONSTRUCTION
0230009000000|15.57|15.6|1917||54|01/01/2025|||YEAR_LAST_CONSTRUCTION
0230009000000|15.6|15.7|1917||54|01/01/2025|||YEAR_LAST_CONSTRUCTION
0230009000000|15.7|15.79|1917||54|01/01/2025|||YEAR_LAST_CONSTRUCTION
0230009000000|15.79|15.8|1917||54|01/01/2025|||YEAR_LAST_CONSTRUCTION
0230009000000|15.8|15.9|1917||54|01/01/2025|||YEAR_LAST_CONSTRUCTION
0230009000000|15.9|16.0|1917||54|01/01/2025|||YEAR_LAST_CONSTRUCTION
0230009000000|16.0|16.09|1917||54|01/01/2025|||YEAR_LAST_CONSTRUCTION
0230009000000|17.07|17.1|1917||54|01/01/2025|||YEAR_LAST_CONSTRUCTION
0230009000000|17.1|17.2|1917||54|01/01/2025|||YEAR_LAST_CONSTRUCTION
0230009000000|17.2|17.3|1917||54|01/01/2025|||YEAR_LAST_CONSTRUCTION
0230009000000|17.3|17.4|1917||54|01/01/2025|||YEAR_LAST_CONSTRUCTION
0230009000000|17.4|17.48|1917||54|01/01/2025|||YEAR_LAST_CONSTRUCTION
0230009000000|18.18|18.2|1917||54|01/01/2025|||YEAR_LAST_CONSTRUCTION
0230009000000|18.2|18.3|1917||54|01/01/2025|||YEAR_LAST_CONSTRUCTION
0230009000000|18.3|18.4|1917||54|01/01/2025|||YEAR_LAST_CONSTRUCTION
0230009000000|18.4|18.5|1917||54|01/01/2025|||YEAR_LAST_CONSTRUCTION
0230009000000|18.5|18.6|1917||54|01/01/2025|||YEAR_LAST_CONSTRUCTION
0230009000000|18.6|18.7|1917||54|01/01/2025|||YEAR_LAST_CONSTRUCTION
0230009000000|18.7|18.8|1917||54|01/01/2025|||YEAR_LAST_CONSTRUCTION
0230009000000|18.8|18.9|1917||54|01/01/2025|||YEAR_LAST_CONSTRUCTION
0230009000000|18.9|19.0|1917||54|01/01/2025|||YEAR_LAST_CONSTRUCTION
0230009000000|19.0|19.1|1917||54|01/01/2025|||YEAR_LAST_CONSTRUCTION
0230009000000|19.1|19.2|1917||54|01/01/2025|||YEAR_LAST_CONSTRUCTION
0230009000000|19.2|19.3|1917||54|01/01/2025|||YEAR_LAST_CONSTRUCTION
0230009000000|19.3|19.4|1917||54|01/01/2025|||YEAR_LAST_CONSTRUCTION
0230009000000|19.4|19.5|1917||54|01/01/2025|||YEAR_LAST_CONSTRUCTION
0230009000000|19.5|19.6|1917||54|01/01/2025|||YEAR_LAST_CONSTRUCTION
0230009000000|19.6|19.7|1917||54|01/01/2025|||YEAR_LAST_CONSTRUCTION
0230009000000|19.7|19.8|1917||54|01/01/2025|||YEAR_LAST_CONSTRUCTION
0230009000000|19.8|19.9|1917||54|01/01/2025|||YEAR_LAST_CONSTRUCTION
0230009000000|19.9|20.0|1917||54|01/01/2025|||YEAR_LAST_CONSTRUCTION
0230009000000|20.0|20.1|1917||54|01/01/2025|||YEAR_LAST_CONSTRUCTION
0230009000000|20.1|20.16|1917||54|01/01/2025|||YEAR_LAST_CONSTRUCTION
0240034000000|2.51|3.1|1933||54|01/01/2025|||YEAR_LAST_CONSTRUCTION
0240034000000|3.1|3.42|1933||54|01/01/2025|||YEAR_LAST_CONSTRUCTION
1940003000000|1.403|1.82|1933||54|01/01/2025|||YEAR_LAST_CONSTRUCTION
1940003000000|1.82|2.02|1933||54|01/01/2025|||YEAR_LAST_CONSTRUCTION
1940003000000|2.02|2.36|1933||54|01/01/2025|||YEAR_LAST_CONSTRUCTION
2940008000000|0.0|0.24|1933||54|01/01/2025|||YEAR_LAST_CONSTRUCTION
2940014000000|4.19|4.6|1933||54|01/01/2025|||YEAR_LAST_CONSTRUCTION
0240009130000|0.4|1.92|1933||54|01/01/2025|||YEAR_LAST_CONSTRUCTION
29202200000NB|12.61|12.7|1921||54|01/01/2025|||YEAR_LAST_CONSTRUCTION
29202200000NB|12.7|12.8|1921||54|01/01/2025|||YEAR_LAST_CONSTRUCTION
29202200000NB|12.8|12.9|1921||54|01/01/2025|||YEAR_LAST_CONSTRUCTION
29202200000NB|12.9|13.0|1921||54|01/01/2025|||YEAR_LAST_CONSTRUCTION
29202200000NB|13.0|13.1|1921||54|01/01/2025|||YEAR_LAST_CONSTRUCTION
29202200000NB|13.1|13.2|1921||54|01/01/2025|||YEAR_LAST_CONSTRUCTION
29202200000NB|13.2|13.26|1921||54|01/01/2025|||YEAR_LAST_CONSTRUCTION
29202200000NB|13.78|13.8|1921||54|01/01/2025|||YEAR_LAST_CONSTRUCTION
29202200000NB|13.8|13.9|1921||54|01/01/2025|||YEAR_LAST_CONSTRUCTION
29202200000NB|13.9|13.96|1921||54|01/01/2025|||YEAR_LAST_CONSTRUCTION
0240051070000|2.28|3.56|1933||54|01/01/2025|||YEAR_LAST_CONSTRUCTION
2940028010000|0.0|0.1|1933||54|01/01/2025|||YEAR_LAST_CONSTRUCTION
2940028010000|0.1|1.09|1933||54|01/01/2025|||YEAR_LAST_CONSTRUCTION
2940028010000|1.19|2.14|1933||54|01/01/2025|||YEAR_LAST_CONSTRUCTION
2940028010000|2.31|2.45|1933||54|01/01/2025|||YEAR_LAST_CONSTRUCTION
0240010010000|0.0|0.69|1975||54|01/01/2025|||YEAR_LAST_CONSTRUCTION
0240032000000|1.68|2.15|1933||54|01/01/2025|||YEAR_LAST_CONSTRUCTION
0240032000000|2.16|2.57|1933||54|01/01/2025|||YEAR_LAST_CONSTRUCTION
14200500000EB|7.48|7.5|1921||54|01/01/2025|||YEAR_LAST_CONSTRUCTION
14200500000EB|7.5|7.6|1921||54|01/01/2025|||YEAR_LAST_CONSTRUCTION
14200500000EB|7.6|7.7|1921||54|01/01/2025|||YEAR_LAST_CONSTRUCTION
14200500000EB|7.7|7.8|1921||54|01/01/2025|||YEAR_LAST_CONSTRUCTION
14200500000EB|7.8|7.9|1921||54|01/01/2025|||YEAR_LAST_CONSTRUCTION
14200500000EB|7.9|7.98|1921||54|01/01/2025|||YEAR_LAST_CONSTRUCTION
14200500000EB|8.26|8.3|1921||54|01/01/2025|||YEAR_LAST_CONSTRUCTION
14200500000EB|8.3|8.4|1921||54|01/01/2025|||YEAR_LAST_CONSTRUCTION
14200500000EB|8.4|8.44|1921||54|01/01/2025|||YEAR_LAST_CONSTRUCTION
14200500000EB|8.56|8.6|1921||54|01/01/2025|||YEAR_LAST_CONSTRUCTION
14200500000EB|8.6|8.7|1921||54|01/01/2025|||YEAR_LAST_CONSTRUCTION
14200500000EB|8.7|8.8|1921||54|01/01/2025|||YEAR_LAST_CONSTRUCTION
14200500000EB|8.8|8.9|1921||54|01/01/2025|||YEAR_LAST_CONSTRUCTION
14200500000EB|8.9|8.92|1921||54|01/01/2025|||YEAR_LAST_CONSTRUCTION
14200500000EB|13.37|13.4|1921||54|01/01/2025|||YEAR_LAST_CONSTRUCTION
14200500000EB|13.4|13.5|1921||54|01/01/2025|||YEAR_LAST_CONSTRUCTION
14200500000EB|13.5|13.6|1921||54|01/01/2025|||YEAR_LAST_CONSTRUCTION
14200500000EB|13.6|13.7|1921||54|01/01/2025|||YEAR_LAST_CONSTRUCTION
14200500000EB|13.7|13.8|1921||54|01/01/2025|||YEAR_LAST_CONSTRUCTION
14200500000EB|13.8|13.9|1921||54|01/01/2025|||YEAR_LAST_CONSTRUCTION
14200500000EB|13.9|14.0|1921||54|01/01/2025|||YEAR_LAST_CONSTRUCTION
14200500000EB|14.0|14.1|1921||54|01/01/2025|||YEAR_LAST_CONSTRUCTION
14200500000EB|14.1|14.2|1921||54|01/01/2025|||YEAR_LAST_CONSTRUCTION
14200500000EB|14.2|14.3|1921||54|01/01/2025|||YEAR_LAST_CONSTRUCTION
14200500000EB|14.3|14.4|1921||54|01/01/2025|||YEAR_LAST_CONSTRUCTION
14200500000EB|14.4|14.5|1921||54|01/01/2025|||YEAR_LAST_CONSTRUCTION
14200500000EB|14.5|14.6|1921||54|01/01/2025|||YEAR_LAST_CONSTRUCTION
14200500000EB|14.6|14.67|1921||54|01/01/2025|||YEAR_LAST_CONSTRUCTION
14200500000EB|15.88|15.9|1921||54|01/01/2025|||YEAR_LAST_CONSTRUCTION
14200500000EB|15.9|16.0|1921||54|01/01/2025|||YEAR_LAST_CONSTRUCTION
14200500000EB|16.0|16.1|1921||54|01/01/2025|||YEAR_LAST_CONSTRUCTION
14200500000EB|16.1|16.2|1921||54|01/01/2025|||YEAR_LAST_CONSTRUCTION
14200500000EB|16.2|16.3|1921||54|01/01/2025|||YEAR_LAST_CONSTRUCTION
14200500000EB|16.3|16.4|1921||54|01/01/2025|||YEAR_LAST_CONSTRUCTION
14200500000EB|16.4|16.5|1921||54|01/01/2025|||YEAR_LAST_CONSTRUCTION
14200500000EB|16.5|16.6|1921||54|01/01/2025|||YEAR_LAST_CONSTRUCTION
14200500000EB|16.6|16.7|1921||54|01/01/2025|||YEAR_LAST_CONSTRUCTION
14200500000EB|16.7|16.8|1921||54|01/01/2025|||YEAR_LAST_CONSTRUCTION
14200500000EB|16.8|16.9|1921||54|01/01/2025|||YEAR_LAST_CONSTRUCTION
14200500000EB|16.9|16.97|1921||54|01/01/2025|||YEAR_LAST_CONSTRUCTION
14200500000EB|29.25|29.3|1921||54|01/01/2025|||YEAR_LAST_CONSTRUCTION
14200500000EB|29.3|29.4|1921||54|01/01/2025|||YEAR_LAST_CONSTRUCTION
14200500000EB|29.4|29.5|1921||54|01/01/2025|||YEAR_LAST_CONSTRUCTION
14200500000EB|29.5|29.6|1921||54|01/01/2025|||YEAR_LAST_CONSTRUCTION
14200500000EB|29.6|29.7|1921||54|01/01/2025|||YEAR_LAST_CONSTRUCTION
14200500000EB|29.7|29.8|1921||54|01/01/2025|||YEAR_LAST_CONSTRUCTION
14200500000EB|29.8|29.9|1921||54|01/01/2025|||YEAR_LAST_CONSTRUCTION
14200500000EB|29.9|30.0|1921||54|01/01/2025|||YEAR_LAST_CONSTRUCTION
14200500000EB|30.0|30.1|1921||54|01/01/2025|||YEAR_LAST_CONSTRUCTION
14200500000EB|30.1|30.2|1921||54|01/01/2025|||YEAR_LAST_CONSTRUCTION
14200500000EB|30.2|30.3|1921||54|01/01/2025|||YEAR_LAST_CONSTRUCTION
14200500000EB|30.3|30.33|1921||54|01/01/2025|||YEAR_LAST_CONSTRUCTION
0240012000000|0.0|1.29|1933||54|01/01/2025|||YEAR_LAST_CONSTRUCTION
2940220010000|0.11|1.09|1975||54|01/01/2025|||YEAR_LAST_CONSTRUCTION
2940220010000|1.14|2.09|1975||54|01/01/2025|||YEAR_LAST_CONSTRUCTION
0230051000000|1.925|1.966|1931||54|01/01/2025|||YEAR_LAST_CONSTRUCTION
0230051000000|1.969|1.988|1931||54|01/01/2025|||YEAR_LAST_CONSTRUCTION
0230051000000|4.62|5.18|1931||54|01/01/2025|||YEAR_LAST_CONSTRUCTION
2930972000000|0.0|0.1|1979||54|01/01/2025|||YEAR_LAST_CONSTRUCTION
2930972000000|0.1|0.2|1979||54|01/01/2025|||YEAR_LAST_CONSTRUCTION
2930972000000|0.2|0.3|1979||54|01/01/2025|||YEAR_LAST_CONSTRUCTION
2930972000000|0.3|0.4|1979||54|01/01/2025|||YEAR_LAST_CONSTRUCTION
2930972000000|0.4|0.5|1979||54|01/01/2025|||YEAR_LAST_CONSTRUCTION
2930972000000|0.5|0.6|1979||54|01/01/2025|||YEAR_LAST_CONSTRUCTION
2930972000000|0.6|0.7|1979||54|01/01/2025|||YEAR_LAST_CONSTRUCTION
2930972000000|0.7|0.8|1979||54|01/01/2025|||YEAR_LAST_CONSTRUCTION
2930972000000|0.8|0.9|1979||54|01/01/2025|||YEAR_LAST_CONSTRUCTION
2930972000000|0.9|1.0|1979||54|01/01/2025|||YEAR_LAST_CONSTRUCTION
2930972000000|1.0|1.1|1979||54|01/01/2025|||YEAR_LAST_CONSTRUCTION
2930972000000|1.1|1.2|1979||54|01/01/2025|||YEAR_LAST_CONSTRUCTION
2930972000000|1.2|1.3|1979||54|01/01/2025|||YEAR_LAST_CONSTRUCTION
2930972000000|1.3|1.4|1979||54|01/01/2025|||YEAR_LAST_CONSTRUCTION
2930972000000|1.4|1.48|1979||54|01/01/2025|||YEAR_LAST_CONSTRUCTION
2930972000000|1.48|1.5|1979||54|01/01/2025|||YEAR_LAST_CONSTRUCTION
2930972000000|1.5|1.6|1979||54|01/01/2025|||YEAR_LAST_CONSTRUCTION
2930972000000|1.6|1.7|1979||54|01/01/2025|||YEAR_LAST_CONSTRUCTION
2930972000000|1.7|1.8|1979||54|01/01/2025|||YEAR_LAST_CONSTRUCTION
2930972000000|1.8|1.9|1979||54|01/01/2025|||YEAR_LAST_CONSTRUCTION
2930972000000|1.9|2.0|1979||54|01/01/2025|||YEAR_LAST_CONSTRUCTION
2930972000000|2.0|2.1|1979||54|01/01/2025|||YEAR_LAST_CONSTRUCTION
2930972000000|2.1|2.19|1979||54|01/01/2025|||YEAR_LAST_CONSTRUCTION
2940220020000|0.0|0.84|1933||54|01/01/2025|||YEAR_LAST_CONSTRUCTION
0240036010000|1.6|1.98|1933||54|01/01/2025|||YEAR_LAST_CONSTRUCTION
0240011330000|0.0|0.26|1998||54|01/01/2025|||YEAR_LAST_CONSTRUCTION
19203400005SB|0.0|0.1|1998||54|01/01/2025|||YEAR_LAST_CONSTRUCTION
19203400005SB|0.1|0.17|1998||54|01/01/2025|||YEAR_LAST_CONSTRUCTION
19203400005SB|0.17|0.2|1994||54|01/01/2025|||YEAR_LAST_CONSTRUCTION
19203400005SB|0.2|0.23|1994||54|01/01/2025|||YEAR_LAST_CONSTRUCTION
19203400005SB|0.23|0.3|1994||54|01/01/2025|||YEAR_LAST_CONSTRUCTION
19203400005SB|0.3|0.37|1994||54|01/01/2025|||YEAR_LAST_CONSTRUCTION
19203400005SB|0.371|0.4|1994||54|01/01/2025|||YEAR_LAST_CONSTRUCTION
19203400005SB|0.4|0.5|1994||54|01/01/2025|||YEAR_LAST_CONSTRUCTION
19203400005SB|0.5|0.6|1994||54|01/01/2025|||YEAR_LAST_CONSTRUCTION
0240019000000|1.55|3.438|1933||54|01/01/2025|||YEAR_LAST_CONSTRUCTION
0240019000000|3.438|4.04|1933||54|01/01/2025|||YEAR_LAST_CONSTRUCTION
0240019000000|4.04|4.06|1933||54|01/01/2025|||YEAR_LAST_CONSTRUCTION
0240013000000|0.43|1.03|1933||54|01/01/2025|||YEAR_LAST_CONSTRUCTION
0240013000000|1.03|1.5|1933||54|01/01/2025|||YEAR_LAST_CONSTRUCTION
0240013000000|2.75|3.716|1933||54|01/01/2025|||YEAR_LAST_CONSTRUCTION
0240011130000|0.28|0.41|1945||54|01/01/2025|||YEAR_LAST_CONSTRUCTION
0240011130000|0.41|0.55|1945||54|01/01/2025|||YEAR_LAST_CONSTRUCTION
16202200000NB|10.0|10.1|1921||54|01/01/2025|||YEAR_LAST_CONSTRUCTION
16202200000NB|10.1|10.2|1921||54|01/01/2025|||YEAR_LAST_CONSTRUCTION
16202200000NB|10.2|10.3|1921||54|01/01/2025|||YEAR_LAST_CONSTRUCTION
16202200000NB|10.3|10.4|1921||54|01/01/2025|||YEAR_LAST_CONSTRUCTION
16202200000NB|10.4|10.5|1921||54|01/01/2025|||YEAR_LAST_CONSTRUCTION
16202200000NB|10.5|10.53|1921||54|01/01/2025|||YEAR_LAST_CONSTRUCTION
16202200000NB|10.53|10.6|1921||54|01/01/2025|||YEAR_LAST_CONSTRUCTION
16202200000NB|10.6|10.69|1921||54|01/01/2025|||YEAR_LAST_CONSTRUCTION
16202200000NB|10.7|10.8|1921||54|01/01/2025|||YEAR_LAST_CONSTRUCTION
16202200000NB|10.8|10.9|1921||54|01/01/2025|||YEAR_LAST_CONSTRUCTION
16202200000NB|10.9|11.0|1921||54|01/01/2025|||YEAR_LAST_CONSTRUCTION
16202200000NB|11.0|11.1|1921||54|01/01/2025|||YEAR_LAST_CONSTRUCTION
16202200000NB|11.1|11.2|1921||54|01/01/2025|||YEAR_LAST_CONSTRUCTION
16202200000NB|11.2|11.3|1921||54|01/01/2025|||YEAR_LAST_CONSTRUCTION
16202200000NB|11.3|11.4|1921||54|01/01/2025|||YEAR_LAST_CONSTRUCTION
16202200000NB|11.4|11.5|1921||54|01/01/2025|||YEAR_LAST_CONSTRUCTION
16202200000NB|11.5|11.6|1921||54|01/01/2025|||YEAR_LAST_CONSTRUCTION
16202200000NB|11.6|11.7|1921||54|01/01/2025|||YEAR_LAST_CONSTRUCTION
16202200000NB|11.8|11.9|1921||54|01/01/2025|||YEAR_LAST_CONSTRUCTION
16202200000NB|11.9|12.0|1921||54|01/01/2025|||YEAR_LAST_CONSTRUCTION
16202200000NB|12.0|12.1|1921||54|01/01/2025|||YEAR_LAST_CONSTRUCTION
16202200000NB|12.1|12.2|1921||54|01/01/2025|||YEAR_LAST_CONSTRUCTION
16202200000NB|12.2|12.3|1921||54|01/01/2025|||YEAR_LAST_CONSTRUCTION
16202200000NB|12.3|12.4|1921||54|01/01/2025|||YEAR_LAST_CONSTRUCTION
16202200000NB|12.4|12.5|1921||54|01/01/2025|||YEAR_LAST_CONSTRUCTION
16202200000NB|12.5|12.6|1921||54|01/01/2025|||YEAR_LAST_CONSTRUCTION
16202200000NB|12.6|12.7|1921||54|01/01/2025|||YEAR_LAST_CONSTRUCTION
16202200000NB|12.7|12.8|1921||54|01/01/2025|||YEAR_LAST_CONSTRUCTION
16202200000NB|12.8|12.9|1921||54|01/01/2025|||YEAR_LAST_CONSTRUCTION
16202200000NB|12.9|12.96|1921||54|01/01/2025|||YEAR_LAST_CONSTRUCTION
0240034030000|0.0|1.01|1933||54|01/01/2025|||YEAR_LAST_CONSTRUCTION
0240009050000|1.67|3.26|1933||54|01/01/2025|||YEAR_LAST_CONSTRUCTION
0240011190000|0.0|0.31|1963||54|01/01/2025|||YEAR_LAST_CONSTRUCTION
0240011240000|0.0|0.85|1979||54|01/01/2025|||YEAR_LAST_CONSTRUCTION
1430028000000|16.47|22.27|1921||54|01/01/2025|||YEAR_LAST_CONSTRUCTION
1230028000000|3.35|4.76|1933||54|01/01/2025|||YEAR_LAST_CONSTRUCTION
1230028000000|8.23|12.58|1933||54|01/01/2025|||YEAR_LAST_CONSTRUCTION
1230028000000|12.58|12.95|1933||54|01/01/2025|||YEAR_LAST_CONSTRUCTION
1230028000000|13.03|13.38|1933||54|01/01/2025|||YEAR_LAST_CONSTRUCTION
05200220000EB|3.17|3.35|1933||54|01/01/2025|||YEAR_LAST_CONSTRUCTION
05200220000EB|3.35|3.45|1933||54|01/01/2025|||YEAR_LAST_CONSTRUCTION
05200220000EB|3.45|4.73|1933||54|01/01/2025|||YEAR_LAST_CONSTRUCTION
05200220000EB|4.73|5.19|1933||54|01/01/2025|||YEAR_LAST_CONSTRUCTION
05200220000EB|5.19|5.89|1933||54|01/01/2025|||YEAR_LAST_CONSTRUCTION
0530002000000|3.33|3.88|1921||54|01/01/2025|||YEAR_LAST_CONSTRUCTION
0530002000000|3.88|6.35|1921||54|01/01/2025|||YEAR_LAST_CONSTRUCTION
0530002000000|7.06|7.47|1921||54|01/01/2025|||YEAR_LAST_CONSTRUCTION
0530002000000|7.59|8.67|1921||54|01/01/2025|||YEAR_LAST_CONSTRUCTION
0530002000000|12.63|13.08|1921||54|01/01/2025|||YEAR_LAST_CONSTRUCTION
0530002000000|14.5|14.83|1921||54|01/01/2025|||YEAR_LAST_CONSTRUCTION
0530002000000|14.83|15.05|1921||54|01/01/2025|||YEAR_LAST_CONSTRUCTION
0530002000000|15.05|15.08|1921||54|01/01/2025|||YEAR_LAST_CONSTRUCTION
0530002000000|15.08|15.29|1921||54|01/01/2025|||YEAR_LAST_CONSTRUCTION
0530002000000|15.29|15.4|1921||54|01/01/2025|||YEAR_LAST_CONSTRUCTION
0530027000000|1.58|2.26|1921||54|01/01/2025|||YEAR_LAST_CONSTRUCTION
0530027000100|0.4|0.96|1948||54|01/01/2025|||YEAR_LAST_CONSTRUCTION
0530027000100|0.96|3.35|1948||54|01/01/2025|||YEAR_LAST_CONSTRUCTION
0530067000000|0.17|0.62|1933||54|01/01/2025|||YEAR_LAST_CONSTRUCTION
0530067000000|6.14|6.71|1933||54|01/01/2025|||YEAR_LAST_CONSTRUCTION
0540001000000|0.0|0.12|1933||54|01/01/2025|||YEAR_LAST_CONSTRUCTION
0540001000000|0.12|0.5|1933||54|01/01/2025|||YEAR_LAST_CONSTRUCTION
0540001000000|1.07|1.34|1933||54|01/01/2025|||YEAR_LAST_CONSTRUCTION
0540001000000|3.26|4.01|1933||54|01/01/2025|||YEAR_LAST_CONSTRUCTION
0540001000000|4.01|4.8|1933||54|01/01/2025|||YEAR_LAST_CONSTRUCTION
0540001080000|0.81|0.95|1974||54|01/01/2025|||YEAR_LAST_CONSTRUCTION
0540001080000|1.9|2.41|1974||54|01/01/2025|||YEAR_LAST_CONSTRUCTION
0540002010000|0.0|0.13|1933||54|01/01/2025|||YEAR_LAST_CONSTRUCTION
0540003010000|0.48|0.61|1933||54|01/01/2025|||YEAR_LAST_CONSTRUCTION
0540003010000|0.61|1.65|1933||54|01/01/2025|||YEAR_LAST_CONSTRUCTION
0540003010000|1.65|1.94|1933||54|01/01/2025|||YEAR_LAST_CONSTRUCTION
0540007010000|0.0|0.742|1933||54|01/01/2025|||YEAR_LAST_CONSTRUCTION
0540007010000|0.742|1.99|1933||54|01/01/2025|||YEAR_LAST_CONSTRUCTION
0540008000000|0.0|0.75|1933||54|01/01/2025|||YEAR_LAST_CONSTRUCTION
0540013000000|0.0|0.14|1975||54|01/01/2025|||YEAR_LAST_CONSTRUCTION
0540027040000|0.0|0.13|1933||54|01/01/2025|||YEAR_LAST_CONSTRUCTION
0540028000000|0.0|0.198|1933||54|01/01/2025|||YEAR_LAST_CONSTRUCTION
0540507000000|0.0|0.25|1994||54|01/01/2025|||YEAR_LAST_CONSTRUCTION
0540507000000|0.62|1.2|1994||54|01/01/2025|||YEAR_LAST_CONSTRUCTION
0540507020000|0.0|1.22|2006||54|01/01/2025|||YEAR_LAST_CONSTRUCTION
15200220000EB|0.0|0.39|1921||54|01/01/2025|||YEAR_LAST_CONSTRUCTION
15200300000EB|0.53|0.61|1930||54|01/01/2025|||YEAR_LAST_CONSTRUCTION
1530002000000|0.0|0.1|1921||54|01/01/2025|||YEAR_LAST_CONSTRUCTION
1530002000000|0.1|0.28|1921||54|01/01/2025|||YEAR_LAST_CONSTRUCTION
1530002000000|0.28|0.56|1921||54|01/01/2025|||YEAR_LAST_CONSTRUCTION
1530002000000|1.49|2.3|1921||54|01/01/2025|||YEAR_LAST_CONSTRUCTION
1530002000000|2.3|2.66|1921||54|01/01/2025|||YEAR_LAST_CONSTRUCTION
1530002000000|2.66|3.03|1921||54|01/01/2025|||YEAR_LAST_CONSTRUCTION
1530002000000|3.91|4.68|1921||54|01/01/2025|||YEAR_LAST_CONSTRUCTION
1530002000000|4.69|6.69|1921||54|01/01/2025|||YEAR_LAST_CONSTRUCTION
1530002000000|10.33|10.56|1921||54|01/01/2025|||YEAR_LAST_CONSTRUCTION
1530002000000|10.8|11.14|1921||54|01/01/2025|||YEAR_LAST_CONSTRUCTION
1530002000000|11.14|11.45|1921||54|01/01/2025|||YEAR_LAST_CONSTRUCTION
1530002000000|12.89|13.84|1921||54|01/01/2025|||YEAR_LAST_CONSTRUCTION
1530002000000|16.52|17.44|1921||54|01/01/2025|||YEAR_LAST_CONSTRUCTION
1530002000000|17.44|17.55|1921||54|01/01/2025|||YEAR_LAST_CONSTRUCTION
1530002000000|17.55|18.12|1921||54|01/01/2025|||YEAR_LAST_CONSTRUCTION
1530002000000|19.71|20.25|1921||54|01/01/2025|||YEAR_LAST_CONSTRUCTION
1530105000000|0.38|1.141|1935||54|01/01/2025|||YEAR_LAST_CONSTRUCTION
1530105000000|1.141|3.27|1935||54|01/01/2025|||YEAR_LAST_CONSTRUCTION
1530105000000|3.27|4.14|1935||54|01/01/2025|||YEAR_LAST_CONSTRUCTION
1530105000000|4.14|4.26|1935||54|01/01/2025|||YEAR_LAST_CONSTRUCTION
1530105000000|4.26|4.58|1935||54|01/01/2025|||YEAR_LAST_CONSTRUCTION
1530105000000|4.58|4.82|1935||54|01/01/2025|||YEAR_LAST_CONSTRUCTION
1540003060000|2.171|2.32|1933||54|01/01/2025|||YEAR_LAST_CONSTRUCTION
1540005000000|1.86|3.674|1933||54|01/01/2025|||YEAR_LAST_CONSTRUCTION
1540009000000|0.0|0.79|1933||54|01/01/2025|||YEAR_LAST_CONSTRUCTION
1540011000000|2.31|2.9|1933||54|01/01/2025|||YEAR_LAST_CONSTRUCTION
1540011000000|3.985|4.53|1933||54|01/01/2025|||YEAR_LAST_CONSTRUCTION
1540011000000|5.16|5.35|1933||54|01/01/2025|||YEAR_LAST_CONSTRUCTION
1540011000000|5.35|5.59|1933||54|01/01/2025|||YEAR_LAST_CONSTRUCTION
1540011000000|5.59|5.61|1933||54|01/01/2025|||YEAR_LAST_CONSTRUCTION
1540013000000|0.0|0.2|1948||54|01/01/2025|||YEAR_LAST_CONSTRUCTION
1540013000000|0.2|0.5|1948||54|01/01/2025|||YEAR_LAST_CONSTRUCTION
1540015000000|0.0|1.44|1933||54|01/01/2025|||YEAR_LAST_CONSTRUCTION
1540015000000|1.44|1.95|1933||54|01/01/2025|||YEAR_LAST_CONSTRUCTION
1540208000000|3.21|3.55|1977||54|01/01/2025|||YEAR_LAST_CONSTRUCTION
1540507000000|0.43|0.92|1977||54|01/01/2025|||YEAR_LAST_CONSTRUCTION
1540507000000|0.92|1.16|1977||54|01/01/2025|||YEAR_LAST_CONSTRUCTION
1540507000000|1.51|3.33|1977||54|01/01/2025|||YEAR_LAST_CONSTRUCTION
26202500000NB|0.0|3.56|1921||54|01/01/2025|||YEAR_LAST_CONSTRUCTION
26202500000NB|3.56|4.01|1921||54|01/01/2025|||YEAR_LAST_CONSTRUCTION
26202500000NB|4.01|4.62|1921||54|01/01/2025|||YEAR_LAST_CONSTRUCTION
26202500000NB|4.65|7.1|1921||54|01/01/2025|||YEAR_LAST_CONSTRUCTION
26202500000NB|7.1|8.07|1921||54|01/01/2025|||YEAR_LAST_CONSTRUCTION
26202500000NB|8.07|9.79|1921||54|01/01/2025|||YEAR_LAST_CONSTRUCTION
26202500000NB|9.79|10.67|1921||54|01/01/2025|||YEAR_LAST_CONSTRUCTION
26202500000NB|11.65|12.35|1921||54|01/01/2025|||YEAR_LAST_CONSTRUCTION
26202500000NB|12.47|13.37|1921||54|01/01/2025|||YEAR_LAST_CONSTRUCTION
26202500000NB|13.4|15.31|1921||54|01/01/2025|||YEAR_LAST_CONSTRUCTION
26202500000NB|23.89|24.22|1921||54|01/01/2025|||YEAR_LAST_CONSTRUCTION
26202500000NB|24.22|24.64|1921||54|01/01/2025|||YEAR_LAST_CONSTRUCTION
26202500000NB|28.49|29.07|1921||54|01/01/2025|||YEAR_LAST_CONSTRUCTION
26202500000NB|29.07|29.1|1921||54|01/01/2025|||YEAR_LAST_CONSTRUCTION
26202500000NB|29.1|29.71|1921||54|01/01/2025|||YEAR_LAST_CONSTRUCTION
26202500000NB|29.81|29.82|1921||54|01/01/2025|||YEAR_LAST_CONSTRUCTION
26202500000NB|29.82|30.09|1921||54|01/01/2025|||YEAR_LAST_CONSTRUCTION
26202500000NB|30.09|30.92|1921||54|01/01/2025|||YEAR_LAST_CONSTRUCTION
26202500000NB|31.63|31.73|1921||54|01/01/2025|||YEAR_LAST_CONSTRUCTION
26202500000NB|34.595|34.605|1921||54|01/01/2025|||YEAR_LAST_CONSTRUCTION
26202500000NB|36.47|36.69|1921||54|01/01/2025|||YEAR_LAST_CONSTRUCTION
26202500000NB|38.92|39.2|1921||54|01/01/2025|||YEAR_LAST_CONSTRUCTION
2630086000000|0.2|0.51|1957||54|01/01/2025|||YEAR_LAST_CONSTRUCTION
2640001000000|0.0|0.44|1933||54|01/01/2025|||YEAR_LAST_CONSTRUCTION
2640001000000|0.49|0.6|1933||54|01/01/2025|||YEAR_LAST_CONSTRUCTION
2640001000000|0.6|1.209|1933||54|01/01/2025|||YEAR_LAST_CONSTRUCTION
2640001000000|1.209|1.23|1933||54|01/01/2025|||YEAR_LAST_CONSTRUCTION
2640003000000|0.0|1.31|1933||54|01/01/2025|||YEAR_LAST_CONSTRUCTION
2640010000000|0.0|0.423|1933||54|01/01/2025|||YEAR_LAST_CONSTRUCTION
2640017000000|0.0|0.12|1933||54|01/01/2025|||YEAR_LAST_CONSTRUCTION
2640034000000|1.15|1.61|1933||54|01/01/2025|||YEAR_LAST_CONSTRUCTION
2640034000000|4.38|4.408|1933||54|01/01/2025|||YEAR_LAST_CONSTRUCTION
2640034000000|4.441|4.46|1933||54|01/01/2025|||YEAR_LAST_CONSTRUCTION
2640034000000|4.585|4.632|1933||54|01/01/2025|||YEAR_LAST_CONSTRUCTION
2640034000000|4.655|4.671|1933||54|01/01/2025|||YEAR_LAST_CONSTRUCTION
2640034000000|4.689|4.693|1933||54|01/01/2025|||YEAR_LAST_CONSTRUCTION
2640034000000|4.703|4.704|1933||54|01/01/2025|||YEAR_LAST_CONSTRUCTION
2640034000000|4.793|4.83|1933||54|01/01/2025|||YEAR_LAST_CONSTRUCTION
2640034000000|5.214|5.23|1933||54|01/01/2025|||YEAR_LAST_CONSTRUCTION
2640054000000|7.7|7.701|1933||54|01/01/2025|||YEAR_LAST_CONSTRUCTION
2640088120000|0.37|0.52|1968||54|01/01/2025|||YEAR_LAST_CONSTRUCTION
35100700000EB|0.0|0.08|1958||54|01/01/2025|||YEAR_LAST_CONSTRUCTION
35100700000EB|0.08|0.49|1958||54|01/01/2025|||YEAR_LAST_CONSTRUCTION
35100700000EB|0.49|0.85|1958||54|01/01/2025|||YEAR_LAST_CONSTRUCTION
35100700000EB|0.85|1.14|1958||54|01/01/2025|||YEAR_LAST_CONSTRUCTION
35100700000EB|1.14|1.23|1958||54|01/01/2025|||YEAR_LAST_CONSTRUCTION
35100700000EB|1.44|1.92|1958||54|01/01/2025|||YEAR_LAST_CONSTRUCTION
35100700000EB|1.92|2.19|1958||54|01/01/2025|||YEAR_LAST_CONSTRUCTION
35100700000EB|4.7|5.37|1958||54|01/01/2025|||YEAR_LAST_CONSTRUCTION
35100700000EB|5.37|5.93|1958||54|01/01/2025|||YEAR_LAST_CONSTRUCTION
35100700000EB|5.93|6.9|1958||54|01/01/2025|||YEAR_LAST_CONSTRUCTION
35100700000EB|6.9|8.07|1958||54|01/01/2025|||YEAR_LAST_CONSTRUCTION
35100700000EB|10.75|11.06|1958||54|01/01/2025|||YEAR_LAST_CONSTRUCTION
35100700000EB|11.06|11.761|1958||54|01/01/2025|||YEAR_LAST_CONSTRUCTION
35104700000EB|0.0|0.79|1965||54|01/01/2025|||YEAR_LAST_CONSTRUCTION
35104700000EB|0.79|0.98|1965||54|01/01/2025|||YEAR_LAST_CONSTRUCTION
35104700000EB|3.671|3.94|1965||54|01/01/2025|||YEAR_LAST_CONSTRUCTION
35200400000EB|0.007|0.12|1921||54|01/01/2025|||YEAR_LAST_CONSTRUCTION
35200400000EB|1.99|2.102|1921||54|01/01/2025|||YEAR_LAST_CONSTRUCTION
35200400000EB|2.102|2.71|1921||54|01/01/2025|||YEAR_LAST_CONSTRUCTION
35200400000EB|2.83|3.24|1921||54|01/01/2025|||YEAR_LAST_CONSTRUCTION
35200400000EB|3.24|3.44|1921||54|01/01/2025|||YEAR_LAST_CONSTRUCTION
35200400000EB|3.44|3.91|1921||54|01/01/2025|||YEAR_LAST_CONSTRUCTION
35200400000EB|4.32|5.42|1921||54|01/01/2025|||YEAR_LAST_CONSTRUCTION
35200400000EB|5.42|5.93|1921||54|01/01/2025|||YEAR_LAST_CONSTRUCTION
35200400000EB|7.1|7.44|1921||54|01/01/2025|||YEAR_LAST_CONSTRUCTION
35200400000EB|8.06|8.26|1921||54|01/01/2025|||YEAR_LAST_CONSTRUCTION
35200400000EB|8.5|8.88|1921||54|01/01/2025|||YEAR_LAST_CONSTRUCTION
35200400000EB|9.27|9.64|1921||54|01/01/2025|||YEAR_LAST_CONSTRUCTION
35200400000EB|10.02|10.26|1921||54|01/01/2025|||YEAR_LAST_CONSTRUCTION
35200400007WB|0.0|0.06|1953||54|01/01/2025|||YEAR_LAST_CONSTRUCTION
35200400007WB|0.06|0.23|1953||54|01/01/2025|||YEAR_LAST_CONSTRUCTION
35200400007WB|0.23|0.28|1953||54|01/01/2025|||YEAR_LAST_CONSTRUCTION
35202500000NB|0.0|0.94|1943||54|01/01/2025|||YEAR_LAST_CONSTRUCTION
35202500000NB|0.94|1.9|1943||54|01/01/2025|||YEAR_LAST_CONSTRUCTION
35202500000NB|1.9|2.93|1943||54|01/01/2025|||YEAR_LAST_CONSTRUCTION
35202500000NB|2.93|3.26|1943||54|01/01/2025|||YEAR_LAST_CONSTRUCTION
35202500005SB|0.0|0.1|1984||54|01/01/2025|||YEAR_LAST_CONSTRUCTION
35202500005SB|0.1|0.2|1984||54|01/01/2025|||YEAR_LAST_CONSTRUCTION
35202500005SB|0.2|0.3|1984||54|01/01/2025|||YEAR_LAST_CONSTRUCTION
35202500005SB|0.3|0.36|1984||54|01/01/2025|||YEAR_LAST_CONSTRUCTION
35202500009NB|0.0|0.68|1984||54|01/01/2025|||YEAR_LAST_CONSTRUCTION
35202500010SB|0.0|0.1|1984||54|01/01/2025|||YEAR_LAST_CONSTRUCTION
35202500010SB|0.1|0.2|1984||54|01/01/2025|||YEAR_LAST_CONSTRUCTION
35202500010SB|0.2|0.3|1984||54|01/01/2025|||YEAR_LAST_CONSTRUCTION
35202500010SB|0.3|0.4|1984||54|01/01/2025|||YEAR_LAST_CONSTRUCTION
35202500010SB|0.4|0.5|1984||54|01/01/2025|||YEAR_LAST_CONSTRUCTION
35202500010SB|0.5|0.6|1984||54|01/01/2025|||YEAR_LAST_CONSTRUCTION
35202500010SB|0.6|0.64|1984||54|01/01/2025|||YEAR_LAST_CONSTRUCTION
3530002000000|1.9|2.0|1921||54|01/01/2025|||YEAR_LAST_CONSTRUCTION
3530002000000|2.0|2.13|1921||54|01/01/2025|||YEAR_LAST_CONSTRUCTION
3530002000000|2.36|2.84|1921||54|01/01/2025|||YEAR_LAST_CONSTRUCTION
3530002000000|5.81|7.04|1921||54|01/01/2025|||YEAR_LAST_CONSTRUCTION
3530002000000|7.35|7.57|1921||54|01/01/2025|||YEAR_LAST_CONSTRUCTION
3530002000000|8.22|8.5|1921||54|01/01/2025|||YEAR_LAST_CONSTRUCTION
35300020005SB|0.49|0.81|1984||54|01/01/2025|||YEAR_LAST_CONSTRUCTION
35300020005SB|1.006|1.01|1984||54|01/01/2025|||YEAR_LAST_CONSTRUCTION
3530088000000|0.0|1.06|1930||54|01/01/2025|||YEAR_LAST_CONSTRUCTION
3530088000000|7.08|7.12|1930||54|01/01/2025|||YEAR_LAST_CONSTRUCTION
3530088000000|7.12|7.47|1930||54|01/01/2025|||YEAR_LAST_CONSTRUCTION
3530088000000|8.57|8.89|1930||54|01/01/2025|||YEAR_LAST_CONSTRUCTION
3530088000000|8.89|10.06|1930||54|01/01/2025|||YEAR_LAST_CONSTRUCTION
3530088000000|10.06|10.16|1930||54|01/01/2025|||YEAR_LAST_CONSTRUCTION
3540004000000|1.92|2.19|1922||54|01/01/2025|||YEAR_LAST_CONSTRUCTION
3540007000000|0.0|0.44|1967||54|01/01/2025|||YEAR_LAST_CONSTRUCTION
3540013000000|0.0|0.99|1933||54|01/01/2025|||YEAR_LAST_CONSTRUCTION
3540015000000|1.91|2.26|1933||54|01/01/2025|||YEAR_LAST_CONSTRUCTION
3540015010000|2.48|2.77|1933||54|01/01/2025|||YEAR_LAST_CONSTRUCTION
3540017000000|0.27|0.95|1933||54|01/01/2025|||YEAR_LAST_CONSTRUCTION
3540018000000|0.0|0.72|1984||54|01/01/2025|||YEAR_LAST_CONSTRUCTION
3540018020000|0.0|0.23|1984||54|01/01/2025|||YEAR_LAST_CONSTRUCTION
3540018030000|0.0|0.61|1984||54|01/01/2025|||YEAR_LAST_CONSTRUCTION
3540018030000|0.61|1.15|1984||54|01/01/2025|||YEAR_LAST_CONSTRUCTION
3540018030000|1.75|2.03|1984||54|01/01/2025|||YEAR_LAST_CONSTRUCTION
3540021000000|0.0|0.65|1933||54|01/01/2025|||YEAR_LAST_CONSTRUCTION
3540039000000|0.01|0.42|1933||54|01/01/2025|||YEAR_LAST_CONSTRUCTION
3540039000000|0.42|1.56|1933||54|01/01/2025|||YEAR_LAST_CONSTRUCTION
3540039000000|1.56|2.05|1933||54|01/01/2025|||YEAR_LAST_CONSTRUCTION
3540088020000|0.0|0.57|1948||54|01/01/2025|||YEAR_LAST_CONSTRUCTION
3540091010000|0.0|0.2|1948||54|01/01/2025|||YEAR_LAST_CONSTRUCTION
4830002000000|0.0|2.27|1921||54|01/01/2025|||YEAR_LAST_CONSTRUCTION
4830002000000|2.27|2.84|1921||54|01/01/2025|||YEAR_LAST_CONSTRUCTION
4830002000000|2.84|4.64|1921||54|01/01/2025|||YEAR_LAST_CONSTRUCTION
4830002000000|4.9|6.65|1921||54|01/01/2025|||YEAR_LAST_CONSTRUCTION
4830002000000|9.93|10.25|1921||54|01/01/2025|||YEAR_LAST_CONSTRUCTION
4830002000000|10.25|12.02|1921||54|01/01/2025|||YEAR_LAST_CONSTRUCTION
4830002000000|12.02|12.75|1921||54|01/01/2025|||YEAR_LAST_CONSTRUCTION
4830002000000|12.75|12.78|1921||54|01/01/2025|||YEAR_LAST_CONSTRUCTION
4830002000000|12.78|13.02|1921||54|01/01/2025|||YEAR_LAST_CONSTRUCTION
4840007020000|0.0|1.01|1933||54|01/01/2025|||YEAR_LAST_CONSTRUCTION
52202500000NB|1.18|1.89|1921||54|01/01/2025|||YEAR_LAST_CONSTRUCTION
52202500000NB|5.54|6.88|1921||54|01/01/2025|||YEAR_LAST_CONSTRUCTION
52202500000NB|7.02|7.97|1921||54|01/01/2025|||YEAR_LAST_CONSTRUCTION
52202500000NB|8.1|8.64|1921||54|01/01/2025|||YEAR_LAST_CONSTRUCTION
52202500000NB|8.68|9.05|1921||54|01/01/2025|||YEAR_LAST_CONSTRUCTION
52202500000NB|9.05|9.2|1921||54|01/01/2025|||YEAR_LAST_CONSTRUCTION
52202500000NB|9.2|9.63|1921||54|01/01/2025|||YEAR_LAST_CONSTRUCTION
52202500000NB|9.63|11.07|1921||54|01/01/2025|||YEAR_LAST_CONSTRUCTION
5230002000000|4.442|5.29|1921||54|01/01/2025|||YEAR_LAST_CONSTRUCTION
5230002000000|5.29|5.69|1921||54|01/01/2025|||YEAR_LAST_CONSTRUCTION
5230002000000|5.69|6.08|1921||54|01/01/2025|||YEAR_LAST_CONSTRUCTION
5230002000000|6.08|6.5|1921||54|01/01/2025|||YEAR_LAST_CONSTRUCTION
5230002000000|6.95|7.09|1921||54|01/01/2025|||YEAR_LAST_CONSTRUCTION
5230002000000|7.29|7.84|1921||54|01/01/2025|||YEAR_LAST_CONSTRUCTION
5230002000000|8.35|8.6|1921||54|01/01/2025|||YEAR_LAST_CONSTRUCTION
5230002000000|8.6|9.24|1921||54|01/01/2025|||YEAR_LAST_CONSTRUCTION
5230002000000|11.11|11.655|1921||54|01/01/2025|||YEAR_LAST_CONSTRUCTION
5230002000000|11.75|12.12|1921||54|01/01/2025|||YEAR_LAST_CONSTRUCTION
5230007000000|2.0|2.55|1921||54|01/01/2025|||YEAR_LAST_CONSTRUCTION
5230007000000|35.64|36.52|1921||54|01/01/2025|||YEAR_LAST_CONSTRUCTION
52300070006EB|0.0|0.1|1991||54|01/01/2025|||YEAR_LAST_CONSTRUCTION
52300070006EB|0.1|0.27|1991||54|01/01/2025|||YEAR_LAST_CONSTRUCTION
52300070007WB|0.0|0.23|1991||54|01/01/2025|||YEAR_LAST_CONSTRUCTION
52300070007WB|0.23|0.33|1991||54|01/01/2025|||YEAR_LAST_CONSTRUCTION
5230020000000|19.48|20.04|1929||54|01/01/2025|||YEAR_LAST_CONSTRUCTION
5240002090000|0.0|0.19|1978||54|01/01/2025|||YEAR_LAST_CONSTRUCTION
5240003000000|0.15|0.28|1933||54|01/01/2025|||YEAR_LAST_CONSTRUCTION
4940007000000|0.22|0.423|1933||54|01/01/2025|||YEAR_LAST_CONSTRUCTION
4940007000000|0.423|0.76|1933||54|01/01/2025|||YEAR_LAST_CONSTRUCTION
5130015000000|6.3|8.48|1921||54|01/01/2025|||YEAR_LAST_CONSTRUCTION
1130005000000|10.83|12.51|1921||54|01/01/2025|||YEAR_LAST_CONSTRUCTION
1130005000000|14.58|14.89|1921||54|01/01/2025|||YEAR_LAST_CONSTRUCTION
0130020000000|0.0|2.15|1921||54|01/01/2025|||YEAR_LAST_CONSTRUCTION
1140007000000|6.97|8.45|1933||54|01/01/2025|||YEAR_LAST_CONSTRUCTION
1140007000000|8.45|8.67|1933||54|01/01/2025|||YEAR_LAST_CONSTRUCTION
49201190000NB|5.38|5.4|1921||54|01/01/2025|||YEAR_LAST_CONSTRUCTION
49201190000NB|5.4|5.5|1921||54|01/01/2025|||YEAR_LAST_CONSTRUCTION
49201190000NB|5.5|5.6|1921||54|01/01/2025|||YEAR_LAST_CONSTRUCTION
0130092000000|8.64|9.265|1930||54|01/01/2025|||YEAR_LAST_CONSTRUCTION
0130092000000|9.265|10.73|1930||54|01/01/2025|||YEAR_LAST_CONSTRUCTION
4940005090000|0.0|0.28|1933||54|01/01/2025|||YEAR_LAST_CONSTRUCTION
4940012000000|5.08|5.29|1933||54|01/01/2025|||YEAR_LAST_CONSTRUCTION
21200330000EB|16.0|16.1|1922||54|01/01/2025|||YEAR_LAST_CONSTRUCTION
21200330000EB|16.1|16.2|1922||54|01/01/2025|||YEAR_LAST_CONSTRUCTION
21200330000EB|16.2|16.23|1922||54|01/01/2025|||YEAR_LAST_CONSTRUCTION
21200330000EB|17.59|17.6|1922||54|01/01/2025|||YEAR_LAST_CONSTRUCTION
21200330000EB|17.6|17.7|1922||54|01/01/2025|||YEAR_LAST_CONSTRUCTION
21200330000EB|17.7|17.8|1922||54|01/01/2025|||YEAR_LAST_CONSTRUCTION
21200330000EB|17.8|17.9|1922||54|01/01/2025|||YEAR_LAST_CONSTRUCTION
21200330000EB|17.9|17.96|1922||54|01/01/2025|||YEAR_LAST_CONSTRUCTION
21200330000EB|17.96|17.97|1922||54|01/01/2025|||YEAR_LAST_CONSTRUCTION
21200330000EB|19.84|19.9|1922||54|01/01/2025|||YEAR_LAST_CONSTRUCTION
21200330000EB|19.9|20.0|1922||54|01/01/2025|||YEAR_LAST_CONSTRUCTION
21200330000EB|20.0|20.1|1922||54|01/01/2025|||YEAR_LAST_CONSTRUCTION
21200330000EB|20.1|20.19|1922||54|01/01/2025|||YEAR_LAST_CONSTRUCTION
21200330000EB|20.19|20.2|1922||54|01/01/2025|||YEAR_LAST_CONSTRUCTION
21200330000EB|20.2|20.3|1922||54|01/01/2025|||YEAR_LAST_CONSTRUCTION
21200330000EB|20.3|20.4|1922||54|01/01/2025|||YEAR_LAST_CONSTRUCTION
21200330000EB|20.4|20.5|1922||54|01/01/2025|||YEAR_LAST_CONSTRUCTION
21200330000EB|20.5|20.6|1922||54|01/01/2025|||YEAR_LAST_CONSTRUCTION
21200330000EB|20.6|20.7|1922||54|01/01/2025|||YEAR_LAST_CONSTRUCTION
21200330000EB|20.7|20.8|1922||54|01/01/2025|||YEAR_LAST_CONSTRUCTION
21200330000EB|20.8|20.9|1922||54|01/01/2025|||YEAR_LAST_CONSTRUCTION
21200330000EB|20.9|21.0|1922||54|01/01/2025|||YEAR_LAST_CONSTRUCTION
21200330000EB|21.0|21.03|1922||54|01/01/2025|||YEAR_LAST_CONSTRUCTION
21200330000EB|21.25|21.3|1922||54|01/01/2025|||YEAR_LAST_CONSTRUCTION
21200330000EB|21.3|21.4|1922||54|01/01/2025|||YEAR_LAST_CONSTRUCTION
21200330000EB|21.4|21.5|1922||54|01/01/2025|||YEAR_LAST_CONSTRUCTION
21200330000EB|21.5|21.6|1922||54|01/01/2025|||YEAR_LAST_CONSTRUCTION
21200330000EB|21.6|21.7|1922||54|01/01/2025|||YEAR_LAST_CONSTRUCTION
21200330000EB|21.7|21.8|1922||54|01/01/2025|||YEAR_LAST_CONSTRUCTION
21200330000EB|21.8|21.9|1922||54|01/01/2025|||YEAR_LAST_CONSTRUCTION
21200330000EB|21.9|22.0|1922||54|01/01/2025|||YEAR_LAST_CONSTRUCTION
21200330000EB|22.0|22.1|1922||54|01/01/2025|||YEAR_LAST_CONSTRUCTION
21200330000EB|22.1|22.2|1922||54|01/01/2025|||YEAR_LAST_CONSTRUCTION
21200330000EB|22.2|22.25|1922||54|01/01/2025|||YEAR_LAST_CONSTRUCTION
21200330000EB|22.25|22.3|1922||54|01/01/2025|||YEAR_LAST_CONSTRUCTION
21200330000EB|22.3|22.4|1922||54|01/01/2025|||YEAR_LAST_CONSTRUCTION
21200330000EB|22.4|22.5|1922||54|01/01/2025|||YEAR_LAST_CONSTRUCTION
21200330000EB|22.5|22.6|1922||54|01/01/2025|||YEAR_LAST_CONSTRUCTION
21200330000EB|22.6|22.7|1922||54|01/01/2025|||YEAR_LAST_CONSTRUCTION
21200330000EB|22.7|22.8|1922||54|01/01/2025|||YEAR_LAST_CONSTRUCTION
21200330000EB|22.8|22.84|1922||54|01/01/2025|||YEAR_LAST_CONSTRUCTION
1140009000000|0.0|3.41|1933||54|01/01/2025|||YEAR_LAST_CONSTRUCTION
21100790000NB|83.55|83.6|1974||54|01/01/2025|||YEAR_LAST_CONSTRUCTION
21100790000NB|83.6|83.7|1974||54|01/01/2025|||YEAR_LAST_CONSTRUCTION
21100790000NB|83.7|83.8|1974||54|01/01/2025|||YEAR_LAST_CONSTRUCTION
21100790000NB|83.8|83.9|1974||54|01/01/2025|||YEAR_LAST_CONSTRUCTION
21100790000NB|83.9|84.0|1974||54|01/01/2025|||YEAR_LAST_CONSTRUCTION
21100790000NB|84.0|84.1|1974||54|01/01/2025|||YEAR_LAST_CONSTRUCTION
21100790000NB|84.1|84.2|1974||54|01/01/2025|||YEAR_LAST_CONSTRUCTION
21100790000NB|84.2|84.3|1974||54|01/01/2025|||YEAR_LAST_CONSTRUCTION
21100790000NB|84.3|84.4|1974||54|01/01/2025|||YEAR_LAST_CONSTRUCTION
21100790000NB|84.4|84.5|1974||54|01/01/2025|||YEAR_LAST_CONSTRUCTION
21100790000NB|84.5|84.6|1974||54|01/01/2025|||YEAR_LAST_CONSTRUCTION
21100790000NB|84.6|84.7|1974||54|01/01/2025|||YEAR_LAST_CONSTRUCTION
21100790000NB|84.7|84.8|1974||54|01/01/2025|||YEAR_LAST_CONSTRUCTION
21100790000NB|84.8|84.9|1974||54|01/01/2025|||YEAR_LAST_CONSTRUCTION
21100790000NB|84.9|85.0|1974||54|01/01/2025|||YEAR_LAST_CONSTRUCTION
21100790000NB|85.0|85.1|1974||54|01/01/2025|||YEAR_LAST_CONSTRUCTION
21100790000NB|85.1|85.2|1974||54|01/01/2025|||YEAR_LAST_CONSTRUCTION
21100790000NB|85.2|85.3|1974||54|01/01/2025|||YEAR_LAST_CONSTRUCTION
21100790000NB|85.3|85.4|1974||54|01/01/2025|||YEAR_LAST_CONSTRUCTION
21100790000NB|85.4|85.5|1974||54|01/01/2025|||YEAR_LAST_CONSTRUCTION
21100790000NB|85.5|85.6|1974||54|01/01/2025|||YEAR_LAST_CONSTRUCTION
21100790000NB|85.6|85.7|1974||54|01/01/2025|||YEAR_LAST_CONSTRUCTION
21100790000NB|85.7|85.8|1974||54|01/01/2025|||YEAR_LAST_CONSTRUCTION
21100790000NB|85.8|85.9|1974||54|01/01/2025|||YEAR_LAST_CONSTRUCTION
21100790000NB|85.9|86.0|1974||54|01/01/2025|||YEAR_LAST_CONSTRUCTION
21100790000NB|86.0|86.1|1974||54|01/01/2025|||YEAR_LAST_CONSTRUCTION
21100790000NB|86.1|86.2|1974||54|01/01/2025|||YEAR_LAST_CONSTRUCTION
21100790000NB|86.2|86.3|1974||54|01/01/2025|||YEAR_LAST_CONSTRUCTION
21100790000NB|86.3|86.4|1974||54|01/01/2025|||YEAR_LAST_CONSTRUCTION
21100790000NB|86.4|86.5|1974||54|01/01/2025|||YEAR_LAST_CONSTRUCTION
21100790000NB|86.5|86.6|1974||54|01/01/2025|||YEAR_LAST_CONSTRUCTION
21100790000NB|86.6|86.7|1974||54|01/01/2025|||YEAR_LAST_CONSTRUCTION
21100790000NB|86.7|86.8|1974||54|01/01/2025|||YEAR_LAST_CONSTRUCTION
21100790000NB|86.8|86.9|1974||54|01/01/2025|||YEAR_LAST_CONSTRUCTION
21100790000NB|86.9|87.0|1974||54|01/01/2025|||YEAR_LAST_CONSTRUCTION
21100790000NB|87.0|87.1|1974||54|01/01/2025|||YEAR_LAST_CONSTRUCTION
21100790000NB|87.1|87.2|1974||54|01/01/2025|||YEAR_LAST_CONSTRUCTION
21100790000NB|87.2|87.3|1974||54|01/01/2025|||YEAR_LAST_CONSTRUCTION
21100790000NB|87.3|87.4|1974||54|01/01/2025|||YEAR_LAST_CONSTRUCTION
21100790000NB|87.4|87.45|1974||54|01/01/2025|||YEAR_LAST_CONSTRUCTION
21100790000NB|87.45|87.5|1974||54|01/01/2025|||YEAR_LAST_CONSTRUCTION
21100790000NB|87.5|87.6|1974||54|01/01/2025|||YEAR_LAST_CONSTRUCTION
21100790000NB|87.6|87.7|1974||54|01/01/2025|||YEAR_LAST_CONSTRUCTION
21100790000NB|87.7|87.8|1974||54|01/01/2025|||YEAR_LAST_CONSTRUCTION
21100790000NB|87.8|87.9|1974||54|01/01/2025|||YEAR_LAST_CONSTRUCTION
21100790000NB|87.9|88.0|1974||54|01/01/2025|||YEAR_LAST_CONSTRUCTION
21100790000NB|88.0|88.1|1974||54|01/01/2025|||YEAR_LAST_CONSTRUCTION
21100790000NB|88.1|88.2|1974||54|01/01/2025|||YEAR_LAST_CONSTRUCTION
21100790000NB|88.2|88.3|1974||54|01/01/2025|||YEAR_LAST_CONSTRUCTION
21100790000NB|88.3|88.4|1974||54|01/01/2025|||YEAR_LAST_CONSTRUCTION
21100790000NB|88.4|88.5|1974||54|01/01/2025|||YEAR_LAST_CONSTRUCTION
21100790000NB|88.5|88.6|1974||54|01/01/2025|||YEAR_LAST_CONSTRUCTION
21100790000NB|88.6|88.7|1974||54|01/01/2025|||YEAR_LAST_CONSTRUCTION
21100790000NB|88.7|88.8|1974||54|01/01/2025|||YEAR_LAST_CONSTRUCTION
21100790000NB|88.8|88.9|1974||54|01/01/2025|||YEAR_LAST_CONSTRUCTION
21100790000NB|88.9|89.0|1974||54|01/01/2025|||YEAR_LAST_CONSTRUCTION
21100790000NB|89.0|89.1|1974||54|01/01/2025|||YEAR_LAST_CONSTRUCTION
21100790000NB|89.1|89.2|1974||54|01/01/2025|||YEAR_LAST_CONSTRUCTION
21100790000NB|89.2|89.3|1974||54|01/01/2025|||YEAR_LAST_CONSTRUCTION
21100790000NB|89.3|89.4|1974||54|01/01/2025|||YEAR_LAST_CONSTRUCTION
21100790000NB|89.4|89.5|1974||54|01/01/2025|||YEAR_LAST_CONSTRUCTION
21100790000NB|89.5|89.6|1974||54|01/01/2025|||YEAR_LAST_CONSTRUCTION
21100790000NB|89.6|89.7|1974||54|01/01/2025|||YEAR_LAST_CONSTRUCTION
21100790000NB|89.7|89.8|1974||54|01/01/2025|||YEAR_LAST_CONSTRUCTION
21100790000NB|89.8|89.9|1974||54|01/01/2025|||YEAR_LAST_CONSTRUCTION
21100790000NB|89.9|90.0|1974||54|01/01/2025|||YEAR_LAST_CONSTRUCTION
21100790000NB|90.0|90.1|1974||54|01/01/2025|||YEAR_LAST_CONSTRUCTION
21100790000NB|90.1|90.2|1974||54|01/01/2025|||YEAR_LAST_CONSTRUCTION
21100790000NB|90.2|90.3|1974||54|01/01/2025|||YEAR_LAST_CONSTRUCTION
21100790000NB|90.3|90.4|1974||54|01/01/2025|||YEAR_LAST_CONSTRUCTION
21100790000NB|90.4|90.5|1974||54|01/01/2025|||YEAR_LAST_CONSTRUCTION
21100790000NB|90.5|90.6|1974||54|01/01/2025|||YEAR_LAST_CONSTRUCTION
21100790000NB|90.6|90.7|1974||54|01/01/2025|||YEAR_LAST_CONSTRUCTION
21100790000NB|90.7|90.77|1974||54|01/01/2025|||YEAR_LAST_CONSTRUCTION
21100790000NB|90.77|90.8|1974||54|01/01/2025|||YEAR_LAST_CONSTRUCTION
21100790000NB|90.8|90.82|1974||54|01/01/2025|||YEAR_LAST_CONSTRUCTION
21100790000NB|90.82|90.9|1974||54|01/01/2025|||YEAR_LAST_CONSTRUCTION
21100790000NB|90.9|90.92|1974||54|01/01/2025|||YEAR_LAST_CONSTRUCTION
21100790000NB|90.92|91.0|1974||54|01/01/2025|||YEAR_LAST_CONSTRUCTION
21100790000NB|91.0|91.1|1974||54|01/01/2025|||YEAR_LAST_CONSTRUCTION
21100790000NB|91.1|91.2|1974||54|01/01/2025|||YEAR_LAST_CONSTRUCTION
21100790000NB|91.2|91.3|1974||54|01/01/2025|||YEAR_LAST_CONSTRUCTION
21100790000NB|91.3|91.4|1974||54|01/01/2025|||YEAR_LAST_CONSTRUCTION
21100790000NB|91.4|91.5|1974||54|01/01/2025|||YEAR_LAST_CONSTRUCTION
21100790000NB|91.5|91.6|1974||54|01/01/2025|||YEAR_LAST_CONSTRUCTION
21100790000NB|91.6|91.7|1974||54|01/01/2025|||YEAR_LAST_CONSTRUCTION
21100790000NB|91.7|91.8|1974||54|01/01/2025|||YEAR_LAST_CONSTRUCTION
21100790000NB|91.8|91.9|1974||54|01/01/2025|||YEAR_LAST_CONSTRUCTION
21100790000NB|91.9|92.0|1974||54|01/01/2025|||YEAR_LAST_CONSTRUCTION
21100790000NB|92.0|92.1|1974||54|01/01/2025|||YEAR_LAST_CONSTRUCTION
21100790000NB|92.1|92.2|1974||54|01/01/2025|||YEAR_LAST_CONSTRUCTION
21100790000NB|92.2|92.3|1974||54|01/01/2025|||YEAR_LAST_CONSTRUCTION
21100790000NB|92.3|92.4|1974||54|01/01/2025|||YEAR_LAST_CONSTRUCTION
21100790000NB|92.4|92.5|1974||54|01/01/2025|||YEAR_LAST_CONSTRUCTION
21100790000NB|92.5|92.6|1974||54|01/01/2025|||YEAR_LAST_CONSTRUCTION
21100790000NB|92.6|92.7|1974||54|01/01/2025|||YEAR_LAST_CONSTRUCTION
21100790000NB|92.7|92.8|1974||54|01/01/2025|||YEAR_LAST_CONSTRUCTION
21100790000NB|92.8|92.9|1974||54|01/01/2025|||YEAR_LAST_CONSTRUCTION
21100790000NB|92.9|93.0|1974||54|01/01/2025|||YEAR_LAST_CONSTRUCTION
21100790000NB|93.0|93.1|1974||54|01/01/2025|||YEAR_LAST_CONSTRUCTION
21100790000NB|93.1|93.2|1974||54|01/01/2025|||YEAR_LAST_CONSTRUCTION
21100790000NB|93.2|93.3|1974||54|01/01/2025|||YEAR_LAST_CONSTRUCTION
21100790000NB|93.3|93.4|1974||54|01/01/2025|||YEAR_LAST_CONSTRUCTION
21100790000NB|93.4|93.5|1974||54|01/01/2025|||YEAR_LAST_CONSTRUCTION
21100790000NB|93.5|93.6|1974||54|01/01/2025|||YEAR_LAST_CONSTRUCTION
21100790000NB|93.6|93.7|1974||54|01/01/2025|||YEAR_LAST_CONSTRUCTION
21100790000NB|93.7|93.8|1974||54|01/01/2025|||YEAR_LAST_CONSTRUCTION
21100790000NB|93.8|93.9|1974||54|01/01/2025|||YEAR_LAST_CONSTRUCTION
21100790000NB|93.9|94.0|1974||54|01/01/2025|||YEAR_LAST_CONSTRUCTION
21100790000NB|94.0|94.1|1974||54|01/01/2025|||YEAR_LAST_CONSTRUCTION
21100790000NB|94.1|94.2|1974||54|01/01/2025|||YEAR_LAST_CONSTRUCTION
21100790000NB|94.2|94.3|1974||54|01/01/2025|||YEAR_LAST_CONSTRUCTION
21100790000NB|94.3|94.4|1974||54|01/01/2025|||YEAR_LAST_CONSTRUCTION
21100790000NB|94.4|94.5|1974||54|01/01/2025|||YEAR_LAST_CONSTRUCTION
21100790000NB|94.5|94.6|1974||54|01/01/2025|||YEAR_LAST_CONSTRUCTION
21100790000NB|94.6|94.7|1974||54|01/01/2025|||YEAR_LAST_CONSTRUCTION
21100790000NB|94.7|94.8|1974||54|01/01/2025|||YEAR_LAST_CONSTRUCTION
21100790000NB|94.8|94.9|1974||54|01/01/2025|||YEAR_LAST_CONSTRUCTION
21100790000NB|94.9|95.0|1974||54|01/01/2025|||YEAR_LAST_CONSTRUCTION
21100790000NB|95.0|95.1|1974||54|01/01/2025|||YEAR_LAST_CONSTRUCTION
21100790000NB|95.1|95.2|1974||54|01/01/2025|||YEAR_LAST_CONSTRUCTION
21100790000NB|95.2|95.3|1974||54|01/01/2025|||YEAR_LAST_CONSTRUCTION
21100790000NB|95.3|95.4|1974||54|01/01/2025|||YEAR_LAST_CONSTRUCTION
21100790000NB|95.4|95.5|1974||54|01/01/2025|||YEAR_LAST_CONSTRUCTION
21100790000NB|95.5|95.6|1974||54|01/01/2025|||YEAR_LAST_CONSTRUCTION
21100790000NB|95.6|95.7|1974||54|01/01/2025|||YEAR_LAST_CONSTRUCTION
21100790000NB|95.7|95.73|1974||54|01/01/2025|||YEAR_LAST_CONSTRUCTION
21100790000NB|95.73|95.8|1974||54|01/01/2025|||YEAR_LAST_CONSTRUCTION
21100790000NB|95.8|95.82|1974||54|01/01/2025|||YEAR_LAST_CONSTRUCTION
21100790000NB|95.82|95.9|1974||54|01/01/2025|||YEAR_LAST_CONSTRUCTION
21100790000NB|95.9|96.0|1974||54|01/01/2025|||YEAR_LAST_CONSTRUCTION
21100790000NB|96.0|96.1|1974||54|01/01/2025|||YEAR_LAST_CONSTRUCTION
21100790000NB|96.1|96.17|1974||54|01/01/2025|||YEAR_LAST_CONSTRUCTION
21100790000NB|96.17|96.2|1974||54|01/01/2025|||YEAR_LAST_CONSTRUCTION
21100790000NB|96.2|96.3|1974||54|01/01/2025|||YEAR_LAST_CONSTRUCTION
21100790000NB|96.3|96.4|1974||54|01/01/2025|||YEAR_LAST_CONSTRUCTION
21100790000NB|96.4|96.5|1974||54|01/01/2025|||YEAR_LAST_CONSTRUCTION
21100790000NB|96.5|96.6|1974||54|01/01/2025|||YEAR_LAST_CONSTRUCTION
21100790000NB|96.6|96.7|1974||54|01/01/2025|||YEAR_LAST_CONSTRUCTION
21100790000NB|96.7|96.8|1974||54|01/01/2025|||YEAR_LAST_CONSTRUCTION
21100790000NB|96.8|96.9|1974||54|01/01/2025|||YEAR_LAST_CONSTRUCTION
21100790000NB|96.9|97.0|1974||54|01/01/2025|||YEAR_LAST_CONSTRUCTION
21100790000NB|97.0|97.1|1974||54|01/01/2025|||YEAR_LAST_CONSTRUCTION
21100790000NB|97.1|97.13|1974||54|01/01/2025|||YEAR_LAST_CONSTRUCTION
21100790000NB|97.13|97.2|1974||54|01/01/2025|||YEAR_LAST_CONSTRUCTION
21100790000NB|97.2|97.3|1974||54|01/01/2025|||YEAR_LAST_CONSTRUCTION
21100790000NB|97.3|97.4|1974||54|01/01/2025|||YEAR_LAST_CONSTRUCTION
21100790000NB|97.4|97.5|1974||54|01/01/2025|||YEAR_LAST_CONSTRUCTION
21100790000NB|97.5|97.6|1974||54|01/01/2025|||YEAR_LAST_CONSTRUCTION
21100790000NB|97.6|97.7|1974||54|01/01/2025|||YEAR_LAST_CONSTRUCTION
21100790000NB|97.7|97.8|1974||54|01/01/2025|||YEAR_LAST_CONSTRUCTION
21100790000NB|97.8|97.9|1974||54|01/01/2025|||YEAR_LAST_CONSTRUCTION
21100790000NB|97.9|98.0|1974||54|01/01/2025|||YEAR_LAST_CONSTRUCTION
21100790000NB|98.0|98.1|1974||54|01/01/2025|||YEAR_LAST_CONSTRUCTION
21100790000NB|98.1|98.2|1974||54|01/01/2025|||YEAR_LAST_CONSTRUCTION
21100790000NB|98.2|98.29|1974||54|01/01/2025|||YEAR_LAST_CONSTRUCTION
21100790000NB|98.4|98.5|1974||54|01/01/2025|||YEAR_LAST_CONSTRUCTION
21100790000NB|98.5|98.6|1974||54|01/01/2025|||YEAR_LAST_CONSTRUCTION
21100790000NB|98.6|98.63|1974||54|01/01/2025|||YEAR_LAST_CONSTRUCTION
21100790000NB|98.63|98.7|1974||54|01/01/2025|||YEAR_LAST_CONSTRUCTION
21100790000NB|98.7|98.8|1974||54|01/01/2025|||YEAR_LAST_CONSTRUCTION
21100790000NB|98.8|98.9|1974||54|01/01/2025|||YEAR_LAST_CONSTRUCTION
21100790000NB|98.9|98.93|1974||54|01/01/2025|||YEAR_LAST_CONSTRUCTION
11100790000NB|83.15|83.2|1968||54|01/01/2025|||YEAR_LAST_CONSTRUCTION
11100790000NB|83.2|83.3|1968||54|01/01/2025|||YEAR_LAST_CONSTRUCTION
11100790000NB|83.3|83.4|1968||54|01/01/2025|||YEAR_LAST_CONSTRUCTION
11100790000NB|83.4|83.5|1968||54|01/01/2025|||YEAR_LAST_CONSTRUCTION
11100790000NB|83.5|83.55|1968||54|01/01/2025|||YEAR_LAST_CONSTRUCTION
0130038000000|0.43|2.43|1957||54|01/01/2025|||YEAR_LAST_CONSTRUCTION
0130038000000|5.53|6.31|1957||54|01/01/2025|||YEAR_LAST_CONSTRUCTION
4940001000000|2.28|3.09|1933||54|01/01/2025|||YEAR_LAST_CONSTRUCTION
4940001000000|3.09|3.14|1933||54|01/01/2025|||YEAR_LAST_CONSTRUCTION
4940001000000|3.14|3.17|1933||54|01/01/2025|||YEAR_LAST_CONSTRUCTION
01200330000EB|0.0|0.1|1995||54|01/01/2025|||YEAR_LAST_CONSTRUCTION
01200330000EB|0.1|0.2|1995||54|01/01/2025|||YEAR_LAST_CONSTRUCTION
01200330000EB|0.2|0.3|1995||54|01/01/2025|||YEAR_LAST_CONSTRUCTION
01200330000EB|0.3|0.4|1995||54|01/01/2025|||YEAR_LAST_CONSTRUCTION
01200330000EB|0.4|0.5|1995||54|01/01/2025|||YEAR_LAST_CONSTRUCTION
01200330000EB|0.5|0.6|1995||54|01/01/2025|||YEAR_LAST_CONSTRUCTION
01200330000EB|0.6|0.7|1995||54|01/01/2025|||YEAR_LAST_CONSTRUCTION
01200330000EB|0.7|0.8|1995||54|01/01/2025|||YEAR_LAST_CONSTRUCTION
01200330000EB|0.8|0.9|1995||54|01/01/2025|||YEAR_LAST_CONSTRUCTION
01200330000EB|0.9|1.0|1995||54|01/01/2025|||YEAR_LAST_CONSTRUCTION
01200330000EB|1.0|1.1|1995||54|01/01/2025|||YEAR_LAST_CONSTRUCTION
01200330000EB|1.1|1.2|1995||54|01/01/2025|||YEAR_LAST_CONSTRUCTION
01200330000EB|1.2|1.3|1995||54|01/01/2025|||YEAR_LAST_CONSTRUCTION
01200330000EB|1.3|1.4|1995||54|01/01/2025|||YEAR_LAST_CONSTRUCTION
01200330000EB|1.4|1.5|1995||54|01/01/2025|||YEAR_LAST_CONSTRUCTION
01200330000EB|1.5|1.6|1995||54|01/01/2025|||YEAR_LAST_CONSTRUCTION
01200330000EB|1.6|1.7|1995||54|01/01/2025|||YEAR_LAST_CONSTRUCTION
01200330000EB|1.7|1.8|1995||54|01/01/2025|||YEAR_LAST_CONSTRUCTION
01200330000EB|1.8|1.87|1995||54|01/01/2025|||YEAR_LAST_CONSTRUCTION
0130076000000|1.75|6.62|1962||54|01/01/2025|||YEAR_LAST_CONSTRUCTION
0140006000000|0.11|3.13|1933||54|01/01/2025|||YEAR_LAST_CONSTRUCTION
2140013000000|0.0|0.4|1933||54|01/01/2025|||YEAR_LAST_CONSTRUCTION
0140030000000|6.14|6.83|1933||54|01/01/2025|||YEAR_LAST_CONSTRUCTION
4940013000000|0.0|0.86|1980||54|01/01/2025|||YEAR_LAST_CONSTRUCTION
4930020000000|22.87|23.54|1921||54|01/01/2025|||YEAR_LAST_CONSTRUCTION
0140011000000|3.05|3.78|1933||54|01/01/2025|||YEAR_LAST_CONSTRUCTION
0140046010000|0.0|1.62|1933||54|01/01/2025|||YEAR_LAST_CONSTRUCTION
4940020310000|0.0|0.22|1981||54|01/01/2025|||YEAR_LAST_CONSTRUCTION
0440032000000|6.27|6.5|1933||54|01/01/2025|||YEAR_LAST_CONSTRUCTION
11200330000EB|0.0|0.1|1963||54|01/01/2025|||YEAR_LAST_CONSTRUCTION
11200330000EB|0.1|0.2|1963||54|01/01/2025|||YEAR_LAST_CONSTRUCTION
11200330000EB|0.2|0.3|1963||54|01/01/2025|||YEAR_LAST_CONSTRUCTION
11200330000EB|0.3|0.4|1963||54|01/01/2025|||YEAR_LAST_CONSTRUCTION
11200330000EB|0.4|0.5|1963||54|01/01/2025|||YEAR_LAST_CONSTRUCTION
11200330000EB|0.5|0.59|1963||54|01/01/2025|||YEAR_LAST_CONSTRUCTION
11200330000EB|1.12|1.18|1963||54|01/01/2025|||YEAR_LAST_CONSTRUCTION
11200330000EB|1.18|1.2|1963||54|01/01/2025|||YEAR_LAST_CONSTRUCTION
11200330000EB|1.2|1.3|1963||54|01/01/2025|||YEAR_LAST_CONSTRUCTION
11200330000EB|1.3|1.39|1963||54|01/01/2025|||YEAR_LAST_CONSTRUCTION
11200330000EB|1.39|1.4|1963||54|01/01/2025|||YEAR_LAST_CONSTRUCTION
11200330000EB|1.4|1.5|1963||54|01/01/2025|||YEAR_LAST_CONSTRUCTION
11200330000EB|1.5|1.6|1963||54|01/01/2025|||YEAR_LAST_CONSTRUCTION
11200330000EB|1.6|1.7|1963||54|01/01/2025|||YEAR_LAST_CONSTRUCTION
11200330000EB|1.7|1.8|1963||54|01/01/2025|||YEAR_LAST_CONSTRUCTION
11200330000EB|1.8|1.9|1963||54|01/01/2025|||YEAR_LAST_CONSTRUCTION
11200330000EB|1.9|1.96|1963||54|01/01/2025|||YEAR_LAST_CONSTRUCTION
11200330000EB|2.2|2.3|1963||54|01/01/2025|||YEAR_LAST_CONSTRUCTION
11200330000EB|2.3|2.4|1963||54|01/01/2025|||YEAR_LAST_CONSTRUCTION
11200330000EB|2.4|2.5|1963||54|01/01/2025|||YEAR_LAST_CONSTRUCTION
11200330000EB|2.5|2.6|1963||54|01/01/2025|||YEAR_LAST_CONSTRUCTION
11200330000EB|2.6|2.7|1963||54|01/01/2025|||YEAR_LAST_CONSTRUCTION
11200330000EB|2.7|2.8|1963||54|01/01/2025|||YEAR_LAST_CONSTRUCTION
11200330000EB|2.8|2.9|1963||54|01/01/2025|||YEAR_LAST_CONSTRUCTION
11200330000EB|2.9|3.0|1963||54|01/01/2025|||YEAR_LAST_CONSTRUCTION
11200330000EB|3.0|3.1|1963||54|01/01/2025|||YEAR_LAST_CONSTRUCTION
11200330000EB|3.1|3.2|1963||54|01/01/2025|||YEAR_LAST_CONSTRUCTION
11200330000EB|3.2|3.3|1963||54|01/01/2025|||YEAR_LAST_CONSTRUCTION
11200330000EB|3.3|3.4|1963||54|01/01/2025|||YEAR_LAST_CONSTRUCTION
11200330000EB|3.4|3.5|1963||54|01/01/2025|||YEAR_LAST_CONSTRUCTION
11200330000EB|3.5|3.6|1963||54|01/01/2025|||YEAR_LAST_CONSTRUCTION
11200330000EB|3.6|3.7|1963||54|01/01/2025|||YEAR_LAST_CONSTRUCTION
11200330000EB|3.7|3.8|1963||54|01/01/2025|||YEAR_LAST_CONSTRUCTION
11200330000EB|3.8|3.9|1963||54|01/01/2025|||YEAR_LAST_CONSTRUCTION
11200330000EB|3.9|4.0|1963||54|01/01/2025|||YEAR_LAST_CONSTRUCTION
11200330000EB|4.0|4.1|1963||54|01/01/2025|||YEAR_LAST_CONSTRUCTION
11200330000EB|4.1|4.2|1963||54|01/01/2025|||YEAR_LAST_CONSTRUCTION
11200330000EB|4.2|4.3|1963||54|01/01/2025|||YEAR_LAST_CONSTRUCTION
11200330000EB|4.3|4.4|1963||54|01/01/2025|||YEAR_LAST_CONSTRUCTION
11200330000EB|4.4|4.5|1963||54|01/01/2025|||YEAR_LAST_CONSTRUCTION
11200330000EB|4.5|4.6|1963||54|01/01/2025|||YEAR_LAST_CONSTRUCTION
11200330000EB|4.6|4.7|1963||54|01/01/2025|||YEAR_LAST_CONSTRUCTION
11200330000EB|4.7|4.8|1963||54|01/01/2025|||YEAR_LAST_CONSTRUCTION
11200330000EB|4.8|4.9|1963||54|01/01/2025|||YEAR_LAST_CONSTRUCTION
11200330000EB|4.9|5.0|1963||54|01/01/2025|||YEAR_LAST_CONSTRUCTION
11200330000EB|5.0|5.05|1963||54|01/01/2025|||YEAR_LAST_CONSTRUCTION
11200330000EB|5.05|5.1|1963||54|01/01/2025|||YEAR_LAST_CONSTRUCTION
11200330000EB|5.1|5.2|1963||54|01/01/2025|||YEAR_LAST_CONSTRUCTION
11200330000EB|5.2|5.3|1963||54|01/01/2025|||YEAR_LAST_CONSTRUCTION
11200330000EB|5.3|5.4|1963||54|01/01/2025|||YEAR_LAST_CONSTRUCTION
11200330000EB|5.4|5.5|1963||54|01/01/2025|||YEAR_LAST_CONSTRUCTION
11200330000EB|5.5|5.6|1963||54|01/01/2025|||YEAR_LAST_CONSTRUCTION
11200330000EB|5.6|5.7|1963||54|01/01/2025|||YEAR_LAST_CONSTRUCTION
11200330000EB|5.7|5.8|1963||54|01/01/2025|||YEAR_LAST_CONSTRUCTION
11200330000EB|5.8|5.9|1963||54|01/01/2025|||YEAR_LAST_CONSTRUCTION
11200330000EB|5.9|6.0|1963||54|01/01/2025|||YEAR_LAST_CONSTRUCTION
11200330000EB|6.0|6.1|1963||54|01/01/2025|||YEAR_LAST_CONSTRUCTION
11200330000EB|6.1|6.2|1963||54|01/01/2025|||YEAR_LAST_CONSTRUCTION
11200330000EB|6.2|6.3|1963||54|01/01/2025|||YEAR_LAST_CONSTRUCTION
11200330000EB|6.3|6.4|1963||54|01/01/2025|||YEAR_LAST_CONSTRUCTION
11200330000EB|6.4|6.44|1963||54|01/01/2025|||YEAR_LAST_CONSTRUCTION
11200330000EB|17.3|17.4|1963||54|01/01/2025|||YEAR_LAST_CONSTRUCTION
11200330000EB|17.4|17.5|1963||54|01/01/2025|||YEAR_LAST_CONSTRUCTION
11200330000EB|17.5|17.6|1963||54|01/01/2025|||YEAR_LAST_CONSTRUCTION
11200330000EB|17.6|17.7|1963||54|01/01/2025|||YEAR_LAST_CONSTRUCTION
11200330000EB|17.7|17.8|1963||54|01/01/2025|||YEAR_LAST_CONSTRUCTION
11200330000EB|17.8|17.82|1963||54|01/01/2025|||YEAR_LAST_CONSTRUCTION
11200330000EB|18.2|18.3|1963||54|01/01/2025|||YEAR_LAST_CONSTRUCTION
11200330000EB|18.3|18.4|1963||54|01/01/2025|||YEAR_LAST_CONSTRUCTION
11200330000EB|18.4|18.5|1963||54|01/01/2025|||YEAR_LAST_CONSTRUCTION
11200330000EB|18.5|18.6|1963||54|01/01/2025|||YEAR_LAST_CONSTRUCTION
11200330000EB|18.6|18.7|1963||54|01/01/2025|||YEAR_LAST_CONSTRUCTION
11200330000EB|18.7|18.8|1963||54|01/01/2025|||YEAR_LAST_CONSTRUCTION
11200330000EB|18.8|18.9|1963||54|01/01/2025|||YEAR_LAST_CONSTRUCTION
11200330000EB|18.9|19.0|1963||54|01/01/2025|||YEAR_LAST_CONSTRUCTION
11200330000EB|19.0|19.1|1963||54|01/01/2025|||YEAR_LAST_CONSTRUCTION
11200330000EB|19.1|19.2|1963||54|01/01/2025|||YEAR_LAST_CONSTRUCTION
11200330000EB|19.2|19.3|1963||54|01/01/2025|||YEAR_LAST_CONSTRUCTION
11200330000EB|19.3|19.4|1963||54|01/01/2025|||YEAR_LAST_CONSTRUCTION
11200330000EB|19.4|19.5|1963||54|01/01/2025|||YEAR_LAST_CONSTRUCTION
11200330000EB|19.5|19.6|1963||54|01/01/2025|||YEAR_LAST_CONSTRUCTION
11200330000EB|19.6|19.62|1963||54|01/01/2025|||YEAR_LAST_CONSTRUCTION
11200330000EB|19.62|19.7|1963||54|01/01/2025|||YEAR_LAST_CONSTRUCTION
11200330000EB|19.7|19.8|1963||54|01/01/2025|||YEAR_LAST_CONSTRUCTION
11200330000EB|19.8|19.9|1963||54|01/01/2025|||YEAR_LAST_CONSTRUCTION
11200330000EB|19.9|20.0|1963||54|01/01/2025|||YEAR_LAST_CONSTRUCTION
11200330000EB|20.0|20.1|1963||54|01/01/2025|||YEAR_LAST_CONSTRUCTION
11200330000EB|20.1|20.2|1963||54|01/01/2025|||YEAR_LAST_CONSTRUCTION
11200330000EB|20.2|20.3|1963||54|01/01/2025|||YEAR_LAST_CONSTRUCTION
11200330000EB|20.3|20.4|1963||54|01/01/2025|||YEAR_LAST_CONSTRUCTION
11200330000EB|20.4|20.5|1963||54|01/01/2025|||YEAR_LAST_CONSTRUCTION
11200330000EB|20.5|20.6|1963||54|01/01/2025|||YEAR_LAST_CONSTRUCTION
11200330000EB|20.6|20.7|1963||54|01/01/2025|||YEAR_LAST_CONSTRUCTION
11200330000EB|20.7|20.8|1963||54|01/01/2025|||YEAR_LAST_CONSTRUCTION
11200330000EB|20.8|20.9|1963||54|01/01/2025|||YEAR_LAST_CONSTRUCTION
11200330000EB|20.9|21.0|1963||54|01/01/2025|||YEAR_LAST_CONSTRUCTION
11200330000EB|21.0|21.1|1963||54|01/01/2025|||YEAR_LAST_CONSTRUCTION
11200330000EB|21.1|21.2|1963||54|01/01/2025|||YEAR_LAST_CONSTRUCTION
11200330000EB|21.2|21.3|1963||54|01/01/2025|||YEAR_LAST_CONSTRUCTION
11200330000EB|21.3|21.4|1963||54|01/01/2025|||YEAR_LAST_CONSTRUCTION
11200330000EB|21.4|21.5|1963||54|01/01/2025|||YEAR_LAST_CONSTRUCTION
11200330000EB|21.5|21.6|1963||54|01/01/2025|||YEAR_LAST_CONSTRUCTION
11200330000EB|21.6|21.7|1963||54|01/01/2025|||YEAR_LAST_CONSTRUCTION
11200330000EB|21.7|21.8|1963||54|01/01/2025|||YEAR_LAST_CONSTRUCTION
11200330000EB|21.8|21.9|1963||54|01/01/2025|||YEAR_LAST_CONSTRUCTION
11200330000EB|21.9|22.0|1963||54|01/01/2025|||YEAR_LAST_CONSTRUCTION
11200330000EB|22.0|22.1|1963||54|01/01/2025|||YEAR_LAST_CONSTRUCTION
11200330000EB|22.1|22.18|1963||54|01/01/2025|||YEAR_LAST_CONSTRUCTION
11200330000EB|22.28|22.3|1963||54|01/01/2025|||YEAR_LAST_CONSTRUCTION
11200330000EB|22.3|22.4|1963||54|01/01/2025|||YEAR_LAST_CONSTRUCTION
11200330000EB|22.4|22.5|1963||54|01/01/2025|||YEAR_LAST_CONSTRUCTION
11200330000EB|22.5|22.6|1963||54|01/01/2025|||YEAR_LAST_CONSTRUCTION
11200330000EB|22.6|22.7|1963||54|01/01/2025|||YEAR_LAST_CONSTRUCTION
11200330000EB|22.7|22.8|1963||54|01/01/2025|||YEAR_LAST_CONSTRUCTION
11200330000EB|22.8|22.9|1963||54|01/01/2025|||YEAR_LAST_CONSTRUCTION
11200330000EB|22.9|23.0|1963||54|01/01/2025|||YEAR_LAST_CONSTRUCTION
11200330000EB|23.0|23.1|1963||54|01/01/2025|||YEAR_LAST_CONSTRUCTION
11200330000EB|23.1|23.15|1963||54|01/01/2025|||YEAR_LAST_CONSTRUCTION
11200330000EB|23.15|23.2|1963||54|01/01/2025|||YEAR_LAST_CONSTRUCTION
11200330000EB|23.2|23.3|1963||54|01/01/2025|||YEAR_LAST_CONSTRUCTION
11200330000EB|23.3|23.4|1963||54|01/01/2025|||YEAR_LAST_CONSTRUCTION
11200330000EB|23.4|23.5|1963||54|01/01/2025|||YEAR_LAST_CONSTRUCTION
11200330000EB|23.5|23.6|1963||54|01/01/2025|||YEAR_LAST_CONSTRUCTION
11200330000EB|23.6|23.7|1963||54|01/01/2025|||YEAR_LAST_CONSTRUCTION
11200330000EB|23.7|23.8|1963||54|01/01/2025|||YEAR_LAST_CONSTRUCTION
11200330000EB|23.8|23.9|1963||54|01/01/2025|||YEAR_LAST_CONSTRUCTION
11200330000EB|23.9|24.0|1963||54|01/01/2025|||YEAR_LAST_CONSTRUCTION
11200330000EB|24.0|24.1|1963||54|01/01/2025|||YEAR_LAST_CONSTRUCTION
11200330000EB|24.1|24.2|1963||54|01/01/2025|||YEAR_LAST_CONSTRUCTION
11200330000EB|24.2|24.3|1963||54|01/01/2025|||YEAR_LAST_CONSTRUCTION
11200330000EB|24.3|24.4|1963||54|01/01/2025|||YEAR_LAST_CONSTRUCTION
11200330000EB|24.4|24.5|1963||54|01/01/2025|||YEAR_LAST_CONSTRUCTION
11200330000EB|24.5|24.6|1963||54|01/01/2025|||YEAR_LAST_CONSTRUCTION
11200330000EB|24.6|24.7|1963||54|01/01/2025|||YEAR_LAST_CONSTRUCTION
11200330000EB|24.7|24.8|1963||54|01/01/2025|||YEAR_LAST_CONSTRUCTION
11200330000EB|24.8|24.9|1963||54|01/01/2025|||YEAR_LAST_CONSTRUCTION
11200330000EB|24.9|25.0|1963||54|01/01/2025|||YEAR_LAST_CONSTRUCTION
11200330000EB|25.0|25.09|1963||54|01/01/2025|||YEAR_LAST_CONSTRUCTION
11200330000EB|25.09|25.1|1963||54|01/01/2025|||YEAR_LAST_CONSTRUCTION
11200330000EB|25.1|25.2|1963||54|01/01/2025|||YEAR_LAST_CONSTRUCTION
11200330000EB|25.2|25.3|1963||54|01/01/2025|||YEAR_LAST_CONSTRUCTION
11200330000EB|25.3|25.4|1963||54|01/01/2025|||YEAR_LAST_CONSTRUCTION
11200330000EB|25.4|25.5|1963||54|01/01/2025|||YEAR_LAST_CONSTRUCTION
11200330000EB|25.5|25.6|1963||54|01/01/2025|||YEAR_LAST_CONSTRUCTION
11200330000EB|25.6|25.7|1963||54|01/01/2025|||YEAR_LAST_CONSTRUCTION
11200330000EB|25.7|25.8|1963||54|01/01/2025|||YEAR_LAST_CONSTRUCTION
11200330000EB|25.8|25.9|1963||54|01/01/2025|||YEAR_LAST_CONSTRUCTION
11200330000EB|25.9|26.0|1963||54|01/01/2025|||YEAR_LAST_CONSTRUCTION
11200330000EB|26.0|26.1|1963||54|01/01/2025|||YEAR_LAST_CONSTRUCTION
11200330000EB|26.1|26.2|1963||54|01/01/2025|||YEAR_LAST_CONSTRUCTION
11200330000EB|26.2|26.3|1963||54|01/01/2025|||YEAR_LAST_CONSTRUCTION
11200330000EB|26.3|26.4|1963||54|01/01/2025|||YEAR_LAST_CONSTRUCTION
11200330000EB|26.4|26.5|1963||54|01/01/2025|||YEAR_LAST_CONSTRUCTION
11200330000EB|26.5|26.6|1963||54|01/01/2025|||YEAR_LAST_CONSTRUCTION
11200330000EB|26.6|26.7|1963||54|01/01/2025|||YEAR_LAST_CONSTRUCTION
11200330000EB|26.7|26.73|1963||54|01/01/2025|||YEAR_LAST_CONSTRUCTION
04200190000NB|26.57|26.6|1921||54|01/01/2025|||YEAR_LAST_CONSTRUCTION
04200190000NB|26.6|26.7|1921||54|01/01/2025|||YEAR_LAST_CONSTRUCTION
04200190000NB|26.7|26.8|1921||54|01/01/2025|||YEAR_LAST_CONSTRUCTION
04200190000NB|26.8|26.9|1921||54|01/01/2025|||YEAR_LAST_CONSTRUCTION
04200190000NB|26.9|27.0|1921||54|01/01/2025|||YEAR_LAST_CONSTRUCTION
04200190000NB|27.0|27.1|1921||54|01/01/2025|||YEAR_LAST_CONSTRUCTION
04200190000NB|27.1|27.2|1921||54|01/01/2025|||YEAR_LAST_CONSTRUCTION
04200190000NB|27.2|27.3|1921||54|01/01/2025|||YEAR_LAST_CONSTRUCTION
04200190000NB|27.3|27.4|1921||54|01/01/2025|||YEAR_LAST_CONSTRUCTION
04200190000NB|27.4|27.5|1921||54|01/01/2025|||YEAR_LAST_CONSTRUCTION
04200190000NB|27.5|27.56|1921||54|01/01/2025|||YEAR_LAST_CONSTRUCTION
04200190000NB|27.56|27.6|1921||54|01/01/2025|||YEAR_LAST_CONSTRUCTION
04200190000NB|27.6|27.64|1921||54|01/01/2025|||YEAR_LAST_CONSTRUCTION
01201190000NB|6.95|7.0|1921||54|01/01/2025|||YEAR_LAST_CONSTRUCTION
01201190000NB|7.0|7.1|1921||54|01/01/2025|||YEAR_LAST_CONSTRUCTION
01201190000NB|7.1|7.19|1921||54|01/01/2025|||YEAR_LAST_CONSTRUCTION
01201190000NB|7.19|7.2|1921||54|01/01/2025|||YEAR_LAST_CONSTRUCTION
01201190000NB|7.2|7.3|1921||54|01/01/2025|||YEAR_LAST_CONSTRUCTION
01201190000NB|7.3|7.4|1921||54|01/01/2025|||YEAR_LAST_CONSTRUCTION
01201190000NB|7.4|7.5|1921||54|01/01/2025|||YEAR_LAST_CONSTRUCTION
01201190000NB|7.5|7.6|1921||54|01/01/2025|||YEAR_LAST_CONSTRUCTION
01201190000NB|7.6|7.7|1921||54|01/01/2025|||YEAR_LAST_CONSTRUCTION
01201190000NB|7.7|7.8|1921||54|01/01/2025|||YEAR_LAST_CONSTRUCTION
01201190000NB|7.8|7.9|1921||54|01/01/2025|||YEAR_LAST_CONSTRUCTION
01201190000NB|7.9|8.0|1921||54|01/01/2025|||YEAR_LAST_CONSTRUCTION
01201190000NB|8.0|8.1|1921||54|01/01/2025|||YEAR_LAST_CONSTRUCTION
01201190000NB|8.1|8.2|1921||54|01/01/2025|||YEAR_LAST_CONSTRUCTION
01201190000NB|8.2|8.3|1921||54|01/01/2025|||YEAR_LAST_CONSTRUCTION
01201190000NB|8.3|8.4|1921||54|01/01/2025|||YEAR_LAST_CONSTRUCTION
01201190000NB|8.4|8.5|1921||54|01/01/2025|||YEAR_LAST_CONSTRUCTION
01201190000NB|8.5|8.6|1921||54|01/01/2025|||YEAR_LAST_CONSTRUCTION
01201190000NB|8.6|8.7|1921||54|01/01/2025|||YEAR_LAST_CONSTRUCTION
01201190000NB|8.7|8.8|1921||54|01/01/2025|||YEAR_LAST_CONSTRUCTION
01201190000NB|8.8|8.9|1921||54|01/01/2025|||YEAR_LAST_CONSTRUCTION
01201190000NB|8.9|9.0|1921||54|01/01/2025|||YEAR_LAST_CONSTRUCTION
01201190000NB|9.0|9.1|1921||54|01/01/2025|||YEAR_LAST_CONSTRUCTION
01201190000NB|9.1|9.2|1921||54|01/01/2025|||YEAR_LAST_CONSTRUCTION
01201190000NB|9.2|9.29|1921||54|01/01/2025|||YEAR_LAST_CONSTRUCTION
01201190000NB|10.66|10.7|1921||54|01/01/2025|||YEAR_LAST_CONSTRUCTION
01201190000NB|10.7|10.8|1921||54|01/01/2025|||YEAR_LAST_CONSTRUCTION
01201190000NB|10.8|10.9|1921||54|01/01/2025|||YEAR_LAST_CONSTRUCTION
01201190000NB|10.9|11.0|1921||54|01/01/2025|||YEAR_LAST_CONSTRUCTION
01201190000NB|11.0|11.1|1921||54|01/01/2025|||YEAR_LAST_CONSTRUCTION
01201190000NB|11.1|11.2|1921||54|01/01/2025|||YEAR_LAST_CONSTRUCTION
01201190000NB|11.2|11.3|1921||54|01/01/2025|||YEAR_LAST_CONSTRUCTION
01201190000NB|11.3|11.4|1921||54|01/01/2025|||YEAR_LAST_CONSTRUCTION
01201190000NB|11.4|11.5|1921||54|01/01/2025|||YEAR_LAST_CONSTRUCTION
2140015000000|2.36|2.45|1933||54|01/01/2025|||YEAR_LAST_CONSTRUCTION
2140015000000|2.45|2.74|1933||54|01/01/2025|||YEAR_LAST_CONSTRUCTION
2140015000000|2.74|4.01|1933||54|01/01/2025|||YEAR_LAST_CONSTRUCTION
0140030070000|0.0|0.92|1933||54|01/01/2025|||YEAR_LAST_CONSTRUCTION
0140030070000|0.92|2.0|1933||54|01/01/2025|||YEAR_LAST_CONSTRUCTION
04100790000NB|44.6|44.7|1967||54|01/01/2025|||YEAR_LAST_CONSTRUCTION
04100790000NB|44.7|44.8|1967||54|01/01/2025|||YEAR_LAST_CONSTRUCTION
04100790000NB|44.8|44.9|1967||54|01/01/2025|||YEAR_LAST_CONSTRUCTION
04100790000NB|44.9|45.0|1967||54|01/01/2025|||YEAR_LAST_CONSTRUCTION
04100790000NB|45.0|45.1|1967||54|01/01/2025|||YEAR_LAST_CONSTRUCTION
04100790000NB|45.1|45.2|1967||54|01/01/2025|||YEAR_LAST_CONSTRUCTION
04100790000NB|45.2|45.3|1967||54|01/01/2025|||YEAR_LAST_CONSTRUCTION
04100790000NB|45.3|45.4|1967||54|01/01/2025|||YEAR_LAST_CONSTRUCTION
04100790000NB|45.4|45.5|1967||54|01/01/2025|||YEAR_LAST_CONSTRUCTION
04100790000NB|45.5|45.6|1967||54|01/01/2025|||YEAR_LAST_CONSTRUCTION
04100790000NB|45.6|45.7|1967||54|01/01/2025|||YEAR_LAST_CONSTRUCTION
04100790000NB|45.7|45.8|1967||54|01/01/2025|||YEAR_LAST_CONSTRUCTION
04100790000NB|45.8|45.9|1967||54|01/01/2025|||YEAR_LAST_CONSTRUCTION
04100790000NB|45.9|46.0|1967||54|01/01/2025|||YEAR_LAST_CONSTRUCTION
04100790000NB|46.0|46.1|1967||54|01/01/2025|||YEAR_LAST_CONSTRUCTION
04100790000NB|46.1|46.18|1967||54|01/01/2025|||YEAR_LAST_CONSTRUCTION
04100790000NB|46.18|46.2|1967||54|01/01/2025|||YEAR_LAST_CONSTRUCTION
04100790000NB|46.2|46.22|1967||54|01/01/2025|||YEAR_LAST_CONSTRUCTION
04100790000NB|46.22|46.3|1967||54|01/01/2025|||YEAR_LAST_CONSTRUCTION
04100790000NB|46.3|46.4|1967||54|01/01/2025|||YEAR_LAST_CONSTRUCTION
04100790000NB|46.4|46.5|1967||54|01/01/2025|||YEAR_LAST_CONSTRUCTION
04100790000NB|46.5|46.6|1967||54|01/01/2025|||YEAR_LAST_CONSTRUCTION
04100790000NB|46.6|46.7|1967||54|01/01/2025|||YEAR_LAST_CONSTRUCTION
04100790000NB|46.7|46.8|1967||54|01/01/2025|||YEAR_LAST_CONSTRUCTION
04100790000NB|46.8|46.9|1967||54|01/01/2025|||YEAR_LAST_CONSTRUCTION
04100790000NB|46.9|47.0|1967||54|01/01/2025|||YEAR_LAST_CONSTRUCTION
04100790000NB|47.0|47.1|1967||54|01/01/2025|||YEAR_LAST_CONSTRUCTION
04100790000NB|47.1|47.2|1967||54|01/01/2025|||YEAR_LAST_CONSTRUCTION
04100790000NB|47.2|47.3|1967||54|01/01/2025|||YEAR_LAST_CONSTRUCTION
04100790000NB|47.3|47.4|1967||54|01/01/2025|||YEAR_LAST_CONSTRUCTION
04100790000NB|47.4|47.5|1967||54|01/01/2025|||YEAR_LAST_CONSTRUCTION
04100790000NB|47.5|47.6|1967||54|01/01/2025|||YEAR_LAST_CONSTRUCTION
04100790000NB|47.6|47.7|1967||54|01/01/2025|||YEAR_LAST_CONSTRUCTION
04100790000NB|47.7|47.8|1967||54|01/01/2025|||YEAR_LAST_CONSTRUCTION
04100790000NB|47.8|47.9|1967||54|01/01/2025|||YEAR_LAST_CONSTRUCTION
04100790000NB|47.9|48.0|1967||54|01/01/2025|||YEAR_LAST_CONSTRUCTION
04100790000NB|48.0|48.1|1967||54|01/01/2025|||YEAR_LAST_CONSTRUCTION
04100790000NB|48.1|48.2|1967||54|01/01/2025|||YEAR_LAST_CONSTRUCTION
04100790000NB|48.2|48.3|1967||54|01/01/2025|||YEAR_LAST_CONSTRUCTION
04100790000NB|48.3|48.4|1967||54|01/01/2025|||YEAR_LAST_CONSTRUCTION
04100790000NB|48.4|48.5|1967||54|01/01/2025|||YEAR_LAST_CONSTRUCTION
04100790000NB|48.5|48.6|1967||54|01/01/2025|||YEAR_LAST_CONSTRUCTION
04100790000NB|48.6|48.7|1967||54|01/01/2025|||YEAR_LAST_CONSTRUCTION
04100790000NB|48.7|48.8|1967||54|01/01/2025|||YEAR_LAST_CONSTRUCTION
04100790000NB|48.8|48.9|1967||54|01/01/2025|||YEAR_LAST_CONSTRUCTION
04100790000NB|48.9|49.0|1967||54|01/01/2025|||YEAR_LAST_CONSTRUCTION
04100790000NB|49.0|49.1|1967||54|01/01/2025|||YEAR_LAST_CONSTRUCTION
04100790000NB|49.1|49.2|1967||54|01/01/2025|||YEAR_LAST_CONSTRUCTION
04100790000NB|49.2|49.3|1967||54|01/01/2025|||YEAR_LAST_CONSTRUCTION
04100790000NB|49.3|49.4|1967||54|01/01/2025|||YEAR_LAST_CONSTRUCTION
04100790000NB|49.4|49.5|1967||54|01/01/2025|||YEAR_LAST_CONSTRUCTION
04100790000NB|49.5|49.6|1967||54|01/01/2025|||YEAR_LAST_CONSTRUCTION
04100790000NB|49.6|49.7|1967||54|01/01/2025|||YEAR_LAST_CONSTRUCTION
04100790000NB|49.7|49.73|1967||54|01/01/2025|||YEAR_LAST_CONSTRUCTION
04100790000NB|49.73|49.8|1967||54|01/01/2025|||YEAR_LAST_CONSTRUCTION
04100790000NB|49.8|49.9|1967||54|01/01/2025|||YEAR_LAST_CONSTRUCTION
04100790000NB|49.9|50.0|1967||54|01/01/2025|||YEAR_LAST_CONSTRUCTION
04100790000NB|50.0|50.1|1967||54|01/01/2025|||YEAR_LAST_CONSTRUCTION
04100790000NB|50.1|50.2|1967||54|01/01/2025|||YEAR_LAST_CONSTRUCTION
04100790000NB|50.2|50.3|1967||54|01/01/2025|||YEAR_LAST_CONSTRUCTION
04100790000NB|50.3|50.35|1967||54|01/01/2025|||YEAR_LAST_CONSTRUCTION
04100790000NB|50.35|50.4|1967||54|01/01/2025|||YEAR_LAST_CONSTRUCTION
04100790000NB|50.4|50.5|1967||54|01/01/2025|||YEAR_LAST_CONSTRUCTION
04100790000NB|50.5|50.6|1967||54|01/01/2025|||YEAR_LAST_CONSTRUCTION
04100790000NB|50.6|50.7|1967||54|01/01/2025|||YEAR_LAST_CONSTRUCTION
04100790000NB|50.7|50.8|1967||54|01/01/2025|||YEAR_LAST_CONSTRUCTION
04100790000NB|50.8|50.9|1967||54|01/01/2025|||YEAR_LAST_CONSTRUCTION
04100790000NB|50.9|51.0|1967||54|01/01/2025|||YEAR_LAST_CONSTRUCTION
04100790000NB|51.0|51.1|1967||54|01/01/2025|||YEAR_LAST_CONSTRUCTION
04100790000NB|51.1|51.2|1967||54|01/01/2025|||YEAR_LAST_CONSTRUCTION
04100790000NB|51.2|51.3|1967||54|01/01/2025|||YEAR_LAST_CONSTRUCTION
04100790000NB|51.3|51.4|1967||54|01/01/2025|||YEAR_LAST_CONSTRUCTION
04100790000NB|51.4|51.5|1967||54|01/01/2025|||YEAR_LAST_CONSTRUCTION
04100790000NB|51.5|51.6|1967||54|01/01/2025|||YEAR_LAST_CONSTRUCTION
04100790000NB|51.6|51.61|1967||54|01/01/2025|||YEAR_LAST_CONSTRUCTION
04100790000NB|51.61|51.7|1967||54|01/01/2025|||YEAR_LAST_CONSTRUCTION
04100790000NB|51.7|51.8|1967||54|01/01/2025|||YEAR_LAST_CONSTRUCTION
04100790000NB|51.8|51.9|1967||54|01/01/2025|||YEAR_LAST_CONSTRUCTION
04100790000NB|51.9|52.0|1967||54|01/01/2025|||YEAR_LAST_CONSTRUCTION
04100790000NB|52.0|52.1|1967||54|01/01/2025|||YEAR_LAST_CONSTRUCTION
04100790000NB|52.1|52.2|1967||54|01/01/2025|||YEAR_LAST_CONSTRUCTION
04100790000NB|52.2|52.3|1967||54|01/01/2025|||YEAR_LAST_CONSTRUCTION
04100790000NB|52.3|52.4|1967||54|01/01/2025|||YEAR_LAST_CONSTRUCTION
04100790000NB|52.4|52.5|1967||54|01/01/2025|||YEAR_LAST_CONSTRUCTION
04100790000NB|52.5|52.6|1967||54|01/01/2025|||YEAR_LAST_CONSTRUCTION
04100790000NB|52.6|52.61|1967||54|01/01/2025|||YEAR_LAST_CONSTRUCTION
04100790000NB|52.61|52.7|1967||54|01/01/2025|||YEAR_LAST_CONSTRUCTION
04100790000NB|52.7|52.8|1967||54|01/01/2025|||YEAR_LAST_CONSTRUCTION
04100790000NB|52.8|52.9|1967||54|01/01/2025|||YEAR_LAST_CONSTRUCTION
04100790000NB|52.9|53.0|1967||54|01/01/2025|||YEAR_LAST_CONSTRUCTION
04100790000NB|53.0|53.1|1967||54|01/01/2025|||YEAR_LAST_CONSTRUCTION
04100790000NB|53.1|53.2|1967||54|01/01/2025|||YEAR_LAST_CONSTRUCTION
04100790000NB|53.2|53.27|1967||54|01/01/2025|||YEAR_LAST_CONSTRUCTION
04100790000NB|53.27|53.3|1967||54|01/01/2025|||YEAR_LAST_CONSTRUCTION
04100790000NB|53.3|53.4|1967||54|01/01/2025|||YEAR_LAST_CONSTRUCTION
04100790000NB|53.4|53.5|1967||54|01/01/2025|||YEAR_LAST_CONSTRUCTION
04100790000NB|53.5|53.6|1967||54|01/01/2025|||YEAR_LAST_CONSTRUCTION
04100790000NB|53.6|53.7|1967||54|01/01/2025|||YEAR_LAST_CONSTRUCTION
04100790000NB|53.7|53.8|1967||54|01/01/2025|||YEAR_LAST_CONSTRUCTION
04100790000NB|53.8|53.9|1967||54|01/01/2025|||YEAR_LAST_CONSTRUCTION
04100790000NB|53.9|54.0|1967||54|01/01/2025|||YEAR_LAST_CONSTRUCTION
04100790000NB|54.0|54.1|1967||54|01/01/2025|||YEAR_LAST_CONSTRUCTION
04100790000NB|54.1|54.18|1967||54|01/01/2025|||YEAR_LAST_CONSTRUCTION
04100790000NB|54.18|54.2|1967||54|01/01/2025|||YEAR_LAST_CONSTRUCTION
04100790000NB|54.2|54.3|1967||54|01/01/2025|||YEAR_LAST_CONSTRUCTION
04100790000NB|54.3|54.4|1967||54|01/01/2025|||YEAR_LAST_CONSTRUCTION
04100790000NB|54.4|54.5|1967||54|01/01/2025|||YEAR_LAST_CONSTRUCTION
04100790000NB|54.5|54.6|1967||54|01/01/2025|||YEAR_LAST_CONSTRUCTION
04100790000NB|54.6|54.7|1967||54|01/01/2025|||YEAR_LAST_CONSTRUCTION
04100790000NB|54.7|54.8|1967||54|01/01/2025|||YEAR_LAST_CONSTRUCTION
04100790000NB|54.8|54.9|1967||54|01/01/2025|||YEAR_LAST_CONSTRUCTION
04100790000NB|54.9|55.0|1967||54|01/01/2025|||YEAR_LAST_CONSTRUCTION
04100790000NB|55.0|55.1|1967||54|01/01/2025|||YEAR_LAST_CONSTRUCTION
04100790000NB|55.1|55.2|1967||54|01/01/2025|||YEAR_LAST_CONSTRUCTION
04100790000NB|55.2|55.3|1967||54|01/01/2025|||YEAR_LAST_CONSTRUCTION
04100790000NB|55.3|55.4|1967||54|01/01/2025|||YEAR_LAST_CONSTRUCTION
04100790000NB|55.4|55.5|1967||54|01/01/2025|||YEAR_LAST_CONSTRUCTION
04100790000NB|55.5|55.6|1967||54|01/01/2025|||YEAR_LAST_CONSTRUCTION
04100790000NB|55.6|55.7|1967||54|01/01/2025|||YEAR_LAST_CONSTRUCTION
04100790000NB|55.7|55.8|1967||54|01/01/2025|||YEAR_LAST_CONSTRUCTION
04100790000NB|55.8|55.9|1967||54|01/01/2025|||YEAR_LAST_CONSTRUCTION
04100790000NB|55.9|56.0|1967||54|01/01/2025|||YEAR_LAST_CONSTRUCTION
04100790000NB|56.0|56.1|1967||54|01/01/2025|||YEAR_LAST_CONSTRUCTION
04100790000NB|56.1|56.2|1967||54|01/01/2025|||YEAR_LAST_CONSTRUCTION
04100790000NB|56.2|56.3|1967||54|01/01/2025|||YEAR_LAST_CONSTRUCTION
04100790000NB|56.3|56.4|1967||54|01/01/2025|||YEAR_LAST_CONSTRUCTION
04100790000NB|56.4|56.5|1967||54|01/01/2025|||YEAR_LAST_CONSTRUCTION
04100790000NB|56.5|56.6|1967||54|01/01/2025|||YEAR_LAST_CONSTRUCTION
04100790000NB|56.6|56.7|1967||54|01/01/2025|||YEAR_LAST_CONSTRUCTION
04100790000NB|56.7|56.8|1967||54|01/01/2025|||YEAR_LAST_CONSTRUCTION
04100790000NB|56.8|56.9|1967||54|01/01/2025|||YEAR_LAST_CONSTRUCTION
04100790000NB|56.9|57.0|1967||54|01/01/2025|||YEAR_LAST_CONSTRUCTION
04100790000NB|57.0|57.1|1967||54|01/01/2025|||YEAR_LAST_CONSTRUCTION
04100790000NB|57.1|57.2|1967||54|01/01/2025|||YEAR_LAST_CONSTRUCTION
04100790000NB|57.2|57.3|1967||54|01/01/2025|||YEAR_LAST_CONSTRUCTION
04100790000NB|57.3|57.4|1967||54|01/01/2025|||YEAR_LAST_CONSTRUCTION
04100790000NB|57.4|57.5|1967||54|01/01/2025|||YEAR_LAST_CONSTRUCTION
04100790000NB|57.5|57.51|1967||54|01/01/2025|||YEAR_LAST_CONSTRUCTION
04100790000NB|57.51|57.6|1967||54|01/01/2025|||YEAR_LAST_CONSTRUCTION
04100790000NB|57.6|57.7|1967||54|01/01/2025|||YEAR_LAST_CONSTRUCTION
04100790000NB|57.7|57.8|1967||54|01/01/2025|||YEAR_LAST_CONSTRUCTION
04100790000NB|57.8|57.9|1967||54|01/01/2025|||YEAR_LAST_CONSTRUCTION
04100790000NB|57.9|58.0|1967||54|01/01/2025|||YEAR_LAST_CONSTRUCTION
04100790000NB|58.0|58.1|1967||54|01/01/2025|||YEAR_LAST_CONSTRUCTION
04100790000NB|58.1|58.2|1967||54|01/01/2025|||YEAR_LAST_CONSTRUCTION
04100790000NB|58.2|58.3|1967||54|01/01/2025|||YEAR_LAST_CONSTRUCTION
04100790000NB|58.3|58.4|1967||54|01/01/2025|||YEAR_LAST_CONSTRUCTION
04100790000NB|58.4|58.5|1967||54|01/01/2025|||YEAR_LAST_CONSTRUCTION
04100790000NB|58.5|58.6|1967||54|01/01/2025|||YEAR_LAST_CONSTRUCTION
04100790000NB|58.6|58.7|1967||54|01/01/2025|||YEAR_LAST_CONSTRUCTION
04100790000NB|58.7|58.8|1967||54|01/01/2025|||YEAR_LAST_CONSTRUCTION
04100790000NB|58.8|58.9|1967||54|01/01/2025|||YEAR_LAST_CONSTRUCTION
04100790000NB|58.9|59.0|1967||54|01/01/2025|||YEAR_LAST_CONSTRUCTION
04100790000NB|59.0|59.1|1967||54|01/01/2025|||YEAR_LAST_CONSTRUCTION
04100790000NB|59.1|59.2|1967||54|01/01/2025|||YEAR_LAST_CONSTRUCTION
04100790000NB|59.2|59.3|1967||54|01/01/2025|||YEAR_LAST_CONSTRUCTION
04100790000NB|59.3|59.4|1967||54|01/01/2025|||YEAR_LAST_CONSTRUCTION
04100790000NB|59.4|59.5|1967||54|01/01/2025|||YEAR_LAST_CONSTRUCTION
04100790000NB|59.5|59.6|1967||54|01/01/2025|||YEAR_LAST_CONSTRUCTION
04100790000NB|59.6|59.7|1967||54|01/01/2025|||YEAR_LAST_CONSTRUCTION
04100790000NB|59.7|59.8|1967||54|01/01/2025|||YEAR_LAST_CONSTRUCTION
04100790000NB|59.8|59.9|1967||54|01/01/2025|||YEAR_LAST_CONSTRUCTION
04100790000NB|59.9|60.0|1967||54|01/01/2025|||YEAR_LAST_CONSTRUCTION
04100790000NB|60.0|60.1|1967||54|01/01/2025|||YEAR_LAST_CONSTRUCTION
04100790000NB|60.1|60.2|1967||54|01/01/2025|||YEAR_LAST_CONSTRUCTION
04100790000NB|60.2|60.3|1967||54|01/01/2025|||YEAR_LAST_CONSTRUCTION
04100790000NB|60.3|60.4|1967||54|01/01/2025|||YEAR_LAST_CONSTRUCTION
04100790000NB|60.4|60.5|1967||54|01/01/2025|||YEAR_LAST_CONSTRUCTION
04100790000NB|60.5|60.6|1967||54|01/01/2025|||YEAR_LAST_CONSTRUCTION
04100790000NB|60.6|60.7|1967||54|01/01/2025|||YEAR_LAST_CONSTRUCTION
04100790000NB|60.7|60.8|1967||54|01/01/2025|||YEAR_LAST_CONSTRUCTION
04100790000NB|60.8|60.9|1967||54|01/01/2025|||YEAR_LAST_CONSTRUCTION
04100790000NB|60.9|61.0|1967||54|01/01/2025|||YEAR_LAST_CONSTRUCTION
04100790000NB|61.0|61.1|1967||54|01/01/2025|||YEAR_LAST_CONSTRUCTION
04100790000NB|61.1|61.2|1967||54|01/01/2025|||YEAR_LAST_CONSTRUCTION
04100790000NB|61.2|61.3|1967||54|01/01/2025|||YEAR_LAST_CONSTRUCTION
04100790000NB|61.3|61.4|1967||54|01/01/2025|||YEAR_LAST_CONSTRUCTION
04100790000NB|61.4|61.47|1967||54|01/01/2025|||YEAR_LAST_CONSTRUCTION
04100790000NB|61.47|61.5|1967||54|01/01/2025|||YEAR_LAST_CONSTRUCTION
04100790000NB|61.5|61.6|1967||54|01/01/2025|||YEAR_LAST_CONSTRUCTION
04100790000NB|61.6|61.7|1967||54|01/01/2025|||YEAR_LAST_CONSTRUCTION
04100790000NB|61.7|61.8|1967||54|01/01/2025|||YEAR_LAST_CONSTRUCTION
04100790000NB|61.8|61.9|1967||54|01/01/2025|||YEAR_LAST_CONSTRUCTION
04100790000NB|61.9|62.0|1967||54|01/01/2025|||YEAR_LAST_CONSTRUCTION
04100790000NB|62.0|62.04|1967||54|01/01/2025|||YEAR_LAST_CONSTRUCTION
04100790000NB|62.04|62.1|1967||54|01/01/2025|||YEAR_LAST_CONSTRUCTION
04100790000NB|62.1|62.2|1967||54|01/01/2025|||YEAR_LAST_CONSTRUCTION
04100790000NB|62.2|62.3|1967||54|01/01/2025|||YEAR_LAST_CONSTRUCTION
04100790000NB|62.3|62.4|1967||54|01/01/2025|||YEAR_LAST_CONSTRUCTION
04100790000NB|62.4|62.5|1967||54|01/01/2025|||YEAR_LAST_CONSTRUCTION
04100790000NB|62.5|62.6|1967||54|01/01/2025|||YEAR_LAST_CONSTRUCTION
04100790000NB|62.6|62.7|1967||54|01/01/2025|||YEAR_LAST_CONSTRUCTION
04100790000NB|62.7|62.8|1967||54|01/01/2025|||YEAR_LAST_CONSTRUCTION
04100790000NB|62.8|62.9|1967||54|01/01/2025|||YEAR_LAST_CONSTRUCTION
04100790000NB|62.9|63.0|1967||54|01/01/2025|||YEAR_LAST_CONSTRUCTION
04100790000NB|63.0|63.1|1967||54|01/01/2025|||YEAR_LAST_CONSTRUCTION
04100790000NB|63.1|63.2|1967||54|01/01/2025|||YEAR_LAST_CONSTRUCTION
04100790000NB|63.2|63.3|1967||54|01/01/2025|||YEAR_LAST_CONSTRUCTION
04100790000NB|63.3|63.4|1967||54|01/01/2025|||YEAR_LAST_CONSTRUCTION
04100790000NB|63.4|63.46|1967||54|01/01/2025|||YEAR_LAST_CONSTRUCTION
04100790000NB|63.46|63.5|1967||54|01/01/2025|||YEAR_LAST_CONSTRUCTION
04100790000NB|63.5|63.6|1967||54|01/01/2025|||YEAR_LAST_CONSTRUCTION
04100790000NB|63.6|63.7|1967||54|01/01/2025|||YEAR_LAST_CONSTRUCTION
04100790000NB|63.7|63.8|1967||54|01/01/2025|||YEAR_LAST_CONSTRUCTION
04100790000NB|63.8|63.9|1967||54|01/01/2025|||YEAR_LAST_CONSTRUCTION
04100790000NB|63.9|64.0|1967||54|01/01/2025|||YEAR_LAST_CONSTRUCTION
04100790000NB|64.0|64.1|1967||54|01/01/2025|||YEAR_LAST_CONSTRUCTION
04100790000NB|64.1|64.2|1967||54|01/01/2025|||YEAR_LAST_CONSTRUCTION
04100790000NB|64.2|64.3|1967||54|01/01/2025|||YEAR_LAST_CONSTRUCTION
04100790000NB|64.3|64.4|1967||54|01/01/2025|||YEAR_LAST_CONSTRUCTION
04100790000NB|64.4|64.5|1967||54|01/01/2025|||YEAR_LAST_CONSTRUCTION
04100790000NB|64.5|64.6|1967||54|01/01/2025|||YEAR_LAST_CONSTRUCTION
04100790000NB|64.6|64.7|1967||54|01/01/2025|||YEAR_LAST_CONSTRUCTION
04100790000NB|64.7|64.8|1967||54|01/01/2025|||YEAR_LAST_CONSTRUCTION
04100790000NB|64.8|64.83|1967||54|01/01/2025|||YEAR_LAST_CONSTRUCTION
04100790000NB|64.83|64.9|1967||54|01/01/2025|||YEAR_LAST_CONSTRUCTION
04100790000NB|64.9|65.0|1967||54|01/01/2025|||YEAR_LAST_CONSTRUCTION
04100790000NB|65.0|65.1|1967||54|01/01/2025|||YEAR_LAST_CONSTRUCTION
04100790000NB|65.1|65.2|1967||54|01/01/2025|||YEAR_LAST_CONSTRUCTION
04100790000NB|65.2|65.3|1967||54|01/01/2025|||YEAR_LAST_CONSTRUCTION
04100790000NB|65.3|65.4|1967||54|01/01/2025|||YEAR_LAST_CONSTRUCTION
04100790000NB|65.4|65.5|1967||54|01/01/2025|||YEAR_LAST_CONSTRUCTION
04100790000NB|65.5|65.6|1967||54|01/01/2025|||YEAR_LAST_CONSTRUCTION
04100790000NB|65.6|65.7|1967||54|01/01/2025|||YEAR_LAST_CONSTRUCTION
04100790000NB|65.7|65.8|1967||54|01/01/2025|||YEAR_LAST_CONSTRUCTION
04100790000NB|65.8|65.9|1967||54|01/01/2025|||YEAR_LAST_CONSTRUCTION
04100790000NB|65.9|66.0|1967||54|01/01/2025|||YEAR_LAST_CONSTRUCTION
04100790000NB|66.0|66.1|1967||54|01/01/2025|||YEAR_LAST_CONSTRUCTION
04100790000NB|66.1|66.2|1967||54|01/01/2025|||YEAR_LAST_CONSTRUCTION
04100790000NB|66.2|66.3|1967||54|01/01/2025|||YEAR_LAST_CONSTRUCTION
04100790000NB|66.3|66.4|1967||54|01/01/2025|||YEAR_LAST_CONSTRUCTION
04100790000NB|66.4|66.5|1967||54|01/01/2025|||YEAR_LAST_CONSTRUCTION
04100790000NB|66.5|66.6|1967||54|01/01/2025|||YEAR_LAST_CONSTRUCTION
04100790000NB|66.6|66.7|1967||54|01/01/2025|||YEAR_LAST_CONSTRUCTION
04100790000NB|66.7|66.8|1967||54|01/01/2025|||YEAR_LAST_CONSTRUCTION
04100790000NB|66.8|66.9|1967||54|01/01/2025|||YEAR_LAST_CONSTRUCTION
04100790000NB|66.9|67.0|1967||54|01/01/2025|||YEAR_LAST_CONSTRUCTION
04100790000NB|67.0|67.1|1967||54|01/01/2025|||YEAR_LAST_CONSTRUCTION
04100790000NB|67.1|67.2|1967||54|01/01/2025|||YEAR_LAST_CONSTRUCTION
04100790000NB|67.2|67.3|1967||54|01/01/2025|||YEAR_LAST_CONSTRUCTION
04100790000NB|67.3|67.4|1967||54|01/01/2025|||YEAR_LAST_CONSTRUCTION
04100790000NB|67.4|67.5|1967||54|01/01/2025|||YEAR_LAST_CONSTRUCTION
04100790000NB|67.5|67.52|1967||54|01/01/2025|||YEAR_LAST_CONSTRUCTION
04100790000NB|67.52|67.6|1967||54|01/01/2025|||YEAR_LAST_CONSTRUCTION
04100790000NB|67.6|67.7|1967||54|01/01/2025|||YEAR_LAST_CONSTRUCTION
04100790000NB|67.7|67.8|1967||54|01/01/2025|||YEAR_LAST_CONSTRUCTION
04100790000NB|67.8|67.9|1967||54|01/01/2025|||YEAR_LAST_CONSTRUCTION
04100790000NB|67.9|68.0|1967||54|01/01/2025|||YEAR_LAST_CONSTRUCTION
04100790000NB|68.0|68.1|1967||54|01/01/2025|||YEAR_LAST_CONSTRUCTION
04100790000NB|68.1|68.2|1967||54|01/01/2025|||YEAR_LAST_CONSTRUCTION
04100790000NB|68.2|68.3|1967||54|01/01/2025|||YEAR_LAST_CONSTRUCTION
04100790000NB|68.3|68.4|1967||54|01/01/2025|||YEAR_LAST_CONSTRUCTION
04100790000NB|68.4|68.5|1967||54|01/01/2025|||YEAR_LAST_CONSTRUCTION
04100790000NB|68.5|68.6|1967||54|01/01/2025|||YEAR_LAST_CONSTRUCTION
04100790000NB|68.6|68.7|1967||54|01/01/2025|||YEAR_LAST_CONSTRUCTION
04100790000NB|68.7|68.8|1967||54|01/01/2025|||YEAR_LAST_CONSTRUCTION
04100790000NB|68.8|68.9|1967||54|01/01/2025|||YEAR_LAST_CONSTRUCTION
04100790000NB|68.9|69.0|1967||54|01/01/2025|||YEAR_LAST_CONSTRUCTION
04100790000NB|69.0|69.1|1967||54|01/01/2025|||YEAR_LAST_CONSTRUCTION
04100790000NB|69.1|69.2|1967||54|01/01/2025|||YEAR_LAST_CONSTRUCTION
04100790000NB|69.2|69.3|1967||54|01/01/2025|||YEAR_LAST_CONSTRUCTION
04100790000NB|69.3|69.32|1967||54|01/01/2025|||YEAR_LAST_CONSTRUCTION
04100790000NB|69.32|69.4|1967||54|01/01/2025|||YEAR_LAST_CONSTRUCTION
04100790000NB|69.4|69.5|1967||54|01/01/2025|||YEAR_LAST_CONSTRUCTION
04100790000NB|69.5|69.6|1967||54|01/01/2025|||YEAR_LAST_CONSTRUCTION
04100790000NB|69.6|69.7|1967||54|01/01/2025|||YEAR_LAST_CONSTRUCTION
04100790000NB|69.7|69.8|1967||54|01/01/2025|||YEAR_LAST_CONSTRUCTION
04100790000NB|69.8|69.9|1967||54|01/01/2025|||YEAR_LAST_CONSTRUCTION
04100790000NB|69.9|70.0|1967||54|01/01/2025|||YEAR_LAST_CONSTRUCTION
04100790000NB|70.0|70.1|1967||54|01/01/2025|||YEAR_LAST_CONSTRUCTION
04100790000NB|70.1|70.2|1967||54|01/01/2025|||YEAR_LAST_CONSTRUCTION
04100790000NB|70.2|70.3|1967||54|01/01/2025|||YEAR_LAST_CONSTRUCTION
04100790000NB|70.3|70.4|1967||54|01/01/2025|||YEAR_LAST_CONSTRUCTION
04100790000NB|70.4|70.5|1967||54|01/01/2025|||YEAR_LAST_CONSTRUCTION
04100790000NB|70.5|70.6|1967||54|01/01/2025|||YEAR_LAST_CONSTRUCTION
04100790000NB|70.6|70.7|1967||54|01/01/2025|||YEAR_LAST_CONSTRUCTION
04100790000NB|70.7|70.8|1967||54|01/01/2025|||YEAR_LAST_CONSTRUCTION
04100790000NB|70.8|70.83|1967||54|01/01/2025|||YEAR_LAST_CONSTRUCTION
04100790000NB|70.83|70.9|1967||54|01/01/2025|||YEAR_LAST_CONSTRUCTION
04100790000NB|70.9|71.0|1967||54|01/01/2025|||YEAR_LAST_CONSTRUCTION
04100790000NB|71.0|71.1|1967||54|01/01/2025|||YEAR_LAST_CONSTRUCTION
04100790000NB|71.1|71.2|1967||54|01/01/2025|||YEAR_LAST_CONSTRUCTION
04100790000NB|71.2|71.3|1967||54|01/01/2025|||YEAR_LAST_CONSTRUCTION
04100790000NB|71.3|71.4|1967||54|01/01/2025|||YEAR_LAST_CONSTRUCTION
04100790000NB|71.4|71.5|1967||54|01/01/2025|||YEAR_LAST_CONSTRUCTION
04100790000NB|71.5|71.6|1967||54|01/01/2025|||YEAR_LAST_CONSTRUCTION
04100790000NB|71.6|71.7|1967||54|01/01/2025|||YEAR_LAST_CONSTRUCTION
04100790000NB|71.7|71.8|1967||54|01/01/2025|||YEAR_LAST_CONSTRUCTION
04100790000NB|71.8|71.9|1967||54|01/01/2025|||YEAR_LAST_CONSTRUCTION
04100790000NB|71.9|72.0|1967||54|01/01/2025|||YEAR_LAST_CONSTRUCTION
04100790000NB|72.0|72.1|1967||54|01/01/2025|||YEAR_LAST_CONSTRUCTION
04100790000NB|72.1|72.2|1967||54|01/01/2025|||YEAR_LAST_CONSTRUCTION
04100790000NB|72.2|72.3|1967||54|01/01/2025|||YEAR_LAST_CONSTRUCTION
04100790000NB|72.3|72.4|1967||54|01/01/2025|||YEAR_LAST_CONSTRUCTION
04100790000NB|72.4|72.5|1967||54|01/01/2025|||YEAR_LAST_CONSTRUCTION
04100790000NB|72.5|72.6|1967||54|01/01/2025|||YEAR_LAST_CONSTRUCTION
04100790000NB|72.6|72.7|1967||54|01/01/2025|||YEAR_LAST_CONSTRUCTION
04100790000NB|72.7|72.8|1967||54|01/01/2025|||YEAR_LAST_CONSTRUCTION
04100790000NB|72.8|72.9|1967||54|01/01/2025|||YEAR_LAST_CONSTRUCTION
04100790000NB|72.9|73.0|1967||54|01/01/2025|||YEAR_LAST_CONSTRUCTION
04100790000NB|73.0|73.1|1967||54|01/01/2025|||YEAR_LAST_CONSTRUCTION
04100790000NB|73.1|73.2|1967||54|01/01/2025|||YEAR_LAST_CONSTRUCTION
04100790000NB|73.2|73.3|1967||54|01/01/2025|||YEAR_LAST_CONSTRUCTION
04100790000NB|73.3|73.4|1967||54|01/01/2025|||YEAR_LAST_CONSTRUCTION
04100790000NB|73.4|73.5|1967||54|01/01/2025|||YEAR_LAST_CONSTRUCTION
04100790000NB|73.5|73.6|1967||54|01/01/2025|||YEAR_LAST_CONSTRUCTION
04100790000NB|73.6|73.7|1967||54|01/01/2025|||YEAR_LAST_CONSTRUCTION
04100790000NB|73.7|73.8|1967||54|01/01/2025|||YEAR_LAST_CONSTRUCTION
04100790000NB|73.8|73.9|1967||54|01/01/2025|||YEAR_LAST_CONSTRUCTION
04100790000NB|73.9|74.0|1967||54|01/01/2025|||YEAR_LAST_CONSTRUCTION
04100790000NB|74.0|74.1|1967||54|01/01/2025|||YEAR_LAST_CONSTRUCTION
04100790000NB|74.1|74.2|1967||54|01/01/2025|||YEAR_LAST_CONSTRUCTION
04100790000NB|74.2|74.3|1967||54|01/01/2025|||YEAR_LAST_CONSTRUCTION
04100790000NB|74.3|74.4|1967||54|01/01/2025|||YEAR_LAST_CONSTRUCTION
04100790000NB|74.4|74.5|1967||54|01/01/2025|||YEAR_LAST_CONSTRUCTION
04100790000NB|74.5|74.6|1967||54|01/01/2025|||YEAR_LAST_CONSTRUCTION
04100790000NB|74.6|74.7|1967||54|01/01/2025|||YEAR_LAST_CONSTRUCTION
04100790000NB|74.7|74.8|1967||54|01/01/2025|||YEAR_LAST_CONSTRUCTION
04100790000NB|74.8|74.9|1967||54|01/01/2025|||YEAR_LAST_CONSTRUCTION
04100790000NB|74.9|75.0|1967||54|01/01/2025|||YEAR_LAST_CONSTRUCTION
04100790000NB|75.0|75.1|1967||54|01/01/2025|||YEAR_LAST_CONSTRUCTION
04100790000NB|75.1|75.2|1967||54|01/01/2025|||YEAR_LAST_CONSTRUCTION
04100790000NB|75.2|75.3|1967||54|01/01/2025|||YEAR_LAST_CONSTRUCTION
04100790000NB|75.3|75.4|1967||54|01/01/2025|||YEAR_LAST_CONSTRUCTION
04100790000NB|75.4|75.5|1967||54|01/01/2025|||YEAR_LAST_CONSTRUCTION
04100790000NB|75.5|75.6|1967||54|01/01/2025|||YEAR_LAST_CONSTRUCTION
04100790000NB|75.6|75.7|1967||54|01/01/2025|||YEAR_LAST_CONSTRUCTION
04100790000NB|75.7|75.8|1967||54|01/01/2025|||YEAR_LAST_CONSTRUCTION
04100790000NB|75.8|75.9|1967||54|01/01/2025|||YEAR_LAST_CONSTRUCTION
04100790000NB|75.9|76.0|1967||54|01/01/2025|||YEAR_LAST_CONSTRUCTION
04100790000NB|76.0|76.1|1967||54|01/01/2025|||YEAR_LAST_CONSTRUCTION
04100790000NB|76.1|76.2|1967||54|01/01/2025|||YEAR_LAST_CONSTRUCTION
04100790000NB|76.2|76.3|1967||54|01/01/2025|||YEAR_LAST_CONSTRUCTION
04100790000NB|76.3|76.4|1967||54|01/01/2025|||YEAR_LAST_CONSTRUCTION
04100790000NB|76.4|76.5|1967||54|01/01/2025|||YEAR_LAST_CONSTRUCTION
04100790000NB|76.5|76.6|1967||54|01/01/2025|||YEAR_LAST_CONSTRUCTION
04100790000NB|76.6|76.7|1967||54|01/01/2025|||YEAR_LAST_CONSTRUCTION
04100790000NB|76.7|76.8|1967||54|01/01/2025|||YEAR_LAST_CONSTRUCTION
04100790000NB|76.8|76.9|1967||54|01/01/2025|||YEAR_LAST_CONSTRUCTION
04100790000NB|76.9|77.0|1967||54|01/01/2025|||YEAR_LAST_CONSTRUCTION
04100790000NB|77.0|77.1|1967||54|01/01/2025|||YEAR_LAST_CONSTRUCTION
04100790000NB|77.1|77.2|1967||54|01/01/2025|||YEAR_LAST_CONSTRUCTION
04100790000NB|77.2|77.3|1967||54|01/01/2025|||YEAR_LAST_CONSTRUCTION
04100790000NB|77.3|77.4|1967||54|01/01/2025|||YEAR_LAST_CONSTRUCTION
04100790000NB|77.4|77.5|1967||54|01/01/2025|||YEAR_LAST_CONSTRUCTION
04100790000NB|77.5|77.6|1967||54|01/01/2025|||YEAR_LAST_CONSTRUCTION
04100790000NB|77.6|77.7|1967||54|01/01/2025|||YEAR_LAST_CONSTRUCTION
04100790000NB|77.7|77.8|1967||54|01/01/2025|||YEAR_LAST_CONSTRUCTION
04100790000NB|77.8|77.9|1967||54|01/01/2025|||YEAR_LAST_CONSTRUCTION
04100790000NB|77.9|78.0|1967||54|01/01/2025|||YEAR_LAST_CONSTRUCTION
04100790000NB|78.0|78.1|1967||54|01/01/2025|||YEAR_LAST_CONSTRUCTION
04100790000NB|78.1|78.2|1967||54|01/01/2025|||YEAR_LAST_CONSTRUCTION
04100790000NB|78.2|78.3|1967||54|01/01/2025|||YEAR_LAST_CONSTRUCTION
04100790000NB|78.3|78.4|1967||54|01/01/2025|||YEAR_LAST_CONSTRUCTION
04100790000NB|78.4|78.41|1967||54|01/01/2025|||YEAR_LAST_CONSTRUCTION
04100790000NB|78.41|78.5|1967||54|01/01/2025|||YEAR_LAST_CONSTRUCTION
04100790000NB|78.5|78.6|1967||54|01/01/2025|||YEAR_LAST_CONSTRUCTION
04100790000NB|78.6|78.7|1967||54|01/01/2025|||YEAR_LAST_CONSTRUCTION
04100790000NB|78.7|78.8|1967||54|01/01/2025|||YEAR_LAST_CONSTRUCTION
04100790000NB|78.8|78.9|1967||54|01/01/2025|||YEAR_LAST_CONSTRUCTION
04100790000NB|78.9|79.0|1967||54|01/01/2025|||YEAR_LAST_CONSTRUCTION
04100790000NB|79.0|79.08|1967||54|01/01/2025|||YEAR_LAST_CONSTRUCTION
04100790000NB|79.08|79.1|1967||54|01/01/2025|||YEAR_LAST_CONSTRUCTION
04100790000NB|79.1|79.2|1967||54|01/01/2025|||YEAR_LAST_CONSTRUCTION
04100790000NB|79.2|79.3|1967||54|01/01/2025|||YEAR_LAST_CONSTRUCTION
04100790000NB|79.3|79.4|1967||54|01/01/2025|||YEAR_LAST_CONSTRUCTION
04100790000NB|79.4|79.5|1967||54|01/01/2025|||YEAR_LAST_CONSTRUCTION
04100790000NB|79.5|79.6|1967||54|01/01/2025|||YEAR_LAST_CONSTRUCTION
04100790000NB|79.6|79.7|1967||54|01/01/2025|||YEAR_LAST_CONSTRUCTION
04100790000NB|79.7|79.8|1967||54|01/01/2025|||YEAR_LAST_CONSTRUCTION
04100790000NB|79.8|79.9|1967||54|01/01/2025|||YEAR_LAST_CONSTRUCTION
04100790000NB|79.9|80.0|1967||54|01/01/2025|||YEAR_LAST_CONSTRUCTION
04100790000NB|80.0|80.1|1967||54|01/01/2025|||YEAR_LAST_CONSTRUCTION
04100790000NB|80.1|80.2|1967||54|01/01/2025|||YEAR_LAST_CONSTRUCTION
04100790000NB|80.2|80.3|1967||54|01/01/2025|||YEAR_LAST_CONSTRUCTION
04100790000NB|80.3|80.4|1967||54|01/01/2025|||YEAR_LAST_CONSTRUCTION
04100790000NB|80.4|80.5|1967||54|01/01/2025|||YEAR_LAST_CONSTRUCTION
04100790000NB|80.5|80.6|1967||54|01/01/2025|||YEAR_LAST_CONSTRUCTION
04100790000NB|80.6|80.7|1967||54|01/01/2025|||YEAR_LAST_CONSTRUCTION
04100790000NB|80.7|80.8|1967||54|01/01/2025|||YEAR_LAST_CONSTRUCTION
04100790000NB|80.8|80.9|1967||54|01/01/2025|||YEAR_LAST_CONSTRUCTION
04100790000NB|80.9|81.0|1967||54|01/01/2025|||YEAR_LAST_CONSTRUCTION
04100790000NB|81.0|81.1|1967||54|01/01/2025|||YEAR_LAST_CONSTRUCTION
04100790000NB|81.1|81.2|1967||54|01/01/2025|||YEAR_LAST_CONSTRUCTION
04100790000NB|81.2|81.3|1967||54|01/01/2025|||YEAR_LAST_CONSTRUCTION
04100790000NB|81.3|81.4|1967||54|01/01/2025|||YEAR_LAST_CONSTRUCTION
04100790000NB|81.4|81.5|1967||54|01/01/2025|||YEAR_LAST_CONSTRUCTION
04100790000NB|81.5|81.6|1967||54|01/01/2025|||YEAR_LAST_CONSTRUCTION
04100790000NB|81.6|81.7|1967||54|01/01/2025|||YEAR_LAST_CONSTRUCTION
04100790000NB|81.7|81.8|1967||54|01/01/2025|||YEAR_LAST_CONSTRUCTION
04100790000NB|81.8|81.9|1967||54|01/01/2025|||YEAR_LAST_CONSTRUCTION
04100790000NB|81.9|82.0|1967||54|01/01/2025|||YEAR_LAST_CONSTRUCTION
04100790000NB|82.0|82.1|1967||54|01/01/2025|||YEAR_LAST_CONSTRUCTION
04100790000NB|82.1|82.2|1967||54|01/01/2025|||YEAR_LAST_CONSTRUCTION
04100790000NB|82.2|82.3|1967||54|01/01/2025|||YEAR_LAST_CONSTRUCTION
04100790000NB|82.3|82.4|1967||54|01/01/2025|||YEAR_LAST_CONSTRUCTION
04100790000NB|82.4|82.5|1967||54|01/01/2025|||YEAR_LAST_CONSTRUCTION
04100790000NB|82.5|82.6|1967||54|01/01/2025|||YEAR_LAST_CONSTRUCTION
04100790000NB|82.6|82.7|1967||54|01/01/2025|||YEAR_LAST_CONSTRUCTION
04100790000NB|82.7|82.8|1967||54|01/01/2025|||YEAR_LAST_CONSTRUCTION
04100790000NB|82.8|82.9|1967||54|01/01/2025|||YEAR_LAST_CONSTRUCTION
04100790000NB|82.9|83.0|1967||54|01/01/2025|||YEAR_LAST_CONSTRUCTION
04100790000NB|83.0|83.1|1967||54|01/01/2025|||YEAR_LAST_CONSTRUCTION
04100790000NB|83.1|83.15|1967||54|01/01/2025|||YEAR_LAST_CONSTRUCTION
0140024000000|1.64|2.79|1933||54|01/01/2025|||YEAR_LAST_CONSTRUCTION
0140024000000|2.79|4.74|1933||54|01/01/2025|||YEAR_LAST_CONSTRUCTION
5140003000000|8.08|10.38|1933||54|01/01/2025|||YEAR_LAST_CONSTRUCTION
0140010000000|7.41|8.63|1933||54|01/01/2025|||YEAR_LAST_CONSTRUCTION
21200190000NB|22.37|22.4|1921||54|01/01/2025|||YEAR_LAST_CONSTRUCTION
21200190000NB|22.4|22.5|1921||54|01/01/2025|||YEAR_LAST_CONSTRUCTION
21200190000NB|22.5|22.58|1921||54|01/01/2025|||YEAR_LAST_CONSTRUCTION
21200190000NB|22.72|22.8|1921||54|01/01/2025|||YEAR_LAST_CONSTRUCTION
21200190000NB|22.8|22.9|1921||54|01/01/2025|||YEAR_LAST_CONSTRUCTION
21200190000NB|22.9|23.0|1921||54|01/01/2025|||YEAR_LAST_CONSTRUCTION
21200190000NB|23.0|23.1|1921||54|01/01/2025|||YEAR_LAST_CONSTRUCTION
21200190000NB|23.1|23.2|1921||54|01/01/2025|||YEAR_LAST_CONSTRUCTION
21200190000NB|23.2|23.3|1921||54|01/01/2025|||YEAR_LAST_CONSTRUCTION
21200190000NB|23.3|23.4|1921||54|01/01/2025|||YEAR_LAST_CONSTRUCTION
21200190000NB|23.4|23.48|1921||54|01/01/2025|||YEAR_LAST_CONSTRUCTION
4940016000000|8.09|8.32|1933||54|01/01/2025|||YEAR_LAST_CONSTRUCTION
4940016000000|9.05|9.51|1933||54|01/01/2025|||YEAR_LAST_CONSTRUCTION
49200330000EB|0.0|0.64|1922||54|01/01/2025|||YEAR_LAST_CONSTRUCTION
49200330000EB|1.22|1.3|1922||54|01/01/2025|||YEAR_LAST_CONSTRUCTION
49200330000EB|1.3|1.4|1922||54|01/01/2025|||YEAR_LAST_CONSTRUCTION
49200330000EB|1.4|1.5|1922||54|01/01/2025|||YEAR_LAST_CONSTRUCTION
49200330000EB|1.5|1.6|1922||54|01/01/2025|||YEAR_LAST_CONSTRUCTION
49200330000EB|1.6|1.7|1922||54|01/01/2025|||YEAR_LAST_CONSTRUCTION
49200330000EB|1.7|1.8|1922||54|01/01/2025|||YEAR_LAST_CONSTRUCTION
49200330000EB|1.8|1.9|1922||54|01/01/2025|||YEAR_LAST_CONSTRUCTION
49200330000EB|1.9|2.0|1922||54|01/01/2025|||YEAR_LAST_CONSTRUCTION
49200330000EB|2.0|2.1|1922||54|01/01/2025|||YEAR_LAST_CONSTRUCTION
49200330000EB|2.1|2.2|1922||54|01/01/2025|||YEAR_LAST_CONSTRUCTION
49200330000EB|2.2|2.3|1922||54|01/01/2025|||YEAR_LAST_CONSTRUCTION
49200330000EB|2.3|2.4|1922||54|01/01/2025|||YEAR_LAST_CONSTRUCTION
49200330000EB|2.4|2.5|1922||54|01/01/2025|||YEAR_LAST_CONSTRUCTION
49200330000EB|2.5|2.51|1922||54|01/01/2025|||YEAR_LAST_CONSTRUCTION
49200330000EB|4.0|4.1|1922||54|01/01/2025|||YEAR_LAST_CONSTRUCTION
49200330000EB|4.1|4.2|1922||54|01/01/2025|||YEAR_LAST_CONSTRUCTION
49200330000EB|4.2|4.3|1922||54|01/01/2025|||YEAR_LAST_CONSTRUCTION
49200330000EB|4.3|4.35|1922||54|01/01/2025|||YEAR_LAST_CONSTRUCTION
49200330000EB|8.31|8.4|1922||54|01/01/2025|||YEAR_LAST_CONSTRUCTION
49200330000EB|8.4|8.5|1922||54|01/01/2025|||YEAR_LAST_CONSTRUCTION
49200330000EB|8.5|8.6|1922||54|01/01/2025|||YEAR_LAST_CONSTRUCTION
49200330000EB|8.6|8.7|1922||54|01/01/2025|||YEAR_LAST_CONSTRUCTION
49200330000EB|8.7|8.8|1922||54|01/01/2025|||YEAR_LAST_CONSTRUCTION
49200330000EB|8.8|8.9|1922||54|01/01/2025|||YEAR_LAST_CONSTRUCTION
49200330000EB|8.9|9.0|1922||54|01/01/2025|||YEAR_LAST_CONSTRUCTION
49200330000EB|9.0|9.1|1922||54|01/01/2025|||YEAR_LAST_CONSTRUCTION
49200330000EB|9.1|9.2|1922||54|01/01/2025|||YEAR_LAST_CONSTRUCTION
49200330000EB|9.2|9.3|1922||54|01/01/2025|||YEAR_LAST_CONSTRUCTION
49200330000EB|9.3|9.4|1922||54|01/01/2025|||YEAR_LAST_CONSTRUCTION
49200330000EB|9.4|9.5|1922||54|01/01/2025|||YEAR_LAST_CONSTRUCTION
49200330000EB|9.5|9.6|1922||54|01/01/2025|||YEAR_LAST_CONSTRUCTION
49200330000EB|9.6|9.7|1922||54|01/01/2025|||YEAR_LAST_CONSTRUCTION
49200330000EB|9.7|9.8|1922||54|01/01/2025|||YEAR_LAST_CONSTRUCTION
49200330000EB|9.8|9.9|1922||54|01/01/2025|||YEAR_LAST_CONSTRUCTION
49200330000EB|9.9|10.0|1922||54|01/01/2025|||YEAR_LAST_CONSTRUCTION
49200330000EB|10.0|10.1|1922||54|01/01/2025|||YEAR_LAST_CONSTRUCTION
49200330000EB|10.1|10.2|1922||54|01/01/2025|||YEAR_LAST_CONSTRUCTION
49200330000EB|10.2|10.3|1922||54|01/01/2025|||YEAR_LAST_CONSTRUCTION
49200330000EB|10.3|10.4|1922||54|01/01/2025|||YEAR_LAST_CONSTRUCTION
49200330000EB|10.4|10.5|1922||54|01/01/2025|||YEAR_LAST_CONSTRUCTION
49200330000EB|10.5|10.6|1922||54|01/01/2025|||YEAR_LAST_CONSTRUCTION
49200330000EB|10.6|10.7|1922||54|01/01/2025|||YEAR_LAST_CONSTRUCTION
49200330000EB|10.7|10.8|1922||54|01/01/2025|||YEAR_LAST_CONSTRUCTION
49200330000EB|10.8|10.87|1922||54|01/01/2025|||YEAR_LAST_CONSTRUCTION
4940151000000|0.0|0.24|1992||54|01/01/2025|||YEAR_LAST_CONSTRUCTION
4940151000000|0.34|0.64|1992||54|01/01/2025|||YEAR_LAST_CONSTRUCTION
4940151000000|1.13|1.6|1992||54|01/01/2025|||YEAR_LAST_CONSTRUCTION
2140007000000|3.84|4.17|1933||54|01/01/2025|||YEAR_LAST_CONSTRUCTION
4730032000000|0.0|0.19|1921||54|01/01/2025|||YEAR_LAST_CONSTRUCTION
4730032000000|0.19|2.67|1921||54|01/01/2025|||YEAR_LAST_CONSTRUCTION
4730032000000|2.67|3.19|1921||54|01/01/2025|||YEAR_LAST_CONSTRUCTION
4730032000000|3.19|3.26|1921||54|01/01/2025|||YEAR_LAST_CONSTRUCTION
4730032000000|3.26|4.17|1921||54|01/01/2025|||YEAR_LAST_CONSTRUCTION
4730032000000|4.17|4.88|1921||54|01/01/2025|||YEAR_LAST_CONSTRUCTION
4730032000000|14.79|14.8|1921||54|01/01/2025|||YEAR_LAST_CONSTRUCTION
4730032000000|14.8|14.9|1921||54|01/01/2025|||YEAR_LAST_CONSTRUCTION
4730032000000|14.9|15.0|1921||54|01/01/2025|||YEAR_LAST_CONSTRUCTION
4730032000000|15.0|15.1|1921||54|01/01/2025|||YEAR_LAST_CONSTRUCTION
4730032000000|15.1|15.2|1921||54|01/01/2025|||YEAR_LAST_CONSTRUCTION
4730032000000|15.2|15.3|1921||54|01/01/2025|||YEAR_LAST_CONSTRUCTION
4730032000000|15.3|15.4|1921||54|01/01/2025|||YEAR_LAST_CONSTRUCTION
4730032000000|15.4|15.5|1921||54|01/01/2025|||YEAR_LAST_CONSTRUCTION
4730032000000|15.5|15.6|1921||54|01/01/2025|||YEAR_LAST_CONSTRUCTION
4730032000000|15.6|15.7|1921||54|01/01/2025|||YEAR_LAST_CONSTRUCTION
4730032000000|15.7|15.8|1921||54|01/01/2025|||YEAR_LAST_CONSTRUCTION
4730032000000|15.8|15.9|1921||54|01/01/2025|||YEAR_LAST_CONSTRUCTION
4730032000000|15.9|16.0|1921||54|01/01/2025|||YEAR_LAST_CONSTRUCTION
4730032000000|16.0|16.09|1921||54|01/01/2025|||YEAR_LAST_CONSTRUCTION
4730032000000|16.09|16.1|1921||54|01/01/2025|||YEAR_LAST_CONSTRUCTION
4730032000000|16.1|16.2|1921||54|01/01/2025|||YEAR_LAST_CONSTRUCTION
4730032000000|16.2|16.3|1921||54|01/01/2025|||YEAR_LAST_CONSTRUCTION
4730032000000|16.3|16.4|1921||54|01/01/2025|||YEAR_LAST_CONSTRUCTION
4730032000000|16.4|16.45|1921||54|01/01/2025|||YEAR_LAST_CONSTRUCTION
4240025000000|1.36|1.73|1933||54|01/01/2025|||YEAR_LAST_CONSTRUCTION
4240025000000|1.73|2.55|1933||54|01/01/2025|||YEAR_LAST_CONSTRUCTION
4240025000000|2.55|3.21|1933||54|01/01/2025|||YEAR_LAST_CONSTRUCTION
4240033070000|0.0|0.43|1994||54|01/01/2025|||YEAR_LAST_CONSTRUCTION
3830039000000|27.78|28.08|1929||54|01/01/2025|||YEAR_LAST_CONSTRUCTION
3830039000000|35.01|35.23|1929||54|01/01/2025|||YEAR_LAST_CONSTRUCTION
36200330000EB|5.49|5.5|1921||54|01/01/2025|||YEAR_LAST_CONSTRUCTION
36200330000EB|5.5|5.6|1921||54|01/01/2025|||YEAR_LAST_CONSTRUCTION
36200330000EB|5.6|5.7|1921||54|01/01/2025|||YEAR_LAST_CONSTRUCTION
36200330000EB|5.7|5.8|1921||54|01/01/2025|||YEAR_LAST_CONSTRUCTION
36200330000EB|5.8|5.9|1921||54|01/01/2025|||YEAR_LAST_CONSTRUCTION
36200330000EB|5.9|5.92|1921||54|01/01/2025|||YEAR_LAST_CONSTRUCTION
36200330000EB|33.184|33.2|1921||54|01/01/2025|||YEAR_LAST_CONSTRUCTION
36200330000EB|33.2|33.3|1921||54|01/01/2025|||YEAR_LAST_CONSTRUCTION
36200330000EB|33.3|33.4|1921||54|01/01/2025|||YEAR_LAST_CONSTRUCTION
36200330000EB|33.4|33.5|1921||54|01/01/2025|||YEAR_LAST_CONSTRUCTION
36200330000EB|33.5|33.6|1921||54|01/01/2025|||YEAR_LAST_CONSTRUCTION
36200330000EB|33.6|33.7|1921||54|01/01/2025|||YEAR_LAST_CONSTRUCTION
36200330000EB|33.7|33.783|1921||54|01/01/2025|||YEAR_LAST_CONSTRUCTION
38202190000NB|0.0|0.1|1921||54|01/01/2025|||YEAR_LAST_CONSTRUCTION
38202190000NB|0.1|0.2|1921||54|01/01/2025|||YEAR_LAST_CONSTRUCTION
38202190000NB|0.2|0.3|1921||54|01/01/2025|||YEAR_LAST_CONSTRUCTION
38202190000NB|0.3|0.4|1921||54|01/01/2025|||YEAR_LAST_CONSTRUCTION
38202190000NB|0.4|0.5|1921||54|01/01/2025|||YEAR_LAST_CONSTRUCTION
38202190000NB|0.5|0.6|1921||54|01/01/2025|||YEAR_LAST_CONSTRUCTION
38202190000NB|0.6|0.7|1921||54|01/01/2025|||YEAR_LAST_CONSTRUCTION
38202190000NB|0.7|0.8|1921||54|01/01/2025|||YEAR_LAST_CONSTRUCTION
38202190000NB|0.8|0.9|1921||54|01/01/2025|||YEAR_LAST_CONSTRUCTION
38202190000NB|0.9|1.0|1921||54|01/01/2025|||YEAR_LAST_CONSTRUCTION
38202190000NB|1.0|1.1|1921||54|01/01/2025|||YEAR_LAST_CONSTRUCTION
38202190000NB|1.1|1.2|1921||54|01/01/2025|||YEAR_LAST_CONSTRUCTION
38202190000NB|1.2|1.3|1921||54|01/01/2025|||YEAR_LAST_CONSTRUCTION
38202190000NB|1.3|1.4|1921||54|01/01/2025|||YEAR_LAST_CONSTRUCTION
38202190000NB|1.4|1.5|1921||54|01/01/2025|||YEAR_LAST_CONSTRUCTION
38202190000NB|1.5|1.6|1921||54|01/01/2025|||YEAR_LAST_CONSTRUCTION
38202190000NB|1.6|1.7|1921||54|01/01/2025|||YEAR_LAST_CONSTRUCTION
38202190000NB|1.7|1.8|1921||54|01/01/2025|||YEAR_LAST_CONSTRUCTION
38202190000NB|1.8|1.9|1921||54|01/01/2025|||YEAR_LAST_CONSTRUCTION
38202190000NB|1.9|2.0|1921||54|01/01/2025|||YEAR_LAST_CONSTRUCTION
38202190000NB|2.0|2.1|1921||54|01/01/2025|||YEAR_LAST_CONSTRUCTION
38202190000NB|2.1|2.2|1921||54|01/01/2025|||YEAR_LAST_CONSTRUCTION
38202190000NB|2.2|2.3|1921||54|01/01/2025|||YEAR_LAST_CONSTRUCTION
38202190000NB|2.3|2.4|1921||54|01/01/2025|||YEAR_LAST_CONSTRUCTION
38202190000NB|2.4|2.5|1921||54|01/01/2025|||YEAR_LAST_CONSTRUCTION
38202190000NB|2.5|2.6|1921||54|01/01/2025|||YEAR_LAST_CONSTRUCTION
38202190000NB|2.6|2.7|1921||54|01/01/2025|||YEAR_LAST_CONSTRUCTION
38202190000NB|2.7|2.8|1921||54|01/01/2025|||YEAR_LAST_CONSTRUCTION
38202190000NB|2.8|2.9|1921||54|01/01/2025|||YEAR_LAST_CONSTRUCTION
38202190000NB|2.9|3.0|1921||54|01/01/2025|||YEAR_LAST_CONSTRUCTION
38202190000NB|3.0|3.1|1921||54|01/01/2025|||YEAR_LAST_CONSTRUCTION
38202190000NB|3.1|3.2|1921||54|01/01/2025|||YEAR_LAST_CONSTRUCTION
38202190000NB|3.2|3.3|1921||54|01/01/2025|||YEAR_LAST_CONSTRUCTION
38202190000NB|3.3|3.4|1921||54|01/01/2025|||YEAR_LAST_CONSTRUCTION
38202190000NB|3.4|3.5|1921||54|01/01/2025|||YEAR_LAST_CONSTRUCTION
38202190000NB|3.5|3.6|1921||54|01/01/2025|||YEAR_LAST_CONSTRUCTION
38202190000NB|3.6|3.69|1921||54|01/01/2025|||YEAR_LAST_CONSTRUCTION
38202190000NB|3.69|3.7|1921||54|01/01/2025|||YEAR_LAST_CONSTRUCTION
38202190000NB|3.7|3.8|1921||54|01/01/2025|||YEAR_LAST_CONSTRUCTION
38202190000NB|3.8|3.9|1921||54|01/01/2025|||YEAR_LAST_CONSTRUCTION
38202190000NB|3.9|4.0|1921||54|01/01/2025|||YEAR_LAST_CONSTRUCTION
38202190000NB|4.0|4.1|1921||54|01/01/2025|||YEAR_LAST_CONSTRUCTION
38202190000NB|4.1|4.2|1921||54|01/01/2025|||YEAR_LAST_CONSTRUCTION
38202190000NB|4.2|4.3|1921||54|01/01/2025|||YEAR_LAST_CONSTRUCTION
38202190000NB|4.3|4.37|1921||54|01/01/2025|||YEAR_LAST_CONSTRUCTION
38202190000NB|4.37|4.4|1921||54|01/01/2025|||YEAR_LAST_CONSTRUCTION
38202190000NB|4.4|4.5|1921||54|01/01/2025|||YEAR_LAST_CONSTRUCTION
38202190000NB|4.5|4.6|1921||54|01/01/2025|||YEAR_LAST_CONSTRUCTION
38202190000NB|4.6|4.7|1921||54|01/01/2025|||YEAR_LAST_CONSTRUCTION
38202190000NB|4.7|4.8|1921||54|01/01/2025|||YEAR_LAST_CONSTRUCTION
38202190000NB|4.8|4.9|1921||54|01/01/2025|||YEAR_LAST_CONSTRUCTION
38202190000NB|4.9|5.0|1921||54|01/01/2025|||YEAR_LAST_CONSTRUCTION
38202190000NB|5.0|5.1|1921||54|01/01/2025|||YEAR_LAST_CONSTRUCTION
38202190000NB|5.1|5.2|1921||54|01/01/2025|||YEAR_LAST_CONSTRUCTION
38202190000NB|5.2|5.3|1921||54|01/01/2025|||YEAR_LAST_CONSTRUCTION
38202190000NB|5.3|5.4|1921||54|01/01/2025|||YEAR_LAST_CONSTRUCTION
38202190000NB|5.4|5.5|1921||54|01/01/2025|||YEAR_LAST_CONSTRUCTION
38202190000NB|5.5|5.6|1921||54|01/01/2025|||YEAR_LAST_CONSTRUCTION
38202190000NB|5.6|5.7|1921||54|01/01/2025|||YEAR_LAST_CONSTRUCTION
38202190000NB|5.7|5.8|1921||54|01/01/2025|||YEAR_LAST_CONSTRUCTION
38202190000NB|5.8|5.9|1921||54|01/01/2025|||YEAR_LAST_CONSTRUCTION
38202190000NB|5.9|6.0|1921||54|01/01/2025|||YEAR_LAST_CONSTRUCTION
38202190000NB|6.0|6.01|1921||54|01/01/2025|||YEAR_LAST_CONSTRUCTION
38202190000NB|6.01|6.1|1921||54|01/01/2025|||YEAR_LAST_CONSTRUCTION
38202190000NB|6.1|6.2|1921||54|01/01/2025|||YEAR_LAST_CONSTRUCTION
38202190000NB|6.2|6.3|1921||54|01/01/2025|||YEAR_LAST_CONSTRUCTION
38202190000NB|6.3|6.4|1921||54|01/01/2025|||YEAR_LAST_CONSTRUCTION
38202190000NB|6.4|6.5|1921||54|01/01/2025|||YEAR_LAST_CONSTRUCTION
38202190000NB|6.5|6.6|1921||54|01/01/2025|||YEAR_LAST_CONSTRUCTION
38202190000NB|6.6|6.7|1921||54|01/01/2025|||YEAR_LAST_CONSTRUCTION
38202190000NB|6.7|6.8|1921||54|01/01/2025|||YEAR_LAST_CONSTRUCTION
38202190000NB|6.8|6.9|1921||54|01/01/2025|||YEAR_LAST_CONSTRUCTION
38202190000NB|6.9|7.0|1921||54|01/01/2025|||YEAR_LAST_CONSTRUCTION
38202190000NB|7.0|7.1|1921||54|01/01/2025|||YEAR_LAST_CONSTRUCTION
38202190000NB|7.1|7.15|1921||54|01/01/2025|||YEAR_LAST_CONSTRUCTION
38202190000NB|7.77|7.8|1921||54|01/01/2025|||YEAR_LAST_CONSTRUCTION
38202190000NB|7.8|7.9|1921||54|01/01/2025|||YEAR_LAST_CONSTRUCTION
38202190000NB|7.9|8.0|1921||54|01/01/2025|||YEAR_LAST_CONSTRUCTION
38202190000NB|8.0|8.1|1921||54|01/01/2025|||YEAR_LAST_CONSTRUCTION
38202190000NB|8.1|8.2|1921||54|01/01/2025|||YEAR_LAST_CONSTRUCTION
38202190000NB|8.2|8.3|1921||54|01/01/2025|||YEAR_LAST_CONSTRUCTION
38202190000NB|8.3|8.4|1921||54|01/01/2025|||YEAR_LAST_CONSTRUCTION
38202190000NB|8.4|8.5|1921||54|01/01/2025|||YEAR_LAST_CONSTRUCTION
38202190000NB|8.5|8.6|1921||54|01/01/2025|||YEAR_LAST_CONSTRUCTION
38202190000NB|8.6|8.7|1921||54|01/01/2025|||YEAR_LAST_CONSTRUCTION
38202190000NB|8.7|8.8|1921||54|01/01/2025|||YEAR_LAST_CONSTRUCTION
38202190000NB|8.8|8.9|1921||54|01/01/2025|||YEAR_LAST_CONSTRUCTION
38202190000NB|8.9|9.0|1921||54|01/01/2025|||YEAR_LAST_CONSTRUCTION
38202190000NB|9.0|9.1|1921||54|01/01/2025|||YEAR_LAST_CONSTRUCTION
38202190000NB|9.1|9.2|1921||54|01/01/2025|||YEAR_LAST_CONSTRUCTION
38202190000NB|9.2|9.3|1921||54|01/01/2025|||YEAR_LAST_CONSTRUCTION
38202190000NB|9.3|9.4|1921||54|01/01/2025|||YEAR_LAST_CONSTRUCTION
38202190000NB|9.4|9.5|1921||54|01/01/2025|||YEAR_LAST_CONSTRUCTION
38202190000NB|9.5|9.6|1921||54|01/01/2025|||YEAR_LAST_CONSTRUCTION
38202190000NB|9.6|9.7|1921||54|01/01/2025|||YEAR_LAST_CONSTRUCTION
38202190000NB|9.7|9.8|1921||54|01/01/2025|||YEAR_LAST_CONSTRUCTION
38202190000NB|9.8|9.82|1921||54|01/01/2025|||YEAR_LAST_CONSTRUCTION
38202190000NB|14.15|14.2|1921||54|01/01/2025|||YEAR_LAST_CONSTRUCTION
38202190000NB|14.2|14.3|1921||54|01/01/2025|||YEAR_LAST_CONSTRUCTION
38202190000NB|14.3|14.4|1921||54|01/01/2025|||YEAR_LAST_CONSTRUCTION
38202190000NB|14.4|14.5|1921||54|01/01/2025|||YEAR_LAST_CONSTRUCTION
38202190000NB|14.5|14.6|1921||54|01/01/2025|||YEAR_LAST_CONSTRUCTION
38202190000NB|14.6|14.67|1921||54|01/01/2025|||YEAR_LAST_CONSTRUCTION
38202190000NB|19.58|19.6|1921||54|01/01/2025|||YEAR_LAST_CONSTRUCTION
38202190000NB|19.6|19.7|1921||54|01/01/2025|||YEAR_LAST_CONSTRUCTION
38202190000NB|19.7|19.8|1921||54|01/01/2025|||YEAR_LAST_CONSTRUCTION
38202190000NB|19.8|19.9|1921||54|01/01/2025|||YEAR_LAST_CONSTRUCTION
38202190000NB|19.9|20.0|1921||54|01/01/2025|||YEAR_LAST_CONSTRUCTION
38202190000NB|20.0|20.1|1921||54|01/01/2025|||YEAR_LAST_CONSTRUCTION
38202190000NB|20.1|20.2|1921||54|01/01/2025|||YEAR_LAST_CONSTRUCTION
38202190000NB|20.2|20.3|1921||54|01/01/2025|||YEAR_LAST_CONSTRUCTION
38202190000NB|20.3|20.4|1921||54|01/01/2025|||YEAR_LAST_CONSTRUCTION
38202190000NB|20.4|20.5|1921||54|01/01/2025|||YEAR_LAST_CONSTRUCTION
38202190000NB|20.5|20.6|1921||54|01/01/2025|||YEAR_LAST_CONSTRUCTION
38202190000NB|20.6|20.7|1921||54|01/01/2025|||YEAR_LAST_CONSTRUCTION
38202190000NB|20.7|20.8|1921||54|01/01/2025|||YEAR_LAST_CONSTRUCTION
38202190000NB|20.8|20.9|1921||54|01/01/2025|||YEAR_LAST_CONSTRUCTION
38202190000NB|20.9|21.0|1921||54|01/01/2025|||YEAR_LAST_CONSTRUCTION
38202190000NB|21.0|21.1|1921||54|01/01/2025|||YEAR_LAST_CONSTRUCTION
38202190000NB|21.1|21.2|1921||54|01/01/2025|||YEAR_LAST_CONSTRUCTION
38202190000NB|21.2|21.3|1921||54|01/01/2025|||YEAR_LAST_CONSTRUCTION
38202190000NB|21.3|21.4|1921||54|01/01/2025|||YEAR_LAST_CONSTRUCTION
38202190000NB|21.4|21.5|1921||54|01/01/2025|||YEAR_LAST_CONSTRUCTION
38202190000NB|21.5|21.6|1921||54|01/01/2025|||YEAR_LAST_CONSTRUCTION
38202190000NB|21.6|21.69|1921||54|01/01/2025|||YEAR_LAST_CONSTRUCTION
38202190000NB|21.69|21.7|1921||54|01/01/2025|||YEAR_LAST_CONSTRUCTION
38202190000NB|21.7|21.8|1921||54|01/01/2025|||YEAR_LAST_CONSTRUCTION
38202190000NB|21.8|21.84|1921||54|01/01/2025|||YEAR_LAST_CONSTRUCTION
38202190000NB|25.34|25.4|1921||54|01/01/2025|||YEAR_LAST_CONSTRUCTION
38202190000NB|25.4|25.5|1921||54|01/01/2025|||YEAR_LAST_CONSTRUCTION
38202190000NB|25.5|25.6|1921||54|01/01/2025|||YEAR_LAST_CONSTRUCTION
38202190000NB|25.6|25.7|1921||54|01/01/2025|||YEAR_LAST_CONSTRUCTION
38202190000NB|25.7|25.8|1921||54|01/01/2025|||YEAR_LAST_CONSTRUCTION
38202190000NB|25.8|25.9|1921||54|01/01/2025|||YEAR_LAST_CONSTRUCTION
38202190000NB|25.9|26.0|1921||54|01/01/2025|||YEAR_LAST_CONSTRUCTION
38202190000NB|26.0|26.1|1921||54|01/01/2025|||YEAR_LAST_CONSTRUCTION
38202190000NB|26.1|26.2|1921||54|01/01/2025|||YEAR_LAST_CONSTRUCTION
38202190000NB|26.2|26.3|1921||54|01/01/2025|||YEAR_LAST_CONSTRUCTION
38202190000NB|26.3|26.37|1921||54|01/01/2025|||YEAR_LAST_CONSTRUCTION
38202190000NB|26.37|26.4|1921||54|01/01/2025|||YEAR_LAST_CONSTRUCTION
38202190000NB|26.4|26.5|1921||54|01/01/2025|||YEAR_LAST_CONSTRUCTION
38202190000NB|26.5|26.54|1921||54|01/01/2025|||YEAR_LAST_CONSTRUCTION
38202190000NB|26.54|26.6|1921||54|01/01/2025|||YEAR_LAST_CONSTRUCTION
38202190000NB|26.6|26.7|1921||54|01/01/2025|||YEAR_LAST_CONSTRUCTION
38202190000NB|26.7|26.8|1921||54|01/01/2025|||YEAR_LAST_CONSTRUCTION
38202190000NB|26.8|26.9|1921||54|01/01/2025|||YEAR_LAST_CONSTRUCTION
38202190000NB|26.9|27.0|1921||54|01/01/2025|||YEAR_LAST_CONSTRUCTION
38202190000NB|27.0|27.1|1921||54|01/01/2025|||YEAR_LAST_CONSTRUCTION
38202190000NB|27.1|27.2|1921||54|01/01/2025|||YEAR_LAST_CONSTRUCTION
38202190000NB|27.2|27.3|1921||54|01/01/2025|||YEAR_LAST_CONSTRUCTION
38202190000NB|27.3|27.4|1921||54|01/01/2025|||YEAR_LAST_CONSTRUCTION
38202190000NB|27.4|27.5|1921||54|01/01/2025|||YEAR_LAST_CONSTRUCTION
38202190000NB|27.5|27.6|1921||54|01/01/2025|||YEAR_LAST_CONSTRUCTION
38202190000NB|27.6|27.7|1921||54|01/01/2025|||YEAR_LAST_CONSTRUCTION
38202190000NB|27.7|27.8|1921||54|01/01/2025|||YEAR_LAST_CONSTRUCTION
38202190000NB|27.9|28.0|1921||54|01/01/2025|||YEAR_LAST_CONSTRUCTION
38202190000NB|28.0|28.1|1921||54|01/01/2025|||YEAR_LAST_CONSTRUCTION
38202190000NB|28.1|28.2|1921||54|01/01/2025|||YEAR_LAST_CONSTRUCTION
38202190000NB|28.2|28.3|1921||54|01/01/2025|||YEAR_LAST_CONSTRUCTION
38202190000NB|28.3|28.4|1921||54|01/01/2025|||YEAR_LAST_CONSTRUCTION
38202190000NB|28.4|28.5|1921||54|01/01/2025|||YEAR_LAST_CONSTRUCTION
38202190000NB|28.5|28.6|1921||54|01/01/2025|||YEAR_LAST_CONSTRUCTION
38202190000NB|28.6|28.7|1921||54|01/01/2025|||YEAR_LAST_CONSTRUCTION
38202190000NB|28.7|28.8|1921||54|01/01/2025|||YEAR_LAST_CONSTRUCTION
38202190000NB|28.8|28.9|1921||54|01/01/2025|||YEAR_LAST_CONSTRUCTION
38202190000NB|28.9|29.0|1921||54|01/01/2025|||YEAR_LAST_CONSTRUCTION
38202190000NB|29.0|29.1|1921||54|01/01/2025|||YEAR_LAST_CONSTRUCTION
38202190000NB|29.1|29.12|1921||54|01/01/2025|||YEAR_LAST_CONSTRUCTION
38202190000NB|34.47|34.5|1921||54|01/01/2025|||YEAR_LAST_CONSTRUCTION
38202190000NB|34.5|34.57|1921||54|01/01/2025|||YEAR_LAST_CONSTRUCTION
38202190000NB|34.57|34.6|1921||54|01/01/2025|||YEAR_LAST_CONSTRUCTION
38202190000NB|34.6|34.7|1921||54|01/01/2025|||YEAR_LAST_CONSTRUCTION
38202190000NB|34.7|34.78|1921||54|01/01/2025|||YEAR_LAST_CONSTRUCTION
38202190000NB|34.79|34.8|1921||54|01/01/2025|||YEAR_LAST_CONSTRUCTION
38202190000NB|34.8|34.9|1921||54|01/01/2025|||YEAR_LAST_CONSTRUCTION
38202190000NB|34.9|35.0|1921||54|01/01/2025|||YEAR_LAST_CONSTRUCTION
38202190000NB|35.0|35.1|1921||54|01/01/2025|||YEAR_LAST_CONSTRUCTION
38202190000NB|35.1|35.2|1921||54|01/01/2025|||YEAR_LAST_CONSTRUCTION
38202190000NB|35.2|35.3|1921||54|01/01/2025|||YEAR_LAST_CONSTRUCTION
38202190000NB|35.3|35.4|1921||54|01/01/2025|||YEAR_LAST_CONSTRUCTION
38202190000NB|35.4|35.5|1921||54|01/01/2025|||YEAR_LAST_CONSTRUCTION
38202190000NB|35.5|35.6|1921||54|01/01/2025|||YEAR_LAST_CONSTRUCTION
38202190000NB|35.6|35.7|1921||54|01/01/2025|||YEAR_LAST_CONSTRUCTION
38202190000NB|35.7|35.8|1921||54|01/01/2025|||YEAR_LAST_CONSTRUCTION
38202190000NB|35.8|35.9|1921||54|01/01/2025|||YEAR_LAST_CONSTRUCTION
38202190000NB|35.9|36.0|1921||54|01/01/2025|||YEAR_LAST_CONSTRUCTION
38202190000NB|36.0|36.1|1921||54|01/01/2025|||YEAR_LAST_CONSTRUCTION
38202190000NB|36.1|36.2|1921||54|01/01/2025|||YEAR_LAST_CONSTRUCTION
38202190000NB|36.2|36.3|1921||54|01/01/2025|||YEAR_LAST_CONSTRUCTION
38202190000NB|36.3|36.4|1921||54|01/01/2025|||YEAR_LAST_CONSTRUCTION
38202190000NB|36.4|36.5|1921||54|01/01/2025|||YEAR_LAST_CONSTRUCTION
38202190000NB|36.5|36.6|1921||54|01/01/2025|||YEAR_LAST_CONSTRUCTION
38202190000NB|36.6|36.7|1921||54|01/01/2025|||YEAR_LAST_CONSTRUCTION
38202190000NB|36.7|36.8|1921||54|01/01/2025|||YEAR_LAST_CONSTRUCTION
38202190000NB|36.8|36.9|1921||54|01/01/2025|||YEAR_LAST_CONSTRUCTION
38202190000NB|36.9|37.0|1921||54|01/01/2025|||YEAR_LAST_CONSTRUCTION
38202190000NB|37.0|37.1|1921||54|01/01/2025|||YEAR_LAST_CONSTRUCTION
38202190000NB|37.1|37.2|1921||54|01/01/2025|||YEAR_LAST_CONSTRUCTION
38202190000NB|37.2|37.3|1921||54|01/01/2025|||YEAR_LAST_CONSTRUCTION
38202190000NB|37.3|37.4|1921||54|01/01/2025|||YEAR_LAST_CONSTRUCTION
38202190000NB|37.4|37.5|1921||54|01/01/2025|||YEAR_LAST_CONSTRUCTION
38202190000NB|37.5|37.6|1921||54|01/01/2025|||YEAR_LAST_CONSTRUCTION
38202190000NB|37.6|37.7|1921||54|01/01/2025|||YEAR_LAST_CONSTRUCTION
38202190000NB|37.7|37.8|1921||54|01/01/2025|||YEAR_LAST_CONSTRUCTION
38202190000NB|37.8|37.89|1921||54|01/01/2025|||YEAR_LAST_CONSTRUCTION
3630028000000|24.07|24.33|1921||54|01/01/2025|||YEAR_LAST_CONSTRUCTION
3630028000000|24.33|25.57|1921||54|01/01/2025|||YEAR_LAST_CONSTRUCTION
4240219420000|0.0|0.21|1996||54|01/01/2025|||YEAR_LAST_CONSTRUCTION
42202190000NB|0.0|0.1|1921||54|01/01/2025|||YEAR_LAST_CONSTRUCTION
42202190000NB|0.1|0.2|1921||54|01/01/2025|||YEAR_LAST_CONSTRUCTION
42202190000NB|0.2|0.3|1921||54|01/01/2025|||YEAR_LAST_CONSTRUCTION
42202190000NB|0.3|0.4|1921||54|01/01/2025|||YEAR_LAST_CONSTRUCTION
42202190000NB|0.4|0.5|1921||54|01/01/2025|||YEAR_LAST_CONSTRUCTION
42202190000NB|0.5|0.6|1921||54|01/01/2025|||YEAR_LAST_CONSTRUCTION
42202190000NB|0.6|0.7|1921||54|01/01/2025|||YEAR_LAST_CONSTRUCTION
42202190000NB|0.7|0.8|1921||54|01/01/2025|||YEAR_LAST_CONSTRUCTION
42202190000NB|0.8|0.9|1921||54|01/01/2025|||YEAR_LAST_CONSTRUCTION
42202190000NB|0.9|1.0|1921||54|01/01/2025|||YEAR_LAST_CONSTRUCTION
42202190000NB|1.0|1.1|1921||54|01/01/2025|||YEAR_LAST_CONSTRUCTION
42202190000NB|1.1|1.2|1921||54|01/01/2025|||YEAR_LAST_CONSTRUCTION
42202190000NB|1.2|1.3|1921||54|01/01/2025|||YEAR_LAST_CONSTRUCTION
42202190000NB|1.3|1.4|1921||54|01/01/2025|||YEAR_LAST_CONSTRUCTION
42202190000NB|1.4|1.5|1921||54|01/01/2025|||YEAR_LAST_CONSTRUCTION
42202190000NB|1.5|1.6|1921||54|01/01/2025|||YEAR_LAST_CONSTRUCTION
42202190000NB|1.6|1.7|1921||54|01/01/2025|||YEAR_LAST_CONSTRUCTION
42202190000NB|1.7|1.8|1921||54|01/01/2025|||YEAR_LAST_CONSTRUCTION
42202190000NB|1.8|1.9|1921||54|01/01/2025|||YEAR_LAST_CONSTRUCTION
42202190000NB|1.9|2.0|1921||54|01/01/2025|||YEAR_LAST_CONSTRUCTION
42202190000NB|2.0|2.1|1921||54|01/01/2025|||YEAR_LAST_CONSTRUCTION
42202190000NB|2.1|2.2|1921||54|01/01/2025|||YEAR_LAST_CONSTRUCTION
42202190000NB|2.2|2.3|1921||54|01/01/2025|||YEAR_LAST_CONSTRUCTION
42202190000NB|2.3|2.4|1921||54|01/01/2025|||YEAR_LAST_CONSTRUCTION
42202190000NB|2.4|2.5|1921||54|01/01/2025|||YEAR_LAST_CONSTRUCTION
42202190000NB|2.5|2.6|1921||54|01/01/2025|||YEAR_LAST_CONSTRUCTION
42202190000NB|2.6|2.7|1921||54|01/01/2025|||YEAR_LAST_CONSTRUCTION
42202190000NB|2.7|2.8|1921||54|01/01/2025|||YEAR_LAST_CONSTRUCTION
42202190000NB|2.8|2.9|1921||54|01/01/2025|||YEAR_LAST_CONSTRUCTION
42202190000NB|2.9|3.0|1921||54|01/01/2025|||YEAR_LAST_CONSTRUCTION
42202190000NB|3.0|3.1|1921||54|01/01/2025|||YEAR_LAST_CONSTRUCTION
42202190000NB|3.1|3.16|1921||54|01/01/2025|||YEAR_LAST_CONSTRUCTION
42202190000NB|3.16|3.2|1921||54|01/01/2025|||YEAR_LAST_CONSTRUCTION
42202190000NB|3.2|3.24|1921||54|01/01/2025|||YEAR_LAST_CONSTRUCTION
42202190000NB|8.55|8.6|1921||54|01/01/2025|||YEAR_LAST_CONSTRUCTION
42202190000NB|8.6|8.7|1921||54|01/01/2025|||YEAR_LAST_CONSTRUCTION
42202190000NB|8.7|8.74|1921||54|01/01/2025|||YEAR_LAST_CONSTRUCTION
42202190000NB|8.74|8.8|1921||54|01/01/2025|||YEAR_LAST_CONSTRUCTION
42202190000NB|8.8|8.9|1921||54|01/01/2025|||YEAR_LAST_CONSTRUCTION
42202190000NB|8.9|9.0|1921||54|01/01/2025|||YEAR_LAST_CONSTRUCTION
42202190000NB|9.0|9.1|1921||54|01/01/2025|||YEAR_LAST_CONSTRUCTION
42202190000NB|9.1|9.2|1921||54|01/01/2025|||YEAR_LAST_CONSTRUCTION
42202190000NB|9.2|9.3|1921||54|01/01/2025|||YEAR_LAST_CONSTRUCTION
42202190000NB|9.3|9.4|1921||54|01/01/2025|||YEAR_LAST_CONSTRUCTION
42202190000NB|9.4|9.45|1921||54|01/01/2025|||YEAR_LAST_CONSTRUCTION
42202190000NB|9.45|9.5|1921||54|01/01/2025|||YEAR_LAST_CONSTRUCTION
42202190000NB|9.5|9.6|1921||54|01/01/2025|||YEAR_LAST_CONSTRUCTION
42202190000NB|9.6|9.66|1921||54|01/01/2025|||YEAR_LAST_CONSTRUCTION
42202190000NB|9.66|9.68|1921||54|01/01/2025|||YEAR_LAST_CONSTRUCTION
42202190000NB|12.59|13.12|1921||54|01/01/2025|||YEAR_LAST_CONSTRUCTION
42202190000NB|13.12|13.2|1921||54|01/01/2025|||YEAR_LAST_CONSTRUCTION
42202190000NB|13.2|13.3|1921||54|01/01/2025|||YEAR_LAST_CONSTRUCTION
42202190000NB|13.3|13.4|1921||54|01/01/2025|||YEAR_LAST_CONSTRUCTION
42202190000NB|13.4|13.5|1921||54|01/01/2025|||YEAR_LAST_CONSTRUCTION
42202190000NB|13.5|13.6|1921||54|01/01/2025|||YEAR_LAST_CONSTRUCTION
42202190000NB|13.6|13.7|1921||54|01/01/2025|||YEAR_LAST_CONSTRUCTION
42202190000NB|13.7|13.8|1921||54|01/01/2025|||YEAR_LAST_CONSTRUCTION
42202190000NB|13.8|13.9|1921||54|01/01/2025|||YEAR_LAST_CONSTRUCTION
42202190000NB|13.9|14.0|1921||54|01/01/2025|||YEAR_LAST_CONSTRUCTION
42202190000NB|14.0|14.1|1921||54|01/01/2025|||YEAR_LAST_CONSTRUCTION
42202190000NB|14.1|14.2|1921||54|01/01/2025|||YEAR_LAST_CONSTRUCTION
42202190000NB|14.2|14.3|1921||54|01/01/2025|||YEAR_LAST_CONSTRUCTION
42202190000NB|14.3|14.4|1921||54|01/01/2025|||YEAR_LAST_CONSTRUCTION
42202190000NB|14.4|14.5|1921||54|01/01/2025|||YEAR_LAST_CONSTRUCTION
42202190000NB|14.5|14.6|1921||54|01/01/2025|||YEAR_LAST_CONSTRUCTION
42202190000NB|14.6|14.7|1921||54|01/01/2025|||YEAR_LAST_CONSTRUCTION
42202190000NB|14.7|14.8|1921||54|01/01/2025|||YEAR_LAST_CONSTRUCTION
42202190000NB|14.8|14.9|1921||54|01/01/2025|||YEAR_LAST_CONSTRUCTION
42202190000NB|14.9|15.0|1921||54|01/01/2025|||YEAR_LAST_CONSTRUCTION
42202190000NB|15.0|15.03|1921||54|01/01/2025|||YEAR_LAST_CONSTRUCTION
42202190000NB|15.03|15.1|1921||54|01/01/2025|||YEAR_LAST_CONSTRUCTION
42202190000NB|15.1|15.2|1921||54|01/01/2025|||YEAR_LAST_CONSTRUCTION
42202190000NB|15.2|15.3|1921||54|01/01/2025|||YEAR_LAST_CONSTRUCTION
42202190000NB|15.3|15.4|1921||54|01/01/2025|||YEAR_LAST_CONSTRUCTION
42202190000NB|15.4|15.5|1921||54|01/01/2025|||YEAR_LAST_CONSTRUCTION
42202190000NB|15.5|15.6|1921||54|01/01/2025|||YEAR_LAST_CONSTRUCTION
42202190000NB|15.6|15.7|1921||54|01/01/2025|||YEAR_LAST_CONSTRUCTION
42202190000NB|15.7|15.8|1921||54|01/01/2025|||YEAR_LAST_CONSTRUCTION
42202190000NB|15.8|15.89|1921||54|01/01/2025|||YEAR_LAST_CONSTRUCTION
42202190000NB|15.89|15.9|1921||54|01/01/2025|||YEAR_LAST_CONSTRUCTION
42202190000NB|15.9|16.0|1921||54|01/01/2025|||YEAR_LAST_CONSTRUCTION
42202190000NB|16.0|16.1|1921||54|01/01/2025|||YEAR_LAST_CONSTRUCTION
42202190000NB|16.1|16.2|1921||54|01/01/2025|||YEAR_LAST_CONSTRUCTION
42202190000NB|16.2|16.3|1921||54|01/01/2025|||YEAR_LAST_CONSTRUCTION
42202190000NB|16.3|16.4|1921||54|01/01/2025|||YEAR_LAST_CONSTRUCTION
42202190000NB|16.4|16.5|1921||54|01/01/2025|||YEAR_LAST_CONSTRUCTION
42202190000NB|16.5|16.6|1921||54|01/01/2025|||YEAR_LAST_CONSTRUCTION
42202190000NB|16.6|16.7|1921||54|01/01/2025|||YEAR_LAST_CONSTRUCTION
42202190000NB|16.7|16.8|1921||54|01/01/2025|||YEAR_LAST_CONSTRUCTION
42202190000NB|16.8|16.9|1921||54|01/01/2025|||YEAR_LAST_CONSTRUCTION
42202190000NB|16.9|17.0|1921||54|01/01/2025|||YEAR_LAST_CONSTRUCTION
42202190000NB|17.0|17.1|1921||54|01/01/2025|||YEAR_LAST_CONSTRUCTION
42202190000NB|17.1|17.2|1921||54|01/01/2025|||YEAR_LAST_CONSTRUCTION
42202190000NB|17.2|17.29|1921||54|01/01/2025|||YEAR_LAST_CONSTRUCTION
42202190000NB|17.29|17.3|1921||54|01/01/2025|||YEAR_LAST_CONSTRUCTION
42202190000NB|17.3|17.4|1921||54|01/01/2025|||YEAR_LAST_CONSTRUCTION
42202190000NB|17.4|17.5|1921||54|01/01/2025|||YEAR_LAST_CONSTRUCTION
42202190000NB|17.5|17.6|1921||54|01/01/2025|||YEAR_LAST_CONSTRUCTION
42202190000NB|17.6|17.7|1921||54|01/01/2025|||YEAR_LAST_CONSTRUCTION
42202190000NB|17.7|17.8|1921||54|01/01/2025|||YEAR_LAST_CONSTRUCTION
42202190000NB|17.8|17.9|1921||54|01/01/2025|||YEAR_LAST_CONSTRUCTION
42202190000NB|17.9|18.0|1921||54|01/01/2025|||YEAR_LAST_CONSTRUCTION
42202190000NB|18.0|18.1|1921||54|01/01/2025|||YEAR_LAST_CONSTRUCTION
42202190000NB|18.1|18.2|1921||54|01/01/2025|||YEAR_LAST_CONSTRUCTION
42202190000NB|18.2|18.3|1921||54|01/01/2025|||YEAR_LAST_CONSTRUCTION
42202190000NB|18.3|18.4|1921||54|01/01/2025|||YEAR_LAST_CONSTRUCTION
42202190000NB|18.4|18.5|1921||54|01/01/2025|||YEAR_LAST_CONSTRUCTION
42202190000NB|18.5|18.6|1921||54|01/01/2025|||YEAR_LAST_CONSTRUCTION
42202190000NB|18.6|18.7|1921||54|01/01/2025|||YEAR_LAST_CONSTRUCTION
42202190000NB|18.7|18.8|1921||54|01/01/2025|||YEAR_LAST_CONSTRUCTION
42202190000NB|18.8|18.9|1921||54|01/01/2025|||YEAR_LAST_CONSTRUCTION
42202190000NB|18.9|19.0|1921||54|01/01/2025|||YEAR_LAST_CONSTRUCTION
42202190000NB|19.0|19.1|1921||54|01/01/2025|||YEAR_LAST_CONSTRUCTION
42202190000NB|19.1|19.15|1921||54|01/01/2025|||YEAR_LAST_CONSTRUCTION
42202190000NB|19.15|19.2|1921||54|01/01/2025|||YEAR_LAST_CONSTRUCTION
42202190000NB|19.2|19.3|1921||54|01/01/2025|||YEAR_LAST_CONSTRUCTION
42202190000NB|19.3|19.4|1921||54|01/01/2025|||YEAR_LAST_CONSTRUCTION
42202190000NB|19.4|19.5|1921||54|01/01/2025|||YEAR_LAST_CONSTRUCTION
42202190000NB|19.5|19.51|1921||54|01/01/2025|||YEAR_LAST_CONSTRUCTION
42202190000NB|19.51|19.6|1921||54|01/01/2025|||YEAR_LAST_CONSTRUCTION
42202190000NB|19.6|19.7|1921||54|01/01/2025|||YEAR_LAST_CONSTRUCTION
42202190000NB|19.7|19.8|1921||54|01/01/2025|||YEAR_LAST_CONSTRUCTION
42202190000NB|19.8|19.9|1921||54|01/01/2025|||YEAR_LAST_CONSTRUCTION
42202190000NB|19.9|20.0|1921||54|01/01/2025|||YEAR_LAST_CONSTRUCTION
42202190000NB|20.0|20.1|1921||54|01/01/2025|||YEAR_LAST_CONSTRUCTION
42202190000NB|20.1|20.2|1921||54|01/01/2025|||YEAR_LAST_CONSTRUCTION
42202190000NB|20.2|20.3|1921||54|01/01/2025|||YEAR_LAST_CONSTRUCTION
42202190000NB|20.3|20.4|1921||54|01/01/2025|||YEAR_LAST_CONSTRUCTION
42202190000NB|20.4|20.5|1921||54|01/01/2025|||YEAR_LAST_CONSTRUCTION
42202190000NB|20.5|20.6|1921||54|01/01/2025|||YEAR_LAST_CONSTRUCTION
42202190000NB|20.6|20.7|1921||54|01/01/2025|||YEAR_LAST_CONSTRUCTION
42202190000NB|20.7|20.8|1921||54|01/01/2025|||YEAR_LAST_CONSTRUCTION
42202190000NB|20.8|20.9|1921||54|01/01/2025|||YEAR_LAST_CONSTRUCTION
42202190000NB|20.9|21.0|1921||54|01/01/2025|||YEAR_LAST_CONSTRUCTION
42202190000NB|21.0|21.1|1921||54|01/01/2025|||YEAR_LAST_CONSTRUCTION
42202190000NB|21.1|21.2|1921||54|01/01/2025|||YEAR_LAST_CONSTRUCTION
42202190000NB|21.2|21.3|1921||54|01/01/2025|||YEAR_LAST_CONSTRUCTION
42202190000NB|21.3|21.4|1921||54|01/01/2025|||YEAR_LAST_CONSTRUCTION
42202190000NB|21.4|21.44|1921||54|01/01/2025|||YEAR_LAST_CONSTRUCTION
42202190000NB|21.48|21.5|1921||54|01/01/2025|||YEAR_LAST_CONSTRUCTION
42202190000NB|21.5|21.6|1921||54|01/01/2025|||YEAR_LAST_CONSTRUCTION
42202190000NB|21.6|21.64|1921||54|01/01/2025|||YEAR_LAST_CONSTRUCTION
42202190000NB|21.64|21.67|1921||54|01/01/2025|||YEAR_LAST_CONSTRUCTION
42202190000NB|27.9|28.0|1921||54|01/01/2025|||YEAR_LAST_CONSTRUCTION
42202190000NB|28.0|28.1|1921||54|01/01/2025|||YEAR_LAST_CONSTRUCTION
42202190000NB|28.1|28.2|1921||54|01/01/2025|||YEAR_LAST_CONSTRUCTION
42202190000NB|28.2|28.3|1921||54|01/01/2025|||YEAR_LAST_CONSTRUCTION
42202190000NB|28.3|28.4|1921||54|01/01/2025|||YEAR_LAST_CONSTRUCTION
42202190000NB|28.4|28.5|1921||54|01/01/2025|||YEAR_LAST_CONSTRUCTION
42202190000NB|28.5|28.6|1921||54|01/01/2025|||YEAR_LAST_CONSTRUCTION
42202190000NB|28.6|28.7|1921||54|01/01/2025|||YEAR_LAST_CONSTRUCTION
42202190000NB|28.7|28.8|1921||54|01/01/2025|||YEAR_LAST_CONSTRUCTION
42202190000NB|28.8|28.9|1921||54|01/01/2025|||YEAR_LAST_CONSTRUCTION
42202190000NB|28.9|29.0|1921||54|01/01/2025|||YEAR_LAST_CONSTRUCTION
42202190000NB|29.0|29.1|1921||54|01/01/2025|||YEAR_LAST_CONSTRUCTION
42202190000NB|29.1|29.2|1921||54|01/01/2025|||YEAR_LAST_CONSTRUCTION
42202190000NB|29.2|29.3|1921||54|01/01/2025|||YEAR_LAST_CONSTRUCTION
42202190000NB|29.3|29.4|1921||54|01/01/2025|||YEAR_LAST_CONSTRUCTION
42202190000NB|29.4|29.5|1921||54|01/01/2025|||YEAR_LAST_CONSTRUCTION
42202190000NB|29.5|29.6|1921||54|01/01/2025|||YEAR_LAST_CONSTRUCTION
42202190000NB|29.6|29.7|1921||54|01/01/2025|||YEAR_LAST_CONSTRUCTION
42202190000NB|29.7|29.8|1921||54|01/01/2025|||YEAR_LAST_CONSTRUCTION
42202190000NB|29.8|29.9|1921||54|01/01/2025|||YEAR_LAST_CONSTRUCTION
42202190000NB|29.9|30.0|1921||54|01/01/2025|||YEAR_LAST_CONSTRUCTION
42202190000NB|30.0|30.1|1921||54|01/01/2025|||YEAR_LAST_CONSTRUCTION
42202190000NB|30.1|30.16|1921||54|01/01/2025|||YEAR_LAST_CONSTRUCTION
42202190000NB|38.13|38.36|1921||54|01/01/2025|||YEAR_LAST_CONSTRUCTION
42202190000NB|38.938|39.46|1921||54|01/01/2025|||YEAR_LAST_CONSTRUCTION
42202190000NB|42.36|42.373|1921||54|01/01/2025|||YEAR_LAST_CONSTRUCTION
42200330000EB|7.76|7.8|1922||54|01/01/2025|||YEAR_LAST_CONSTRUCTION
42200330000EB|7.8|7.9|1922||54|01/01/2025|||YEAR_LAST_CONSTRUCTION
42200330000EB|7.9|8.0|1922||54|01/01/2025|||YEAR_LAST_CONSTRUCTION
42200330000EB|8.0|8.05|1922||54|01/01/2025|||YEAR_LAST_CONSTRUCTION
42200330000EB|9.5|9.6|1922||54|01/01/2025|||YEAR_LAST_CONSTRUCTION
42200330000EB|9.6|9.7|1922||54|01/01/2025|||YEAR_LAST_CONSTRUCTION
42200330000EB|9.7|9.74|1922||54|01/01/2025|||YEAR_LAST_CONSTRUCTION
42200330000EB|10.26|10.3|1922||54|01/01/2025|||YEAR_LAST_CONSTRUCTION
42200330000EB|10.3|10.4|1922||54|01/01/2025|||YEAR_LAST_CONSTRUCTION
42200330000EB|10.4|10.41|1922||54|01/01/2025|||YEAR_LAST_CONSTRUCTION
42200330000EB|10.41|10.5|1922||54|01/01/2025|||YEAR_LAST_CONSTRUCTION
42200330000EB|10.5|10.6|1922||54|01/01/2025|||YEAR_LAST_CONSTRUCTION
42200330000EB|10.6|10.7|1922||54|01/01/2025|||YEAR_LAST_CONSTRUCTION
42200330000EB|10.7|10.8|1922||54|01/01/2025|||YEAR_LAST_CONSTRUCTION
42200330000EB|10.8|10.89|1922||54|01/01/2025|||YEAR_LAST_CONSTRUCTION
42200330000EB|10.89|10.9|1922||54|01/01/2025|||YEAR_LAST_CONSTRUCTION
42200330000EB|10.9|10.99|1922||54|01/01/2025|||YEAR_LAST_CONSTRUCTION
4240219220000|0.0|0.16|1969||54|01/01/2025|||YEAR_LAST_CONSTRUCTION
42202500000NB|9.71|9.77|1921||54|01/01/2025|||YEAR_LAST_CONSTRUCTION
42202500000NB|9.77|9.8|1921||54|01/01/2025|||YEAR_LAST_CONSTRUCTION
42202500000NB|9.8|9.9|1921||54|01/01/2025|||YEAR_LAST_CONSTRUCTION
42202500000NB|9.9|10.0|1921||54|01/01/2025|||YEAR_LAST_CONSTRUCTION
42202500000NB|10.0|10.1|1921||54|01/01/2025|||YEAR_LAST_CONSTRUCTION
42202500000NB|10.1|10.2|1921||54|01/01/2025|||YEAR_LAST_CONSTRUCTION
42202500000NB|10.2|10.3|1921||54|01/01/2025|||YEAR_LAST_CONSTRUCTION
42202500000NB|10.3|10.4|1921||54|01/01/2025|||YEAR_LAST_CONSTRUCTION
42202500000NB|10.4|10.42|1921||54|01/01/2025|||YEAR_LAST_CONSTRUCTION
42202500000NB|10.42|10.5|1921||54|01/01/2025|||YEAR_LAST_CONSTRUCTION
42202500000NB|10.5|10.6|1921||54|01/01/2025|||YEAR_LAST_CONSTRUCTION
42202500000NB|10.6|10.7|1921||54|01/01/2025|||YEAR_LAST_CONSTRUCTION
42202500000NB|10.7|10.8|1921||54|01/01/2025|||YEAR_LAST_CONSTRUCTION
42202500000NB|10.8|10.9|1921||54|01/01/2025|||YEAR_LAST_CONSTRUCTION
42202500000NB|10.9|11.0|1921||54|01/01/2025|||YEAR_LAST_CONSTRUCTION
42202500000NB|11.0|11.1|1921||54|01/01/2025|||YEAR_LAST_CONSTRUCTION
42202500000NB|11.1|11.2|1921||54|01/01/2025|||YEAR_LAST_CONSTRUCTION
42202500000NB|11.2|11.3|1921||54|01/01/2025|||YEAR_LAST_CONSTRUCTION
42202500000NB|11.3|11.4|1921||54|01/01/2025|||YEAR_LAST_CONSTRUCTION
42202500000NB|11.4|11.5|1921||54|01/01/2025|||YEAR_LAST_CONSTRUCTION
42202500000NB|11.5|11.6|1921||54|01/01/2025|||YEAR_LAST_CONSTRUCTION
42202500000NB|11.6|11.7|1921||54|01/01/2025|||YEAR_LAST_CONSTRUCTION
42202500000NB|11.7|11.8|1921||54|01/01/2025|||YEAR_LAST_CONSTRUCTION
42202500000NB|11.8|11.9|1921||54|01/01/2025|||YEAR_LAST_CONSTRUCTION
42202500000NB|11.9|12.0|1921||54|01/01/2025|||YEAR_LAST_CONSTRUCTION
42202500000NB|12.0|12.1|1921||54|01/01/2025|||YEAR_LAST_CONSTRUCTION
42202500000NB|12.1|12.2|1921||54|01/01/2025|||YEAR_LAST_CONSTRUCTION
42202500000NB|12.2|12.3|1921||54|01/01/2025|||YEAR_LAST_CONSTRUCTION
42202500000NB|12.3|12.4|1921||54|01/01/2025|||YEAR_LAST_CONSTRUCTION
42202500000NB|12.4|12.45|1921||54|01/01/2025|||YEAR_LAST_CONSTRUCTION
4240031000000|0.0|1.81|1933||54|01/01/2025|||YEAR_LAST_CONSTRUCTION
38202500000NB|0.0|0.1|1921||54|01/01/2025|||YEAR_LAST_CONSTRUCTION
38202500000NB|0.1|0.2|1921||54|01/01/2025|||YEAR_LAST_CONSTRUCTION
38202500000NB|0.2|0.3|1921||54|01/01/2025|||YEAR_LAST_CONSTRUCTION
38202500000NB|0.3|0.4|1921||54|01/01/2025|||YEAR_LAST_CONSTRUCTION
38202500000NB|0.4|0.5|1921||54|01/01/2025|||YEAR_LAST_CONSTRUCTION
38202500000NB|0.5|0.6|1921||54|01/01/2025|||YEAR_LAST_CONSTRUCTION
38202500000NB|0.6|0.7|1921||54|01/01/2025|||YEAR_LAST_CONSTRUCTION
38202500000NB|0.7|0.8|1921||54|01/01/2025|||YEAR_LAST_CONSTRUCTION
38202500000NB|0.8|0.9|1921||54|01/01/2025|||YEAR_LAST_CONSTRUCTION
38202500000NB|0.9|1.0|1921||54|01/01/2025|||YEAR_LAST_CONSTRUCTION
38202500000NB|1.0|1.1|1921||54|01/01/2025|||YEAR_LAST_CONSTRUCTION
38202500000NB|1.1|1.2|1921||54|01/01/2025|||YEAR_LAST_CONSTRUCTION
38202500000NB|1.2|1.3|1921||54|01/01/2025|||YEAR_LAST_CONSTRUCTION
38202500000NB|1.3|1.4|1921||54|01/01/2025|||YEAR_LAST_CONSTRUCTION
38202500000NB|1.4|1.5|1921||54|01/01/2025|||YEAR_LAST_CONSTRUCTION
38202500000NB|1.5|1.6|1921||54|01/01/2025|||YEAR_LAST_CONSTRUCTION
38202500000NB|1.6|1.7|1921||54|01/01/2025|||YEAR_LAST_CONSTRUCTION
38202500000NB|1.7|1.8|1921||54|01/01/2025|||YEAR_LAST_CONSTRUCTION
38202500000NB|1.8|1.9|1921||54|01/01/2025|||YEAR_LAST_CONSTRUCTION
38202500000NB|1.9|2.0|1921||54|01/01/2025|||YEAR_LAST_CONSTRUCTION
38202500000NB|2.0|2.1|1921||54|01/01/2025|||YEAR_LAST_CONSTRUCTION
38202500000NB|2.1|2.2|1921||54|01/01/2025|||YEAR_LAST_CONSTRUCTION
38202500000NB|2.2|2.3|1921||54|01/01/2025|||YEAR_LAST_CONSTRUCTION
38202500000NB|2.3|2.4|1921||54|01/01/2025|||YEAR_LAST_CONSTRUCTION
38202500000NB|2.4|2.5|1921||54|01/01/2025|||YEAR_LAST_CONSTRUCTION
38202500000NB|2.5|2.6|1921||54|01/01/2025|||YEAR_LAST_CONSTRUCTION
38202500000NB|2.6|2.7|1921||54|01/01/2025|||YEAR_LAST_CONSTRUCTION
38202500000NB|2.7|2.8|1921||54|01/01/2025|||YEAR_LAST_CONSTRUCTION
38202500000NB|2.8|2.9|1921||54|01/01/2025|||YEAR_LAST_CONSTRUCTION
38202500000NB|2.9|3.0|1921||54|01/01/2025|||YEAR_LAST_CONSTRUCTION
38202500000NB|3.0|3.1|1921||54|01/01/2025|||YEAR_LAST_CONSTRUCTION
38202500000NB|3.1|3.2|1921||54|01/01/2025|||YEAR_LAST_CONSTRUCTION
38202500000NB|3.2|3.3|1921||54|01/01/2025|||YEAR_LAST_CONSTRUCTION
38202500000NB|3.3|3.4|1921||54|01/01/2025|||YEAR_LAST_CONSTRUCTION
38202500000NB|3.4|3.5|1921||54|01/01/2025|||YEAR_LAST_CONSTRUCTION
38202500000NB|3.5|3.6|1921||54|01/01/2025|||YEAR_LAST_CONSTRUCTION
38202500000NB|3.6|3.7|1921||54|01/01/2025|||YEAR_LAST_CONSTRUCTION
38202500000NB|3.7|3.8|1921||54|01/01/2025|||YEAR_LAST_CONSTRUCTION
38202500000NB|3.8|3.9|1921||54|01/01/2025|||YEAR_LAST_CONSTRUCTION
38202500000NB|3.9|4.0|1921||54|01/01/2025|||YEAR_LAST_CONSTRUCTION
38202500000NB|4.0|4.1|1921||54|01/01/2025|||YEAR_LAST_CONSTRUCTION
38202500000NB|4.1|4.2|1921||54|01/01/2025|||YEAR_LAST_CONSTRUCTION
38202500000NB|4.2|4.3|1921||54|01/01/2025|||YEAR_LAST_CONSTRUCTION
38202500000NB|4.3|4.4|1921||54|01/01/2025|||YEAR_LAST_CONSTRUCTION
38202500000NB|4.4|4.5|1921||54|01/01/2025|||YEAR_LAST_CONSTRUCTION
38202500000NB|4.5|4.6|1921||54|01/01/2025|||YEAR_LAST_CONSTRUCTION
38202500000NB|4.6|4.7|1921||54|01/01/2025|||YEAR_LAST_CONSTRUCTION
38202500000NB|4.7|4.8|1921||54|01/01/2025|||YEAR_LAST_CONSTRUCTION
38202500000NB|4.8|4.9|1921||54|01/01/2025|||YEAR_LAST_CONSTRUCTION
38202500000NB|4.9|5.0|1921||54|01/01/2025|||YEAR_LAST_CONSTRUCTION
38202500000NB|5.01|5.1|1921||54|01/01/2025|||YEAR_LAST_CONSTRUCTION
38202500000NB|5.1|5.2|1921||54|01/01/2025|||YEAR_LAST_CONSTRUCTION
38202500000NB|5.2|5.3|1921||54|01/01/2025|||YEAR_LAST_CONSTRUCTION
38202500000NB|5.3|5.4|1921||54|01/01/2025|||YEAR_LAST_CONSTRUCTION
38202500000NB|5.4|5.5|1921||54|01/01/2025|||YEAR_LAST_CONSTRUCTION
38202500000NB|5.5|5.6|1921||54|01/01/2025|||YEAR_LAST_CONSTRUCTION
38202500000NB|5.6|5.7|1921||54|01/01/2025|||YEAR_LAST_CONSTRUCTION
38202500000NB|5.7|5.8|1921||54|01/01/2025|||YEAR_LAST_CONSTRUCTION
38202500000NB|5.8|5.9|1921||54|01/01/2025|||YEAR_LAST_CONSTRUCTION
38202500000NB|5.9|6.0|1921||54|01/01/2025|||YEAR_LAST_CONSTRUCTION
38202500000NB|6.0|6.1|1921||54|01/01/2025|||YEAR_LAST_CONSTRUCTION
38202500000NB|6.1|6.2|1921||54|01/01/2025|||YEAR_LAST_CONSTRUCTION
38202500000NB|6.2|6.3|1921||54|01/01/2025|||YEAR_LAST_CONSTRUCTION
38202500000NB|6.3|6.4|1921||54|01/01/2025|||YEAR_LAST_CONSTRUCTION
38202500000NB|6.4|6.5|1921||54|01/01/2025|||YEAR_LAST_CONSTRUCTION
38202500000NB|6.5|6.6|1921||54|01/01/2025|||YEAR_LAST_CONSTRUCTION
38202500000NB|6.6|6.7|1921||54|01/01/2025|||YEAR_LAST_CONSTRUCTION
38202500000NB|6.7|6.8|1921||54|01/01/2025|||YEAR_LAST_CONSTRUCTION
38202500000NB|6.8|6.9|1921||54|01/01/2025|||YEAR_LAST_CONSTRUCTION
38202500000NB|6.9|6.96|1921||54|01/01/2025|||YEAR_LAST_CONSTRUCTION
38202500000NB|6.96|7.0|1921||54|01/01/2025|||YEAR_LAST_CONSTRUCTION
4272252001900|0.0|0.39|2008||54|01/01/2025|||YEAR_LAST_CONSTRUCTION
4240009000000|0.0|0.02|1933||54|01/01/2025|||YEAR_LAST_CONSTRUCTION
4240009000000|0.02|0.18|1933||54|01/01/2025|||YEAR_LAST_CONSTRUCTION
4240009000000|0.18|0.32|1933||54|01/01/2025|||YEAR_LAST_CONSTRUCTION
47300320005SB|0.04|0.1|1991||54|01/01/2025|||YEAR_LAST_CONSTRUCTION
47300320005SB|0.1|0.19|1991||54|01/01/2025|||YEAR_LAST_CONSTRUCTION
3830092000000|0.0|5.83|1921||54|01/01/2025|||YEAR_LAST_CONSTRUCTION
4730093000000|0.0|0.1|1963||54|01/01/2025|||YEAR_LAST_CONSTRUCTION
4730093000000|0.1|0.15|1963||54|01/01/2025|||YEAR_LAST_CONSTRUCTION
4730093000000|0.15|0.2|1963||54|01/01/2025|||YEAR_LAST_CONSTRUCTION
4730093000000|0.2|0.3|1963||54|01/01/2025|||YEAR_LAST_CONSTRUCTION
4730093000000|0.3|0.4|1963||54|01/01/2025|||YEAR_LAST_CONSTRUCTION
4730093000000|0.4|0.5|1963||54|01/01/2025|||YEAR_LAST_CONSTRUCTION
4730093000000|0.5|0.6|1963||54|01/01/2025|||YEAR_LAST_CONSTRUCTION
4730093000000|0.6|0.7|1963||54|01/01/2025|||YEAR_LAST_CONSTRUCTION
4730093000000|0.7|0.8|1963||54|01/01/2025|||YEAR_LAST_CONSTRUCTION
4730093000000|0.8|0.9|1963||54|01/01/2025|||YEAR_LAST_CONSTRUCTION
4730093000000|0.9|0.91|1963||54|01/01/2025|||YEAR_LAST_CONSTRUCTION
4730093000000|2.34|5.1|1963||54|01/01/2025|||YEAR_LAST_CONSTRUCTION
4730093000000|5.1|5.2|1963||54|01/01/2025|||YEAR_LAST_CONSTRUCTION
4730093000000|5.2|5.3|1963||54|01/01/2025|||YEAR_LAST_CONSTRUCTION
4730093000000|5.3|5.4|1963||54|01/01/2025|||YEAR_LAST_CONSTRUCTION
4730093000000|5.4|5.5|1963||54|01/01/2025|||YEAR_LAST_CONSTRUCTION
4730093000000|5.5|5.6|1963||54|01/01/2025|||YEAR_LAST_CONSTRUCTION
4730093000000|5.6|5.7|1963||54|01/01/2025|||YEAR_LAST_CONSTRUCTION
4730093000000|5.7|5.8|1963||54|01/01/2025|||YEAR_LAST_CONSTRUCTION
4730093000000|5.8|5.9|1963||54|01/01/2025|||YEAR_LAST_CONSTRUCTION
4730093000000|5.9|6.0|1963||54|01/01/2025|||YEAR_LAST_CONSTRUCTION
4730093000000|6.0|6.1|1963||54|01/01/2025|||YEAR_LAST_CONSTRUCTION
4730093000000|6.1|6.2|1963||54|01/01/2025|||YEAR_LAST_CONSTRUCTION
4730093000000|6.2|6.3|1963||54|01/01/2025|||YEAR_LAST_CONSTRUCTION
4730093000000|6.3|6.4|1963||54|01/01/2025|||YEAR_LAST_CONSTRUCTION
4730093000000|6.4|6.5|1963||54|01/01/2025|||YEAR_LAST_CONSTRUCTION
4730093000000|6.5|6.6|1963||54|01/01/2025|||YEAR_LAST_CONSTRUCTION
4730093000000|6.6|6.7|1963||54|01/01/2025|||YEAR_LAST_CONSTRUCTION
4730093000000|6.7|6.8|1963||54|01/01/2025|||YEAR_LAST_CONSTRUCTION
4730093000000|6.8|6.9|1963||54|01/01/2025|||YEAR_LAST_CONSTRUCTION
4730093000000|6.9|7.0|1963||54|01/01/2025|||YEAR_LAST_CONSTRUCTION
4730093000000|7.0|7.1|1963||54|01/01/2025|||YEAR_LAST_CONSTRUCTION
4730093000000|7.1|7.2|1963||54|01/01/2025|||YEAR_LAST_CONSTRUCTION
4730093000000|7.2|7.3|1963||54|01/01/2025|||YEAR_LAST_CONSTRUCTION
4730093000000|7.3|7.4|1963||54|01/01/2025|||YEAR_LAST_CONSTRUCTION
4730093000000|7.4|7.42|1963||54|01/01/2025|||YEAR_LAST_CONSTRUCTION
1040021200000|0.0|0.98|1969||54|01/01/2025|||YEAR_LAST_CONSTRUCTION
1030016000000|1.75|2.38|1921||54|01/01/2025|||YEAR_LAST_CONSTRUCTION
1030016000000|14.616|14.746|1921||54|01/01/2025|||YEAR_LAST_CONSTRUCTION
1030016000000|15.526|15.75|1921||54|01/01/2025|||YEAR_LAST_CONSTRUCTION
1030016000000|15.75|16.666|1921||54|01/01/2025|||YEAR_LAST_CONSTRUCTION
1030016000000|23.176|23.4|1921||54|01/01/2025|||YEAR_LAST_CONSTRUCTION
1030016000000|23.4|23.516|1921||54|01/01/2025|||YEAR_LAST_CONSTRUCTION
1030006000000|0.0|0.12|1951||54|01/01/2025|||YEAR_LAST_CONSTRUCTION
1030006000000|0.12|0.33|1951||54|01/01/2025|||YEAR_LAST_CONSTRUCTION
1040019020000|0.0|0.82|1933||54|01/01/2025|||YEAR_LAST_CONSTRUCTION
1040012000000|2.769|3.28|1933||54|01/01/2025|||YEAR_LAST_CONSTRUCTION
10200600000EB|0.34|0.345|1921||54|01/01/2025|||YEAR_LAST_CONSTRUCTION
10200600000EB|0.345|0.4|1921||54|01/01/2025|||YEAR_LAST_CONSTRUCTION
10200600000EB|0.4|0.5|1921||54|01/01/2025|||YEAR_LAST_CONSTRUCTION
10200600000EB|0.5|0.6|1921||54|01/01/2025|||YEAR_LAST_CONSTRUCTION
10200600000EB|0.6|0.7|1921||54|01/01/2025|||YEAR_LAST_CONSTRUCTION
10200600000EB|0.7|0.8|1921||54|01/01/2025|||YEAR_LAST_CONSTRUCTION
10200600000EB|0.8|0.9|1921||54|01/01/2025|||YEAR_LAST_CONSTRUCTION
10200600000EB|0.9|1.0|1921||54|01/01/2025|||YEAR_LAST_CONSTRUCTION
10200600000EB|1.0|1.01|1921||54|01/01/2025|||YEAR_LAST_CONSTRUCTION
1040015000000|0.0|1.58|1933||54|01/01/2025|||YEAR_LAST_CONSTRUCTION
1030061000100|0.0|0.16|1957||54|01/01/2025|||YEAR_LAST_CONSTRUCTION
10100770016NB|52.58|53.06|1998||54|01/01/2025|||YEAR_LAST_CONSTRUCTION
10100770016NB|53.06|54.13|1998||54|01/01/2025|||YEAR_LAST_CONSTRUCTION
10100770016NB|54.13|55.02|1998||54|01/01/2025|||YEAR_LAST_CONSTRUCTION
10100770016NB|55.02|58.32|1998||54|01/01/2025|||YEAR_LAST_CONSTRUCTION
10100770016NB|58.32|59.62|1998||54|01/01/2025|||YEAR_LAST_CONSTRUCTION
10100770016NB|59.62|61.6|1998||54|01/01/2025|||YEAR_LAST_CONSTRUCTION
10100770016NB|62.73|66.15|1998||54|01/01/2025|||YEAR_LAST_CONSTRUCTION
10100770016NB|66.15|67.21|1998||54|01/01/2025|||YEAR_LAST_CONSTRUCTION
1030061000000|22.53|25.56|1921||54|01/01/2025|||YEAR_LAST_CONSTRUCTION
1040014020000|0.2|0.35|1941||54|01/01/2025|||YEAR_LAST_CONSTRUCTION
1040019430000|0.09|0.34|1979||54|01/01/2025|||YEAR_LAST_CONSTRUCTION
1040061280000|0.0|0.59|1976||54|01/01/2025|||YEAR_LAST_CONSTRUCTION
1040008000000|1.3|2.0|1933||54|01/01/2025|||YEAR_LAST_CONSTRUCTION
1040008000000|3.28|6.25|1933||54|01/01/2025|||YEAR_LAST_CONSTRUCTION
1040018230000|0.0|0.44|1997||54|01/01/2025|||YEAR_LAST_CONSTRUCTION
1040061100000|0.08|0.45|1945||54|01/01/2025|||YEAR_LAST_CONSTRUCTION
1040005000000|0.06|0.37|1933||54|01/01/2025|||YEAR_LAST_CONSTRUCTION
1040005000000|0.37|0.4|1933||54|01/01/2025|||YEAR_LAST_CONSTRUCTION
1040005000000|0.4|0.6|1933||54|01/01/2025|||YEAR_LAST_CONSTRUCTION
1040005000000|0.6|0.62|1933||54|01/01/2025|||YEAR_LAST_CONSTRUCTION
10200190000NB|0.0|0.1|1921||54|01/01/2025|||YEAR_LAST_CONSTRUCTION
10200190000NB|0.1|0.2|1921||54|01/01/2025|||YEAR_LAST_CONSTRUCTION
10200190000NB|0.2|0.3|1921||54|01/01/2025|||YEAR_LAST_CONSTRUCTION
10200190000NB|0.3|0.4|1921||54|01/01/2025|||YEAR_LAST_CONSTRUCTION
10200190000NB|0.4|0.5|1921||54|01/01/2025|||YEAR_LAST_CONSTRUCTION
10200190000NB|0.5|0.6|1921||54|01/01/2025|||YEAR_LAST_CONSTRUCTION
10200190000NB|0.6|0.7|1921||54|01/01/2025|||YEAR_LAST_CONSTRUCTION
10200190000NB|0.7|0.8|1921||54|01/01/2025|||YEAR_LAST_CONSTRUCTION
10200190000NB|0.8|0.9|1921||54|01/01/2025|||YEAR_LAST_CONSTRUCTION
10200190000NB|0.9|1.0|1921||54|01/01/2025|||YEAR_LAST_CONSTRUCTION
10200190000NB|1.0|1.02|1921||54|01/01/2025|||YEAR_LAST_CONSTRUCTION
10200190000NB|2.85|2.9|1921||54|01/01/2025|||YEAR_LAST_CONSTRUCTION
10200190000NB|2.9|3.0|1921||54|01/01/2025|||YEAR_LAST_CONSTRUCTION
10200190000NB|3.0|3.1|1921||54|01/01/2025|||YEAR_LAST_CONSTRUCTION
10200190000NB|3.1|3.2|1921||54|01/01/2025|||YEAR_LAST_CONSTRUCTION
10200190000NB|3.2|3.3|1921||54|01/01/2025|||YEAR_LAST_CONSTRUCTION
10200190000NB|3.3|3.4|1921||54|01/01/2025|||YEAR_LAST_CONSTRUCTION
10200190000NB|3.4|3.5|1921||54|01/01/2025|||YEAR_LAST_CONSTRUCTION
10200190000NB|3.5|3.6|1921||54|01/01/2025|||YEAR_LAST_CONSTRUCTION
10200190000NB|3.6|3.7|1921||54|01/01/2025|||YEAR_LAST_CONSTRUCTION
10200190000NB|3.7|3.8|1921||54|01/01/2025|||YEAR_LAST_CONSTRUCTION
10200190000NB|3.8|3.82|1921||54|01/01/2025|||YEAR_LAST_CONSTRUCTION
10200190000NB|3.89|3.9|1921||54|01/01/2025|||YEAR_LAST_CONSTRUCTION
10200190000NB|3.9|4.0|1921||54|01/01/2025|||YEAR_LAST_CONSTRUCTION
10200190000NB|4.0|4.1|1921||54|01/01/2025|||YEAR_LAST_CONSTRUCTION
10200190000NB|4.1|4.2|1921||54|01/01/2025|||YEAR_LAST_CONSTRUCTION
10200190000NB|4.2|4.3|1921||54|01/01/2025|||YEAR_LAST_CONSTRUCTION
10200190000NB|4.3|4.4|1921||54|01/01/2025|||YEAR_LAST_CONSTRUCTION
10200190000NB|4.4|4.5|1921||54|01/01/2025|||YEAR_LAST_CONSTRUCTION
10200190000NB|4.5|4.6|1921||54|01/01/2025|||YEAR_LAST_CONSTRUCTION
10200190000NB|4.6|4.7|1921||54|01/01/2025|||YEAR_LAST_CONSTRUCTION
10200190000NB|4.7|4.8|1921||54|01/01/2025|||YEAR_LAST_CONSTRUCTION
10200190000NB|4.8|4.9|1921||54|01/01/2025|||YEAR_LAST_CONSTRUCTION
10200190000NB|4.9|5.0|1921||54|01/01/2025|||YEAR_LAST_CONSTRUCTION
10200190000NB|5.0|5.1|1921||54|01/01/2025|||YEAR_LAST_CONSTRUCTION
10200190000NB|5.1|5.2|1921||54|01/01/2025|||YEAR_LAST_CONSTRUCTION
10200190000NB|5.2|5.3|1921||54|01/01/2025|||YEAR_LAST_CONSTRUCTION
10200190000NB|5.3|5.4|1921||54|01/01/2025|||YEAR_LAST_CONSTRUCTION
10200190000NB|5.4|5.5|1921||54|01/01/2025|||YEAR_LAST_CONSTRUCTION
10200190000NB|5.5|5.6|1921||54|01/01/2025|||YEAR_LAST_CONSTRUCTION
10200190000NB|5.6|5.7|1921||54|01/01/2025|||YEAR_LAST_CONSTRUCTION
10200190000NB|5.7|5.8|1921||54|01/01/2025|||YEAR_LAST_CONSTRUCTION
10200190000NB|5.8|5.9|1921||54|01/01/2025|||YEAR_LAST_CONSTRUCTION
10200190000NB|5.9|6.0|1921||54|01/01/2025|||YEAR_LAST_CONSTRUCTION
10200190000NB|6.0|6.1|1921||54|01/01/2025|||YEAR_LAST_CONSTRUCTION
10200190000NB|6.1|6.16|1921||54|01/01/2025|||YEAR_LAST_CONSTRUCTION
13200600000EB|16.48|16.5|1921||54|01/01/2025|||YEAR_LAST_CONSTRUCTION
13200600000EB|16.5|16.6|1921||54|01/01/2025|||YEAR_LAST_CONSTRUCTION
13200600000EB|16.6|16.7|1921||54|01/01/2025|||YEAR_LAST_CONSTRUCTION
13200600000EB|16.7|16.8|1921||54|01/01/2025|||YEAR_LAST_CONSTRUCTION
13200600000EB|16.8|16.9|1921||54|01/01/2025|||YEAR_LAST_CONSTRUCTION
13200600000EB|16.9|17.0|1921||54|01/01/2025|||YEAR_LAST_CONSTRUCTION
13200600000EB|17.0|17.1|1921||54|01/01/2025|||YEAR_LAST_CONSTRUCTION
13200600000EB|17.1|17.2|1921||54|01/01/2025|||YEAR_LAST_CONSTRUCTION
13200600000EB|17.2|17.3|1921||54|01/01/2025|||YEAR_LAST_CONSTRUCTION
13200600000EB|17.3|17.4|1921||54|01/01/2025|||YEAR_LAST_CONSTRUCTION
13200600000EB|17.4|17.43|1921||54|01/01/2025|||YEAR_LAST_CONSTRUCTION
13200600000EB|28.53|28.6|1921||54|01/01/2025|||YEAR_LAST_CONSTRUCTION
13200600000EB|28.6|28.7|1921||54|01/01/2025|||YEAR_LAST_CONSTRUCTION
13200600000EB|28.7|28.8|1921||54|01/01/2025|||YEAR_LAST_CONSTRUCTION
13200600000EB|28.8|28.9|1921||54|01/01/2025|||YEAR_LAST_CONSTRUCTION
13200600000EB|28.9|29.0|1921||54|01/01/2025|||YEAR_LAST_CONSTRUCTION
13200600000EB|29.0|29.1|1921||54|01/01/2025|||YEAR_LAST_CONSTRUCTION
13200600000EB|29.1|29.2|1921||54|01/01/2025|||YEAR_LAST_CONSTRUCTION
13200600000EB|29.2|29.3|1921||54|01/01/2025|||YEAR_LAST_CONSTRUCTION
13200600000EB|29.3|29.4|1921||54|01/01/2025|||YEAR_LAST_CONSTRUCTION
13200600000EB|29.4|29.5|1921||54|01/01/2025|||YEAR_LAST_CONSTRUCTION
13200600000EB|29.5|29.6|1921||54|01/01/2025|||YEAR_LAST_CONSTRUCTION
13200600000EB|29.6|29.61|1921||54|01/01/2025|||YEAR_LAST_CONSTRUCTION
13200600000EB|35.19|35.2|1921||54|01/01/2025|||YEAR_LAST_CONSTRUCTION
13200600000EB|35.2|35.3|1921||54|01/01/2025|||YEAR_LAST_CONSTRUCTION
13200600000EB|35.3|35.4|1921||54|01/01/2025|||YEAR_LAST_CONSTRUCTION
13200600000EB|35.4|35.5|1921||54|01/01/2025|||YEAR_LAST_CONSTRUCTION
13200600000EB|35.5|35.6|1921||54|01/01/2025|||YEAR_LAST_CONSTRUCTION
13200600000EB|35.6|35.7|1921||54|01/01/2025|||YEAR_LAST_CONSTRUCTION
13200600000EB|35.7|35.8|1921||54|01/01/2025|||YEAR_LAST_CONSTRUCTION
13200600000EB|35.8|35.9|1921||54|01/01/2025|||YEAR_LAST_CONSTRUCTION
13200600000EB|35.9|36.0|1921||54|01/01/2025|||YEAR_LAST_CONSTRUCTION
13200600000EB|36.0|36.1|1921||54|01/01/2025|||YEAR_LAST_CONSTRUCTION
13200600000EB|36.1|36.2|1921||54|01/01/2025|||YEAR_LAST_CONSTRUCTION
13200600000EB|36.2|36.3|1921||54|01/01/2025|||YEAR_LAST_CONSTRUCTION
13200600000EB|36.3|36.4|1921||54|01/01/2025|||YEAR_LAST_CONSTRUCTION
13200600000EB|36.4|36.5|1921||54|01/01/2025|||YEAR_LAST_CONSTRUCTION
13200600000EB|36.5|36.6|1921||54|01/01/2025|||YEAR_LAST_CONSTRUCTION
13200600000EB|36.6|36.7|1921||54|01/01/2025|||YEAR_LAST_CONSTRUCTION
13200600000EB|36.7|36.8|1921||54|01/01/2025|||YEAR_LAST_CONSTRUCTION
13200600000EB|36.8|36.9|1921||54|01/01/2025|||YEAR_LAST_CONSTRUCTION
13200600000EB|36.9|37.0|1921||54|01/01/2025|||YEAR_LAST_CONSTRUCTION
13200600000EB|37.0|37.1|1921||54|01/01/2025|||YEAR_LAST_CONSTRUCTION
13200600000EB|37.1|37.2|1921||54|01/01/2025|||YEAR_LAST_CONSTRUCTION
13200600000EB|37.2|37.3|1921||54|01/01/2025|||YEAR_LAST_CONSTRUCTION
13200600000EB|37.3|37.4|1921||54|01/01/2025|||YEAR_LAST_CONSTRUCTION
13200600000EB|37.4|37.49|1921||54|01/01/2025|||YEAR_LAST_CONSTRUCTION
13200600000EB|37.49|37.5|1921||54|01/01/2025|||YEAR_LAST_CONSTRUCTION
13200600000EB|37.5|37.6|1921||54|01/01/2025|||YEAR_LAST_CONSTRUCTION
13200600000EB|37.6|37.65|1921||54|01/01/2025|||YEAR_LAST_CONSTRUCTION
1340045000000|0.66|1.04|1933||54|01/01/2025|||YEAR_LAST_CONSTRUCTION
13202190005SB|0.0|0.1|2020||54|01/01/2025|||YEAR_LAST_CONSTRUCTION
13202190005SB|0.1|0.2|2020||54|01/01/2025|||YEAR_LAST_CONSTRUCTION
13202190005SB|0.2|0.3|2020||54|01/01/2025|||YEAR_LAST_CONSTRUCTION
13202190005SB|0.3|0.33|2020||54|01/01/2025|||YEAR_LAST_CONSTRUCTION
1340060140000|6.25|6.298|1933||54|01/01/2025|||YEAR_LAST_CONSTRUCTION
1340060140000|6.298|6.348|1933||54|01/01/2025|||YEAR_LAST_CONSTRUCTION
1340060140000|6.348|6.39|1933||54|01/01/2025|||YEAR_LAST_CONSTRUCTION
1340037120000|0.0|0.14|2000||54|01/01/2025|||YEAR_LAST_CONSTRUCTION
1330063000000|6.06|7.63|1921||54|01/01/2025|||YEAR_LAST_CONSTRUCTION
13100640000EB|155.5|155.6|1964||54|01/01/2025|||YEAR_LAST_CONSTRUCTION
13100640000EB|155.6|155.7|1964||54|01/01/2025|||YEAR_LAST_CONSTRUCTION
13100640000EB|155.7|155.8|1964||54|01/01/2025|||YEAR_LAST_CONSTRUCTION
13100640000EB|155.8|155.9|1964||54|01/01/2025|||YEAR_LAST_CONSTRUCTION
13100640000EB|155.9|156.0|1964||54|01/01/2025|||YEAR_LAST_CONSTRUCTION
13100640000EB|156.0|156.1|1964||54|01/01/2025|||YEAR_LAST_CONSTRUCTION
13100640000EB|156.1|156.18|1964||54|01/01/2025|||YEAR_LAST_CONSTRUCTION
13100640000EB|156.18|156.2|1964||54|01/01/2025|||YEAR_LAST_CONSTRUCTION
13100640000EB|156.2|156.3|1964||54|01/01/2025|||YEAR_LAST_CONSTRUCTION
13100640000EB|156.3|156.4|1964||54|01/01/2025|||YEAR_LAST_CONSTRUCTION
13100640000EB|156.4|156.5|1964||54|01/01/2025|||YEAR_LAST_CONSTRUCTION
13100640000EB|156.5|156.6|1964||54|01/01/2025|||YEAR_LAST_CONSTRUCTION
13100640000EB|156.6|156.7|1964||54|01/01/2025|||YEAR_LAST_CONSTRUCTION
13100640000EB|156.7|156.8|1964||54|01/01/2025|||YEAR_LAST_CONSTRUCTION
13100640000EB|156.8|156.9|1964||54|01/01/2025|||YEAR_LAST_CONSTRUCTION
13100640000EB|156.9|157.0|1964||54|01/01/2025|||YEAR_LAST_CONSTRUCTION
13100640000EB|157.0|157.1|1964||54|01/01/2025|||YEAR_LAST_CONSTRUCTION
13100640000EB|157.1|157.2|1964||54|01/01/2025|||YEAR_LAST_CONSTRUCTION
13100640000EB|157.2|157.3|1964||54|01/01/2025|||YEAR_LAST_CONSTRUCTION
13100640000EB|157.3|157.4|1964||54|01/01/2025|||YEAR_LAST_CONSTRUCTION
13100640000EB|157.4|157.5|1964||54|01/01/2025|||YEAR_LAST_CONSTRUCTION
13100640000EB|157.5|157.6|1964||54|01/01/2025|||YEAR_LAST_CONSTRUCTION
13100640000EB|157.6|157.7|1964||54|01/01/2025|||YEAR_LAST_CONSTRUCTION
13100640000EB|157.7|157.8|1964||54|01/01/2025|||YEAR_LAST_CONSTRUCTION
13100640000EB|157.8|157.9|1964||54|01/01/2025|||YEAR_LAST_CONSTRUCTION
13100640000EB|157.9|158.0|1964||54|01/01/2025|||YEAR_LAST_CONSTRUCTION
13100640000EB|158.0|158.1|1964||54|01/01/2025|||YEAR_LAST_CONSTRUCTION
13100640000EB|158.1|158.2|1964||54|01/01/2025|||YEAR_LAST_CONSTRUCTION
13100640000EB|158.2|158.3|1964||54|01/01/2025|||YEAR_LAST_CONSTRUCTION
13100640000EB|158.3|158.4|1964||54|01/01/2025|||YEAR_LAST_CONSTRUCTION
13100640000EB|158.4|158.5|1964||54|01/01/2025|||YEAR_LAST_CONSTRUCTION
13100640000EB|158.5|158.6|1964||54|01/01/2025|||YEAR_LAST_CONSTRUCTION
13100640000EB|158.6|158.7|1964||54|01/01/2025|||YEAR_LAST_CONSTRUCTION
13100640000EB|158.7|158.8|1964||54|01/01/2025|||YEAR_LAST_CONSTRUCTION
13100640000EB|158.8|158.9|1964||54|01/01/2025|||YEAR_LAST_CONSTRUCTION
13100640000EB|158.9|159.0|1964||54|01/01/2025|||YEAR_LAST_CONSTRUCTION
13100640000EB|159.0|159.1|1964||54|01/01/2025|||YEAR_LAST_CONSTRUCTION
13100640000EB|159.1|159.2|1964||54|01/01/2025|||YEAR_LAST_CONSTRUCTION
13100640000EB|159.2|159.3|1964||54|01/01/2025|||YEAR_LAST_CONSTRUCTION
13100640000EB|159.3|159.4|1964||54|01/01/2025|||YEAR_LAST_CONSTRUCTION
13100640000EB|159.4|159.5|1964||54|01/01/2025|||YEAR_LAST_CONSTRUCTION
13100640000EB|159.5|159.6|1964||54|01/01/2025|||YEAR_LAST_CONSTRUCTION
13100640000EB|159.6|159.7|1964||54|01/01/2025|||YEAR_LAST_CONSTRUCTION
13100640000EB|159.7|159.8|1964||54|01/01/2025|||YEAR_LAST_CONSTRUCTION
13100640000EB|159.8|159.9|1964||54|01/01/2025|||YEAR_LAST_CONSTRUCTION
13100640000EB|159.9|160.0|1964||54|01/01/2025|||YEAR_LAST_CONSTRUCTION
13100640000EB|160.0|160.1|1964||54|01/01/2025|||YEAR_LAST_CONSTRUCTION
13100640000EB|160.1|160.2|1964||54|01/01/2025|||YEAR_LAST_CONSTRUCTION
13100640000EB|160.2|160.3|1964||54|01/01/2025|||YEAR_LAST_CONSTRUCTION
13100640000EB|160.3|160.4|1964||54|01/01/2025|||YEAR_LAST_CONSTRUCTION
13100640000EB|160.4|160.5|1964||54|01/01/2025|||YEAR_LAST_CONSTRUCTION
13100640000EB|160.5|160.6|1964||54|01/01/2025|||YEAR_LAST_CONSTRUCTION
13100640000EB|160.6|160.7|1964||54|01/01/2025|||YEAR_LAST_CONSTRUCTION
13100640000EB|160.7|160.8|1964||54|01/01/2025|||YEAR_LAST_CONSTRUCTION
13100640000EB|160.8|160.9|1964||54|01/01/2025|||YEAR_LAST_CONSTRUCTION
13100640000EB|160.9|161.0|1964||54|01/01/2025|||YEAR_LAST_CONSTRUCTION
13100640000EB|161.0|161.1|1964||54|01/01/2025|||YEAR_LAST_CONSTRUCTION
13100640000EB|161.1|161.2|1964||54|01/01/2025|||YEAR_LAST_CONSTRUCTION
13100640000EB|161.2|161.3|1964||54|01/01/2025|||YEAR_LAST_CONSTRUCTION
13100640000EB|161.3|161.4|1964||54|01/01/2025|||YEAR_LAST_CONSTRUCTION
13100640000EB|161.4|161.46|1964||54|01/01/2025|||YEAR_LAST_CONSTRUCTION
13100640000EB|161.46|161.5|1964||54|01/01/2025|||YEAR_LAST_CONSTRUCTION
13100640000EB|161.5|161.6|1964||54|01/01/2025|||YEAR_LAST_CONSTRUCTION
13100640000EB|161.6|161.7|1964||54|01/01/2025|||YEAR_LAST_CONSTRUCTION
13100640000EB|161.7|161.8|1964||54|01/01/2025|||YEAR_LAST_CONSTRUCTION
13100640000EB|161.8|161.9|1964||54|01/01/2025|||YEAR_LAST_CONSTRUCTION
13100640000EB|161.9|162.0|1964||54|01/01/2025|||YEAR_LAST_CONSTRUCTION
13100640000EB|162.0|162.1|1964||54|01/01/2025|||YEAR_LAST_CONSTRUCTION
13100640000EB|162.1|162.2|1964||54|01/01/2025|||YEAR_LAST_CONSTRUCTION
13100640000EB|162.2|162.3|1964||54|01/01/2025|||YEAR_LAST_CONSTRUCTION
13100640000EB|162.3|162.4|1964||54|01/01/2025|||YEAR_LAST_CONSTRUCTION
13100640000EB|162.4|162.5|1964||54|01/01/2025|||YEAR_LAST_CONSTRUCTION
13100640000EB|162.5|162.6|1964||54|01/01/2025|||YEAR_LAST_CONSTRUCTION
13100640000EB|162.6|162.7|1964||54|01/01/2025|||YEAR_LAST_CONSTRUCTION
13100640000EB|162.7|162.8|1964||54|01/01/2025|||YEAR_LAST_CONSTRUCTION
13100640000EB|162.8|162.9|1964||54|01/01/2025|||YEAR_LAST_CONSTRUCTION
13100640000EB|162.9|163.0|1964||54|01/01/2025|||YEAR_LAST_CONSTRUCTION
13100640000EB|163.0|163.1|1964||54|01/01/2025|||YEAR_LAST_CONSTRUCTION
13100640000EB|163.1|163.2|1964||54|01/01/2025|||YEAR_LAST_CONSTRUCTION
13100640000EB|163.2|163.3|1964||54|01/01/2025|||YEAR_LAST_CONSTRUCTION
13100640000EB|163.3|163.4|1964||54|01/01/2025|||YEAR_LAST_CONSTRUCTION
13100640000EB|163.4|163.5|1964||54|01/01/2025|||YEAR_LAST_CONSTRUCTION
13100640000EB|163.5|163.6|1964||54|01/01/2025|||YEAR_LAST_CONSTRUCTION
13100640000EB|163.6|163.7|1964||54|01/01/2025|||YEAR_LAST_CONSTRUCTION
13100640000EB|163.7|163.8|1964||54|01/01/2025|||YEAR_LAST_CONSTRUCTION
13100640000EB|163.8|163.9|1964||54|01/01/2025|||YEAR_LAST_CONSTRUCTION
13100640000EB|163.9|164.0|1964||54|01/01/2025|||YEAR_LAST_CONSTRUCTION
13100640000EB|164.0|164.1|1964||54|01/01/2025|||YEAR_LAST_CONSTRUCTION
13100640000EB|164.1|164.17|1964||54|01/01/2025|||YEAR_LAST_CONSTRUCTION
13100640000EB|164.17|164.2|1964||54|01/01/2025|||YEAR_LAST_CONSTRUCTION
13100640000EB|164.2|164.3|1964||54|01/01/2025|||YEAR_LAST_CONSTRUCTION
13100640000EB|164.3|164.4|1964||54|01/01/2025|||YEAR_LAST_CONSTRUCTION
13100640000EB|164.4|164.5|1964||54|01/01/2025|||YEAR_LAST_CONSTRUCTION
13100640000EB|164.5|164.6|1964||54|01/01/2025|||YEAR_LAST_CONSTRUCTION
13100640000EB|164.6|164.7|1964||54|01/01/2025|||YEAR_LAST_CONSTRUCTION
13100640000EB|164.7|164.8|1964||54|01/01/2025|||YEAR_LAST_CONSTRUCTION
13100640000EB|164.8|164.9|1964||54|01/01/2025|||YEAR_LAST_CONSTRUCTION
13100640000EB|164.9|165.0|1964||54|01/01/2025|||YEAR_LAST_CONSTRUCTION
13100640000EB|165.0|165.1|1964||54|01/01/2025|||YEAR_LAST_CONSTRUCTION
13100640000EB|165.1|165.2|1964||54|01/01/2025|||YEAR_LAST_CONSTRUCTION
13100640000EB|165.2|165.3|1964||54|01/01/2025|||YEAR_LAST_CONSTRUCTION
13100640000EB|165.3|165.4|1964||54|01/01/2025|||YEAR_LAST_CONSTRUCTION
13100640000EB|165.4|165.5|1964||54|01/01/2025|||YEAR_LAST_CONSTRUCTION
13100640000EB|165.5|165.6|1964||54|01/01/2025|||YEAR_LAST_CONSTRUCTION
13100640000EB|165.6|165.7|1964||54|01/01/2025|||YEAR_LAST_CONSTRUCTION
13100640000EB|165.7|165.8|1964||54|01/01/2025|||YEAR_LAST_CONSTRUCTION
13100640000EB|165.8|165.87|1964||54|01/01/2025|||YEAR_LAST_CONSTRUCTION
13100640000EB|165.87|165.9|1964||54|01/01/2025|||YEAR_LAST_CONSTRUCTION
13100640000EB|165.9|165.95|1964||54|01/01/2025|||YEAR_LAST_CONSTRUCTION
13100640000EB|165.95|166.0|1964||54|01/01/2025|||YEAR_LAST_CONSTRUCTION
13100640000EB|166.0|166.1|1964||54|01/01/2025|||YEAR_LAST_CONSTRUCTION
13100640000EB|166.1|166.2|1964||54|01/01/2025|||YEAR_LAST_CONSTRUCTION
13100640000EB|166.2|166.3|1964||54|01/01/2025|||YEAR_LAST_CONSTRUCTION
13100640000EB|166.3|166.4|1964||54|01/01/2025|||YEAR_LAST_CONSTRUCTION
13100640000EB|166.4|166.5|1964||54|01/01/2025|||YEAR_LAST_CONSTRUCTION
13100640000EB|166.5|166.6|1964||54|01/01/2025|||YEAR_LAST_CONSTRUCTION
13100640000EB|166.6|166.7|1964||54|01/01/2025|||YEAR_LAST_CONSTRUCTION
13100640000EB|166.7|166.8|1964||54|01/01/2025|||YEAR_LAST_CONSTRUCTION
13100640000EB|166.8|166.9|1964||54|01/01/2025|||YEAR_LAST_CONSTRUCTION
13100640000EB|166.9|166.99|1964||54|01/01/2025|||YEAR_LAST_CONSTRUCTION
13100640000EB|166.99|167.0|1964||54|01/01/2025|||YEAR_LAST_CONSTRUCTION
13100640000EB|167.0|167.1|1964||54|01/01/2025|||YEAR_LAST_CONSTRUCTION
13100640000EB|167.1|167.2|1964||54|01/01/2025|||YEAR_LAST_CONSTRUCTION
13100640000EB|167.2|167.3|1964||54|01/01/2025|||YEAR_LAST_CONSTRUCTION
13100640000EB|167.3|167.4|1964||54|01/01/2025|||YEAR_LAST_CONSTRUCTION
13100640000EB|167.4|167.5|1964||54|01/01/2025|||YEAR_LAST_CONSTRUCTION
13100640000EB|167.5|167.6|1964||54|01/01/2025|||YEAR_LAST_CONSTRUCTION
13100640000EB|167.6|167.7|1964||54|01/01/2025|||YEAR_LAST_CONSTRUCTION
13100640000EB|167.7|167.8|1964||54|01/01/2025|||YEAR_LAST_CONSTRUCTION
13100640000EB|167.8|167.9|1964||54|01/01/2025|||YEAR_LAST_CONSTRUCTION
13100640000EB|167.9|168.0|1964||54|01/01/2025|||YEAR_LAST_CONSTRUCTION
13100640000EB|168.0|168.1|1964||54|01/01/2025|||YEAR_LAST_CONSTRUCTION
13100640000EB|168.1|168.2|1964||54|01/01/2025|||YEAR_LAST_CONSTRUCTION
13100640000EB|168.2|168.3|1964||54|01/01/2025|||YEAR_LAST_CONSTRUCTION
13100640000EB|168.3|168.4|1964||54|01/01/2025|||YEAR_LAST_CONSTRUCTION
13100640000EB|168.4|168.5|1964||54|01/01/2025|||YEAR_LAST_CONSTRUCTION
13100640000EB|168.5|168.6|1964||54|01/01/2025|||YEAR_LAST_CONSTRUCTION
13100640000EB|168.6|168.7|1964||54|01/01/2025|||YEAR_LAST_CONSTRUCTION
13100640000EB|168.7|168.8|1964||54|01/01/2025|||YEAR_LAST_CONSTRUCTION
13100640000EB|168.8|168.89|1964||54|01/01/2025|||YEAR_LAST_CONSTRUCTION
13100640000EB|168.91|168.96|1964||54|01/01/2025|||YEAR_LAST_CONSTRUCTION
13100640000EB|168.96|169.0|1964||54|01/01/2025|||YEAR_LAST_CONSTRUCTION
13100640000EB|169.0|169.1|1964||54|01/01/2025|||YEAR_LAST_CONSTRUCTION
13100640000EB|169.1|169.2|1964||54|01/01/2025|||YEAR_LAST_CONSTRUCTION
13100640000EB|169.2|169.3|1964||54|01/01/2025|||YEAR_LAST_CONSTRUCTION
13100640000EB|169.3|169.38|1964||54|01/01/2025|||YEAR_LAST_CONSTRUCTION
13100640000EB|169.38|169.4|1964||54|01/01/2025|||YEAR_LAST_CONSTRUCTION
13100640000EB|169.4|169.41|1964||54|01/01/2025|||YEAR_LAST_CONSTRUCTION
13100640000EB|169.41|169.5|1964||54|01/01/2025|||YEAR_LAST_CONSTRUCTION
13100640000EB|169.5|169.6|1964||54|01/01/2025|||YEAR_LAST_CONSTRUCTION
13100640000EB|169.6|169.7|1964||54|01/01/2025|||YEAR_LAST_CONSTRUCTION
13100640000EB|169.7|169.8|1964||54|01/01/2025|||YEAR_LAST_CONSTRUCTION
13100640000EB|169.8|169.9|1964||54|01/01/2025|||YEAR_LAST_CONSTRUCTION
13100640000EB|169.9|170.0|1964||54|01/01/2025|||YEAR_LAST_CONSTRUCTION
13100640000EB|170.0|170.09|1964||54|01/01/2025|||YEAR_LAST_CONSTRUCTION
13100640000EB|170.09|170.1|1964||54|01/01/2025|||YEAR_LAST_CONSTRUCTION
13100640000EB|170.1|170.17|1964||54|01/01/2025|||YEAR_LAST_CONSTRUCTION
13100640000EB|172.62|172.7|1964||54|01/01/2025|||YEAR_LAST_CONSTRUCTION
13100640000EB|172.7|172.8|1964||54|01/01/2025|||YEAR_LAST_CONSTRUCTION
13100640000EB|172.8|172.9|1964||54|01/01/2025|||YEAR_LAST_CONSTRUCTION
13100640000EB|172.9|173.0|1964||54|01/01/2025|||YEAR_LAST_CONSTRUCTION
13100640000EB|173.0|173.1|1964||54|01/01/2025|||YEAR_LAST_CONSTRUCTION
13100640000EB|173.1|173.2|1964||54|01/01/2025|||YEAR_LAST_CONSTRUCTION
13100640000EB|173.2|173.3|1964||54|01/01/2025|||YEAR_LAST_CONSTRUCTION
13100640000EB|173.3|173.4|1964||54|01/01/2025|||YEAR_LAST_CONSTRUCTION
13100640000EB|173.4|173.5|1964||54|01/01/2025|||YEAR_LAST_CONSTRUCTION
13100640000EB|173.5|173.6|1964||54|01/01/2025|||YEAR_LAST_CONSTRUCTION
13100640000EB|173.6|173.7|1964||54|01/01/2025|||YEAR_LAST_CONSTRUCTION
13100640000EB|173.7|173.8|1964||54|01/01/2025|||YEAR_LAST_CONSTRUCTION
13100640000EB|173.8|173.9|1964||54|01/01/2025|||YEAR_LAST_CONSTRUCTION
13100640000EB|173.9|174.0|1964||54|01/01/2025|||YEAR_LAST_CONSTRUCTION
13100640000EB|174.0|174.1|1964||54|01/01/2025|||YEAR_LAST_CONSTRUCTION
13100640000EB|174.1|174.2|1964||54|01/01/2025|||YEAR_LAST_CONSTRUCTION
13100640000EB|174.2|174.3|1964||54|01/01/2025|||YEAR_LAST_CONSTRUCTION
13100640000EB|174.3|174.4|1964||54|01/01/2025|||YEAR_LAST_CONSTRUCTION
13100640000EB|174.4|174.5|1964||54|01/01/2025|||YEAR_LAST_CONSTRUCTION
13100640000EB|174.5|174.6|1964||54|01/01/2025|||YEAR_LAST_CONSTRUCTION
13100640000EB|174.6|174.7|1964||54|01/01/2025|||YEAR_LAST_CONSTRUCTION
13100640000EB|174.7|174.8|1964||54|01/01/2025|||YEAR_LAST_CONSTRUCTION
13100640000EB|174.8|174.9|1964||54|01/01/2025|||YEAR_LAST_CONSTRUCTION
13100640000EB|174.9|175.0|1964||54|01/01/2025|||YEAR_LAST_CONSTRUCTION
13100640000EB|175.0|175.1|1964||54|01/01/2025|||YEAR_LAST_CONSTRUCTION
13100640000EB|175.1|175.2|1964||54|01/01/2025|||YEAR_LAST_CONSTRUCTION
13100640000EB|175.2|175.3|1964||54|01/01/2025|||YEAR_LAST_CONSTRUCTION
13100640000EB|175.3|175.31|1964||54|01/01/2025|||YEAR_LAST_CONSTRUCTION
13100640000EB|175.31|175.4|1964||54|01/01/2025|||YEAR_LAST_CONSTRUCTION
13100640000EB|175.4|175.5|1964||54|01/01/2025|||YEAR_LAST_CONSTRUCTION
13100640000EB|175.5|175.6|1964||54|01/01/2025|||YEAR_LAST_CONSTRUCTION
13100640000EB|175.6|175.7|1964||54|01/01/2025|||YEAR_LAST_CONSTRUCTION
13100640000EB|175.7|175.8|1964||54|01/01/2025|||YEAR_LAST_CONSTRUCTION
13100640000EB|175.8|175.9|1964||54|01/01/2025|||YEAR_LAST_CONSTRUCTION
13100640000EB|175.9|176.0|1964||54|01/01/2025|||YEAR_LAST_CONSTRUCTION
13100640000EB|176.0|176.1|1964||54|01/01/2025|||YEAR_LAST_CONSTRUCTION
13100640000EB|176.1|176.16|1964||54|01/01/2025|||YEAR_LAST_CONSTRUCTION
13100640000EB|176.16|176.2|1964||54|01/01/2025|||YEAR_LAST_CONSTRUCTION
13100640000EB|176.2|176.3|1964||54|01/01/2025|||YEAR_LAST_CONSTRUCTION
13100640000EB|176.3|176.4|1964||54|01/01/2025|||YEAR_LAST_CONSTRUCTION
13100640000EB|176.4|176.5|1964||54|01/01/2025|||YEAR_LAST_CONSTRUCTION
13100640000EB|176.5|176.6|1964||54|01/01/2025|||YEAR_LAST_CONSTRUCTION
13100640000EB|176.6|176.7|1964||54|01/01/2025|||YEAR_LAST_CONSTRUCTION
13100640000EB|176.7|176.8|1964||54|01/01/2025|||YEAR_LAST_CONSTRUCTION
13100640000EB|176.8|176.9|1964||54|01/01/2025|||YEAR_LAST_CONSTRUCTION
13100640000EB|176.9|177.0|1964||54|01/01/2025|||YEAR_LAST_CONSTRUCTION
13100640000EB|177.0|177.1|1964||54|01/01/2025|||YEAR_LAST_CONSTRUCTION
13100640000EB|177.1|177.2|1964||54|01/01/2025|||YEAR_LAST_CONSTRUCTION
13100640000EB|177.2|177.3|1964||54|01/01/2025|||YEAR_LAST_CONSTRUCTION
13100640000EB|177.3|177.4|1964||54|01/01/2025|||YEAR_LAST_CONSTRUCTION
13100640000EB|177.4|177.5|1964||54|01/01/2025|||YEAR_LAST_CONSTRUCTION
13100640000EB|177.5|177.6|1964||54|01/01/2025|||YEAR_LAST_CONSTRUCTION
13100640000EB|177.6|177.7|1964||54|01/01/2025|||YEAR_LAST_CONSTRUCTION
13100640000EB|177.7|177.8|1964||54|01/01/2025|||YEAR_LAST_CONSTRUCTION
13100640000EB|177.8|177.9|1964||54|01/01/2025|||YEAR_LAST_CONSTRUCTION
13100640000EB|177.9|178.0|1964||54|01/01/2025|||YEAR_LAST_CONSTRUCTION
13100640000EB|178.0|178.1|1964||54|01/01/2025|||YEAR_LAST_CONSTRUCTION
13100640000EB|178.1|178.2|1964||54|01/01/2025|||YEAR_LAST_CONSTRUCTION
13100640000EB|178.2|178.3|1964||54|01/01/2025|||YEAR_LAST_CONSTRUCTION
13100640000EB|178.3|178.4|1964||54|01/01/2025|||YEAR_LAST_CONSTRUCTION
13100640000EB|178.4|178.43|1964||54|01/01/2025|||YEAR_LAST_CONSTRUCTION
13100640000EB|178.43|178.5|1964||54|01/01/2025|||YEAR_LAST_CONSTRUCTION
13100640000EB|178.5|178.6|1964||54|01/01/2025|||YEAR_LAST_CONSTRUCTION
13100640000EB|178.6|178.7|1964||54|01/01/2025|||YEAR_LAST_CONSTRUCTION
13100640000EB|178.7|178.8|1964||54|01/01/2025|||YEAR_LAST_CONSTRUCTION
13100640000EB|178.8|178.9|1964||54|01/01/2025|||YEAR_LAST_CONSTRUCTION
13100640000EB|178.9|179.0|1964||54|01/01/2025|||YEAR_LAST_CONSTRUCTION
13100640000EB|179.0|179.1|1964||54|01/01/2025|||YEAR_LAST_CONSTRUCTION
13100640000EB|179.1|179.2|1964||54|01/01/2025|||YEAR_LAST_CONSTRUCTION
13100640000EB|179.2|179.3|1964||54|01/01/2025|||YEAR_LAST_CONSTRUCTION
13100640000EB|179.3|179.4|1964||54|01/01/2025|||YEAR_LAST_CONSTRUCTION
13100640000EB|179.4|179.5|1964||54|01/01/2025|||YEAR_LAST_CONSTRUCTION
13100640000EB|179.5|179.6|1964||54|01/01/2025|||YEAR_LAST_CONSTRUCTION
13100640000EB|179.6|179.7|1964||54|01/01/2025|||YEAR_LAST_CONSTRUCTION
13100640000EB|179.7|179.8|1964||54|01/01/2025|||YEAR_LAST_CONSTRUCTION
13100640000EB|179.8|179.9|1964||54|01/01/2025|||YEAR_LAST_CONSTRUCTION
13100640000EB|179.9|180.0|1964||54|01/01/2025|||YEAR_LAST_CONSTRUCTION
13100640000EB|180.0|180.1|1964||54|01/01/2025|||YEAR_LAST_CONSTRUCTION
13100640000EB|180.1|180.2|1964||54|01/01/2025|||YEAR_LAST_CONSTRUCTION
13100640000EB|180.2|180.3|1964||54|01/01/2025|||YEAR_LAST_CONSTRUCTION
13100640000EB|180.3|180.4|1964||54|01/01/2025|||YEAR_LAST_CONSTRUCTION
13100640000EB|180.4|180.5|1964||54|01/01/2025|||YEAR_LAST_CONSTRUCTION
13100640000EB|180.5|180.6|1964||54|01/01/2025|||YEAR_LAST_CONSTRUCTION
13100640000EB|180.6|180.7|1964||54|01/01/2025|||YEAR_LAST_CONSTRUCTION
13100640000EB|180.7|180.8|1964||54|01/01/2025|||YEAR_LAST_CONSTRUCTION
13100640000EB|180.8|180.9|1964||54|01/01/2025|||YEAR_LAST_CONSTRUCTION
13100640000EB|180.9|181.0|1964||54|01/01/2025|||YEAR_LAST_CONSTRUCTION
13100640000EB|181.0|181.1|1964||54|01/01/2025|||YEAR_LAST_CONSTRUCTION
13100640000EB|181.1|181.12|1964||54|01/01/2025|||YEAR_LAST_CONSTRUCTION
13100640000EB|181.12|181.2|1964||54|01/01/2025|||YEAR_LAST_CONSTRUCTION
13100640000EB|181.2|181.3|1964||54|01/01/2025|||YEAR_LAST_CONSTRUCTION
13100640000EB|181.3|181.4|1964||54|01/01/2025|||YEAR_LAST_CONSTRUCTION
13100640000EB|181.4|181.5|1964||54|01/01/2025|||YEAR_LAST_CONSTRUCTION
13100640000EB|181.5|181.6|1964||54|01/01/2025|||YEAR_LAST_CONSTRUCTION
13100640000EB|181.6|181.7|1964||54|01/01/2025|||YEAR_LAST_CONSTRUCTION
13100640000EB|181.7|181.8|1964||54|01/01/2025|||YEAR_LAST_CONSTRUCTION
13100640000EB|181.8|181.9|1964||54|01/01/2025|||YEAR_LAST_CONSTRUCTION
13100640000EB|181.9|182.0|1964||54|01/01/2025|||YEAR_LAST_CONSTRUCTION
13100640000EB|182.0|182.02|1964||54|01/01/2025|||YEAR_LAST_CONSTRUCTION
13100640000EB|182.02|182.1|1964||54|01/01/2025|||YEAR_LAST_CONSTRUCTION
13100640000EB|182.1|182.2|1964||54|01/01/2025|||YEAR_LAST_CONSTRUCTION
13100640000EB|182.2|182.3|1964||54|01/01/2025|||YEAR_LAST_CONSTRUCTION
13100640000EB|182.3|182.4|1964||54|01/01/2025|||YEAR_LAST_CONSTRUCTION
13100640000EB|182.4|182.5|1964||54|01/01/2025|||YEAR_LAST_CONSTRUCTION
13100640000EB|182.5|182.6|1964||54|01/01/2025|||YEAR_LAST_CONSTRUCTION
13100640000EB|182.6|182.7|1964||54|01/01/2025|||YEAR_LAST_CONSTRUCTION
13100640000EB|182.7|182.8|1964||54|01/01/2025|||YEAR_LAST_CONSTRUCTION
13100640000EB|182.8|182.9|1964||54|01/01/2025|||YEAR_LAST_CONSTRUCTION
13100640000EB|182.9|183.0|1964||54|01/01/2025|||YEAR_LAST_CONSTRUCTION
13100640000EB|183.0|183.1|1964||54|01/01/2025|||YEAR_LAST_CONSTRUCTION
13100640000EB|183.1|183.2|1964||54|01/01/2025|||YEAR_LAST_CONSTRUCTION
13100640000EB|183.2|183.3|1964||54|01/01/2025|||YEAR_LAST_CONSTRUCTION
13100640000EB|183.3|183.4|1964||54|01/01/2025|||YEAR_LAST_CONSTRUCTION
13100640000EB|183.4|183.5|1964||54|01/01/2025|||YEAR_LAST_CONSTRUCTION
13100640000EB|183.5|183.6|1964||54|01/01/2025|||YEAR_LAST_CONSTRUCTION
13100640000EB|183.6|183.7|1964||54|01/01/2025|||YEAR_LAST_CONSTRUCTION
13100640000EB|183.7|183.8|1964||54|01/01/2025|||YEAR_LAST_CONSTRUCTION
13100640000EB|183.8|183.9|1964||54|01/01/2025|||YEAR_LAST_CONSTRUCTION
13100640000EB|183.9|184.0|1964||54|01/01/2025|||YEAR_LAST_CONSTRUCTION
13100640000EB|184.0|184.02|1964||54|01/01/2025|||YEAR_LAST_CONSTRUCTION
13202190000NB|2.57|2.6|1921||54|01/01/2025|||YEAR_LAST_CONSTRUCTION
13202190000NB|2.6|2.7|1921||54|01/01/2025|||YEAR_LAST_CONSTRUCTION
13202190000NB|2.7|2.8|1921||54|01/01/2025|||YEAR_LAST_CONSTRUCTION
13202190000NB|2.8|2.9|1921||54|01/01/2025|||YEAR_LAST_CONSTRUCTION
13202190000NB|2.9|3.0|1921||54|01/01/2025|||YEAR_LAST_CONSTRUCTION
13202190000NB|3.0|3.1|1921||54|01/01/2025|||YEAR_LAST_CONSTRUCTION
13202190000NB|3.1|3.2|1921||54|01/01/2025|||YEAR_LAST_CONSTRUCTION
13202190000NB|3.2|3.3|1921||54|01/01/2025|||YEAR_LAST_CONSTRUCTION
13202190000NB|3.3|3.4|1921||54|01/01/2025|||YEAR_LAST_CONSTRUCTION
13202190000NB|3.4|3.5|1921||54|01/01/2025|||YEAR_LAST_CONSTRUCTION
13202190000NB|3.5|3.6|1921||54|01/01/2025|||YEAR_LAST_CONSTRUCTION
13202190000NB|3.6|3.7|1921||54|01/01/2025|||YEAR_LAST_CONSTRUCTION
13202190000NB|3.7|3.8|1921||54|01/01/2025|||YEAR_LAST_CONSTRUCTION
13202190000NB|3.8|3.9|1921||54|01/01/2025|||YEAR_LAST_CONSTRUCTION
13202190000NB|3.9|4.0|1921||54|01/01/2025|||YEAR_LAST_CONSTRUCTION
13202190000NB|4.0|4.1|1921||54|01/01/2025|||YEAR_LAST_CONSTRUCTION
13202190000NB|4.1|4.2|1921||54|01/01/2025|||YEAR_LAST_CONSTRUCTION
13202190000NB|4.2|4.3|1921||54|01/01/2025|||YEAR_LAST_CONSTRUCTION
13202190000NB|4.3|4.4|1921||54|01/01/2025|||YEAR_LAST_CONSTRUCTION
13202190000NB|4.4|4.5|1921||54|01/01/2025|||YEAR_LAST_CONSTRUCTION
13202190000NB|4.5|4.6|1921||54|01/01/2025|||YEAR_LAST_CONSTRUCTION
13202190000NB|4.6|4.7|1921||54|01/01/2025|||YEAR_LAST_CONSTRUCTION
13202190000NB|4.7|4.79|1921||54|01/01/2025|||YEAR_LAST_CONSTRUCTION
13202190000NB|5.364|5.37|1921||54|01/01/2025|||YEAR_LAST_CONSTRUCTION
13202190000NB|5.37|5.4|1921||54|01/01/2025|||YEAR_LAST_CONSTRUCTION
13202190000NB|5.4|5.5|1921||54|01/01/2025|||YEAR_LAST_CONSTRUCTION
13202190000NB|5.5|5.6|1921||54|01/01/2025|||YEAR_LAST_CONSTRUCTION
13202190000NB|5.6|5.69|1921||54|01/01/2025|||YEAR_LAST_CONSTRUCTION
13202190000NB|5.69|5.7|1921||54|01/01/2025|||YEAR_LAST_CONSTRUCTION
13202190000NB|5.7|5.8|1921||54|01/01/2025|||YEAR_LAST_CONSTRUCTION
13202190000NB|5.8|5.9|1921||54|01/01/2025|||YEAR_LAST_CONSTRUCTION
13202190000NB|5.9|6.0|1921||54|01/01/2025|||YEAR_LAST_CONSTRUCTION
13202190000NB|6.0|6.03|1921||54|01/01/2025|||YEAR_LAST_CONSTRUCTION
13202190000NB|6.03|6.04|1921||54|01/01/2025|||YEAR_LAST_CONSTRUCTION
13202190000NB|6.04|6.08|1921||54|01/01/2025|||YEAR_LAST_CONSTRUCTION
13202190000NB|6.39|6.4|1921||54|01/01/2025|||YEAR_LAST_CONSTRUCTION
13202190000NB|6.4|6.5|1921||54|01/01/2025|||YEAR_LAST_CONSTRUCTION
13202190000NB|6.5|6.52|1921||54|01/01/2025|||YEAR_LAST_CONSTRUCTION
13202190000NB|6.52|6.6|1921||54|01/01/2025|||YEAR_LAST_CONSTRUCTION
13202190000NB|6.6|6.69|1921||54|01/01/2025|||YEAR_LAST_CONSTRUCTION
13202190000NB|6.69|6.7|1921||54|01/01/2025|||YEAR_LAST_CONSTRUCTION
13202190000NB|6.7|6.8|1921||54|01/01/2025|||YEAR_LAST_CONSTRUCTION
13202190000NB|6.8|6.9|1921||54|01/01/2025|||YEAR_LAST_CONSTRUCTION
13202190000NB|6.9|7.0|1921||54|01/01/2025|||YEAR_LAST_CONSTRUCTION
13202190000NB|7.0|7.1|1921||54|01/01/2025|||YEAR_LAST_CONSTRUCTION
13202190000NB|7.1|7.11|1921||54|01/01/2025|||YEAR_LAST_CONSTRUCTION
13202190000NB|7.11|7.19|1921||54|01/01/2025|||YEAR_LAST_CONSTRUCTION
13202190000NB|7.19|7.43|1921||54|01/01/2025|||YEAR_LAST_CONSTRUCTION
13202190000NB|8.59|8.6|1921||54|01/01/2025|||YEAR_LAST_CONSTRUCTION
13202190000NB|8.6|8.7|1921||54|01/01/2025|||YEAR_LAST_CONSTRUCTION
13202190000NB|8.7|8.8|1921||54|01/01/2025|||YEAR_LAST_CONSTRUCTION
13202190000NB|8.8|8.9|1921||54|01/01/2025|||YEAR_LAST_CONSTRUCTION
13202190000NB|8.9|9.0|1921||54|01/01/2025|||YEAR_LAST_CONSTRUCTION
13202190000NB|9.0|9.06|1921||54|01/01/2025|||YEAR_LAST_CONSTRUCTION
13202190000NB|9.06|9.1|1921||54|01/01/2025|||YEAR_LAST_CONSTRUCTION
13202190000NB|9.1|9.2|1921||54|01/01/2025|||YEAR_LAST_CONSTRUCTION
13202190000NB|9.2|9.3|1921||54|01/01/2025|||YEAR_LAST_CONSTRUCTION
13202190000NB|9.3|9.4|1921||54|01/01/2025|||YEAR_LAST_CONSTRUCTION
13202190000NB|9.4|9.5|1921||54|01/01/2025|||YEAR_LAST_CONSTRUCTION
13202190000NB|9.5|9.6|1921||54|01/01/2025|||YEAR_LAST_CONSTRUCTION
13202190000NB|9.6|9.7|1921||54|01/01/2025|||YEAR_LAST_CONSTRUCTION
13202190000NB|9.7|9.8|1921||54|01/01/2025|||YEAR_LAST_CONSTRUCTION
13202190000NB|9.8|9.87|1921||54|01/01/2025|||YEAR_LAST_CONSTRUCTION
13202190000NB|9.87|9.9|1921||54|01/01/2025|||YEAR_LAST_CONSTRUCTION
13202190000NB|10.85|10.9|1921||54|01/01/2025|||YEAR_LAST_CONSTRUCTION
13202190000NB|10.9|11.0|1921||54|01/01/2025|||YEAR_LAST_CONSTRUCTION
13202190000NB|11.0|11.06|1921||54|01/01/2025|||YEAR_LAST_CONSTRUCTION
13202190000NB|11.06|11.1|1921||54|01/01/2025|||YEAR_LAST_CONSTRUCTION
13202190000NB|11.1|11.12|1921||54|01/01/2025|||YEAR_LAST_CONSTRUCTION
13202190000NB|11.12|11.2|1921||54|01/01/2025|||YEAR_LAST_CONSTRUCTION
13202190000NB|11.2|11.26|1921||54|01/01/2025|||YEAR_LAST_CONSTRUCTION
13202190000NB|13.99|14.154|1921||54|01/01/2025|||YEAR_LAST_CONSTRUCTION
13202190000NB|14.34|14.4|1921||54|01/01/2025|||YEAR_LAST_CONSTRUCTION
13202190000NB|14.4|14.45|1921||54|01/01/2025|||YEAR_LAST_CONSTRUCTION
13202190000NB|15.74|15.8|1921||54|01/01/2025|||YEAR_LAST_CONSTRUCTION
13202190000NB|15.8|15.88|1921||54|01/01/2025|||YEAR_LAST_CONSTRUCTION
13202190000NB|15.88|15.9|1921||54|01/01/2025|||YEAR_LAST_CONSTRUCTION
13202190000NB|15.9|16.0|1921||54|01/01/2025|||YEAR_LAST_CONSTRUCTION
13202190000NB|16.0|16.1|1921||54|01/01/2025|||YEAR_LAST_CONSTRUCTION
13202190000NB|16.1|16.2|1921||54|01/01/2025|||YEAR_LAST_CONSTRUCTION
13202190000NB|16.2|16.3|1921||54|01/01/2025|||YEAR_LAST_CONSTRUCTION
13202190000NB|16.3|16.37|1921||54|01/01/2025|||YEAR_LAST_CONSTRUCTION
13202190000NB|21.34|21.4|1921||54|01/01/2025|||YEAR_LAST_CONSTRUCTION
13202190000NB|21.4|21.5|1921||54|01/01/2025|||YEAR_LAST_CONSTRUCTION
13202190000NB|21.5|21.6|1921||54|01/01/2025|||YEAR_LAST_CONSTRUCTION
13202190000NB|21.6|21.7|1921||54|01/01/2025|||YEAR_LAST_CONSTRUCTION
13202190000NB|21.7|21.8|1921||54|01/01/2025|||YEAR_LAST_CONSTRUCTION
13202190000NB|21.8|21.86|1921||54|01/01/2025|||YEAR_LAST_CONSTRUCTION
13202190000NB|25.9|26.0|1921||54|01/01/2025|||YEAR_LAST_CONSTRUCTION
13202190000NB|26.0|26.1|1921||54|01/01/2025|||YEAR_LAST_CONSTRUCTION
13202190000NB|26.1|26.2|1921||54|01/01/2025|||YEAR_LAST_CONSTRUCTION
13202190000NB|26.2|26.3|1921||54|01/01/2025|||YEAR_LAST_CONSTRUCTION
13202190000NB|26.3|26.4|1921||54|01/01/2025|||YEAR_LAST_CONSTRUCTION
13202190000NB|26.4|26.5|1921||54|01/01/2025|||YEAR_LAST_CONSTRUCTION
13202190000NB|26.5|26.6|1921||54|01/01/2025|||YEAR_LAST_CONSTRUCTION
13202190000NB|26.6|26.7|1921||54|01/01/2025|||YEAR_LAST_CONSTRUCTION
13202190000NB|26.7|26.76|1921||54|01/01/2025|||YEAR_LAST_CONSTRUCTION
13202190000NB|26.76|26.8|1921||54|01/01/2025|||YEAR_LAST_CONSTRUCTION
13202190000NB|26.8|26.9|1921||54|01/01/2025|||YEAR_LAST_CONSTRUCTION
13202190000NB|26.9|26.97|1921||54|01/01/2025|||YEAR_LAST_CONSTRUCTION
13202190000NB|26.97|27.0|1921||54|01/01/2025|||YEAR_LAST_CONSTRUCTION
13202190000NB|27.0|27.1|1921||54|01/01/2025|||YEAR_LAST_CONSTRUCTION
13202190000NB|27.1|27.2|1921||54|01/01/2025|||YEAR_LAST_CONSTRUCTION
13202190000NB|27.2|27.3|1921||54|01/01/2025|||YEAR_LAST_CONSTRUCTION
13202190000NB|27.3|27.33|1921||54|01/01/2025|||YEAR_LAST_CONSTRUCTION
13202190000NB|27.33|27.36|1921||54|01/01/2025|||YEAR_LAST_CONSTRUCTION
13202190000NB|27.36|27.4|1921||54|01/01/2025|||YEAR_LAST_CONSTRUCTION
13202190000NB|27.4|27.5|1921||54|01/01/2025|||YEAR_LAST_CONSTRUCTION
13202190000NB|27.5|27.6|1921||54|01/01/2025|||YEAR_LAST_CONSTRUCTION
13202190000NB|27.6|27.7|1921||54|01/01/2025|||YEAR_LAST_CONSTRUCTION
13202190000NB|27.7|27.8|1921||54|01/01/2025|||YEAR_LAST_CONSTRUCTION
13202190000NB|27.9|28.0|1921||54|01/01/2025|||YEAR_LAST_CONSTRUCTION
13202190000NB|28.0|28.1|1921||54|01/01/2025|||YEAR_LAST_CONSTRUCTION
13202190000NB|28.1|28.2|1921||54|01/01/2025|||YEAR_LAST_CONSTRUCTION
13202190000NB|28.2|28.3|1921||54|01/01/2025|||YEAR_LAST_CONSTRUCTION
13202190000NB|28.3|28.4|1921||54|01/01/2025|||YEAR_LAST_CONSTRUCTION
13202190000NB|28.4|28.5|1921||54|01/01/2025|||YEAR_LAST_CONSTRUCTION
13202190000NB|28.5|28.6|1921||54|01/01/2025|||YEAR_LAST_CONSTRUCTION
13202190000NB|28.6|28.7|1921||54|01/01/2025|||YEAR_LAST_CONSTRUCTION
13202190000NB|28.7|28.8|1921||54|01/01/2025|||YEAR_LAST_CONSTRUCTION
13202190000NB|28.8|28.9|1921||54|01/01/2025|||YEAR_LAST_CONSTRUCTION
13202190000NB|28.9|29.0|1921||54|01/01/2025|||YEAR_LAST_CONSTRUCTION
13202190000NB|29.0|29.1|1921||54|01/01/2025|||YEAR_LAST_CONSTRUCTION
13202190000NB|29.1|29.2|1921||54|01/01/2025|||YEAR_LAST_CONSTRUCTION
13202190000NB|29.2|29.3|1921||54|01/01/2025|||YEAR_LAST_CONSTRUCTION
13202190000NB|29.3|29.4|1921||54|01/01/2025|||YEAR_LAST_CONSTRUCTION
13202190000NB|29.4|29.5|1921||54|01/01/2025|||YEAR_LAST_CONSTRUCTION
13202190000NB|29.5|29.6|1921||54|01/01/2025|||YEAR_LAST_CONSTRUCTION
13202190000NB|29.6|29.7|1921||54|01/01/2025|||YEAR_LAST_CONSTRUCTION
13202190000NB|29.7|29.72|1921||54|01/01/2025|||YEAR_LAST_CONSTRUCTION
13202190000NB|29.72|29.8|1921||54|01/01/2025|||YEAR_LAST_CONSTRUCTION
13202190000NB|29.8|29.9|1921||54|01/01/2025|||YEAR_LAST_CONSTRUCTION
13202190000NB|29.9|30.0|1921||54|01/01/2025|||YEAR_LAST_CONSTRUCTION
13202190000NB|30.0|30.1|1921||54|01/01/2025|||YEAR_LAST_CONSTRUCTION
13202190000NB|30.1|30.2|1921||54|01/01/2025|||YEAR_LAST_CONSTRUCTION
13202190000NB|30.2|30.3|1921||54|01/01/2025|||YEAR_LAST_CONSTRUCTION
13202190000NB|30.3|30.4|1921||54|01/01/2025|||YEAR_LAST_CONSTRUCTION
13202190000NB|30.4|30.5|1921||54|01/01/2025|||YEAR_LAST_CONSTRUCTION
13202190000NB|30.5|30.6|1921||54|01/01/2025|||YEAR_LAST_CONSTRUCTION
13202190000NB|30.6|30.7|1921||54|01/01/2025|||YEAR_LAST_CONSTRUCTION
13202190000NB|30.7|30.8|1921||54|01/01/2025|||YEAR_LAST_CONSTRUCTION
13202190000NB|30.8|30.9|1921||54|01/01/2025|||YEAR_LAST_CONSTRUCTION
13202190000NB|30.9|31.0|1921||54|01/01/2025|||YEAR_LAST_CONSTRUCTION
13202190000NB|31.0|31.1|1921||54|01/01/2025|||YEAR_LAST_CONSTRUCTION
13202190000NB|31.1|31.2|1921||54|01/01/2025|||YEAR_LAST_CONSTRUCTION
13202190000NB|31.2|31.3|1921||54|01/01/2025|||YEAR_LAST_CONSTRUCTION
13202190000NB|31.3|31.4|1921||54|01/01/2025|||YEAR_LAST_CONSTRUCTION
13202190000NB|31.4|31.5|1921||54|01/01/2025|||YEAR_LAST_CONSTRUCTION
13202190000NB|31.5|31.56|1921||54|01/01/2025|||YEAR_LAST_CONSTRUCTION
13202190000NB|31.56|31.6|1921||54|01/01/2025|||YEAR_LAST_CONSTRUCTION
13202190000NB|31.6|31.7|1921||54|01/01/2025|||YEAR_LAST_CONSTRUCTION
13202190000NB|31.7|31.8|1921||54|01/01/2025|||YEAR_LAST_CONSTRUCTION
13202190000NB|31.8|31.9|1921||54|01/01/2025|||YEAR_LAST_CONSTRUCTION
13202190000NB|31.9|32.0|1921||54|01/01/2025|||YEAR_LAST_CONSTRUCTION
13202190000NB|32.0|32.1|1921||54|01/01/2025|||YEAR_LAST_CONSTRUCTION
13202190000NB|32.1|32.2|1921||54|01/01/2025|||YEAR_LAST_CONSTRUCTION
13202190000NB|32.2|32.3|1921||54|01/01/2025|||YEAR_LAST_CONSTRUCTION
13202190000NB|32.3|32.4|1921||54|01/01/2025|||YEAR_LAST_CONSTRUCTION
13202190000NB|32.4|32.5|1921||54|01/01/2025|||YEAR_LAST_CONSTRUCTION
13202190000NB|32.5|32.6|1921||54|01/01/2025|||YEAR_LAST_CONSTRUCTION
13202190000NB|32.6|32.7|1921||54|01/01/2025|||YEAR_LAST_CONSTRUCTION
13202190000NB|32.7|32.8|1921||54|01/01/2025|||YEAR_LAST_CONSTRUCTION
13202190000NB|32.8|32.9|1921||54|01/01/2025|||YEAR_LAST_CONSTRUCTION
13202190000NB|32.9|33.0|1921||54|01/01/2025|||YEAR_LAST_CONSTRUCTION
13202190000NB|33.0|33.1|1921||54|01/01/2025|||YEAR_LAST_CONSTRUCTION
13202190000NB|33.1|33.2|1921||54|01/01/2025|||YEAR_LAST_CONSTRUCTION
13202190000NB|33.2|33.3|1921||54|01/01/2025|||YEAR_LAST_CONSTRUCTION
13202190000NB|33.3|33.4|1921||54|01/01/2025|||YEAR_LAST_CONSTRUCTION
13202190000NB|33.4|33.5|1921||54|01/01/2025|||YEAR_LAST_CONSTRUCTION
13202190000NB|33.5|33.6|1921||54|01/01/2025|||YEAR_LAST_CONSTRUCTION
13202190000NB|33.6|33.7|1921||54|01/01/2025|||YEAR_LAST_CONSTRUCTION
13202190000NB|33.7|33.8|1921||54|01/01/2025|||YEAR_LAST_CONSTRUCTION
13202190000NB|33.8|33.9|1921||54|01/01/2025|||YEAR_LAST_CONSTRUCTION
13202190000NB|33.9|34.0|1921||54|01/01/2025|||YEAR_LAST_CONSTRUCTION
13202190000NB|34.0|34.1|1921||54|01/01/2025|||YEAR_LAST_CONSTRUCTION
13202190000NB|34.1|34.2|1921||54|01/01/2025|||YEAR_LAST_CONSTRUCTION
13202190000NB|34.2|34.22|1921||54|01/01/2025|||YEAR_LAST_CONSTRUCTION
1340219390000|0.0|0.48|1978||54|01/01/2025|||YEAR_LAST_CONSTRUCTION
1340045010000|0.0|0.539|1951||54|01/01/2025|||YEAR_LAST_CONSTRUCTION
1374103001900|0.0|0.31|2020||54|01/01/2025|||YEAR_LAST_CONSTRUCTION
32202190000NB|1.92|2.0|1921||54|01/01/2025|||YEAR_LAST_CONSTRUCTION
32202190000NB|2.0|2.1|1921||54|01/01/2025|||YEAR_LAST_CONSTRUCTION
32202190000NB|2.1|2.2|1921||54|01/01/2025|||YEAR_LAST_CONSTRUCTION
32202190000NB|2.2|2.3|1921||54|01/01/2025|||YEAR_LAST_CONSTRUCTION
32202190000NB|2.3|2.4|1921||54|01/01/2025|||YEAR_LAST_CONSTRUCTION
32202190000NB|2.4|2.5|1921||54|01/01/2025|||YEAR_LAST_CONSTRUCTION
32202190000NB|2.5|2.6|1921||54|01/01/2025|||YEAR_LAST_CONSTRUCTION
32202190000NB|2.6|2.7|1921||54|01/01/2025|||YEAR_LAST_CONSTRUCTION
32202190000NB|2.7|2.8|1921||54|01/01/2025|||YEAR_LAST_CONSTRUCTION
32202190000NB|2.8|2.9|1921||54|01/01/2025|||YEAR_LAST_CONSTRUCTION
32202190000NB|2.9|3.0|1921||54|01/01/2025|||YEAR_LAST_CONSTRUCTION
32202190000NB|3.0|3.1|1921||54|01/01/2025|||YEAR_LAST_CONSTRUCTION
32202190000NB|3.1|3.2|1921||54|01/01/2025|||YEAR_LAST_CONSTRUCTION
32202190000NB|3.2|3.3|1921||54|01/01/2025|||YEAR_LAST_CONSTRUCTION
32202190000NB|3.3|3.4|1921||54|01/01/2025|||YEAR_LAST_CONSTRUCTION
32202190000NB|3.4|3.5|1921||54|01/01/2025|||YEAR_LAST_CONSTRUCTION
32202190000NB|3.5|3.6|1921||54|01/01/2025|||YEAR_LAST_CONSTRUCTION
32202190000NB|3.6|3.7|1921||54|01/01/2025|||YEAR_LAST_CONSTRUCTION
32202190000NB|3.7|3.8|1921||54|01/01/2025|||YEAR_LAST_CONSTRUCTION
32202190000NB|3.8|3.9|1921||54|01/01/2025|||YEAR_LAST_CONSTRUCTION
32202190000NB|3.9|4.0|1921||54|01/01/2025|||YEAR_LAST_CONSTRUCTION
32202190000NB|4.0|4.1|1921||54|01/01/2025|||YEAR_LAST_CONSTRUCTION
32202190000NB|4.1|4.2|1921||54|01/01/2025|||YEAR_LAST_CONSTRUCTION
32202190000NB|4.2|4.3|1921||54|01/01/2025|||YEAR_LAST_CONSTRUCTION
32202190000NB|4.3|4.4|1921||54|01/01/2025|||YEAR_LAST_CONSTRUCTION
32202190000NB|4.4|4.5|1921||54|01/01/2025|||YEAR_LAST_CONSTRUCTION
32202190000NB|4.5|4.6|1921||54|01/01/2025|||YEAR_LAST_CONSTRUCTION
32202190000NB|4.6|4.7|1921||54|01/01/2025|||YEAR_LAST_CONSTRUCTION
32202190000NB|4.7|4.8|1921||54|01/01/2025|||YEAR_LAST_CONSTRUCTION
32202190000NB|4.8|4.9|1921||54|01/01/2025|||YEAR_LAST_CONSTRUCTION
32202190000NB|4.9|5.0|1921||54|01/01/2025|||YEAR_LAST_CONSTRUCTION
32202190000NB|5.0|5.1|1921||54|01/01/2025|||YEAR_LAST_CONSTRUCTION
32202190000NB|5.1|5.2|1921||54|01/01/2025|||YEAR_LAST_CONSTRUCTION
32202190000NB|5.2|5.3|1921||54|01/01/2025|||YEAR_LAST_CONSTRUCTION
32202190000NB|5.3|5.4|1921||54|01/01/2025|||YEAR_LAST_CONSTRUCTION
32202190000NB|5.4|5.5|1921||54|01/01/2025|||YEAR_LAST_CONSTRUCTION
32202190000NB|5.5|5.6|1921||54|01/01/2025|||YEAR_LAST_CONSTRUCTION
32202190000NB|5.6|5.7|1921||54|01/01/2025|||YEAR_LAST_CONSTRUCTION
32202190000NB|5.7|5.8|1921||54|01/01/2025|||YEAR_LAST_CONSTRUCTION
32202190000NB|5.8|5.9|1921||54|01/01/2025|||YEAR_LAST_CONSTRUCTION
32202190000NB|5.9|6.0|1921||54|01/01/2025|||YEAR_LAST_CONSTRUCTION
32202190000NB|6.0|6.1|1921||54|01/01/2025|||YEAR_LAST_CONSTRUCTION
32202190000NB|6.1|6.2|1921||54|01/01/2025|||YEAR_LAST_CONSTRUCTION
32202190000NB|6.2|6.3|1921||54|01/01/2025|||YEAR_LAST_CONSTRUCTION
32202190000NB|6.3|6.4|1921||54|01/01/2025|||YEAR_LAST_CONSTRUCTION
32202190000NB|6.4|6.5|1921||54|01/01/2025|||YEAR_LAST_CONSTRUCTION
32202190000NB|6.5|6.6|1921||54|01/01/2025|||YEAR_LAST_CONSTRUCTION
32202190000NB|6.6|6.7|1921||54|01/01/2025|||YEAR_LAST_CONSTRUCTION
32202190000NB|6.7|6.8|1921||54|01/01/2025|||YEAR_LAST_CONSTRUCTION
32202190000NB|6.8|6.9|1921||54|01/01/2025|||YEAR_LAST_CONSTRUCTION
32202190000NB|6.9|7.0|1921||54|01/01/2025|||YEAR_LAST_CONSTRUCTION
32202190000NB|7.0|7.1|1921||54|01/01/2025|||YEAR_LAST_CONSTRUCTION
32202190000NB|7.1|7.2|1921||54|01/01/2025|||YEAR_LAST_CONSTRUCTION
32202190000NB|7.2|7.3|1921||54|01/01/2025|||YEAR_LAST_CONSTRUCTION
32202190000NB|7.3|7.4|1921||54|01/01/2025|||YEAR_LAST_CONSTRUCTION
32202190000NB|7.4|7.5|1921||54|01/01/2025|||YEAR_LAST_CONSTRUCTION
32202190000NB|7.5|7.6|1921||54|01/01/2025|||YEAR_LAST_CONSTRUCTION
32202190000NB|7.6|7.7|1921||54|01/01/2025|||YEAR_LAST_CONSTRUCTION
32202190000NB|7.7|7.8|1921||54|01/01/2025|||YEAR_LAST_CONSTRUCTION
32202190000NB|7.8|7.87|1921||54|01/01/2025|||YEAR_LAST_CONSTRUCTION
32202190000NB|14.38|14.4|1921||54|01/01/2025|||YEAR_LAST_CONSTRUCTION
32202190000NB|14.4|14.5|1921||54|01/01/2025|||YEAR_LAST_CONSTRUCTION
32202190000NB|14.5|14.6|1921||54|01/01/2025|||YEAR_LAST_CONSTRUCTION
32202190000NB|14.6|14.7|1921||54|01/01/2025|||YEAR_LAST_CONSTRUCTION
32202190000NB|14.7|14.8|1921||54|01/01/2025|||YEAR_LAST_CONSTRUCTION
32202190000NB|14.8|14.9|1921||54|01/01/2025|||YEAR_LAST_CONSTRUCTION
32202190000NB|14.9|15.0|1921||54|01/01/2025|||YEAR_LAST_CONSTRUCTION
32202190000NB|15.0|15.1|1921||54|01/01/2025|||YEAR_LAST_CONSTRUCTION
32202190000NB|15.1|15.2|1921||54|01/01/2025|||YEAR_LAST_CONSTRUCTION
32202190000NB|15.2|15.3|1921||54|01/01/2025|||YEAR_LAST_CONSTRUCTION
32202190000NB|15.3|15.4|1921||54|01/01/2025|||YEAR_LAST_CONSTRUCTION
32202190000NB|15.4|15.5|1921||54|01/01/2025|||YEAR_LAST_CONSTRUCTION
32202190000NB|15.5|15.6|1921||54|01/01/2025|||YEAR_LAST_CONSTRUCTION
32202190000NB|15.6|15.7|1921||54|01/01/2025|||YEAR_LAST_CONSTRUCTION
32202190000NB|15.7|15.8|1921||54|01/01/2025|||YEAR_LAST_CONSTRUCTION
32202190000NB|15.8|15.9|1921||54|01/01/2025|||YEAR_LAST_CONSTRUCTION
32202190000NB|15.9|16.0|1921||54|01/01/2025|||YEAR_LAST_CONSTRUCTION
32202190000NB|16.0|16.1|1921||54|01/01/2025|||YEAR_LAST_CONSTRUCTION
32202190000NB|16.1|16.18|1921||54|01/01/2025|||YEAR_LAST_CONSTRUCTION
32202190000NB|16.18|16.2|1921||54|01/01/2025|||YEAR_LAST_CONSTRUCTION
32202190000NB|16.2|16.3|1921||54|01/01/2025|||YEAR_LAST_CONSTRUCTION
32202190000NB|16.3|16.4|1921||54|01/01/2025|||YEAR_LAST_CONSTRUCTION
32202190000NB|16.4|16.5|1921||54|01/01/2025|||YEAR_LAST_CONSTRUCTION
32202190000NB|16.5|16.6|1921||54|01/01/2025|||YEAR_LAST_CONSTRUCTION
32202190000NB|16.6|16.7|1921||54|01/01/2025|||YEAR_LAST_CONSTRUCTION
32202190000NB|16.7|16.8|1921||54|01/01/2025|||YEAR_LAST_CONSTRUCTION
32202190000NB|16.8|16.9|1921||54|01/01/2025|||YEAR_LAST_CONSTRUCTION
32202190000NB|16.9|17.0|1921||54|01/01/2025|||YEAR_LAST_CONSTRUCTION
32202190000NB|17.0|17.1|1921||54|01/01/2025|||YEAR_LAST_CONSTRUCTION
32202190000NB|17.1|17.2|1921||54|01/01/2025|||YEAR_LAST_CONSTRUCTION
32202190000NB|17.2|17.3|1921||54|01/01/2025|||YEAR_LAST_CONSTRUCTION
32202190000NB|17.3|17.4|1921||54|01/01/2025|||YEAR_LAST_CONSTRUCTION
32202190000NB|17.4|17.5|1921||54|01/01/2025|||YEAR_LAST_CONSTRUCTION
32202190000NB|17.5|17.6|1921||54|01/01/2025|||YEAR_LAST_CONSTRUCTION
32202190000NB|17.6|17.7|1921||54|01/01/2025|||YEAR_LAST_CONSTRUCTION
32202190000NB|17.7|17.8|1921||54|01/01/2025|||YEAR_LAST_CONSTRUCTION
32202190000NB|17.8|17.9|1921||54|01/01/2025|||YEAR_LAST_CONSTRUCTION
32202190000NB|17.9|18.0|1921||54|01/01/2025|||YEAR_LAST_CONSTRUCTION
32202190000NB|18.0|18.1|1921||54|01/01/2025|||YEAR_LAST_CONSTRUCTION
32202190000NB|18.1|18.2|1921||54|01/01/2025|||YEAR_LAST_CONSTRUCTION
32202190000NB|18.2|18.3|1921||54|01/01/2025|||YEAR_LAST_CONSTRUCTION
32202190000NB|18.3|18.4|1921||54|01/01/2025|||YEAR_LAST_CONSTRUCTION
32202190000NB|18.4|18.5|1921||54|01/01/2025|||YEAR_LAST_CONSTRUCTION
32202190000NB|18.5|18.6|1921||54|01/01/2025|||YEAR_LAST_CONSTRUCTION
32202190000NB|18.6|18.7|1921||54|01/01/2025|||YEAR_LAST_CONSTRUCTION
32202190000NB|18.7|18.8|1921||54|01/01/2025|||YEAR_LAST_CONSTRUCTION
32202190000NB|18.8|18.9|1921||54|01/01/2025|||YEAR_LAST_CONSTRUCTION
32202190000NB|18.9|19.0|1921||54|01/01/2025|||YEAR_LAST_CONSTRUCTION
32202190000NB|19.0|19.1|1921||54|01/01/2025|||YEAR_LAST_CONSTRUCTION
32202190000NB|19.1|19.2|1921||54|01/01/2025|||YEAR_LAST_CONSTRUCTION
32202190000NB|19.2|19.24|1921||54|01/01/2025|||YEAR_LAST_CONSTRUCTION
32202190000NB|19.24|19.3|1921||54|01/01/2025|||YEAR_LAST_CONSTRUCTION
32202190000NB|19.3|19.4|1921||54|01/01/2025|||YEAR_LAST_CONSTRUCTION
32202190000NB|19.4|19.5|1921||54|01/01/2025|||YEAR_LAST_CONSTRUCTION
32202190000NB|19.5|19.6|1921||54|01/01/2025|||YEAR_LAST_CONSTRUCTION
32202190000NB|19.6|19.66|1921||54|01/01/2025|||YEAR_LAST_CONSTRUCTION
32202190000NB|19.66|19.7|1921||54|01/01/2025|||YEAR_LAST_CONSTRUCTION
32202190000NB|19.7|19.8|1921||54|01/01/2025|||YEAR_LAST_CONSTRUCTION
32202190000NB|19.8|19.9|1921||54|01/01/2025|||YEAR_LAST_CONSTRUCTION
32202190000NB|19.9|20.0|1921||54|01/01/2025|||YEAR_LAST_CONSTRUCTION
32202190000NB|20.0|20.1|1921||54|01/01/2025|||YEAR_LAST_CONSTRUCTION
32202190000NB|20.1|20.2|1921||54|01/01/2025|||YEAR_LAST_CONSTRUCTION
32202190000NB|20.2|20.3|1921||54|01/01/2025|||YEAR_LAST_CONSTRUCTION
32202190000NB|20.3|20.4|1921||54|01/01/2025|||YEAR_LAST_CONSTRUCTION
32202190000NB|20.4|20.5|1921||54|01/01/2025|||YEAR_LAST_CONSTRUCTION
32202190000NB|20.5|20.6|1921||54|01/01/2025|||YEAR_LAST_CONSTRUCTION
32202190000NB|20.6|20.7|1921||54|01/01/2025|||YEAR_LAST_CONSTRUCTION
32202190000NB|20.7|20.8|1921||54|01/01/2025|||YEAR_LAST_CONSTRUCTION
32202190000NB|20.8|20.9|1921||54|01/01/2025|||YEAR_LAST_CONSTRUCTION
32202190000NB|20.9|21.0|1921||54|01/01/2025|||YEAR_LAST_CONSTRUCTION
32202190000NB|21.0|21.1|1921||54|01/01/2025|||YEAR_LAST_CONSTRUCTION
32202190000NB|21.1|21.2|1921||54|01/01/2025|||YEAR_LAST_CONSTRUCTION
32202190000NB|21.2|21.3|1921||54|01/01/2025|||YEAR_LAST_CONSTRUCTION
32202190000NB|21.3|21.4|1921||54|01/01/2025|||YEAR_LAST_CONSTRUCTION
32202190000NB|21.4|21.45|1921||54|01/01/2025|||YEAR_LAST_CONSTRUCTION
32202190000NB|21.45|21.5|1921||54|01/01/2025|||YEAR_LAST_CONSTRUCTION
32202190000NB|21.5|21.6|1921||54|01/01/2025|||YEAR_LAST_CONSTRUCTION
32202190000NB|21.6|21.7|1921||54|01/01/2025|||YEAR_LAST_CONSTRUCTION
32202190000NB|21.7|21.8|1921||54|01/01/2025|||YEAR_LAST_CONSTRUCTION
32202190000NB|21.8|21.9|1921||54|01/01/2025|||YEAR_LAST_CONSTRUCTION
32202190000NB|21.9|22.0|1921||54|01/01/2025|||YEAR_LAST_CONSTRUCTION
32202190000NB|22.0|22.1|1921||54|01/01/2025|||YEAR_LAST_CONSTRUCTION
32202190000NB|22.1|22.2|1921||54|01/01/2025|||YEAR_LAST_CONSTRUCTION
32202190000NB|22.2|22.3|1921||54|01/01/2025|||YEAR_LAST_CONSTRUCTION
32202190000NB|22.3|22.4|1921||54|01/01/2025|||YEAR_LAST_CONSTRUCTION
32202190000NB|22.4|22.5|1921||54|01/01/2025|||YEAR_LAST_CONSTRUCTION
32202190000NB|22.5|22.6|1921||54|01/01/2025|||YEAR_LAST_CONSTRUCTION
32202190000NB|22.6|22.7|1921||54|01/01/2025|||YEAR_LAST_CONSTRUCTION
32202190000NB|22.7|22.8|1921||54|01/01/2025|||YEAR_LAST_CONSTRUCTION
32202190000NB|22.8|22.9|1921||54|01/01/2025|||YEAR_LAST_CONSTRUCTION
32202190000NB|22.9|23.0|1921||54|01/01/2025|||YEAR_LAST_CONSTRUCTION
32202190000NB|24.92|25.0|1921||54|01/01/2025|||YEAR_LAST_CONSTRUCTION
32202190000NB|25.0|25.1|1921||54|01/01/2025|||YEAR_LAST_CONSTRUCTION
32202190000NB|25.1|25.2|1921||54|01/01/2025|||YEAR_LAST_CONSTRUCTION
32202190000NB|25.2|25.3|1921||54|01/01/2025|||YEAR_LAST_CONSTRUCTION
32202190000NB|25.3|25.4|1921||54|01/01/2025|||YEAR_LAST_CONSTRUCTION
32202190000NB|25.4|25.5|1921||54|01/01/2025|||YEAR_LAST_CONSTRUCTION
32202190000NB|25.5|25.6|1921||54|01/01/2025|||YEAR_LAST_CONSTRUCTION
32202190000NB|25.6|25.7|1921||54|01/01/2025|||YEAR_LAST_CONSTRUCTION
32202190000NB|25.7|25.8|1921||54|01/01/2025|||YEAR_LAST_CONSTRUCTION
32202190000NB|25.8|25.9|1921||54|01/01/2025|||YEAR_LAST_CONSTRUCTION
32202190000NB|25.9|25.93|1921||54|01/01/2025|||YEAR_LAST_CONSTRUCTION
32202190000NB|25.93|26.0|1921||54|01/01/2025|||YEAR_LAST_CONSTRUCTION
32202190000NB|26.0|26.1|1921||54|01/01/2025|||YEAR_LAST_CONSTRUCTION
32202190000NB|26.1|26.2|1921||54|01/01/2025|||YEAR_LAST_CONSTRUCTION
32202190000NB|26.2|26.24|1921||54|01/01/2025|||YEAR_LAST_CONSTRUCTION
32202190000NB|26.24|26.3|1921||54|01/01/2025|||YEAR_LAST_CONSTRUCTION
32202190000NB|26.3|26.4|1921||54|01/01/2025|||YEAR_LAST_CONSTRUCTION
32202190000NB|26.4|26.5|1921||54|01/01/2025|||YEAR_LAST_CONSTRUCTION
32202190000NB|26.5|26.6|1921||54|01/01/2025|||YEAR_LAST_CONSTRUCTION
32202190000NB|26.6|26.7|1921||54|01/01/2025|||YEAR_LAST_CONSTRUCTION
32202190000NB|26.7|26.8|1921||54|01/01/2025|||YEAR_LAST_CONSTRUCTION
32202190000NB|26.8|26.9|1921||54|01/01/2025|||YEAR_LAST_CONSTRUCTION
32202190000NB|26.9|27.0|1921||54|01/01/2025|||YEAR_LAST_CONSTRUCTION
32202190000NB|27.0|27.1|1921||54|01/01/2025|||YEAR_LAST_CONSTRUCTION
32202190000NB|27.1|27.2|1921||54|01/01/2025|||YEAR_LAST_CONSTRUCTION
32202190000NB|27.2|27.3|1921||54|01/01/2025|||YEAR_LAST_CONSTRUCTION
32202190000NB|27.3|27.4|1921||54|01/01/2025|||YEAR_LAST_CONSTRUCTION
32202190000NB|27.4|27.5|1921||54|01/01/2025|||YEAR_LAST_CONSTRUCTION
32202190000NB|27.5|27.59|1921||54|01/01/2025|||YEAR_LAST_CONSTRUCTION
32202190000NB|27.59|27.6|1921||54|01/01/2025|||YEAR_LAST_CONSTRUCTION
32202190000NB|27.6|27.7|1921||54|01/01/2025|||YEAR_LAST_CONSTRUCTION
32202190000NB|27.7|27.8|1921||54|01/01/2025|||YEAR_LAST_CONSTRUCTION
32202190000NB|27.9|28.0|1921||54|01/01/2025|||YEAR_LAST_CONSTRUCTION
32202190000NB|28.0|28.1|1921||54|01/01/2025|||YEAR_LAST_CONSTRUCTION
32202190000NB|28.1|28.2|1921||54|01/01/2025|||YEAR_LAST_CONSTRUCTION
32202190000NB|28.2|28.3|1921||54|01/01/2025|||YEAR_LAST_CONSTRUCTION
32202190000NB|28.3|28.4|1921||54|01/01/2025|||YEAR_LAST_CONSTRUCTION
32202190000NB|28.4|28.5|1921||54|01/01/2025|||YEAR_LAST_CONSTRUCTION
32202190000NB|28.5|28.6|1921||54|01/01/2025|||YEAR_LAST_CONSTRUCTION
32202190000NB|28.6|28.68|1921||54|01/01/2025|||YEAR_LAST_CONSTRUCTION
3230012000000|0.78|1.18|1943||54|01/01/2025|||YEAR_LAST_CONSTRUCTION
3230012000000|1.18|5.93|1943||54|01/01/2025|||YEAR_LAST_CONSTRUCTION
3230012000000|5.93|6.11|1943||54|01/01/2025|||YEAR_LAST_CONSTRUCTION
3230012000000|9.33|11.31|1943||54|01/01/2025|||YEAR_LAST_CONSTRUCTION
3430039000000|24.6|24.96|1921||54|01/01/2025|||YEAR_LAST_CONSTRUCTION
34200190000NB|1.38|1.4|1921||54|01/01/2025|||YEAR_LAST_CONSTRUCTION
34200190000NB|1.4|1.5|1921||54|01/01/2025|||YEAR_LAST_CONSTRUCTION
34200190000NB|1.5|1.6|1921||54|01/01/2025|||YEAR_LAST_CONSTRUCTION
34200190000NB|1.6|1.7|1921||54|01/01/2025|||YEAR_LAST_CONSTRUCTION
34200190000NB|1.7|1.8|1921||54|01/01/2025|||YEAR_LAST_CONSTRUCTION
34200190000NB|1.8|1.9|1921||54|01/01/2025|||YEAR_LAST_CONSTRUCTION
34200190000NB|1.9|2.0|1921||54|01/01/2025|||YEAR_LAST_CONSTRUCTION
34200190000NB|2.0|2.1|1921||54|01/01/2025|||YEAR_LAST_CONSTRUCTION
34200190000NB|2.1|2.2|1921||54|01/01/2025|||YEAR_LAST_CONSTRUCTION
34200190000NB|2.2|2.3|1921||54|01/01/2025|||YEAR_LAST_CONSTRUCTION
34200190000NB|2.3|2.4|1921||54|01/01/2025|||YEAR_LAST_CONSTRUCTION
34200190000NB|2.4|2.5|1921||54|01/01/2025|||YEAR_LAST_CONSTRUCTION
34200190000NB|2.5|2.6|1921||54|01/01/2025|||YEAR_LAST_CONSTRUCTION
34200190000NB|2.6|2.7|1921||54|01/01/2025|||YEAR_LAST_CONSTRUCTION
34200190000NB|2.7|2.8|1921||54|01/01/2025|||YEAR_LAST_CONSTRUCTION
34200190000NB|2.8|2.9|1921||54|01/01/2025|||YEAR_LAST_CONSTRUCTION
34200190000NB|2.9|3.0|1921||54|01/01/2025|||YEAR_LAST_CONSTRUCTION
34200190000NB|3.0|3.1|1921||54|01/01/2025|||YEAR_LAST_CONSTRUCTION
34200190000NB|3.1|3.2|1921||54|01/01/2025|||YEAR_LAST_CONSTRUCTION
34200190000NB|3.2|3.3|1921||54|01/01/2025|||YEAR_LAST_CONSTRUCTION
34200190000NB|3.3|3.4|1921||54|01/01/2025|||YEAR_LAST_CONSTRUCTION
34200190000NB|11.03|11.1|1921||54|01/01/2025|||YEAR_LAST_CONSTRUCTION
34200190000NB|11.1|11.2|1921||54|01/01/2025|||YEAR_LAST_CONSTRUCTION
34200190000NB|11.2|11.3|1921||54|01/01/2025|||YEAR_LAST_CONSTRUCTION
34200190000NB|11.3|11.4|1921||54|01/01/2025|||YEAR_LAST_CONSTRUCTION
34200190000NB|11.4|11.47|1921||54|01/01/2025|||YEAR_LAST_CONSTRUCTION
34200190000NB|31.65|31.7|1921||54|01/01/2025|||YEAR_LAST_CONSTRUCTION
34200190000NB|31.7|31.8|1921||54|01/01/2025|||YEAR_LAST_CONSTRUCTION
34200190000NB|31.8|31.85|1921||54|01/01/2025|||YEAR_LAST_CONSTRUCTION
3430041000000|0.03|2.59|1930||54|01/01/2025|||YEAR_LAST_CONSTRUCTION
3430020000000|28.29|29.07|1946||54|01/01/2025|||YEAR_LAST_CONSTRUCTION
4530107000000|0.29|0.76|1976||54|01/01/2025|||YEAR_LAST_CONSTRUCTION
4530003000000|9.56|10.91|1921||54|01/01/2025|||YEAR_LAST_CONSTRUCTION
4530020000000|24.37|24.94|1943||54|01/01/2025|||YEAR_LAST_CONSTRUCTION
4530020000000|24.94|24.99|1943||54|01/01/2025|||YEAR_LAST_CONSTRUCTION
4530020000000|24.99|25.32|1943||54|01/01/2025|||YEAR_LAST_CONSTRUCTION
4530020000000|25.32|32.0|1943||54|01/01/2025|||YEAR_LAST_CONSTRUCTION
4530020000000|32.0|32.14|1943||54|01/01/2025|||YEAR_LAST_CONSTRUCTION
