RouteID,Year
0840019000000,1933
1440015010000,1933
1940008020000,1982
3540023080000,1971
1740119260000,1999
2850047000000,1967
0240012080000,1980
2440083510000,2004
2440001040000,1933
1040060460000,1958
0640031200000,1997
1740019650000,1969
2340010120000,1980
1050080000000,1967
2340700830000,1980
3940042000000,1933
0240011430000,2000
4440032010000,1933
1740034040000,1986
2440103070000,1990
0840016120000,1951
4440007050000,1933
5440002090000,1933
5440009150000,1933
4540018030000,1999
5440050390000,1971
2750005000000,1967
3440009000000,1933
1340092070000,2000
1340219610000,1998
0840004030000,1951
4340006030000,1933
4440019110000,1933
2740013000000,1933
0740020070000,1933
3180901500000,2000
0940019030000,1933
4140019380000,1972
2540001090000,1933
3040003030000,1933
3040014000000,1933
4240151050000,1995
1540005010000,1933
2750023000000,1967
2040013240000,1959
2880901690000,2000
2340044350000,1994
5540009170000,1992
31201190000NB,1921
1740024020000,1933
2280904000000,1998
3140027000000,1933
0640060950000,1981
4840018190000,1986
1840006050000,1933
5440009200000,1933
2650006000000,1967
2840044340000,1997
1340036040000,1954
4740017000000,1933
1050160000000,1967
2540016040000,1953
3940086050000,1933
2140013060000,1933
5340024010000,1933
2040065040000,1933
3440020160000,1960
2340011130000,1998
3240012250000,2000
0280950000000,1999
2640046010000,1933
0140017060000,1933
1340015070000,1946
1140119030000,1933
3140067120000,1995
2880903570000,2000
0940019070000,1933
1740019400000,1970
0140092180000,1933
4240037140000,1999
0280903350000,2000
5040015030000,1933
1820050000000,1985
2880901260000,1999
2240040010000,1933
1050007000000,1967
0440019230000,1933
3180901670000,2000
3180918000000,1998
4140016590000,1987
1140017050000,1933
2040160070000,1997
2040160190000,1999
5440013060000,1933
5440018030000,1933
1040018240000,1997
4240020040000,1947
3140076010000,1933
3040011000000,1933
3740030040000,1933
4040012000000,1933
4540007060000,1933
3140055000000,1933
5140036020000,1933
3140119380000,2000
4140001080000,1933
41100640000EB,1971
0340085490000,2000
4340050600000,1999
4480918000000,2000
5240021000000,1933
4180902300000,2000
2740072050000,1933
5060828000000,1989
0840013060000,1933
1740020090000,1933
2480931000000,1999
3980909000000,1999
3580901000000,1998
1280910000000,1998
2140009050000,1969
2140024060000,1996
2040069100000,1997
3140053050000,1933
3140067010000,1933
3280913000000,2000
0140092290000,1998
2380923000000,1999
3140025000000,1933
1840087160000,1969
2440007330000,2000
0340119550000,1982
0480909000000,2000
1040021090000,2002
5040052190000,1933
1040019100000,1933
2440052230000,1979
3540004020000,1933
0380953000000,1999
3840250060000,1933
0240023000000,1981
2480902010000,2000
3650033000000,1968
2040119610000,1979
2540250540000,2015
2340110740000,2000
3940001100000,1933
2740009000000,1933
5060813000000,1989
0940055080000,1933
3240018000000,1933
4140019710000,1980
2540088010000,1933
3140023050000,1933
1940017020000,1933
1240220050000,1933
3440015070000,1993
1040027010000,1933
10200190000NB,1921
5340032030000,1933
4180901990000,2000
2480901150000,1999
4140027140000,1933
4140042030000,1991
3840001070000,1933
1580920000000,2000
2640250930000,1998
2680928000000,2000
0380932000000,1999
2140018010000,1933
4750003000000,1967
2180945000000,2000
2880902750000,2000
2350013000000,1967
4930005000000,1933
104000000000,1976
1340020400000,1998
2740062190000,1933
0850071000000,1967
1740011080000,1978
2640088350000,1998
2040061090000,1980
4740032240000,2000
3040252540000,2000
0340119870000,2000
4240004030000,2000
4140016460000,1982
0280902420000,2000
0140057040000,1933
2380928000000,2000
2640019000000,1933
2440052950000,2000
4550004000000,1967
4540020070000,1991
3440013060000,1933
4180901570000,2000
4140005020000,1933
4740093010000,2007
0840013090000,1933
2040119910000,1999
3080936000000,2000
3480947000000,2001
4540008010000,1933
5240007100000,1933
2340003240000,1990
1040016410000,1997
1040021620000,2000
1880937000000,1999
4440036200000,1933
4550019000000,1967
4140018090000,1980
1040003020000,1933
4740032210000,2000
2840071290000,1997
3940007350000,1975
0640017210000,1992
1140044000000,1933
4040033070000,1985
2440007200000,1996
1340001040000,1976
5140046020000,1933
0940054000000,1933
2340013030000,1993
3940119010000,1933
4040010040000,1999
0340014030000,1933
3140075070000,1933
0280910000000,1998
1680904000000,1998
2450046000000,1967
4150155000000,1967
2250040000000,1967
5040001050000,1933
3240012220000,1998
0140014040000,2020
1480904000000,1998
5040033000000,1933
3940025020000,1933
2840020160000,1971
3140055080000,2005
1340060690000,1997
2880902180000,2000
1840001110000,1933
5580901360000,2000
5440009030000,1933
3440020440000,2000
2840019430000,1982
5540097120000,1990
0640044020000,1933
4080918000000,2000
0180916000000,2000
1740050840000,2000
1780950000000,1998
4840074020000,1933
4640044100000,1998
4640052010000,1933
5440014450000,2006
2240010170000,2021
0530027000100,1948
4140019570000,1980
2540072010000,1930
2540250340000,1933
3980915000000,1999
1980902570000,2000
3380938000000,1999
1340092030000,1993
3240011010000,1933
4740030000000,1933
0140032000000,1933
4940042010000,1933
2180928000000,2000
0640025000000,1933
0240051210000,2015
4340050080000,1933
0540007180000,1999
0440003070000,1995
0240025000000,1981
1240028080000,1950
2240068070000,1995
0640017220000,1994
2340003290000,1995
4760826000000,1980
1050058000000,1967
1780997000000,1999
0340026010000,1970
3940066030000,1933
1340020250000,1979
1740053000000,1980
1980986000000,1998
3140218010000,1996
4140003690000,1982
2340005470000,1990
1050119000000,1967
0280965000000,1999
1140017030000,1933
2040021180000,1933
2640250330000,2000
5040075140000,1979
1740023370000,1999
4140019750000,1980
4150052000000,1967
0640002370000,2000
3640005020000,1933
4140006100000,1980
3040052390000,1980
5440014340000,1999
3540041060000,1949
3940026720000,1952
4640007000000,1933
5340028050000,1933
0240007240000,2005
4980914000000,2000
2860806000000,2002
1640058010000,1933
1040009190000,1978
2340016610000,1992
3440019720000,2000
4240009050000,1996
5240001010000,1933
0740014000000,1933
4140027100000,1933
0140119110000,1933
4940033080000,1980
4140001180000,1933
0850038000000,1967
1680937000000,2000
2080930000000,1957
2740016040000,1933
2880903330000,2000
4140003500000,1980
5580951000000,1999
1340011050000,1957
3440039150000,1976
4140017110000,1974
1740019160000,1935
5550051000000,1967
2080968000000,1999
2040049080000,1980
3440039500000,2000
2840019080000,1933
4340001040000,1933
5550119000000,1967
1440005000000,1933
4940033160000,2008
0740035090000,1933
4140001170000,1933
4440014050000,1933
2040025190000,1959
2660802000000,1980
2340016250000,1988
2840034050000,1998
3840039210000,2000
4140019560000,1980
0840016230000,1996
1050097000000,1967
4040062250000,2000
4440062030000,1933
3940026040000,1933
5550116000000,1967
2040622330000,1998
2540080040000,1933
2140009010000,1933
2040006080000,1968
4140016630000,1992
2340009010000,1933
2540029040000,1933
2040047080000,1979
5340012000000,1933
2740012010000,1948
4530107010000,2005
0240007220000,2016
2840011000000,1933
5040052630000,1976
0340119670000,1933
5240010000000,1933
4250003000000,1967
1340043000000,1933
2240010540000,2000
4140004300000,1998
4150036000000,1967
4240047010000,1961
0140250250000,1999
2340119630000,1989
1180907000000,2000
3450012000000,1967
4940034020000,1933
1740012090000,1933
2280908000000,1999
3340009140000,1933
0240051200000,2015
0140119030000,1933
1140015070000,1933
2340116150000,1999
1540011100000,1998
0440002000000,1933
1320219000900,1981
3280912000000,2000
2040119480000,1977
2340014040000,2023
0640010110000,1980
5040015020000,1933
0680931000000,2000
3130705000000,1973
0640023000000,1933
1740019980000,1995
3140006030000,2023
1040021050000,1933
1780901480000,2000
2540090030000,1961
3940092470000,1995
0640037000000,1933
3980993000000,2000
3540001020000,1997
5540009120000,1982
0380901510000,2000
1340092050000,1998
3280916000000,2000
0340001170000,2000
3940074010000,1933
5040025000000,1933
0180918000000,2000
4640046090000,1933
4740006040000,1933
1980901110000,1998
3380970000000,2001
4240015050000,1933
1340063140000,1999
2880947000000,1999
1740014020000,1933
3940219050000,1933
1240005020000,1933
1240220190000,2007
1450002000000,1967
2180933000000,2000
2880902690000,2000
2840020910000,2002
2480901970000,2000
2840007100000,2000
3340002000000,1933
3340038010000,1933
3740026040000,1933
3840017030000,1933
0130020000000,1921
3940003000000,1933
3140069010000,1933
4940020440000,1992
0740008010000,1933
0640014010000,1933
4840006010000,1933
1040021700000,2023
4340074030000,1933
5440040020000,1933
5440050550000,1996
2240034050000,1933
4140001350000,1983
4330016000000,1921
0440022020000,1933
5040052240000,1933
1340020170000,1967
3150063000000,1967
3440020380000,1998
5240002040000,1948
0740035070000,1933
0740009010000,1933
1340063100000,1996
5540009070000,2022
5040037010000,1933
2180921000000,2000
2040027020000,1933
2440083240000,1980
3540023020000,1933
4180902420000,2000
0730035000000,1921
4140018190000,1980
2340700440000,1981
0280903110000,2000
0280901950000,2000
2040119340000,1963
2040622150000,1979
2080901760000,2000
5040007330000,1990
194000000000,2000
4440025000000,1933
2880901040000,1999
4160803000000,1988
5540016220000,1990
0640043060000,1992
2340119490000,1984
2140002030000,1933
2740022000000,1933
0140002010000,1933
3840028070000,1933
0440019660000,2000
2840052150000,1972
0640064640000,1990
2040060290000,1959
0140014010000,1933
3840028020000,1933
0280922000000,1998
4940030100000,1933
3350013000000,1967
4880903000000,1999
2080901510000,2000
2640003000000,1933
2150001000000,1967
1140119040000,1933
3180901200000,2000
2840010040000,1933
0640002060000,1977
3640021080000,1933
4240021020000,1933
4940020170000,1933
2880902610000,2000
5060819000000,1989
1730068000000,1962
0240016000000,1933
2880902770000,2000
4140017150000,1972
2840011130000,1979
4740219090000,1933
4840024000000,1933
3140028010000,1933
5480901180000,2000
4640003140000,1933
3440044030000,1933
3240004050000,1933
4940004080000,1933
0140010100000,1933
2640078000000,1933
1940028010000,1933
3640002020000,1933
5350006000000,1967
1240028160000,1999
3140063000000,1933
2340009200000,1989
2980962000000,2000
3040008070000,1989
2240119030000,1987
2880901920000,2000
3040065820000,2000
1740007120000,1983
2080977000000,1999
2580901180000,2000
0440019860000,2000
2340016600000,1992
0440001080000,1994
4240019000000,1933
2540015090000,1933
1640011040000,1945
1940023020000,1972
3940003070000,1933
4680905000000,1999
0640064350000,1989
2040049100000,1998
3350005000000,1967
4340012020000,1933
1580930000000,2000
1750059000000,1967
1980902370000,2000
2880991000000,1999
1040061120000,1949
1850003000000,1967
2380935000000,2000
1140017120000,2000
5040060200000,1995
4440029110000,1933
2480977000000,1999
4440058000000,1933
4540028040000,1933
1980902340000,2000
4940020300000,1978
0740003050000,1933
2340005530000,1990
1140013060000,1933
0440022030000,1933
2440016360000,2000
3840039370000,2000
4640119540000,2000
5540016450000,2001
1640055110000,1995
1750010000000,1967
5040034050000,1933
1940340080000,1949
0280926000000,1999
1140005170000,2000
5440021230000,1933
1940009470000,2000
2340016380000,1991
2140009000000,1933
4140017020000,1933
3980911000000,1999
3040080020000,1989
0340003390000,1999
1750081000000,1967
1440013050000,1946
2740060010000,2010
4140003780000,1989
1740023170000,1951
5540016080000,1933
0350028000000,1967
5340032000000,1933
4340019060000,1933
4340031110000,1933
3540007090000,1979
0350012000000,1967
1780901860000,2000
2040061240000,1999
4140307100000,1998
4940038000000,1933
2840460040000,1975
2380940000000,2000
1680958000000,2000
1540009120000,1980
2640050000000,1933
4040052020000,1997
1040013000000,1933
2450042000000,1967
0340003270000,1992
2140014060000,1986
4940026030000,1933
4940030020000,1933
3440055060000,2003
1040060540000,1978
0640031230000,1997
1780923000000,1998
2240021020000,1991
2840019680000,2000
4140003030000,1933
4140019870000,1982
2040119620000,1979
5440009060000,1933
5440014390000,2000
2630047000000,1949
2340017160000,1998
4640119300000,1933
4180903370000,2000
0740035190000,1933
3180901190000,2000
4140019650000,1980
1580905000000,1998
2440016070000,1980
4280924000000,2000
2640002260000,1999
2640034120000,1949
5040029020000,1933
2440007180000,1996
3140067140000,1996
4940009000000,1933
0280903420000,2000
3980940000000,1999
2640017050000,1933
5040025010000,1933
2450051000000,1967
1980901580000,1998
2740062430000,1995
2040219140000,2000
0240011380000,2000
5040042000000,1933
1880959000000,2000
5480901080000,2000
0580918000000,1999
2140033310000,2000
2850055000000,1967
1340021180000,2005
0540013010000,2000
3140073010000,2021
2540013000000,1933
0340001200000,2000
2640086020000,1952
3140009000000,1933
3580904000000,1998
1980901470000,1998
1350038000000,1967
2480902540000,2000
3240014000000,1933
3340013140000,2000
1040612040000,1997
2030214000000,1921
4340050610000,1999
1020021000500,1978
3440019750000,2002
1050148000000,1967
4240250030000,1933
5580901550000,2000
4340050460000,1980
4380910000000,2000
2040017010000,1933
2580972000000,1999
1740119320000,2000
2250033000000,1967
2880902780000,2000
0280905000000,1998
1640003010000,1933
3540019000000,1933
2480902800000,2000
4240219680000,1999
2580995000000,1999
2240034030000,1933
4140016970000,1999
3240023120000,1980
2540031230000,1983
3050006000000,1967
3840001230000,1952
5440015000000,1933
2640048040000,1933
2440102200000,1972
2480902740000,2000
3950008000000,1967
2040060050000,1952
3440019640000,1992
4940010020000,1933
2740062260000,1954
5060810000000,1989
1040160060000,1997
4240050010000,1933
2040119980000,2000
2340110380000,1998
5440047290000,1982
5440892010000,1980
2840112020000,1995
2040622290000,2003
2340701830000,1981
1640259070000,1952
2580901550000,2000
0140016090000,1998
1750063000000,1967
2840020860000,2000
1240004010000,1933
1440001050000,1981
2480901290000,2000
2540250140000,1943
2580901610000,2000
2580901740000,2000
4940020180000,1933
4140016600000,1988
2340701100000,1980
2540002040000,1933
5540052180000,1996
1740119140000,1997
0440005060000,1933
1340044090000,2000
5040075100000,1969
0540018000000,1933
2480925000000,1999
5550059000000,1967
5440002300000,1999
3150005000000,1967
1880919000000,1999
2140021020000,1933
3940019000000,1933
2050009000000,1967
2550011000000,1967
2540017120000,1933
3750010000000,1967
0240009380000,1990
0640035010000,1933
2040035230000,1998
2450075000000,1967
2880925000000,1999
0940062000000,1933
2480901450000,2000
1040022080000,1998
1040041250000,2010
3940005180000,1976
4640050020000,1933
3380915000000,1998
2250022000000,1967
4340050700000,2016
4340011050000,1933
2140006030000,1933
2480906000000,1998
1040017010000,1933
1040061650000,1993
3940007090000,1933
2440003010000,1933
1050132000000,1967
3940050020000,1933
1580913000000,1999
0140027080000,1933
5540010570000,1991
0440005090000,1933
1340060790000,1998
4140099060000,1993
3780904000000,2000
0240001000000,1933
2140003010000,1995
4640050220000,1980
0640064580000,1990
1980960000000,1998
1440005050000,1933
2280939000000,2000
1050182000000,1967
2340700110000,1980
1740006050000,1933
2740002130000,1933
0340007020000,1933
1980902540000,2000
4150152000000,1967
0840004040000,1952
1040008000000,1933
4140029210000,2000
5550071000000,1967
3480922000000,2000
0340119380000,1977
3340013150000,2000
2540070040000,1982
4680929000000,2000
2040060100000,1933
2840020020000,1949
4740019020000,1933
3040052580000,1961
0440019550000,1980
2350094000000,1967
2940011010000,1933
0440010000000,1933
2050010000000,1967
2840019360000,1980
5140015080000,1933
3140045140000,1933
1780902020000,2000
2140023010000,1933
1240009100000,1968
1040021520000,1998
1040025100000,1978
0640004000000,1933
2080902260000,2000
2580901950000,2000
4080928000000,2000
5040037520000,1998
3880906000000,1998
2040060330000,2012
2740011000000,1933
1740019130000,1977
4840011070000,1933
1840012050000,1933
1640001030000,1933
2740002160000,1984
5050023000000,1967
4440119140000,1933
2740012030000,1933
4040027050000,1933
5040052110000,1933
0140020010000,1933
1340011020000,1981
2850064000000,1967
4560825000000,1978
0640160230000,2000
2040003040000,1963
1040060410000,1944
5040029030000,1933
5540007050000,1933
2840022030000,1933
2240008020000,2005
2540019190000,1933
3640220030000,1933
0240009270000,1953
1480917000000,1998
4040038040000,1953
0440008010000,2015
4140003070000,1933
5040007130000,1967
3240012080000,1972
4840056060000,1933
0840016200000,1996
3040052530000,1985
0340003260000,1992
0340005050000,1999
2040057090000,2005
2340011060000,1990
4940003040000,1933
4540007110000,1933
2040049120000,1998
4540025080000,1933
2740015000000,1933
3340009240000,1949
4840020000000,1933
1050115000000,1967
4480933000000,2001
0540067130000,2000
1140119350000,1986
2740015070000,1979
3140069130000,2000
0850060000000,1967
4340016320000,1973
3940076050000,1933
4440014070000,1933
2040060040000,1933
4180902250000,2000
4140103290000,2000
2340210250000,2013
3940068000000,1933
3980901020000,2000
4340047190000,1933
4440005170000,1984
4040062130000,1995
3540070010000,1982
1350029000000,1967
5340020080000,1992
2880901940000,2000
4140001390000,1992
2540058020000,1933
2340119640000,1989
2250034000000,1967
2880903440000,2000
4840007080000,1933
1840021340000,1973
2350083000000,1967
1340015060000,1968
1240005010000,1933
1140023030000,1933
2340005350000,1989
1040160120000,1998
2340701020000,1980
2040014070000,1956
5440068030000,1998
5480901250000,2000
2940011070000,2006
0240007130000,1933
3040007100000,2002
1040001050000,1978
2340009080000,1988
4840018110000,1933
0280901630000,2000
0240011400000,2000
0140016070000,1998
2440006040000,1998
4480923000000,2000
5440095170000,1998
1060807000000,1978
4240023000000,1933
5440018070000,1933
4240219460000,1998
0640060020000,1933
2350089000000,1967
4540044270000,1997
4140016300000,1979
4220048000000,2017
2540026010000,1933
4340016040000,1933
2040214160000,2000
4440011080000,1933
0640060040000,1933
1480914000000,1998
5440050080000,1933
2840071320000,1999
0440034000000,1933
2940014010000,1933
3450013000000,1967
0940018010000,1933
0140093010000,1933
1740007180000,1995
0240010020000,1995
3940007390000,1980
4180903390000,2000
2740062360000,1984
0550017000000,1967
2480901210000,1999
3340008100000,1933
2550007000000,1967
5450033000000,1967
5450044000000,1967
2640002030000,1933
1040013040000,1933
2340044180000,1990
2840071330000,1999
1340018030000,2005
2250008000000,1967
1040160180000,2001
2540076000000,1933
5380949000000,2000
2340119140000,1949
5480901310000,2000
1350026000000,1967
2150007000000,1967
2740033080000,1933
2340010440000,1984
0140076120000,1998
1740009080000,1977
2540050000000,1933
2540250420000,1933
4180901400000,1999
3180901510000,2000
2340005050000,1933
2080901640000,2000
5440005070000,1999
0640031310000,1997
2580993000000,1999
2740002070000,1933
2480901500000,2000
5550132000000,1967
1680928000000,2000
2540080010000,1933
5440003010000,1933
0640029020000,1933
5440050520000,1996
5480983000000,2000
3840066020000,1996
2740090050000,1996
1740019780000,1983
2280931000000,2000
2680926000000,2000
3140029030000,1933
3640028060000,1933
0340119810000,1996
2840026010000,1933
4640050140000,1933
4630068000000,1933
06200520000EB,1922
1440003020000,1933
3140007690000,2008
2180913000000,1999
5040007190000,1956
2540031060000,1933
4240064000000,1933
4240219780000,2000
3940073010000,1933
2640098060000,1933
4040025050000,1966
1740024350000,1980
2480935000000,1999
4740031000000,1933
5040039030000,1933
2440102670000,1972
1340011080000,1980
1980902160000,2000
2040060540000,1972
1740024280000,1998
2150010000000,1967
0640060920000,1980
0640064400000,1990
0640164100000,1998
1380927000000,2000
0540027260000,1999
3040001000000,1933
5580934000000,1999
2540064190000,1988
0440021100000,1980
0680932000000,2000
1040041060000,1933
3540007060000,1957
4540033020000,1933
0640064560000,1990
2340005060000,1933
2080933000000,1999
4340036000000,1933
2140038050000,1995
3840219370000,1991
2740002330000,2000
2740033250000,1980
1740279010000,2024
1440023030000,1933
3140025010000,1933
4540020060000,1978
5140020320000,1981
1340036020000,1933
2480901840000,2000
2840011180000,1996
4140041270000,1983
1030039000000,1946
2380924000000,1999
2040025150000,1960
0440026020000,1933
5040075120000,1971
5080909000000,1999
2440016110000,1982
0940015010000,1933
2480901280000,1999
1040016220000,1978
5440047220000,1944
0940012000000,1933
0140119140000,1933
1640220160000,2000
5040019110000,1991
0350011000000,1967
3840039130000,2000
5240020050000,1933
1240042030000,1933
0740009020000,1933
1740023200000,1968
4240219050000,1964
1040014400000,1999
4540003140000,1933
4740043110000,1933
2350051000000,1967
0440004440000,2000
2040060370000,1970
1440050350000,2004
4150073000000,1967
1840008050000,1978
3540018000000,1984
3640017020000,1998
4480934000000,2001
1750064000000,1967
0240026060000,2000
3140119130000,1933
3140857000000,1975
4940003060000,1933
1050176000000,1967
2540029020000,1933
3050009000000,1967
1340018020000,1985
5240007210000,1973
29200500000EB,1921
1740025150000,2001
2840001010000,1933
2340116080000,1996
3940026490000,1933
2040079230000,1998
4140006060000,1972
2340005270000,1984
4140019420000,1977
3930072000000,1929
3980938000000,1999
1940001170000,1945
1340020380000,1998
1780904000000,1998
3140067110000,1995
0840007030000,1933
4140035050000,2000
1440028180000,1978
4040035210000,1983
0340119820000,1996
3940014000000,1933
2040069030000,1933
4150140000000,1967
4140018330000,1992
2340005800000,2000
4940003100000,1933
0840020020000,1933
3040007070000,1980
4340016060000,1933
5580901680000,2000
5040008050000,1993
2450015000000,1967
1740033060000,1995
4140017230000,2000
0840004050000,1969
1040061330000,1978
1840014050000,1933
0650005000000,1967
0280902490000,2000
5480972000000,1999
3940026100000,1933
0640010200000,2013
0640019000000,1933
2480902100000,2000
3040006080000,2005
3640220280000,1999
5580978000000,1999
5480985000000,2000
3180954000000,1999
3240013040000,1944
4140019370000,1972
3040052340000,1969
0540007170000,1999
0240011040000,1933
1940016010000,1933
2340044410000,1996
3550002000000,1967
2340700820000,1980
2540009120000,1933
2040021290000,1972
1750032000000,1967
0640152000000,2001
0440004000000,1933
4740017070000,1933
0340078010000,1956
4330053000000,1921
2640005020000,1933
5480952000000,1999
0440024050000,1933
5040252130000,1999
2040219300000,2003
1740019770000,1983
1640055070000,1971
2430012000000,1922
2140119210000,1933
4640001040000,1933
1140119300000,1986
3350003000000,1967
3980901250000,2000
1740057040000,2001
2940028180000,1981
2440001020000,1933
4780906000000,2000
1050094000000,1967
4040033050000,1972
0580939000000,2000
17100790000NB,1964
0240007280000,1990
2040009150000,1997
1840021370000,1933
2640021060000,1933
1040019140000,1933
1940340120000,1972
2040072010000,1933
1940008040000,2010
2840019130000,1933
0640160020000,2002
2540040030000,1933
3940033110000,1933
3940050200000,1933
5040021040000,1998
1940009650000,2000
2350046000000,1967
2440007260000,1999
5340034020000,1933
1680912000000,1999
3040252480000,2000
3140007010000,1933
4040021010000,1933
1740050040000,1933
3880916000000,1999
4640018080000,1995
0440011040000,1933
5540016140000,1977
3640001070000,1994
4180940000000,1999
1340062060000,1997
0640026150000,1993
1040041130000,1933
1740001010000,1933
1740004130000,1981
0140027070000,1933
1340009000000,1933
1740050200000,1933
1740052040000,1933
3950013000000,1967
4140119290000,1998
5040052380000,1933
1740077020000,1933
2840027130000,1993
4140307090000,1998
1040061560000,1980
3040119050000,1992
5540007120000,1974
1980901000000,1998
4180901060000,1999
2240010180000,1979
3240002010000,1933
0640027010000,1933
0140077020000,1933
3840028110000,1933
0280903220000,2000
5380944000000,2000
1530066000000,1933
2980918000000,1998
4980906000000,1999
1040061800000,1997
1740003080000,1933
4340031090000,1933
5440009220000,1933
4140021090000,1980
3940059000000,1952
3940061000000,1949
3140007370000,1981
1740119300000,2000
2140042020000,1933
1160803000000,1979
2840020100000,1967
3440041100000,1933
0680952000000,2001
2880901700000,2000
1840010020000,1933
0380956000000,1999
1980902470000,2000
1840021110000,1933
2340702290000,1982
3040008030000,1933
2340110110000,1996
1740033020000,1933
5060804000000,1989
0840004090000,1995
2340005600000,1991
3940074020000,1933
4040014000000,1933
4040062020000,1976
2840028050000,1933
2880903600000,2000
2880938000000,1999
4140045010000,1933
4940033170000,2026
0280907000000,1998
0640035040000,1933
2640086080000,1997
3080902000000,1998
1740033070000,2005
2480901530000,2000
1040160080000,1998
2740002030000,1933
1940004000000,1933
4640013390000,2000
2740017060000,1933
5080913000000,1999
5040007220000,1989
0540027390000,2000
4840001060000,1933
0840026010000,1933
5440012000000,1949
0650030000000,1967
2840052250000,1982
5040005000000,1933
4150117000000,1967
1840004050000,1933
5540085120000,1997
5040012020000,1971
3540015000000,1933
3840250220000,1999
4180964000000,1999
4180901910000,2000
0440017120000,2008
1340035030000,1999
0140076110000,1998
5580921000000,1999
3140039040000,1933
0380901310000,2000
2040060600000,1976
1140040110000,1999
2240003060000,1933
0540018050000,1999
3340006000000,1933
5550114000000,1967
0340003160000,1979
1140119290000,1986
0440016020000,1933
4540006020000,2003
4240032120000,2012
5440014490000,2013
1040060930000,1997
2540017330000,2000
5580901640000,2000
0540002030000,1960
0180915000000,2000
3640016000000,1933
1340021100000,1979
0940050160000,1933
2340010310000,1984
3240027050000,1997
0280902640000,2000
4440002020000,1933
0640042190000,1999
2040028060000,1933
4580912000000,1999
1050161000000,1967
2040021360000,1981
2340044120000,1988
2440016500000,2000
2440102040000,1972
3540053020000,1933
5140011000000,1933
5040003170000,2000
4140031120000,1998
0140054000000,1933
1640055020000,1996
3640023010000,1933
4440060010000,1933
2640034020000,1933
0240045150000,1973
1080905000000,1998
1740050470000,1982
2840460010000,1975
0440024010000,1933
0440026010000,1933
1740024460000,1995
3050007000000,1967
1730055000000,1933
2140044090000,1997
2880903580000,2000
4140016810000,1998
5040019140000,2002
1040021560000,2000
1550012000000,1967
2350077000000,1967
4440036120000,1933
5480996000000,2000
0640160240000,2000
4940011010000,1933
5080908000000,1999
0540002050000,1965
0550006000000,1967
0240011020000,1933
0640029150000,1976
5540001030000,1983
2940028060000,1933
2580901220000,2000
4040034390000,1981
1040021600000,2000
1050051000000,1967
3640220140000,1990
2040083040000,1987
2440007280000,2000
2450018000000,1967
3240219270000,1978
3580922000000,2000
2840027050000,1933
4740005030000,1933
4180987000000,1999
2240019060000,1995
1740016020000,1933
5560801000000,1979
0280924000000,1999
0140040040000,1933
2140011020000,1933
2880901480000,2000
4440013200000,1933
2340080010000,1989
2450040000000,1967
3440020410000,1999
4180914000000,1998
3130218000000,1976
4240219310000,1974
4340031220000,2000
4140016140000,1965
5040152270000,1998
2840012040000,1933
1050014000000,1967
2880969000000,1999
4940005090000,1933
3640220150000,1991
2080901090000,2000
2680905000000,1998
1940115010000,1992
2340119030000,1933
2150009000000,1967
2040050000000,1959
3840001260000,1996
1640012000000,1933
1550010000000,1967
4440052050000,1933
0340003520000,2000
4740006000000,1933
3440041250000,1999
2640025000000,1933
4040034350000,1979
1940008010000,1982
3580917000000,1999
3650025000000,1967
2840071220000,1984
3440019120000,1933
4180901270000,1999
4180931000000,1999
1340219270000,1979
1740020050000,1933
0140001000000,1933
3840010000000,1933
1740012020000,1933
2080901350000,2000
3940092450000,1995
1340020180000,1964
2040073010000,1933
3180901080000,2000
0940050710000,2000
1740020540000,1948
2480987000000,1999
1040016490000,1999
4440005110000,1933
2040023000000,1933
2040043150000,1975
5040029100000,1933
1840015050000,1933
2340702340000,1983
0640054020000,1980
1530008000000,1930
5540010150000,1933
2040061330000,2000
2240040030000,1996
0940070000000,1933
1040060360000,1944
1780976000000,1999
4340050580000,1999
4440004020000,1933
0440019570000,1990
1940009490000,2000
4840007040000,1933
2440006030000,1982
5140046110000,1996
2440001010000,1933
3240012210000,1998
4140030030000,1999
4140116120000,1999
3740007050000,1933
5580901620000,2000
1480912000000,1998
5040007380000,1992
1040020110000,1978
1880920000000,1999
1980980000000,1998
4140017210000,2000
0640001240000,1999
0340085150000,1984
5440002070000,1949
1440015020000,1933
0540067210000,2000
1980940000000,1998
2280934000000,2000
0240009410000,2019
0440017080000,1933
2040011070000,1996
2780912000000,2000
1040006070000,1978
1740024520000,1999
3940074030000,1933
2580963000000,1999
2840020830000,1998
3180992000000,2000
2040012000000,1933
1740004150000,1986
2750007000000,1967
5140010000000,1933
1040021080000,1933
5440018000000,1933
1050021000000,1967
5540010210000,1933
4640003080000,1933
2360804000000,2001
0940036080000,1979
3840011020000,1933
1740046010000,1933
2040060320000,1978
4140119210000,1997
2540218110000,2005
3240029030000,1933
4840005010000,1999
4440019010000,1933
3540002070000,1974
2840052480000,1998
5180919000000,2000
4040035310000,2010
2540019850000,2000
2980940000000,2000
5550014000000,1967
2040043140000,1980
4040034440000,1994
2140050090000,1933
0840015120000,1997
1740025370000,1997
4140019480000,1979
1040021590000,2000
3940042020000,1933
0440021090000,1978
3150026000000,1967
2340012110000,1996
3340001050000,1933
1040017200000,1997
1060812000000,1978
3940003010000,1933
5240032000000,1933
0240019070000,2000
3440026010000,1933
3440039550000,2002
0940018120000,1933
2380948000000,2000
2040119820000,1992
0440021120000,1996
3140042000000,1933
2340110410000,1998
3340009370000,1997
4940004000000,1933
4340007160000,1933
2080901650000,2000
4340050300000,2012
2740002110000,1933
0140030070000,1933
1040021010000,1982
0640028000000,1933
0280901150000,1999
5540010770000,1996
1080912000000,1998
0580937000000,2000
4140003510000,1980
0380901160000,2000
2340701010000,1980
5550173000000,1967
2040119430000,1972
2040049110000,1998
2840020130000,1972
2740040000000,1933
5040152170000,1992
1840007060000,1933
3740001180000,2000
5440002150000,1948
3140045360000,2000
2440008030000,1948
3640001080000,1994
3840219030000,1933
3840250190000,1999
2440004030000,1979
4280913000000,1999
2040048010000,1933
2640017080000,1999
5440050500000,1996
1780901780000,2000
5340014200000,1933
1140007080000,1933
0280902310000,2000
1040009140000,1978
1840034200000,1963
0580902000000,1999
2240010150000,1943
0840015010000,1933
2040035090000,1978
1980994000000,1998
5140036000000,1933
2240014010000,1933
3180901020000,2000
3240012010000,1948
4140041280000,1983
4840016000000,1933
4840044010000,1933
2540007010000,1933
4240045000000,1933
4340009030000,1933
1240042020000,1933
2040073340000,1999
2940046120000,2005
1340060240000,1961
4940001030000,1933
0850090000000,1967
2640002180000,1981
2840460060000,1974
5440050730000,2007
0650020000000,1967
0650026000000,1967
0380935000000,1999
1740119310000,2000
0740035060000,1933
2040009030000,1933
4740072260000,2000
4040033190000,2009
5440047310000,1995
5480925000000,1999
4640038060000,1985
3140067030000,1933
4140307070000,1997
5060850000000,1999
0540027290000,1999
2840007120000,2000
4740219180000,1980
5540097080000,1989
4940007040000,1985
0280951000000,1999
3340038110000,1933
2040160390000,2000
2580901240000,2000
3040119080000,1997
1940001100000,1933
3640005010000,1933
5430068000300,1991
2080991000000,2000
2880903700000,2001
4840018040000,1933
3840015000000,1933
5440025070000,1933
4140119470000,2000
2840020000000,1933
2340005250000,1984
0280902440000,2000
4140003930000,1994
0940024000000,1933
1740020920000,2012
2340702310000,1982
4040060280000,1992
4440031000000,1933
2730087000000,1940
5140015060000,1933
0340085410000,1999
2680929000000,2000
1740035060000,1933
4640013330000,2000
2040061460000,2000
2040064110000,1996
2250052000000,1967
4140041160000,1979
4760820000000,1980
0850046000000,1967
1050110000000,1967
3840004000000,1933
4940032060000,1933
4140018160000,1980
3340522050000,1997
4740047020000,1996
2980964000000,2000
4240219450000,1998
5550143000000,1967
4040034430000,1992
0140016100000,1998
2740066020000,1933
4140036050000,1997
4140021180000,2024
0140012000000,1933
1040085130000,1990
3840015040000,1960
2020021000300,1970
3140007040000,1933
4040012010000,1933
1140034000000,1933
1340020390000,1998
2140019020000,1933
0440003020000,1933
4180902750000,2000
1330092000000,1978
2740033020000,1933
1050064000000,1967
3040014150000,2000
2040040040000,1933
2840024140000,1998
3380971000000,2001
5140015260000,1971
0540032010000,1933
1040003000000,1933
2480902710000,2000
1050141000000,1967
2540009030000,1933
5440004010000,1967
2340110290000,1998
2340110340000,1998
3440041070000,1933
5040701450000,1980
3340012010000,1933
4740006060000,1978
3840016000000,1933
2540044120000,1982
1540007090000,1999
1940002000000,1933
2440083200000,1964
5340014180000,1933
3380928000000,1999
0440013020000,1933
1340060340000,1973
2580901860000,2000
2340016820000,1993
0630152000000,1922
2740009030000,1933
1740025030000,1933
0280928000000,1999
2080901060000,2000
5450041000000,1967
1440045010000,1933
2640021070000,1933
2880901310000,1999
3140065060000,2000
2180918000000,2000
0840016180000,1988
2080987000000,2000
1880906000000,1998
3950009000000,1967
0640064940000,1996
4150130000000,1967
4940009190000,1933
2240013080000,1990
3240012150000,1961
4140025030000,1990
4840058000000,1933
2980932000000,1999
0640060740000,1970
1880982000000,2000
3440015030000,1933
2240058000000,1933
5140015270000,1999
2480951000000,1999
2840460240000,2022
2540018000000,1933
2040025490000,1986
0640064660000,1990
4540026080000,2004
2040009020000,1933
5040003110000,1990
4040025370000,2016
0640017130000,1988
2350068000000,1967
0380901520000,2000
1340011060000,1960
2840026020000,1933
4680945000000,2000
2250042000000,1967
0330078000000,1955
5440050070000,1933
0640164010000,1997
3440019500000,1978
2480901860000,2000
1040023130000,1978
3150003000000,1967
2780916000000,2000
1740020150000,1933
2480901880000,2000
3240024070000,1948
1680923000000,1999
3940060010000,1933
2440052170000,1973
0580925000000,2000
2480901320000,2000
1040025010000,1933
1440050190000,1933
4040025090000,1968
1880903000000,1998
1340060360000,1972
0140076080000,1998
4080902000000,1999
1740036030000,1933
3950029000000,1967
2750008000000,1967
2860809000000,2002
0230115000000,2013
2440083530000,2014
3940052110000,2014
0140010040000,1933
5040052550000,1981
3940007040000,1933
5340030000000,1933
1680946000000,2000
0240036000000,1933
1780902190000,2001
3140076020000,1933
2480937000000,1999
5240001170000,1933
1340041010000,1951
1340063150000,2000
0850015000000,1967
2340003030000,1933
1040009220000,1997
5480937000000,1999
2740028010000,1933
2940028070000,1933
3280915000000,2000
0380920000000,1999
2040051020000,1933
3440019340000,1977
2040005280000,1979
2440001070000,1933
5440007130000,1933
3140017050000,1933
3140049010000,1933
1940015130000,2001
2340119090000,1943
2040119970000,2000
0640035070000,2021
4040038030000,1953
2480901030000,1999
2550021000000,1967
2980959000000,2000
0640035150000,1983
1740050220000,2001
2880902870000,2000
3180901050000,2000
4140003260000,1962
3340038040000,1933
2080902090000,2000
1350019000000,1967
0480907000000,2000
2040079250000,1998
0740003070000,1933
1340060280000,1948
2340009340000,1991
4940032220000,2026
2540019270000,1948
5440016000000,1933
3140017000000,1933
2840019400000,1980
2480904000000,1998
2540250800000,1979
2340017170000,1998
4540007150000,1933
3840219110000,1933
5340035040000,1992
1180901000000,1998
0440015040000,1933
2880906000000,1999
4840028000000,1933
0280902450000,2000
4440004040000,2022
1840019080000,1933
1440045200000,1969
2440013060000,2000
0380901080000,2000
2840052400000,1996
0240019110000,2000
2740026010000,1933
4150126000000,1967
5040152260000,1997
1040019582100,2014
0240011610000,2009
2280910000000,1999
4740009000000,1933
1050067000000,1967
0640001190000,1995
2540250350000,1933
5440006000000,1933
0240011370000,2000
1540008100000,1998
2440005090000,1933
2480956000000,1999
4740037020000,1933
1040085150000,1997
3750003000000,1967
5440013110000,1998
2340116190000,2000
3880914000000,1999
4640010040000,1933
4180901740000,2000
4140006150000,1981
4740072130000,2000
4840018050000,1933
2040219320000,2015
1040061100000,1945
1050083000000,1967
1140011020000,1933
0280902620000,2000
0640042220000,2000
3540006000000,1933
5150006000000,1967
2340003160000,1977
2340702010000,1981
3840031060000,1933
1130018000000,1921
0140024060000,1933
0280901060000,1999
2340044400000,1994
2040079120000,1995
4240219530000,1999
2540044110000,1982
1540022020000,1933
2640250900000,1997
2040053030000,1983
2880901810000,2000
3140075020000,1933
2040015090000,1933
5550024000000,1967
0440019150000,1933
0440019580000,1993
0140034010000,1933
3940020000000,1933
0240007330000,2000
0240009120000,1933
0440015080000,1933
2030014000100,1953
2240007080000,1993
2740068030000,1933
3240024120000,1974
1640001050000,1933
2640088280000,1995
0240051120000,1944
4440029030000,1933
1280903000000,1998
2840044250000,1992
1040006080000,1999
5240024020000,1933
1440011030000,1933
2040077040000,1998
4240003010000,1933
0680933000000,2000
2880903360000,2000
3140037100000,1933
3940004000000,1933
4140009210000,1991
4980921000000,2000
4340026050000,1933
0640064190000,1988
0640160160000,2000
4140119110000,1996
4940011250000,1979
0740016400000,1998
4140004270000,1998
4940005250000,1980
5540016310000,1996
0440019100000,1933
3140061100000,1983
3140083000000,1933
4240037110000,1997
2580922000000,1998
3940052080000,1933
0440019180000,1933
5440047180000,1944
5540010360000,1980
5340032040000,1933
2980921000000,1999
2540015010000,1933
5550015000000,1967
2580901010000,2000
5440019000000,1933
1580935000000,2001
4080923000000,2000
1740031010000,1933
4680955000000,2000
2040013260000,1958
1040014470000,2003
4140064090000,1994
46201190000NB,1922
2340700380000,1980
2060802000000,1979
5440046020000,1933
0380901340000,2000
0640064840000,1995
1230042000000,1933
3140067090000,1988
2240003630000,1999
5150011000000,1967
5540097200000,1996
4040028030000,1995
5040013100000,1993
5040029170000,1995
5040052690000,1981
0380901120000,2000
3440019730000,2000
2480903000000,1998
2360802000000,1979
4480916000000,2000
4540050040000,1959
5140020300000,1981
4140041110000,1979
3640014010000,1933
1780902080000,2000
0480915000000,2000
1040025190000,1997
1050178000000,1967
2540250050000,1933
0440019630000,1999
1240220020000,1933
2840020230000,1979
3940026540000,1933
1740020430000,1933
4150074000000,1967
4840018080000,1933
2380950000000,2000
3940056060000,1933
5440002060000,1962
4440119170000,1933
0440004150000,1957
2880901830000,2000
2540250580000,2023
3940014140000,2026
3040013090000,1998
0640031250000,1997
1740125060000,1999
2840020800000,1998
2740005140000,1933
3140069050000,1933
2880937000000,1999
4140016740000,1997
3340003000000,1933
1440050460000,2000
4640003030000,1933
0680921000000,1999
1240042150000,1981
0840001050000,1933
0640025130000,1972
2340012070000,1990
4340016390000,1999
2140022030000,1933
0940050060000,1933
1780993000000,1999
2380949000000,2000
3940023020000,1998
1980991000000,1998
2840123070000,2005
5140015190000,1985
4040010030000,1995
1750055000000,1967
0240007070000,1933
4140003440000,1972
1140021000000,1933
4940001090000,1933
1040041080000,1933
4080909000000,1999
1880966000000,2000
4540004050000,1933
0240026020000,1933
2040079130000,1995
2050007000000,1967
2880902620000,2000
2840009070000,1960
2080902000000,1998
0340119800000,1996
2840102030000,1979
4640010010000,1933
1340036010000,1933
5040152320000,1998
1740020510000,1948
1040060950000,1997
3740002100000,1977
3840022000000,1933
0280903400000,2000
3940047050000,1933
3980959000000,2000
2940009020000,1933
4180902650000,2000
2040061820000,2003
1740019200000,1933
0140032020000,1933
2340116010000,1996
3650008000000,1967
4580918000000,2000
5340001050000,1933
1140119230000,1933
2540019830000,1998
0340100000000,1933
2540078010000,1933
1340009100000,1980
1840020010000,1957
5550041000000,1967
0640060530000,1961
2040028030000,1933
5340007020000,1933
2040219310000,2005
4140003200000,1933
2480946000000,1999
0130076000000,1962
3040002020000,1933
2040083010000,1980
1440028010000,1933
2040017030000,1998
2450058000000,1967
2840024170000,1998
2840030030000,1956
5150018000000,1967
1740020410000,1933
4140116040000,1999
2340110500000,1999
4340016240000,1933
2080942000000,1999
0240007250000,1999
2140015080000,2003
1940115050000,2013
4440008050000,1933
1040019600000,1992
4540044040000,1933
0480902000000,1998
1350041000000,1967
2350014000000,1967
4140030020000,1999
4740035000000,1933
4940003030000,1933
5540097050000,1989
3980901030000,2000
2840001050000,1933
3640220220000,1999
2640088110000,1933
1780934000000,1998
4580926000000,2001
2040077050000,1998
1340060570000,1985
1380937000000,2000
5540054140000,1992
0340085420000,1999
1050031000000,1967
2140019080000,1933
2140030130000,1933
5340020050000,1933
0750004000000,1967
2980957000000,2000
3040065730000,2000
4240048010000,1933
2540064170000,1984
4040018030000,1933
35202500010SB,1984
0340119740000,1992
2080998000000,2000
5140020140000,1933
5030152000000,1922
0840011080000,1958
2840004020000,1933
0280902610000,2000
1780901800000,2000
2020060001500,1970
4180903330000,2000
0740002080000,1933
2340011050000,1998
1050117000000,1967
2540218090000,2000
3640028120000,1988
3950014000000,1967
0280903480000,2000
1580929000000,2000
4040021020000,1933
1830044000000,1957
5140020100000,1933
2240062040000,1988
3140075010000,1933
4140017130000,1972
3040002060000,2000
3840028190000,1933
4080952000000,2000
5040027000000,1933
5440047370000,1999
4140064010000,1991
1040025140000,1992
1640220110000,1987
3980956000000,2000
4540014080000,1933
4140016670000,1995
1040160150000,1999
1440028110000,1945
4080937000000,2000
1240220060000,1933
0640160290000,2000
2240048020000,1933
2880902080000,2000
3140857120000,2000
4140018080000,1980
2480940000000,1999
3340038310000,1997
2340700430000,1981
2540028010000,1933
4240037130000,1999
5450008000000,1967
5480901300000,2000
2740062470000,2000
0640010340000,2000
2340702140000,1981
2040214040000,1978
1540006000000,1933
4040033100000,1995
4680948000000,2000
4180902400000,2000
2580901260000,2000
2040022090000,1981
4040019040000,1933
5050022000000,1967
4180901160000,1999
2340005720000,1997
2480901010000,1999
3040052360000,1979
0280902020000,2000
5040037170000,1933
5140026090000,1979
4840055030000,1933
3040052300000,1966
0280901690000,2000
5340020070000,1933
2340700060000,1980
2540025010000,1933
3840028230000,1946
4340016070000,1933
1780937000000,1998
2040060140000,1933
0540018070000,2000
3340010020000,1933
52300070006EB,1991
5150004000000,1967
2340010910000,1993
1330020000000,1922
2240052010000,1933
3640009090000,2021
1050092000000,1967
1830033000000,1996
2080909000000,1998
2540080070000,1933
5450035000000,1967
4080955000000,2000
0240045210000,1998
5280906000000,2000
1240028070000,1969
2040061250000,1999
4140016550000,1984
4840062012200,1991
2040047230000,2000
5040037060000,1933
0240045010000,1933
0650001000000,1967
2880901670000,2000
1040003060000,1933
25200190003EB,1994
3040065100000,1933
4240031010000,1996
2580908000000,1998
3940092270000,1970
2740002090000,1933
3240219310000,1978
2340119360000,1980
2830036000000,1959
3940007240000,1933
2940028220000,1984
3240219440000,2002
1740019550000,1947
0640042050000,1984
2680906000000,1998
0240037000000,1992
0240051050000,1933
2740021030000,1933
1740012180000,1995
2480972000000,1999
3240029000000,1933
1740006030000,1933
2340016210000,1980
2340044290000,1992
2450088000000,1967
5480913000000,1998
1940340210000,1992
1640001080000,1964
4340047200000,1933
2350054000000,1967
2340110260000,1998
2840082020000,1933
0240027040000,2000
2840460220000,2001
1040041400000,1997
2540017090000,1933
0640027020000,1933
0140023000000,1987
1740119330000,2000
2840031020000,1980
3950033000000,1967
0450004000000,1967
4180903010000,2000
2740037100000,2000
0140119020000,1933
4180966000000,1999
0240009020000,1933
0340026080000,1999
3540039000000,1933
2880902410000,2000
0340018000000,1933
5480994000000,2000
1740050050000,1933
2840020820000,1998
1740020870000,2000
1740025050000,1933
2830008000000,1921
1440006060000,2026
2540019810000,1995
3940086000000,1933
0640037030000,1993
5040060010000,1957
1780942000000,1998
0640064850000,1995
0240011500000,2000
3440013030000,1933
0440017090000,1981
1050150000000,1967
0280902350000,2000
4440005280000,1969
1040019190000,1933
1880916000000,1999
0380966000000,1999
2740012020000,1933
3380951000000,2000
1140023080000,2000
3340038300000,1997
3340522070000,1997
3040001040000,1933
5380920000000,1999
2450008000000,1967
4540020080000,1991
2150014000000,1967
0940004010000,1933
5140009000000,1933
2340005180000,1983
1840015110000,1997
3940050160000,1933
5040037430000,1992
0240081080000,2009
4440019100000,1933
4640046040000,1933
4840011050000,1933
2740027040000,1933
2880987000000,1999
4140003470000,1974
4140017030000,1933
3240219250000,1972
4740033010000,1933
1050105000000,1967
5540016000000,1933
2440102220000,1972
5240001080000,1933
1840012020000,1933
5440014090000,1999
4040007030000,1933
5540010640000,1996
1350028000000,1967
0640064120000,1988
2740014010000,1933
3430015000000,1921
0840001120000,1933
1840005160000,1933
0640060090000,1954
2640250280000,1949
1040014210000,1978
2340110200000,1998
2440083340000,1984
2040063120000,2000
0640010300000,2000
2540064010000,1964
2040021140000,1933
2440007040000,1933
0380901050000,2000
2840020070000,1959
4140048060000,1997
3940090000000,1933
2740001050000,2010
3080904000000,1998
3120019000400,1933
1940013010000,1998
2040061060000,1933
2740062050000,1933
3180953000000,1999
1040014460000,2002
2480919000000,1999
3240027030000,1933
3040065510000,1990
2450068000000,1967
2830290000000,1974
4140003880000,1993
2340003490000,2000
2540026020000,1933
2040114030000,1980
2040119730000,1980
4040033020000,1933
0280901230000,1999
2140009040000,1933
4140003110000,1933
3240009010000,1933
4140041370000,1996
4140103130000,1998
0850056000000,1967
1850002000000,1967
0280902000000,1998
2040021380000,1984
2740002150000,1984
4040035180000,1978
4140116170000,1999
2080920000000,1998
3140019340000,1995
1040009080000,1958
2040060850000,1980
2240038000000,1933
2740044040000,1985
4140016750000,1998
3240020000000,1933
0140011330000,2000
0280901510000,1999
2640088320000,1996
3140007350000,1981
0140026010000,1933
3540021000000,1933
1040004040000,1933
2340005650000,1992
1080904000000,1998
2840025080000,1980
3840219550000,1999
2040060300000,1990
1380910000000,1999
5140016000000,1933
2540056030000,1933
1480965000000,2000
4180972000000,1999
2880902270000,2000
0850014000000,1967
2840010310000,1999
2540021080000,2000
3940073170000,1985
3040080050000,1991
1840087200000,1998
2840020760000,1998
3440019740000,2000
2340005370000,1989
1140012070000,1933
3940074040000,1933
5450048000000,1967
4180903430000,2000
5240001100000,1933
4540017090000,2002
1040016320000,1980
2540046020000,1933
1440050080000,1933
0140038090000,1975
5140015320000,2000
2340007200000,1998
1040016540000,2026
0840022050000,1996
1780956000000,1999
5380955000000,2000
2040041030000,1979
2340119230000,1961
3940026660000,1979
4140001060000,1933
0140119320000,1998
1040061420000,1978
1840025010000,1969
3850020000000,1968
2040045020000,1933
4040011130000,1999
1940009010000,1933
0340005040000,1997
2740078000000,1933
2340701900000,1981
0240045030000,1933
1980902330000,2000
2940015040000,1947
2240003410000,1994
2840019510000,1984
0840015090000,1996
0140011030000,1933
1740009070000,1982
1530002000000,1921
0340005070000,2000
4640036000000,1933
5350005000000,1967
1240009110000,1980
0650024000000,1967
0850036000000,1967
2640025070000,2000
1980901330000,1998
1440007020000,1933
3440014000000,1933
4140001330000,1982
3340028000000,1933
1040016090000,1978
2340700850000,1980
2580901210000,2000
2040015160000,1999
2640048000000,1933
3140019070000,1933
1540011150000,2003
2340007180000,1998
2840010060000,1933
3740007070000,2024
3140045020000,1933
3980994000000,2000
2440052840000,2000
3840039010000,1933
4180901410000,1999
5080942000000,2000
2340701920000,1981
2040119700000,1980
0380901530000,2000
1740031060000,1933
5240064030000,1933
2740033000000,1933
4940030200000,1933
3140119150000,1933
0540018010000,1933
1840021100000,1933
3940060050000,1933
1080970000000,2000
4640009060000,1956
0440015050000,1933
2880902530000,2000
5140007000000,1933
1680927000000,1999
2730002000000,1921
4040034470000,1999
0380915000000,1998
1060823000000,1978
4640013030000,1933
4640050150000,1933
2740009040000,1933
0840001140000,1933
1040001070000,1997
0180909000000,2000
1940018000000,1933
5540010330000,1980
4140003290000,1972
0940060030000,1933
2340003420000,1999
3340522030000,1981
1640048020000,2024
5440019030000,1933
4040034210000,1933
2040001020000,1933
5440050720000,2007
4140103110000,1998
3040052690000,1991
4340007130000,1933
3980970000000,2000
2440083130000,1933
4740001070000,1933
2940011040000,2006
4140017200000,2000
2850046000000,1967
2030061000000,1921
4180902490000,2000
1340060820000,1998
0840015040000,1975
3040049060000,1990
4240250140000,1953
1440045130000,1933
1540008040000,1991
2040068030000,1933
2040073260000,1991
2740062220000,1933
2450002000000,1967
0850081000000,1967
2850032000000,1967
2340012170000,2003
0140250360000,2000
3520250000600,1985
1780901820000,2000
4150110000000,1967
1840021330000,1933
2540010000000,1933
4440005160000,1933
0280901020000,1999
4640119460000,1986
4240005160000,1933
4840003010000,1933
0150003000000,1967
5040052140000,1933
1040009010000,1933
2340110170000,1997
1740073060000,1933
3940026310000,1933
1240028180000,1999
0840016050000,1933
2550013000000,1967
3940066130000,2001
1980969000000,1998
2040003130000,1980
2250047000000,1967
3180976000000,1999
4140019080000,1933
1740019750000,1982
0220011000900,1979
2440014000000,1933
35300020005SB,1984
2140008060000,1933
4540003650000,2004
3180901620000,2000
5040037630000,2002
0340017080000,1999
2040119770000,1983
3140015050000,1933
3140017010000,1933
3580908000000,1998
4440054010000,1933
1740052030000,1933
3440007010000,1933
1040006040000,1978
5550152000000,1968
0540004010000,2000
0540007200000,1999
5040029150000,1976
5540009010000,1969
3940003040000,1933
1440003010000,1933
2880997000000,1999
3140075050000,1933
2340005620000,1991
2340005680000,1993
2540001110000,1933
2640001010000,1982
5040044000000,1933
2340210200000,2000
0440015010000,1933
2240003600000,1999
2740041010000,1933
3980901080000,2000
2580964000000,1999
0580928000000,2000
0940004020000,1933
0940015050000,1933
5440014420000,2001
2480901000000,1998
3640220340000,1999
3140045000000,1933
4540025010000,1933
4230005000000,1921
2030014000300,1972
2740080030000,1933
5040007210000,1989
3040065800000,2000
0280901280000,1999
5340036030000,1933
0240005100000,1997
2480958000000,1999
0280901190000,1999
1940009140000,1980
2340016400000,1991
2140019260000,1979
2040013150000,1933
2240003710000,1999
0640025190000,1990
0240011260000,1986
3150025000000,1967
4040060290000,1996
4640250120000,1933
3440019110000,1933
5140028000000,1933
3140079130000,2001
0540027140000,1996
4340008080000,2022
0840024010000,1933
2040622300000,1998
2640088060000,1933
3140012020000,1973
4080940000000,2000
5040052070000,1933
1740030010000,1933
4640013300000,2000
0640012000000,1933
0640004010000,1933
4540013030000,1978
0580938000000,2000
0640064610000,1990
0640049060000,1972
3140061010000,1933
4940020090000,1933
4140004130000,1982
2850009000000,1967
2540250590000,2010
1840001130000,1933
3830084000000,1929
3940023040000,1998
1980970000000,1998
2040061350000,2000
2040070030000,1933
0140008000000,1933
3740001140000,2000
3140006000000,1933
1040014170000,1978
2880901020000,1999
5240008040000,1933
1980957000000,1998
4840010030000,1933
1840019160000,1972
2640007020000,1933
5040037220000,1933
2440007150000,1984
2840023010000,1933
0940023030000,1933
2480901950000,2000
3340009050000,1933
2940028140000,2022
5580901300000,2000
0280931000000,1999
2540076030000,1933
1740032010000,1933
2140001170000,1982
1440012060000,1933
2040060160000,1933
0680929000000,2000
2440083540000,2021
1680902000000,1998
1540016030000,1948
3640028050000,1933
3940019020000,1933
2040006140000,1997
2540025040000,1933
4940035050000,1933
4740029010000,1933
5550139000000,1967
4140119220000,1997
4240001050000,1933
2040003210000,1999
2840017010000,1933
1740020890000,2000
2340010100000,1980
3340022000000,1933
0840007040000,1933
0940034070000,1948
3040049370000,1994
0640036010000,1933
0640041000000,1933
0140024080000,2000
0740014040000,1933
5080904000000,1998
1740020370000,1933
3240025020000,1933
0340028000000,1933
2040622170000,1980
4040062100000,1994
2440052630000,1998
2240054070000,1996
5440017030000,1933
2640010050000,1980
3580906000000,1998
0340016000000,1933
1840036000000,1933
3440039250000,1965
4240001060000,1933
5540971130000,1994
0280966000000,1999
0280972000000,1999
1480963000000,2000
4540010000000,1933
1980901210000,1998
3380903000000,1998
2240042000000,1933
5040075460000,1995
3740016040000,1991
4340003000000,1933
1340020030000,1933
2040063060000,1980
1340035000000,1933
3940039030000,1933
3640033130000,1998
3940033130000,1933
2040033060000,1933
5140020020000,1933
2040006020000,1933
2340005640000,1992
2840012020000,1933
4840024020000,1933
2140019230000,1933
1050133000000,1967
1680924000000,1999
1940009580000,2000
4740001050000,1933
1380920000000,1999
2480921000000,1999
3280914000000,2000
3040012000000,1933
1680920000000,1999
1880981000000,2000
1280931000000,2000
4540023070000,1933
0440012020000,1933
0850007000000,1967
3240015000000,1933
1050039000000,1967
2550009000000,1967
2540066000000,1933
3940112070000,2008
3080911000000,1998
4040025010000,1933
2340044060000,1986
3650032000000,1967
4180934000000,1999
5080916000000,1999
3340038120000,1933
1740001070000,1985
2440052312100,2014
4240005030000,1933
0440007030000,1933
2440001140000,1996
1740020240000,1933
1840017000000,1933
2340702270000,1982
2380938000000,2000
2540029060000,1933
4240219620000,1999
2540084010000,1933
3940050210000,1933
2650003000000,1967
5040052830000,1988
0130092000000,1930
2340700370000,1980
2440016210000,2000
5550040000000,1967
1740005150000,2001
2040119550000,1979
2640084000000,1933
5040060040000,1933
4540009030000,1950
3440039410000,1997
2040009200000,1999
4140041350000,1996
3140061140000,2022
0340028010000,1976
1140016000000,1933
4040034330000,1974
0540027250000,1999
2440152040000,2000
4140103220000,2000
5450026000000,1967
2340016650000,1992
4550011000000,1967
0340011010000,1933
3440013020000,1933
2240013060000,1994
2340009140000,1988
2540069130000,1972
1780907000000,1998
5340026000000,1933
4140016690000,1996
0280981000000,1999
2580905000000,1998
1350006000000,1967
4560801000000,1978
4180902110000,2000
1340039050000,1956
2240036000000,1933
0140092120000,1933
3750004000000,1967
1040020200000,1997
1740119190000,1997
2740078010000,1933
0940050700000,1999
1740019050000,1933
1840002060000,1933
4440013060000,1933
1040014370000,1997
3640005070000,1933
0380990000000,2000
1980999000000,1998
2740016080000,1993
4180901490000,2000
4940014010000,1933
1140040050000,1933
2340009210000,1989
2340701740000,1981
5540097230000,1998
2350096000000,1967
2440016540000,2000
2440019000000,1933
2140010050000,1933
4140305040000,2000
4140307060000,1996
4240037030000,1933
0280901900000,2000
2040160330000,2000
2080981000000,1999
2050021000000,1968
2440052760000,1999
4640050270000,1998
2940016040000,2000
2340701850000,1981
3840017010000,1933
4340007030000,1933
1540009050000,1933
2440012120000,1995
3940025030000,1933
2340016010000,1933
0280936000000,1999
4540010010000,1960
0380971000000,2000
3840250200000,1999
4140116110000,1999
2540044000000,1933
5440021100000,1933
1840034160000,1933
1980901280000,1998
2750019000000,1967
3440011010000,1933
4940011180000,1933
4140016640000,1992
4240032110000,2002
4940004040000,1933
0640060640000,1962
0640060820000,1974
1040018220000,1997
2840019070000,1933
3140070010000,1933
0640025140000,1980
4840024010000,1933
3940048000000,1933
5440050150000,1971
0640160340000,2005
1840019030000,1933
0340022030000,1997
1740002000000,1933
0640042090000,1992
2040035060000,1933
3080924000000,1999
5050003000000,1967
5040027020000,1933
5540010610000,1995
0580921000000,2000
2880901440000,2000
3140060010000,1933
3140066000000,1933
5580970000000,1999
2440016220000,2000
3480909000000,1999
1340023000000,1933
4740001090000,1933
4140018360000,1992
1740020440000,1988
5540052220000,2017
2450074000000,1967
5240007220000,1992
2750014000000,1967
0740001060000,1998
4940006050000,1933
5060812000000,1989
2480901120000,1999
1840019060000,1933
5580901120000,2000
2540064460000,1998
4640077010000,1943
1140047040000,1933
2730007000000,2000
3440014020000,1933
1140040040000,1933
2840009030000,1933
5540010160000,2024
3980968000000,2000
0440018010000,1933
2340116100000,1998
2340119330000,1979
2440012030000,1933
4750002000000,1967
0240026000000,1917
2250025000000,1967
5060820000000,1989
0940019010000,1933
2640050010000,1933
3440129070000,1999
2040063100000,2000
2240011010000,1988
0540027320000,1999
2480902550000,2000
2040119100000,1975
0380901500000,2000
3380958000000,2000
1340060740000,1997
2240007110000,1997
1040019150000,1933
1780901020000,1999
4750004000000,1967
3440001040000,1933
1340219540000,1980
5040037110000,1933
2350093000000,1967
1340027070000,1991
3440019400000,1973
2240010530000,2000
5140016050000,1985
1340030100000,2024
0280902090000,2000
5440007120000,1933
5440021360000,1973
4040001030000,1995
5340022010000,1933
0640064540000,1990
4180902810000,2000
0740016210000,1933
2880903290000,2000
4140003910000,1993
1040082020000,1997
4240051000000,1933
5440017010000,1933
2040047200000,1996
4440048000000,1933
1080926000000,1999
2880903200000,2000
3250002000000,1967
2340014000000,1933
4140054230000,1999
4340026040000,1933
5040019100000,1991
5480968000000,1999
5540002050000,1996
2140008020000,1933
0640060840000,1976
0440004470000,2000
5140036010000,1933
1340063170000,2000
1640259090000,1961
1840021070000,1933
3840031090000,1933
5560802000000,1979
2030114001000,1979
0580987000000,2000
2140044060000,1933
1640220010000,1933
1440050340000,1990
2440083250000,1980
2740015050000,1933
4140029040000,1933
2540031030000,1933
0240011250000,1981
0280901320000,1999
3540049000000,1933
2440001060000,1933
4140001380000,1989
2480902060000,2000
2840011040000,1933
0140005030000,1933
1040057000000,1958
1040082030000,1997
3730016000000,1921
5580901500000,2000
1540009210000,1999
2740039060000,1933
2480901660000,2000
1640055270000,2026
5040060020000,1933
2440103030000,1983
1340004030000,1933
3930026000000,1921
4180901920000,2000
5140020360000,1995
3840028030000,1933
0440021110000,1992
4040062240000,2000
4080960000000,2001
0240045160000,1982
1340009020000,1933
3940005000000,1933
5240001120000,1933
3040014030000,1978
2580981000000,1999
4540033030000,1933
4140015170000,1994
0840004180000,1998
1740020100000,1933
2340003120000,1975
1540011120000,2000
1140001080000,1933
1340010030000,1933
2840020780000,1998
1440010060000,1933
2740003110000,1980
0740005030000,1933
2240010490000,2000
4140027060000,1933
0280954000000,1999
1740006170000,2000
4440016020000,1933
1740119390000,2000
2240001000000,1933
2740041000000,1933
1740019600000,1951
1040060860000,1994
0640010210000,2000
1340030040000,1998
3840039080000,2000
5250004000000,1967
5340007080000,1933
5340022020000,1933
1340060350000,1968
1750015000000,1967
1740019960000,1995
1040023320000,2000
1040160050000,1997
5560808000000,1993
0540007040000,1933
5480901280000,2000
1340017020000,1933
2140011040000,1933
2840219040000,1933
4240015060000,1990
4340010050000,2022
5450039000000,1967
0160818000000,1995
2440052990000,2000
5240011010000,1933
0640164060000,1998
2040073400000,2000
2740080080000,2004
5040007010000,1933
3980912000000,1999
4340030040000,1933
3080921000000,1999
1280917000000,1999
2740027110000,1933
2040005360000,1995
5140003020000,1933
1840008000000,1933
2640088340000,1997
1040014060000,1933
2440008060000,1998
0240011480000,2000
4180901380000,1999
1040002080000,1933
2540088040000,1933
1340021090000,1980
4140041090000,1960
3740004040000,1933
5480904000000,1998
4180901620000,2000
0440013130000,2014
1740019350000,1933
0850021000000,1967
1840005030000,1933
2140119260000,1946
5040152400000,2000
5040252080000,1998
0340119920000,2016
1740002030000,1933
5480950000000,1999
1750051000000,1967
2880902560000,2000
4140003150000,1933
0940018070000,1933
0940024010000,1933
2280935000000,2000
2340701270000,1980
2580901580000,2000
2850057000000,1967
4640005050000,1933
3380948000000,2000
4140006230000,2000
3340009460000,2001
4760803000000,1979
0940050680000,1995
1040061520000,1978
5540016380000,1998
0640047000000,1933
0240001060000,1933
2440009060000,1969
2740031030000,1933
4940032020000,1933
1780958000000,1999
1840021380000,1933
3240007040000,1933
5160806000000,1980
2880919000000,1999
4140012210000,1997
2340005740000,1998
2480902760000,2000
3140045370000,2004
1940032080000,2000
2440052210000,1980
0380957000000,1999
2240046060000,1997
1740019110000,1933
3240023090000,1933
2980948000000,2000
3980965000000,2000
2140001130000,1979
0440011080000,1975
1740024510000,1998
4140116290000,2000
4840007000000,1933
4240033140000,1996
2640044000000,1933
5540004090000,1999
0640050010000,1933
2740016070000,1993
3440044020000,1933
1340037090000,1983
5040152350000,1999
2480902260000,2000
5540054080000,1982
2580996000000,1999
2440016250000,2000
1740050580000,1983
2740002230000,1998
0740001040000,1933
0940050120000,1933
1740016010000,1933
3940050140000,2005
5540016050000,1933
4330047000000,1921
5240003000000,1933
3940092510000,2011
0240009610000,2013
2340219070000,1998
2540056000000,1933
1040019870000,2000
2340017210000,2000
2440015050000,1933
5440050350000,1991
2040073360000,1999
2140008100000,2011
2340700410000,1980
2040038020000,1933
3080932000000,2000
0280901130000,1999
4540009000000,1933
1240050140000,2018
5550142000000,1967
3980939000000,1999
3040080140000,1998
2840032030000,1980
1340060710000,1997
0940026060000,1933
5540085090000,1997
1640055040000,1946
5440021340000,1933
1980902600000,2000
4940020420000,1990
1340219150000,1965
4140003240000,1933
2640098050000,1933
4240042020000,1981
1540008080000,1991
5450049000000,1967
5440068040000,1998
5480962000000,1999
2840025100000,1982
4150123000000,1967
2340007150000,1992
4440013240000,1933
3940057060000,1986
4640003100000,1933
5340018000000,1933
4180978000000,1999
0240005010000,1933
0740004110000,1933
2040007040000,1933
3180901170000,2000
1740025300000,1985
2340009100000,1988
1040016180000,1978
4340028060000,1933
1550018000000,1989
3140007060000,1933
5040052050000,1933
2740016000000,1933
2440003050000,1933
4140019400000,1973
5580901270000,2000
2080901960000,2000
4440008070000,1933
2440017100000,1995
0740001000000,1933
4340016380000,1999
0280970000000,1999
3150040000000,1967
4080912000000,1999
5040052560000,1983
0240045140000,1946
5480901110000,2000
13100640000EB,1964
2240214040000,1995
1040160100000,1998
2340701290000,1980
0640041010000,1933
2640032000000,1933
0140017040000,1933
2040057110000,1974
4940016110000,1933
2880903210000,2000
2740066000000,1933
4340007280000,2023
4240068000000,1948
2680903000000,1998
0540067040000,1974
1740050550000,1983
5340020040000,1933
3440020090000,1952
4740024030000,1933
1920340000200,1979
2040060440000,1968
4140009060000,1933
1840033060000,1933
2040047150000,1980
1040020170000,1982
4180948000000,1999
5060827000000,1989
2580907000000,1998
2340016020000,1933
2350095000000,1967
4440030060000,1933
2040012020000,1933
2540044020000,1933
0220011001300,1960
5040060030000,1933
5040060210000,1996
0240028000000,1933
4180933000000,1999
5140034010000,2000
3040008050000,1945
1140005150000,1999
35202500005SB,1984
4540011010000,1933
2840044070200,1975
2180927000000,2000
4240030000000,1933
4440012000000,1933
3140025040000,1933
0340009030000,1947
2840044210000,1979
4940010080000,1933
1340219110000,1962
0140119150000,1933
0850023000000,1967
1840034010000,1933
2540015030000,1933
5440019110000,1933
4540028010000,1933
2040073380000,2000
2740074010000,1933
2240048040000,2021
3480916000000,2000
2880901250000,1999
2880901320000,1999
2040060520000,1972
2040061120700,1982
3440039260000,1973
3340009130000,1933
4740010010000,1933
1780979000000,1999
2540002030000,1933
2080927000000,1999
2940046070000,1933
3440019490000,1978
2340005280000,1988
5550102000000,1967
0280902700000,2000
2040081040000,1933
3140043020000,1933
1840087060000,1933
3860801000000,1993
5340002000000,1933
2040114020000,1979
5540005040000,1933
2840290040000,1978
3830056000000,1921
4560811000000,1978
1440011060000,1933
2040060960000,1980
4240001080000,1981
3140073060000,1933
2980965000000,2000
4240037090000,1994
1740011050000,1984
3940053040000,1933
1040019720000,1998
1750094000000,1968
4140018140000,1980
4940046040000,1933
1730020001800,1977
4840056020000,1933
5040036050000,1995
2850058000000,1967
0680934000000,2000
3180914000000,1998
4140014020000,1933
4140018260000,1984
2340008000000,1933
3340018010000,1980
2740078030000,2021
3140007330000,1980
5540010730000,1996
0640026140000,1993
3240012000000,1933
2540019770000,1961
5550096000000,1967
0640035270000,1997
1340015190000,1997
2740029120000,1933
4140054200000,1999
1640023120000,1933
2040622390000,1999
2140019300000,1980
2140019430000,1995
2140048020000,1933
1380924000000,2000
1040016100000,1978
3940033030000,1933
1480928000000,1999
1040019820000,1998
4480901000000,1998
0380901680000,2000
5240089010000,1997
3440019040000,1933
2240003390000,1993
4140003660000,1982
4150091000000,1967
1040161020000,2026
3940014020000,1933
5380912000000,1999
0740005060000,1933
2860807000000,2002
1740023400000,1999
0140119190000,1980
0280901890000,2000
4340026020000,1933
5050039000000,1976
2440102750000,1998
4040060410000,2003
4740072020000,1933
2880975000000,1999
4140016870000,1999
4140103020000,1996
1050116000000,1967
1740004080000,1933
5450013000000,1967
4050010000000,1967
2040061770000,2000
2740015150000,2000
2040011010000,1933
2340002030000,1992
1840002210000,1993
2080983000000,2000
2640250080000,1933
2140007050000,1933
2140119080000,1933
4640048010000,1933
1140119210000,1933
1240028150000,1999
3440020290000,1978
3840008000000,1933
2140024010000,1933
5140032000000,1933
2240005060000,1933
0640026070000,1981
0850052000000,1967
3040014090000,1989
5550017000000,1967
1540030050000,1986
0140018000000,1933
2840020870000,2000
4940020010000,1933
4150078000000,1967
5540085030000,1991
1140011030000,1933
1740005060000,1933
1880931000000,1999
0340119150000,1951
5340003020000,1933
5060818000000,1989
5140015200000,1971
2340011030000,1953
3350012000000,1967
1040061070000,1933
2540019160000,1933
4040001000000,1933
5540010680000,1996
1340027000000,1933
2740037040000,1933
0940050730000,2000
2340003460000,2000
3140009020000,1933
2440007310000,2000
4540015010000,1933
0440002050000,1933
2880901560000,2000
0640064900000,1995
4240004040000,2000
2340701550000,1981
4340032040000,1933
0340005030000,1997
2350002000000,1967
0140003040000,1933
5580992000000,2000
0280903490000,2000
0340085500000,2000
2580901840000,2000
1440023060000,1933
4540025070000,1933
1840012080000,1933
2440016010000,1933
0380901430000,2000
0840004110000,1996
3050008000000,1967
3040052660000,1990
2340016740000,1993
1740073730000,1977
3380906000000,1998
3440017050000,1952
4150142000000,1967
2340010780000,1991
1280905000000,1998
1740048090000,1933
2840002030000,1933
3340007010000,1933
0140015000000,1933
1840011050000,1933
3040049070000,1950
2640088310000,1995
2640250050000,1933
4650006000000,1967
4150006000000,1967
1040001000000,1933
4930004000000,1922
3840031100000,1933
4340050030000,1933
4440014130000,1998
1750061000000,1967
2880901490000,2000
1130035000000,1933
1740023060000,1933
0380901000000,1998
0140007080000,1983
2580901620000,2000
4340032000000,1933
1540006020000,1933
0340003470000,2000
2940009070000,2000
4240030010000,1946
0440019540000,1979
1040019080000,1933
2040063110000,2000
0840003080000,1997
1040005030000,1933
0440001090000,2021
1840025030000,1979
1840033090000,1933
3040006200000,1996
3940070050000,1933
1880935000000,1999
2340016630000,1992
1340025040000,1933
2450004000000,1967
1340036090000,1996
3940033020000,1933
4940032130000,1933
4140009330000,2015
2640034100000,1949
2140019510000,2000
5240020160000,1980
4140016880000,1999
0140092080000,2009
5440002210000,1969
0380901440000,2000
1780901660000,2000
5340024000000,1933
0440004110000,1933
0240025010000,2000
1440006000000,1933
3380934000000,1999
2740033030000,1933
3140076120000,1933
1040023050000,1933
2540082020000,1933
4180903530000,2000
4140013050000,1933
4140016190000,1972
1040061630000,1991
0280961000000,1999
1640007290000,1998
2040023120000,1985
2040043180000,1998
4640013320000,2000
2740016060000,1984
2040004030000,2000
3180986000000,2000
2480902000000,1998
1780989000000,1999
5540016040000,1933
5540085170000,1997
1540030020000,1933
2330044000000,1978
3540041000000,1933
2040008050000,1933
4140019030000,1933
2640012020000,1933
3150016000000,1967
3180901470000,2000
1050165000000,1967
5050040000000,1976
4640119510000,1998
0240016010000,1933
2740033220000,1980
0380901140000,2000
4240219540000,1999
5540096000000,1967
1140012060000,1933
4440005140000,1933
0540006000000,1933
4040026010000,1933
5480955000000,1999
3440024170000,1998
3440044050000,1933
1640016010000,2007
0840001150000,1933
1330055000000,1983
4230150000100,1983
2040047000000,1933
2640003060000,1997
5040016000000,1933
0240025020000,2000
4180923000000,1999
4940011140000,1933
2840013000000,1933
4140019760000,1980
2040119940000,1999
2040025590000,2000
2440012060000,1933
1340021130000,1981
4640001000000,1933
4640018050000,1933
5180920000000,2000
3180988000000,2000
4140015040000,1933
1740020930000,2014
1240042040000,1933
5140005222100,1991
1040002150000,1978
3640033050000,1973
5440009280000,1974
3140038030000,1933
5480901130000,2000
1780917000000,1998
2840020640000,1998
4640119090000,1982
5540010430000,1980
1740050490000,1982
4640018060000,1933
1140050000000,1933
1980916000000,1998
5040075330000,1991
2480914000000,1998
5540085300000,1997
3940050070000,1933
5040007340000,1990
4540012060000,1978
2840460020000,1975
2340010730000,1990
1040021040000,1933
3640033090000,1998
5450030000000,1967
0440021050000,1933
3440015060000,1933
4140003040000,1933
5140008040000,1933
4150046000000,1967
0140011310000,2000
2540001130000,1985
0640060300000,1933
1440029030000,1933
0140030180000,1996
2040051070000,1958
1840002220000,1994
3980946000000,2000
1340010000000,1933
2140018020000,1933
5340014250000,2001
0940050460000,1982
2340003310000,1995
2340700740000,1980
2540019200000,1933
1750012000000,1967
0540007090000,1999
4040062030000,1976
40100640000EB,1958
2440009110000,1996
0640001050000,1933
4980911000000,1999
2340005390000,1989
2480930000000,1999
3140015040000,2017
4280921000000,2000
4440005150000,1933
0240011450000,2000
2040025290000,1976
3150010000000,1967
4640018040000,1933
5240008080000,1933
3140067100000,1995
3140073040000,1933
3140079010000,1933
3340017020000,1933
5540971070000,1980
2660801000000,1980
1940019010000,1933
2440015060000,1933
0340009000000,1933
1840038010000,1933
2140033210000,1979
2840219100000,1933
4740003000000,1933
3140060000000,1933
1740023330000,1998
2480901890000,2000
1840021120000,1933
5040037150000,1933
1340021110000,1979
1240028270000,2000
4140015060000,1947
3150038000000,1967
5050010000000,1967
2840024040000,1933
4180901650000,2000
5240001150000,1933
2940220030000,1933
3440055010000,1993
1940009680000,2007
2760818000000,1978
2480967000000,1999
4740027030000,2015
4360806000000,1979
1740044050000,1933
5280902000000,2000
2180934000000,2000
2250003000000,1967
2640005030000,1933
3140005020000,1933
0320119000200,1983
4240013000000,1933
5440002280000,1998
2640250190000,2017
4050002000000,1967
1040009170000,1978
1240090030000,1987
2250054000000,1967
3180962000000,1999
4140004120000,1982
5040252280000,1999
2480938000000,1999
0440019690000,2000
0140250120000,1933
5540009810000,1961
0440026000000,1933
0640049050000,1958
3140058010000,2004
2260801000000,1980
1040019220000,2026
4440056010000,1933
1740055010000,1933
2040051000000,1933
1340060390000,1973
1040060750000,1993
1050070000000,1967
4040046040000,2000
1940009220000,1980
4540016010000,1933
5440050620000,1998
5480995000000,2000
3940003140000,1933
1140050010000,1933
1980901680000,1999
2880911000000,1999
4340016360000,1998
5040007310000,1990
2740032000000,1933
2880903000000,1998
1040016240000,1978
1040025150000,1997
3040013070000,1998
4240219520000,1998
4440005040000,1953
1040008040000,1950
3240025060000,1933
1940026000000,1933
2450010000000,1967
2440083260000,1980
1140119260000,1986
0640025120000,1972
3240013070000,1997
2980946000000,2000
4440016050000,1933
0640060510000,1961
5040060170000,1993
2440016310000,2000
0580947000000,2000
1240003020000,1933
2240119010000,1987
2950001000000,1967
2840017020000,1933
1040041010000,1933
2040219250000,2000
1940016040000,1933
2440015110000,1970
3540015060000,1998
5440050680000,2000
4640034020000,1933
2180915000000,2000
4140054160000,1999
0140010090000,1933
0840050000000,1933
0640001200000,1995
2040160120000,1999
2080978000000,1999
2540068020000,1933
4440119460000,1973
0340119690000,1990
1340060180000,1975
3180901230000,2000
1740023120000,1979
0140011080000,1933
3840011030000,1933
1440028150000,2003
4640119380000,1966
2740005170000,1933
0940019120000,1933
0140119200000,1983
4240219580000,1999
3140040010000,1933
3980995000000,2000
2140030160000,1933
3380969000000,2000
3440020180000,1960
0740017010000,1933
2240068000000,1933
3140037020000,1933
2040064140000,1996
2880903370000,2000
3040010010000,1933
4340012040000,1990
2330065000000,1952
2880901140000,1999
4140009230000,1992
1740019760000,1982
1050143000000,1967
1840021180000,1933
4040034030000,1933
1040020120000,1978
1940003010000,1933
4640009110000,1933
4180901750000,2000
2230013000000,1929
4940005060000,1933
2840010300000,1999
0140092220000,1981
1050084000000,1967
5580901430000,2000
0440019060000,1933
2340017120000,1995
2440016142100,1982
4440034020000,1933
5440068070000,1999
1740050800000,1999
2840012000000,1933
2340210180000,2000
5540010650000,1996
1340021160000,2000
2040052050000,1980
2880998000000,1999
2840016210000,1981
3180901720000,2000
3640033170000,2002
2340003260000,1990
4150100000000,1967
3140039030000,1933
3650005000000,1967
5480920000000,1999
5540009200000,1997
1740050850000,2000
1750057000000,1967
1730095000000,1962
0440040050000,1933
4740047000000,1933
3050013000000,1967
3740008010000,1933
5440011060000,1933
5040039000000,1933
4530020000000,1943
3380914000000,1998
0240011200000,1965
4140003050000,1933
5550148000000,1968
2540072130000,2000
1340020190000,1968
4640013000000,1933
0640064810000,1993
4240013010000,1933
4140003980000,1994
0340001110000,1981
4040019110000,2000
4440023030000,1933
4440024000000,1933
0380901610000,2000
4940033070000,1979
0940050390000,1980
4740219060000,1933
2540054010000,1965
1340060880000,1999
2740043020000,1933
4140001160000,1933
4980915000000,2000
0850040000000,1967
1540507000000,1977
3840219590000,2019
1740020250000,1933
1050137000000,1967
3040052540000,1989
3980901010000,2000
3140069740000,1999
0640017180000,1988
0830013000000,1933
2480901020000,1999
1140035210000,2018
2540017190000,1980
4340047160000,1933
2640250010000,1933
5040034040000,1933
4440027070000,1998
2140008110000,2000
3440009030000,1933
0740035040000,1933
5580999000000,2000
2480901310000,2000
4140038010000,1972
5440003080000,1933
1040019620000,1995
2840027020000,1933
3440019010000,1933
4940005190000,1933
2340003010000,1933
0840040050000,1995
1040038190000,1999
0640160250000,2000
2940220040000,1962
3380929000000,1999
4180979000000,1999
1340219290000,1978
1040023290000,2000
1840005070000,1933
5440002100000,1933
4480907000000,1999
3880924000000,2000
1440007090000,1933
4180901690000,2000
4180902940000,2000
0450016000000,1967
4280902000000,1998
2040046120000,1998
0160813000000,1979
2340080030000,1990
2440005010000,1933
2240003690000,1999
4140010030000,1933
2540058040000,1981
4440012040000,1933
5440038030000,1933
1440050060000,1933
3140119300000,1980
2140001240000,2003
2340008020000,1989
5550057000000,1967
2040160230000,1999
4040036000000,1933
3440002000000,1933
2880902850000,2000
4140006120000,1980
5040075550000,1997
2840011100000,1949
2540046000000,1933
5440001040000,1948
4080934000000,2000
3180981000000,1999
2340005090000,1933
3040052560000,1989
3140019350000,1995
1020021000000,1921
1340017050000,1966
2840219140000,1971
2840219360000,1999
2340010360000,1984
2480901910000,2000
4140029130000,1984
5340007040000,1933
1940340180000,1992
2040061750000,2000
0740035240000,1933
5040252210000,1999
1440012110000,2003
5580901110000,2000
0640010090000,1933
0330003000100,1944
5440033040000,1979
4140001000000,1933
2340119470000,1984
4140032040000,1980
4580925000000,2000
2740029060000,1933
1380903000000,1998
4140014060000,1998
4140016930000,1999
2440152020000,2000
5580901530000,2000
5440050600000,1998
1040038010000,1971
2880901230000,1999
0940004040000,1933
2040053050000,1995
2880903500000,2000
4140001070000,1933
2280945000000,2000
3940039010000,1933
3980917000000,1999
0240011110000,1958
4080950000000,2000
2340110510000,1999
2450062000000,1967
5140024000000,1933
2040005410000,1999
3180939000000,1999
3240024060000,1933
3740002020000,1933
1640055140000,1995
5050031000000,1967
4550012000000,1967
2020060001100,1931
2040060250000,1933
4940022050000,1933
0740015010000,1933
3180901480000,2000
3240010040000,1933
1040061600000,1990
0340085170000,1991
3940051080000,1933
1560804000000,1980
0140250020000,1933
0280901040000,1999
3440019630000,1992
2840009100000,1999
1640220060000,1933
5340047030000,1933
2740044060000,1933
3180901710000,2000
1040002120000,1978
2540009010000,1933
2580926000000,1998
1740021050000,1951
2080969000000,1999
2540033060000,1933
2540250660000,1972
3940050080000,1933
0340003100000,1954
2830024000000,1922
3840219470000,1998
2040060190000,1933
2040061610000,2000
3140061050000,2022
2540009130000,1933
1440013060000,1986
2640250110000,1933
2680910000000,1998
2340016290000,1989
3430150000000,1978
0840015060000,1980
2480992000000,1999
4150045000000,1967
3840039320000,2000
0280901520000,1999
1740007160000,1985
2540070070000,1998
2540091010000,1949
2640088220000,1973
1940027020000,1979
4150009000000,1967
1840002340000,2026
2080944000000,1999
1540002110000,1953
2040025120000,1960
3580915000000,1999
2840219030000,1933
3240007020000,1933
5150014000000,1967
3240024030000,1933
3140069140000,2023
0840020040000,1933
1050056000000,1967
3040014120000,1991
4240040010000,1992
5550153000000,1968
4340028040000,1933
4380911000000,2000
0240009240000,1977
3580913000000,1999
2280937000000,2000
2080901770000,2000
2580901630000,2000
5380936000000,2000
2580992000000,1999
5040007490000,2000
2340044240000,1992
0350015000000,1967
4740008050000,1980
3680903000000,1999
2030025000000,1933
3540022030000,1998
2150015000000,1967
2930028000000,1921
1750027000000,1967
2280905000000,1999
3150013000000,1967
2430080000000,1945
0640001070000,1933
4650002000000,1967
5440050700000,2005
0440009110000,1933
2340007040000,1933
2480902670000,2000
2340016620000,1992
2350049000000,1967
2450013000000,1967
2440083030000,1966
4440034000000,1933
2140033100000,1974
1740024080000,1933
1740024250000,1980
2340700990000,1980
2540040000000,1933
2040016010000,1933
5050013000000,1967
2340017180000,1998
1780925000000,1998
0940042020000,1933
3940026370000,1933
4640250040000,1933
5340014060000,1933
3150073000000,1967
3440039540000,2002
0540068020000,2004
5550058000000,1967
0140250110000,1960
2350067000000,1967
2440080020000,1948
5540001200000,1997
1340009120000,1997
0440012030000,1933
3340003010000,1933
4140033100000,1997
2640002170000,1981
2440007120000,1984
3640012000000,1933
2840019390000,1980
0940044020000,1933
2480902390000,2000
4140064030000,1992
0150001000000,1967
2340700100000,1980
2540015000000,1933
5450028000000,1967
2480999000000,1999
1840032000000,1933
1680925000000,1999
3980952000000,2000
5050045000000,1976
1040019860000,1998
1140048000000,1933
1980978000000,1998
4180937000000,1999
4140003700000,1982
01201190000NB,1921
1040060020000,1933
3740003130000,1933
0240009470000,1999
3940026290000,1983
5580946000000,1999
2040083030000,1969
0240009230000,1987
4040054010000,1933
2140023040000,2014
3440019030000,1933
4150003000000,1967
3940007130000,1933
4540028050000,1933
2840019150000,1933
2480902580000,2000
2040025100000,1946
1740019630000,1952
1840021300000,1933
4340050240000,1933
0640035230000,1997
2340119740000,1991
3940015050000,1933
2040061630000,2000
2040063090000,2000
1740009000000,1933
0640044050000,1990
1540007030000,1933
4050018000000,1967
4040035050000,1933
1060810000000,1978
4640038000000,1933
1980902320000,2000
3440024000000,1933
1740025080000,1933
3340002010000,1933
2440016440000,2000
2840219190000,1963
5240007020000,1933
0640064080000,1988
4140119370000,1998
2250051000000,1967
2740084000000,1933
4140001280000,1980
4740046000000,1933
4880908000000,2000
3640033080000,1996
3840029000000,1933
0280903080000,2000
1740004000000,1933
5040008010000,1933
1740050720000,1995
1240042110000,1986
0540027400000,2000
0940050490000,1987
5550062000000,1967
0640010040000,1933
2840020400000,1980
3440019170000,1933
4240001070000,1957
2480969000000,1999
0640031030000,1933
2350091000000,1967
1750053000000,1967
3940007050000,1933
1240042090000,1933
3180938000000,1999
1040085080000,1933
5540085040000,1992
3540003030000,1956
4440050050000,1969
0630101000000,1993
2040069040000,1933
4940011210000,1933
2880902400000,2000
3140119210000,1933
4340074140000,1998
1240004020000,1933
3340028040000,1933
5440019010000,1933
0160801000000,1980
2440016670000,2000
4540007070000,1933
5440095180000,1999
1820019000000,1972
3040009150000,1981
3940052050000,1933
1540011080000,1998
5550003000000,1967
1750036000000,1967
1680945000000,2000
3380962000000,2000
0540027360000,2000
2040025280000,1972
5040052290000,1933
3940003340000,1933
5240002090000,1978
5240004000000,1933
4240005040000,1933
2880901640000,2000
2840016150000,1977
3140119200000,1933
3180901390000,2000
3240012060000,1966
4840013060000,1933
2580901170000,2000
1140002010000,1933
3840250080000,1933
3940007450000,1998
0940040020000,1933
1740022010000,1933
3940118010000,1933
2440012040000,1933
2140019590000,2000
0840016250000,1996
1340010020000,1933
1740073050000,1933
0440030000000,1933
3440039050000,1933
2340700200000,1981
2040047040000,1964
1740119210000,1998
2840052420000,1996
0940048030000,1996
1740020600000,2001
3740016030000,1991
5450015000000,1996
1440016030000,1946
2040025580000,2000
3040252040000,1998
0140024020000,1933
4560809000000,1978
4580924000000,2000
1140020040000,1977
1740020620000,1977
4140019930000,1983
1840002140000,1949
2840052240000,1984
0540030010000,1933
5240007250000,2023
2040043090000,1933
0140023010000,1984
2350028000000,1967
1340003110000,2010
2440001080000,1933
3140857100000,1996
4240033180000,2003
2840003000000,1933
4340011060000,1933
5550165000000,1967
3980930000000,1999
1340017060000,1964
4140119280000,1998
4150080000000,1967
2340016540000,1992
2340110520000,1999
5540006060000,1948
1740050630000,1986
2140019100000,1933
2840020090000,1971
3640033190000,2005
5140003040000,1933
3940050300000,2002
4140020000000,1933
3040013050000,1989
2540060010000,1933
2040022030000,1981
4040035160000,1971
1050009000000,1967
4440119190000,1982
2840027160000,2000
2740038000000,1933
4140064080000,1994
3040014050000,1988
2650005000000,1967
2640036000000,1933
1140046060000,1933
2040061600000,2000
3440013000000,1933
5140015300000,1999
4140048050000,1980
1040041120000,1933
3740008000000,1933
1650004000000,1967
1550004000000,1967
2040003000000,1933
4240038040000,1969
0540003150000,1999
2640025010000,1933
0430005000000,1929
1140119170000,1933
3440039140000,1933
2040012090000,1978
4140004290000,1998
2340013020000,1990
5540014040000,2009
0840026050000,2000
2540250480000,1965
2450021000000,1967
4180901100000,1999
4180902790000,2000
1380902000000,1998
0540027310000,1999
1780968000000,1999
0340026020000,1996
1540001040000,1966
3440094040000,1933
5440050510000,1996
0340009010000,1933
2140044000000,1933
4540219150000,1992
1040001040000,1949
3740016110000,2024
2540017240000,1980
3040006150000,1990
0640002070000,1943
2840020490000,1991
1440005080000,1933
4140307130000,1998
3140086000000,1933
3030049000000,1933
2540073110000,1963
0540007330000,1999
3140026020000,1933
5240017010000,1933
4940020160000,1960
0940060010000,1933
4140030090000,1999
4840014050000,1933
2580901420000,2000
2440052200000,1974
1440006030000,1981
2740038030000,1933
4140021140000,1996
0840016080000,1933
2550012000000,1967
2040622120000,1978
2080905000000,1998
5040024010000,1933
5440068050000,1999
0340119720000,1991
3940024150000,1933
2740024030000,1996
3140068060000,1984
4240005070000,1933
3340009350000,1997
1040016080000,1978
0440019190000,1933
1480909000000,1998
1940014000000,1933
2340119460000,1984
4540014000000,1933
1780902030000,2000
1980901230000,1998
1340060380000,1973
2480971000000,1999
3240016000000,1933
4140103210000,2000
4440119200000,1933
2240058030000,1933
0640025230000,1993
2480901610000,2000
4740015050000,1933
4340010010000,1933
4340017110000,1933
5040052400000,1933
1340026010000,1933
3940026530000,1933
4680953000000,2000
3380902000000,1998
0440009010000,1933
0840015080000,1996
3340018020000,1933
4740219140000,1997
1680926000000,1999
2640040010000,2000
2040060390000,1970
3440001110000,1933
5140020120000,1933
2440152050000,2000
5550112000000,1967
5580959000000,1999
1640020020000,1980
2640034010000,1933
0580942000000,2000
1980901480000,1998
2040079210000,1998
4140017000000,1933
1740024310000,1959
4150031000000,1967
4950002000000,1967
2540019730000,1977
0280901840000,2000
2040081030000,1933
0580941000000,2000
2840219170000,1971
3340001070000,1948
4140099090000,2000
1040022010000,1933
3740006000000,1933
5540012060000,1933
2080901560000,2000
3140045300000,1998
0340119440000,1977
2840028060000,1933
3940026590000,1933
2040060490000,1972
0740004030000,1933
4840010010000,1933
2080938000000,1999
3140027010000,1933
1340060840000,1999
0640025020000,1933
3940050290000,1997
3940072090000,1984
2440083020000,1933
5540005080000,1984
0440004500000,2000
3240022000000,1933
1840002040000,1933
4280923000000,2000
2740029090000,1933
4940026000000,1933
2250039000000,1967
4640119010000,1933
2940042060000,1933
5140020270000,1980
0830036000000,1921
4340015020000,1933
1140014030000,1933
2040501020000,1991
2080945000000,1999
5440009130000,1933
0530027000300,1991
1740023050000,1933
0640032000000,1933
4050004000000,1967
1830331000000,1977
2440016580000,2000
2840120050000,1998
2240068090000,1996
1280908000000,1998
2850041000000,1967
3940026410000,1933
5380902000000,1999
2040073390000,2000
4180901850000,2000
0740007060000,1933
2040025080000,1944
3080933000000,2000
1040014090000,1944
2140119280000,1946
2880903540000,2000
4940018050000,2006
2840460230000,2022
5540012040000,1922
2540073030000,1933
5380924000000,1999
1940009640000,2000
2350020000000,1967
5440892030000,1985
1080966000000,2000
2840052230000,1992
0940013000000,1933
0850033000000,1967
2540250900000,1998
1940009210000,1980
4740001020000,1933
0940013040000,1933
2740038010000,1933
3940092500000,2001
0640025100000,1933
0540008000000,1933
1740020610000,1984
1040019590000,1990
0240045020000,1933
0240051170000,2000
2440052440000,1996
4180936000000,1999
2240044020000,1933
3180901320000,2000
0540028050000,1933
2080970000000,1999
0540003100000,1999
2040015020000,1933
4040001020000,1933
0680915000000,1999
2180943000000,2000
4140103120000,1998
1040060910000,1997
2040046030000,1933
1940034010000,1948
2440052650000,1998
3440041210000,1997
4140029030000,1933
2340700700000,1980
2340702070000,1981
1740006060000,1933
3040080030000,1989
3140045100000,1933
0380923000000,1999
1840042080000,1933
1340001020000,1952
3940003150000,1933
3440020060000,1948
5040037100000,1988
3980924000000,1999
4440038010000,1933
0940017010000,1933
4940007070000,1999
1050156000000,1967
1830020000000,1985
3740002110000,1981
3940080030000,1933
5440019040000,1933
2440102260000,1972
5480901260000,2000
0380909000000,1998
3360806000000,1980
0740046000000,1981
2480950000000,1999
0640060610000,1962
1540011030000,1933
1880973000000,2000
4540017010000,1933
0340008000000,1933
1340001010000,1933
2840044180000,1979
3940026250000,1933
2440635030000,2005
2040009040000,1933
3140079020000,1933
2080951000000,1999
2840020190000,1974
0640064070000,1988
1140050070000,1933
1040021390000,1997
4240026000000,1933
1750041000000,1967
4840007070000,1933
1240093030000,2018
0140011180000,2000
2640250270000,1949
4040025300000,1976
1040018020000,1933
2840020750000,1998
3940002030000,1933
2740015090000,1980
3040065220000,1973
1740011030000,1933
2080901310000,2000
5440034010000,1933
4050012000000,1967
5550004000000,1967
3840219040000,1933
1340038000000,1933
5580939000000,1999
1680938000000,2000
4440003080000,1933
2040025510000,1995
2680927000000,2000
0340119450000,1977
5350002000000,1967
2240046000000,1933
3140069180000,1985
1740020860000,2000
2840014040000,2023
2540019150000,1933
5440002040000,1933
1480930000000,1999
4040025020000,1933
0380968000000,2000
1840034180000,1933
2040009120000,1979
3240023070000,1933
1040061900000,1998
1840026000000,1933
2380937000000,2000
5040018000000,1933
1740036020000,1933
2740027000000,1933
4140016510000,1984
2540250920000,2002
3240219040000,1933
4130085000000,1935
3850018000000,1968
3140069030000,1933
3750005000000,1967
0280958000000,1999
0340085210000,1995
0540007120000,1999
2440007250000,1998
1440004010000,1933
1040061020000,1933
1630028000000,1929
1440050320000,1946
4140002000000,1933
1740024420000,1995
2540003010000,1933
5580964000000,1999
0240045270000,2000
2840460080000,1975
3940015020000,1933
1450005000000,1967
1640007110000,1997
0640031020000,1933
1440028030000,1933
4040030010000,1933
0140017000000,1933
1040008130000,1997
2340044380000,1994
4940020380000,1981
0940034030000,1933
4940004150000,1981
1040061770000,1997
2540019840000,2000
3040010030000,1983
2080901250000,2000
3940050090000,1933
5440005050000,1999
0840004060000,1991
4140026000000,1933
1040014300000,1996
2340017020000,1980
3540040010000,1933
0440005020000,1933
0940015030000,1933
2740002340000,2000
2140011030000,1933
3880927000000,2000
3940005090000,1933
0140010010000,1933
1840003020000,1933
3840021030000,1933
3940057040000,2001
5380928000000,2000
5440025010000,1933
2040034060000,1933
1340219060000,1933
4740072080000,1933
4940004260000,2000
2450026000000,1967
2140033030000,1946
2340010510000,1984
2480902300000,2000
0330085000000,1962
2340110840000,2000
1240220110000,1965
0440042040000,1933
2040060030000,1933
1740020110000,1933
0840036020000,1933
3840018040000,1933
0280903310000,2000
0280992000000,1999
0280902320000,2000
2580901930000,2000
4440027030000,1933
0340119490000,1979
2040049050000,1979
2040060200000,1933
2240036050000,1995
1050010000000,1967
1740050790000,1999
2240003260000,1988
2840002010000,1933
3340009180000,1933
2040219080000,2000
3980941000000,1999
0140250010000,1933
2340119220000,1959
2740025010000,1933
3440020470000,2000
3240003270000,1983
1740018000000,1933
2480901410000,2000
4880910000000,2000
3980901120000,2000
0540001050000,1933
1940048010000,1933
1060813000000,1993
5540010280000,1977
3840021020000,1933
4040027000000,1933
3840039220000,2000
1440013010000,1933
2040054000000,1933
2940046080000,1933
4040026040000,1995
1740029020000,1933
2040063010000,1933
2040079290000,1999
3140079100000,1933
5140011040000,1933
3240013060000,1991
4140040040000,1997
2040081110000,1933
3140025110000,1933
5040019030000,1933
0380929000000,1999
2140033250000,1981
2840052200000,1964
3840250170000,1999
4640028020000,1933
2040060910000,1980
2840019320000,1975
1840087020000,1933
5440050230000,1945
4740005060000,1933
2480902090000,2000
1040016260000,1978
2540033190000,1998
2540250440000,1933
5380958000000,2000
5540009160000,1992
2880902650000,2000
0640026120000,1985
2480901430000,2000
4340006050000,1933
5580954000000,1999
2080902200000,2001
5440040040000,1933
3640022000000,1933
5480953000000,1999
4140016040000,1960
4140103010000,1995
5440003140000,2025
5540010710000,1996
1980901360000,1998
2040049150000,2000
3440039510000,2000
1380919000000,1999
4140004140000,1983
5540012140000,1993
0740008090000,1933
2880954000000,1999
1040027000000,1933
2340701840000,1981
5580901290000,2000
0280901420000,1999
16202200000NB,1921
2540073300000,2000
2480901600000,2000
1540016090000,1948
2040035250000,1998
2140008000000,1933
2840120030000,1997
2040061550000,2000
1040023280000,2000
2340702190000,1982
1640055090000,1981
2640002240000,1997
2980925000000,1999
4150088000000,1967
2340701260000,1980
3940053050000,1933
1740050130000,1933
4940030040000,1933
3150082000000,1967
3340007070000,2023
0840016210000,1996
1040082050000,1997
4340008050000,1933
4340009010000,1933
5580932000000,1999
4440030020000,1933
0580901000000,1999
4140018420000,1998
1750025000000,1967
2480902830000,2000
0240001160000,2017
2340702080000,1981
3940056010000,1933
3150044000000,1967
2340119210000,1958
0350005000000,1967
3440019330000,1968
2280909000000,1999
1780961000000,1999
2540044050000,1933
2540250750000,1972
1740050690000,1995
3140119350000,1995
2040160100000,2001
2060803000000,1979
3940049000000,1933
1480901000000,1998
2480902280000,2000
1050124000000,1967
3140029000000,1933
2440016520000,2000
0540067020000,1933
5240018020000,1964
4940033120000,1991
2740062300000,1981
0140012080000,2006
2040062100000,1999
4940011130000,1933
3140119390000,2002
0940055190000,1933
1040025200000,1997
4140003120000,1933
2640035130000,1993
1940013070000,1997
4140119120000,1996
5140015090000,1933
4830055000000,1933
3740003120000,1933
5440021750000,1999
0540003050000,1999
1340008040000,1979
0680901000000,1998
4940009200000,1933
2880902490000,2000
1640007020000,1933
2040119050000,1933
3980931000000,1999
3140007490000,1995
1940015080000,2001
1940340150000,1979
1440005090000,1933
2940042010000,1933
4180965000000,1999
0640025250000,1993
1840002330000,2026
0280956000000,1999
1740012010000,1933
3940055000000,1933
2350055000000,1967
5040075080000,1965
1040021500000,1998
1840007020000,1933
4340006000000,1933
3040252250000,1999
2540019370000,1945
1040015200000,1985
1040061290000,1977
4240219630000,1999
5040037490000,1997
0240051160000,2000
2840023060000,1998
5340003060000,1933
4940022060000,1992
4140019780000,1981
4840001000000,1933
0140052030000,1933
1030612000000,1990
0280902780000,2000
1980948000000,1998
0540027340000,2000
4140028040000,1999
1840013080000,1933
2450079000000,1967
3840219240000,1952
5040075540000,1997
2580953000000,1999
2440005050000,1933
4640044080000,1979
5380904000000,1999
2240015000000,1933
0140005060000,1933
2580901230000,2000
3040119070000,1995
2880902320000,2000
4740043160000,1933
0140076040000,1998
1750004000000,1967
2040219180000,2000
2540250820000,1986
2840044100000,1933
1980902640000,2000
1280924000000,1999
1720119000000,1984
2240010510000,2000
4140032060000,1995
5550013000000,1967
1140015080000,1933
3040252260000,1999
4480925000000,2000
1840042040000,1933
0440024140000,1933
0640064530000,1990
0680925000000,1999
1340038030000,1984
5080939000000,2000
0840014060000,1996
1040041190000,1933
1640055030000,1945
3940116000000,1933
3980901210000,2000
4440008020000,1933
2640002110000,1981
1740025270000,1996
4340012030000,1933
5440022030000,1998
0940004000000,1933
2040073330000,1999
0440012040000,1933
4340016420000,2000
0640007050000,2000
1980902390000,2000
4180916000000,1999
2040011080000,1999
3940092440000,1995
1040014450000,2002
2340003130000,1975
2340005190000,1983
2480902860000,2001
1440050400000,1999
2640040000000,1933
1940001040000,1933
0340017040000,1995
5240019030000,1933
0740007100000,1933
1340060290000,1949
2880936000000,1999
4140018390000,1997
2480954000000,1999
1540018010000,1933
3880904000000,1998
4640052030000,1933
4180902010000,2000
2440002010000,1933
2840044080000,1933
4840054000000,1933
1140017060000,1933
1580925000000,2000
2040025540000,2000
2580990000000,1999
3140007070000,1933
2350058000000,1967
1840038050000,1933
2780917000000,2000
0640002200000,1980
1440045120000,1933
2040022120000,1979
0140022030000,1933
0240045080000,1933
0380901020000,2000
3260801000000,1978
4140103240000,2000
0440002040000,1933
17200500000EB,1933
3440039130000,1957
0240007090000,1933
1340037080000,1983
3140119370000,1998
1740012000000,1933
3980932000000,1999
0540007280000,1999
5480901150000,2000
2840082040000,1982
4660801000000,1980
2040060670000,1979
4180915000000,1999
2940046240000,2002
1740023410000,2000
2340011020000,1933
2040160040000,1997
5040052730000,1982
0340003490000,2000
2140015070000,1995
5080935000000,2000
2480902420000,2000
1840030050000,1933
2030025001000,1945
5040048000000,1986
4180901200000,1999
4240014020000,1979
4940012010000,1960
1340038010000,1995
2740062010000,1933
2840006020000,1933
1040211010000,1997
2340701420000,1980
2080901110000,2000
2980903000000,1998
3380913000000,1998
3380966000000,2000
5040152390000,2000
4240046050000,1971
2540068000000,1933
3940053020000,1933
3940100000000,1933
0140250350000,2000
2340016480000,1991
1340026000000,1933
2140024020000,1933
1140044010000,1933
4140001150000,1933
2640035150000,1993
1080917000000,1999
4640012000000,1933
1240003040000,1933
5040075530000,1997
1740024560000,1999
1040016280000,1978
3440018060000,1997
3140076150000,1984
5550149000000,1968
0280902510000,2000
2540078040000,1982
4540020050000,1978
5040075160000,1980
1140038020000,1933
2480920000000,1999
2540044060000,1933
0340003570000,2000
4940030220000,1977
4940005130000,1933
1750073000000,1967
3440019690000,1999
1340060220000,1976
2840017000000,1933
0550011000000,1967
2480901810000,2000
2840010080000,1933
4760804000000,1979
4840064000000,1933
2340110640000,1999
5540007040000,1933
0340119710000,1990
2240005000000,1933
4980922000000,2000
2340009150000,1988
2040214080000,1981
2540250860000,1998
5040007400000,1995
4180903090000,2000
0240007030000,1933
2550017000000,1967
3840005010000,1933
2540050010000,1933
3940080020000,1933
3140019360000,1996
4040034090000,1933
5540006040000,1933
0380901550000,2000
2340010280000,1984
1040060500000,1963
1780955000000,1999
2540064450000,1998
2040048020000,1933
4940020450000,1995
1740019480000,2017
1340033070000,2000
4340050570000,1999
5440021050000,1933
1940009340000,1997
1940032010000,1933
1340030070000,1999
2040055010000,2000
0240009560000,2006
2040062000000,1933
2340700640000,1980
2640002250000,1997
4050003000000,1967
1880970000000,2000
0540088030000,2000
0740011040000,1933
4140018030000,1933
2340003320000,1995
1040026000000,1959
3040010040000,1993
5550027000000,1967
0330063000000,1985
2040214130000,2000
4340031210000,2000
2340010990000,1994
3930007000000,1921
1240006000000,1933
1440003070000,1946
2040061320000,2000
2240030000000,1933
2740039030000,1933
0240011300000,1997
2580958000000,1999
3540035000000,1933
1780905000000,1998
2140023030000,1933
2840052210000,1974
0640002080000,1949
2340016960000,1995
2840071020000,1933
3430020000000,1946
1340060800000,1998
4140064020000,1992
0280902930000,2000
2540056010000,1933
1480956000000,2000
2140008050000,1933
2740062230000,1933
4140003540000,1980
0540003190000,1999
4440119150000,1982
4560829000000,1978
4560850000000,1978
4640050070000,1933
0540027440000,2000
2480902210000,2000
1840001100000,1933
2540019870000,2000
3940073060000,1933
0640035060000,1967
4040029000000,1933
5040028020000,1933
2040064040000,1989
4240005230000,1972
4140004010000,1933
0150008000000,1967
0850032000000,1967
5540054110000,1989
3940007030000,1933
2750022000000,1967
2040003110000,1979
2480902440000,2000
3050020000000,1967
4440015160000,1933
3650030000000,1967
4250010000000,1967
4140116370000,2008
2760817000000,1978
4740017060000,1933
2740042040000,1986
5040029130000,2026
2340700220000,1981
3840004010000,1949
2840052110000,1972
2740029180000,1980
4740017100000,1983
5040019010000,1933
4550005000000,1967
1340023010000,1990
3950001000000,1967
3340008030000,1933
5580947000000,1999
2580901060000,2000
5440025130000,1954
4050027000000,1967
4940040070000,1983
1840040100000,1933
4140305010000,1999
5440019070000,1933
5040018040000,1975
4180929000000,1999
2740062060000,1933
4740032020000,1952
1040017230000,1998
0880901000000,1998
2040046140000,1999
5040012030000,1972
2140024030000,1933
4940006010000,1933
1040005060000,1997
1640055120000,1994
3980927000000,1999
2640002210000,1998
2740026020000,1933
1340002160000,2004
2040006110000,1996
3140007700000,2014
1040022060000,1951
2380951000000,2000
2540017080000,1933
5240007240000,1997
5380908000000,1999
3140084020000,1933
3340013020000,1933
1840032010000,1933
2040037000000,1933
4040033080000,1982
5040037610000,1999
0140040200000,1933
2440007290000,2000
2940008020000,1962
3180901570000,2000
4340022000000,1933
5240021040000,1933
4140119260000,1997
1340219490000,1979
2240052000000,1933
3340013010000,1933
4140021070000,1980
4740219210000,1995
1840011060000,1933
2580906000000,1998
4340034030000,1933
1780902050000,2000
2140010110000,1933
1180906000000,1999
0840001200000,1998
1040021400000,1997
4240039000000,1933
4240219330000,1974
2540250290000,1933
0640060360000,1988
0140044000000,1933
0380986000000,2000
2850020000000,1967
1140034020000,1933
3140046080000,2017
0140052010000,1933
3040052020000,1933
4440036250000,1988
0380901290000,2000
4940032170000,1933
1780974000000,1999
2580901850000,2000
3140027030000,1933
2840034020000,1933
3450009000000,1967
4140018100000,1980
4780905000000,2000
1040019330000,1950
0280901210000,1999
4140019920000,1983
1750045000000,1967
1740050500000,1982
1750069000000,1967
4540027030000,1933
0640064240000,1988
4180902910000,2000
4140008070000,1980
1140036040000,1933
1040021490000,1998
4340008070000,1933
1680951000000,2000
4040062070000,1980
1340012060000,1966
4660808000000,1980
4180981000000,1999
2240003490000,1999
3040252400000,1999
3640005080000,1933
4440046040000,1933
3840219200000,1949
1240007010000,1933
3440032010000,1933
4440005290000,1971
1440220080000,1996
1440006020000,1933
0640017080000,1981
1040002140000,1978
3050003000000,1967
1840021490000,1976
2980945000000,2000
1740009120000,1996
3940092190000,1933
4450007000000,1967
5440002110000,1933
1740020210000,1933
2050015000000,1967
0380906000000,1998
2140016000000,1933
3240007050000,1933
2240005020000,1933
2440002000000,1933
5580993000000,2000
0350002000000,1967
1140014000000,1933
4040052000000,1933
0140030020000,1933
2540073290000,2000
2840020210000,1974
3940007160000,1933
3940007170000,1933
2240003640000,1999
2880990000000,1999
4140006080000,1972
4840006000000,1933
5040041020000,1933
1460802000000,1980
2280926000000,2000
1440220070000,1933
1480908000000,1998
2840052370000,1996
2940220010000,1975
1040015130000,1978
2540004040000,1933
1740011220000,1985
0140250300000,2000
2880901330000,1999
4180902520000,2000
4240003000000,1933
4940010000000,1933
1340219020000,1933
0850083000000,1967
2080901190000,2000
2080929000000,1999
2040025090000,1945
2340119190000,2017
5450054000000,1968
0340003120000,1981
5240016000000,1933
1980963000000,1998
4180902850000,2000
3040065270000,1973
3640220250000,1999
0640010150000,1995
1540004000000,1933
5050009000000,1967
5540010080000,1933
3250007000000,1967
2880903650000,2000
4940005150000,1933
3940068030000,1933
2640011000000,1933
4540017060000,1984
2140032010000,1933
1440012000000,1933
2980901000000,1998
2780907000000,2000
0940050650000,1990
4940004230000,1985
2380943000000,2000
2440052010000,1933
2840052450000,1998
2740039090000,1933
0640027000000,1933
2340010110000,1983
4140029020000,1933
2450025000000,1967
1380934000000,2000
5040075490000,1996
2080936000000,1999
5540010050000,1933
2750009000000,1967
0440013090000,1933
4150016000000,1967
5040252190000,1999
2640012000000,1933
2440083230000,1980
0380950000000,1999
5550168000000,1967
3980901140000,2000
1340021010000,1933
2840219090000,1933
0740035180000,1933
3140073170000,1984
3140119190000,1933
5550039000000,1967
2540011060000,1933
2540064250000,1996
4340047040000,1933
2580973000000,1999
4440034010000,1933
2840036040000,1933
0440005080000,1933
1340037040000,1957
1380936000000,2000
2480902850000,2001
1230004000000,1940
1340048000000,1933
1540012000000,1933
3140023070000,1933
2440016240000,2000
2140033010000,1943
3840250010000,1933
2980923000000,1999
1140007120000,1994
2040021330000,1979
3440094070000,1999
1780901910000,2000
2740017130000,1933
4180902410000,2000
3830028000000,1921
2440102020000,1972
1340011070000,1980
4140016950000,1999
5040252070000,1998
1740021010000,1933
1040060960000,1997
5550060000000,1967
0340018030000,1995
1040020220000,1997
1940021010000,1993
3540040100000,1986
5240017020000,1933
4140003800000,1989
4140041070000,1948
5440003190000,1933
3540039080000,1980
1280912000000,1998
3380945000000,2000
3140073000000,1958
5440011040000,1933
2750002000000,1967
3640010020000,1933
2140020060000,1933
3940007190000,1933
2450003000000,1967
2040219280000,2000
0540005030000,1999
4540009040000,1981
5480909000000,1998
1140003030000,1933
4640250060000,1933
4680937000000,2000
4940022030000,1933
5040005100000,2000
0140024090000,2004
4740011000000,1933
3040052640000,1990
0480916000000,2000
2240010020000,1933
2240010370000,1995
2340012120000,1997
1040016450000,1997
0280952000000,1999
2540050020000,1933
5450021000000,1967
5140020420000,1999
1780978000000,1999
1140007020000,1933
1740005030000,1933
5450010000000,1967
1440050330000,1946
1230090000000,1933
2740025050000,1933
2480923000000,1999
3240010080000,1980
0640006020000,1933
2080915000000,1998
5550012000000,1967
2040003010000,1933
0640023040000,1994
4150030000000,1967
4340007110000,1933
2080902310000,2001
4340024020000,1933
3140032000000,1933
1740044020000,1933
2040060080000,1933
0240006000000,1933
2240014020000,1933
3240012130000,1979
2580902080000,2001
3140022000000,1933
1940023030000,1972
2340119400000,1982
4140031090000,1993
4740025010000,1933
5440007010000,1933
0580946000000,2000
4180960000000,1999
0740005080000,1980
2240014030000,1933
2040021170000,1933
5040052370000,1933
1880942000000,1999
3540012000000,1933
1740046030000,1948
2840219370000,1999
4540044280000,1997
4640013260000,1993
1040021480000,1998
2040081060000,1933
1040019410000,1978
0340119520000,1980
0380901060000,2000
1540066020000,1933
0140250100000,1933
1980901970000,2000
4140119410000,1998
1340033060000,1990
2240010050000,1933
0850013000000,1967
3040014100000,1990
5550029000000,1967
1140017020000,1933
1680935000000,2000
1340017000000,1933
1740034010000,1933
3440019420000,1973
0740008100000,1977
1340063180000,2002
0640017010000,1933
3840027000000,1933
3980907000000,1999
0180926000000,2001
2440083270000,1980
2040060270000,1933
3380946000000,2000
0850001000000,1967
3180901280000,2000
0130077000000,1929
2640025030000,1973
4040034220000,1933
1940004010000,1980
3440039400000,1980
2240214030000,1994
5540016280000,1996
3980984000000,2000
4040060240000,1977
1940009180000,1980
2440102230000,1972
3950025000000,1967
5250002000000,1967
3240023020000,1933
3240027040000,1962
3240033000000,1933
0340020000000,1933
2540064290000,1996
0280901160000,1999
0340008020000,1933
1330012000000,1933
18200330000EB,1933
0330094000000,1921
2040020000000,1933
0240026040000,2000
5040006010000,1969
3340038190000,1990
0840028010000,1933
2340701810000,1981
1440045050000,1933
4040027010000,1953
2350070000000,1967
3940007200000,1933
4140015240000,1998
5040007020000,1933
1740012240000,2000
5440095050000,1996
2140019380000,1983
5230002000300,1937
3180901160000,2000
0940050050000,1933
4840018100000,1933
5580974000000,1999
5480923000000,1999
1340021150000,1999
4140017170000,1972
5140012020000,1933
1740012100000,1983
1540002030000,1933
3080925000000,1999
1040019380000,1978
4480909000000,1999
2740018010000,1933
2040030020000,1933
1040014420000,2000
2340119390000,1981
4540013010000,1933
4640056010000,1933
3440039480000,1999
0750001000000,1967
4140001260000,1979
4140027200000,1988
4150105000000,1967
2040025450000,1981
1340020340000,1993
2840034010000,1933
3440020110000,1953
0840022000000,1933
1040061040000,1980
3940070010000,1933
2840027010000,1933
3040049350000,1994
3750002000000,1967
3240031040000,1933
4840056000000,1933
1040017170000,1997
0840054020000,1933
1840023050000,1933
3940041020000,1933
1480966000000,2000
2450045000000,1967
1740020010000,1933
2340003390000,1998
1050162000000,1967
4240219190000,1969
5540016420000,2000
5540052010000,1933
5440038000000,1933
1940009170000,1980
2840044090000,1933
1940340260000,2000
3240219290000,1977
5440014190000,1980
1040013020000,1946
2350029000000,1967
4140015110000,1981
1140040060000,1933
2840003020000,1933
5440050280000,1966
1340032020000,1998
0740005070000,1933
2740043090000,1996
2480901370000,2000
16200480000EB,2011
4240038030000,1973
0280901940000,2000
3940072020000,1933
3940082000000,1933
4340050660000,1999
1480919000000,1999
4840044020000,1933
1580933000000,2001
4540003380000,1978
3940005070000,1933
5240008060000,1933
3440041260000,1999
3180901610000,2000
2980949000000,2000
4040034230000,1933
2840016330000,2000
2480929000000,1999
0850027000000,1967
1840021010000,1933
1840033040000,1933
3140007220000,1933
4440038040000,1933
4140119200000,1997
2240003740000,1999
2340009000000,1933
0140011020000,1933
1040060990000,1998
4340015050000,1933
1740009150000,2000
1830087000000,1935
3640028150000,1966
4680949000000,2000
4940010060000,1933
3940045030000,1933
3940073040000,1933
3080907000000,1998
2340110720000,2000
4530003000100,1954
1740055040000,1982
3860813000000,1993
5140038010000,1933
1340036000000,1933
2740082030000,1933
4240045070000,1987
1540066050000,1933
3150012000000,1967
5440047210000,1944
0380901330000,2000
1980901350000,1998
4740219150000,1949
0140008030000,1933
1840033180000,1977
1740001040000,1998
3140050030000,1933
3540041080000,1970
4640042000000,1933
3240010090000,1995
0440022000000,1933
1080933000000,1999
5240015020000,1933
5340034030000,1933
1340036100000,1997
3240021000000,1933
3040119110000,2022
1640007090000,1997
3140034000000,1933
3440129020000,1983
4980919000000,2000
4840007060000,1933
5550122000000,1967
0440019730000,2000
1050020000000,1967
5440095130000,1996
5540001080000,1982
2040008000000,1933
2880903220000,2000
2340009130000,1988
3140040050000,1933
3650014000000,1967
5240014000000,1933
2040055000000,1933
2740022040000,1933
0740011010000,1933
1940013060000,1997
2140004030000,1933
2740023000000,1933
4940038030000,1974
3740003040000,1933
2840120070000,1998
1140119320000,1986
1340013020000,1948
4640014010000,1933
0680930000000,2000
1540016020000,1933
4040013110000,1981
1880928000000,1999
2040073200000,1988
4140019770000,1981
2080901820000,2000
3930062000000,1949
3640020000000,1933
1340219590000,1997
0140119210000,1983
0340026040000,1999
2040160220000,1999
2540048070000,1933
4550003000000,1967
5340012060000,1933
2440004010000,1933
0940050290000,1977
3040001030000,1933
2040160360000,2000
2040025640000,2000
0140024000000,1933
2340016580000,1992
2430103000000,1933
5480933000000,1999
1340027010000,1933
4140009200000,1990
5080941000000,2000
3440018090000,2002
4240056010000,1933
3940118030000,1933
0240009350000,1980
2750012000000,1967
0440015000000,1933
1740024120000,1959
2330016000000,1978
1040021210000,1982
42202500000NB,1921
2340110120000,1996
0580930000000,2000
2140019030000,1955
2740002290000,2000
1340039040000,1933
1740024210000,2001
1440220150000,1998
3140071000000,1933
0840038000000,1933
1840005020000,1933
1540002040000,1933
2350072000000,1967
3150066000000,1967
3050019000000,1967
4340007040000,1933
1640053000000,1991
2340110420000,1998
3360805000000,1980
5540971250000,2005
1740024300000,1952
3340522110000,1999
2540082000000,1933
5440002140000,1948
3140002000000,1933
1840331060000,1999
1930051000000,1921
5480916000000,1998
1840038040000,1933
5040152040000,1982
0940050240000,1949
3240019020000,1933
4140019130000,1933
2040048030000,2026
2980938000000,2000
3040009120000,1979
5440014220000,1992
1040009230000,1997
1840034130000,1933
2040061810000,2000
4180901530000,2000
2240007020000,1933
4140040020000,1933
5440014170000,1979
1140035150000,1933
2340005660000,1992
1740011170000,1982
4040035230000,1996
3140080020000,1933
0940036120000,2001
3640220160000,1997
3750011000000,1967
5540054070000,1982
0340085480000,2000
0160817000000,1995
1040016020000,1933
0340003010000,1933
4440001050000,1980
2640028000000,1933
1040019060000,1973
5230018000000,1977
0640060850000,1979
0640062010000,1995
0940003070000,1933
2040071000000,1933
0140119060000,1933
1840005120000,1933
1840014010000,1933
2380929000000,2000
2540017060000,1933
3040052230000,1964
4340017080000,1933
2140033290000,1997
2340009090000,1988
4840018090000,1933
0340085230000,1995
1340025000000,1933
0480918000000,2001
2940028260000,1998
3380943000000,2000
2240052040000,2013
4760819000000,1980
2040061190000,1999
0840050040000,1996
2350050000000,1967
1750049000000,1967
4640022000000,1933
2940004000000,1933
3930066000000,1949
4340028050000,1933
5450006000000,1967
0580991000000,2001
3180901380000,2000
4140022060000,1969
1050076000000,1967
3040006170000,1990
4440019070000,1933
4480920000000,2000
1750082000000,1967
5240054010000,1933
2040061490000,2000
0740004000000,1933
2880902840000,2000
4140041020000,1933
1780969000000,1999
1840001080000,1933
2040119220000,1933
2540064480000,1998
1540002170000,1996
1140001090000,1933
0440003040000,1933
1980954000000,1998
4940032070000,1933
2240019040000,1989
4240250150000,1953
4340019090000,1933
3080926000000,2000
2040061520000,2000
1640220240000,2001
0140017110000,1933
3640021120000,1972
0440032010000,1933
2740025020000,1933
4940011060000,1933
1740024550000,1999
4030025000000,1933
4040041000000,1933
5240078000000,1933
5340005000000,1933
2880901970000,2000
4760821000000,1980
1040061150000,1951
4440018000000,1933
4440050030000,1933
4180902360000,2000
3140072040000,1933
3080914000000,1998
1940009520000,2000
1980901390000,1998
0840014010000,1933
2280901000000,1998
3340008080000,1933
4140041080000,1951
5540085080000,1997
3980901040000,2000
4040005000000,1933
2140021100000,1998
0840014050000,1996
3940064020000,1994
1040019040000,1933
4540017020000,1933
0340008030000,1933
3940003050000,1973
2440001000000,1922
3140077030000,1950
0140011000000,1933
4340007020000,1933
4440014030000,1933
5440036010000,1995
3040252530000,2000
2440052060000,1933
2140119370000,1999
3880929000000,2000
3940007370000,1975
1240028020000,1933
2480975000000,1999
2040079420000,2000
1080906000000,1998
1980902310000,2000
0440016000000,1933
5040007150000,1974
2480902770000,2000
0840016310000,2000
4440003070000,1933
3830092000000,1921
3840017000000,1933
5540016030000,1933
0280901220000,1999
2440083320000,1981
1080914000000,1999
1340005080000,1997
2140040040000,1980
4630073000000,1933
5140020400000,1997
0740016190000,1933
4140013030000,1933
4840050000000,1933
2380920000000,1999
4340009110000,1933
0240045070000,1933
2350036000000,1967
2340110090000,1995
1440013040000,1933
2840016320000,2000
5440014110000,1949
4340019080000,1933
2440014020000,1971
2140010100000,1933
4940033130000,1992
0740016290000,1933
0430015000000,1988
2240010040000,1933
4140016350000,1979
0940020060000,1933
3240031050000,1933
1840028040000,1933
3840028150000,1933
5540097250000,1999
1980989000000,1998
4180902870000,2000
0840013100000,1954
2340003360000,1996
4150061000000,1967
0940002000000,1933
3940074000000,1933
0540007160000,1999
4040035030000,1933
3640015000000,1933
0340017070000,1998
2040079280000,1999
5140005000000,1933
2840011170000,1996
1840033150000,1950
2540001040000,1987
3640033110000,1998
1640003000000,1964
1680940000000,2000
2540036000000,1933
3540015040000,1982
2840027000000,1933
4140003170000,1933
5040252100000,1999
0380901170000,2000
1740020470000,2001
0640042120000,1992
2740062140000,1979
4740032280000,2000
1040021470000,1998
5550053000000,1967
0350021000000,1967
2040081050000,1933
0540002060000,1974
0240011280000,1987
4740017020000,1933
2640023000000,1933
1780940000000,1998
1240007000000,1933
2940046100000,1933
2240214050000,2003
3360802000000,1980
2340702410000,1998
0280962000000,1999
2580913000000,1998
0640031210000,1997
2340701440000,1980
1750006000000,1967
5040075030000,1933
3240007060000,1933
2480901180000,1999
3840021100000,1998
5440068100000,2000
3440020280000,1978
2840016050000,1963
3240026000000,1945
0240009600000,2013
2040622070000,1978
5040033020000,1933
2140001180000,1982
4180906000000,1998
4940028000000,1933
5040252170000,1999
0140093020000,1933
5440021130000,1933
2730002000300,1978
3140019120000,1973
1340001000000,1933
2840123010000,1975
2540019880000,2005
2340005580000,1991
2940956000000,1980
3040004000000,1933
3040009030000,1945
5550069000000,1967
2080901410000,2000
2580901140000,2000
5440023000000,1933
2880983000000,1999
3140083010000,1933
3140119170000,1933
2840001000000,1933
0140057060000,1933
4340050530000,1999
1540011130000,2000
1040019070000,1933
5540006080000,1977
2840020560000,1997
2040062070000,1980
2740004000000,1933
4940030060000,1933
3180994000000,2000
2340701690000,1981
5580928000000,1999
2040219070000,2000
5440017080000,1988
2340116160000,2000
3440001070000,1933
3150079000000,1967
3940043020000,1933
2840027120000,1983
2740037070000,1951
5140009010000,1933
3840001180000,1949
5440042030000,1933
5040046010000,1986
4440050020000,1933
2140020080000,1933
3340522140000,2022
0140119230000,1996
1830002000000,1933
0340003060000,1988
0640035280000,1997
3530251000000,1971
5480914000000,1998
0580920000000,1999
5340014040000,1933
0240005040000,1933
3140119330000,1985
5440005040000,1999
0640031090000,1981
2040062050000,1980
4140018340000,1992
3340004000000,1933
4140116340000,2000
1050046000000,1967
1050167000000,1967
2540030010000,1933
3040003000000,1933
5580901130000,2000
5440892040000,1986
5340014210000,1991
2040052020000,1933
3140084010000,1933
4940005180000,1933
4440009020000,1933
3140007670000,1998
0140016040000,1965
2840071170000,1979
4640013050000,1933
2830004000000,1922
0640047040000,1995
40200600000EB,1921
0380925000000,1999
3340009190000,1933
4840002080000,1976
3980914000000,1999
5440009040000,1933
1540002150000,1979
2040017040000,1933
2840020390000,1980
2840027180000,2000
1320060000100,1941
2480901190000,1999
3340009320000,1968
4840007020000,1933
2040025260000,1971
1140001050000,2007
3440039270000,1979
4180963000000,1999
4240022000000,1933
0140005080000,1933
0840016300000,1998
3040014140000,1998
0280903150000,2000
5040019080000,1990
5480982000000,2000
1080915000000,1999
2140010040000,1933
2340010880000,1993
1040061670000,1993
4240067000000,1952
0280903160000,2000
2540250110000,1933
2580901150000,2000
2040021070000,1933
1020021000800,1964
4440038060000,1933
2040053060000,1998
5040052250000,1977
1040019300000,1949
0640064950000,1996
3430039000000,1921
5240002050000,1950
0680928000000,2000
2040008090000,1996
1840028020000,1933
3040009170000,1988
0340085190000,1991
2540091000000,1943
3930070000000,1949
5380951000000,2000
2980917000000,1998
0640060320000,1956
1540011070000,1998
3080915000000,1998
2340017010000,1980
2440016370000,2000
5340009080000,1976
1040061340000,1978
1050073000000,1967
3150050000000,1967
4050026000000,1967
1880948000000,2000
1880962000000,2000
1740019840000,1986
2340044310000,1992
0680908000000,1998
2040061180000,1999
4240020030000,1947
4940040000000,1933
0740016440000,2000
0140076070000,1998
3840015020000,1933
2040022010000,1933
0140250070000,1959
4640046020000,1933
5430618000000,2006
2540017010000,1933
2040160250000,1999
2340116240000,2000
5340005030000,1933
0440007020000,1933
3240003240000,1979
4140019220000,1933
4440013120000,1933
5040037470000,1995
0380901390000,2000
3860814000000,1993
2240014060000,1996
2840007090000,1998
5040024060000,1991
5540006090000,1983
3950007000000,1967
4740001120000,1933
1140052020000,1933
1240042050000,1933
4180902840000,2000
4180903280000,2000
3040052780000,1991
2080901020000,2000
0640042200000,1999
5480901170000,2000
2140019170000,1933
2040003050000,1999
2840016040000,1988
3140080000000,1933
0830016000000,1921
1040061780000,1997
2340700420000,1980
3040013000000,1933
4340011100000,2000
5580901230000,2000
2040214120000,2000
3940092030000,1933
1560806000000,1991
4740007040000,1933
2440008090000,1999
3940027030000,1933
2040061720000,2000
0540032000000,1933
4740072070000,1933
1840005080000,1933
1940009360000,1998
1340021120000,1980
3440041130000,1972
4140001210000,1983
3140054050000,1998
4140016260000,1973
4540003200000,2010
0640060070000,1933
5040007550000,2000
4750005000000,1967
3440020370000,1997
2880935000000,1999
4140019860000,1982
2080975000000,1999
2350063000000,1967
2340116090000,1996
4580920000000,2000
1940027010000,1973
2140119010000,1933
3380936000000,1999
1740023070000,1933
1050175000000,1967
3040065020000,1933
1640055050000,1946
3640013000000,1933
4540012040000,1968
4180905000000,1998
4940010170000,1995
4150060000000,1967
0850026000000,1967
3140010000000,1933
5040060070000,1933
1940006000000,1933
2840052360000,1996
4180935000000,1999
4140016270000,1976
2340002000000,1933
5040052720000,1981
2840052050000,1933
3880930000000,2000
5340032020000,1933
1980955000000,1998
2880929000000,1999
2340005780000,1998
1840004140000,1933
1440050010000,1933
3140037060000,1933
2440083480000,1998
1040060140000,1933
3140043100000,1995
1280901000000,1998
3950002000000,1967
1140046000000,1933
4940028010000,1933
1740021000000,1933
3240219080000,1933
3040065290000,1973
2540310020000,1998
0640060790000,1973
0380901420000,2000
2040073090000,1933
3150052000000,1967
0680935000000,2000
4040028010000,1933
1350018000000,1967
1140048030000,1933
2040073070000,1933
4140003140000,1933
1040021150000,1951
0240011170000,1949
5040029070000,1933
4240006000000,1933
4140007000000,1933
2040219160000,2000
2640250040000,1933
1140002000000,1933
1740055020000,1933
1980902060000,2000
2040079400000,2000
2740023060000,2006
0940019140000,1982
0940020040000,1933
3240011020000,1933
2040219120000,2000
5440038040000,1933
2750001000000,1967
1940032030000,1997
2450071000000,1967
4180901250000,1999
4150013000000,1967
5440025000000,1933
2040027030000,1933
2340119340000,1979
5540001000000,1933
0380901350000,2000
2140119140000,1933
1980902040000,2000
2040006050000,1998
2880903260000,2000
3140077000000,1933
3040009140000,1980
0640060550000,1962
0640035310000,2000
2640250100000,1933
2340110620000,1999
5340010040000,1933
1980934000000,1998
3240005000000,1933
3140060020000,1933
5140036030000,1933
4740219160000,1970
0850050000000,1967
1840013130000,1933
2540250360000,1933
1540003000000,1933
2340050010000,2023
1840032080000,1933
2930972000000,1979
5380950000000,2000
2640008000000,1933
5540010660000,1996
3940024070000,1933
1340044040000,1933
1050159000000,1967
4540003020000,1933
4640020040000,1933
0940011060000,1933
4180901940000,2000
1350037000000,1967
0140119350000,2011
0140092130000,1933
3040052070000,1933
4340008000000,1933
0280902260000,2000
0240009480000,1999
5540009040000,1933
1340006000000,1933
1340025010000,1933
3950012000000,1967
2040079320000,1999
4180902000000,1998
0740002050000,1933
1040041170000,1933
4040035100000,1948
2340119130000,1954
1840036030000,1933
07200330000EB,1921
0840001170000,1996
3180901560000,2000
4140003850000,1993
0540027150000,1996
2040025550000,2000
2440083050000,1933
1040038020000,1971
2140019480000,1997
1740024130000,2005
1340219750000,2021
0280901830000,2000
4040035130000,1954
3640002000000,1933
5540007030000,1933
4180910000000,1998
3180916000000,1998
3180945000000,1999
2480901060000,1999
1050164000000,1967
4240035000000,1933
2640025100000,2000
4040005030000,1933
1940048040000,1952
0340012000000,1933
0640001030000,1933
2740002310000,2000
4740032180000,1997
0240009160000,1933
2640025060000,2000
1350004000000,1967
2140022050000,1992
2840020850000,2000
0640064170000,1989
4940002000000,1933
1040016250000,1978
1040023030000,1933
3840007000000,1949
4340050040000,1933
1880944000000,2000
5140044100000,1996
1340219330000,1978
4140103170000,2000
4840007090000,1933
1040021290000,1978
1640003030000,1983
2040021190000,1933
2140008090000,1933
2880901060000,1999
0940014010000,1933
13202190000NB,1921
4140033090000,1933
4940004060000,1933
0340001180000,2000
3940066040000,1933
1780901810000,2000
1940340190000,1992
4140003920000,1993
2380913000000,1999
5040052780000,1986
2250002000000,1967
3240219110000,1933
1740008000000,1933
4340032030000,1933
5380913000000,1999
5440031010000,1945
5040013070000,1933
2340003350000,1996
1940031000000,1933
0940010000000,1933
1740017320000,1998
1840022090000,1933
2980936000000,1999
1040019810000,1998
1880917000000,1999
0540068000000,1962
4240021060000,1982
0680926000000,1999
0740007110000,1933
5540085290000,1997
2080901490000,2000
3940005200000,1981
0640160110000,1999
2740031020000,1933
1040014160000,1978
2280923000000,2000
2340701280000,1980
3840031070000,1933
1430023000000,1922
1080955000000,2000
3180905000000,1998
1740020360000,1933
1340060190000,2023
1040017180000,1997
3980972000000,2000
5440002220000,1969
3040252140000,1998
2820119000000,1933
0140077030000,1933
2540018030000,1933
2980930000000,1999
5440021740000,1999
0640060080000,1933
1540016060000,1948
3040080060000,1991
4040019050000,1933
4440048030000,1979
4540044150000,1933
2240034010000,1933
4140009050000,1933
2340701360000,1980
5550045000000,1967
0140017030000,1933
1040019020000,1933
1340015160000,1981
2840028030000,1933
2040060630000,1977
4140016680000,1996
1030004000000,1922
1740023160000,1951
3840014000000,1933
5580901670000,2000
2440083190000,1949
1780901850000,2000
1050077000000,1967
4540023080000,1933
4640009070000,1933
2040023080000,1933
2040016020000,1933
2640088010000,1933
0140015070000,2000
5480927000000,1999
4640044000000,1933
5140028010000,1933
4140019070000,1960
2340004010000,1953
3240219020000,1933
2550018000000,1967
2540072140000,2000
2640003030000,1956
1340012150000,1998
2840044040000,1933
2840052090000,1933
2840071270000,1997
1980936000000,1998
3440009070000,1933
4240010000000,1933
2050004000000,1967
0140011360000,2000
1940031020000,1933
2140036050000,1933
2840044030000,1933
5340010070000,1933
5150025000000,1968
1740098020000,2005
0550015000000,1967
4740219030000,1933
0240010030000,2000
1240050100000,1950
1780901510000,2000
1980901100000,1998
1980901150000,1998
3180910000000,1998
1040021270000,1978
3940064010000,1933
0180903000000,1998
5140015180000,1983
5040002010000,1950
2140008150000,2003
0640047060000,1996
1840062090000,2006
1340040010000,1952
4140016440000,1981
1740019530000,1951
1440050070000,1933
3140027050000,1933
5540010890000,1996
3640220270000,1999
5040052900000,1991
3640028140000,1963
4940013030000,1996
2880903630000,2000
3140119360000,1998
2540022010000,1933
5540052190000,1996
5040052940000,1992
5540007080000,1974
3340007000000,1933
0140007020000,1933
2540031160000,1933
3840006040000,1933
0640060060000,1980
4040034070000,1933
2040060840000,1980
4840006050000,1933
4040022000000,1933
2340016810000,1993
5240020080000,1933
4150138000000,1967
1340060480000,1980
4150056000000,1967
2540029010000,1933
3040052930000,1992
3840011060000,1933
2040083150000,1998
2540054040000,1933
4440002010000,1933
1980902030000,2000
4940032150000,1933
5040001020000,1933
5440021190000,1933
0640060290000,1933
0280901340000,1999
3440129060000,1999
0340119540000,1980
2840030000000,1933
1840034080000,1933
4340022040000,1933
0240009330000,1975
3440041020000,1933
2240214020000,1988
2840009090000,1994
1640002020000,1961
1480910000000,1998
3140015020000,1933
3640003020000,1933
2140019540000,2000
5240020030000,1933
0840048010000,1933
5040036030000,1933
5140020480000,2000
0840022010000,1933
3040014110000,1990
2540250770000,1972
2640018000000,1933
0340119100000,1933
2840102070000,1998
0280902180000,2000
2580901450000,2000
1440050140000,1933
2040019010000,1933
1780913000000,1998
0240007200000,1933
2240003140000,1933
1840019180000,1998
2580901320000,2000
3940080010000,1933
0440019850000,2000
4040060370000,2000
1340011030000,1997
1350024000000,1967
4140119390000,1998
0440010040000,1933
2240006060000,1996
3980918000000,1999
2040023100000,1982
0140250210000,1999
2440052020000,1975
5160805000000,1980
0640017280000,2004
4980908000000,1999
2340010170000,1963
3240219330000,1978
4280925000000,2000
5540110010000,1999
4150001000000,1967
1780901330000,2000
2840104010000,1975
5040252310000,2000
2340009230000,1989
0640060650000,1962
4440030000000,1933
4650004000000,1983
20200600007WB,1979
3430082000000,1988
2840016250000,2000
3240004060000,1977
2340003470000,2000
2980944000000,2000
2580904000000,1998
4340050170000,1933
5480901030000,2000
4180901610000,2000
4940009130000,1933
4140016890000,1999
2840010090000,1933
4140048010000,1933
0630010000500,1981
2640088090000,1933
4040062300000,2000
3640018000000,1933
5440050140000,1933
0640160220000,2000
4240023010000,1933
1740005110000,1933
2340110550000,1999
4480903000000,1999
1780935000000,1998
4140041240000,1980
2040036020000,1971
0240051130000,1989
4940030000000,1933
4940009070000,1933
0640025210000,1992
4350001000000,1967
0240010010000,1975
2680913000000,1999
1780901360000,2000
3140059000000,1933
2880917000000,1999
5440095190000,1999
2340702200000,1982
3840013020000,1949
4440002040000,1933
2580945000000,1999
4080915000000,1999
4640013070000,1933
0440038030000,1933
1740005290000,1976
2040041000000,1933
5480921000000,1999
1780901600000,2000
2140019250000,1990
4180902820000,2000
0740016090000,1933
4540027050000,2002
4440023010000,1933
2840071070000,1933
4740039020000,1933
2540007040000,1933
1640259100000,1977
0540003000000,1933
2640250210000,1949
0380955000000,1999
5140024030000,1962
0840004070000,1995
5050029000000,1967
2440009010000,1933
5480901000000,1998
1130005000000,1921
3840219210000,1995
4180901340000,1999
4940016000000,1933
3340038030000,1933
0240009580000,2012
3940050250000,2001
2040047210000,1996
1040014200000,1978
4680909000000,1999
3440020400000,1998
4240017020000,1933
1640055200000,2008
2340009240000,1989
4140009340000,2024
2540032030000,1933
2540250090000,1933
4440021020000,1933
21200190000NB,1921
4940151000000,1992
4740015020000,1933
1140012040000,1933
1740009110000,1995
1340009090000,1933
1740048070000,1933
4740072180000,2000
1840012030000,1933
2540250520000,1984
2040027040000,1973
2640025110000,2000
5040009010000,1995
0840015160000,1997
2840006040000,1990
0140093000000,1980
5540010790000,1996
3340522060000,1997
0140054030000,1933
2040119560000,1979
5440013100000,1933
0440019610000,1996
3140007030000,1933
3540003010000,1933
5540001020000,1933
2750017000000,1967
0140011320000,2000
0640044030000,1990
1580934000000,2001
3940026030000,1933
2040060570000,1977
0740035010000,1972
0840001110000,1933
4140016730000,1997
0850091000000,1967
2040160030000,1997
1080930000000,1999
1750097000000,1968
2040079040000,1977
0540018030000,1980
2280927000000,2000
2540250120000,1933
5440009140000,1933
3140007440000,1994
5040052430000,1933
2840071040000,1933
3940024120000,1933
0440038040000,1933
4140001130000,1933
5540016230000,1990
0640003020000,1933
5440002250000,1991
3940026220000,1933
4150128000000,1967
2240003520000,1999
0240011670000,2015
0140014020000,1933
1840062070000,1933
1340219700000,1999
2030025000100,1943
4440052020000,1933
0380908000000,1998
2140022020000,1933
5230069000000,1962
0280902690000,2000
5440003020000,1933
1240220030000,1933
1780902170000,2000
1980902010000,2000
4940005080000,1933
2580961000000,1999
1040012040000,1991
2440005150000,1996
3140069020000,1933
5040007230000,1989
2540250060000,1933
4040034280000,1951
3640010000000,1933
2880901380000,2000
3180901260000,2000
2350003000000,1967
0280901740000,2000
0440019700000,2000
0180908000000,2000
2140014030000,1933
4180983000000,1999
5150020000000,1967
3350021000000,1967
1040060710000,1988
3140040030000,1933
1980902520000,2000
4150156000000,1967
1740012170000,1995
3350007000000,1967
1050060000000,1967
2040622280000,1992
3080931000000,2000
1040009260000,1999
5540005010000,1933
2340005040000,1933
2340701170000,1980
0640001270000,2000
4340050130000,1933
2680907000000,1998
0640064720000,1961
1980902530000,2000
0840001070000,1933
0450008000000,1967
5580997000000,2000
1050151000000,1967
3650034000000,1968
1740011250000,1995
1040018090000,1961
3540040080000,1975
3640005090000,1933
1140048070000,1933
2240005040000,1933
5140015340000,2000
1740011260000,1995
0640001010000,1933
1780901090000,1999
2130035000000,1933
0240019060000,2000
4240046060000,1971
5550078000000,1967
2580976000000,1999
2450032000000,1967
4640054030000,1933
0440003050000,1933
2340010150000,1960
4240022060000,2007
0740015040000,1933
4150008000000,1967
4140016310000,1979
0940019040000,1933
2340005570000,1991
4080914000000,1999
2350071000000,1967
0340010000000,1933
2140001140000,1950
3440041040000,1933
1740023300000,1995
4140028010000,1933
5440015020000,1933
3080920000000,1999
1840040010000,1933
3940018000000,1933
5240019060000,1933
3380917000000,1998
0680922000000,1999
4340034040000,1933
4440006040000,1933
0440019800000,2000
1740027020000,1933
2140023050000,1969
3940026260000,1933
4140103060000,1996
2040083100000,1997
5440014270000,1998
0180919000000,2000
2340080020000,1971
1080922000000,1999
3840219120000,1933
4540028020000,1933
0450006000000,1967
0280901540000,1999
1740009100000,1984
3940078030000,1933
4040004000000,1933
1050144000000,1967
2540013020000,1933
4240033060000,1980
3950032000000,1967
3140054030000,1995
4940009220000,1981
2840019500000,1984
3240012190000,1992
0440018000000,1933
2440012020000,1933
3940026330000,1933
3130047000000,1987
4040005060000,1933
5040013090000,1990
1930009000000,1921
2740005290000,1933
3180901310000,2000
2280940000000,2000
2340010460000,1984
3340008040000,1933
0150007000000,1967
1040016430000,1997
3040006060000,1980
4540027000000,1933
0440004430000,2000
3140053040000,1933
2880903530000,2000
2540018040000,1933
2080901710000,2000
3440039200000,1951
4940020470000,1996
1740019240000,1933
2040160010000,2000
2680909000000,1998
5540007110000,1974
1740034070000,1998
2140019340000,1982
2040079300000,1999
3140073140000,1963
4840030030000,1933
1340219740000,2017
1780981000000,1999
4240219640000,1999
1440050220000,1933
4540003490000,1997
3140081020000,1933
5040075360000,1991
0940018020000,1933
1040612050000,1997
3740016010000,1991
0140017120000,1933
1940051030000,1995
2450057000000,1967
2440102610000,1972
4540019030000,1933
0640064880000,1997
4180903400000,2000
4940016090000,1933
0640060130000,1933
1440023050000,1933
2040021150000,1933
5040015000000,1933
2340110880000,2000
2840219110000,1961
1040002160000,1978
2480968000000,1999
4840002070000,1961
0640002090000,2021
3150019000000,1967
0260826000000,1980
0540067200000,2000
1340007020000,1987
5550141000000,1967
2080901540000,2000
4340019112100,1990
5450025000000,1967
0240009510000,1999
1040020130000,1978
5480903000000,1998
0340017020000,1995
0740035160000,1933
1640220210000,2000
4040030020000,1933
2440009040000,1933
1080936000000,1999
3940003030000,1933
5240004010000,1933
4150132000000,1967
4140001360000,1984
4040025350000,1996
5550001000000,1967
4580923000000,2000
3240007000000,1933
4180902760000,2000
4140012050000,1933
1740019080000,1933
4740043190000,1933
3940026120000,1933
3380905000000,1998
1140039000000,1963
3940086010000,1933
4340031140000,1965
3140029010000,1933
2840219120000,1971
5040252160000,1999
3640220230000,1999
1740006120000,2001
4840018150000,2015
2040045040000,1933
5440032040000,1933
1430009000000,1921
3440020010000,1933
2480902590000,2000
3240015050000,1933
4740019040000,1933
0280902580000,2000
2040022130000,1997
5440050330000,1948
0380901490000,2000
2940011050000,2006
0840001090000,1933
1340045010000,1951
5080945000000,2001
4840018250000,2002
4140029010000,1973
3840031140000,1998
2080974000000,1999
0640035180000,1993
1040019700000,1998
3580918000000,1999
4140021130000,1983
4340050480000,1994
2540250810000,2010
4340028070000,1933
5440016010000,1933
4040009020000,1933
2240010520000,2000
3340002060000,1999
3040065380000,1980
3740001130000,2000
0280903020000,2000
0240019020000,1990
1980901870000,1999
1980901940000,2000
4140004310000,1998
0840011050000,1933
2440103120000,2000
0640001170000,1992
0280917000000,1998
4340050280000,1955
2650010000000,1967
31300070007WB,1991
3140007430000,1995
2840019090000,1933
1940009300000,1989
0340003110000,1980
1340020470000,2000
2980909000000,1998
5040007470000,2004
2040005330000,1980
5440002200000,1969
1880971000000,2000
3440020520000,2004
0940025080000,1933
5480974000000,2000
5540001090000,1982
1780901080000,1999
2880901120000,1999
4560806000000,1978
2030061000300,1946
3140059030000,1974
2840019170000,1933
1840002100000,1969
0440019590000,1994
1350014000000,1967
0640026090000,1989
4150085000000,1967
4140103100000,1997
1050153000000,1967
2550005000000,1967
2540016030000,1933
3050021000000,1967
1040019760000,1998
4540003010000,1933
2850049000000,1967
3180934000000,1999
3340038280000,1997
4140027040000,1933
4140029110000,1980
2080982000000,1999
1540001060000,1971
5050036000000,1976
1840087180000,1985
0580953000000,2000
2480901240000,1999
3840011050000,1933
2040160260000,1999
3930072000100,1980
0540007110000,1999
1430259000000,1957
4740219200000,1990
2540026030000,1933
3740036000000,1933
4240039020000,1933
0640035250000,1997
2350088000000,1967
1080934000000,1999
1750086000000,1967
3380949000000,2000
0640006000000,1933
0640042060000,1985
1780901990000,2000
3440017020000,1933
1740020020000,1933
1050055000000,1967
3040052040000,1933
3750012000000,1967
1640023070000,1933
5380941000000,2000
0140250370000,2000
4940030010000,1933
1340060830000,1999
1040061400000,1978
0280902740000,2000
1940001050000,1933
1940009430000,2000
5440050670000,1998
1040031020000,2010
5040075340000,1991
3940005130000,1933
1980902080000,2000
3440019670000,1997
5140032010000,1955
2880961000000,1999
4140003750000,1984
3940070030000,1933
1430127000000,1974
1540032000000,1933
3540023070000,1962
5540010820000,1996
1740033010000,1933
0240014000000,1933
3430004000000,1922
1660801000000,1979
1940009460000,2000
4530044000000,1921
4680928000000,2000
3240009000000,1933
1530105000000,1935
3480925000000,2000
4440026010000,1933
2840102050000,1980
3040003230000,2000
0240051020000,1933
2450012000000,1967
3480919000000,2000
1740035050000,1933
4640018090000,2000
2240064000000,1933
0640010390000,2002
1140030040000,1933
1840018020000,1933
2540020010000,1933
2540027090000,1966
1780927000000,1998
3380954000000,2000
3440007020000,1933
2540032010000,1933
4040060200000,1949
3880911000000,1999
2740003030000,1933
5040152130000,1990
1040021320000,1978
1040023020000,1933
5440018040000,1933
0640031350000,1999
2640010000000,1933
3040252010000,1996
2340110150000,1997
5480901190000,2000
5480944000000,1999
2040005250000,1979
4340031130000,1972
3140007360000,1981
0280901170000,1999
1940230010000,1976
2440016030000,1980
2440052040000,1972
2150005000000,1967
2740027070000,1933
2620050000000,1949
2850027000000,1967
4240250220000,2003
2340009500000,1996
2480901790000,2000
4140103040000,1996
1040041410000,1998
3740003140000,1933
4340016050000,1933
4180941000000,1999
4140003600000,1980
1740012070000,1933
1650002000000,1967
1680914000000,1999
3940033060000,1933
4340019000000,1933
3880921000000,2000
1140052010000,1933
2980942000000,2000
1540009000000,1933
2140019550000,2000
3940021010000,1933
0640025040000,1933
4150067000000,1967
0640044040000,1990
2140001020000,1933
2840024130000,1998
0440004370000,2000
1440011010000,1933
4250001000000,1967
2880932000000,1999
4140041170000,1980
4840002110000,1997
3040080090000,1994
5040031010000,1933
2440102630000,1972
1060801000000,1978
2940046250000,2002
2240068080000,1995
2880901840000,2000
5480951000000,1999
5540016340000,1996
0340085300000,1995
0640041020000,1995
3140040070000,1933
3480939000000,2000
2030002000000,1933
0740016020000,1933
4280930000000,2000
1640009000000,1933
5440004000000,1933
2340210020000,2000
3640028180000,1997
4550014000000,1967
4650011000000,1967
5240250060000,1983
2240044010000,1933
2840010010000,1933
3340038270000,1997
4440005120000,1933
1940023010000,1933
2340110030000,1994
3440094030000,1933
1340017090000,1991
4640013190000,2006
2340011040000,1961
3740028000000,1933
5040018010000,1933
1940051040000,1999
2440016550000,2000
2850039000000,1967
4940020400000,1984
0280902290000,2000
2040040010000,1933
2440102550000,1972
5540010460000,1984
0580965000000,2000
0640064630000,1990
3440039120000,1933
2240003660000,1999
5580958000000,1999
0440004260000,1981
3150067000000,1967
5140026050000,1933
3180980000000,1999
5080923000000,2000
0640026010000,1933
1040017100000,1995
2340219080000,1998
2340700670000,1980
3040052650000,1990
1780901670000,2000
5240026010000,1933
3180912000000,1998
0940050450000,1982
2840002020000,1933
3340038360000,1998
4140054310000,2000
1040021380000,1997
0280902720000,2000
3040252190000,1999
1040008100000,1978
2440052610000,1998
2440052830000,2000
1340020130000,1967
3940026470000,1933
2940028120000,1948
4180901800000,2000
0380901190000,2000
2080950000000,1999
3040080250000,1998
5040052270000,1972
0380911000000,1998
0640064820000,1993
2040060340000,1947
2040060890000,1980
4140004060000,1975
0540010010000,1933
4040011120000,1999
1980901650000,1999
4150131000000,1967
4180901540000,2000
4180901670000,2000
3240219160000,1933
3680904000000,2000
1980902560000,2000
5040252270000,1999
1040002130000,1978
1040061700000,1997
2340701540000,1981
2540019110000,1933
2540031020000,1933
0340018010000,1933
2540064200000,1993
2440102090000,1972
5340014160000,1933
1380941000000,2000
3040014160000,2000
2040219110000,2000
2080904000000,1998
2040035030000,1962
1040014340000,1997
3640002030000,1984
4640250100000,1933
0440013170000,2000
3140076040000,1933
0280994000000,1999
4440015010000,1933
5440004080000,1933
2680923000000,2000
1940007010000,1933
2840027090000,1979
2480902330000,2000
2340701610000,1981
4380903000000,1999
5040007260000,1990
0140024010000,1933
1740048010000,1933
2040069070000,1933
3040065430000,1990
3940110000000,1933
2340016800000,1993
0380903000000,1998
4640007060000,1933
3440019350000,1977
3040065060000,1933
3740001040000,1933
0650007000000,1967
0640010180000,1998
2540033070000,1933
0640042030000,1943
1340044060000,1980
1040085020000,1933
1140010030000,1933
3640002010000,1933
0580948000000,2000
1240005120000,2024
2540076010000,1933
3940092050000,1933
3980901280000,2000
4180903290000,2000
5440002010000,1933
3640019000000,1933
1840034220000,1985
0440005000000,1933
0940030030000,1933
4140030040000,1999
4940003020000,1933
4040062230000,2000
0580970000000,2000
5340001030000,1933
0640062000000,1933
4180901000000,1998
4140033000000,1933
3940076080000,1986
1640023060000,1933
0440019840000,2000
5050026000000,1967
1080907000000,1998
2840037040000,1996
3940012080000,1981
3430044000000,1932
1140006020000,1933
3980950000000,2000
0640060140000,1933
3980983000000,2000
5040014000000,1933
2340058070000,1989
1740019230000,1933
2140033070000,1994
2180906000000,1999
28100770000NB,1965
1980958000000,1998
2940046050000,1933
4180903460000,2000
0640047030000,1933
5040037540000,1998
2340110710000,2000
2440007370000,2000
5480999000000,2000
0580983000000,2000
3140083020000,1933
1740050310000,1962
3940024030000,1933
4640003130000,1933
4180901330000,1999
4180902480000,2000
2240003080000,1933
4240033090000,1983
4340050420000,1972
2640086010000,1933
3150036000000,1967
1040020230000,1997
2350085000000,1967
1340020080000,1964
0440042010000,1933
1980944000000,1998
2740027020000,1933
4140040030000,2004
2940005020000,1916
0440016010000,1933
1440001010000,1933
2880902140000,2000
2340010590000,1989
4240025050000,2000
5540052470000,1983
0640010140000,1998
0340085050000,1979
1740005020000,1933
0440019080000,1933
2640034090000,1949
5410064000000,1965
1040002050000,1933
1740003050000,1933
2640021040000,1933
4680938000000,2000
0940007040000,1933
0730005000000,1921
2240003130000,1933
4140041100000,1972
3040014170000,2000
4140103200000,2000
1040060970000,1997
1740005180000,1982
5440003220000,1933
2640021200000,1996
4040060310000,1997
2140028000000,1933
1740014000000,1933
4140054290000,2000
0240011640000,2013
4240219600000,1999
1540020000000,1933
1940009390000,1999
0940011000000,1933
4140003330000,1949
4140021080000,1980
5440009270000,1974
4040034450000,1995
1740042000000,1933
3840219080000,1933
5040005060000,1996
2340005220000,1984
0140011050000,1933
3040006210000,2000
4240250180000,1980
2440102490000,1972
3640009000000,1933
0340017190000,2000
0640064050000,1987
2240003240000,1984
4140003020000,1933
2540084040000,1933
4040025080000,1966
2140019320000,1982
3440039080000,1933
4180902580000,2000
4140009040000,1933
2840007040000,1933
5580901570000,2000
38202500000NB,1921
4180903270000,2000
0540007030000,1933
1540002050000,1933
2440015080000,1933
0440005120000,1979
2340003020000,1933
3630055000000,1983
1980902250000,2000
2040062040000,1980
3180917000000,1998
1940032100000,2004
3240012110000,1978
2340110160000,1997
2440013000000,1933
1140004000000,1933
1340016020000,1933
2040005050000,1933
4140099070000,1997
3040010020000,1933
2340044450000,2000
0580932000000,2000
2140021080000,1933
5040075620000,2000
3740001170000,2000
02200110000NB,1917
0640035160000,1988
4040044000000,1933
1040018160000,1991
5540010550000,1997
0380980000000,2000
1740033040000,1933
4140017180000,1983
3940092330000,1990
3980901050000,2000
4440005130000,1933
0840013120000,1996
5080901000000,1998
3840028280000,2012
2980952000000,2000
4040021000000,1933
3640001040000,1985
1340012020000,1946
4640006020000,1933
0640064750000,1992
0740018050000,1933
0540028040000,1933
1740020260000,1933
3540039020000,1933
1140002020000,1933
0650002000000,1967
2640025080000,2000
2640092010000,1933
2440102470000,1972
4440025020000,1933
1740032020000,1933
0640026160000,1996
4240051020000,1993
2040160310000,2000
2540250240000,1933
0380901650000,2000
2740031070000,1933
3180970000000,1999
1140012100000,1933
1140015040000,1933
5440010000000,1933
1040019500000,1982
0580943000000,2000
4240017040000,1933
2850014000000,1967
4740021020000,1933
2640002200000,1994
5050019000000,1967
5040052450000,1933
2440005030000,1933
3840219460000,1998
0240005130000,2000
4080941000000,2000
2840071120000,1969
4940032030000,1933
3340009160000,1933
2550008000000,1967
3040003130000,1990
4240219830000,2000
2080972000000,1999
2940050080000,1946
0740001010000,1933
1340063010000,1933
2240019050000,1992
5140003030000,1933
4440005300000,2025
5040052960000,1995
0140119160000,1933
4040001010000,1933
4640250050000,1933
2040008040000,1933
1040061140000,1949
3040049080000,1959
1540009070000,1933
2040047050000,1972
2840019580000,1996
1140030020000,1933
0840016270000,1998
3040052320000,1975
0440019830000,2000
3140017030000,1933
0140032010000,1933
3440003040000,1933
2880903140000,2000
2880916000000,1999
1050168000000,1967
3030068000000,1962
2080901850000,2000
1940012000000,1933
3640028030000,1933
4640016000000,1933
0640064270000,1988
0440005160000,1996
2040079330000,1999
2340009350000,1991
0640035290000,1999
4040034140000,1933
2840219350000,1999
2740072000000,1933
0280902130000,2000
2080901290000,2000
2080901880000,2000
3940092140000,1933
5040023010000,1933
5280901000000,1999
0640160130000,1999
4140004150000,1984
1040061280000,1976
0140003010000,1933
1560808000000,1991
4480912000000,1999
2140046050000,1996
4180901090000,1999
4180902240000,2000
2880902020000,2000
2840002050000,1995
1980971000000,1998
0240005030000,1933
0240007000000,1917
0940023060000,1995
5580983000000,2000
0640042100000,1992
1440028080000,1933
2340044160000,1988
1280925000000,1999
2840038060000,1988
1980901050000,1998
4180997000000,1999
1340062030000,1933
0140042000000,1933
1940340030000,1933
2080994000000,2000
3140061090000,1983
3440012010000,2006
2850019000000,1967
2040119120000,1933
2040043020000,1933
4040034300000,1964
2040005090000,1950
0540027030000,1933
0940038000000,1933
0640029140000,1976
2040035020000,1933
4440023020000,1933
1240009030000,1933
4180990000000,1999
5040007030000,1933
1840033210000,1998
2340701600000,1981
0640002300000,1995
0280902230000,2000
2080989000000,2000
0140040010000,1933
0940018220000,1933
3340002020000,1979
5440009300000,2000
4040050000000,1933
1040009000000,1933
1750068000000,1967
3440024160000,1991
4140001290000,1980
0840013070000,1933
0640005000000,1960
1040012000000,1933
0340119190000,1944
1340002100000,1997
4940011170000,1933
4140116390000,2008
3140119040000,1933
4140003060000,1933
2440103110000,1999
2640062000000,1933
0240040000000,1933
1740019330000,1933
2440004040000,1980
3180972000000,1999
2040083020000,1955
0540007240000,1999
1040018040000,1991
3540051020000,1933
2840020420000,1980
0280901410000,1999
2040114010000,1945
20201190001SB,1946
3840219540000,1999
0940052000000,1933
3040007040000,1933
38202190000NB,1921
0740011000000,1933
4140018130000,1980
0850044000000,1967
1840019170000,1985
2540024020000,1933
4240219080000,1933
3140036020000,1933
2340110220000,1997
3140067000000,1933
3340008140000,1989
3340026000000,1933
4940004110000,2026
1580927000000,2000
0140026050000,1933
1780901880000,2000
3240006030000,1933
3140053010000,1933
2840011090000,1949
3840002000000,1933
1740048150000,2001
2880902990000,2000
5040075410000,1992
1880913000000,1999
2340110950000,2000
4440036060000,1933
4540012000000,1933
4540003610000,2002
5580901070000,2000
5440032030000,1933
0640029000000,1933
0350014000000,1967
5240250030000,1933
2250053000000,1967
1140023090000,2000
3040052130000,1933
2840071110000,1951
2340700930000,1981
2540072050000,1933
4440008060000,1933
5380943000000,2000
5440095030000,1996
2750016000000,1967
2440152010000,2000
3440039460000,1999
1340052000000,1933
2840019590000,1997
4140003830000,1991
5140003000000,1933
0940050660000,1995
1050154000000,1967
0640002100000,1959
0540007290000,1999
2440052900000,2000
4840074010000,1933
0140092040000,1933
2340700460000,1981
0440019030000,1933
2440052450000,1996
3380941000000,2000
3440024060000,1933
4180902920000,2000
0450009000000,1967
2740035040000,1933
0840012000000,1933
4150039000000,1967
2040001050000,2005
4140305000000,1979
2040009080000,1978
0940020050000,1933
1780982000000,1999
2040119520000,1982
3940051050000,1933
1950003000000,1967
1750037000000,1967
0740012040000,1933
1340063060000,1980
4840008000000,1933
1050157000000,1967
2340700570000,1980
4240035010000,1962
5540097130000,1990
3440039070000,1933
2240008010000,2005
0840001100000,1933
3740001060000,1933
0280902910000,2000
2040622040000,1978
1230055000000,1983
1340015050000,1933
1740050150000,1933
2740003040000,1933
2250045000000,1967
1840033260000,2013
0640060660000,1962
1440045110000,1933
2640250230000,1949
0140038010000,1933
5540012010000,1933
2040069020000,1933
5140020450000,2000
2140019600000,2001
4140054330000,2000
0640002030000,1933
4450010000000,1967
0180902000000,1998
1040009160000,1978
0580969000000,2000
4140307050000,1996
2240005030000,1933
3940033090000,1933
2640003050000,1996
3940014040000,1933
1380912000000,1999
2880982000000,1999
3940021090000,1933
2340700900000,1980
3140050010000,1933
2340110080000,1995
2880901080000,1999
5340034040000,1933
1980953000000,1998
4140054270000,2000
3380952000000,2000
1380913000000,1999
0940036100000,1995
3240015060000,1980
3240219370000,1990
3340005010000,1933
1040021350000,1988
3040049430000,2000
3740001160000,2000
4240034030000,1957
4340030000000,1933
2440083420000,1992
3650001000000,1967
4540007190000,1997
5450053000000,1967
2840290020000,1974
2740029140000,1933
4940010120000,1933
5140020470000,2000
2240052060000,1980
3040065340000,1990
4040007050000,1995
1040014100000,1944
2140001210000,1996
2140015040000,1974
3940007150000,1933
0640527010000,2000
1240028200000,2000
2040061140000,1984
2740037080000,1999
4140031050000,1990
0280902810000,2000
2640250290000,1949
3040252430000,1999
3140053070000,1999
0540027380000,1999
4150069000000,1967
4740219070000,1933
0140007040000,1933
1540030010000,1933
3640023020000,1933
44201190000NB,1921
2840027200000,2000
4180970000000,1999
2840019690000,2007
2040007090000,1933
2880977000000,1999
2480922000000,1999
0640030030000,1997
4040034180000,1933
2140006010000,1933
2840020790000,1998
4150018000000,1967
3040014060000,1988
2340077010000,1988
3840039240000,2000
4180901870000,2000
2340702060000,1981
5540085200000,1997
5340034000000,1933
4940009180000,1933
4140008090000,1980
1040060720000,1993
1880934000000,1999
0540007140000,1999
2440102050000,1972
2740033290000,1994
1040041020000,1933
2540018020000,1933
1630058000000,1929
1830068000000,1977
0640064480000,1990
4940040010000,1933
0640052100000,2006
4840002020000,1933
0140092210000,1933
0580967000000,2000
3840219440000,1997
4560813000000,1978
2040061560000,2000
3050012000000,1967
5580938000000,1999
0280902890000,2000
4340074170000,1998
2040033010000,1933
2840027170000,2000
2040059000000,1933
2740006000000,1933
2240010100000,2018
4640048040000,1983
3080922000000,1999
1740032000000,1933
4680952000000,2000
4140010000000,1933
2340002050000,1994
1940020010000,2000
2440083490000,2000
0340119600000,1988
5050002000000,1967
5580988000000,2000
1480964000000,2000
1940009250000,1980
2840024150000,1998
1240028220000,2000
4180902710000,2000
2740033180000,1951
2280916000000,1999
2480901780000,2000
4740008040000,1933
1840021020000,1933
3940026190000,1933
0440040130000,1933
2240119040000,1987
0640013000000,1933
1140038040000,1933
3750006000000,1967
2040046150000,1999
3140025090000,1933
1980925000000,1998
1340060080000,1933
4980912000000,1999
3040013030000,1984
4440029140000,1933
4560854000000,1998
0540013000000,1975
2480902250000,2000
0240009590000,2013
0140076050000,1998
0240009210000,1933
2040023020000,1933
1940013040000,1945
0340003480000,2000
2840034040000,1998
0840011130000,1996
2340003430000,1999
1740007100000,2001
2880901070000,1999
2040057020000,1933
4140305030000,1999
3050010000000,1967
1930045000000,1931
5480934000000,1999
5540001120000,1984
1780901710000,2000
2940028030000,1933
1350044000000,1967
1740019040000,1933
2480902430000,2000
1340092040000,1997
5140015130000,1933
3340038330000,1998
5440021380000,1949
0180923000000,2001
1040018260000,1997
1880932000000,1999
2340044090000,1988
4940010030000,1933
2440002020000,1993
0540020010000,1985
0940019100000,1933
3240025000000,1933
2340701110000,1980
2540016080000,2000
2580925000000,1998
5540010420000,1980
3940007180000,1933
3140068000000,1933
4940009260000,1979
0140119310000,1998
5540016250000,1992
1740009050000,1933
2040119920000,1999
2540250740000,1972
5440030030000,2001
2640021080000,1933
1740033000000,1933
2840024070000,1989
0240007310000,2000
2040005010000,1933
0840011120000,1984
0280903030000,2000
1480921000000,1999
5540010170000,1933
4940009090000,1933
1340060300000,1949
3180936000000,1999
4940001060000,1933
2080901080000,2000
2640086090000,1997
4040031000000,1933
4940042000000,1933
2540021070000,1997
3040065080000,1933
2040034070000,1933
1940001120000,1933
3650012000000,1967
44100790000NB,1975
2840016270000,1998
0940025040000,1933
2280912000000,1999
2340015020000,1998
3340009330000,1984
3140013000000,1933
4050025000000,1967
0440005170000,1996
2040073060000,1933
0850017000000,1967
4540021040000,1991
5480901210000,2000
4640013240000,1946
5160802000000,1980
3180957000000,1999
4140016900000,1999
5540054040000,1968
5440021730000,1999
4040017010000,1933
5340014090000,1933
4180917000000,1999
4940020410000,1990
1040023000000,1933
4540001060000,1997
2540032000000,1933
4380912000000,2000
2140119250000,1933
2240019070000,1995
3840001000000,1933
4240043000000,1933
5580901420000,2000
4040018010000,1933
23201190000NB,1921
2740045000000,1933
2740054040000,1933
2850015000000,1967
2380917000000,1999
4040060220000,1962
5480975000000,2000
1780915000000,1998
0240007260000,1945
1740014010000,1933
3240219070000,1933
0240011660000,2015
0850042000000,1967
1340017010000,1933
4340016170000,1933
1640013010000,1986
2040219270000,2000
2080939000000,1999
2250011000000,1967
2840010190000,1997
2040039000000,1933
0130038000000,1957
3880909000000,1999
3940014070000,1933
2040056010000,1933
4150141000000,1967
0840036030000,1990
3040002040000,1996
4450014000000,1967
1880983000000,2000
1940009310000,1989
3840039030000,1952
1680921000000,1999
2540073040000,1933
5440044020000,1933
2040020050000,1933
35200400003EB,1958
3540041010000,1933
2140020040000,1933
0740016310000,1933
1340060470000,1980
2240002000000,1933
3840009030000,1974
2040119670000,1979
2540086000000,1933
2040025330000,1980
1340001080000,2000
2180942000000,2000
1740006010000,1933
2540080060000,1933
3040080210000,1998
4040025320000,1979
3480942000000,2000
5230007000000,1921
1980901690000,1999
4130121000000,2004
1040060340000,1944
1840021480000,1973
2640021160000,1952
1040012020000,1933
1040014240000,1978
4140119490000,2002
0650011000000,1967
3240012170000,1980
4150047000000,1967
0440028040000,2022
4340007230000,1933
3940092430000,1995
2040025050000,1933
1340021080000,1954
5240084010000,1933
0440004530000,2000
0650016000000,1967
0940034050000,1948
1740012140000,1980
2480901710000,2000
2540016010000,1933
5580943000000,1999
3980901060000,2000
1780901380000,2000
0440004130000,1933
3440020070000,1949
4940024000000,1933
0640160330000,2004
1050015000000,1967
1480945000000,2000
2440008000000,1933
5340014010000,1933
4140119400000,1998
4940009250000,1978
5540054050000,2021
1050103000000,1967
1840025040000,1998
5440038020000,1933
1940020000000,1933
1740119010000,1995
2840052190000,1968
5340014120000,1933
2740038020000,1989
0850008000000,1967
2340005400000,1989
4840040010000,1933
3840024010000,1933
2880901460000,2000
4540028000000,1933
2880902660000,2000
4740027020000,1933
0640006010000,1933
1140007060000,1933
2680921000000,1999
4140008080000,1980
2040622420000,2000
0640060800000,1973
2640029000000,1933
0680902000000,1998
2040005060000,1933
2240036070000,1995
4340007070000,1933
0280902590000,2000
2340110430000,1998
2040061040000,1933
3150053000000,1967
2850010000000,1967
1980901030000,1998
0840004220000,2000
4940004240000,1995
1540014010000,1933
5040052390000,1933
3640003030000,1933
5540006100000,1984
0340119240000,1962
2740030000000,1933
4940003010000,1933
4240005290000,2018
1040061970000,2000
5550136000000,1967
4440009050000,1933
5540010880000,1996
1980901510000,1998
5240001220000,1933
4140024010000,1933
4740020000000,1933
1840002260000,1999
3040065580000,1992
2540054030000,1952
1080901000000,1998
1440006010000,1933
2880903090000,2000
0850078000000,1967
3040049020000,1933
2540062010000,1933
2350018000000,1967
1740077040000,1933
1440005120000,2000
1050005000000,1967
0280902040000,2000
1740004140000,1985
2540048030000,1933
0240024040000,1933
1740006020000,1933
3940219040000,1933
2440083120000,1933
5340004010000,1933
5340036050000,1933
2040079150000,1995
5140005040000,1976
3640220350000,2000
2040047060000,1978
2880901470000,2000
4640022010000,1982
1980902120000,2000
3440039360000,1983
1740024400000,1995
2480907000000,1998
3240012030000,1948
0240081090000,2015
2540017070000,1933
0640010080000,1933
0280902520000,2000
1740011290000,1999
4480926000000,2000
1240220010000,1933
2840044050000,1933
4640013290000,1999
4140029000000,1933
0140012090000,1933
1940018010000,1997
1940026040000,1991
4180903300000,2000
0940034040000,1933
4140041320000,1990
2980929000000,1999
3740020020000,1933
5040060190000,1993
2940015010000,1933
5180907000000,1999
2640088370000,2004
2340005480000,1990
4140019680000,1980
1040016330000,1980
3740018000000,1933
0240009190000,1933
0540067150000,2000
2840044230000,1979
4640006030000,1933
2240052030000,1982
0540007260000,1999
3840219580000,2000
0640066010000,1933
2880901800000,2000
2840016000000,1933
2480902410000,2000
3340012000000,1933
1040041240000,1942
3840023000000,1933
3140023030000,1933
1740077080000,1986
4640018030000,1933
2840019300000,1973
4140054130000,1998
1840024000000,1933
3840028220000,1946
2080902240000,2001
4340047110000,1933
0640035210000,1996
2580952000000,1999
0480914000000,2000
2040062080000,1980
3140087000000,1977
3840029060000,1933
3940037000000,1933
2040057070000,1933
2040005350000,1993
2440003030000,1933
4140020030000,1972
2580951000000,1999
4040032020000,1984
4040035220000,1991
1780901300000,1999
5340053010000,1933
4180907000000,1998
3140046050000,2007
1340036070000,1967
2240010280000,1990
2340009060000,1978
0140057010000,1933
3960801000000,1980
2440016040000,1980
0380901400000,2000
5340035100000,1933
0940050070000,1933
3350014000000,1967
3040003120000,1984
5040052610000,1972
3840039140000,2000
3040052050000,1933
0550003000000,1967
0340006010000,1933
3940012010000,1933
5540012110000,1984
2040101000000,1933
2540082010000,1933
2440016590000,2000
3540023000000,1933
4540015040000,1980
4140103090000,1997
3740002080000,1977
5550160000000,1968
5450029000000,1967
1430029000200,1977
1540008030000,1979
3040252110000,1998
4440027000000,1933
0640060870000,1978
0140005050000,1933
0850088000000,1967
3840028100000,1933
2440014040000,1992
2140019050000,1955
5340009040000,1933
4730038000000,1978
2340219090000,1999
2540033100000,1933
0640064920000,1995
2940046170000,1978
34200190000NB,1921
1040002170000,1978
5040075060000,1965
3040065130000,1959
5540016070000,1933
1540002200000,2000
1040012010000,1933
5140022000000,1933
3340018000000,1933
4340015060000,1933
2340016750000,1993
3480932000000,2000
1780901340000,2000
1040029020000,1933
2330002000000,1921
3040049390000,1994
5580901060000,2000
0540002190000,1999
4440029080000,1933
3440003000000,1933
0850079000000,1967
3850017000000,1968
2540033030000,1933
5040017060000,1933
2840020350000,1980
2840025040000,1933
1440007040000,1933
4340050060000,1933
5380957000000,2000
1540008110000,1998
2440052930000,2000
3640012030000,1998
4640008010000,1933
0240002000000,1933
5040152300000,1998
5550019000000,1967
5040052990000,1995
2340119730000,1991
1840044010000,1960
1340002020000,1933
1740050270000,1952
5040001070000,1933
4150063000000,1967
1040023210000,1998
0840038020000,1933
4240033070000,1994
0280903290000,2000
5380938000000,2000
4040009010000,1933
2840020840000,1999
5240040020000,1933
3440024010000,1933
2340010210000,1981
4880907000000,2000
4340016290000,1963
0280974000000,1999
2540250910000,2000
2440017120000,1996
3940026520000,1933
1340039010000,1933
4140029200000,2000
1040160170000,2000
3040003190000,1998
0640031000000,1933
1940030000000,1933
1340025070000,1979
1750080000000,1967
2940050020000,1933
2880901780000,2000
1140024000000,1933
2340005130000,1980
2340009290000,1990
3340026020000,1933
1740050180000,1933
3440039100000,1933
0640011080000,1995
0240005090000,2024
2440052270000,1983
5540008050000,1996
0580981000000,2000
2880902390000,2000
3140079090000,1933
2340016100000,1980
2340058040000,1988
4540003090000,1933
4940032190000,1933
5040002040000,1951
1040041360000,1981
2580975000000,1999
1840038000000,1933
4180903470000,2000
4740039050000,1933
4540028060000,2022
0140119250000,1996
3040065700000,1998
5540004050000,1966
1340033010000,1933
2040060550000,1983
1840022060000,1933
0280988000000,1999
1640010080000,1933
5440004070000,1933
0540003210000,1999
3980996000000,2000
2740017050000,1958
2740029080000,1933
5140026080000,1979
3440020510000,2002
1740019260000,1933
1040023150000,1978
5480918000000,1999
3940017010000,1933
4180955000000,1999
4940018020000,1933
3140069230000,1998
2640086140000,2004
3240029040000,1933
2340701120000,1980
3840001240000,1968
3140015080000,1977
0140030080000,1933
1940030100000,2000
0340010010000,1933
4540044240000,1984
0640064260000,1988
0140011270000,2000
0640008000000,1933
5440014440000,2006
3340038050000,1933
2380931000000,2000
0280908000000,1998
2040023150000,1981
2440102430000,1972
3940006040000,1933
2850001000000,1967
4140035000000,1933
3940047010000,1933
4440003040000,1933
1440045160000,1984
0140250030000,1933
2850065000000,1967
3940012050000,1933
0950012000000,1968
2730017000000,1947
4140001100000,1933
4740035130000,1933
1840019070000,1933
5540971230000,2000
2040026000000,1933
5040039010000,1933
2340119710000,1990
1980901710000,1999
4140021040000,1965
3040013040000,1989
3740026020000,1933
1440045090000,1933
2040025110000,1944
2640072000000,1933
3140018030000,1933
5480901010000,2000
0380901580000,2000
2040061100000,1981
3440020210000,1969
5040152020000,1980
3040049130000,1978
1480967000000,2000
1980901730000,1999
2240003120000,1933
3140079030000,1933
2040081090000,1933
5450018000000,1967
3540053030000,1933
1740035110000,2001
2840044270000,1993
4680911000000,1999
2040061270000,1999
3180990000000,2000
0540027330000,1999
2480974000000,1999
4940001140000,1933
1040060080000,1933
3980935000000,1999
5450017000000,1967
5040009000000,1933
0640064230000,1988
2480901700000,2000
3340009100000,1933
2540029050000,1933
2540044140000,2000
0440020050000,1933
2340210010000,2000
1240028050000,1933
1940115040000,2007
0240009080000,1933
4140004220000,1985
2040065020000,1933
5180921000000,2000
0740010060000,1933
0140057080000,1933
1640023020000,1933
1540066030000,1933
5540006070000,1977
2040061150000,1987
5080944000000,2000
0940034080000,1948
2580932000000,1999
4440013290000,1977
5380953000000,2000
4940012020000,1981
2460811000000,1980
3740018010000,2000
2580901650000,2000
4180901680000,2000
2240050000000,1933
2840016220000,1991
3140070030000,1933
4150038000000,1967
4740032250000,2000
5550171000000,1967
3940050040000,1933
1540009040000,1933
1540030040000,1933
5040019090000,1990
2340110400000,1998
4140044030000,1933
1480924000000,1999
2440005140000,1996
2440083390000,1984
5480947000000,1999
2040079060000,1974
5140010020000,1933
3780903000000,2000
1640026000000,1933
0380901210000,2000
1740048140000,2001
2140033120000,1978
0680949000000,2000
3180984000000,2000
1750018000000,1967
3240219030000,1933
4750007000000,1967
2580936000000,1999
4340024070000,1933
4540011000000,1933
0440001040000,1933
1750075000000,1967
2880901290000,1999
5240007060000,1933
0750002000000,1967
2250043000000,1967
2480933000000,1999
4240053030000,2018
4040062210000,2000
2840044320000,1997
1240028290000,2000
3440041060000,1933
2480943000000,1999
4140029090000,1973
1840010050000,1933
4340016410000,1999
5580981000000,1999
2080919000000,1998
3940051020000,1933
4050024000000,1967
0540027080000,1933
2880901530000,2000
0440040180000,1933
2040065030000,1933
2740060000000,1933
3180944000000,1999
5040152010000,1980
5580901610000,2000
5040037570000,1998
1740050390000,1977
1980901550000,1998
4940032120000,1933
0840003020000,1933
1380942000000,2000
2280914000000,1999
4740219230000,1995
3640033010000,1952
5550113000000,1967
2580901900000,2000
0140040070000,1933
4440030040000,1933
5180905000000,1999
1040038140000,1996
2540017290000,1998
3740001190000,2000
0280998000000,1999
1840034120000,1933
1340012110000,1981
3940007260000,1933
0940016010000,1933
4940011040000,1933
2240010010000,1933
2480948000000,1999
0640002280000,1988
3140032010000,1933
4050017000000,1967
1940011010000,1950
0640064770000,1992
2240005130000,1996
3340038230000,1981
2340702360000,1990
2540014020000,1933
2440052730000,1999
3650010000000,1967
2840025120000,1996
3940007520000,2006
4140015220000,1998
4740008020000,1933
4440004000000,1933
2340210170000,2000
2140044030000,1933
3940028000000,1933
0740018020000,1933
1340063102100,1987
5140001010000,1933
2350012000000,1967
5550092000000,1967
2040119330000,1945
2040219100000,2000
1740057020000,1933
1040004010000,1933
2440103060000,1985
1040021160000,1951
3740024010000,1998
2680916000000,1999
3140007560000,1996
0640160170000,2000
2740007020000,1933
4140016230000,1972
5150010000000,1967
4760801000000,1979
2540015020000,1933
0340002010000,1933
3540017010000,1956
1080954000000,2000
3940005060000,1933
2840012010000,1933
4840006080000,1933
3040052030000,1933
2340110250000,1998
3540024020000,1990
3840219020000,1933
2940008010000,1933
4140019810000,1981
3980923000000,1999
0640043030000,1933
5480977000000,2000
5540010940000,1997
1050029000000,1967
3950030000000,1967
5240042000000,1933
3340015010000,1933
3940076040000,1933
5440050040000,1933
0380901270000,2000
0440017040000,1933
4140008040000,1972
5140015040000,1933
4840002170000,2000
2540072100000,1948
2580901640000,2000
0380901130000,2000
1340022020000,1955
2040052070000,1980
5040152120000,1988
4740035180000,1993
1840021080000,1933
0440019890000,2000
1740032030000,1933
2140019530000,2000
2880903190000,2000
3180965000000,1999
3840003000000,1933
1740005070000,1933
0540007130000,1999
2040047140000,1980
4040019060000,1933
2440007130000,1984
4540031000000,1954
2940028170000,1981
1740019140000,1933
1740003010000,1933
1940340010000,1933
2340110930000,2000
0340119310000,1977
4150154000000,1967
3040065620000,1994
1140019070000,2009
2040119280000,1933
1550017000000,1989
0340119850000,2000
2080997000000,2000
2880901220000,1999
5340036040000,1933
2940022000000,1945
4240018000000,1933
2240068040000,1988
4140018230000,1980
3040052160000,1974
4240219800000,2000
5540012090000,1980
2040119040000,1933
5480998000000,2000
1750077000000,1967
4740032300000,2000
3840028050000,1933
0640010070000,1933
2640088360000,1999
2840028010000,1933
2040005030000,1933
4140006090000,1973
1050112000000,1967
0440017110000,1983
5040037400000,1989
4740001160000,1989
4140007020000,1933
4140016410000,1980
0640021020000,1996
3040065010000,1933
4050021000000,1967
4030034000000,1921
5440047270000,1974
0380985000000,2000
1340027020000,1933
0740007120000,1998
2540084030000,1933
1540003060000,1933
2640062020000,1933
3140007500000,1995
5050027000000,1967
3480948000000,2001
3650031000000,1967
1340219500000,1979
1040002210000,2000
4140031100000,1993
2540004020000,1933
4240053020000,1995
2080940000000,1999
2540054000000,1933
5240024010000,1933
0680936000000,2000
2040119640000,1979
0340085460000,1999
2640048030000,1933
2440005060000,1933
1340026020000,1933
2540064390000,1998
4440008010000,1933
2040043050000,1933
5040017070000,1988
3140061070000,1980
2240003170000,1969
2840019270000,1972
3140119310000,1980
0640060110000,1933
2640250160000,1933
5430081000000,1958
1740050530000,1983
1780902100000,2000
2140036000000,1933
1940115030000,2005
5150019000000,1967
2980967000000,2000
1940016030000,1933
4440021030000,1933
4440119160000,1933
3840219400000,1996
0440004280000,1995
2840016260000,1998
0640060670000,1965
3040065120000,1956
3140045290000,1998
1280936000000,2000
1740044030000,1933
1440007060000,1933
4150033000000,1967
4150037000000,1967
1040023230000,1998
0340026150000,2000
3140019190000,1952
3940002020000,1933
1750024000000,1967
3240012240000,2000
4840014010000,1933
2540072080000,1933
3940057030000,1933
2040033040000,1933
3140018020000,1933
5340047050000,1933
2880902510000,2000
1140023110000,2000
5440046050000,1933
1340019020000,1933
1340060590000,1991
2880902820000,2000
2880993000000,1999
2340010130000,1943
2480902080000,2000
0280901400000,1999
1740008030000,1933
1040020010000,1933
3440017010000,1933
4940010090000,1933
4140001140000,1933
2040037010000,1933
4040012030000,2001
0140119910000,2000
2240037020000,1933
4340050510000,1997
2040043070000,1933
1740020140000,1933
2340003480000,2000
0280901240000,1999
1940340220000,1997
2040060900000,1980
2480902130000,2000
4740045020000,1985
1040016470000,1998
5540971150000,1996
0340119760000,1994
1740050620000,1985
1140024030000,1933
4140041060000,1933
4740072210000,2000
5440014400000,2000
0640044000000,1933
0740002110000,1933
3040052970000,1993
4080920000000,2000
2840021020000,1964
3940005100000,1933
1140048060000,1933
0740007000000,1933
4140015010000,1933
2340005120000,1975
4150049000000,1967
4140054110000,1992
1540026000000,1933
3040252180000,1999
0240081030000,1969
2450036000000,1967
4180902700000,2000
3240029050000,1933
2440016410000,2000
4240219670000,1999
0240011190000,1963
1840087080000,1933
1740125070000,2000
5340024020000,1933
2040051050000,1933
2040061660000,2000
3440019100000,1933
3240012070000,1967
1040021460000,1997
01200330000EB,1995
4440029070000,1933
5480901410000,2000
1740050590000,1985
1980902220000,2000
2740033270000,1983
1340063190000,2002
2540310010000,1998
2740002140000,1982
3150043000000,1967
2440013040000,1933
2440102730000,1989
0440009040000,1933
4140004050000,1975
0840004160000,1997
3040001020000,1933
3740002090000,2009
5550118000000,1967
4340030020000,1933
4440016040000,1933
0440019790000,2000
4940038080000,1933
3140030000000,1933
4080954000000,2000
2340119410000,1982
2440052350000,1992
1740035040000,1933
4640050250000,1991
3740002070000,1969
4540012050000,1969
5540008020000,1933
0440022180000,1933
4240009070000,2000
3140100010000,1988
2340010540000,1988
2540019140000,1933
3040065240000,1973
5550138000000,1967
1540008020000,1933
4440029130000,1933
1980901900000,2000
2040064030000,1989
3440039090000,1933
1350042000000,1967
4140003820000,1990
2640035110000,1993
2140030060000,1933
1340043030000,1933
3180951000000,1999
3240219390000,1992
3030064000000,1942
2540062020000,1933
2040047220000,1999
1780902090000,2000
4680910000000,1999
0440004540000,2001
3240015070000,1993
3740003060000,1933
0280901820000,2000
4340018040000,1933
2630088000000,1930
0340119590000,1988
5240020070000,1933
2740009060000,1933
3440034020000,1933
4140003370000,1953
5540010920000,1996
3940009040000,1933
4640028010000,1933
2040060770000,1980
4940011110000,1933
4940030180000,1933
3640014020000,1998
1040016000000,1963
1540002070000,1933
1040019830000,1998
3840039180000,2000
3150068000000,1967
4140008130000,1997
1040002020000,1933
3040009130000,1980
3040049110000,1978
3940045020000,1933
3940050220000,1933
4440019030000,1933
5450003000000,1967
1350031000000,1967
2740015020000,1933
5550129000000,1967
2540218040000,1995
2440017000000,1933
3640021090000,1946
0340003360000,1999
3940026340000,1933
5340014190000,1933
4140030100000,2002
2080902220000,2001
5240001180000,1933
2240003620000,1999
3180993000000,2000
4140016060000,1960
5140015030000,1933
1050025000000,1967
4240050040000,1961
1680947000000,2000
4340050590000,1999
5440021700000,1994
0540007050000,1933
1440050110000,1933
1980910000000,1998
1340044020000,1933
1140034040000,1933
2540017260000,1980
2080926000000,1999
5380946000000,2000
2340110040000,1995
0840010000000,1933
3040012030000,2000
2040119880000,1998
2040048000000,1933
3140007120000,1933
1040019670000,1997
2840052060000,1933
3140079110000,1933
0640017200000,1990
2540017040000,1933
3040006110000,1989
4340031040000,1933
0140250170000,1999
1780901320000,2000
1980901180000,1998
4180903160000,2000
2880933000000,1999
2640086100000,2004
4340032020000,1933
2340116120000,1998
1340002050000,1933
1740050700000,1995
0440004300000,2000
4180901070000,1999
2980960000000,2000
1740011270000,1995
3150009000000,1967
4040035020000,1933
0380984000000,2000
4140014050000,1998
2480982000000,1999
4740219100000,1933
1840005130000,1933
3140021000000,1933
5540005100000,2000
0440004460000,2000
3440055040000,2000
2480901400000,2000
2040083050000,1985
4340047030000,1933
1440220090000,1933
1740050570000,1983
3440020480000,2000
0540003110000,1999
1740023360000,1998
2540064240000,1995
2640021020000,1933
3080913000000,1998
3580902000000,1998
2040052090000,1998
2050006000000,1967
1050002000000,1967
3940070020000,1933
2450029000000,1967
1840042030000,1933
3940015070000,1933
1980901140000,1998
2840019260000,1972
3180935000000,1999
1440050430000,1999
3140033000000,1933
1040019780000,1998
2450011000000,1967
0440028050000,1967
2840010030000,1933
0130056000000,1921
2540001050000,1929
5440020020000,1983
5040028000000,1933
2440005040000,1933
1980901240000,1998
4940009100000,1933
0640017030000,1933
2340010690000,1990
0840026000000,1933
3140004000000,1933
1840087070000,1933
4540004000000,1933
0580954000000,2000
3950015000000,1967
4180902440000,2000
4140003760000,1984
5140015290000,1999
0940021000000,1933
4140019840000,1982
1680908000000,1999
2040119420000,1972
2440083040000,1933
3140076100000,1933
5060805000000,1989
3040052140000,1933
1640023090000,1933
5040028010000,1933
0140030040000,1933
1040012060000,1998
2440007100000,1980
5140014000000,1933
2340010480000,1988
0380913000000,1998
0440002020000,1933
1240050080000,1933
2140007000000,1933
3440019680000,1997
4140016530000,1984
4240033190000,2000
4340015070000,1933
0640010220000,2000
2080924000000,1998
1980902730000,2000
2040060940000,1980
2940014000000,1933
4150164000000,1967
0740020080000,1933
2040005220000,1979
0540032050000,1933
4140041180000,1980
2080901910000,2000
4040044010000,1933
3940024000000,1933
4180961000000,1999
2740062340000,1983
2480901670000,2000
1240093020000,2018
2080901810000,2000
2440052640000,1998
3540009000000,1933
1740050070000,1933
2830598000000,1980
0640064570000,1990
3140075160000,1996
2340005730000,1998
2460801000000,1979
2840003040000,1933
1050172000000,1967
1840021430000,1957
3040065760000,2000
1740007020000,1933
3980901310000,2001
2040021400000,1997
4640032000000,1933
4940016020000,1933
4530107020000,2005
0640013030000,1958
4940004050000,1933
0140092020000,1933
4540044060000,1933
3140057010000,1962
1740011070000,1984
1750028000000,1967
3940026610000,1933
5040075210000,1980
2340010740000,1991
2480913000000,1998
3340008070000,1933
4140047000000,1933
0840026020000,1992
0850045000000,1967
2080962000000,1999
2640050020000,1933
1780901230000,1999
3380927000000,1999
5550042000000,1967
3940050180000,1933
2640088040000,1933
2840052260000,1984
2880901540000,2000
5550157000000,1968
4340074180000,1998
4640018010000,1933
4240020010000,1933
0240001140000,2005
3140119010000,1933
4140018040000,1933
0340085100000,1980
2580983000000,1999
2440052880000,2000
1080971000000,2000
3440019450000,1975
0840001180000,1996
2340700620000,1980
2540004030000,1933
5440047360000,1999
2840460070000,1974
4680941000000,2000
2040059020000,1933
4840052010000,1933
1340060900000,2000
2880942000000,1999
2840019420000,1981
3140069190000,1977
4140004250000,1998
1740013010000,1933
2040046130000,1999
1980902620000,2000
4940035070000,1933
2240013020000,1933
3340009300000,1966
4840030020000,1933
2340700800000,1980
2340701430000,1980
1550006000000,1967
2140030210000,1970
4140015000000,1933
1560803000000,1980
4080903000000,1999
1140003020000,1933
1040029040000,1933
1750067000000,1967
3840250070000,1933
0630094000500,1979
2140019440000,1979
2540017150000,1933
1740050160000,1933
2140033020000,1983
4650001000000,1967
3140857040000,1985
1640058020000,1933
5440002130000,1968
4080939000000,2000
3430083000000,1965
5340021000000,1975
1250001000000,1967
5540085110000,1997
5540097090000,1989
1940015040000,2001
4640010020000,1933
5080933000000,2000
4140054030000,1968
4240219710000,2000
5580969000000,1999
3920048000000,1976
2040019030000,1933
1240050060000,1933
2850025000000,1967
1460801000000,1980
0640012010000,1933
3040010000000,1933
4240038000000,1933
2040622090000,1978
2040025040000,1933
1040020210000,1997
4540014040000,1933
54200500000EB,1933
3740002190000,2008
2240010160000,1943
2340009250000,1990
3240023060000,1933
2580954000000,1999
5540001010000,1933
1740125050000,1999
3950027000000,1967
0440024090000,1996
1040002090000,1951
4140005030000,2023
3980936000000,1999
4040020020000,1995
5040060110000,1966
0360802000000,1978
1340005010000,1933
1740030000000,1933
3950018000000,1967
3380944000000,2000
4240009030000,1952
2240003470000,1998
4940004070000,1933
0140011200000,2000
1040060550000,1978
5540010140000,1963
5240064020000,1933
3140064050000,1999
3440001080000,1933
2780911000000,2000
5080920000000,2000
0540030000000,1933
0940055040000,1933
1840015030000,1933
5550085000000,1967
1640259040000,1951
3940086040000,1933
4040025030000,1956
1340219340000,1978
3180955000000,1999
5040152110000,1988
2340003630000,2004
2540044030000,1933
0280999000000,1999
1580921000000,2000
2040046100000,1959
0240051080000,1933
2340016450000,1991
2340016990000,1995
5040152450000,2004
0440015120000,2002
4440056000000,1933
4540014010000,1933
5540008030000,1933
2850066000000,1967
1140046040000,1933
4250005000000,1967
3940073030000,1933
1840087100000,1933
4530122000000,1976
0240026030000,1996
0940029000000,1933
1740019820000,1986
2030013000000,1921
2840019630000,1997
4240151030000,1995
4440036070000,1933
1780948000000,1998
29202200000NB,1921
1050047000000,1967
1040061230000,1958
1840021470000,1982
3030065000100,1952
4240151070000,1997
1340008020000,1933
3140119100000,1933
1740020070000,1933
4150119000000,1967
3050001000000,1967
0540003010000,1933
2440012080000,1981
5550052000000,1967
5580901590000,2000
5040060100000,1966
0340003550000,2000
2140119070000,1933
2140119100000,1933
0840016160000,1981
3740036020000,1933
1740002010000,1933
4040034060000,1978
1340020480000,2005
2240010470000,2000
3240003060000,1933
3340522100000,1999
0540002210000,2000
2450061000000,1967
5480942000000,1999
0380901700000,2000
1140040020000,1933
2850007000000,1967
4340024060000,1933
2440083360000,1984
2080901670000,2000
4340050380000,1972
4380906000000,2000
5440050180000,1971
1980901560000,1998
2740058040000,1995
4140016560000,1987
1740020850000,1995
4140019110000,1933
1140010010000,1933
1880921000000,1999
0440004220000,1979
2480901750000,2000
3940080080000,2026
1740004020000,1933
2040025370000,1981
2040025470500,1983
1040021020000,1933
5480901320000,2000
1980996000000,1998
5080907000000,1999
3040003040000,1933
2040622360000,1999
2540064070000,1933
4340050230000,1933
5380926000000,2000
5440005080000,1999
0380926000000,1999
2840071130000,1977
4640038020000,1933
2340009160000,1988
3140065050000,1933
1740020910000,2000
2480934000000,1999
4840006090000,1933
1050179000000,1967
3740026090000,1998
3940116010000,1933
4340050050000,1933
1840087170000,1985
2440008070000,1999
3240008000000,1933
4940016030000,1933
0940064000000,1933
2840014030000,2002
5180916000000,2000
1340060090000,1933
2040006010000,1933
2740090060000,2008
3980901290000,2000
2340016090000,1980
4360812000000,2006
2240054010000,1933
2340003220000,1987
2340003450000,2000
4140032000000,1933
4040035330000,2010
1040061640000,1993
5550133000000,1967
1740038000000,1933
4640013310000,2000
0940050130000,1933
5540097140000,1995
0280943000000,1999
4440026000000,1933
1340008010000,1933
2840219060000,1933
4180903040000,2000
2850062000000,1967
3940022000000,1933
1980902100000,2000
1980906000000,1998
1440005070000,1933
3440016010000,1933
3440076000000,1957
5140020200000,1976
5040005020000,1967
2440016560000,2000
0380914000000,1998
1340021000000,1933
2940011030000,1933
2740062450000,1998
1740020650000,1948
1740005260000,2001
1940016050000,1999
2440102590000,1972
2240003580000,1999
2740042030000,1933
5140015230000,1971
3240024100000,1962
1040015190000,1978
2380936000000,2000
4340016020000,1933
2140119180000,1933
0440013120000,1933
2740080110000,1933
4980910000000,1999
2480947000000,1999
4140116050000,1999
0140052040000,1999
0640042010000,1933
2450065000000,1967
2850054000000,1967
5240001030000,1933
2340702030000,1981
4440015050000,1933
5440007050000,1933
5240006000000,1933
4140018000000,1933
2040160420000,2002
0540027270000,1999
4150083000000,1967
1840016010000,1933
2340700870000,1980
0630003000000,1922
2080985000000,2000
1540030140000,2000
3540088030000,1944
0440024080000,1933
0440040030000,1933
4140016480000,1983
4740032160000,1987
1840004080000,1933
1540066010000,1933
2340016500000,1991
2840019570000,1993
0980903000000,2000
1040021510000,1998
0840050050000,1998
1840014030000,1933
0540007310000,1999
0240009530000,2000
2640009000000,1933
0240045100000,1933
5480901270000,2000
2840020620000,1998
3340038290000,1997
4140033110000,2000
4340050330000,1975
0140250040000,1933
4640050320000,2002
0280902850000,2000
5440003030000,1933
5440014350000,1999
2140030120000,1933
4640032010000,1933
1240042010000,1933
2740003000000,1933
4940010010000,1933
4940020460000,1996
2340001000000,1933
3980901300000,2000
1480935000000,2000
3140015090000,2017
4080919000000,2000
3640014000000,1933
0340003510000,2000
3880922000000,2000
2040060980000,1980
2740005000000,1933
2980911000000,1998
2840010230000,1998
2540006000000,1933
2140001030000,1933
4640013370000,2000
3440020050000,1994
1340219670000,1999
2180917000000,2000
2340009420000,1992
2040083140000,1997
1040009120000,1978
0540027220000,1998
1740023350000,1998
1640023100000,1933
2040160350000,2000
0440004290000,1996
4540003640000,2004
3640033100000,1998
0640044060000,1995
0540067030000,1940
4540044300000,1999
5340014070000,1933
0440035050000,1933
4150068000000,1967
2040011090000,2011
1740024590000,1999
4340002000000,1933
1740003020000,1933
2740002050000,1933
1880945000000,2000
1780901650000,2000
4240035070000,1991
3980947000000,2000
5440025080000,1933
2350056000000,1967
3640028080000,1933
4440026040000,1933
4440119020000,1933
1740050670000,1996
2140023082100,2001
0740002100000,1933
4340001060000,1933
1540008010000,1933
3140045310000,1998
2340044040000,1984
2440052430000,1996
2140038010000,2007
4940005210000,1933
4740019050000,1933
3140007230000,1933
2880901660000,2000
2840016010000,1933
2540025000000,1933
3120019000700,1933
3980991000000,2000
4640119160000,1933
3440016080000,1967
3440044040000,1933
2040003230000,1999
4140017090000,1933
2540016090000,2000
2540025050000,1933
3840039200000,2000
1980901600000,1998
1740025320000,1995
2340003180000,1980
3740030060000,1933
2040214100000,1983
2640023010000,1933
3140048000000,1933
2350019000000,1967
4440027010000,1933
1340008050000,1979
2740058000000,1933
4140116150000,1999
3040016010000,1980
5440025030000,1933
2340119930000,1995
4440023000000,1933
4440050040000,1933
0340119050000,1933
3840219530000,1999
1340037030000,1962
3180947000000,1999
1740020170000,1933
3840004020000,1949
2580901410000,2000
1740119270000,2000
2140011050000,1933
2840052320000,1992
1140046050000,1933
1980952000000,1998
2760804000000,1978
4840002130000,1999
4840018140000,1933
3650022000000,1967
0340119830000,2000
2140033060000,1966
2840044290000,1996
1980923000000,1998
1640055290000,2018
1840033140000,1978
2340702230000,1982
1640220020000,1933
5440028010000,1933
3040252520000,2000
1880902000000,1998
1740024390000,1995
5440095120000,1996
5540005050000,1933
3450004000000,1967
5140024060000,2000
2250035000000,1967
2880902030000,2000
2040219060000,2000
0240045110000,1933
1940015120000,2001
2340016370000,1990
3480907000000,1999
0640160280000,2000
3240031090000,1998
20201190000NB,1921
5540009020000,1933
1040612070000,1997
1730073000000,1933
5240001140000,1933
1340219160000,1965
4140003480000,1975
0640010360000,2000
3440019620000,1988
0640010030000,1933
0340002020000,1933
3940056000000,1933
2040035260000,1999
3140007530000,1995
1880976000000,2000
2440102320000,1972
3480945000000,2000
4440044010000,1933
1040021580000,2000
3040006140000,1989
1680910000000,1999
2540054050000,1933
1540009150000,1994
3140045270000,1995
4040018040000,1933
4040062220000,2000
3580921000000,2000
5240008070000,1933
5340001000000,1933
3140073120000,1977
4240219130000,1933
4440011010000,1933
2580962000000,1999
2440017050000,1975
2140001040000,1933
5340032010000,1933
4360813000000,2006
5040075040000,1997
1940045020000,2002
1840021000000,1969
4340050250000,1966
5440014360000,1999
2040020060000,1933
1340030050000,1999
0640064290000,1988
2480981000000,1999
4140019670000,1980
1040061440000,1978
3850002000000,1967
2040119250000,1933
2040119540000,1979
3140007460000,1995
5040007460000,1998
5480905000000,1998
0240013020000,1933
0440016030000,1933
1840030000000,1933
1540011060000,1996
5040037510000,1998
5040052980000,1995
0140016000000,1933
5180923000000,2000
4140016120000,1965
3740007000000,1933
4640022020000,1982
2040058000000,1933
2080901840000,2000
2540250400000,1933
2540002020000,1933
1040019110000,1933
4440119010000,1933
1340032010000,1999
5240030000000,1933
1740020340000,1933
0940050750000,2014
5440095110000,1996
1350005000000,1967
3440003090000,1997
2880903050000,2000
5140012030000,1933
2080988000000,2000
4340022030000,1933
5480954000000,1999
0380901240000,2000
0580945000000,2000
2930046000000,1921
1040016500000,1999
2540011070000,1933
1680918000000,1999
5440031020000,1980
5040007520000,2000
2840022010000,1933
5340035160000,1972
1980968000000,1998
2040045060000,2007
2340009030000,2020
5580987000000,2000
2740012080000,1933
2740017010000,1933
4140004240000,1997
1780984000000,1999
1840010000000,1933
4440006000000,1933
5440020000000,1933
5440034060000,2000
3140045220000,1986
2880901600000,2000
0640064320000,1988
4150019000000,1967
4340030030000,1933
5440025100000,1933
0240045250000,2000
3440019160000,1933
2240003210000,1983
2740062310000,1981
0140092100000,1933
1040021660000,2000
1840019010000,1933
5440011030000,1933
2440016680000,2000
4440023050000,1933
2880971000000,1999
3140075000000,1933
5060807000000,1989
49201190000NB,1921
2840044260000,1993
0640064410000,1990
1240028210000,2000
0240007060000,1933
1340054060000,1962
2040005040000,1933
2540004010000,1933
2540019310000,1945
4280905000000,1998
0280980000000,1999
2440083440000,1996
3140075030000,1933
4150005000000,1967
5040007100000,1944
1040060510000,1981
4340009080000,1933
25202500000NB,1921
3940092100000,1933
2040027000000,1933
5040052060000,1933
0340005090000,2000
5550016000000,1967
2340110830000,2000
2040064060000,1991
4140013000000,1933
3240022010000,1933
4140019330000,1972
1740004060000,1933
5440003070000,1973
5440009080000,1933
0140030000000,1933
5480948000000,1999
0640054000000,1933
3240025030000,1933
3440041150000,1978
3140078000000,1933
3120119001000,1972
4140003520000,1980
5040075470000,1995
2340005020000,1933
2340701320000,1980
4240151040000,1995
5540054020000,1967
0640001150000,1980
1140017040000,1933
2440102120000,1972
0640064430000,1990
0640101010000,1998
1980902230000,2000
1330039000000,1932
1450003000000,1967
2040013180000,1941
5530070000000,1962
1640010060000,1933
2350025000000,1967
5480980000000,2000
5540006130000,1996
5350003000000,1967
0640013010000,1933
2340003580000,2000
0180922000000,2001
3480926000000,2000
3640025010000,1998
2740025060000,2000
3440044010000,1933
4140002070000,1933
0640060630000,1962
1740055030000,1982
0740002030000,1933
4840032010000,1933
5540052150000,1989
5580901040000,2000
2040081140000,1996
2040160320000,2000
5230180000000,1977
4180903310000,2000
2240003680000,1999
4140019050000,1933
3740004010000,1933
0640042080000,1990
0640048000000,1933
2630086000000,1957
4440024030000,1933
2840032000000,1933
0640060940000,1981
2040079180000,1996
0740008040000,1933
2040013080000,1933
1640048010000,2026
1840021290000,1933
2540250690000,1972
4040010050000,1999
2340110320000,1998
3430129000000,1966
3640005050000,1933
4580910000000,1999
1130047000000,1921
2020060000300,1971
1740008040000,1933
1940036010000,1933
1340005020000,1933
2540033090000,1933
4340019030000,1933
1740052020000,1933
5340035170000,1933
2040060380000,1970
0740012010000,1933
0640026030000,1933
2440016320000,2000
0240011530000,2000
2940008050000,1998
1840022080000,1933
4080957000000,2000
1780902010000,2000
2140042000000,1933
4140016470000,1982
2480901050000,1999
1040060300000,1952
3140007150000,1962
5540010780000,1996
2880902190000,2000
3140857150000,2000
4140041230000,1980
2540070000000,1933
1240028280000,2000
0540018060000,2000
4140038000000,1933
2440017070000,1989
3940020010000,1933
5140003060000,1933
2340010270000,1983
4150103000000,1967
1040015010000,1933
2980943000000,2000
3040052350000,1977
3980901160000,2000
4440029020000,1933
5540002000000,1933
1980902260000,2000
2340005500000,1990
0280903370000,2000
3980951000000,2000
2640035140000,1993
3940026510000,1933
0840002020000,1933
2840007130000,2000
1050090000000,1967
4240029000000,1933
3940026430000,1933
3940028010000,1933
1340060750000,1997
2240007010000,1933
3240013080000,1997
2380906000000,1999
3850011000000,1965
4240219280000,1991
4040062270000,2000
5540006030000,1933
3140069200000,1995
4140014000000,1933
1040019890000,2022
1940009240000,1980
2350092000000,1967
2440006000000,1933
4640008020000,1995
5240089020000,1997
2740002250000,1998
0240001130000,2005
4440011090000,1933
2040057050000,1933
1140035040000,1933
2980968000000,2000
5540085280000,1997
5580929000000,1999
4940030170000,1933
2740064030000,1933
4740015030000,1933
1050066000000,1967
2380945000000,2000
4340007060000,1933
5540001040000,1983
1980901770000,1999
4180902860000,2000
0640066020000,2004
2740035060000,1933
1480959000000,2000
4550023000000,1967
1050028000000,1967
1340015130000,1968
3940025000000,1933
4940016080000,1933
0240001070000,1995
4740039030000,1933
2630002000000,226
4640050030000,1933
1980982000000,1998
4180901460000,2000
2340701510000,1981
5550125000000,1967
4050009000000,1967
1140003010000,1933
5240011000000,1933
2040073350000,1999
5140020310000,1981
2250059000000,1967
4140014040000,1933
4540003600000,2002
0640016000000,1933
3840028140000,1933
0340079050000,1965
5040052760000,1984
0640001080000,1933
2840104020000,1979
3940026570000,1933
1340064000000,1933
2040009160000,1997
2440002040000,1998
4140015070000,1947
0640010370000,2000
4740038000000,1952
1040060170000,1933
2340700040000,1980
3940074050000,1933
0440021020000,1933
4040060300000,1996
2450078000000,1967
2340012150000,1998
4440036190000,1933
2040072050000,2000
0740002070000,1933
0740011050000,1933
2240024000000,1933
5040007200000,1989
0280901470000,1999
2140022010000,1933
1980902650000,2000
1980909000000,1998
2480916000000,1998
5540014020000,1996
1140019000000,1933
2040021370000,1984
2680917000000,1999
3640021040000,1933
1240220140000,1999
3440034050000,1998
5240019040000,1933
2240003650000,1999
2480901990000,2000
4140041030000,1933
0840040040000,1984
0640035000000,1933
2340018000000,1998
1740119130000,1995
2840020470000,1991
2840027140000,2000
1740020880000,2000
0640064060000,1987
4180938000000,1999
3140007680000,2004
1380904000000,1998
2250012000000,1967
2740062040000,1933
1480950000000,2000
2340010250000,1981
2480990000000,1999
3340009110000,1933
3040052700000,1991
5540014030000,1996
5540971030000,1979
2540072090000,1984
2640084010000,1952
2340010500000,1988
1040023040000,1933
3040052400000,1980
3140007110000,1933
4640005020000,1933
4680934000000,2000
2240036030000,1993
3340038320000,1997
2540006050000,1933
2040040100000,1933
4080911000000,1999
3540031000000,1933
1740031080000,1933
2140017030000,1933
4640028100000,1933
5380905000000,1999
2040060180000,1933
2740050010000,1933
4840013100000,1989
1040160110000,1998
0340085280000,1995
2080946000000,1999
3140029040000,1933
2340110350000,1998
3480934000000,2000
1980903000000,1998
3380925000000,1999
2880902910000,2000
2740087010000,1996
4140018270000,1984
0850028000000,1967
0540003090000,1999
4040013070000,1933
2340044130000,1988
5040002050000,1951
3230081000000,1927
3340008060000,1933
1840011030000,1933
5550026000000,1967
2580902060000,2000
5040075270000,1988
5040007060000,1947
4040010010000,1933
0380901100000,2000
3140119110000,1933
1640055220000,2009
0840017010000,1933
2580971000000,1999
4560834000000,1978
2040060740000,1979
0840005030000,1992
2540015130000,1944
2080958000000,1999
5440021030000,1960
2040021000000,1969
2440007140000,1984
1040041310000,1978
3940073110000,2010
3980934000000,1999
2640007000000,1933
5040022050000,1998
4140018220000,1980
1140042030000,1933
3240019030000,1954
4140024000000,1933
5440042010000,1933
3150035000000,1967
3140047000000,1933
5040032010000,1933
1940340090000,1950
5540004010000,1933
1740024700000,2023
2840027030000,1933
4740001170000,1990
0240008010000,1933
1740019210000,1933
2480902610000,2000
4740006050000,1933
0140057120000,1933
2040119930000,1999
2060804000000,1994
1440053000000,1991
0140040020000,1933
2340003380000,1998
4140019170000,1933
1040021360000,1997
3040008080000,1990
2340016660000,1992
4440022000000,1933
5540010250000,1974
3840219520000,1999
4180980000000,1999
4140001450000,1998
2280936000000,2000
0640060400000,2015
2040025530000,1998
2140018000000,1933
0440004380000,2000
0240027010000,2000
2040063022100,1933
3140857060000,1992
3180982000000,1999
4140004230000,1995
10100770016NB,1998
0280902170000,2000
3940092070000,1933
0240028050000,1933
31100790000NB,1966
2340007020000,1933
3040052290000,1961
3040065530000,1990
2580901570000,2000
5450002000000,1967
3150020000000,1967
4540044100000,1933
4640046060000,1933
5240003010000,1933
0640064470000,1990
3140073080000,1933
4140116070000,1999
1040021680000,2000
0640007030000,1989
4440005070000,1933
1540008120000,1998
1880969000000,2000
2140054000000,1933
2240010410000,1995
2340003280000,1990
2540250890000,1998
5040022020000,1988
3650015000000,1967
0350008000000,1967
1780901290000,1999
3940003100000,1933
4150153000000,1967
5040007160000,1979
4740032320000,2002
4740019030000,1933
3040052900000,1991
4240219390000,1990
3980901090000,2000
0640031040000,1933
3980998000000,2000
4440020030000,1933
3340010010000,1933
4280906000000,1998
1060808000000,1978
1840062040000,1933
2140030150000,1933
0240012070000,1975
2880903420000,2000
11200330000EB,1963
3040006020000,1933
4240219160000,1933
3940051000000,1933
2840019180000,1966
3240219090000,1933
2540006010000,1933
4340047212100,1990
1040009250000,1998
2040006090000,1981
2880966000000,1999
4140019290000,1948
4140064070000,1994
1040060330000,1944
4080961000000,2001
5440050440000,2003
5540003010000,1984
0850059000000,1967
2980937000000,1999
0140250260000,2000
2440016640000,2000
5240056020000,1933
0640160120000,1999
1140030030000,1933
4140103280000,2000
4150112000000,1967
4840011020000,1933
2540250030000,1933
5440002270000,1998
5040037480000,1995
3860817000000,1993
4640250150000,1997
3140053000000,1933
4240005110000,1933
4940032040000,1933
4940033100000,1986
4840040000000,1933
5540971040000,1979
2350048000000,1967
0380949000000,1999
1350015000000,1967
1140023010000,1933
0940036000000,1933
3240219220000,1933
1040060680000,1980
2540019380000,1945
4340050520000,1997
5440014310000,1998
0240045300000,2000
3640005060000,1933
1740119060000,1995
3940026020000,1933
4680913000000,2000
3440001090000,1933
5140030020000,1933
4840055020000,1933
1740073120000,2008
2240003280000,1992
0240011580000,2003
0140003050000,1933
1040016060000,1958
0640002040000,2014
2080901130000,2000
4440005260000,1945
1940001010000,1933
2250056000000,1967
3140019020000,1933
2440102560000,1972
4440033020000,2000
0580956000000,2000
1780938000000,1998
2140019330000,1982
2240001020000,1963
1840030070000,1933
0280901670000,2000
1750003000000,1967
0580917000000,1999
4180903410000,2000
1340040020000,1953
2740049090000,1933
2740062160000,1933
2540073740000,2011
4440003020000,1933
1880967000000,2000
2340119720000,1990
1840013020000,1933
5540971240000,2000
0640064010000,1933
4140009260000,1992
1040060740000,1993
0340018020000,1933
2450059000000,1967
2250009000000,1967
1140035050000,1933
3940053060000,1933
0580980000000,2000
2240007120000,2000
0650014000000,1967
4040035070000,1933
4480928000000,2000
2140001000000,1933
4940020340000,1978
2740058010000,1933
1040060730000,1993
3140048010000,1933
4640020000000,1933
2740010020000,1933
0940048020000,1933
1040039010000,1985
2040025360000,1981
2040033090000,1990
2640088190000,1964
5440050010000,1933
3940007010000,1933
2040061200000,1999
4140003720000,1984
4140116280000,1999
1140009060000,1933
5040017040000,1933
5040023000000,1933
1040019560000,1984
2340016320000,1989
2440005020000,1933
0340085360000,1996
4540026020000,1933
3150061000000,1967
0240005140000,2000
4540027060000,2002
0840036070000,1995
2540014000000,1933
3850014000000,1967
2440102720000,1972
2250017000000,1967
1040060090000,1933
0640060580000,1968
0540003220000,1999
2340016430000,1991
3440014010000,1933
4140054300000,2000
1050171000000,1967
0580951000000,2000
1740050810000,1999
0940005070000,1933
1980902660000,2000
4150134000000,1967
1840002290000,2000
3040049200000,1984
5440001050000,1987
1940001070000,1933
0140009050000,1933
1040016460000,1997
3040003050000,1933
2440052860000,2000
0580905000000,1999
1740050400000,1983
2840290030000,1974
5140020160000,1933
2340011070000,1990
2640088270000,1995
0950010000000,1967
2740028000000,1933
2040005320000,1980
1740021060000,1951
1040038070000,1996
5580901510000,2000
5540971140000,1996
1480938000000,2000
2040025520000,1995
4240019240000,1967
1340034010000,1933
2880946000000,1999
2040622020000,1978
2440052480000,1996
0680920000000,1999
1980901660000,1999
5440050710000,2006
2840019290000,1975
5040005010000,1933
4140044010000,1933
3040052460000,1983
3740007020000,1933
1880953000000,2000
2340016690000,1992
5480990000000,2000
1740036050000,2019
4150165000000,1967
2540064540000,2005
4140016650000,1994
3940092220000,2001
3940004050000,1984
2550002000000,1967
2040219010000,2000
3940052020000,1933
2040023010000,1933
3580924000000,2000
5440050170000,1933
2980941000000,2000
2080901070000,2000
2040032010000,1933
2680918000000,1999
2350053000000,1967
2440016330000,2000
0380901690000,2000
4140119090000,1996
2880902550000,2000
3140088000000,1933
0640023050000,1996
3040065670000,1996
4240219100000,1933
4440029120000,1933
3940003120000,1933
2040061110000,1986
4140119480000,2000
1380915000000,1999
0840024000000,1933
1640020010000,1980
2080963000000,1999
2580934000000,1999
5040025030000,2000
4180901630000,2000
4140016850000,1999
0640016010000,1933
2340003500000,2000
1040025230000,1997
5550091000000,1967
2540250260000,1933
5540010340000,1980
1740033030000,1933
2740002220000,1996
5580918000000,1998
4380914000000,2000
5440021200000,1933
4440026080000,1997
5450052000000,1967
1080927000000,1999
0240030080000,2000
4150159000000,1967
5140015010000,1933
3640018020000,1933
0340017180000,2000
4180902020000,2000
5440007140000,1933
2440083300000,1980
4440034040000,1933
5240018030000,1964
1840008060000,1978
3940092280000,1979
0640060030000,1933
0640033010000,1998
1580912000000,1999
3140007640000,1998
2340110230000,1997
5480908000000,1998
1340015210000,1999
0440004250000,1980
1440003030000,1933
3440039170000,1948
5080919000000,2000
2360803000000,1979
0640029070000,1995
2440015070000,1933
0440004510000,2000
0940034000000,1933
0140119280000,1998
3840029020000,1933
0280903270000,2000
3940106000000,1933
2440008020000,1986
1750083000000,1967
1840008020000,1933
5550107000000,1967
2540064280000,1996
2040061010000,1933
2040003150000,1992
2240070000000,1933
1040044050000,1933
1840007030000,1933
1640005030000,1996
3140007340000,1981
5030075000000,1930
4540033010000,1933
13200600000EB,1921
2840010320000,2000
2350069000000,1967
4140119020000,1995
3840031080000,1933
1640259080000,1979
4340028080000,1933
5450023000000,1967
0640060750000,1970
2040049020000,1933
3120019000500,1933
21100790000NB,1974
1840022050000,1933
0640007010000,1969
0280901710000,2000
3940056080000,1992
4080908000000,1999
4140016450000,1981
5140004000000,1933
2280930000000,2000
1440023120000,1998
0840005010000,1933
5440044010000,1933
1440045140000,1933
3440094090000,1999
5540010500000,1984
2840120020000,1983
2040056000000,1933
4240219740000,2000
4340050020000,1933
3150032000000,1967
5540010350000,1980
3940024020000,1933
0940006010000,1933
3140046010000,1933
2440007090000,1980
2150016000000,1967
4680947000000,2000
4140009100000,1933
3850016000000,1968
5540009080000,1961
4540044070000,1933
4640003160000,1982
0940015090000,1933
2180909000000,1999
2840015100000,1997
0840004020000,1933
1740013030000,1933
2340009310000,1991
0140077070000,1943
1040061060000,1933
1740005120000,1933
2580901750000,2000
0640031060000,1933
2340016260000,1988
0340003430000,1999
5240011020000,1933
5240074000000,1933
2240010260000,1990
4140048080000,2000
0740035360000,2009
0280957000000,1999
3930067000000,1949
4140016430000,1981
2340005750000,1998
4140019510000,1980
0850054000000,1967
2540009000000,1933
3980957000000,2000
5450012000000,1967
3040252100000,1998
3140025100000,1933
1740028020000,1933
2780903000000,1999
4140016710000,1996
2340003250000,1990
2540008010000,1933
3740003030000,1933
2340119380000,1980
4540003370000,1978
3440020340000,1989
2180931000000,2000
2840016100000,1972
3240003110000,1933
0640025260000,1995
2480995000000,1999
2540064380000,1998
2580989000000,1999
5040007280000,1990
5050011000000,1967
1040019010000,1933
08100790000NB,1968
3840028270000,2000
5380933000000,2000
1540001010000,1966
5540002040000,1996
3440024100000,1950
2040005270000,1979
2340219040000,1998
2540044150000,2000
4440013080000,1933
2040021340000,1980
2440016280000,2000
0580912000000,1999
1640020030000,2016
1780953000000,1999
0940011010000,1965
1140050020000,1933
4140009160000,1982
5040252010000,1996
3340026010000,1933
1840006000000,1933
4340022010000,1933
5040007270000,1991
1740050660000,1994
2140010000000,1933
4140017050000,1933
1140019090000,1933
4340031240000,2000
0640064460000,1990
4180902560000,2000
2740029220000,2002
3040252390000,1999
3030044000000,2012
1030085000000,1921
4240062020000,1933
0140020030000,1933
0640160210000,2000
0950011000000,1967
1040021240000,1973
3040003150000,1992
3740032000000,1933
4240064010000,1933
2040501040000,1996
2250004000000,1967
3180991000000,2000
4440013250000,1988
2650001000000,1967
0440013060000,1933
4940005220000,1933
0540027170000,1998
2340009510000,1996
4140034010000,1933
4440058030000,1998
1740048020000,1933
4640054000000,1933
5580971000000,1999
2040083000000,1933
2540064220000,1995
1540045000000,1948
1780901450000,2000
0240001100000,2000
2040009100000,1979
2080959000000,1999
1040008070000,1961
3240003190000,1944
1740024540000,1999
3040009200000,1990
0340079010000,1933
5440019020000,1933
5440019060000,1933
4540004020000,1933
2140026050000,1933
4140007030000,1975
5140015050000,1933
2540020060000,1998
1740002020000,1933
0640031080000,1974
2440052460000,1996
1280930000000,2000
0440003010000,1933
2740017000000,1933
0740005110000,1998
4140006070000,1972
1040023170000,1979
4240219480000,1998
2040040090000,1933
5040052660000,1980
0140040050000,1933
0440040060000,1933
2040079340000,1999
4040035290000,2009
1040024000000,1955
2080925000000,1998
1540008090000,1992
2040021430000,1999
5480901240000,2000
0440001030000,1933
0440001070000,1979
4660803000000,1980
3240003050000,1933
0640035220000,1996
3140006020000,1933
5540005020000,1933
0340003530000,2000
5240058000000,1933
0440024120000,1933
1980902430000,2000
2440016690000,2011
4840007110000,1949
3840028260000,1967
5440021370000,1949
4440062060000,1933
4940010130000,1933
4140003640000,1981
0840007090000,1997
3040007050000,1933
5540016120000,1951
0640034020000,1933
5040019130000,2000
4640119480000,1995
0950004000000,1967
3940092200000,1933
4640044050000,1933
2040060020000,1933
3140070000000,1933
4140019010000,1933
1240028300000,2003
2480988000000,1999
4440013130000,1933
3580916000000,1999
4930020000000,1921
2340702100000,1981
2540015080000,1933
4550007000000,1967
5480956000000,1999
5540009140000,1984
2180925000000,2000
1740022030000,1933
1050069000000,1967
2540021060000,1986
2740001020000,1933
4540018010000,1933
3940021000000,1933
4940042050000,1933
1040016010000,2022
4240033110000,1985
2450034000000,1967
0240007150000,1933
3140072030000,1933
4950004000000,1967
0140007070000,1933
1040017050000,1978
2540060000000,1933
2540082040000,1933
3940060060000,1933
1580904000000,1998
1040019550000,1959
2350084000000,1967
1840042020000,1933
4180902620000,2000
1140019130000,1933
1080969000000,2000
4940007000000,1933
2340701500000,1981
3140045040000,1933
1340017040000,1933
2140010010000,1933
2140044010000,1933
5340003082100,1980
2940009030000,1933
4940010100000,1933
2340009110000,1988
1340060890000,2000
2440103200000,2000
1020060000100,1951
3040119010000,1958
1780901830000,2000
1340219360000,1978
2040011030000,1933
5040152080000,1988
2480901760000,2000
0640002320000,1998
0350026000000,1967
5440003180000,1933
5440016050000,1933
1780901440000,2000
2840112040000,1998
3380940000000,2000
0630193000000,2005
1740279020000,2024
3040009210000,1993
5440023010000,1933
3460083000000,1966
1340039030000,1933
0440015110000,2002
5040003180000,2002
2340010620000,1989
2540025100000,1997
5040007540000,2000
5040052790000,1987
1780909000000,1998
3840250030000,1933
0660801000000,1999
5140020460000,2000
1340219230000,1979
5540052090000,1983
4240003030000,1933
0280993000000,1999
1640014000000,1933
2580938000000,1999
4440005180000,1933
1440050250000,1933
0140036010000,1978
0440040020000,1933
1240004030000,1933
2040061280000,1999
1340219640000,1998
2540002000000,1933
3640028210000,1998
2840020890000,2001
2840024110000,1998
3950023000000,1967
2980907000000,1998
2240010090000,1933
1840017020000,1933
0240001050000,1933
2840020060000,1959
0940062020000,1933
3840031110000,2009
0540007060000,1947
1080959000000,2000
1140001010000,1991
2840019020000,1933
4140015100000,1981
1740021030000,1933
2540013030000,1933
1540003040000,1933
02100810000NB,1958
2440017190000,2000
3640013020000,1933
5440047100000,1933
1080925000000,1999
1780901610000,2000
0740016420000,2000
2440083520000,2014
2840020270000,1979
5340014020000,1933
0480904000000,1999
2040063030000,1933
2040064120000,1996
3440018030000,1933
2340119620000,1989
4240060000000,1933
2040119350000,1963
1340018000000,1933
4180902460000,2000
2740062420000,1995
1040017020000,1933
2340701930000,1981
3840031010000,1933
1940009400000,1999
4640009010000,1933
2340010560000,1989
3240024160000,1992
0840016170000,1988
2040219240000,2000
5040037300000,1970
2340080060000,1996
3540025000000,1933
0350013000000,1967
2040060920000,1980
4140016570000,1987
1540009160000,1998
4440042020000,1933
4540014070000,1933
4640018000000,1933
2740026040000,1933
1340060400000,1975
0840009000000,1933
5380925000000,1999
2640017030000,1933
4540007020000,1933
2880902980000,2000
3240004020000,1933
1040016140000,1978
1040022030000,1933
1040025030000,1933
1040061550000,1979
5550025000000,1967
4150058000000,1967
1330150000000,1978
5540085190000,1997
0340028030000,1999
0440019650000,2000
1440029010000,1933
2440016260000,2000
5340035060000,1933
4240011010000,1952
2240013010000,1933
1740036000000,1933
5240066010000,1933
0940011070000,1933
4180971000000,1999
2880902800000,2000
0640025010000,1933
3240025050000,1933
5550080000000,1967
2580901160000,2000
4540028030000,1933
4740072140000,2000
4940004030000,1933
1040038160000,1997
5550022000000,1967
5040022040000,1933
0340011000000,1933
5180902000000,1998
0140007090000,1998
1840019000000,1933
0280903040000,2000
5540010300000,1979
2840023050000,1996
4180902540000,2000
0640017000000,1933
0140011250000,2000
2080902060000,2000
0380930000000,1999
4680904000000,1999
0440030030000,1933
2880910000000,1999
2480901960000,2000
2440052820000,2000
1840015080000,1933
2980961000000,2000
2040622110000,1978
39202190000NB,1921
1930048000000,1921
3480914000000,1999
5440046040000,1933
4640050200000,1933
0630303000000,1978
1040016510000,2021
2880904000000,1998
5580901700000,2000
5480901330000,2000
5240007110000,1933
4940020190000,1933
1380929000000,2000
2240013070000,1998
5040003080000,1986
3240024050000,1933
5440009240000,1933
4840030010000,1933
0280902060000,2000
2040047100000,1979
3080910000000,1998
5040022030000,1933
1740050260000,1980
2860802000000,1991
2480901420000,2000
2480902660000,2000
4150027000000,1967
5340014110000,2000
1980902290000,2000
2740005280000,1933
3440043020000,1975
0840014020000,1933
0940050410000,1981
1050072000000,1967
3940050100000,1933
1040018200000,1997
3540013000000,1933
5540001110000,1983
1340020420000,1999
3940026750000,1971
1440003110000,1980
2040060150000,1933
2040052110000,2005
0140011150000,1933
5050043000000,1976
4640119420000,1980
0440022110000,1933
2040003020000,1933
0140011300000,2000
5540016390000,1998
2040021020000,1933
2040061310000,1999
2740007000000,1933
4730093000000,1963
1040061690000,1994
2840025020000,1933
2880901300000,1999
0740010030000,1933
0840016150000,1980
0640064970000,1997
3130056000000,1929
5180906000000,1999
3140073070000,1933
2640086130000,2004
2340005210000,1984
1040009060000,1951
2150012000000,1974
0240022000000,1933
0240005120000,2000
4560824000300,1978
5420021000000,1933
2440052370000,1995
1350012000000,1967
3840219070000,1962
3940027000000,1933
2140033170000,1979
0640060930000,1981
1440007000000,1933
0740007030000,1933
3180901300000,2000
2040021410000,2002
2480949000000,1999
0440019720000,2000
2640250300000,1949
1940051010000,1933
3940023000000,1933
2040060480000,1972
2240008000000,1933
0340026060000,1999
0540005040000,1999
5050018000000,1967
2040003220000,1999
3340009060000,1933
1040021550000,1999
3860014000000,1982
2640086040000,1981
1740119360000,2000
3180985000000,2000
4840020020000,1933
4340007090000,1933
0280902140000,2000
2140019110000,1933
0440013160000,2000
0740016160000,1933
1040060790000,1994
1840028000000,1933
3840012000000,1933
4640009080000,1933
2040009180000,1999
2340010140000,1945
3340009340000,1994
1040023270000,2000
1940031030000,2000
4540003430000,1988
5440047410000,2001
1040025050000,1974
1040041320000,1944
1280918000000,1999
2840071050000,1933
0440040170000,1933
2040061590000,2000
1340060660000,1996
2340005760000,1998
4140027090000,1933
5540016010000,1933
2440083330000,1984
2250024000000,1967
3140119020000,1933
2040081100000,1933
1040018250000,1997
5440047020000,1964
1440010010000,1933
3380926000000,1999
0840003010000,1933
5550055000000,1967
2640034080000,1949
2040060420000,1970
4180927000000,1999
2880903510000,2000
3740010020000,1933
2640004000000,1933
2940028270000,2001
2380911000000,1999
2340017200000,1999
0480910000000,2000
4140119300000,1998
0550014000000,1967
3740002030000,1958
5550174000000,1967
5240004020000,1933
4140012160000,1980
4140016090000,1964
2480973000000,1999
0280901380000,1999
0640029010000,1933
0640064450000,1990
0440005070000,1933
3180901420000,2000
0640026110000,1989
2540019290000,1948
3040065320000,1978
3140011010000,1933
3840039260000,2000
4740011030000,1933
2380922000000,1999
3940080040000,1933
3140037080000,1933
1940009270000,1980
4630310000000,1981
2980919000000,1998
5140020330000,1981
0640011070000,1995
4040034080000,1969
4680906000000,1999
4740001010000,1933
5240062000000,1933
4180902640000,2000
4140014010000,1933
1040005050000,1988
2480902120000,2000
2840006000000,1933
0540001080000,1974
0440019110000,1936
0280901300000,1999
2340110390000,1998
2880902640000,2000
3240219050000,1933
4740072230000,2000
1840012040000,1933
2340700120000,1980
3640220370000,2000
5050047000000,1978
4560845000000,1978
0740005040000,1933
4940119020000,1955
2340009410000,1992
4140027050000,1933
4740017120000,1996
5040007440000,1997
2340119170000,1985
4440050000000,1933
3840219170000,1977
3940021080000,1933
2740013040000,1933
3440076010000,1965
5140020130000,1933
5140040000000,1933
1840002190000,1983
5440021170000,1933
4540007100000,1933
1840056010000,1969
2830082000000,1929
4740006010000,1991
1980901300000,1998
2240013030000,1933
2840006050000,1997
3340522020000,1975
4220038000000,1955
4440007080000,1933
0140250290000,2000
2240003510000,1999
4340016090000,1933
0440019260000,1969
5040020010000,1933
0140030170000,1980
1030020000000,1942
1080946000000,2000
2040069050000,1933
2740027100000,1933
3180977000000,1999
0850031000000,1967
1840021170000,1970
3740050040000,1933
2080901010000,2000
3980969000000,2000
1550002000000,1967
1780901470000,2000
4940033110000,1991
1040060070000,1952
3980904000000,1998
4450013000000,1967
3140008010000,1933
0140026000000,1933
4540011020000,1933
5540006110000,1989
2140038040000,1995
2840082010000,1933
0740016030000,1933
5080929000000,2000
4740043130000,1933
1050087000000,1967
2340110790000,2000
3540039030000,1933
3440043010000,1975
2880902160000,2000
3950034000000,1967
2680930000000,2000
2140054020000,1933
3440020040000,1999
3440020120000,1954
4940016100000,1933
0440007080000,1933
0640026170000,1999
0850066000000,1967
5540016060000,1933
0380946000000,1999
1840062050000,1933
4140001090000,1933
0140007060000,1933
1840032070000,1933
0140046000000,1933
1140035170000,1933
1040014330000,1997
1780901680000,2000
3940028030000,1933
1340037120000,2000
3150074000000,1967
2340003610000,2002
2280943000000,2000
1750031000000,1967
1740048040000,1933
2860804000000,1991
0640064590000,1990
2840020080000,1972
0640019040000,1958
2440016430000,2000
1850005000000,1967
3640220380000,2000
1630259000000,1929
2640088020000,1933
2640250920000,1998
3140049000000,1933
2440007030000,1933
2750015000000,1967
1040015220000,1997
0840044000000,1933
3840017050000,1933
0280901460000,1999
0640031160000,1997
3540018020000,1984
4840013040000,1933
4040034190000,1933
5440047340000,1998
1340012000000,1933
1340025060000,1957
4640030000000,1933
4140019580000,1980
1040016150000,1978
1040025170000,1997
5580986000000,2000
2540084060000,1933
3540015010000,1933
1080913000000,1998
1780901190000,1999
4540027040000,1998
1740019320000,1933
4840066000000,1933
2340119580000,1988
2880903040000,2000
4140003710000,1983
3240219060000,1933
2740031050000,2026
0140077010000,1933
2340702370000,1992
5540016100000,1981
0280904000000,1998
1540002120000,1945
5250001000000,1967
1840032100000,1933
3740007030000,1933
1740008110000,1995
0540002160000,1991
2880901760000,2000
2480902380000,2000
4140054190000,1999
4040035170000,1979
1040019710000,1998
3440129040000,1997
2140019040000,1933
4180902310000,2000
4140001320000,1982
3850010000000,1967
5440021040000,1960
3140045250000,1995
3640021030000,1933
4480914000000,2000
1380928000000,2000
4440010000000,1933
5040019000000,1933
1730131000000,1995
3940007360000,1975
3940024110000,1933
0940003040000,1933
0940005040000,1933
2240119050000,1987
4140018150000,1980
1040061930000,1998
2580957000000,1999
2440052600000,1998
0580975000000,2000
2880901520000,2000
2040005390000,1997
2880902520000,2000
3180901140000,2000
2840011200000,1998
4240219870000,2012
4040033110000,1996
0340119180000,1944
2880901390000,2000
3940003060000,1933
5340009050000,1933
0240025030000,2000
1980987000000,1998
3040049010000,1933
3930046000000,1972
2040061510000,2000
2040068020000,1933
2240048010000,1933
3180901350000,2000
2440635010000,1977
4140009310000,2019
4440015020000,1933
4180901760000,2000
3040049230000,1989
3040052240000,1960
4240037100000,1995
2040019130000,1982
1780901920000,2000
4340016370000,2003
2340010470000,1984
2840007060000,1991
2540031110000,1933
2040119240000,1933
2880901740000,2000
4140008000000,1933
4840055010000,1933
5540018020000,1933
2040219040000,2000
0640060100000,1933
0540005060000,1999
2340110310000,1998
0380901110000,2000
2980915000000,1998
2780904000000,1999
3240004000000,1933
2480902460000,2000
0450019000000,1967
4040035250000,1999
2140056000000,1933
5040152240000,1996
2480957000000,1999
4140054100000,1983
2540024030000,1933
1880908000000,1998
5340008010000,1933
0440004060000,1933
2740005230000,1933
2740028040000,1933
3240031000000,1933
3340008020000,1933
0850051000000,1967
0280902030000,2000
1640011030000,1933
1680929000000,2000
2540218020000,1979
0640160270000,2000
4180902530000,2000
2040008070000,1959
1440016000000,1921
2040025310000,1979
5040052080000,1933
2040073180000,1981
3140081000000,1933
4940009050000,1933
0850025000000,1967
0280901640000,2000
5440026000000,1933
3140031000000,1933
1340020200000,1968
2140019490000,1997
3180901370000,2000
4140044020000,1933
4340024030000,1933
1880955000000,2000
2340044170000,1988
1050036000000,1967
2040061430000,2000
3140037040000,1933
5440038100000,1933
1880923000000,1999
3640004000000,1933
2540019820000,1998
1640002010000,1933
3980901070000,2000
2040021200000,1933
1940009380000,1998
2140014020000,1933
4940035080000,1933
1040003040000,1933
1740023290000,1995
1040023330000,2000
2340116140000,1999
4640119360000,1943
2940042040000,1933
2340003600000,2000
4760824000000,1980
1740003160000,2001
5040007300000,1990
1940340070000,1949
3540007050000,1933
2140019200000,1933
4740006030000,1994
5240007070000,1933
4940012000000,1933
2340003190000,1979
0350025000000,1967
0740007070000,2001
5040075070000,1965
4140019830000,1981
1440045190000,1973
1480952000000,2000
4540007200000,1997
2880901000000,1998
2480901260000,1999
2340119550000,1985
0940010020000,1933
2030014000900,1971
1040060820000,1994
1840013040000,1933
1480916000000,1998
1580919000000,2000
2640008010000,1933
1840040110000,1933
06100640000EB,1958
1140054000000,1933
2480927000000,1999
1840006060000,1972
5580901410000,2000
0340085130000,1984
2340110020000,1994
3640011000000,1933
2240032030000,1933
4140016620000,1991
0380901150000,2000
2540073100000,1933
0640060500000,1962
2640017060000,1933
5040037020000,1933
5040060140000,1974
2340110480000,1999
1340056000000,1933
3940026280000,1933
2040053010000,1933
2740016110000,1999
2740024000000,1933
4180901830000,2000
5150023000000,1967
2080901100000,2000
0440019280000,1974
1540008050000,1991
2040033020000,1933
4540005000000,1933
2850031000000,1967
3180901410000,2000
2540310030000,1998
2340017050000,1984
1380917000000,1999
2440008010000,1933
1140003000000,1933
3940004040000,1933
0240019100000,2000
2540020020000,1933
06200600000EB,1921
2840019280000,1972
1040016550000,2023
3840001110000,1933
3980953000000,2000
4340031200000,1999
3140007160000,1933
3840039020000,1933
0440032000000,1933
2740015130000,2000
1340044050000,1933
1340092080000,2000
3650019000000,1967
5240007050000,1933
2740013080000,1980
2740033190000,1975
0640023010000,1933
3340008010000,1933
2540064370000,1998
4040020000000,1933
2140013030000,1933
3880905000000,1998
3140068050000,1984
0850006000000,1967
0340085310000,1995
1040018170000,1997
2340110600000,1999
1740050190000,1933
0740016200000,1933
1380901000000,1998
0940056000000,1933
3540041070000,1970
0350010000000,1967
0940012010000,1933
2240054030000,2013
2880902220000,2000
4940046000000,1933
0540027470000,2000
1040023240000,1998
2580901500000,2000
5040012040000,1981
0380959000000,1999
2540019360000,1945
3840017040000,1933
0640042140000,1996
0180911000000,2000
2340058050000,1988
3650018000000,1967
2830102000000,1933
3840250270000,1999
4640119310000,1933
4940010190000,1995
1040018300000,2004
1380930000000,2000
0140001010000,1933
0840048000000,1933
3740016080000,1991
5550072000000,1967
3940078020000,1933
4040060160000,1949
4080910000000,1999
2740068000000,1933
1040060230000,1933
3040049240000,1989
4240049000000,1933
0340026130000,2000
1740008050000,1933
3940052010000,1933
0140026110000,1933
3640009030000,1933
1180902000000,1999
3440020200000,1965
4180901510000,2000
3180901180000,2000
2580935000000,1999
1540018020000,1933
5040037120000,1933
1040019440000,1980
4140013020000,1933
5080911000000,1999
4140103050000,1996
1540002080000,1933
1740019940000,1995
4140103260000,2000
0440020010000,1933
0240001010000,1933
2340116030000,1996
1780901110000,1999
4640036030000,1933
2040063040000,1972
4140012090000,1933
0940054040000,1933
4230024000000,1921
2080901890000,2000
0540002220000,2000
0380934000000,1999
0940008000000,1933
2540073000000,1977
5040037620000,2000
3540015030000,1976
2450001000000,1967
4240033120000,1995
5580901390000,2000
1440050420000,1999
3140025060000,1933
2440005160000,2000
2140019580000,2000
0740035130000,1933
0940040000000,1933
1740023240000,1995
4440014060000,1933
1040009210000,1997
0280987000000,1999
5440095160000,1998
0380901540000,2000
1040038030000,1978
0580935000000,2000
1780933000000,1998
4680912000000,2000
1140052050000,1933
1240009120000,1994
2240062030000,1988
3140119060000,1933
1740006150000,2000
2340016880000,1993
2440007170000,1994
0580908000000,1999
5240250090000,1982
2040007030000,1972
2240023000000,1933
2940001010000,1933
4140010040000,1987
1740019950000,1995
1040021440000,1997
0840030000000,1933
2040035050000,1933
4440021090000,1933
4140064050000,1992
4280922000000,2000
0140038040000,1933
2340110990000,2000
5480919000000,1999
0340119770000,1996
0440007040000,1933
1540001030000,1966
2680901000000,1998
2450014000000,1967
1340008070000,1997
2850034000000,1967
4640073740000,1997
4880906000000,1999
2580901350000,2000
3940041000000,1933
5440017050000,1933
1440045040000,1933
4550009000000,1967
3140119070000,1933
1740025040000,1933
0140077080000,1943
2340701050000,1980
1880986000000,2000
1780901770000,2000
2040073020000,1933
0540007370000,2000
5540016210000,1990
2350066000000,1967
1080918000000,1999
3440041190000,1975
3250010000000,1967
0280902400000,2000
5540085270000,1997
5580901380000,2000
3930092000000,1930
2440102360000,1972
3140065070000,1995
3380901000000,1998
5040007110000,1985
3060801000000,2013
1840034040000,1933
0640002230000,1980
5480984000000,2000
5540010840000,1996
3350004000000,1967
4340074160000,1998
4180901840000,2000
4140015150000,1991
4140041150000,1949
4150095000000,1967
2340119910000,1995
4040060270000,1981
2840071180000,1980
0240026070000,2000
0640017270000,2004
2440103250000,2000
2340702170000,1982
4240219730000,2000
2040501010000,1980
5040013060000,1933
2340110920000,2000
0680905000000,1998
2040051010000,1933
4640119350000,2002
3040013060000,1996
1040014110000,1946
2440052260000,1982
3540023030000,1933
0240011540000,2001
0240019050000,2000
1980901310000,1998
1440003100000,1980
1750016000000,1967
1740003040000,1933
2540064420000,1998
4440007040000,1933
0240011420000,2000
2340016840000,1993
2340110240000,1998
5480959000000,1999
3940024040000,1933
2740014000000,1933
4940007050000,1973
2480993000000,1999
1040061510000,1978
0440004170000,1933
1980983000000,1998
2040057030000,1933
2040064130000,1996
0640043080000,2005
0280901780000,2000
5040052510000,1999
2140023020000,1933
3440015010000,1933
2240010440000,1997
5040075520000,1997
0140013040000,1933
1940030090000,2000
2240010380000,1995
2740062440000,1997
0940055020000,1933
2540073160000,1980
4440018010000,1933
2440083290000,1980
3150056000000,1967
3040007090000,1996
4040060110000,1949
5030037000000,1921
2440102650000,1972
2840219080000,1933
0240019000000,1933
3440009020000,1933
4180903520000,2001
4150092000000,1967
1040612010000,1996
2540019280000,1948
4330001000000,1922
2540062000000,1933
4440002000000,1933
3480924000000,2000
1240028060000,1933
2940028210000,1982
3380950000000,2000
0950001000000,1967
0140008010000,1933
1040016030000,1972
1580928000000,2000
1040012030000,1978
2440016230000,2000
5540010130000,1933
2850012000000,1967
3940003160000,1933
2740007060000,1933
5240001230000,1933
1840002320000,2006
3180901110000,2000
4140009270000,1993
1040021610000,2000
1140017070000,1933
3640005040000,1933
0340003610000,2000
1780919000000,1998
0740007080000,1933
1520022000100,1948
0840054030000,1933
4440014010000,1933
4660809000000,1980
2880903300000,2000
2740034000000,1933
4140010020000,1933
4740007030000,1933
3040049330000,1994
3040065170000,1979
5550162000000,1968
5540971110000,1992
2040160160000,1999
2140010090000,1933
3940020020000,1933
2040061530000,2000
4180901710000,2000
4180902570000,2000
2340700310000,1981
4340006040000,1933
1640005020000,1933
3150045000000,1967
2840020460000,1990
4580908000000,1999
4640028080000,1933
1240028110000,1984
2240003730000,1999
4040060190000,1949
0240018020000,1933
1340060100000,1933
2880956000000,1999
2740062280000,1973
1740020310000,1982
4240038020000,1969
5550167000000,1967
3940092160000,1933
2640250120000,1933
1240050020000,1933
2140021050000,1933
2840082030000,2009
3940026050000,1933
1350034000000,1967
2480901160000,1999
5540097040000,1984
2580902020000,2000
1540038020000,1997
2040038030000,1933
3040252080000,1998
3140036030000,1933
2440102300000,1972
1980901430000,1998
2940028050000,1933
2250021000000,1967
4140016330000,1979
2340700730000,1980
4440010030000,1933
2040043030000,1933
4040035120000,1948
5040024020000,1933
5540010740000,1996
4740002000000,1933
2840012050000,1971
1050126000000,1967
0280903250000,2000
1140018070000,1985
4340074060000,1933
3150027000000,1967
1840087120000,1933
5440050430000,1975
4180901970000,2000
3140075150000,1995
3280908000000,2000
2040214050000,1979
0640060250000,1933
0440018040000,1933
3150023000000,1967
2440102310000,1972
5480993000000,2000
4140008120000,1997
1750042000000,1967
2980914000000,1998
4160801000000,1988
4180903030000,2000
1320219001000,1987
1380909000000,1999
1840025000000,1959
2340700630000,1980
2340701030000,1980
3480931000000,2000
0380937000000,1999
1980901450000,1998
2250058000000,1967
2740035020000,1933
1340030150000,2024
1040021640000,2000
4240250010000,1933
0240045090000,1933
35100700000EB,1958
2040060470000,1972
3140046060000,2007
0740016320000,1933
4940004010000,1933
2540019090000,1933
1680954000000,2000
2340210130000,2000
0340017150000,2000
1780901210000,1999
3440020360000,1995
4240005260000,1972
2240021010000,1933
2340010180000,1963
4140019660000,1980
1840023030000,1933
0640007020000,1989
0340119090000,1933
3140054010000,1933
4180903350000,2000
4940020070000,1933
2240052020000,1933
4120021000000,1941
1780991000000,1999
3740016090000,1991
42202190000NB,1921
5580901350000,2000
2340044370000,1994
3380911000000,1998
3440041080000,1933
0840001190000,1998
4740027040000,1966
1640059020000,1933
1440050230000,1933
2040018000000,1933
2850028000000,1967
0640069000000,1980
3340018050000,1949
4240037060000,2007
2540007030000,1933
1140007100000,1933
4140006200000,1997
0140010020000,1933
2080953000000,1999
2450009000000,1967
5230070000000,1924
2980928000000,1999
4940020480000,2008
4950007000000,1992
3640220170000,1996
3180901040000,2000
1040025000000,1933
3640220090000,1993
4240037080000,1969
2040119990000,2000
1040009040000,1933
5340005020000,1933
2040006030000,1933
0940050340000,1977
3240023010000,1933
3240219230000,1933
4140027070000,1992
1040022040000,1933
2440102130000,1972
2140030030000,1933
2840024180000,1998
5340035050000,1978
2340016730000,1993
1340044010000,1933
4140017080000,1933
4740007060000,1933
0280903330000,2000
0280985000000,1999
2580901070000,2000
2580937000000,1999
2580940000000,1999
5480901230000,2000
5480910000000,1998
0640064160000,1988
2940006000000,1933
4240004000000,1933
1340037070000,1974
1340040030000,1953
1040160070000,1998
2540024040000,1933
3740004030000,1933
4040029010000,1933
4040062320000,2000
4540009020000,1947
5440050530000,1996
4640030030000,1979
3240003340000,2000
2350011000000,1967
4940004100000,1992
3040007140000,2018
2040022100000,1982
1950004000000,1967
5480931000000,1999
4940030120000,1933
0280902190000,2000
1940015030000,1998
1750062000000,1967
5340001010000,1933
5340003040000,1933
2840019410000,1980
5540054090000,1982
1640023040000,1933
4040035140000,1956
1880922000000,1999
2350074000000,1967
0340119660000,1990
2840024010000,1933
2040051040000,1933
2240019090000,1997
2340702320000,1982
3640033060000,1996
5580962000000,1999
0640064600000,1990
1980901880000,1999
5040075370000,1991
4240219270000,1972
4240250130000,1953
1340005000000,1933
2540021000000,1933
3040007060000,1933
2540250070000,1933
4480902000000,1998
3450005000000,1967
1340041000000,1933
1140028050000,1933
1440050260000,1933
0940042000000,1933
2340010330000,1984
3740026050000,1933
4240219810000,2000
3940047030000,1933
3980929000000,1999
5540010670000,1996
0340119390000,1977
4560812000000,1978
2740025000000,1933
4140009140000,1982
1740025120000,1933
4780904000000,1999
3040052270000,1960
2040029050000,1999
2340210110000,2000
2140044080000,1980
4240015040000,1933
1340043010000,1933
2880902760000,2000
1040004030000,1933
2930956000000,1981
5540085150000,1997
2140040000000,1933
4140019960000,1985
1030061001800,1943
5550086000000,1967
0640060410000,1975
1580924000000,2000
4040035080000,1933
2840071090000,1933
4140003450000,1973
4140010010000,1933
3340013000000,1933
384000000000,1933
5240020140000,1965
5240050000000,1933
1980902490000,2000
3440004010000,1933
2040008080000,1996
2540027050000,1933
0280902600000,2000
0640035030000,1933
2840460050000,1977
3240011000000,1933
0140009070000,1933
4280919000000,1999
2580901370000,2000
3480940000000,2000
2840030020000,1933
0740003030000,1933
4140004180000,1985
1540003090000,2002
4140041220000,1980
4740014020000,1933
2240003610000,1999
1540002220000,2000
0340119210000,1945
2880901400000,2000
4740032200000,2000
3040009190000,1990
0280903130000,2000
5340004000000,1933
5040152410000,2000
4240062000000,1933
0340085090000,1980
5040052130000,1933
1840087130000,1933
5440047080000,1933
2840219160000,1970
5140046010000,1933
2780901000000,1999
1740019680000,1980
3240010000000,1933
5440025140000,2022
1040027030000,1978
3840021060000,1998
0640002380000,2000
2080901730000,2000
3940119000000,1933
0440019090000,1933
3140007080000,1933
3580912000000,1999
1350001000000,1967
3180901070000,2000
5540012080000,1980
0280902760000,2000
0340001030000,1933
5540004060000,1996
3840219500000,1999
0740016230000,1933
2880902260000,2000
3240031070000,1933
0380901010000,2000
0120119000200,1977
1840026040000,1933
2340701150000,1980
5450042000000,1967
2340110980000,2000
2430102000000,1976
4640050230000,1951
2040049060000,1989
5180910000000,1999
1340060010000,1933
2240056000000,1933
4140006040000,1944
0840016330000,2000
2040119400000,1970
2040214010000,1972
2450055000000,1967
4180968000000,1999
2480901570000,2000
1840008010000,1933
1640006000000,1933
2080984000000,2000
3150039000000,1967
0640049020000,1933
2880903610000,2000
4140012100000,1933
0840015000000,1933
2580901590000,2000
4040060030000,1933
2350044000000,1967
1140001000000,1974
0440044000000,1933
1380935000000,2000
2740035070000,1933
4140019180000,1960
4840002060000,1988
0840016070000,1933
5580901320000,2000
0640001110000,1969
1640023080000,1933
5540009060000,1933
1840040050000,1933
3240003220000,1979
2280911000000,1999
5540097260000,2000
2580902090000,2001
1560805000000,1991
0140017020000,1933
5440095140000,1997
0380927000000,1999
2340005360000,1989
1340033000000,1933
1980901090000,1998
3440022020000,1933
0240001080000,1997
1340219350000,1978
5040005040000,1991
0280901870000,2000
3940039000000,1933
3080919000000,1999
4640119400000,1999
4940011000000,1933
2840005020000,1933
5530081000000,1962
0540001110000,2000
0650029000000,1967
2040035240000,1998
3140028020000,1933
4080905000000,1999
0940055060000,1933
5050021000000,1967
2450028000000,1967
1980915000000,1998
2040079200000,1996
3450002000000,1967
2040005290000,1979
1050093000000,1967
1440016020000,1933
2040041020000,1933
5040019020000,1933
2840044120000,1933
1340036050000,1954
5040005090000,2000
1040041290000,1978
5540097150000,1995
2540084000000,1933
4440013260000,1988
3440094020000,1933
3440094060000,1952
1740036040000,1933
0640011060000,1995
0840011090000,1952
5580901170000,2000
0280901430000,1999
1740003090000,1933
2540048010000,1933
0140016060000,1998
0180914000000,2000
2140019370000,1983
0950008000000,1967
2480902630000,2000
1040041390000,1997
1740005050000,1933
1440220110000,1933
4440119480000,1995
1980990000000,1998
3140054020000,1995
3180901250000,2000
1040060450000,1948
5550066000000,1967
5580901520000,2000
2540056050000,1933
3140020000000,1933
3040003100000,2015
3140019390000,1998
1880974000000,2000
24200520001EB,1943
4540014020000,1933
4540023060000,1933
2240072000000,1933
09200500000EB,1921
0840020010000,1966
2040024000000,1933
0640064650000,1990
2880901930000,2000
0640011040000,1958
4140019900000,1982
4760827000000,1980
0340085260000,1995
3940062020000,1933
5040060240000,1998
4180902350000,2000
5040003130000,1991
3040052800000,1992
1040018270000,1998
2440052620000,1998
1050035000000,1967
2840219320000,1997
1980995000000,1998
1040003030000,1933
1480911000000,1998
1740119220000,1998
4640077100000,2000
0680907000000,1998
3430016000000,1921
3340038060000,1933
0850030000000,1967
2340702180000,1982
5550076000000,1967
3940072070000,1981
0240011090000,1934
4540003450000,1995
0340119410000,1977
2880902300000,2000
0940021010000,1933
1440028120000,1945
0140041070000,1933
2440007240000,1998
4440021100000,1933
1140003050000,1933
1040029000000,1933
1740035030000,1933
1440010020000,1933
4250009000000,1967
4140006010000,1960
0940038010000,1976
2340005430000,1990
5550115000000,1967
0440019360000,1945
1040013070000,1978
4440119110000,1933
4540007180000,1978
1740050420000,1982
2240006070000,1997
4840050010000,1957
0340085290000,1995
0280902200000,2000
4340047130000,1933
1040019130000,1933
3940026110000,1933
0240007080000,1933
2040007080000,1933
4140015190000,1997
3440039560000,2002
2480901330000,2000
2440001100000,1933
4140016920000,1999
4940005260000,1980
2340702250000,1982
3740020030000,1933
4240043020000,1933
2540073220000,1985
2040060410000,1970
2040064160000,1999
3140088020000,2013
0640026020000,1933
3340009290000,1966
4140029050000,1933
5540971180000,1999
0640031270000,1997
1040009020000,1933
2850033000000,1967
2240012000000,1933
1740033050000,2011
0840016140000,1976
3940072080000,1983
0240009320000,1972
3080928000000,2000
2850045000000,1967
5240019050000,1933
2940009050000,1933
5040252150000,1999
2550015000000,1967
1640220080000,1996
2350047000000,1967
1080940000000,2000
2840052272100,1996
3880907000000,1999
2740029200000,1980
3150078000000,1967
4140006110000,1980
3340008110000,1933
10200600000EB,1921
1780985000000,1999
4240045010000,1933
0280901600000,2000
2080901230000,2000
4340036020000,1933
0240011070000,1933
1440220060000,1933
2040025270000,1972
5040037130000,1933
2440102710000,1972
5340036010000,1933
1040061210000,1956
1680936000000,2000
4440036150000,1933
1080964000000,1988
0940050220000,1949
2280907000000,1999
4140116020000,1999
3940005040000,1933
3440041240000,1999
2340003620000,2003
1140018060000,1933
4040035060000,1933
2440052560000,1998
2840219020000,1933
2040061400000,2000
2840027080000,1979
0440010060000,1979
2340005170000,1983
5550121000000,1967
4640040010000,1933
0640064000000,1933
1240005040000,1933
1340219630000,1998
0940036050000,1933
2480953000000,1999
2340700710000,1980
0280903360000,2000
1640055100000,1981
2580901290000,2000
3980975000000,2000
1340020290000,1983
3940026550000,1933
0640164110000,2000
3380939000000,2000
2040005340000,1981
2340005510000,1990
1040017190000,1997
4240219760000,2000
4340011030000,1933
4480930000000,2000
1780901590000,2000
1780901940000,2000
0440040000000,1933
5440009320000,2010
1740019020000,1933
1840033170000,1977
4140001030000,1933
2840071240000,1996
2040060530000,1972
1740024050000,1933
2350009000000,1967
2340009390000,1991
3340013030000,1933
3340038020000,1933
1780964000000,1999
1840004120000,1933
3040049170000,1979
4340019040000,1933
0640035170000,1991
2040047020000,1933
0680912000000,1998
4940038010000,1933
3240003290000,1996
1140042010000,1933
2840005030000,1933
4140064060000,1994
4240033150000,1996
4540016000000,1933
2840071010000,1933
2040079310000,1999
4140027030000,1933
0640010400000,2002
5580901630000,2000
5540971020000,1979
5450016000000,1967
1040002010000,1933
4840034010000,1933
2540003000000,1933
1640007030000,1933
2040025390000,1981
2880970000000,1999
4140001190000,1944
5060817000000,1989
2480902570000,2000
3040009100000,1941
0350020000000,1967
1140017100000,1998
1680905000000,1998
2340012060000,1989
2080901870000,2000
2340016150000,1976
5240013020000,1933
3140052000000,1933
4180902990000,2000
5540016240000,1992
3960802000000,1980
5040018030000,1933
5040040010000,2011
3540040020000,1933
4640005000000,1933
0740035120000,1933
0280902980000,2000
4040033120000,1999
2340119070000,1933
2450052000000,1967
2440052710000,1998
1340060500000,1980
2880902890000,2000
1050003000000,1967
1740019810000,1984
1840021360000,1933
3140023000000,1933
4440119500000,1998
4940033140000,1995
3180901540000,2000
4140041040000,1933
4040075000000,1956
1040011020000,1933
1040018110000,1978
0230051000000,1931
2340119800000,1993
5140020110000,1933
4120021000100,1967
3040252340000,1999
3140007570000,1996
1740050830000,2000
2140119300000,1952
5060816000000,1989
0440001060000,1980
0140007100000,2000
1040060010000,1933
3040052170000,1987
3940072040000,1933
4480911000000,1999
0240007300000,2000
0740013000000,1933
2050005000000,1967
0840015070000,1984
2240701400000,1980
5550147000000,1968
2440083080000,1933
1740119370000,2000
1780901760000,2000
2140044050000,1933
2880901630000,2000
2880902430000,2000
5040075590000,1999
0650003000000,1967
4180911000000,1998
0240007020000,1933
4140028060000,2000
4140032020000,1933
3980906000000,1999
4340074130000,1998
0580971000000,2000
2750003000000,1967
1050081000000,1967
2540006020000,1933
5580977000000,1999
4040062060000,1979
4540003120000,1933
3140076080000,1933
2440016400000,2000
1340060700000,1997
3240219360000,1990
3740001020000,1933
3840028200000,2021
2040622320000,1998
1580923000000,2000
2640066000000,1933
3840250040000,1933
2740005160000,1933
3840018010000,1933
0640002240000,1980
3550003000000,1967
2940028230000,1986
2340010800000,1992
2440161040000,1993
2840012070000,1976
2580944000000,1999
3640021100000,1967
1980901220000,1998
2040073310000,1998
2540250610000,1972
3180901650000,2000
4140016660000,1993
0640025070000,1933
0840016060000,1933
0140048020000,1933
5580950000000,1999
0280902650000,2000
2840020500000,1993
2840020530000,1994
5060815000000,1989
4840003020000,1933
2380904000000,1998
2040160200000,1999
2080901210000,2000
0440004090000,1933
3440020130000,1956
4940032100000,1933
2740062330000,1981
5040052470000,2020
4540017040000,1933
4680916000000,2000
3240023080000,1933
0640164120000,2026
5540016090000,1933
2040021090000,1933
0440005140000,1994
2740028070000,1933
2040013222100,2009
1740011240000,1993
0640035080000,1966
1580932000000,2000
3650016000000,1967
4540017080000,1997
5540006120000,1992
0240012090000,1984
3140119320000,1984
3240004030000,1933
4140019440000,1979
3040065560000,1992
4340016120000,1933
0160815000000,1995
5480901430000,2000
4140003680000,1982
4140016420000,1980
2340701960000,1981
4340010030000,1933
5480958000000,1999
2240004010000,1933
2240036060000,1995
1740024170000,1959
0280929000000,1999
3940114000000,1933
2040028000000,1933
2340016030000,1933
4680908000000,1999
1440008020000,1933
4180901150000,1999
1330063000000,1921
3180901600000,2000
2340010760000,1991
5530099000000,1963
3980902000000,1998
3140007140000,1933
2340110060000,1995
2340116110000,1998
1780901930000,2000
1940340130000,1972
2040060120000,1933
3940118000000,1933
1580918000000,2000
1040014260000,1985
1880979000000,2000
5040007180000,1984
1140036000000,1933
3340009220000,1948
3940043040000,1933
1040018060000,1948
2340119570000,1987
2040052010000,1933
1740024000000,1933
2040023090000,1959
2040027080000,1981
0140250380000,2000
5480901070000,2000
0850070000000,1967
3040049120000,1978
3840005000000,1933
3640017000000,1933
5430095000000,1962
5240021030000,1933
2250023000000,1967
2740041110000,1933
0280901850000,2000
2540250390000,1933
0640060370000,1975
2040015180000,1999
3040119100000,2000
4540003540000,1998
1980901520000,1998
4040040000000,1933
3340013080000,1933
0280903230000,2000
0280902120000,2000
2580901490000,2000
1040009240000,1998
4440026020000,1933
5340021010000,1933
3440019090000,1933
2880944000000,1999
4150035000000,1967
0140011160000,1933
0140119220000,1996
5550038000000,1967
3140007020000,1933
0340014000000,1933
4580907000000,1999
1340219170000,1965
5540085250000,1997
2040119260000,1933
46202500000NB,1921
4680923000000,2000
0940005080000,1984
2240003150000,1951
2480901460000,2000
1240220200000,2010
1640055300000,2018
5450011000000,1967
2450024000000,1967
3940002000000,1933
0240027000000,1981
2740028020000,1933
2940028100000,1933
2980920000000,1999
2740052000000,1933
2350008000000,1967
4140027000000,1933
1840331050000,1999
5540010100000,1933
3880925000000,2000
2880907000000,1999
0840013030000,1933
0240009300000,1967
4640052040000,1933
2340005770000,1998
3740016020000,1991
3840018000000,1933
5580901280000,2000
4640013020000,1933
5280903000000,2000
5340003010000,1933
0740003000000,1933
5540085160000,1997
5580901760000,2001
3430094000000,1930
0340119360000,1977
2840071080000,1933
2340005520000,1990
2340010720000,1990
2840010340000,2000
0140010080000,1933
1480941000000,2000
0240045040000,1933
1940009450000,2000
2340210030000,2000
2440102010000,1960
5340020030000,1933
5340035180000,1998
0440015060000,1933
4140003130000,1933
2540064180000,1984
4140036100000,1997
4180901030000,1999
5050006000000,1967
2140008140000,2003
0280902470000,2000
2240003820000,2013
0280902480000,2000
5450019000000,1967
1940017000000,1933
0440022100000,1933
5140040030000,1933
2930028000100,1981
0840017040000,1996
2540017280000,1998
4340007120000,1933
0340085550000,2000
2440012010000,1933
2440102540000,1972
5540010990000,1999
2480901720000,2000
2440009020000,1933
2280906000000,1999
2040051080000,1959
0840011020000,1933
5480946000000,1999
0580978000000,2000
3140069210000,1995
2340700980000,1980
3040007110000,2000
3740002010000,1933
2580901920000,2000
0640064130000,1988
4180901180000,1999
0440007090000,1942
1340060640000,1995
2850008000000,1967
1050016000000,1967
5540018030000,1933
4340030010000,1933
2050019000000,1968
4040025330000,1996
1940009080000,1950
2880902100000,2000
0140092140000,1933
1740004010000,1933
2640016000000,1933
2440052590000,1998
2440102740000,1998
4440021040000,1933
2880958000000,1999
4140006210000,1999
5140003090000,1933
2340010610000,1989
2340012020000,1933
4740043140000,2007
0580984000000,2000
1340021060000,1933
2840020320000,1980
2940028150000,1979
4940010070000,1933
2040011040000,1933
4440008040000,1933
1740050740000,1998
1980902130000,2000
3140857070000,1995
1140005040000,1973
1040010030000,1933
2440007060000,1933
2140030190000,1933
0440005010000,1933
2040076020000,1933
2640015030000,2002
2840010270000,1998
4440013150000,1933
5050048000000,1978
2880903400000,2000
3180963000000,1999
4840006020000,1933
3940066010000,1933
2340210190000,2000
4440062010000,1933
5540004040000,1933
1980902350000,2000
3140055060000,2000
2240010070000,1933
2240050020000,1995
3940026450000,1933
3380916000000,1998
4980903000000,1998
3640019010000,2002
2540025090000,1997
0240009180000,1933
1540013000000,1948
4640020010000,1933
0440036010000,1933
31100680000EB,1970
3440001020000,2010
1340060060000,1933
2880902930000,2000
3940104000000,1933
4340017100000,1933
3640017010000,1996
5040152310000,1998
1740017310000,1998
3240019000000,1933
4150111000000,1967
5540085180000,1997
0340003020000,1933
1640259050000,1974
4380901000000,1999
4450012000000,1967
1540066040000,1933
3140007320000,1985
1040019250000,1965
2240004000000,1933
4940006000000,1933
4180902070000,2000
0440019950000,2008
4240033000000,1933
2040160080000,1997
0640031260000,1997
4040025040000,1964
1840340090000,1986
4540020120000,2000
3940026080000,1933
2250055000000,1967
2880948000000,1999
2340005440000,1990
2480902230000,2000
1640055240000,2009
1040060390000,1944
4240050030000,1933
2340016790000,1993
3480920000000,2000
3440016060000,1958
0680940000000,2000
4140019610000,1980
4880905000000,1999
2080902180000,2001
0640030020000,1933
3140021010000,1933
1780901150000,1999
3240003330000,1998
3280906000000,2000
3350002000000,1967
4140116010000,1999
1040061170000,1974
1780957000000,1999
1680950000000,2000
2040025170000,1960
2840219240000,1980
4130305000000,1974
4140029160000,1997
1040021220000,1974
5540012050000,1933
5580991000000,2000
5440009230000,1933
1540002130000,1974
2040008120000,1998
3180960000000,1999
2040021040000,1933
2640029020000,1933
5040037280000,1977
0450002000000,1967
1740035100000,2018
2340010600000,1989
0240011650000,2020
1840015070000,1933
2040119450000,1972
2540033180000,1998
0440021040000,1933
1540022030000,1987
3140025050000,1933
1880930000000,1999
2340016830000,1993
2440083170000,1987
5040001160000,1963
0140119130000,1933
2440016150000,1984
2840020520000,1994
0440004340000,2000
4240007000000,1933
1940245000000,2002
0540027410000,2000
1140035200000,1983
2480902240000,2000
2040119860000,1997
2080901200000,2000
4480908000000,1999
1340020220000,1979
2840460130000,1983
3940033000000,1933
3140065040000,1933
4140034000000,1933
4150113000000,1967
4140116230000,1999
1050130000000,1967
1780983000000,1999
5540016320000,1996
2850037000000,1967
2830067000000,1931
4560802000000,1978
2740062500000,2000
4840034000000,1933
5440028000000,1933
2430016000000,1943
5440050470000,1996
4640077090000,2000
5240082010000,1933
4940042020000,1933
1340219210000,1978
2880902000000,1998
4940007060000,1996
2840020900000,2002
0340085080000,1979
2080902140000,2000
2540250150000,1933
5440044000000,1933
1440028190000,1978
4230004000000,1943
4740032290000,2000
1040023080000,1963
2540016000000,1933
0280944000000,1999
0340085120000,1983
3950035000000,1967
1540011040000,1933
3440013010000,1933
2480918000000,1999
1040015160000,1978
1840005190000,1933
2080901150000,2000
3140019250000,1973
3940026350000,1933
1980938000000,1998
2940050030000,1933
2240005050000,1933
2740005150000,1933
0240007180000,1933
3040065840000,2002
1280913000000,1998
2140001230000,1999
3940024010000,1933
5340035190000,2000
2880959000000,1999
2340010850000,1993
3140007130000,1933
5040030020000,1951
3540018030000,1984
5540010870000,1996
2140007010000,1933
5240034000000,1933
2040061070000,1961
0740004040000,1933
2480901930000,2000
1040023220000,1998
4240027000000,1933
1740012050000,1933
3980901100000,2000
4340050310000,2021
0650032000000,1967
2040021210000,1997
4040060050000,1933
5040060120000,1969
2740005040000,1933
1340037100000,1996
5380932000000,2000
4940010140000,1933
5040075400000,1991
5080934000000,2000
1140036020000,1933
4140035040000,2000
1740050920000,2015
1040085050000,1933
5540054010000,1964
5580901750000,2001
1740031070000,1933
2880902380000,2000
1740012150000,1982
2340007230000,2000
2840011070000,1933
0140005090000,1933
2640017090000,2000
4440052040000,1933
1280914000000,1999
4530107000000,1976
4180992000000,1999
2040007000000,1933
0640152010000,2001
1040021300000,1978
3940026270000,1933
3940030000000,1933
0440038020000,1933
1980905000000,1998
3440032030000,1933
2840015050000,1974
0850076000000,1967
3150048000000,1967
2180904000000,1999
0940015000000,1933
2740013090000,1980
3440019260000,1933
4150057000000,1967
2540064510000,1998
4540003320000,1998
1980901080000,1998
0940025160000,1995
1040004060000,1994
0840016350000,2013
1780954000000,1999
5580901050000,2000
1340020460000,2000
5240001240000,1951
2440016000000,1933
1440007010000,1933
0740015000000,1933
1340068000000,1933
5040252200000,1999
2540019780000,1983
2850040000000,1967
2940016030000,1933
0240002030000,1933
2540019030000,1933
0640001130000,1977
0440019710000,2000
2340016700000,1992
3650003000000,1967
2180944000000,2000
2040009000000,1933
4040035340000,2010
4240219090000,1933
2580903000000,1998
4640050300000,1998
2540073010000,1933
0540007300000,1999
5040008030000,1990
0240030020000,1933
3440034000000,1933
2840015070000,1997
5140009050000,1996
0140010000000,1933
0850037000000,1967
4280909000000,1999
0240051060000,1933
5480901440000,2000
2440001030000,1933
3140857050000,1985
4140103140000,1998
1840004060000,1933
2340701640000,1981
2540025020000,1933
1880952000000,2000
3640001090000,1998
1840042000000,1933
1740050170000,1933
2040064090000,1996
3040049160000,1978
4340005060000,1933
4340006010000,1933
4340007190000,1933
0340085160000,1988
2140019280000,1980
2880902590000,2000
4740072160000,2000
3940014010000,1933
3940026640000,1999
5380907000000,1999
2740020000000,1933
4180901240000,1999
0680924000000,1999
2080901460000,2000
3040252280000,1999
2340119670000,1989
0380970000000,2000
4140004320000,1998
3740026060000,1933
2040160050000,1997
3940033080000,1933
2340119650000,1989
4140003970000,1994
0980904000000,2000
2340010930000,1994
5560803000000,1979
1940015090000,2001
2440052580000,1998
1340032000000,1933
2750013000000,1967
4150062000000,1967
3040013010000,1933
4240033050000,1985
5550028000000,1967
0280902900000,2000
2540072070000,1933
3940092080000,1933
3180928000000,1998
4940003140000,1995
0380939000000,1999
1080939000000,2000
1740032060000,1982
3840219360000,1987
5340018060000,1933
5380909000000,1999
1040085140000,1990
1840014060000,1989
2580901030000,2000
2640003020000,1948
4480917000000,2000
5540005000000,1933
4940016050000,1933
2340009540000,1997
5440050400000,1975
1840036040000,1991
3140088040000,2023
3740002150000,2000
4240219430000,1996
2540250630000,1972
1540014020000,1933
5040035050000,1933
3580923000000,2000
2040049070000,1980
2040009210000,2003
0640011090000,1998
4940004090000,1933
3980916000000,1999
4340018050000,1933
1350002000000,1967
5040252300000,1999
2280949000000,2001
2380908000000,1999
5550098000000,1967
0280967000000,1999
5440009070000,1958
2040021110000,1933
5040052870000,1989
0240051010000,1933
3950017000000,1967
4240034040000,2005
2840010260000,1998
2540027040000,1933
3740007040000,1933
2440052960000,2000
2450060000000,1967
0580990000000,2000
1780916000000,1998
3880902000000,1998
3440041200000,1984
3240029010000,1933
5540018010000,1933
0280902150000,2000
1640013000000,1974
0840004100000,1995
1640055230000,2009
2350052000000,1967
4740017110000,1996
4840003000000,1933
4440013010000,1933
2640062010000,1933
5040029090000,1933
0160802000000,1980
1040014360000,1997
2440083380000,1984
5540003020000,1986
2340116250000,2004
0440011050000,1933
2250015000000,1967
1140023070000,1933
1840015000000,1933
5440032010000,1933
3140037110000,1933
1340006010000,1933
1740119340000,2000
3140067040000,1933
4150162000000,1967
4180999000000,1999
1140023060000,1933
1740023260000,1995
2340008010000,1933
1040023140000,1978
5440021350000,1943
0230045000000,1917
0240051180000,2000
5540001140000,1984
5060830000000,2002
2340700720000,1980
4240032010000,1933
5580927000000,1999
2640003080000,1997
5540010800000,1996
0340119510000,1980
1050074000000,1967
1840005230000,1948
5040017010000,1933
2450044000000,1967
2040076000000,1933
0740009000000,1933
4140003250000,1933
2480902170000,2000
3730807000000,1967
1740007000000,1933
2540040010000,1933
4040034310000,1973
1350021000000,1967
5240020130000,1965
1980926000000,1998
3250009000000,1967
4140019590000,1980
4740024000000,1933
3040049400000,1994
4280927000000,2000
2080966000000,1999
3640008010000,1998
5480966000000,1999
0540067170000,2000
1350013000000,1967
2180930000000,2000
4140009170000,1989
0540028070000,1998
0850084000000,1967
0280903410000,2000
0340016010000,1944
1780901980000,2000
0440009080000,1985
1050024000000,1967
2540015040000,1933
5580901400000,2000
2840598010000,1998
4580901000000,1998
4940020310000,1981
2230214000000,1929
2480996000000,1999
0850018000000,1967
2080901160000,2000
3980971000000,2000
0640160070000,1999
5140020150000,1933
3360804000000,1980
2040020030000,1933
2880901200000,1999
1980901720000,1999
2540023000000,1933
2540250080000,1933
5040042020000,1933
5040044010000,1933
1940025080000,1933
4640013040000,1952
4640014060000,1933
5140020380000,1996
1740024370000,1980
3140061150000,2022
3040049140000,1978
3440019550000,1980
4740072150000,2000
3040065070000,1933
0280996000000,1999
3480946000000,2000
4740005000000,1933
1980901400000,1998
1040061750000,1997
5240022000000,1933
1740019100000,1933
4140031110000,1997
4840013080000,1933
1840021190000,1933
0640031100000,1981
1540016050000,1948
0240015020000,2000
0740016460000,2004
2040009010000,1933
1140013000000,1980
0540008010000,2003
2380907000000,1999
2040119160000,1933
3140019380000,1998
2440084020000,1999
5540010560000,1989
4560835000000,1995
2040061020000,1933
4140005010000,1933
0840016020000,1933
2480952000000,1999
5440020030000,1999
2740002170000,1995
4050019000000,1967
4440019050000,1933
1340020210000,1977
1780929000000,1998
2040214090000,1982
3940084000000,1933
1040010010000,1933
2350017000000,1967
4440052070000,1933
4180901370000,1999
2740080020000,1933
2480902750000,2000
1050017000000,1967
0840050010000,1933
0280902630000,2000
5440028020000,1933
1940025120000,1980
2450073000000,1967
2450082000000,1967
5240013010000,1933
0440004310000,2000
5440005100000,2012
3940057020000,1933
4040032000000,1933
2850063000000,1966
2740042020000,1933
4150104000000,1967
2540019860000,2000
3020052040700,1976
4240219110000,1969
5550054000000,1967
0640007040000,1996
0280903450000,2000
4440015080000,1933
2680908000000,1998
2940015050000,1949
2840020050000,1953
0440013180000,2000
1740046060000,2012
2540044080000,1933
4440058020000,1933
0480905000000,2000
4140016220000,1972
0940025120000,1933
1740003150000,1984
3140045230000,1986
2440012050000,1933
1840036050000,2000
3940005220000,1981
5580901200000,2000
4040018000000,1933
1040014410000,2000
1440011050000,1933
4180908000000,1998
1840023020000,1933
5550065000000,1967
2640250890000,1997
0740009070000,1978
1840032040000,1933
2380952000000,2000
2740002060000,1980
4040011090000,1953
3880903000000,1998
0440015020000,1933
2740062350000,1983
5040075200000,1980
0280901880000,2000
2040019020000,1933
5440047260000,1964
2340009190000,1989
4140116200000,1999
2080980000000,1999
4440016010000,1933
4540007010000,1933
2840219230000,1980
3950011000000,1967
1980998000000,1998
0840013140000,1998
0940050090000,1933
4850001000000,1967
0240011010000,1933
4640119490000,1996
3440019150000,1933
2240022020000,1995
3240015090000,1997
4740033000000,1933
2380927000000,2000
2540019790000,1986
3040065660000,1996
1750100000000,1968
0740004080000,1933
1840019140000,1933
4340021030000,1992
2640025040000,2000
5040060180000,1993
2440102330000,1972
3530002000000,1921
5440050380000,1948
0440023000000,1973
1040021060000,1933
1050140000000,1967
1740003170000,1995
0140040030000,1933
2340119540000,1985
2150004000000,1967
4940033010000,1947
3150085000000,1967
5550106000000,1967
4340032010000,1933
5040040030000,1933
2340017150000,1998
2440009050000,1965
5540010310000,1980
2140035010000,1933
2880901410000,2000
3840219410000,1996
1240042070000,1933
2540040050000,1933
1540008000000,1933
3140007540000,1995
2350031000000,1967
2340119290000,1977
0540018040000,1996
0840019010000,1933
4280903000000,1998
2540033170000,1995
3940051040000,1933
3140019180000,1933
5050028000000,1967
0140017150000,1988
2840020440000,1990
3040052090000,1933
2080957000000,1999
2640007010000,1933
2840052380000,1996
2040060690000,1979
3140071010000,1933
1840003000000,1933
5540054170000,1996
2080901390000,2000
2340119530000,1985
2440052050000,1933
4540012030000,1944
4680940000000,2000
5440014250000,2006
4140004080000,1979
2340014020000,1946
4050016000000,1967
0140017080000,1933
2340110850000,2000
4440019060000,1933
0380928000000,1999
0740035210000,1933
2840016140000,1977
4140005000000,1933
1040019880000,2002
2140034000000,1933
3430043000000,1955
2040214140000,2000
1750101000000,1969
4240015010000,1933
2880950000000,1999
1740019580000,1951
4040060210000,1949
5540007090000,1974
1740073110000,1963
0440004040000,1933
4840032020000,1933
2540072110000,1984
5040042010000,1933
0240045230000,1998
0580927000000,2000
1780952000000,1999
2240019100000,1998
2350016000000,1967
3940037010000,1933
0640060620000,1962
4040060150000,1949
1050030000000,1967
2140054010000,1933
4680946000000,2000
1980902450000,2000
4180924000000,1999
1340037060000,1957
2740043060000,1933
2780914000000,2000
2480901340000,2000
5580973000000,1999
3940094040000,1933
2740002120000,1933
0680916000000,1999
0740017020000,1933
4440030010000,2022
0850069000000,1967
0540007010000,1933
5450051000000,1967
2740050040000,1933
4140009090000,1933
2440152030000,2000
3340019010000,1954
1840006020000,1933
3940060020000,1933
2040046040000,1933
3640024000000,1933
4640076030000,2000
5340007110000,1933
4180901470000,2000
4140003730000,1984
3040052420000,1980
5550083000000,1967
0220011001000,1960
4550016000000,1967
1340060670000,1996
3940050240000,1977
3140019060000,1933
4080927000000,2000
4240004020000,1969
4240005090000,1933
1640259120000,1998
2040081130000,1992
2540064300000,1996
1440220100000,1933
3140045180000,1933
50200520000EB,1921
4140036020000,1972
4740018010000,1933
2340119870000,1995
5440046070000,1933
4180902880000,2000
0640025200000,1992
2340011120000,1996
2840013010000,2008
1040061590000,1990
5540012070000,1943
3980954000000,2000
5440015010000,1933
5040052740000,1982
5440047130000,1933
0350009000000,1967
2840020330000,1980
5080937000000,2000
2540021030000,1984
5540097170000,1996
5440014280000,1998
0140019000000,1933
3480927000000,2000
0380922000000,1999
4140019390000,1972
1840001000000,1953
3940053010000,1933
5440014320000,1999
1540020020000,1998
3140019030000,1933
3640012020000,1956
2540064520000,2005
2740033210000,1978
3640003110000,1998
1080947000000,2000
3250004000000,1967
5040152050000,1983
1040017040000,1933
3050017000000,1967
1640023130000,1933
2530218000000,1976
1940017070000,1992
4640013130000,1933
5340026020000,1933
1980902550000,2000
0640026180000,1999
1740025330000,1995
4040015000000,1933
1340003030000,1979
2840460150000,1985
4680914000000,2000
0640050020000,1933
0740024010000,1933
2040009190000,1999
5140009030000,1933
1740010000000,1933
3940033100000,1933
5450037000000,1967
2040034030000,1933
1140001070000,1933
4540027020000,1933
5140040010000,1933
1040021070000,1933
5550033000000,1967
5440004020000,1933
3140007390000,1986
2350033000000,1967
4440048020000,1933
3940003220000,1933
0440004410000,2000
4940032090000,1933
0240006010000,1989
4140116320000,2000
3040052720000,1991
3140004030000,1933
0940066000000,1933
0280902390000,2000
3640220080000,1933
0640002170000,1972
3940092290000,1979
0540067060000,1985
2040079240000,1998
2340010240000,1981
0280901660000,2000
5440003230000,1933
5040036010000,1933
4940010110000,1933
2880903350000,2000
2840009060000,1933
1040060180000,1933
1040018120000,1978
4440038030000,1933
4640009040000,1933
2740005130000,1933
0740020030000,1933
4140029100000,1980
1840019120000,1933
3640220010000,1933
0240009070000,1933
3140077020000,1933
0940025140000,1933
3940050190000,1933
3140008000000,1933
5040052580000,1982
0380979000000,2000
5340020010000,1933
1980901460000,1998
0240009550000,2002
4140017060000,1933
1840005180000,1933
0440019500000,1996
2840102040000,1980
5130020000000,1921
2840019040000,1933
2480901040000,1999
4140021030000,1964
4150097000000,1967
0280902680000,2000
5040060160000,1993
1880941000000,1999
4540003500000,1997
1980902280000,2000
0940058000000,1933
2280933000000,2000
2480901270000,1999
3350006000000,1967
0280902530000,2000
2740001040000,1979
2740029170000,1980
5060801000000,1970
4150048000000,1967
5380935000000,2000
3540007020000,1933
1040061470000,1978
2340701390000,1980
0440019310000,1933
2040025430000,1981
1340009040000,1933
2840071340000,1999
2040079370000,1999
3150062000000,1967
0640011030000,1933
0640017140000,1988
3040010050000,1993
4240041010000,1933
2540072040000,1933
4550022000000,1967
2880901010000,1999
4560848000000,1978
5240089000000,1994
2040073080000,1933
3640220400000,2015
0840040030000,1933
2540018010000,1933
3940060000000,1933
4440001000000,1933
4440008090000,1933
2040040110000,1933
2940002030000,1933
4140002050000,1933
1840009000000,1952
4080904000000,1999
2450033000000,1967
2450070000000,1967
4180901880000,2000
0440013150000,2000
2180937000000,2000
3230311000000,1972
1030016000000,1921
1040021310000,1978
3940219030000,1933
2440083140000,1989
5440050340000,1979
0940015100000,1992
2250049000000,1967
4140018350000,1992
5080932000000,2000
0240001040000,1933
1880915000000,1999
0280902330000,2000
0340119430000,1977
1340035020000,1999
0850039000000,1967
2340701750000,1981
2040016030000,1933
3040119040000,1977
2340016680000,1992
2730025000000,1929
0740016140000,1933
1740019190000,1934
1740052080000,2004
5040017020000,1933
5040037030000,1933
2140002000000,1933
4640048000000,1933
2750021000000,1967
3440020030000,1945
4140119330000,1998
4140119460000,2000
2040013070000,1933
4140019690000,1980
2440103160000,2000
1680942000000,2000
1940048030000,1933
5440095060000,1996
3840250180000,1999
3040052590000,1990
4340050150000,1933
3140045280000,1996
3940014130000,1985
4940032200000,1933
0840002000000,1933
4940119030000,1969
1740019590000,1951
2480909000000,1998
3640033160000,1999
2040046070000,1952
2440102080000,1972
5340007090000,1933
5340010050000,1933
1240042140000,1978
1340060720000,1997
5140003100000,1933
4440003000000,1933
5380918000000,1999
1040008120000,1978
1940032050000,2000
2340110300000,1998
3940026380000,1933
4740038020000,2008
32202190000NB,1921
1440001080000,2011
2440052570000,1998
3840250130000,1966
1040041100000,1933
4340005040000,1933
4440015030000,1933
3540051010000,1933
0280938000000,1999
0280902550000,2000
2080902110000,2000
4040034260000,1951
3650011000000,1967
2850035000000,1967
3940005120000,1933
0440004080000,1933
2480901360000,2000
1050129000000,1967
4040062200000,1999
2840071260000,1997
2040005210000,1979
2840019460000,1983
4140009250000,1992
3840009000000,1933
5440018050000,1933
4540003060000,1933
1340020410000,1999
4240009040000,1933
2840009040000,1933
3740022000000,1933
2640027000000,1933
3440129080000,2000
0340017170000,2000
2840027190000,2000
3440009050000,1933
0240009490000,1999
0440019770000,2000
2640250310000,1949
0440002060000,1933
2180936000000,2000
4940009010000,1933
0640035330000,2002
5580979000000,1999
5440011050000,1933
2040025420000,1981
2340044420000,1998
1740119380000,2000
4140004280000,1998
2080901580000,2000
2640250940000,2000
2240003810000,2004
2240003380000,1992
0540027070000,1963
1740023280000,1995
2840011030000,1933
2340119200000,1957
3440032000000,1933
1940025060000,1933
1980956000000,1998
2240019010000,1984
4740035160000,1980
1040023310000,2000
0440002010000,1933
1740034020000,1984
5340014170000,1933
3140076000000,1933
3840006030000,1933
3840025000000,1933
2040021390000,1992
2140032020000,1933
4140119430000,2000
2780906000000,1999
4740035110000,1933
1050131000000,1967
2580967000000,1999
5540010750000,1996
1340020240000,1982
2840020150000,1971
1340060150000,1933
4150021000000,1967
2340110660000,1999
4640026010000,1933
4940009280000,1982
1140035070000,1933
1740017300000,1998
2480901740000,2000
2540218060000,1997
2340110280000,1998
1780928000000,1998
2040060620000,1977
4140307040000,1996
3180932000000,1999
0840015150000,1997
0840032010000,1933
1040041300000,1978
2540024010000,1933
15200220000EB,1921
2040046080000,1953
3150021000000,1967
5440050410000,1975
2140001120000,1979
4940010040000,1933
4840011060000,1966
4350002000000,1967
5540097100000,1989
3940056070000,2001
5340005040000,1933
4140009180000,1989
0640019060000,1997
4140027110000,1933
4540003400000,1983
3440020170000,1960
0540002200000,2004
4940003150000,1995
3130043000000,2012
3040001060000,1990
0640001280000,2000
0640007480000,2000
0340001160000,1996
2640010030000,1972
1980901810000,1999
4180901860000,2000
0680951000000,2000
0640010330000,2000
1030041000000,1933
1040061920000,1998
5540052020000,1933
2040119760000,1981
5040037440000,1992
0280901140000,1999
2840020300000,1980
2740031000000,1933
3440015080000,1999
5140020190000,2017
2880902350000,2000
4140001440000,1997
1840032060000,1933
3040049210000,1989
2340016220000,1989
1740052010000,1933
3830055000000,1983
4140103270000,2000
4940001150000,1933
1040061620000,1991
4040013060000,1933
1980902590000,2000
0140004010000,1933
1040060560000,1978
3940052090000,1933
5380915000000,1999
4540003080000,1933
1780995000000,1999
5550044000000,1967
5540052120000,1984
2440102250000,1972
0140004020000,1933
5580948000000,1999
3980928000000,1999
5040052750000,1982
5240044010000,1933
2040073270000,1992
0840001040000,1933
3240019040000,1978
4540003050000,1933
2840052490000,1998
5240007120000,1933
1750023000000,1967
2480959000000,1999
0140092160000,1933
1040021430000,1997
3150001000000,1967
5240003020000,1933
4140003100000,1933
1740019310000,1933
4150072000000,1967
1040060640000,1978
4240037000000,1933
0280903460000,2000
2040160300000,2000
0240081040000,1969
4240012000000,1933
0640001260000,2000
0280976000000,1999
0280901860000,2000
1440050440000,2000
2640086030000,1981
5040052950000,1992
1740125010000,1998
1740025100000,1933
4440036180000,1933
2840071060000,1960
4640011020000,1933
5340028040000,1933
5340038000000,1933
2040066000000,1933
2740015060000,1933
0340001190000,2000
4180902340000,2000
0240004010000,1933
1740012190000,1995
4740016000000,1933
4740038010000,1991
3340001090000,2009
3040049280000,1990
4380904000000,2000
12202200000NB,1933
3440026030000,1933
0440019960000,2008
3850013000000,1967
0140017140000,1933
2440007340000,2000
0450001000000,1967
2140014000000,1933
2840020260000,1979
4240005270000,1998
4940026020000,1933
0740017000000,1933
0640025180000,1989
1740020750000,1979
2340005300000,1988
1660814000000,1980
1540001000000,1933
4040060380000,2000
3440001030000,1933
4180901300000,1999
4740018000000,1933
3640220330000,1999
5530097000000,1971
0440019900000,2000
5040037370000,1975
1040019420000,1978
2340119020000,1933
5540010690000,1996
0340011060000,1982
1340028010000,1991
2840020430000,1989
4980901000000,1998
2340700970000,1980
2540064020000,1933
2040043120000,1933
3540015050000,1982
3840039360000,2000
4540044260000,1997
0240032000000,1933
2040060760000,1979
0940050360000,1980
2480932000000,1999
4740013000000,1933
2340702020000,1981
4540026030000,1958
3440024020000,1933
3140081010000,1969
0940050300000,1971
2040049010000,1933
3140023010000,1933
5440026020000,1933
5040052350000,1933
3540004010000,1933
3940004010000,1933
2040061130000,1983
1840002170000,1978
2040119090000,1933
2140026010000,1933
3840250140000,1990
3440026000000,1933
4180901170000,1999
0340003040000,1933
1580931000000,2000
2440102510000,1972
3640021150000,2000
1350009000000,1967
5240007170000,1933
0440040160000,1933
1040041370000,1992
3740050030000,1933
3840029090000,1999
1630059000000,1929
2540250040000,1933
2040005140000,1972
2880902700000,2000
5040075300000,1988
2840010020000,1933
4140029080000,1972
2340700770000,1980
2540015070000,1933
4340007220000,1933
4560826000000,1978
4640119220000,1933
3540041100000,2004
1540005000000,1933
2140119050000,1933
0850004000000,1967
2040013230000,1958
2540019170000,1933
2540250870000,1998
1580910000000,1999
0540014020000,1998
4940004140000,1959
5550105000000,1967
5380911000000,1999
1980902210000,2000
2840011020000,1933
1740005140000,1933
1880980000000,2000
2450027000000,1967
1030006000000,1951
2350001000000,1967
1640010040000,1933
2580901710000,2000
0440028030000,1933
2940042050000,1933
2840018010000,1933
4140027120000,1933
1840004010000,1933
14200500000EB,1921
2440016460000,2000
0240005060000,1933
4140025000000,1933
4140041050000,1933
4840062000000,1933
1050180000000,1967
1040014220000,1978
4540003440000,1992
1840034190000,1972
2980916000000,1998
2440015090000,1933
2880903250000,2000
4140019850000,1982
2580901300000,2000
5440038050000,1933
3140045200000,1986
3840219060000,1933
5040075320000,1989
0140015030000,2000
1840003060000,1933
2340701940000,1981
2540008000000,1933
3940068040000,1933
1240090020000,1975
1140119100000,1933
2940008000000,1933
0840011060000,1933
0840011140000,1998
1040085120000,1978
1050121000000,1967
2340701910000,1981
2540001142100,1983
2040025620000,2000
5540010530000,1983
1740046040000,1948
2040061170000,1999
4180902970000,2000
2540016060000,2000
3580925000000,2000
1140003040000,1933
2840044170000,1979
2740007040000,1933
1740050890000,2005
1740019800000,1984
3340012020000,1933
3040009010000,1933
4340012000000,1933
2040622270000,1984
4340031150000,1998
4540044290000,1997
4240007010000,1933
0640025150000,1980
1040060350000,1944
1780966000000,1999
1840011040000,1933
3440001000000,1933
1640220350000,2006
3240029060000,1978
5580901710000,2000
5450043000000,1967
1580907000000,1999
5340047060000,2003
3080905000000,1998
4080932000000,2000
4440119210000,1933
1440002050000,1933
2240010350000,1994
2880957000000,1999
2140010170000,1984
3940024130000,1933
0240024030000,1933
2740090030100,1950
0140052000000,1933
3840018060000,1998
0340085440000,1999
2020035000100,1947
4080922000000,2000
5040152220000,1996
1740019010000,1933
3940092370000,1995
2040021350000,1980
1940032090000,2000
3940009060000,1933
0240012100000,1988
3180904000000,1998
0640060690000,1966
1740012040000,1933
1540016010000,1933
4440119180000,1982
0140008020000,1933
4340007240000,1933
1740007090000,1987
5440019080000,1933
2040040020000,1933
5540010240000,1968
1340060230000,1976
2280948000000,2001
0340119910000,2000
0840016260000,1996
2580948000000,1999
4340017040000,1933
4440020010000,1933
2840071150000,1979
1040041040000,1933
4040054000000,1933
2340110870000,2000
4040035320000,2010
1040060160000,1933
1740007070000,2001
2450022000000,1967
0280901980000,2000
3140008020000,1933
4540007000000,1933
3940026400000,1933
4640119530000,2000
3180921000000,1998
4140054050000,1980
2040219210000,2000
0540003130000,1999
1740077090000,1986
4540044110000,1933
1980902480000,2000
1350039000000,1967
3040003070000,1933
3140026030000,1933
3540041040000,1933
2840020570000,1997
5060808000000,1989
2540033020000,1933
4040033060000,1979
2440007010000,1933
4430036000000,1921
1140050050000,1933
4180925000000,1999
0740009060000,1933
5040075380000,1991
4840005000000,1933
0940018080000,2021
2080901450000,2000
2080901660000,2000
4340047010000,1933
5440014080000,1933
2020021000000,1921
2040025660000,2000
4150079000000,1967
5040037310000,1972
4480932000000,2001
0340119070000,1933
1740119050000,1995
4180902040000,2000
3140119260000,1966
5480901160000,2000
2240048000000,1933
5040075650000,2026
2080901400000,2000
2540034000000,1933
3640003010000,1933
5540010970000,1998
5040152370000,2000
2540250640000,1972
5440042000000,1933
1340020000000,1933
4540025050000,1933
2880902470000,2000
4740072110000,1995
1740024640000,2014
0140015040000,2000
1840030060000,1933
2340701980000,1981
0640046000000,1933
2340044070000,1988
2350078000000,1967
1740036010000,1933
3840219260000,1980
20200600000EB,1921
2250044000000,1967
2740037060000,1985
2740062490000,2000
2540001160000,1997
2540019080000,1933
2440017180000,2000
2840071300000,1998
4560810000000,1978
0840040020000,1933
4340015000000,1933
2440017170000,2000
2540019390000,1945
2080913000000,1998
1480957000000,2000
3140043010000,1933
2140050040000,1933
4640050290000,1998
2040060140600,1978
3440019020000,1933
2050012000000,1967
4140013040000,1995
3850007000000,1967
2340016230000,1984
4440036260000,1998
1440007100000,1933
2880902050000,2000
3180950000000,1999
2240214010000,1987
4740027000000,1933
1040015020000,1933
1040038100000,1996
2340700890000,1980
1080909000000,1998
1080921000000,1999
2840123030000,1991
0640025290000,2000
5560806000000,1980
5440025110000,1933
0640035240000,1997
2640002230000,1996
1340219680000,1999
2240003270000,1989
1440050380000,1999
5040052650000,1977
0280901050000,1999
5540009130000,1984
0240005050000,1933
3140857130000,2000
1730020001000,1981
5040060220000,1996
3940024090000,1933
4940033060000,1978
4140015080000,1962
4740035190000,1986
5550090000000,1967
5040052030000,1933
0430035000000,1933
4940030030000,1933
3140074000000,1933
2480902480000,2000
2540019760000,1980
5540012120000,1984
3140007050000,1933
5040011000000,1933
2340044100000,1988
2350087000000,1967
4140018440000,2000
5040007040000,1933
2340010400000,1984
4140031140000,1998
0340003580000,2000
2140119110000,1933
5380903000000,1999
1980929000000,1998
3440019060000,1933
4240016000000,1933
0440011020000,1933
1140020000000,1933
3240006010000,1933
5160804000000,1980
2740052020000,1933
3980933000000,1999
4340019070000,1933
4340050340000,1972
4440004010000,1933
1480929000000,1999
1740057010000,1933
2140119270000,1946
2740050020000,1959
0140011220000,2000
2040023050000,1933
50100640000EB,1963
2140001160000,1981
2720033000000,1947
4140031060000,1990
1040015170000,1978
1040061240000,1963
1840022020000,1933
5540054180000,1996
0340085450000,1999
1550015000000,1967
2040022040000,1949
3540041050000,1933
2140119060000,1933
5340020020000,1933
3440003070000,1950
1040021450000,1997
1050142000000,1967
1780986000000,1999
0640060280000,1933
1950005000000,1967
3560801000000,1980
1440007070000,1933
2880939000000,1999
2580928000000,1998
1340060250000,1968
4140103070000,1997
2380916000000,1999
1780901840000,2000
5150001000000,1967
2440103100000,1996
1680949000000,2000
1840087090000,1933
2840052080000,1933
0540032040000,1933
2340010680000,1990
2540072020000,1933
2340119850000,1994
5340004040000,1933
4180902150000,2000
0540027120000,1972
1040002060000,1933
1740023230000,1983
4740017010000,1933
2540034030000,1933
2540064000000,1933
4440119490000,1998
2840104040000,1991
1380922000000,1999
4740047010000,1952
3940092390000,1995
2430085000000,1948
4550008000000,1967
4940040050000,1933
2040119890000,1998
1340020350000,1995
3440019540000,1980
4180901230000,1999
2250010000000,1967
4940005300000,1996
1740019880000,1995
4150114000000,1967
2340700400000,1980
2340701720000,1981
2360801000000,1979
2540064340000,1998
3140007580000,1996
2040061640000,2000
1380906000000,1999
2540080020000,1933
5440024000000,1933
2640022010000,1933
1050034000000,1967
0240024020000,1933
1740020730000,1961
1050095000000,1967
2580901440000,2000
2580901680000,2000
2840037020000,1972
4140119160000,1997
2340007210000,1998
3240023140000,1997
1840033050000,1933
2540005040000,1933
3040065310000,1978
2040119010000,1933
2080902130000,2000
3040119090000,2000
1350027000000,1967
2880918000000,1999
3180901340000,2000
0140006060000,1933
5580901160000,2000
2580911000000,1998
1940030080000,2000
0850086000000,1967
2540005030000,1933
2540031120000,1933
0280903010000,2000
5380939000000,2000
1040018080000,1960
4140119150000,1996
2540017110000,1933
4240219660000,1999
2640080000000,1933
1940005000000,1933
2440016100000,1981
3640021070000,1933
4540007140000,1933
5140026000000,1951
0140250390000,2007
0140005000000,1925
5040060230000,1998
1940001190000,1997
0340003190000,1983
3440039040000,1933
4180901010000,1999
3250001000000,1967
0140050000000,1933
2540017130000,1933
4080951000000,2000
1280921000000,1999
3940023010000,1933
1440005060000,1933
2340010190000,1978
2540011040000,1933
0640060340000,1995
1040013030000,1933
2440083500000,2000
2980912000000,1998
5060809000000,1989
5580923000000,1999
3640023050000,1998
0580963000000,2000
1740050880000,2000
4640014000000,1933
0150006000000,1967
0640043010000,1933
1280911000000,1998
2040067000000,1933
0640011100000,1998
0840024020000,1950
5580901460000,2000
0650010000000,1967
4440026070000,1972
0380904000000,1998
1040031050000,1998
2740009090000,1933
4940032050000,1933
3140073730000,1977
5140018000000,1933
3350001000000,1967
3740050010000,1933
1740008020000,1933
0540005050000,1999
2340119660000,1989
22201190000NB,1983
2740062170000,1933
4140009220000,1991
0540027430000,2000
5540085100000,1997
2080901050000,2000
2540218010000,1976
2860808000000,2002
0140007010000,1933
1040060050000,1933
1040160140000,1999
2540023010000,1948
1140012080000,1933
3940092410000,1995
2740062110000,1933
2340007120000,1991
4040062050000,1979
1880929000000,1999
2340016470000,1991
2340119610000,1989
2440102500000,1972
5240020100000,1954
3840026000000,1933
4540005020000,1991
5440068020000,1998
2140023000000,1933
4140008100000,1996
2840010250000,1998
4140054010000,1961
4360803000000,1979
0240011080000,1933
1440029040000,1933
5480901400000,2000
3940009000000,1933
0940005090000,1933
2240003010000,1933
2740037000000,1933
0640002130000,1971
2630089000000,1929
2840015090000,1997
0640017230000,1996
4340050120000,1933
1440050280000,1933
3040252510000,2000
5340035020000,1933
2840019060000,1933
4150043000000,1967
3940092460000,1995
2440016290000,2000
0380960000000,1999
2140001070000,1933
5140032040000,1933
1750017000000,1967
2340010410000,1984
2480901520000,2000
3840018050000,1933
0340024000000,1933
1430028000000,1921
3140007630000,1996
3480937000000,2000
2880901680000,2000
4140003950000,1994
1540011000000,1933
1940032040000,2000
2440102030000,1972
4440026060000,1933
0440040100000,1933
3140061020000,1933
1380918000000,1999
1740019220000,1933
2850011000000,1967
2540046010000,1933
3140045350000,2000
1880958000000,2000
2940011020000,1933
4740019060000,1933
4740029000000,1933
1050032000000,1967
2140033140000,1978
0540012000000,1933
0840013110000,1986
3740003050000,1933
1340029050000,1991
3940026230000,1933
1980902170000,2000
0240007340000,2000
1340043020000,1933
0940023050000,1933
4940009040000,1933
1040060810000,1994
5580966000000,1999
3140076070000,1933
0940026020000,1933
1740012230000,2000
3240023000000,1933
1440220030000,1933
1540066200000,1963
4040007040000,1995
4540014050000,1933
1340009050000,1933
5240009020000,1933
0650015000000,1967
4440029060000,1933
4680943000000,2000
0640064040000,1987
0440004120000,1933
1980907000000,1998
2740010010000,1979
1540007100000,1997
4040062150000,1995
0380921000000,1999
3440041140000,1978
4180902830000,2000
2040012070000,1933
4940005230000,1933
1740025140000,1965
4940001050000,1933
0240037010000,2022
0150010000000,1967
2640048010000,1933
2340016060000,1943
4540003550000,1998
1740119290000,2000
4740032110000,1933
5440014150000,1975
1240220080000,2004
1180904000000,1999
3940040000000,1933
0640028020000,1998
3140007260000,1933
2450006000000,1967
3640018030000,1998
0940006040000,1933
0940023070000,1998
2340013010000,1989
2080901860000,2000
4340027000000,1978
0540003140000,1999
3140025070000,1933
3640006000000,1933
1780901620000,2000
2140008030000,1933
5340005010000,1933
4940030160000,1933
5580996000000,2000
0840026060000,2000
1040160030000,1997
3040065390000,1984
2640021120000,1949
2440016190000,2000
3140053060000,1984
0840011000000,1933
1340013000000,1933
1980973000000,1998
2040060930000,1980
1740050110000,1933
2180901000000,1998
0740006000000,1933
2880980000000,1999
3040052940000,1992
4340018020000,1933
2740062480000,2000
1050049000000,1967
1140013030000,1933
2040081000000,1933
1540016070000,1948
2040026040000,1933
2440102180000,1972
1340030090000,2005
1740022000000,1933
1050057000000,1967
3740020010000,1933
2540036030000,1933
2540250530000,1943
5440025040000,1933
4540044120000,1933
1040016340000,1983
1050173000000,1967
5440030040000,1984
3640021060000,1933
4640006040000,1933
2740017080000,1933
3440039470000,1999
0640160010000,2002
1740012200000,1995
2340005290000,1988
4140019820000,1981
3780902000000,2000
1640259010000,1945
3140025120000,1987
4040048020000,2000
1040018050000,1994
2440102110000,1972
1340027050000,1990
0640160090000,1999
4140041250000,1980
0280948000000,1999
3140048080000,1933
2440052190000,1973
1380932000000,2000
3040080010000,1949
5540097190000,1996
2080901260000,2000
0140038000000,1933
4540044140000,1933
0240026080000,2000
3380909000000,1998
5140008000000,1973
5140018030000,1933
1040021540000,1998
1050043000000,1967
2340700010000,1980
4340015030000,1933
4440007030000,1933
1440045180000,1944
4440036080000,1933
3750007000000,1967
4240066010000,1933
5550110000000,1967
2040085000000,1933
2040049000000,1933
1040019540000,1982
4640009120000,1933
4240021000000,1933
1340036030000,1933
0540014040000,1983
1740020760000,1980
2540250700000,1972
5440016060000,1933
5440021140000,1933
2640007040000,1933
1040612080000,1998
1340029030000,1933
5140020370000,1996
0730016000000,1921
4140003270000,1933
4140012180000,1980
2280915000000,1999
2080916000000,1998
3650027000000,1967
2840044220000,1979
4180918000000,1999
4140116080000,1999
0140119180000,1985
2540074010000,1933
0240009310000,1972
2040044010000,1933
3080903000000,1998
3440020500000,2002
3240012230000,1998
2340701230000,1960
0280939000000,1999
1750088000000,1967
4540044180000,1998
4140003890000,1994
2480901770000,2000
3340015000000,1933
4140030080000,1999
2540015060000,1933
1740007010000,1933
1740008060000,1933
2040086000000,1997
4040010020000,1933
1880947000000,2000
5540004080000,1996
1340031020000,1933
4750001000000,1967
5040701380000,1980
4940004160000,1964
2540011050000,1933
3940080070000,1933
2340110750000,2000
4640119020000,1933
0640049030000,1973
1980927000000,1998
3180901290000,2000
2340005560000,1990
2440103180000,2000
1040060320000,1944
1050134000000,1967
3140019400000,2000
2340116180000,2000
3940011010000,1933
5040152160000,1992
4140033040000,1933
4440013300000,1998
3140019330000,1988
4540007170000,1933
2480944000000,1999
0280902950000,2000
4040060080000,1933
4440020060000,1933
4040062330000,2000
0440011010000,1933
2040007050000,1933
2940003000000,1933
3180901270000,2000
4740007010000,1933
1040061980000,2000
2040119460000,1973
2080902190000,2001
0240011030000,1933
5040037590000,1998
0380902000000,1998
3380960000000,2000
1740019060000,1933
3040065710000,1998
0640010270000,2000
3140019080000,1933
0380901620000,2000
1280927000000,2000
2740015120000,1996
4150137000000,1967
5140020250000,1979
0740016330000,1933
3180907000000,1998
4940046020000,1933
1740019610000,1952
1840002080000,1933
4240219180000,1981
0280902990000,2000
0240051070000,1933
2880964000000,1999
3240008010000,1933
2080952000000,1999
3940080050000,1933
3140012000000,1933
3150037000000,1967
1140119360000,1986
0740003020000,1933
2540064090000,2012
1730270000000,1995
2140020020000,1933
5440050690000,2006
2340700580000,1980
3040065330000,1978
3040065640000,1996
2540048060000,1933
0140028010000,1933
3440041090000,1933
2240010320000,1992
5040152290000,1998
4140019090000,1933
4050014000000,1967
4040062170000,1999
5040013050000,1933
2140048070000,1982
2880934000000,1999
3140857090000,1996
4140016200000,1972
3340001000000,1933
1040060270000,1933
1840033200000,1985
4240219790000,2000
5540097070000,1979
5540971160000,1996
4340031060000,1933
4140054090000,1981
4040011100000,1997
0140016020000,1933
0240045180000,1982
1340027030000,1933
1750066000000,1967
2240010270000,1990
1040025040000,1933
0840022030000,1944
3740001100000,2000
5440022040000,1933
2040035200000,1981
4040037000000,1933
0340003370000,1999
2480901390000,2000
0140002040000,1933
1040015180000,1978
1040021570000,2000
0280903470000,2000
1140006000000,1933
2430083000000,1929
2740072040000,1933
2340005240000,1984
0850061000000,1967
2080908000000,1998
1440050310000,1946
1040020000000,1933
1840021390000,1933
2540019230000,1933
0640002160000,1972
3040252120000,1998
2740002300000,2000
2040011050000,1988
4980916000000,2000
2840003070000,1933
2240034060000,1943
2250007000000,1967
2340702400000,1998
5540971170000,1996
3940056020000,1933
2640088330000,1996
3080918000000,1999
4440036100000,1933
5440047070000,1933
3840219390000,1996
3440026020000,1933
0450017000000,1967
1040041340000,1978
4240219070000,1933
2580924000000,1998
5440025060000,1933
0640043070000,1995
2040015010000,1933
2040011020000,1933
0240051100000,2002
4440044000000,1933
1340015100000,1968
0240019090000,2000
20100790000NB,1969
1340219120000,1965
0280902960000,2000
0440019340000,1933
1540208000000,1977
0280901070000,1999
2430010000000,1951
4640119080000,1933
4140103230000,2000
1980966000000,1998
4180902610000,2000
4940011090000,1933
1340060410000,1984
2440001130000,1984
4140016500000,1984
3040052920000,1992
3740022020000,1933
4240062010000,1933
5540018000000,1933
15200300000EB,1930
4640050010000,1933
3180948000000,1999
2340013000000,1982
2540019210000,1933
2540021040000,1984
2040041070000,2000
1050012000000,1967
2340210050000,2000
2440016200000,2000
52202500000NB,1921
0940011040000,1933
3440019440000,1975
3180974000000,1999
0940052020000,1933
3040065500000,1990
1740005160000,2001
0440019140000,1933
2040015080000,1933
1040009200000,1997
2340044230000,1992
2140119340000,1981
0840001020000,1933
5340014230000,2016
0280901620000,2000
4340031070000,1933
3940007280000,1933
4180943000000,1999
0840018010000,1933
2540019220000,1933
0640002190000,1980
0640002350000,1999
1660802000000,1979
0940010060000,1955
4940001040000,1933
2540073210000,1985
2580910000000,1998
5440021210000,1970
2340116070000,1996
1040612060000,1997
1350016000000,1967
2850053000000,1967
5040075630000,2004
3040014040000,1978
3640220180000,1998
0180905000000,1999
1140119160000,1933
2740029070000,1933
4940020210000,1933
2940002000000,1933
2740086000000,1933
0940055010000,1977
1140039020000,2026
0540005020000,1999
4040060040000,1933
4080959000000,2000
2440102760000,1999
0380974000000,2000
4140003230000,1933
4140004000000,1933
1050138000000,1967
2540020050000,1998
3580911000000,1999
2040049140000,1998
2040061360000,2000
1740020770000,1984
0850072000000,1967
3840027010000,1933
0280989000000,1999
2450084000000,1967
0580982000000,2000
0240019040000,2000
1440012020000,1933
2040061540000,2000
4140009070000,1933
5040152380000,2000
5580944000000,1999
5580976000000,1999
2040039020000,1933
4080907000000,1999
1040018280000,1998
2040070010000,1933
2040079030000,1942
2030501000000,1975
4340050490000,1998
3040080120000,1998
2450016000000,1967
5240015000000,1933
3150069000000,1967
2040013220000,1959
2880903690000,2000
2840019330000,1977
2340005160000,1983
3340522080000,1997
0140056000000,1933
3840016010000,1992
0640033000000,1933
1540036000000,1933
1040019390000,1978
5540006050000,1976
1750098000000,1968
4140119310000,1998
5140020010000,1933
5040252230000,1999
2040119170000,1933
4340026000000,1933
5440014030000,1933
4660810000000,1980
4180901700000,2000
1340219660000,1999
3180919000000,1998
3840001190000,1949
4340016190000,1933
1940015110000,2001
3840039060000,1998
5240052000000,1933
0440024100000,1933
3240219410000,1995
4730150000000,1964
0640001120000,1978
0640060010000,1933
0640064790000,1992
2240046070000,1998
2840016200000,1981
2340010430000,1984
1040023010000,1933
2540031040000,1933
3840001040000,1933
5440050630000,1998
5480901370000,2000
1330311000000,1948
2880903490000,2000
3340038130000,1975
4840002100000,2026
2040025020000,1956
1780901890000,2000
3240219320000,1978
2840019480000,1983
3840031150000,1999
0380983000000,2000
2240032020000,1933
2340011080000,1990
1840018010000,1933
2040160130000,1999
2040214150000,2000
1440028050000,1933
2640060000000,1933
5040052680000,1981
2840031030000,1981
2840044300000,1996
2040061790000,2000
0640017250000,2002
2040039010000,1933
3140015070000,1933
0140025020000,1933
3540041020000,1933
3380935000000,1999
2240015030000,1998
4140008110000,1996
1050068000000,1967
3850009000000,1967
4340047180000,1933
2450080000000,1967
5440047030000,1933
1980902050000,2000
2040061440000,2000
2040076040000,1996
1340044070000,1999
2240037010000,1933
1740019490000,2001
2340007050000,1980
3040049050000,1959
5440003050000,1933
2040029040000,1933
1940015010000,1933
2340016890000,1993
3940026170000,1933
3240003030000,1933
1540008160000,2004
4140019410000,1977
1050135000000,1967
1840010040000,1933
4240036000000,1933
4240045060000,1933
1740003190000,1999
1480927000000,1999
2340005550000,1990
4140041340000,1995
3540024000000,1984
1060802000000,1978
0940015080000,1933
2040060280000,1933
4940020020000,1933
3040065830000,2016
5550100000000,1967
3980913000000,1999
5380922000000,1999
2640002070000,1974
3140045030000,1933
0180906000000,1999
0240034030000,1933
2350021000000,1967
3540040030000,1933
4550018000000,1967
5040252120000,1999
4240151000000,1995
4340011080000,1933
5530054000000,1957
1780903000000,1998
2840038000000,1933
1680907000000,1998
2440052070000,1933
0340003250000,1992
0680914000000,1998
3440019210000,1985
4180903070000,2000
0840001210000,1998
2840015080000,1997
3340038090000,1933
1040060400000,1944
1140005160000,2000
5440021400000,1982
3140043040000,1933
2080995000000,2000
3140062000000,1933
1340060160000,1933
1340065000000,1980
0940048000000,1933
5030008000000,1922
2840071310000,1998
4540029000000,1933
4140119190000,1997
4240015030000,1933
5080938000000,2000
1040002040000,1933
2280947000000,2000
2340005380000,1989
3340522010000,1975
4150094000000,1967
1040060890000,1996
4340005070000,1972
1340041020000,1961
2380903000000,1998
4340016150000,1933
2540078000000,1933
0340119460000,1978
2140119130000,1933
2040061300000,1999
4760823000000,1980
3840012010000,1987
2340016410000,1991
1740050640000,1996
3140067170000,2004
1340219080000,1933
3340009030000,1933
3980905000000,1999
5440007040000,1933
5240028010000,1933
0640064510000,1990
2740031010000,1933
4180901560000,2000
4140019500000,1979
0640031150000,1997
2440016610000,2000
3640021050000,1933
2040077010000,1933
3140075040000,1933
4840042030000,1933
5040011020000,1933
5540010230000,1933
4640013380000,2000
2740008000000,1933
4140008030000,1972
0640025160000,1984
4740072010000,1933
3840219180000,1943
2340700840000,1980
3040003090000,1986
2640002060000,1958
3540056000000,1969
1740050290000,2001
2140019160000,1933
2040004000000,1933
2880902440000,2000
5040003000000,1933
2340701990000,1981
5440003210000,1933
5040007320000,1990
1840087010000,1933
2840020810000,1998
4180901210000,1999
2880996000000,1999
3040049340000,1994
5580901690000,2000
2040016050000,1976
2340110630000,1999
1340005040000,1952
1430004000000,1943
2240062000000,1933
4140003650000,1981
2840460250000,2023
1050026000000,1967
3840028160000,1933
2580901880000,2000
3950039000000,1967
4040035280000,2000
4140016490000,1984
2040064100000,1996
3140059040000,1982
3440024120000,1975
4140003410000,1972
3240219200000,1933
4140054210000,1999
3980901110000,2000
2140050060000,1922
0940016020000,1933
3440019600000,1988
3140076110000,1933
4240045030000,1933
0640060520000,1962
3140044020000,1998
5040035030000,1933
1740046050000,1948
0680906000000,1998
2740007010000,1933
4940020220000,1933
5140006000000,1933
2480902600000,2000
0850048000000,1967
1040060490000,1958
0240011050000,1933
0440021000000,1933
1440014000000,1933
2440052080000,1933
2040060830000,1980
4240002000000,1933
4150023000000,1967
0280933000000,1999
2040015060000,1933
0380901200000,2000
1750071000000,1967
4140001240000,1968
1740020420000,1933
2340009470000,1992
4740021000000,1933
0140119090000,1933
1050181000000,1967
0440022040000,1933
12200500000EB,1921
2040060560000,1974
3140065030000,1933
1140046030000,1933
0640031380000,2004
2340003150000,1978
1040066650000,1980
0440042020000,1933
3140055050000,2000
3230122000000,1974
1040018010000,1933
3940092250000,1955
5440021710000,1996
0740012060000,2020
1340060270000,1943
2240014070000,1977
0650027000000,1967
0640002260000,1984
1940009090000,1994
5480901380000,2000
5240058010000,1933
1980901620000,1998
3440039220000,1952
2850018000000,1967
0940044010000,1933
0740015050000,1933
3180940000000,1999
2840020930000,2011
2980969000000,2000
4280914000000,1999
4340007050000,1933
1740005250000,1982
2640001000000,1933
2040072030000,1974
3440019240000,1933
2840019370000,1980
4980920000000,2000
1640010000000,1933
3940052040000,1933
5440002230000,1984
5440030010000,1933
1440050200000,1933
4030869000000,1996
2340119840000,1994
2440008080000,1999
0440004180000,2001
2940046150000,1986
1040015210000,1979
1740005010000,1933
4440003060000,1933
1440028020000,1933
1080924000000,1999
1140119190000,1933
1240028260000,2000
4240033130000,1995
0340001150000,1995
1640220040000,1933
5440014040000,1933
5040013000000,1933
1930009000800,1983
2440083180000,1947
1440003000000,1933
1040061350000,1978
2080902160000,2001
0640060420000,1970
1580936000000,2001
0140022010000,1933
1940027000000,1933
4640003110000,1933
0740002090000,1933
2240010230000,1990
3180911000000,1998
5440034070000,2010
1640011000000,1933
4340034050000,1933
3040252550000,2000
5040037550000,1998
11100790000NB,1968
2040061760000,2000
4140008060000,1973
2840010200000,1997
4730072000000,1933
2540001000000,1933
0850067000000,1967
1040019740000,1998
2450030000000,1967
1080916000000,1999
0940020030000,1933
1740012210000,1995
1740024410000,1995
1140046020000,2012
2740052030000,1933
3350008000000,1967
1040038170000,1997
2040081120000,1975
2540250430000,1933
0540005070000,1999
2040013140000,1933
4140001270000,1980
4140001410000,1994
4940012050000,2001
2740028030000,1933
1840033110000,1933
1940015020000,1933
0380944000000,1999
0840013130000,1996
3240219430000,2000
1040061380000,1978
3840015010000,1933
4040008010000,1933
2440017080000,1989
4540044190000,2013
3140060040000,2005
4140119230000,1997
2540073270000,1988
2540250710000,1972
1540007050000,1933
2040043080000,1933
4040029020000,1933
2440102520000,1972
3940013010000,1933
2040061570000,2000
5550088000000,1967
25100790000NB,1971
0240036010000,1933
4840060030000,1933
2140007100000,2026
3840001060000,1933
2040046050000,1933
5040037420000,1992
1340020120000,1967
4640007040000,1933
4140036060000,1998
1240050130000,2018
5580955000000,1999
0380975000000,2000
1380916000000,1999
1140035120000,1933
2480989000000,1999
3040049190000,1984
3740050080000,1996
1640011020000,1933
0640042210000,1999
3140003010000,1933
0440004390000,2000
0940015020000,1933
4140119350000,1998
0440004550000,2004
3840021000000,1933
5440050050000,1933
3840039250000,2000
3840219160000,1952
4560804000000,1978
2840019550000,1993
1040061500000,1978
2080901550000,2000
2580999000000,2000
0440024040000,1933
3140067020000,1933
0140005040000,1933
1040061480000,1978
3040003080000,1933
3940092180000,1933
1440013020000,1933
2540064530000,2004
2740041070000,1933
2340010450000,1984
0440040010000,1933
1440008010000,1933
2250016000000,1967
4140016250000,1972
1040060660000,1980
3040252020000,1996
4040060260000,1980
1040020070000,1952
1940025150000,1990
4640056000000,1922
3440019220000,1933
5080910000000,1999
3030008000000,1922
2080902320000,2001
4340047070000,1933
0140036030000,1933
2440102700000,1972
4640003020000,1933
5140020050000,1933
2340005000000,1933
4140025010000,1933
4740032270000,2000
4730092000000,1947
1740035000000,1933
4640013110000,1933
4940032000000,1933
2740044050000,1933
4140016760000,1998
1040001060000,1997
2840020220000,1976
3180995000000,2000
4140004170000,1984
1840019050000,1933
2340702090000,1981
3040065740000,2000
4240028000000,1933
5580901540000,2000
3150041000000,1967
0340119860000,2000
0940010050000,1933
2040069010000,1933
3140070020000,1933
2540015140000,1946
5540016350000,1996
2640088240000,1986
2340119600000,1989
2440016090000,1980
1340060810000,1998
1040006020000,1958
1440220140000,1989
1540002230000,2000
2040079100000,1990
2880926000000,1999
4140119320000,1998
0340119570000,1988
5140024040000,1933
2040010020000,1981
1040016300000,1978
2040043100000,1933
1880961000000,2000
5440047010000,1933
2140119360000,1995
5230007001000,1989
5340007030000,1933
4240005200000,1972
2880902570000,2000
3180901630000,2000
1140026030000,2016
1140011010000,1933
0140016080000,1998
2440102210000,1972
3540011000000,1933
1740119090000,1995
4180903240000,2000
1740019370000,1976
0240051040000,1933
0640060880000,1978
0740012030000,1933
4140019060000,1933
3040006050000,1980
3040009000000,1933
2080923000000,1998
3640003070000,1973
5480973000000,1999
3940014090000,1933
1980901380000,1998
2240003430000,1996
3140069220000,1995
2840010070000,1933
4140019530000,1980
4240032020000,1933
2540091040000,1989
0640064550000,1990
5240001060000,1933
0640001220000,1998
3530088000000,1930
1340026030000,1933
4640119450000,1984
1980902630000,2000
2340002010000,1933
2540017000000,1933
5340053030000,1933
0240024010000,1933
4180902380000,2000
1440050470000,2005
3340024000000,1933
5540052140000,1989
0340002000000,1933
2040085020000,1933
5040030010000,1933
1940025090000,1988
0240018010000,1933
4240219570000,1999
3640009080000,1998
4680926000000,2000
1740023320000,1995
1840005000000,1959
4440032030000,1933
1980951000000,1998
2740017030000,1933
1340062050000,1992
2440003000000,1933
3350020000000,1967
4140041360000,1996
4840001040000,1933
1040060150000,1933
3140009010000,1933
3140037030000,1933
0740015020000,1933
2540066080000,1933
10100770000NB,1975
0280903120000,2000
0280937000000,1999
3940026150000,1933
3150076000000,1967
1040021330000,1982
0280903340000,2000
1440028100000,1972
2040021060000,1933
4050011000000,1967
2840044240000,1983
4180903230000,2000
2840019540000,1992
3240023110000,1974
1880936000000,1999
2240003450000,1997
2880988000000,1999
2740088000000,1933
1740019670000,1979
2480986000000,1999
1740004090000,1933
2580901780000,2000
4340050110000,1933
5040018020000,1933
2440013050000,1998
2440017090000,1989
4640028070000,1933
2180929000000,2000
4240250020000,1933
0240011140000,1945
2440052910000,2000
1730057000000,1933
4180901980000,2000
2240036020000,1991
2880902670000,2000
4140006160000,1981
5050001000000,1967
3980901180000,2000
2040079380000,1999
0680950000000,2000
2880902720000,2000
3240011030000,1933
4150075000000,1967
4740032090000,1933
4240046070000,1971
2040027050000,1973
2640034070000,1949
2340110820000,2000
1080903000000,1998
2740058020000,1933
1840032090000,1933
1680919000000,1999
0140030050000,1933
1940028040000,2000
2140033190000,1979
3150077000000,1967
1540009170000,1999
2440102410000,1972
4560853000000,1992
4140119380000,1998
2240034020000,1933
3240219190000,1933
3340013100000,1933
4840068000000,1933
1340060260000,1944
3940086060000,1933
4450005000000,1967
0240009370000,1990
2330073000000,1994
2440052380000,1995
5440014480000,2008
2550003000000,1967
0640031140000,1996
2040023070000,1933
1040019690000,1997
0640160260000,2000
5040002020000,1982
1840013140000,1933
4140009190000,1989
1040060940000,1997
1040061840000,1997
4240219380000,1991
1550014000000,1967
2340016520000,1992
0340119530000,1980
2840024190000,1998
1740024610000,1999
4140042020000,1991
1780959000000,1999
3040065630000,1995
1040009090000,1959
1040018150000,1978
2340044050000,1986
0740010050000,1933
0940048010000,1933
2340701040000,1980
2040622400000,2000
4440011020000,1933
4080933000000,2000
2450031000000,1967
5140020260000,1980
5040001000000,1933
5540006020000,1933
1780902160000,2000
3840250160000,1996
3940012000000,1933
4680939000000,2000
3440032020000,1933
4180973000000,1999
4140003430000,1972
4040056000000,1933
1940009040000,1933
1350017000000,1967
2040060110000,1933
4940011190000,1933
4140004260000,1998
3240024150000,1981
2980954000000,2000
4340007200000,1933
1780901240000,1999
0640064360000,1989
1980902710000,2000
0540027050000,1933
4880901000000,1999
1040061660000,1993
2540036010000,1933
5040024000000,1933
1880905000000,1998
1040014380000,1998
5550050000000,1967
1350020000000,1967
4560851000000,1978
0440022060000,1933
3340013120000,1993
3040049150000,1978
4240037070000,2015
5540019340000,1978
5440021720000,1998
2640068010000,1933
2440102190000,1972
1140001060000,1933
5140009040000,1996
0940023020000,1933
0840017000000,1933
1840012000000,1933
2040119870000,1998
1440028220000,1995
2040033290000,1994
3140043000000,1933
5140015150000,1933
4940002020000,1933
2040025470000,1983
2640035160000,1993
4040035150000,1972
0140026040000,1933
5140048020000,1933
1740020180000,1933
1740025220000,1984
3840001220000,2011
2040047250000,2000
3040252320000,1999
0580934000000,2000
4640119200000,1933
5340005050000,1998
2040049160000,2000
1340041030000,1981
2040003180000,1998
5040003090000,1987
5040020000000,1933
0440022170000,1933
2980904000000,1998
2340010940000,1994
2480965000000,1999
1040017160000,1997
1840002230000,1996
3040052110000,1933
3980974000000,2000
1280902000000,1998
3950028000000,1967
2580901560000,2000
4440009070000,1975
1040020150000,1978
4180902140000,2000
2240011030000,1993
0640025060000,1933
1040025240000,1998
2480902400000,2000
1840003030000,1933
4040046020000,1992
3640032000000,1933
0440005100000,1974
3440013070000,1933
2840016110000,1973
5040075290000,1988
1040017000000,1933
1050091000000,1967
3040052310000,1967
0340094010000,1995
2080901930000,2000
0540001010000,1933
1740023380000,1999
5440050610000,1998
2850038000000,1967
1160802000000,1979
4940030130000,1933
3180968000000,1999
5140015280000,1999
3740028010000,1933
2540250600000,1974
5440004110000,1965
0260825000000,1980
1040021630000,2000
4240039010000,1933
5380934000000,2000
2040031000000,1933
4440020040000,1933
0380996000000,2000
4840180010000,1997
2040160110000,1998
2840037000000,1967
3940026070000,1933
0440040140000,1933
1240005000000,1933
4180902090000,2000
2340010770000,1991
1840002070000,1933
1580915000000,1999
2040043000000,1933
2640002120000,1981
4540009010000,1933
1340019000000,1933
4560803000000,1978
2240008040000,2005
1050123000000,1967
2040119380000,1979
3940052030000,1933
5440021290000,1933
2440083460000,1998
3140066010000,1982
1340044030000,1933
2040005180000,1979
0840011070000,1933
1740019640000,1974
3020052000500,1965
4440002060000,1933
2640250150000,1933
2840025000000,1933
2040074010000,1933
0680938000000,2000
1740020660000,1948
1840017010000,1933
2640015010000,1933
2040072040000,1982
0440010050000,1933
3180901490000,2000
0280902840000,2000
2540080000000,1933
2640250090000,1933
2820021000000,1921
0440022150000,1983
5040003150000,1996
2580980000000,1999
3480903000000,1998
0340003230000,1991
1980977000000,1998
3140061000000,1933
4140003080000,1933
0640011050000,1990
1040060670000,1980
5580935000000,1999
4440005090000,1969
1240003050000,1992
2040061260000,1999
1340036080000,1980
2840007080000,1979
5580960000000,1999
2640068020000,1933
4150149000000,1967
2040005020000,1933
4140018070000,1980
3940057050000,2001
4440119040000,1933
2140021010000,1933
2740003070000,1980
1340060760000,2021
2880903680000,2000
2340015000000,1994
0140011100000,1933
1040019750000,1998
3440039520000,2000
4140003350000,1949
3340038070000,1933
2540019020000,1933
5440034030000,1951
0640046010000,1933
4550015000000,1967
1080910000000,1998
4150133000000,1967
2240050010000,1933
2760802000000,1978
2340007030000,1933
3040002030000,1985
2540090040000,1984
2640022020000,1933
3150042000000,1967
2340005320000,1989
1340030130000,2024
0140012020000,1933
0840046020000,1984
3840029030000,1933
5040041030000,1933
5240084020000,1933
2250020000000,1967
2480962000000,1999
01202500000NB,1921
3140041010000,1933
1140005030000,1968
2040079410000,2000
4180903190000,2000
2280929000000,2000
2340003090000,1961
2340005070000,1933
1140015000000,1933
5540006010000,1933
0340003500000,2000
1440004040000,1933
4230015000000,1921
0440011110000,1982
3140027020000,1933
0280903100000,2000
1040010020000,1939
2440083280000,1980
3380922000000,1999
4040024000000,1933
5540001060000,1982
2840052470000,1998
3540065000000,2004
0740020060000,1933
2880902200000,2000
4140001300000,1980
1050006000000,1967
2040622030000,1978
2580901270000,2000
3980963000000,2000
2040029010000,1933
1880926000000,1999
0580961000000,2000
3940026810000,1984
0640017240000,2000
0640035110000,1974
4040018050000,1953
5540009050000,1933
1080911000000,1998
1340012140000,1999
1780902000000,1998
5380910000000,1999
2040049130000,1998
4030817000000,2010
2640090000000,1933
2450072000000,1967
4440029010000,1933
2040079360000,1999
3240003280000,1993
4140018280000,1984
17200190000NB,1933
4840026000000,1933
0280901350000,1999
1740032050000,1989
2840071140000,1978
3840039070000,1998
4140016290000,1979
2540058100000,2002
4740018040000,1998
2340110180000,1997
3540003000000,1933
4740001150000,1933
3440041120000,1966
0740016450000,2000
5040007170000,1980
2830108000000,2024
3040049420000,1997
2080902040000,2000
2040066010000,1933
1340060870000,1999
2340012030000,1993
2040021010000,1933
1140047020000,1933
0840011100000,1933
3340038140000,1968
4080953000000,2000
3640001010000,1933
3440030000000,1933
5140038000000,1933
2240017000000,1933
2550020000000,1967
0640010230000,2000
4450003000000,1967
4440119090000,1933
2740016050000,1984
3440011000000,1933
5140042030000,1933
2840019380000,1980
4140018240000,1980
4140116210000,1999
4840032000000,1933
3040006160000,1990
3750014000000,1967
5040029140000,1976
2340119770000,1992
3180901220000,2000
1040025160000,1997
1040060210000,1933
5540052070000,1977
5450040000000,1967
2340016940000,1995
2340119500000,1984
1340003020000,1952
1040612030000,1997
3040065690000,1996
3840028120000,1933
1740011180000,1982
3930071000000,1949
0640045020000,1998
4180904000000,1998
4130012000000,1933
1740020030000,1933
1740023210000,1975
2040044000000,1933
2880901130000,1999
0440034030000,2006
5140024010000,1933
1440050370000,1998
5040032080000,1933
3940007340000,1973
0640025090000,1933
3340009390000,1997
3340012030000,1933
4240219030000,1933
5580956000000,1999
3940052000000,1933
3140019310000,1987
4040016030000,1933
2140024000000,1933
0240012000000,1933
2880901910000,2000
3240015030000,1933
4840022000000,1933
0140119050000,1933
5440017060000,1933
4640119410000,1980
3380942000000,2000
0840050020000,1996
3140015060000,1933
5040007530000,2000
2340016870000,1993
2140017020000,1933
3840219510000,1999
4640077020000,1958
0640023060000,1997
4140041140000,1979
5550117000000,1967
5550161000000,1968
4440020000000,1933
1080935000000,1999
3940092260000,1955
3980960000000,2000
1540007040000,1933
5040007390000,1994
3640024010000,1998
2840020770000,1998
5340034010000,1933
1340060630000,1995
0840011150000,2000
2440161060000,1998
4140030000000,1933
1040061080000,1933
2340702420000,2000
2040119600000,1979
2650011000000,1967
1040019800000,1998
0280901120000,1999
4140116130000,1999
4140054080000,1980
2340014060000,2023
3140055030000,1978
3440011020000,1933
3440022010000,1933
2840019520000,1991
1740019150000,1933
2480902640000,2000
2040119590000,1979
2040047240000,2000
2340016420000,1991
2040060700000,1979
2040003170000,1996
2840123050000,2007
1750026000000,1967
1240220210000,2010
2040119070000,1933
5040029190000,2005
4740043060000,1933
4730045000000,1966
5540016180000,1980
0340026090000,1999
4680931000000,2000
2840020030000,1976
4140099010000,1980
3040065180000,1952
5050035000000,1976
5050037000000,1976
2440052160000,1947
0240014020000,1933
0940007020000,1933
3240219180000,1933
4840007050000,1933
0280901100000,1999
2350057000000,1967
4240151080000,2007
1740024070000,1933
2480901580000,2000
2540015110000,1946
3040013020000,1933
2580901040000,2000
4540003470000,1997
2040061780000,2000
3440039060000,1933
0840008020000,1933
1740020280000,1933
2340009220000,1989
5440014380000,1999
4040032010000,1953
1050146000000,1967
1440028200000,1978
1480936000000,2000
1540066060000,1933
5240064010000,1933
3440094110000,2012
0840050030000,1996
0640042070000,1988
4440021000000,1933
3940001110000,1933
4640119170000,1933
0640060910000,1980
1140052040000,1933
0740026010000,1933
1040018000000,1933
2540009020000,1933
1940017030000,2005
2440102150000,1972
1980988000000,1998
0640017190000,1990
5540052200000,1996
1680956000000,2000
0640031330000,1997
0640043020000,1933
1840056030000,1979
0440013050000,1933
2880902060000,2000
0340017060000,1997
0580979000000,2000
1750078000000,1967
1780926000000,1998
2140001080000,1933
3940026460000,1933
1040023090000,1973
1740001000000,1933
1440050210000,1933
0440035040000,1933
4740011010000,1933
4840034020000,1933
1840002250000,1997
1840013120000,1933
2540024000000,1933
2640020000000,1933
0380901250000,2000
0240015000000,1917
0140009000000,1933
0150009000000,1967
1040041140000,1933
2450037000000,1967
3640021020000,1933
5540010020000,1933
4140019880000,1982
4540024000000,1933
4640013140000,1933
2740072010000,1933
2740090000000,1933
3140100020000,1995
5040005070000,1999
0140119010000,1933
0940001020000,1933
5540052060000,1994
3940094000000,1933
2040046110000,1998
3140024000000,1933
4040011000000,1933
3940007080000,1933
3940024100000,1933
1140119180000,1933
1440012040000,1933
5040075090000,1965
2380901000000,1998
3940092010000,1933
5440002030000,1933
1480946000000,2000
1540066180000,1995
4740045040000,1985
1140015130000,1933
2040119630000,1979
2540044010000,1933
3650006000000,1967
5480901200000,2000
5340035080000,1933
3440019590000,1987
4840018220000,2000
1640007100000,1996
3480905000000,1999
2140015050000,1974
4940038020000,1933
2880902460000,2000
4950003000000,1967
2540003020000,1933
2040114080000,1996
1940009050000,1933
1940017080000,1992
1980902510000,2000
4140013010000,1933
4150093000000,1967
1940025000000,1933
1940025130000,1990
4940022020000,1933
2740054020000,1933
2540044040000,1933
2540054070000,1969
2540058070000,1997
1440050360000,2000
1040020190000,1997
0580919000000,1999
1780901750000,2000
5240036010000,1933
3440039110000,1933
4180902800000,2000
4240021030000,1933
2440016120000,1982
0380938000000,1999
1340001070000,1999
1780901500000,2000
3380910000000,1998
2880930000000,1999
4140103250000,2000
4950005000000,1967
2040119150000,1933
2540064470000,1998
0540007210000,1999
2040033100000,1977
2340110570000,1999
1140040100000,1933
4840015000000,1933
2040035040000,1933
1040009180000,1978
3580907000000,1998
5480991000000,2000
2840460160000,1990
1240028190000,1999
0840004120000,1996
4140036080000,1997
2980966000000,2000
4080956000000,2000
4940020250000,2005
4840006040000,1933
4940004170000,1969
2440016390000,2000
3040052520000,1985
1540001080000,1979
1040011040000,1983
4540007120000,1933
1780902180000,2000
1740019090000,1933
1840016070000,1933
0280902730000,2000
3140027070000,1995
4540003422100,1985
1340015120000,1968
2740054000000,1933
0640058020000,1992
2840027070000,1971
2040052100000,1998
5150015000000,1967
1140040010000,1933
4840013070000,1933
0340003030000,1933
5380954000000,2000
5040033030000,1933
5480911000000,1998
4980909000000,1999
1050158000000,1967
3040065370000,1980
0540001040000,1933
5430068000000,1977
1740048130000,2001
3860812000000,1993
3940005240000,2007
2240010060000,1933
0540027210000,1998
1140023000000,1933
1980959000000,1998
2980922000000,1999
4940020390000,1981
0940050150000,1933
2340003400000,1998
3340008120000,1933
4340031120000,1933
4040062310000,2000
4440062070000,1998
4640009030000,1933
4740029020000,1933
4280931000000,2000
4440009000000,1933
5440016040000,1933
2640250030000,1933
5050004000000,1967
2480901070000,1999
3350018000000,1967
1040016380000,1997
1840034000000,1933
2550001000000,1967
3840021010000,1933
3340028010000,1933
4740072120000,1996
1040061110000,1948
2340219130000,2000
0280901750000,2000
5040007510000,2000
2450054000000,1967
0240026010000,1933
2040079220000,1998
0440012000000,1933
2240005010000,1933
3240003260000,1982
0940055180000,1933
3340002080000,2000
5450007000000,1967
2640017000000,1933
2440052800000,2000
1050033000000,1967
3840039190000,2000
0940050310000,2014
4140103160000,1999
4830074000000,1933
1040021030000,1933
5440014290000,1998
4440033010000,1962
0580972000000,2000
2880952000000,1999
2840007000000,1933
1040015150000,1978
1040061790000,1997
1840004150000,1933
1840033010000,1933
4050015000000,1967
0440024020000,1933
2040060260000,1933
2340119560000,1986
2440052670000,1998
2440102380000,1972
2850036000000,1967
2840052430000,1997
2240019110000,1998
4140011000000,1933
3240024110000,1962
2040119740000,1981
2040017020000,1968
2450053000000,1967
2740015140000,2000
5080931000000,2000
1140018130000,1933
5480932000000,1999
0380951000000,1999
4640012020000,1933
0640164020000,1997
2040073100000,1933
3140058000000,1933
0840016320000,2000
1840005250000,1989
2340702330000,1983
4440052030000,1933
5340012090000,1933
3150055000000,1967
3180979000000,1999
0280911000000,1998
0340003090000,1977
1680934000000,2000
5340004020000,1933
3240031100000,2003
1040015110000,1973
3940007120000,1933
4940030090000,1933
0540034000000,1977
1050118000000,1967
2540058000000,1933
4440016000000,1933
3140039010000,1933
5040007370000,1992
0330017000000,1921
1280928000000,2000
0450005000000,1967
2340702050000,1981
4380907000000,2000
3140015000000,1933
5040003160000,1996
4240039030000,1933
4340002050000,1933
2580991000000,1999
2440007350000,2000
5440050370000,1972
2840120010000,1979
5240250110000,1999
3040065410000,1989
3940044000000,1933
4340017090000,1933
2580978000000,1999
5040014010000,1933
4680925000000,2000
5340007060000,1933
1980902400000,2000
3380921000000,1999
4180995000000,1999
2840015000000,1933
3240008040000,1999
5540971010000,1979
0340085040000,1985
0640060170000,1933
2040021120000,1933
1040019840000,1998
5480979000000,2000
5540010010000,1933
2140030140000,1933
2840020480000,1991
3440019310000,1959
1340036120000,2000
3180937000000,1999
5580961000000,1999
3040252460000,1999
4040062080000,1980
5480965000000,1999
0380943000000,1999
2840020040000,1987
0740024000000,1933
2240003180000,1972
0240011160000,1949
4180903450000,2000
0340022040000,2005
4040033180000,2009
4730090000000,1949
3040049440000,2000
0640003000000,1933
2540074030000,1979
0440024060000,1933
29300460007WB,1969
0350023000000,1967
0540002020000,1933
2450063000000,1967
4540019020000,1933
1080957000000,2000
2850042000000,1967
5330053000000,1921
4140001250000,1978
4150076000000,1967
2540014010000,1933
0240009390000,1995
2880901370000,2000
2040622250000,1984
0580950000000,2000
1780901040000,1999
5240069010000,1969
3450006000000,1967
3280907000000,2000
4240022040000,1969
0280903070000,2000
0340003450000,2000
1340029010000,1933
0450011000000,1967
2340007100000,1990
3340008180000,1996
4140054320000,2000
4740024010000,1933
4140119520000,2012
0280903000000,1998
2440102070000,1972
4540014030000,1933
1780944000000,1998
5240008010000,1933
1940340160000,1979
2740058030000,1933
2480901820000,2000
4140019250000,1967
2440005100000,1973
2140019290000,1978
3880901000000,1998
3150057000000,1967
3440018000000,1933
4180902740000,2000
0240009010000,1933
0440009120000,1992
2840012030000,1933
3240013050000,1978
2540019050000,1933
4440003050000,1933
3040080170000,1998
4040035010000,1933
2840290050000,1980
0640064420000,1990
4150109000000,1967
2040061220000,1999
4180903340000,2000
1350047000000,1967
5040152100000,1988
1740026020000,2001
2840012090000,1980
2640040020000,2000
1940013020000,1933
4180902320000,2000
4760822000000,1980
1840021400000,1933
3640027000000,1997
3240005020000,1933
1640010010000,1933
5380916000000,1999
3080935000000,2000
2150018000000,1968
2340010050000,1956
3340014000000,1933
1640220380000,2024
1940009670000,2000
0340119200000,1943
1080941000000,2000
2740031090000,1933
3180989000000,2000
1740024330000,1974
2340700880000,1980
2540031100000,1933
3150033000000,1967
2240007070000,1992
0140003020000,1933
3040049000000,1990
0340001000000,1933
2080911000000,1998
5440014330000,1999
0380945000000,1999
0640020000000,1933
0940058030000,1933
0150002000000,1967
2640002010000,1933
2640088030000,1933
3150004000000,1967
0340005010000,1978
1980935000000,1998
2040060640000,1978
3440018070000,2000
2040013090000,1933
2340701460000,1981
3540003020000,1954
0340119650000,1990
5340035010000,1933
0140015060000,2000
5440047040000,1933
5540010700000,1996
3180901700000,2000
1040003090000,1933
2340005710000,1996
2840014020000,1996
4140032030000,1973
4150034000000,1967
0280946000000,1999
4440031010000,1933
4140003900000,1993
0150012000000,1967
2040046000000,1933
2340017030000,1983
2140050020000,1933
2040061290000,1999
1940009690000,2007
1140032010000,1933
1040160090000,1998
3040006090000,2005
0280968000000,1999
5040015050000,1933
2340110360000,1998
4440054000000,1933
3160803000000,1991
2340007010000,1933
4340015080000,1933
5440013030000,1933
2050017000000,1968
2040046090000,1963
1940009020000,1933
1780901700000,2000
2250046000000,1967
2240046040000,1997
3740003000000,1933
4040050060000,1989
4180902660000,2000
2340003550000,2000
1640055210000,2009
2640038000000,1933
2340119450000,1984
3880919000000,1999
0440004350000,2000
2040005150000,1975
5140011010000,1933
5140015100000,1933
5540016260000,1996
3980977000000,2000
2450064000000,1967
3640002040000,1992
4540003070000,1933
0240026090000,2000
1040041090000,1933
4440017000000,1976
1480926000000,1999
2440005070000,1933
2040061470000,2000
2580901190000,2000
5340028000000,1933
2040073000000,1933
2040053080000,2005
2340009440000,1992
0240011220000,1965
2040032030000,1994
4040013000000,1933
5340018050000,1933
2240010360000,1994
1040061180000,2007
0630002001300,1970
2540064210000,1995
1480939000000,2000
3650009000000,1967
4680901000000,1998
1740019300000,1933
5450027000000,1967
4040060250000,1980
2850026000000,1967
3180901740000,2000
2480902270000,2000
4740032220000,2000
0250001000000,1966
2580901660000,2000
0380905000000,1998
0640026100000,1989
0940034060000,1948
1680941000000,2000
2040025630000,2000
3140016000000,1933
2140019090000,1933
3940001090000,1933
3940007380000,1975
1640055280000,2026
3040052490000,1984
0280927000000,1999
3150015000000,1967
4480910000000,1999
2840052310000,1991
5340003050000,1933
4140012030000,1933
5040252040000,1998
4840011040000,1933
1640220090000,1969
3940039020000,1933
0640164030000,1997
4180901220000,1999
2880902450000,2000
3140079000000,1933
3040002050000,1999
3740016060000,1991
3940092380000,1995
1340025030000,1933
2040002190000,1983
3450011000000,1967
0740003100000,1933
5050025000000,1967
2940046200000,1983
0640035100000,1973
0280901360000,1999
4640050040000,1979
1240028010000,1933
0840001060000,1933
4150090000000,1967
0140010140000,1996
4240219550000,1999
1740004070000,1933
5380948000000,2000
0240009360000,1988
3140044010000,1995
2440005110000,1977
0340119060000,1933
1140028040000,1933
3340002050000,1998
0140092070000,1933
1840005050000,1933
3840007010000,1965
3980901000000,1998
2340010420000,1984
0850020000000,1967
4240044000000,1933
0440019640000,1999
0340017140000,2000
0740012000000,1933
2440001110000,1933
1740020130000,1933
2540030000000,1933
2080937000000,1999
0640031110000,1981
3140016020000,1933
5040015060000,1933
2440052790000,2000
0380973000000,2000
2140019460000,1996
5340014030000,1933
5340014150000,1933
1980901950000,2000
0940028000000,1933
4140041120000,1979
1540042000000,1933
5040029010000,1933
3580905000000,1998
4740003030000,1933
3150058000000,1967
2880902540000,2000
3140081050000,2000
2840007010000,1933
0640003010000,1933
1740011190000,1977
2580901100000,2000
1440045060000,1933
0580985000000,2000
1340001030000,1959
1340017080000,1991
4680942000000,2000
5340012080000,1933
0640026200000,2005
4150040000000,1967
0640010290000,2000
1580901000000,1998
2040019000000,1933
4640250090000,1933
0740028010000,1933
0450015000000,1967
4140031040000,1984
2340010090000,2002
2040119080000,1933
3940078000000,1933
5440016030000,1933
0540003020000,1977
0540005010000,1999
2040001010000,1933
2940042020000,1933
4940024030000,1933
2340008030000,1980
2340010650000,1990
1740001080000,2026
2340702350000,1990
2440052660000,1998
5540010070000,1933
2840025070000,1980
4580916000000,2000
1340219200000,1972
2880976000000,1999
3840020010000,2003
2340010670000,1990
4140019990000,1991
0280916000000,1998
4740001180000,2000
0240022010000,1933
1980901020000,1998
1980901830000,1999
2040060750000,1979
0740005150000,1998
1330044000000,1933
4940003000000,1933
0840020000000,1933
4240219010000,1958
5540016200000,1984
2580959000000,1999
4040034370000,1980
2340044320000,1993
2840044110000,1933
3840043010000,1933
4640009090000,1933
4680935000000,2000
0240034000000,1933
2040622450000,2015
3940092130000,1933
1040019680000,1997
1340004020000,1933
5140022030000,1933
1340060320000,1964
4140012190000,1984
0640001300000,2000
3640010010000,1933
0580940000000,2000
0640060990000,1984
5040252290000,1999
1840002050000,1933
4240219370000,1990
1140020010000,1933
4040034420000,1988
1940480020000,1980
4940020030000,1933
5240001090000,1933
2480901830000,2000
2080918000000,1998
4440026030000,1933
0380967000000,2000
1840034140000,1933
2140119170000,1933
2840020370000,1980
3940021040000,1933
4140001420000,1994
0640002050000,1977
2340119880000,1995
0280902210000,2000
2440016660000,2000
2440083350000,1984
1740050520000,1983
3940009010000,1933
3380959000000,2000
4140018450000,2000
5080928000000,2000
2380910000000,1999
0340003080000,1956
2040119190000,1933
4340024050000,1933
2340116170000,2000
5440050540000,1996
5340047020000,1933
4140009150000,1982
4140016960000,1999
4140027160000,1980
1730007000000,1963
1940015000000,1933
5540010320000,1980
4540025090000,1933
4980905000000,1999
5480967000000,1999
1340028000000,1933
2040051090000,1955
0680947000000,2000
4120003750300,1975
5140015240000,1971
5340006020000,2002
1340009010000,1933
4640018020000,1933
4640036010000,1933
2540033110000,1933
2540250760000,1972
0540001090000,1998
1340060580000,1990
3250003000000,1967
1830005000000,1933
4240046030000,1971
1740004050000,1933
2530073000000,1929
2440016650000,2000
2440083060000,1933
0640064440000,1990
0240019120000,2000
4140008140000,1998
2340012010000,1933
1040044060000,1972
0640001160000,1990
5040037600000,1998
0380901410000,2000
5340036020000,1933
4150120000000,1967
4940011200000,1933
2540025080000,1933
2040622260000,1984
0440019920000,2001
1540009220000,2000
2840038030000,1933
4580909000000,1999
5240004070000,1933
0440013070000,1933
4740024020000,1933
3640220100000,1967
5040034010000,1933
1780941000000,1998
3840250150000,1990
2040001000000,1933
4140048040000,1933
5540097110000,1990
2040622340000,1999
5430002000500,1991
3140019270000,1973
2440083210000,1971
1340015000000,1933
2050002000000,1967
2940015060000,1981
4250012000000,1968
1340219620000,1998
0640160310000,2002
1050108000000,1967
3940082010000,1933
3940108000000,1933
5050020000000,1967
0140040000000,1933
1140048050000,1933
3440024150000,1980
3140080010000,1933
4140036070000,1997
3050014000000,1967
4440048010000,1933
1980902300000,2000
1340060650000,1995
0650025000000,1967
1740025200000,1986
2040622080000,1978
0380989000000,2000
4940020370000,1980
2840013020000,2008
5440004050000,1933
2440102800000,1999
1050037000000,1967
0640064110000,1988
4180967000000,1999
2480902150000,2000
4140054020000,1965
1140013040000,2000
5440050460000,1996
0240007160000,1933
0740007050000,1933
1340063070000,1980
2740039010000,1933
4140001120000,1933
2530104000000,1933
1940009280000,1980
1740046000000,1933
2140050110000,1987
2040011000000,1933
2480901100000,1999
2340701340000,1980
2840219150000,1971
3940015010000,1933
4940011020000,1933
4140004090000,1979
0640025270000,1995
3240024020000,1933
4340016270000,1980
2040219020000,2000
4340022050000,1933
3950019000000,1985
5240082000000,1933
2760816000000,1978
2340003520000,2000
1040060280000,1933
5530079000000,1955
3940052070000,1933
1540003070000,1981
5050012000000,1967
0140020020000,1933
0740005130000,1998
2180907000000,1999
2240007040000,2021
2880901750000,2000
4540001030000,1995
1340031010000,1933
3940024080000,2001
0440035010000,1933
0240019010000,1933
0740035220000,1933
0140011290000,2000
1040023200000,1998
2080901370000,2000
3980967000000,2000
5430047000000,1933
1440005030000,1933
3150059000000,1967
4180902590000,2000
1040016210000,2023
5580949000000,1999
2840020710000,1998
2830010000000,1921
4140103030000,1996
1040021670000,2000
3640220020000,1933
1680911000000,1999
1340012050000,1966
2040005380000,1996
2880915000000,1999
4140033070000,1933
4240033020000,1933
1640058030000,1933
2040119410000,1972
0540003170000,1999
1080965000000,2000
1280904000000,1998
0440004010000,1933
4940009080000,1933
3640220410000,2007
41100770000NB,1973
1040017030000,1933
3980966000000,2000
1040019340000,1951
2440052090000,1933
2450086000000,1967
1340030020000,1933
4740035150000,1989
1840015010000,1981
1440220040000,1933
5540001100000,1983
3940007250000,1933
0680918000000,1999
4340016430000,2003
2340006000000,1933
1840007000000,1933
2040219260000,2000
2080901170000,2000
4440019000000,1933
0140250280000,2000
0340007040000,1992
4140009290000,2000
0140250230000,1999
3640028200000,1998
2880902970000,2000
5040252030000,1997
5040007070000,1986
3840028040000,1933
2880901450000,2000
4180902180000,2000
1340060770000,1998
0850043000000,1967
5550144000000,1967
2540068010000,1933
3940050170000,1933
2640014000000,1933
3140046030000,1933
2140015000000,1933
1340066000000,1933
2480901560000,2000
0140005010000,1933
3850021000000,1968
4450001000000,1967
5440013050000,1933
3140007610000,1995
2140119310000,1980
4940016060000,1933
4140003490000,1980
5550074000000,1967
2080901240000,2000
2420052000800,1943
2040073370000,1999
0850002000000,1967
1380914000000,1999
0650012000000,1967
3240219260000,1951
1840005060000,1933
2020119001000,1977
4440019040000,1933
0440019750000,2000
2650002000000,1967
4180974000000,1999
2250061000000,1967
1750020000000,1967
4140029150000,1997
3040065050000,1933
3150047000000,1967
2140007080000,1976
0440004210000,1978
5060853000000,2006
2880901890000,2000
0140011140000,1933
1840021410000,1991
2320119000100,1971
2140021040000,1988
2240010340000,1994
0540020000000,1933
2840001070000,1991
1640004000000,1933
2580901720000,2000
5440004030000,1933
5540010760000,1996
1780901050000,1999
0640060960000,1983
3360807000000,1980
2040005240000,1979
2040013210000,1956
1040014430000,2000
1040016350000,1992
1040021340000,1987
0540003030000,1998
3140029050000,1933
4040003000000,1933
2340044270000,1992
1540030090000,1998
2040027060000,2015
1940015100000,2001
2350039000000,1967
2840027210000,2000
4640310010000,1993
0940017030000,1933
1580909000000,1999
1940003000000,1933
4540003220000,1998
5480989000000,2000
0340004012100,1964
1340063090000,1980
2240007030000,1933
3140119340000,1988
4240219690000,2000
4440013030000,1933
2640054000000,1933
1040020050000,1973
3040003020000,1933
0240009150000,1933
1440050410000,1999
2440008040000,1981
3840039230000,2000
4580915000000,1999
4150161000000,1967
0740016080000,1933
2880902250000,2000
1840021150000,1933
2540011020000,1933
4230092000000,1983
1140007130000,1933
0440019400000,1973
2640250250000,1949
1040014050000,1933
2740033040000,1933
5040075390000,1991
2340701780000,1981
2020119001800,1992
5040017100000,1998
0140042010000,1933
2440007110000,1981
0340003320000,1996
4240037150000,2020
4640013350000,2000
2240003330000,1992
2840019250000,1972
4140016000000,1933
4940009060000,1933
4140029070000,1972
1040082000000,1980
0550005000000,1967
1540011010000,1933
2440010000000,1933
1830062000000,1933
0640001090000,1943
3880908000000,1999
5240001110000,1933
0240011600000,2005
2240026000000,1933
2540250130000,1933
2580901460000,2000
0240011180000,1958
2440014030000,1992
2040003030000,1963
2040061480000,2000
2840011120000,1950
1840006090000,1933
3940078010000,1933
0140250150000,1963
5540010030000,1933
3440039440000,1997
2240003160000,1957
2740045010000,1933
4280910000000,1999
4180902260000,2000
0540027240000,1999
1540018000000,1933
2440102350000,1972
2180908000000,1999
4140016700000,1996
4140054260000,2000
3040049410000,1996
2040022020000,1933
1880924000000,1999
2440012100000,1985
3040003110000,2015
1640020000000,1933
2080902270000,2001
5040030030000,1992
4540044030000,1933
0140007000000,1933
5540085310000,1998
2540044130000,2000
2540250370000,1933
0380999000000,2000
2840034000000,1933
4140307080000,1998
5550067000000,1967
2540064230000,1995
0160804000000,1980
4440026050000,1933
5540010490000,1984
1340002120000,2000
4940020240000,1998
1380908000000,1999
0940050270000,1973
4740072200000,2000
0540003070000,1934
0440019020000,1933
3040080260000,2000
1760805000000,1986
4180989000000,1999
4230001000000,1997
2240010190000,1979
1040003100000,1933
2480901850000,2000
2040622350000,1999
0940007030000,1933
2940042030000,1933
3140069100000,1933
3540041090000,2003
2340003210000,1984
4140116240000,1999
1840002350000,2016
1040019530000,1982
0280901090000,1999
1740050560000,1983
1780901100000,1999
5240054000000,1933
4140003300000,1948
0540028000000,1933
0240011330000,1998
2640074010000,1933
1780901030000,1999
5340020000000,1933
3040001050000,2008
2880903020000,2000
5040152200000,1995
0840015180000,1998
4240032060000,1995
3040065600000,1993
4240024010000,1986
2540036020000,1933
1540011140000,2000
3140007510000,1995
0240045170000,1982
5540010270000,1974
2140046020000,1933
0640052030000,1956
3150083000000,1967
0140088030000,1933
2140007070000,1973
3140069150000,1965
0640021010000,1996
1040061090000,1978
1780998000000,1999
5540016330000,1996
0440019170000,1933
3540037000000,1933
5440050240000,2000
4580919000000,2000
4640119240000,1933
1980901960000,2000
2040077000000,1933
0440017010000,1933
2740045030000,1933
1640016000000,1933
2080935000000,1999
1040019310000,1949
3540088020000,1948
2340003100000,1972
3740024000000,1933
0280902860000,2000
0340001130000,1995
1880914000000,1999
0340119290000,1975
4940011260000,1996
5180917000000,2000
0440019670000,2000
2740080000000,1933
2040047030000,1946
0340119230000,1991
3840219270000,1980
3940007410000,1993
4180903510000,2000
0740016280000,1933
2040010000000,1933
4140003990000,1994
1740014030000,1933
4840002040000,1933
0280925000000,1999
3940088000000,1933
4050023000000,1967
2340119920000,1995
5340009110000,1998
1940340140000,1973
2740017090000,1933
5140020280000,1981
4940005140000,1933
36200330000EB,1921
1640220200000,2000
2450085000000,1967
2740003010000,1933
5140032030000,1933
4240219860000,2004
0640026000000,1933
3840024000000,1933
5550079000000,1967
5440068080000,1999
1780901870000,2000
1780902040000,2000
4680951000000,2000
2840019140000,1933
4140016400000,1980
0650018000000,1967
0940066010000,1995
0340026000000,1933
1740006140000,2000
2580901600000,2000
5150016000000,1967
4980918000000,2000
3040006000000,1933
1780901260000,1999
5240017000000,1933
1440006050000,2005
0440015100000,1996
2340219160000,2003
1040002070000,1933
2540031200000,1980
2340110490000,1999
1140119080000,1933
2040060170000,1933
2040061710000,2000
3140079060000,1933
2040065050000,2003
1780971000000,1999
2580901700000,2000
0180924000000,2001
1940028020000,1933
1340021020000,1933
5240046010000,1997
4180902220000,2000
2540011000000,1933
5550064000000,1967
1680913000000,1999
5440040010000,1933
3040080130000,1998
4440021110000,1933
2250014000000,1967
3340017010000,1933
2540064410000,1998
2040043040000,1933
2640062040000,1994
4040034050000,1933
0340003330000,1996
1340021240000,1992
2840020650000,1998
1980919000000,1998
3440014040000,1999
4180975000000,1999
1740020500000,1948
1740008100000,1982
2540073170000,1989
3480910000000,1999
1350025000000,1967
2140030080000,1933
4540044160000,1933
4680933000000,2000
2880903390000,2000
4140019700000,1980
1540007070000,1933
1830338000000,1976
2040012040000,1933
4940005160000,1933
5080921000000,2000
2480928000000,1999
3240219280000,1976
3840001100000,1933
3040252450000,1999
5440047230000,1944
4180901050000,1999
2740062410000,1995
1740013050000,1933
4040008030000,2021
4040060140000,1949
1740119230000,1998
2140016010000,1933
4840018060000,1933
0140015050000,2000
2340210100000,2000
4540003150000,1933
4240046080000,1997
1480906000000,1998
2040033070000,1933
1940009150000,1980
1930230000000,1976
5440047090000,1933
3940002050000,2001
5240084000000,1933
3440020460000,2000
1730020000000,1933
2040025030000,1933
3940026210000,1933
0640160150000,1999
4140099040000,1981
5040010020000,2013
1040061940000,1998
2340016460000,1991
2340116020000,1996
0440022130000,1933
0630106000000,1968
2040060880000,1980
3140057000000,1933
3140059050000,1997
5180904000000,1999
1340219310000,1978
4140018300000,1989
2580994000000,1999
5440095020000,1981
2850052000000,1967
1980979000000,1998
4940022010000,1933
4140027020000,1933
3940080060000,1933
3950005000000,1967
2040061210000,1999
4040033160000,2009
0740016120000,1933
4140015130000,1991
4140041260000,1982
2040079270000,1999
3140072000000,1933
4840013050000,1933
1050027000000,1967
0850080000000,1967
0140029080000,1933
2140001190000,1995
5240003130000,1982
0940010010000,1933
0740005100000,1998
2080902150000,2000
3080929000000,2000
2140020050000,1933
5140020430000,1999
2240003070000,1933
4140017010000,1933
0850022000000,1967
5480940000000,1999
1740050440000,1982
3740026030000,1933
5440009250000,1965
2340017110000,1995
4540007090000,1933
0340006000000,1933
0340119220000,1945
2240003110000,1933
4140048090000,2002
2340010870000,1993
2840019700000,2019
2540027020000,1933
2040022080000,1981
0140026030000,1933
4240021050000,1949
2880902710000,2000
4040025380000,2016
2340701490000,1981
0280901610000,2000
0280901790000,2000
2040119390000,1979
2640017040000,1933
2640030000000,1933
4540020030000,1960
5340035090000,1933
3180901360000,2000
2940021010000,2002
5040029160000,1987
0540067010000,1933
2140004040000,1933
3940019030000,1933
49200330000EB,1922
3180901330000,2000
4140012110000,1933
4140119030000,1998
5540054190000,1996
2450049000000,1967
1740048080000,1933
5240006010000,1933
4140009280000,1995
2480901350000,2000
1840010030000,1933
0280901810000,2000
1480903000000,1998
2640026020000,1933
2440005170000,2000
2340012130000,1998
3660013000000,1992
4540006000000,1933
1980901260000,1998
2240030010000,1933
4240025030000,1933
0640001180000,1995
0640035050000,1948
4040060350000,1999
3940007420000,1995
2040013020000,1959
3240031120000,2003
1040060900000,1997
1540007060000,1933
2040033050000,1933
1940009130000,1952
2440007070000,1933
4640026020000,1933
4640119030000,1933
4180903220000,2000
4940011100000,1933
2880901710000,2000
3240012100000,1975
1440050390000,1999
3140019050000,1933
4080925000000,2000
4550010000000,1967
1340004010000,1933
2880901430000,2000
2480902360000,2000
0280902360000,2000
3840028080000,1933
0280903320000,2000
2040060060000,1969
2180916000000,2000
0850005000000,1967
1540002100000,2021
5540971220000,2000
1740009040000,1933
4340019050000,1933
4640119520000,2000
2080902300000,2001
1080962000000,2000
1740046020000,2000
2850029000000,1967
4640006050000,1933
2740031040000,1933
5060824000000,1989
1740020740000,1952
4540015030000,1933
5480930000000,1999
2840018020000,1933
2140011000000,1933
3340001060000,1933
1040060530000,1978
4340050090000,1933
5240072000000,1933
3630150000000,1964
2040119470000,1975
2450038000000,1967
1780945000000,1998
2940028010000,1933
4940020230000,1995
1340219580000,1994
2240003480000,1999
5030004000000,1943
0640160320000,2004
0840011040000,1933
2340010750000,1988
2380944000000,2000
2580901200000,2000
2340016570000,1992
3640005100000,1933
1140018040000,1933
4630076000000,1962
4130210000000,1977
1340219130000,1965
4140041300000,1984
0140119080000,1933
4340050210000,1933
4640119050000,1933
1240008000000,1933
3140068030000,1933
2040006160000,1998
3180978000000,1999
33205220000NB,1921
4150118000000,1967
1340092010000,1976
1040015050000,1933
2640022000000,1933
5040031000000,1933
1780901520000,2000
1340060130000,1933
0940050280000,1973
2340003590000,2000
2340701370000,1980
3840005020000,1949
2340110760000,2000
2340119590000,1989
3650021000000,1967
4940033020000,1983
2240066000000,1933
0280902830000,2000
3440023010000,1992
0140057150000,2007
2540027030000,1933
1740008010000,1933
3140051000000,1933
2340119370000,1980
2740017020000,1933
5140046000000,1933
2780902000000,1999
4140003160000,1933
2540032020000,1933
2080901620000,2000
1340030080000,2000
2840031000000,1979
3450015000000,1967
2880903150000,2000
0940050030000,1933
4140019490000,1980
2340701160000,1980
1880912000000,1999
2140001200000,1995
3440015020000,1933
4240005250000,1972
5580994000000,2000
0540026010000,1971
0140010060000,1933
0280901910000,2000
5340053080000,1933
2940046220000,2014
1840019090000,1933
5440018090000,1933
4040033030000,1933
4480905000000,1999
2040052060000,1981
5140038020000,1982
3240012160000,1980
1840011000000,1933
3440039340000,1984
2240036010000,1933
47202190000NB,1921
1040041220000,1933
4340008010000,1933
0280902670000,2000
4940024010000,1933
4140019980000,1991
4340018000000,1933
1980901780000,1999
2040010030000,1981
2840003060000,1933
3340009120000,1933
1840013060000,1933
3850004000000,1967
2080901970000,2000
3650028000000,1967
2140042010000,1933
1980901250000,1998
2040064020000,1970
4140004020000,1933
1050054000000,1967
3940050230000,1933
1140003060000,1933
1240050040000,1933
5040075310000,1989
0340001010000,1933
0340085020000,1983
1740001030000,1933
2540073730000,1977
4030007000000,1960
3440094100000,1999
4650010000000,1967
4150077000000,1967
2640021180000,1981
4040027060000,1979
1740030050000,2001
0740035080000,1933
1340033050000,1990
2240010420000,1995
3340009270000,2022
36202200000NB,1921
2350038000000,1967
1750076000000,1967
1440003040000,1933
2340003570000,2000
2480902020000,2000
3340038350000,1998
4150106000000,1967
2540007000000,1933
3140045060000,1933
1740125020000,1998
2840052170000,1968
4940005270000,1984
0940018150000,1933
5540085130000,1997
5450020000000,1967
2040038000000,1933
1840034100000,1933
2940028190000,1981
2440004000000,1922
4240005280000,1998
3340009480000,2005
4940004210000,1979
0340022020000,1995
0240009220000,1933
5540010830000,1996
0340119730000,1991
2980926000000,1999
4640001020000,1933
3940072060000,2004
3540040060000,1950
0440004480000,2000
1340037110000,1999
1040061680000,1993
3040052980000,1994
2740002100000,1933
3140025020000,1933
3840219560000,2000
5340035030000,1933
5140012010000,1933
5540085140000,1997
1940009540000,2000
2440102790000,1999
0380901630000,2000
5340007100000,1933
4180994000000,1999
4740007000000,1933
5440014370000,1999
1940038000000,1933
2340119950000,1996
2140016020000,1933
2880903160000,2000
4140016100000,1964
5040003030000,1982
2540250010000,1933
1480944000000,2000
1480972000000,2001
1940008030000,1995
3650029000000,1967
1340020430000,2000
0980901000000,1999
3240023130000,1993
2140050070000,1933
2840219330000,1997
3830150000000,1964
5340028060000,1985
3840021110000,2006
1340060490000,1980
1840021460000,1994
2040119950000,1999
40200350000NB,1921
5240015030000,1933
0640064830000,1995
3440017030000,1933
4140014070000,1998
2340012080000,1990
4740032170000,1990
1040015030000,1933
1040061730000,1997
0240011460000,2000
2740002080000,1972
2440052390000,1995
4180901020000,1999
0850012000000,1967
3040065400000,1989
0340085200000,2000
5440021020000,1960
0740020050000,1933
3340010030000,1963
2640066010000,1933
3140019170000,1933
4540003410000,1984
5040152280000,1998
3040006030000,1933
2040016000000,1933
1040011000000,1933
2440102390000,1972
2740023010000,1933
3150071000000,1967
0740007140000,2001
0940018160000,1933
2850006000000,1967
1840001050000,1979
3940102000000,1933
2040036000000,1933
5040036040000,1951
1940025030000,1933
2540250270000,1933
2340119680000,1990
2440007190000,1996
0580952000000,2000
2750006000000,1967
2480910000000,1998
3340038170000,1990
3840031132200,1990
0640010120000,1958
3140025080000,1933
4640010050000,1933
1050061000000,1967
1040085010000,1933
2540017020000,1933
4240219260000,1972
3940073020000,1959
5480945000000,1999
5240007140000,1933
1240005110000,1951
2040058010000,1933
2040064080000,1995
1140030000000,1933
2480901480000,2000
5440009170000,1933
3150018000000,1967
2440080010000,1945
1980902500000,2000
3440019130000,1933
0280903210000,2000
5440031000000,1969
1040018030000,1933
2440052290000,1984
1340015040000,1933
2140030070000,1933
5240005000000,1933
1740025060000,1933
0840054010000,1933
0280901680000,2000
1640008000000,1933
1640220100000,1980
2040020040000,1933
1240005100000,2010
1440003060000,1933
2740005250000,1933
5040152440000,2004
0780902000000,1999
1380933000000,2000
3340009150000,1933
0140057070000,1933
0840034010000,1952
4240219510000,1998
2080901630000,2000
5440050580000,1998
3440039330000,1987
5140005020000,1933
1740024470000,1995
3640021010000,1933
1940340050000,1933
3440019520000,1980
4140003560000,1980
0850029000000,1967
2640026030000,1933
2940046090000,1933
3440024050000,1933
0540032030000,1933
1740020490000,2001
0240081100000,2017
1840033020000,1933
3840012020000,1933
1740031050000,1933
1740035020000,1933
2840020200000,1974
2840052130000,1987
0440014000000,1933
4760825000000,1980
2640023020000,2016
0440020020000,1933
1780921000000,1998
2180911000000,1999
5140009020000,1933
0940050420000,1982
3060802000000,2013
1050085000000,1967
0140250190000,1999
1040020160000,1978
0240045190000,1987
1740073020000,1933
1780901370000,2000
2140013040000,1933
0440003060000,1974
1540002010000,1933
0240001020000,1933
4140119360000,1998
2180923000000,2000
4840038000000,1933
0140119400000,1933
1760801000000,1986
2140010030000,1933
3040065550000,1991
5540016290000,1996
0340085400000,1999
0640060160000,1933
1540030100000,1998
2340119320000,1979
4180962000000,1999
2240040040000,2005
0740016300000,1933
4340050690000,2001
0130057000000,1921
2330065000100,1952
1980908000000,1998
3440005020000,1948
0840013040000,1933
1040061880000,1998
3050015000000,1967
3940047020000,1933
2640046000000,1933
5040017000000,1933
2980906000000,1998
4240006010000,1933
1040060840000,1994
2840019190000,1933
0940050140000,1933
4140022040000,1933
1880901000000,1998
4440044020000,1933
2240062060000,1990
0550010000000,1967
1040004000000,1933
4760802000000,1979
3980973000000,2000
2640013010000,1952
4640119280000,1933
2040060720000,1979
0540024000000,1977
0940055000000,1933
4140116250000,1999
4840002120000,1998
1540007010000,1933
1980901370000,1998
2040061380000,2000
2040061420000,2000
2880921000000,1999
4140019280000,1971
1040015000000,1933
3640021140000,1988
4540003180000,1933
3940026730000,1952
0240009100000,1933
2880903130000,2000
4150010000000,1967
1740025130000,1933
4740007050000,1933
0240009340000,1978
3140027040000,1933
1080937000000,2000
1340060020000,1933
2080960000000,1999
2580923000000,1998
4440046020000,1933
1340020260000,1979
1340029020000,1933
2840026000000,1933
3940012020000,1933
1340219070000,1933
4140001430000,1995
4140019910000,1983
1840004100000,1933
3740016100000,1991
1740001020000,1933
0140017090000,1933
0580914000000,1999
1780901630000,2000
5240020040000,1933
1980904000000,1998
2340702380000,1992
2580941000000,1999
0380901670000,2000
0640050040000,1933
1240028040000,1933
2250005000000,1967
5040252260000,1999
0140076060000,1998
4540004010000,1933
2880903380000,2000
1840019040000,1933
5550087000000,1967
1940009570000,2000
2440009070000,1981
3140070040000,1933
5040007000000,1933
4140041290000,1983
2340702120000,1981
3040013080000,1998
1740011210000,1985
2080901360000,2000
1040008090000,1978
1940001140000,1933
0680903000000,1998
5180914000000,1999
2740074000000,1933
05200220000EB,1933
1640005010000,1933
2580901020000,2000
0640031130000,1996
2150003000000,1967
4180954000000,1999
0640025050000,1933
1140035130000,1973
4340009100000,1933
1640220170000,2000
4440010010000,1933
1340005070000,1949
0840001030000,1933
2040119580000,1979
4440005020000,1933
1940001090000,1933
5540002060000,1996
0530088000000,1933
5540010850000,2009
5580963000000,1999
4040038020000,1949
5040052460000,1933
5040052490000,1977
2940016010000,1933
4940011150000,1933
5060806000000,1989
1840021130000,1933
3040052790000,1992
4340017000000,1933
0640002270000,1988
2540064330000,1997
5440047060000,1933
1740050210000,1933
3140081060000,1983
3930073000000,1933
4440016060000,1933
3940007060000,1933
5040075510000,1997
4340004000000,1933
4340047050000,1933
2130073000000,1934
3440019180000,1933
4940032010000,1933
1840028030000,1933
5550031000000,1967
1040019210000,1969
1940033000000,1933
1780901130000,1999
3940006020000,1933
3940026180000,1933
3440007000000,1933
5180915000000,2000
5040152190000,1995
1840033080000,1933
4540007050000,1933
2140119290000,1974
4640009020000,1933
0630527000700,1979
2240010210000,1990
4130054000000,1957
0640002180000,1974
1640023050000,1933
2040119900000,1999
5440047330000,1998
4540026070000,1998
2040057120000,1981
2940009010000,1933
0440010030000,1933
4140001400000,1993
0940050720000,2000
1740019360000,1933
4140033160000,2000
4440007000000,1933
2340119050000,1933
5450046000000,1967
0380907000000,1998
4180991000000,1999
0140011350000,2000
5380923000000,1999
1040009050000,1933
3540069000000,1944
2840025010000,1933
4150145000000,1967
3240219450000,2007
4140003340000,1949
4140018170000,1980
4740022000000,1933
4840001030000,1933
2540028000000,1933
5440022010000,1933
1340029000000,1933
1740034050000,1998
1750091000000,1968
3860815000000,1993
0440030020000,1933
3430041000000,1930
0340003350000,2008
0280915000000,1998
1780901220000,1999
2140019450000,1995
2880940000000,1999
3240031020000,1933
2340700500000,1980
4240219150000,1967
5580901560000,2000
0280901480000,1999
3930065000000,1949
1940009190000,1980
2340016510000,1991
0640017170000,1988
3850003000000,1967
1640220030000,1933
0640060180000,1933
1480920000000,1999
3140037050000,1933
4080926000000,2000
1240009130000,1998
3140067080000,1980
5140046090000,1982
2740033240000,1980
4240046010000,1933
2440103020000,1982
2860801000000,1990
5240056010000,1933
1040017140000,1997
3540023050000,1974
4140119070000,1996
4180901600000,2000
1340219720000,2003
3240031060000,1933
5440095090000,1996
3940003090000,1933
0940022000000,1933
0140056020000,1933
1840034050000,1933
2340702280000,1982
3140009030000,1933
4140006250000,2000
4140018430000,1998
5040075130000,1972
4140022030000,1933
5440002260000,1995
2640088100000,1933
1040014080000,1944
2440016380000,2000
3540040110000,1991
0430094000000,1941
2740062020000,1933
3940051060000,1933
0240045200000,1990
2450035000000,1967
5540005070000,1984
2040061620000,2000
2740033010000,1933
3040065460000,1990
1740003180000,1999
0640060150000,1958
2640015000000,1933
1940015060000,2001
3540045000000,1933
4940005120000,1933
0940052030000,1933
2850005000000,1967
3340013070000,1933
0280963000000,1999
3640009070000,1998
1980981000000,1998
2880965000000,1999
4440033030000,2010
2540006030000,1933
0240011230000,1971
0140024030000,1933
1780901550000,2000
0440032080000,1986
3380908000000,1998
5140015210000,1971
1830003000000,1964
3140019040000,1933
4040011160000,1999
5480912000000,1998
1980920000000,1998
2040052000000,1933
3040052260000,1958
5530064000000,1962
2880973000000,1999
1740013040000,1933
3940003230000,1933
3940007140000,1933
2940050070000,1946
4180984000000,1999
4140027010000,1987
5440011080000,1984
0640060350000,1985
5040052220000,1933
2350080000000,1967
3580903000000,1998
1140047030000,1933
5240002020000,1946
2240007100000,1995
1050102000000,1967
4340001080000,1933
1480902000000,1998
3480933000000,2000
5540010810000,1996
0340011050000,1953
2840020340000,1980
2880901170000,1999
2740034010000,1933
2740044000000,1933
0540027370000,2000
3340038200000,1986
2540016020000,1933
5550073000000,1967
0640010130000,1992
5430031000000,1941
0240011390000,2000
1540011090000,1998
1740050510000,1983
2040003090000,1979
4140054250000,2000
2540056080000,1948
5440014010000,1933
0440024110000,1933
3380965000000,2000
3450016000000,1967
4140002030000,1933
0140012040000,1933
1040085100000,1953
30200520000EB,1921
0280903280000,2000
1840331020000,1999
4480927000000,2000
2140019060000,1933
4180902030000,2000
2550010000000,1967
3040003220000,2000
2540064500000,1998
2140048010000,1933
3840219010000,1954
4180902230000,2000
2040081080000,1933
4480904000000,1999
3880910000000,1999
4560805000000,1978
5240013000000,1933
0480917000000,2000
5240001050000,1933
3140069090000,1933
4140021060000,1972
1840023040000,1933
2980935000000,1999
2540068030000,1933
1480922000000,1999
2140010140000,1933
4680922000000,2000
4940005320000,2000
0840016010000,1933
4140019350000,1953
4540020100000,2000
1340014000000,1933
1740119150000,1997
3840039270000,2000
3940003130000,1933
4940020130000,1933
0740004090000,1933
3840001200000,1949
2880901610000,2000
0850011000000,1967
4140030070000,1999
0280909000000,1998
5440013010000,1933
5040007560000,2000
0140030030000,1933
5480901040000,2000
3940084020000,1933
4340021000000,1933
4440010020000,1933
0240051030000,1933
5540010930000,1996
0440001050000,1933
3860810000000,1993
2980908000000,1998
3040052330000,1994
4440006010000,1933
4440009010000,1933
1940030050000,1999
4940009210000,1933
2480908000000,1998
1040016230000,1978
1140015010000,1933
2140019190000,1933
4150065000000,1967
0140092150000,1933
5540054120000,1989
5580985000000,2000
0640002010000,1933
0340085340000,1996
3940033050000,1933
3980901200000,2000
4380913000000,2000
4440005060000,1933
5240007190000,1933
3280911000000,2000
0140030160000,1980
2340016910000,1994
3640001060000,1991
1340014010000,1958
3940014060000,1933
3940021050000,1933
4140025040000,1990
1840021260000,1933
2540019060000,1933
4340034020000,1933
5440002240000,1991
5440021000000,1967
5440021310000,1933
0750005000000,1967
1340050010000,1933
3140038020000,1933
4540012010000,1933
0940014000000,1933
1180908000000,2000
3380953000000,2000
0740016390000,1998
5550047000000,1967
0640010280000,2000
1140006010000,1933
1840068010000,1979
5180903000000,1999
3340522130000,2000
4740025040000,1933
1780999000000,1999
3840028010000,1933
2640010010000,1971
5040029040000,1933
1880946000000,2000
4480919000000,2000
1840035000000,1961
1780901010000,1999
2840020280000,1979
4140016820000,1998
4140116160000,1999
3840250050000,2020
5580945000000,1999
0280903050000,2000
0240045310000,2000
5540004020000,1933
0740008050000,1933
4140003280000,1969
2340009520000,1996
4140019120000,1933
5550104000000,1967
2540034020000,1933
2540088030000,1933
39100680000EB,1989
5440050560000,1996
0440004330000,2000
3440019230000,1933
4940030140000,1933
1140039040000,1994
4440001010000,1933
5040020020000,1933
2350027000000,1967
2340044430000,1998
4540003030000,1933
1780902150000,2000
0940013030000,1933
2040068000000,1933
0140119340000,1998
2340702300000,1982
3840029050000,1933
0640035260000,1997
3080912000000,1998
3150007000000,1967
5480901090000,2000
3940024050000,1933
2740017100000,1933
4180902890000,2000
2840007110000,2000
0140056030000,1996
3140007590000,1996
5440050270000,2002
2840460140000,1984
2040073250000,1990
4180903000000,1998
0540027450000,2000
4440013050000,1933
2440010020000,1933
2440083070000,1933
0230009000000,1917
4740014000000,1933
5040052770000,1985
1240003030000,1933
4150144000000,1967
2340012160000,1999
2480901220000,1999
1140014010000,1933
1740009090000,1981
1540034000000,1933
2340016270000,1988
1340029040000,1933
1440012070000,1933
1040016290000,1978
2040046010000,1933
4040034270000,1951
1340020440000,2000
5340022000000,1933
1040023300000,2000
1140012110000,1933
3940086030000,1933
1840331080000,1999
5540010960000,1998
2740062400000,1995
3080909000000,1998
5450050000000,1967
5480917000000,1998
5340028030000,1933
1980902760000,2000
0840007070000,1996
2380926000000,2000
3980978000000,2000
0540002040000,1933
5340018070000,1933
2740033230000,1980
0140119330000,1998
1640007010000,1933
4040060060000,1933
2340119350000,1980
2140033110000,1978
4640050260000,1995
3140083030000,1933
3040003200000,2000
2620250000300,1974
3650017000000,1967
1340015140000,1979
1750039000000,1967
4540025040000,1933
5080927000000,2000
4940046060000,1933
3340005020000,2003
2540017250000,1980
3840025010000,1986
0280901590000,2000
3940108010000,1933
4080917000000,1999
0140030100000,1933
2080993000000,2000
4560824000000,1978
0740010020000,1933
4240022050000,1972
3940050050000,1933
2840025050000,1933
2750018000000,1967
5150008000000,1967
3240024000000,1933
0140092170000,1933
2540018050000,1933
2440052540000,1997
2140119190000,1933
3830066000000,1990
2040061450000,2000
2740003080000,1980
0940046020000,1933
2840010280000,1999
5550089000000,1967
0350027000000,1967
3950036000000,1967
3940039040000,1933
3940068070000,1991
2040022050000,1976
3040252240000,1999
3150002000000,1967
2140017010000,1933
1040016440000,1997
2540218070000,1998
4540003170000,1933
1640005000000,1948
2580901380000,2000
4440009030000,1933
5380921000000,1999
5480971000000,1999
3140065080000,1995
4140119240000,1997
2780913000000,2000
0940050020000,1933
3040003180000,1995
2040025440000,1981
1040014180000,1978
2440016270000,2000
1780901180000,1999
4680921000000,2000
4180903260000,2000
2040005310000,1980
2340002040000,1993
1040061200000,1956
1030082000000,1948
4240022030000,1969
0280979000000,1999
3940076020000,1933
0940005050000,1933
1980949000000,1998
0440019460000,1974
0640064100000,1988
1160801000000,1979
0440017020000,1933
4140012230000,1998
0940055170000,1933
4440005050000,2025
1750009140000,1967
2440052470000,1996
0380994000000,2000
3940014100000,1933
5340009060000,1933
0540028010000,1933
2480901870000,2000
2480984000000,1999
4140099020000,1980
5540052230000,2018
1040060250000,1933
4240046000000,1933
5540014012200,1986
3140041000000,1933
2340080040000,1990
1780901540000,2000
0440035030000,1933
5040152210000,1995
0940050260000,1987
1040005000000,1933
1740007040000,1933
3140026010000,1933
4040034360000,1980
1040018190000,1997
1060814000000,1993
2340009530000,1996
0140092060000,1933
0650004000000,1967
2580901990000,2000
0240009280000,1976
5040052180000,1933
3940010000000,1933
1340219030000,1933
1440002070000,1933
0940030000000,1933
3040008000000,1933
4440015040000,1933
5440021010000,1933
0640031170000,1997
3980988000000,2000
0140017050000,1933
5540009180000,1995
0380901040000,2000
0340017030000,1994
2340012140000,1998
4140116140000,1999
1140001030000,2011
2340700860000,1980
3040052150000,1933
4340006060000,1933
3040252070000,1998
4540019040000,1978
5330047000000,1929
2250019000000,1967
4540003620000,2002
2740033130000,2022
3040065810000,2000
4340011090000,1933
5040052310000,1933
1740119070000,1995
2840052030000,1933
1740020290000,1933
3240012120000,1979
4840002150000,2000
3720050000100,1943
5440021260000,1933
2840052410000,1996
4650008000000,1967
2240016000000,1933
2540250720000,1972
4440013040000,1933
2040025300000,1978
1040014250000,1981
4640013360000,2000
4660806000000,1980
2980910000000,1998
3380961000000,2000
1340030140000,2024
5440009310000,2000
1040018230000,1997
2440052220000,1978
5540009000000,1933
1740036060000,1995
2140019180000,1933
3440001100000,1933
5440014460000,2006
3040052210000,1974
0640002390000,2000
2840219280000,1982
2040073290000,1993
0440007070000,1933
2440103260000,2000
2480980000000,1999
3840030000000,1933
3940036000000,1933
4440013170000,1933
1880950000000,2000
2440016450000,2000
3640028190000,1998
2840460190000,1995
3840039100000,2000
0640068010000,1956
4240001020000,1933
2440103080000,1992
3040052430000,1980
1540001020000,1966
2640088130000,1968
2040060710000,1979
3240003020000,1933
5440014160000,1956
2040045030000,1933
2350045000000,1967
2440010010000,1933
0340119120000,1933
0640052020000,1933
1140052000000,1933
1980901130000,1998
0440019070000,1933
2640002020000,1933
3940007470000,2000
4640119550000,2004
1140020030000,1933
2440103220000,2000
1040060590000,1978
3980981000000,2000
2740013050000,1933
5140046080000,1942
2480976000000,1999
4140020010000,1958
2540025070000,1933
3150011000000,1967
5040007350000,1990
0240012060000,1957
1140050090000,1933
0840004170000,1998
2040119180000,1933
02200110006EB,1979
2340210070000,2000
2940009040000,1933
5040007090000,1943
4840020040000,1950
3940092310000,1982
2340016040000,2018
4640013170000,1933
2240054000000,1933
3240003070000,1933
3040052630000,1990
0340003050000,1933
5440027000000,1933
0640060390000,1969
5140026030000,1933
2840104050000,2019
5060825000000,1989
0850057000000,1967
3980955000000,2000
3340014010000,1950
4760818000000,1980
5550154000000,1968
3940118020000,1933
3040080190000,1998
0140250080000,1933
1940001080000,1933
2440008100000,2000
2440102340000,1972
2740035140000,2003
1840021220000,1933
3040003170000,1994
0640002140000,1971
4340074150000,1998
2840030010000,1933
2740029130000,1933
2740035100000,1969
4040024010000,2010
4040011150000,1999
0640060970000,1983
3440039030000,1933
1030044000000,1921
3850005000000,1967
2540250220000,1933
5440034000000,1933
1540026010000,1933
1780901570000,2000
4640013340000,2000
5140030030000,1980
2340009280000,1990
4840006070000,1933
0280930000000,1999
0350003000000,1967
5450038000000,1967
1940001020000,1933
2340044220000,1991
1740050030000,1933
0950009000000,1967
5580901720000,2000
2040160370000,2000
3940092110000,1933
2440006050000,1998
2440052940000,2000
2440102530000,1972
1740119040000,1995
1740119202200,1997
3930001000000,1922
4140035020000,1933
0140056010000,1933
4680924000000,2000
4140012040000,1933
1040017210000,1998
3940073160000,1982
4440002070000,1998
2040015000000,1933
1940030020000,1997
3440041180000,1980
4180986000000,1999
4140002040000,1933
4440015000000,1933
0640030000000,1933
2640058000000,1933
2440103040000,1983
3440004000000,1933
2780905000000,1999
3140076030000,1933
0640015000000,1933
4140021120000,1983
3940064000000,1933
0640031240000,1997
3640026000000,1933
2140050010000,1933
2880901990000,2000
0940025010000,1933
3340015030000,1975
3040119060000,1993
3480921000000,2000
3830043000000,1929
4550024000000,1967
2840052530000,2007
2640021110000,2015
0140076030000,1998
3750001000000,1967
0640001060000,1933
4180901550000,2000
2480902810000,2000
3280910000000,2000
0280901390000,1999
1740009030000,1933
2840028000000,1933
3950026000000,1967
1980901820000,1999
3180975000000,1999
5040152430000,2004
4150042000000,1967
2040119230000,1933
3940043010000,1933
5040034020000,1933
0340119580000,1988
1740050280000,1972
4740006020000,1933
3140069040000,1933
3440044080000,1972
3180971000000,1999
2280913000000,1999
2340005460000,1990
1640059000000,2018
2540019010000,1933
5550034000000,1967
2530310000000,1946
0140046020000,1933
1060805000000,1978
1760802000000,1986
2840020540000,1996
3940070000000,1933
4040033010000,1933
2140008040000,1933
2940028200000,1981
2740090020000,1979
3140069080000,1933
5140015310000,2000
4140025050000,1991
4840018180000,1963
5580901240000,2000
2040622380000,1999
1750050000000,1967
3740002040000,1949
4380902000000,1999
0640060680000,1965
3140007210000,1933
2340119980000,1997
3440129030000,1983
2880901150000,1999
4140012150000,1933
1840002240000,1999
4240033160000,1998
5550035000000,1967
4340034000000,1933
2850056000000,1967
4150150000000,1967
4940040040000,1933
0740004050000,1933
2240003310000,1992
1440012100000,2003
4140064040000,1992
1050128000000,1967
2340700790000,1980
2340701590000,1981
2540001070000,1933
3850012000000,1967
4050013000000,1967
4650005000000,1967
0940011030000,1933
4140307140000,2000
2780915000000,2000
3240003100000,1933
5040252060000,1998
5040022060000,1998
5040052170000,1933
4540017050000,1933
1740058040000,1980
1780901560000,2000
4640003000000,1933
1040025180000,1997
2540033120000,1933
3080934000000,2000
3140857010000,1974
5060802000000,1989
4140029140000,1997
3840021080000,1991
2340016350000,1989
5480976000000,2000
5540004070000,1996
2840037050000,1996
0640064330000,1989
0940018240000,1933
4140019260000,1933
4340047120000,1933
1340002150000,2000
5240020150000,1974
5340026010000,1933
1980946000000,1998
0140014000000,1933
5550103000000,1967
5550166000000,1967
4440002050000,1933
4040040010000,1933
5040017080000,1979
3940041040000,1933
2440052720000,1998
4550006000000,1967
4540044010000,1933
4560814000000,1999
4180901500000,2000
2240119020000,1987
1840016020000,1933
2350022000000,1967
2440052980000,2000
3640012010000,1933
0240003010000,1933
3150084000000,1967
1040160130000,1998
4340001000000,1933
1440029020000,1933
5540010290000,1977
0680910000000,1998
1340219140000,1965
2480902160000,2000
3340008000000,1933
2240003700000,1999
2240068010000,1933
2880902280000,2000
5080906000000,1998
0840014040000,1996
1740025010000,1933
0140011130000,1933
2080902170000,2001
5040037040000,1933
1940009550000,2000
24200520000EB,1921
4180982000000,1999
2040005100000,1968
4140016390000,1980
2540076020000,1933
4640008000000,1933
5180918000000,2000
1340063120000,1997
4980902000000,1998
5440025150000,2001
1840016040000,1933
1840021350000,1933
0640064370000,1989
4140003840000,1991
2480901470000,2000
2480970000000,1999
0640009000000,1933
1040014350000,1997
4440024020000,1933
1740119240000,1998
2820219000000,1927
3440013040000,1933
4940020430000,1991
3240015080000,1997
3240027060000,1999
5550101000000,1967
3980921000000,1999
0440019740000,2000
2040026010000,1933
2580998000000,1999
4440062050000,1933
1750033000000,1967
1140009000000,1933
5440001000000,1933
5440007090000,1976
4440042050000,1933
1280935000000,2000
1140035160000,1933
0940026040000,1933
1040023070000,1951
3940050120000,1933
3930063000000,1949
0540007220000,1999
2340044260000,1992
1040021130000,1987
0840042010000,1933
1050082000000,1967
3840019000000,1933
2540070080000,1998
4340026010000,1933
2340044140000,1988
3040052450000,1983
2040119840000,1996
2540090020000,1933
1950001000000,1967
1940019000000,1933
5440050120000,1933
3180903000000,1998
4140027180000,1980
4140029120000,1980
4640056030000,1953
3940068080000,2008
1740020200000,1933
1740020780000,1986
5540052210000,1996
3140015010000,1933
0380901460000,2000
0380948000000,1999
1980975000000,1998
4180902210000,2000
4180902270000,2000
4140019040000,1933
4840018240000,2002
2840003090000,2000
1040017130000,1997
1750007000000,1967
1540066090000,1933
4140002060000,1933
0440019760000,2000
0380901090000,2000
0340007010000,1933
1340011000000,1933
1980902410000,2000
1340219550000,1991
2040005070000,1968
2340005010000,1933
3040009180000,1990
5550137000000,1967
2080902230000,2001
2080971000000,1999
4440005220000,1933
0940016000000,1933
2440002060000,2000
2840003010000,1933
2340700390000,1980
1040019350000,2018
4540022000000,1933
1060809000000,1978
1980901740000,1999
4940014000000,1933
4360811000000,2006
2840016120000,1973
5040002030000,1973
0640060270000,1933
2340044150000,1988
2940015020000,1933
2840016310000,2000
3280901000000,1999
5440030000000,1933
2040025160000,1993
2440080030000,1977
3940026790000,1982
2040079050000,1971
4240009000000,1933
0440017060000,1933
3240025040000,1933
1140015020000,1933
1640002000000,1933
2640035100000,1993
5040052820000,1987
1740050100000,1933
5240048000000,1933
1440011040000,1933
4760817000000,1980
0330002000000,1921
1440016010000,1933
2040025680000,2000
2580986000000,1999
4440036030000,1933
1980930000000,1998
3140061130000,1995
2350015000000,1967
3040052670000,1990
5580972000000,1999
5440031030000,1988
1040020040000,1933
2340119260000,1972
1340009080000,1933
1740031000000,1933
4180901960000,2000
2840015030000,1933
1840015100000,1984
5580953000000,1999
0280901650000,2000
1140005010000,1956
3940007020000,1933
4640007010000,1933
4180901130000,1999
3240008030000,1980
4240025000000,1933
0350001000000,1967
2340110450000,1998
2340110770000,2000
3180901750000,2000
5040152060000,1983
2080948000000,1999
2580902010000,2000
4040060330000,1998
2440016620000,2000
4740001040000,1933
4140018320000,1991
1740021040000,1951
1840033120000,1969
2080901220000,2000
4040033000000,1933
1760804000000,1986
0640052060000,1984
2880902070000,2000
2340701090000,1980
3950038000000,1984
5440026040000,1933
0640048010000,1933
2580966000000,1999
2440052690000,1998
2140019560000,2000
1160804000000,1994
1740024630000,2000
2440103090000,1996
1040060420000,1944
1880910000000,1999
3580914000000,1999
4540026060000,1998
2740020010000,1933
0140002030000,1933
3740026010000,1933
2030622000000,1975
1840087040000,1933
3930024000000,1931
2040073030000,1933
2940050040000,1933
0740016130000,1933
2740062370000,1984
4140021110000,1983
0140048010000,1933
1040025070000,1948
3740022010000,1933
0640008010000,1933
2080901950000,2000
4440001040000,1933
5040013010000,1933
0340017120000,2000
2880901950000,2000
0940050380000,1978
4140063000000,1965
1640014010000,1933
3940033070000,1933
4040006000000,1933
4640005040000,1933
2040060090000,1933
0440016040000,1933
1840015060000,1933
4340050620000,1999
0340009020000,1933
0350017000000,1967
2840052010000,1933
5340006010000,1933
0240017010000,2000
2040079110000,1994
4940020060000,1933
4140019630000,1980
1040061870000,1997
4240219720000,2000
0340026120000,2000
4040013010000,1933
3540023040000,1933
1340002090000,1992
4940032140000,1933
5080922000000,2000
2240119070000,1987
1040060570000,1978
5380930000000,2000
3140022010000,1933
4040017070000,1946
1340031000000,1933
2180941000000,2000
3140086010000,1933
0650028000000,1967
1540208010000,1999
1640001020000,1933
2350026000000,1967
1780949000000,1998
2840052300000,1990
1540009230000,2003
2340005310000,1989
2080921000000,1998
2340110780000,2000
3860818000000,1993
3940005020000,1933
1340042020000,2010
3140071030000,2017
2540031150000,1933
2580901760000,2000
1440050030000,1933
2580982000000,1999
4040001040000,2000
2440007300000,2000
4540003580000,1999
0380972000000,2000
2240034040000,1933
3040065490000,1990
4340028000000,1933
0440020000000,1933
5480939000000,1999
0440024150000,1989
5140020410000,1998
5440014470000,2006
0640013020000,1990
1050075000000,1967
2580929000000,1998
4440013280000,2009
5380929000000,2000
1040019640000,1997
2340110700000,2000
5560807000000,1993
1440015030000,1933
1550005000000,1967
1540030080000,1980
1340020060000,1966
2040076010000,1933
0850041000000,1967
4230032000000,1921
2080901420000,2000
2540056062100,1967
2440102480000,1972
28204600000EB,1922
1980902670000,2000
4940032110000,1933
2740043080000,1984
4740032130000,1933
0280902750000,2000
0280902940000,2000
0240011320000,1998
3240031110000,2003
4740009020000,1933
4140119550000,2012
3740001010000,1933
1560801000000,1980
1020021000100,1957
2440052490000,1996
3440006000000,1933
3240003010000,1933
2840020920000,2002
3040052080000,1933
3750013000000,1967
4240219820000,2000
2040160180000,1999
3040252210000,1999
4040038000000,1933
4080921000000,2000
0440004140000,1933
1980902090000,2000
2040063050000,1976
3040052510000,1984
3940050260000,2017
3040252060000,1998
4540003590000,1999
2840020510000,1995
2840044310000,1997
1040041260000,1953
3040007120000,2000
4440011130000,1997
2140030020000,1933
4940020150000,1933
1740020350000,1933
1840025020000,1984
2540073020000,1933
4330031000000,1921
2040043060000,1933
3240024130000,1978
2140119350000,1992
4660802000000,1980
4180902600000,2000
5440021120000,1933
35200400000EB,1921
4140017070000,1933
4140036010000,1933
0280969000000,1999
3940096000000,1933
1440045100000,1933
5050046000000,1976
1080923000000,1999
3140064020000,1933
0740026000000,1933
2880902810000,2000
4140045000000,1933
4140064100000,1994
1740003000000,1933
3980943000000,2000
5440003000000,1933
3140007480000,1995
4040046000000,1933
1340015020000,1933
3240003160000,1933
5080918000000,2000
2540001100000,1933
0640010160000,1996
2340119970000,1996
1740038010000,1933
2140006020000,1933
3440039010000,1933
4180902630000,2000
4240010010000,1986
5060829000000,1989
0950002000000,1967
1640010050000,1933
1480913000000,1998
1240220180000,2012
4840042020000,1933
2540019250000,1948
3040065750000,2000
2640021130000,2017
3150049000000,1967
4640119040000,1933
4180976000000,1999
1740020520000,1948
3240025070000,1933
4340016200000,1933
2080941000000,1999
5440017120000,1933
4540007040000,1933
1780901490000,2000
2140038030000,1953
4540026000000,1933
2040053070000,1999
3140067160000,1999
0240007270000,1999
0940003020000,1933
3740005000000,1933
0640010260000,2000
2740013100000,1980
5580998000000,2000
3240016010000,1978
1840022100000,1933
2340700650000,1980
4040062180000,1999
1040008140000,1997
2340016140000,1976
2340110810000,2000
2440102060000,1972
0340119020000,1933
3940026780000,1982
1140052070000,1933
0940018210000,1933
0850085000000,1967
4240050050000,1979
1480960000000,2000
0280901370000,1999
5540010600000,1994
1440008000000,1933
2740029160000,1933
1440028160000,1966
1780901790000,2000
1780902130000,2000
5150021000000,1967
2740040030000,1933
3940092060000,1933
4440011040000,1933
4040034340000,1976
2840019050000,1933
0940040010000,1933
1840026020000,1933
1140009070000,1933
3140039020000,1933
0160805000000,1980
4540021050000,2001
3440039230000,1954
2840019230000,2009
3180983000000,2000
1040006060000,1978
2340007140000,1992
1480969000000,2000
1040019790000,1998
4550013000000,1967
2140048030000,1933
0240027030000,2000
1740018030000,2001
2480902690000,2000
0240003030000,2026
1840005010000,1933
2340700760000,1980
4340016030000,1933
2540250200000,1933
4540017000000,1933
28200520000EB,1921
4640003070000,1933
5230002000000,1921
2440011000000,1933
2140012000000,1933
2140119020000,1933
5240009010000,1933
0240002020000,1933
3180966000000,1999
4740032010000,1933
4940001020000,1933
3740001120000,2000
0140034000000,1933
0180913000000,2000
1840087050000,1933
1740043030000,1982
1980947000000,1998
4180902100000,2000
3640220390000,2000
3940084010000,1933
3980948000000,2000
2140119030000,1933
5330005000000,1949
2040060210000,1933
4180901930000,2000
5040007120000,1965
0640019010000,1933
4240042040000,1996
0280940000000,1999
1750084000000,1967
4180901110000,1999
5240002100000,2009
0740007090000,1933
2240003230000,1984
2540019180000,1933
2540074000000,1933
5440003110000,1933
1540030110000,1998
3150030000000,1967
5440050480000,1996
3940026140000,1933
5340007000000,1933
1980902440000,2000
4150143000000,1967
5040075260000,1988
3040065030000,1933
0640010190000,1999
4080942000000,2000
5040060130000,1969
2350062000000,1967
2140033300000,1999
3440017040000,1933
2480902470000,2000
2340701210000,1980
4440010040000,2000
2840028020000,1933
2040057060000,1933
4180922000000,1999
4980917000000,2000
2340009370000,1991
3240311000000,1965
4140025060000,1996
4150041000000,1967
1680933000000,2000
2040214060000,1979
0940011080000,1933
3440041230000,1998
2480901380000,2000
1940032020000,1933
1750005000000,1967
2040219230000,2000
2350024000000,1967
5440047150000,1933
1740028000000,1933
3840219100000,1933
2740003100000,1980
3440020330000,1989
1740024440000,1995
0850068000000,1967
3040052950000,1992
0640060540000,1962
2040033080000,1933
4140003610000,1980
4140016370000,1979
4340009090000,1933
2540250190000,1933
2640250910000,1998
2340044390000,1994
1740029000000,1933
0640160190000,2000
1980961000000,1998
2740082000000,1933
0940025100000,1933
2340009580000,1998
5340035120000,2022
3940112010000,1933
1940030040000,1999
3440020150000,1956
4180913000000,1998
2540058130000,2008
2640024000000,1933
3140045070000,1933
1940009510000,2000
2340016950000,1995
2140009030000,1933
4180903360000,2000
1740024480000,1995
0140054010000,1933
0840038010000,1933
4440014120000,1969
4040016000000,1933
2040079140000,1995
2880903670000,2000
4940007020000,1933
0840007100000,1998
1040038110000,1996
3940042010000,1933
2040025500000,1995
5040052260000,1967
0450013000000,1967
0140076020000,1978
0540007190000,1999
1440045070000,1933
3140017060000,1933
0140030130000,1988
1740119350000,2000
4240007020000,1986
4140018120000,1980
2340008080000,1990
2080902100000,2000
2580901790000,2000
2040034040000,1933
1980993000000,1998
2880903450000,2000
1740024530000,1999
4740035200000,1993
3040014020000,1966
3740030030000,1933
0540002170000,1994
4640058000000,1933
2880923000000,1999
5080905000000,1998
0540010000000,1933
3240025080000,1997
3340009080000,1933
5550120000000,1967
4540003480000,1997
1080953000000,2000
2840027100000,1980
2880931000000,1999
4840030050000,2000
20201190003EB,1982
3150022000000,1967
4040011140000,1999
1780910000000,1998
2140008010000,1933
5340053040000,1933
2240003760000,2000
0940050350000,1977
1040061430000,1978
3840010020000,1956
3980919000000,1999
2340017140000,1998
5540009090000,1964
1740050770000,1999
3840250020000,1933
2740008010000,1933
4150124000000,1967
2040006120000,1996
2940028280000,2022
0280903440000,2000
3940053000000,1933
5040038000000,1933
5040052100000,1933
5280905000000,2000
0940005030000,1933
2260802000000,1980
1780990000000,1999
2540072120000,1998
3140036010000,1933
2440008050000,1998
2040079000000,1933
3440008010000,1999
3340009400000,1997
4840011080000,1933
4340031230000,2000
2840025030000,1933
2840052510000,1998
4640028000000,1933
4140003220000,1958
1040061820000,1997
4340024000000,1933
2640025120000,2000
5480997000000,2000
0580931000000,2000
1730279000000,2003
2340010810000,1992
3040080040000,1989
2440005080000,1933
2440083450000,1996
2140019010000,1933
4540026010000,1933
4560830000000,1978
1980901270000,1998
4140003380000,1964
3350016000000,1967
4140048070000,1997
2540013010000,1933
0240051140000,2000
1240090010000,1933
4180902370000,2000
0440009020000,1933
2840019030000,1933
0840013160000,1998
5540054160000,1996
1080956000000,2000
1780901270000,1999
4640050240000,1985
1980914000000,1998
0680944000000,2000
2240072020000,1990
4040035270000,2000
5540010380000,1980
1340020360000,1996
2840024020000,1933
2040007060000,1933
3040252410000,1999
3040252420000,1999
3140007400000,1986
2340110910000,2000
2440015010000,1933
2440083430000,1996
2840052280000,1989
3840039310000,2000
2740023050000,1933
4940001010000,1933
1050101000000,1967
1840005210000,1933
5440025120000,1933
2840071160000,1979
0450007000000,1967
3440008000000,1933
3440034030000,1995
1740025190000,2001
1040060880000,1995
4280933000000,2000
3940035000000,1933
2450020000000,1967
2240046020000,2000
4150066000000,1967
1780975000000,1999
0640035320000,2000
3140046020000,1933
2180924000000,2000
4140003320000,1949
5040252220000,1999
3280905000000,1999
1050107000000,1967
0280902770000,2000
2540070010000,1933
1780922000000,1998
3380930000000,1999
2740041130000,1996
0630002000000,1921
1240050010000,1933
0480906000000,2000
4180902780000,2000
4940020140000,1933
4140015030000,1933
4240031000000,1933
5480901050000,2000
1640055130000,1995
1440050020000,1933
2640070000000,1933
2840020250000,1979
1340036110000,1999
2250057000000,1967
4740219190000,1983
0640001140000,1980
2080902120000,2000
5440009290000,1999
1440028170000,1973
2650009000000,1967
5040011010000,1933
1040005070000,1998
2840020310000,1980
4640005010000,1933
0240030010000,1933
1440004000000,1933
2040073160000,1988
0940018190000,1933
2340701730000,1981
1950002000000,1967
2340119780000,1993
2940008040000,2004
2250037000000,1967
4240219490000,1998
4360801000000,1979
0240009540000,2000
2340044280000,1992
2880968000000,1999
5040001170000,1974
0640010410000,2002
5580933000000,1999
2540084020000,1933
2350079000000,1967
2240010450000,1997
4140008020000,1954
1040060380000,1944
2340701300000,1980
3040080180000,1998
3140045150000,1933
2440102270000,1972
4440036210000,1933
2840036010000,1933
1340038040000,1993
1040061610000,1990
1830031000000,1991
5540971060000,1979
0280901570000,2000
2440007360000,2000
5480922000000,1999
5540010590000,1992
3950024000000,1967
0640064210000,1988
1980974000000,1998
3040007030000,1933
0640060380000,1943
1340025020000,1933
3380924000000,1999
2340700090000,1980
3040052680000,1990
0280947000000,1999
2040119310000,1948
4040060020000,1933
1080968000000,2000
1780901730000,2000
3940007290000,1933
2040063000000,1933
1740020790000,1985
2440152060000,2000
3740030070000,1933
2140030110000,1933
4540044130000,1933
0740018010000,1933
1440002020000,1933
2340011090000,1991
2440080050000,1999
4440119080000,1933
1740050600000,1985
4540044050000,1933
1980902460000,2000
2040079390000,2000
4950001000000,1967
2340702390000,1996
5440047350000,1998
1840040000000,1933
2140019570000,2000
2140052010000,1933
3940015040000,1933
0680923000000,1999
3240012050000,1974
1040019460000,1982
0340007030000,1933
2140033220000,1980
4640250170000,1998
4140016160000,1972
4140028050000,1999
2340016550000,1992
3240003250000,1979
4740045030000,1985
4840001050000,1933
0340079030000,1965
1140019020000,1933
0550007000000,1967
2640021090000,1933
0440040120000,1933
3440024110000,1953
4180901580000,2000
1040060850000,1994
3740026080000,1998
2440052320000,1995
2840037030000,1996
4680903000000,1998
2040062090000,1999
2480941000000,1999
2140119120000,1933
0240007110000,1933
3340001040000,1933
1040061860000,1997
5540016170000,1977
2540064490000,1998
2440007270000,2000
5040152150000,1992
5540014000000,1922
5580942000000,1999
3940070070000,1933
2040015100000,1984
2050001000000,1967
1340062000000,1933
2040051060000,1933
3440039020000,1933
0440007010000,1933
1140035220000,1933
1740020840000,1995
2440102280000,1972
3540033000000,1933
2640086110000,2004
0840015130000,1997
4140103150000,1998
5540054060000,1964
3940050010000,1933
5040036020000,1933
1840331030000,1999
1940001210000,1999
1340020310000,1990
1740050140000,1933
3440020000000,1933
0740009030000,1933
0640017040000,1950
3840015030000,1933
5540085060000,1996
0280983000000,1999
3940070040000,1933
3940025010000,1933
0140119240000,1996
1050071000000,1967
5440047390000,2000
1280929000000,2000
3880918000000,1999
1240004040000,1933
3140857080000,1996
4340012010000,1986
3740020000000,1933
2080967000000,1999
2340016780000,1993
5540001070000,1982
2840023040000,1996
0640160060000,1999
1340092060000,1998
0140012070000,1972
4240250170000,1979
1440050450000,2000
2040047180000,1982
5440050490000,1996
2140007030000,1933
2240013100000,2000
5040007360000,1992
1750060000000,1967
2350005000000,1967
4740024040000,1952
0850024000000,1967
1140019110000,1933
4440014090000,1948
3540030020000,1997
0440007060000,1933
2880901860000,2000
2760805000000,1978
0280901550000,1999
0540004000000,1933
2640035170000,1993
3140007180000,1933
3860819000000,1993
2740029050000,1933
3140079120000,1979
2520050000000,1931
2040060240000,1933
3240027000000,1933
3040252580000,2013
1840033230000,1999
2540070050000,1982
2340044020000,1984
2340110800000,2000
2340116040000,1996
5480957000000,1999
1040038000000,1966
2840024160000,1998
5340024040000,1933
3440009040000,1933
0640026190000,2005
2340009170000,1989
1050042000000,1967
5540097240000,1998
2040119720000,1979
2580969000000,1999
1780902110000,2000
2130005000000,1922
2840020290000,1980
3940007110000,1933
0640164050000,1998
2240001040000,2016
4140009110000,1974
3240219300000,1978
3740030050000,1933
2540048080000,1979
4640250030000,1933
4740025000000,1933
1640220050000,1933
4450002000000,1967
4040008000000,1933
0580913000000,1999
3940026580000,1933
4540032000000,1933
3240013000000,1933
2640208000000,1933
1880927000000,1999
54100770000NB,1962
0340119080000,1933
1740119280000,2000
1740125040000,1999
1780901120000,1999
5140026040000,1933
0840013010000,1966
2440161010000,1977
3040006100000,1989
5580940000000,1999
2040025670000,2000
2140013000000,1933
4640020030000,1933
4180901900000,2000
5150024000000,1968
2240003540000,1999
2740056030000,1933
3040052370000,1979
1140013010000,1933
2440052030000,1961
0380901260000,2000
2840020550000,1996
4640250270000,1959
1980902360000,2000
2880902230000,2000
4140015200000,1997
1040020240000,2002
0640010350000,2000
3040065770000,2000
0280923000000,1999
4440017010000,1933
5380952000000,2000
5430014000100,1965
5040029000000,1933
2880902340000,2000
1740023190000,2016
2480901940000,2000
4240056030000,1997
2330080000000,1942
1740050060000,1933
0440032060000,1933
0240013010000,1933
2080917000000,1998
4040034010000,1933
1940340060000,1947
1230032000000,1963
3380968000000,2000
0740035140000,1933
2040034010000,1933
2740011010000,1933
2440001090000,1933
2540073280000,1989
4140001040000,1933
1980902720000,2000
4940042040000,1933
0540003120000,1999
5540001180000,1996
1740050080000,1933
3940008040000,1973
3180998000000,2000
0940018130000,1933
5580930000000,1999
1640259130000,1998
5040036000000,1933
3840219570000,2000
5240064000000,1933
3140088030000,1995
3180941000000,1999
4140001310000,1980
1740023390000,1999
4140021010000,1954
4140027210000,1988
2080901520000,2000
2540064360000,1998
2540088000000,1933
0640047050000,1996
2340210040000,2000
1230093000000,1959
1780901140000,1999
2840009010000,1933
3340522040000,1990
2450066000000,1967
4540023000000,1933
0580988000000,2000
5240250020000,1933
3430055000000,1983
5140007020000,1933
3840031050000,1933
0640042130000,1996
1740032040000,1933
0440028060000,1984
0440004490000,2000
2040073300000,1996
0240009130000,1933
2840009080000,1969
4740034010000,1970
4740041000000,1933
1560802000000,1980
1980984000000,1998
4940022040000,1933
2340005200000,1984
2340007130000,1992
2580901480000,2000
1940030070000,2000
2440016350000,2000
3150080000000,1967
4140003530000,1980
2980931000000,1999
4040046050000,2000
4040060010000,1968
0240013030000,1965
2740002270000,1999
2340012100000,1990
2560801000000,1992
5440009010000,1933
4040035200000,1979
5540010620000,1996
0380978000000,2000
1750099000000,1968
4180902390000,2000
4180942000000,1999
4940011240000,1933
1340037020000,1933
5040007250000,1989
4740072060000,1933
2480901490000,2000
3040049270000,1990
4340016350000,1981
3140007090000,1933
1050019000000,1967
2440013030000,1933
2440052750000,1999
2440083010000,1933
0340119640000,1990
1780901900000,2000
2840019440000,1982
4140017100000,1933
0140003030000,1933
1040061760000,1997
5450024000000,1967
3540007040000,1933
4540003160000,1933
3880926000000,2000
1980901670000,1999
0550013000000,1967
1840021090000,1933
2540003040000,1933
0640056010000,1933
2040019120000,1977
2680915000000,1999
1040031060000,1998
1750095000000,1968
4640013230000,1984
3340007060000,2003
1850004000000,1967
2380921000000,1999
1040008030000,1933
0580915000000,1999
2040049040000,1933
5240001040000,1933
1380931000000,2000
0940046000000,1933
4140025080000,1996
1040017080000,1978
0840022070000,1998
4440006020000,1933
4440020020000,1933
2140019220000,1933
3880917000000,1999
3940013000000,1933
1980901290000,1998
1830034000000,1933
3740010000000,1933
3940112000000,1933
3940112060000,1933
1540009090000,1933
2040038010000,1933
1040014290000,1992
1880954000000,1923
2840112010000,1995
2540031180000,1972
2540250300000,1933
0640028010000,1933
1140046070000,1933
3440023000000,1962
1740019270000,1933
2340700920000,1980
5580926000000,1999
1550011000000,1967
1740077010000,1933
21201190000NB,1921
5350004000000,1967
2740029110000,1933
2040029030000,1933
2640017070000,1997
4040029030000,1951
1040019850000,1998
2450076000000,1967
4480915000000,2000
0440004200000,1975
3150072000000,1967
4140103180000,2000
3740050050000,1933
3940088010000,1933
2580946000000,1999
4040013100000,1933
2140119220000,1933
2040061670000,2000
4140041200000,1980
2040022060000,1980
3980997000000,2000
0340011040000,1949
1740050450000,1982
2040060650000,1978
4180901190000,1999
0740020000000,1933
2880924000000,1999
2880962000000,1999
0940054010000,1933
5550030000000,1967
1140010000000,1933
3940072050000,1933
1880978000000,2000
0340003440000,2000
2140036020000,1933
4380915000000,2000
5040075020000,1933
3580919000000,1999
0840007010000,1933
1040016420000,1997
5550068000000,1967
5440021110000,1933
0240011100000,1958
2040021050000,1933
4040030000000,1933
1040061720000,1997
2040160270000,1999
4360808000000,1991
5440040050000,1933
5040052210000,1933
1740119170000,1997
1980901200000,1998
5240002010000,1933
3940007510000,2004
1140036050000,1933
2840003030000,1933
4140036090000,1997
5580901600000,2000
0640031290000,1997
2640002190000,1981
1040014280000,1992
4440022010000,1933
4140022050000,1933
1050136000000,1967
1840004030000,1933
5440026030000,1933
4040033130000,1999
3540007010000,1933
4640046070000,1933
4180945000000,1999
2840018000000,1933
3040065850000,2013
2580901000000,1998
2940018000000,1933
4740072090000,1976
2540058060000,1992
0540001060000,1933
0340119620000,1988
4640050280000,1998
2240003050000,1948
2640250260000,1949
1040019430000,1979
4180902730000,2000
2240068030000,1997
0940050100000,1933
0940055030000,1933
2480901540000,2000
4140116330000,2000
4340024080000,1933
1040014000000,1933
5540010120000,1961
0240009030000,1933
4140003860000,1993
1040001080000,1998
1740020670000,1952
2380902000000,1998
2040214070000,1979
5440056000000,1980
1080902000000,1998
0740003090000,1933
2040003140000,1989
4140025020000,1990
1940032060000,2000
0540027130000,1996
1750014000000,1967
3280909000000,2000
0840028020000,1933
1040060370000,1944
3640220200000,1998
2580901820000,2000
2840052040000,1933
4150135000000,1967
2340701250000,1980
2540016050000,2000
3640033030000,1964
0640060190000,1933
2140119330000,1979
2280903000000,1998
2350081000000,1967
0440042000000,1933
0740014010000,1933
2740068040000,1933
3260802000000,1978
4440021010000,1933
4540023040000,1933
2140019240000,1933
1440005040000,1933
3440019250000,1933
2240001060000,1981
4140016020000,1960
1740019890000,1995
2340014030000,1998
1040016270000,1978
0850065000000,1967
2040043130000,1933
2640003010000,1991
4080931000000,2000
3940012030000,1933
2740002240000,1998
2940015000000,1933
2840019450000,1982
0640026050000,1933
1040004020000,1933
2540250450000,1933
5440017130000,1933
27200350000NB,1921
3140073160000,1979
0940025070000,1933
4140033170000,2000
1040014320000,1997
2880901580000,2000
3340007040000,1946
1040041160000,1933
1140018030000,1933
0540028030000,1933
2480901200000,1999
3340038220000,1979
4840056050000,1933
1040027050000,2000
3040080220000,1998
5240046000000,1933
2740012070000,1933
4180902670000,2000
2080902340000,2015
0840054000000,1933
0540067120000,2000
3940003200000,1981
4560847000000,1977
2040060400000,1970
5550163000000,1968
2740013110000,1981
2740062390000,1988
0150013000000,1967
5040054020000,1989
0280901030000,1999
3480915000000,2000
1140050080000,1933
5040075220000,1980
4740032310000,2002
4040027070000,1997
5040007420000,1996
1340020020000,1933
1340027040000,1933
1980901790000,1999
5140082010000,1998
0640046020000,2002
1040060100000,1933
3640220360000,2000
4340009040000,1933
3140045340000,2000
3640013010000,1933
4640038030000,1933
2940010000000,1933
4140119340000,1998
2840001030000,1933
4740011020000,1933
1240003070000,2024
0840016240000,1996
1050127000000,1967
0440019290000,1933
3120048000000,1976
4080930000000,2000
1940025040000,1933
2140044020000,1933
2940050010000,1933
3150064000000,1967
2250029000000,1967
1040003010000,1933
2340005790000,1999
0140015010000,1933
1780960000000,1999
0540003080000,1999
1440050290000,1958
1940009660000,2000
3240005030000,1933
5140046100000,1996
2240003590000,1999
2540019120000,1948
2640034050000,1949
4040034150000,1933
1780901420000,2000
4180928000000,1999
4740021030000,1933
2340702260000,1982
2540038000000,1933
1040020030000,1933
1340009060000,1933
3940003210000,1933
3140067150000,1998
0740002000000,1933
2250048000000,1967
1040021260000,1974
3040008020000,1933
4240219220000,1969
2580901090000,2000
3040252130000,1998
3140045050000,1933
3440023020000,1999
2340044190000,1990
2840219010000,1933
2840219340000,1997
4580922000000,2000
4680930000000,2000
5340036060000,1933
0340026100000,2000
0280901960000,2000
3940047060000,1995
5440021220000,1933
0640060570000,1962
2340016330000,1989
0640160040000,1999
0620052000700,1976
2230034000000,1930
2480905000000,1998
3340028030000,1933
5440047200000,1944
0440001010000,1933
1840040030000,1933
1350033000000,1967
1740027040000,1995
0440035020000,1933
1040041330000,1978
2540218080000,1998
3140007380000,1981
4080946000000,2000
5040032000000,1933
0240009570000,2006
0740014020000,1933
1740024270000,1990
4840046010000,1933
4280928000000,2000
4040034120000,1933
5040037210000,1933
3640008000000,1933
5480901060000,2000
1740048060000,1933
2340701700000,1981
1640259110000,1980
5440018110000,1933
5440095080000,1996
1750047000000,1967
2140007060000,1933
1340219710000,1999
2340005670000,1993
4140020020000,1972
4840018010000,1933
2240007130000,2018
3740003080000,1933
3740030020000,1933
3140040000000,1933
1740020570000,1948
0940003010000,1933
2040622160000,1979
1040011010000,1933
1880968000000,2000
5240064050000,1933
1140119060000,1933
2480902560000,2000
2840011010000,1933
4140099050000,1981
0850073000000,1967
2540001060000,1933
4440013230000,1933
1760803000000,1986
5340007010000,1933
3440028000000,1933
0740016470000,2013
0940036090000,2021
1050114000000,1967
5580901210000,2000
0340085330000,1995
2040021160000,1933
2440016180000,1995
1740073090000,1982
2740005080000,1972
2740039110000,1995
5140015160000,1933
1740020800000,1985
2440083550000,2024
1040060430000,1946
2540017270000,1998
3640220050000,1933
4340002040000,1933
0280901770000,2000
0580973000000,2000
4640012040000,1933
5340001110000,1933
4180902190000,2000
1340060530000,1981
1780980000000,1999
1840011010000,1933
2040119680000,1980
2030025000300,1987
4440044030000,1933
0940006020000,1933
2040059010000,1933
1040038120000,1996
2340701200000,1980
5480969000000,1999
1340040040000,1999
2880903110000,2000
5060822000000,1989
4040013030000,1933
4040019100000,1998
4540017030000,1933
2040003190000,1998
2240036040000,1995
2880908000000,1999
0840015030000,1933
1040002200000,2000
0850075000000,1967
1040060310000,2014
4280911000000,1999
2640026010000,1933
1340020100000,1967
0640002400000,2000
2640088210000,1972
2440052890000,2000
3250005000000,1967
1040017070000,1978
5580984000000,2000
2340110470000,1999
2940007000000,1933
3150054000000,1967
0240007010000,1982
4840002010000,1933
3840027040000,1933
2540033140000,1933
2640025020000,1973
2350073000000,1967
2840020630000,1998
4560807000000,1978
3840006010000,1933
2040114070000,1996
5440004040000,1933
4540018020000,1933
4180902200000,2000
2880901820000,2000
5040007080000,1978
2480901300000,2000
5550010000000,1967
1140005000000,1975
2880901350000,2000
3940026390000,1933
5340002030000,1933
4140019230000,1933
1040021530000,1998
3140023020000,1933
2740013070000,1974
5540052080000,1983
0550009000000,1967
1740013070000,1933
0850077000000,1967
5540971190000,2000
0140022000000,1933
2340116050000,1996
5240038010000,1933
5140015070000,1933
0640017120000,1988
3040052470000,1983
0240009520000,1999
1540006010000,1933
1740031030000,1933
2140038020000,1933
3440020020000,1979
2580917000000,1998
1040013050000,1952
1750048000000,1967
1240028250000,2000
2940028040000,1933
2180922000000,2000
1740019120000,1933
5040052120000,1933
2140036030000,1933
5540054130000,1991
4340050540000,1999
0640031120000,1984
5040019050000,1933
1980933000000,1998
3240003170000,1933
2440103210000,2000
2540025030000,1933
0480913000000,2000
4240219060000,1933
5440019130000,1933
2440102290000,1972
5440050060000,1933
3840219150000,1933
2740029010000,1958
1140026000000,1933
2340010300000,1984
5440009350000,2013
4240043010000,1933
0340026030000,1999
3380904000000,1998
3440044070000,1957
2480963000000,1999
4740043000000,1933
0140057030000,1933
4240029050000,1952
5440003120000,1933
2640005010000,1933
5540003000000,1933
0380940000000,1999
1840038060000,1933
1340024040000,1981
3940014080000,1933
3940029040000,1933
4140018250000,1981
5440014200000,1980
5440021250000,1933
0640031370000,2000
2340119510000,1984
1340030060000,1999
2840460120000,1982
4940014020000,1933
3350011000000,1986
0140006030000,1933
5550094000000,1967
5550111000000,1967
4340047140000,1933
5440003130000,1933
3140005010000,1933
3140035010000,1933
4040011010000,1933
2140001050000,1933
0640064340000,1989
3180901090000,2000
5380956000000,2000
1940009560000,2000
5440046030000,1933
5340001160000,1933
4940007010000,1933
1140040070000,1933
2340005690000,1993
4140025090000,1996
2540066010000,1933
3640025000000,1933
1350046000000,1967
2540031000000,1933
0280903190000,2000
2040160410000,2001
5540010950000,1998
3940029010000,1933
1340044080000,1999
3180901680000,2000
3040049320000,1992
5440011010000,1933
2740002180000,1995
4040031010000,1933
2440012070000,1933
2840052140000,2010
3940026630000,1985
2940028110000,2015
2880979000000,1999
3340008170000,1981
4240219140000,1933
2040219050000,2000
3140119140000,1962
1040060030000,1933
2740001030000,1933
3980986000000,2000
1940032000000,1933
2440052340000,1992
3540043010000,1969
4540003100000,1933
1840062080000,1933
4640001010000,1933
46200500000EB,1921
1940340240000,1999
5040003010000,1973
3040065680000,1996
0240011360000,2000
3840219430000,1996
3240219100000,1933
4140116190000,1999
4140119560000,2012
0840018020000,1996
5440014020000,1933
2630891000000,1977
2740002010000,1933
2440016080000,1980
4440034050000,1933
4680917000000,2000
2740021000000,1933
4180901390000,1999
4140011010000,1997
4140037000000,1933
2040025460000,1981
5440050640000,1998
4940151010000,2004
2340003300000,1995
2340010380000,1984
2480902700000,2000
4440029180000,2024
2340701760000,1981
2540001020000,1933
2980953000000,2000
2040022140000,1997
3140043030000,1933
4040011060000,1933
0340003202100,2015
0540067080000,1997
0930018000300,1959
0240001110000,2000
2850016000000,1967
0540027090000,1962
5580989000000,2000
0280906000000,1998
2640250140000,1933
5480936000000,1999
2640054010000,2017
1050040000000,1967
4440002080000,1998
0640060770000,1972
0440013140000,1996
2880903560000,2000
3340009010000,1933
4740039040000,1933
0140052020000,1933
1440050180000,1933
5050024000000,1967
2340016770000,1993
2840024080000,1989
4640056020000,1933
1340060050000,1933
2040009170000,1999
2880989000000,1999
3180906000000,1998
2540017340000,2000
2540250620000,1972
2440007320000,2000
0640064860000,1995
0640052090000,2005
4140016050000,1960
2280942000000,2000
2840011060000,1933
0840024040000,1996
1840015090000,1933
5540010540000,1997
1780901000000,1998
4640077080000,1986
0440002080000,1996
2040073190000,1983
3440003020000,1933
4140001230000,1949
1740006130000,1978
2080901500000,2000
2040040080000,1933
4080935000000,2000
4150151000000,1967
0740016340000,1966
2740078060000,2000
4140036030000,1991
2540021050000,1984
5380927000000,2000
0640056000000,1933
0280901270000,1999
1840040020000,1933
1340002000000,1933
2040061390000,2000
0240007190000,1933
0440009060000,1933
2340009020000,1933
1050018000000,1967
1820021000000,1933
1680909000000,1999
5440002020000,1983
4540017070000,1990
5540006000000,1933
2440103050000,1985
1840004160000,2009
5450022000000,1967
1480948000000,2000
2040035220000,1982
2340110970000,2000
1740050610000,1985
4940018000000,1933
1440002030000,1933
3140119220000,2021
1040017220000,1998
0240009110000,1933
1340062010000,1933
5080936000000,2000
2040119290000,1959
4340020010000,1933
0540003200000,1999
1940048020000,1933
5080930000000,2000
4320050000100,1969
0440019680000,2000
5040037180000,1933
3440019290000,1945
1740019450000,1951
1740020460000,1982
4740043100000,1933
2340701870000,1981
3040065090000,1933
0280902270000,2000
3440034010000,1933
4140009300000,2000
0640017090000,1981
1740019430000,1998
4140048000000,1933
1040060120000,1933
1040061270000,1986
2040025180000,1969
1740057030000,1933
2740062290000,1977
4740072170000,2000
0850082000000,1967
2550004000000,1967
2540064400000,1998
4340050270000,1933
5440034050000,2000
0640035300000,2000
3040252360000,1999
2350043000000,1967
1180903000000,1999
4140031000000,1933
4040062140000,1995
2840460100000,1979
2480924000000,1999
2840010210000,1997
1780967000000,1999
3740003090000,1933
2640034040000,1933
2440102620000,1972
4680927000000,2000
2740012090000,1933
3140073100000,1933
5080924000000,2000
5440047120000,1933
1840068030000,1989
2880901360000,2000
1440010040000,1933
4940009320000,2000
4940016070000,1933
5040075420000,1992
4540007210000,2015
5040029120000,2026
2340702110000,1981
4240050060000,1987
1440050050000,1933
3540002020000,1997
0350004000000,1967
4640119260000,1933
1040005010000,1933
3040065260000,1973
2640002080000,1973
0280901250000,1999
1330003000000,1921
5340009100000,1998
5320021000000,1921
2740029000000,1933
4940020280000,1960
1040044030000,1933
3840028090000,1933
2040119510000,1977
2040025480000,1984
3150034000000,1967
1780901690000,2000
2840020690000,1998
1340037000000,1933
1050001000000,1967
4840018070000,1933
2640021000000,1933
1040160010000,1997
2040026020000,1933
0640152020000,2001
2040069080000,1980
0740016100000,1933
2880902600000,2000
2740064010000,1933
4540021060000,2024
0150011000000,1967
3740002160000,2000
3840013000000,1933
39200500000EB,1921
4180901420000,1999
2740041060000,1933
2740080070000,1933
2340011150000,2000
0140011210000,2000
2380934000000,2000
2040083060000,1991
2040028070000,1933
4040035110000,1948
2150011000000,1967
0630008000000,1922
0640060590000,1962
2040022150000,1993
5240007160000,1933
2040045050000,1933
3180931000000,1999
5140018010000,1933
1040016310000,1978
3640220260000,1999
5540971210000,2000
0640035130000,1979
0640042150000,1996
2340016560000,1992
2880901570000,2000
3940014030000,1933
2240022010000,1994
1050183000000,1967
3730002000000,1921
1840087110000,1933
5440050570000,1998
0340119340000,1977
2140030100000,1933
4580904000000,1999
4180902170000,2000
4240005080000,1933
3040065612200,1993
1140014040000,1933
3980926000000,1999
5030037000100,1951
4440023040000,1933
0640052080000,1997
4180901350000,1999
3340009430000,1999
4150096000000,1967
3840009020000,1933
3840219130000,1933
2040060950000,1980
4180903480000,2000
5040152330000,1998
5080925000000,2000
1040061460000,1978
3640220320000,1999
2040622130000,1979
5380940000000,2000
0440002070000,1996
4640250020000,1933
4280907000000,1998
0240010040000,2018
3040052440000,1980
0280918000000,1998
0280997000000,1999
2860803000000,1991
4640119060000,1933
3140068070000,1991
3240003350000,2011
3040080160000,1998
2840028090000,1995
0640018000000,1933
4740043200000,1991
2040622050000,1978
0640042040000,1956
5340053050000,1933
2730005000000,1929
0840004210000,2000
4150055000000,1967
4940004020000,1933
0140005110000,1951
4240219840000,2000
3940092120000,1933
0180907000000,1999
4540003530000,1997
2140050050000,1933
1980902580000,2000
0340017110000,2013
2880963000000,1999
4340016140000,1933
5580901180000,2000
2540218030000,1985
0440001000000,1933
3940014120000,1933
2740062100000,1933
2340702240000,1982
5580901030000,2000
1140013050000,2000
2040119200000,1933
0640043050000,1990
1540024000000,1933
2140006000000,1933
1240005080000,1933
5580901020000,2000
4440012020000,1933
0240011060000,1933
4030062000000,1921
2140001060000,1933
0940006000000,1933
1340036130000,2000
4940006030000,1933
4840013030000,1933
1840012060000,1933
4440013000000,1933
3860811000000,1993
1240042120000,1987
3440019700000,1999
0740004060000,1933
2740033200000,1975
4840011010000,1933
5440014500000,2013
2540017180000,2023
1840024010000,1933
1040013010000,1933
2140033280000,1995
2880902040000,2000
2840016160000,1979
1030061000100,1957
0340001100000,1979
5380945000000,2000
5040037250000,1999
2440016300000,2000
3540023060000,1988
3540027000000,1933
3520250000800,1985
2840031010000,1979
4740023000000,1933
1040025120000,1978
0640002220000,1980
4040060170000,1949
1940029000000,1933
4560846000000,1978
5340053070000,1933
5180911000000,1999
0540507020000,2006
0740002020000,1933
2740033120000,1963
5040005080000,2000
2340701710000,1981
1050104000000,1967
1140007010000,1933
2040119440000,1972
2540073190000,2003
3140019230000,1972
1940009370000,1998
1740031040000,1933
0740035200000,1933
2840016020000,1933
0940025110000,1933
4780901000000,1998
0140011240000,2000
2340700690000,1980
2040160170000,1999
4040052010000,1978
4440119220000,1993
1780902120000,2000
3180901550000,2000
5040075240000,1988
1040061580000,1989
1840019130000,1933
3740010010000,1933
2040081010000,1933
2540250830000,1986
3140007420000,1987
4140022020000,1983
2440052530000,1997
3640005030000,1933
0240017000000,1981
2020060000200,1947
4180902960000,2000
1340033020000,1933
3840015070000,1996
2450023000000,1967
1740050760000,2004
5040252140000,1999
2040047260000,2002
2340700610000,1980
3040065250000,1973
5540016360000,1997
5580901340000,2000
1440045080000,1933
5440047110000,1933
2140019470000,1996
2480901800000,2000
1540016000000,1933
0340005020000,1995
0850055000000,1967
1050149000000,1967
3980944000000,2000
2040025320000,1980
2080992000000,2000
2140030000000,1933
2240013040000,1933
3850019000000,1968
1640220120000,1995
5450031000000,1967
2580987000000,1999
0340003310000,1995
1340015200000,1997
0440035080000,1933
4140033080000,1933
4740072250000,2000
4340011010000,1933
0350022000000,1967
5440003200000,1933
5440050090000,1972
0380992000000,2000
3150065000000,1967
1780992000000,1999
3850001000000,1967
0280903180000,2000
1680901000000,1998
1440220050000,1933
4040005010000,1933
1740019070000,1933
3480944000000,2000
3540053040000,1933
4640013100000,1933
5240040010000,1933
4180902500000,2000
2340016900000,1994
2040015150000,1989
2850043000000,1967
2840219260000,1980
4150070000000,1967
5440034080000,2010
0140092230000,1948
4040005040000,1933
5040052280000,1933
2440052510000,1996
0380901470000,2000
3840039290000,2000
5240002080000,1979
0640064910000,1995
2880902420000,2000
2840016170000,1979
1740020040000,1933
3740028020000,1933
4340010020000,1933
5550109000000,1967
0280902100000,2000
2580901870000,2000
1740034030000,1986
1140119140000,1933
1740013060000,1933
4140116090000,1999
2380930000000,2000
3040049360000,1994
1540002060000,1933
0240001030000,1933
1940005010000,1933
3940007430000,1995
2240019030000,1987
4140019210000,1933
3040006190000,1991
4240069000000,1986
55200520000EB,1931
5240250010000,1933
2040073280000,1993
3440031010000,1957
3040008040000,1933
0540007350000,1999
1040019200000,1955
1880963000000,2000
0380901230000,2000
1940340110000,1979
3440055020000,1991
2880902950000,2000
2340007080000,1984
4140019140000,1933
0840028000000,1933
3980961000000,2000
0140250090000,1933
2850030000000,1967
2840038010000,1933
5240068000000,1933
0640064670000,1991
1840022040000,1933
4340008060000,1933
2080943000000,1999
5540010410000,1980
3640220190000,1998
1140016040000,1933
1440023080000,1946
1040014020000,1941
1940001200000,1999
2140092000000,1965
1050038000000,1967
2040060860000,1980
2530273000000,2007
1540009190000,1999
3040252290000,1999
5240020020000,1933
1140119070000,1933
1980932000000,1998
4150051000000,1967
2540058050000,1983
4040025310000,1978
0240051190000,2000
2340119810000,1993
3940029020000,1933
1980912000000,1998
5040003040000,1984
1740020550000,1948
1340030120000,2024
5540097220000,1996
2340119270000,1976
0740018000000,1933
0740008030000,1933
3240003090000,1933
2640086120000,2004
5540097030000,1984
0260827000000,1980
2840052350000,1996
3940015000000,1933
2040013010000,1933
2540003030000,1933
3740001110000,2000
1480947000000,2000
1040010000000,1933
0280901080000,1999
1340020320000,1990
4140015180000,1997
1740038020000,1933
1980945000000,1998
2040060660000,1979
4180903550000,2001
2740062070000,1933
4140003570000,1980
3040049380000,1994
1480933000000,1999
2040031010000,1933
3140050020000,1933
5040007290000,1990
0640064960000,1998
3440039280000,1970
2880902740000,2000
2880984000000,1999
5040152180000,1995
1050008000000,1967
3340009170000,1933
5550172000000,1967
0280991000000,1999
0240005000000,1933
2880903620000,2000
1540066240000,1949
2040047120000,1979
0140017130000,1933
1240004000000,1933
2040060870000,1980
3440010010000,1997
2480978000000,1999
3740050070000,1969
4340011000000,1933
3540088010000,1986
1340030010000,1933
2740016010000,1933
2240003500000,1999
0540014050000,2011
2630002000300,1974
2640098030000,1933
5040008020000,1933
4440032040000,1933
4640050310000,2000
4180903210000,2000
0740007040000,1933
2040013040000,1933
2280919000000,2000
1040014130000,1978
2040069060000,1933
0840016110000,1951
2540001010000,1933
1540001070000,1971
2840460200000,1997
1980901990000,2000
0240007350000,2004
0240009090000,1933
1740017000000,1933
3640034000000,1933
5580952000000,1999
1440050090000,1933
2340110580000,1999
1740050780000,1999
0240012030000,1933
1750009000000,1967
3740036010000,1933
2680912000000,1999
0140016010000,1933
1240003010000,1933
2840123060000,2007
0940050200000,1981
4840014030000,1933
1640220180000,2000
3940092020000,1933
3640005130000,1998
1240008010000,1933
3440019710000,2000
2480942000000,1999
4150107000000,1967
5580937000000,1999
5440002170000,1989
5240020170000,1999
2040052040000,1933
0740035050000,1933
2880978000000,1999
2840019530000,1991
1480968000000,2000
2840032020000,1954
3840250110000,1949
0640049010000,1933
0240005020000,1933
2940002010000,1933
2480902650000,2000
2640250950000,2000
4080944000000,2000
2840104030000,1980
1240009010000,1933
3140067130000,1995
4180901140000,1999
3180901400000,2000
3180901640000,2000
1740024380000,1995
4240041000000,1933
5440007000000,1933
1040020080000,1977
2350030000000,1967
2350041000000,1967
2350076000000,1967
0640060890000,1978
2040064150000,1998
4140001370000,1988
4140029170000,1997
4140054070000,1980
1740010010000,1969
2080947000000,1999
1440050130000,1933
5480964000000,1999
1780901580000,2000
2840020600000,1998
4140009320000,2007
3340013090000,1933
3330127000000,1994
1780902070000,2000
4640076040000,2000
2040060310000,1979
2480902820000,2000
3140007170000,1933
1040008020000,1933
1940001030000,1933
1940017060000,1980
2940016000000,1933
5140020290000,1981
0740016180000,1933
1140024010000,1933
1040082010000,1990
1050013000000,1967
1080944000000,2000
2840052390000,1996
3940003180000,1933
3380932000000,1999
1440050480000,2003
3740030000000,1933
0340001020000,1933
5040052710000,2000
1040018210000,1997
3950006000000,1967
4730001000000,1997
2480902030000,2000
4740219040000,1933
2540031190000,1972
1640055080000,1994
2340210080000,2000
3580920000000,2000
3840219140000,1933
3440034040000,1998
2880903240000,2000
5040005030000,1989
0540032020000,1933
3940057010000,1933
0640031190000,1997
4440060000000,1933
2140019360000,1982
2740016090000,1995
3140064030000,1980
2540022020000,1933
0340026070000,1999
2640098040000,1933
2340116200000,2000
2340119010000,1933
1340040000000,1933
0540026000000,1933
0840016040000,1933
1740018020000,1933
2540042000000,1933
0440035090000,1933
3040002070000,2000
5580901250000,2000
2240068050000,1994
5040075280000,1988
2480955000000,1999
4140116030000,1999
1840013010000,1933
2340701070000,1980
3040006120000,1989
5580901260000,2000
3040252470000,1999
3940003080000,1933
3240005050000,1963
2340700230000,1981
4240219120000,1969
2880903660000,2000
4140033020000,1933
1040038060000,1996
0280901970000,2000
1640007050000,1969
2540052010000,1933
1940030060000,1999
2450039000000,1967
4840007030000,1933
3140046070000,2016
5540010260000,1974
4150158000000,1967
1340060540000,1982
1340062020000,1933
4940005050000,1933
4150108000000,1967
2540031090000,1976
1740004040000,1933
5450001000000,1967
2640010020000,1971
0240045120000,1933
4540003130000,1933
1140034050000,1992
2340010580000,1989
1740007150000,1985
3940059010000,1995
1940025070000,1933
3140857140000,2000
4140019740000,1980
4840060000000,1933
1940009290000,1990
4540003360000,2011
4140016210000,1972
5580901650000,2000
2840052340000,1992
2080932000000,1999
2540044090000,1933
2040035010000,1933
2340044030000,1984
0440004230000,1979
4140054140000,1999
1840034110000,1933
1740050710000,1995
2140008130000,2000
0240028010000,1933
2880999000000,1999
1140026020000,1933
1050122000000,1967
0640002000000,1969
2580901800000,2000
3980908000000,1999
4180901120000,1999
5080926000000,2000
0840007060000,1996
1140035180000,1933
2040219220000,2000
5380942000000,2000
1940017040000,1959
0450003000000,1967
5040007140000,1973
5540097060000,1989
2040019060000,1954
5040037160000,1933
0340119400000,1977
1340012120000,1979
2140024040000,1933
5240019010000,1933
1980902140000,2000
4240005240000,1972
0240005080000,1933
1040085160000,1998
4680936000000,2000
4940005170000,1933
5040005110000,2000
1640055310000,2018
1040061950000,1998
5440021240000,1933
4140307010000,1985
4180901280000,1999
2840010220000,1997
4240219210000,1993
4340053000000,1933
4440001030000,1933
3340009020000,2013
4340009130000,1933
1140012030000,1933
0540001020000,1933
3140013010000,1933
4480929000000,2000
5440068060000,1999
5240007130000,1933
0840002010000,1933
2040008060000,1947
2240007060000,2009
0940025130000,1933
0940062030000,1933
1740011300000,1999
2580930000000,1998
0650031000000,1967
0140040060000,1933
0380901560000,2000
1080948000000,2000
1980931000000,1998
4940018010000,1933
1940340290000,2005
1740019340000,1933
2840004010000,1933
4140019360000,1972
2540001150000,1983
2580931000000,1998
4340050200000,1933
5440040000000,1933
0240010000000,1933
5440047320000,1996
5420050000300,1981
4560833000000,1978
3040008100000,2004
2340005700000,1994
4040025390000,2016
1840013100000,1933
2080901180000,2000
1940025010000,1933
2440102680000,1972
1840062010000,1933
4640054020000,1933
0640160140000,1999
2340700510000,1980
3640033120000,1998
3980958000000,2000
4050006000000,1967
0640064390000,1990
1240009050000,1933
4180903140000,2000
2240010580000,2000
2480901980000,2000
4940001000000,1933
2040043010000,1933
0380976000000,2000
1340002030000,1933
0640160200000,2000
4840018210000,1999
5550131000000,1967
0640002110000,1972
1640259030000,1946
2880901100000,1999
4580911000000,1999
0140011170000,1933
2340700660000,1980
2550014000000,1967
1140007030000,1974
2540056070000,1933
5440030050000,2000
1540003030000,1933
2640098010000,1933
3140045330000,1998
0440005040000,1933
1140119110000,1933
2240010570000,2000
1040023120000,1978
5240019020000,1933
4180903490000,2000
2880903060000,2000
0240011590000,2003
2340005610000,1991
0630010000000,1921
0440019160000,1933
1440023020000,1933
5540007060000,1933
0340014010000,1933
2180905000000,1999
1340219320000,1978
5540016400000,2000
5550145000000,1967
0640037020000,1933
2350064000000,1967
2340080050000,1990
2450047000000,1967
2440084000000,1996
0540067110000,2000
0440017030000,1933
2250038000000,1967
2740090010000,1933
4140016800000,1998
0140057110000,1989
4340013000000,1933
0350024000000,1967
4640040000000,1933
1140119010000,1933
5040052230000,1933
5240002030000,1948
3350009000000,1967
3340020000000,1933
4240040000000,1933
2340110460000,1998
5540010480000,1984
0340017160000,2000
3940029030000,1933
1440003050000,1933
2240013050000,1933
3040049220000,1989
3740001070000,1933
0640003040000,1998
3050024000000,1967
3980922000000,1999
0540007020000,1974
1340060860000,1999
4150004000000,1967
3740002180000,2000
2580960000000,1999
2840020700000,1998
3240010050000,1933
0140012060000,1933
4340008030000,1933
3980962000000,2000
3940008000000,1933
0140057100000,1933
2080901480000,2000
2540250330000,1933
0440019250000,1933
4040034020000,1933
0440008000000,1933
1340219300000,1978
0540027180000,1998
2340010030000,2011
5440022020000,1933
1130074000000,1980
2880902310000,2000
1040041420000,1998
1940011000000,1933
2440052780000,2000
2240010590000,2001
0640010380000,2001
2980951000000,2000
3940046000000,1933
3940051070000,1933
2880903030000,2000
1040041270000,1953
1840002020000,1933
1540009060000,1933
2040047090000,1979
1880960000000,2000
4540023010000,1933
0240019080000,2000
2740056000000,1933
2740062150000,1933
2840019610000,1997
4340002010000,1933
1640003020000,1993
2350075000000,1967
4680920000000,2000
174000000000,1995
2580901770000,2000
2640002050000,1956
3840219090000,1933
0480903000000,1999
1380926000000,2000
2880903590000,2000
3340009360000,1997
2540033000000,1933
5540018050000,1997
4440006030000,1933
2640074020000,1933
4040048000000,1933
4180902450000,2000
0940034010000,1933
2340007060000,1980
4040050050000,1944
3540001000000,1933
2140001100000,1979
2840120000000,1977
4640076010000,1983
3440039430000,1997
0780903000000,2000
1040060580000,1978
5580901490000,2000
3980925000000,1999
35202500000NB,1943
2980924000000,1999
3140119090000,2012
1040041380000,1992
2030601000000,1975
1540008060000,1991
3140007100000,1933
2440102600000,1972
4640013250000,1981
2340005810000,2004
0740016010000,1933
2040030010000,1933
19203400000NB,1921
2880901050000,1999
4640119440000,1984
5340018010000,1933
1940340230000,1998
4180969000000,1999
2240054080000,1998
4940005040000,1933
2040015070000,1933
5040008040000,1991
2140050000000,1921
3940008020000,1933
0640064300000,1988
4940010150000,1933
2040003160000,1993
2040006070000,1978
3140072010000,1933
0940050670000,1995
1050111000000,1967
3040007010000,1933
3040049300000,1992
5480906000000,1998
4140019720000,1980
1040021280000,1978
1040061960000,2000
1680952000000,2000
3940076060000,1933
4040013120000,1981
1340020110000,1967
3830039000000,1929
2040061370000,2000
3640033070000,1996
4440036240000,1987
2840024100000,1998
1440012050000,1933
0740005140000,1998
3340005000000,1933
4140116060000,1999
0840022060000,1998
2140010060000,1933
3840219380000,1996
0650019000000,1967
1740019730000,1980
1040021200000,1969
25200190000NB,1921
0540027280000,1999
4140041330000,1990
5580901480000,2000
1140019120000,1933
2040015050000,1933
2040021310000,1972
2340119940000,1995
5440095070000,1996
4540025060000,1933
4240005060000,1967
2080976000000,1999
2640086070000,1997
3150028000000,1967
1880949000000,2000
4540003520000,1997
3940009050000,1933
4540026040000,1933
2040053040000,1989
3840008010000,1958
4240046040000,1971
0640035090000,1973
2040047130000,1979
3140040040000,1933
1940031050000,2000
2340110210000,1997
2240003800000,2003
2640076000000,1933
2340010230000,1981
3240219380000,1992
4150050000000,1967
1140009030000,1933
2640048020000,1933
5240005010000,1933
3450010000000,1967
0740011020000,1933
1340060620000,1995
2480901650000,2000
1040041350000,1981
2440016530000,2000
2940013000000,1933
3380956000000,2000
2240019000000,1933
1340054030000,1982
1740019870000,1995
3340016000000,1933
1840014020000,1933
5480935000000,1999
1840040090000,1933
1340004000000,1933
5440019090000,1933
2640098000000,1933
3840039340000,2000
2740035130000,2000
2040035070000,1949
2340044110000,1988
3640020010000,1998
5540010400000,1980
2150017000000,1967
4440029160000,2016
2280921000000,2000
3240015020000,1933
1840026080000,1933
0280902280000,2000
1340015030000,1933
2840071230000,1978
3860823000000,1993
0940011020000,1933
2940028130000,1953
0240007320000,2000
4940003070000,1933
1840068040000,1989
0540067160000,2000
2040119130000,1933
2740001000000,1933
3140019260000,1973
0140026060000,1933
24200520003WB,1993
5540009030000,1933
5540010910000,1996
0340003300000,1995
3950020000000,1967
2340701480000,1981
5040052320000,1933
2740002260000,1999
2880902900000,2000
2340010490000,1988
3040252560000,2000
3140016010000,1933
4740043210000,1992
1030016000200,2026
5040037190000,1933
0840001000000,1933
2880920000000,1999
3180901690000,2000
5060823000000,1989
2340004000000,1933
2340010290000,1984
2340010520000,1988
2840010290000,1999
3040065440000,1990
2540250840000,1992
1040019480000,1982
3950010000000,1967
0840004010000,1933
5140015250000,1971
3340013130000,1999
1540002090000,1982
2440016510000,2000
4480913000000,1999
4180956000000,1999
3180901000000,1998
3340018030000,1989
4240053000000,1959
3640023040000,1933
3440039240000,1963
2880901870000,2000
2740041050000,1933
4740072040000,1933
0680945000000,2000
2640003040000,1992
2640076010000,1933
3040252090000,1998
1980964000000,1998
1850006000000,1967
1480932000000,1999
2440006010000,1977
0640064930000,1995
4940020040000,1933
0640017150000,1988
2980963000000,2000
5550037000000,1967
2580901830000,2000
2040047170000,1980
0240081020000,1969
1840087030000,1933
3940005050000,1933
0680909000000,1998
0740016370000,2004
4140006020000,1933
0540027160000,1996
3140026000000,1933
5550008000000,1967
1280922000000,1999
2140040010000,1933
2740037090000,2000
5040001030000,1933
1840001120000,1933
4640054010000,1978
2880995000000,1999
2380918000000,1999
2080954000000,1999
5050015000000,1967
5480926000000,1999
2840020730000,1998
0840004200000,1998
2540064120000,1980
3040080110000,1998
2040075000000,1965
0940018060000,1933
4840013000000,1933
0140076100000,1998
5550021000000,1967
2640017020000,1933
1880940000000,1999
2350060000000,1967
2840123040000,1998
3940011030000,1933
1240005070000,1933
4940009300000,1982
0640035340000,2002
1050155000000,1967
4240219340000,1987
0280901720000,2000
2540073310000,2000
4040062290000,2000
2840022040000,1933
4180901770000,2000
4180950000000,1999
1340060850000,1999
2880902370000,2000
1050166000000,1967
3050005000000,1967
3040007020000,1933
4240250120000,1948
5550150000000,1968
3940068050000,1933
1740025160000,1987
0140017010000,1933
1240042100000,1991
3380967000000,2000
2840019560000,1993
3130073000000,1929
4140009120000,1979
2380946000000,2000
3840031160000,1999
3930069000000,1949
5440017090000,1933
4040019080000,1965
0380933000000,1999
2740054030000,1933
2480902180000,2000
4740026020000,1933
3840039280000,2000
3940033010000,1933
1140119310000,1986
0740004020000,1933
1440001070000,1997
2240006000000,1933
0850074000000,1967
4040039000000,1933
4180901790000,2000
5540085010000,1975
2580901670000,2000
4540003240000,1973
2140018040000,1995
0440006030000,1933
1940340170000,1979
4180901290000,1999
2840019350000,1980
0840013020000,1933
2540033050000,1933
4340050430000,1972
5040052500000,2005
5340035130000,1933
3180961000000,1999
0940050040000,1933
2540250730000,1972
4140029060000,1933
5540110020000,2000
2540090000000,1933
0640060780000,1972
2040012060000,1933
4140028030000,1933
0850047000000,1967
5540097180000,1996
1640055150000,1995
5040052440000,1933
5140022020000,1933
4140009030000,1933
3140050000000,1933
2350059000000,1967
4640001060000,1933
0240030050000,1933
2880903410000,2000
5140011030000,1933
2360809000000,2013
0340119930000,2026
3040252300000,1999
0580957000000,2000
1240003060000,1933
4460811000000,2013
4240219500000,1998
0240009500000,1999
3140007650000,1998
4080913000000,1999
5040037530000,1998
0440022140000,1960
04100790000NB,1967
3180964000000,1999
4140016780000,1998
4140030060000,1999
1880957000000,2000
0340119320000,1977
1740035010000,1933
0280901990000,2000
5440002120000,1963
1080967000000,2000
2140119320000,1979
2840020360000,1980
2840052100000,1942
5340009010000,1933
2240010300000,1992
2740043050000,1933
1740020820000,1995
2640002040000,1933
2640015020000,1933
4040060320000,1998
1880975000000,2000
1340008060000,1983
3940004020000,1933
3440026040000,1933
3180915000000,1998
1740016000000,1933
2840009020000,1933
0280902080000,2000
1740006180000,2000
5040035000000,1933
3540040050000,1933
2140019310000,1980
1980902610000,2000
0740013010000,1933
2340219150000,2002
4140026030000,1933
3040049460000,2000
2040160090000,1998
0440017100000,1960
1940009200000,1980
4140015260000,1998
4840056030000,1933
2540002010000,1933
0340085270000,1995
2540250780000,1972
4040019030000,1933
3540004000000,1922
1340022000000,1933
2840219180000,1961
3860820000000,1993
0640164040000,1997
5130015000000,1921
0540027010000,1933
3340009450000,2000
1840016030000,1933
2340701860000,1981
5580941000000,1999
2140021060000,1933
4140119130000,1996
4940026010000,1933
2240019080000,1996
2340007220000,1998
3340008190000,2024
1140015050000,1933
2080901470000,2000
3940051030000,1933
0640035120000,1974
5440050130000,1933
1750089000000,1968
2480901550000,2000
2840112030000,1998
3440039180000,1948
4940009170000,1933
2740035120000,2000
3180901580000,2000
4140018370000,1996
3640023000000,1933
2140033270000,1984
2540082030000,1933
4440005200000,1933
2440016170000,1995
2840025090000,1980
1440004020000,1933
2040005260000,1979
2740062320000,1981
1740024100000,1998
3340010000000,1933
3840021040000,1933
4540003570000,1999
0740002060000,1933
2880903070000,2000
2950002000000,1967
1840014040000,1933
1840021520000,1998
4340016210000,1966
3940052100000,1998
5040017090000,1995
2440017020000,1933
0540088020000,1987
4640076060000,2000
2740003090000,1980
5040152230000,1996
5060826000000,1989
2540005020000,1933
2040081020000,1933
3040252370000,1999
1440013000000,1933
3440001060000,1933
5060852000000,2006
2740033280000,1987
1740022020000,1933
1780973000000,1999
5580901470000,2000
3940050270000,1977
2040025400000,1981
2440083150000,1983
3540007030000,1933
0340008040000,1933
4740003050000,1933
2540250410000,1933
2740002040000,1933
5480941000000,1999
1140119330000,1986
4740032230000,2000
4080949000000,2000
2440013020000,1933
1980902110000,2000
1040020260000,2005
3140857170000,2008
1140005070000,1994
0640031220000,1997
3640028010000,1933
1780902140000,2000
3880928000000,2000
2230010000000,1921
2340005230000,1984
2580927000000,1998
5040007500000,2000
5040015010000,1933
4480921000000,2000
2840071210000,1980
4630077000000,1929
2880945000000,1999
2740080010000,1933
0140119040000,1933
4340015010000,1933
1980901850000,1999
2040079170000,1995
0940026000000,1933
0940050690000,1995
4140054150000,1999
3940047000000,1933
3140020010000,1933
3140037010000,1933
5040012050000,2000
3840250230000,1999
1140119020000,1933
1040016190000,1978
1040061410000,1978
3040052750000,1991
3740004020000,1933
2850059000000,1967
0240011510000,2000
3450008000000,1967
4240064040000,1933
0640038000000,1933
2340119830000,1991
1780931000000,1998
1040014480000,2003
1040017150000,1997
2080901280000,2000
5440003040000,1933
5040012010000,1933
3530091000000,1930
2880901180000,1999
4180958000000,1999
2040005300000,1980
2540017140000,1933
5580901100000,2000
4440015060000,1933
5440019050000,1933
2040061700000,2000
2880992000000,1999
4040035300000,2010
1640023030000,1933
2740021010000,1933
3240007070000,1978
4140026010000,1933
4140116380000,2007
0280971000000,1999
0280990000000,1999
2580902050000,2000
1740050650000,1996
2140017040000,1933
3340013110000,1933
2540017220000,1980
5340036070000,1933
1240005030000,1933
1440013030000,1933
2040062010000,1933
2240046050000,1997
4140016910000,1999
2080901740000,2000
1540001090000,1973
2040023040000,1933
2580947000000,1999
3640014030000,1998
3630028000000,1921
1040038040000,1980
4640050130000,1933
5140020090000,1933
1440002060000,1933
1740050900000,2015
2980950000000,2000
0280902870000,2000
0280902300000,2000
4040060070000,1933
50200600000EB,1921
2440052550000,1998
1340060040000,1933
2480901730000,2000
2480912000000,1998
1040020060000,2026
5540008040000,1978
2080996000000,2000
3940030010000,1933
1140047070000,2005
0240007140000,1933
0440007000000,1933
2540027000000,1933
0280901580000,2000
0280901930000,2000
2540058030000,1933
1440045150000,1933
1240050030000,1933
1740707000000,1996
0440015090000,1933
3180942000000,1999
1580916000000,2000
2040021080000,1933
2450081000000,1967
3540007000000,1967
4540001040000,1996
4140119170000,1997
3240219150000,1933
0340079000000,1940
5040052860000,1992
3240007010000,1933
2040070070000,2025
1840007040000,1933
2380905000000,1998
1680906000000,1998
1340030000000,1933
0740009040000,1933
2350007000000,1967
2040085010000,1933
2040119710000,1980
2080902020000,2000
1940026010000,1981
3140064040000,1961
1340063130000,1997
2480902500000,2000
3340009410000,1998
1140005180000,2000
3540002080000,1984
5440046010000,1933
1840056000000,1992
5140044010000,1933
3940043000000,1933
0640060230000,1933
4440042040000,1933
4440052000000,1933
0340119350000,1977
1980950000000,1998
4140307030000,1996
2280924000000,2000
2340010530000,1988
0140010110000,1933
2580920000000,1998
0440019820000,2000
1480925000000,1999
3940005170000,1983
2340010640000,1990
4140044000000,1933
1050100000000,1967
2540091020000,1979
4440119030000,1933
2980927000000,1999
2040007070000,1933
2880902010000,2000
2880914000000,1999
2340011140000,1998
4760805000000,1979
3840029070000,1933
2040025380000,1981
2140001150000,1980
2880901420000,2000
4150012000000,1967
3050026000000,1969
3740001090000,1998
2080901920000,2000
3140045130000,1933
1340012130000,1979
1440004060000,1933
4940046030000,1933
1040002000000,1933
0840042000000,1933
2640088260000,1989
0240081010000,1969
2340119300000,1976
4560852000000,1978
0440019040000,1933
1350008000000,1967
2880901500000,2000
2940028240000,1986
2460821000000,1985
1740003100000,1933
5440030020000,1933
2880901110000,1999
3860816000000,1993
4180901430000,2000
2740037030000,1933
4340050400000,1972
0640037010000,1933
5040052520000,1933
2740009080000,1933
5180922000000,2000
3180901440000,2000
2840011160000,1992
5440021390000,1943
1280916000000,1999
1350011000000,1967
5140020180000,1950
5040034000000,1933
2340016170000,1979
2880902480000,2000
4240045100000,1971
1580926000000,2000
2640002100000,1973
0240030070000,1993
3340009440000,2000
3040049260000,1989
4340016280000,1945
0340085070000,1979
2340044440000,1999
1740034000000,1933
20300610004NB,1933
2480902790000,2000
2840007050000,1933
0140119290000,1998
1840002030000,1933
0640001310000,2000
4340050350000,1975
2040019050000,1969
2340009400000,1991
3340009230000,1948
2140026030000,1933
4640005070000,1933
4640119500000,1998
1340060110000,1933
0840015050000,1988
4140021020000,1960
4150026000000,1967
3140028000000,1933
0540067140000,2000
2040053000000,1933
3440041110000,1964
4180903180000,2000
1380921000000,1999
3180901120000,2000
0540003160000,1999
0640031180000,1997
2040041050000,1996
0240034010000,1933
0620052000500,1979
1350043000000,1967
2780909000000,2000
3240019010000,1933
0640039000000,1933
1580937000000,2001
2440009100000,1996
5540004000000,1933
0840004000000,1933
2880902860000,2000
3180946000000,1999
4830023000000,1972
2540064430000,1998
3740002140000,2008
2240003100000,1933
2240003560000,1999
5040152420000,2000
5140003050000,1933
1840006030000,1933
3040052770000,1991
3740036040000,1998
1140008070000,1933
2080965000000,1999
2050018000000,1968
5240054020000,1933
4140085000000,1935
1040060130000,1933
3840001050000,1933
0440019350000,1933
1940024000000,1933
2340017080000,1990
3860821000000,1993
4640054050000,1985
5340009000000,1933
0940017000000,1933
0940034020000,1933
1040060800000,1994
1680957000000,2000
2540040020000,1933
4340028020000,1933
1730069000000,1967
2840219310000,1991
4640034000000,1933
4440119510000,2007
4740025030000,1933
1040016400000,1997
3040002000000,1933
3040052760000,1991
2040022000000,1933
5440068110000,2000
1780947000000,1998
3240004010000,1933
0840046030000,1996
5540085070000,1997
5440016080000,1933
5540010510000,1984
3180999000000,2000
0180901000000,1998
4180902980000,2000
4140003670000,1982
1740023150000,2005
2340009550000,1997
2040033000000,1933
02300450006EB,1972
1740044040000,1933
2840460170000,1992
3940005230000,1982
4240250210000,2003
2340010220000,1981
1040019730000,1998
4180902160000,2000
3180901030000,2000
3940092300000,1980
2140119160000,1933
2840025130000,1996
3940009080000,1933
2240003340000,1992
4840006060000,1933
3940076010000,1933
3140046000000,1933
3540018040000,1997
3540040070000,1976
5330035000000,1929
0640026080000,1989
3740050020000,1933
3840001130000,1952
5540012100000,1984
0340026160000,2000
3650024000000,1967
2440001120000,1933
1740019460000,1951
5440019120000,1933
0440019600000,1995
0380901570000,2000
0840012010000,1933
3240025010000,1933
4140033130000,2000
2080901990000,2000
2040046060000,1948
1230150000000,1964
1340012040000,1966
1340050020000,1933
2240003460000,1997
0940028020000,1933
1040023180000,1997
1740004100000,1933
2640021010000,1933
5040021020000,1933
2340017090000,1990
3540005010000,1998
2240003440000,1996
0940072000000,1933
2480902310000,2000
4150089000000,1967
2340119310000,1979
2040062030000,1980
1340219390000,1978
4140016770000,1998
2440103130000,2000
1040085030000,1933
2340701190000,1980
2080901120000,2000
2640025090000,2000
3040252330000,1999
1880938000000,1999
4640026040000,1933
1740025310000,1995
2340119430000,1983
1280915000000,1999
2040073410000,2001
2340010900000,1993
0140005100000,1933
5550070000000,1967
1940009500000,2000
1750035000000,1967
3240007080000,1997
4180903540000,2001
2340005260000,1984
0280901200000,1999
1940009070000,2015
1940009630000,2000
2340110330000,1998
2340219010000,1998
1340020300000,1990
0240019030000,2000
2840219380000,2019
2450077000000,1967
5440050110000,1971
5550002000000,1967
1280906000000,1998
0440004270000,1992
3740002170000,2000
4240033030000,1964
0240011440000,2000
4040033140000,1999
3840250090000,1933
2040073130000,1976
2740003060000,1962
0280986000000,1999
2080901980000,2000
4340017070000,1933
2040025610000,2000
1740020900000,2000
2280917000000,2000
0280902970000,2000
0340003340000,1996
1840040040000,1933
2740015160000,2005
2340003200000,1983
2840010050000,1933
3840011000000,1933
4240032100000,1992
2540034040000,1933
0140038030000,1933
2440052870000,2000
1780901960000,2000
1140048040000,1933
4240043030000,1933
1640059010000,1933
2040081160000,1999
2040119850000,1996
5540010040000,1933
2250060000000,1967
0840019020000,1998
4340018010000,1933
0640060700000,1970
3150017000000,1967
4440046010000,1933
3940021020000,1933
5240020090000,1933
5240076000000,1933
0640064680000,1991
2880928000000,1999
3180901130000,2000
3040065780000,2000
5440014300000,1998
2040043170000,1983
2440052250000,1980
4640013210000,1980
4180926000000,1999
2130001000000,1997
1040060770000,1993
1840005090000,1933
2540021010000,1933
3840027020000,1933
2580919000000,1998
1540009200000,1999
4540008000000,1933
3140085000000,1933
2480966000000,1999
1840001020000,1972
0340085430000,1999
4340031190000,1999
5480915000000,1998
5140042050000,1984
3180987000000,2000
0640023030000,1992
1050078000000,1967
2580956000000,1999
4440119120000,1933
5240028000000,1933
5330014000000,1921
2740002280000,1999
3940073730000,1977
1040009110000,1978
1940009030000,1933
0380901380000,2000
1340015150000,1980
2840219220000,1975
1980902740000,2000
4240001010000,1933
4940046010000,1933
5030003000000,1922
2340005420000,1989
2340010860000,1993
3150029000000,1967
1940340040000,1933
2840290010000,1974
5240036000000,1933
0640064140000,1988
1550007000000,1967
2680914000000,1999
1940032070000,2000
2440052420000,1996
2840022020000,1933
1980901700000,1999
2040052030000,1933
5040004000000,1933
5440003100000,1933
2440016630000,2000
0340003290000,1995
4940016040000,1933
2050013000000,1967
1740020720000,1979
1050170000000,1967
2540019130000,1933
2640250220000,1949
3080908000000,1998
1340027060000,1991
2180914000000,1999
2740052010000,1933
3340038080000,1933
3740001050000,1933
0340085320000,1995
1580911000000,1999
4540019010000,1933
2840044200000,1979
4640048060000,1933
0640064500000,1990
5140010010000,1933
3040009160700,1982
3980901230000,2000
2840020410000,1980
4640009050000,1933
5240007080000,1933
0740016040000,1933
2880902960000,2000
2880953000000,1999
5080903000000,1998
0640025110000,1952
1740021020000,1933
0140250270000,2000
2350023000000,1967
1740020390000,1933
1680922000000,1999
2040219150000,2000
3140007520000,1995
3140019010000,1933
2840044060000,1933
4940011080000,1933
2040008100000,1998
5540052170000,1996
5040026030000,1984
2340016310000,1989
1980902000000,1998
4940044040000,1933
2340119860000,1995
1340020010000,1933
1980901910000,2000
2840012080000,1980
4840002050000,1933
3850015000000,1967
4340007180000,1933
4340050220000,1933
4360809000000,1998
4040026020000,1933
1780914000000,1998
4640028040000,1933
2050003000000,1967
4940034010000,1933
1840015040000,1981
3840006000000,1933
5550061000000,1967
1740119110000,1995
4150017000000,1967
4740219170000,1979
0640047020000,1933
0440018030000,1933
5530121000000,2021
5580901440000,2000
2080901430000,2000
5440009210000,1933
1540009100000,1933
2640086060000,1996
2340016280000,1988
1980967000000,1998
0680927000000,2000
5040007050000,1933
1140028070000,1933
2340701240000,1980
0280903500000,2000
2540250790000,1972
3140007600000,1996
5040052810000,1987
2440052770000,2000
3480943000000,2000
3940026560000,1933
4560827000000,1978
1980901860000,1999
4240011020000,2001
4340074100000,1933
3040252050000,1998
4040019010000,1966
2340016240000,1987
0640001020000,1933
2880901030000,1999
4640013270000,1998
1740025070000,1933
0140011340000,2000
3750009000000,1967
1240220120000,1999
2140026040000,1933
0440022160000,1960
2040063080000,2000
0650013000000,1967
0540007270000,1999
2030062000000,1969
0240007040000,1933
1640010090000,1933
3940078040000,2001
5040030000000,1933
1940009320000,1994
4550020000000,1967
1140119090000,1933
3440019410000,1933
3240031080000,1933
2040021230000,1959
2340016860000,1993
4140003180000,1933
1040017060000,1978
1740005000000,1933
2040219030000,2000
2040622310000,1998
2080973000000,1999
2340119900000,1995
3440039160000,1948
5180908000000,1999
2240010550000,2000
3140088010000,1933
0280902380000,2000
0240051230000,2019
5440009050000,1933
0640031070000,1933
2040006040000,1958
4940007030000,1933
5040003100000,1990
2480901090000,1999
4140019950000,1984
2440052810000,2000
0850092000000,1967
4280908000000,1998
2040085030000,1933
5040008060000,1993
3250006000000,1967
2030014000000,1929
4140009240000,1992
0140092030000,1933
2540073060000,1955
3040252230000,1999
5340021020000,1933
5240001200000,1933
3140093000000,1980
4140006000000,1933
2440007050000,1933
4140029180000,1998
1840021310000,1933
2380909000000,1999
5550020000000,1967
5040040000000,1933
2440102450000,1972
0340119840000,2000
0580986000000,2000
0240011560000,2001
2240003200000,1983
1740020220000,1933
4840056040000,1933
3940052060000,1933
0440019880000,2000
2340110690000,1999
5140030000000,1933
2340011000000,1933
3340522120000,1999
5540016190000,1984
0280901730000,2000
1480970000000,2000
2040030000000,1933
2640250170000,1933
4040034290000,1953
1940001000000,1933
1980902150000,2000
2880922000000,1999
2840002040000,1971
2040083090000,1996
0380942000000,1999
5040075570000,1998
2540250850000,2000
1480958000000,2000
2050022000000,1968
3040252170000,1998
3640005120000,1933
2840044020000,1933
5250003000000,1967
4180902950000,2000
2880901650000,2000
0140119120000,1933
1740011310000,1999
2080956000000,1999
3630005000000,1921
3940005080000,1933
2040060580000,1977
0540027480000,2000
4740037010000,1933
0640010250000,2000
5040052670000,1980
35200400007WB,1953
1980901010000,1998
4150139000000,1967
1040007010000,1997
3280904000000,1999
2040040000000,1933
0380924000000,1999
1040029030000,1933
0440036000000,1933
1180905000000,1999
2880903470000,2000
2840014000000,1933
3740034000000,1933
4440014150000,2000
2340110860000,2000
3540006010000,1973
2140008080000,1933
4240014030000,1996
0240008000000,1933
2250031000000,1967
3040119020000,1977
4040011020000,1933
4540003210000,1969
1740077050000,1933
5240007090000,1963
3230003000000,1927
5040001060000,1933
4140019540000,1980
4240037120000,1999
2040083080000,1996
1940022000000,1933
3540008010000,1933
3840039090000,2000
4250004000000,1967
4340050500000,1997
1540009080000,1933
2640021190000,1984
4080901000000,1998
1740040000000,1933
4240017030000,1933
0240007050000,1933
2240010250000,1990
1040016360000,1996
3040049250000,1989
3980945000000,2000
2040040070000,1933
2140048050000,1933
2840052020000,1933
0430013000000,1930
0840007000000,1933
2340010890000,1993
4740025050000,1933
0280902430000,2000
3040065420000,1989
0640002290000,1988
0280902660000,2000
1540016110000,1998
2820052000300,1973
5240002110000,2000
3140075080000,1933
3240010060000,1950
1240028230000,2000
4150121000000,1967
4940011220000,1933
0240011550000,2004
0440017070000,1933
2180912000000,1999
3680901000000,1998
1620030000000,1957
2040027010000,1973
3080917000000,1998
3840039350000,2000
5240064060000,1933
0440009090000,1933
2040004040000,2000
2240010390000,1995
4140033030000,1933
1680915000000,1999
0380987000000,2000
1080943000000,2000
0530067000000,1933
1980901570000,1998
1980901760000,1999
4140018200000,1980
0940025150000,1933
1050059000000,1967
2540033080000,1933
2580901330000,2000
2040026050000,1933
2350035000000,1967
2140026000000,1933
2840015010000,1933
4040034400000,1982
3240012200000,1993
4140029220000,2000
2340016710000,1993
2430008000000,1921
4680907000000,1999
4830018000000,1921
0630010000100,1933
2540250320000,1933
4440007060000,1933
2040034050000,1933
2340210090000,2000
3540039050000,1933
1240050090000,1933
3940023030000,1998
3440041170000,1979
1040008010000,1933
2480901130000,1999
4380909000000,2000
3040080150000,1998
2450019000000,1951
2540007020000,1933
2540048040000,1933
3980992000000,2000
4040019090000,1979
1740125030000,1998
0630527000100,1995
2040070000000,1933
4940012030000,1983
0750003000000,1967
3180901240000,2000
1140030010000,1933
47300320005SB,1991
4340001020000,1981
3950031000000,1967
1140119220000,1933
5050007000000,1967
2340009490000,1994
1050041000000,1967
1040061130000,1949
2040214110000,1987
0380901320000,2000
3940007440000,1998
0740016050000,1933
4140011020000,1998
1040161010000,2003
4740015040000,1933
0640001250000,2000
2340110100000,1996
3840001080000,1933
3940073130000,1933
2040021240000,1959
0280901010000,1999
3640023030000,1933
3650026000000,1967
2040073320000,1998
2940046020000,1933
4140003810000,1990
3840011040000,1933
5540054030000,1966
2340110670000,1999
4150125000000,1967
4240058000000,1933
5550082000000,1967
2940028020000,1933
2880955000000,1999
1740003060000,1933
0640060050000,1933
1730085000000,1962
5340002010000,1933
1340219220000,1979
3160802000000,1991
0840008000000,1933
1040060830000,1994
1840030020000,1984
0640002340000,1998
1640004020000,1933
4440015090000,1933
2040046020000,1933
5340035110000,1933
2040072000000,1933
0640017260000,2004
1740023270000,1995
0340022000000,1933
5040026000000,1933
0340119630000,1990
4560849000000,1978
0640050030000,1933
4180901810000,2000
2340009040000,1943
1340012030000,1953
0240011490000,2000
2940012000000,1933
2230003000000,1921
1640055160000,1996
3940092090000,1933
5440892050000,1995
2040069000000,1933
4180902080000,2000
5040075190000,1980
4040050070000,1990
2440012090000,1984
5540002020000,1933
3840250100000,1933
5140022010000,1933
1840022030000,1933
5540085320000,1998
2640089000000,1994
3140045210000,1978
1040011030000,1933
1840036060000,2000
3140073110000,1933
4140018400000,1997
0640017020000,1933
2340009320000,1991
3040012010000,2026
0840020030000,1933
2580901910000,2000
3140017040000,1933
1040019510000,1982
2240007050000,2021
1740019860000,1995
2480902620000,2000
0330079000000,1933
4340050650000,1999
2040020010000,1933
4080906000000,1999
1040019170000,1949
1740270020000,1996
4740001080000,1933
1240001010000,1933
4180901260000,1999
0240009050000,1933
0440011100000,1980
3240219010000,1933
1040085090000,1950
2580901080000,2000
4340074090000,1933
3150014000000,1967
1980937000000,1998
2540031070000,1933
5550056000000,1967
0280977000000,1999
0640060490000,1960
0240011270000,1987
4080916000000,1999
30200520004NB,1965
2340119120000,1943
2440052140000,1943
5480963000000,1999
0380901600000,2000
4140003400000,1972
2480915000000,1998
3140007470000,1995
0440004400000,2000
0740016250000,1933
2240003290000,1992
2740064000000,1933
4140015020000,1933
0640021030000,1997
1940001060000,1933
0380901070000,2000
0340119300000,1977
3840250250000,1999
0440040110000,1933
2240008030000,2005
2240010330000,1994
0840007050000,1933
5550097000000,1967
2540048050000,1933
0580976000000,2000
4150163000000,1967
2030004000000,1921
2740043070000,1933
1740025280000,1947
1840026090000,2019
1040061190000,1956
3140019220000,1972
0140250140000,1994
4840060020000,1933
2380919000000,1999
3740028030000,1998
5540085220000,1997
4440025010000,1933
1350045000000,1967
2040008110000,1998
2240010430000,1996
5040003120000,1990
2480901920000,2000
1780987000000,1999
1840005200000,1933
3750008000000,1967
3940072010000,1933
3080930000000,2000
4440046000000,1933
0740002010000,1933
2340010570000,1989
0950003000000,1967
2540031050000,1933
2040214020000,1977
2240014000000,1933
5150003000000,1967
0840026040000,2000
2080901830000,2000
4360804000000,1979
2940028090000,1933
3440014030000,1933
4140006220000,2000
2140024070000,2001
4150032000000,1967
1840033240000,1999
2340701680000,1981
0330099000000,1963
4340031050000,1933
3980987000000,2000
2040060500000,1972
3140081030000,1933
4840044000000,1933
0140011230000,2000
3640220070000,1933
1660803000000,1979
2040119110000,1933
2680911000000,1999
4640011030000,1956
5140048010000,1933
2840007020000,1933
2540020030000,1982
4640009000000,1933
0640064730000,1992
1240028120000,1998
2040079080000,1979
3240023100000,1944
2580902030000,2000
2040028020000,1933
1940034020000,1971
3540001010000,1933
1340024000000,1933
2850060000000,1967
4940005200000,1933
1540011050000,1953
0140040110000,1933
1880909000000,1999
2340016980000,1995
5240250100000,1997
2940028160000,1980
4240020000000,1933
2240003190000,1981
2760803000000,1978
2840007030000,1933
0840026030000,2000
0280902220000,2000
2040018210000,1968
1080931000000,1999
1340015090000,1968
2140001010000,1933
2040060680000,1979
4150127000000,1967
2040008020000,1933
0640045010000,1998
2440083100000,1933
5480961000000,1999
2840460180000,1996
0440035100000,1933
3440003060000,1933
3440010000000,1933
0840003000000,1933
2240050030000,1995
1040005040000,1933
0140092050000,1933
1040060060000,1933
5340024050000,1933
5040252240000,1999
0940025020000,1933
2340010700000,1990
1050174000000,1967
0440034010000,1933
1980902190000,2000
3440019300000,1951
3440020450000,2000
2340011010000,1933
0140119070000,1933
2540020040000,1995
2540031010000,1933
1940008000000,1933
2440016600000,2000
1780943000000,1998
1380938000000,2000
2080986000000,2000
3150051000000,1967
3540029000000,1933
4440062000000,1969
5480970000000,1999
0340008050000,2000
3440039380000,1987
4240021040000,1947
1740020400000,1933
1040017110000,1997
4340007170000,1933
5040021050000,1998
1930048000100,1945
1780901310000,2000
4640073730000,1977
2580915000000,1998
3940080090000,1933
1840044000000,1977
4940040060000,1933
3240003040000,1933
1040003070000,1933
1740024030000,1933
5440014060000,1933
1540014000000,1933
4440119130000,1933
5440046000000,1933
5480907000000,1998
2850024000000,1967
4940040030000,1933
2180935000000,2000
4880902000000,1999
1840013000000,1933
1940015070000,2001
5440047400000,2000
4180903020000,2000
2240005070000,1933
5060851000000,1999
1740024490000,1995
0140010050000,1933
0140011120000,1933
3980942000000,1999
5540001050000,1982
5240038000000,1933
5140020440000,2000
4940060000000,1978
1740019380000,1955
2340007070000,1986
2340010260000,1984
0140002000000,1933
1040019400000,1978
1040020140000,1978
0540067100000,2000
2140048000000,1933
4140015230000,1998
1740050910000,2015
0150004000000,1967
1040082060000,1998
3040052190000,1990
4440011070000,1933
2840219050000,1933
0440004320000,2000
4840014000000,1933
2940028080000,1933
4180901480000,2000
5140044000000,1933
1340058000000,1933
2840019200000,1933
2340009380000,1991
3940060040000,1933
0440019120000,1933
1480951000000,2000
2440005130000,1996
2440102400000,1972
5540007130000,1974
5140010030000,1933
0540027350000,2000
1740025290000,1981
2840219130000,1971
4240016010000,1933
4940009140000,1933
0740016360000,1979
0680948000000,2000
4940006070000,1998
1040021190000,1965
0280934000000,1999
0280953000000,1999
0640049000000,1933
4650007000000,1967
2940220020000,1933
4940040020000,1933
5040075640000,2005
2480902190000,2000
3040052730000,1991
0380918000000,1999
1240028030000,1933
4240029040000,1964
3580909000000,1998
2040002000000,1979
0740010000000,1933
1780902060000,2000
4640250160000,1998
2740062380000,1984
2880901790000,2000
2340219060000,1998
2140019120000,1933
3360809000000,1980
4140019150000,1933
4140119530000,2012
2380942000000,2000
2540022000000,1933
0240009140000,1933
2740028050000,1933
4140119060000,1996
4150122000000,1967
0150005000000,1967
1840010060000,1933
5440003270000,1979
0380995000000,2000
1340015080000,1948
4180901820000,2000
3180901520000,2000
1740023000000,1933
4840013010000,1933
4840013090000,1933
1040082040000,1997
3840028240000,1949
0640047010000,1933
2580988000000,1999
1040018130000,1978
1040019770000,1998
4240015020000,1933
1940009620000,2000
2440017200000,2000
0340119560000,1988
0580944000000,2000
3940009070000,1933
5240016010000,1933
2040160060000,1997
2080901000000,1998
2580921000000,1998
3150024000000,1967
3540008000000,1933
4540021000000,1933
4740032150000,1987
5540009150000,1992
1140119120000,1933
1980942000000,1998
2940007010000,1933
4180901080000,1999
3240023030000,1933
2540030020000,1933
5540016440000,2001
5550077000000,1967
0540007000000,1933
2880901590000,2000
0640064870000,1995
0440005132100,2018
3130100000000,1957
2340005330000,1989
4940001130000,1933
0280902800000,2000
2040114060000,1981
2040119960000,1988
5450009000000,1967
1040014150000,1978
5440068120000,2000
1750065000000,1967
4640026000000,1933
4180901660000,2000
2840015020000,1933
2840019160000,1933
4140016010000,1933
4040020010000,1933
4540012020000,1933
5440050360000,1957
0380965000000,1999
2840020610000,1998
3840039300000,2000
5340039140000,1933
0640160050000,1999
4180903250000,2000
3240003300000,1998
5140005010000,1933
4140021170000,2024
1040038130000,1996
1050109000000,1967
2040219170000,2000
2640012010000,1933
4580921000000,2000
0240014010000,1933
1740025250000,1990
1840016090000,1933
5440014070000,1933
1540010000000,1933
2880901210000,1999
4140307020000,1990
3140081070000,1986
2740080100000,1933
3340038250000,1990
1040025220000,1997
0840052000000,1933
1040041150000,1933
1340039020000,1933
0280941000000,1999
5480901290000,2000
1340002070000,1950
2140001110000,1979
5240003030000,1933
4940009290000,1982
2980947000000,2000
3940092210000,1986
3980999000000,2000
5050016000000,1967
0380961000000,1999
1840042060000,1933
4940022000000,1933
2240003220000,1984
2240010240000,1990
1040017120000,1997
1680932000000,2000
3140041030000,1933
2480901690000,2000
2480926000000,1999
4150101000000,1967
1140019040000,1933
0640039010000,1992
19203400001EB,1963
0940015070000,1933
2040051030000,1933
3140072020000,1933
5060821000000,1989
3140046040000,2007
4140021160000,2000
1050086000000,1967
5440050020000,1933
5540007010000,1973
0940005100000,1984
5440050450000,2005
2880912000000,1999
4140054170000,1999
1040023350000,2000
5540016130000,1974
2540080030000,1933
3940041030000,1933
2440007210000,1996
1740048110000,1982
2840016300000,2000
2080901270000,2000
5450014000000,1967
2680920000000,1999
5240001210000,1933
2180910000000,1999
5040003060000,1984
0140080000000,1933
2080902070000,2000
3940050130000,1933
2640013020000,1952
2640068000000,1933
3140007620000,1996
2740009010000,1933
2040005130000,1968
2080901750000,2000
1940017010000,1933
2340016670000,1992
2340058030000,1988
1440007030000,1933
4140024020000,1991
3040003060000,1933
5040060060000,1933
5340047040000,1933
1740019660000,1979
2440161030000,1982
5440014050000,1933
5440021300000,1933
4040062190000,1999
0340017100000,1999
3940026060000,1933
4180902680000,2000
4140003090000,1933
1820250000000,1985
2440052400000,1995
5180901000000,1998
3140019300000,1986
5040052880000,1990
3440041220000,1998
4240219410000,1993
1550016000000,1989
2440017060000,1980
0540067180000,2000
3940014110000,1933
1840012070000,1933
1840013110000,1933
5550155000000,1968
4340017060000,1933
5440003280000,1980
5440005000000,1933
0640042110000,1992
2640088050000,1933
35202500009NB,1984
2840006030000,1950
2540015050000,1933
2040009140000,1997
3040049310000,1992
5440009090000,1933
3140045320000,1998
2440080040000,1984
1750052000000,1967
2140046000000,1933
4560828000000,1978
4640119120000,1933
2880986000000,1999
2540017160000,1933
2540250310000,1933
2440007020000,1933
1980997000000,1998
4240005210000,1972
0640017070000,1988
2580965000000,1999
2440007080000,1979
4540020040000,1975
1740044010000,1933
4140028000000,1933
4840020030000,1933
1040023260000,1999
3140045120000,1933
2140036010000,1933
3440019070000,1933
0740003060000,1933
2340003000000,1933
2040021030000,1933
2640005000000,1933
2350042000000,1967
0440006020000,1933
1340063050000,1978
5140015350000,2000
4740017090000,1967
0850049000000,1967
2440006020000,1982
3940024140000,1933
4250002000000,1967
2240032000000,1933
4240032030000,1933
4340006020000,1933
4180901590000,2000
5440047420000,2007
0740011070000,1979
4940005290000,1992
2340701950000,1981
5040024040000,1933
1940030030000,1999
0380916000000,1999
0340011020000,1933
4840036000000,1933
1050098000000,1967
2340701130000,1980
5040060150000,1989
4440036230000,1933
1780901970000,2000
4640052000000,1933
4180902770000,2000
4180951000000,1999
2880903340000,2000
0540027060000,1933
4940005010000,1933
3540025010000,1933
1740050860000,2000
0640064760000,1992
1040027020000,1973
2340700780000,1980
4340007270000,1998
2880901620000,2000
1140119340000,1986
4940020050000,1933
2240008050000,2005
4140018180000,1980
4120019001800,1990
0640064250000,1988
0240018000000,1917
4440008000000,1933
1920340000300,1963
0740022000000,1933
5140015140000,1933
4140032050000,1980
2380933000000,2000
2540090010000,1933
2040025140000,1959
4580906000000,1999
0480911000000,2000
3440019200000,1933
4940024020000,1933
5440025050000,1933
2340119700000,1990
3440094050000,1933
0340119780000,1996
1280932000000,2000
1740073080000,1933
2140026070000,1933
3940007310000,1933
2040073170000,1980
2840018030000,1933
3180901150000,2000
2840005000000,1933
3040002010000,1933
5040052040000,1933
2840019650000,1998
3180901530000,2000
1040025250000,1998
3650023000000,1967
1060811000000,1978
1740073010000,1933
3940026770000,1981
2740003020000,1933
2880913000000,1999
2340002020000,1933
4140116270000,1999
1840020000000,1933
2340701060000,1980
0440019220000,1933
1340019040000,1997
3140065010000,1933
3440024070000,1933
0780901000000,1999
05200220001NB,1949
4140103190000,2000
0340001120000,1984
2540250180000,1933
2940019000000,1933
2040053090000,2005
2880903520000,2000
2040079430000,2000
0180912000000,2000
2440083310000,1980
0340119700000,1990
4140016580000,1987
2340011100000,1991
3740030010000,1933
0440021030000,1933
2040021100000,1933
1980985000000,1998
2040052080000,1996
1340060120000,1933
3240003210000,1978
1140042040000,1933
2540073260000,1988
3940062000000,1933
5440034020000,1933
5540008000000,1933
2140002020000,1933
5040152140000,1990
5140015330000,2000
1340008080000,2023
1840013050000,1978
4240037040000,2007
0340001080000,1951
2040160280000,1999
5540010110000,1933
2140040020000,1933
2040060820000,1980
1140024020000,1933
5340004050000,2013
0340022010000,1995
0530002000300,1971
2350090000000,1967
0350016000000,1967
3940016000000,1933
0640051000000,1933
0950005000000,1967
2740019000000,1952
2840019220000,1933
2840123090000,2016
0840024030000,1995
4340016160000,1933
5440021330000,1933
4040008020000,1933
0140024070000,1995
1880925000000,1999
1280934000000,2000
0640068000000,1933
1980924000000,1998
2040072020000,1933
5240001190000,1933
5580990000000,2000
2040031020000,1975
2040043190000,1998
1780901250000,1999
4140016320000,1979
3240010020000,1933
5540085330000,2000
1680939000000,2000
2040119270000,1933
2540218050000,1995
0840015100000,1996
4740072190000,2000
0280901490000,1999
5440017100000,1933
1740048030000,1933
4240001040000,1933
4140015120000,1981
2340010080000,1955
4740072100000,1993
3640220040000,1933
1740011000000,1952
5440008000000,1933
0640054010000,1933
1940007000000,1933
1240090000000,1950
0240032010000,1933
2840001020000,1933
5530016000000,1943
2440010070000,1975
0840015110000,1996
0140250340000,2000
2340016930000,1995
3440020350000,1989
5040152470000,2021
1440028210000,1978
1940025110000,1980
3640003090000,1998
4440119070000,1933
0380954000000,1999
1080920000000,1999
2840020590000,1997
2040053020000,1978
1780996000000,1999
1350023000000,1967
3940019010000,1933
4180903060000,2000
5050005000000,1967
2840005010000,1933
4140116220000,1999
0140011110000,1933
1050169000000,1967
3740003110000,1933
4240054000000,1933
2080902050000,2000
3440008020000,2000
4150053000000,1967
0640064020000,1987
2740003050000,1933
2340009270000,1990
2040106000000,1978
4040046030000,1999
2340110070000,1995
4480906000000,1999
4180902690000,2000
2880901770000,2000
0640017050000,1974
2340010660000,1990
4140019890000,1982
2540019750000,1980
4340008020000,1933
0280902880000,2000
0640060560000,1962
3130007000000,1921
0350006000000,1967
2140014050000,1933
3440020260000,1977
1740009140000,1999
2640013000000,1933
1740052070000,1990
2140022000000,1975
2840044350000,1998
5380947000000,2000
0640060600000,1962
2340110890000,2000
4140054220000,1999
0640031430000,2022
2040601010000,1980
1540024010000,1933
2840020010000,1933
3380957000000,2000
5240001000000,1933
0740035170000,1933
3330009000000,1921
3340022020000,1933
1040016120000,1978
5580901450000,2000
0280903060000,2000
2540048000000,1933
5440009120000,1933
1940031040000,2000
0580960000000,2000
5340009020000,1933
3240006020000,1933
4140006190000,1997
0640017110000,1988
1640012020000,1933
5440007070000,1933
1540024030000,1980
1540030120000,2000
2350040000000,1967
2740041100000,1933
1740013020000,1933
2430635000000,1975
4150064000000,1967
5540971080000,1981
4340021020000,1933
1540009010000,1933
3040252490000,2000
3380912000000,1998
3340038340000,1998
1040019610000,1995
1980901420000,1998
1740019560000,2001
2480902840000,2000
2080901680000,2000
3940026500000,1933
0440004070000,1933
2040061730000,2000
0740035350000,2000
1740024340000,1980
0850089000000,1967
1640007300000,2000
0640040000000,1933
1940009260000,1980
5340007120000,1933
2880974000000,1999
4140012060000,1933
2540001080000,1933
2080901440000,2000
2580902040000,2000
1880904000000,1998
2340110730000,2000
2440102570000,1972
3520250000700,1985
1340021050000,1933
3140068040000,1933
0740020020000,1933
5150009000000,1967
3940038000000,1933
3940073070000,1977
2340016180000,1979
4540023020000,1933
2140007020000,1933
2840052500000,1998
0640026060000,1958
1640007040000,1933
43200500000EB,1921
1380939000000,2000
2240015020000,1995
2880967000000,1999
2480902050000,2000
2480994000000,1999
5530077000000,1962
3940057000000,1933
2040033030000,1933
4140011030000,1999
0640060480000,1959
2340110680000,1999
1340002110000,1997
1340015180000,1990
2940016020000,1933
2440103230000,2000
1840032020000,1933
5440005020000,1999
1580906000000,1999
5040037410000,1992
0840001080000,1933
0650022000000,1967
1740020270000,1933
2480901110000,1999
0140006000000,1933
5540016270000,1996
1440015000000,1933
3540005000000,1933
5440050210000,1971
3940002010000,1933
1740019250000,1933
2480902720000,2000
3140052010000,1933
3140059010000,1933
1040009270000,2004
2240005110000,1970
4140003740000,1984
2040083160000,2002
1640007000000,1933
2650008000000,1967
1040019450000,1982
1240009020000,1933
2440003070000,1998
3140076130000,1984
1740020480000,2001
2280938000000,2000
4140033010000,1933
4840018170000,1952
0340085060000,1979
4140017190000,1983
0140011190000,2000
3040065480000,1990
1140017090000,1933
1640010020000,1933
2540073090000,1963
3380931000000,1999
5040075050000,2021
5080940000000,2000
1840021140000,1933
1840022000000,1933
4440004030000,1933
2740031080000,1933
4130003000000,1921
3940050060000,1933
1350022000000,1967
0440032020000,1933
0640064030000,1987
3440055050000,2000
4140119040000,1996
2880902360000,2000
4740039060000,1933
4840030000000,1933
1040008050000,1955
4140012240000,2000
2040025650000,2000
2640074000000,1933
2340210140000,2000
1780939000000,1998
2040005190000,1979
2040009090000,1979
4140006130000,1980
2340009430000,1992
2080902360000,2010
5440003090000,1933
2640088070000,1933
1140047010000,1933
3140053020000,1933
4240001000000,1933
0740011060000,1933
1040060620000,1978
2540015100000,1933
2040025060000,1933
1880964000000,2000
1940009420000,2000
1940030010000,1946
4540020010000,1933
3140064000000,1933
1140040030000,1933
2840010240000,1998
3740014000000,1933
0280903260000,2000
2040029000000,1933
4030017000000,1921
1940340020000,1933
5480901360000,2000
3940007070000,1933
0840011010000,1933
0140012010000,1933
2540007050000,1933
4280926000000,2000
4440014080000,1948
2880901280000,1999
5150013000000,1967
1050053000000,1967
3240003080000,1957
2340007090000,1986
1540105010000,2023
1840002300000,2000
3040052550000,1989
4240219320000,1974
3980990000000,2000
2340110440000,1998
2850048000000,1967
3440003050000,1933
2280941000000,2000
2540021020000,1933
2140014040000,1933
0440040080000,1933
0640060980000,1984
0240030040000,1933
2880903320000,2000
2740043100000,2003
0550018000000,1967
0840006020000,1933
0940050470000,1982
1740005130000,1933
2340119890000,1995
4440029000000,1933
3940024410000,1933
5140042000000,1933
0740008020000,1933
0940044000000,1996
4740043070000,1933
4830180000000,1977
2350082000000,1967
0340119330000,1977
3940006050000,1933
4540033000000,1933
2940006020000,2015
2040005230000,1979
2040008030000,1933
0840015020000,1933
2080910000000,1998
3940026130000,1933
5250005000000,1967
5580901770000,2001
2680922000000,2000
4440024010000,1933
1840068020000,1984
4240009010000,1933
0840001160000,1996
3180952000000,1999
0850063000000,1967
5540085240000,1997
1140008000000,1933
1140018090000,1933
4940011050000,1933
4130016000400,1986
0940027000000,1933
2850003000000,1967
1040041070000,1933
1140007040000,1933
0620060000600,1972
0440019560000,1983
3640007000000,1933
5140012000000,1933
4140103310000,2002
4840046000000,1933
5540052160000,1996
5040026020000,1933
0380901220000,2000
5580901740000,2001
1040012050000,1997
2840020680000,1998
2940005000000,1933
4140015160000,1993
0540028060000,1933
1440023040000,1933
1140002040000,1933
3440007030000,1933
3440039390000,1987
2340003340000,1996
2440015100000,1933
5040006000000,1933
2580979000000,1999
1940009590000,2000
0440009050000,1933
2840019470000,1983
4940009020000,1933
5240250040000,2010
2540019400000,1986
2540250170000,1933
4440005080000,1933
1540003080000,2000
1240002000000,1933
4240009060000,1998
2340015030000,1998
1750002000000,1967
3140857030000,1985
3940034000000,1933
0640035140000,1983
2580955000000,1999
0940015120000,1993
4140001050000,1933
4140018110000,1980
2280944000000,2000
4150022000000,1967
1840022010000,1933
2340219020000,1998
1750040000000,1967
2040060800000,1980
4140015140000,1991
2440103150000,2000
0240007120000,1933
2340700050000,1980
2340701470000,1981
0140038130000,1984
1340007000000,1933
1340019010000,1933
3940021070000,1933
3440018020000,1933
1340060730000,1997
0140077040000,1933
5040037500000,1998
1880918000000,1999
0380988000000,2000
1740050120000,1933
1750090000000,1968
1980901410000,1998
4940010050000,1933
1740019290000,1933
3840031000000,1933
2540033130000,1933
1540066140000,1965
5040052340000,1933
1940017050000,1980
1780901950000,2000
2480917000000,1999
2840071030000,1933
4640038010000,1933
0440013030000,1933
1340042000000,1933
1340219280000,1978
2340012090000,1990
1780970000000,1999
2580901510000,2000
3140036000000,1933
0580909000000,1999
3440001010000,2010
0840016290000,1998
1640008010000,1933
1940009610000,2000
2040079010000,1933
0940036010000,1933
3240219210000,1933
4740021010000,1933
4840011030000,1933
1640010030000,1933
1740003140000,1984
3040252160000,1998
3650002000000,1967
5140048030000,1933
2840460030000,1975
4440015070000,1933
0140017100000,1978
0140250180000,1999
2440052850000,2000
1040031040000,1982
1240009000000,1933
1740025110000,1933
2040160290000,1999
5440019140000,1933
1540016080000,1948
3040252030000,1996
2340116210000,2000
2840120040000,1998
2360805000000,2004
1740024600000,1999
2340010160000,1962
2840003080000,1980
4840002030000,1933
2450007000000,1967
1340003120000,2021
0440004420000,2000
1340219040000,2016
0540018080000,2000
2080931000000,1999
5480938000000,1999
1740028010000,1933
1750046000000,1967
5340032060000,1933
1340219600000,1997
2030006000000,1957
3040052200000,2026
3740004000000,1933
2580939000000,1999
0540067070000,1996
2130004000000,1981
3940012040000,1933
0640064990000,1997
1240042130000,1961
1980962000000,1998
4180949000000,1999
1840002310000,2011
2340010040000,1933
2480902530000,2000
1040160020000,1997
5580901080000,2000
2340119690000,1990
1340008000000,1933
0840018000000,1933
0640010320000,2000
1940027030000,1979
1780918000000,1998
0830004000000,1921
4140006050000,1972
2480911000000,1998
4280904000000,1998
5550158000000,1968
1140019010000,1933
0340003240000,1992
4180998000000,1999
1330054000000,1932
1040612020000,1997
4340016080000,1933
4340074050000,1933
3440009060000,1933
2880902090000,2000
2480902780000,2000
0850019000000,1967
1030061000300,1948
0640002360000,2000
4340050550000,1999
4330074000000,1933
5440007020000,1933
1480937000000,2000
1840034150000,1933
2840027040000,1933
3940011000000,1933
0640064150000,1988
2840016070000,1971
1040023110000,1978
3040052620000,1990
4340003010000,1933
4080938000000,2000
5040052890000,1990
1340009110000,1996
4140031010000,1933
2340701140000,1980
5440002080000,1933
5040052970000,1995
2340016300000,1989
2440084010000,1995
4540003040000,1933
4440036140000,1933
5540001160000,1989
1740035070000,1933
2840044010000,1933
4940042030000,1933
0930018000000,1921
3340009470000,2001
1840033030000,1933
4240219560000,1999
2580909000000,1998
4340022020000,1933
0540007320000,1999
4940013010000,1984
4140016080000,1963
0940044030000,1933
4150102000000,1967
5440005030000,1999
3140041050000,1933
1040009070000,1952
0340003410000,1999
4340008090000,2023
1040061030000,1933
0280964000000,1999
1680917000000,1999
4040039020000,1933
5480901120000,2000
0380901450000,2000
2880909000000,1999
5040075110000,1969
5040001200000,2003
1040004050000,1933
3140088050000,2023
4340074040000,1933
4440013140000,1933
1440023070000,1933
2640088080000,1933
3480901000000,1998
4440040000000,1933
1440006040000,2005
4240151020000,1995
4440052080000,1933
3840250260000,1999
4830002000000,1921
4340005020000,1933
2880901720000,2000
1340030110000,2024
0280978000000,1999
4040026030000,1995
1940035000000,1945
5440047170000,1965
2140020090000,1933
4640003050000,1933
5340035070000,1933
2040058020000,1933
1740019790000,1984
1040044040000,1933
5580901010000,2000
4450004000000,1967
30201190000NB,1941
4040013090000,1933
1340020280000,1981
0940019110000,1933
4440011060000,1933
5440017040000,1933
0640031050000,1933
1740077100000,1981
2240010030000,1933
2340005340000,1989
0240011410000,2000
1440045030000,1933
3040701220000,1980
3640003040000,1933
5140020220000,1953
0940060000000,1933
4740072050000,1933
3940050110000,1933
4040007010000,1933
5040052360000,1933
0630527000000,1979
0740005120000,1998
2850013000000,1967
3040065140000,1960
3740003070000,1933
1550001000000,1967
2040064050000,1991
4940004200000,1972
4440015170000,2005
1440050150000,1933
5240009000000,1933
2940021000000,1933
4940020100000,1933
2880902170000,2000
4140027220000,1990
2340702160000,1981
5550018000000,1967
3440129050000,1997
5480902000000,1998
4540026050000,1997
4580902000000,1999
0440038000000,1933
2850017000000,1967
3140857110000,1997
0540027300000,1999
0540011010000,1933
3240010030000,1933
5380959000000,2000
0340003540000,2000
4640013160000,1933
5240020010000,1933
3180933000000,1999
2340004020000,2000
2140036080000,1933
3440017000000,1933
5080917000000,1999
1840019100000,1933
1640220150000,1999
1740077030000,1933
3940003110000,1933
0640026130000,1989
4740019010000,1933
4240044010000,1933
3140045240000,1995
5440050250000,1950
5240008020000,1933
20100640000EB,1963
4240008000000,1933
4940009310000,1996
1140008030000,1933
3940043030000,1933
3940073050000,1964
5380937000000,2000
2440084030000,1999
2440102140000,1972
4640024010000,1933
0440024030000,1933
3140073050000,1933
0940036110000,1995
1050145000000,1967
3040065110000,1933
2080907000000,1998
0180925000000,2001
5440047280000,1979
0640160180000,2000
1940340270000,2000
2240042010000,1984
3180901210000,2000
0340085390000,1998
2580901470000,2000
1440045020000,1997
1540008130000,2000
2040025560000,2000
2340119180000,1950
0340119500000,1980
4740032330000,2026
1350003000000,1967
4240050000000,1933
2240010480000,2000
2740062120000,1933
3240001000000,1933
4140006140000,1980
1740025990000,1991
3740007060000,1979
2040015040000,1933
4040060360000,2000
2340016080000,1945
2340005030000,1933
4140041190000,1980
0140038020000,1964
3640009050000,1933
1840034210000,1975
0240017020000,2000
1380907000000,1999
2880903480000,2000
3230012000000,1943
1640023150000,1980
4040034110000,1933
2840035010000,1997
2940046010000,1975
4180903200000,2000
2740062090000,1933
2840016130000,1974
2430161000000,1933
3780901000000,2000
5440032000000,1933
2040028050000,1933
2640017010000,1933
0180904000000,1999
3480906000000,1999
3440039350000,1980
0840016030000,1933
1780965000000,1999
2340700250000,1981
0280902240000,2000
3040080100000,1996
5540007140000,1974
4640119130000,1933
3440020250000,1975
4140012080000,1933
4740072030000,1933
3050011000000,1967
4340047150000,1933
5430002000000,1933
5440020010000,1933
1740050020000,1933
5240069020000,1999
2240006010000,1998
4140016610000,1988
0540030020000,1997
2040622410000,2000
2540080050000,1933
2140019270000,1980
2140030200000,1933
2180919000000,2000
3840009010000,1933
1740009130000,1996
2040041040000,1979
4180921000000,1999
4150002000000,1967
0640009020000,1933
3040252350000,1999
1080950000000,2000
1740020530000,1948
2540218120000,2010
1740007030000,1933
2040160340000,2000
2040027070000,1979
2140018030000,1933
4040040020000,1992
4150029000000,1967
0280902920000,2000
0240011130000,1945
1580908000000,1999
3140045090000,1933
4040005020000,1933
5540012030000,1933
0580989000000,2000
4940020110000,1933
4140009130000,1980
3040008060000,1989
4280920000000,1999
5550151000000,1968
3950037000000,1967
1040008060000,1957
4550002000000,1967
5440047190000,1944
2840044070000,1933
4150146000000,1967
4180901450000,2000
5150002000000,1967
0140011060000,1933
1040022000000,1933
3840012030000,1933
4340005080000,1998
2840023000000,1933
4640016010000,1933
2340010350000,1984
2340701800000,1981
3040065210000,1973
3640033040000,1966
2580901130000,2000
0240030000000,1933
1840010010000,1933
2340702150000,1981
5540016300000,1996
1940001110000,1933
2140019350000,1982
2540058120000,2008
1140038030000,1933
2340003050000,1933
3240024040000,1933
0140076000000,1933
0640010050000,1933
2540250510000,1984
5440016020000,1933
1540003050000,1933
3540024010000,1984
5550009000000,1967
1780908000000,1998
0240024000000,1933
0680942000000,2000
1740024660000,2014
3640220210000,1999
4340009120000,1933
4040060340000,1999
2340017040000,1983
4480931000000,2000
0580910000000,1999
1740024090000,1956
3030065000000,1933
3940047040000,1933
3940058020000,1933
2040077030000,1933
2740033140000,1940
2840019120000,1933
1630001000000,1997
4240151010000,1995
0340001070000,1964
2740039020000,2007
4140029190000,2000
1640220140000,1999
1440004030000,1933
2040074000000,1933
4940005100000,1933
4940005280000,1992
0280921000000,1998
2040119030000,1933
06200600001EB,1995
2040016040000,1995
3140041020000,1933
2340116220000,2000
2080999000000,2000
2940017000000,1933
1740005100000,1933
5050038000000,1976
0140250320000,2000
5480901350000,2000
1740270010000,1996
2140032000000,1933
3950022000000,1967
2040008010000,1933
2250006000000,1967
4740045000000,1933
2540029030000,1933
2580901540000,2000
0240011340000,2000
0140039000000,1969
3940026480000,1933
5280904000000,2000
4180901310000,1999
4180957000000,1999
5140024050000,2000
4140019240000,1933
4740008000000,1933
1050052000000,1967
1050062000000,1967
4240219420000,1996
4340008040000,1933
1340024010000,1933
2830020000000,1922
4140003420000,1972
4760806000000,1979
3040065040000,1933
3720050000000,1921
3940058030000,1933
5450034000000,1967
0140250220000,1999
2440052410000,1995
3480929000000,2000
1980943000000,1998
2340003410000,1998
4140042000000,1933
4730032000000,1921
4840042010000,1933
4450006000000,1967
5420050000700,1981
3940005150000,1933
3940026200000,1933
5240019000000,1933
4180902290000,2000
5160803000000,1980
4050008000000,1967
5040041010000,1933
1140005020000,1965
2240003030000,1933
0540028080000,1998
0940003000000,1933
2640010040000,1972
1740050320000,1971
4940030190000,1933
0840016130000,1975
4440016030000,1933
2680924000000,2000
2140007090000,1995
0630062000000,1922
0740028000000,1933
0140004030000,1933
3040052990000,1995
4240022020000,1933
5550046000000,1967
1940009410000,2000
2340119060000,1933
4140001110000,1933
5140003010000,1933
1040060200000,1933
2340219110000,2000
4240045050000,1933
2080901140000,2000
3940041010000,1933
2040015030000,1933
2230037000000,1930
2240062050000,1988
3140043110000,2014
4050005000000,1967
2850023000000,1967
4640028030000,1933
1980941000000,1998
3450001000000,1967
1340054010000,1933
1030061000000,1921
2080902010000,2000
2040021260000,1950
0140036020000,1933
3650013000000,1967
5540009190000,1997
4140019730000,1980
4840018030000,1933
0540507000000,1994
1730058000000,1957
0740010070000,1933
0740016070000,1933
4140010050000,1996
1750022000000,1967
0640060810000,1973
2140038060000,1995
4580903000000,1999
2880901880000,2000
3140077010000,1933
0840013080000,1933
1740027010000,1933
2340012040000,1952
4140099030000,1981
4740219240000,1996
3940219010000,1933
1840087140000,1933
1340060910000,2018
3040052060000,1933
2540058010000,1933
4340050360000,1975
2040025570000,2000
2640250130000,1933
3640001000000,1933
1980901490000,1998
2040061800000,2000
3440039450000,1998
4130041000000,1933
4940004220000,1979
3140040020000,1933
2440102770000,1999
3480917000000,2000
4440032000000,1933
2850044000000,1967
4240005050000,1933
5040007580000,2004
3140119240000,1933
3140007410000,1986
3640003100000,1998
5240020060000,1933
5140020040000,1933
0680939000000,2000
2880902120000,2000
5150017000000,1967
1740019570000,1949
4740017050000,1933
1680931000000,2000
4540021010000,1933
1750056000000,1967
1050022000000,1967
0630004000000,1943
0140026070000,1933
5540010450000,1982
4240003040000,1933
1040061740000,1997
5040019120000,2000
5450055000000,1996
2840022060000,1933
0440038010000,1933
4140009010000,2015
4140003790000,1989
0840004150000,1996
1740020590000,1949
3040052250000,1958
4440017020000,1933
1040014190000,1978
5540010900000,1996
0340008010000,1933
3240005040000,1950
1340060200000,1969
3340008130000,1933
1640004010000,1933
1640055180000,1999
1940016020000,1933
0580949000000,2000
4940009150000,1933
0740035230000,1933
2340003370000,1997
2540064260000,1996
5440013020000,1933
1880943000000,1999
2140019150000,1933
5240008050000,1933
4180902060000,2000
4940046050000,1933
1140034010000,1933
2340701770000,1981
4240032040000,1933
0540007250000,1999
0640031320000,1997
2640088300000,1995
2840052120000,2010
4240011000000,1933
0850062000000,1967
2540009040000,1933
5540007000000,1922
2840044160000,1979
5340008000000,1933
2740002210000,1996
0840007080000,1996
4340001090000,2009
1040060690000,1980
2040119810000,2000
3940050280000,1995
2340058010000,1988
2440017030000,1933
0340119610000,1988
1740012080000,1933
1740019700000,1980
1740119120000,1995
4640002000000,1933
0440006000000,1933
1980901750000,1999
1980939000000,1998
3180997000000,2000
3940092350000,1995
3940092480000,1995
0640031360000,2000
3150031000000,1967
1940016000000,1933
2140119150000,1933
3840219480000,1998
0640064980000,1997
2240014050000,1985
0940042040000,1933
5440014140000,1974
4040034380000,1980
5040012000000,1933
0640019030000,1933
1640001060000,1933
4040028020000,1994
0580933000000,2000
3940028020000,1933
0440005110000,1975
1340060780000,1998
1040015140000,1978
1780972000000,1999
2040622100000,1978
0440019810000,2000
44200330000EB,1922
0580904000000,1999
2980902000000,1998
1340060210000,1969
2240010290000,1990
1050079000000,1967
2380912000000,1999
5580901310000,2000
4540044090000,1933
1340060070000,1933
0540027040000,1933
1040014040000,1933
2240011020000,1989
2840019310000,1975
5060831000000,2000
1740019710000,1980
1840004020000,1933
0640002210000,1980
3650020000000,1967
0340005080000,2000
1080963000000,2000
1340024020000,1933
2840037010000,1954
1980901980000,2000
1980911000000,1998
4140099080000,1998
2340700130000,1980
5550093000000,1967
5440005060000,1999
0440019620000,1998
2040027090000,1980
4040032030000,1995
5440060140000,1979
1750074000000,1967
4140016830000,1999
1650003000000,1967
0640060240000,1933
1480955000000,2000
0240028040000,1933
4940033040000,1960
4840011000000,1933
4340001070000,1933
2340119750000,1991
2840085000000,1983
4140007040000,1933
4140012070000,1933
1740023220000,1980
4140031070000,1991
1040025110000,1978
3040008010000,1933
2080902250000,2001
3940092340000,1995
4440005210000,1933
4040060100000,1972
2940004010000,1933
4140016030000,1960
4140016860000,1999
2280932000000,2000
3940112040000,1933
1480934000000,1999
5040021010000,1933
0640064490000,1990
0540027500000,2006
2240001070000,1999
2880972000000,1999
0640019050000,1994
4140021150000,1998
4840002140000,1999
2540012010000,1933
4050020000000,1967
3840250240000,1999
4640046000000,1933
0440038050000,1996
0940008030000,1933
2940028250000,1995
3180920000000,1998
4140019430000,1978
4140116310000,2000
2030114000000,1945
5040041000000,1933
4940011070000,1933
2240058010000,1994
4140023000000,1933
2040160020000,1996
2540033010000,1933
0440019240000,1933
1840331010000,1997
2440052330000,1992
1340020050000,2014
2040079190000,1996
2740036000000,1933
4340009070000,1933
1840068050000,1999
1750054000000,1967
2840102060000,1980
1440012030000,1933
2880902830000,2000
2340010060000,1960
3040015000000,1985
0640002310000,1998
4040035040000,1933
2440052680000,1998
5540007100000,1974
3940008030000,1977
0240012040000,1933
2040013130000,1933
3040014130000,1998
4340050630000,1999
5440003160000,1933
0640023070000,2004
2040004010000,1948
5140003080000,1933
2040160380000,2001
1740024110000,1997
2340010370000,1984
0140076090000,1998
1680943000000,2000
3940092170000,1933
4440011140000,1997
2440016340000,2000
0540067050000,1981
4180902130000,2000
4150099000000,1967
1040060190000,1933
1840002270000,2000
5440095010000,1959
3860822000000,1993
2750020000000,1967
2240003770000,2000
2880902920000,2000
2880902940000,2000
0940046040000,1933
1040021250000,1974
2340701410000,1980
4340017020000,1933
1560809000000,1991
4040029040000,1983
1340017030000,1933
1740024710000,2023
4240048000000,1933
3980901240000,2000
4680954000000,2000
2040061080000,1992
2940220080000,1998
2240007000000,1933
3640033180000,2002
0640022000000,1933
2340009360000,1991
4140045030000,1933
2040119060000,1933
1880907000000,1998
2440075000000,1981
4440036170000,1933
3940002040000,1933
3440005010000,1933
4240005140000,1933
2240007090000,1995
5440016070000,1933
2340044080000,1988
1350010000000,1967
0240001090000,2000
0940023000000,1933
4140004360000,2021
1640023110000,1933
2580901980000,2000
3140007240000,1933
0160814000000,1979
1050011000000,1967
3530252000000,1972
2040061230000,1999
4140307150000,2000
2340005630000,1992
5550023000000,1967
1540009130000,1984
0140021000000,1979
4440050010000,1933
4650009000000,1967
2740015080000,1980
0240009040000,1933
3180901730000,2000
4940004120000,1997
2440102780000,1999
1740050380000,1975
3380923000000,1999
2880902680000,2000
2340015010000,1998
4780903000000,1998
1040023250000,1999
1040061850000,1997
0540005000000,1933
1480918000000,1998
3140018000000,1933
2340044330000,1993
3540047000000,1933
0380901300000,2000
0280949000000,1999
1740011060000,1984
3940045000000,1933
2640002220000,1996
3140027060000,1933
5040052850000,1992
1980902420000,2000
3440022000000,1933
2040219290000,2002
1740025350000,1995
4040013080000,1933
3640001030000,1969
4550021000000,1967
1750044000000,1967
4750006000000,1967
2040061680000,2000
3240010070000,1969
0840040010000,1933
1840021500000,1989
5540971200000,2000
0350019000000,1967
2040083070000,1996
5140020230000,1972
1040060610000,1978
5040037460000,1993
2440013010000,1933
3240219130000,1933
3840015060000,1996
0640001230000,1999
0540007360000,1999
2440102580000,1972
364000000000,1933
5240064100000,1971
3140065020000,1933
4940011030000,1933
2240005120000,1990
0140013010000,1933
0140011260000,2000
2640025050000,2000
5540010370000,1980
1750034000000,1995
1440010000000,1933
5040003020000,1973
1740020380000,1933
1050177000000,1967
2540025060000,1933
5580901580000,2000
1640023010000,1933
1240028170000,1999
1340037010000,1933
2180940000000,2000
4140008010000,1933
2340219140000,2002
1140011000000,1933
1280923000000,1999
4640250010000,1933
0640026040000,1971
4150082000000,1967
3050022000000,1967
3740036030000,1998
1640012030000,1949
1580914000000,1999
2440016130000,1982
1450004000000,1967
1340063200000,2002
3140043090000,1981
5540010180000,1933
2020060001800,1962
4140119540000,2012
2340701180000,1980
2040622370000,1999
3940112050000,1933
5440017020000,1933
3440020420000,1999
3440039320000,1980
2240072010000,1933
4940006020000,1933
2340005590000,1991
2240003790000,2026
0840018030000,1998
1740003132100,1945
2840038040000,1933
4640013060000,1933
1980902680000,2000
2250013000000,1967
28200190000NB,1921
4980913000000,2000
2340702220000,1982
3940092320000,1986
5440009260000,1963
1540009110000,1972
4440029090000,1933
0380901590000,2000
0940005000000,1933
4150147000000,1967
2740070000000,1933
3140076090000,1933
2840024200000,2004
4340036010000,1933
1480949000000,2000
5040020030000,1933
5040052620000,1972
2830112000000,1974
3080927000000,2000
3140045010000,1933
0230045000200,1972
0240045280000,2000
3440020390000,1998
1040002190000,1990
2480902490000,2000
2080901700000,2000
4940035020000,1933
5140022040000,1933
0240004000000,1933
3180922000000,1998
1140038000000,1933
3340013050000,1933
4740026000000,1933
2340700030000,1980
0340079020000,1933
1740005080000,1933
5440095150000,1998
5480901100000,2000
1340029060000,1991
3040052500000,1984
4440012010000,1933
0640025280000,1998
2340010920000,1993
4140019800000,1981
4140040000000,1933
3040065190000,1978
1940025100000,1980
5540008010000,1933
2740024020000,1983
4940018030000,1933
2340119440000,1984
4540012070000,1993
2740043040000,1933
1140023100000,2000
3740016050000,1991
5540971100000,1984
0280935000000,1999
3980901130000,2000
5440050590000,1998
1080928000000,1999
2140010080000,1933
2740012040000,1933
0440011000000,1933
5140007010000,2000
1740020560000,1948
52300070007WB,1991
4180902430000,2000
4240001090000,2000
3240012020000,1950
5540016430000,2001
2580901250000,2000
4440013180000,1933
2840024120000,1998
1980901320000,1998
0840046010000,1951
2540073050000,1933
3540040040000,1933
2840052290000,1990
0240012020000,1933
0940005020000,1933
4180902550000,2000
0640001320000,2005
1340038020000,1952
3240081010000,1933
0240011120000,1945
2040012100000,1991
3740016070000,1991
3940045010000,1933
5440011070000,1933
2340110050000,1995
0380997000000,2000
1740131010000,2000
2140020000000,1933
0640060830000,1975
2740002200000,1996
4140116350000,2000
3740018020000,2012
1040061890000,1998
3140007550000,1995
1080908000000,1998
2180926000000,2000
5080912000000,1999
0550008000000,1967
1740019990000,1995
4740019000000,1933
3840027030000,1933
1140007090000,1933
5440003060000,1933
5440008200000,1981
4540044080000,1933
0280975000000,1999
1740007110000,1989
2580984000000,1999
2340044340000,1993
3540017000000,1933
1080949000000,2000
0740012070000,2022
1040002180000,1978
0640060460000,1957
0640036000000,1933
0640042180000,1999
4040038010000,1976
1980901060000,1998
3440012020000,1980
3140084000000,1933
2350006000000,1967
3330038000000,1921
1040160040000,1997
2340700190000,1981
4340007000000,1933
1540007000000,1933
0640049070000,1988
2340003440000,2000
1840019020000,1933
5580982000000,2000
4440014140000,1998
2340210160000,2000
0340003380000,1999
2440002070000,2000
1040016520000,2001
4740219220000,1994
2380941000000,2000
1740006080000,1933
3980901170000,2000
1440050100000,1933
4140033150000,2000
3040065160000,1979
3840021070000,2009
5440021070000,1933
1540007080000,1933
1340020270000,1979
2280946000000,2000
5580901730000,2001
3940092040000,1933
1440028040000,1933
5440050200000,1975
0340017010000,1978
4560832000000,1978
4940020290000,1960
2740035080000,1933
0640017160000,1988
1740019910000,1995
1740023080000,1933
3240027020000,1933
3630004000000,1957
1280909000000,1998
0240011620000,2008
2740043000000,1933
1740024060000,1933
4140021050000,1971
0840016190000,1990
3040052600000,1990
3740026000000,1933
1940009350000,1997
1280907000000,1998
4940034000000,1933
0740008070000,1933
2880985000000,1999
3180956000000,1999
2480901250000,1999
1840034030000,1933
1740006000000,1933
1540066080000,1933
0140250240000,1999
3880920000000,2000
2040049030000,1933
2740017040000,1933
1040025130000,1983
1880956000000,2000
2940046030000,1933
2540019320000,1975
4230150000000,1964
2580968000000,1999
1740048000000,1933
1140044020000,1980
3440018050000,1997
4940044030000,1933
4140019300000,1950
4540003110000,1933
2840035020000,1997
2080901380000,2000
5440034040000,1969
4040042000000,1933
2350086000000,1967
2440052700000,1998
0340003210000,1990
1240003000000,1933
4240219470000,1998
5440004120000,1998
0640031400000,2004
3180949000000,1999
0140005020000,1933
3940033120000,1933
0640060330000,1987
5540010860000,1996
1750043000000,1967
1740050250000,1951
2240054050000,1994
1740018010000,1933
2340003040000,1933
4840002160000,2000
3740001150000,2000
1540007020000,1933
1340012080000,1974
3940007460000,1999
5140024080000,2000
2480991000000,1999
3840010010000,1933
2540250680000,1972
0640041030000,1995
2020021000100,1947
3140037070000,1933
5550007000000,1967
5240064070000,1933
1980901120000,1998
5240001070000,1933
4740093020000,2008
3340009380000,1997
0640031420000,2014
3740012000000,1933
4240219440000,1998
0340085010000,1973
4180902510000,2000
3340013060000,1933
2040622180000,1980
4040062280000,2000
3540039040000,1933
1840024020000,1933
0640060260000,1933
4440019080000,1933
2850022000000,1967
2040060730000,1979
2240010220000,1990
4140018380000,1996
3030080000000,1943
1140017080000,1933
5440047380000,2000
1780946000000,1998
4540025030000,1933
2040007130000,1998
5060811000000,1989
0840048020000,1933
3040052380000,1980
4280915000000,1999
4540020110000,2000
2140010020000,1933
3840039160000,2000
2550019000000,1967
0640058000000,1933
0640029040000,1933
3040252380000,1999
4040017040000,1933
0140250060000,1933
3340009200000,1947
4140041210000,1980
0340007000000,1933
4240018010000,1933
1340219650000,1998
2040005200000,1979
2440003060000,1933
3140079070000,1933
3040065150000,1977
1740006190000,2000
2080902080000,2000
5440014210000,1981
1640001000000,1933
2440052120000,1933
2240003350000,1992
2880901850000,2000
2080901600000,2000
0540003060000,1999
4040034170000,1933
5040035040000,1933
3240008020000,1971
0840034020000,1995
1040061360000,1978
0340085250000,1995
1740008070000,1933
2340119080000,1933
3540018010000,1984
0340003140000,1966
3940007490000,2004
2050008000000,1967
3040003010000,1933
1640018010000,1933
4340018030000,1933
4040009000000,1933
5040037200000,1933
2040060230000,1933
5040152030000,1982
0940018200000,1933
3830024000000,1921
2540064150000,1979
4540003560000,1999
2140010150000,1933
2040060810000,1980
2040005170000,1979
2440001050000,1933
2330010000000,1933
4740027060000,1996
3140019110000,1958
3560812000000,1980
1740125080000,2000
1740020190000,1982
2480901620000,2000
5550170000000,1967
0340001060000,1947
2580901120000,2000
1750093000000,1968
3440007040000,1933
5140020240000,1976
4140017220000,2000
2480901170000,1999
3040052960000,1992
4440011030000,1933
1040019260000,1966
1930115000000,1987
5480949000000,1999
5240064040000,1933
2940050050000,1933
2880902210000,2000
0640010310000,2000
2540064050000,1933
1580902000000,1998
4080947000000,2000
4640008030000,2001
4240005170000,1987
1740025090000,1933
2340003080000,1990
4140019470000,1979
3940073090000,1959
0340119110000,1933
0940050230000,1949
2340016000000,1933
4740034000000,1949
0280901500000,1999
5240021020000,1933
4140012170000,1980
4360802000000,1979
5440005010000,1999
1540001050000,1966
2440017010000,1933
2140013010000,1933
2840020110000,1969
1340033030000,1979
2880901730000,2000
0850035000000,1967
3640018010000,1933
0440022070000,1933
2040059030000,1999
4180902120000,2000
2740048000000,1933
4150071000000,1967
5550123000000,1967
4880909000000,2000
2340702130000,1981
5340014220000,1992
3840017070000,1933
3940034020000,1933
1040019570000,1985
0460801000000,1999
3440018010000,1933
2240026020000,1991
2740078050000,1933
4840060010000,1933
0140005070000,1933
3040049450000,2000
0340085240000,1995
4340050670000,2000
4440001020000,1933
1540011020000,1933
2640086050000,1995
1840087210000,1999
3150075000000,1967
4140004350000,2021
1040016170000,1978
4240052020000,1933
4340047080000,1933
4040013040000,1933
4540003230000,2010
4560831000000,1978
4740004000000,1933
0440015070000,1965
0140119300000,1998
1040060260000,1933
2340701790000,1981
5540971050000,1979
1740006090000,1933
5440050310000,1972
1740024670000,2015
2840044330000,1997
1240005060000,1933
5240001130000,1933
2240028000000,1933
2880903080000,2000
1140035230000,2000
0280901920000,2000
3540091010000,1948
5480960000000,1999
4680918000000,2000
1240042060000,1933
1740019930000,1995
4140041310000,1984
2080961000000,1999
2340110270000,1998
3480908000000,1999
0640064200000,1988
4140119050000,1996
0440007050000,1933
4140018290000,1984
1740024500000,1995
3340008050000,1933
4840007010000,1933
0640060730000,1961
1240050070000,1933
4140016240000,1972
5150005000000,1967
4940033150000,2001
1140032020000,1933
1140035190000,1933
3040052280000,1961
1480961000000,2000
1550019000000,1989
1940025140000,1980
3540041030000,1933
1980902750000,2000
0640022010000,1958
1840033250000,1999
2580901310000,2000
2440083090000,1933
1740052000000,1933
2150013000000,1967
2740012000000,1933
3440041050000,1933
4940011160000,1933
2740039000000,1933
0280959000000,1999
5050014000000,1967
4640044110000,2000
0640052070000,1949
4040033170000,2009
0540016000000,1933
0280902460000,2000
1040061390000,1978
2040035180000,1978
1240220040000,1933
2440003020000,1933
3350017000000,1967
4340016400000,1999
2040047110000,1979
0380947000000,1999
0540027490000,2005
0440013040000,1933
5340014240000,2016
3040014010000,1966
3640030010000,1991
4480922000000,2000
0850003000000,1967
0680946000000,2000
1340060310000,1979
2880949000000,1999
3940051100000,1982
3940092420000,1995
2040047160000,1980
4540007080000,1933
1340020450000,2000
2140036100000,1933
5340036000000,1933
0640160300000,2001
1740019720000,1980
1040044020000,1933
1940023000000,1933
2140033260000,1984
4640076050000,2000
0640164080000,1998
4140033120000,2000
0840032000000,1933
1040061160000,1949
2080901040000,2000
4040060230000,1973
2020060000100,1946
4940035060000,1933
5160101000000,1982
2440002050000,2000
5040152360000,1999
4740035140000,1933
1840033100000,1933
4240064020000,1933
4340031030000,1933
4360807000000,1979
0380963000000,1999
0440026030000,1933
1240028240000,2000
3440024040000,1933
2880903280000,2000
1140040000000,1933
0940036040000,1933
1840012010000,1933
1640220190000,2000
3940092400000,1995
5440021060000,1933
3540051030000,1933
5340007130000,1988
3380933000000,1999
4180977000000,1999
2840009000000,1933
4340007010000,1933
1540038000000,1933
0240045060000,1933
1780924000000,1998
2840219200000,1965
0640064890000,1995
5080902000000,1998
1640010070000,1933
2880901270000,1999
4940036010000,1933
5140020390000,1996
2040005370000,1996
5060814000000,1989
4040817020000,2010
0140092010000,1933
2540031210000,1981
3640220290000,1999
1550003000000,1967
0230901000000,1979
4440023060000,1933
0680913000000,1999
2040079090000,1982
4940006040000,1933
4150081000000,1967
2440103190000,2000
4240219400000,1991
1140010040000,1933
3940058010000,1933
1340020040000,1933
1750079000000,1967
4580914000000,1999
3440039370000,1986
2240010310000,1991
3180958000000,1999
4140016940000,1999
0640019020000,1933
1040025210000,1997
4040048010000,1997
3140119080000,1933
4140019450000,1979
2340219050000,1998
2040025070000,1964
5040037580000,1998
5440892020000,1980
1750085000000,1967
4940009120000,1933
2880927000000,1999
0940040030000,1933
1740013000000,1933
2340010950000,2023
0140050010000,1933
0850034000000,1967
0240009170000,1933
2040035210000,1981
5040037450000,1993
0740005010000,1933
2840019110000,1933
0940050400000,1980
4040012020000,1933
2040060460000,1972
2240010500000,2000
2540070060000,1998
1540016040000,1948
4640028090000,1933
2740016100000,1995
3140007290000,2026
4340014000000,1933
0340085220000,1995
5380917000000,1999
5440001010000,1989
2040073040000,1933
0450014000000,1967
3280903000000,1999
1040060470000,1950
2540013040000,1992
5540018040000,1933
5540085230000,1997
3940094010000,1933
2040043110000,1933
2640007030000,1933
3140023040000,1933
3240023050000,1933
0640060310000,1933
2340058060000,1988
4640014050000,1933
4940010160000,1995
4140003210000,1933
1640055190000,2003
3340002040000,1997
4240033100000,1985
2580901890000,2000
5440002160000,1998
2680919000000,1999
5040052090000,1933
5340028010000,1933
0240011520000,2000
1980902270000,2000
0940055100000,1933
0840016090000,1933
0340085470000,1999
0540001000000,1933
1340005060000,1953
3940015030000,1933
0440019910000,2002
1640055250000,2009
5540016020000,1969
4560808000000,1978
3140068020000,1933
2880903640000,2000
4140064110000,1994
4280916000000,1999
5540971120000,1992
3980910000000,1999
3140007200000,1954
2140033180000,1979
3940024170000,1993
2040009050000,1933
3940068020000,1933
5440017070000,1933
5140042020000,1933
1740012130000,2001
1740025380000,1997
3240013010000,1933
0550002000000,1967
0540002010000,1933
0440018020000,1933
1240042080000,1933
4180903440000,2000
1340219260000,1978
4840006030000,1933
4340017050000,1933
2040025410000,1981
5040032020000,1933
0140018010000,1933
4440119100000,1933
0380901360000,2000
2840029000000,1933
3240006000000,1933
0640025170000,1989
4150084000000,1967
4840009000000,1933
1140005050000,1979
4550001000000,1967
0440004360000,2000
1980918000000,1998
4150116000000,1967
4450009000000,1967
3140019290000,1985
3140019320000,1988
1740050010000,1933
3940031000000,1933
3140069110000,1933
0940032000000,1933
3150046000000,1967
4080948000000,2000
0640064800000,1992
0440004160000,1966
5140009070000,2000
3440003030000,1933
5180909000000,1999
5040003070000,1984
2540019740000,1979
2640021100000,1969
4540015000000,1933
5540005030000,1933
1060824000000,1978
0440004020000,1953
3140055010000,2013
5140026060000,1933
4140019160000,1933
5540085050000,1996
5580901190000,2000
3980989000000,2000
5040037390000,1980
5540010470000,1984
1440011000000,1933
4140027170000,1980
0340085380000,1996
3040252500000,2000
3080906000000,1998
3140006010000,1933
1940001180000,1980
2340016050000,1985
2980905000000,1998
5240001160000,1933
3340038100000,1933
1840006070000,1933
3680905000000,2000
2340044200000,1990
2340119240000,1962
5550005000000,1967
1350007000000,1967
0440028010000,1933
0640064280000,1988
3380918000000,1999
3440020100000,1953
3940033040000,1933
2580997000000,1999
2140033200000,1979
3940016010000,1933
20100770000NB,1958
2840019660000,2013
4980923000000,2001
5550164000000,1968
2340016130000,1976
3640005110000,1933
0580924000000,2000
2140021030000,1988
1340092090000,2003
2540080080000,1959
2040021420000,1999
1340025080000,1993
0550001000000,1967
0280902370000,2000
1940013000000,1933
4140004200000,1985
2480997000000,1999
3340007050000,1999
4840012000000,1933
4840013020000,1933
5040026010000,1933
4540020020000,1955
1780901060000,1999
0840002030000,1933
0940020020000,1933
4130099000000,1963
0280901450000,1999
0640042020000,1933
1440050120000,1933
5040052330000,1933
1840331040000,1999
1840001070000,1933
2080903000000,1998
2540250560000,1971
4540020090000,2000
5440050100000,1933
5540010090000,1933
2140008070000,1933
5140028020000,1933
2730817000000,2011
1840011020000,1933
2340700520000,1980
2340702210000,1982
3040003140000,1991
0340085180000,1991
1740008080000,1933
0640030010000,1933
1540002190000,1996
5480901220000,2000
0440022080000,1933
0240007290000,1999
4340024090000,1974
1040021120000,1949
1040061830000,1997
4340003020000,1933
4040035190000,1979
3940005010000,1933
3440020490000,2000
3240219420000,2026
1040041110000,1933
3040065720000,1998
4340005000000,1933
2440016020000,1975
3540039060000,1970
0380901640000,2000
0540068010000,1998
2140019140000,1933
3040065200000,1966
4240219650000,1999
3140021020000,1933
0140040080000,1933
0680943000000,2000
1340219050000,1933
1340219560000,1991
2840019640000,1998
0980902000000,2000
2340003540000,2000
1840021200000,1933
5040029180000,2000
2850069000000,1968
5240007200000,1933
1440001060000,1965
1040060630000,1978
1050089000000,1967
3040049290000,1991
2640008090000,1963
1780901070000,1999
4540025100000,1933
4640011010000,1933
5240021010000,1933
2040061580000,2000
0740015030000,1933
1140032030000,1933
2340010630000,1990
0140057020000,1933
1040021410000,1997
1780963000000,1999
0280903200000,2000
3480918000000,2000
2140014010000,1933
0240012110000,1988
3440020320000,1979
3140069170000,2016
0940052240000,1933
4940004180000,1969
4240250040000,1952
5050042000000,1976
1880984000000,2000
4540002000000,1933
1080958000000,2000
1740119250000,1999
4640013120000,1933
0740007130000,1998
0740016220000,1933
2840019010000,1933
4140019100000,1933
5550081000000,1967
2040119650000,1979
2540054020000,1933
0340010020000,1933
1340001060000,1990
4640048050000,1983
4680915000000,2000
2240010080000,1933
2240011000000,1933
2740062210000,1933
4150098000000,1967
3980920000000,1999
0240011210000,1967
2440009030000,1933
2840219270000,1981
3140061110000,1984
2840019100000,1933
1050048000000,1967
0280902500000,2000
0140026020000,1933
3940006030000,1933
0640017100000,1984
5580901140000,2000
0340003070000,1995
2580977000000,1999
1140119370000,1986
1980901610000,1998
4180903500000,2000
4140012220000,1998
1040061050000,1933
1750011000000,1967
0240081070000,1969
0440005050000,1933
1980902070000,2000
4180993000000,1999
4140016980000,1999
3040009020000,1945
2540070020000,1952
1440028130000,1948
2040029020000,1933
0280901260000,1999
2140119200000,1933
2480960000000,1999
4140054180000,1999
0940003100000,1933
3440005000000,1933
2240022000000,1933
2740035050000,1933
1040005020000,1933
1740024430000,1995
2580943000000,1999
5530010000000,1921
3940004030000,1933
0240001150000,2005
2840011140000,1960
0240051090000,1980
3630028000200,1975
0380941000000,1999
1240093010000,2000
4940009110000,1933
1340036060000,1956
3140119180000,1933
2840002000000,1933
1050065000000,1967
1740119080000,1995
3940005110000,1933
0740011030000,1933
0840004190000,1998
2480936000000,1999
5540012150000,1996
4340031010000,1933
0580923000000,2000
1780901740000,2000
2830104000000,1974
5340053020000,1933
1980901040000,1998
3180902000000,1998
4240039040000,2000
5530971000000,1977
3040252440000,1999
5040007430000,1997
5350007000000,1967
1980901920000,2000
5440008040000,1941
1880911000000,1999
1940009600000,2000
4140119440000,2000
2540026000000,1933
3940007270000,1933
2040060970000,1980
4140119420000,1999
4180901780000,2000
4940030050000,1933
5040001040000,1933
3350015000000,1967
1680953000000,2000
5040052150000,1933
1040019360000,1973
2440015030000,1933
2740033100000,1933
2740062240000,1943
2840004000000,1933
1430045000000,1921
1950006000000,1967
2140015020000,1933
5240008000000,1933
3140069120000,1933
1740017620000,1959
0840016100000,1958
2080901800000,2000
3080901000000,1998
2940011000000,1933
3440012000000,1933
5140009060000,1999
2280918000000,2000
4280912000000,1999
2580901430000,2000
4440009060000,1933
1480907000000,1998
4080945000000,2000
1740050730000,1997
3180973000000,1999
0550016000000,1967
1740020230000,1933
2340003110000,1975
0140009080000,1933
1040023190000,1998
0280901700000,2000
2580942000000,1999
3040252150000,1998
2440015000000,1933
2240054060000,1995
2540012000000,1933
2080901030000,2000
1540022010000,1933
0640164090000,1998
4180901640000,2000
1050004000000,1967
4240045020000,1933
4340034010000,1933
3640021130000,1972
2840020580000,1997
2850061000000,1967
3240003320000,1998
5040252250000,1999
5060803000000,1989
3020052040400,1976
0440019300000,1933
1940340250000,2000
5550126000000,1967
0340026110000,2000
1440023010000,1933
5040024030000,1933
2330099000000,1966
0380969000000,2000
1340010010000,1933
1340012160000,1999
1350032000000,1967
5340010000000,1933
0240011470000,2000
0140006050000,1933
0140082000000,1933
1040016370000,1997
3040065590000,1993
5580901220000,2000
0640060710000,1970
0640045000000,1933
0440001020000,1933
2040003120000,1980
0440025000000,1995
1740019520000,1945
2480902340000,2000
2340701080000,1980
2340701310000,1980
3840028130000,1933
2540072060000,1933
0450018000000,1967
1540030060000,1976
2340116130000,1998
1780901720000,2000
1140119240000,1986
4940020120000,1933
2240003400000,1993
4240045090000,1933
5550124000000,1967
0540007340000,1999
2440016050000,1980
3140073020000,1933
4840058020000,1933
2040039030000,2015
5550128000000,1967
5440009160000,1933
5440025090000,1933
2040028010000,1933
4550017000000,1967
3140055070000,2000
0240003020000,1933
1340060680000,1998
2480901630000,2000
2640088140000,1984
2740050000000,1933
0940058020000,1933
1740011020000,1933
1550013000000,1967
2640034060000,1949
1040019030000,1933
2450056000000,1967
2020060001200,1931
2040003200000,1999
2880902630000,2000
5140015020000,1933
1740027000000,1933
2340005540000,1990
5440014120000,1949
1840003080000,1933
3980901190000,2000
0240011150000,1934
2440007220000,1996
4440038050000,1933
0240026050000,2000
2240020000000,1933
4140004110000,1981
3640033140000,1998
2080902290000,2001
3940070060000,1933
5440009110000,1933
2340119100000,1952
3150060000000,1967
3440020140000,1956
2880941000000,1999
0440019930000,2002
2340010010000,1978
2540034050000,1933
0140009020000,1933
2080922000000,1998
4340050070000,1933
2340044250000,1992
2440083400000,1987
5440047160000,1933
3440041010000,1933
0840009010000,1933
2340010390000,1984
1040060290000,1973
4340031080000,1933
5450045000000,1967
0380993000000,2000
0440022120000,1933
5140048000000,1933
3180909000000,1998
2080901330000,2000
2040024010000,1972
5480992000000,2000
2140011010000,1933
4150129000000,1967
2180938000000,2000
3180923000000,1998
4140003940000,1994
4130016000500,1986
4940005310000,2000
3240012140000,1979
0840046000000,1933
5550063000000,1967
1560807000000,1991
1650001000000,1967
0140044010000,1993
2840024030000,1933
1780977000000,1999
3980901220000,2000
5040052840000,1988
0140022060000,1933
2340119760000,1992
1780920000000,1998
1780932000000,1998
2140033230000,1980
5240058030000,1933
5340001100000,1933
2340007190000,1995
3050025000000,1969
3140045260000,1995
5050017000000,1967
2440102160000,1972
0380952000000,1999
4650003000000,1967
2740010000000,1933
2240072030000,1990
1740020060000,1933
1340022010000,1933
2840020740000,1998
3880923000000,2000
4640050120000,1933
5340007050000,1933
5140024070000,2000
1340219450000,1978
4340016010000,1933
0540007150000,1999
2640029030000,1933
1040014140000,1978
2240068060000,1994
3180901460000,2000
0140016050000,1998
2440005180000,2000
3940027010000,1933
0640064380000,1990
5140020340000,1983
1340040050000,2000
4140003630000,1980
2380915000000,1999
5550127000000,1967
2340016440000,1991
1980901540000,1998
1340060140000,1933
0540027110000,1972
2540031080000,1933
0640060470000,1958
3140019240000,1973
3940026830000,1992
2040005110000,2026
3040080230000,1998
2340210150000,2000
2440102170000,1972
1340219690000,1999
4140054280000,2000
4940033090000,1980
2040007110000,1933
0940020000000,1933
3040052010000,1933
0440021070000,1933
3980979000000,2000
1740119180000,1997
4140032010000,1933
1040015040000,1933
4240219250000,1949
2080901780000,2000
1780901160000,1999
3440019660000,1995
2740078020000,1933
1040006010000,1933
4840014040000,1933
4040016010000,1933
2840044190000,1979
2850050000000,1967
2840102010000,1972
3880915000000,1999
3180969000000,1999
3240003200000,1950
5440036000000,1933
4540007030000,1933
5440047300000,1988
5340001120000,1933
0240002010000,1933
3180996000000,2000
1740023090000,1969
2340701570000,1981
1440050040000,1933
19203400005NB,1992
1980901890000,2000
1980902240000,2000
2040061500000,2000
4940020080000,1933
3160801000000,1991
2480998000000,1999
3250011000000,1968
4140027150000,1979
2060805000000,1994
4440014020000,1979
2640021170000,1952
4050022000000,1967
1040018290000,1999
2440016480000,2000
2240021000000,1933
2880903550000,2000
1740025000000,1933
4940005030000,1933
1040017090000,1978
3940073120000,1933
3140037140000,1933
5480928000000,1999
0380931000000,1999
0440024000000,1933
4240005120000,1933
0240007170000,1933
4140006030000,1933
0640011010000,1933
1040021110000,2010
2040087000000,1989
2840219210000,1963
2480901590000,2000
2480902220000,2000
1740006100000,1977
1940009230000,1980
2340110370000,1998
3140061080000,1982
2240009000000,1933
2250036000000,1967
2240062070000,1995
2440103240000,2000
2040015142100,1985
0140016030000,1933
4630056000000,1921
4660807000000,1980
1140047060000,1933
3440016070000,1967
1340219090000,1933
2050011000000,1967
0340003600000,2000
1340030030000,1933
4160802000000,1988
2340701530000,1981
3840001170000,1948
0280901760000,2000
0640050000000,1933
2940006010000,1933
5040075480000,1996
2480902370000,2000
2340700940000,1981
3740002130000,1998
3930068000000,1949
4440005240000,1969
2140010130000,1933
4640250140000,1997
2930009000000,1969
4150007000000,1967
2040160400000,2000
4440013220000,1933
5040052300000,1933
2440009000000,1933
4640024000000,1933
5240080000000,1933
4180952000000,1999
0740007020000,1933
2840016190000,1980
3840017020000,1933
2040119660000,1979
2580901050000,2000
4440013100000,1933
1040008110000,1978
2940009000000,1933
4180903100000,2000
2740035110000,2000
2850002000000,1967
3040052610000,1990
5580980000000,1999
1140019030000,1933
2640088150000,1979
1040018070000,1953
4440036020000,1933
4540014060000,1933
5540005060000,1998
0240030030000,1933
4240005180000,1952
5140020170000,1933
2840016280000,2000
4240038050000,1970
1750001000000,1967
2040025340000,1981
2040006000000,1933
2880903310000,2000
2580901810000,2000
4940044000000,1933
5140020520000,2000
4130016000000,1943
4240034000000,1933
4240042030000,1933
4450011000000,1933
1040020020000,1933
2450043000000,1967
5340014080000,1933
4180901950000,2000
2640090010000,1933
5040013080000,1943
5040019070000,1990
2340110560000,1999
0380919000000,1999
1080951000000,2000
2040012010000,1933
2340005080000,1933
2540250250000,1933
3040252220000,1999
4040060400000,2001
0380910000000,1998
2840025060000,1966
0740014050000,1933
0640011000000,1933
4140021100000,1980
4840001010000,1933
3040007080000,1992
3040065650000,1996
4240042000000,1933
4240047000000,1933
4280901000000,1998
5340010010000,2003
3140076050000,1933
0930001000000,1922
4340016180000,1933
0280902790000,2000
1940036000000,1933
2340016590000,1992
5480924000000,1999
0240002040000,1933
4140027080000,1933
2440052280000,1984
4440029040000,1933
1740029050000,1933
3140054000000,1933
4940016010000,1933
2480902110000,2000
1050088000000,1967
2080901320000,2000
2440052300000,1984
0540088010000,1987
3440022030000,2000
1040016530000,2013
3340011000000,1933
3140007190000,1933
5540009110000,1980
3940026800000,1983
5550159000000,1968
1740009060000,1933
2580902000000,1998
4340050260000,1933
3040080240000,1998
5040010012200,1987
5040060050000,1933
4140003580000,1980
4840018200000,1996
1740011010000,2001
4040005050000,1933
5540001130000,1984
2860805000000,1991
4180985000000,1999
4940044020000,1933
1540008140000,2003
2480901440000,2000
1940028030000,2000
5540016160000,1977
2830012000000,1943
4140041130000,1979
3040009110000,1961
5580901370000,2000
0280903240000,2000
2080979000000,1999
4340031180000,1999
0640035190000,1993
1340015110000,1968
4250008000000,1967
2040007020000,1933
2340010710000,1990
4940001070000,1933
2340210260000,2013
5550049000000,1967
1640015000000,1991
4540004060000,1991
5540010580000,1991
2840029010000,1998
1980901840000,1999
1980902380000,2000
1040021180000,1987
5040037140000,1933
2340017130000,1997
3540055000000,1933
0640064690000,1991
4940013022100,1985
1340219570000,1991
1040016480000,1998
1640001040000,1933
5440068090000,2000
0640160080000,1999
0440015030000,1933
3640033150000,1998
5580901780000,2001
0540007100000,1999
1440008040000,1933
3140055020000,2013
2740033260000,1980
1740023010000,1933
5040015040000,1933
5040021030000,1933
2940050090000,1946
4140119140000,1996
4140001220000,1980
4140103300000,2000
2540090050000,2000
0280901330000,1999
4660804000000,1980
5380906000000,1999
2340005450000,1990
0640001290000,2000
0440019870000,2000
5050030000000,1998
3640001020000,1933
0580968000000,2000
1750070000000,1967
5140026010000,1933
2840019620000,1997
3140080030000,1933
0650023000000,1967
2480902450000,2000
1040019650000,1997
1940034000000,1933
4440027060000,1933
2840036000000,1933
0640064780000,1992
4140019600000,1980
0180910000000,2000
5440095100000,1996
1750038000000,1967
2040005120000,1968
2240032010000,1933
4840050020000,1988
0330003000000,1921
1440028090000,1933
1280926000000,1999
0640031410000,2004
2250028000000,1967
1040060240000,1933
3040065540000,1990
3540091020000,1948
2140026060000,1933
3940017000000,1933
1740020330000,1933
2340002060000,1995
2340005110000,1981
2480901680000,2000
4230055000000,1983
3940060030000,1933
2680902000000,1998
4480924000000,2000
4540003390000,1980
4540044210000,1960
0440003000000,1933
1980901500000,1998
1040022050000,1933
5560805000000,1979
2640035120000,1993
5050008000000,1967
3640030000000,1933
1740057050000,2001
2140119230000,1982
4140003550000,1980
0940050740000,2002
1140032000000,1933
2340014010000,1976
3040003162200,1993
0280903140000,2000
2040119690000,1980
2640088120000,1968
3140012010000,1984
0160806000000,1980
4540013020000,1976
3940026680000,1983
4580905000000,1999
1340092100000,2003
2480961000000,1999
1740005090000,1933
1740007170000,1995
4440013070000,1933
2040021250000,1946
4080936000000,2000
0140038100000,1997
1080952000000,2000
2740088030000,1933
12200480000EB,2011
4240034010000,1933
2580901340000,2000
2350032000000,1967
5480901140000,2000
2740022020000,1933
4250006000000,1967
2240003320000,1992
2540058110000,2002
2340007000000,1933
4140042010000,1933
2080901720000,2000
4440015100000,1933
2640034000000,1933
5040035010000,1933
1040019660000,1997
2440052500000,1996
2880901340000,1999
2480902730000,2000
2850004000000,1967
4680932000000,2000
1980901530000,1998
2040009060000,1968
3340028020000,1933
3740007010000,1933
3980964000000,2000
2640096000000,1933
2340210060000,2000
2830044000000,1921
3880913000000,1999
1980901440000,1998
4240021010000,1933
4140017160000,1972
1740012160000,1982
2340010020000,1933
2840219300000,1990
5340035200000,2000
3740007080000,2024
2580933000000,1999
1940012010000,1933
2340119790000,1993
4140119180000,1997
2240003670000,1999
0940018050000,1933
0140077050000,1933
1040016110000,1978
2440017110000,1996
2140119240000,1933
2840120060000,1998
3940015060000,1933
4180902050000,2000
5150007000000,1967
5150012000000,1967
4640013280000,1998
5340003000000,1933
0640060860000,1978
0630094000000,1961
1440010030000,1933
3140061060000,1982
1050099000000,1967
4040019000000,1933
4530012000000,1942
5440050420000,1975
1080929000000,1999
2140019210000,1933
4140001200000,1981
1140042000000,1933
2140001220000,1999
3940026160000,1933
07201190000NB,1921
1340060460000,1950
1340063080000,1980
2880902150000,2000
2880902790000,2000
2940005010000,1999
3240003230000,1979
1140035030000,1933
2340012050000,1981
2480939000000,1999
4340007100000,1933
0340026050000,1999
06200600007WB,1983
0640029030000,1933
2050016000000,1967
2640082000000,1933
4040050080000,1999
0240081060000,1969
2880902110000,2000
1740020320000,1933
2280920000000,2000
3740030080000,1933
42200330000EB,1922
2080901940000,2000
4040011070000,1933
5040029080000,1933
2440083410000,1992
0140038120000,2026
1740119020000,1995
3940026090000,1933
4640052060000,1933
2040011060000,1992
4140022010000,1933
4740072240000,2000
1040021370000,1997
1040009150000,1978
2440102240000,1972
1780901200000,1999
2840023030000,1960
4640013180000,1933
204000000000,1999
2940220070000,1980
4780902000000,1998
1040014440000,2000
1640220220000,2000
2540250380000,1933
1540002160000,1988
5440095040000,1996
4180947000000,1999
3940092150000,1933
3840039110000,2000
5340022030000,1933
3440039490000,2000
4140001340000,1982
3240010010000,1933
3240023040000,1933
1040061370000,1978
2340030000000,1984
2040060510000,1972
2880903460000,2000
3180959000000,1999
0640060430000,1951
0140017070000,1933
2150006000000,1967
2140010120000,1933
2740026000000,1933
1440012080000,2003
4740037000000,1933
1740119030000,1995
0680911000000,1998
2040061410000,2000
3140075140000,1995
1940340280000,2002
2480901640000,2000
4140033190000,2000
3050023000000,1967
2540054060000,1933
1940051020000,2007
2440017160000,2000
2440102460000,1972
4140009080000,1933
4150011000000,1967
0940050010000,1933
1640055260000,2014
0440019480000,1975
3640007010000,1933
4180944000000,1999
1740022040000,1933
1040060980000,1998
0540001070000,1933
0340003590000,2000
1840062030000,1933
2040079350000,1999
2040007010000,1933
2480901140000,1999
5440009000000,1954
3980982000000,2000
4040034130000,1933
1040009130000,1978
3640028110000,1998
1840036020000,1933
1730077000000,1933
0440012050000,1933
3350019000000,1967
4040034100000,1933
3940026600000,1933
1440003080000,1946
0740015060000,1985
2250027000000,1967
3240012180000,1991
4140019640000,1980
1040015100000,1948
4440005030000,1933
1540009030000,1933
2040040050000,1933
0140021010000,1996
0380901480000,2000
1740034060000,1998
2240003300000,1992
5040252020000,1997
2480902140000,2000
2540072000000,1933
2540250020000,1933
2540250160000,1933
2580901690000,2000
0740016410000,1998
0640025240000,1993
1140008050000,1933
4340050100000,1933
4080958000000,2000
2420021000100,1968
1080919000000,1999
1340009030000,1933
4740013010000,1933
4840020010000,1933
0140092240000,1988
4240052010000,1933
2040025130000,1949
4040028000000,1933
3840250120000,1996
2740033300000,2002
3040052710000,1991
3640220240000,1999
4240219610000,1999
2040622060000,1978
3480913000000,1999
1780951000000,1998
1440002010000,1933
2340009460000,1992
5450032000000,1967
5040019060000,1980
5040022010000,1933
2340110530000,1999
5480981000000,2000
3940006000000,1933
4540027010000,1933
2250026000000,1967
2880901980000,2000
0940030020000,1933
1740009000200,1952
2580901970000,2000
3140037130000,1933
4540001000000,1933
4640010000000,1933
0450012000000,1967
2840011190000,1997
3040065450000,1990
3640220130000,1977
4440011000000,1933
2040040060000,1933
3140020020000,1933
5440050650000,1998
2840003050000,1933
4180920000000,1999
1340054020000,1933
2880903430000,2000
5040252090000,1999
2340005410000,1989
2480902200000,2000
5540971090000,1984
1680948000000,2000
2540066030000,1933
2880943000000,1999
3340001020000,1933
4940001100000,1933
5040152460000,2013
2040160140000,1999
3930064000000,1949
4430014000000,1921
2040042000000,1933
3150008000000,1967
0240045240000,2000
2440052520000,1996
5480901390000,2000
2130018000000,1922
2740003120000,1981
2040006060000,1949
0940026010000,1933
2380925000000,1999
0340079060000,1965
5440005090000,1999
5040009020000,1997
1040019470000,1982
2440052130000,1933
0380917000000,1999
1040060780000,1994
3480941000000,2000
4940035010000,1933
4140015090000,1962
2040016080000,1986
2340016490000,1991
4440119470000,1980
2140019130000,1933
3440013050000,1933
0540027420000,2000
1740019170000,1933
0840024050000,1998
4230056000000,1921
0640058010000,1992
3140045080000,1933
4040025340000,1996
2040060350000,1947
4140003620000,1980
2340009300000,1990
3240017000000,1933
3240024080000,1962
4140048030000,1933
0840016340000,2000
0280901440000,1999
0280901530000,1999
2030094000000,1983
1480923000000,1999
2340017100000,1990
3540039070000,1973
0540067190000,2000
1780901350000,2000
0540027190000,1998
0940025000000,1933
2340010790000,1992
1040060440000,1947
3140043060000,1933
5480978000000,2000
5340020060000,1933
2040013250000,1949
4940046070000,1933
1750019000000,1967
1050045000000,1967
1840002010000,1933
5540097160000,1996
0340085110000,1982
2580916000000,1998
2040043160000,1979
3240219400000,1997
2450017000000,1967
4540015020000,1933
4740004010000,1933
5240058020000,1933
4140016070000,1961
0940050430000,1982
2040219090000,2000
4040026000000,1933
5340012040000,1933
4140016540000,1985
2980958000000,2000
5550108000000,1966
1750030000000,1967
2140019500000,2000
3840039330000,2000
1340021170000,2005
1340063110000,1996
1050050000000,1967
3040006070000,1984
1680930000000,2000
2640029010000,1933
3640009040000,1933
3240024090000,1959
1840026060000,1933
4430005000000,1921
2280928000000,2000
2340011110000,1996
1840021280000,1933
1840006100000,1933
5440020040000,1999
4040033040000,1980
2440016570000,2000
2450069000000,1967
1240009040000,1933
0940019000000,1933
0940026050000,1933
4840010020000,1933
1840018040000,1933
5540085210000,1997
5040021000000,1933
5040075010000,1933
3640021000000,1933
1750096000000,1968
314000000000,1933
2240005140000,1998
1040020250000,2003
1740019030000,1933
1640220230000,2001
2080901300000,2000
2540088020000,1933
2640023030000,1999
5040035020000,1933
2840020660000,1998
4940009160000,1933
3340009420000,1998
5440009190000,1933
2040044020000,1933
0160816000000,1995
4540025020000,1933
1140036010000,1933
3340007020000,1933
4440030090000,2011
4280932000000,2000
0340001140000,1995
0340020010000,2000
2640074030000,1968
3540023010000,1933
0380977000000,2000
1340008030000,1953
4180996000000,1999
5550130000000,1967
3940076070000,1933
5240039000000,1959
0440005030000,1933
2840020120000,1972
5140040020000,1933
3940106010000,1933
2040036010000,1933
2640088250000,1989
3140037170000,1996
1040014120000,1949
0580962000000,2000
0940008010000,1933
2760801000000,1978
3240002000000,1933
0280901800000,2000
5480987000000,2000
0640064620000,1990
0280914000000,1998
2040119140000,1933
3140007660000,1998
4150160000000,1967
1340060610000,1994
1440002000000,1933
4740032190000,2000
4280917000000,1999
1640055170000,1998
4440029150000,1988
0530105000000,1977
2140030010000,1933
2040060070000,1933
1040006050000,1978
4840052000000,1933
1840016060000,1933
1540030070000,1979
4040039010000,1933
5040039020000,1933
2440102440000,1972
3240007030000,1933
2880903270000,2000
1050106000000,1967
3840029010000,1933
0640044010000,1933
0340119680000,1990
2240010120000,1988
2480985000000,1999
2540001120000,1933
3940072100000,1985
5340003070000,1933
1840021210000,1970
4440013090000,1933
3980980000000,2000
4040019070000,1960
4440028000000,1933
2140009020000,1933
4240005220000,1972
5040075610000,2000
1040014390000,1998
2540044070000,1933
1730098000000,1977
1740119160000,1997
4180901720000,2000
2880981000000,1999
3180913000000,1998
3040052570000,1989
0540007230000,1999
4440062040000,1933
0340119420000,1977
5340001140000,1933
5340006030000,1933
5380901000000,1999
5040152250000,1996
1040025020000,1933
5580901090000,2000
1750008000000,1967
2080902210000,2001
2080955000000,1999
3140035000000,1933
4540020000000,1933
0480908000000,2000
0640064740000,1992
4180902280000,2000
4150059000000,1967
1640005040000,1998
4340047060000,1933
2450087000000,1967
1750072000000,1967
1350036000000,1967
2940002020000,1933
0850009000000,1967
4240035060000,1933
0280903170000,2000
1740044070000,2001
5240044000000,1933
3040012020000,1981
4340031100000,1933
1080945000000,2000
2250041000000,1967
2540011010000,1933
3040065230000,1973
4240219040000,1952
4240250160000,1995
1740006070000,1933
0380998000000,2000
1040031000000,1945
21200330000EB,1922
5240007040000,1933
0440036040000,1982
2040006130000,1996
0140052060000,1999
2340700080000,1980
5440004060000,1933
4040062120000,1995
2840052180000,1964
2880901190000,1999
2040079020000,1985
2740002320000,2000
4140027230000,2005
2740035010000,1933
0940002040000,1933
3980901150000,2000
2340119150000,1949
0680937000000,2000
2480902520000,2000
3360803000000,1980
1040023340000,2000
3040006040000,2004
3040049040000,1933
4240033080000,1976
5550048000000,1967
5550169000000,1967
2140009060000,1981
2840027150000,2000
5140002000000,1933
4140019270000,1943
0280945000000,1999
1140017000000,1933
3480904000000,1999
3480938000000,2000
4440036050000,1933
5540001190000,1996
2540019070000,1933
4340015090000,1933
2340119990000,1997
0580916000000,1999
2750011000000,1967
4180903110000,2000
4140013060000,1980
3040065520000,1990
0620060001800,1993
1940031010000,1933
1780906000000,1998
2840021010000,1933
4580917000000,2000
5340003030000,1933
0740035260000,2022
31200190000NB,1921
4180930000000,1999
2540052000000,1933
2240028010000,1933
5580968000000,1999
1140012000000,1933
1480942000000,2000
3140003020000,1933
3980985000000,2000
5140018020000,1933
1740020080000,1956
0640060210000,1933
1350030000000,1967
0640066000000,1933
5040075450000,1992
5140005050000,1933
0840036080000,1995
3040003210000,2000
4240219300000,1974
5540012160000,1996
1540016100000,1996
3540039010000,1933
3380963000000,2000
4140015050000,1933
3340001030000,1933
4140116260000,1999
5440011000000,1933
1940005020000,1933
4640250080000,1933
1740024140000,1933
0740009050000,1933
0540014030000,1983
3040252570000,2013
0850087000000,1967
0280902540000,2000
0350018000000,1967
1780901530000,2000
4140003190000,1956
0850053000000,1967
1840003100000,1933
4340016220000,1966
2040622010000,1972
5440032020000,1933
1740050340000,1973
0240034020000,1933
2040061160000,1998
2840019670000,2000
4940005110000,1933
0940042030000,1933
4240045040000,1933
1980901640000,1998
4250007000000,1967
4140045020000,1933
2140003000000,1933
3140079080000,1933
4940008000000,1933
4240151060000,1997
0240009200000,1933
3080937000000,2000
2440017150000,2000
2240001010000,1933
0340028020000,2026
1740004030000,1933
0180917000000,2000
1840087190000,1998
1740052060000,2001
2740048010000,1985
4140003010000,1933
3740001000000,1933
0640060440000,1957
0140022050000,1933
1040014030000,1933
2340016640000,1992
2440052360000,1992
5340014130000,1933
3340002030000,1980
0280902340000,2000
1740006040000,1933
2040219130000,2000
2540250280000,1933
4580913000000,1999
1980901800000,1999
1740024450000,1995
2340003510000,2000
1480954000000,2000
1340060600000,1993
4740017030000,1933
1040061490000,1978
2040081150000,1996
2540058090000,1997
2040028040000,1933
3140001000000,1933
0340003170000,1979
2240006050000,1998
4140004160000,1984
5440050740000,2010
2080902350000,2015
1040061990000,2000
5040022000000,1933
0240045050000,1933
18100770000NB,1958
4640048030000,1933
0640052050000,1945
4180901320000,1999
0140054020000,1933
0140092190000,1933
4540001050000,1997
5480901020000,2000
1830056000000,1953
0440004240000,1979
4940005070000,1933
2340701580000,1981
4240043040000,1933
4240219020000,1933
3440094010000,1933
45100640000EB,1989
0240015010000,1933
2340009600000,2002
0280955000000,1999
0280902250000,2000
0240036020000,1933
1740077110000,1986
5340028020000,1933
2040061690000,2000
0840015170000,1998
1040038080000,1996
2080928000000,1999
5440021150000,1967
0140250050000,1933
4040033150000,2009
3340017000000,1933
4740039000000,1933
0640007000000,1933
3940116020000,1933
0640034010000,1933
4440027020000,1933
5040252110000,1999
1740025340000,1995
4150087000000,1967
4740219010000,1933
5540054100000,1983
3140038000000,1933
5140022050000,1933
3150081000000,1967
0540018020000,1933
2540017200000,1980
3840020000000,1933
2540064320000,1997
1540038010000,1997
4040002000000,1933
2340017220000,2000
4440031020000,1933
1740270030000,1996
0440040150000,1933
4940033030000,1994
0550012000000,1967
2340003140000,1975
2540064060000,1933
4040046010000,1933
3480902000000,1998
5340001040000,1933
1340034000000,1933
3240024140000,1978
3140017020000,1933
3140037000000,1933
5040013030000,1933
2840044280000,1996
4180903150000,2000
3140082000000,1933
5040001010000,1933
1540015000000,1933
2640003070000,1997
3040252270000,1999
4440036090000,1933
5340014202100,1985
1340219730000,2000
3240023150000,1997
4140025070000,1996
1840016000000,1933
2340700070000,1980
4240025010000,1933
4540007160000,1933
1280933000000,2000
3940026820000,1984
4140006170000,1994
4140018010000,1933
1840021510000,1997
0280903380000,2000
5440002050000,1999
3840039050000,1952
3440019080000,1933
2480979000000,1999
2440016420000,2000
2540017210000,1980
1640018000000,1933
1740003070000,1933
2650007000000,1967
2340110960000,2000
4440038000000,1933
4540023050000,1933
0940003050000,1933
3440019560000,1980
2040005000000,1933
5040252180000,1999
1040023160000,1979
3180929000000,1998
1740012060000,1933
2840011050000,1933
0940001000000,1933
1040060220000,1933
5040024050000,1991
4180903080000,2000
4140018050000,1948
3340002070000,2000
0140026100000,1933
1940028000000,1933
0640001040000,1933
0440013080000,1933
3040049180000,1981
1640012010000,1933
1540002180000,1996
5040052200000,1933
1940009480000,2000
1780936000000,1998
2840052460000,1998
0440024070000,1933
2340009450000,1992
2840052540000,2018
2540056040000,1933
4040007020000,1933
2140019070000,1933
5040075440000,1992
2340700680000,1980
2340700750000,1980
1780901280000,1999
2140019520000,2000
2840020450000,1990
3840039150000,2000
2740005220000,1933
2880994000000,1999
1840012090000,1948
4340074020000,1933
0580929000000,2000
1040041180000,1933
5440007080000,1933
0160803000000,1980
3550001000000,1967
1840050000000,1985
2840460090000,1984
3340522090000,1997
4180903120000,2000
4940036000000,1933
2240005090000,1969
0640011020000,1933
0940018230000,1933
1740023310000,1995
3840001250000,1996
4240250090000,1952
1140012120000,1993
3440094080000,1999
3480912000000,1999
2940046110000,1933
3440001050000,1933
0440011090000,1979
1740024570000,1999
2340009330000,1991
1840018030000,1933
1840032030000,1933
3840013010000,1933
0240007210000,1933
2740040040000,1933
4140012130000,1933
2340009070000,1984
5040019040000,1933
1340060030000,1933
1340092020000,1988
0140011090000,1933
0280902570000,2000
3550004000000,1967
4640050090000,1933
2940046210000,1986
0740014030000,1933
1740019970000,1995
3340022010000,1933
3040007000000,1933
0280903090000,2000
1640007080000,1961
4940009270000,1982
4340050560000,1999
2440102370000,1972
1980901340000,1998
2740005200000,1933
2240003780000,2001
1740024040000,1933
3480935000000,2000
4540019000000,1933
4640012030000,1933
2240040000000,1933
2880901900000,2000
1040060920000,1997
1050125000000,1967
0380991000000,2000
4140305020000,1999
4940020490000,2000
2840123080000,2005
1380911000000,1999
2340700020000,1980
5580901660000,2000
0640010240000,2000
0280984000000,1999
2840020240000,1933
2880901090000,1999
4640052020000,1933
5340004030000,1933
0840022040000,1996
0530027000000,1921
2280922000000,2000
3640220120000,1968
5580901330000,2000
2440016490000,2000
1080938000000,2000
5340001060000,1933
2880901960000,2000
5140015220000,1971
4940005020000,1933
2540001030000,1933
3030065000500,1979
1440220010000,1933
2340009570000,1998
2840008000000,1933
5540054150000,1996
1740073070000,1933
3940003350000,1961
1440005110000,1999
2140024080000,2001
2140008160000,2008
1040021100000,2010
1040061710000,1997
3940119020000,1933
1940021000000,1933
4440021080000,1933
1980976000000,1998
2180939000000,2000
0840007020000,1933
3280902000000,1999
4740043120000,1933
5440034090000,2010
0140119260000,1996
0880902000000,1999
0640009010000,1933
0640031010000,1933
1340021040000,1933
4140012200000,1992
4740015000000,1933
3040252200000,1999
2450041000000,1967
2150008000000,1967
3440019050000,1933
2340005490000,1990
1040038150000,1997
3480930000000,2000
5550006000000,1967
2040049090000,1997
3380920000000,1999
5040252050000,1998
4940044010000,1933
4980907000000,1999
5440022000000,1933
1080942000000,2000
0140011040000,1933
2380932000000,2000
2540070030000,1980
4340050470000,1982
0540001030000,1933
3140019090000,1933
2040085040000,1933
1940025020000,1933
35104700000EB,1965
0340119370000,1977
0440024130000,1933
0440017000000,1933
2480901510000,2000
5540016150000,1977
3980901260000,2000
3140004020000,1933
2350065000000,1967
4540006010000,1933
2140007040000,1933
2080964000000,1999
2080990000000,2000
5040029050000,1933
3540053000000,1933
1980901590000,1998
3840028180000,1933
4540021020000,1933
0640052000000,1933
1940480010000,1976
5240076010000,2018
5550156000000,1968
5480901420000,2000
0580926000000,2000
0440034020000,1933
3140069000000,1933
3140069060000,1933
1340012070000,1973
3180901660000,2000
0240038000000,1933
1240005090000,1933
2740018000000,1933
4940010180000,1995
0840008010000,1933
0940068000000,1933
2540030030000,1933
5450005000000,1967
1340020330000,1991
1740044000000,1933
2140017000000,1933
0240028020000,1933
2580901530000,2000
2040040030000,1933
2140033150000,1979
3840219250000,1933
2940220050000,1962
2250050000000,1967
5550135000000,1967
4340050410000,1972
0280901310000,1999
1940025050000,1933
0340017050000,1995
1740098010000,2004
0740008000000,1933
2340003530000,2000
2340007170000,1998
1850001000000,1967
2640092000000,1933
1740050540000,1983
2040073050000,1933
0840022020000,1933
2040035080000,1949
2650004000000,1967
1340021030000,1933
0240012050000,1933
3140072050000,1933
5560804000000,1979
2580901400000,2000
3140015030000,1933
5040037380000,1977
1040014270000,1985
1060806000000,1978
3380955000000,2000
1340219000500,1997
0380982000000,2000
3840092010000,1997
2040013160000,1933
4240037050000,1988
2330017000000,1922
2840020720000,1998
0440009030000,1933
1340060510000,1980
4740014030000,1933
5440036020000,2000
1040018180000,1997
0240051150000,2000
5440047240000,1944
2830071000000,1922
0640031390000,2004
4140004070000,1976
2840007070000,1996
1840018000000,1933
4240219770000,2000
1280920000000,1999
5130082000000,1988
3140079040000,1933
0840013150000,1998
4140119510000,2011
4440033040000,2025
5540052100000,1983
3940092360000,1995
3140011000000,1933
3140019100000,1933
1780901410000,2000
2140033130000,1978
2040060220000,1933
2840052070000,1933
4640030020000,1933
5240026000000,1933
1240009060000,1933
2250018000000,1967
2880902500000,2000
5440050160000,1933
5240024000000,1933
5240066000000,1933
3340008090000,1933
2540020000000,1933
2040119210000,1933
1880972000000,2000
5540010390000,1980
2850021000000,1967
0740010010000,1977
1040060600000,1978
1050063000000,1967
5540012130000,1984
2540064080000,1933
2580901730000,2000
2140052000000,1933
1440002040000,1933
0280903430000,2000
4340047170000,1933
2150002000000,1967
4640119140000,1933
3240005010000,1933
1340045000000,1933
0850016000000,1967
4140019190000,1933
1050023000000,1967
1680955000000,2000
2020035000000,1921
1140119250000,1986
1140119280000,1986
2840036050000,2024
5580922000000,1999
3040080200000,1998
2040001030000,1933
1340219190000,1970
2450002030000,1996
5080943000000,2000
5040003050000,1984
4840010000000,1933
2080901900000,2000
1440005020000,1933
4180903170000,2000
5040001180000,1989
0140004000000,1933
3740026070000,1991
4050001000000,1967
4040017060000,1944
1340018010000,1933
2930042000000,1921
0740004070000,1933
0440009000000,1933
0840016280000,1998
3840029040000,1933
5560816000000,1980
2540052020000,1996
5230020000000,1929
0280912000000,1998
3440082010000,1998
5430892000000,1977
4150148000000,1967
2250030000000,1967
2540016070000,2000
4380908000000,2000
4440005010000,1933
4040011110000,1999
5240060000000,1933
4940030070000,1933
0280920000000,1998
1740008090000,1976
2040622240000,1983
4180946000000,1999
0940055200000,1933
1740023040000,1933
2540033160000,1980
2040016070000,1980
0940008060000,1933
4180932000000,1999
5140034000000,1933
0350007000000,1967
1740050480000,1982
5550043000000,1967
1040002100000,1964
1050152000000,1967
2040019070000,1954
2140023070000,1982
2140033240000,1980
2840123020000,1984
2040064010000,1933
4940007080000,1999
5040075180000,1980
2040160150000,1999
2640250240000,1949
0640052010000,1933
3940007530000,2006
4140015250000,1998
3340009090000,1933
2340014070000,2023
0140012030000,1933
1840023010000,1933
3140005000000,1933
1240050110000,1961
1980901630000,1998
2040061740000,2000
2050014000000,1967
5080915000000,1999
1740025980000,1977
5580901150000,2000
1140012090000,1933
4440013110000,1933
0640029060000,1933
2040022070000,1980
2040025600000,2000
3440020430000,1999
5140048040000,1933
2040010010000,1933
2680904000000,1998
4440036220000,1933
5540005090000,1984
1740029010000,1933
0640064520000,1990
2040063070000,1994
5440014410000,2000
4040034460000,1998
2340016850000,1993
0380936000000,1999
1040002030000,1997
2640088290000,1995
2680925000000,2000
1880933000000,1999
4540007130000,1933
1780901170000,1999
2040061120000,1980
3480936000000,2000
4440030050000,1933
3940011020000,1933
0240003000000,1933
3140037090000,1933
4140006180000,1996
0850058000000,1967
1840030010000,1933
2640064000000,1933
1880965000000,2000
1930480000000,1921
2040057010000,1933
3240012040000,1959
1840003040000,1933
4940035030000,1933
5140042010000,1933
0640017060000,1974
1040021170000,1956
3140045110000,1933
5040052420000,1933
2440083220000,1977
2840071280000,1997
1230028000000,1933
2180932000000,2000
4140016340000,1979
3240013030000,1933
1050139000000,1967
1840033192200,1986
2080901690000,2000
5040007480000,1998
0140250160000,1975
1140119130000,1933
2250001000000,1967
3340002090000,2000
4840004000000,1933
1140018120000,1933
4440009040000,1933
4140046000000,1933
2340700810000,1980
4440013270000,1993
5440047050000,1933
5540010060000,1961
5540010980000,1998
0580964000000,2000
1740031020000,1933
0640060900000,1980
1980913000000,1998
2040061650000,2000
4180988000000,1999
2840012100000,2000
2540019100000,1951
0140036000000,1933
2340016760000,1993
5040075230000,1988
3240015010000,1933
1140019100000,1933
2080901340000,2000
3940076030000,1933
4340050680000,2000
5440050660000,1998
1140052030000,1933
2750004000000,1967
4140119100000,1996
1540020010000,1998
1880939000000,1999
2340016340000,1989
2340016720000,1993
3840250210000,1999
1980901190000,1998
0740020090000,1933
2840019240000,1954
4230045000000,1983
2040032000000,1933
0340011030000,1933
3950003000000,1967
2340010320000,1984
4840056010000,1933
0280902410000,2000
03201190000NB,1921
3140019370000,1996
3940027020000,1933
3140062010000,1983
0740016380000,1998
2880902580000,2000
1750013000000,1967
2540064350000,1998
1440220120000,1933
2440005000000,1933
2440083110000,1933
2440102420000,1972
3440041030000,1933
2340119480000,1984
2440080060000,1999
5240007030000,1933
2840015040000,1953
4140014030000,1933
1040022070000,1951
5240012000000,1933
2040013030000,1933
1040060040000,1933
5040027010000,1933
0240045290000,2000
2140044070000,1933
2840219070000,1933
3940032000000,1933
4680919000000,2000
1980901160000,1998
5140020030000,1933
1740019740000,1982
0530002000100,1944
1940001160000,1947
3940021030000,1933
2340110590000,1999
2440012110000,1985
2880902290000,2000
3250008000000,1967
4140027190000,1988
4140036000000,1933
4240064060000,1968
1040019050000,1933
1940009330000,1997
1340016030000,1970
3940026360000,1933
2040057000000,1933
5040037640000,2005
2740033070000,1933
1480905000000,1998
4040062160000,1999
3440039530000,2000
2880902130000,2000
1040016130000,1978
1050147000000,1967
5540085260000,1997
0540027200000,1998
1740026010000,1933
1040044010000,1933
1840005110000,1933
4240052000000,1933
3480928000000,2000
5480988000000,2000
5540010720000,1996
3840219450000,1997
0540014000000,1933
3340010040000,1997
0140057130000,1933
1050044000000,1967
5550075000000,1967
2040026070000,1972
3540053010000,1933
1780901390000,2000
3840219490000,1999
2450005000000,1967
2240003720000,1999
1840022070000,1933
0280982000000,1999
1740004110000,1933
4540018000000,1922
1340002130000,2000
0240009060000,1933
4740032120000,1933
3140003000000,1933
0340003420000,1999
2830085000000,1948
3240219140000,1933
4440036130000,1933
1340010040000,1979
1240005050000,1933
2040060450000,1991
2880951000000,1999
4140015210000,1998
4780032260000,2000
0140010070000,1933
5440013000000,1933
3640030020000,1998
4440030030000,1933
5440046060000,1933
1740050680000,1995
4550025000000,1967
1440005100000,1946
0740016430000,2000
2880902730000,2000
4740015010000,1933
4940003080000,1994
5540052050000,1975
1040019490000,1982
1940009530000,2000
4180953000000,1999
3180908000000,1998
4950006000000,1967
5580995000000,2000
3440005030000,2002
1680944000000,2000
0640042000000,1933
0580911000000,1999
1340007010000,1933
4740005020000,1933
3440039190000,2010
3240012090000,1974
0280913000000,1998
2040014010000,1971
3640001050000,1987
0340017130000,2000
2840024000000,1933
3940007230000,1933
3140068010000,1933
3440020190000,1965
2440003040000,1971
1740023030000,1952
2540003050000,1933
2580901280000,2000
2040019040000,1933
1840042070000,1933
0580936000000,2000
2540017350000,2007
2040622430000,2013
1040061320000,1978
1040061570000,1989
1840013150000,1933
3940051090000,1933
3940058000000,1933
5380914000000,1999
4040034160000,1933
2340016970000,1995
0280902560000,2000
1740011230000,1985
4130307000000,1975
1380905000000,1998
0840011110000,1982
5040052920000,1991
5540007070000,1974
0380901660000,2000
0640160100000,1999
2040060360000,1970
3150070000000,1967
4140116100000,1999
2040119500000,1978
2640002090000,1973
2350037000000,1967
3640028100000,1966
4540003510000,1997
5240008090000,1950
4840001020000,1933
4280918000000,1999
2080901610000,2000
0640060200000,1933
3140007450000,1995
3140044000000,1933
4040060130000,1949
4980904000000,1999
0540054000000,1980
5340047010000,2022
2580970000000,1999
5040052910000,1991
4440020050000,1933
1740077060000,1933
4940016120000,1933
0940046030000,1933
2340701890000,1981
3650035000000,1968
2340044210000,1991
1980902700000,2000
4180902470000,2000
0840005000000,1933
3240219170000,1933
2630002000100,1956
3150006000000,1967
2440007230000,1998
2740029210000,1991
4180903420000,2000
2040006100000,1996
4140003960000,1994
1040003050000,1933
2350004000000,1967
0640031300000,1997
2040019080000,1973
0580906000000,1999
2140015030000,1933
2140020010000,1933
2840024050000,1979
2740027080000,1933
1040038180000,1997
1840005220000,1933
2040119020000,1933
2580912000000,1998
0540002180000,1997
1480940000000,2000
4540044230000,1984
4240014000000,1933
2240003750000,2000
2780910000000,2000
0930023000000,1981
1730023000000,1966
2540017170000,1933
3540015020000,1943
4180901360000,1999
1340058010000,1933
5540016370000,1997
0280902160000,2000
3940096010000,1933
4360810000000,1998
5040034030000,1933
3840219190000,1949
2040077020000,1933
2040023060000,1933
5240008030000,1933
4180912000000,1998
4140016110000,1966
1540066070000,1933
0380901280000,2000
0940005060000,1933
0840001010000,1933
3140119030000,1933
4140003390000,1972
0640025030000,1933
5440018120000,1998
5440050220000,1980
0380901030000,2000
2940046180000,1978
4140016180000,1972
2340003060000,1933
3240015040000,1933
0280919000000,1998
2450050000000,1967
5550011000000,1967
05300270007WB,1972
1040007000000,1933
4140030050000,1999
1840021040000,1978
1840021230000,1986
4340028010000,1933
5440002180000,1963
2440016060000,1980
3480923000000,2000
5240250120000,1999
4180902720000,2000
2480901900000,2000
4940002010000,1933
1040044070000,1992
0640001210000,1996
0340085140000,1984
2640094000000,1933
0140046010000,1933
3180901450000,2000
5040075560000,1998
4150025000000,1967
0650009000000,1967
2440014050000,1996
0640001100000,1955
3940005030000,1933
3440009080000,1962
0840015140000,1997
2480902070000,2000
2840001040000,1933
4140033180000,2000
4240032050000,1933
0650006000000,1967
2540056020000,1933
5480943000000,1999
2040069090000,1968
3140075090000,1933
2340119960000,1998
2440005120000,1996
2040064070000,1994
2340014050000,2023
3840001090000,1933
2450048000000,1967
2840071200000,1933
4150157000000,1967
3240003140000,1933
4140022000000,1933
4140031030000,1980
2540027060000,1933
4240041020000,1933
2340016920000,1995
3940008010000,1983
3140119050000,1933
1740024580000,1999
3240219240000,1933
0640029050000,1933
2040070040000,2000
5540052040000,1970
0630002001800,1952
0640010170000,1998
0280903390000,2000
0280932000000,1999
0240045220000,1998
3640009010000,1933
4180902900000,2000
0840052020000,1964
1940013050000,1997
1340004040000,1933
3440041160000,1979
2240010400000,1995
4140016790000,1998
1840013070000,1933
2640021030000,1933
1750058000000,1967
2140013050000,1933
4640119190000,1933
5340012130000,1933
2480902290000,2000
1980917000000,1998
0740020040000,1933
0740003080000,1933
0450010000000,1967
2240013090000,1992
2340010830000,1992
5580931000000,1999
2080901590000,2000
2540091030000,1983
4340050320000,1975
5440004090000,1933
4180901040000,1999
0650017000000,1967
0940026030000,1933
1040061450000,1978
1040160160000,2000
0140250200000,1999
2340110900000,2000
5340051000000,1969
1630029000000,1974
3040119030000,1977
4440020070000,1933
1080960000000,2000
0580958000000,2000
1340009070000,1933
3450014000000,1967
4840028010000,1933
3080916000000,1998
0140250310000,2000
1340020090000,1967
1230001000000,1997
1980972000000,1998
2880903010000,2000
4880904000000,1999
0340085540000,2000
2640034030000,1956
2640250020000,1933
5540001150000,1988
3950021000000,1985
1840006010000,1933
1040019520000,1982
5440047250000,1944
5540002010000,1933
3140064010000,1933
4140001460000,2000
4150024000000,1967
3040052410000,1981
0280902110000,2000
04200190000NB,1921
1440028060000,1933
4440119050000,1933
2840020170000,1972
0480901000000,1998
4180903050000,2000
1050113000000,1967
0280995000000,1999
2440016470000,2000
3640003080000,1973
3840066010000,1996
3940026300000,1933
4740003020000,1933
1340050030000,1999
2040005080000,1968
2740046000000,1933
0240011570000,2001
0640002250000,1981
0340085350000,1996
4340017030000,1933
3440019530000,1980
1740024620000,2000
2340002070000,1997
2340701970000,1981
1740019620000,1952
1840021250000,1933
3980937000000,1999
2040026030000,1933
4640012010000,1933
0640064090000,1988
1980902020000,2000
2740019010000,1965
0740002040000,1933
2240003250000,1987
4840018120000,1933
3240219460000,2009
2540017230000,1980
4340074120000,1998
4140018310000,1989
1840002200000,1985
5440014230000,1993
3140029060000,1933
1880951000000,2000
1940010000000,1933
0940060020000,1933
2480902680000,2000
4150028000000,1967
4280929000000,2000
2080901530000,2000
2080901570000,2000
2080906000000,1998
5440050300000,1987
2140021000000,1933
4640013150000,1933
3440019190000,1933
3140081040000,1933
5040006020000,1983
4140036040000,1992
1840021270000,1933
3040052480000,1984
1540009140000,1989
4540013000000,1933
3940026010000,1933
4540023090000,2014
5040075600000,1999
2480945000000,1999
1050163000000,1967
2540005010000,1933
2540011080000,1981
1140007110000,1933
4340050640000,1999
1740050460000,1982
2140015010000,1933
3940014050000,1933
5040075170000,1980
1030211000000,1968
1240001000000,1933
3440019140000,1933
2940011060000,2006
3180943000000,1999
2340009120000,1988
2040042010000,1933
5540010520000,1985
2830123000000,1974
2740013030000,1982
4140016360000,1979
0640024000000,1933
4440032050000,2024
1840002280000,2000
2980955000000,2000
4340016340000,1978
4040050040000,1933
1980901170000,1998
4640001070000,2008
2580985000000,1999
3940021060000,1933
1940340200000,1992
2240010560000,2000
0540027100000,1962
0540027460000,2000
2340701350000,1980
3840006020000,1933
1040014230000,1978
2440102640000,1972
3640003000000,1933
1750029000000,1967
2240003420000,1996
2240040020000,1933
1740020810000,1989
1840005100000,1933
2340016390000,1991
3140055040000,2000
0650008000000,1967
3980976000000,2000
0550004000000,1967
0340003460000,2000
2840052520000,2000
2840102020000,1979
5350001000000,1967
1340043040000,1962
4140018060000,1979
4140116180000,1999
4340016100000,1933
1740007050000,2001
3980903000000,1998
5440009180000,1933
5440013040000,1933
4640011000000,1933
2040060130000,1933
4940011120000,1933
0840001130000,1933
1740026000000,1933
4940004250000,2000
1040061010000,1933
2540004000000,1933
3640220300000,1999
2340110130000,1996
2440007160000,1984
4180903320000,2000
0740035110000,1933
4740010000000,1933
1840004000000,1933
4240024000000,1933
5550032000000,1967
0640031340000,1997
2640056000000,1933
2340044300000,1992
4140033060000,1933
4140103080000,1997
4840018130000,1933
0380962000000,1999
2840025110000,1992
2840032010000,1933
3940026440000,1933
0940003030000,1933
1340038050000,2000
2640088200000,1972
0740004100000,1933
5040075580000,1999
1740020450000,1957
2480902040000,2000
4840042000000,1933
0140030060000,1933
1880985000000,2000
4640076020000,2000
4680950000000,2000
2740039100000,1991
4140033140000,2000
0140008040000,1933
1640018020000,1933
0440019780000,2000
4140008050000,1972
2480964000000,1999
1140026010000,2015
0340085370000,1996
2580950000000,1999
4040004010000,1933
2340110540000,1999
4440042000000,1933
2840038020000,1933
2850068000000,1968
0940008040000,1933
2040073120000,1977
2240044000000,1933
2840016060000,1962
4140004100000,1980
2980939000000,2000
3050002000000,1967
0280902710000,2000
2040160240000,1999
0340003130000,1964
4640018070000,1995
4740003010000,1933
0640064710000,1991
1440007050000,1933
2040068010000,1933
1630023000000,1929
2040020020000,1933
2880960000000,1999
4140003770000,1989
4150015000000,1967
2340007160000,1997
4740001000000,1933
4180901440000,2000
1440001000000,1933
4740014010000,1933
0640002330000,1998
2580901360000,2000
1540002140000,1974
1980992000000,1998
4240219700000,2000
3940005140000,1933
2930093000000,1959
3380937000000,1999
3440055030000,1999
1340060520000,1980
4140019020000,1933
2580902070000,2000
0240028060000,1933
1140119270000,1986
3440015040000,1933
1340063160000,2000
2240003020000,1933
5140001000000,1933
0380981000000,2000
1240050120000,1991
0640064310000,1988
1440001020000,1981
2040013050000,1933
5040005050000,1994
4940001110000,1933
0220011001100,1979
4040035240000,1997
2040064000000,1933
0640025220000,1993
2330008000000,1921
1040015060000,1933
0440019010000,1933
1340016000000,1933
4640119270000,1933
0840013050000,1933
3350010000000,1967
2360808000000,2016
2340701820000,1981
2980934000000,1999
3040014070000,1989
2440016160000,1995
2040060010000,1933
5040075500000,1997
5040002000000,1933
2340010340000,1984
0140003000000,1933
2340700910000,1980
2540005000000,1933
2040119780000,1984
2540250670000,1972
3940034010000,1933
5160801000000,1980
2840016290000,2000
3180930000000,1999
4440012030000,1933
4440013160000,1933
5440011020000,1933
3540043000000,1933
1340019030000,1933
4180902930000,2000
3640220060000,1933
1040009030000,1933
2340016110000,1973
3540040090000,1986
0740016260000,1933
1380940000000,2000
1740024650000,2014
0280903300000,2000
2040041060000,1997
5040052410000,1933
0640014000000,1933
1740019280000,1933
4140031020000,1933
0140052050000,1999
2540019240000,1948
2980933000000,1999
2580901520000,2000
4440005100000,1933
5040007410000,1995
2840071250000,1997
4640046050000,1933
2840019490000,1984
4140019340000,1951
3140004010000,1933
4040026050000,2000
1840331070000,1999
0740003110000,1933
3240004040000,1933
0940024030000,1933
0940052010000,1987
1840042090000,1977
1780901430000,2000
2940046040000,1933
2740080090000,1933
4840048000000,1933
2540019300000,1951
3040065280000,1973
0640064700000,1991
1380925000000,2000
2040013100000,1933
4340006070000,1933
4340047090000,1933
1480971000000,2000
2640052000000,1933
4040010000000,1933
5040013020000,1933
0440004450000,2000
2740005260000,1933
3940007500000,2004
0540027230000,1999
2480901080000,1999
1640220130000,1998
5440017000000,1933
1740029030000,1986
1730076000000,1962
0680919000000,1999
3440018080000,2000
5140044080000,1933
2040013060000,1933
3340038260000,1990
4340050010000,1933
0380964000000,1999
5550036000000,1967
1140014020000,1933
3940080000000,1933
3940098000000,1933
0180920000000,2000
3480911000000,1999
2140119090000,1933
1980902690000,2000
3440019270000,1982
4140119250000,1997
1340062040000,1933
4140054240000,1999
2340701520000,1981
0280901560000,1999
0340005060000,1999
2840052220000,1979
0240013000000,1933
1440012010000,1933
3240003130000,1933
5040001190000,1992
0540027020000,1933
1750021000000,1967
4150044000000,1967
3040049100000,1975
5450004000000,1967
5440014240000,1993
2640034110000,1949
5240015010000,1933
5230089000000,1943
3440003100000,1998
0840003090000,1998
5040075250000,1988
2840014010000,1933
0280902050000,2000
2040085460000,1999
4040062110000,1993
4440029100000,1987
0680917000000,1999
1740020830000,1995
3360801000000,1980
4140116300000,2000
5540052110000,1983
2080912000000,1998
2640002270000,2000
2440052240000,1980
3840219420000,1996
4660805000000,1980
2250032000000,1967
1140022000000,1933
1740011280000,1995
2840020380000,1980
3940007300000,1933
3940024060000,1933
4140016170000,1972
0280901180000,1999
2940015030000,1954
2930046000100,1969
4150020000000,1967
2340110650000,1999
3840039170000,2000
2940220060000,1976
2040005400000,1999
3040252310000,1999
3440019650000,1992
5140010040000,1933
1840040120000,2013
5550099000000,1967
5580924000000,1999
5580967000000,1999
3940066020000,1933
1480931000000,1999
3940006010000,1933
0440004520000,2000
1840021060000,1933
2550016000000,1967
5540085340000,2000
1580903000000,1998
2640042000000,1933
2440013070000,1993
5480901340000,2000
1780911000000,1998
1780930000000,1998
2540019040000,1933
5580920000000,1999
1340015170000,1981
0640064220000,1988
2340110940000,2000
0580903000000,1999
2140021090000,1995
2840024060000,1981
4140003870000,1993
1840014000000,1933
2340219120000,2000
0640010020000,1933
2060801000000,1979
4340050160000,1933
1550009000000,1967
1080932000000,1999
2340003270000,1990
0640060760000,1979
4540044250000,1991
2240003550000,1999
2740033160000,2009
3180924000000,1998
5440021160000,1933
1480962000000,2000
2040047070000,1979
1740050360000,1974
3940007100000,1933
0240026100000,2000
2040061030000,1933
4740072220000,2000
1040060650000,1980
3040052740000,1991
4340031170000,1999
3640028170000,1990
1340002010000,1957
3440026050000,2010
0380901180000,2000
2540040040000,1933
4360805000000,1979
1340005030000,1933
1740050090000,1933
2480983000000,1999
4140061930000,1998
1050120000000,1967
2040015120000,1978
2340016360000,1990
3140065000000,1933
2340009260000,1990
3740001030000,1933
1540024020000,1933
0280901290000,1999
3240004070000,1995
2780908000000,2000
3240013020000,1933
4740026010000,1933
3050004000000,1967
2040219200000,2000
5440004100000,1963
2040023130000,1980
5040052800000,1987
2340009050000,1960
4040817010000,2010
4040033090000,1992
4140004210000,1985
1040021420000,1997
3040065470000,1990
4340050450000,1976
1430029000000,1933
2140013020000,1933
0440036020000,1960
4240017000000,1933
0740005020000,1933
2840010330000,2000
2450067000000,1967
4140119080000,1996
41200190000NB,1921
2340701330000,1980
3040065570000,1992
3850008000000,1967
1630055000000,1940
2350061000000,1967
4440052060000,1933
2850070000000,1968
4640119430000,1982
4740005010000,1933
2880902240000,2000
2280925000000,2000
2080949000000,1999
2640014010000,2000
1040014310000,1996
0340005000000,1933
0580907000000,1999
2240003360000,1992
3180901430000,2000
5040007240000,1989
4140054060000,1980
2380914000000,1999
1680903000000,1998
2540066020000,1933
3980949000000,2000
5040040020000,1978
2340119420000,1983
2440102690000,1972
2140004000000,1933
2840024090000,1998
4140016990000,1999
2340010820000,1992
1040041030000,1933
2040025250000,1969
5040052020000,1933
3950016000000,1967
2340003560000,2000
3040052910000,1992
2540064310000,1996
2040021280000,1966
4040060180000,1949
5040034070000,1995
1820340000100,1986
3840001020000,1933
1040019120000,1933
3640028090000,1933
0340003220000,1962
1340063020000,1933
4440005230000,1933
0240027020000,2000
4240017010000,1933
5040075350000,1991
2340009180000,1989
2340010840000,1992
4240056020000,1996
5550146000000,1967
4080929000000,2000
0440004100000,1933
2040012030000,1933
2240013110000,2000
0640025080000,1933
0140013020000,1933
4340010000000,1933
4340031160000,1998
1580922000000,2000
2040025010000,1933
1940001130000,1933
1080961000000,2000
1740050870000,2000
2140008120000,2000
2880901510000,2000
2740078040000,1933
1040016390000,1997
1040060870000,1994
4240219850000,2000
1140015060000,1998
2540250100000,1933
1340020070000,1947
3440019320000,1965
1540008150000,2004
3940072030000,1933
4080943000000,2000
2440052110000,1933
0340119010000,1933
2840219250000,1980
0740018040000,1933
4150054000000,1967
2340701880000,1981
2380939000000,2000
5440019100000,1933
0440019210000,1933
5040034060000,1991
2440052740000,1999
4640006000000,1933
4240032080000,1952
0330003000200,1983
2640026000000,1933
0580974000000,2000
0440028000000,1933
2740076000000,1933
0850010000000,1967
0840016220000,1996
3940054000000,1933
2340003070000,1975
0640043040000,1943
1480915000000,1998
1940006020000,1946
3650004000000,1967
3440007050000,1933
3440019570000,1981
4180901890000,2000
2240003570000,1999
1140022010000,1933
2340009480000,1994
2640088170000,1977
3080923000000,1999
1940013030000,1933
1060804000000,1978
4680944000000,2000
5240007150000,1933
2940008030000,1987
2880903180000,2000
1740020120000,1933
5040037240000,1980
0280902010000,2000
1740012030000,1968
5480986000000,2000
3440019610000,1988
3180926000000,1998
4140019520000,1980
4140031080000,1991
2440103140000,2000
2540019000100,1949
3040052120000,1933
4640042010000,1933
1240042160000,2000
5140044090000,1933
1140028000000,1933
0140048000000,1933
0140119100000,1933
4040060120000,1949
5040025020000,1933
5050044000000,1976
2140040030000,1933
3380947000000,2000
3440003080000,1997
4140035010000,1933
5560809000000,1993
3750015000000,1967
5530085000000,1962
2040119750000,1981
1540028000000,1933
2040021130000,1933
1740030020000,1933
2040001060000,1979
2880902330000,2000
0840006000000,1933
2340700180000,1981
2540064160000,1984
2580901960000,2000
0540001100000,1998
1480953000000,2000
1540009020000,1933
1740020580000,1948
1540040000000,1933
4640044070000,1976
1980921000000,1998
3440039210000,1952
4940009030000,1933
1740020160000,1933
4340016300000,1963
5580925000000,1999
3940056030000,1933
4050007000000,1967
5450047000000,1967
1980901930000,2000
4150136000000,1967
0240001120000,2000
2340219030000,1998
4380905000000,2000
3140039000000,1933
4080924000000,2000
0340119030000,1933
2140020030000,1933
4340050390000,1972
3140025030000,1933
5040052160000,1933
2140044040000,1977
2040013190000,1959
3180901100000,2000
2840009050000,1933
4140035030000,1998
4240066000000,1933
2540084050000,1933
1940009160000,1980
4440036010000,1933
2540218100000,2005
5580975000000,1999
2440102660000,1972
5440050030000,1933
5480929000000,1999
3940005210000,1981
3940007400000,1984
3440020300000,1978
4940030080000,1933
0740016150000,1933
1340050000000,1933
4140019620000,1980
4740011040000,1933
2080914000000,1998
1440050170000,1933
2040025350000,1981
3440002010000,1933
4930035000000,1933
1040028000000,1949
1540003010000,1933
3650007000000,1967
5240007230000,1970
4140019940000,1983
0680941000000,2000
4440011100000,1933
0440022010000,1935
3140019160000,1933
2240030020000,1933
2340007110000,1990
5550084000000,1967
0640035200000,1993
0440019270000,1933
1040019090000,1933
4150014000000,1967
2850067000000,1968
2040009110000,1979
3140857020000,1984
3050018000000,1967
2050020000000,1968
3540051000000,1933
5530012000000,1922
4640026030000,1933
0440010020000,1933
1740019180000,1933
0140057050000,1933
5540097010000,1972
5580965000000,1999
2540250880000,1998
0640031280000,1997
2840219290000,1984
3140067070000,1973
4180903130000,2000
0740016060000,1933
2020119000900,1967
5440050190000,1933
2840044000000,1976
5330045000000,1940
5040152090000,1988
0140024100000,2004
2340004030000,2000
2540002050000,1933
1980928000000,1998
1380923000000,1999
2440052920000,2000
1750092000000,1968
0680904000000,1998
1240028130000,1999
2340009590000,2000
4450008000000,1967
4040062260000,2000
3440024030000,1933
0740035100000,1933
2240003090000,1933
2740062180000,1933
0840036010000,1933
3850006000000,1967
0640002020000,1933
5540010630000,1996
0580955000000,2000
2140019390000,1984
3940029000000,1933
0950007000000,1967
2040501030000,1996
5340010020000,1933
3360808000000,1980
4180902330000,2000
0940025050000,1933
4340007140000,1933
0640060120000,1933
5040052930000,1992
5340038020000,1933
4140031130000,1998
4040062090000,1988
0280901110000,1999
4530003000000,1921
1240050050000,1933
1780962000000,1999
1940015050000,2001
2440083370000,1984
2040065000000,1933
2340003230000,1988
1040025090000,1978
4340031020000,1933
3140007250000,1933
2840036020000,1933
5150022000000,1967
1350035000000,1967
2240010460000,1999
2880903170000,2000
1440012090000,2003
2340010070000,1958
2040219190000,2000
2340110610000,1999
4440062020000,1933
0640064180000,1988
1340219480000,1979
2240064010000,1995
0140013000000,1933
2580901110000,2000
1480943000000,2000
1640001010000,1933
0240081050000,1969
2440083470000,1998
1280919000000,1999
3940007220000,1933
3140079050000,1933
5450036000000,1967
2040045000000,1933
2180903000000,1999
4640022030000,1982
0940013020000,1933
3140119160000,1933
0640023020000,1989
2280902000000,1998
2440635020000,1981
23200520000EB,1921
3580910000000,1999
5040003140000,1991
0540014010000,1998
1040060700000,1984
1780988000000,1999
2440006060000,1998
5240056000000,1933
0640002120000,1971
2040083120000,1997
2640086000000,1933
2440017130000,2000
1740050430000,1980
2040001040000,1933
2040062020000,1933
4180901730000,2000
2940001000000,1933
0650021000000,1967
1740025210000,2001
3840021090000,1998
2040622140000,1979
2340116060000,1996
1740050230000,1964
0640052040000,1966
3340038240000,1990
5440007030000,1933
1040018140000,1978
2340110140000,1997
1740050370000,1974
1980901070000,1998
4140018410000,1998
4140054040000,1972
4740017040000,1933
1840007010000,1933
5580957000000,1999
3940056040000,1933
1740119100000,1995
2340010200000,1980
1040025260000,1999
1780994000000,1999
3840001030000,1933
5040037560000,1998
2340058020000,1988
0640001000000,1933
3180901010000,2000
4940003090000,1933
0280973000000,1999
2840038050000,1977
2740002190000,1995
2880903230000,2000
4740219110000,1933
1740005040000,1933
0640060720000,1961
2040026060000,1933
0340003280000,1994
1040060760000,1993
0340026140000,2000
0340119040000,1933
0940007000000,1933
4140009020000,1933
4140054120000,1997
5540097210000,1996
5040037080000,1967
0580966000000,2000
5240007010000,1933
2040057100000,1974
1340037050000,1957
2740082020000,1933
3180927000000,1998
3240003310000,1998
3040008090000,2003
2340003640000,2012
2040022110000,1979
2040034000000,1933
3540009010000,1933
3640028070000,1933
2180902000000,1998
3880931000000,2000
5180913000000,1999
4540003630000,2002
1050096000000,1967
2540027010000,1933
1740006160000,2000
2080902280000,2001
2640098020000,1933
4940032180000,1933
3840219600000,2007
1840021440000,1946
3040006130000,1989
3740002120000,1981
0640042160000,1997
3450003000000,1967
2550006000000,1967
5580919000000,1999
2040083130000,1997
2580949000000,1999
3140014000000,1933
0240030090000,2000
3380919000000,1999
4840004010000,1933
2540034010000,1933
0140028000000,1933
0380901370000,2000
0380958000000,1999
1040060110000,1933
0530002000000,1921
26202500000NB,1921
3140019280000,1988
0240045260000,2000
2140119040000,1933
0480912000000,2000
2740031100000,1933
3340001010000,1933
13202190005NB,1997
3260803000000,1978
2540006040000,1933
5040013040000,1933
5040017050000,1933
1940115020000,1994
1780912000000,1998
4180919000000,1999
5040075430000,1992
1740024010000,1933
1040016160000,1978
1140015030000,1933
4040050010000,1933
5440068010000,1997
5340006000000,1933
3140061040000,1933
2880903100000,2000
4140012120000,1933
3040014080000,1989
0440019330000,1933
1540009180000,1999
0950006000000,1967
5180912000000,1999
2840010170000,1995
3050016000000,1967
3040049030000,1933
1630002000000,1983
0240011240000,1979
0640034000000,1933
1060803000000,1978
2840020670000,1998
0940019060000,1933
4140027130000,1933
1040085070000,1933
0640060450000,1951
0140250330000,2000
0340003150000,1970
2880901240000,1999
4240009080000,2000
4240032090000,1974
2040047192200,1986
1040019630000,1995
2440102100000,1972
1780901400000,2000
3380907000000,1998
2740034020000,2021
3740002200000,2017
4640003120000,2024
3940053030000,1933
3980901270000,2000
2340016530000,1992
2240046030000,1995
3130092000000,1945
4140016520000,1984
4150115000000,1967
2540019260000,1948
3040006010000,1933
3840017060000,1933
5550095000000,1967
0540003040000,1999
2640088230000,1974
3940026420000,1933
0440036030000,1981
2730017000100,1921
4240004010000,1933
5040152070000,1984
0640009030000,1995
1740006110000,2001
2540064270000,1996
3940050030000,1933
2030017000000,1921
0440032070000,1933
2180920000000,2000
3180967000000,1999
0640021000000,1933
0840004080000,1995
2540031140000,1933
3940219060000,2001
1740027030000,1933
0440028020000,1933
0430004000000,1921
2740007050000,1933
1040006000000,1933
1740019900000,1995
2480901230000,1999
4740012000000,1933
1840013030000,1933
4340010040000,1933
2580918000000,1998
2580974000000,1999
0240012010000,1933
0540002230000,2008
0840040000000,1933
1840034070000,1933
30201190001NB,1952
1940009120000,1952
1940013080000,2000
0940008070000,1933
2930046000300,1971
0740004010000,1933
3140071020000,1933
3180901590000,2000
5080914000000,1999
0140006020000,1933
3440092000000,1965
0580959000000,2000
3340009070000,1933
4840018020000,1933
2440103170000,2000
1680916000000,1999
5440042020000,1933
0640060220000,1933
0640035020000,1933
5240001020000,1933
1350040000000,1967
4140004040000,1933
4140016380000,1980
0940055140000,1933
2480902510000,2000
4140019460000,1979
5040052010000,1933
2340210120000,2000
2450083000000,1967
1340002140000,2000
1780901640000,2000
3840039120000,2000
2440152070000,2000
0850064000000,1967
2540250650000,1972
14202200000NB,1922
2440017140000,2000
3380964000000,2000
4180939000000,1999
2040013170000,1933
3140119120000,1933
3240029020000,1933
2030817000000,2010
0380912000000,1998
4140006240000,2000
2040024030000,1979
5050041000000,1976
4180959000000,1999
3180925000000,1998
5040152340000,1998
3940076000000,1933
0180921000000,2000
4440119230000,1948
0340003400000,1999
3880912000000,1999
2240003530000,1999
4840034030000,1996
3140043050000,1933
4640042020000,1933
1340219240000,1979
1440050490000,2015
2040015170000,1999
2350034000000,1967
2440103010000,1982
5540002030000,1991
0940008020000,1933
1980902180000,2000
2080902030000,2000
2580901940000,2000
4030034000100,1952
5040008000000,1933
4240056000000,1933
5140008020000,1933
4150086000000,1967
4040011080000,1933
2440052970000,2000
4440027040000,1933
1750087000000,1967
1780901460000,2000
0940009000000,1933
2240003370000,1992
4140041010000,1933
2040160210000,1999
1540011110000,1999
1840038070000,1975
1980922000000,1998
2240010200000,1990
4130061000000,1944
0840034000000,1933
1040061810000,1997
5550134000000,1967
1140007000000,1933
1940004020000,1951
2440007000000,1921
2940046060000,1933
2980913000000,1998
2040009130000,1980
2840006010000,1933
4930001000000,1997
3640220310000,1999
0280942000000,1999
0640043000000,1933
1580917000000,2000
4040025360000,1998
1450001000000,1967
2840022000000,1933
5240020110000,1949
0440006010000,1933
2040079160000,1995
2240119060000,1987
2340010550000,1989
5380919000000,1999
1440050160000,1933
0340119790000,1996
0240020000000,1933
4140009000000,1933
1040027040000,1998
1880977000000,2000
3940026320000,1933
1980902200000,2000
1440010050000,1933
1740023340000,1998
2350010000000,1967
2040622440000,2013
2040035190000,1980
4740001130000,1933
4140119450000,2000
2740062130000,1933
1740019920000,1995
2740029020000,2021
1040021650000,2000
5550140000000,1967
2340044010000,1983
2880902880000,2000
2840016180000,1980
0840014000000,1933
3240031010000,1933
1840033220000,1998
2640021050000,1933
1040038050000,1981
1980965000000,1998
3140059020000,1933
2880903120000,2000
0840036060000,1983
3040006180000,1991
3040052100000,1933
4340007260000,1946
5440021270000,1933
0540067090000,1998
2840036030000,1933
4240219590000,1999
1740058010000,1981
4640013400000,2000
2740027090000,1933
2940046230000,1999
0940019050000,1933
2480902320000,2000
2580901390000,2000
1440050270000,1933
4940013000000,1980
4940119010000,1933
3340018040000,1933
0540003180000,1999
4540003460000,1996
0580922000000,2000
2840020180000,1975
5140020350000,1990
0740016270000,1933
2730062000000,1921
2340012000000,1933
0280960000000,1999
4440003090000,2005
1550008000000,1967
0340004000000,1933
0340014020000,1933
2340009560000,1998
0140007050000,1933
0140011280000,2000
1740023250000,1995
2380947000000,2000
2040083110000,1997
0580977000000,2000
0840004140000,1996
0140009030000,1933
0280902820000,2000
1340002060000,1933
2040061340000,2000
2880905000000,1999
1440220020000,1933
5040010000000,1933
2880901550000,2000
2040060990000,1980
2740042000000,1933
4340009000000,1933
2640250880000,1977
1040020180000,1997
2140033160000,1979
2850051000000,1967
5240040000000,1933
4140119270000,1997
4180903380000,2000
5380931000000,2000
5430014000000,1933
1540003020000,1933
3140037120000,1933
4040050090000,1999
2880901160000,1999
5240018000000,1933
2740041120000,1933
1840033070000,1933
4340016310000,1972
0280902070000,2000
3940094020000,1933
4040007000000,1933
4540025000000,1933
1440008030000,1933
1340054040000,1933
3180901060000,2000
2580914000000,1998
3950004000000,1967
4680902000000,1998
2750010000000,1967
4180901520000,2000
1040016200000,1978
1040061220000,1958
1840005040000,1933
5580936000000,1999
1640058040000,1933
0440019200000,1933
2340016160000,1976
5540010200000,1933
5240250080000,1974
1340054050000,1996
2480902350000,2000
0240051220000,2026
4540005010000,1979
2140030170000,1933
2140038000000,1933
1340060370000,1990
2040007100000,1933
2740062080000,1933
4740039010000,1933
