StateId|RouteId|BeginPoint|EndPoint|DataItem|BeginDate|ValueNumeric|ValueText|ValueDate|Comments|ReportDate|EndDate|SectionLength
54|01200330000EB|1.3000|1.4000|BASE_TYPE|1/1/2023|3.000||||4/24/2024|12/31/9999|0.1000
54|01200330000EB|1.4000|1.5000|BASE_TYPE|1/1/2023|3.000||||4/24/2024|12/31/9999|0.1000
54|01200330000EB|1.5000|1.6000|BASE_TYPE|1/1/2023|3.000||||4/24/2024|12/31/9999|0.1000
54|01200330000EB|1.6000|1.7000|BASE_TYPE|1/1/2023|3.000||||4/24/2024|12/31/9999|0.1000
54|01200330000EB|1.7000|1.8000|BASE_TYPE|1/1/2023|3.000||||4/24/2024|12/31/9999|0.1000
54|01200330000EB|1.8000|1.8700|BASE_TYPE|1/1/2023|3.000||||4/24/2024|12/31/9999|0.0700
54|01201190000NB|6.9500|7.0000|BASE_TYPE|1/1/2023|3.000||||4/24/2024|12/31/9999|0.0500
54|02100810000NB|0.0000|0.1000|BASE_TYPE|1/1/2023|6.000||||4/24/2024|12/31/9999|0.1000
54|02100810000NB|0.1000|0.2000|BASE_TYPE|1/1/2023|6.000||||4/24/2024|12/31/9999|0.1000
54|02100810000NB|0.2000|0.3000|BASE_TYPE|1/1/2023|6.000||||4/24/2024|12/31/9999|0.1000
54|0130038000000|0.4300|2.4300|BASE_TYPE|1/1/2023|3.000||||4/24/2024|12/31/9999|2.0000
54|0130038000000|5.5300|6.3100|BASE_TYPE|1/1/2023|3.000||||4/24/2024|12/31/9999|0.7800
54|0130076000000|1.7500|6.6200|BASE_TYPE|1/1/2023|3.000||||4/24/2024|12/31/9999|4.8700
54|0130092000000|8.6400|9.2650|BASE_TYPE|1/1/2023|3.000||||4/24/2024|12/31/9999|0.6250
54|0130092000000|9.2650|10.7300|BASE_TYPE|1/1/2023|3.000||||4/24/2024|12/31/9999|1.4650
54|01201190000NB|7.0000|7.1000|BASE_TYPE|1/1/2023|3.000||||4/24/2024|12/31/9999|0.1000
54|01201190000NB|7.1000|7.2000|BASE_TYPE|1/1/2023|3.000||||4/24/2024|12/31/9999|0.1000
54|01201190000NB|7.2000|7.3000|BASE_TYPE|1/1/2023|3.000||||4/24/2024|12/31/9999|0.1000
54|01201190000NB|7.3000|7.4000|BASE_TYPE|1/1/2023|3.000||||4/24/2024|12/31/9999|0.1000
54|01201190000NB|7.4000|7.5000|BASE_TYPE|1/1/2023|3.000||||4/24/2024|12/31/9999|0.1000
54|01201190000NB|7.5000|7.6000|BASE_TYPE|1/1/2023|3.000||||4/24/2024|12/31/9999|0.1000
54|01201190000NB|7.6000|7.7000|BASE_TYPE|1/1/2023|3.000||||4/24/2024|12/31/9999|0.1000
54|01201190000NB|7.7000|7.8000|BASE_TYPE|1/1/2023|3.000||||4/24/2024|12/31/9999|0.1000
54|01201190000NB|7.8000|7.9000|BASE_TYPE|1/1/2023|3.000||||4/24/2024|12/31/9999|0.1000
54|01201190000NB|7.9000|8.0000|BASE_TYPE|1/1/2023|3.000||||4/24/2024|12/31/9999|0.1000
54|01201190000NB|8.0000|8.1000|BASE_TYPE|1/1/2023|3.000||||4/24/2024|12/31/9999|0.1000
54|01201190000NB|8.1000|8.2000|BASE_TYPE|1/1/2023|3.000||||4/24/2024|12/31/9999|0.1000
54|01201190000NB|8.2000|8.3000|BASE_TYPE|1/1/2023|3.000||||4/24/2024|12/31/9999|0.1000
54|01201190000NB|8.3000|8.4000|BASE_TYPE|1/1/2023|3.000||||4/24/2024|12/31/9999|0.1000
54|01201190000NB|8.4000|8.5000|BASE_TYPE|1/1/2023|3.000||||4/24/2024|12/31/9999|0.1000
54|01201190000NB|8.5000|8.6000|BASE_TYPE|1/1/2023|3.000||||4/24/2024|12/31/9999|0.1000
54|01201190000NB|8.6000|8.7000|BASE_TYPE|1/1/2023|3.000||||4/24/2024|12/31/9999|0.1000
54|01200330000EB|1.2000|1.3000|BASE_TYPE|1/1/2023|3.000||||4/24/2024|12/31/9999|0.1000
54|01200330000EB|1.1000|1.2000|BASE_TYPE|1/1/2023|3.000||||4/24/2024|12/31/9999|0.1000
54|01200330000EB|1.0000|1.1000|BASE_TYPE|1/1/2023|3.000||||4/24/2024|12/31/9999|0.1000
54|01200330000EB|0.9000|1.0000|BASE_TYPE|1/1/2023|3.000||||4/24/2024|12/31/9999|0.1000
54|01200330000EB|0.8000|0.9000|BASE_TYPE|1/1/2023|3.000||||4/24/2024|12/31/9999|0.1000
54|01200330000EB|0.7000|0.8000|BASE_TYPE|1/1/2023|3.000||||4/24/2024|12/31/9999|0.1000
54|01200330000EB|0.6000|0.7000|BASE_TYPE|1/1/2023|3.000||||4/24/2024|12/31/9999|0.1000
54|01200330000EB|0.5000|0.6000|BASE_TYPE|1/1/2023|3.000||||4/24/2024|12/31/9999|0.1000
54|01200330000EB|0.4000|0.5000|BASE_TYPE|1/1/2023|3.000||||4/24/2024|12/31/9999|0.1000
54|01200330000EB|0.3000|0.4000|BASE_TYPE|1/1/2023|3.000||||4/24/2024|12/31/9999|0.1000
54|01200330000EB|0.2000|0.3000|BASE_TYPE|1/1/2023|3.000||||4/24/2024|12/31/9999|0.1000
54|01200330000EB|0.1000|0.2000|BASE_TYPE|1/1/2023|3.000||||4/24/2024|12/31/9999|0.1000
54|01200330000EB|0.0000|0.1000|BASE_TYPE|1/1/2023|3.000||||4/24/2024|12/31/9999|0.1000
54|01201190000NB|8.7000|8.8000|BASE_TYPE|1/1/2023|3.000||||4/24/2024|12/31/9999|0.1000
54|01201190000NB|8.8000|8.9000|BASE_TYPE|1/1/2023|3.000||||4/24/2024|12/31/9999|0.1000
54|01201190000NB|8.9000|9.0000|BASE_TYPE|1/1/2023|3.000||||4/24/2024|12/31/9999|0.1000
54|01201190000NB|9.0000|9.1000|BASE_TYPE|1/1/2023|3.000||||4/24/2024|12/31/9999|0.1000
54|01201190000NB|9.1000|9.2000|BASE_TYPE|1/1/2023|3.000||||4/24/2024|12/31/9999|0.1000
54|01201190000NB|9.2000|9.2900|BASE_TYPE|1/1/2023|3.000||||4/24/2024|12/31/9999|0.0900
54|01201190000NB|10.6600|10.7000|BASE_TYPE|1/1/2023|3.000||||4/24/2024|12/31/9999|0.0400
54|01201190000NB|10.7000|10.8000|BASE_TYPE|1/1/2023|3.000||||4/24/2024|12/31/9999|0.1000
54|01201190000NB|10.8000|10.9000|BASE_TYPE|1/1/2023|3.000||||4/24/2024|12/31/9999|0.1000
54|01201190000NB|10.9000|11.0000|BASE_TYPE|1/1/2023|3.000||||4/24/2024|12/31/9999|0.1000
54|01201190000NB|11.0000|11.1000|BASE_TYPE|1/1/2023|3.000||||4/24/2024|12/31/9999|0.1000
54|01201190000NB|11.1000|11.2000|BASE_TYPE|1/1/2023|3.000||||4/24/2024|12/31/9999|0.1000
54|01201190000NB|11.2000|11.3000|BASE_TYPE|1/1/2023|3.000||||4/24/2024|12/31/9999|0.1000
54|01201190000NB|11.3000|11.4000|BASE_TYPE|1/1/2023|3.000||||4/24/2024|12/31/9999|0.1000
54|01201190000NB|11.4000|11.5000|BASE_TYPE|1/1/2023|3.000||||4/24/2024|12/31/9999|0.1000
54|02100810000NB|0.3000|0.4000|BASE_TYPE|1/1/2023|6.000||||4/24/2024|12/31/9999|0.1000
54|02100810000NB|0.4000|0.5000|BASE_TYPE|1/1/2023|6.000||||4/24/2024|12/31/9999|0.1000
54|02100810000NB|0.5000|0.6000|BASE_TYPE|1/1/2023|6.000||||4/24/2024|12/31/9999|0.1000
54|02100810000NB|0.6000|0.7000|BASE_TYPE|1/1/2023|6.000||||4/24/2024|12/31/9999|0.1000
54|02100810000NB|0.7000|0.8000|BASE_TYPE|1/1/2023|6.000||||4/24/2024|12/31/9999|0.1000
54|02100810000NB|0.8000|0.9000|BASE_TYPE|1/1/2023|6.000||||4/24/2024|12/31/9999|0.1000
54|02100810000NB|0.9000|1.0000|BASE_TYPE|1/1/2023|6.000||||4/24/2024|12/31/9999|0.1000
54|02100810000NB|1.0000|1.1000|BASE_TYPE|1/1/2023|6.000||||4/24/2024|12/31/9999|0.1000
54|02100810000NB|1.1000|1.2000|BASE_TYPE|1/1/2023|6.000||||4/24/2024|12/31/9999|0.1000
54|02100810000NB|1.2000|1.3000|BASE_TYPE|1/1/2023|6.000||||4/24/2024|12/31/9999|0.1000
54|02100810000NB|1.3000|1.3900|BASE_TYPE|1/1/2023|6.000||||4/24/2024|12/31/9999|0.0900
54|02100810000NB|1.3900|1.4000|BASE_TYPE|1/1/2023|6.000||||4/24/2024|12/31/9999|0.0100
54|02100810000NB|1.4000|1.5000|BASE_TYPE|1/1/2023|6.000||||4/24/2024|12/31/9999|0.1000
54|02100810000NB|1.5000|1.6000|BASE_TYPE|1/1/2023|6.000||||4/24/2024|12/31/9999|0.1000
54|02100810000NB|1.6000|1.7000|BASE_TYPE|1/1/2023|6.000||||4/24/2024|12/31/9999|0.1000
54|02100810000NB|1.7000|1.8000|BASE_TYPE|1/1/2023|6.000||||4/24/2024|12/31/9999|0.1000
54|02100810000NB|1.8000|1.9000|BASE_TYPE|1/1/2023|6.000||||4/24/2024|12/31/9999|0.1000
54|02100810000NB|1.9000|2.0000|BASE_TYPE|1/1/2023|6.000||||4/24/2024|12/31/9999|0.1000
54|02100810000NB|2.0000|2.1000|BASE_TYPE|1/1/2023|6.000||||4/24/2024|12/31/9999|0.1000
54|02100810000NB|2.1000|2.2000|BASE_TYPE|1/1/2023|6.000||||4/24/2024|12/31/9999|0.1000
54|02100810000NB|2.2000|2.3000|BASE_TYPE|1/1/2023|6.000||||4/24/2024|12/31/9999|0.1000
54|02100810000NB|2.3000|2.4000|BASE_TYPE|1/1/2023|6.000||||4/24/2024|12/31/9999|0.1000
54|02100810000NB|2.4000|2.5000|BASE_TYPE|1/1/2023|6.000||||4/24/2024|12/31/9999|0.1000
54|02100810000NB|2.5000|2.6000|BASE_TYPE|1/1/2023|6.000||||4/24/2024|12/31/9999|0.1000
54|02100810000NB|2.6000|2.7000|BASE_TYPE|1/1/2023|6.000||||4/24/2024|12/31/9999|0.1000
54|02100810000NB|2.7000|2.8000|BASE_TYPE|1/1/2023|6.000||||4/24/2024|12/31/9999|0.1000
54|02100810000NB|2.8000|2.9000|BASE_TYPE|1/1/2023|6.000||||4/24/2024|12/31/9999|0.1000
54|02100810000NB|2.9000|3.0000|BASE_TYPE|1/1/2023|6.000||||4/24/2024|12/31/9999|0.1000
54|02100810000NB|3.0000|3.1000|BASE_TYPE|1/1/2023|6.000||||4/24/2024|12/31/9999|0.1000
54|02100810000NB|3.1000|3.2000|BASE_TYPE|1/1/2023|6.000||||4/24/2024|12/31/9999|0.1000
54|02100810000NB|3.2000|3.3000|BASE_TYPE|1/1/2023|6.000||||4/24/2024|12/31/9999|0.1000
54|02100810000NB|3.3000|3.4000|BASE_TYPE|1/1/2023|6.000||||4/24/2024|12/31/9999|0.1000
54|02100810000NB|3.4000|3.5000|BASE_TYPE|1/1/2023|6.000||||4/24/2024|12/31/9999|0.1000
54|02100810000NB|3.5000|3.6000|BASE_TYPE|1/1/2023|6.000||||4/24/2024|12/31/9999|0.1000
54|02100810000NB|3.6000|3.7000|BASE_TYPE|1/1/2023|6.000||||4/24/2024|12/31/9999|0.1000
54|02100810000NB|3.7000|3.8000|BASE_TYPE|1/1/2023|6.000||||4/24/2024|12/31/9999|0.1000
54|02100810000NB|3.8000|3.9000|BASE_TYPE|1/1/2023|6.000||||4/24/2024|12/31/9999|0.1000
54|02100810000NB|3.9000|4.0000|BASE_TYPE|1/1/2023|6.000||||4/24/2024|12/31/9999|0.1000
54|02100810000NB|4.0000|4.1000|BASE_TYPE|1/1/2023|6.000||||4/24/2024|12/31/9999|0.1000
54|02100810000NB|4.1000|4.2000|BASE_TYPE|1/1/2023|6.000||||4/24/2024|12/31/9999|0.1000
54|02100810000NB|4.2000|4.3000|BASE_TYPE|1/1/2023|6.000||||4/24/2024|12/31/9999|0.1000
54|02100810000NB|4.3000|4.4000|BASE_TYPE|1/1/2023|6.000||||4/24/2024|12/31/9999|0.1000
54|02100810000NB|4.4000|4.5000|BASE_TYPE|1/1/2023|6.000||||4/24/2024|12/31/9999|0.1000
54|02100810000NB|4.5000|4.6000|BASE_TYPE|1/1/2023|6.000||||4/24/2024|12/31/9999|0.1000
54|02100810000NB|4.6000|4.7000|BASE_TYPE|1/1/2023|6.000||||4/24/2024|12/31/9999|0.1000
54|02100810000NB|4.7000|4.8000|BASE_TYPE|1/1/2023|6.000||||4/24/2024|12/31/9999|0.1000
54|02100810000NB|4.8000|4.9000|BASE_TYPE|1/1/2023|6.000||||4/24/2024|12/31/9999|0.1000
54|02100810000NB|4.9000|5.0000|BASE_TYPE|1/1/2023|6.000||||4/24/2024|12/31/9999|0.1000
54|02100810000NB|5.0000|5.1000|BASE_TYPE|1/1/2023|6.000||||4/24/2024|12/31/9999|0.1000
54|02100810000NB|5.1000|5.2000|BASE_TYPE|1/1/2023|6.000||||4/24/2024|12/31/9999|0.1000
54|02100810000NB|5.2000|5.3000|BASE_TYPE|1/1/2023|6.000||||4/24/2024|12/31/9999|0.1000
54|02100810000NB|5.3000|5.4000|BASE_TYPE|1/1/2023|6.000||||4/24/2024|12/31/9999|0.1000
54|02100810000NB|5.4000|5.5000|BASE_TYPE|1/1/2023|6.000||||4/24/2024|12/31/9999|0.1000
54|02100810000NB|5.5000|5.6000|BASE_TYPE|1/1/2023|6.000||||4/24/2024|12/31/9999|0.1000
54|02100810000NB|5.6000|5.7000|BASE_TYPE|1/1/2023|6.000||||4/24/2024|12/31/9999|0.1000
54|02100810000NB|5.7000|5.8000|BASE_TYPE|1/1/2023|6.000||||4/24/2024|12/31/9999|0.1000
54|02100810000NB|5.8000|5.9000|BASE_TYPE|1/1/2023|6.000||||4/24/2024|12/31/9999|0.1000
54|02100810000NB|5.9000|6.0000|BASE_TYPE|1/1/2023|6.000||||4/24/2024|12/31/9999|0.1000
54|02100810000NB|6.0000|6.1000|BASE_TYPE|1/1/2023|6.000||||4/24/2024|12/31/9999|0.1000
54|02100810000NB|6.1000|6.2000|BASE_TYPE|1/1/2023|6.000||||4/24/2024|12/31/9999|0.1000
54|02100810000NB|6.2000|6.2700|BASE_TYPE|1/1/2023|6.000||||4/24/2024|12/31/9999|0.0700
54|02100810000NB|6.2700|6.3000|BASE_TYPE|1/1/2023|6.000||||4/24/2024|12/31/9999|0.0300
54|02100810000NB|6.3000|6.4000|BASE_TYPE|1/1/2023|6.000||||4/24/2024|12/31/9999|0.1000
54|02100810000NB|6.4000|6.5000|BASE_TYPE|1/1/2023|6.000||||4/24/2024|12/31/9999|0.1000
54|02100810000NB|6.5000|6.6000|BASE_TYPE|1/1/2023|6.000||||4/24/2024|12/31/9999|0.1000
54|02100810000NB|6.6000|6.7000|BASE_TYPE|1/1/2023|6.000||||4/24/2024|12/31/9999|0.1000
54|02100810000NB|6.7000|6.8000|BASE_TYPE|1/1/2023|6.000||||4/24/2024|12/31/9999|0.1000
54|02100810000NB|6.8000|6.9000|BASE_TYPE|1/1/2023|6.000||||4/24/2024|12/31/9999|0.1000
54|02100810000NB|6.9000|7.0000|BASE_TYPE|1/1/2023|6.000||||4/24/2024|12/31/9999|0.1000
54|02100810000NB|7.0000|7.1000|BASE_TYPE|1/1/2023|6.000||||4/24/2024|12/31/9999|0.1000
54|02100810000NB|7.1000|7.2000|BASE_TYPE|1/1/2023|6.000||||4/24/2024|12/31/9999|0.1000
54|02100810000NB|7.2000|7.3000|BASE_TYPE|1/1/2023|6.000||||4/24/2024|12/31/9999|0.1000
54|02100810000NB|7.3000|7.4000|BASE_TYPE|1/1/2023|6.000||||4/24/2024|12/31/9999|0.1000
54|02100810000NB|7.4000|7.5000|BASE_TYPE|1/1/2023|6.000||||4/24/2024|12/31/9999|0.1000
54|02100810000NB|7.5000|7.6000|BASE_TYPE|1/1/2023|6.000||||4/24/2024|12/31/9999|0.1000
54|02100810000NB|7.6000|7.7000|BASE_TYPE|1/1/2023|6.000||||4/24/2024|12/31/9999|0.1000
54|02100810000NB|7.7000|7.8000|BASE_TYPE|1/1/2023|6.000||||4/24/2024|12/31/9999|0.1000
54|02100810000NB|7.8000|7.9000|BASE_TYPE|1/1/2023|6.000||||4/24/2024|12/31/9999|0.1000
54|02100810000NB|7.9000|8.0000|BASE_TYPE|1/1/2023|8.000||||4/24/2024|12/31/9999|0.1000
54|02100810000NB|8.0000|8.1000|BASE_TYPE|1/1/2023|8.000||||4/24/2024|12/31/9999|0.1000
54|0230009000000|9.6000|9.7000|BASE_TYPE|1/1/2023|5.000||||4/24/2024|12/31/9999|0.1000
54|0230009000000|9.7000|9.8000|BASE_TYPE|1/1/2023|5.000||||4/24/2024|12/31/9999|0.1000
54|0230009000000|9.8000|9.9000|BASE_TYPE|1/1/2023|5.000||||4/24/2024|12/31/9999|0.1000
54|0230009000000|9.9000|9.9500|BASE_TYPE|1/1/2023|5.000||||4/24/2024|12/31/9999|0.0500
54|0230009000000|10.1200|10.2000|BASE_TYPE|1/1/2023|5.000||||4/24/2024|12/31/9999|0.0800
54|0230009000000|10.2000|10.3000|BASE_TYPE|1/1/2023|5.000||||4/24/2024|12/31/9999|0.1000
54|0230009000000|10.3000|10.3700|BASE_TYPE|1/1/2023|5.000||||4/24/2024|12/31/9999|0.0700
54|0230009000000|10.5320|10.6000|BASE_TYPE|1/1/2023|5.000||||4/24/2024|12/31/9999|0.0680
54|0230009000000|19.7000|19.8000|BASE_TYPE|1/1/2023|7.000||||4/24/2024|12/31/9999|0.1000
54|0230009000000|19.8000|19.9000|BASE_TYPE|1/1/2023|7.000||||4/24/2024|12/31/9999|0.1000
54|0230009000000|19.9000|20.0000|BASE_TYPE|1/1/2023|7.000||||4/24/2024|12/31/9999|0.1000
54|0230009000000|20.0000|20.1000|BASE_TYPE|1/1/2023|7.000||||4/24/2024|12/31/9999|0.1000
54|0230009000000|20.1000|20.1600|BASE_TYPE|1/1/2023|7.000||||4/24/2024|12/31/9999|0.0600
54|02100810000NB|23.2000|23.3000|BASE_TYPE|1/1/2023|6.000||||4/24/2024|12/31/9999|0.1000
54|02100810000NB|23.3000|23.4000|BASE_TYPE|1/1/2023|6.000||||4/24/2024|12/31/9999|0.1000
54|04100790000NB|47.0000|47.1000|BASE_TYPE|1/1/2023|3.000||||4/24/2024|12/31/9999|0.1000
54|04100790000NB|47.8000|47.9000|BASE_TYPE|1/1/2023|3.000||||4/24/2024|12/31/9999|0.1000
54|04100790000NB|47.9000|48.0000|BASE_TYPE|1/1/2023|3.000||||4/24/2024|12/31/9999|0.1000
54|04100790000NB|48.0000|48.1000|BASE_TYPE|1/1/2023|3.000||||4/24/2024|12/31/9999|0.1000
54|04100790000NB|48.1000|48.2000|BASE_TYPE|1/1/2023|3.000||||4/24/2024|12/31/9999|0.1000
54|04100790000NB|48.2000|48.3000|BASE_TYPE|1/1/2023|3.000||||4/24/2024|12/31/9999|0.1000
54|04100790000NB|48.3000|48.4000|BASE_TYPE|1/1/2023|3.000||||4/24/2024|12/31/9999|0.1000
54|04100790000NB|48.4000|48.5000|BASE_TYPE|1/1/2023|3.000||||4/24/2024|12/31/9999|0.1000
54|04100790000NB|48.5000|48.6000|BASE_TYPE|1/1/2023|3.000||||4/24/2024|12/31/9999|0.1000
54|04100790000NB|48.6000|48.7000|BASE_TYPE|1/1/2023|3.000||||4/24/2024|12/31/9999|0.1000
54|04100790000NB|48.7000|48.8000|BASE_TYPE|1/1/2023|3.000||||4/24/2024|12/31/9999|0.1000
54|04100790000NB|48.8000|48.9000|BASE_TYPE|1/1/2023|3.000||||4/24/2024|12/31/9999|0.1000
54|04100790000NB|48.9000|49.0000|BASE_TYPE|1/1/2023|3.000||||4/24/2024|12/31/9999|0.1000
54|04100790000NB|49.0000|49.1000|BASE_TYPE|1/1/2023|3.000||||4/24/2024|12/31/9999|0.1000
54|04100790000NB|49.1000|49.2000|BASE_TYPE|1/1/2023|3.000||||4/24/2024|12/31/9999|0.1000
54|04100790000NB|49.2000|49.3000|BASE_TYPE|1/1/2023|3.000||||4/24/2024|12/31/9999|0.1000
54|04100790000NB|49.3000|49.4000|BASE_TYPE|1/1/2023|3.000||||4/24/2024|12/31/9999|0.1000
54|04100790000NB|49.4000|49.5000|BASE_TYPE|1/1/2023|3.000||||4/24/2024|12/31/9999|0.1000
54|04100790000NB|49.5000|49.6000|BASE_TYPE|1/1/2023|3.000||||4/24/2024|12/31/9999|0.1000
54|04100790000NB|49.6000|49.7000|BASE_TYPE|1/1/2023|3.000||||4/24/2024|12/31/9999|0.1000
54|04100790000NB|49.7000|49.7300|BASE_TYPE|1/1/2023|3.000||||4/24/2024|12/31/9999|0.0300
54|04100790000NB|49.7300|49.8000|BASE_TYPE|1/1/2023|3.000||||4/24/2024|12/31/9999|0.0700
54|04100790000NB|49.8000|49.9000|BASE_TYPE|1/1/2023|3.000||||4/24/2024|12/31/9999|0.1000
54|04100790000NB|49.9000|50.0000|BASE_TYPE|1/1/2023|3.000||||4/24/2024|12/31/9999|0.1000
54|04100790000NB|50.0000|50.1000|BASE_TYPE|1/1/2023|3.000||||4/24/2024|12/31/9999|0.1000
54|04100790000NB|50.1000|50.2000|BASE_TYPE|1/1/2023|3.000||||4/24/2024|12/31/9999|0.1000
54|04100790000NB|50.2000|50.3000|BASE_TYPE|1/1/2023|3.000||||4/24/2024|12/31/9999|0.1000
54|04100790000NB|50.3000|50.3500|BASE_TYPE|1/1/2023|3.000||||4/24/2024|12/31/9999|0.0500
54|04100790000NB|50.3500|50.4000|BASE_TYPE|1/1/2023|3.000||||4/24/2024|12/31/9999|0.0500
54|04100790000NB|50.4000|50.5000|BASE_TYPE|1/1/2023|3.000||||4/24/2024|12/31/9999|0.1000
54|04100790000NB|50.5000|50.6000|BASE_TYPE|1/1/2023|3.000||||4/24/2024|12/31/9999|0.1000
54|04100790000NB|50.6000|50.7000|BASE_TYPE|1/1/2023|3.000||||4/24/2024|12/31/9999|0.1000
54|04100790000NB|50.7000|50.8000|BASE_TYPE|1/1/2023|3.000||||4/24/2024|12/31/9999|0.1000
54|04100790000NB|46.9000|47.0000|BASE_TYPE|1/1/2023|3.000||||4/24/2024|12/31/9999|0.1000
54|04100790000NB|46.8000|46.9000|BASE_TYPE|1/1/2023|3.000||||4/24/2024|12/31/9999|0.1000
54|04100790000NB|46.7000|46.8000|BASE_TYPE|1/1/2023|3.000||||4/24/2024|12/31/9999|0.1000
54|04100790000NB|46.6000|46.7000|BASE_TYPE|1/1/2023|3.000||||4/24/2024|12/31/9999|0.1000
54|04100790000NB|46.5000|46.6000|BASE_TYPE|1/1/2023|3.000||||4/24/2024|12/31/9999|0.1000
54|04100790000NB|46.4000|46.5000|BASE_TYPE|1/1/2023|3.000||||4/24/2024|12/31/9999|0.1000
54|04100790000NB|46.3000|46.4000|BASE_TYPE|1/1/2023|3.000||||4/24/2024|12/31/9999|0.1000
54|04100790000NB|46.2200|46.3000|BASE_TYPE|1/1/2023|3.000||||4/24/2024|12/31/9999|0.0800
54|04100790000NB|46.2000|46.2200|BASE_TYPE|1/1/2023|5.000||||4/24/2024|12/31/9999|0.0200
54|04100790000NB|46.1800|46.2000|BASE_TYPE|1/1/2023|5.000||||4/24/2024|12/31/9999|0.0200
54|04100790000NB|46.1000|46.1800|BASE_TYPE|1/1/2023|5.000||||4/24/2024|12/31/9999|0.0800
54|04100790000NB|46.0000|46.1000|BASE_TYPE|1/1/2023|5.000||||4/24/2024|12/31/9999|0.1000
54|04100790000NB|45.9000|46.0000|BASE_TYPE|1/1/2023|5.000||||4/24/2024|12/31/9999|0.1000
54|04100790000NB|45.8000|45.9000|BASE_TYPE|1/1/2023|5.000||||4/24/2024|12/31/9999|0.1000
54|04100790000NB|45.7000|45.8000|BASE_TYPE|1/1/2023|5.000||||4/24/2024|12/31/9999|0.1000
54|04100790000NB|45.6000|45.7000|BASE_TYPE|1/1/2023|5.000||||4/24/2024|12/31/9999|0.1000
54|04100790000NB|45.5000|45.6000|BASE_TYPE|1/1/2023|5.000||||4/24/2024|12/31/9999|0.1000
54|04100790000NB|45.4000|45.5000|BASE_TYPE|1/1/2023|5.000||||4/24/2024|12/31/9999|0.1000
54|04100790000NB|45.3000|45.4000|BASE_TYPE|1/1/2023|5.000||||4/24/2024|12/31/9999|0.1000
54|04100790000NB|45.2000|45.3000|BASE_TYPE|1/1/2023|5.000||||4/24/2024|12/31/9999|0.1000
54|04100790000NB|45.1000|45.2000|BASE_TYPE|1/1/2023|5.000||||4/24/2024|12/31/9999|0.1000
54|04100790000NB|45.0000|45.1000|BASE_TYPE|1/1/2023|5.000||||4/24/2024|12/31/9999|0.1000
54|04100790000NB|44.9000|45.0000|BASE_TYPE|1/1/2023|5.000||||4/24/2024|12/31/9999|0.1000
54|04100790000NB|44.8000|44.9000|BASE_TYPE|1/1/2023|5.000||||4/24/2024|12/31/9999|0.1000
54|04100790000NB|44.7000|44.8000|BASE_TYPE|1/1/2023|5.000||||4/24/2024|12/31/9999|0.1000
54|04100790000NB|44.6000|44.7000|BASE_TYPE|1/1/2023|5.000||||4/24/2024|12/31/9999|0.1000
54|03201190000NB|16.9700|17.8000|BASE_TYPE|1/1/2023|2.000|||same as 2020|4/24/2024|12/31/9999|0.8300
54|03201190000NB|12.8300|13.5400|BASE_TYPE|1/1/2023|2.000|||same as 2020|4/24/2024|12/31/9999|0.7100
54|03201190000NB|11.4900|12.3600|BASE_TYPE|1/1/2023|3.000|||same as 2020|4/24/2024|12/31/9999|0.8700
54|03201190000NB|9.4400|11.4900|BASE_TYPE|1/1/2023|3.000|||same as 2020|4/24/2024|12/31/9999|2.0500
54|03201190000NB|0.0000|2.9300|BASE_TYPE|1/1/2023|2.000|||same as 2020|4/24/2024|12/31/9999|2.9300
54|0330003000000|8.1700|11.1400|BASE_TYPE|1/1/2023|2.000|||same as 2020|4/24/2024|12/31/9999|2.9700
54|0330085000000|10.6700|13.1300|BASE_TYPE|1/1/2023|3.000|||same as 2020|4/24/2024|12/31/9999|2.4600
54|02100810000NB|25.9000|26.0000|BASE_TYPE|1/1/2023|6.000||||4/24/2024|12/31/9999|0.1000
54|02100810000NB|25.8000|25.9000|BASE_TYPE|1/1/2023|6.000||||4/24/2024|12/31/9999|0.1000
54|02100810000NB|25.7000|25.8000|BASE_TYPE|1/1/2023|6.000||||4/24/2024|12/31/9999|0.1000
54|02100810000NB|25.6000|25.7000|BASE_TYPE|1/1/2023|6.000||||4/24/2024|12/31/9999|0.1000
54|02100810000NB|25.5000|25.6000|BASE_TYPE|1/1/2023|6.000||||4/24/2024|12/31/9999|0.1000
54|02100810000NB|25.4000|25.5000|BASE_TYPE|1/1/2023|6.000||||4/24/2024|12/31/9999|0.1000
54|02100810000NB|25.3000|25.4000|BASE_TYPE|1/1/2023|6.000||||4/24/2024|12/31/9999|0.1000
54|02100810000NB|25.2000|25.3000|BASE_TYPE|1/1/2023|6.000||||4/24/2024|12/31/9999|0.1000
54|02100810000NB|25.1000|25.2000|BASE_TYPE|1/1/2023|6.000||||4/24/2024|12/31/9999|0.1000
54|02100810000NB|25.0000|25.1000|BASE_TYPE|1/1/2023|6.000||||4/24/2024|12/31/9999|0.1000
54|02100810000NB|24.9000|25.0000|BASE_TYPE|1/1/2023|6.000||||4/24/2024|12/31/9999|0.1000
54|02100810000NB|24.8000|24.9000|BASE_TYPE|1/1/2023|6.000||||4/24/2024|12/31/9999|0.1000
54|02100810000NB|24.7000|24.8000|BASE_TYPE|1/1/2023|6.000||||4/24/2024|12/31/9999|0.1000
54|02100810000NB|24.6000|24.7000|BASE_TYPE|1/1/2023|6.000||||4/24/2024|12/31/9999|0.1000
54|02100810000NB|24.5300|24.6000|BASE_TYPE|1/1/2023|6.000||||4/24/2024|12/31/9999|0.0700
54|02100810000NB|24.5000|24.5300|BASE_TYPE|1/1/2023|6.000||||4/24/2024|12/31/9999|0.0300
54|02100810000NB|24.4000|24.5000|BASE_TYPE|1/1/2023|6.000||||4/24/2024|12/31/9999|0.1000
54|02100810000NB|24.3000|24.4000|BASE_TYPE|1/1/2023|6.000||||4/24/2024|12/31/9999|0.1000
54|02100810000NB|24.2000|24.3000|BASE_TYPE|1/1/2023|6.000||||4/24/2024|12/31/9999|0.1000
54|02100810000NB|24.1000|24.2000|BASE_TYPE|1/1/2023|6.000||||4/24/2024|12/31/9999|0.1000
54|02100810000NB|24.0000|24.1000|BASE_TYPE|1/1/2023|6.000||||4/24/2024|12/31/9999|0.1000
54|02100810000NB|23.9000|24.0000|BASE_TYPE|1/1/2023|6.000||||4/24/2024|12/31/9999|0.1000
54|02100810000NB|23.8000|23.9000|BASE_TYPE|1/1/2023|6.000||||4/24/2024|12/31/9999|0.1000
54|02100810000NB|23.7000|23.8000|BASE_TYPE|1/1/2023|6.000||||4/24/2024|12/31/9999|0.1000
54|02100810000NB|23.6000|23.7000|BASE_TYPE|1/1/2023|6.000||||4/24/2024|12/31/9999|0.1000
54|02100810000NB|23.5000|23.6000|BASE_TYPE|1/1/2023|6.000||||4/24/2024|12/31/9999|0.1000
54|02100810000NB|23.4600|23.5000|BASE_TYPE|1/1/2023|6.000||||4/24/2024|12/31/9999|0.0400
54|02100810000NB|23.4000|23.4600|BASE_TYPE|1/1/2023|6.000||||4/24/2024|12/31/9999|0.0600
54|0230009000000|19.6000|19.7000|BASE_TYPE|1/1/2023|7.000||||4/24/2024|12/31/9999|0.1000
54|0230009000000|19.5000|19.6000|BASE_TYPE|1/1/2023|7.000||||4/24/2024|12/31/9999|0.1000
54|0230009000000|19.4000|19.5000|BASE_TYPE|1/1/2023|7.000||||4/24/2024|12/31/9999|0.1000
54|0230009000000|19.3000|19.4000|BASE_TYPE|1/1/2023|7.000||||4/24/2024|12/31/9999|0.1000
54|0230009000000|19.2000|19.3000|BASE_TYPE|1/1/2023|7.000||||4/24/2024|12/31/9999|0.1000
54|0230009000000|19.1000|19.2000|BASE_TYPE|1/1/2023|7.000||||4/24/2024|12/31/9999|0.1000
54|0230009000000|19.0000|19.1000|BASE_TYPE|1/1/2023|7.000||||4/24/2024|12/31/9999|0.1000
54|0230009000000|18.9000|19.0000|BASE_TYPE|1/1/2023|7.000||||4/24/2024|12/31/9999|0.1000
54|0230009000000|18.8000|18.9000|BASE_TYPE|1/1/2023|7.000||||4/24/2024|12/31/9999|0.1000
54|0230009000000|18.7000|18.8000|BASE_TYPE|1/1/2023|7.000||||4/24/2024|12/31/9999|0.1000
54|0230009000000|18.6000|18.7000|BASE_TYPE|1/1/2023|7.000||||4/24/2024|12/31/9999|0.1000
54|0230009000000|18.5000|18.6000|BASE_TYPE|1/1/2023|7.000||||4/24/2024|12/31/9999|0.1000
54|0230009000000|18.4000|18.5000|BASE_TYPE|1/1/2023|7.000||||4/24/2024|12/31/9999|0.1000
54|0230009000000|18.3000|18.4000|BASE_TYPE|1/1/2023|7.000||||4/24/2024|12/31/9999|0.1000
54|0230009000000|18.2000|18.3000|BASE_TYPE|1/1/2023|7.000||||4/24/2024|12/31/9999|0.1000
54|0230009000000|18.1800|18.2000|BASE_TYPE|1/1/2023|7.000||||4/24/2024|12/31/9999|0.0200
54|0230009000000|17.4000|17.4800|BASE_TYPE|1/1/2023|7.000||||4/24/2024|12/31/9999|0.0800
54|0230009000000|17.3000|17.4000|BASE_TYPE|1/1/2023|7.000||||4/24/2024|12/31/9999|0.1000
54|0230009000000|17.2000|17.3000|BASE_TYPE|1/1/2023|7.000||||4/24/2024|12/31/9999|0.1000
54|0230009000000|17.1000|17.2000|BASE_TYPE|1/1/2023|7.000||||4/24/2024|12/31/9999|0.1000
54|0230009000000|17.0700|17.1000|BASE_TYPE|1/1/2023|7.000||||4/24/2024|12/31/9999|0.0300
54|0230009000000|16.0000|16.0900|BASE_TYPE|1/1/2023|5.000||||4/24/2024|12/31/9999|0.0900
54|0230009000000|15.9000|16.0000|BASE_TYPE|1/1/2023|5.000||||4/24/2024|12/31/9999|0.1000
54|0230009000000|15.8000|15.9000|BASE_TYPE|1/1/2023|5.000||||4/24/2024|12/31/9999|0.1000
54|0230009000000|15.7900|15.8000|BASE_TYPE|1/1/2023|5.000||||4/24/2024|12/31/9999|0.0100
54|0230009000000|15.7000|15.7900|BASE_TYPE|1/1/2023|5.000||||4/24/2024|12/31/9999|0.0900
54|0230009000000|15.6000|15.7000|BASE_TYPE|1/1/2023|5.000||||4/24/2024|12/31/9999|0.1000
54|0230009000000|15.5700|15.6000|BASE_TYPE|1/1/2023|5.000||||4/24/2024|12/31/9999|0.0300
54|0230009000000|14.8000|14.9000|BASE_TYPE|1/1/2023|5.000||||4/24/2024|12/31/9999|0.1000
54|0230009000000|14.7000|14.8000|BASE_TYPE|1/1/2023|5.000||||4/24/2024|12/31/9999|0.1000
54|0230009000000|14.6000|14.7000|BASE_TYPE|1/1/2023|5.000||||4/24/2024|12/31/9999|0.1000
54|0230009000000|14.5500|14.6000|BASE_TYPE|1/1/2023|5.000||||4/24/2024|12/31/9999|0.0500
54|0230009000000|14.1000|14.2000|BASE_TYPE|1/1/2023|5.000||||4/24/2024|12/31/9999|0.1000
54|0230009000000|14.0000|14.1000|BASE_TYPE|1/1/2023|5.000||||4/24/2024|12/31/9999|0.1000
54|0230009000000|11.2000|11.2430|BASE_TYPE|1/1/2023|5.000||||4/24/2024|12/31/9999|0.0430
54|0230009000000|11.1000|11.2000|BASE_TYPE|1/1/2023|5.000||||4/24/2024|12/31/9999|0.1000
54|0230009000000|11.0000|11.1000|BASE_TYPE|1/1/2023|5.000||||4/24/2024|12/31/9999|0.1000
54|0230009000000|10.9000|11.0000|BASE_TYPE|1/1/2023|5.000||||4/24/2024|12/31/9999|0.1000
54|0230009000000|10.8930|10.9000|BASE_TYPE|1/1/2023|5.000||||4/24/2024|12/31/9999|0.0070
54|0230009000000|10.8000|10.8930|BASE_TYPE|1/1/2023|5.000||||4/24/2024|12/31/9999|0.0930
54|0230009000000|10.7000|10.8000|BASE_TYPE|1/1/2023|5.000||||4/24/2024|12/31/9999|0.1000
54|0230009000000|10.6000|10.7000|BASE_TYPE|1/1/2023|5.000||||4/24/2024|12/31/9999|0.1000
54|0230009000000|9.5000|9.6000|BASE_TYPE|1/1/2023|5.000||||4/24/2024|12/31/9999|0.1000
54|0230009000000|9.4000|9.5000|BASE_TYPE|1/1/2023|5.000||||4/24/2024|12/31/9999|0.1000
54|0230009000000|9.3000|9.4000|BASE_TYPE|1/1/2023|5.000||||4/24/2024|12/31/9999|0.1000
54|0230009000000|9.2000|9.3000|BASE_TYPE|1/1/2023|5.000||||4/24/2024|12/31/9999|0.1000
54|0230009000000|9.1000|9.2000|BASE_TYPE|1/1/2023|5.000||||4/24/2024|12/31/9999|0.1000
54|0230009000000|9.0000|9.1000|BASE_TYPE|1/1/2023|5.000||||4/24/2024|12/31/9999|0.1000
54|0230009000000|8.9000|9.0000|BASE_TYPE|1/1/2023|5.000||||4/24/2024|12/31/9999|0.1000
54|0230009000000|8.8000|8.9000|BASE_TYPE|1/1/2023|5.000||||4/24/2024|12/31/9999|0.1000
54|0230009000000|8.7000|8.8000|BASE_TYPE|1/1/2023|5.000||||4/24/2024|12/31/9999|0.1000
54|0230009000000|8.6000|8.7000|BASE_TYPE|1/1/2023|5.000||||4/24/2024|12/31/9999|0.1000
54|0230009000000|8.5000|8.6000|BASE_TYPE|1/1/2023|5.000||||4/24/2024|12/31/9999|0.1000
54|0230009000000|8.4000|8.5000|BASE_TYPE|1/1/2023|5.000||||4/24/2024|12/31/9999|0.1000
54|0230009000000|8.3000|8.4000|BASE_TYPE|1/1/2023|5.000||||4/24/2024|12/31/9999|0.1000
54|0230009000000|8.2000|8.3000|BASE_TYPE|1/1/2023|5.000||||4/24/2024|12/31/9999|0.1000
54|0230009000000|8.1000|8.2000|BASE_TYPE|1/1/2023|5.000||||4/24/2024|12/31/9999|0.1000
54|0230009000000|8.0000|8.1000|BASE_TYPE|1/1/2023|5.000||||4/24/2024|12/31/9999|0.1000
54|0230009000000|7.9000|8.0000|BASE_TYPE|1/1/2023|5.000||||4/24/2024|12/31/9999|0.1000
54|0230009000000|7.8000|7.9000|BASE_TYPE|1/1/2023|5.000||||4/24/2024|12/31/9999|0.1000
54|0230009000000|7.7000|7.8000|BASE_TYPE|1/1/2023|5.000||||4/24/2024|12/31/9999|0.1000
54|0230009000000|7.6000|7.7000|BASE_TYPE|1/1/2023|5.000||||4/24/2024|12/31/9999|0.1000
54|0230009000000|7.5840|7.6000|BASE_TYPE|1/1/2023|5.000||||4/24/2024|12/31/9999|0.0160
54|0230009000000|7.5000|7.5800|BASE_TYPE|1/1/2023|5.000||||4/24/2024|12/31/9999|0.0800
54|0230009000000|7.4000|7.5000|BASE_TYPE|1/1/2023|5.000||||4/24/2024|12/31/9999|0.1000
54|0230009000000|7.3000|7.4000|BASE_TYPE|1/1/2023|5.000||||4/24/2024|12/31/9999|0.1000
54|0230009000000|7.2000|7.3000|BASE_TYPE|1/1/2023|5.000||||4/24/2024|12/31/9999|0.1000
54|0230009000000|7.1000|7.2000|BASE_TYPE|1/1/2023|5.000||||4/24/2024|12/31/9999|0.1000
54|0230009000000|7.0000|7.1000|BASE_TYPE|1/1/2023|5.000||||4/24/2024|12/31/9999|0.1000
54|0230009000000|6.9000|7.0000|BASE_TYPE|1/1/2023|5.000||||4/24/2024|12/31/9999|0.1000
54|0230009000000|6.8000|6.9000|BASE_TYPE|1/1/2023|5.000||||4/24/2024|12/31/9999|0.1000
54|0230009000000|6.7000|6.8000|BASE_TYPE|1/1/2023|5.000||||4/24/2024|12/31/9999|0.1000
54|0230009000000|6.6000|6.7000|BASE_TYPE|1/1/2023|5.000||||4/24/2024|12/31/9999|0.1000
54|0230009000000|6.5000|6.6000|BASE_TYPE|1/1/2023|5.000||||4/24/2024|12/31/9999|0.1000
54|0230009000000|6.4700|6.5000|BASE_TYPE|1/1/2023|5.000||||4/24/2024|12/31/9999|0.0300
54|0230009000000|6.4000|6.4700|BASE_TYPE|1/1/2023|5.000||||4/24/2024|12/31/9999|0.0700
54|0230009000000|6.3810|6.4000|BASE_TYPE|1/1/2023|5.000||||4/24/2024|12/31/9999|0.0190
54|0230009000000|6.2000|6.2700|BASE_TYPE|1/1/2023|5.000||||4/24/2024|12/31/9999|0.0700
54|0230009000000|6.1700|6.2000|BASE_TYPE|1/1/2023|5.000||||4/24/2024|12/31/9999|0.0300
54|0230009000000|6.1000|6.1700|BASE_TYPE|1/1/2023|5.000||||4/24/2024|12/31/9999|0.0700
54|0230009000000|6.0000|6.1000|BASE_TYPE|1/1/2023|5.000||||4/24/2024|12/31/9999|0.1000
54|0230009000000|5.9000|6.0000|BASE_TYPE|1/1/2023|5.000||||4/24/2024|12/31/9999|0.1000
54|0230009000000|5.8000|5.9000|BASE_TYPE|1/1/2023|5.000||||4/24/2024|12/31/9999|0.1000
54|0230009000000|5.7000|5.8000|BASE_TYPE|1/1/2023|5.000||||4/24/2024|12/31/9999|0.1000
54|0230009000000|5.6000|5.7000|BASE_TYPE|1/1/2023|5.000||||4/24/2024|12/31/9999|0.1000
54|0230009000000|5.5000|5.6000|BASE_TYPE|1/1/2023|5.000||||4/24/2024|12/31/9999|0.1000
54|0230009000000|5.4000|5.5000|BASE_TYPE|1/1/2023|5.000||||4/24/2024|12/31/9999|0.1000
54|0230009000000|5.3000|5.4000|BASE_TYPE|1/1/2023|5.000||||4/24/2024|12/31/9999|0.1000
54|0230009000000|5.2000|5.3000|BASE_TYPE|1/1/2023|5.000||||4/24/2024|12/31/9999|0.1000
54|0230009000000|5.1000|5.2000|BASE_TYPE|1/1/2023|5.000||||4/24/2024|12/31/9999|0.1000
54|0230009000000|5.0000|5.1000|BASE_TYPE|1/1/2023|5.000||||4/24/2024|12/31/9999|0.1000
54|0230009000000|4.9000|5.0000|BASE_TYPE|1/1/2023|5.000||||4/24/2024|12/31/9999|0.1000
54|0230009000000|2.1000|2.2000|BASE_TYPE|1/1/2023|5.000||||4/24/2024|12/31/9999|0.1000
54|0230009000000|2.0000|2.1000|BASE_TYPE|1/1/2023|5.000||||4/24/2024|12/31/9999|0.1000
54|0230009000000|1.9000|2.0000|BASE_TYPE|1/1/2023|5.000||||4/24/2024|12/31/9999|0.1000
54|0230009000000|1.8000|1.9000|BASE_TYPE|1/1/2023|5.000||||4/24/2024|12/31/9999|0.1000
54|0230009000000|1.7000|1.8000|BASE_TYPE|1/1/2023|5.000||||4/24/2024|12/31/9999|0.1000
54|0230009000000|1.6000|1.7000|BASE_TYPE|1/1/2023|5.000||||4/24/2024|12/31/9999|0.1000
54|0230009000000|1.5000|1.6000|BASE_TYPE|1/1/2023|5.000||||4/24/2024|12/31/9999|0.1000
54|0230009000000|1.4000|1.5000|BASE_TYPE|1/1/2023|5.000||||4/24/2024|12/31/9999|0.1000
54|0230009000000|1.3000|1.4000|BASE_TYPE|1/1/2023|5.000||||4/24/2024|12/31/9999|0.1000
54|0230009000000|1.2000|1.3000|BASE_TYPE|1/1/2023|5.000||||4/24/2024|12/31/9999|0.1000
54|0230009000000|1.1000|1.2000|BASE_TYPE|1/1/2023|5.000||||4/24/2024|12/31/9999|0.1000
54|0230009000000|1.0000|1.1000|BASE_TYPE|1/1/2023|5.000||||4/24/2024|12/31/9999|0.1000
54|0230009000000|0.9000|1.0000|BASE_TYPE|1/1/2023|5.000||||4/24/2024|12/31/9999|0.1000
54|0230009000000|0.8000|0.9000|BASE_TYPE|1/1/2023|5.000||||4/24/2024|12/31/9999|0.1000
54|0230009000000|0.7000|0.8000|BASE_TYPE|1/1/2023|5.000||||4/24/2024|12/31/9999|0.1000
54|0230009000000|0.6000|0.7000|BASE_TYPE|1/1/2023|5.000||||4/24/2024|12/31/9999|0.1000
54|0230009000000|0.5000|0.6000|BASE_TYPE|1/1/2023|5.000||||4/24/2024|12/31/9999|0.1000
54|0230009000000|0.4000|0.5000|BASE_TYPE|1/1/2023|5.000||||4/24/2024|12/31/9999|0.1000
54|0230009000000|0.3500|0.4000|BASE_TYPE|1/1/2023|5.000||||4/24/2024|12/31/9999|0.0500
54|0230051000000|4.6200|5.1800|BASE_TYPE|1/1/2023|7.000||||4/24/2024|12/31/9999|0.5600
54|0230051000000|4.5800|4.6200|BASE_TYPE|1/1/2023|7.000||||4/24/2024|12/31/9999|0.0400
54|0230051000000|4.5400|4.5800|BASE_TYPE|1/1/2023|7.000||||4/24/2024|12/31/9999|0.0400
54|02100810000NB|23.1000|23.2000|BASE_TYPE|1/1/2023|6.000||||4/24/2024|12/31/9999|0.1000
54|02100810000NB|23.0000|23.1000|BASE_TYPE|1/1/2023|6.000||||4/24/2024|12/31/9999|0.1000
54|02100810000NB|22.9000|23.0000|BASE_TYPE|1/1/2023|6.000||||4/24/2024|12/31/9999|0.1000
54|02100810000NB|22.8000|22.9000|BASE_TYPE|1/1/2023|6.000||||4/24/2024|12/31/9999|0.1000
54|02100810000NB|22.7000|22.8000|BASE_TYPE|1/1/2023|6.000||||4/24/2024|12/31/9999|0.1000
54|02100810000NB|22.6000|22.7000|BASE_TYPE|1/1/2023|6.000||||4/24/2024|12/31/9999|0.1000
54|02100810000NB|22.5000|22.6000|BASE_TYPE|1/1/2023|6.000||||4/24/2024|12/31/9999|0.1000
54|02100810000NB|22.4000|22.5000|BASE_TYPE|1/1/2023|6.000||||4/24/2024|12/31/9999|0.1000
54|02100810000NB|22.3000|22.4000|BASE_TYPE|1/1/2023|6.000||||4/24/2024|12/31/9999|0.1000
54|02100810000NB|22.2000|22.3000|BASE_TYPE|1/1/2023|6.000||||4/24/2024|12/31/9999|0.1000
54|02100810000NB|22.1000|22.2000|BASE_TYPE|1/1/2023|6.000||||4/24/2024|12/31/9999|0.1000
54|02100810000NB|22.0000|22.1000|BASE_TYPE|1/1/2023|6.000||||4/24/2024|12/31/9999|0.1000
54|02100810000NB|21.9000|22.0000|BASE_TYPE|1/1/2023|6.000||||4/24/2024|12/31/9999|0.1000
54|02100810000NB|21.8000|21.9000|BASE_TYPE|1/1/2023|6.000||||4/24/2024|12/31/9999|0.1000
54|02100810000NB|21.7000|21.8000|BASE_TYPE|1/1/2023|6.000||||4/24/2024|12/31/9999|0.1000
54|02100810000NB|21.6000|21.7000|BASE_TYPE|1/1/2023|6.000||||4/24/2024|12/31/9999|0.1000
54|02100810000NB|21.5000|21.6000|BASE_TYPE|1/1/2023|6.000||||4/24/2024|12/31/9999|0.1000
54|02100810000NB|21.4000|21.5000|BASE_TYPE|1/1/2023|6.000||||4/24/2024|12/31/9999|0.1000
54|02100810000NB|21.3000|21.4000|BASE_TYPE|1/1/2023|6.000||||4/24/2024|12/31/9999|0.1000
54|02100810000NB|21.2000|21.3000|BASE_TYPE|1/1/2023|6.000||||4/24/2024|12/31/9999|0.1000
54|02100810000NB|21.1000|21.2000|BASE_TYPE|1/1/2023|6.000||||4/24/2024|12/31/9999|0.1000
54|02100810000NB|21.0000|21.1000|BASE_TYPE|1/1/2023|6.000||||4/24/2024|12/31/9999|0.1000
54|02100810000NB|20.9000|21.0000|BASE_TYPE|1/1/2023|6.000||||4/24/2024|12/31/9999|0.1000
54|02100810000NB|20.8000|20.9000|BASE_TYPE|1/1/2023|6.000||||4/24/2024|12/31/9999|0.1000
54|02100810000NB|20.7000|20.8000|BASE_TYPE|1/1/2023|6.000||||4/24/2024|12/31/9999|0.1000
54|02100810000NB|20.6000|20.7000|BASE_TYPE|1/1/2023|6.000||||4/24/2024|12/31/9999|0.1000
54|02100810000NB|20.5000|20.6000|BASE_TYPE|1/1/2023|6.000||||4/24/2024|12/31/9999|0.1000
54|02100810000NB|20.4000|20.5000|BASE_TYPE|1/1/2023|6.000||||4/24/2024|12/31/9999|0.1000
54|02100810000NB|20.3700|20.4000|BASE_TYPE|1/1/2023|6.000||||4/24/2024|12/31/9999|0.0300
54|02100810000NB|20.3000|20.3700|BASE_TYPE|1/1/2023|6.000||||4/24/2024|12/31/9999|0.0700
54|02100810000NB|20.2000|20.3000|BASE_TYPE|1/1/2023|6.000||||4/24/2024|12/31/9999|0.1000
54|02100810000NB|20.1000|20.2000|BASE_TYPE|1/1/2023|6.000||||4/24/2024|12/31/9999|0.1000
54|02100810000NB|20.0000|20.1000|BASE_TYPE|1/1/2023|6.000||||4/24/2024|12/31/9999|0.1000
54|02100810000NB|19.9000|20.0000|BASE_TYPE|1/1/2023|6.000||||4/24/2024|12/31/9999|0.1000
54|02100810000NB|19.8000|19.9000|BASE_TYPE|1/1/2023|6.000||||4/24/2024|12/31/9999|0.1000
54|02100810000NB|19.7000|19.8000|BASE_TYPE|1/1/2023|6.000||||4/24/2024|12/31/9999|0.1000
54|02100810000NB|19.6000|19.7000|BASE_TYPE|1/1/2023|6.000||||4/24/2024|12/31/9999|0.1000
54|02100810000NB|19.5000|19.6000|BASE_TYPE|1/1/2023|6.000||||4/24/2024|12/31/9999|0.1000
54|02100810000NB|19.4000|19.5000|BASE_TYPE|1/1/2023|6.000||||4/24/2024|12/31/9999|0.1000
54|02100810000NB|19.3000|19.4000|BASE_TYPE|1/1/2023|6.000||||4/24/2024|12/31/9999|0.1000
54|02100810000NB|19.2000|19.3000|BASE_TYPE|1/1/2023|6.000||||4/24/2024|12/31/9999|0.1000
54|02100810000NB|19.1000|19.2000|BASE_TYPE|1/1/2023|6.000||||4/24/2024|12/31/9999|0.1000
54|02100810000NB|19.0000|19.1000|BASE_TYPE|1/1/2023|6.000||||4/24/2024|12/31/9999|0.1000
54|02100810000NB|18.9000|19.0000|BASE_TYPE|1/1/2023|6.000||||4/24/2024|12/31/9999|0.1000
54|02100810000NB|18.8000|18.9000|BASE_TYPE|1/1/2023|6.000||||4/24/2024|12/31/9999|0.1000
54|02100810000NB|18.7000|18.8000|BASE_TYPE|1/1/2023|6.000||||4/24/2024|12/31/9999|0.1000
54|02100810000NB|18.6000|18.7000|BASE_TYPE|1/1/2023|6.000||||4/24/2024|12/31/9999|0.1000
54|02100810000NB|18.5000|18.6000|BASE_TYPE|1/1/2023|6.000||||4/24/2024|12/31/9999|0.1000
54|02100810000NB|18.4000|18.5000|BASE_TYPE|1/1/2023|6.000||||4/24/2024|12/31/9999|0.1000
54|02100810000NB|18.3000|18.4000|BASE_TYPE|1/1/2023|6.000||||4/24/2024|12/31/9999|0.1000
54|02100810000NB|18.2000|18.3000|BASE_TYPE|1/1/2023|6.000||||4/24/2024|12/31/9999|0.1000
54|02100810000NB|18.1300|18.2000|BASE_TYPE|1/1/2023|6.000||||4/24/2024|12/31/9999|0.0700
54|02100810000NB|18.1000|18.1300|BASE_TYPE|1/1/2023|6.000||||4/24/2024|12/31/9999|0.0300
54|02100810000NB|18.0000|18.1000|BASE_TYPE|1/1/2023|6.000||||4/24/2024|12/31/9999|0.1000
54|02100810000NB|17.9000|18.0000|BASE_TYPE|1/1/2023|6.000||||4/24/2024|12/31/9999|0.1000
54|02100810000NB|17.8000|17.9000|BASE_TYPE|1/1/2023|6.000||||4/24/2024|12/31/9999|0.1000
54|02100810000NB|17.7000|17.8000|BASE_TYPE|1/1/2023|6.000||||4/24/2024|12/31/9999|0.1000
54|02100810000NB|17.6000|17.7000|BASE_TYPE|1/1/2023|6.000||||4/24/2024|12/31/9999|0.1000
54|02100810000NB|17.5000|17.6000|BASE_TYPE|1/1/2023|6.000||||4/24/2024|12/31/9999|0.1000
54|02100810000NB|17.4000|17.5000|BASE_TYPE|1/1/2023|6.000||||4/24/2024|12/31/9999|0.1000
54|02100810000NB|17.3000|17.4000|BASE_TYPE|1/1/2023|6.000||||4/24/2024|12/31/9999|0.1000
54|02100810000NB|17.2000|17.3000|BASE_TYPE|1/1/2023|6.000||||4/24/2024|12/31/9999|0.1000
54|02100810000NB|17.1000|17.2000|BASE_TYPE|1/1/2023|6.000||||4/24/2024|12/31/9999|0.1000
54|02100810000NB|17.0000|17.1000|BASE_TYPE|1/1/2023|6.000||||4/24/2024|12/31/9999|0.1000
54|02100810000NB|16.9000|17.0000|BASE_TYPE|1/1/2023|6.000||||4/24/2024|12/31/9999|0.1000
54|02100810000NB|16.8000|16.9000|BASE_TYPE|1/1/2023|6.000||||4/24/2024|12/31/9999|0.1000
54|02100810000NB|16.7000|16.8000|BASE_TYPE|1/1/2023|6.000||||4/24/2024|12/31/9999|0.1000
54|02100810000NB|16.6000|16.7000|BASE_TYPE|1/1/2023|6.000||||4/24/2024|12/31/9999|0.1000
54|02100810000NB|16.5000|16.6000|BASE_TYPE|1/1/2023|6.000||||4/24/2024|12/31/9999|0.1000
54|02100810000NB|16.4000|16.5000|BASE_TYPE|1/1/2023|6.000||||4/24/2024|12/31/9999|0.1000
54|02100810000NB|16.3000|16.4000|BASE_TYPE|1/1/2023|6.000||||4/24/2024|12/31/9999|0.1000
54|02100810000NB|16.2300|16.3000|BASE_TYPE|1/1/2023|6.000||||4/24/2024|12/31/9999|0.0700
54|02100810000NB|16.2000|16.2300|BASE_TYPE|1/1/2023|6.000||||4/24/2024|12/31/9999|0.0300
54|02100810000NB|16.1000|16.2000|BASE_TYPE|1/1/2023|6.000||||4/24/2024|12/31/9999|0.1000
54|02100810000NB|16.0000|16.1000|BASE_TYPE|1/1/2023|6.000||||4/24/2024|12/31/9999|0.1000
54|02100810000NB|15.9500|16.0000|BASE_TYPE|1/1/2023|6.000||||4/24/2024|12/31/9999|0.0500
54|02100810000NB|15.9000|15.9500|BASE_TYPE|1/1/2023|6.000||||4/24/2024|12/31/9999|0.0500
54|02100810000NB|15.8000|15.9000|BASE_TYPE|1/1/2023|6.000||||4/24/2024|12/31/9999|0.1000
54|02100810000NB|15.7000|15.8000|BASE_TYPE|1/1/2023|6.000||||4/24/2024|12/31/9999|0.1000
54|02100810000NB|15.6200|15.7000|BASE_TYPE|1/1/2023|6.000||||4/24/2024|12/31/9999|0.0800
54|02100810000NB|15.6000|15.6200|BASE_TYPE|1/1/2023|6.000||||4/24/2024|12/31/9999|0.0200
54|02100810000NB|15.5000|15.6000|BASE_TYPE|1/1/2023|6.000||||4/24/2024|12/31/9999|0.1000
54|02100810000NB|15.4000|15.5000|BASE_TYPE|1/1/2023|6.000||||4/24/2024|12/31/9999|0.1000
54|02100810000NB|15.3000|15.4000|BASE_TYPE|1/1/2023|6.000||||4/24/2024|12/31/9999|0.1000
54|02100810000NB|15.2200|15.3000|BASE_TYPE|1/1/2023|6.000||||4/24/2024|12/31/9999|0.0800
54|02100810000NB|15.2000|15.2200|BASE_TYPE|1/1/2023|6.000||||4/24/2024|12/31/9999|0.0200
54|02100810000NB|15.1000|15.2000|BASE_TYPE|1/1/2023|6.000||||4/24/2024|12/31/9999|0.1000
54|02100810000NB|15.0000|15.1000|BASE_TYPE|1/1/2023|6.000||||4/24/2024|12/31/9999|0.1000
54|02100810000NB|14.9000|15.0000|BASE_TYPE|1/1/2023|6.000||||4/24/2024|12/31/9999|0.1000
54|02100810000NB|14.8000|14.9000|BASE_TYPE|1/1/2023|6.000||||4/24/2024|12/31/9999|0.1000
54|02100810000NB|14.7000|14.8000|BASE_TYPE|1/1/2023|6.000||||4/24/2024|12/31/9999|0.1000
54|02100810000NB|14.6000|14.7000|BASE_TYPE|1/1/2023|6.000||||4/24/2024|12/31/9999|0.1000
54|02100810000NB|14.5000|14.6000|BASE_TYPE|1/1/2023|6.000||||4/24/2024|12/31/9999|0.1000
54|02100810000NB|14.4000|14.5000|BASE_TYPE|1/1/2023|6.000||||4/24/2024|12/31/9999|0.1000
54|02100810000NB|14.3000|14.4000|BASE_TYPE|1/1/2023|6.000||||4/24/2024|12/31/9999|0.1000
54|02100810000NB|14.2600|14.3000|BASE_TYPE|1/1/2023|6.000||||4/24/2024|12/31/9999|0.0400
54|02100810000NB|14.2000|14.2600|BASE_TYPE|1/1/2023|6.000||||4/24/2024|12/31/9999|0.0600
54|02100810000NB|14.1000|14.2000|BASE_TYPE|1/1/2023|6.000||||4/24/2024|12/31/9999|0.1000
54|02100810000NB|14.0000|14.1000|BASE_TYPE|1/1/2023|6.000||||4/24/2024|12/31/9999|0.1000
54|02100810000NB|13.9000|14.0000|BASE_TYPE|1/1/2023|6.000||||4/24/2024|12/31/9999|0.1000
54|02100810000NB|13.8000|13.9000|BASE_TYPE|1/1/2023|6.000||||4/24/2024|12/31/9999|0.1000
54|02100810000NB|13.7000|13.8000|BASE_TYPE|1/1/2023|6.000||||4/24/2024|12/31/9999|0.1000
54|02100810000NB|13.6000|13.7000|BASE_TYPE|1/1/2023|6.000||||4/24/2024|12/31/9999|0.1000
54|02100810000NB|13.5400|13.6000|BASE_TYPE|1/1/2023|6.000||||4/24/2024|12/31/9999|0.0600
54|02100810000NB|13.5000|13.5400|BASE_TYPE|1/1/2023|6.000||||4/24/2024|12/31/9999|0.0400
54|02100810000NB|13.4000|13.5000|BASE_TYPE|1/1/2023|6.000||||4/24/2024|12/31/9999|0.1000
54|02100810000NB|13.3000|13.4000|BASE_TYPE|1/1/2023|6.000||||4/24/2024|12/31/9999|0.1000
54|02100810000NB|13.2000|13.3000|BASE_TYPE|1/1/2023|6.000||||4/24/2024|12/31/9999|0.1000
54|02100810000NB|13.1000|13.2000|BASE_TYPE|1/1/2023|6.000||||4/24/2024|12/31/9999|0.1000
54|02100810000NB|13.0000|13.1000|BASE_TYPE|1/1/2023|6.000||||4/24/2024|12/31/9999|0.1000
54|02100810000NB|12.9000|13.0000|BASE_TYPE|1/1/2023|6.000||||4/24/2024|12/31/9999|0.1000
54|02100810000NB|12.8000|12.9000|BASE_TYPE|1/1/2023|6.000||||4/24/2024|12/31/9999|0.1000
54|02100810000NB|12.7000|12.8000|BASE_TYPE|1/1/2023|6.000||||4/24/2024|12/31/9999|0.1000
54|02100810000NB|12.6000|12.7000|BASE_TYPE|1/1/2023|6.000||||4/24/2024|12/31/9999|0.1000
54|02100810000NB|12.5000|12.6000|BASE_TYPE|1/1/2023|6.000||||4/24/2024|12/31/9999|0.1000
54|02100810000NB|12.4000|12.5000|BASE_TYPE|1/1/2023|6.000||||4/24/2024|12/31/9999|0.1000
54|02100810000NB|12.3000|12.4000|BASE_TYPE|1/1/2023|6.000||||4/24/2024|12/31/9999|0.1000
54|02100810000NB|12.2000|12.3000|BASE_TYPE|1/1/2023|6.000||||4/24/2024|12/31/9999|0.1000
54|02100810000NB|12.1000|12.2000|BASE_TYPE|1/1/2023|6.000||||4/24/2024|12/31/9999|0.1000
54|02100810000NB|12.0000|12.1000|BASE_TYPE|1/1/2023|6.000||||4/24/2024|12/31/9999|0.1000
54|02100810000NB|11.9000|12.0000|BASE_TYPE|1/1/2023|6.000||||4/24/2024|12/31/9999|0.1000
54|02100810000NB|11.8000|11.9000|BASE_TYPE|1/1/2023|8.000||||4/24/2024|12/31/9999|0.1000
54|02100810000NB|11.7000|11.8000|BASE_TYPE|1/1/2023|8.000||||4/24/2024|12/31/9999|0.1000
54|02100810000NB|11.6300|11.7000|BASE_TYPE|1/1/2023|8.000||||4/24/2024|12/31/9999|0.0700
54|02100810000NB|11.6000|11.6300|BASE_TYPE|1/1/2023|8.000||||4/24/2024|12/31/9999|0.0300
54|02100810000NB|11.5000|11.6000|BASE_TYPE|1/1/2023|8.000||||4/24/2024|12/31/9999|0.1000
54|02100810000NB|11.4000|11.5000|BASE_TYPE|1/1/2023|8.000||||4/24/2024|12/31/9999|0.1000
54|02100810000NB|11.3000|11.4000|BASE_TYPE|1/1/2023|8.000||||4/24/2024|12/31/9999|0.1000
54|02100810000NB|11.2000|11.3000|BASE_TYPE|1/1/2023|8.000||||4/24/2024|12/31/9999|0.1000
54|02100810000NB|11.1000|11.2000|BASE_TYPE|1/1/2023|8.000||||4/24/2024|12/31/9999|0.1000
54|02100810000NB|11.0000|11.1000|BASE_TYPE|1/1/2023|8.000||||4/24/2024|12/31/9999|0.1000
54|02100810000NB|10.9000|11.0000|BASE_TYPE|1/1/2023|8.000||||4/24/2024|12/31/9999|0.1000
54|02100810000NB|10.8000|10.9000|BASE_TYPE|1/1/2023|8.000||||4/24/2024|12/31/9999|0.1000
54|02100810000NB|10.7000|10.8000|BASE_TYPE|1/1/2023|8.000||||4/24/2024|12/31/9999|0.1000
54|02100810000NB|10.6000|10.7000|BASE_TYPE|1/1/2023|8.000||||4/24/2024|12/31/9999|0.1000
54|02100810000NB|10.5000|10.6000|BASE_TYPE|1/1/2023|8.000||||4/24/2024|12/31/9999|0.1000
54|02100810000NB|10.4000|10.5000|BASE_TYPE|1/1/2023|8.000||||4/24/2024|12/31/9999|0.1000
54|02100810000NB|10.3000|10.4000|BASE_TYPE|1/1/2023|8.000||||4/24/2024|12/31/9999|0.1000
54|02100810000NB|10.2000|10.3000|BASE_TYPE|1/1/2023|8.000||||4/24/2024|12/31/9999|0.1000
54|02100810000NB|10.1000|10.2000|BASE_TYPE|1/1/2023|8.000||||4/24/2024|12/31/9999|0.1000
54|02100810000NB|10.0000|10.1000|BASE_TYPE|1/1/2023|8.000||||4/24/2024|12/31/9999|0.1000
54|02100810000NB|9.9000|10.0000|BASE_TYPE|1/1/2023|8.000||||4/24/2024|12/31/9999|0.1000
54|02100810000NB|9.8000|9.9000|BASE_TYPE|1/1/2023|8.000||||4/24/2024|12/31/9999|0.1000
54|02100810000NB|9.7000|9.8000|BASE_TYPE|1/1/2023|8.000||||4/24/2024|12/31/9999|0.1000
54|02100810000NB|9.6000|9.7000|BASE_TYPE|1/1/2023|8.000||||4/24/2024|12/31/9999|0.1000
54|02100810000NB|9.5000|9.6000|BASE_TYPE|1/1/2023|8.000||||4/24/2024|12/31/9999|0.1000
54|02100810000NB|9.4000|9.5000|BASE_TYPE|1/1/2023|8.000||||4/24/2024|12/31/9999|0.1000
54|02100810000NB|9.3000|9.4000|BASE_TYPE|1/1/2023|8.000||||4/24/2024|12/31/9999|0.1000
54|02100810000NB|9.2000|9.3000|BASE_TYPE|1/1/2023|8.000||||4/24/2024|12/31/9999|0.1000
54|02100810000NB|9.1000|9.2000|BASE_TYPE|1/1/2023|8.000||||4/24/2024|12/31/9999|0.1000
54|02100810000NB|9.0000|9.1000|BASE_TYPE|1/1/2023|8.000||||4/24/2024|12/31/9999|0.1000
54|02100810000NB|8.9000|9.0000|BASE_TYPE|1/1/2023|8.000||||4/24/2024|12/31/9999|0.1000
54|02100810000NB|8.8000|8.9000|BASE_TYPE|1/1/2023|8.000||||4/24/2024|12/31/9999|0.1000
54|02100810000NB|8.7000|8.8000|BASE_TYPE|1/1/2023|8.000||||4/24/2024|12/31/9999|0.1000
54|02100810000NB|8.6000|8.7000|BASE_TYPE|1/1/2023|8.000||||4/24/2024|12/31/9999|0.1000
54|02100810000NB|8.5000|8.6000|BASE_TYPE|1/1/2023|8.000||||4/24/2024|12/31/9999|0.1000
54|02100810000NB|8.4000|8.5000|BASE_TYPE|1/1/2023|8.000||||4/24/2024|12/31/9999|0.1000
54|02100810000NB|8.3000|8.4000|BASE_TYPE|1/1/2023|8.000||||4/24/2024|12/31/9999|0.1000
54|02100810000NB|8.2000|8.3000|BASE_TYPE|1/1/2023|8.000||||4/24/2024|12/31/9999|0.1000
54|02100810000NB|8.1000|8.2000|BASE_TYPE|1/1/2023|8.000||||4/24/2024|12/31/9999|0.1000
54|04100790000NB|47.7000|47.8000|BASE_TYPE|1/1/2023|3.000||||4/24/2024|12/31/9999|0.1000
54|04100790000NB|47.6000|47.7000|BASE_TYPE|1/1/2023|3.000||||4/24/2024|12/31/9999|0.1000
54|04100790000NB|47.5000|47.6000|BASE_TYPE|1/1/2023|3.000||||4/24/2024|12/31/9999|0.1000
54|04100790000NB|47.4000|47.5000|BASE_TYPE|1/1/2023|3.000||||4/24/2024|12/31/9999|0.1000
54|04100790000NB|47.3000|47.4000|BASE_TYPE|1/1/2023|3.000||||4/24/2024|12/31/9999|0.1000
54|04100790000NB|47.2000|47.3000|BASE_TYPE|1/1/2023|3.000||||4/24/2024|12/31/9999|0.1000
54|04100790000NB|47.1000|47.2000|BASE_TYPE|1/1/2023|3.000||||4/24/2024|12/31/9999|0.1000
54|04100790000NB|50.8000|50.9000|BASE_TYPE|1/1/2023|3.000||||4/24/2024|12/31/9999|0.1000
54|04100790000NB|50.9000|51.0000|BASE_TYPE|1/1/2023|3.000||||4/24/2024|12/31/9999|0.1000
54|04100790000NB|51.0000|51.1000|BASE_TYPE|1/1/2023|3.000||||4/24/2024|12/31/9999|0.1000
54|04100790000NB|51.1000|51.2000|BASE_TYPE|1/1/2023|3.000||||4/24/2024|12/31/9999|0.1000
54|04100790000NB|51.2000|51.3000|BASE_TYPE|1/1/2023|3.000||||4/24/2024|12/31/9999|0.1000
54|04100790000NB|51.3000|51.4000|BASE_TYPE|1/1/2023|3.000||||4/24/2024|12/31/9999|0.1000
54|04100790000NB|51.4000|51.5000|BASE_TYPE|1/1/2023|3.000||||4/24/2024|12/31/9999|0.1000
54|04100790000NB|51.5000|51.6000|BASE_TYPE|1/1/2023|3.000||||4/24/2024|12/31/9999|0.1000
54|04100790000NB|51.6000|51.6100|BASE_TYPE|1/1/2023|3.000||||4/24/2024|12/31/9999|0.0100
54|04100790000NB|51.6100|51.7000|BASE_TYPE|1/1/2023|3.000||||4/24/2024|12/31/9999|0.0900
54|04100790000NB|51.7000|51.8000|BASE_TYPE|1/1/2023|3.000||||4/24/2024|12/31/9999|0.1000
54|04100790000NB|51.8000|51.9000|BASE_TYPE|1/1/2023|3.000||||4/24/2024|12/31/9999|0.1000
54|04100790000NB|51.9000|52.0000|BASE_TYPE|1/1/2023|3.000||||4/24/2024|12/31/9999|0.1000
54|04100790000NB|52.0000|52.1000|BASE_TYPE|1/1/2023|3.000||||4/24/2024|12/31/9999|0.1000
54|04100790000NB|52.1000|52.2000|BASE_TYPE|1/1/2023|3.000||||4/24/2024|12/31/9999|0.1000
54|04100790000NB|55.4000|55.5000|BASE_TYPE|1/1/2023|5.000||||4/24/2024|12/31/9999|0.1000
54|04100790000NB|55.5000|55.6000|BASE_TYPE|1/1/2023|5.000||||4/24/2024|12/31/9999|0.1000
54|04100790000NB|55.6000|55.7000|BASE_TYPE|1/1/2023|5.000||||4/24/2024|12/31/9999|0.1000
54|04100790000NB|55.7000|55.8000|BASE_TYPE|1/1/2023|5.000||||4/24/2024|12/31/9999|0.1000
54|04100790000NB|55.8000|55.9000|BASE_TYPE|1/1/2023|5.000||||4/24/2024|12/31/9999|0.1000
54|04100790000NB|55.9000|56.0000|BASE_TYPE|1/1/2023|5.000||||4/24/2024|12/31/9999|0.1000
54|04100790000NB|56.0000|56.1000|BASE_TYPE|1/1/2023|5.000||||4/24/2024|12/31/9999|0.1000
54|04100790000NB|56.1000|56.2000|BASE_TYPE|1/1/2023|5.000||||4/24/2024|12/31/9999|0.1000
54|04100790000NB|56.2000|56.3000|BASE_TYPE|1/1/2023|5.000||||4/24/2024|12/31/9999|0.1000
54|04100790000NB|56.3000|56.4000|BASE_TYPE|1/1/2023|5.000||||4/24/2024|12/31/9999|0.1000
54|04100790000NB|56.4000|56.5000|BASE_TYPE|1/1/2023|5.000||||4/24/2024|12/31/9999|0.1000
54|04100790000NB|56.5000|56.6000|BASE_TYPE|1/1/2023|5.000||||4/24/2024|12/31/9999|0.1000
54|04100790000NB|56.6000|56.7000|BASE_TYPE|1/1/2023|5.000||||4/24/2024|12/31/9999|0.1000
54|04100790000NB|56.7000|56.8000|BASE_TYPE|1/1/2023|5.000||||4/24/2024|12/31/9999|0.1000
54|04100790000NB|56.8000|56.9000|BASE_TYPE|1/1/2023|5.000||||4/24/2024|12/31/9999|0.1000
54|04100790000NB|56.9000|57.0000|BASE_TYPE|1/1/2023|5.000||||4/24/2024|12/31/9999|0.1000
54|04100790000NB|57.0000|57.1000|BASE_TYPE|1/1/2023|5.000||||4/24/2024|12/31/9999|0.1000
54|04100790000NB|57.1000|57.2000|BASE_TYPE|1/1/2023|5.000||||4/24/2024|12/31/9999|0.1000
54|04100790000NB|57.2000|57.3000|BASE_TYPE|1/1/2023|5.000||||4/24/2024|12/31/9999|0.1000
54|12200480000EB|2.2000|2.3000|BASE_TYPE|1/1/2023|7.000||||4/24/2024|12/31/9999|0.1000
54|12200480000EB|2.3000|2.4000|BASE_TYPE|1/1/2023|7.000||||4/24/2024|12/31/9999|0.1000
54|12200480000EB|2.4000|2.5000|BASE_TYPE|1/1/2023|7.000||||4/24/2024|12/31/9999|0.1000
54|12200480000EB|2.5000|2.6000|BASE_TYPE|1/1/2023|7.000||||4/24/2024|12/31/9999|0.1000
54|12200480000EB|2.6000|2.7000|BASE_TYPE|1/1/2023|7.000||||4/24/2024|12/31/9999|0.1000
54|12200480000EB|2.7000|2.8000|BASE_TYPE|1/1/2023|7.000||||4/24/2024|12/31/9999|0.1000
54|12200480000EB|2.8000|2.9000|BASE_TYPE|1/1/2023|7.000||||4/24/2024|12/31/9999|0.1000
54|12200480000EB|2.9000|3.0000|BASE_TYPE|1/1/2023|7.000||||4/24/2024|12/31/9999|0.1000
54|12200480000EB|3.0000|3.1000|BASE_TYPE|1/1/2023|7.000||||4/24/2024|12/31/9999|0.1000
54|12200480000EB|3.1000|3.2000|BASE_TYPE|1/1/2023|7.000||||4/24/2024|12/31/9999|0.1000
54|12200480000EB|3.2000|3.3000|BASE_TYPE|1/1/2023|7.000||||4/24/2024|12/31/9999|0.1000
54|12200480000EB|3.3000|3.4000|BASE_TYPE|1/1/2023|7.000||||4/24/2024|12/31/9999|0.1000
54|12200480000EB|3.4000|3.5000|BASE_TYPE|1/1/2023|7.000||||4/24/2024|12/31/9999|0.1000
54|12200480000EB|3.5000|3.6000|BASE_TYPE|1/1/2023|7.000||||4/24/2024|12/31/9999|0.1000
54|12200480000EB|3.6000|3.7000|BASE_TYPE|1/1/2023|7.000||||4/24/2024|12/31/9999|0.1000
54|12200480000EB|3.7000|3.8000|BASE_TYPE|1/1/2023|7.000||||4/24/2024|12/31/9999|0.1000
54|12200480000EB|3.8000|3.9000|BASE_TYPE|1/1/2023|7.000||||4/24/2024|12/31/9999|0.1000
54|12200480000EB|3.9000|4.0000|BASE_TYPE|1/1/2023|7.000||||4/24/2024|12/31/9999|0.1000
54|12200480000EB|4.0000|4.1000|BASE_TYPE|1/1/2023|7.000||||4/24/2024|12/31/9999|0.1000
54|12200480000EB|4.1000|4.2000|BASE_TYPE|1/1/2023|7.000||||4/24/2024|12/31/9999|0.1000
54|12200480000EB|4.2000|4.3000|BASE_TYPE|1/1/2023|7.000||||4/24/2024|12/31/9999|0.1000
54|12200480000EB|4.3000|4.4000|BASE_TYPE|1/1/2023|7.000||||4/24/2024|12/31/9999|0.1000
54|12200480000EB|4.4000|4.5000|BASE_TYPE|1/1/2023|7.000||||4/24/2024|12/31/9999|0.1000
54|12200480000EB|4.5000|4.6000|BASE_TYPE|1/1/2023|7.000||||4/24/2024|12/31/9999|0.1000
54|12200480000EB|4.6000|4.7000|BASE_TYPE|1/1/2023|7.000||||4/24/2024|12/31/9999|0.1000
54|12200480000EB|4.7000|4.8000|BASE_TYPE|1/1/2023|7.000||||4/24/2024|12/31/9999|0.1000
54|12200480000EB|4.8000|4.9000|BASE_TYPE|1/1/2023|7.000||||4/24/2024|12/31/9999|0.1000
54|12200480000EB|4.9000|5.0000|BASE_TYPE|1/1/2023|7.000||||4/24/2024|12/31/9999|0.1000
54|12200480000EB|5.0000|5.1000|BASE_TYPE|1/1/2023|7.000||||4/24/2024|12/31/9999|0.1000
54|12200480000EB|5.1000|5.2000|BASE_TYPE|1/1/2023|7.000||||4/24/2024|12/31/9999|0.1000
54|12200480000EB|5.2000|5.3000|BASE_TYPE|1/1/2023|7.000||||4/24/2024|12/31/9999|0.1000
54|12200480000EB|5.3000|5.4000|BASE_TYPE|1/1/2023|7.000||||4/24/2024|12/31/9999|0.1000
54|12200480000EB|2.1000|2.2000|BASE_TYPE|1/1/2023|7.000||||4/24/2024|12/31/9999|0.1000
54|12200480000EB|2.0000|2.1000|BASE_TYPE|1/1/2023|7.000||||4/24/2024|12/31/9999|0.1000
54|12200480000EB|1.9000|2.0000|BASE_TYPE|1/1/2023|7.000||||4/24/2024|12/31/9999|0.1000
54|12200480000EB|1.8000|1.9000|BASE_TYPE|1/1/2023|7.000||||4/24/2024|12/31/9999|0.1000
54|12200480000EB|1.7000|1.8000|BASE_TYPE|1/1/2023|7.000||||4/24/2024|12/31/9999|0.1000
54|12200480000EB|1.6000|1.7000|BASE_TYPE|1/1/2023|7.000||||4/24/2024|12/31/9999|0.1000
54|12200480000EB|1.5000|1.6000|BASE_TYPE|1/1/2023|7.000||||4/24/2024|12/31/9999|0.1000
54|12200480000EB|1.4000|1.5000|BASE_TYPE|1/1/2023|7.000||||4/24/2024|12/31/9999|0.1000
54|12200480000EB|1.3000|1.4000|BASE_TYPE|1/1/2023|7.000||||4/24/2024|12/31/9999|0.1000
54|12200480000EB|1.2000|1.3000|BASE_TYPE|1/1/2023|7.000||||4/24/2024|12/31/9999|0.1000
54|12200480000EB|1.1000|1.2000|BASE_TYPE|1/1/2023|7.000||||4/24/2024|12/31/9999|0.1000
54|12200480000EB|1.0000|1.1000|BASE_TYPE|1/1/2023|7.000||||4/24/2024|12/31/9999|0.1000
54|12200480000EB|0.9000|1.0000|BASE_TYPE|1/1/2023|7.000||||4/24/2024|12/31/9999|0.1000
54|12200480000EB|0.8000|0.9000|BASE_TYPE|1/1/2023|7.000||||4/24/2024|12/31/9999|0.1000
54|12200480000EB|0.7000|0.8000|BASE_TYPE|1/1/2023|7.000||||4/24/2024|12/31/9999|0.1000
54|12200480000EB|0.6000|0.7000|BASE_TYPE|1/1/2023|7.000||||4/24/2024|12/31/9999|0.1000
54|12200480000EB|0.5000|0.6000|BASE_TYPE|1/1/2023|7.000||||4/24/2024|12/31/9999|0.1000
54|12200480000EB|0.4000|0.5000|BASE_TYPE|1/1/2023|7.000||||4/24/2024|12/31/9999|0.1000
54|12200480000EB|0.3000|0.4000|BASE_TYPE|1/1/2023|7.000||||4/24/2024|12/31/9999|0.1000
54|12200480000EB|0.2000|0.3000|BASE_TYPE|1/1/2023|7.000||||4/24/2024|12/31/9999|0.1000
54|12200480000EB|0.1000|0.2000|BASE_TYPE|1/1/2023|7.000||||4/24/2024|12/31/9999|0.1000
54|12200480000EB|0.0000|0.1000|BASE_TYPE|1/1/2023|7.000||||4/24/2024|12/31/9999|0.1000
54|0530027000100|0.4000|0.9600|BASE_TYPE|1/1/2023|2.000|||same as 2020|4/24/2024|12/31/9999|0.5600
54|0530067000000|6.1400|6.7100|BASE_TYPE|1/1/2023|2.000|||same as 2020|4/24/2024|12/31/9999|0.5700
54|04100790000NB|59.2000|59.3000|BASE_TYPE|1/1/2023|3.000||||4/24/2024|12/31/9999|0.1000
54|04100790000NB|59.1000|59.2000|BASE_TYPE|1/1/2023|3.000||||4/24/2024|12/31/9999|0.1000
54|04100790000NB|59.0000|59.1000|BASE_TYPE|1/1/2023|3.000||||4/24/2024|12/31/9999|0.1000
54|04100790000NB|58.9000|59.0000|BASE_TYPE|1/1/2023|3.000||||4/24/2024|12/31/9999|0.1000
54|04100790000NB|58.8000|58.9000|BASE_TYPE|1/1/2023|3.000||||4/24/2024|12/31/9999|0.1000
54|04100790000NB|58.7000|58.8000|BASE_TYPE|1/1/2023|3.000||||4/24/2024|12/31/9999|0.1000
54|04100790000NB|58.6000|58.7000|BASE_TYPE|1/1/2023|3.000||||4/24/2024|12/31/9999|0.1000
54|04100790000NB|58.5000|58.6000|BASE_TYPE|1/1/2023|3.000||||4/24/2024|12/31/9999|0.1000
54|04100790000NB|58.4000|58.5000|BASE_TYPE|1/1/2023|3.000||||4/24/2024|12/31/9999|0.1000
54|04100790000NB|58.3000|58.4000|BASE_TYPE|1/1/2023|3.000||||4/24/2024|12/31/9999|0.1000
54|04100790000NB|58.2000|58.3000|BASE_TYPE|1/1/2023|3.000||||4/24/2024|12/31/9999|0.1000
54|04100790000NB|58.1000|58.2000|BASE_TYPE|1/1/2023|3.000||||4/24/2024|12/31/9999|0.1000
54|04100790000NB|58.0000|58.1000|BASE_TYPE|1/1/2023|3.000||||4/24/2024|12/31/9999|0.1000
54|04100790000NB|57.9000|58.0000|BASE_TYPE|1/1/2023|3.000||||4/24/2024|12/31/9999|0.1000
54|04100790000NB|57.8000|57.9000|BASE_TYPE|1/1/2023|3.000||||4/24/2024|12/31/9999|0.1000
54|04100790000NB|57.7000|57.8000|BASE_TYPE|1/1/2023|5.000||||4/24/2024|12/31/9999|0.1000
54|04100790000NB|57.6000|57.7000|BASE_TYPE|1/1/2023|5.000||||4/24/2024|12/31/9999|0.1000
54|04100790000NB|57.5100|57.6000|BASE_TYPE|1/1/2023|5.000||||4/24/2024|12/31/9999|0.0900
54|04100790000NB|57.5000|57.5100|BASE_TYPE|1/1/2023|5.000||||4/24/2024|12/31/9999|0.0100
54|04100790000NB|57.4000|57.5000|BASE_TYPE|1/1/2023|5.000||||4/24/2024|12/31/9999|0.1000
54|04100790000NB|57.3000|57.4000|BASE_TYPE|1/1/2023|5.000||||4/24/2024|12/31/9999|0.1000
54|04100790000NB|55.3000|55.4000|BASE_TYPE|1/1/2023|5.000||||4/24/2024|12/31/9999|0.1000
54|04100790000NB|55.2000|55.3000|BASE_TYPE|1/1/2023|5.000||||4/24/2024|12/31/9999|0.1000
54|04100790000NB|55.1000|55.2000|BASE_TYPE|1/1/2023|5.000||||4/24/2024|12/31/9999|0.1000
54|04100790000NB|55.0000|55.1000|BASE_TYPE|1/1/2023|5.000||||4/24/2024|12/31/9999|0.1000
54|04100790000NB|54.9000|55.0000|BASE_TYPE|1/1/2023|5.000||||4/24/2024|12/31/9999|0.1000
54|04100790000NB|54.8000|54.9000|BASE_TYPE|1/1/2023|5.000||||4/24/2024|12/31/9999|0.1000
54|04100790000NB|54.7000|54.8000|BASE_TYPE|1/1/2023|5.000||||4/24/2024|12/31/9999|0.1000
54|04100790000NB|54.6000|54.7000|BASE_TYPE|1/1/2023|5.000||||4/24/2024|12/31/9999|0.1000
54|04100790000NB|54.5000|54.6000|BASE_TYPE|1/1/2023|5.000||||4/24/2024|12/31/9999|0.1000
54|04100790000NB|54.4000|54.5000|BASE_TYPE|1/1/2023|5.000||||4/24/2024|12/31/9999|0.1000
54|04100790000NB|54.3000|54.4000|BASE_TYPE|1/1/2023|5.000||||4/24/2024|12/31/9999|0.1000
54|04100790000NB|54.2000|54.3000|BASE_TYPE|1/1/2023|5.000||||4/24/2024|12/31/9999|0.1000
54|04100790000NB|54.1800|54.2000|BASE_TYPE|1/1/2023|5.000||||4/24/2024|12/31/9999|0.0200
54|04100790000NB|54.1000|54.1800|BASE_TYPE|1/1/2023|3.000||||4/24/2024|12/31/9999|0.0800
54|04100790000NB|54.0000|54.1000|BASE_TYPE|1/1/2023|3.000||||4/24/2024|12/31/9999|0.1000
54|04100790000NB|53.9000|54.0000|BASE_TYPE|1/1/2023|3.000||||4/24/2024|12/31/9999|0.1000
54|04100790000NB|53.8000|53.9000|BASE_TYPE|1/1/2023|3.000||||4/24/2024|12/31/9999|0.1000
54|04100790000NB|53.7000|53.8000|BASE_TYPE|1/1/2023|3.000||||4/24/2024|12/31/9999|0.1000
54|04100790000NB|53.6000|53.7000|BASE_TYPE|1/1/2023|3.000||||4/24/2024|12/31/9999|0.1000
54|04100790000NB|53.5000|53.6000|BASE_TYPE|1/1/2023|3.000||||4/24/2024|12/31/9999|0.1000
54|04100790000NB|53.4000|53.5000|BASE_TYPE|1/1/2023|3.000||||4/24/2024|12/31/9999|0.1000
54|04100790000NB|53.3000|53.4000|BASE_TYPE|1/1/2023|3.000||||4/24/2024|12/31/9999|0.1000
54|04100790000NB|53.2700|53.3000|BASE_TYPE|1/1/2023|3.000||||4/24/2024|12/31/9999|0.0300
54|04100790000NB|53.2000|53.2700|BASE_TYPE|1/1/2023|3.000||||4/24/2024|12/31/9999|0.0700
54|04100790000NB|53.1000|53.2000|BASE_TYPE|1/1/2023|3.000||||4/24/2024|12/31/9999|0.1000
54|04100790000NB|53.0000|53.1000|BASE_TYPE|1/1/2023|3.000||||4/24/2024|12/31/9999|0.1000
54|04100790000NB|52.9000|53.0000|BASE_TYPE|1/1/2023|3.000||||4/24/2024|12/31/9999|0.1000
54|04100790000NB|52.8000|52.9000|BASE_TYPE|1/1/2023|3.000||||4/24/2024|12/31/9999|0.1000
54|04100790000NB|52.7000|52.8000|BASE_TYPE|1/1/2023|3.000||||4/24/2024|12/31/9999|0.1000
54|04100790000NB|52.6100|52.7000|BASE_TYPE|1/1/2023|3.000||||4/24/2024|12/31/9999|0.0900
54|04100790000NB|52.6000|52.6100|BASE_TYPE|1/1/2023|3.000||||4/24/2024|12/31/9999|0.0100
54|04100790000NB|52.5000|52.6000|BASE_TYPE|1/1/2023|3.000||||4/24/2024|12/31/9999|0.1000
54|04100790000NB|52.4000|52.5000|BASE_TYPE|1/1/2023|3.000||||4/24/2024|12/31/9999|0.1000
54|04100790000NB|52.3000|52.4000|BASE_TYPE|1/1/2023|3.000||||4/24/2024|12/31/9999|0.1000
54|04100790000NB|52.2000|52.3000|BASE_TYPE|1/1/2023|3.000||||4/24/2024|12/31/9999|0.1000
54|12200480000EB|5.4000|5.5000|BASE_TYPE|1/1/2023|7.000||||4/24/2024|12/31/9999|0.1000
54|12200480000EB|5.5000|5.6000|BASE_TYPE|1/1/2023|7.000||||4/24/2024|12/31/9999|0.1000
54|12200480000EB|5.6000|5.7000|BASE_TYPE|1/1/2023|7.000||||4/24/2024|12/31/9999|0.1000
54|12200480000EB|5.7000|5.8000|BASE_TYPE|1/1/2023|7.000||||4/24/2024|12/31/9999|0.1000
54|12200480000EB|5.8000|5.8200|BASE_TYPE|1/1/2023|7.000||||4/24/2024|12/31/9999|0.0200
54|1230093000000|9.7100|9.8000|BASE_TYPE|1/1/2023|2.000||||4/24/2024|12/31/9999|0.0900
54|1230093000000|9.8000|9.9000|BASE_TYPE|1/1/2023|2.000||||4/24/2024|12/31/9999|0.1000
54|1230093000000|9.9000|10.0000|BASE_TYPE|1/1/2023|2.000||||4/24/2024|12/31/9999|0.1000
54|1230093000000|10.0000|10.1000|BASE_TYPE|1/1/2023|2.000||||4/24/2024|12/31/9999|0.1000
54|1230093000000|10.1000|10.2000|BASE_TYPE|1/1/2023|2.000||||4/24/2024|12/31/9999|0.1000
54|1230093000000|10.2000|10.3000|BASE_TYPE|1/1/2023|2.000||||4/24/2024|12/31/9999|0.1000
54|1230093000000|10.3000|10.4000|BASE_TYPE|1/1/2023|2.000||||4/24/2024|12/31/9999|0.1000
54|1230093000000|10.4000|10.5000|BASE_TYPE|1/1/2023|2.000||||4/24/2024|12/31/9999|0.1000
54|1230093000000|10.5000|10.6000|BASE_TYPE|1/1/2023|2.000||||4/24/2024|12/31/9999|0.1000
54|1230093000000|10.6000|10.7000|BASE_TYPE|1/1/2023|2.000||||4/24/2024|12/31/9999|0.1000
54|1230093000000|10.7000|10.8000|BASE_TYPE|1/1/2023|2.000||||4/24/2024|12/31/9999|0.1000
54|1230093000000|10.8000|10.9000|BASE_TYPE|1/1/2023|2.000||||4/24/2024|12/31/9999|0.1000
54|1230093000000|10.9000|11.0000|BASE_TYPE|1/1/2023|2.000||||4/24/2024|12/31/9999|0.1000
54|1230093000000|11.0000|11.1000|BASE_TYPE|1/1/2023|2.000||||4/24/2024|12/31/9999|0.1000
54|1230093000000|11.1000|11.2000|BASE_TYPE|1/1/2023|2.000||||4/24/2024|12/31/9999|0.1000
54|1230093000000|11.2000|11.3000|BASE_TYPE|1/1/2023|2.000||||4/24/2024|12/31/9999|0.1000
54|1230093000000|11.3000|11.4000|BASE_TYPE|1/1/2023|2.000||||4/24/2024|12/31/9999|0.1000
54|1230093000000|11.4000|11.5000|BASE_TYPE|1/1/2023|2.000||||4/24/2024|12/31/9999|0.1000
54|1230093000000|11.5000|11.6000|BASE_TYPE|1/1/2023|2.000||||4/24/2024|12/31/9999|0.1000
54|1230093000000|11.6000|11.7000|BASE_TYPE|1/1/2023|2.000||||4/24/2024|12/31/9999|0.1000
54|1230093000000|11.7000|11.8000|BASE_TYPE|1/1/2023|2.000||||4/24/2024|12/31/9999|0.1000
54|1230093000000|11.8000|11.9000|BASE_TYPE|1/1/2023|2.000||||4/24/2024|12/31/9999|0.1000
54|1230093000000|11.9000|12.0000|BASE_TYPE|1/1/2023|2.000||||4/24/2024|12/31/9999|0.1000
54|1230093000000|12.0000|12.1000|BASE_TYPE|1/1/2023|2.000||||4/24/2024|12/31/9999|0.1000
54|1230093000000|12.1000|12.2000|BASE_TYPE|1/1/2023|2.000||||4/24/2024|12/31/9999|0.1000
54|1230093000000|12.2000|12.3000|BASE_TYPE|1/1/2023|2.000||||4/24/2024|12/31/9999|0.1000
54|1230093000000|12.3000|12.4000|BASE_TYPE|1/1/2023|2.000||||4/24/2024|12/31/9999|0.1000
54|1230093000000|12.4000|12.5000|BASE_TYPE|1/1/2023|2.000||||4/24/2024|12/31/9999|0.1000
54|1230093000000|12.5000|12.6000|BASE_TYPE|1/1/2023|2.000||||4/24/2024|12/31/9999|0.1000
54|1230093000000|12.6000|12.7000|BASE_TYPE|1/1/2023|2.000||||4/24/2024|12/31/9999|0.1000
54|1230093000000|12.7000|12.8000|BASE_TYPE|1/1/2023|2.000||||4/24/2024|12/31/9999|0.1000
54|1230093000000|12.8000|12.9000|BASE_TYPE|1/1/2023|2.000||||4/24/2024|12/31/9999|0.1000
54|1230093000000|12.9000|13.0000|BASE_TYPE|1/1/2023|2.000||||4/24/2024|12/31/9999|0.1000
54|1230093000000|13.0000|13.1000|BASE_TYPE|1/1/2023|2.000||||4/24/2024|12/31/9999|0.1000
54|1230093000000|13.1000|13.2000|BASE_TYPE|1/1/2023|2.000||||4/24/2024|12/31/9999|0.1000
54|1230093000000|13.2000|13.3000|BASE_TYPE|1/1/2023|2.000||||4/24/2024|12/31/9999|0.1000
54|1230093000000|13.3000|13.4000|BASE_TYPE|1/1/2023|2.000||||4/24/2024|12/31/9999|0.1000
54|1230093000000|13.4000|13.4500|BASE_TYPE|1/1/2023|2.000||||4/24/2024|12/31/9999|0.0500
54|09200500000EB|0.0000|3.9800|BASE_TYPE|1/1/2023|6.000|||same as 2020|4/24/2024|12/31/9999|3.9800
54|09200500000EB|3.9800|5.6100|BASE_TYPE|1/1/2023|6.000|||same as 2020|4/24/2024|12/31/9999|1.6300
54|09200500000EB|5.6300|6.5400|BASE_TYPE|1/1/2023|6.000|||same as 2020|4/24/2024|12/31/9999|0.9100
54|09200500000EB|8.2600|8.8000|BASE_TYPE|1/1/2023|6.000|||same as 2020|4/24/2024|12/31/9999|0.5400
54|09200500000EB|8.8000|9.7500|BASE_TYPE|1/1/2023|6.000|||same as 2020|4/24/2024|12/31/9999|0.9500
54|09200500000EB|9.7500|11.0100|BASE_TYPE|1/1/2023|6.000|||same as 2020|4/24/2024|12/31/9999|1.2600
54|09200500000EB|11.4300|12.1000|BASE_TYPE|1/1/2023|6.000|||same as 2020|4/24/2024|12/31/9999|0.6700
54|09200500000EB|12.1000|12.9600|BASE_TYPE|1/1/2023|6.000|||same as 2020|4/24/2024|12/31/9999|0.8600
54|09200500000EB|17.7500|18.8700|BASE_TYPE|1/1/2023|6.000|||same as 2020|4/24/2024|12/31/9999|1.1200
54|0940003000000|4.1400|5.7700|BASE_TYPE|1/1/2023|3.000|||same as 2020|4/24/2024|12/31/9999|1.6300
54|0830004000000|21.9800|22.9800|BASE_TYPE|1/1/2023|5.000|||same as 2020|4/24/2024|12/31/9999|1.0000
54|08100790000NB|39.9100|40.0000|BASE_TYPE|1/1/2023|5.000|||same as 2020|4/24/2024|12/31/9999|0.0900
54|08100790000NB|41.4300|44.6000|BASE_TYPE|1/1/2023|5.000|||same as 2020|4/24/2024|12/31/9999|3.1700
54|1030016000000|1.7500|2.3800|BASE_TYPE|1/1/2023|2.000||||4/24/2024|12/31/9999|0.6300
54|1030016000000|14.6160|14.7460|BASE_TYPE|1/1/2023|2.000||||4/24/2024|12/31/9999|0.1300
54|1030016000000|15.5260|16.6660|BASE_TYPE|1/1/2023|2.000||||4/24/2024|12/31/9999|1.1400
54|1030016000000|23.1760|23.5160|BASE_TYPE|1/1/2023|2.000||||4/24/2024|12/31/9999|0.3400
54|1030061000000|0.0000|1.0400|BASE_TYPE|1/1/2023|2.000||||4/24/2024|12/31/9999|1.0400
54|1030061000000|1.0400|1.1200|BASE_TYPE|1/1/2023|2.000||||4/24/2024|12/31/9999|0.0800
54|1030061000000|8.7400|9.3300|BASE_TYPE|1/1/2023|2.000||||4/24/2024|12/31/9999|0.5900
54|1030061000000|22.5300|25.5600|BASE_TYPE|1/1/2023|2.000||||4/24/2024|12/31/9999|3.0300
54|1040005000000|0.0600|0.3700|BASE_TYPE|1/1/2023|5.000||||4/24/2024|12/31/9999|0.3100
54|1040005000000|0.3700|0.4000|BASE_TYPE|1/1/2023|5.000||||4/24/2024|12/31/9999|0.0300
54|1040005000000|0.4000|0.6000|BASE_TYPE|1/1/2023|5.000||||4/24/2024|12/31/9999|0.2000
54|1040005000000|0.6000|0.6200|BASE_TYPE|1/1/2023|5.000||||4/24/2024|12/31/9999|0.0200
54|1040015000000|0.0000|1.5800|BASE_TYPE|1/1/2023|2.000||||4/24/2024|12/31/9999|1.5800
54|10200190000NB|0.0000|0.1000|BASE_TYPE|1/1/2023|6.000||||4/24/2024|12/31/9999|0.1000
54|10200190000NB|0.1000|0.2000|BASE_TYPE|1/1/2023|6.000||||4/24/2024|12/31/9999|0.1000
54|10200190000NB|0.2000|0.3000|BASE_TYPE|1/1/2023|6.000||||4/24/2024|12/31/9999|0.1000
54|10200190000NB|0.3000|0.4000|BASE_TYPE|1/1/2023|6.000||||4/24/2024|12/31/9999|0.1000
54|10200190000NB|0.4000|0.5000|BASE_TYPE|1/1/2023|6.000||||4/24/2024|12/31/9999|0.1000
54|10200190000NB|0.5000|0.6000|BASE_TYPE|1/1/2023|6.000||||4/24/2024|12/31/9999|0.1000
54|10200190000NB|0.6000|0.7000|BASE_TYPE|1/1/2023|6.000||||4/24/2024|12/31/9999|0.1000
54|10200190000NB|0.7000|0.8000|BASE_TYPE|1/1/2023|6.000||||4/24/2024|12/31/9999|0.1000
54|10200190000NB|0.8000|0.9000|BASE_TYPE|1/1/2023|6.000||||4/24/2024|12/31/9999|0.1000
54|10200190000NB|0.9000|1.0000|BASE_TYPE|1/1/2023|6.000||||4/24/2024|12/31/9999|0.1000
54|10200190000NB|1.0000|1.0200|BASE_TYPE|1/1/2023|6.000||||4/24/2024|12/31/9999|0.0200
54|10200190000NB|2.8500|2.9000|BASE_TYPE|1/1/2023|6.000||||4/24/2024|12/31/9999|0.0500
54|10200190000NB|2.9000|3.0000|BASE_TYPE|1/1/2023|6.000||||4/24/2024|12/31/9999|0.1000
54|10200190000NB|3.0000|3.1000|BASE_TYPE|1/1/2023|6.000||||4/24/2024|12/31/9999|0.1000
54|10200190000NB|3.1000|3.2000|BASE_TYPE|1/1/2023|6.000||||4/24/2024|12/31/9999|0.1000
54|10200190000NB|3.2000|3.3000|BASE_TYPE|1/1/2023|6.000||||4/24/2024|12/31/9999|0.1000
54|10200190000NB|3.3000|3.4000|BASE_TYPE|1/1/2023|6.000||||4/24/2024|12/31/9999|0.1000
54|10200190000NB|3.4000|3.5000|BASE_TYPE|1/1/2023|6.000||||4/24/2024|12/31/9999|0.1000
54|10200190000NB|3.5000|3.6000|BASE_TYPE|1/1/2023|6.000||||4/24/2024|12/31/9999|0.1000
54|10200190000NB|3.6000|3.7000|BASE_TYPE|1/1/2023|6.000||||4/24/2024|12/31/9999|0.1000
54|10200190000NB|3.7000|3.8000|BASE_TYPE|1/1/2023|6.000||||4/24/2024|12/31/9999|0.1000
54|10200190000NB|3.8000|3.8200|BASE_TYPE|1/1/2023|6.000||||4/24/2024|12/31/9999|0.0200
54|10200190000NB|3.8900|3.9000|BASE_TYPE|1/1/2023|6.000||||4/24/2024|12/31/9999|0.0100
54|10200190000NB|3.9000|4.0000|BASE_TYPE|1/1/2023|6.000||||4/24/2024|12/31/9999|0.1000
54|10200190000NB|4.0000|4.1000|BASE_TYPE|1/1/2023|6.000||||4/24/2024|12/31/9999|0.1000
54|10200190000NB|4.1000|4.2000|BASE_TYPE|1/1/2023|6.000||||4/24/2024|12/31/9999|0.1000
54|10200190000NB|4.2000|4.3000|BASE_TYPE|1/1/2023|6.000||||4/24/2024|12/31/9999|0.1000
54|10200190000NB|4.3000|4.4000|BASE_TYPE|1/1/2023|6.000||||4/24/2024|12/31/9999|0.1000
54|10200190000NB|4.4000|4.5000|BASE_TYPE|1/1/2023|6.000||||4/24/2024|12/31/9999|0.1000
54|10200190000NB|4.5000|4.6000|BASE_TYPE|1/1/2023|6.000||||4/24/2024|12/31/9999|0.1000
54|10200190000NB|4.6000|4.7000|BASE_TYPE|1/1/2023|6.000||||4/24/2024|12/31/9999|0.1000
54|10200190000NB|4.7000|4.8000|BASE_TYPE|1/1/2023|6.000||||4/24/2024|12/31/9999|0.1000
54|10200190000NB|4.8000|4.9000|BASE_TYPE|1/1/2023|6.000||||4/24/2024|12/31/9999|0.1000
54|10200190000NB|4.9000|5.0000|BASE_TYPE|1/1/2023|6.000||||4/24/2024|12/31/9999|0.1000
54|10200190000NB|5.0000|5.1000|BASE_TYPE|1/1/2023|6.000||||4/24/2024|12/31/9999|0.1000
54|10200190000NB|5.1000|5.2000|BASE_TYPE|1/1/2023|6.000||||4/24/2024|12/31/9999|0.1000
54|10200190000NB|5.2000|5.3000|BASE_TYPE|1/1/2023|6.000||||4/24/2024|12/31/9999|0.1000
54|10200190000NB|5.3000|5.4000|BASE_TYPE|1/1/2023|6.000||||4/24/2024|12/31/9999|0.1000
54|10200190000NB|5.4000|5.5000|BASE_TYPE|1/1/2023|6.000||||4/24/2024|12/31/9999|0.1000
54|10200190000NB|5.5000|5.6000|BASE_TYPE|1/1/2023|6.000||||4/24/2024|12/31/9999|0.1000
54|10200190000NB|5.6000|5.7000|BASE_TYPE|1/1/2023|6.000||||4/24/2024|12/31/9999|0.1000
54|10200190000NB|5.7000|5.8000|BASE_TYPE|1/1/2023|6.000||||4/24/2024|12/31/9999|0.1000
54|10200190000NB|5.8000|5.9000|BASE_TYPE|1/1/2023|6.000||||4/24/2024|12/31/9999|0.1000
54|10200190000NB|5.9000|6.0000|BASE_TYPE|1/1/2023|6.000||||4/24/2024|12/31/9999|0.1000
54|10200190000NB|6.0000|6.1000|BASE_TYPE|1/1/2023|6.000||||4/24/2024|12/31/9999|0.1000
54|10200190000NB|6.1000|6.1600|BASE_TYPE|1/1/2023|6.000||||4/24/2024|12/31/9999|0.0600
54|10200190000NB|6.1600|6.2000|BASE_TYPE|1/1/2023|6.000||||4/24/2024|12/31/9999|0.0400
54|10200190000NB|6.2000|6.3000|BASE_TYPE|1/1/2023|6.000||||4/24/2024|12/31/9999|0.1000
54|10200190000NB|6.3000|6.4000|BASE_TYPE|1/1/2023|6.000||||4/24/2024|12/31/9999|0.1000
54|10200190000NB|6.4000|6.5000|BASE_TYPE|1/1/2023|6.000||||4/24/2024|12/31/9999|0.1000
54|10200190000NB|6.5000|6.6000|BASE_TYPE|1/1/2023|6.000||||4/24/2024|12/31/9999|0.1000
54|10200190000NB|6.6000|6.6600|BASE_TYPE|1/1/2023|6.000||||4/24/2024|12/31/9999|0.0600
54|10200190000NB|6.6600|6.7000|BASE_TYPE|1/1/2023|6.000||||4/24/2024|12/31/9999|0.0400
54|10200190000NB|6.7000|6.8000|BASE_TYPE|1/1/2023|6.000||||4/24/2024|12/31/9999|0.1000
54|10200190000NB|6.8000|6.9000|BASE_TYPE|1/1/2023|6.000||||4/24/2024|12/31/9999|0.1000
54|10200190000NB|6.9000|7.0000|BASE_TYPE|1/1/2023|6.000||||4/24/2024|12/31/9999|0.1000
54|10200190000NB|7.0000|7.1000|BASE_TYPE|1/1/2023|6.000||||4/24/2024|12/31/9999|0.1000
54|10200190000NB|7.1000|7.2000|BASE_TYPE|1/1/2023|6.000||||4/24/2024|12/31/9999|0.1000
54|10200190000NB|7.2000|7.3000|BASE_TYPE|1/1/2023|6.000||||4/24/2024|12/31/9999|0.1000
54|10200190000NB|7.3000|7.4000|BASE_TYPE|1/1/2023|6.000||||4/24/2024|12/31/9999|0.1000
54|10200190000NB|7.4000|7.5000|BASE_TYPE|1/1/2023|6.000||||4/24/2024|12/31/9999|0.1000
54|10200190000NB|7.5000|7.6000|BASE_TYPE|1/1/2023|6.000||||4/24/2024|12/31/9999|0.1000
54|10200190000NB|7.6000|7.7000|BASE_TYPE|1/1/2023|6.000||||4/24/2024|12/31/9999|0.1000
54|10200190000NB|7.7000|7.8000|BASE_TYPE|1/1/2023|6.000||||4/24/2024|12/31/9999|0.1000
54|10200190000NB|7.8000|7.9000|BASE_TYPE|1/1/2023|6.000||||4/24/2024|12/31/9999|0.1000
54|10200190000NB|7.9000|8.0000|BASE_TYPE|1/1/2023|6.000||||4/24/2024|12/31/9999|0.1000
54|10200190000NB|8.0000|8.1000|BASE_TYPE|1/1/2023|6.000||||4/24/2024|12/31/9999|0.1000
54|10200190000NB|8.1000|8.2000|BASE_TYPE|1/1/2023|6.000||||4/24/2024|12/31/9999|0.1000
54|10200190000NB|8.2000|8.2300|BASE_TYPE|1/1/2023|6.000||||4/24/2024|12/31/9999|0.0300
54|10200190000NB|14.6400|14.7000|BASE_TYPE|1/1/2023|6.000||||4/24/2024|12/31/9999|0.0600
54|10200190000NB|14.7000|14.8000|BASE_TYPE|1/1/2023|6.000||||4/24/2024|12/31/9999|0.1000
54|10200190000NB|14.8000|14.9000|BASE_TYPE|1/1/2023|6.000||||4/24/2024|12/31/9999|0.1000
54|10200190000NB|14.9000|15.0000|BASE_TYPE|1/1/2023|6.000||||4/24/2024|12/31/9999|0.1000
54|10200190000NB|15.0000|15.1000|BASE_TYPE|1/1/2023|6.000||||4/24/2024|12/31/9999|0.1000
54|10200190000NB|15.1000|15.2000|BASE_TYPE|1/1/2023|6.000||||4/24/2024|12/31/9999|0.1000
54|10200190000NB|15.2000|15.3000|BASE_TYPE|1/1/2023|6.000||||4/24/2024|12/31/9999|0.1000
54|10200190000NB|15.3000|15.4000|BASE_TYPE|1/1/2023|6.000||||4/24/2024|12/31/9999|0.1000
54|10200190000NB|15.4000|15.5000|BASE_TYPE|1/1/2023|6.000||||4/24/2024|12/31/9999|0.1000
54|10200190000NB|15.5000|15.6000|BASE_TYPE|1/1/2023|6.000||||4/24/2024|12/31/9999|0.1000
54|10200190000NB|15.6000|15.6270|BASE_TYPE|1/1/2023|6.000||||4/24/2024|12/31/9999|0.0270
54|10200600000EB|0.3400|0.3450|BASE_TYPE|1/1/2023|6.000||||4/24/2024|12/31/9999|0.0050
54|10200600000EB|0.3450|0.4000|BASE_TYPE|1/1/2023|6.000||||4/24/2024|12/31/9999|0.0550
54|10200600000EB|0.4000|0.5000|BASE_TYPE|1/1/2023|6.000||||4/24/2024|12/31/9999|0.1000
54|10200600000EB|0.5000|0.6000|BASE_TYPE|1/1/2023|6.000||||4/24/2024|12/31/9999|0.1000
54|10200600000EB|0.6000|0.7000|BASE_TYPE|1/1/2023|6.000||||4/24/2024|12/31/9999|0.1000
54|10200600000EB|0.7000|0.8000|BASE_TYPE|1/1/2023|6.000||||4/24/2024|12/31/9999|0.1000
54|10200600000EB|0.8000|0.9000|BASE_TYPE|1/1/2023|6.000||||4/24/2024|12/31/9999|0.1000
54|10200600000EB|0.9000|1.0000|BASE_TYPE|1/1/2023|6.000||||4/24/2024|12/31/9999|0.1000
54|10200600000EB|1.0000|1.0100|BASE_TYPE|1/1/2023|6.000||||4/24/2024|12/31/9999|0.0100
54|13100640000EB|147.6000|147.7000|BASE_TYPE|1/1/2023|6.000||||4/24/2024|12/31/9999|0.1000
54|13100640000EB|147.7000|147.8000|BASE_TYPE|1/1/2023|6.000||||4/24/2024|12/31/9999|0.1000
54|13100640000EB|147.8000|147.9000|BASE_TYPE|1/1/2023|6.000||||4/24/2024|12/31/9999|0.1000
54|13100640000EB|147.9000|147.9300|BASE_TYPE|1/1/2023|6.000||||4/24/2024|12/31/9999|0.0300
54|13100640000EB|147.9300|148.0000|BASE_TYPE|1/1/2023|6.000||||4/24/2024|12/31/9999|0.0700
54|04200190000NB|26.5700|26.6000|BASE_TYPE|1/1/2023|3.000||||4/24/2024|12/31/9999|0.0300
54|04200190000NB|26.6000|26.7000|BASE_TYPE|1/1/2023|3.000||||4/24/2024|12/31/9999|0.1000
54|04200190000NB|26.7000|26.8000|BASE_TYPE|1/1/2023|3.000||||4/24/2024|12/31/9999|0.1000
54|04200190000NB|26.8000|26.9000|BASE_TYPE|1/1/2023|3.000||||4/24/2024|12/31/9999|0.1000
54|04200190000NB|26.9000|27.0000|BASE_TYPE|1/1/2023|3.000||||4/24/2024|12/31/9999|0.1000
54|04200190000NB|27.0000|27.1000|BASE_TYPE|1/1/2023|3.000||||4/24/2024|12/31/9999|0.1000
54|04200190000NB|27.1000|27.2000|BASE_TYPE|1/1/2023|3.000||||4/24/2024|12/31/9999|0.1000
54|04200190000NB|27.2000|27.3000|BASE_TYPE|1/1/2023|3.000||||4/24/2024|12/31/9999|0.1000
54|04200190000NB|27.3000|27.4000|BASE_TYPE|1/1/2023|3.000||||4/24/2024|12/31/9999|0.1000
54|04200190000NB|27.4000|27.5000|BASE_TYPE|1/1/2023|3.000||||4/24/2024|12/31/9999|0.1000
54|04200190000NB|27.5000|27.5600|BASE_TYPE|1/1/2023|3.000||||4/24/2024|12/31/9999|0.0600
54|04200190000NB|27.5600|27.6000|BASE_TYPE|1/1/2023|3.000||||4/24/2024|12/31/9999|0.0400
54|04200190000NB|27.6000|27.6400|BASE_TYPE|1/1/2023|3.000||||4/24/2024|12/31/9999|0.0400
54|04100790000NB|59.3000|59.4000|BASE_TYPE|1/1/2023|3.000||||4/24/2024|12/31/9999|0.1000
54|04100790000NB|59.4000|59.5000|BASE_TYPE|1/1/2023|3.000||||4/24/2024|12/31/9999|0.1000
54|04100790000NB|59.5000|59.6000|BASE_TYPE|1/1/2023|3.000||||4/24/2024|12/31/9999|0.1000
54|04100790000NB|59.6000|59.7000|BASE_TYPE|1/1/2023|3.000||||4/24/2024|12/31/9999|0.1000
54|04100790000NB|59.7000|59.8000|BASE_TYPE|1/1/2023|3.000||||4/24/2024|12/31/9999|0.1000
54|04100790000NB|59.8000|59.9000|BASE_TYPE|1/1/2023|3.000||||4/24/2024|12/31/9999|0.1000
54|04100790000NB|59.9000|60.0000|BASE_TYPE|1/1/2023|3.000||||4/24/2024|12/31/9999|0.1000
54|04100790000NB|60.0000|60.1000|BASE_TYPE|1/1/2023|3.000||||4/24/2024|12/31/9999|0.1000
54|04100790000NB|60.1000|60.2000|BASE_TYPE|1/1/2023|3.000||||4/24/2024|12/31/9999|0.1000
54|04100790000NB|60.2000|60.3000|BASE_TYPE|1/1/2023|3.000||||4/24/2024|12/31/9999|0.1000
54|04100790000NB|60.3000|60.4000|BASE_TYPE|1/1/2023|3.000||||4/24/2024|12/31/9999|0.1000
54|04100790000NB|60.4000|60.5000|BASE_TYPE|1/1/2023|3.000||||4/24/2024|12/31/9999|0.1000
54|04100790000NB|60.5000|60.6000|BASE_TYPE|1/1/2023|3.000||||4/24/2024|12/31/9999|0.1000
54|04100790000NB|60.6000|60.7000|BASE_TYPE|1/1/2023|3.000||||4/24/2024|12/31/9999|0.1000
54|04100790000NB|60.7000|60.8000|BASE_TYPE|1/1/2023|3.000||||4/24/2024|12/31/9999|0.1000
54|04100790000NB|60.8000|60.9000|BASE_TYPE|1/1/2023|3.000||||4/24/2024|12/31/9999|0.1000
54|04100790000NB|60.9000|61.0000|BASE_TYPE|1/1/2023|3.000||||4/24/2024|12/31/9999|0.1000
54|04100790000NB|61.0000|61.1000|BASE_TYPE|1/1/2023|3.000||||4/24/2024|12/31/9999|0.1000
54|04100790000NB|61.1000|61.2000|BASE_TYPE|1/1/2023|3.000||||4/24/2024|12/31/9999|0.1000
54|04100790000NB|61.2000|61.3000|BASE_TYPE|1/1/2023|3.000||||4/24/2024|12/31/9999|0.1000
54|04100790000NB|61.3000|61.4000|BASE_TYPE|1/1/2023|3.000||||4/24/2024|12/31/9999|0.1000
54|04100790000NB|61.4000|61.4700|BASE_TYPE|1/1/2023|3.000||||4/24/2024|12/31/9999|0.0700
54|04100790000NB|61.4700|61.5000|BASE_TYPE|1/1/2023|3.000||||4/24/2024|12/31/9999|0.0300
54|04100790000NB|61.5000|61.6000|BASE_TYPE|1/1/2023|3.000||||4/24/2024|12/31/9999|0.1000
54|04100790000NB|61.6000|61.7000|BASE_TYPE|1/1/2023|3.000||||4/24/2024|12/31/9999|0.1000
54|04100790000NB|61.7000|61.8000|BASE_TYPE|1/1/2023|3.000||||4/24/2024|12/31/9999|0.1000
54|04100790000NB|61.8000|61.9000|BASE_TYPE|1/1/2023|3.000||||4/24/2024|12/31/9999|0.1000
54|04100790000NB|61.9000|62.0000|BASE_TYPE|1/1/2023|3.000||||4/24/2024|12/31/9999|0.1000
54|04100790000NB|62.0000|62.0400|BASE_TYPE|1/1/2023|3.000||||4/24/2024|12/31/9999|0.0400
54|04100790000NB|62.0400|62.1000|BASE_TYPE|1/1/2023|5.000||||4/24/2024|12/31/9999|0.0600
54|04100790000NB|62.1000|62.2000|BASE_TYPE|1/1/2023|5.000||||4/24/2024|12/31/9999|0.1000
54|04100790000NB|62.2000|62.3000|BASE_TYPE|1/1/2023|5.000||||4/24/2024|12/31/9999|0.1000
54|04100790000NB|62.3000|62.4000|BASE_TYPE|1/1/2023|5.000||||4/24/2024|12/31/9999|0.1000
54|04100790000NB|62.4000|62.5000|BASE_TYPE|1/1/2023|5.000||||4/24/2024|12/31/9999|0.1000
54|04100790000NB|62.5000|62.6000|BASE_TYPE|1/1/2023|5.000||||4/24/2024|12/31/9999|0.1000
54|04100790000NB|62.6000|62.7000|BASE_TYPE|1/1/2023|5.000||||4/24/2024|12/31/9999|0.1000
54|04100790000NB|62.7000|62.8000|BASE_TYPE|1/1/2023|5.000||||4/24/2024|12/31/9999|0.1000
54|04100790000NB|62.8000|62.9000|BASE_TYPE|1/1/2023|5.000||||4/24/2024|12/31/9999|0.1000
54|04100790000NB|62.9000|63.0000|BASE_TYPE|1/1/2023|5.000||||4/24/2024|12/31/9999|0.1000
54|04100790000NB|63.0000|63.1000|BASE_TYPE|1/1/2023|5.000||||4/24/2024|12/31/9999|0.1000
54|04100790000NB|63.1000|63.2000|BASE_TYPE|1/1/2023|5.000||||4/24/2024|12/31/9999|0.1000
54|04100790000NB|63.2000|63.3000|BASE_TYPE|1/1/2023|5.000||||4/24/2024|12/31/9999|0.1000
54|04100790000NB|63.3000|63.4000|BASE_TYPE|1/1/2023|5.000||||4/24/2024|12/31/9999|0.1000
54|04100790000NB|63.4000|63.4600|BASE_TYPE|1/1/2023|5.000||||4/24/2024|12/31/9999|0.0600
54|04100790000NB|63.4600|63.5000|BASE_TYPE|1/1/2023|5.000||||4/24/2024|12/31/9999|0.0400
54|04100790000NB|63.5000|63.6000|BASE_TYPE|1/1/2023|5.000||||4/24/2024|12/31/9999|0.1000
54|04100790000NB|63.6000|63.7000|BASE_TYPE|1/1/2023|5.000||||4/24/2024|12/31/9999|0.1000
54|04100790000NB|63.7000|63.8000|BASE_TYPE|1/1/2023|5.000||||4/24/2024|12/31/9999|0.1000
54|04100790000NB|63.8000|63.9000|BASE_TYPE|1/1/2023|5.000||||4/24/2024|12/31/9999|0.1000
54|04100790000NB|63.9000|64.0000|BASE_TYPE|1/1/2023|5.000||||4/24/2024|12/31/9999|0.1000
54|04100790000NB|64.0000|64.1000|BASE_TYPE|1/1/2023|5.000||||4/24/2024|12/31/9999|0.1000
54|04100790000NB|64.1000|64.2000|BASE_TYPE|1/1/2023|5.000||||4/24/2024|12/31/9999|0.1000
54|04100790000NB|64.2000|64.3000|BASE_TYPE|1/1/2023|5.000||||4/24/2024|12/31/9999|0.1000
54|04100790000NB|64.3000|64.4000|BASE_TYPE|1/1/2023|5.000||||4/24/2024|12/31/9999|0.1000
54|04100790000NB|64.4000|64.5000|BASE_TYPE|1/1/2023|5.000||||4/24/2024|12/31/9999|0.1000
54|04100790000NB|64.5000|64.6000|BASE_TYPE|1/1/2023|5.000||||4/24/2024|12/31/9999|0.1000
54|04100790000NB|64.6000|64.7000|BASE_TYPE|1/1/2023|5.000||||4/24/2024|12/31/9999|0.1000
54|04100790000NB|64.7000|64.8000|BASE_TYPE|1/1/2023|5.000||||4/24/2024|12/31/9999|0.1000
54|04100790000NB|64.8000|64.8300|BASE_TYPE|1/1/2023|5.000||||4/24/2024|12/31/9999|0.0300
54|04100790000NB|64.8300|64.9000|BASE_TYPE|1/1/2023|5.000||||4/24/2024|12/31/9999|0.0700
54|04100790000NB|64.9000|65.0000|BASE_TYPE|1/1/2023|5.000||||4/24/2024|12/31/9999|0.1000
54|04100790000NB|65.0000|65.1000|BASE_TYPE|1/1/2023|5.000||||4/24/2024|12/31/9999|0.1000
54|04100790000NB|65.1000|65.2000|BASE_TYPE|1/1/2023|5.000||||4/24/2024|12/31/9999|0.1000
54|04100790000NB|65.2000|65.3000|BASE_TYPE|1/1/2023|5.000||||4/24/2024|12/31/9999|0.1000
54|04100790000NB|65.3000|65.4000|BASE_TYPE|1/1/2023|5.000||||4/24/2024|12/31/9999|0.1000
54|04100790000NB|65.4000|65.5000|BASE_TYPE|1/1/2023|5.000||||4/24/2024|12/31/9999|0.1000
54|04100790000NB|65.5000|65.6000|BASE_TYPE|1/1/2023|5.000||||4/24/2024|12/31/9999|0.1000
54|04100790000NB|65.6000|65.7000|BASE_TYPE|1/1/2023|5.000||||4/24/2024|12/31/9999|0.1000
54|04100790000NB|65.7000|65.8000|BASE_TYPE|1/1/2023|5.000||||4/24/2024|12/31/9999|0.1000
54|04100790000NB|65.8000|65.9000|BASE_TYPE|1/1/2023|3.000||||4/24/2024|12/31/9999|0.1000
54|04100790000NB|65.9000|66.0000|BASE_TYPE|1/1/2023|3.000||||4/24/2024|12/31/9999|0.1000
54|04100790000NB|66.0000|66.1000|BASE_TYPE|1/1/2023|3.000||||4/24/2024|12/31/9999|0.1000
54|04100790000NB|66.1000|66.2000|BASE_TYPE|1/1/2023|3.000||||4/24/2024|12/31/9999|0.1000
54|04100790000NB|66.2000|66.3000|BASE_TYPE|1/1/2023|3.000||||4/24/2024|12/31/9999|0.1000
54|04100790000NB|66.3000|66.4000|BASE_TYPE|1/1/2023|3.000||||4/24/2024|12/31/9999|0.1000
54|04100790000NB|66.4000|66.5000|BASE_TYPE|1/1/2023|3.000||||4/24/2024|12/31/9999|0.1000
54|04100790000NB|66.5000|66.6000|BASE_TYPE|1/1/2023|3.000||||4/24/2024|12/31/9999|0.1000
54|04100790000NB|66.6000|66.7000|BASE_TYPE|1/1/2023|3.000||||4/24/2024|12/31/9999|0.1000
54|04100790000NB|66.7000|66.8000|BASE_TYPE|1/1/2023|3.000||||4/24/2024|12/31/9999|0.1000
54|04100790000NB|66.8000|66.9000|BASE_TYPE|1/1/2023|3.000||||4/24/2024|12/31/9999|0.1000
54|04100790000NB|66.9000|67.0000|BASE_TYPE|1/1/2023|3.000||||4/24/2024|12/31/9999|0.1000
54|04100790000NB|67.0000|67.1000|BASE_TYPE|1/1/2023|3.000||||4/24/2024|12/31/9999|0.1000
54|04100790000NB|67.1000|67.2000|BASE_TYPE|1/1/2023|3.000||||4/24/2024|12/31/9999|0.1000
54|04100790000NB|67.2000|67.3000|BASE_TYPE|1/1/2023|3.000||||4/24/2024|12/31/9999|0.1000
54|04100790000NB|67.3000|67.4000|BASE_TYPE|1/1/2023|3.000||||4/24/2024|12/31/9999|0.1000
54|04100790000NB|67.4000|67.5000|BASE_TYPE|1/1/2023|3.000||||4/24/2024|12/31/9999|0.1000
54|04100790000NB|67.5000|67.5200|BASE_TYPE|1/1/2023|3.000||||4/24/2024|12/31/9999|0.0200
54|04100790000NB|67.5200|67.6000|BASE_TYPE|1/1/2023|3.000||||4/24/2024|12/31/9999|0.0800
54|04100790000NB|67.6000|67.7000|BASE_TYPE|1/1/2023|3.000||||4/24/2024|12/31/9999|0.1000
54|04100790000NB|67.7000|67.8000|BASE_TYPE|1/1/2023|3.000||||4/24/2024|12/31/9999|0.1000
54|04100790000NB|67.8000|67.9000|BASE_TYPE|1/1/2023|3.000||||4/24/2024|12/31/9999|0.1000
54|04100790000NB|67.9000|68.0000|BASE_TYPE|1/1/2023|3.000||||4/24/2024|12/31/9999|0.1000
54|04100790000NB|68.0000|68.1000|BASE_TYPE|1/1/2023|3.000||||4/24/2024|12/31/9999|0.1000
54|04100790000NB|68.1000|68.2000|BASE_TYPE|1/1/2023|3.000||||4/24/2024|12/31/9999|0.1000
54|04100790000NB|68.2000|68.3000|BASE_TYPE|1/1/2023|3.000||||4/24/2024|12/31/9999|0.1000
54|04100790000NB|68.3000|68.4000|BASE_TYPE|1/1/2023|3.000||||4/24/2024|12/31/9999|0.1000
54|04100790000NB|68.4000|68.5000|BASE_TYPE|1/1/2023|3.000||||4/24/2024|12/31/9999|0.1000
54|04100790000NB|68.5000|68.6000|BASE_TYPE|1/1/2023|3.000||||4/24/2024|12/31/9999|0.1000
54|04100790000NB|68.6000|68.7000|BASE_TYPE|1/1/2023|3.000||||4/24/2024|12/31/9999|0.1000
54|04100790000NB|68.7000|68.8000|BASE_TYPE|1/1/2023|3.000||||4/24/2024|12/31/9999|0.1000
54|04100790000NB|68.8000|68.9000|BASE_TYPE|1/1/2023|3.000||||4/24/2024|12/31/9999|0.1000
54|04100790000NB|68.9000|69.0000|BASE_TYPE|1/1/2023|3.000||||4/24/2024|12/31/9999|0.1000
54|04100790000NB|69.0000|69.1000|BASE_TYPE|1/1/2023|3.000||||4/24/2024|12/31/9999|0.1000
54|04100790000NB|69.1000|69.2000|BASE_TYPE|1/1/2023|3.000||||4/24/2024|12/31/9999|0.1000
54|04100790000NB|69.2000|69.3000|BASE_TYPE|1/1/2023|3.000||||4/24/2024|12/31/9999|0.1000
54|04100790000NB|69.3000|69.3200|BASE_TYPE|1/1/2023|3.000||||4/24/2024|12/31/9999|0.0200
54|04100790000NB|69.3200|69.4000|BASE_TYPE|1/1/2023|3.000||||4/24/2024|12/31/9999|0.0800
54|04100790000NB|69.4000|69.5000|BASE_TYPE|1/1/2023|3.000||||4/24/2024|12/31/9999|0.1000
54|04100790000NB|69.5000|69.6000|BASE_TYPE|1/1/2023|3.000||||4/24/2024|12/31/9999|0.1000
54|04100790000NB|69.6000|69.7000|BASE_TYPE|1/1/2023|3.000||||4/24/2024|12/31/9999|0.1000
54|04100790000NB|69.7000|69.8000|BASE_TYPE|1/1/2023|3.000||||4/24/2024|12/31/9999|0.1000
54|04100790000NB|69.8000|69.9000|BASE_TYPE|1/1/2023|3.000||||4/24/2024|12/31/9999|0.1000
54|04100790000NB|69.9000|70.0000|BASE_TYPE|1/1/2023|3.000||||4/24/2024|12/31/9999|0.1000
54|04100790000NB|70.0000|70.1000|BASE_TYPE|1/1/2023|3.000||||4/24/2024|12/31/9999|0.1000
54|04100790000NB|70.1000|70.2000|BASE_TYPE|1/1/2023|3.000||||4/24/2024|12/31/9999|0.1000
54|04100790000NB|70.2000|70.3000|BASE_TYPE|1/1/2023|3.000||||4/24/2024|12/31/9999|0.1000
54|04100790000NB|70.3000|70.4000|BASE_TYPE|1/1/2023|3.000||||4/24/2024|12/31/9999|0.1000
54|04100790000NB|70.4000|70.5000|BASE_TYPE|1/1/2023|3.000||||4/24/2024|12/31/9999|0.1000
54|04100790000NB|70.5000|70.6000|BASE_TYPE|1/1/2023|3.000||||4/24/2024|12/31/9999|0.1000
54|04100790000NB|70.6000|70.7000|BASE_TYPE|1/1/2023|3.000||||4/24/2024|12/31/9999|0.1000
54|04100790000NB|70.7000|70.8000|BASE_TYPE|1/1/2023|3.000||||4/24/2024|12/31/9999|0.1000
54|04100790000NB|70.8000|70.8300|BASE_TYPE|1/1/2023|3.000||||4/24/2024|12/31/9999|0.0300
54|04100790000NB|70.8300|70.9000|BASE_TYPE|1/1/2023|3.000||||4/24/2024|12/31/9999|0.0700
54|04100790000NB|70.9000|71.0000|BASE_TYPE|1/1/2023|3.000||||4/24/2024|12/31/9999|0.1000
54|04100790000NB|71.0000|71.1000|BASE_TYPE|1/1/2023|3.000||||4/24/2024|12/31/9999|0.1000
54|04100790000NB|71.1000|71.2000|BASE_TYPE|1/1/2023|3.000||||4/24/2024|12/31/9999|0.1000
54|04100790000NB|71.2000|71.3000|BASE_TYPE|1/1/2023|3.000||||4/24/2024|12/31/9999|0.1000
54|04100790000NB|71.3000|71.4000|BASE_TYPE|1/1/2023|3.000||||4/24/2024|12/31/9999|0.1000
54|04100790000NB|71.4000|71.5000|BASE_TYPE|1/1/2023|5.000||||4/24/2024|12/31/9999|0.1000
54|04100790000NB|71.5000|71.6000|BASE_TYPE|1/1/2023|5.000||||4/24/2024|12/31/9999|0.1000
54|04100790000NB|71.6000|71.7000|BASE_TYPE|1/1/2023|5.000||||4/24/2024|12/31/9999|0.1000
54|04100790000NB|71.7000|71.8000|BASE_TYPE|1/1/2023|5.000||||4/24/2024|12/31/9999|0.1000
54|04100790000NB|71.8000|71.9000|BASE_TYPE|1/1/2023|5.000||||4/24/2024|12/31/9999|0.1000
54|04100790000NB|71.9000|72.0000|BASE_TYPE|1/1/2023|5.000||||4/24/2024|12/31/9999|0.1000
54|04100790000NB|72.0000|72.1000|BASE_TYPE|1/1/2023|5.000||||4/24/2024|12/31/9999|0.1000
54|04100790000NB|72.1000|72.2000|BASE_TYPE|1/1/2023|5.000||||4/24/2024|12/31/9999|0.1000
54|04100790000NB|72.2000|72.3000|BASE_TYPE|1/1/2023|5.000||||4/24/2024|12/31/9999|0.1000
54|04100790000NB|72.3000|72.4000|BASE_TYPE|1/1/2023|5.000||||4/24/2024|12/31/9999|0.1000
54|04100790000NB|72.4000|72.5000|BASE_TYPE|1/1/2023|5.000||||4/24/2024|12/31/9999|0.1000
54|04100790000NB|72.5000|72.6000|BASE_TYPE|1/1/2023|5.000||||4/24/2024|12/31/9999|0.1000
54|04100790000NB|72.6000|72.7000|BASE_TYPE|1/1/2023|5.000||||4/24/2024|12/31/9999|0.1000
54|04100790000NB|72.7000|72.8000|BASE_TYPE|1/1/2023|5.000||||4/24/2024|12/31/9999|0.1000
54|04100790000NB|72.8000|72.9000|BASE_TYPE|1/1/2023|5.000||||4/24/2024|12/31/9999|0.1000
54|04100790000NB|72.9000|73.0000|BASE_TYPE|1/1/2023|5.000||||4/24/2024|12/31/9999|0.1000
54|04100790000NB|73.0000|73.1000|BASE_TYPE|1/1/2023|5.000||||4/24/2024|12/31/9999|0.1000
54|04100790000NB|73.1000|73.2000|BASE_TYPE|1/1/2023|5.000||||4/24/2024|12/31/9999|0.1000
54|04100790000NB|73.2000|73.3000|BASE_TYPE|1/1/2023|5.000||||4/24/2024|12/31/9999|0.1000
54|04100790000NB|73.3000|73.4000|BASE_TYPE|1/1/2023|5.000||||4/24/2024|12/31/9999|0.1000
54|04100790000NB|73.4000|73.5000|BASE_TYPE|1/1/2023|5.000||||4/24/2024|12/31/9999|0.1000
54|04100790000NB|73.5000|73.6000|BASE_TYPE|1/1/2023|5.000||||4/24/2024|12/31/9999|0.1000
54|04100790000NB|73.6000|73.7000|BASE_TYPE|1/1/2023|5.000||||4/24/2024|12/31/9999|0.1000
54|04100790000NB|73.7000|73.8000|BASE_TYPE|1/1/2023|5.000||||4/24/2024|12/31/9999|0.1000
54|04100790000NB|73.8000|73.9000|BASE_TYPE|1/1/2023|5.000||||4/24/2024|12/31/9999|0.1000
54|04100790000NB|73.9000|74.0000|BASE_TYPE|1/1/2023|5.000||||4/24/2024|12/31/9999|0.1000
54|04100790000NB|74.0000|74.1000|BASE_TYPE|1/1/2023|5.000||||4/24/2024|12/31/9999|0.1000
54|04100790000NB|74.1000|74.2000|BASE_TYPE|1/1/2023|5.000||||4/24/2024|12/31/9999|0.1000
54|04100790000NB|74.2000|74.3000|BASE_TYPE|1/1/2023|5.000||||4/24/2024|12/31/9999|0.1000
54|04100790000NB|74.3000|74.4000|BASE_TYPE|1/1/2023|5.000||||4/24/2024|12/31/9999|0.1000
54|04100790000NB|74.4000|74.5000|BASE_TYPE|1/1/2023|5.000||||4/24/2024|12/31/9999|0.1000
54|04100790000NB|74.5000|74.6000|BASE_TYPE|1/1/2023|5.000||||4/24/2024|12/31/9999|0.1000
54|04100790000NB|74.6000|74.7000|BASE_TYPE|1/1/2023|5.000||||4/24/2024|12/31/9999|0.1000
54|04100790000NB|74.7000|74.8000|BASE_TYPE|1/1/2023|5.000||||4/24/2024|12/31/9999|0.1000
54|04100790000NB|74.8000|74.9000|BASE_TYPE|1/1/2023|5.000||||4/24/2024|12/31/9999|0.1000
54|04100790000NB|74.9000|75.0000|BASE_TYPE|1/1/2023|5.000||||4/24/2024|12/31/9999|0.1000
54|04100790000NB|75.0000|75.1000|BASE_TYPE|1/1/2023|5.000||||4/24/2024|12/31/9999|0.1000
54|04100790000NB|75.1000|75.2000|BASE_TYPE|1/1/2023|5.000||||4/24/2024|12/31/9999|0.1000
54|04100790000NB|75.2000|75.3000|BASE_TYPE|1/1/2023|5.000||||4/24/2024|12/31/9999|0.1000
54|04100790000NB|75.3000|75.4000|BASE_TYPE|1/1/2023|5.000||||4/24/2024|12/31/9999|0.1000
54|04100790000NB|75.4000|75.5000|BASE_TYPE|1/1/2023|5.000||||4/24/2024|12/31/9999|0.1000
54|04100790000NB|75.5000|75.6000|BASE_TYPE|1/1/2023|5.000||||4/24/2024|12/31/9999|0.1000
54|04100790000NB|75.6000|75.7000|BASE_TYPE|1/1/2023|5.000||||4/24/2024|12/31/9999|0.1000
54|04100790000NB|75.7000|75.8000|BASE_TYPE|1/1/2023|5.000||||4/24/2024|12/31/9999|0.1000
54|04100790000NB|75.8000|75.9000|BASE_TYPE|1/1/2023|5.000||||4/24/2024|12/31/9999|0.1000
54|04100790000NB|75.9000|76.0000|BASE_TYPE|1/1/2023|5.000||||4/24/2024|12/31/9999|0.1000
54|04100790000NB|76.0000|76.1000|BASE_TYPE|1/1/2023|5.000||||4/24/2024|12/31/9999|0.1000
54|04100790000NB|76.1000|76.2000|BASE_TYPE|1/1/2023|5.000||||4/24/2024|12/31/9999|0.1000
54|04100790000NB|76.2000|76.3000|BASE_TYPE|1/1/2023|5.000||||4/24/2024|12/31/9999|0.1000
54|04100790000NB|76.3000|76.4000|BASE_TYPE|1/1/2023|5.000||||4/24/2024|12/31/9999|0.1000
54|04100790000NB|76.4000|76.5000|BASE_TYPE|1/1/2023|5.000||||4/24/2024|12/31/9999|0.1000
54|04100790000NB|76.5000|76.6000|BASE_TYPE|1/1/2023|5.000||||4/24/2024|12/31/9999|0.1000
54|04100790000NB|76.6000|76.7000|BASE_TYPE|1/1/2023|5.000||||4/24/2024|12/31/9999|0.1000
54|04100790000NB|76.7000|76.8000|BASE_TYPE|1/1/2023|5.000||||4/24/2024|12/31/9999|0.1000
54|04100790000NB|76.8000|76.9000|BASE_TYPE|1/1/2023|5.000||||4/24/2024|12/31/9999|0.1000
54|04100790000NB|76.9000|77.0000|BASE_TYPE|1/1/2023|5.000||||4/24/2024|12/31/9999|0.1000
54|04100790000NB|77.0000|77.1000|BASE_TYPE|1/1/2023|5.000||||4/24/2024|12/31/9999|0.1000
54|04100790000NB|77.1000|77.2000|BASE_TYPE|1/1/2023|5.000||||4/24/2024|12/31/9999|0.1000
54|04100790000NB|77.2000|77.3000|BASE_TYPE|1/1/2023|5.000||||4/24/2024|12/31/9999|0.1000
54|04100790000NB|77.3000|77.4000|BASE_TYPE|1/1/2023|5.000||||4/24/2024|12/31/9999|0.1000
54|04100790000NB|77.4000|77.5000|BASE_TYPE|1/1/2023|5.000||||4/24/2024|12/31/9999|0.1000
54|04100790000NB|77.5000|77.6000|BASE_TYPE|1/1/2023|5.000||||4/24/2024|12/31/9999|0.1000
54|04100790000NB|77.6000|77.7000|BASE_TYPE|1/1/2023|5.000||||4/24/2024|12/31/9999|0.1000
54|04100790000NB|77.7000|77.8000|BASE_TYPE|1/1/2023|5.000||||4/24/2024|12/31/9999|0.1000
54|04100790000NB|77.8000|77.9000|BASE_TYPE|1/1/2023|5.000||||4/24/2024|12/31/9999|0.1000
54|04100790000NB|77.9000|78.0000|BASE_TYPE|1/1/2023|5.000||||4/24/2024|12/31/9999|0.1000
54|04100790000NB|78.0000|78.1000|BASE_TYPE|1/1/2023|5.000||||4/24/2024|12/31/9999|0.1000
54|04100790000NB|78.1000|78.2000|BASE_TYPE|1/1/2023|5.000||||4/24/2024|12/31/9999|0.1000
54|04100790000NB|78.2000|78.3000|BASE_TYPE|1/1/2023|5.000||||4/24/2024|12/31/9999|0.1000
54|04100790000NB|78.3000|78.4000|BASE_TYPE|1/1/2023|5.000||||4/24/2024|12/31/9999|0.1000
54|04100790000NB|78.4000|78.4100|BASE_TYPE|1/1/2023|5.000||||4/24/2024|12/31/9999|0.0100
54|04100790000NB|78.4100|78.5000|BASE_TYPE|1/1/2023|5.000||||4/24/2024|12/31/9999|0.0900
54|04100790000NB|78.5000|78.6000|BASE_TYPE|1/1/2023|5.000||||4/24/2024|12/31/9999|0.1000
54|04100790000NB|78.6000|78.7000|BASE_TYPE|1/1/2023|5.000||||4/24/2024|12/31/9999|0.1000
54|04100790000NB|78.7000|78.8000|BASE_TYPE|1/1/2023|5.000||||4/24/2024|12/31/9999|0.1000
54|04100790000NB|78.8000|78.9000|BASE_TYPE|1/1/2023|5.000||||4/24/2024|12/31/9999|0.1000
54|04100790000NB|78.9000|79.0000|BASE_TYPE|1/1/2023|5.000||||4/24/2024|12/31/9999|0.1000
54|04100790000NB|79.0000|79.0800|BASE_TYPE|1/1/2023|5.000||||4/24/2024|12/31/9999|0.0800
54|04100790000NB|79.0800|79.1000|BASE_TYPE|1/1/2023|5.000||||4/24/2024|12/31/9999|0.0200
54|04100790000NB|79.1000|79.2000|BASE_TYPE|1/1/2023|5.000||||4/24/2024|12/31/9999|0.1000
54|04100790000NB|79.2000|79.3000|BASE_TYPE|1/1/2023|5.000||||4/24/2024|12/31/9999|0.1000
54|04100790000NB|79.3000|79.4000|BASE_TYPE|1/1/2023|5.000||||4/24/2024|12/31/9999|0.1000
54|04100790000NB|79.4000|79.5000|BASE_TYPE|1/1/2023|5.000||||4/24/2024|12/31/9999|0.1000
54|04100790000NB|79.5000|79.6000|BASE_TYPE|1/1/2023|5.000||||4/24/2024|12/31/9999|0.1000
54|04100790000NB|79.6000|79.7000|BASE_TYPE|1/1/2023|5.000||||4/24/2024|12/31/9999|0.1000
54|04100790000NB|79.7000|79.8000|BASE_TYPE|1/1/2023|5.000||||4/24/2024|12/31/9999|0.1000
54|04100790000NB|79.8000|79.9000|BASE_TYPE|1/1/2023|5.000||||4/24/2024|12/31/9999|0.1000
54|04100790000NB|79.9000|80.0000|BASE_TYPE|1/1/2023|5.000||||4/24/2024|12/31/9999|0.1000
54|04100790000NB|80.0000|80.1000|BASE_TYPE|1/1/2023|5.000||||4/24/2024|12/31/9999|0.1000
54|04100790000NB|80.1000|80.2000|BASE_TYPE|1/1/2023|5.000||||4/24/2024|12/31/9999|0.1000
54|04100790000NB|80.2000|80.3000|BASE_TYPE|1/1/2023|5.000||||4/24/2024|12/31/9999|0.1000
54|04100790000NB|80.3000|80.4000|BASE_TYPE|1/1/2023|5.000||||4/24/2024|12/31/9999|0.1000
54|04100790000NB|80.4000|80.5000|BASE_TYPE|1/1/2023|5.000||||4/24/2024|12/31/9999|0.1000
54|04100790000NB|80.5000|80.6000|BASE_TYPE|1/1/2023|5.000||||4/24/2024|12/31/9999|0.1000
54|04100790000NB|80.6000|80.7000|BASE_TYPE|1/1/2023|5.000||||4/24/2024|12/31/9999|0.1000
54|04100790000NB|80.7000|80.8000|BASE_TYPE|1/1/2023|5.000||||4/24/2024|12/31/9999|0.1000
54|04100790000NB|80.8000|80.9000|BASE_TYPE|1/1/2023|5.000||||4/24/2024|12/31/9999|0.1000
54|04100790000NB|80.9000|81.0000|BASE_TYPE|1/1/2023|5.000||||4/24/2024|12/31/9999|0.1000
54|04100790000NB|81.0000|81.1000|BASE_TYPE|1/1/2023|5.000||||4/24/2024|12/31/9999|0.1000
54|04100790000NB|81.1000|81.2000|BASE_TYPE|1/1/2023|5.000||||4/24/2024|12/31/9999|0.1000
54|04100790000NB|81.2000|81.3000|BASE_TYPE|1/1/2023|5.000||||4/24/2024|12/31/9999|0.1000
54|04100790000NB|81.3000|81.4000|BASE_TYPE|1/1/2023|5.000||||4/24/2024|12/31/9999|0.1000
54|04100790000NB|81.4000|81.5000|BASE_TYPE|1/1/2023|5.000||||4/24/2024|12/31/9999|0.1000
54|04100790000NB|81.5000|81.6000|BASE_TYPE|1/1/2023|5.000||||4/24/2024|12/31/9999|0.1000
54|04100790000NB|81.6000|81.7000|BASE_TYPE|1/1/2023|5.000||||4/24/2024|12/31/9999|0.1000
54|04100790000NB|81.7000|81.8000|BASE_TYPE|1/1/2023|5.000||||4/24/2024|12/31/9999|0.1000
54|04100790000NB|81.8000|81.9000|BASE_TYPE|1/1/2023|5.000||||4/24/2024|12/31/9999|0.1000
54|04100790000NB|81.9000|82.0000|BASE_TYPE|1/1/2023|5.000||||4/24/2024|12/31/9999|0.1000
54|04100790000NB|82.0000|82.1000|BASE_TYPE|1/1/2023|5.000||||4/24/2024|12/31/9999|0.1000
54|04100790000NB|82.1000|82.2000|BASE_TYPE|1/1/2023|5.000||||4/24/2024|12/31/9999|0.1000
54|04100790000NB|82.2000|82.3000|BASE_TYPE|1/1/2023|5.000||||4/24/2024|12/31/9999|0.1000
54|04100790000NB|82.3000|82.4000|BASE_TYPE|1/1/2023|5.000||||4/24/2024|12/31/9999|0.1000
54|04100790000NB|82.4000|82.5000|BASE_TYPE|1/1/2023|5.000||||4/24/2024|12/31/9999|0.1000
54|04100790000NB|82.5000|82.6000|BASE_TYPE|1/1/2023|5.000||||4/24/2024|12/31/9999|0.1000
54|04100790000NB|82.6000|82.7000|BASE_TYPE|1/1/2023|5.000||||4/24/2024|12/31/9999|0.1000
54|04100790000NB|82.7000|82.8000|BASE_TYPE|1/1/2023|5.000||||4/24/2024|12/31/9999|0.1000
54|04100790000NB|82.8000|82.9000|BASE_TYPE|1/1/2023|5.000||||4/24/2024|12/31/9999|0.1000
54|04100790000NB|82.9000|83.0000|BASE_TYPE|1/1/2023|5.000||||4/24/2024|12/31/9999|0.1000
54|04100790000NB|83.0000|83.1000|BASE_TYPE|1/1/2023|5.000||||4/24/2024|12/31/9999|0.1000
54|04100790000NB|83.1000|83.1500|BASE_TYPE|1/1/2023|5.000||||4/24/2024|12/31/9999|0.0500
54|1130005000000|10.8300|12.5100|BASE_TYPE|1/1/2023|3.000||||4/24/2024|12/31/9999|1.6800
54|1130005000000|14.5800|14.8900|BASE_TYPE|1/1/2023|3.000||||4/24/2024|12/31/9999|0.3100
54|1140007000000|6.9700|8.4500|BASE_TYPE|1/1/2023|3.000||||4/24/2024|12/31/9999|1.4800
54|1140007000000|8.4500|8.6700|BASE_TYPE|1/1/2023|3.000||||4/24/2024|12/31/9999|0.2200
54|11200330000EB|0.0000|0.1000|BASE_TYPE|1/1/2023|3.000||||4/24/2024|12/31/9999|0.1000
54|11200330000EB|0.1000|0.2000|BASE_TYPE|1/1/2023|3.000||||4/24/2024|12/31/9999|0.1000
54|11200330000EB|0.2000|0.3000|BASE_TYPE|1/1/2023|3.000||||4/24/2024|12/31/9999|0.1000
54|11200330000EB|0.3000|0.4000|BASE_TYPE|1/1/2023|3.000||||4/24/2024|12/31/9999|0.1000
54|11200330000EB|0.4000|0.5000|BASE_TYPE|1/1/2023|3.000||||4/24/2024|12/31/9999|0.1000
54|11200330000EB|0.5000|0.5900|BASE_TYPE|1/1/2023|3.000||||4/24/2024|12/31/9999|0.0900
54|11200330000EB|1.1200|1.1800|BASE_TYPE|1/1/2023|3.000||||4/24/2024|12/31/9999|0.0600
54|11200330000EB|1.1800|1.2000|BASE_TYPE|1/1/2023|3.000||||4/24/2024|12/31/9999|0.0200
54|11200330000EB|1.2000|1.3000|BASE_TYPE|1/1/2023|3.000||||4/24/2024|12/31/9999|0.1000
54|11200330000EB|1.3000|1.3900|BASE_TYPE|1/1/2023|3.000||||4/24/2024|12/31/9999|0.0900
54|11200330000EB|1.3900|1.4000|BASE_TYPE|1/1/2023|3.000||||4/24/2024|12/31/9999|0.0100
54|11200330000EB|1.4000|1.5000|BASE_TYPE|1/1/2023|3.000||||4/24/2024|12/31/9999|0.1000
54|11200330000EB|1.5000|1.6000|BASE_TYPE|1/1/2023|3.000||||4/24/2024|12/31/9999|0.1000
54|11200330000EB|1.6000|1.7000|BASE_TYPE|1/1/2023|3.000||||4/24/2024|12/31/9999|0.1000
54|11200330000EB|1.7000|1.8000|BASE_TYPE|1/1/2023|3.000||||4/24/2024|12/31/9999|0.1000
54|11200330000EB|1.8000|1.9000|BASE_TYPE|1/1/2023|3.000||||4/24/2024|12/31/9999|0.1000
54|11200330000EB|1.9000|1.9600|BASE_TYPE|1/1/2023|3.000||||4/24/2024|12/31/9999|0.0600
54|11200330000EB|2.2000|2.3000|BASE_TYPE|1/1/2023|3.000||||4/24/2024|12/31/9999|0.1000
54|11200330000EB|2.3000|2.4000|BASE_TYPE|1/1/2023|3.000||||4/24/2024|12/31/9999|0.1000
54|11200330000EB|2.4000|2.5000|BASE_TYPE|1/1/2023|3.000||||4/24/2024|12/31/9999|0.1000
54|11200330000EB|2.5000|2.6000|BASE_TYPE|1/1/2023|3.000||||4/24/2024|12/31/9999|0.1000
54|11200330000EB|2.6000|2.7000|BASE_TYPE|1/1/2023|3.000||||4/24/2024|12/31/9999|0.1000
54|11200330000EB|2.7000|2.8000|BASE_TYPE|1/1/2023|3.000||||4/24/2024|12/31/9999|0.1000
54|11200330000EB|2.8000|2.9000|BASE_TYPE|1/1/2023|3.000||||4/24/2024|12/31/9999|0.1000
54|11200330000EB|2.9000|3.0000|BASE_TYPE|1/1/2023|3.000||||4/24/2024|12/31/9999|0.1000
54|11200330000EB|3.0000|3.1000|BASE_TYPE|1/1/2023|3.000||||4/24/2024|12/31/9999|0.1000
54|11200330000EB|3.1000|3.2000|BASE_TYPE|1/1/2023|3.000||||4/24/2024|12/31/9999|0.1000
54|11200330000EB|3.2000|3.3000|BASE_TYPE|1/1/2023|3.000||||4/24/2024|12/31/9999|0.1000
54|11200330000EB|3.3000|3.4000|BASE_TYPE|1/1/2023|3.000||||4/24/2024|12/31/9999|0.1000
54|11200330000EB|3.4000|3.5000|BASE_TYPE|1/1/2023|3.000||||4/24/2024|12/31/9999|0.1000
54|11200330000EB|3.5000|3.6000|BASE_TYPE|1/1/2023|3.000||||4/24/2024|12/31/9999|0.1000
54|11200330000EB|3.6000|3.7000|BASE_TYPE|1/1/2023|3.000||||4/24/2024|12/31/9999|0.1000
54|11200330000EB|3.7000|3.8000|BASE_TYPE|1/1/2023|3.000||||4/24/2024|12/31/9999|0.1000
54|11200330000EB|3.8000|3.9000|BASE_TYPE|1/1/2023|3.000||||4/24/2024|12/31/9999|0.1000
54|11200330000EB|3.9000|4.0000|BASE_TYPE|1/1/2023|3.000||||4/24/2024|12/31/9999|0.1000
54|11200330000EB|4.0000|4.1000|BASE_TYPE|1/1/2023|3.000||||4/24/2024|12/31/9999|0.1000
54|11200330000EB|4.1000|4.2000|BASE_TYPE|1/1/2023|3.000||||4/24/2024|12/31/9999|0.1000
54|11200330000EB|4.2000|4.3000|BASE_TYPE|1/1/2023|3.000||||4/24/2024|12/31/9999|0.1000
54|11200330000EB|4.3000|4.4000|BASE_TYPE|1/1/2023|3.000||||4/24/2024|12/31/9999|0.1000
54|11200330000EB|4.4000|4.5000|BASE_TYPE|1/1/2023|3.000||||4/24/2024|12/31/9999|0.1000
54|11200330000EB|4.5000|4.6000|BASE_TYPE|1/1/2023|3.000||||4/24/2024|12/31/9999|0.1000
54|11200330000EB|4.6000|4.7000|BASE_TYPE|1/1/2023|3.000||||4/24/2024|12/31/9999|0.1000
54|11200330000EB|4.7000|4.8000|BASE_TYPE|1/1/2023|3.000||||4/24/2024|12/31/9999|0.1000
54|11200330000EB|4.8000|4.9000|BASE_TYPE|1/1/2023|3.000||||4/24/2024|12/31/9999|0.1000
54|11200330000EB|4.9000|5.0000|BASE_TYPE|1/1/2023|3.000||||4/24/2024|12/31/9999|0.1000
54|11200330000EB|5.0000|5.0500|BASE_TYPE|1/1/2023|3.000||||4/24/2024|12/31/9999|0.0500
54|11200330000EB|5.0500|5.1000|BASE_TYPE|1/1/2023|3.000||||4/24/2024|12/31/9999|0.0500
54|11200330000EB|5.1000|5.2000|BASE_TYPE|1/1/2023|3.000||||4/24/2024|12/31/9999|0.1000
54|11200330000EB|5.2000|5.3000|BASE_TYPE|1/1/2023|3.000||||4/24/2024|12/31/9999|0.1000
54|11200330000EB|5.3000|5.4000|BASE_TYPE|1/1/2023|3.000||||4/24/2024|12/31/9999|0.1000
54|11200330000EB|5.4000|5.5000|BASE_TYPE|1/1/2023|3.000||||4/24/2024|12/31/9999|0.1000
54|11200330000EB|20.0000|20.1000|BASE_TYPE|1/1/2023|3.000||||4/24/2024|12/31/9999|0.1000
54|11200330000EB|20.1000|20.2000|BASE_TYPE|1/1/2023|3.000||||4/24/2024|12/31/9999|0.1000
54|11200330000EB|20.2000|20.3000|BASE_TYPE|1/1/2023|3.000||||4/24/2024|12/31/9999|0.1000
54|11200330000EB|20.3000|20.4000|BASE_TYPE|1/1/2023|3.000||||4/24/2024|12/31/9999|0.1000
54|11200330000EB|20.4000|20.5000|BASE_TYPE|1/1/2023|3.000||||4/24/2024|12/31/9999|0.1000
54|11200330000EB|20.5000|20.6000|BASE_TYPE|1/1/2023|3.000||||4/24/2024|12/31/9999|0.1000
54|11200330000EB|20.6000|20.7000|BASE_TYPE|1/1/2023|3.000||||4/24/2024|12/31/9999|0.1000
54|11200330000EB|20.7000|20.8000|BASE_TYPE|1/1/2023|3.000||||4/24/2024|12/31/9999|0.1000
54|11200330000EB|20.8000|20.9000|BASE_TYPE|1/1/2023|3.000||||4/24/2024|12/31/9999|0.1000
54|11200330000EB|20.9000|21.0000|BASE_TYPE|1/1/2023|3.000||||4/24/2024|12/31/9999|0.1000
54|11200330000EB|21.0000|21.1000|BASE_TYPE|1/1/2023|3.000||||4/24/2024|12/31/9999|0.1000
54|11200330000EB|21.1000|21.2000|BASE_TYPE|1/1/2023|3.000||||4/24/2024|12/31/9999|0.1000
54|11200330000EB|21.2000|21.3000|BASE_TYPE|1/1/2023|3.000||||4/24/2024|12/31/9999|0.1000
54|11200330000EB|21.3000|21.4000|BASE_TYPE|1/1/2023|3.000||||4/24/2024|12/31/9999|0.1000
54|11200330000EB|21.4000|21.5000|BASE_TYPE|1/1/2023|3.000||||4/24/2024|12/31/9999|0.1000
54|11200330000EB|21.5000|21.6000|BASE_TYPE|1/1/2023|3.000||||4/24/2024|12/31/9999|0.1000
54|11200330000EB|21.6000|21.7000|BASE_TYPE|1/1/2023|3.000||||4/24/2024|12/31/9999|0.1000
54|11200330000EB|21.7000|21.8000|BASE_TYPE|1/1/2023|3.000||||4/24/2024|12/31/9999|0.1000
54|11200330000EB|21.8000|21.9000|BASE_TYPE|1/1/2023|3.000||||4/24/2024|12/31/9999|0.1000
54|11200330000EB|23.8000|23.9000|BASE_TYPE|1/1/2023|3.000||||4/24/2024|12/31/9999|0.1000
54|11200330000EB|23.9000|24.0000|BASE_TYPE|1/1/2023|3.000||||4/24/2024|12/31/9999|0.1000
54|11200330000EB|24.0000|24.1000|BASE_TYPE|1/1/2023|3.000||||4/24/2024|12/31/9999|0.1000
54|11200330000EB|24.1000|24.2000|BASE_TYPE|1/1/2023|3.000||||4/24/2024|12/31/9999|0.1000
54|11200330000EB|24.2000|24.3000|BASE_TYPE|1/1/2023|3.000||||4/24/2024|12/31/9999|0.1000
54|11200330000EB|24.3000|24.4000|BASE_TYPE|1/1/2023|3.000||||4/24/2024|12/31/9999|0.1000
54|11200330000EB|24.4000|24.5000|BASE_TYPE|1/1/2023|3.000||||4/24/2024|12/31/9999|0.1000
54|11200330000EB|24.5000|24.6000|BASE_TYPE|1/1/2023|3.000||||4/24/2024|12/31/9999|0.1000
54|11200330000EB|24.6000|24.7000|BASE_TYPE|1/1/2023|3.000||||4/24/2024|12/31/9999|0.1000
54|11200330000EB|24.7000|24.8000|BASE_TYPE|1/1/2023|3.000||||4/24/2024|12/31/9999|0.1000
54|11200330000EB|24.8000|24.9000|BASE_TYPE|1/1/2023|3.000||||4/24/2024|12/31/9999|0.1000
54|11200330000EB|24.9000|25.0000|BASE_TYPE|1/1/2023|3.000||||4/24/2024|12/31/9999|0.1000
54|11200330000EB|25.0000|25.0900|BASE_TYPE|1/1/2023|3.000||||4/24/2024|12/31/9999|0.0900
54|11200330000EB|25.0900|25.1000|BASE_TYPE|1/1/2023|3.000||||4/24/2024|12/31/9999|0.0100
54|11200330000EB|25.1000|25.2000|BASE_TYPE|1/1/2023|3.000||||4/24/2024|12/31/9999|0.1000
54|11200330000EB|25.2000|25.3000|BASE_TYPE|1/1/2023|3.000||||4/24/2024|12/31/9999|0.1000
54|11200330000EB|25.3000|25.4000|BASE_TYPE|1/1/2023|3.000||||4/24/2024|12/31/9999|0.1000
54|11200330000EB|25.4000|25.5000|BASE_TYPE|1/1/2023|3.000||||4/24/2024|12/31/9999|0.1000
54|11200330000EB|25.5000|25.6000|BASE_TYPE|1/1/2023|3.000||||4/24/2024|12/31/9999|0.1000
54|11200330000EB|25.6000|25.7000|BASE_TYPE|1/1/2023|3.000||||4/24/2024|12/31/9999|0.1000
54|11200330000EB|25.7000|25.8000|BASE_TYPE|1/1/2023|3.000||||4/24/2024|12/31/9999|0.1000
54|11200330000EB|25.8000|25.9000|BASE_TYPE|1/1/2023|3.000||||4/24/2024|12/31/9999|0.1000
54|11200330000EB|25.9000|26.0000|BASE_TYPE|1/1/2023|3.000||||4/24/2024|12/31/9999|0.1000
54|11200330000EB|26.0000|26.1000|BASE_TYPE|1/1/2023|3.000||||4/24/2024|12/31/9999|0.1000
54|11200330000EB|26.1000|26.2000|BASE_TYPE|1/1/2023|3.000||||4/24/2024|12/31/9999|0.1000
54|11200330000EB|26.2000|26.3000|BASE_TYPE|1/1/2023|3.000||||4/24/2024|12/31/9999|0.1000
54|11200330000EB|26.3000|26.4000|BASE_TYPE|1/1/2023|3.000||||4/24/2024|12/31/9999|0.1000
54|11200330000EB|26.4000|26.5000|BASE_TYPE|1/1/2023|3.000||||4/24/2024|12/31/9999|0.1000
54|11200330000EB|26.5000|26.6000|BASE_TYPE|1/1/2023|3.000||||4/24/2024|12/31/9999|0.1000
54|11200330000EB|26.6000|26.7000|BASE_TYPE|1/1/2023|3.000||||4/24/2024|12/31/9999|0.1000
54|11200330000EB|26.7000|26.7300|BASE_TYPE|1/1/2023|3.000||||4/24/2024|12/31/9999|0.0300
54|1540507000000|0.4300|0.9200|BASE_TYPE|1/1/2023|2.000|||same as 2020|4/24/2024|12/31/9999|0.4900
54|11200330000EB|23.7000|23.8000|BASE_TYPE|1/1/2023|3.000||||4/24/2024|12/31/9999|0.1000
54|11200330000EB|23.6000|23.7000|BASE_TYPE|1/1/2023|3.000||||4/24/2024|12/31/9999|0.1000
54|11200330000EB|23.5000|23.6000|BASE_TYPE|1/1/2023|3.000||||4/24/2024|12/31/9999|0.1000
54|11200330000EB|23.4000|23.5000|BASE_TYPE|1/1/2023|3.000||||4/24/2024|12/31/9999|0.1000
54|11200330000EB|23.3000|23.4000|BASE_TYPE|1/1/2023|3.000||||4/24/2024|12/31/9999|0.1000
54|11200330000EB|23.2000|23.3000|BASE_TYPE|1/1/2023|3.000||||4/24/2024|12/31/9999|0.1000
54|11200330000EB|23.1460|23.2000|BASE_TYPE|1/1/2023|3.000||||4/24/2024|12/31/9999|0.0540
54|11200330000EB|23.1000|23.1460|BASE_TYPE|1/1/2023|3.000||||4/24/2024|12/31/9999|0.0460
54|11200330000EB|23.0000|23.1000|BASE_TYPE|1/1/2023|3.000||||4/24/2024|12/31/9999|0.1000
54|11200330000EB|22.9000|23.0000|BASE_TYPE|1/1/2023|3.000||||4/24/2024|12/31/9999|0.1000
54|11200330000EB|22.8000|22.9000|BASE_TYPE|1/1/2023|3.000||||4/24/2024|12/31/9999|0.1000
54|11200330000EB|22.7000|22.8000|BASE_TYPE|1/1/2023|3.000||||4/24/2024|12/31/9999|0.1000
54|11200330000EB|22.6000|22.7000|BASE_TYPE|1/1/2023|3.000||||4/24/2024|12/31/9999|0.1000
54|11200330000EB|22.5000|22.6000|BASE_TYPE|1/1/2023|3.000||||4/24/2024|12/31/9999|0.1000
54|11200330000EB|22.4000|22.5000|BASE_TYPE|1/1/2023|3.000||||4/24/2024|12/31/9999|0.1000
54|11200330000EB|22.3000|22.4000|BASE_TYPE|1/1/2023|3.000||||4/24/2024|12/31/9999|0.1000
54|11200330000EB|22.2800|22.3000|BASE_TYPE|1/1/2023|3.000||||4/24/2024|12/31/9999|0.0200
54|11200330000EB|22.1000|22.1800|BASE_TYPE|1/1/2023|3.000||||4/24/2024|12/31/9999|0.0800
54|11200330000EB|22.0000|22.1000|BASE_TYPE|1/1/2023|3.000||||4/24/2024|12/31/9999|0.1000
54|11200330000EB|21.9000|22.0000|BASE_TYPE|1/1/2023|3.000||||4/24/2024|12/31/9999|0.1000
54|11200330000EB|19.9000|20.0000|BASE_TYPE|1/1/2023|3.000||||4/24/2024|12/31/9999|0.1000
54|11200330000EB|19.8000|19.9000|BASE_TYPE|1/1/2023|3.000||||4/24/2024|12/31/9999|0.1000
54|11200330000EB|19.7000|19.8000|BASE_TYPE|1/1/2023|3.000||||4/24/2024|12/31/9999|0.1000
54|11200330000EB|19.6200|19.7000|BASE_TYPE|1/1/2023|3.000||||4/24/2024|12/31/9999|0.0800
54|11200330000EB|19.6000|19.6200|BASE_TYPE|1/1/2023|3.000||||4/24/2024|12/31/9999|0.0200
54|11200330000EB|19.5000|19.6000|BASE_TYPE|1/1/2023|3.000||||4/24/2024|12/31/9999|0.1000
54|11200330000EB|19.4000|19.5000|BASE_TYPE|1/1/2023|3.000||||4/24/2024|12/31/9999|0.1000
54|11200330000EB|19.3000|19.4000|BASE_TYPE|1/1/2023|3.000||||4/24/2024|12/31/9999|0.1000
54|11200330000EB|19.2000|19.3000|BASE_TYPE|1/1/2023|3.000||||4/24/2024|12/31/9999|0.1000
54|11200330000EB|19.1000|19.2000|BASE_TYPE|1/1/2023|3.000||||4/24/2024|12/31/9999|0.1000
54|11200330000EB|19.0000|19.1000|BASE_TYPE|1/1/2023|3.000||||4/24/2024|12/31/9999|0.1000
54|11200330000EB|18.9000|19.0000|BASE_TYPE|1/1/2023|3.000||||4/24/2024|12/31/9999|0.1000
54|11200330000EB|18.8000|18.9000|BASE_TYPE|1/1/2023|3.000||||4/24/2024|12/31/9999|0.1000
54|11200330000EB|18.7000|18.8000|BASE_TYPE|1/1/2023|3.000||||4/24/2024|12/31/9999|0.1000
54|11200330000EB|18.6000|18.7000|BASE_TYPE|1/1/2023|3.000||||4/24/2024|12/31/9999|0.1000
54|11200330000EB|18.5000|18.6000|BASE_TYPE|1/1/2023|3.000||||4/24/2024|12/31/9999|0.1000
54|11200330000EB|18.4000|18.5000|BASE_TYPE|1/1/2023|3.000||||4/24/2024|12/31/9999|0.1000
54|11200330000EB|18.3000|18.4000|BASE_TYPE|1/1/2023|3.000||||4/24/2024|12/31/9999|0.1000
54|11200330000EB|18.2000|18.3000|BASE_TYPE|1/1/2023|3.000||||4/24/2024|12/31/9999|0.1000
54|11200330000EB|17.8000|17.8200|BASE_TYPE|1/1/2023|3.000||||4/24/2024|12/31/9999|0.0200
54|11200330000EB|17.7000|17.8000|BASE_TYPE|1/1/2023|3.000||||4/24/2024|12/31/9999|0.1000
54|11200330000EB|17.6000|17.7000|BASE_TYPE|1/1/2023|3.000||||4/24/2024|12/31/9999|0.1000
54|11200330000EB|17.5000|17.6000|BASE_TYPE|1/1/2023|3.000||||4/24/2024|12/31/9999|0.1000
54|11200330000EB|17.4000|17.5000|BASE_TYPE|1/1/2023|3.000||||4/24/2024|12/31/9999|0.1000
54|11200330000EB|17.3000|17.4000|BASE_TYPE|1/1/2023|3.000||||4/24/2024|12/31/9999|0.1000
54|11200330000EB|6.4000|6.4400|BASE_TYPE|1/1/2023|3.000||||4/24/2024|12/31/9999|0.0400
54|11200330000EB|6.3000|6.4000|BASE_TYPE|1/1/2023|3.000||||4/24/2024|12/31/9999|0.1000
54|11200330000EB|6.2000|6.3000|BASE_TYPE|1/1/2023|3.000||||4/24/2024|12/31/9999|0.1000
54|11200330000EB|6.1000|6.2000|BASE_TYPE|1/1/2023|3.000||||4/24/2024|12/31/9999|0.1000
54|11200330000EB|6.0000|6.1000|BASE_TYPE|1/1/2023|3.000||||4/24/2024|12/31/9999|0.1000
54|11200330000EB|5.9000|6.0000|BASE_TYPE|1/1/2023|3.000||||4/24/2024|12/31/9999|0.1000
54|11200330000EB|5.8000|5.9000|BASE_TYPE|1/1/2023|3.000||||4/24/2024|12/31/9999|0.1000
54|11200330000EB|5.7000|5.8000|BASE_TYPE|1/1/2023|3.000||||4/24/2024|12/31/9999|0.1000
54|11200330000EB|5.6000|5.7000|BASE_TYPE|1/1/2023|3.000||||4/24/2024|12/31/9999|0.1000
54|11200330000EB|5.5000|5.6000|BASE_TYPE|1/1/2023|3.000||||4/24/2024|12/31/9999|0.1000
54|1540507000000|0.9200|1.1600|BASE_TYPE|1/1/2023|2.000|||New 2021|4/24/2024|12/31/9999|0.2400
54|1530002000000|0.2800|0.5600|BASE_TYPE|1/1/2023|2.000|||same as 2020|4/24/2024|12/31/9999|0.2800
54|19203400005SB|0.0000|0.1000|BASE_TYPE|1/1/2023|2.000||||4/24/2024|12/31/9999|0.1000
54|19203400005SB|0.1000|0.1700|BASE_TYPE|1/1/2023|2.000||||4/24/2024|12/31/9999|0.0700
54|19203400005SB|0.1700|0.2000|BASE_TYPE|1/1/2023|2.000||||4/24/2024|12/31/9999|0.0300
54|19203400005SB|0.2000|0.2300|BASE_TYPE|1/1/2023|2.000||||4/24/2024|12/31/9999|0.0300
54|19203400005SB|0.2300|0.3000|BASE_TYPE|1/1/2023|2.000||||4/24/2024|12/31/9999|0.0700
54|19203400005SB|0.3000|0.3700|BASE_TYPE|1/1/2023|2.000||||4/24/2024|12/31/9999|0.0700
54|19203400005SB|0.3710|0.4000|BASE_TYPE|1/1/2023|2.000||||4/24/2024|12/31/9999|0.0290
54|19203400005SB|0.4000|0.5000|BASE_TYPE|1/1/2023|2.000||||4/24/2024|12/31/9999|0.1000
54|19203400005SB|0.5000|0.6000|BASE_TYPE|1/1/2023|2.000||||4/24/2024|12/31/9999|0.1000
54|1930051000000|8.6600|8.7800|BASE_TYPE|1/1/2023|2.000||||4/24/2024|12/31/9999|0.1200
54|19203400000NB|6.9000|7.0000|BASE_TYPE|1/1/2023|2.000||||4/24/2024|12/31/9999|0.1000
54|19203400000NB|7.0000|7.1000|BASE_TYPE|1/1/2023|2.000||||4/24/2024|12/31/9999|0.1000
54|19203400000NB|7.1000|7.2000|BASE_TYPE|1/1/2023|2.000||||4/24/2024|12/31/9999|0.1000
54|19203400000NB|7.2000|7.3000|BASE_TYPE|1/1/2023|2.000||||4/24/2024|12/31/9999|0.1000
54|19203400000NB|7.3000|7.4000|BASE_TYPE|1/1/2023|2.000||||4/24/2024|12/31/9999|0.1000
54|19203400000NB|7.4000|7.5000|BASE_TYPE|1/1/2023|2.000||||4/24/2024|12/31/9999|0.1000
54|19203400000NB|7.5000|7.6000|BASE_TYPE|1/1/2023|2.000||||4/24/2024|12/31/9999|0.1000
54|19203400000NB|7.6000|7.7000|BASE_TYPE|1/1/2023|2.000||||4/24/2024|12/31/9999|0.1000
54|19203400000NB|7.7000|7.8000|BASE_TYPE|1/1/2023|2.000||||4/24/2024|12/31/9999|0.1000
54|19203400000NB|7.8000|7.9000|BASE_TYPE|1/1/2023|2.000||||4/24/2024|12/31/9999|0.1000
54|19203400000NB|7.9000|8.0000|BASE_TYPE|1/1/2023|2.000||||4/24/2024|12/31/9999|0.1000
54|19203400000NB|8.0000|8.1000|BASE_TYPE|1/1/2023|2.000||||4/24/2024|12/31/9999|0.1000
54|19203400000NB|8.1000|8.2000|BASE_TYPE|1/1/2023|2.000||||4/24/2024|12/31/9999|0.1000
54|19203400000NB|8.2000|8.3000|BASE_TYPE|1/1/2023|2.000||||4/24/2024|12/31/9999|0.1000
54|19203400000NB|8.3000|8.4000|BASE_TYPE|1/1/2023|2.000||||4/24/2024|12/31/9999|0.1000
54|19203400000NB|8.4000|8.5000|BASE_TYPE|1/1/2023|2.000||||4/24/2024|12/31/9999|0.1000
54|19203400000NB|8.5000|8.5600|BASE_TYPE|1/1/2023|2.000||||4/24/2024|12/31/9999|0.0600
54|19203400000NB|8.5600|8.6000|BASE_TYPE|1/1/2023|2.000||||4/24/2024|12/31/9999|0.0400
54|19203400000NB|8.6000|8.6270|BASE_TYPE|1/1/2023|2.000||||4/24/2024|12/31/9999|0.0270
54|19203400000NB|8.6270|8.7000|BASE_TYPE|1/1/2023|2.000||||4/24/2024|12/31/9999|0.0730
54|19203400000NB|8.7000|8.8000|BASE_TYPE|1/1/2023|2.000||||4/24/2024|12/31/9999|0.1000
54|19203400000NB|8.8000|8.9000|BASE_TYPE|1/1/2023|2.000||||4/24/2024|12/31/9999|0.1000
54|19203400000NB|8.9000|9.0000|BASE_TYPE|1/1/2023|2.000||||4/24/2024|12/31/9999|0.1000
54|19203400000NB|9.0000|9.1000|BASE_TYPE|1/1/2023|2.000||||4/24/2024|12/31/9999|0.1000
54|19203400000NB|9.1000|9.1300|BASE_TYPE|1/1/2023|2.000||||4/24/2024|12/31/9999|0.0300
54|19203400000NB|9.1300|9.2000|BASE_TYPE|1/1/2023|2.000||||4/24/2024|12/31/9999|0.0700
54|19203400000NB|9.2000|9.3000|BASE_TYPE|1/1/2023|2.000||||4/24/2024|12/31/9999|0.1000
54|19203400000NB|9.3000|9.3800|BASE_TYPE|1/1/2023|2.000||||4/24/2024|12/31/9999|0.0800
54|19203400000NB|9.3800|9.4000|BASE_TYPE|1/1/2023|2.000||||4/24/2024|12/31/9999|0.0200
54|19203400000NB|9.4000|9.5000|BASE_TYPE|1/1/2023|2.000||||4/24/2024|12/31/9999|0.1000
54|19203400000NB|9.6000|9.7000|BASE_TYPE|1/1/2023|2.000||||4/24/2024|12/31/9999|0.1000
54|19203400000NB|9.7000|9.8000|BASE_TYPE|1/1/2023|2.000||||4/24/2024|12/31/9999|0.1000
54|19203400000NB|9.8000|9.9000|BASE_TYPE|1/1/2023|2.000||||4/24/2024|12/31/9999|0.1000
54|19203400000NB|9.9000|10.0000|BASE_TYPE|1/1/2023|2.000||||4/24/2024|12/31/9999|0.1000
54|19203400000NB|10.0000|10.1000|BASE_TYPE|1/1/2023|2.000||||4/24/2024|12/31/9999|0.1000
54|19203400000NB|10.1000|10.2000|BASE_TYPE|1/1/2023|2.000||||4/24/2024|12/31/9999|0.1000
54|19203400000NB|10.2000|10.3000|BASE_TYPE|1/1/2023|2.000||||4/24/2024|12/31/9999|0.1000
54|19203400000NB|10.3000|10.4000|BASE_TYPE|1/1/2023|2.000||||4/24/2024|12/31/9999|0.1000
54|19203400000NB|10.4000|10.4100|BASE_TYPE|1/1/2023|2.000||||4/24/2024|12/31/9999|0.0100
54|19203400000NB|10.4100|10.5000|BASE_TYPE|1/1/2023|2.000||||4/24/2024|12/31/9999|0.0900
54|19203400000NB|10.5000|10.6000|BASE_TYPE|1/1/2023|2.000||||4/24/2024|12/31/9999|0.1000
54|19203400000NB|10.6000|10.7000|BASE_TYPE|1/1/2023|2.000||||4/24/2024|12/31/9999|0.1000
54|19203400000NB|10.7000|10.8000|BASE_TYPE|1/1/2023|2.000||||4/24/2024|12/31/9999|0.1000
54|19203400000NB|10.8000|10.9000|BASE_TYPE|1/1/2023|2.000||||4/24/2024|12/31/9999|0.1000
54|19203400000NB|10.9000|11.0000|BASE_TYPE|1/1/2023|2.000||||4/24/2024|12/31/9999|0.1000
54|19203400000NB|11.0000|11.1000|BASE_TYPE|1/1/2023|2.000||||4/24/2024|12/31/9999|0.1000
54|19203400000NB|11.1000|11.2000|BASE_TYPE|1/1/2023|2.000||||4/24/2024|12/31/9999|0.1000
54|19203400000NB|11.2000|11.3000|BASE_TYPE|1/1/2023|2.000||||4/24/2024|12/31/9999|0.1000
54|19203400000NB|11.3000|11.4000|BASE_TYPE|1/1/2023|2.000||||4/24/2024|12/31/9999|0.1000
54|19203400000NB|11.4000|11.5000|BASE_TYPE|1/1/2023|2.000||||4/24/2024|12/31/9999|0.1000
54|19203400000NB|11.5000|11.6000|BASE_TYPE|1/1/2023|2.000||||4/24/2024|12/31/9999|0.1000
54|19203400000NB|11.6000|11.7000|BASE_TYPE|1/1/2023|2.000||||4/24/2024|12/31/9999|0.1000
54|19203400000NB|11.7000|11.8000|BASE_TYPE|1/1/2023|2.000||||4/24/2024|12/31/9999|0.1000
54|19203400000NB|11.8000|11.8600|BASE_TYPE|1/1/2023|2.000||||4/24/2024|12/31/9999|0.0600
54|19203400000NB|11.9000|12.0000|BASE_TYPE|1/1/2023|2.000||||4/24/2024|12/31/9999|0.1000
54|19203400000NB|12.0000|12.0470|BASE_TYPE|1/1/2023|2.000||||4/24/2024|12/31/9999|0.0470
54|19203400000NB|12.0470|12.1000|BASE_TYPE|1/1/2023|2.000||||4/24/2024|12/31/9999|0.0530
54|19203400000NB|12.1000|12.2000|BASE_TYPE|1/1/2023|2.000||||4/24/2024|12/31/9999|0.1000
54|19203400000NB|12.2000|12.3000|BASE_TYPE|1/1/2023|2.000||||4/24/2024|12/31/9999|0.1000
54|19203400000NB|12.3000|12.4000|BASE_TYPE|1/1/2023|2.000||||4/24/2024|12/31/9999|0.1000
54|19203400000NB|12.4000|12.5000|BASE_TYPE|1/1/2023|2.000||||4/24/2024|12/31/9999|0.1000
54|19203400000NB|12.5000|12.6000|BASE_TYPE|1/1/2023|2.000||||4/24/2024|12/31/9999|0.1000
54|19203400000NB|12.6000|12.7000|BASE_TYPE|1/1/2023|2.000||||4/24/2024|12/31/9999|0.1000
54|19203400000NB|12.7000|12.8000|BASE_TYPE|1/1/2023|2.000||||4/24/2024|12/31/9999|0.1000
54|19203400000NB|12.8000|12.8800|BASE_TYPE|1/1/2023|2.000||||4/24/2024|12/31/9999|0.0800
54|19203400000NB|12.8800|12.9000|BASE_TYPE|1/1/2023|2.000||||4/24/2024|12/31/9999|0.0200
54|19203400000NB|12.9000|13.0000|BASE_TYPE|1/1/2023|2.000||||4/24/2024|12/31/9999|0.1000
54|19203400000NB|13.0000|13.1000|BASE_TYPE|1/1/2023|2.000||||4/24/2024|12/31/9999|0.1000
54|19203400000NB|13.1000|13.2000|BASE_TYPE|1/1/2023|2.000||||4/24/2024|12/31/9999|0.1000
54|19203400000NB|13.2000|13.2600|BASE_TYPE|1/1/2023|2.000||||4/24/2024|12/31/9999|0.0600
54|19203400000NB|13.2600|13.3000|BASE_TYPE|1/1/2023|2.000||||4/24/2024|12/31/9999|0.0400
54|19203400000NB|13.3000|13.4000|BASE_TYPE|1/1/2023|2.000||||4/24/2024|12/31/9999|0.1000
54|19203400000NB|13.4000|13.5000|BASE_TYPE|1/1/2023|2.000||||4/24/2024|12/31/9999|0.1000
54|19203400000NB|13.5000|13.6000|BASE_TYPE|1/1/2023|2.000||||4/24/2024|12/31/9999|0.1000
54|19203400000NB|13.6000|13.7000|BASE_TYPE|1/1/2023|2.000||||4/24/2024|12/31/9999|0.1000
54|19203400000NB|13.7000|13.8000|BASE_TYPE|1/1/2023|2.000||||4/24/2024|12/31/9999|0.1000
54|19203400000NB|13.8000|13.8200|BASE_TYPE|1/1/2023|2.000||||4/24/2024|12/31/9999|0.0200
54|19203400000NB|14.6600|14.7000|BASE_TYPE|1/1/2023|2.000||||4/24/2024|12/31/9999|0.0400
54|19203400000NB|14.7000|14.8000|BASE_TYPE|1/1/2023|2.000||||4/24/2024|12/31/9999|0.1000
54|19203400000NB|14.8000|14.8600|BASE_TYPE|1/1/2023|2.000||||4/24/2024|12/31/9999|0.0600
54|19203400000NB|14.8600|14.9000|BASE_TYPE|1/1/2023|2.000||||4/24/2024|12/31/9999|0.0400
54|19203400000NB|14.9000|15.0000|BASE_TYPE|1/1/2023|2.000||||4/24/2024|12/31/9999|0.1000
54|19203400000NB|15.0000|15.1000|BASE_TYPE|1/1/2023|2.000||||4/24/2024|12/31/9999|0.1000
54|19203400000NB|15.1000|15.2000|BASE_TYPE|1/1/2023|2.000||||4/24/2024|12/31/9999|0.1000
54|19203400000NB|15.2000|15.3000|BASE_TYPE|1/1/2023|2.000||||4/24/2024|12/31/9999|0.1000
54|19203400000NB|15.3000|15.3100|BASE_TYPE|1/1/2023|2.000||||4/24/2024|12/31/9999|0.0100
54|1930009000000|0.0000|0.0590|BASE_TYPE|1/1/2023|7.000||||4/24/2024|12/31/9999|0.0590
54|1930009000000|0.0590|0.1000|BASE_TYPE|1/1/2023|7.000||||4/24/2024|12/31/9999|0.0410
54|1930009000000|0.1000|0.2000|BASE_TYPE|1/1/2023|7.000||||4/24/2024|12/31/9999|0.1000
54|1930009000000|0.2000|0.3000|BASE_TYPE|1/1/2023|7.000||||4/24/2024|12/31/9999|0.1000
54|1930009000000|0.3000|0.4000|BASE_TYPE|1/1/2023|7.000||||4/24/2024|12/31/9999|0.1000
54|1930009000000|0.4000|0.5000|BASE_TYPE|1/1/2023|7.000||||4/24/2024|12/31/9999|0.1000
54|1930009000000|0.5000|0.6000|BASE_TYPE|1/1/2023|7.000||||4/24/2024|12/31/9999|0.1000
54|1930009000000|0.6000|0.7000|BASE_TYPE|1/1/2023|7.000||||4/24/2024|12/31/9999|0.1000
54|1930009000000|0.7000|0.8000|BASE_TYPE|1/1/2023|7.000||||4/24/2024|12/31/9999|0.1000
54|1930009000000|0.8000|0.9000|BASE_TYPE|1/1/2023|7.000||||4/24/2024|12/31/9999|0.1000
54|1930009000000|0.9000|1.0000|BASE_TYPE|1/1/2023|7.000||||4/24/2024|12/31/9999|0.1000
54|1930009000000|1.0000|1.1000|BASE_TYPE|1/1/2023|7.000||||4/24/2024|12/31/9999|0.1000
54|1930009000000|1.1000|1.2000|BASE_TYPE|1/1/2023|7.000||||4/24/2024|12/31/9999|0.1000
54|1930009000000|1.2000|1.3000|BASE_TYPE|1/1/2023|7.000||||4/24/2024|12/31/9999|0.1000
54|1930009000000|1.3000|1.4000|BASE_TYPE|1/1/2023|7.000||||4/24/2024|12/31/9999|0.1000
54|1930009000000|1.4000|1.4500|BASE_TYPE|1/1/2023|7.000||||4/24/2024|12/31/9999|0.0500
54|1930009000000|1.4500|1.5000|BASE_TYPE|1/1/2023|7.000||||4/24/2024|12/31/9999|0.0500
54|1930009000000|1.5000|1.6000|BASE_TYPE|1/1/2023|7.000||||4/24/2024|12/31/9999|0.1000
54|1930009000000|1.6000|1.7000|BASE_TYPE|1/1/2023|7.000||||4/24/2024|12/31/9999|0.1000
54|1930009000000|1.7000|1.8000|BASE_TYPE|1/1/2023|7.000||||4/24/2024|12/31/9999|0.1000
54|1930009000000|1.8000|1.9000|BASE_TYPE|1/1/2023|7.000||||4/24/2024|12/31/9999|0.1000
54|1930009000000|1.9000|2.0000|BASE_TYPE|1/1/2023|7.000||||4/24/2024|12/31/9999|0.1000
54|1930009000000|2.0000|2.1000|BASE_TYPE|1/1/2023|7.000||||4/24/2024|12/31/9999|0.1000
54|1930009000000|2.1000|2.2000|BASE_TYPE|1/1/2023|7.000||||4/24/2024|12/31/9999|0.1000
54|1930009000000|2.2000|2.3000|BASE_TYPE|1/1/2023|7.000||||4/24/2024|12/31/9999|0.1000
54|1930009000000|2.3000|2.4000|BASE_TYPE|1/1/2023|7.000||||4/24/2024|12/31/9999|0.1000
54|1930009000000|2.4000|2.5000|BASE_TYPE|1/1/2023|7.000||||4/24/2024|12/31/9999|0.1000
54|1930009000000|2.5000|2.6000|BASE_TYPE|1/1/2023|7.000||||4/24/2024|12/31/9999|0.1000
54|1930009000000|2.6000|2.7000|BASE_TYPE|1/1/2023|7.000||||4/24/2024|12/31/9999|0.1000
54|1930009000000|2.7000|2.8000|BASE_TYPE|1/1/2023|7.000||||4/24/2024|12/31/9999|0.1000
54|1930009000000|2.8000|2.9000|BASE_TYPE|1/1/2023|7.000||||4/24/2024|12/31/9999|0.1000
54|1930009000000|2.9000|3.0000|BASE_TYPE|1/1/2023|7.000||||4/24/2024|12/31/9999|0.1000
54|1930009000000|3.0000|3.1000|BASE_TYPE|1/1/2023|7.000||||4/24/2024|12/31/9999|0.1000
54|1930009000000|3.1000|3.2000|BASE_TYPE|1/1/2023|7.000||||4/24/2024|12/31/9999|0.1000
54|1930009000000|3.2000|3.3000|BASE_TYPE|1/1/2023|7.000||||4/24/2024|12/31/9999|0.1000
54|1930009000000|3.3000|3.4000|BASE_TYPE|1/1/2023|7.000||||4/24/2024|12/31/9999|0.1000
54|1930009000000|3.4000|3.5000|BASE_TYPE|1/1/2023|7.000||||4/24/2024|12/31/9999|0.1000
54|1930009000000|3.5000|3.6000|BASE_TYPE|1/1/2023|7.000||||4/24/2024|12/31/9999|0.1000
54|1930009000000|3.6000|3.7000|BASE_TYPE|1/1/2023|7.000||||4/24/2024|12/31/9999|0.1000
54|1930009000000|3.7000|3.8000|BASE_TYPE|1/1/2023|7.000||||4/24/2024|12/31/9999|0.1000
54|1930009000000|3.8000|3.9000|BASE_TYPE|1/1/2023|7.000||||4/24/2024|12/31/9999|0.1000
54|1930009000000|3.9000|3.9400|BASE_TYPE|1/1/2023|7.000||||4/24/2024|12/31/9999|0.0400
54|1930009000000|4.9700|5.0000|BASE_TYPE|1/1/2023|7.000||||4/24/2024|12/31/9999|0.0300
54|1930009000000|5.0000|5.1000|BASE_TYPE|1/1/2023|7.000||||4/24/2024|12/31/9999|0.1000
54|1930009000000|5.1000|5.2000|BASE_TYPE|1/1/2023|7.000||||4/24/2024|12/31/9999|0.1000
54|1930009000000|5.2000|5.3000|BASE_TYPE|1/1/2023|7.000||||4/24/2024|12/31/9999|0.1000
54|1930009000000|5.3000|5.4000|BASE_TYPE|1/1/2023|7.000||||4/24/2024|12/31/9999|0.1000
54|1930009000000|5.4000|5.5000|BASE_TYPE|1/1/2023|7.000||||4/24/2024|12/31/9999|0.1000
54|1930009000000|5.5000|5.6000|BASE_TYPE|1/1/2023|7.000||||4/24/2024|12/31/9999|0.1000
54|1930009000000|5.6000|5.7000|BASE_TYPE|1/1/2023|7.000||||4/24/2024|12/31/9999|0.1000
54|1930009000000|5.7000|5.8000|BASE_TYPE|1/1/2023|7.000||||4/24/2024|12/31/9999|0.1000
54|1930009000000|5.8000|5.9000|BASE_TYPE|1/1/2023|7.000||||4/24/2024|12/31/9999|0.1000
54|1930009000000|5.9000|6.0000|BASE_TYPE|1/1/2023|7.000||||4/24/2024|12/31/9999|0.1000
54|1930009000000|6.0000|6.1000|BASE_TYPE|1/1/2023|7.000||||4/24/2024|12/31/9999|0.1000
54|1930009000000|6.1000|6.2000|BASE_TYPE|1/1/2023|7.000||||4/24/2024|12/31/9999|0.1000
54|1930009000000|6.2000|6.3000|BASE_TYPE|1/1/2023|7.000||||4/24/2024|12/31/9999|0.1000
54|1930009000000|6.3000|6.3500|BASE_TYPE|1/1/2023|7.000||||4/24/2024|12/31/9999|0.0500
54|1930009000000|10.9100|11.0000|BASE_TYPE|1/1/2023|7.000||||4/24/2024|12/31/9999|0.0900
54|1930009000000|11.0000|11.1000|BASE_TYPE|1/1/2023|7.000||||4/24/2024|12/31/9999|0.1000
54|1930009000000|11.1000|11.2000|BASE_TYPE|1/1/2023|7.000||||4/24/2024|12/31/9999|0.1000
54|1930009000000|11.2000|11.3000|BASE_TYPE|1/1/2023|7.000||||4/24/2024|12/31/9999|0.1000
54|1930009000000|11.3000|11.4000|BASE_TYPE|1/1/2023|7.000||||4/24/2024|12/31/9999|0.1000
54|1930009000000|11.4000|11.4180|BASE_TYPE|1/1/2023|7.000||||4/24/2024|12/31/9999|0.0180
54|1930009000000|14.4350|14.5000|BASE_TYPE|1/1/2023|7.000||||4/24/2024|12/31/9999|0.0650
54|1930009000000|14.5000|14.6000|BASE_TYPE|1/1/2023|7.000||||4/24/2024|12/31/9999|0.1000
54|1930009000000|14.6000|14.7000|BASE_TYPE|1/1/2023|7.000||||4/24/2024|12/31/9999|0.1000
54|1930009000000|14.7000|14.8000|BASE_TYPE|1/1/2023|7.000||||4/24/2024|12/31/9999|0.1000
54|1930009000000|14.8000|14.9000|BASE_TYPE|1/1/2023|7.000||||4/24/2024|12/31/9999|0.1000
54|1930009000000|14.9000|14.9600|BASE_TYPE|1/1/2023|7.000||||4/24/2024|12/31/9999|0.0600
54|24200520000EB|0.0000|0.1000|BASE_TYPE|1/1/2023|3.000||||4/24/2024|12/31/9999|0.1000
54|24200520000EB|0.1000|0.2000|BASE_TYPE|1/1/2023|3.000||||4/24/2024|12/31/9999|0.1000
54|24200520000EB|0.2000|0.3000|BASE_TYPE|1/1/2023|3.000||||4/24/2024|12/31/9999|0.1000
54|24200520000EB|0.3000|0.4000|BASE_TYPE|1/1/2023|3.000||||4/24/2024|12/31/9999|0.1000
54|24200520000EB|0.4000|0.5000|BASE_TYPE|1/1/2023|3.000||||4/24/2024|12/31/9999|0.1000
54|24200520000EB|0.5000|0.6000|BASE_TYPE|1/1/2023|3.000||||4/24/2024|12/31/9999|0.1000
54|24200520000EB|0.6000|0.7000|BASE_TYPE|1/1/2023|3.000||||4/24/2024|12/31/9999|0.1000
54|24200520000EB|0.7000|0.8000|BASE_TYPE|1/1/2023|3.000||||4/24/2024|12/31/9999|0.1000
54|24200520000EB|0.8000|0.9000|BASE_TYPE|1/1/2023|3.000||||4/24/2024|12/31/9999|0.1000
54|24200520000EB|0.9000|1.0000|BASE_TYPE|1/1/2023|3.000||||4/24/2024|12/31/9999|0.1000
54|24200520000EB|1.0000|1.0900|BASE_TYPE|1/1/2023|3.000||||4/24/2024|12/31/9999|0.0900
54|24200520000EB|2.5400|2.6000|BASE_TYPE|1/1/2023|3.000||||4/24/2024|12/31/9999|0.0600
54|24200520000EB|2.6000|2.7000|BASE_TYPE|1/1/2023|3.000||||4/24/2024|12/31/9999|0.1000
54|24200520000EB|2.7000|2.8000|BASE_TYPE|1/1/2023|3.000||||4/24/2024|12/31/9999|0.1000
54|24200520000EB|2.8000|2.9000|BASE_TYPE|1/1/2023|3.000||||4/24/2024|12/31/9999|0.1000
54|24200520000EB|2.9000|3.0000|BASE_TYPE|1/1/2023|3.000||||4/24/2024|12/31/9999|0.1000
54|24200520000EB|3.0000|3.1000|BASE_TYPE|1/1/2023|3.000||||4/24/2024|12/31/9999|0.1000
54|24200520000EB|3.1000|3.2000|BASE_TYPE|1/1/2023|3.000||||4/24/2024|12/31/9999|0.1000
54|24200520000EB|3.2000|3.3000|BASE_TYPE|1/1/2023|3.000||||4/24/2024|12/31/9999|0.1000
54|24200520000EB|3.3000|3.4000|BASE_TYPE|1/1/2023|3.000||||4/24/2024|12/31/9999|0.1000
54|24200520000EB|3.4000|3.5000|BASE_TYPE|1/1/2023|3.000||||4/24/2024|12/31/9999|0.1000
54|24200520000EB|3.5000|3.6000|BASE_TYPE|1/1/2023|3.000||||4/24/2024|12/31/9999|0.1000
54|24200520000EB|3.6000|3.7000|BASE_TYPE|1/1/2023|3.000||||4/24/2024|12/31/9999|0.1000
54|24200520000EB|3.7000|3.7200|BASE_TYPE|1/1/2023|3.000||||4/24/2024|12/31/9999|0.0200
54|24200520000EB|5.1900|5.2000|BASE_TYPE|1/1/2023|3.000||||4/24/2024|12/31/9999|0.0100
54|24200520000EB|5.2000|5.3000|BASE_TYPE|1/1/2023|3.000||||4/24/2024|12/31/9999|0.1000
54|24200520000EB|5.3000|5.4000|BASE_TYPE|1/1/2023|3.000||||4/24/2024|12/31/9999|0.1000
54|24200520000EB|5.4000|5.5000|BASE_TYPE|1/1/2023|3.000||||4/24/2024|12/31/9999|0.1000
54|24200520000EB|5.5000|5.6000|BASE_TYPE|1/1/2023|3.000||||4/24/2024|12/31/9999|0.1000
54|24200520000EB|5.6000|5.7000|BASE_TYPE|1/1/2023|3.000||||4/24/2024|12/31/9999|0.1000
54|24200520000EB|5.7000|5.8000|BASE_TYPE|1/1/2023|3.000||||4/24/2024|12/31/9999|0.1000
54|24200520000EB|5.8000|5.9000|BASE_TYPE|1/1/2023|3.000||||4/24/2024|12/31/9999|0.1000
54|24200520000EB|5.9000|6.0000|BASE_TYPE|1/1/2023|3.000||||4/24/2024|12/31/9999|0.1000
54|24200520000EB|6.0000|6.1000|BASE_TYPE|1/1/2023|3.000||||4/24/2024|12/31/9999|0.1000
54|24200520000EB|6.1000|6.2000|BASE_TYPE|1/1/2023|3.000||||4/24/2024|12/31/9999|0.1000
54|24200520000EB|6.2000|6.3000|BASE_TYPE|1/1/2023|3.000||||4/24/2024|12/31/9999|0.1000
54|24200520000EB|6.3000|6.4000|BASE_TYPE|1/1/2023|3.000||||4/24/2024|12/31/9999|0.1000
54|24200520000EB|6.4000|6.5000|BASE_TYPE|1/1/2023|3.000||||4/24/2024|12/31/9999|0.1000
54|24200520000EB|6.5000|6.6000|BASE_TYPE|1/1/2023|3.000||||4/24/2024|12/31/9999|0.1000
54|24200520000EB|6.6000|6.7000|BASE_TYPE|1/1/2023|3.000||||4/24/2024|12/31/9999|0.1000
54|24200520000EB|6.7000|6.8000|BASE_TYPE|1/1/2023|3.000||||4/24/2024|12/31/9999|0.1000
54|24200520000EB|6.8000|6.9000|BASE_TYPE|1/1/2023|3.000||||4/24/2024|12/31/9999|0.1000
54|24200520000EB|6.9000|7.0000|BASE_TYPE|1/1/2023|3.000||||4/24/2024|12/31/9999|0.1000
54|24200520000EB|7.0000|7.1000|BASE_TYPE|1/1/2023|3.000||||4/24/2024|12/31/9999|0.1000
54|24200520000EB|7.1000|7.2000|BASE_TYPE|1/1/2023|3.000||||4/24/2024|12/31/9999|0.1000
54|24200520000EB|7.2000|7.3000|BASE_TYPE|1/1/2023|3.000||||4/24/2024|12/31/9999|0.1000
54|24200520000EB|7.3000|7.4000|BASE_TYPE|1/1/2023|3.000||||4/24/2024|12/31/9999|0.1000
54|24200520000EB|7.4000|7.5000|BASE_TYPE|1/1/2023|3.000||||4/24/2024|12/31/9999|0.1000
54|24200520000EB|7.5000|7.6000|BASE_TYPE|1/1/2023|3.000||||4/24/2024|12/31/9999|0.1000
54|24200520000EB|7.6000|7.7000|BASE_TYPE|1/1/2023|3.000||||4/24/2024|12/31/9999|0.1000
54|24200520000EB|7.7000|7.8000|BASE_TYPE|1/1/2023|3.000||||4/24/2024|12/31/9999|0.1000
54|24200520000EB|7.8000|7.9000|BASE_TYPE|1/1/2023|3.000||||4/24/2024|12/31/9999|0.1000
54|24200520000EB|7.9000|7.9100|BASE_TYPE|1/1/2023|3.000||||4/24/2024|12/31/9999|0.0100
54|24200520000EB|9.5900|9.6000|BASE_TYPE|1/1/2023|3.000||||4/24/2024|12/31/9999|0.0100
54|24200520000EB|9.6000|9.7000|BASE_TYPE|1/1/2023|3.000||||4/24/2024|12/31/9999|0.1000
54|24200520000EB|9.7000|9.8000|BASE_TYPE|1/1/2023|3.000||||4/24/2024|12/31/9999|0.1000
54|24200520000EB|9.8000|9.9000|BASE_TYPE|1/1/2023|3.000||||4/24/2024|12/31/9999|0.1000
54|24200520000EB|9.9000|10.0000|BASE_TYPE|1/1/2023|3.000||||4/24/2024|12/31/9999|0.1000
54|24200520000EB|10.0000|10.1000|BASE_TYPE|1/1/2023|3.000||||4/24/2024|12/31/9999|0.1000
54|24200520000EB|10.1000|10.2000|BASE_TYPE|1/1/2023|3.000||||4/24/2024|12/31/9999|0.1000
54|24200520000EB|10.2000|10.3000|BASE_TYPE|1/1/2023|3.000||||4/24/2024|12/31/9999|0.1000
54|24200520000EB|10.3000|10.4000|BASE_TYPE|1/1/2023|3.000||||4/24/2024|12/31/9999|0.1000
54|24200520000EB|10.4000|10.5000|BASE_TYPE|1/1/2023|3.000||||4/24/2024|12/31/9999|0.1000
54|24200520000EB|10.5000|10.6000|BASE_TYPE|1/1/2023|3.000||||4/24/2024|12/31/9999|0.1000
54|24200520000EB|10.6000|10.7000|BASE_TYPE|1/1/2023|3.000||||4/24/2024|12/31/9999|0.1000
54|24200520000EB|10.7000|10.8000|BASE_TYPE|1/1/2023|3.000||||4/24/2024|12/31/9999|0.1000
54|24200520000EB|10.8000|10.9000|BASE_TYPE|1/1/2023|3.000||||4/24/2024|12/31/9999|0.1000
54|24200520000EB|10.9000|11.0000|BASE_TYPE|1/1/2023|3.000||||4/24/2024|12/31/9999|0.1000
54|24200520000EB|11.0000|11.1000|BASE_TYPE|1/1/2023|3.000||||4/24/2024|12/31/9999|0.1000
54|24200520000EB|11.1000|11.2000|BASE_TYPE|1/1/2023|3.000||||4/24/2024|12/31/9999|0.1000
54|24200520000EB|11.2000|11.3000|BASE_TYPE|1/1/2023|3.000||||4/24/2024|12/31/9999|0.1000
54|24200520000EB|11.3000|11.4000|BASE_TYPE|1/1/2023|3.000||||4/24/2024|12/31/9999|0.1000
54|24200520000EB|11.4000|11.5000|BASE_TYPE|1/1/2023|3.000||||4/24/2024|12/31/9999|0.1000
54|24200520000EB|11.5000|11.6000|BASE_TYPE|1/1/2023|3.000||||4/24/2024|12/31/9999|0.1000
54|24200520000EB|11.6000|11.7000|BASE_TYPE|1/1/2023|3.000||||4/24/2024|12/31/9999|0.1000
54|24200520000EB|11.7000|11.8000|BASE_TYPE|1/1/2023|3.000||||4/24/2024|12/31/9999|0.1000
54|24200520000EB|11.8000|11.9000|BASE_TYPE|1/1/2023|3.000||||4/24/2024|12/31/9999|0.1000
54|24200520000EB|11.9000|12.0000|BASE_TYPE|1/1/2023|3.000||||4/24/2024|12/31/9999|0.1000
54|24200520000EB|12.0000|12.1000|BASE_TYPE|1/1/2023|3.000||||4/24/2024|12/31/9999|0.1000
54|24200520000EB|12.1000|12.2000|BASE_TYPE|1/1/2023|3.000||||4/24/2024|12/31/9999|0.1000
54|24200520000EB|12.2000|12.3000|BASE_TYPE|1/1/2023|3.000||||4/24/2024|12/31/9999|0.1000
54|24200520000EB|12.3000|12.4000|BASE_TYPE|1/1/2023|3.000||||4/24/2024|12/31/9999|0.1000
54|24200520000EB|12.4000|12.5000|BASE_TYPE|1/1/2023|3.000||||4/24/2024|12/31/9999|0.1000
54|24200520000EB|12.5000|12.6000|BASE_TYPE|1/1/2023|3.000||||4/24/2024|12/31/9999|0.1000
54|24200520000EB|12.6000|12.7000|BASE_TYPE|1/1/2023|3.000||||4/24/2024|12/31/9999|0.1000
54|24200520000EB|12.7000|12.8000|BASE_TYPE|1/1/2023|3.000||||4/24/2024|12/31/9999|0.1000
54|24200520000EB|12.8000|12.8200|BASE_TYPE|1/1/2023|3.000||||4/24/2024|12/31/9999|0.0200
54|24200520000EB|24.5900|24.6000|BASE_TYPE|1/1/2023|3.000||||4/24/2024|12/31/9999|0.0100
54|24200520000EB|24.6000|24.7000|BASE_TYPE|1/1/2023|3.000||||4/24/2024|12/31/9999|0.1000
54|24200520000EB|24.7000|24.8000|BASE_TYPE|1/1/2023|3.000||||4/24/2024|12/31/9999|0.1000
54|24200520000EB|24.8000|24.9000|BASE_TYPE|1/1/2023|3.000||||4/24/2024|12/31/9999|0.1000
54|24200520000EB|24.9000|25.0000|BASE_TYPE|1/1/2023|3.000||||4/24/2024|12/31/9999|0.1000
54|24200520000EB|25.0000|25.1000|BASE_TYPE|1/1/2023|3.000||||4/24/2024|12/31/9999|0.1000
54|24200520000EB|25.1000|25.2000|BASE_TYPE|1/1/2023|3.000||||4/24/2024|12/31/9999|0.1000
54|24200520000EB|25.2000|25.3000|BASE_TYPE|1/1/2023|3.000||||4/24/2024|12/31/9999|0.1000
54|24200520000EB|25.3000|25.4000|BASE_TYPE|1/1/2023|3.000||||4/24/2024|12/31/9999|0.1000
54|24200520000EB|25.4000|25.5000|BASE_TYPE|1/1/2023|3.000||||4/24/2024|12/31/9999|0.1000
54|24200520000EB|25.5000|25.6000|BASE_TYPE|1/1/2023|3.000||||4/24/2024|12/31/9999|0.1000
54|24200520000EB|25.6000|25.7000|BASE_TYPE|1/1/2023|3.000||||4/24/2024|12/31/9999|0.1000
54|24200520000EB|25.7000|25.8000|BASE_TYPE|1/1/2023|3.000||||4/24/2024|12/31/9999|0.1000
54|2071026001900|0.0000|0.3300|BASE_TYPE|1/1/2023|3.000||||4/24/2024|12/31/9999|0.3300
54|17100790000NB|117.1700|117.7400|BASE_TYPE|1/1/2023|2.000|||same as 2020|4/24/2024|12/31/9999|0.5700
54|17100790000NB|117.7400|119.5300|BASE_TYPE|1/1/2023|2.000|||same as 2020|4/24/2024|12/31/9999|1.7900
54|17100790000NB|119.5300|119.9000|BASE_TYPE|1/1/2023|2.000|||same as 2020|4/24/2024|12/31/9999|0.3700
54|17100790000NB|119.9000|120.0000|BASE_TYPE|1/1/2023|2.000|||same as 2020|4/24/2024|12/31/9999|0.1000
54|17100790000NB|120.0000|120.7200|BASE_TYPE|1/1/2023|2.000|||same as 2020|4/24/2024|12/31/9999|0.7200
54|17100790000NB|120.7200|122.4300|BASE_TYPE|1/1/2023|2.000|||same as 2020|4/24/2024|12/31/9999|1.7100
54|17100790000NB|122.4300|122.9000|BASE_TYPE|1/1/2023|2.000|||same as 2020|4/24/2024|12/31/9999|0.4700
54|17100790000NB|122.9000|123.9880|BASE_TYPE|1/1/2023|2.000|||same as 2020|4/24/2024|12/31/9999|1.0880
54|17100790000NB|123.9880|125.3800|BASE_TYPE|1/1/2023|2.000|||same as 2020|4/24/2024|12/31/9999|1.3920
54|17100790000NB|125.3800|125.8000|BASE_TYPE|1/1/2023|2.000|||same as 2020|4/24/2024|12/31/9999|0.4200
54|17100790000NB|125.8000|129.2170|BASE_TYPE|1/1/2023|2.000|||same as 2020|4/24/2024|12/31/9999|3.4170
54|17200190000NB|18.6100|20.6200|BASE_TYPE|1/1/2023|6.000|||same as 2020|4/24/2024|12/31/9999|2.0100
54|17200500000EB|0.0000|1.5300|BASE_TYPE|1/1/2023|2.000|||same as 2020|4/24/2024|12/31/9999|1.5300
54|17200500000EB|1.5300|3.3700|BASE_TYPE|1/1/2023|2.000|||same as 2020|4/24/2024|12/31/9999|1.8400
54|17200500000EB|3.4200|3.8000|BASE_TYPE|1/1/2023|2.000|||same as 2020|4/24/2024|12/31/9999|0.3800
54|17200500000EB|6.1100|7.1800|BASE_TYPE|1/1/2023|2.000|||same as 2020|4/24/2024|12/31/9999|1.0700
54|17200500000EB|7.1800|12.2900|BASE_TYPE|1/1/2023|2.000|||same as 2020|4/24/2024|12/31/9999|5.1100
54|17200500000EB|12.2900|12.8800|BASE_TYPE|1/1/2023|2.000|||same as 2020|4/24/2024|12/31/9999|0.5900
54|17200500000EB|13.2500|13.5600|BASE_TYPE|1/1/2023|2.000|||same as 2020|4/24/2024|12/31/9999|0.3100
54|17200500000EB|13.7800|14.0300|BASE_TYPE|1/1/2023|2.000|||same as 2020|4/24/2024|12/31/9999|0.2500
54|17200500000EB|14.0300|14.2000|BASE_TYPE|1/1/2023|2.000|||same as 2020|4/24/2024|12/31/9999|0.1700
54|17200500000EB|14.2000|14.2500|BASE_TYPE|1/1/2023|2.000|||same as 2020|4/24/2024|12/31/9999|0.0500
54|17200500000EB|14.3240|14.6000|BASE_TYPE|1/1/2023|2.000|||same as 2020|4/24/2024|12/31/9999|0.2760
54|17200500000EB|14.6000|14.6400|BASE_TYPE|1/1/2023|2.000|||same as 2020|4/24/2024|12/31/9999|0.0400
54|17200500000EB|14.9600|15.3000|BASE_TYPE|1/1/2023|2.000|||same as 2020|4/24/2024|12/31/9999|0.3400
54|17200500000EB|15.3000|15.3100|BASE_TYPE|1/1/2023|2.000|||same as 2020|4/24/2024|12/31/9999|0.0100
54|17200500000EB|15.4650|15.5700|BASE_TYPE|1/1/2023|2.000|||same as 2020|4/24/2024|12/31/9999|0.1050
54|17200500000EB|15.6800|15.7000|BASE_TYPE|1/1/2023|2.000|||same as 2020|4/24/2024|12/31/9999|0.0200
54|17200500000EB|15.7000|16.2400|BASE_TYPE|1/1/2023|2.000|||same as 2020|4/24/2024|12/31/9999|0.5400
54|17200500000EB|16.2700|17.7900|BASE_TYPE|1/1/2023|2.000|||same as 2020|4/24/2024|12/31/9999|1.5200
54|17200500000EB|17.7900|18.0000|BASE_TYPE|1/1/2023|2.000|||same as 2020|4/24/2024|12/31/9999|0.2100
54|17200500000EB|18.0000|18.1000|BASE_TYPE|1/1/2023|2.000|||same as 2020|4/24/2024|12/31/9999|0.1000
54|17200500000EB|18.1000|18.2000|BASE_TYPE|1/1/2023|2.000|||same as 2020|4/24/2024|12/31/9999|0.1000
54|17200500000EB|18.2000|18.3200|BASE_TYPE|1/1/2023|2.000|||same as 2020|4/24/2024|12/31/9999|0.1200
54|17200500000EB|18.3200|18.4500|BASE_TYPE|1/1/2023|2.000|||same as 2020|4/24/2024|12/31/9999|0.1300
54|17200500000EB|18.4500|18.5200|BASE_TYPE|1/1/2023|2.000|||same as 2020|4/24/2024|12/31/9999|0.0700
54|17200500000EB|18.5200|18.8000|BASE_TYPE|1/1/2023|2.000|||same as 2020|4/24/2024|12/31/9999|0.2800
54|17200500000EB|18.8500|19.2100|BASE_TYPE|1/1/2023|2.000|||same as 2020|4/24/2024|12/31/9999|0.3600
54|1730020000000|7.2200|7.4140|BASE_TYPE|1/1/2023|6.000|||same as 2020|4/24/2024|12/31/9999|0.1940
54|1730020002300|0.0000|0.1300|BASE_TYPE|1/1/2023|6.000|||same as 2020|4/24/2024|12/31/9999|0.1300
54|1740011000000|4.7000|5.2400|BASE_TYPE|1/1/2023|2.000|||same as 2020|4/24/2024|12/31/9999|0.5400
54|1740019020000|0.2300|0.6500|BASE_TYPE|1/1/2023|2.000|||same as 2020|4/24/2024|12/31/9999|0.4200
54|1740019290000|0.0000|0.5700|BASE_TYPE|1/1/2023|1.000|||same as 2020|4/24/2024|12/31/9999|0.5700
54|1740019570000|0.0000|0.4900|BASE_TYPE|1/1/2023|2.000|||same as 2020|4/24/2024|12/31/9999|0.4900
54|1740020750000|0.4600|0.9300|BASE_TYPE|1/1/2023|6.000|||same as 2020|4/24/2024|12/31/9999|0.4700
54|1740020750000|1.2600|1.4800|BASE_TYPE|1/1/2023|2.000|||same as 2020|4/24/2024|12/31/9999|0.2200
54|1740023090000|6.7700|7.3600|BASE_TYPE|1/1/2023|2.000|||same as 2020|4/24/2024|12/31/9999|0.5900
54|1740025060000|2.9800|5.2600|BASE_TYPE|1/1/2023|1.000|||same as 2020|4/24/2024|12/31/9999|2.2800
54|1740031000000|0.5000|1.4500|BASE_TYPE|1/1/2023|1.000|||same as 2020|4/24/2024|12/31/9999|0.9500
54|1740050340000|0.0000|0.6900|BASE_TYPE|1/1/2023|2.000|||same as 2020|4/24/2024|12/31/9999|0.6900
54|1740050400000|0.0000|0.6700|BASE_TYPE|1/1/2023|2.000|||same as 2020|4/24/2024|12/31/9999|0.6700
54|2030622000000|1.9600|2.1300|BASE_TYPE|1/1/2023|3.000|||New 2021|4/24/2024|12/31/9999|0.1700
54|2030622000000|2.7200|3.7900|BASE_TYPE|1/1/2023|5.000|||same as 2020|4/24/2024|12/31/9999|1.0700
54|20100790000NB|0.0000|0.8000|BASE_TYPE|1/1/2023|3.000|||same as 2020|4/24/2024|12/31/9999|0.8000
54|20100790000NB|0.9000|1.9500|BASE_TYPE|1/1/2023|3.000|||same as 2020|4/24/2024|12/31/9999|1.0500
54|20100790000NB|1.9500|2.2400|BASE_TYPE|1/1/2023|3.000|||same as 2020|4/24/2024|12/31/9999|0.2900
54|20100790000NB|2.2400|3.5100|BASE_TYPE|1/1/2023|3.000|||same as 2020|4/24/2024|12/31/9999|1.2700
54|20100790000NB|3.5100|4.5100|BASE_TYPE|1/1/2023|3.000|||same as 2020|4/24/2024|12/31/9999|1.0000
54|20100790000NB|4.5100|5.4200|BASE_TYPE|1/1/2023|3.000|||same as 2020|4/24/2024|12/31/9999|0.9100
54|20100790000NB|5.4200|5.5600|BASE_TYPE|1/1/2023|3.000|||same as 2020|4/24/2024|12/31/9999|0.1400
54|20100790000NB|5.5600|6.1200|BASE_TYPE|1/1/2023|3.000|||same as 2020|4/24/2024|12/31/9999|0.5600
54|20100790000NB|6.8200|7.1900|BASE_TYPE|1/1/2023|3.000|||same as 2020|4/24/2024|12/31/9999|0.3700
54|20100790000NB|7.1900|7.3800|BASE_TYPE|1/1/2023|3.000|||same as 2020|4/24/2024|12/31/9999|0.1900
54|20100790000NB|9.9700|10.6400|BASE_TYPE|1/1/2023|3.000|||same as 2020|4/24/2024|12/31/9999|0.6700
54|20100790000NB|10.6400|15.6000|BASE_TYPE|1/1/2023|3.000|||same as 2020|4/24/2024|12/31/9999|4.9600
54|20100790000NB|16.0400|16.1000|BASE_TYPE|1/1/2023|5.000|||same as 2020|4/24/2024|12/31/9999|0.0600
54|20100790000NB|16.2000|19.2200|BASE_TYPE|1/1/2023|3.000|||same as 2020|4/24/2024|12/31/9999|3.0200
54|20100790000NB|19.2200|20.6000|BASE_TYPE|1/1/2023|3.000|||same as 2020|4/24/2024|12/31/9999|1.3800
54|20100790000NB|20.6200|20.7000|BASE_TYPE|1/1/2023|3.000|||same as 2020|4/24/2024|12/31/9999|0.0800
54|20100790000NB|20.7000|21.2800|BASE_TYPE|1/1/2023|3.000|||same as 2020|4/24/2024|12/31/9999|0.5800
54|20100640006EB|0.0000|0.2000|BASE_TYPE|1/1/2023|2.000|||same as 2020|4/24/2024|12/31/9999|0.2000
54|2040160070000|0.0000|0.2700|BASE_TYPE|1/1/2023|5.000|||same as 2020|4/24/2024|12/31/9999|0.2700
54|2040160070000|0.2700|0.5100|BASE_TYPE|1/1/2023|5.000|||same as 2020|4/24/2024|12/31/9999|0.2400
54|20100770000NB|98.2800|99.1200|BASE_TYPE|1/1/2023|3.000|||same as 2020|4/24/2024|12/31/9999|0.8400
54|20100770000NB|99.1200|100.0700|BASE_TYPE|1/1/2023|3.000|||same as 2020|4/24/2024|12/31/9999|0.9500
54|20100770000NB|100.0700|100.2800|BASE_TYPE|1/1/2023|3.000|||same as 2020|4/24/2024|12/31/9999|0.2100
54|20100770000NB|100.2800|100.7000|BASE_TYPE|1/1/2023|3.000|||same as 2020|4/24/2024|12/31/9999|0.4200
54|20100770000NB|100.7800|101.0000|BASE_TYPE|1/1/2023|3.000|||same as 2020|4/24/2024|12/31/9999|0.2200
54|20100770000NB|101.6500|102.1600|BASE_TYPE|1/1/2023|3.000|||same as 2020|4/24/2024|12/31/9999|0.5100
54|20100770000NB|102.1600|102.6600|BASE_TYPE|1/1/2023|3.000|||same as 2020|4/24/2024|12/31/9999|0.5000
54|20100770000NB|102.6600|103.6900|BASE_TYPE|1/1/2023|3.000|||same as 2020|4/24/2024|12/31/9999|1.0300
54|20100770000NB|103.6900|104.8100|BASE_TYPE|1/1/2023|3.000|||same as 2020|4/24/2024|12/31/9999|1.1200
54|20100770000NB|104.8100|105.0020|BASE_TYPE|1/1/2023|3.000|||same as 2020|4/24/2024|12/31/9999|0.1920
54|20100770000NB|106.1700|107.6000|BASE_TYPE|1/1/2023|3.000|||same as 2020|4/24/2024|12/31/9999|1.4300
54|20100770000NB|112.5200|113.4700|BASE_TYPE|1/1/2023|3.000|||same as 2020|4/24/2024|12/31/9999|0.9500
54|20100770000NB|113.4700|114.5900|BASE_TYPE|1/1/2023|3.000|||same as 2020|4/24/2024|12/31/9999|1.1200
54|20100770000NB|114.5900|116.0500|BASE_TYPE|1/1/2023|3.000|||same as 2020|4/24/2024|12/31/9999|1.4600
54|20100770000NB|116.0500|116.6600|BASE_TYPE|1/1/2023|3.000|||same as 2020|4/24/2024|12/31/9999|0.6100
54|20100770000NB|116.6600|117.2000|BASE_TYPE|1/1/2023|3.000|||same as 2020|4/24/2024|12/31/9999|0.5400
54|2040022000000|0.8600|1.1900|BASE_TYPE|1/1/2023|5.000|||same as 2020|4/24/2024|12/31/9999|0.3300
54|2040022000000|1.1900|2.4700|BASE_TYPE|1/1/2023|5.000|||same as 2020|4/24/2024|12/31/9999|1.2800
54|20200600007WB|7.9300|8.1000|BASE_TYPE|1/1/2023|3.000|||same as 2020|4/24/2024|12/31/9999|0.1700
54|2040025260000|0.0000|0.3100|BASE_TYPE|1/1/2023|5.000|||same as 2020|4/24/2024|12/31/9999|0.3100
54|2040025260000|0.4000|0.7100|BASE_TYPE|1/1/2023|5.000|||same as 2020|4/24/2024|12/31/9999|0.3100
54|20100640000EB|45.3900|45.4000|BASE_TYPE|1/1/2023|3.000|||same as 2020|4/24/2024|12/31/9999|0.0100
54|20100640000EB|47.4400|48.4000|BASE_TYPE|1/1/2023|3.000|||same as 2020|4/24/2024|12/31/9999|0.9600
54|20100640000EB|48.4000|49.7500|BASE_TYPE|1/1/2023|3.000|||same as 2020|4/24/2024|12/31/9999|1.3500
54|20100640000EB|49.7500|50.1100|BASE_TYPE|1/1/2023|3.000|||same as 2020|4/24/2024|12/31/9999|0.3600
54|20100640000EB|50.1100|51.5600|BASE_TYPE|1/1/2023|3.000|||same as 2020|4/24/2024|12/31/9999|1.4500
54|20100640000EB|51.5600|52.3800|BASE_TYPE|1/1/2023|3.000|||same as 2020|4/24/2024|12/31/9999|0.8200
54|20100640000EB|52.3800|52.7300|BASE_TYPE|1/1/2023|3.000|||same as 2020|4/24/2024|12/31/9999|0.3500
54|20100640000EB|52.7300|53.1000|BASE_TYPE|1/1/2023|5.000|||same as 2020|4/24/2024|12/31/9999|0.3700
54|20100640000EB|53.7500|54.3000|BASE_TYPE|1/1/2023|5.000|||same as 2020|4/24/2024|12/31/9999|0.5500
54|20100640000EB|54.3700|54.4000|BASE_TYPE|1/1/2023|3.000|||same as 2020|4/24/2024|12/31/9999|0.0300
54|20100640000EB|54.8000|55.2100|BASE_TYPE|1/1/2023|3.000|||same as 2020|4/24/2024|12/31/9999|0.4100
54|20100640000EB|55.2100|56.3300|BASE_TYPE|1/1/2023|3.000|||same as 2020|4/24/2024|12/31/9999|1.1200
54|20100640000EB|56.3300|57.0200|BASE_TYPE|1/1/2023|3.000|||same as 2020|4/24/2024|12/31/9999|0.6900
54|20100640000EB|57.0200|57.4800|BASE_TYPE|1/1/2023|3.000|||same as 2020|4/24/2024|12/31/9999|0.4600
54|20100640000EB|57.9200|58.2000|BASE_TYPE|1/1/2023|2.000|||same as 2020|4/24/2024|12/31/9999|0.2800
54|1840021000000|19.6400|20.9600|BASE_TYPE|1/1/2023|5.000||||4/24/2024|12/31/9999|1.3200
54|1840021000000|28.3200|29.8800|BASE_TYPE|1/1/2023|5.000||||4/24/2024|12/31/9999|1.5600
54|1330063000000|6.0600|7.6300|BASE_TYPE|1/1/2023|2.000||||4/24/2024|12/31/9999|1.5700
54|13100640000EB|148.0000|148.1000|BASE_TYPE|1/1/2023|6.000||||4/24/2024|12/31/9999|0.1000
54|13100640000EB|148.1000|148.2000|BASE_TYPE|1/1/2023|6.000||||4/24/2024|12/31/9999|0.1000
54|13100640000EB|148.2000|148.3000|BASE_TYPE|1/1/2023|6.000||||4/24/2024|12/31/9999|0.1000
54|13100640000EB|148.3000|148.4000|BASE_TYPE|1/1/2023|6.000||||4/24/2024|12/31/9999|0.1000
54|13100640000EB|148.4000|148.5000|BASE_TYPE|1/1/2023|6.000||||4/24/2024|12/31/9999|0.1000
54|13100640000EB|148.5000|148.6000|BASE_TYPE|1/1/2023|6.000||||4/24/2024|12/31/9999|0.1000
54|13100640000EB|148.6000|148.7000|BASE_TYPE|1/1/2023|6.000||||4/24/2024|12/31/9999|0.1000
54|13100640000EB|148.7000|148.8000|BASE_TYPE|1/1/2023|6.000||||4/24/2024|12/31/9999|0.1000
54|13100640000EB|148.8000|148.9000|BASE_TYPE|1/1/2023|6.000||||4/24/2024|12/31/9999|0.1000
54|13100640000EB|148.9000|149.0000|BASE_TYPE|1/1/2023|6.000||||4/24/2024|12/31/9999|0.1000
54|13100640000EB|149.0000|149.1000|BASE_TYPE|1/1/2023|6.000||||4/24/2024|12/31/9999|0.1000
54|13100640000EB|149.1000|149.2000|BASE_TYPE|1/1/2023|6.000||||4/24/2024|12/31/9999|0.1000
54|13100640000EB|149.2000|149.3000|BASE_TYPE|1/1/2023|6.000||||4/24/2024|12/31/9999|0.1000
54|13100640000EB|149.3000|149.4000|BASE_TYPE|1/1/2023|6.000||||4/24/2024|12/31/9999|0.1000
54|13100640000EB|149.4000|149.5000|BASE_TYPE|1/1/2023|6.000||||4/24/2024|12/31/9999|0.1000
54|13100640000EB|149.5000|149.6000|BASE_TYPE|1/1/2023|6.000||||4/24/2024|12/31/9999|0.1000
54|13100640000EB|149.6000|149.7000|BASE_TYPE|1/1/2023|6.000||||4/24/2024|12/31/9999|0.1000
54|13100640000EB|149.7000|149.8000|BASE_TYPE|1/1/2023|6.000||||4/24/2024|12/31/9999|0.1000
54|13100640000EB|149.8000|149.8400|BASE_TYPE|1/1/2023|6.000||||4/24/2024|12/31/9999|0.0400
54|13100640000EB|149.8400|149.9000|BASE_TYPE|1/1/2023|6.000||||4/24/2024|12/31/9999|0.0600
54|13100640000EB|149.9000|150.0000|BASE_TYPE|1/1/2023|6.000||||4/24/2024|12/31/9999|0.1000
54|13100640000EB|150.0000|150.1000|BASE_TYPE|1/1/2023|6.000||||4/24/2024|12/31/9999|0.1000
54|13100640000EB|150.1000|150.2000|BASE_TYPE|1/1/2023|6.000||||4/24/2024|12/31/9999|0.1000
54|13100640000EB|150.2000|150.3000|BASE_TYPE|1/1/2023|6.000||||4/24/2024|12/31/9999|0.1000
54|13100640000EB|150.3000|150.4000|BASE_TYPE|1/1/2023|6.000||||4/24/2024|12/31/9999|0.1000
54|13100640000EB|150.4000|150.5000|BASE_TYPE|1/1/2023|6.000||||4/24/2024|12/31/9999|0.1000
54|13100640000EB|150.5000|150.6000|BASE_TYPE|1/1/2023|6.000||||4/24/2024|12/31/9999|0.1000
54|13100640000EB|150.6000|150.7000|BASE_TYPE|1/1/2023|6.000||||4/24/2024|12/31/9999|0.1000
54|13100640000EB|150.7000|150.8000|BASE_TYPE|1/1/2023|6.000||||4/24/2024|12/31/9999|0.1000
54|13100640000EB|150.8000|150.9000|BASE_TYPE|1/1/2023|6.000||||4/24/2024|12/31/9999|0.1000
54|13100640000EB|150.9000|151.0000|BASE_TYPE|1/1/2023|6.000||||4/24/2024|12/31/9999|0.1000
54|13100640000EB|151.0000|151.1000|BASE_TYPE|1/1/2023|6.000||||4/24/2024|12/31/9999|0.1000
54|13100640000EB|151.1000|151.2000|BASE_TYPE|1/1/2023|6.000||||4/24/2024|12/31/9999|0.1000
54|13100640000EB|151.2000|151.3000|BASE_TYPE|1/1/2023|6.000||||4/24/2024|12/31/9999|0.1000
54|13100640000EB|151.3000|151.4000|BASE_TYPE|1/1/2023|6.000||||4/24/2024|12/31/9999|0.1000
54|13100640000EB|151.4000|151.5000|BASE_TYPE|1/1/2023|6.000||||4/24/2024|12/31/9999|0.1000
54|13100640000EB|151.5000|151.6000|BASE_TYPE|1/1/2023|6.000||||4/24/2024|12/31/9999|0.1000
54|13100640000EB|151.6000|151.7000|BASE_TYPE|1/1/2023|6.000||||4/24/2024|12/31/9999|0.1000
54|13100640000EB|151.7000|151.8000|BASE_TYPE|1/1/2023|6.000||||4/24/2024|12/31/9999|0.1000
54|13100640000EB|151.8000|151.9000|BASE_TYPE|1/1/2023|6.000||||4/24/2024|12/31/9999|0.1000
54|13100640000EB|151.9000|152.0000|BASE_TYPE|1/1/2023|6.000||||4/24/2024|12/31/9999|0.1000
54|13100640000EB|152.0000|152.1000|BASE_TYPE|1/1/2023|6.000||||4/24/2024|12/31/9999|0.1000
54|13100640000EB|152.1000|152.2000|BASE_TYPE|1/1/2023|6.000||||4/24/2024|12/31/9999|0.1000
54|13100640000EB|152.2000|152.3000|BASE_TYPE|1/1/2023|6.000||||4/24/2024|12/31/9999|0.1000
54|13100640000EB|152.3000|152.4000|BASE_TYPE|1/1/2023|6.000||||4/24/2024|12/31/9999|0.1000
54|13100640000EB|152.4000|152.5000|BASE_TYPE|1/1/2023|6.000||||4/24/2024|12/31/9999|0.1000
54|13100640000EB|152.5000|152.6000|BASE_TYPE|1/1/2023|6.000||||4/24/2024|12/31/9999|0.1000
54|13100640000EB|152.6000|152.7000|BASE_TYPE|1/1/2023|6.000||||4/24/2024|12/31/9999|0.1000
54|13100640000EB|152.7000|152.8000|BASE_TYPE|1/1/2023|6.000||||4/24/2024|12/31/9999|0.1000
54|13100640000EB|152.8000|152.9000|BASE_TYPE|1/1/2023|6.000||||4/24/2024|12/31/9999|0.1000
54|13100640000EB|152.9000|153.0000|BASE_TYPE|1/1/2023|6.000||||4/24/2024|12/31/9999|0.1000
54|13100640000EB|153.0000|153.1000|BASE_TYPE|1/1/2023|6.000||||4/24/2024|12/31/9999|0.1000
54|13100640000EB|153.1000|153.2000|BASE_TYPE|1/1/2023|6.000||||4/24/2024|12/31/9999|0.1000
54|13100640000EB|153.2000|153.3000|BASE_TYPE|1/1/2023|6.000||||4/24/2024|12/31/9999|0.1000
54|13100640000EB|153.3000|153.4000|BASE_TYPE|1/1/2023|6.000||||4/24/2024|12/31/9999|0.1000
54|13100640000EB|153.4000|153.5000|BASE_TYPE|1/1/2023|6.000||||4/24/2024|12/31/9999|0.1000
54|13100640000EB|153.5000|153.6000|BASE_TYPE|1/1/2023|6.000||||4/24/2024|12/31/9999|0.1000
54|13100640000EB|153.6000|153.7000|BASE_TYPE|1/1/2023|6.000||||4/24/2024|12/31/9999|0.1000
54|13100640000EB|153.7000|153.8000|BASE_TYPE|1/1/2023|6.000||||4/24/2024|12/31/9999|0.1000
54|13100640000EB|153.8000|153.9000|BASE_TYPE|1/1/2023|6.000||||4/24/2024|12/31/9999|0.1000
54|13100640000EB|153.9000|154.0000|BASE_TYPE|1/1/2023|6.000||||4/24/2024|12/31/9999|0.1000
54|13100640000EB|154.0000|154.1000|BASE_TYPE|1/1/2023|6.000||||4/24/2024|12/31/9999|0.1000
54|13100640000EB|154.1000|154.2000|BASE_TYPE|1/1/2023|6.000||||4/24/2024|12/31/9999|0.1000
54|13100640000EB|154.2000|154.3000|BASE_TYPE|1/1/2023|6.000||||4/24/2024|12/31/9999|0.1000
54|13100640000EB|154.3000|154.4000|BASE_TYPE|1/1/2023|6.000||||4/24/2024|12/31/9999|0.1000
54|13100640000EB|154.4000|154.5000|BASE_TYPE|1/1/2023|6.000||||4/24/2024|12/31/9999|0.1000
54|13100640000EB|154.5000|154.6000|BASE_TYPE|1/1/2023|6.000||||4/24/2024|12/31/9999|0.1000
54|13100640000EB|154.6000|154.7000|BASE_TYPE|1/1/2023|6.000||||4/24/2024|12/31/9999|0.1000
54|13100640000EB|154.7000|154.8000|BASE_TYPE|1/1/2023|6.000||||4/24/2024|12/31/9999|0.1000
54|13100640000EB|154.8000|154.9000|BASE_TYPE|1/1/2023|6.000||||4/24/2024|12/31/9999|0.1000
54|13100640000EB|154.9000|155.0000|BASE_TYPE|1/1/2023|6.000||||4/24/2024|12/31/9999|0.1000
54|13100640000EB|155.0000|155.1000|BASE_TYPE|1/1/2023|6.000||||4/24/2024|12/31/9999|0.1000
54|13100640000EB|155.1000|155.2000|BASE_TYPE|1/1/2023|6.000||||4/24/2024|12/31/9999|0.1000
54|13100640000EB|155.2000|155.3000|BASE_TYPE|1/1/2023|6.000||||4/24/2024|12/31/9999|0.1000
54|13100640000EB|155.3000|155.4000|BASE_TYPE|1/1/2023|6.000||||4/24/2024|12/31/9999|0.1000
54|13100640000EB|155.4000|155.5000|BASE_TYPE|1/1/2023|6.000||||4/24/2024|12/31/9999|0.1000
54|13100640000EB|155.5000|155.6000|BASE_TYPE|1/1/2023|6.000||||4/24/2024|12/31/9999|0.1000
54|13100640000EB|155.6000|155.7000|BASE_TYPE|1/1/2023|6.000||||4/24/2024|12/31/9999|0.1000
54|13100640000EB|155.7000|155.8000|BASE_TYPE|1/1/2023|6.000||||4/24/2024|12/31/9999|0.1000
54|13100640000EB|155.8000|155.9000|BASE_TYPE|1/1/2023|6.000||||4/24/2024|12/31/9999|0.1000
54|13100640000EB|155.9000|156.0000|BASE_TYPE|1/1/2023|6.000||||4/24/2024|12/31/9999|0.1000
54|13100640000EB|156.0000|156.1000|BASE_TYPE|1/1/2023|6.000||||4/24/2024|12/31/9999|0.1000
54|13100640000EB|156.1000|156.1800|BASE_TYPE|1/1/2023|6.000||||4/24/2024|12/31/9999|0.0800
54|13100640000EB|156.1800|156.2000|BASE_TYPE|1/1/2023|6.000||||4/24/2024|12/31/9999|0.0200
54|13100640000EB|156.2000|156.3000|BASE_TYPE|1/1/2023|6.000||||4/24/2024|12/31/9999|0.1000
54|13100640000EB|156.3000|156.4000|BASE_TYPE|1/1/2023|6.000||||4/24/2024|12/31/9999|0.1000
54|13100640000EB|156.4000|156.5000|BASE_TYPE|1/1/2023|6.000||||4/24/2024|12/31/9999|0.1000
54|13100640000EB|156.5000|156.6000|BASE_TYPE|1/1/2023|6.000||||4/24/2024|12/31/9999|0.1000
54|13100640000EB|156.6000|156.7000|BASE_TYPE|1/1/2023|6.000||||4/24/2024|12/31/9999|0.1000
54|13100640000EB|156.7000|156.8000|BASE_TYPE|1/1/2023|6.000||||4/24/2024|12/31/9999|0.1000
54|13100640000EB|156.8000|156.9000|BASE_TYPE|1/1/2023|6.000||||4/24/2024|12/31/9999|0.1000
54|13100640000EB|156.9000|157.0000|BASE_TYPE|1/1/2023|6.000||||4/24/2024|12/31/9999|0.1000
54|13100640000EB|157.0000|157.1000|BASE_TYPE|1/1/2023|6.000||||4/24/2024|12/31/9999|0.1000
54|13100640000EB|157.1000|157.2000|BASE_TYPE|1/1/2023|6.000||||4/24/2024|12/31/9999|0.1000
54|13100640000EB|157.2000|157.3000|BASE_TYPE|1/1/2023|6.000||||4/24/2024|12/31/9999|0.1000
54|13100640000EB|157.3000|157.4000|BASE_TYPE|1/1/2023|6.000||||4/24/2024|12/31/9999|0.1000
54|13100640000EB|157.4000|157.5000|BASE_TYPE|1/1/2023|6.000||||4/24/2024|12/31/9999|0.1000
54|13100640000EB|157.5000|157.6000|BASE_TYPE|1/1/2023|6.000||||4/24/2024|12/31/9999|0.1000
54|13100640000EB|157.6000|157.7000|BASE_TYPE|1/1/2023|6.000||||4/24/2024|12/31/9999|0.1000
54|13100640000EB|157.7000|157.8000|BASE_TYPE|1/1/2023|6.000||||4/24/2024|12/31/9999|0.1000
54|13100640000EB|157.8000|157.9000|BASE_TYPE|1/1/2023|6.000||||4/24/2024|12/31/9999|0.1000
54|13100640000EB|157.9000|158.0000|BASE_TYPE|1/1/2023|6.000||||4/24/2024|12/31/9999|0.1000
54|13100640000EB|158.0000|158.1000|BASE_TYPE|1/1/2023|6.000||||4/24/2024|12/31/9999|0.1000
54|13100640000EB|158.1000|158.2000|BASE_TYPE|1/1/2023|6.000||||4/24/2024|12/31/9999|0.1000
54|13100640000EB|158.2000|158.3000|BASE_TYPE|1/1/2023|6.000||||4/24/2024|12/31/9999|0.1000
54|13100640000EB|158.3000|158.4000|BASE_TYPE|1/1/2023|6.000||||4/24/2024|12/31/9999|0.1000
54|13100640000EB|158.4000|158.5000|BASE_TYPE|1/1/2023|6.000||||4/24/2024|12/31/9999|0.1000
54|13100640000EB|158.5000|158.6000|BASE_TYPE|1/1/2023|6.000||||4/24/2024|12/31/9999|0.1000
54|13100640000EB|158.6000|158.7000|BASE_TYPE|1/1/2023|6.000||||4/24/2024|12/31/9999|0.1000
54|13100640000EB|158.7000|158.8000|BASE_TYPE|1/1/2023|6.000||||4/24/2024|12/31/9999|0.1000
54|13100640000EB|158.8000|158.9000|BASE_TYPE|1/1/2023|6.000||||4/24/2024|12/31/9999|0.1000
54|13100640000EB|158.9000|159.0000|BASE_TYPE|1/1/2023|6.000||||4/24/2024|12/31/9999|0.1000
54|13100640000EB|159.0000|159.1000|BASE_TYPE|1/1/2023|6.000||||4/24/2024|12/31/9999|0.1000
54|13100640000EB|159.1000|159.2000|BASE_TYPE|1/1/2023|6.000||||4/24/2024|12/31/9999|0.1000
54|13100640000EB|159.2000|159.3000|BASE_TYPE|1/1/2023|6.000||||4/24/2024|12/31/9999|0.1000
54|13100640000EB|159.3000|159.4000|BASE_TYPE|1/1/2023|6.000||||4/24/2024|12/31/9999|0.1000
54|13100640000EB|159.4000|159.5000|BASE_TYPE|1/1/2023|6.000||||4/24/2024|12/31/9999|0.1000
54|13100640000EB|159.5000|159.6000|BASE_TYPE|1/1/2023|6.000||||4/24/2024|12/31/9999|0.1000
54|13100640000EB|159.6000|159.7000|BASE_TYPE|1/1/2023|6.000||||4/24/2024|12/31/9999|0.1000
54|13100640000EB|159.7000|159.8000|BASE_TYPE|1/1/2023|6.000||||4/24/2024|12/31/9999|0.1000
54|13100640000EB|159.8000|159.9000|BASE_TYPE|1/1/2023|6.000||||4/24/2024|12/31/9999|0.1000
54|13100640000EB|159.9000|160.0000|BASE_TYPE|1/1/2023|6.000||||4/24/2024|12/31/9999|0.1000
54|13100640000EB|160.0000|160.1000|BASE_TYPE|1/1/2023|6.000||||4/24/2024|12/31/9999|0.1000
54|13100640000EB|160.1000|160.2000|BASE_TYPE|1/1/2023|6.000||||4/24/2024|12/31/9999|0.1000
54|13100640000EB|160.2000|160.3000|BASE_TYPE|1/1/2023|6.000||||4/24/2024|12/31/9999|0.1000
54|13100640000EB|160.3000|160.4000|BASE_TYPE|1/1/2023|6.000||||4/24/2024|12/31/9999|0.1000
54|13100640000EB|160.4000|160.5000|BASE_TYPE|1/1/2023|6.000||||4/24/2024|12/31/9999|0.1000
54|13100640000EB|160.5000|160.6000|BASE_TYPE|1/1/2023|6.000||||4/24/2024|12/31/9999|0.1000
54|13100640000EB|160.6000|160.7000|BASE_TYPE|1/1/2023|6.000||||4/24/2024|12/31/9999|0.1000
54|13100640000EB|160.7000|160.8000|BASE_TYPE|1/1/2023|6.000||||4/24/2024|12/31/9999|0.1000
54|13100640000EB|160.8000|160.9000|BASE_TYPE|1/1/2023|6.000||||4/24/2024|12/31/9999|0.1000
54|13100640000EB|160.9000|161.0000|BASE_TYPE|1/1/2023|6.000||||4/24/2024|12/31/9999|0.1000
54|13100640000EB|161.0000|161.1000|BASE_TYPE|1/1/2023|6.000||||4/24/2024|12/31/9999|0.1000
54|13100640000EB|161.1000|161.2000|BASE_TYPE|1/1/2023|6.000||||4/24/2024|12/31/9999|0.1000
54|13100640000EB|161.2000|161.3000|BASE_TYPE|1/1/2023|6.000||||4/24/2024|12/31/9999|0.1000
54|13100640000EB|161.3000|161.4000|BASE_TYPE|1/1/2023|6.000||||4/24/2024|12/31/9999|0.1000
54|13100640000EB|161.4000|161.4600|BASE_TYPE|1/1/2023|6.000||||4/24/2024|12/31/9999|0.0600
54|13100640000EB|161.4600|161.5000|BASE_TYPE|1/1/2023|6.000||||4/24/2024|12/31/9999|0.0400
54|13100640000EB|161.5000|161.6000|BASE_TYPE|1/1/2023|6.000||||4/24/2024|12/31/9999|0.1000
54|13100640000EB|161.6000|161.7000|BASE_TYPE|1/1/2023|6.000||||4/24/2024|12/31/9999|0.1000
54|13100640000EB|161.7000|161.8000|BASE_TYPE|1/1/2023|6.000||||4/24/2024|12/31/9999|0.1000
54|13100640000EB|161.8000|161.9000|BASE_TYPE|1/1/2023|6.000||||4/24/2024|12/31/9999|0.1000
54|13100640000EB|161.9000|162.0000|BASE_TYPE|1/1/2023|6.000||||4/24/2024|12/31/9999|0.1000
54|13100640000EB|162.0000|162.1000|BASE_TYPE|1/1/2023|6.000||||4/24/2024|12/31/9999|0.1000
54|13100640000EB|162.1000|162.2000|BASE_TYPE|1/1/2023|6.000||||4/24/2024|12/31/9999|0.1000
54|13100640000EB|162.2000|162.3000|BASE_TYPE|1/1/2023|6.000||||4/24/2024|12/31/9999|0.1000
54|13100640000EB|162.3000|162.4000|BASE_TYPE|1/1/2023|6.000||||4/24/2024|12/31/9999|0.1000
54|13100640000EB|162.4000|162.5000|BASE_TYPE|1/1/2023|6.000||||4/24/2024|12/31/9999|0.1000
54|13100640000EB|162.5000|162.6000|BASE_TYPE|1/1/2023|6.000||||4/24/2024|12/31/9999|0.1000
54|13100640000EB|162.6000|162.7000|BASE_TYPE|1/1/2023|6.000||||4/24/2024|12/31/9999|0.1000
54|13100640000EB|162.7000|162.8000|BASE_TYPE|1/1/2023|6.000||||4/24/2024|12/31/9999|0.1000
54|13100640000EB|162.8000|162.9000|BASE_TYPE|1/1/2023|6.000||||4/24/2024|12/31/9999|0.1000
54|13100640000EB|162.9000|163.0000|BASE_TYPE|1/1/2023|6.000||||4/24/2024|12/31/9999|0.1000
54|13100640000EB|163.0000|163.1000|BASE_TYPE|1/1/2023|6.000||||4/24/2024|12/31/9999|0.1000
54|13100640000EB|163.1000|163.2000|BASE_TYPE|1/1/2023|6.000||||4/24/2024|12/31/9999|0.1000
54|13100640000EB|163.2000|163.3000|BASE_TYPE|1/1/2023|6.000||||4/24/2024|12/31/9999|0.1000
54|13100640000EB|163.3000|163.4000|BASE_TYPE|1/1/2023|6.000||||4/24/2024|12/31/9999|0.1000
54|13100640000EB|163.4000|163.5000|BASE_TYPE|1/1/2023|6.000||||4/24/2024|12/31/9999|0.1000
54|13100640000EB|163.5000|163.6000|BASE_TYPE|1/1/2023|6.000||||4/24/2024|12/31/9999|0.1000
54|13100640000EB|163.6000|163.7000|BASE_TYPE|1/1/2023|6.000||||4/24/2024|12/31/9999|0.1000
54|13100640000EB|163.7000|163.8000|BASE_TYPE|1/1/2023|6.000||||4/24/2024|12/31/9999|0.1000
54|13100640000EB|163.8000|163.9000|BASE_TYPE|1/1/2023|6.000||||4/24/2024|12/31/9999|0.1000
54|13100640000EB|163.9000|164.0000|BASE_TYPE|1/1/2023|6.000||||4/24/2024|12/31/9999|0.1000
54|13100640000EB|164.0000|164.1000|BASE_TYPE|1/1/2023|6.000||||4/24/2024|12/31/9999|0.1000
54|13100640000EB|164.1000|164.2000|BASE_TYPE|1/1/2023|6.000||||4/24/2024|12/31/9999|0.1000
54|13100640000EB|164.2000|164.3000|BASE_TYPE|1/1/2023|6.000||||4/24/2024|12/31/9999|0.1000
54|13100640000EB|164.3000|164.4000|BASE_TYPE|1/1/2023|6.000||||4/24/2024|12/31/9999|0.1000
54|13100640000EB|164.4000|164.5000|BASE_TYPE|1/1/2023|6.000||||4/24/2024|12/31/9999|0.1000
54|13100640000EB|164.5000|164.6000|BASE_TYPE|1/1/2023|6.000||||4/24/2024|12/31/9999|0.1000
54|13100640000EB|164.6000|164.7000|BASE_TYPE|1/1/2023|6.000||||4/24/2024|12/31/9999|0.1000
54|13100640000EB|164.7000|164.8000|BASE_TYPE|1/1/2023|6.000||||4/24/2024|12/31/9999|0.1000
54|13100640000EB|164.8000|164.9000|BASE_TYPE|1/1/2023|6.000||||4/24/2024|12/31/9999|0.1000
54|13100640000EB|164.9000|165.0000|BASE_TYPE|1/1/2023|6.000||||4/24/2024|12/31/9999|0.1000
54|13100640000EB|165.0000|165.1000|BASE_TYPE|1/1/2023|6.000||||4/24/2024|12/31/9999|0.1000
54|13100640000EB|165.1000|165.2000|BASE_TYPE|1/1/2023|6.000||||4/24/2024|12/31/9999|0.1000
54|13100640000EB|165.2000|165.3000|BASE_TYPE|1/1/2023|6.000||||4/24/2024|12/31/9999|0.1000
54|13100640000EB|165.3000|165.4000|BASE_TYPE|1/1/2023|6.000||||4/24/2024|12/31/9999|0.1000
54|13100640000EB|165.4000|165.5000|BASE_TYPE|1/1/2023|6.000||||4/24/2024|12/31/9999|0.1000
54|13100640000EB|165.5000|165.6000|BASE_TYPE|1/1/2023|6.000||||4/24/2024|12/31/9999|0.1000
54|13100640000EB|165.6000|165.7000|BASE_TYPE|1/1/2023|6.000||||4/24/2024|12/31/9999|0.1000
54|13100640000EB|165.7000|165.8000|BASE_TYPE|1/1/2023|6.000||||4/24/2024|12/31/9999|0.1000
54|13100640000EB|165.8000|165.8700|BASE_TYPE|1/1/2023|6.000||||4/24/2024|12/31/9999|0.0700
54|13100640000EB|165.8700|165.9000|BASE_TYPE|1/1/2023|6.000||||4/24/2024|12/31/9999|0.0300
54|13100640000EB|165.9000|165.9500|BASE_TYPE|1/1/2023|6.000||||4/24/2024|12/31/9999|0.0500
54|13100640000EB|165.9500|166.0000|BASE_TYPE|1/1/2023|6.000||||4/24/2024|12/31/9999|0.0500
54|13100640000EB|166.0000|166.1000|BASE_TYPE|1/1/2023|6.000||||4/24/2024|12/31/9999|0.1000
54|13100640000EB|166.1000|166.2000|BASE_TYPE|1/1/2023|6.000||||4/24/2024|12/31/9999|0.1000
54|13100640000EB|166.2000|166.3000|BASE_TYPE|1/1/2023|6.000||||4/24/2024|12/31/9999|0.1000
54|13100640000EB|166.3000|166.4000|BASE_TYPE|1/1/2023|6.000||||4/24/2024|12/31/9999|0.1000
54|13100640000EB|166.4000|166.5000|BASE_TYPE|1/1/2023|6.000||||4/24/2024|12/31/9999|0.1000
54|13100640000EB|166.5000|166.6000|BASE_TYPE|1/1/2023|6.000||||4/24/2024|12/31/9999|0.1000
54|13100640000EB|166.6000|166.7000|BASE_TYPE|1/1/2023|6.000||||4/24/2024|12/31/9999|0.1000
54|13100640000EB|166.7000|166.8000|BASE_TYPE|1/1/2023|6.000||||4/24/2024|12/31/9999|0.1000
54|13100640000EB|166.8000|166.9000|BASE_TYPE|1/1/2023|6.000||||4/24/2024|12/31/9999|0.1000
54|13100640000EB|166.9000|167.0000|BASE_TYPE|1/1/2023|6.000||||4/24/2024|12/31/9999|0.1000
54|13100640000EB|167.0000|167.1000|BASE_TYPE|1/1/2023|6.000||||4/24/2024|12/31/9999|0.1000
54|13100640000EB|167.1000|167.2000|BASE_TYPE|1/1/2023|6.000||||4/24/2024|12/31/9999|0.1000
54|13100640000EB|167.2000|167.3000|BASE_TYPE|1/1/2023|6.000||||4/24/2024|12/31/9999|0.1000
54|13100640000EB|167.3000|167.4000|BASE_TYPE|1/1/2023|6.000||||4/24/2024|12/31/9999|0.1000
54|13100640000EB|167.4000|167.5000|BASE_TYPE|1/1/2023|6.000||||4/24/2024|12/31/9999|0.1000
54|13100640000EB|167.5000|167.6000|BASE_TYPE|1/1/2023|6.000||||4/24/2024|12/31/9999|0.1000
54|13100640000EB|167.6000|167.7000|BASE_TYPE|1/1/2023|6.000||||4/24/2024|12/31/9999|0.1000
54|13100640000EB|167.7000|167.8000|BASE_TYPE|1/1/2023|6.000||||4/24/2024|12/31/9999|0.1000
54|13100640000EB|167.8000|167.9000|BASE_TYPE|1/1/2023|6.000||||4/24/2024|12/31/9999|0.1000
54|13100640000EB|167.9000|168.0000|BASE_TYPE|1/1/2023|6.000||||4/24/2024|12/31/9999|0.1000
54|13100640000EB|168.0000|168.1000|BASE_TYPE|1/1/2023|6.000||||4/24/2024|12/31/9999|0.1000
54|13100640000EB|168.1000|168.2000|BASE_TYPE|1/1/2023|6.000||||4/24/2024|12/31/9999|0.1000
54|13100640000EB|168.2000|168.3000|BASE_TYPE|1/1/2023|6.000||||4/24/2024|12/31/9999|0.1000
54|13100640000EB|168.3000|168.4000|BASE_TYPE|1/1/2023|6.000||||4/24/2024|12/31/9999|0.1000
54|13100640000EB|168.4000|168.5000|BASE_TYPE|1/1/2023|6.000||||4/24/2024|12/31/9999|0.1000
54|13100640000EB|168.5000|168.6000|BASE_TYPE|1/1/2023|6.000||||4/24/2024|12/31/9999|0.1000
54|13100640000EB|168.6000|168.7000|BASE_TYPE|1/1/2023|6.000||||4/24/2024|12/31/9999|0.1000
54|13100640000EB|168.7000|168.8000|BASE_TYPE|1/1/2023|6.000||||4/24/2024|12/31/9999|0.1000
54|13100640000EB|168.8000|168.8900|BASE_TYPE|1/1/2023|6.000||||4/24/2024|12/31/9999|0.0900
54|13100640000EB|168.9600|169.0000|BASE_TYPE|1/1/2023|6.000||||4/24/2024|12/31/9999|0.0400
54|13100640000EB|169.0000|169.1000|BASE_TYPE|1/1/2023|6.000||||4/24/2024|12/31/9999|0.1000
54|13100640000EB|169.1000|169.2000|BASE_TYPE|1/1/2023|6.000||||4/24/2024|12/31/9999|0.1000
54|13100640000EB|169.2000|169.3000|BASE_TYPE|1/1/2023|6.000||||4/24/2024|12/31/9999|0.1000
54|13100640000EB|169.3000|169.3800|BASE_TYPE|1/1/2023|6.000||||4/24/2024|12/31/9999|0.0800
54|13100640000EB|169.3800|169.4000|BASE_TYPE|1/1/2023|6.000||||4/24/2024|12/31/9999|0.0200
54|13100640000EB|169.4000|169.4100|BASE_TYPE|1/1/2023|6.000||||4/24/2024|12/31/9999|0.0100
54|13100640000EB|169.4100|169.5000|BASE_TYPE|1/1/2023|6.000||||4/24/2024|12/31/9999|0.0900
54|13100640000EB|169.5000|169.6000|BASE_TYPE|1/1/2023|6.000||||4/24/2024|12/31/9999|0.1000
54|13100640000EB|169.6000|169.7000|BASE_TYPE|1/1/2023|6.000||||4/24/2024|12/31/9999|0.1000
54|13100640000EB|169.7000|169.8000|BASE_TYPE|1/1/2023|6.000||||4/24/2024|12/31/9999|0.1000
54|13100640000EB|169.8000|169.9000|BASE_TYPE|1/1/2023|6.000||||4/24/2024|12/31/9999|0.1000
54|13100640000EB|169.9000|170.0000|BASE_TYPE|1/1/2023|6.000||||4/24/2024|12/31/9999|0.1000
54|13100640000EB|170.0000|170.0900|BASE_TYPE|1/1/2023|6.000||||4/24/2024|12/31/9999|0.0900
54|13100640000EB|170.0900|170.1000|BASE_TYPE|1/1/2023|6.000||||4/24/2024|12/31/9999|0.0100
54|13100640000EB|170.1000|170.2000|BASE_TYPE|1/1/2023|6.000||||4/24/2024|12/31/9999|0.1000
54|13100640000EB|170.2000|170.2300|BASE_TYPE|1/1/2023|6.000||||4/24/2024|12/31/9999|0.0300
54|13100640000EB|172.6200|172.7000|BASE_TYPE|1/1/2023|6.000||||4/24/2024|12/31/9999|0.0800
54|13100640000EB|172.7000|172.8000|BASE_TYPE|1/1/2023|6.000||||4/24/2024|12/31/9999|0.1000
54|13100640000EB|172.8000|172.9000|BASE_TYPE|1/1/2023|6.000||||4/24/2024|12/31/9999|0.1000
54|13100640000EB|172.9000|173.0000|BASE_TYPE|1/1/2023|6.000||||4/24/2024|12/31/9999|0.1000
54|13100640000EB|173.0000|173.1000|BASE_TYPE|1/1/2023|6.000||||4/24/2024|12/31/9999|0.1000
54|13100640000EB|173.1000|173.2000|BASE_TYPE|1/1/2023|6.000||||4/24/2024|12/31/9999|0.1000
54|13100640000EB|173.2000|173.3000|BASE_TYPE|1/1/2023|6.000||||4/24/2024|12/31/9999|0.1000
54|13100640000EB|173.3000|173.4000|BASE_TYPE|1/1/2023|6.000||||4/24/2024|12/31/9999|0.1000
54|13100640000EB|173.4000|173.5000|BASE_TYPE|1/1/2023|6.000||||4/24/2024|12/31/9999|0.1000
54|13100640000EB|173.5000|173.6000|BASE_TYPE|1/1/2023|6.000||||4/24/2024|12/31/9999|0.1000
54|13100640000EB|173.6000|173.7000|BASE_TYPE|1/1/2023|6.000||||4/24/2024|12/31/9999|0.1000
54|13100640000EB|173.7000|173.8000|BASE_TYPE|1/1/2023|6.000||||4/24/2024|12/31/9999|0.1000
54|13100640000EB|173.8000|173.9000|BASE_TYPE|1/1/2023|6.000||||4/24/2024|12/31/9999|0.1000
54|13100640000EB|173.9000|174.0000|BASE_TYPE|1/1/2023|6.000||||4/24/2024|12/31/9999|0.1000
54|13100640000EB|174.0000|174.1000|BASE_TYPE|1/1/2023|6.000||||4/24/2024|12/31/9999|0.1000
54|13100640000EB|174.1000|174.2000|BASE_TYPE|1/1/2023|6.000||||4/24/2024|12/31/9999|0.1000
54|13100640000EB|174.2000|174.3000|BASE_TYPE|1/1/2023|6.000||||4/24/2024|12/31/9999|0.1000
54|13100640000EB|174.3000|174.4000|BASE_TYPE|1/1/2023|6.000||||4/24/2024|12/31/9999|0.1000
54|13100640000EB|174.4000|174.5000|BASE_TYPE|1/1/2023|6.000||||4/24/2024|12/31/9999|0.1000
54|13100640000EB|174.5000|174.6000|BASE_TYPE|1/1/2023|6.000||||4/24/2024|12/31/9999|0.1000
54|13100640000EB|174.6000|174.7000|BASE_TYPE|1/1/2023|6.000||||4/24/2024|12/31/9999|0.1000
54|13100640000EB|174.7000|174.8000|BASE_TYPE|1/1/2023|6.000||||4/24/2024|12/31/9999|0.1000
54|13100640000EB|174.8000|174.9000|BASE_TYPE|1/1/2023|6.000||||4/24/2024|12/31/9999|0.1000
54|13100640000EB|174.9000|175.0000|BASE_TYPE|1/1/2023|6.000||||4/24/2024|12/31/9999|0.1000
54|13100640000EB|175.0000|175.1000|BASE_TYPE|1/1/2023|6.000||||4/24/2024|12/31/9999|0.1000
54|13100640000EB|175.1000|175.2000|BASE_TYPE|1/1/2023|6.000||||4/24/2024|12/31/9999|0.1000
54|13100640000EB|175.2000|175.3000|BASE_TYPE|1/1/2023|6.000||||4/24/2024|12/31/9999|0.1000
54|13100640000EB|175.3000|175.3100|BASE_TYPE|1/1/2023|6.000||||4/24/2024|12/31/9999|0.0100
54|13100640000EB|175.3100|175.4000|BASE_TYPE|1/1/2023|6.000||||4/24/2024|12/31/9999|0.0900
54|13100640000EB|175.4000|175.5000|BASE_TYPE|1/1/2023|6.000||||4/24/2024|12/31/9999|0.1000
54|13100640000EB|175.5000|175.6000|BASE_TYPE|1/1/2023|6.000||||4/24/2024|12/31/9999|0.1000
54|13100640000EB|175.6000|175.7000|BASE_TYPE|1/1/2023|6.000||||4/24/2024|12/31/9999|0.1000
54|13100640000EB|175.7000|175.8000|BASE_TYPE|1/1/2023|6.000||||4/24/2024|12/31/9999|0.1000
54|13100640000EB|175.8000|175.9000|BASE_TYPE|1/1/2023|6.000||||4/24/2024|12/31/9999|0.1000
54|13100640000EB|175.9000|176.0000|BASE_TYPE|1/1/2023|6.000||||4/24/2024|12/31/9999|0.1000
54|13100640000EB|176.0000|176.1000|BASE_TYPE|1/1/2023|6.000||||4/24/2024|12/31/9999|0.1000
54|13100640000EB|176.1000|176.1600|BASE_TYPE|1/1/2023|6.000||||4/24/2024|12/31/9999|0.0600
54|13100640000EB|176.1600|176.2000|BASE_TYPE|1/1/2023|6.000||||4/24/2024|12/31/9999|0.0400
54|13100640000EB|176.2000|176.3000|BASE_TYPE|1/1/2023|6.000||||4/24/2024|12/31/9999|0.1000
54|13100640000EB|176.3000|176.4000|BASE_TYPE|1/1/2023|6.000||||4/24/2024|12/31/9999|0.1000
54|13100640000EB|176.4000|176.5000|BASE_TYPE|1/1/2023|6.000||||4/24/2024|12/31/9999|0.1000
54|13100640000EB|176.5000|176.6000|BASE_TYPE|1/1/2023|6.000||||4/24/2024|12/31/9999|0.1000
54|13100640000EB|176.6000|176.7000|BASE_TYPE|1/1/2023|6.000||||4/24/2024|12/31/9999|0.1000
54|13100640000EB|176.7000|176.8000|BASE_TYPE|1/1/2023|6.000||||4/24/2024|12/31/9999|0.1000
54|13100640000EB|176.8000|176.9000|BASE_TYPE|1/1/2023|6.000||||4/24/2024|12/31/9999|0.1000
54|13100640000EB|176.9000|177.0000|BASE_TYPE|1/1/2023|6.000||||4/24/2024|12/31/9999|0.1000
54|13100640000EB|177.0000|177.1000|BASE_TYPE|1/1/2023|6.000||||4/24/2024|12/31/9999|0.1000
54|13100640000EB|177.1000|177.2000|BASE_TYPE|1/1/2023|6.000||||4/24/2024|12/31/9999|0.1000
54|13100640000EB|177.2000|177.3000|BASE_TYPE|1/1/2023|6.000||||4/24/2024|12/31/9999|0.1000
54|13100640000EB|177.3000|177.4000|BASE_TYPE|1/1/2023|6.000||||4/24/2024|12/31/9999|0.1000
54|13100640000EB|177.4000|177.5000|BASE_TYPE|1/1/2023|6.000||||4/24/2024|12/31/9999|0.1000
54|13100640000EB|177.5000|177.6000|BASE_TYPE|1/1/2023|6.000||||4/24/2024|12/31/9999|0.1000
54|13100640000EB|177.6000|177.7000|BASE_TYPE|1/1/2023|6.000||||4/24/2024|12/31/9999|0.1000
54|13100640000EB|177.7000|177.8000|BASE_TYPE|1/1/2023|6.000||||4/24/2024|12/31/9999|0.1000
54|13100640000EB|177.8000|177.9000|BASE_TYPE|1/1/2023|6.000||||4/24/2024|12/31/9999|0.1000
54|13100640000EB|177.9000|178.0000|BASE_TYPE|1/1/2023|6.000||||4/24/2024|12/31/9999|0.1000
54|13100640000EB|178.0000|178.1000|BASE_TYPE|1/1/2023|6.000||||4/24/2024|12/31/9999|0.1000
54|13100640000EB|178.1000|178.2000|BASE_TYPE|1/1/2023|6.000||||4/24/2024|12/31/9999|0.1000
54|13100640000EB|178.2000|178.3000|BASE_TYPE|1/1/2023|6.000||||4/24/2024|12/31/9999|0.1000
54|13100640000EB|178.3000|178.4000|BASE_TYPE|1/1/2023|6.000||||4/24/2024|12/31/9999|0.1000
54|13100640000EB|178.4000|178.4300|BASE_TYPE|1/1/2023|6.000||||4/24/2024|12/31/9999|0.0300
54|13100640000EB|178.4300|178.5000|BASE_TYPE|1/1/2023|6.000||||4/24/2024|12/31/9999|0.0700
54|13100640000EB|178.5000|178.6000|BASE_TYPE|1/1/2023|6.000||||4/24/2024|12/31/9999|0.1000
54|13100640000EB|178.6000|178.7000|BASE_TYPE|1/1/2023|6.000||||4/24/2024|12/31/9999|0.1000
54|13100640000EB|178.7000|178.8000|BASE_TYPE|1/1/2023|6.000||||4/24/2024|12/31/9999|0.1000
54|13100640000EB|178.8000|178.9000|BASE_TYPE|1/1/2023|6.000||||4/24/2024|12/31/9999|0.1000
54|13100640000EB|178.9000|179.0000|BASE_TYPE|1/1/2023|6.000||||4/24/2024|12/31/9999|0.1000
54|13100640000EB|179.0000|179.1000|BASE_TYPE|1/1/2023|6.000||||4/24/2024|12/31/9999|0.1000
54|13100640000EB|179.1000|179.2000|BASE_TYPE|1/1/2023|6.000||||4/24/2024|12/31/9999|0.1000
54|13100640000EB|179.2000|179.3000|BASE_TYPE|1/1/2023|6.000||||4/24/2024|12/31/9999|0.1000
54|13100640000EB|179.3000|179.4000|BASE_TYPE|1/1/2023|6.000||||4/24/2024|12/31/9999|0.1000
54|13100640000EB|179.4000|179.5000|BASE_TYPE|1/1/2023|6.000||||4/24/2024|12/31/9999|0.1000
54|13100640000EB|179.5000|179.6000|BASE_TYPE|1/1/2023|6.000||||4/24/2024|12/31/9999|0.1000
54|13100640000EB|179.6000|179.7000|BASE_TYPE|1/1/2023|6.000||||4/24/2024|12/31/9999|0.1000
54|13100640000EB|179.7000|179.8000|BASE_TYPE|1/1/2023|6.000||||4/24/2024|12/31/9999|0.1000
54|13100640000EB|179.8000|179.9000|BASE_TYPE|1/1/2023|6.000||||4/24/2024|12/31/9999|0.1000
54|13100640000EB|179.9000|180.0000|BASE_TYPE|1/1/2023|6.000||||4/24/2024|12/31/9999|0.1000
54|13100640000EB|180.0000|180.1000|BASE_TYPE|1/1/2023|6.000||||4/24/2024|12/31/9999|0.1000
54|13100640000EB|180.1000|180.2000|BASE_TYPE|1/1/2023|6.000||||4/24/2024|12/31/9999|0.1000
54|13100640000EB|180.2000|180.3000|BASE_TYPE|1/1/2023|6.000||||4/24/2024|12/31/9999|0.1000
54|13100640000EB|180.3000|180.4000|BASE_TYPE|1/1/2023|6.000||||4/24/2024|12/31/9999|0.1000
54|13100640000EB|180.4000|180.5000|BASE_TYPE|1/1/2023|6.000||||4/24/2024|12/31/9999|0.1000
54|13100640000EB|180.5000|180.6000|BASE_TYPE|1/1/2023|6.000||||4/24/2024|12/31/9999|0.1000
54|13100640000EB|180.6000|180.7000|BASE_TYPE|1/1/2023|6.000||||4/24/2024|12/31/9999|0.1000
54|13100640000EB|180.7000|180.8000|BASE_TYPE|1/1/2023|6.000||||4/24/2024|12/31/9999|0.1000
54|13100640000EB|180.8000|180.9000|BASE_TYPE|1/1/2023|6.000||||4/24/2024|12/31/9999|0.1000
54|13100640000EB|180.9000|181.0000|BASE_TYPE|1/1/2023|6.000||||4/24/2024|12/31/9999|0.1000
54|13100640000EB|181.0000|181.1000|BASE_TYPE|1/1/2023|6.000||||4/24/2024|12/31/9999|0.1000
54|13100640000EB|181.1000|181.1200|BASE_TYPE|1/1/2023|6.000||||4/24/2024|12/31/9999|0.0200
54|13100640000EB|181.1200|181.2000|BASE_TYPE|1/1/2023|6.000||||4/24/2024|12/31/9999|0.0800
54|13100640000EB|181.2000|181.3000|BASE_TYPE|1/1/2023|6.000||||4/24/2024|12/31/9999|0.1000
54|13100640000EB|181.3000|181.4000|BASE_TYPE|1/1/2023|6.000||||4/24/2024|12/31/9999|0.1000
54|13100640000EB|181.4000|181.5000|BASE_TYPE|1/1/2023|6.000||||4/24/2024|12/31/9999|0.1000
54|13100640000EB|181.5000|181.6000|BASE_TYPE|1/1/2023|6.000||||4/24/2024|12/31/9999|0.1000
54|13100640000EB|181.6000|181.7000|BASE_TYPE|1/1/2023|6.000||||4/24/2024|12/31/9999|0.1000
54|13100640000EB|181.7000|181.8000|BASE_TYPE|1/1/2023|6.000||||4/24/2024|12/31/9999|0.1000
54|13100640000EB|181.8000|181.9000|BASE_TYPE|1/1/2023|6.000||||4/24/2024|12/31/9999|0.1000
54|13100640000EB|181.9000|182.0000|BASE_TYPE|1/1/2023|6.000||||4/24/2024|12/31/9999|0.1000
54|13100640000EB|182.0000|182.0200|BASE_TYPE|1/1/2023|6.000||||4/24/2024|12/31/9999|0.0200
54|13100640000EB|182.0200|182.1000|BASE_TYPE|1/1/2023|6.000||||4/24/2024|12/31/9999|0.0800
54|13100640000EB|182.1000|182.2000|BASE_TYPE|1/1/2023|6.000||||4/24/2024|12/31/9999|0.1000
54|13100640000EB|182.2000|182.3000|BASE_TYPE|1/1/2023|6.000||||4/24/2024|12/31/9999|0.1000
54|13100640000EB|182.3000|182.4000|BASE_TYPE|1/1/2023|6.000||||4/24/2024|12/31/9999|0.1000
54|13100640000EB|182.4000|182.5000|BASE_TYPE|1/1/2023|6.000||||4/24/2024|12/31/9999|0.1000
54|13100640000EB|182.5000|182.6000|BASE_TYPE|1/1/2023|6.000||||4/24/2024|12/31/9999|0.1000
54|13100640000EB|182.6000|182.7000|BASE_TYPE|1/1/2023|6.000||||4/24/2024|12/31/9999|0.1000
54|13100640000EB|182.7000|182.8000|BASE_TYPE|1/1/2023|6.000||||4/24/2024|12/31/9999|0.1000
54|13100640000EB|182.8000|182.9000|BASE_TYPE|1/1/2023|6.000||||4/24/2024|12/31/9999|0.1000
54|13100640000EB|182.9000|183.0000|BASE_TYPE|1/1/2023|6.000||||4/24/2024|12/31/9999|0.1000
54|13100640000EB|183.0000|183.1000|BASE_TYPE|1/1/2023|6.000||||4/24/2024|12/31/9999|0.1000
54|13100640000EB|183.1000|183.2000|BASE_TYPE|1/1/2023|6.000||||4/24/2024|12/31/9999|0.1000
54|13100640000EB|183.2000|183.3000|BASE_TYPE|1/1/2023|6.000||||4/24/2024|12/31/9999|0.1000
54|13100640000EB|183.3000|183.4000|BASE_TYPE|1/1/2023|6.000||||4/24/2024|12/31/9999|0.1000
54|13100640000EB|183.4000|183.5000|BASE_TYPE|1/1/2023|6.000||||4/24/2024|12/31/9999|0.1000
54|13100640000EB|183.5000|183.6000|BASE_TYPE|1/1/2023|6.000||||4/24/2024|12/31/9999|0.1000
54|13100640000EB|183.6000|183.7000|BASE_TYPE|1/1/2023|6.000||||4/24/2024|12/31/9999|0.1000
54|13100640000EB|183.7000|183.8000|BASE_TYPE|1/1/2023|6.000||||4/24/2024|12/31/9999|0.1000
54|13100640000EB|183.8000|183.9000|BASE_TYPE|1/1/2023|6.000||||4/24/2024|12/31/9999|0.1000
54|13100640000EB|183.9000|184.0000|BASE_TYPE|1/1/2023|6.000||||4/24/2024|12/31/9999|0.1000
54|13100640000EB|184.0000|184.0200|BASE_TYPE|1/1/2023|6.000||||4/24/2024|12/31/9999|0.0200
54|13200600000EB|16.4800|16.5000|BASE_TYPE|1/1/2023|2.000||||4/24/2024|12/31/9999|0.0200
54|13200600000EB|16.5000|16.6000|BASE_TYPE|1/1/2023|2.000||||4/24/2024|12/31/9999|0.1000
54|13200600000EB|16.6000|16.7000|BASE_TYPE|1/1/2023|2.000||||4/24/2024|12/31/9999|0.1000
54|13200600000EB|16.7000|16.8000|BASE_TYPE|1/1/2023|2.000||||4/24/2024|12/31/9999|0.1000
54|13200600000EB|16.8000|16.9000|BASE_TYPE|1/1/2023|2.000||||4/24/2024|12/31/9999|0.1000
54|13200600000EB|16.9000|17.0000|BASE_TYPE|1/1/2023|2.000||||4/24/2024|12/31/9999|0.1000
54|13200600000EB|17.0000|17.1000|BASE_TYPE|1/1/2023|2.000||||4/24/2024|12/31/9999|0.1000
54|13200600000EB|17.1000|17.2000|BASE_TYPE|1/1/2023|2.000||||4/24/2024|12/31/9999|0.1000
54|13200600000EB|17.2000|17.3000|BASE_TYPE|1/1/2023|2.000||||4/24/2024|12/31/9999|0.1000
54|13200600000EB|17.3000|17.4000|BASE_TYPE|1/1/2023|2.000||||4/24/2024|12/31/9999|0.1000
54|13200600000EB|17.4000|17.4300|BASE_TYPE|1/1/2023|2.000||||4/24/2024|12/31/9999|0.0300
54|13200600000EB|28.5300|28.6000|BASE_TYPE|1/1/2023|6.000||||4/24/2024|12/31/9999|0.0700
54|13200600000EB|28.6000|28.7000|BASE_TYPE|1/1/2023|6.000||||4/24/2024|12/31/9999|0.1000
54|13200600000EB|28.7000|28.8000|BASE_TYPE|1/1/2023|6.000||||4/24/2024|12/31/9999|0.1000
54|13200600000EB|28.8000|28.9000|BASE_TYPE|1/1/2023|6.000||||4/24/2024|12/31/9999|0.1000
54|13200600000EB|28.9000|29.0000|BASE_TYPE|1/1/2023|6.000||||4/24/2024|12/31/9999|0.1000
54|13200600000EB|29.0000|29.1000|BASE_TYPE|1/1/2023|6.000||||4/24/2024|12/31/9999|0.1000
54|13200600000EB|29.1000|29.2000|BASE_TYPE|1/1/2023|6.000||||4/24/2024|12/31/9999|0.1000
54|13200600000EB|29.2000|29.3000|BASE_TYPE|1/1/2023|6.000||||4/24/2024|12/31/9999|0.1000
54|13200600000EB|29.3000|29.4000|BASE_TYPE|1/1/2023|6.000||||4/24/2024|12/31/9999|0.1000
54|13200600000EB|29.4000|29.5000|BASE_TYPE|1/1/2023|6.000||||4/24/2024|12/31/9999|0.1000
54|13200600000EB|29.5000|29.6000|BASE_TYPE|1/1/2023|6.000||||4/24/2024|12/31/9999|0.1000
54|13200600000EB|29.6000|29.6100|BASE_TYPE|1/1/2023|6.000||||4/24/2024|12/31/9999|0.0100
54|13200600000EB|35.1900|35.2000|BASE_TYPE|1/1/2023|2.000||||4/24/2024|12/31/9999|0.0100
54|13200600000EB|35.2000|35.3000|BASE_TYPE|1/1/2023|2.000||||4/24/2024|12/31/9999|0.1000
54|13200600000EB|35.3000|35.4000|BASE_TYPE|1/1/2023|2.000||||4/24/2024|12/31/9999|0.1000
54|13200600000EB|35.4000|35.5000|BASE_TYPE|1/1/2023|2.000||||4/24/2024|12/31/9999|0.1000
54|13200600000EB|35.5000|35.6000|BASE_TYPE|1/1/2023|2.000||||4/24/2024|12/31/9999|0.1000
54|13200600000EB|35.6000|35.7000|BASE_TYPE|1/1/2023|2.000||||4/24/2024|12/31/9999|0.1000
54|13200600000EB|35.7000|35.8000|BASE_TYPE|1/1/2023|2.000||||4/24/2024|12/31/9999|0.1000
54|13200600000EB|35.8000|35.9000|BASE_TYPE|1/1/2023|2.000||||4/24/2024|12/31/9999|0.1000
54|13200600000EB|35.9000|36.0000|BASE_TYPE|1/1/2023|2.000||||4/24/2024|12/31/9999|0.1000
54|13200600000EB|36.0000|36.1000|BASE_TYPE|1/1/2023|2.000||||4/24/2024|12/31/9999|0.1000
54|13200600000EB|36.1000|36.2000|BASE_TYPE|1/1/2023|2.000||||4/24/2024|12/31/9999|0.1000
54|13200600000EB|36.2000|36.3000|BASE_TYPE|1/1/2023|2.000||||4/24/2024|12/31/9999|0.1000
54|13200600000EB|36.3000|36.4000|BASE_TYPE|1/1/2023|2.000||||4/24/2024|12/31/9999|0.1000
54|13200600000EB|36.4000|36.5000|BASE_TYPE|1/1/2023|2.000||||4/24/2024|12/31/9999|0.1000
54|13200600000EB|36.5000|36.6000|BASE_TYPE|1/1/2023|2.000||||4/24/2024|12/31/9999|0.1000
54|13200600000EB|36.6000|36.7000|BASE_TYPE|1/1/2023|2.000||||4/24/2024|12/31/9999|0.1000
54|13200600000EB|36.7000|36.8000|BASE_TYPE|1/1/2023|2.000||||4/24/2024|12/31/9999|0.1000
54|13200600000EB|36.8000|36.9000|BASE_TYPE|1/1/2023|2.000||||4/24/2024|12/31/9999|0.1000
54|13200600000EB|36.9000|37.0000|BASE_TYPE|1/1/2023|2.000||||4/24/2024|12/31/9999|0.1000
54|13200600000EB|37.0000|37.1000|BASE_TYPE|1/1/2023|2.000||||4/24/2024|12/31/9999|0.1000
54|13200600000EB|37.1000|37.2000|BASE_TYPE|1/1/2023|2.000||||4/24/2024|12/31/9999|0.1000
54|13200600000EB|37.2000|37.3000|BASE_TYPE|1/1/2023|2.000||||4/24/2024|12/31/9999|0.1000
54|13200600000EB|37.3000|37.4000|BASE_TYPE|1/1/2023|2.000||||4/24/2024|12/31/9999|0.1000
54|13200600000EB|37.4000|37.5000|BASE_TYPE|1/1/2023|2.000||||4/24/2024|12/31/9999|0.1000
54|13200600000EB|37.5000|37.6000|BASE_TYPE|1/1/2023|2.000||||4/24/2024|12/31/9999|0.1000
54|13200600000EB|37.6000|37.6500|BASE_TYPE|1/1/2023|2.000||||4/24/2024|12/31/9999|0.0500
54|13202190000NB|2.5700|2.6000|BASE_TYPE|1/1/2023|2.000||||4/24/2024|12/31/9999|0.0300
54|13202190000NB|2.6000|2.7000|BASE_TYPE|1/1/2023|2.000||||4/24/2024|12/31/9999|0.1000
54|13202190000NB|2.7000|2.8000|BASE_TYPE|1/1/2023|2.000||||4/24/2024|12/31/9999|0.1000
54|13202190000NB|2.8000|2.9000|BASE_TYPE|1/1/2023|2.000||||4/24/2024|12/31/9999|0.1000
54|13202190000NB|2.9000|3.0000|BASE_TYPE|1/1/2023|2.000||||4/24/2024|12/31/9999|0.1000
54|13202190000NB|3.0000|3.1000|BASE_TYPE|1/1/2023|2.000||||4/24/2024|12/31/9999|0.1000
54|13202190000NB|3.1000|3.2000|BASE_TYPE|1/1/2023|2.000||||4/24/2024|12/31/9999|0.1000
54|13202190000NB|3.2000|3.3000|BASE_TYPE|1/1/2023|2.000||||4/24/2024|12/31/9999|0.1000
54|13202190000NB|3.3000|3.4000|BASE_TYPE|1/1/2023|2.000||||4/24/2024|12/31/9999|0.1000
54|13202190000NB|3.4000|3.5000|BASE_TYPE|1/1/2023|2.000||||4/24/2024|12/31/9999|0.1000
54|13202190000NB|3.5000|3.6000|BASE_TYPE|1/1/2023|2.000||||4/24/2024|12/31/9999|0.1000
54|13202190000NB|3.6000|3.7000|BASE_TYPE|1/1/2023|2.000||||4/24/2024|12/31/9999|0.1000
54|13202190000NB|3.7000|3.8000|BASE_TYPE|1/1/2023|2.000||||4/24/2024|12/31/9999|0.1000
54|13202190000NB|3.8000|3.9000|BASE_TYPE|1/1/2023|2.000||||4/24/2024|12/31/9999|0.1000
54|13202190000NB|3.9000|4.0000|BASE_TYPE|1/1/2023|2.000||||4/24/2024|12/31/9999|0.1000
54|13202190000NB|4.0000|4.1000|BASE_TYPE|1/1/2023|2.000||||4/24/2024|12/31/9999|0.1000
54|13202190000NB|4.1000|4.2000|BASE_TYPE|1/1/2023|2.000||||4/24/2024|12/31/9999|0.1000
54|13202190000NB|4.2000|4.3000|BASE_TYPE|1/1/2023|2.000||||4/24/2024|12/31/9999|0.1000
54|13202190000NB|4.3000|4.4000|BASE_TYPE|1/1/2023|2.000||||4/24/2024|12/31/9999|0.1000
54|13202190000NB|4.4000|4.5000|BASE_TYPE|1/1/2023|2.000||||4/24/2024|12/31/9999|0.1000
54|13202190000NB|4.5000|4.6000|BASE_TYPE|1/1/2023|2.000||||4/24/2024|12/31/9999|0.1000
54|13202190000NB|4.6000|4.7000|BASE_TYPE|1/1/2023|2.000||||4/24/2024|12/31/9999|0.1000
54|13202190000NB|4.7000|4.7900|BASE_TYPE|1/1/2023|2.000||||4/24/2024|12/31/9999|0.0900
54|13202190000NB|5.3700|5.4000|BASE_TYPE|1/1/2023|2.000||||4/24/2024|12/31/9999|0.0300
54|13202190000NB|5.4000|5.5000|BASE_TYPE|1/1/2023|2.000||||4/24/2024|12/31/9999|0.1000
54|13202190000NB|5.5000|5.6000|BASE_TYPE|1/1/2023|2.000||||4/24/2024|12/31/9999|0.1000
54|13202190000NB|5.6000|5.6900|BASE_TYPE|1/1/2023|2.000||||4/24/2024|12/31/9999|0.0900
54|13202190000NB|5.6900|5.7000|BASE_TYPE|1/1/2023|2.000||||4/24/2024|12/31/9999|0.0100
54|13202190000NB|5.7000|5.8000|BASE_TYPE|1/1/2023|2.000||||4/24/2024|12/31/9999|0.1000
54|13202190000NB|5.8000|5.9000|BASE_TYPE|1/1/2023|2.000||||4/24/2024|12/31/9999|0.1000
54|13202190000NB|5.9000|6.0000|BASE_TYPE|1/1/2023|2.000||||4/24/2024|12/31/9999|0.1000
54|13202190000NB|6.0000|6.0300|BASE_TYPE|1/1/2023|2.000||||4/24/2024|12/31/9999|0.0300
54|13202190000NB|6.0300|6.0400|BASE_TYPE|1/1/2023|2.000||||4/24/2024|12/31/9999|0.0100
54|13202190000NB|6.0400|6.1000|BASE_TYPE|1/1/2023|2.000||||4/24/2024|12/31/9999|0.0600
54|13202190000NB|6.1000|6.2000|BASE_TYPE|1/1/2023|2.000||||4/24/2024|12/31/9999|0.1000
54|13202190000NB|6.2000|6.3000|BASE_TYPE|1/1/2023|2.000||||4/24/2024|12/31/9999|0.1000
54|13202190000NB|6.3000|6.3900|BASE_TYPE|1/1/2023|2.000||||4/24/2024|12/31/9999|0.0900
54|13202190000NB|6.3900|6.4000|BASE_TYPE|1/1/2023|2.000||||4/24/2024|12/31/9999|0.0100
54|13202190000NB|6.4000|6.5000|BASE_TYPE|1/1/2023|2.000||||4/24/2024|12/31/9999|0.1000
54|13202190000NB|6.5000|6.5200|BASE_TYPE|1/1/2023|2.000||||4/24/2024|12/31/9999|0.0200
54|13202190000NB|6.5200|6.6000|BASE_TYPE|1/1/2023|2.000||||4/24/2024|12/31/9999|0.0800
54|13202190000NB|6.6000|6.6900|BASE_TYPE|1/1/2023|2.000||||4/24/2024|12/31/9999|0.0900
54|13202190000NB|6.6900|6.7000|BASE_TYPE|1/1/2023|2.000||||4/24/2024|12/31/9999|0.0100
54|13202190000NB|6.7000|6.8000|BASE_TYPE|1/1/2023|2.000||||4/24/2024|12/31/9999|0.1000
54|13202190000NB|6.8000|6.9000|BASE_TYPE|1/1/2023|2.000||||4/24/2024|12/31/9999|0.1000
54|13202190000NB|6.9000|7.0000|BASE_TYPE|1/1/2023|2.000||||4/24/2024|12/31/9999|0.1000
54|13202190000NB|7.0000|7.1000|BASE_TYPE|1/1/2023|2.000||||4/24/2024|12/31/9999|0.1000
54|13202190000NB|7.1000|7.1100|BASE_TYPE|1/1/2023|2.000||||4/24/2024|12/31/9999|0.0100
54|13202190000NB|7.4300|7.5000|BASE_TYPE|1/1/2023|2.000||||4/24/2024|12/31/9999|0.0700
54|13202190000NB|7.5000|7.6000|BASE_TYPE|1/1/2023|2.000||||4/24/2024|12/31/9999|0.1000
54|13202190000NB|7.6000|7.7000|BASE_TYPE|1/1/2023|2.000||||4/24/2024|12/31/9999|0.1000
54|13202190000NB|7.7000|7.8000|BASE_TYPE|1/1/2023|2.000||||4/24/2024|12/31/9999|0.1000
54|13202190000NB|7.8000|7.9000|BASE_TYPE|1/1/2023|2.000||||4/24/2024|12/31/9999|0.1000
54|13202190000NB|7.9000|8.0000|BASE_TYPE|1/1/2023|2.000||||4/24/2024|12/31/9999|0.1000
54|13202190000NB|8.0000|8.1000|BASE_TYPE|1/1/2023|2.000||||4/24/2024|12/31/9999|0.1000
54|13202190000NB|8.1000|8.2000|BASE_TYPE|1/1/2023|2.000||||4/24/2024|12/31/9999|0.1000
54|13202190000NB|8.2000|8.3000|BASE_TYPE|1/1/2023|2.000||||4/24/2024|12/31/9999|0.1000
54|13202190000NB|8.3000|8.4000|BASE_TYPE|1/1/2023|2.000||||4/24/2024|12/31/9999|0.1000
54|13202190000NB|8.4000|8.5000|BASE_TYPE|1/1/2023|2.000||||4/24/2024|12/31/9999|0.1000
54|13202190000NB|8.5000|8.5900|BASE_TYPE|1/1/2023|2.000||||4/24/2024|12/31/9999|0.0900
54|13202190000NB|8.5900|8.6000|BASE_TYPE|1/1/2023|2.000||||4/24/2024|12/31/9999|0.0100
54|13202190000NB|8.6000|8.7000|BASE_TYPE|1/1/2023|2.000||||4/24/2024|12/31/9999|0.1000
54|13202190000NB|8.7000|8.8000|BASE_TYPE|1/1/2023|2.000||||4/24/2024|12/31/9999|0.1000
54|13202190000NB|8.8000|8.9000|BASE_TYPE|1/1/2023|2.000||||4/24/2024|12/31/9999|0.1000
54|13202190000NB|8.9000|9.0000|BASE_TYPE|1/1/2023|2.000||||4/24/2024|12/31/9999|0.1000
54|13202190000NB|9.0000|9.0600|BASE_TYPE|1/1/2023|2.000||||4/24/2024|12/31/9999|0.0600
54|13202190000NB|9.0600|9.1000|BASE_TYPE|1/1/2023|2.000||||4/24/2024|12/31/9999|0.0400
54|13202190000NB|9.1000|9.2000|BASE_TYPE|1/1/2023|2.000||||4/24/2024|12/31/9999|0.1000
54|13202190000NB|9.2000|9.3000|BASE_TYPE|1/1/2023|2.000||||4/24/2024|12/31/9999|0.1000
54|13202190000NB|9.3000|9.4000|BASE_TYPE|1/1/2023|2.000||||4/24/2024|12/31/9999|0.1000
54|13202190000NB|9.4000|9.5000|BASE_TYPE|1/1/2023|2.000||||4/24/2024|12/31/9999|0.1000
54|13202190000NB|9.5000|9.6000|BASE_TYPE|1/1/2023|2.000||||4/24/2024|12/31/9999|0.1000
54|13202190000NB|9.6000|9.7000|BASE_TYPE|1/1/2023|2.000||||4/24/2024|12/31/9999|0.1000
54|13202190000NB|9.7000|9.8000|BASE_TYPE|1/1/2023|2.000||||4/24/2024|12/31/9999|0.1000
54|13202190000NB|9.8000|9.8700|BASE_TYPE|1/1/2023|2.000||||4/24/2024|12/31/9999|0.0700
54|13202190000NB|9.8700|9.9000|BASE_TYPE|1/1/2023|2.000||||4/24/2024|12/31/9999|0.0300
54|13202190000NB|10.0100|10.1000|BASE_TYPE|1/1/2023|2.000||||4/24/2024|12/31/9999|0.0900
54|13202190000NB|10.1000|10.2000|BASE_TYPE|1/1/2023|2.000||||4/24/2024|12/31/9999|0.1000
54|13202190000NB|10.2000|10.3000|BASE_TYPE|1/1/2023|2.000||||4/24/2024|12/31/9999|0.1000
54|13202190000NB|10.3000|10.4000|BASE_TYPE|1/1/2023|2.000||||4/24/2024|12/31/9999|0.1000
54|13202190000NB|10.4000|10.4800|BASE_TYPE|1/1/2023|2.000||||4/24/2024|12/31/9999|0.0800
54|13202190000NB|10.4800|10.5000|BASE_TYPE|1/1/2023|2.000||||4/24/2024|12/31/9999|0.0200
54|13202190000NB|10.5000|10.6000|BASE_TYPE|1/1/2023|2.000||||4/24/2024|12/31/9999|0.1000
54|13202190000NB|10.6000|10.7000|BASE_TYPE|1/1/2023|2.000||||4/24/2024|12/31/9999|0.1000
54|13202190000NB|10.7000|10.8000|BASE_TYPE|1/1/2023|2.000||||4/24/2024|12/31/9999|0.1000
54|13202190000NB|10.8000|10.8500|BASE_TYPE|1/1/2023|2.000||||4/24/2024|12/31/9999|0.0500
54|13202190000NB|10.8500|10.9000|BASE_TYPE|1/1/2023|2.000||||4/24/2024|12/31/9999|0.0500
54|13202190000NB|10.9000|11.0000|BASE_TYPE|1/1/2023|2.000||||4/24/2024|12/31/9999|0.1000
54|13202190000NB|11.0000|11.0600|BASE_TYPE|1/1/2023|2.000||||4/24/2024|12/31/9999|0.0600
54|13202190000NB|11.0600|11.1000|BASE_TYPE|1/1/2023|2.000||||4/24/2024|12/31/9999|0.0400
54|13202190000NB|11.1000|11.1200|BASE_TYPE|1/1/2023|2.000||||4/24/2024|12/31/9999|0.0200
54|13202190000NB|11.1200|11.2000|BASE_TYPE|1/1/2023|2.000||||4/24/2024|12/31/9999|0.0800
54|13202190000NB|11.2000|11.2600|BASE_TYPE|1/1/2023|2.000||||4/24/2024|12/31/9999|0.0600
54|13202190000NB|14.1540|14.2000|BASE_TYPE|1/1/2023|2.000||||4/24/2024|12/31/9999|0.0460
54|13202190000NB|14.2000|14.3000|BASE_TYPE|1/1/2023|2.000||||4/24/2024|12/31/9999|0.1000
54|13202190000NB|14.3000|14.3400|BASE_TYPE|1/1/2023|2.000||||4/24/2024|12/31/9999|0.0400
54|13202190000NB|14.3400|14.4000|BASE_TYPE|1/1/2023|2.000||||4/24/2024|12/31/9999|0.0600
54|13202190000NB|14.4000|14.4500|BASE_TYPE|1/1/2023|2.000||||4/24/2024|12/31/9999|0.0500
54|13202190000NB|15.7400|15.8000|BASE_TYPE|1/1/2023|2.000||||4/24/2024|12/31/9999|0.0600
54|13202190000NB|15.8000|15.9000|BASE_TYPE|1/1/2023|2.000||||4/24/2024|12/31/9999|0.1000
54|13202190000NB|15.9000|16.0000|BASE_TYPE|1/1/2023|2.000||||4/24/2024|12/31/9999|0.1000
54|13202190000NB|16.0000|16.1000|BASE_TYPE|1/1/2023|2.000||||4/24/2024|12/31/9999|0.1000
54|13202190000NB|16.1000|16.2000|BASE_TYPE|1/1/2023|2.000||||4/24/2024|12/31/9999|0.1000
54|13202190000NB|16.2000|16.3000|BASE_TYPE|1/1/2023|2.000||||4/24/2024|12/31/9999|0.1000
54|13202190000NB|16.3000|16.3700|BASE_TYPE|1/1/2023|2.000||||4/24/2024|12/31/9999|0.0700
54|13202190000NB|21.3400|21.4000|BASE_TYPE|1/1/2023|2.000||||4/24/2024|12/31/9999|0.0600
54|13202190000NB|21.4000|21.5000|BASE_TYPE|1/1/2023|2.000||||4/24/2024|12/31/9999|0.1000
54|13202190000NB|21.5000|21.6000|BASE_TYPE|1/1/2023|2.000||||4/24/2024|12/31/9999|0.1000
54|13202190000NB|21.6000|21.7000|BASE_TYPE|1/1/2023|2.000||||4/24/2024|12/31/9999|0.1000
54|13202190000NB|21.7000|21.8000|BASE_TYPE|1/1/2023|2.000||||4/24/2024|12/31/9999|0.1000
54|13202190000NB|21.8000|21.8600|BASE_TYPE|1/1/2023|2.000||||4/24/2024|12/31/9999|0.0600
54|13202190000NB|25.9000|26.0000|BASE_TYPE|1/1/2023|2.000||||4/24/2024|12/31/9999|0.1000
54|13202190000NB|26.0000|26.1000|BASE_TYPE|1/1/2023|2.000||||4/24/2024|12/31/9999|0.1000
54|13202190000NB|26.1000|26.2000|BASE_TYPE|1/1/2023|2.000||||4/24/2024|12/31/9999|0.1000
54|13202190000NB|26.2000|26.3000|BASE_TYPE|1/1/2023|2.000||||4/24/2024|12/31/9999|0.1000
54|13202190000NB|26.3000|26.4000|BASE_TYPE|1/1/2023|2.000||||4/24/2024|12/31/9999|0.1000
54|13202190000NB|26.4000|26.5000|BASE_TYPE|1/1/2023|2.000||||4/24/2024|12/31/9999|0.1000
54|13202190000NB|26.5000|26.6000|BASE_TYPE|1/1/2023|2.000||||4/24/2024|12/31/9999|0.1000
54|13202190000NB|26.6000|26.7000|BASE_TYPE|1/1/2023|2.000||||4/24/2024|12/31/9999|0.1000
54|13202190000NB|26.7000|26.7600|BASE_TYPE|1/1/2023|2.000||||4/24/2024|12/31/9999|0.0600
54|13202190000NB|26.7600|26.8000|BASE_TYPE|1/1/2023|2.000||||4/24/2024|12/31/9999|0.0400
54|13202190000NB|26.8000|26.9000|BASE_TYPE|1/1/2023|2.000||||4/24/2024|12/31/9999|0.1000
54|13202190000NB|26.9000|26.9700|BASE_TYPE|1/1/2023|2.000||||4/24/2024|12/31/9999|0.0700
54|13202190000NB|26.9700|27.0000|BASE_TYPE|1/1/2023|2.000||||4/24/2024|12/31/9999|0.0300
54|13202190000NB|27.0000|27.1000|BASE_TYPE|1/1/2023|2.000||||4/24/2024|12/31/9999|0.1000
54|13202190000NB|27.1000|27.2000|BASE_TYPE|1/1/2023|2.000||||4/24/2024|12/31/9999|0.1000
54|13202190000NB|27.2000|27.3000|BASE_TYPE|1/1/2023|2.000||||4/24/2024|12/31/9999|0.1000
54|13202190000NB|27.3000|27.3300|BASE_TYPE|1/1/2023|2.000||||4/24/2024|12/31/9999|0.0300
54|13202190000NB|27.3300|27.4000|BASE_TYPE|1/1/2023|2.000||||4/24/2024|12/31/9999|0.0700
54|13202190000NB|27.4000|27.5000|BASE_TYPE|1/1/2023|2.000||||4/24/2024|12/31/9999|0.1000
54|13202190000NB|27.5000|27.6000|BASE_TYPE|1/1/2023|2.000||||4/24/2024|12/31/9999|0.1000
54|13202190000NB|27.6000|27.7000|BASE_TYPE|1/1/2023|2.000||||4/24/2024|12/31/9999|0.1000
54|13202190000NB|27.7000|27.8000|BASE_TYPE|1/1/2023|2.000||||4/24/2024|12/31/9999|0.1000
54|13202190000NB|27.8000|27.9000|BASE_TYPE|1/1/2023|2.000||||4/24/2024|12/31/9999|0.1000
54|13202190000NB|27.9000|28.0000|BASE_TYPE|1/1/2023|2.000||||4/24/2024|12/31/9999|0.1000
54|13202190000NB|28.0000|28.1000|BASE_TYPE|1/1/2023|2.000||||4/24/2024|12/31/9999|0.1000
54|13202190000NB|28.1000|28.2000|BASE_TYPE|1/1/2023|2.000||||4/24/2024|12/31/9999|0.1000
54|13202190000NB|28.2000|28.3000|BASE_TYPE|1/1/2023|2.000||||4/24/2024|12/31/9999|0.1000
54|13202190000NB|28.3000|28.4000|BASE_TYPE|1/1/2023|2.000||||4/24/2024|12/31/9999|0.1000
54|13202190000NB|28.4000|28.5000|BASE_TYPE|1/1/2023|2.000||||4/24/2024|12/31/9999|0.1000
54|13202190000NB|28.5000|28.6000|BASE_TYPE|1/1/2023|2.000||||4/24/2024|12/31/9999|0.1000
54|13202190000NB|28.6000|28.7000|BASE_TYPE|1/1/2023|2.000||||4/24/2024|12/31/9999|0.1000
54|13202190000NB|28.7000|28.8000|BASE_TYPE|1/1/2023|2.000||||4/24/2024|12/31/9999|0.1000
54|13202190000NB|28.8000|28.9000|BASE_TYPE|1/1/2023|2.000||||4/24/2024|12/31/9999|0.1000
54|13202190000NB|28.9000|29.0000|BASE_TYPE|1/1/2023|2.000||||4/24/2024|12/31/9999|0.1000
54|13202190000NB|29.0000|29.1000|BASE_TYPE|1/1/2023|2.000||||4/24/2024|12/31/9999|0.1000
54|13202190000NB|29.1000|29.2000|BASE_TYPE|1/1/2023|2.000||||4/24/2024|12/31/9999|0.1000
54|13202190000NB|29.2000|29.3000|BASE_TYPE|1/1/2023|2.000||||4/24/2024|12/31/9999|0.1000
54|13202190000NB|29.3000|29.4000|BASE_TYPE|1/1/2023|2.000||||4/24/2024|12/31/9999|0.1000
54|13202190000NB|29.4000|29.5000|BASE_TYPE|1/1/2023|2.000||||4/24/2024|12/31/9999|0.1000
54|13202190000NB|29.5000|29.6000|BASE_TYPE|1/1/2023|2.000||||4/24/2024|12/31/9999|0.1000
54|13202190000NB|29.6000|29.7000|BASE_TYPE|1/1/2023|2.000||||4/24/2024|12/31/9999|0.1000
54|13202190000NB|29.7000|29.7200|BASE_TYPE|1/1/2023|2.000||||4/24/2024|12/31/9999|0.0200
54|13202190000NB|29.7200|29.8000|BASE_TYPE|1/1/2023|2.000||||4/24/2024|12/31/9999|0.0800
54|13202190000NB|29.8000|29.9000|BASE_TYPE|1/1/2023|2.000||||4/24/2024|12/31/9999|0.1000
54|13202190000NB|29.9000|30.0000|BASE_TYPE|1/1/2023|2.000||||4/24/2024|12/31/9999|0.1000
54|13202190000NB|30.0000|30.1000|BASE_TYPE|1/1/2023|2.000||||4/24/2024|12/31/9999|0.1000
54|13202190000NB|30.1000|30.2000|BASE_TYPE|1/1/2023|2.000||||4/24/2024|12/31/9999|0.1000
54|13202190000NB|30.2000|30.3000|BASE_TYPE|1/1/2023|2.000||||4/24/2024|12/31/9999|0.1000
54|13202190000NB|30.3000|30.4000|BASE_TYPE|1/1/2023|2.000||||4/24/2024|12/31/9999|0.1000
54|13202190000NB|30.4000|30.5000|BASE_TYPE|1/1/2023|2.000||||4/24/2024|12/31/9999|0.1000
54|13202190000NB|30.5000|30.6000|BASE_TYPE|1/1/2023|2.000||||4/24/2024|12/31/9999|0.1000
54|13202190000NB|30.6000|30.7000|BASE_TYPE|1/1/2023|2.000||||4/24/2024|12/31/9999|0.1000
54|13202190000NB|30.7000|30.8000|BASE_TYPE|1/1/2023|2.000||||4/24/2024|12/31/9999|0.1000
54|13202190000NB|30.8000|30.9000|BASE_TYPE|1/1/2023|2.000||||4/24/2024|12/31/9999|0.1000
54|13202190000NB|30.9000|31.0000|BASE_TYPE|1/1/2023|2.000||||4/24/2024|12/31/9999|0.1000
54|13202190000NB|31.0000|31.1000|BASE_TYPE|1/1/2023|2.000||||4/24/2024|12/31/9999|0.1000
54|13202190000NB|31.1000|31.2000|BASE_TYPE|1/1/2023|2.000||||4/24/2024|12/31/9999|0.1000
54|13202190000NB|31.2000|31.3000|BASE_TYPE|1/1/2023|2.000||||4/24/2024|12/31/9999|0.1000
54|13202190000NB|31.3000|31.4000|BASE_TYPE|1/1/2023|2.000||||4/24/2024|12/31/9999|0.1000
54|13202190000NB|31.4000|31.5000|BASE_TYPE|1/1/2023|2.000||||4/24/2024|12/31/9999|0.1000
54|13202190000NB|31.5000|31.5600|BASE_TYPE|1/1/2023|2.000||||4/24/2024|12/31/9999|0.0600
54|13202190000NB|31.5600|31.6000|BASE_TYPE|1/1/2023|2.000||||4/24/2024|12/31/9999|0.0400
54|13202190000NB|31.6000|31.7000|BASE_TYPE|1/1/2023|2.000||||4/24/2024|12/31/9999|0.1000
54|13202190000NB|31.7000|31.8000|BASE_TYPE|1/1/2023|2.000||||4/24/2024|12/31/9999|0.1000
54|13202190000NB|31.8000|31.9000|BASE_TYPE|1/1/2023|2.000||||4/24/2024|12/31/9999|0.1000
54|13202190000NB|31.9000|32.0000|BASE_TYPE|1/1/2023|2.000||||4/24/2024|12/31/9999|0.1000
54|13202190000NB|32.0000|32.1000|BASE_TYPE|1/1/2023|2.000||||4/24/2024|12/31/9999|0.1000
54|13202190000NB|32.1000|32.2000|BASE_TYPE|1/1/2023|2.000||||4/24/2024|12/31/9999|0.1000
54|13202190000NB|32.2000|32.3000|BASE_TYPE|1/1/2023|2.000||||4/24/2024|12/31/9999|0.1000
54|13202190000NB|32.3000|32.4000|BASE_TYPE|1/1/2023|2.000||||4/24/2024|12/31/9999|0.1000
54|13202190000NB|32.4000|32.5000|BASE_TYPE|1/1/2023|2.000||||4/24/2024|12/31/9999|0.1000
54|13202190000NB|32.5000|32.6000|BASE_TYPE|1/1/2023|2.000||||4/24/2024|12/31/9999|0.1000
54|13202190000NB|32.6000|32.7000|BASE_TYPE|1/1/2023|2.000||||4/24/2024|12/31/9999|0.1000
54|13202190000NB|32.7000|32.8000|BASE_TYPE|1/1/2023|2.000||||4/24/2024|12/31/9999|0.1000
54|13202190000NB|32.8000|32.9000|BASE_TYPE|1/1/2023|2.000||||4/24/2024|12/31/9999|0.1000
54|13202190000NB|32.9000|33.0000|BASE_TYPE|1/1/2023|2.000||||4/24/2024|12/31/9999|0.1000
54|13202190000NB|33.0000|33.1000|BASE_TYPE|1/1/2023|2.000||||4/24/2024|12/31/9999|0.1000
54|13202190000NB|33.1000|33.2000|BASE_TYPE|1/1/2023|2.000||||4/24/2024|12/31/9999|0.1000
54|13202190000NB|33.2000|33.3000|BASE_TYPE|1/1/2023|2.000||||4/24/2024|12/31/9999|0.1000
54|13202190000NB|33.3000|33.4000|BASE_TYPE|1/1/2023|2.000||||4/24/2024|12/31/9999|0.1000
54|13202190000NB|33.4000|33.5000|BASE_TYPE|1/1/2023|2.000||||4/24/2024|12/31/9999|0.1000
54|13202190000NB|33.5000|33.6000|BASE_TYPE|1/1/2023|2.000||||4/24/2024|12/31/9999|0.1000
54|13202190000NB|33.6000|33.7000|BASE_TYPE|1/1/2023|2.000||||4/24/2024|12/31/9999|0.1000
54|13202190000NB|33.7000|33.8000|BASE_TYPE|1/1/2023|2.000||||4/24/2024|12/31/9999|0.1000
54|13202190000NB|33.8000|33.9000|BASE_TYPE|1/1/2023|2.000||||4/24/2024|12/31/9999|0.1000
54|13202190000NB|33.9000|34.0000|BASE_TYPE|1/1/2023|2.000||||4/24/2024|12/31/9999|0.1000
54|13202190000NB|34.0000|34.1000|BASE_TYPE|1/1/2023|2.000||||4/24/2024|12/31/9999|0.1000
54|13202190000NB|34.1000|34.2000|BASE_TYPE|1/1/2023|2.000||||4/24/2024|12/31/9999|0.1000
54|13202190000NB|34.2000|34.2200|BASE_TYPE|1/1/2023|2.000||||4/24/2024|12/31/9999|0.0200
54|13202190005SB|0.0000|0.1000|BASE_TYPE|1/1/2023|2.000||||4/24/2024|12/31/9999|0.1000
54|13202190005SB|0.1000|0.2000|BASE_TYPE|1/1/2023|2.000||||4/24/2024|12/31/9999|0.1000
54|13202190005SB|0.2000|0.3000|BASE_TYPE|1/1/2023|2.000||||4/24/2024|12/31/9999|0.1000
54|13202190005SB|0.3000|0.3300|BASE_TYPE|1/1/2023|2.000||||4/24/2024|12/31/9999|0.0300
54|13202190005SB|0.3300|0.4000|BASE_TYPE|1/1/2023|2.000||||4/24/2024|12/31/9999|0.0700
54|13202190005SB|0.4000|0.5000|BASE_TYPE|1/1/2023|2.000||||4/24/2024|12/31/9999|0.1000
54|13202190005SB|0.5000|0.6000|BASE_TYPE|1/1/2023|2.000||||4/24/2024|12/31/9999|0.1000
54|13202190005SB|0.6000|0.7000|BASE_TYPE|1/1/2023|2.000||||4/24/2024|12/31/9999|0.1000
54|13202190005SB|0.7000|0.8000|BASE_TYPE|1/1/2023|2.000||||4/24/2024|12/31/9999|0.1000
54|13202190005SB|0.8000|0.9000|BASE_TYPE|1/1/2023|2.000||||4/24/2024|12/31/9999|0.1000
54|13202190005SB|0.9000|1.0000|BASE_TYPE|1/1/2023|2.000||||4/24/2024|12/31/9999|0.1000
54|13202190005SB|1.0000|1.1000|BASE_TYPE|1/1/2023|2.000||||4/24/2024|12/31/9999|0.1000
54|13202190005SB|1.1000|1.2000|BASE_TYPE|1/1/2023|2.000||||4/24/2024|12/31/9999|0.1000
54|13202190005SB|1.2000|1.3000|BASE_TYPE|1/1/2023|2.000||||4/24/2024|12/31/9999|0.1000
54|13202190005SB|1.3000|1.4000|BASE_TYPE|1/1/2023|2.000||||4/24/2024|12/31/9999|0.1000
54|13202190005SB|1.4000|1.5000|BASE_TYPE|1/1/2023|2.000||||4/24/2024|12/31/9999|0.1000
54|13202190005SB|1.5000|1.6000|BASE_TYPE|1/1/2023|2.000||||4/24/2024|12/31/9999|0.1000
54|13202190005SB|1.6000|1.6400|BASE_TYPE|1/1/2023|2.000||||4/24/2024|12/31/9999|0.0400
54|2140007000000|3.8400|4.1700|BASE_TYPE|1/1/2023|3.000||||4/24/2024|12/31/9999|0.3300
54|2140013000000|0.0000|0.4000|BASE_TYPE|1/1/2023|3.000||||4/24/2024|12/31/9999|0.4000
54|21200190000NB|22.7200|22.8000|BASE_TYPE|1/1/2023|5.000||||4/24/2024|12/31/9999|0.0800
54|21200190000NB|22.8000|22.9000|BASE_TYPE|1/1/2023|5.000||||4/24/2024|12/31/9999|0.1000
54|21200190000NB|22.9000|23.0000|BASE_TYPE|1/1/2023|5.000||||4/24/2024|12/31/9999|0.1000
54|21200190000NB|23.0000|23.1000|BASE_TYPE|1/1/2023|5.000||||4/24/2024|12/31/9999|0.1000
54|21200190000NB|23.1000|23.2000|BASE_TYPE|1/1/2023|5.000||||4/24/2024|12/31/9999|0.1000
54|21200190000NB|23.2000|23.3000|BASE_TYPE|1/1/2023|5.000||||4/24/2024|12/31/9999|0.1000
54|21200190000NB|23.3000|23.4000|BASE_TYPE|1/1/2023|5.000||||4/24/2024|12/31/9999|0.1000
54|21200190000NB|23.4000|23.4800|BASE_TYPE|1/1/2023|5.000||||4/24/2024|12/31/9999|0.0800
54|21200190000NB|22.3700|22.4000|BASE_TYPE|1/1/2023|5.000||||4/24/2024|12/31/9999|0.0300
54|21200190000NB|22.4000|22.5000|BASE_TYPE|1/1/2023|5.000||||4/24/2024|12/31/9999|0.1000
54|21200190000NB|22.5000|22.5800|BASE_TYPE|1/1/2023|5.000||||4/24/2024|12/31/9999|0.0800
54|21200330000EB|16.0000|16.1000|BASE_TYPE|1/1/2023|3.000||||4/24/2024|12/31/9999|0.1000
54|21200330000EB|16.1000|16.2000|BASE_TYPE|1/1/2023|3.000||||4/24/2024|12/31/9999|0.1000
54|21200330000EB|16.2000|16.2300|BASE_TYPE|1/1/2023|3.000||||4/24/2024|12/31/9999|0.0300
54|21200330000EB|17.5900|17.6000|BASE_TYPE|1/1/2023|3.000||||4/24/2024|12/31/9999|0.0100
54|21200330000EB|17.6000|17.7000|BASE_TYPE|1/1/2023|3.000||||4/24/2024|12/31/9999|0.1000
54|21200330000EB|17.7000|17.8000|BASE_TYPE|1/1/2023|3.000||||4/24/2024|12/31/9999|0.1000
54|21200330000EB|17.8000|17.9000|BASE_TYPE|1/1/2023|3.000||||4/24/2024|12/31/9999|0.1000
54|21200330000EB|17.9000|17.9670|BASE_TYPE|1/1/2023|3.000||||4/24/2024|12/31/9999|0.0670
54|21200330000EB|19.8400|19.9000|BASE_TYPE|1/1/2023|3.000||||4/24/2024|12/31/9999|0.0600
54|21200330000EB|19.9000|20.0000|BASE_TYPE|1/1/2023|3.000||||4/24/2024|12/31/9999|0.1000
54|21200330000EB|20.0000|20.1000|BASE_TYPE|1/1/2023|3.000||||4/24/2024|12/31/9999|0.1000
54|21200330000EB|20.1000|20.1900|BASE_TYPE|1/1/2023|3.000||||4/24/2024|12/31/9999|0.0900
54|21200330000EB|20.1900|20.2000|BASE_TYPE|1/1/2023|3.000||||4/24/2024|12/31/9999|0.0100
54|21200330000EB|20.2000|20.3000|BASE_TYPE|1/1/2023|3.000||||4/24/2024|12/31/9999|0.1000
54|21200330000EB|20.3000|20.4000|BASE_TYPE|1/1/2023|3.000||||4/24/2024|12/31/9999|0.1000
54|21200330000EB|20.4000|20.5000|BASE_TYPE|1/1/2023|3.000||||4/24/2024|12/31/9999|0.1000
54|21200330000EB|20.5000|20.6000|BASE_TYPE|1/1/2023|3.000||||4/24/2024|12/31/9999|0.1000
54|21200330000EB|20.6000|20.7000|BASE_TYPE|1/1/2023|3.000||||4/24/2024|12/31/9999|0.1000
54|21200330000EB|20.7000|20.8000|BASE_TYPE|1/1/2023|3.000||||4/24/2024|12/31/9999|0.1000
54|21200330000EB|20.8000|20.9000|BASE_TYPE|1/1/2023|3.000||||4/24/2024|12/31/9999|0.1000
54|21200330000EB|20.9000|21.0000|BASE_TYPE|1/1/2023|3.000||||4/24/2024|12/31/9999|0.1000
54|21200330000EB|21.0000|21.0300|BASE_TYPE|1/1/2023|3.000||||4/24/2024|12/31/9999|0.0300
54|21200330000EB|21.2500|21.3000|BASE_TYPE|1/1/2023|3.000||||4/24/2024|12/31/9999|0.0500
54|21200330000EB|21.3000|21.4000|BASE_TYPE|1/1/2023|3.000||||4/24/2024|12/31/9999|0.1000
54|21200330000EB|21.4000|21.5000|BASE_TYPE|1/1/2023|3.000||||4/24/2024|12/31/9999|0.1000
54|21200330000EB|21.5000|21.6000|BASE_TYPE|1/1/2023|3.000||||4/24/2024|12/31/9999|0.1000
54|21200330000EB|21.6000|21.7000|BASE_TYPE|1/1/2023|3.000||||4/24/2024|12/31/9999|0.1000
54|21200330000EB|21.7000|21.8000|BASE_TYPE|1/1/2023|3.000||||4/24/2024|12/31/9999|0.1000
54|21200330000EB|21.8000|21.9000|BASE_TYPE|1/1/2023|3.000||||4/24/2024|12/31/9999|0.1000
54|21200330000EB|21.9000|22.0000|BASE_TYPE|1/1/2023|3.000||||4/24/2024|12/31/9999|0.1000
54|21200330000EB|22.0000|22.1000|BASE_TYPE|1/1/2023|3.000||||4/24/2024|12/31/9999|0.1000
54|21200330000EB|22.1000|22.2000|BASE_TYPE|1/1/2023|3.000||||4/24/2024|12/31/9999|0.1000
54|21200330000EB|22.2000|22.2500|BASE_TYPE|1/1/2023|3.000||||4/24/2024|12/31/9999|0.0500
54|21200330000EB|22.2500|22.3000|BASE_TYPE|1/1/2023|3.000||||4/24/2024|12/31/9999|0.0500
54|21200330000EB|22.3000|22.4000|BASE_TYPE|1/1/2023|3.000||||4/24/2024|12/31/9999|0.1000
54|21200330000EB|22.4000|22.5000|BASE_TYPE|1/1/2023|3.000||||4/24/2024|12/31/9999|0.1000
54|21200330000EB|22.5000|22.6000|BASE_TYPE|1/1/2023|3.000||||4/24/2024|12/31/9999|0.1000
54|21200330000EB|22.6000|22.7000|BASE_TYPE|1/1/2023|3.000||||4/24/2024|12/31/9999|0.1000
54|21200330000EB|22.7000|22.8000|BASE_TYPE|1/1/2023|3.000||||4/24/2024|12/31/9999|0.1000
54|21200330000EB|22.8000|22.8400|BASE_TYPE|1/1/2023|3.000||||4/24/2024|12/31/9999|0.0400
54|21100790000NB|83.5500|83.6000|BASE_TYPE|1/1/2023|5.000||||4/24/2024|12/31/9999|0.0500
54|21100790000NB|83.6000|83.7000|BASE_TYPE|1/1/2023|5.000||||4/24/2024|12/31/9999|0.1000
54|21100790000NB|83.7000|83.8000|BASE_TYPE|1/1/2023|5.000||||4/24/2024|12/31/9999|0.1000
54|21100790000NB|83.8000|83.9000|BASE_TYPE|1/1/2023|5.000||||4/24/2024|12/31/9999|0.1000
54|21100790000NB|87.2000|87.3000|BASE_TYPE|1/1/2023|5.000||||4/24/2024|12/31/9999|0.1000
54|21100790000NB|87.3000|87.4000|BASE_TYPE|1/1/2023|5.000||||4/24/2024|12/31/9999|0.1000
54|21100790000NB|87.4000|87.4500|BASE_TYPE|1/1/2023|5.000||||4/24/2024|12/31/9999|0.0500
54|21100790000NB|87.4500|87.5000|BASE_TYPE|1/1/2023|5.000||||4/24/2024|12/31/9999|0.0500
54|21100790000NB|87.5000|87.6000|BASE_TYPE|1/1/2023|5.000||||4/24/2024|12/31/9999|0.1000
54|21100790000NB|87.6000|87.7000|BASE_TYPE|1/1/2023|5.000||||4/24/2024|12/31/9999|0.1000
54|21100790000NB|87.7000|87.8000|BASE_TYPE|1/1/2023|5.000||||4/24/2024|12/31/9999|0.1000
54|21100790000NB|87.8000|87.9000|BASE_TYPE|1/1/2023|5.000||||4/24/2024|12/31/9999|0.1000
54|21100790000NB|87.9000|88.0000|BASE_TYPE|1/1/2023|5.000||||4/24/2024|12/31/9999|0.1000
54|21100790000NB|88.0000|88.1000|BASE_TYPE|1/1/2023|5.000||||4/24/2024|12/31/9999|0.1000
54|21100790000NB|88.1000|88.2000|BASE_TYPE|1/1/2023|5.000||||4/24/2024|12/31/9999|0.1000
54|21100790000NB|88.2000|88.3000|BASE_TYPE|1/1/2023|5.000||||4/24/2024|12/31/9999|0.1000
54|21100790000NB|88.3000|88.4000|BASE_TYPE|1/1/2023|5.000||||4/24/2024|12/31/9999|0.1000
54|21100790000NB|88.4000|88.5000|BASE_TYPE|1/1/2023|5.000||||4/24/2024|12/31/9999|0.1000
54|21100790000NB|88.5000|88.6000|BASE_TYPE|1/1/2023|5.000||||4/24/2024|12/31/9999|0.1000
54|21100790000NB|88.6000|88.7000|BASE_TYPE|1/1/2023|5.000||||4/24/2024|12/31/9999|0.1000
54|21100790000NB|88.7000|88.8000|BASE_TYPE|1/1/2023|5.000||||4/24/2024|12/31/9999|0.1000
54|21100790000NB|88.8000|88.9000|BASE_TYPE|1/1/2023|5.000||||4/24/2024|12/31/9999|0.1000
54|21100790000NB|88.9000|89.0000|BASE_TYPE|1/1/2023|5.000||||4/24/2024|12/31/9999|0.1000
54|21100790000NB|89.0000|89.1000|BASE_TYPE|1/1/2023|5.000||||4/24/2024|12/31/9999|0.1000
54|21100790000NB|89.1000|89.2000|BASE_TYPE|1/1/2023|5.000||||4/24/2024|12/31/9999|0.1000
54|21100790000NB|92.8000|92.9000|BASE_TYPE|1/1/2023|5.000||||4/24/2024|12/31/9999|0.1000
54|21100790000NB|92.9000|93.0000|BASE_TYPE|1/1/2023|5.000||||4/24/2024|12/31/9999|0.1000
54|21100790000NB|93.0000|93.1000|BASE_TYPE|1/1/2023|5.000||||4/24/2024|12/31/9999|0.1000
54|21100790000NB|93.1000|93.2000|BASE_TYPE|1/1/2023|5.000||||4/24/2024|12/31/9999|0.1000
54|21100790000NB|93.2000|93.3000|BASE_TYPE|1/1/2023|5.000||||4/24/2024|12/31/9999|0.1000
54|21100790000NB|93.3000|93.4000|BASE_TYPE|1/1/2023|5.000||||4/24/2024|12/31/9999|0.1000
54|21100790000NB|93.4000|93.5000|BASE_TYPE|1/1/2023|5.000||||4/24/2024|12/31/9999|0.1000
54|21100790000NB|93.5000|93.6000|BASE_TYPE|1/1/2023|5.000||||4/24/2024|12/31/9999|0.1000
54|21100790000NB|93.6000|93.7000|BASE_TYPE|1/1/2023|5.000||||4/24/2024|12/31/9999|0.1000
54|21100790000NB|93.7000|93.8000|BASE_TYPE|1/1/2023|5.000||||4/24/2024|12/31/9999|0.1000
54|21100790000NB|93.8000|93.9000|BASE_TYPE|1/1/2023|5.000||||4/24/2024|12/31/9999|0.1000
54|21100790000NB|93.9000|94.0000|BASE_TYPE|1/1/2023|5.000||||4/24/2024|12/31/9999|0.1000
54|21100790000NB|94.0000|94.1000|BASE_TYPE|1/1/2023|5.000||||4/24/2024|12/31/9999|0.1000
54|21100790000NB|94.1000|94.2000|BASE_TYPE|1/1/2023|5.000||||4/24/2024|12/31/9999|0.1000
54|21100790000NB|94.2000|94.3000|BASE_TYPE|1/1/2023|5.000||||4/24/2024|12/31/9999|0.1000
54|21100790000NB|96.9000|97.0000|BASE_TYPE|1/1/2023|5.000||||4/24/2024|12/31/9999|0.1000
54|21100790000NB|97.0000|97.1000|BASE_TYPE|1/1/2023|5.000||||4/24/2024|12/31/9999|0.1000
54|21100790000NB|97.1000|97.1300|BASE_TYPE|1/1/2023|5.000||||4/24/2024|12/31/9999|0.0300
54|21100790000NB|97.1300|97.2000|BASE_TYPE|1/1/2023|5.000||||4/24/2024|12/31/9999|0.0700
54|21100790000NB|97.2000|97.3000|BASE_TYPE|1/1/2023|5.000||||4/24/2024|12/31/9999|0.1000
54|21100790000NB|97.3000|97.4000|BASE_TYPE|1/1/2023|5.000||||4/24/2024|12/31/9999|0.1000
54|21100790000NB|97.4000|97.5000|BASE_TYPE|1/1/2023|5.000||||4/24/2024|12/31/9999|0.1000
54|21100790000NB|97.5000|97.6000|BASE_TYPE|1/1/2023|5.000||||4/24/2024|12/31/9999|0.1000
54|21100790000NB|97.6000|97.7000|BASE_TYPE|1/1/2023|5.000||||4/24/2024|12/31/9999|0.1000
54|21100790000NB|97.7000|97.8000|BASE_TYPE|1/1/2023|5.000||||4/24/2024|12/31/9999|0.1000
54|21100790000NB|97.8000|97.9000|BASE_TYPE|1/1/2023|5.000||||4/24/2024|12/31/9999|0.1000
54|21100790000NB|97.9000|98.0000|BASE_TYPE|1/1/2023|5.000||||4/24/2024|12/31/9999|0.1000
54|21100790000NB|98.0000|98.1000|BASE_TYPE|1/1/2023|5.000||||4/24/2024|12/31/9999|0.1000
54|21100790000NB|98.1000|98.2000|BASE_TYPE|1/1/2023|5.000||||4/24/2024|12/31/9999|0.1000
54|21100790000NB|98.2000|98.2870|BASE_TYPE|1/1/2023|5.000||||4/24/2024|12/31/9999|0.0870
54|21100790000NB|98.4000|98.5000|BASE_TYPE|1/1/2023|5.000||||4/24/2024|12/31/9999|0.1000
54|21100790000NB|98.5000|98.6000|BASE_TYPE|1/1/2023|5.000||||4/24/2024|12/31/9999|0.1000
54|21100790000NB|98.6000|98.6300|BASE_TYPE|1/1/2023|5.000||||4/24/2024|12/31/9999|0.0300
54|21100790000NB|98.6300|98.7000|BASE_TYPE|1/1/2023|5.000||||4/24/2024|12/31/9999|0.0700
54|21100790000NB|98.7000|98.8000|BASE_TYPE|1/1/2023|5.000||||4/24/2024|12/31/9999|0.1000
54|21100790000NB|98.8000|98.9000|BASE_TYPE|1/1/2023|5.000||||4/24/2024|12/31/9999|0.1000
54|21100790000NB|98.9000|98.9250|BASE_TYPE|1/1/2023|5.000||||4/24/2024|12/31/9999|0.0250
54|21100790000NB|100.3900|100.4000|BASE_TYPE|1/1/2023|5.000||||4/24/2024|12/31/9999|0.0100
54|21100790000NB|100.4000|100.5000|BASE_TYPE|1/1/2023|5.000||||4/24/2024|12/31/9999|0.1000
54|21100790000NB|100.5000|100.6000|BASE_TYPE|1/1/2023|5.000||||4/24/2024|12/31/9999|0.1000
54|21100790000NB|103.1000|103.2000|BASE_TYPE|1/1/2023|5.000||||4/24/2024|12/31/9999|0.1000
54|21100790000NB|103.2000|103.3000|BASE_TYPE|1/1/2023|5.000||||4/24/2024|12/31/9999|0.1000
54|21100790000NB|103.3000|103.4000|BASE_TYPE|1/1/2023|5.000||||4/24/2024|12/31/9999|0.1000
54|21100790000NB|103.4000|103.5000|BASE_TYPE|1/1/2023|5.000||||4/24/2024|12/31/9999|0.1000
54|21100790000NB|103.5000|103.6000|BASE_TYPE|1/1/2023|5.000||||4/24/2024|12/31/9999|0.1000
54|21100790000NB|103.6000|103.7000|BASE_TYPE|1/1/2023|5.000||||4/24/2024|12/31/9999|0.1000
54|21100790000NB|103.7000|103.8000|BASE_TYPE|1/1/2023|5.000||||4/24/2024|12/31/9999|0.1000
54|21100790000NB|103.8000|103.9000|BASE_TYPE|1/1/2023|5.000||||4/24/2024|12/31/9999|0.1000
54|21100790000NB|103.9000|104.0000|BASE_TYPE|1/1/2023|5.000||||4/24/2024|12/31/9999|0.1000
54|21100790000NB|104.0000|104.1000|BASE_TYPE|1/1/2023|5.000||||4/24/2024|12/31/9999|0.1000
54|21100790000NB|104.1000|104.1500|BASE_TYPE|1/1/2023|5.000||||4/24/2024|12/31/9999|0.0500
54|21100790000NB|104.1500|104.2000|BASE_TYPE|1/1/2023|5.000||||4/24/2024|12/31/9999|0.0500
54|21100790000NB|104.2000|104.3000|BASE_TYPE|1/1/2023|5.000||||4/24/2024|12/31/9999|0.1000
54|21100790000NB|104.3000|104.4000|BASE_TYPE|1/1/2023|5.000||||4/24/2024|12/31/9999|0.1000
54|21100790000NB|104.4000|104.5000|BASE_TYPE|1/1/2023|5.000||||4/24/2024|12/31/9999|0.1000
54|21100790000NB|104.5000|104.6000|BASE_TYPE|1/1/2023|5.000||||4/24/2024|12/31/9999|0.1000
54|21100790000NB|104.6000|104.6900|BASE_TYPE|1/1/2023|5.000||||4/24/2024|12/31/9999|0.0900
54|21100790000NB|104.6900|104.7000|BASE_TYPE|1/1/2023|5.000||||4/24/2024|12/31/9999|0.0100
54|21100790000NB|104.7000|104.8000|BASE_TYPE|1/1/2023|5.000||||4/24/2024|12/31/9999|0.1000
54|21100790000NB|104.8000|104.9000|BASE_TYPE|1/1/2023|5.000||||4/24/2024|12/31/9999|0.1000
54|21100790000NB|104.9000|105.0000|BASE_TYPE|1/1/2023|5.000||||4/24/2024|12/31/9999|0.1000
54|21100790000NB|105.0000|105.1000|BASE_TYPE|1/1/2023|5.000||||4/24/2024|12/31/9999|0.1000
54|21100790000NB|105.1000|105.2000|BASE_TYPE|1/1/2023|5.000||||4/24/2024|12/31/9999|0.1000
54|21100790000NB|105.2000|105.3000|BASE_TYPE|1/1/2023|5.000||||4/24/2024|12/31/9999|0.1000
54|21100790000NB|105.3000|105.4000|BASE_TYPE|1/1/2023|5.000||||4/24/2024|12/31/9999|0.1000
54|21100790000NB|105.4000|105.5000|BASE_TYPE|1/1/2023|5.000||||4/24/2024|12/31/9999|0.1000
54|21100790000NB|105.5000|105.6000|BASE_TYPE|1/1/2023|5.000||||4/24/2024|12/31/9999|0.1000
54|21100790000NB|105.6000|105.7000|BASE_TYPE|1/1/2023|5.000||||4/24/2024|12/31/9999|0.1000
54|35200400000EB|3.4400|3.9100|BASE_TYPE|1/1/2023|2.000|||same as 2020|4/24/2024|12/31/9999|0.4700
54|35200400000EB|4.3200|5.4200|BASE_TYPE|1/1/2023|2.000|||same as 2020|4/24/2024|12/31/9999|1.1000
54|35200400000EB|5.4200|5.9300|BASE_TYPE|1/1/2023|2.000|||same as 2020|4/24/2024|12/31/9999|0.5100
54|2930093000000|0.0000|0.0690|BASE_TYPE|1/1/2023|5.000||||4/24/2024|12/31/9999|0.0690
54|2930093000000|0.0690|0.1000|BASE_TYPE|1/1/2023|5.000||||4/24/2024|12/31/9999|0.0310
54|2930093000000|0.1000|0.2000|BASE_TYPE|1/1/2023|5.000||||4/24/2024|12/31/9999|0.1000
54|2930093000000|0.2000|0.3000|BASE_TYPE|1/1/2023|5.000||||4/24/2024|12/31/9999|0.1000
54|2930093000000|0.3000|0.4000|BASE_TYPE|1/1/2023|5.000||||4/24/2024|12/31/9999|0.1000
54|2930093000000|0.4000|0.5000|BASE_TYPE|1/1/2023|5.000||||4/24/2024|12/31/9999|0.1000
54|2930093000000|0.5000|0.6000|BASE_TYPE|1/1/2023|5.000||||4/24/2024|12/31/9999|0.1000
54|2930093000000|0.6000|0.7000|BASE_TYPE|1/1/2023|5.000||||4/24/2024|12/31/9999|0.1000
54|2930093000000|0.7000|0.8000|BASE_TYPE|1/1/2023|5.000||||4/24/2024|12/31/9999|0.1000
54|2930093000000|0.8000|0.9000|BASE_TYPE|1/1/2023|5.000||||4/24/2024|12/31/9999|0.1000
54|2930093000000|0.9000|1.0000|BASE_TYPE|1/1/2023|5.000||||4/24/2024|12/31/9999|0.1000
54|2930093000000|1.0000|1.1000|BASE_TYPE|1/1/2023|5.000||||4/24/2024|12/31/9999|0.1000
54|2930093000000|1.1000|1.2000|BASE_TYPE|1/1/2023|5.000||||4/24/2024|12/31/9999|0.1000
54|2930093000000|1.2000|1.3000|BASE_TYPE|1/1/2023|5.000||||4/24/2024|12/31/9999|0.1000
54|2930093000000|1.3000|1.4000|BASE_TYPE|1/1/2023|5.000||||4/24/2024|12/31/9999|0.1000
54|2930093000000|1.4000|1.5000|BASE_TYPE|1/1/2023|5.000||||4/24/2024|12/31/9999|0.1000
54|2930093000000|1.5000|1.6000|BASE_TYPE|1/1/2023|5.000||||4/24/2024|12/31/9999|0.1000
54|2930093000000|1.6000|1.7000|BASE_TYPE|1/1/2023|5.000||||4/24/2024|12/31/9999|0.1000
54|2930093000000|1.7000|1.8000|BASE_TYPE|1/1/2023|5.000||||4/24/2024|12/31/9999|0.1000
54|2930093000000|1.8000|1.9000|BASE_TYPE|1/1/2023|5.000||||4/24/2024|12/31/9999|0.1000
54|2930093000000|1.9000|2.0000|BASE_TYPE|1/1/2023|5.000||||4/24/2024|12/31/9999|0.1000
54|2930093000000|2.0000|2.1000|BASE_TYPE|1/1/2023|5.000||||4/24/2024|12/31/9999|0.1000
54|2930093000000|2.1000|2.2000|BASE_TYPE|1/1/2023|5.000||||4/24/2024|12/31/9999|0.1000
54|2930093000000|2.2000|2.3000|BASE_TYPE|1/1/2023|5.000||||4/24/2024|12/31/9999|0.1000
54|2930093000000|2.3000|2.4000|BASE_TYPE|1/1/2023|5.000||||4/24/2024|12/31/9999|0.1000
54|2930093000000|2.4000|2.5000|BASE_TYPE|1/1/2023|5.000||||4/24/2024|12/31/9999|0.1000
54|2930093000000|2.5000|2.6000|BASE_TYPE|1/1/2023|5.000||||4/24/2024|12/31/9999|0.1000
54|2930093000000|2.6000|2.7000|BASE_TYPE|1/1/2023|5.000||||4/24/2024|12/31/9999|0.1000
54|2930093000000|2.7000|2.8000|BASE_TYPE|1/1/2023|5.000||||4/24/2024|12/31/9999|0.1000
54|21100790000NB|106.4000|106.4200|BASE_TYPE|1/1/2023|5.000||||4/24/2024|12/31/9999|0.0200
54|21100790000NB|106.3000|106.4000|BASE_TYPE|1/1/2023|5.000||||4/24/2024|12/31/9999|0.1000
54|21100790000NB|106.2000|106.3000|BASE_TYPE|1/1/2023|5.000||||4/24/2024|12/31/9999|0.1000
54|21100790000NB|106.1000|106.2000|BASE_TYPE|1/1/2023|5.000||||4/24/2024|12/31/9999|0.1000
54|21100790000NB|106.0000|106.1000|BASE_TYPE|1/1/2023|5.000||||4/24/2024|12/31/9999|0.1000
54|21100790000NB|105.9000|106.0000|BASE_TYPE|1/1/2023|5.000||||4/24/2024|12/31/9999|0.1000
54|21100790000NB|105.8000|105.9000|BASE_TYPE|1/1/2023|5.000||||4/24/2024|12/31/9999|0.1000
54|21100790000NB|105.7000|105.8000|BASE_TYPE|1/1/2023|5.000||||4/24/2024|12/31/9999|0.1000
54|21100790000NB|103.0000|103.1000|BASE_TYPE|1/1/2023|5.000||||4/24/2024|12/31/9999|0.1000
54|21100790000NB|102.9000|103.0000|BASE_TYPE|1/1/2023|5.000||||4/24/2024|12/31/9999|0.1000
54|21100790000NB|102.8000|102.9000|BASE_TYPE|1/1/2023|5.000||||4/24/2024|12/31/9999|0.1000
54|21100790000NB|102.7000|102.8000|BASE_TYPE|1/1/2023|5.000||||4/24/2024|12/31/9999|0.1000
54|21100790000NB|102.6000|102.7000|BASE_TYPE|1/1/2023|5.000||||4/24/2024|12/31/9999|0.1000
54|21100790000NB|102.5000|102.6000|BASE_TYPE|1/1/2023|5.000||||4/24/2024|12/31/9999|0.1000
54|21100790000NB|102.4000|102.5000|BASE_TYPE|1/1/2023|5.000||||4/24/2024|12/31/9999|0.1000
54|21100790000NB|102.3000|102.4000|BASE_TYPE|1/1/2023|5.000||||4/24/2024|12/31/9999|0.1000
54|21100790000NB|102.2000|102.3000|BASE_TYPE|1/1/2023|5.000||||4/24/2024|12/31/9999|0.1000
54|21100790000NB|102.1000|102.2000|BASE_TYPE|1/1/2023|5.000||||4/24/2024|12/31/9999|0.1000
54|21100790000NB|102.0000|102.1000|BASE_TYPE|1/1/2023|5.000||||4/24/2024|12/31/9999|0.1000
54|21100790000NB|101.9000|102.0000|BASE_TYPE|1/1/2023|5.000||||4/24/2024|12/31/9999|0.1000
54|21100790000NB|101.8000|101.9000|BASE_TYPE|1/1/2023|5.000||||4/24/2024|12/31/9999|0.1000
54|21100790000NB|101.7000|101.8000|BASE_TYPE|1/1/2023|5.000||||4/24/2024|12/31/9999|0.1000
54|21100790000NB|101.6900|101.7000|BASE_TYPE|1/1/2023|5.000||||4/24/2024|12/31/9999|0.0100
54|21100790000NB|101.6000|101.6900|BASE_TYPE|1/1/2023|5.000||||4/24/2024|12/31/9999|0.0900
54|21100790000NB|101.5000|101.6000|BASE_TYPE|1/1/2023|5.000||||4/24/2024|12/31/9999|0.1000
54|21100790000NB|101.4000|101.5000|BASE_TYPE|1/1/2023|5.000||||4/24/2024|12/31/9999|0.1000
54|21100790000NB|101.3000|101.4000|BASE_TYPE|1/1/2023|5.000||||4/24/2024|12/31/9999|0.1000
54|21100790000NB|101.2000|101.3000|BASE_TYPE|1/1/2023|5.000||||4/24/2024|12/31/9999|0.1000
54|21100790000NB|101.1000|101.2000|BASE_TYPE|1/1/2023|5.000||||4/24/2024|12/31/9999|0.1000
54|21100790000NB|101.0000|101.1000|BASE_TYPE|1/1/2023|5.000||||4/24/2024|12/31/9999|0.1000
54|21100790000NB|100.9000|101.0000|BASE_TYPE|1/1/2023|5.000||||4/24/2024|12/31/9999|0.1000
54|21100790000NB|100.8000|100.9000|BASE_TYPE|1/1/2023|5.000||||4/24/2024|12/31/9999|0.1000
54|21100790000NB|100.7000|100.8000|BASE_TYPE|1/1/2023|5.000||||4/24/2024|12/31/9999|0.1000
54|21100790000NB|100.6000|100.7000|BASE_TYPE|1/1/2023|5.000||||4/24/2024|12/31/9999|0.1000
54|21100790000NB|96.8000|96.9000|BASE_TYPE|1/1/2023|5.000||||4/24/2024|12/31/9999|0.1000
54|21100790000NB|96.7000|96.8000|BASE_TYPE|1/1/2023|5.000||||4/24/2024|12/31/9999|0.1000
54|21100790000NB|96.6000|96.7000|BASE_TYPE|1/1/2023|5.000||||4/24/2024|12/31/9999|0.1000
54|21100790000NB|96.5000|96.6000|BASE_TYPE|1/1/2023|5.000||||4/24/2024|12/31/9999|0.1000
54|21100790000NB|96.4000|96.5000|BASE_TYPE|1/1/2023|5.000||||4/24/2024|12/31/9999|0.1000
54|21100790000NB|96.3000|96.4000|BASE_TYPE|1/1/2023|5.000||||4/24/2024|12/31/9999|0.1000
54|21100790000NB|96.2000|96.3000|BASE_TYPE|1/1/2023|5.000||||4/24/2024|12/31/9999|0.1000
54|21100790000NB|96.1700|96.2000|BASE_TYPE|1/1/2023|5.000||||4/24/2024|12/31/9999|0.0300
54|21100790000NB|96.1000|96.1700|BASE_TYPE|1/1/2023|5.000||||4/24/2024|12/31/9999|0.0700
54|21100790000NB|96.0000|96.1000|BASE_TYPE|1/1/2023|5.000||||4/24/2024|12/31/9999|0.1000
54|21100790000NB|95.9000|96.0000|BASE_TYPE|1/1/2023|5.000||||4/24/2024|12/31/9999|0.1000
54|21100790000NB|95.8200|95.9000|BASE_TYPE|1/1/2023|5.000||||4/24/2024|12/31/9999|0.0800
54|21100790000NB|95.8000|95.8200|BASE_TYPE|1/1/2023|5.000||||4/24/2024|12/31/9999|0.0200
54|21100790000NB|95.7300|95.8000|BASE_TYPE|1/1/2023|5.000||||4/24/2024|12/31/9999|0.0700
54|21100790000NB|95.7000|95.7300|BASE_TYPE|1/1/2023|5.000||||4/24/2024|12/31/9999|0.0300
54|21100790000NB|95.6000|95.7000|BASE_TYPE|1/1/2023|5.000||||4/24/2024|12/31/9999|0.1000
54|21100790000NB|95.5000|95.6000|BASE_TYPE|1/1/2023|5.000||||4/24/2024|12/31/9999|0.1000
54|21100790000NB|95.4000|95.5000|BASE_TYPE|1/1/2023|5.000||||4/24/2024|12/31/9999|0.1000
54|21100790000NB|95.3000|95.4000|BASE_TYPE|1/1/2023|5.000||||4/24/2024|12/31/9999|0.1000
54|21100790000NB|95.2000|95.3000|BASE_TYPE|1/1/2023|5.000||||4/24/2024|12/31/9999|0.1000
54|21100790000NB|95.1000|95.2000|BASE_TYPE|1/1/2023|5.000||||4/24/2024|12/31/9999|0.1000
54|21100790000NB|95.0000|95.1000|BASE_TYPE|1/1/2023|5.000||||4/24/2024|12/31/9999|0.1000
54|21100790000NB|94.9000|95.0000|BASE_TYPE|1/1/2023|5.000||||4/24/2024|12/31/9999|0.1000
54|21100790000NB|94.8000|94.9000|BASE_TYPE|1/1/2023|5.000||||4/24/2024|12/31/9999|0.1000
54|21100790000NB|94.7000|94.8000|BASE_TYPE|1/1/2023|5.000||||4/24/2024|12/31/9999|0.1000
54|21100790000NB|94.6000|94.7000|BASE_TYPE|1/1/2023|5.000||||4/24/2024|12/31/9999|0.1000
54|21100790000NB|94.5000|94.6000|BASE_TYPE|1/1/2023|5.000||||4/24/2024|12/31/9999|0.1000
54|21100790000NB|94.4000|94.5000|BASE_TYPE|1/1/2023|5.000||||4/24/2024|12/31/9999|0.1000
54|21100790000NB|94.3000|94.4000|BASE_TYPE|1/1/2023|5.000||||4/24/2024|12/31/9999|0.1000
54|21100790000NB|92.7000|92.8000|BASE_TYPE|1/1/2023|5.000||||4/24/2024|12/31/9999|0.1000
54|21100790000NB|92.6000|92.7000|BASE_TYPE|1/1/2023|5.000||||4/24/2024|12/31/9999|0.1000
54|21100790000NB|92.5000|92.6000|BASE_TYPE|1/1/2023|5.000||||4/24/2024|12/31/9999|0.1000
54|21100790000NB|92.4000|92.5000|BASE_TYPE|1/1/2023|5.000||||4/24/2024|12/31/9999|0.1000
54|21100790000NB|92.3000|92.4000|BASE_TYPE|1/1/2023|5.000||||4/24/2024|12/31/9999|0.1000
54|21100790000NB|92.2000|92.3000|BASE_TYPE|1/1/2023|5.000||||4/24/2024|12/31/9999|0.1000
54|21100790000NB|92.1000|92.2000|BASE_TYPE|1/1/2023|5.000||||4/24/2024|12/31/9999|0.1000
54|21100790000NB|92.0000|92.1000|BASE_TYPE|1/1/2023|5.000||||4/24/2024|12/31/9999|0.1000
54|21100790000NB|91.9000|92.0000|BASE_TYPE|1/1/2023|5.000||||4/24/2024|12/31/9999|0.1000
54|21100790000NB|91.8000|91.9000|BASE_TYPE|1/1/2023|5.000||||4/24/2024|12/31/9999|0.1000
54|21100790000NB|91.7000|91.8000|BASE_TYPE|1/1/2023|5.000||||4/24/2024|12/31/9999|0.1000
54|21100790000NB|91.6000|91.7000|BASE_TYPE|1/1/2023|5.000||||4/24/2024|12/31/9999|0.1000
54|21100790000NB|91.5000|91.6000|BASE_TYPE|1/1/2023|5.000||||4/24/2024|12/31/9999|0.1000
54|21100790000NB|91.4000|91.5000|BASE_TYPE|1/1/2023|5.000||||4/24/2024|12/31/9999|0.1000
54|21100790000NB|91.3000|91.4000|BASE_TYPE|1/1/2023|5.000||||4/24/2024|12/31/9999|0.1000
54|21100790000NB|91.2000|91.3000|BASE_TYPE|1/1/2023|5.000||||4/24/2024|12/31/9999|0.1000
54|21100790000NB|91.1000|91.2000|BASE_TYPE|1/1/2023|5.000||||4/24/2024|12/31/9999|0.1000
54|21100790000NB|91.0000|91.1000|BASE_TYPE|1/1/2023|5.000||||4/24/2024|12/31/9999|0.1000
54|21100790000NB|90.9200|91.0000|BASE_TYPE|1/1/2023|5.000||||4/24/2024|12/31/9999|0.0800
54|21100790000NB|90.9000|90.9200|BASE_TYPE|1/1/2023|5.000||||4/24/2024|12/31/9999|0.0200
54|21100790000NB|90.8200|90.9000|BASE_TYPE|1/1/2023|5.000||||4/24/2024|12/31/9999|0.0800
54|21100790000NB|90.8000|90.8200|BASE_TYPE|1/1/2023|5.000||||4/24/2024|12/31/9999|0.0200
54|21100790000NB|90.7700|90.8000|BASE_TYPE|1/1/2023|5.000||||4/24/2024|12/31/9999|0.0300
54|21100790000NB|90.7000|90.7700|BASE_TYPE|1/1/2023|5.000||||4/24/2024|12/31/9999|0.0700
54|21100790000NB|90.6000|90.7000|BASE_TYPE|1/1/2023|5.000||||4/24/2024|12/31/9999|0.1000
54|21100790000NB|90.5000|90.6000|BASE_TYPE|1/1/2023|5.000||||4/24/2024|12/31/9999|0.1000
54|21100790000NB|90.4000|90.5000|BASE_TYPE|1/1/2023|5.000||||4/24/2024|12/31/9999|0.1000
54|21100790000NB|90.3000|90.4000|BASE_TYPE|1/1/2023|5.000||||4/24/2024|12/31/9999|0.1000
54|21100790000NB|90.2000|90.3000|BASE_TYPE|1/1/2023|5.000||||4/24/2024|12/31/9999|0.1000
54|21100790000NB|90.1000|90.2000|BASE_TYPE|1/1/2023|5.000||||4/24/2024|12/31/9999|0.1000
54|21100790000NB|90.0000|90.1000|BASE_TYPE|1/1/2023|5.000||||4/24/2024|12/31/9999|0.1000
54|21100790000NB|89.9000|90.0000|BASE_TYPE|1/1/2023|5.000||||4/24/2024|12/31/9999|0.1000
54|21100790000NB|89.8000|89.9000|BASE_TYPE|1/1/2023|5.000||||4/24/2024|12/31/9999|0.1000
54|21100790000NB|89.7000|89.8000|BASE_TYPE|1/1/2023|5.000||||4/24/2024|12/31/9999|0.1000
54|21100790000NB|89.6000|89.7000|BASE_TYPE|1/1/2023|5.000||||4/24/2024|12/31/9999|0.1000
54|21100790000NB|89.5000|89.6000|BASE_TYPE|1/1/2023|5.000||||4/24/2024|12/31/9999|0.1000
54|21100790000NB|89.4000|89.5000|BASE_TYPE|1/1/2023|5.000||||4/24/2024|12/31/9999|0.1000
54|21100790000NB|89.3000|89.4000|BASE_TYPE|1/1/2023|5.000||||4/24/2024|12/31/9999|0.1000
54|21100790000NB|89.2000|89.3000|BASE_TYPE|1/1/2023|5.000||||4/24/2024|12/31/9999|0.1000
54|21100790000NB|87.1000|87.2000|BASE_TYPE|1/1/2023|5.000||||4/24/2024|12/31/9999|0.1000
54|21100790000NB|87.0000|87.1000|BASE_TYPE|1/1/2023|5.000||||4/24/2024|12/31/9999|0.1000
54|21100790000NB|86.9000|87.0000|BASE_TYPE|1/1/2023|5.000||||4/24/2024|12/31/9999|0.1000
54|21100790000NB|86.8000|86.9000|BASE_TYPE|1/1/2023|5.000||||4/24/2024|12/31/9999|0.1000
54|21100790000NB|86.7000|86.8000|BASE_TYPE|1/1/2023|5.000||||4/24/2024|12/31/9999|0.1000
54|21100790000NB|86.6000|86.7000|BASE_TYPE|1/1/2023|5.000||||4/24/2024|12/31/9999|0.1000
54|21100790000NB|86.5000|86.6000|BASE_TYPE|1/1/2023|5.000||||4/24/2024|12/31/9999|0.1000
54|21100790000NB|86.4000|86.5000|BASE_TYPE|1/1/2023|5.000||||4/24/2024|12/31/9999|0.1000
54|21100790000NB|86.3000|86.4000|BASE_TYPE|1/1/2023|5.000||||4/24/2024|12/31/9999|0.1000
54|21100790000NB|86.2000|86.3000|BASE_TYPE|1/1/2023|5.000||||4/24/2024|12/31/9999|0.1000
54|21100790000NB|86.1000|86.2000|BASE_TYPE|1/1/2023|5.000||||4/24/2024|12/31/9999|0.1000
54|21100790000NB|86.0000|86.1000|BASE_TYPE|1/1/2023|5.000||||4/24/2024|12/31/9999|0.1000
54|21100790000NB|85.9000|86.0000|BASE_TYPE|1/1/2023|5.000||||4/24/2024|12/31/9999|0.1000
54|21100790000NB|85.8000|85.9000|BASE_TYPE|1/1/2023|5.000||||4/24/2024|12/31/9999|0.1000
54|21100790000NB|85.7000|85.8000|BASE_TYPE|1/1/2023|5.000||||4/24/2024|12/31/9999|0.1000
54|21100790000NB|85.6000|85.7000|BASE_TYPE|1/1/2023|5.000||||4/24/2024|12/31/9999|0.1000
54|21100790000NB|85.5000|85.6000|BASE_TYPE|1/1/2023|5.000||||4/24/2024|12/31/9999|0.1000
54|21100790000NB|85.4000|85.5000|BASE_TYPE|1/1/2023|5.000||||4/24/2024|12/31/9999|0.1000
54|21100790000NB|85.3000|85.4000|BASE_TYPE|1/1/2023|5.000||||4/24/2024|12/31/9999|0.1000
54|21100790000NB|85.2000|85.3000|BASE_TYPE|1/1/2023|5.000||||4/24/2024|12/31/9999|0.1000
54|21100790000NB|85.1000|85.2000|BASE_TYPE|1/1/2023|5.000||||4/24/2024|12/31/9999|0.1000
54|21100790000NB|85.0000|85.1000|BASE_TYPE|1/1/2023|5.000||||4/24/2024|12/31/9999|0.1000
54|21100790000NB|84.9000|85.0000|BASE_TYPE|1/1/2023|5.000||||4/24/2024|12/31/9999|0.1000
54|21100790000NB|84.8000|84.9000|BASE_TYPE|1/1/2023|5.000||||4/24/2024|12/31/9999|0.1000
54|21100790000NB|84.7000|84.8000|BASE_TYPE|1/1/2023|5.000||||4/24/2024|12/31/9999|0.1000
54|21100790000NB|84.6000|84.7000|BASE_TYPE|1/1/2023|5.000||||4/24/2024|12/31/9999|0.1000
54|21100790000NB|84.5000|84.6000|BASE_TYPE|1/1/2023|5.000||||4/24/2024|12/31/9999|0.1000
54|21100790000NB|84.4000|84.5000|BASE_TYPE|1/1/2023|5.000||||4/24/2024|12/31/9999|0.1000
54|21100790000NB|84.3000|84.4000|BASE_TYPE|1/1/2023|5.000||||4/24/2024|12/31/9999|0.1000
54|21100790000NB|84.2000|84.3000|BASE_TYPE|1/1/2023|5.000||||4/24/2024|12/31/9999|0.1000
54|21100790000NB|84.1000|84.2000|BASE_TYPE|1/1/2023|5.000||||4/24/2024|12/31/9999|0.1000
54|21100790000NB|84.0000|84.1000|BASE_TYPE|1/1/2023|5.000||||4/24/2024|12/31/9999|0.1000
54|21100790000NB|83.9000|84.0000|BASE_TYPE|1/1/2023|5.000||||4/24/2024|12/31/9999|0.1000
54|2930093000000|2.8000|2.9000|BASE_TYPE|1/1/2023|5.000||||4/24/2024|12/31/9999|0.1000
54|2930093000000|2.9000|3.0000|BASE_TYPE|1/1/2023|5.000||||4/24/2024|12/31/9999|0.1000
54|2930093000000|3.0000|3.1000|BASE_TYPE|1/1/2023|5.000||||4/24/2024|12/31/9999|0.1000
54|2930093000000|3.1000|3.2000|BASE_TYPE|1/1/2023|5.000||||4/24/2024|12/31/9999|0.1000
54|2930093000000|3.2000|3.3000|BASE_TYPE|1/1/2023|5.000||||4/24/2024|12/31/9999|0.1000
54|2930093000000|3.3000|3.4000|BASE_TYPE|1/1/2023|5.000||||4/24/2024|12/31/9999|0.1000
54|2930093000000|3.4000|3.4200|BASE_TYPE|1/1/2023|5.000||||4/24/2024|12/31/9999|0.0200
54|29202200000NB|12.6100|12.7000|BASE_TYPE|1/1/2023|5.000||||4/24/2024|12/31/9999|0.0900
54|29202200000NB|12.7000|12.8000|BASE_TYPE|1/1/2023|5.000||||4/24/2024|12/31/9999|0.1000
54|29202200000NB|12.8000|12.9000|BASE_TYPE|1/1/2023|5.000||||4/24/2024|12/31/9999|0.1000
54|29202200000NB|12.9000|13.0000|BASE_TYPE|1/1/2023|5.000||||4/24/2024|12/31/9999|0.1000
54|29202200000NB|13.0000|13.1000|BASE_TYPE|1/1/2023|5.000||||4/24/2024|12/31/9999|0.1000
54|29202200000NB|13.1000|13.2000|BASE_TYPE|1/1/2023|5.000||||4/24/2024|12/31/9999|0.1000
54|29202200000NB|13.2000|13.2600|BASE_TYPE|1/1/2023|5.000||||4/24/2024|12/31/9999|0.0600
54|29202200000NB|13.7800|13.8000|BASE_TYPE|1/1/2023|5.000||||4/24/2024|12/31/9999|0.0200
54|24200520000EB|25.8000|25.9000|BASE_TYPE|1/1/2023|3.000||||4/24/2024|12/31/9999|0.1000
54|24200520000EB|25.9000|26.0000|BASE_TYPE|1/1/2023|3.000||||4/24/2024|12/31/9999|0.1000
54|24200520000EB|26.0000|26.1000|BASE_TYPE|1/1/2023|3.000||||4/24/2024|12/31/9999|0.1000
54|24200520000EB|26.1000|26.2000|BASE_TYPE|1/1/2023|3.000||||4/24/2024|12/31/9999|0.1000
54|24200520000EB|26.2000|26.3000|BASE_TYPE|1/1/2023|3.000||||4/24/2024|12/31/9999|0.1000
54|24200520000EB|26.3000|26.4000|BASE_TYPE|1/1/2023|3.000||||4/24/2024|12/31/9999|0.1000
54|24200520000EB|26.4000|26.5000|BASE_TYPE|1/1/2023|3.000||||4/24/2024|12/31/9999|0.1000
54|24200520000EB|26.5000|26.6000|BASE_TYPE|1/1/2023|3.000||||4/24/2024|12/31/9999|0.1000
54|24200520000EB|26.6000|26.7000|BASE_TYPE|1/1/2023|3.000||||4/24/2024|12/31/9999|0.1000
54|24200520000EB|26.7000|26.7700|BASE_TYPE|1/1/2023|3.000||||4/24/2024|12/31/9999|0.0700
54|2430016000000|0.0600|1.7300|BASE_TYPE|1/1/2023|3.000||||4/24/2024|12/31/9999|1.6700
54|2430016000000|4.0500|6.1800|BASE_TYPE|1/1/2023|3.000||||4/24/2024|12/31/9999|2.1300
54|2430016000000|9.4700|10.1400|BASE_TYPE|1/1/2023|3.000||||4/24/2024|12/31/9999|0.6700
54|2430016000000|13.7500|14.0500|BASE_TYPE|1/1/2023|3.000||||4/24/2024|12/31/9999|0.3000
54|2430016000000|16.0600|16.1000|BASE_TYPE|1/1/2023|3.000||||4/24/2024|12/31/9999|0.0400
54|2430016000000|16.1000|16.2000|BASE_TYPE|1/1/2023|3.000||||4/24/2024|12/31/9999|0.1000
54|2430016000000|16.2000|16.3000|BASE_TYPE|1/1/2023|3.000||||4/24/2024|12/31/9999|0.1000
54|2430016000000|16.3000|16.4000|BASE_TYPE|1/1/2023|3.000||||4/24/2024|12/31/9999|0.1000
54|2430016000000|16.4000|16.5000|BASE_TYPE|1/1/2023|3.000||||4/24/2024|12/31/9999|0.1000
54|2430016000000|16.5000|16.6000|BASE_TYPE|1/1/2023|3.000||||4/24/2024|12/31/9999|0.1000
54|2430016000000|16.6000|16.7000|BASE_TYPE|1/1/2023|3.000||||4/24/2024|12/31/9999|0.1000
54|2430016000000|16.7000|16.8000|BASE_TYPE|1/1/2023|3.000||||4/24/2024|12/31/9999|0.1000
54|2430016000000|16.8000|16.9000|BASE_TYPE|1/1/2023|3.000||||4/24/2024|12/31/9999|0.1000
54|2430016000000|16.9000|17.0000|BASE_TYPE|1/1/2023|3.000||||4/24/2024|12/31/9999|0.1000
54|2430016000000|17.0000|17.1000|BASE_TYPE|1/1/2023|3.000||||4/24/2024|12/31/9999|0.1000
54|2430016000000|17.1000|17.2000|BASE_TYPE|1/1/2023|3.000||||4/24/2024|12/31/9999|0.1000
54|2430016000000|17.2000|17.3000|BASE_TYPE|1/1/2023|3.000||||4/24/2024|12/31/9999|0.1000
54|2430016000000|17.3000|17.4000|BASE_TYPE|1/1/2023|3.000||||4/24/2024|12/31/9999|0.1000
54|2430016000000|17.4000|17.5000|BASE_TYPE|1/1/2023|3.000||||4/24/2024|12/31/9999|0.1000
54|2430016000000|17.5000|17.6000|BASE_TYPE|1/1/2023|3.000||||4/24/2024|12/31/9999|0.1000
54|2430016000000|17.6000|17.7000|BASE_TYPE|1/1/2023|3.000||||4/24/2024|12/31/9999|0.1000
54|2430016000000|17.7000|17.8000|BASE_TYPE|1/1/2023|3.000||||4/24/2024|12/31/9999|0.1000
54|2430016000000|17.8000|17.9000|BASE_TYPE|1/1/2023|3.000||||4/24/2024|12/31/9999|0.1000
54|2430016000000|17.9000|18.0000|BASE_TYPE|1/1/2023|3.000||||4/24/2024|12/31/9999|0.1000
54|2430016000000|18.0000|18.1000|BASE_TYPE|1/1/2023|3.000||||4/24/2024|12/31/9999|0.1000
54|2430016000000|18.1000|18.2000|BASE_TYPE|1/1/2023|3.000||||4/24/2024|12/31/9999|0.1000
54|2430016000000|18.2000|18.3000|BASE_TYPE|1/1/2023|3.000||||4/24/2024|12/31/9999|0.1000
54|2430016000000|18.3000|18.4000|BASE_TYPE|1/1/2023|3.000||||4/24/2024|12/31/9999|0.1000
54|2430016000000|18.4000|18.5000|BASE_TYPE|1/1/2023|3.000||||4/24/2024|12/31/9999|0.1000
54|2430016000000|18.5000|18.6000|BASE_TYPE|1/1/2023|3.000||||4/24/2024|12/31/9999|0.1000
54|2430016000000|18.6000|18.7000|BASE_TYPE|1/1/2023|3.000||||4/24/2024|12/31/9999|0.1000
54|2430016000000|18.7000|18.8000|BASE_TYPE|1/1/2023|3.000||||4/24/2024|12/31/9999|0.1000
54|2430016000000|18.8000|18.9000|BASE_TYPE|1/1/2023|3.000||||4/24/2024|12/31/9999|0.1000
54|2430016000000|18.9000|19.0000|BASE_TYPE|1/1/2023|3.000||||4/24/2024|12/31/9999|0.1000
54|2430016000000|19.0000|19.1000|BASE_TYPE|1/1/2023|3.000||||4/24/2024|12/31/9999|0.1000
54|2430016000000|19.1000|19.2000|BASE_TYPE|1/1/2023|3.000||||4/24/2024|12/31/9999|0.1000
54|2430016000000|19.2000|19.3000|BASE_TYPE|1/1/2023|3.000||||4/24/2024|12/31/9999|0.1000
54|2430016000000|19.3000|19.4000|BASE_TYPE|1/1/2023|3.000||||4/24/2024|12/31/9999|0.1000
54|2430016000000|19.4000|19.5000|BASE_TYPE|1/1/2023|3.000||||4/24/2024|12/31/9999|0.1000
54|2430016000000|19.5000|19.5600|BASE_TYPE|1/1/2023|3.000||||4/24/2024|12/31/9999|0.0600
54|2430016000000|19.5600|19.6000|BASE_TYPE|1/1/2023|3.000||||4/24/2024|12/31/9999|0.0400
54|2430016000000|19.6000|19.7000|BASE_TYPE|1/1/2023|3.000||||4/24/2024|12/31/9999|0.1000
54|2430016000000|19.7000|19.8000|BASE_TYPE|1/1/2023|3.000||||4/24/2024|12/31/9999|0.1000
54|2430016000000|19.8000|19.9000|BASE_TYPE|1/1/2023|3.000||||4/24/2024|12/31/9999|0.1000
54|2430016000000|19.9000|20.0000|BASE_TYPE|1/1/2023|3.000||||4/24/2024|12/31/9999|0.1000
54|2430016000000|20.0000|20.1000|BASE_TYPE|1/1/2023|3.000||||4/24/2024|12/31/9999|0.1000
54|2430016000000|20.1000|20.1560|BASE_TYPE|1/1/2023|3.000||||4/24/2024|12/31/9999|0.0560
54|2430016000000|20.1560|20.2000|BASE_TYPE|1/1/2023|3.000||||4/24/2024|12/31/9999|0.0440
54|2430016000000|20.2000|20.3000|BASE_TYPE|1/1/2023|3.000||||4/24/2024|12/31/9999|0.1000
54|2430016000000|20.3000|20.4000|BASE_TYPE|1/1/2023|3.000||||4/24/2024|12/31/9999|0.1000
54|2430016000000|20.4000|20.5000|BASE_TYPE|1/1/2023|3.000||||4/24/2024|12/31/9999|0.1000
54|2430016000000|20.5000|20.6000|BASE_TYPE|1/1/2023|3.000||||4/24/2024|12/31/9999|0.1000
54|2430016000000|20.6000|20.7000|BASE_TYPE|1/1/2023|3.000||||4/24/2024|12/31/9999|0.1000
54|2430016000000|20.7000|20.7900|BASE_TYPE|1/1/2023|3.000||||4/24/2024|12/31/9999|0.0900
54|2430016000000|20.7900|20.8000|BASE_TYPE|1/1/2023|3.000||||4/24/2024|12/31/9999|0.0100
54|2430016000000|20.8000|20.9000|BASE_TYPE|1/1/2023|3.000||||4/24/2024|12/31/9999|0.1000
54|2430016000000|20.9000|21.0000|BASE_TYPE|1/1/2023|3.000||||4/24/2024|12/31/9999|0.1000
54|2430016000000|21.0000|21.1000|BASE_TYPE|1/1/2023|3.000||||4/24/2024|12/31/9999|0.1000
54|2430016000000|21.1000|21.2000|BASE_TYPE|1/1/2023|3.000||||4/24/2024|12/31/9999|0.1000
54|2430016000000|21.2000|21.3000|BASE_TYPE|1/1/2023|3.000||||4/24/2024|12/31/9999|0.1000
54|2430016000000|21.3000|21.4000|BASE_TYPE|1/1/2023|3.000||||4/24/2024|12/31/9999|0.1000
54|2430016000000|21.4000|21.5000|BASE_TYPE|1/1/2023|3.000||||4/24/2024|12/31/9999|0.1000
54|2430016000000|21.5000|21.6000|BASE_TYPE|1/1/2023|3.000||||4/24/2024|12/31/9999|0.1000
54|2430016000000|21.6000|21.7000|BASE_TYPE|1/1/2023|3.000||||4/24/2024|12/31/9999|0.1000
54|2430016000000|21.7000|21.8000|BASE_TYPE|1/1/2023|3.000||||4/24/2024|12/31/9999|0.1000
54|2430016000000|21.8000|21.9000|BASE_TYPE|1/1/2023|3.000||||4/24/2024|12/31/9999|0.1000
54|2430016000000|21.9000|22.0000|BASE_TYPE|1/1/2023|3.000||||4/24/2024|12/31/9999|0.1000
54|2430016000000|22.0000|22.0500|BASE_TYPE|1/1/2023|3.000||||4/24/2024|12/31/9999|0.0500
54|2430016000000|22.0500|22.1000|BASE_TYPE|1/1/2023|3.000||||4/24/2024|12/31/9999|0.0500
54|2430016000000|22.1000|22.2000|BASE_TYPE|1/1/2023|3.000||||4/24/2024|12/31/9999|0.1000
54|2430016000000|22.2000|22.3000|BASE_TYPE|1/1/2023|3.000||||4/24/2024|12/31/9999|0.1000
54|2430016000000|22.3000|22.4000|BASE_TYPE|1/1/2023|3.000||||4/24/2024|12/31/9999|0.1000
54|2430016000000|22.4000|22.5000|BASE_TYPE|1/1/2023|3.000||||4/24/2024|12/31/9999|0.1000
54|2430016000000|22.5000|22.6000|BASE_TYPE|1/1/2023|3.000||||4/24/2024|12/31/9999|0.1000
54|2430016000000|22.6000|22.7000|BASE_TYPE|1/1/2023|3.000||||4/24/2024|12/31/9999|0.1000
54|2430016000000|22.7000|22.8000|BASE_TYPE|1/1/2023|3.000||||4/24/2024|12/31/9999|0.1000
54|2430016000000|22.8000|22.9000|BASE_TYPE|1/1/2023|3.000||||4/24/2024|12/31/9999|0.1000
54|2430016000000|22.9000|23.0000|BASE_TYPE|1/1/2023|3.000||||4/24/2024|12/31/9999|0.1000
54|2430016000000|23.0000|23.1000|BASE_TYPE|1/1/2023|3.000||||4/24/2024|12/31/9999|0.1000
54|2430016000000|23.1000|23.2000|BASE_TYPE|1/1/2023|3.000||||4/24/2024|12/31/9999|0.1000
54|2430016000000|23.2000|23.3000|BASE_TYPE|1/1/2023|3.000||||4/24/2024|12/31/9999|0.1000
54|2430016000000|23.3000|23.4000|BASE_TYPE|1/1/2023|3.000||||4/24/2024|12/31/9999|0.1000
54|2430016000000|23.4000|23.5000|BASE_TYPE|1/1/2023|3.000||||4/24/2024|12/31/9999|0.1000
54|2430016000000|23.5000|23.6000|BASE_TYPE|1/1/2023|3.000||||4/24/2024|12/31/9999|0.1000
54|2430016000000|23.6000|23.7000|BASE_TYPE|1/1/2023|3.000||||4/24/2024|12/31/9999|0.1000
54|2430016000000|23.7000|23.7600|BASE_TYPE|1/1/2023|3.000||||4/24/2024|12/31/9999|0.0600
54|2430016000000|23.7600|23.8000|BASE_TYPE|1/1/2023|3.000||||4/24/2024|12/31/9999|0.0400
54|2430016000000|23.8000|23.9000|BASE_TYPE|1/1/2023|3.000||||4/24/2024|12/31/9999|0.1000
54|2430016000000|23.9000|24.0000|BASE_TYPE|1/1/2023|3.000||||4/24/2024|12/31/9999|0.1000
54|2430016000000|24.0000|24.1000|BASE_TYPE|1/1/2023|3.000||||4/24/2024|12/31/9999|0.1000
54|2430016000000|24.1000|24.2000|BASE_TYPE|1/1/2023|3.000||||4/24/2024|12/31/9999|0.1000
54|2430016000000|24.2000|24.3000|BASE_TYPE|1/1/2023|3.000||||4/24/2024|12/31/9999|0.1000
54|2430016000000|24.3000|24.4000|BASE_TYPE|1/1/2023|3.000||||4/24/2024|12/31/9999|0.1000
54|2430016000000|24.4000|24.5000|BASE_TYPE|1/1/2023|3.000||||4/24/2024|12/31/9999|0.1000
54|2430016000000|24.5000|24.6000|BASE_TYPE|1/1/2023|3.000||||4/24/2024|12/31/9999|0.1000
54|2430016000000|24.6000|24.7000|BASE_TYPE|1/1/2023|3.000||||4/24/2024|12/31/9999|0.1000
54|2430016000000|24.7000|24.8000|BASE_TYPE|1/1/2023|3.000||||4/24/2024|12/31/9999|0.1000
54|2430016000000|24.8000|24.8600|BASE_TYPE|1/1/2023|3.000||||4/24/2024|12/31/9999|0.0600
54|2430016000000|29.1900|29.2000|BASE_TYPE|1/1/2023|3.000||||4/24/2024|12/31/9999|0.0100
54|2430016000000|29.2000|29.3000|BASE_TYPE|1/1/2023|3.000||||4/24/2024|12/31/9999|0.1000
54|2430016000000|29.3000|29.4000|BASE_TYPE|1/1/2023|3.000||||4/24/2024|12/31/9999|0.1000
54|2430016000000|29.4000|29.4100|BASE_TYPE|1/1/2023|3.000||||4/24/2024|12/31/9999|0.0100
54|2430016000000|32.7000|32.8000|BASE_TYPE|1/1/2023|3.000||||4/24/2024|12/31/9999|0.1000
54|2430016000000|32.8000|32.9000|BASE_TYPE|1/1/2023|3.000||||4/24/2024|12/31/9999|0.1000
54|2430016000000|32.9000|33.0000|BASE_TYPE|1/1/2023|3.000||||4/24/2024|12/31/9999|0.1000
54|2430016000000|33.0000|33.1000|BASE_TYPE|1/1/2023|3.000||||4/24/2024|12/31/9999|0.1000
54|2430016000000|33.1000|33.2000|BASE_TYPE|1/1/2023|3.000||||4/24/2024|12/31/9999|0.1000
54|2430016000000|33.2000|33.3000|BASE_TYPE|1/1/2023|3.000||||4/24/2024|12/31/9999|0.1000
54|2430016000000|33.3000|33.4000|BASE_TYPE|1/1/2023|3.000||||4/24/2024|12/31/9999|0.1000
54|2430016000000|33.4000|33.5000|BASE_TYPE|1/1/2023|3.000||||4/24/2024|12/31/9999|0.1000
54|2430016000000|33.5000|33.6000|BASE_TYPE|1/1/2023|3.000||||4/24/2024|12/31/9999|0.1000
54|2430016000000|33.6000|33.7000|BASE_TYPE|1/1/2023|3.000||||4/24/2024|12/31/9999|0.1000
54|2430016000000|33.7000|33.8000|BASE_TYPE|1/1/2023|3.000||||4/24/2024|12/31/9999|0.1000
54|2430016000000|33.8000|33.9000|BASE_TYPE|1/1/2023|3.000||||4/24/2024|12/31/9999|0.1000
54|2430016000000|33.9000|34.0000|BASE_TYPE|1/1/2023|3.000||||4/24/2024|12/31/9999|0.1000
54|2430016000000|34.0000|34.1000|BASE_TYPE|1/1/2023|3.000||||4/24/2024|12/31/9999|0.1000
54|2430016000000|34.1000|34.2000|BASE_TYPE|1/1/2023|3.000||||4/24/2024|12/31/9999|0.1000
54|2430016000000|34.2000|34.3000|BASE_TYPE|1/1/2023|3.000||||4/24/2024|12/31/9999|0.1000
54|2430016000000|34.3000|34.4000|BASE_TYPE|1/1/2023|3.000||||4/24/2024|12/31/9999|0.1000
54|2430016000000|34.4000|34.5000|BASE_TYPE|1/1/2023|3.000||||4/24/2024|12/31/9999|0.1000
54|2430016000000|34.5000|34.6000|BASE_TYPE|1/1/2023|3.000||||4/24/2024|12/31/9999|0.1000
54|2430016000000|34.6000|34.7000|BASE_TYPE|1/1/2023|3.000||||4/24/2024|12/31/9999|0.1000
54|2430016000000|34.7000|34.8000|BASE_TYPE|1/1/2023|3.000||||4/24/2024|12/31/9999|0.1000
54|2430016000000|34.8000|34.9000|BASE_TYPE|1/1/2023|3.000||||4/24/2024|12/31/9999|0.1000
54|2430016000000|34.9000|35.0000|BASE_TYPE|1/1/2023|3.000||||4/24/2024|12/31/9999|0.1000
54|2430016000000|35.0000|35.1000|BASE_TYPE|1/1/2023|3.000||||4/24/2024|12/31/9999|0.1000
54|2430016000000|35.1000|35.2000|BASE_TYPE|1/1/2023|3.000||||4/24/2024|12/31/9999|0.1000
54|2430016000000|35.2000|35.3000|BASE_TYPE|1/1/2023|3.000||||4/24/2024|12/31/9999|0.1000
54|2430016000000|35.3000|35.3800|BASE_TYPE|1/1/2023|3.000||||4/24/2024|12/31/9999|0.0800
54|2430083000000|0.0000|0.1000|BASE_TYPE|1/1/2023|3.000||||4/24/2024|12/31/9999|0.1000
54|2430083000000|0.1000|0.2000|BASE_TYPE|1/1/2023|3.000||||4/24/2024|12/31/9999|0.1000
54|2430083000000|0.2000|0.3000|BASE_TYPE|1/1/2023|3.000||||4/24/2024|12/31/9999|0.1000
54|2430083000000|0.3000|0.4000|BASE_TYPE|1/1/2023|3.000||||4/24/2024|12/31/9999|0.1000
54|2430083000000|0.4000|0.5000|BASE_TYPE|1/1/2023|3.000||||4/24/2024|12/31/9999|0.1000
54|2430083000000|0.5000|0.6000|BASE_TYPE|1/1/2023|3.000||||4/24/2024|12/31/9999|0.1000
54|2430083000000|0.6000|0.7000|BASE_TYPE|1/1/2023|3.000||||4/24/2024|12/31/9999|0.1000
54|2430083000000|0.7000|0.8000|BASE_TYPE|1/1/2023|3.000||||4/24/2024|12/31/9999|0.1000
54|2430083000000|0.8000|0.9000|BASE_TYPE|1/1/2023|3.000||||4/24/2024|12/31/9999|0.1000
54|2430083000000|0.9000|1.0000|BASE_TYPE|1/1/2023|3.000||||4/24/2024|12/31/9999|0.1000
54|2430083000000|1.0000|1.1000|BASE_TYPE|1/1/2023|3.000||||4/24/2024|12/31/9999|0.1000
54|2430083000000|1.1000|1.2000|BASE_TYPE|1/1/2023|3.000||||4/24/2024|12/31/9999|0.1000
54|2430083000000|1.2000|1.3000|BASE_TYPE|1/1/2023|3.000||||4/24/2024|12/31/9999|0.1000
54|2430083000000|1.3000|1.4000|BASE_TYPE|1/1/2023|3.000||||4/24/2024|12/31/9999|0.1000
54|2430083000000|1.4000|1.5000|BASE_TYPE|1/1/2023|3.000||||4/24/2024|12/31/9999|0.1000
54|2430083000000|1.5000|1.6000|BASE_TYPE|1/1/2023|3.000||||4/24/2024|12/31/9999|0.1000
54|2430083000000|1.6000|1.7000|BASE_TYPE|1/1/2023|3.000||||4/24/2024|12/31/9999|0.1000
54|2430083000000|1.7000|1.8000|BASE_TYPE|1/1/2023|3.000||||4/24/2024|12/31/9999|0.1000
54|2430083000000|1.8000|1.9000|BASE_TYPE|1/1/2023|3.000||||4/24/2024|12/31/9999|0.1000
54|2430083000000|1.9000|2.0000|BASE_TYPE|1/1/2023|3.000||||4/24/2024|12/31/9999|0.1000
54|2430083000000|2.0000|2.1000|BASE_TYPE|1/1/2023|3.000||||4/24/2024|12/31/9999|0.1000
54|2430083000000|2.1000|2.2000|BASE_TYPE|1/1/2023|3.000||||4/24/2024|12/31/9999|0.1000
54|2430083000000|2.2000|2.3000|BASE_TYPE|1/1/2023|3.000||||4/24/2024|12/31/9999|0.1000
54|2430083000000|2.3000|2.4000|BASE_TYPE|1/1/2023|3.000||||4/24/2024|12/31/9999|0.1000
54|2430083000000|2.4000|2.5000|BASE_TYPE|1/1/2023|3.000||||4/24/2024|12/31/9999|0.1000
54|2430083000000|2.5000|2.6000|BASE_TYPE|1/1/2023|3.000||||4/24/2024|12/31/9999|0.1000
54|2430083000000|2.6000|2.7000|BASE_TYPE|1/1/2023|3.000||||4/24/2024|12/31/9999|0.1000
54|2430083000000|2.7000|2.8000|BASE_TYPE|1/1/2023|3.000||||4/24/2024|12/31/9999|0.1000
54|2430083000000|2.8000|2.9000|BASE_TYPE|1/1/2023|3.000||||4/24/2024|12/31/9999|0.1000
54|2430083000000|2.9000|3.0000|BASE_TYPE|1/1/2023|3.000||||4/24/2024|12/31/9999|0.1000
54|2430083000000|3.0000|3.1000|BASE_TYPE|1/1/2023|3.000||||4/24/2024|12/31/9999|0.1000
54|2430083000000|3.1000|3.2000|BASE_TYPE|1/1/2023|3.000||||4/24/2024|12/31/9999|0.1000
54|2430083000000|3.2000|3.3000|BASE_TYPE|1/1/2023|3.000||||4/24/2024|12/31/9999|0.1000
54|2430083000000|3.3000|3.4000|BASE_TYPE|1/1/2023|3.000||||4/24/2024|12/31/9999|0.1000
54|2430083000000|3.4000|3.5000|BASE_TYPE|1/1/2023|3.000||||4/24/2024|12/31/9999|0.1000
54|2430083000000|3.5000|3.6000|BASE_TYPE|1/1/2023|3.000||||4/24/2024|12/31/9999|0.1000
54|2430083000000|3.6000|3.7000|BASE_TYPE|1/1/2023|3.000||||4/24/2024|12/31/9999|0.1000
54|2430083000000|3.7000|3.8000|BASE_TYPE|1/1/2023|3.000||||4/24/2024|12/31/9999|0.1000
54|2430083000000|3.8000|3.9000|BASE_TYPE|1/1/2023|3.000||||4/24/2024|12/31/9999|0.1000
54|2430083000000|3.9000|4.0000|BASE_TYPE|1/1/2023|3.000||||4/24/2024|12/31/9999|0.1000
54|2430083000000|4.0000|4.1000|BASE_TYPE|1/1/2023|3.000||||4/24/2024|12/31/9999|0.1000
54|2430083000000|4.1000|4.2000|BASE_TYPE|1/1/2023|3.000||||4/24/2024|12/31/9999|0.1000
54|2430083000000|4.2000|4.3000|BASE_TYPE|1/1/2023|3.000||||4/24/2024|12/31/9999|0.1000
54|2430083000000|4.3000|4.4000|BASE_TYPE|1/1/2023|3.000||||4/24/2024|12/31/9999|0.1000
54|2430083000000|4.4000|4.5000|BASE_TYPE|1/1/2023|3.000||||4/24/2024|12/31/9999|0.1000
54|2430083000000|4.5000|4.6000|BASE_TYPE|1/1/2023|3.000||||4/24/2024|12/31/9999|0.1000
54|2430083000000|4.6000|4.7000|BASE_TYPE|1/1/2023|3.000||||4/24/2024|12/31/9999|0.1000
54|2430083000000|4.7000|4.8000|BASE_TYPE|1/1/2023|3.000||||4/24/2024|12/31/9999|0.1000
54|2430083000000|4.8000|4.9000|BASE_TYPE|1/1/2023|3.000||||4/24/2024|12/31/9999|0.1000
54|2430083000000|4.9000|5.0000|BASE_TYPE|1/1/2023|3.000||||4/24/2024|12/31/9999|0.1000
54|2430083000000|5.0000|5.1000|BASE_TYPE|1/1/2023|3.000||||4/24/2024|12/31/9999|0.1000
54|2430083000000|5.1000|5.2000|BASE_TYPE|1/1/2023|3.000||||4/24/2024|12/31/9999|0.1000
54|2430083000000|5.2000|5.3000|BASE_TYPE|1/1/2023|3.000||||4/24/2024|12/31/9999|0.1000
54|2430083000000|5.3000|5.4000|BASE_TYPE|1/1/2023|3.000||||4/24/2024|12/31/9999|0.1000
54|2430083000000|5.4000|5.5000|BASE_TYPE|1/1/2023|3.000||||4/24/2024|12/31/9999|0.1000
54|2430083000000|5.5000|5.6000|BASE_TYPE|1/1/2023|3.000||||4/24/2024|12/31/9999|0.1000
54|2430083000000|5.6000|5.7000|BASE_TYPE|1/1/2023|3.000||||4/24/2024|12/31/9999|0.1000
54|2430083000000|5.7000|5.8000|BASE_TYPE|1/1/2023|3.000||||4/24/2024|12/31/9999|0.1000
54|2430083000000|5.8000|5.9000|BASE_TYPE|1/1/2023|3.000||||4/24/2024|12/31/9999|0.1000
54|2430083000000|5.9000|6.0000|BASE_TYPE|1/1/2023|3.000||||4/24/2024|12/31/9999|0.1000
54|2430083000000|6.0000|6.1000|BASE_TYPE|1/1/2023|3.000||||4/24/2024|12/31/9999|0.1000
54|2430083000000|6.1000|6.2000|BASE_TYPE|1/1/2023|3.000||||4/24/2024|12/31/9999|0.1000
54|2430083000000|6.2000|6.3000|BASE_TYPE|1/1/2023|3.000||||4/24/2024|12/31/9999|0.1000
54|2430083000000|6.3000|6.4000|BASE_TYPE|1/1/2023|3.000||||4/24/2024|12/31/9999|0.1000
54|2430083000000|6.4000|6.4200|BASE_TYPE|1/1/2023|3.000||||4/24/2024|12/31/9999|0.0200
54|2430083000000|6.4200|6.5000|BASE_TYPE|1/1/2023|3.000||||4/24/2024|12/31/9999|0.0800
54|2430083000000|6.5000|6.6000|BASE_TYPE|1/1/2023|3.000||||4/24/2024|12/31/9999|0.1000
54|2430083000000|6.6000|6.7000|BASE_TYPE|1/1/2023|3.000||||4/24/2024|12/31/9999|0.1000
54|2430083000000|6.7000|6.8000|BASE_TYPE|1/1/2023|3.000||||4/24/2024|12/31/9999|0.1000
54|2430083000000|6.8000|6.9000|BASE_TYPE|1/1/2023|3.000||||4/24/2024|12/31/9999|0.1000
54|2430083000000|6.9000|7.0000|BASE_TYPE|1/1/2023|3.000||||4/24/2024|12/31/9999|0.1000
54|2430083000000|7.0000|7.1000|BASE_TYPE|1/1/2023|3.000||||4/24/2024|12/31/9999|0.1000
54|2430083000000|7.1000|7.2000|BASE_TYPE|1/1/2023|3.000||||4/24/2024|12/31/9999|0.1000
54|2430083000000|7.2000|7.3000|BASE_TYPE|1/1/2023|3.000||||4/24/2024|12/31/9999|0.1000
54|2430083000000|7.3000|7.4000|BASE_TYPE|1/1/2023|3.000||||4/24/2024|12/31/9999|0.1000
54|2430083000000|7.4000|7.4600|BASE_TYPE|1/1/2023|3.000||||4/24/2024|12/31/9999|0.0600
54|2430083000000|7.9400|8.0000|BASE_TYPE|1/1/2023|3.000||||4/24/2024|12/31/9999|0.0600
54|2430083000000|8.0000|8.0600|BASE_TYPE|1/1/2023|3.000||||4/24/2024|12/31/9999|0.0600
54|2430083000000|14.0920|14.1000|BASE_TYPE|1/1/2023|3.000||||4/24/2024|12/31/9999|0.0080
54|2430083000000|14.1000|14.2000|BASE_TYPE|1/1/2023|3.000||||4/24/2024|12/31/9999|0.1000
54|2430083000000|14.2000|14.3000|BASE_TYPE|1/1/2023|3.000||||4/24/2024|12/31/9999|0.1000
54|2430083000000|14.3000|14.4000|BASE_TYPE|1/1/2023|3.000||||4/24/2024|12/31/9999|0.1000
54|2430083000000|14.4000|14.5000|BASE_TYPE|1/1/2023|3.000||||4/24/2024|12/31/9999|0.1000
54|2430083000000|14.5000|14.6000|BASE_TYPE|1/1/2023|3.000||||4/24/2024|12/31/9999|0.1000
54|2430083000000|14.6000|14.7000|BASE_TYPE|1/1/2023|3.000||||4/24/2024|12/31/9999|0.1000
54|2430083000000|14.7000|14.8000|BASE_TYPE|1/1/2023|3.000||||4/24/2024|12/31/9999|0.1000
54|2430083000000|14.8000|14.9000|BASE_TYPE|1/1/2023|3.000||||4/24/2024|12/31/9999|0.1000
54|2430083000000|14.9000|15.0000|BASE_TYPE|1/1/2023|3.000||||4/24/2024|12/31/9999|0.1000
54|2430083000000|15.0000|15.1000|BASE_TYPE|1/1/2023|3.000||||4/24/2024|12/31/9999|0.1000
54|2430083000000|15.1000|15.2000|BASE_TYPE|1/1/2023|3.000||||4/24/2024|12/31/9999|0.1000
54|2430083000000|15.2000|15.3000|BASE_TYPE|1/1/2023|3.000||||4/24/2024|12/31/9999|0.1000
54|2430083000000|15.3000|15.4000|BASE_TYPE|1/1/2023|3.000||||4/24/2024|12/31/9999|0.1000
54|2430083000000|15.4000|15.5000|BASE_TYPE|1/1/2023|3.000||||4/24/2024|12/31/9999|0.1000
54|2430083000000|15.5000|15.6000|BASE_TYPE|1/1/2023|3.000||||4/24/2024|12/31/9999|0.1000
54|2430083000000|15.6000|15.7000|BASE_TYPE|1/1/2023|3.000||||4/24/2024|12/31/9999|0.1000
54|2430083000000|15.7000|15.8000|BASE_TYPE|1/1/2023|3.000||||4/24/2024|12/31/9999|0.1000
54|2430083000000|15.8000|15.9000|BASE_TYPE|1/1/2023|3.000||||4/24/2024|12/31/9999|0.1000
54|2430083000000|15.9000|16.0000|BASE_TYPE|1/1/2023|3.000||||4/24/2024|12/31/9999|0.1000
54|2430083000000|16.0000|16.1000|BASE_TYPE|1/1/2023|3.000||||4/24/2024|12/31/9999|0.1000
54|2430083000000|16.1000|16.2000|BASE_TYPE|1/1/2023|3.000||||4/24/2024|12/31/9999|0.1000
54|2430083000000|16.2000|16.3000|BASE_TYPE|1/1/2023|3.000||||4/24/2024|12/31/9999|0.1000
54|2430083000000|16.3000|16.4000|BASE_TYPE|1/1/2023|3.000||||4/24/2024|12/31/9999|0.1000
54|2430083000000|16.4000|16.5000|BASE_TYPE|1/1/2023|3.000||||4/24/2024|12/31/9999|0.1000
54|2430083000000|16.5000|16.6000|BASE_TYPE|1/1/2023|3.000||||4/24/2024|12/31/9999|0.1000
54|2430083000000|16.6000|16.7000|BASE_TYPE|1/1/2023|3.000||||4/24/2024|12/31/9999|0.1000
54|2430083000000|16.7000|16.8000|BASE_TYPE|1/1/2023|3.000||||4/24/2024|12/31/9999|0.1000
54|2430083000000|16.8000|16.9000|BASE_TYPE|1/1/2023|3.000||||4/24/2024|12/31/9999|0.1000
54|2430083000000|16.9000|17.0000|BASE_TYPE|1/1/2023|3.000||||4/24/2024|12/31/9999|0.1000
54|2430083000000|17.0000|17.1000|BASE_TYPE|1/1/2023|3.000||||4/24/2024|12/31/9999|0.1000
54|2430083000000|17.1000|17.2000|BASE_TYPE|1/1/2023|3.000||||4/24/2024|12/31/9999|0.1000
54|2430083000000|17.2000|17.3000|BASE_TYPE|1/1/2023|3.000||||4/24/2024|12/31/9999|0.1000
54|2430083000000|17.3000|17.4000|BASE_TYPE|1/1/2023|3.000||||4/24/2024|12/31/9999|0.1000
54|2430083000000|17.4000|17.5000|BASE_TYPE|1/1/2023|3.000||||4/24/2024|12/31/9999|0.1000
54|2430083000000|17.5000|17.6000|BASE_TYPE|1/1/2023|3.000||||4/24/2024|12/31/9999|0.1000
54|2430083000000|17.6000|17.7000|BASE_TYPE|1/1/2023|3.000||||4/24/2024|12/31/9999|0.1000
54|2430083000000|17.7000|17.8000|BASE_TYPE|1/1/2023|3.000||||4/24/2024|12/31/9999|0.1000
54|2430083000000|17.8000|17.9000|BASE_TYPE|1/1/2023|3.000||||4/24/2024|12/31/9999|0.1000
54|2430083000000|17.9000|18.0000|BASE_TYPE|1/1/2023|3.000||||4/24/2024|12/31/9999|0.1000
54|2430083000000|18.0000|18.0100|BASE_TYPE|1/1/2023|3.000||||4/24/2024|12/31/9999|0.0100
54|2440009000000|7.8700|9.2000|BASE_TYPE|1/1/2023|3.000||||4/24/2024|12/31/9999|1.3300
54|28100770000NB|0.6900|0.7000|BASE_TYPE|1/1/2023|6.000||||4/24/2024|12/31/9999|0.0100
54|28100770000NB|0.7000|0.8000|BASE_TYPE|1/1/2023|6.000||||4/24/2024|12/31/9999|0.1000
54|28100770000NB|0.8000|0.9000|BASE_TYPE|1/1/2023|6.000||||4/24/2024|12/31/9999|0.1000
54|28100770000NB|0.9000|1.0000|BASE_TYPE|1/1/2023|6.000||||4/24/2024|12/31/9999|0.1000
54|28100770000NB|1.0000|1.1000|BASE_TYPE|1/1/2023|6.000||||4/24/2024|12/31/9999|0.1000
54|28100770000NB|1.1000|1.2000|BASE_TYPE|1/1/2023|6.000||||4/24/2024|12/31/9999|0.1000
54|28100770000NB|1.2000|1.3000|BASE_TYPE|1/1/2023|6.000||||4/24/2024|12/31/9999|0.1000
54|28100770000NB|1.3000|1.4000|BASE_TYPE|1/1/2023|6.000||||4/24/2024|12/31/9999|0.1000
54|28100770000NB|1.4000|1.5000|BASE_TYPE|1/1/2023|6.000||||4/24/2024|12/31/9999|0.1000
54|28100770000NB|1.5000|1.6000|BASE_TYPE|1/1/2023|6.000||||4/24/2024|12/31/9999|0.1000
54|28100770000NB|1.6000|1.7000|BASE_TYPE|1/1/2023|6.000||||4/24/2024|12/31/9999|0.1000
54|28100770000NB|1.7000|1.8000|BASE_TYPE|1/1/2023|6.000||||4/24/2024|12/31/9999|0.1000
54|28100770000NB|1.8000|1.9000|BASE_TYPE|1/1/2023|6.000||||4/24/2024|12/31/9999|0.1000
54|28100770000NB|1.9000|2.0000|BASE_TYPE|1/1/2023|6.000||||4/24/2024|12/31/9999|0.1000
54|28100770000NB|2.0000|2.1000|BASE_TYPE|1/1/2023|6.000||||4/24/2024|12/31/9999|0.1000
54|28100770000NB|2.1000|2.2000|BASE_TYPE|1/1/2023|6.000||||4/24/2024|12/31/9999|0.1000
54|28100770000NB|2.2000|2.3000|BASE_TYPE|1/1/2023|6.000||||4/24/2024|12/31/9999|0.1000
54|28100770000NB|2.3000|2.4000|BASE_TYPE|1/1/2023|6.000||||4/24/2024|12/31/9999|0.1000
54|28100770000NB|2.4000|2.5000|BASE_TYPE|1/1/2023|6.000||||4/24/2024|12/31/9999|0.1000
54|28100770000NB|2.5000|2.5600|BASE_TYPE|1/1/2023|6.000||||4/24/2024|12/31/9999|0.0600
54|28100770000NB|2.5600|2.6000|BASE_TYPE|1/1/2023|6.000||||4/24/2024|12/31/9999|0.0400
54|28100770000NB|2.6000|2.7000|BASE_TYPE|1/1/2023|6.000||||4/24/2024|12/31/9999|0.1000
54|28100770000NB|2.7000|2.8000|BASE_TYPE|1/1/2023|6.000||||4/24/2024|12/31/9999|0.1000
54|28100770000NB|2.8000|2.9000|BASE_TYPE|1/1/2023|6.000||||4/24/2024|12/31/9999|0.1000
54|28100770000NB|2.9000|3.0000|BASE_TYPE|1/1/2023|6.000||||4/24/2024|12/31/9999|0.1000
54|28100770000NB|3.0000|3.1000|BASE_TYPE|1/1/2023|6.000||||4/24/2024|12/31/9999|0.1000
54|28100770000NB|3.1000|3.2000|BASE_TYPE|1/1/2023|6.000||||4/24/2024|12/31/9999|0.1000
54|28100770000NB|3.2000|3.3000|BASE_TYPE|1/1/2023|6.000||||4/24/2024|12/31/9999|0.1000
54|28100770000NB|3.3000|3.4000|BASE_TYPE|1/1/2023|6.000||||4/24/2024|12/31/9999|0.1000
54|28100770000NB|3.4000|3.5000|BASE_TYPE|1/1/2023|6.000||||4/24/2024|12/31/9999|0.1000
54|28100770000NB|3.5000|3.6000|BASE_TYPE|1/1/2023|6.000||||4/24/2024|12/31/9999|0.1000
54|28100770000NB|3.6000|3.7000|BASE_TYPE|1/1/2023|6.000||||4/24/2024|12/31/9999|0.1000
54|28100770000NB|3.7000|3.8000|BASE_TYPE|1/1/2023|6.000||||4/24/2024|12/31/9999|0.1000
54|28100770000NB|3.8000|3.9000|BASE_TYPE|1/1/2023|6.000||||4/24/2024|12/31/9999|0.1000
54|28100770000NB|3.9000|4.0000|BASE_TYPE|1/1/2023|6.000||||4/24/2024|12/31/9999|0.1000
54|28100770000NB|4.0000|4.1000|BASE_TYPE|1/1/2023|6.000||||4/24/2024|12/31/9999|0.1000
54|28100770000NB|4.1000|4.2000|BASE_TYPE|1/1/2023|6.000||||4/24/2024|12/31/9999|0.1000
54|28100770000NB|4.2000|4.3000|BASE_TYPE|1/1/2023|6.000||||4/24/2024|12/31/9999|0.1000
54|28100770000NB|4.3000|4.4000|BASE_TYPE|1/1/2023|6.000||||4/24/2024|12/31/9999|0.1000
54|28100770000NB|4.4000|4.5000|BASE_TYPE|1/1/2023|6.000||||4/24/2024|12/31/9999|0.1000
54|28100770000NB|4.5000|4.6000|BASE_TYPE|1/1/2023|6.000||||4/24/2024|12/31/9999|0.1000
54|28100770000NB|4.6000|4.7000|BASE_TYPE|1/1/2023|6.000||||4/24/2024|12/31/9999|0.1000
54|28100770000NB|4.7000|4.8000|BASE_TYPE|1/1/2023|6.000||||4/24/2024|12/31/9999|0.1000
54|28100770000NB|4.8000|4.9000|BASE_TYPE|1/1/2023|6.000||||4/24/2024|12/31/9999|0.1000
54|28100770000NB|4.9000|5.0000|BASE_TYPE|1/1/2023|6.000||||4/24/2024|12/31/9999|0.1000
54|28100770000NB|5.0000|5.1000|BASE_TYPE|1/1/2023|6.000||||4/24/2024|12/31/9999|0.1000
54|28100770000NB|5.1000|5.1200|BASE_TYPE|1/1/2023|6.000||||4/24/2024|12/31/9999|0.0200
54|28100770000NB|5.1200|5.2000|BASE_TYPE|1/1/2023|6.000||||4/24/2024|12/31/9999|0.0800
54|28100770000NB|5.2000|5.3000|BASE_TYPE|1/1/2023|6.000||||4/24/2024|12/31/9999|0.1000
54|28100770000NB|5.3000|5.4000|BASE_TYPE|1/1/2023|6.000||||4/24/2024|12/31/9999|0.1000
54|28100770000NB|5.4000|5.5000|BASE_TYPE|1/1/2023|6.000||||4/24/2024|12/31/9999|0.1000
54|28100770000NB|5.5000|5.6000|BASE_TYPE|1/1/2023|6.000||||4/24/2024|12/31/9999|0.1000
54|28100770000NB|5.6000|5.7000|BASE_TYPE|1/1/2023|6.000||||4/24/2024|12/31/9999|0.1000
54|28100770000NB|5.7000|5.8000|BASE_TYPE|1/1/2023|6.000||||4/24/2024|12/31/9999|0.1000
54|28100770000NB|5.8000|5.9000|BASE_TYPE|1/1/2023|6.000||||4/24/2024|12/31/9999|0.1000
54|28100770000NB|5.9000|6.0000|BASE_TYPE|1/1/2023|6.000||||4/24/2024|12/31/9999|0.1000
54|28100770000NB|6.0000|6.1000|BASE_TYPE|1/1/2023|6.000||||4/24/2024|12/31/9999|0.1000
54|28100770000NB|6.1000|6.2000|BASE_TYPE|1/1/2023|6.000||||4/24/2024|12/31/9999|0.1000
54|28100770000NB|6.2000|6.3000|BASE_TYPE|1/1/2023|6.000||||4/24/2024|12/31/9999|0.1000
54|28100770000NB|6.3000|6.4000|BASE_TYPE|1/1/2023|6.000||||4/24/2024|12/31/9999|0.1000
54|28100770000NB|6.4000|6.5000|BASE_TYPE|1/1/2023|6.000||||4/24/2024|12/31/9999|0.1000
54|28100770000NB|6.5000|6.6000|BASE_TYPE|1/1/2023|6.000||||4/24/2024|12/31/9999|0.1000
54|28100770000NB|6.6000|6.7000|BASE_TYPE|1/1/2023|6.000||||4/24/2024|12/31/9999|0.1000
54|28100770000NB|6.7000|6.8000|BASE_TYPE|1/1/2023|6.000||||4/24/2024|12/31/9999|0.1000
54|28100770000NB|6.8000|6.9000|BASE_TYPE|1/1/2023|6.000||||4/24/2024|12/31/9999|0.1000
54|28200190000NB|2.8800|2.9000|BASE_TYPE|1/1/2023|3.000||||4/24/2024|12/31/9999|0.0200
54|28200190000NB|2.9000|3.0000|BASE_TYPE|1/1/2023|3.000||||4/24/2024|12/31/9999|0.1000
54|28200190000NB|3.0000|3.1000|BASE_TYPE|1/1/2023|3.000||||4/24/2024|12/31/9999|0.1000
54|28200190000NB|3.1000|3.2000|BASE_TYPE|1/1/2023|3.000||||4/24/2024|12/31/9999|0.1000
54|28200190000NB|3.2000|3.3000|BASE_TYPE|1/1/2023|3.000||||4/24/2024|12/31/9999|0.1000
54|28200190000NB|3.3000|3.4000|BASE_TYPE|1/1/2023|3.000||||4/24/2024|12/31/9999|0.1000
54|28200190000NB|3.4000|3.5000|BASE_TYPE|1/1/2023|3.000||||4/24/2024|12/31/9999|0.1000
54|28200190000NB|3.5000|3.6000|BASE_TYPE|1/1/2023|3.000||||4/24/2024|12/31/9999|0.1000
54|28200190000NB|3.6000|3.7000|BASE_TYPE|1/1/2023|3.000||||4/24/2024|12/31/9999|0.1000
54|28200190000NB|3.7000|3.8000|BASE_TYPE|1/1/2023|3.000||||4/24/2024|12/31/9999|0.1000
54|28200190000NB|3.8000|3.8700|BASE_TYPE|1/1/2023|3.000||||4/24/2024|12/31/9999|0.0700
54|28200190000NB|5.3400|5.4000|BASE_TYPE|1/1/2023|3.000||||4/24/2024|12/31/9999|0.0600
54|28200190000NB|5.4000|5.5000|BASE_TYPE|1/1/2023|3.000||||4/24/2024|12/31/9999|0.1000
54|28200190000NB|5.5000|5.6000|BASE_TYPE|1/1/2023|3.000||||4/24/2024|12/31/9999|0.1000
54|28200190000NB|5.6000|5.7000|BASE_TYPE|1/1/2023|3.000||||4/24/2024|12/31/9999|0.1000
54|28200190000NB|5.7000|5.8000|BASE_TYPE|1/1/2023|3.000||||4/24/2024|12/31/9999|0.1000
54|28200190000NB|5.8000|5.9000|BASE_TYPE|1/1/2023|3.000||||4/24/2024|12/31/9999|0.1000
54|28200190000NB|5.9000|6.0000|BASE_TYPE|1/1/2023|3.000||||4/24/2024|12/31/9999|0.1000
54|28200190000NB|6.0000|6.0100|BASE_TYPE|1/1/2023|3.000||||4/24/2024|12/31/9999|0.0100
54|28200190000NB|6.0100|6.1000|BASE_TYPE|1/1/2023|3.000||||4/24/2024|12/31/9999|0.0900
54|28200190000NB|6.1000|6.2000|BASE_TYPE|1/1/2023|3.000||||4/24/2024|12/31/9999|0.1000
54|28200190000NB|6.2000|6.3000|BASE_TYPE|1/1/2023|3.000||||4/24/2024|12/31/9999|0.1000
54|28200190000NB|6.3000|6.4000|BASE_TYPE|1/1/2023|3.000||||4/24/2024|12/31/9999|0.1000
54|28200190000NB|6.4000|6.5000|BASE_TYPE|1/1/2023|3.000||||4/24/2024|12/31/9999|0.1000
54|28200190000NB|6.5000|6.6000|BASE_TYPE|1/1/2023|3.000||||4/24/2024|12/31/9999|0.1000
54|28200190000NB|6.6000|6.7000|BASE_TYPE|1/1/2023|3.000||||4/24/2024|12/31/9999|0.1000
54|28200190000NB|6.7000|6.8000|BASE_TYPE|1/1/2023|3.000||||4/24/2024|12/31/9999|0.1000
54|28200190000NB|6.8000|6.9000|BASE_TYPE|1/1/2023|3.000||||4/24/2024|12/31/9999|0.1000
54|28200190000NB|6.9000|7.0000|BASE_TYPE|1/1/2023|3.000||||4/24/2024|12/31/9999|0.1000
54|28200190000NB|7.0000|7.1000|BASE_TYPE|1/1/2023|3.000||||4/24/2024|12/31/9999|0.1000
54|28200190000NB|7.1000|7.2000|BASE_TYPE|1/1/2023|3.000||||4/24/2024|12/31/9999|0.1000
54|28200190000NB|7.2000|7.3000|BASE_TYPE|1/1/2023|3.000||||4/24/2024|12/31/9999|0.1000
54|28200190000NB|7.3000|7.4000|BASE_TYPE|1/1/2023|3.000||||4/24/2024|12/31/9999|0.1000
54|28200190000NB|7.4000|7.4400|BASE_TYPE|1/1/2023|3.000||||4/24/2024|12/31/9999|0.0400
54|28200190000NB|10.6900|10.7000|BASE_TYPE|1/1/2023|3.000||||4/24/2024|12/31/9999|0.0100
54|28200190000NB|10.7000|10.8000|BASE_TYPE|1/1/2023|3.000||||4/24/2024|12/31/9999|0.1000
54|28200190000NB|10.8000|10.9000|BASE_TYPE|1/1/2023|3.000||||4/24/2024|12/31/9999|0.1000
54|28200190000NB|10.9000|11.0000|BASE_TYPE|1/1/2023|3.000||||4/24/2024|12/31/9999|0.1000
54|28200190000NB|11.0000|11.1000|BASE_TYPE|1/1/2023|3.000||||4/24/2024|12/31/9999|0.1000
54|28200190000NB|11.1000|11.2000|BASE_TYPE|1/1/2023|3.000||||4/24/2024|12/31/9999|0.1000
54|28200190000NB|11.2000|11.3000|BASE_TYPE|1/1/2023|3.000||||4/24/2024|12/31/9999|0.1000
54|28200190000NB|11.3000|11.4000|BASE_TYPE|1/1/2023|3.000||||4/24/2024|12/31/9999|0.1000
54|28200190000NB|11.4000|11.5000|BASE_TYPE|1/1/2023|3.000||||4/24/2024|12/31/9999|0.1000
54|28200190000NB|11.5000|11.6000|BASE_TYPE|1/1/2023|3.000||||4/24/2024|12/31/9999|0.1000
54|28200190000NB|11.6000|11.6300|BASE_TYPE|1/1/2023|3.000||||4/24/2024|12/31/9999|0.0300
54|28200520000EB|0.0000|0.1000|BASE_TYPE|1/1/2023|3.000||||4/24/2024|12/31/9999|0.1000
54|28200520000EB|0.1000|0.2000|BASE_TYPE|1/1/2023|3.000||||4/24/2024|12/31/9999|0.1000
54|28200520000EB|0.2000|0.3000|BASE_TYPE|1/1/2023|3.000||||4/24/2024|12/31/9999|0.1000
54|28200520000EB|0.3000|0.4000|BASE_TYPE|1/1/2023|3.000||||4/24/2024|12/31/9999|0.1000
54|28200520000EB|0.4000|0.5000|BASE_TYPE|1/1/2023|3.000||||4/24/2024|12/31/9999|0.1000
54|28200520000EB|0.5000|0.5800|BASE_TYPE|1/1/2023|3.000||||4/24/2024|12/31/9999|0.0800
54|28200520000EB|4.1200|4.2000|BASE_TYPE|1/1/2023|3.000||||4/24/2024|12/31/9999|0.0800
54|28200520000EB|4.2000|4.3000|BASE_TYPE|1/1/2023|3.000||||4/24/2024|12/31/9999|0.1000
54|28200520000EB|4.3000|4.4000|BASE_TYPE|1/1/2023|3.000||||4/24/2024|12/31/9999|0.1000
54|28200520000EB|4.4000|4.5000|BASE_TYPE|1/1/2023|3.000||||4/24/2024|12/31/9999|0.1000
54|28200520000EB|4.5000|4.6000|BASE_TYPE|1/1/2023|3.000||||4/24/2024|12/31/9999|0.1000
54|28200520000EB|4.6000|4.7000|BASE_TYPE|1/1/2023|3.000||||4/24/2024|12/31/9999|0.1000
54|28200520000EB|4.7000|4.8000|BASE_TYPE|1/1/2023|3.000||||4/24/2024|12/31/9999|0.1000
54|28200520000EB|4.8000|4.9000|BASE_TYPE|1/1/2023|3.000||||4/24/2024|12/31/9999|0.1000
54|28200520000EB|4.9000|5.0000|BASE_TYPE|1/1/2023|3.000||||4/24/2024|12/31/9999|0.1000
54|28200520000EB|5.0000|5.1000|BASE_TYPE|1/1/2023|3.000||||4/24/2024|12/31/9999|0.1000
54|28200520000EB|5.1000|5.2000|BASE_TYPE|1/1/2023|3.000||||4/24/2024|12/31/9999|0.1000
54|28200520000EB|6.9600|7.0000|BASE_TYPE|1/1/2023|3.000||||4/24/2024|12/31/9999|0.0400
54|28200520000EB|7.0000|7.1000|BASE_TYPE|1/1/2023|3.000||||4/24/2024|12/31/9999|0.1000
54|28200520000EB|7.1000|7.2000|BASE_TYPE|1/1/2023|3.000||||4/24/2024|12/31/9999|0.1000
54|28200520000EB|7.2000|7.3000|BASE_TYPE|1/1/2023|3.000||||4/24/2024|12/31/9999|0.1000
54|28200520000EB|7.3000|7.4000|BASE_TYPE|1/1/2023|3.000||||4/24/2024|12/31/9999|0.1000
54|28200520000EB|7.4000|7.5000|BASE_TYPE|1/1/2023|3.000||||4/24/2024|12/31/9999|0.1000
54|28200520000EB|7.5000|7.6000|BASE_TYPE|1/1/2023|3.000||||4/24/2024|12/31/9999|0.1000
54|28200520000EB|7.6000|7.7000|BASE_TYPE|1/1/2023|3.000||||4/24/2024|12/31/9999|0.1000
54|28200520000EB|7.7000|7.7600|BASE_TYPE|1/1/2023|3.000||||4/24/2024|12/31/9999|0.0600
54|28200520000EB|12.9700|13.0000|BASE_TYPE|1/1/2023|3.000||||4/24/2024|12/31/9999|0.0300
54|28200520000EB|13.0000|13.1000|BASE_TYPE|1/1/2023|3.000||||4/24/2024|12/31/9999|0.1000
54|28200520000EB|13.1000|13.2000|BASE_TYPE|1/1/2023|3.000||||4/24/2024|12/31/9999|0.1000
54|28200520000EB|13.2000|13.3000|BASE_TYPE|1/1/2023|3.000||||4/24/2024|12/31/9999|0.1000
54|28200520000EB|13.3000|13.3900|BASE_TYPE|1/1/2023|3.000||||4/24/2024|12/31/9999|0.0900
54|28200520000EB|13.4400|13.5000|BASE_TYPE|1/1/2023|3.000||||4/24/2024|12/31/9999|0.0600
54|28200520000EB|13.5000|13.6000|BASE_TYPE|1/1/2023|3.000||||4/24/2024|12/31/9999|0.1000
54|28200520000EB|13.6000|13.6700|BASE_TYPE|1/1/2023|3.000||||4/24/2024|12/31/9999|0.0700
54|28200520000EB|14.9100|15.0000|BASE_TYPE|1/1/2023|3.000||||4/24/2024|12/31/9999|0.0900
54|28200520000EB|15.0000|15.1000|BASE_TYPE|1/1/2023|3.000||||4/24/2024|12/31/9999|0.1000
54|28200520000EB|15.1000|15.2000|BASE_TYPE|1/1/2023|3.000||||4/24/2024|12/31/9999|0.1000
54|28200520000EB|15.2000|15.3000|BASE_TYPE|1/1/2023|3.000||||4/24/2024|12/31/9999|0.1000
54|28200520000EB|15.3000|15.3700|BASE_TYPE|1/1/2023|3.000||||4/24/2024|12/31/9999|0.0700
54|28200520004NB|0.0000|0.1000|BASE_TYPE|1/1/2023|3.000||||4/24/2024|12/31/9999|0.1000
54|28200520004NB|0.1000|0.2000|BASE_TYPE|1/1/2023|3.000||||4/24/2024|12/31/9999|0.1000
54|28200520004NB|0.2000|0.2200|BASE_TYPE|1/1/2023|3.000||||4/24/2024|12/31/9999|0.0200
54|28200520018EB|0.0000|0.0200|BASE_TYPE|1/1/2023|3.000||||4/24/2024|12/31/9999|0.0200
54|28204600000EB|0.0290|0.1000|BASE_TYPE|1/1/2023|6.000||||4/24/2024|12/31/9999|0.0710
54|28204600000EB|0.1000|0.2000|BASE_TYPE|1/1/2023|6.000||||4/24/2024|12/31/9999|0.1000
54|28204600000EB|0.2000|0.3000|BASE_TYPE|1/1/2023|6.000||||4/24/2024|12/31/9999|0.1000
54|28204600000EB|0.3000|0.4000|BASE_TYPE|1/1/2023|6.000||||4/24/2024|12/31/9999|0.1000
54|28204600000EB|0.4000|0.5000|BASE_TYPE|1/1/2023|6.000||||4/24/2024|12/31/9999|0.1000
54|28204600000EB|0.5000|0.6000|BASE_TYPE|1/1/2023|6.000||||4/24/2024|12/31/9999|0.1000
54|28204600000EB|0.6000|0.7000|BASE_TYPE|1/1/2023|6.000||||4/24/2024|12/31/9999|0.1000
54|28204600000EB|0.7000|0.8000|BASE_TYPE|1/1/2023|6.000||||4/24/2024|12/31/9999|0.1000
54|28204600000EB|0.8000|0.9000|BASE_TYPE|1/1/2023|6.000||||4/24/2024|12/31/9999|0.1000
54|28204600000EB|0.9000|1.0000|BASE_TYPE|1/1/2023|6.000||||4/24/2024|12/31/9999|0.1000
54|28204600000EB|1.0000|1.0600|BASE_TYPE|1/1/2023|6.000||||4/24/2024|12/31/9999|0.0600
54|28204600000EB|1.3300|1.4000|BASE_TYPE|1/1/2023|6.000||||4/24/2024|12/31/9999|0.0700
54|28204600000EB|1.4000|1.5000|BASE_TYPE|1/1/2023|6.000||||4/24/2024|12/31/9999|0.1000
54|28204600000EB|1.5000|1.6000|BASE_TYPE|1/1/2023|6.000||||4/24/2024|12/31/9999|0.1000
54|28204600000EB|1.6000|1.7000|BASE_TYPE|1/1/2023|6.000||||4/24/2024|12/31/9999|0.1000
54|28204600000EB|1.7000|1.8000|BASE_TYPE|1/1/2023|6.000||||4/24/2024|12/31/9999|0.1000
54|28204600000EB|1.8000|1.9000|BASE_TYPE|1/1/2023|6.000||||4/24/2024|12/31/9999|0.1000
54|28204600000EB|1.9000|2.0000|BASE_TYPE|1/1/2023|6.000||||4/24/2024|12/31/9999|0.1000
54|28204600000EB|2.0000|2.1000|BASE_TYPE|1/1/2023|6.000||||4/24/2024|12/31/9999|0.1000
54|28204600000EB|2.1000|2.2000|BASE_TYPE|1/1/2023|6.000||||4/24/2024|12/31/9999|0.1000
54|28204600000EB|2.2000|2.3000|BASE_TYPE|1/1/2023|6.000||||4/24/2024|12/31/9999|0.1000
54|28204600000EB|2.3000|2.4000|BASE_TYPE|1/1/2023|6.000||||4/24/2024|12/31/9999|0.1000
54|28204600000EB|2.4000|2.5000|BASE_TYPE|1/1/2023|6.000||||4/24/2024|12/31/9999|0.1000
54|28204600000EB|2.5000|2.6000|BASE_TYPE|1/1/2023|6.000||||4/24/2024|12/31/9999|0.1000
54|28204600000EB|2.6000|2.7000|BASE_TYPE|1/1/2023|6.000||||4/24/2024|12/31/9999|0.1000
54|28204600000EB|2.7000|2.8000|BASE_TYPE|1/1/2023|6.000||||4/24/2024|12/31/9999|0.1000
54|28204600000EB|2.8000|2.9000|BASE_TYPE|1/1/2023|6.000||||4/24/2024|12/31/9999|0.1000
54|28204600000EB|2.9000|3.0000|BASE_TYPE|1/1/2023|6.000||||4/24/2024|12/31/9999|0.1000
54|28204600000EB|3.0000|3.0900|BASE_TYPE|1/1/2023|6.000||||4/24/2024|12/31/9999|0.0900
54|28204600000EB|4.2900|4.3000|BASE_TYPE|1/1/2023|6.000||||4/24/2024|12/31/9999|0.0100
54|28204600000EB|4.3000|4.4000|BASE_TYPE|1/1/2023|6.000||||4/24/2024|12/31/9999|0.1000
54|28204600000EB|4.4000|4.5000|BASE_TYPE|1/1/2023|6.000||||4/24/2024|12/31/9999|0.1000
54|28204600000EB|4.5000|4.6000|BASE_TYPE|1/1/2023|6.000||||4/24/2024|12/31/9999|0.1000
54|28204600000EB|4.6000|4.7000|BASE_TYPE|1/1/2023|6.000||||4/24/2024|12/31/9999|0.1000
54|28204600000EB|4.7000|4.8000|BASE_TYPE|1/1/2023|6.000||||4/24/2024|12/31/9999|0.1000
54|28204600000EB|4.8000|4.9000|BASE_TYPE|1/1/2023|6.000||||4/24/2024|12/31/9999|0.1000
54|28204600000EB|4.9000|5.0000|BASE_TYPE|1/1/2023|6.000||||4/24/2024|12/31/9999|0.1000
54|28204600000EB|5.0000|5.1000|BASE_TYPE|1/1/2023|6.000||||4/24/2024|12/31/9999|0.1000
54|28204600000EB|5.1000|5.2000|BASE_TYPE|1/1/2023|6.000||||4/24/2024|12/31/9999|0.1000
54|28204600000EB|5.2000|5.3000|BASE_TYPE|1/1/2023|6.000||||4/24/2024|12/31/9999|0.1000
54|28204600000EB|5.3000|5.3800|BASE_TYPE|1/1/2023|6.000||||4/24/2024|12/31/9999|0.0800
54|28204600000EB|13.4800|13.5000|BASE_TYPE|1/1/2023|6.000||||4/24/2024|12/31/9999|0.0200
54|28204600000EB|13.5000|13.6000|BASE_TYPE|1/1/2023|6.000||||4/24/2024|12/31/9999|0.1000
54|28204600000EB|13.6000|13.7000|BASE_TYPE|1/1/2023|6.000||||4/24/2024|12/31/9999|0.1000
54|28204600000EB|13.7000|13.8000|BASE_TYPE|1/1/2023|6.000||||4/24/2024|12/31/9999|0.1000
54|28204600000EB|13.8000|13.9000|BASE_TYPE|1/1/2023|6.000||||4/24/2024|12/31/9999|0.1000
54|28204600000EB|13.9000|14.0000|BASE_TYPE|1/1/2023|6.000||||4/24/2024|12/31/9999|0.1000
54|28204600000EB|14.0000|14.1000|BASE_TYPE|1/1/2023|6.000||||4/24/2024|12/31/9999|0.1000
54|28204600000EB|14.1000|14.2000|BASE_TYPE|1/1/2023|6.000||||4/24/2024|12/31/9999|0.1000
54|28204600000EB|14.2000|14.3000|BASE_TYPE|1/1/2023|6.000||||4/24/2024|12/31/9999|0.1000
54|28204600000EB|14.3000|14.4000|BASE_TYPE|1/1/2023|6.000||||4/24/2024|12/31/9999|0.1000
54|28204600000EB|14.4000|14.5000|BASE_TYPE|1/1/2023|6.000||||4/24/2024|12/31/9999|0.1000
54|28204600000EB|14.5000|14.6000|BASE_TYPE|1/1/2023|6.000||||4/24/2024|12/31/9999|0.1000
54|28204600000EB|14.6000|14.7000|BASE_TYPE|1/1/2023|6.000||||4/24/2024|12/31/9999|0.1000
54|28204600000EB|14.7000|14.7200|BASE_TYPE|1/1/2023|6.000||||4/24/2024|12/31/9999|0.0200
54|28204600000EB|14.7200|14.8000|BASE_TYPE|1/1/2023|6.000||||4/24/2024|12/31/9999|0.0800
54|28204600000EB|14.8000|14.9000|BASE_TYPE|1/1/2023|6.000||||4/24/2024|12/31/9999|0.1000
54|28204600000EB|14.9000|15.0000|BASE_TYPE|1/1/2023|6.000||||4/24/2024|12/31/9999|0.1000
54|28204600000EB|15.0000|15.1000|BASE_TYPE|1/1/2023|6.000||||4/24/2024|12/31/9999|0.1000
54|28204600000EB|15.1000|15.1500|BASE_TYPE|1/1/2023|6.000||||4/24/2024|12/31/9999|0.0500
54|2830020000000|4.2300|5.2000|BASE_TYPE|1/1/2023|3.000||||4/24/2024|12/31/9999|0.9700
54|2830020000000|10.3200|11.4000|BASE_TYPE|1/1/2023|3.000||||4/24/2024|12/31/9999|1.0800
54|2830020000000|12.0500|12.7800|BASE_TYPE|1/1/2023|3.000||||4/24/2024|12/31/9999|0.7300
54|2830104000000|1.6500|1.9300|BASE_TYPE|1/1/2023|6.000||||4/24/2024|12/31/9999|0.2800
54|2830104000000|1.9300|1.9500|BASE_TYPE|1/1/2023|6.000||||4/24/2024|12/31/9999|0.0200
54|2830104000000|1.9500|2.6500|BASE_TYPE|1/1/2023|6.000||||4/24/2024|12/31/9999|0.7000
54|2830598000000|0.0000|0.1000|BASE_TYPE|1/1/2023|3.000||||4/24/2024|12/31/9999|0.1000
54|2830598000000|0.1000|0.2000|BASE_TYPE|1/1/2023|3.000||||4/24/2024|12/31/9999|0.1000
54|2830598000000|0.2000|0.3000|BASE_TYPE|1/1/2023|3.000||||4/24/2024|12/31/9999|0.1000
54|2830598000000|0.3000|0.4000|BASE_TYPE|1/1/2023|3.000||||4/24/2024|12/31/9999|0.1000
54|2830598000000|0.4000|0.5000|BASE_TYPE|1/1/2023|3.000||||4/24/2024|12/31/9999|0.1000
54|2830598000000|0.5000|0.6000|BASE_TYPE|1/1/2023|3.000||||4/24/2024|12/31/9999|0.1000
54|2830598000000|0.6000|0.7000|BASE_TYPE|1/1/2023|3.000||||4/24/2024|12/31/9999|0.1000
54|2830598000000|0.7000|0.8000|BASE_TYPE|1/1/2023|3.000||||4/24/2024|12/31/9999|0.1000
54|2830598000000|0.8000|0.9000|BASE_TYPE|1/1/2023|3.000||||4/24/2024|12/31/9999|0.1000
54|2830598000000|0.9000|1.0000|BASE_TYPE|1/1/2023|3.000||||4/24/2024|12/31/9999|0.1000
54|2830598000000|1.0000|1.1000|BASE_TYPE|1/1/2023|3.000||||4/24/2024|12/31/9999|0.1000
54|2830598000000|1.1000|1.2000|BASE_TYPE|1/1/2023|3.000||||4/24/2024|12/31/9999|0.1000
54|2830598000000|1.2000|1.3000|BASE_TYPE|1/1/2023|3.000||||4/24/2024|12/31/9999|0.1000
54|2830598000000|1.3000|1.4000|BASE_TYPE|1/1/2023|3.000||||4/24/2024|12/31/9999|0.1000
54|2830598000000|1.4000|1.5000|BASE_TYPE|1/1/2023|3.000||||4/24/2024|12/31/9999|0.1000
54|2830598000000|1.5000|1.6000|BASE_TYPE|1/1/2023|3.000||||4/24/2024|12/31/9999|0.1000
54|2830598000000|1.6000|1.7000|BASE_TYPE|1/1/2023|3.000||||4/24/2024|12/31/9999|0.1000
54|2830598000000|1.7000|1.8000|BASE_TYPE|1/1/2023|3.000||||4/24/2024|12/31/9999|0.1000
54|2830598000000|1.8000|1.9000|BASE_TYPE|1/1/2023|3.000||||4/24/2024|12/31/9999|0.1000
54|2830598000000|1.9000|2.0000|BASE_TYPE|1/1/2023|3.000||||4/24/2024|12/31/9999|0.1000
54|2830598000000|2.0000|2.1000|BASE_TYPE|1/1/2023|3.000||||4/24/2024|12/31/9999|0.1000
54|2830598000000|2.1000|2.1300|BASE_TYPE|1/1/2023|3.000||||4/24/2024|12/31/9999|0.0300
54|2830598000000|2.4000|2.5000|BASE_TYPE|1/1/2023|3.000||||4/24/2024|12/31/9999|0.1000
54|2830598000000|2.5000|2.5900|BASE_TYPE|1/1/2023|3.000||||4/24/2024|12/31/9999|0.0900
54|2830598000000|2.5900|2.6000|BASE_TYPE|1/1/2023|3.000||||4/24/2024|12/31/9999|0.0100
54|2830598000000|2.6000|2.7000|BASE_TYPE|1/1/2023|3.000||||4/24/2024|12/31/9999|0.1000
54|2830598000000|2.7000|2.8000|BASE_TYPE|1/1/2023|3.000||||4/24/2024|12/31/9999|0.1000
54|2830598000000|2.8000|2.9000|BASE_TYPE|1/1/2023|3.000||||4/24/2024|12/31/9999|0.1000
54|2830598000000|2.9000|2.9800|BASE_TYPE|1/1/2023|3.000||||4/24/2024|12/31/9999|0.0800
54|2840007050000|0.0000|0.3240|BASE_TYPE|1/1/2023|3.000||||4/24/2024|12/31/9999|0.3240
54|2840007050000|0.3430|1.1100|BASE_TYPE|1/1/2023|3.000||||4/24/2024|12/31/9999|0.7670
54|2840007050000|1.1100|1.8300|BASE_TYPE|1/1/2023|3.000||||4/24/2024|12/31/9999|0.7200
54|2840007050000|1.8360|2.1000|BASE_TYPE|1/1/2023|3.000||||4/24/2024|12/31/9999|0.2640
54|2840011000000|0.0800|0.5800|BASE_TYPE|1/1/2023|3.000||||4/24/2024|12/31/9999|0.5000
54|2840014000000|0.0000|0.6300|BASE_TYPE|1/1/2023|3.000||||4/24/2024|12/31/9999|0.6300
54|2840016000000|1.7000|2.5000|BASE_TYPE|1/1/2023|3.000||||4/24/2024|12/31/9999|0.8000
54|2840016000000|2.5000|2.6140|BASE_TYPE|1/1/2023|3.000||||4/24/2024|12/31/9999|0.1140
54|2840016010000|0.5900|0.7400|BASE_TYPE|1/1/2023|3.000||||4/24/2024|12/31/9999|0.1500
54|2840016100000|0.0000|0.6600|BASE_TYPE|1/1/2023|3.000||||4/24/2024|12/31/9999|0.6600
54|2840019290000|2.5400|3.3200|BASE_TYPE|1/1/2023|3.000||||4/24/2024|12/31/9999|0.7800
54|2840021010000|0.0000|0.8900|BASE_TYPE|1/1/2023|3.000||||4/24/2024|12/31/9999|0.8900
54|2840024000000|0.0000|0.3000|BASE_TYPE|1/1/2023|3.000||||4/24/2024|12/31/9999|0.3000
54|2840024000000|0.3000|2.7890|BASE_TYPE|1/1/2023|3.000||||4/24/2024|12/31/9999|2.4890
54|2840025000000|0.0000|0.5700|BASE_TYPE|1/1/2023|3.000||||4/24/2024|12/31/9999|0.5700
54|2840025000000|0.5700|1.5300|BASE_TYPE|1/1/2023|3.000||||4/24/2024|12/31/9999|0.9600
54|2840027000000|0.0000|1.5700|BASE_TYPE|1/1/2023|3.000||||4/24/2024|12/31/9999|1.5700
54|2840027000000|2.1200|2.5900|BASE_TYPE|1/1/2023|3.000||||4/24/2024|12/31/9999|0.4700
54|2840052200000|0.0010|0.8200|BASE_TYPE|1/1/2023|3.000||||4/24/2024|12/31/9999|0.8190
54|41100640000EB|120.0000|120.1000|BASE_TYPE|1/1/2023|6.000||||4/24/2024|12/31/9999|0.1000
54|41100640000EB|120.6900|120.7000|BASE_TYPE|1/1/2023|6.000||||4/24/2024|12/31/9999|0.0100
54|41100640000EB|120.7000|120.8000|BASE_TYPE|1/1/2023|6.000||||4/24/2024|12/31/9999|0.1000
54|41100640000EB|120.8000|120.9000|BASE_TYPE|1/1/2023|6.000||||4/24/2024|12/31/9999|0.1000
54|41100640000EB|120.9000|121.0000|BASE_TYPE|1/1/2023|6.000||||4/24/2024|12/31/9999|0.1000
54|41100640000EB|121.0000|121.1000|BASE_TYPE|1/1/2023|6.000||||4/24/2024|12/31/9999|0.1000
54|41100640000EB|121.1000|121.2000|BASE_TYPE|1/1/2023|6.000||||4/24/2024|12/31/9999|0.1000
54|41100640000EB|121.2000|121.3000|BASE_TYPE|1/1/2023|6.000||||4/24/2024|12/31/9999|0.1000
54|41100640000EB|121.3000|121.4000|BASE_TYPE|1/1/2023|6.000||||4/24/2024|12/31/9999|0.1000
54|41100640000EB|121.4000|121.5000|BASE_TYPE|1/1/2023|6.000||||4/24/2024|12/31/9999|0.1000
54|41100640000EB|121.5000|121.6000|BASE_TYPE|1/1/2023|6.000||||4/24/2024|12/31/9999|0.1000
54|41100640000EB|121.6000|121.7000|BASE_TYPE|1/1/2023|6.000||||4/24/2024|12/31/9999|0.1000
54|41100640000EB|121.7000|121.8000|BASE_TYPE|1/1/2023|6.000||||4/24/2024|12/31/9999|0.1000
54|41100640000EB|121.8000|121.9000|BASE_TYPE|1/1/2023|6.000||||4/24/2024|12/31/9999|0.1000
54|41100640000EB|121.9000|122.0000|BASE_TYPE|1/1/2023|6.000||||4/24/2024|12/31/9999|0.1000
54|41100640000EB|122.0000|122.1000|BASE_TYPE|1/1/2023|6.000||||4/24/2024|12/31/9999|0.1000
54|41100640000EB|122.1000|122.2000|BASE_TYPE|1/1/2023|6.000||||4/24/2024|12/31/9999|0.1000
54|41100640000EB|122.2000|122.3000|BASE_TYPE|1/1/2023|6.000||||4/24/2024|12/31/9999|0.1000
54|41100640000EB|122.3000|122.4000|BASE_TYPE|1/1/2023|6.000||||4/24/2024|12/31/9999|0.1000
54|41100640000EB|122.4000|122.5000|BASE_TYPE|1/1/2023|6.000||||4/24/2024|12/31/9999|0.1000
54|41100640000EB|122.5000|122.6000|BASE_TYPE|1/1/2023|6.000||||4/24/2024|12/31/9999|0.1000
54|41100640000EB|122.6000|122.6200|BASE_TYPE|1/1/2023|6.000||||4/24/2024|12/31/9999|0.0200
54|41100640000EB|122.7100|122.8000|BASE_TYPE|1/1/2023|6.000||||4/24/2024|12/31/9999|0.0900
54|41100640000EB|122.8000|122.9000|BASE_TYPE|1/1/2023|6.000||||4/24/2024|12/31/9999|0.1000
54|41100640000EB|122.9000|123.0000|BASE_TYPE|1/1/2023|6.000||||4/24/2024|12/31/9999|0.1000
54|41100640000EB|123.0000|123.1000|BASE_TYPE|1/1/2023|6.000||||4/24/2024|12/31/9999|0.1000
54|41100640000EB|123.1000|123.1800|BASE_TYPE|1/1/2023|6.000||||4/24/2024|12/31/9999|0.0800
54|41100640000EB|123.6300|123.7000|BASE_TYPE|1/1/2023|6.000||||4/24/2024|12/31/9999|0.0700
54|41100640000EB|123.7000|123.8000|BASE_TYPE|1/1/2023|6.000||||4/24/2024|12/31/9999|0.1000
54|41100640000EB|123.8000|123.9000|BASE_TYPE|1/1/2023|6.000||||4/24/2024|12/31/9999|0.1000
54|41100640000EB|123.9000|124.0000|BASE_TYPE|1/1/2023|6.000||||4/24/2024|12/31/9999|0.1000
54|41100640000EB|124.0000|124.1000|BASE_TYPE|1/1/2023|6.000||||4/24/2024|12/31/9999|0.1000
54|41100640000EB|124.1000|124.2000|BASE_TYPE|1/1/2023|6.000||||4/24/2024|12/31/9999|0.1000
54|41100640000EB|124.2000|124.3000|BASE_TYPE|1/1/2023|6.000||||4/24/2024|12/31/9999|0.1000
54|41100640000EB|124.3000|124.4000|BASE_TYPE|1/1/2023|6.000||||4/24/2024|12/31/9999|0.1000
54|41100640000EB|124.4000|124.4700|BASE_TYPE|1/1/2023|6.000||||4/24/2024|12/31/9999|0.0700
54|41100640000EB|126.6500|126.7000|BASE_TYPE|1/1/2023|6.000||||4/24/2024|12/31/9999|0.0500
54|41100640000EB|126.7000|126.8000|BASE_TYPE|1/1/2023|6.000||||4/24/2024|12/31/9999|0.1000
54|41100640000EB|126.8000|126.9000|BASE_TYPE|1/1/2023|6.000||||4/24/2024|12/31/9999|0.1000
54|41100640000EB|126.9000|127.0000|BASE_TYPE|1/1/2023|6.000||||4/24/2024|12/31/9999|0.1000
54|41100640000EB|127.0000|127.1000|BASE_TYPE|1/1/2023|6.000||||4/24/2024|12/31/9999|0.1000
54|41100640000EB|127.1000|127.2000|BASE_TYPE|1/1/2023|6.000||||4/24/2024|12/31/9999|0.1000
54|41100640000EB|127.2000|127.3000|BASE_TYPE|1/1/2023|6.000||||4/24/2024|12/31/9999|0.1000
54|41100640000EB|127.3000|127.4000|BASE_TYPE|1/1/2023|6.000||||4/24/2024|12/31/9999|0.1000
54|41100640000EB|127.4000|127.5000|BASE_TYPE|1/1/2023|6.000||||4/24/2024|12/31/9999|0.1000
54|41100640000EB|127.5000|127.5800|BASE_TYPE|1/1/2023|6.000||||4/24/2024|12/31/9999|0.0800
54|41100640000EB|128.9100|129.0000|BASE_TYPE|1/1/2023|6.000||||4/24/2024|12/31/9999|0.0900
54|41100640000EB|129.0000|129.1000|BASE_TYPE|1/1/2023|6.000||||4/24/2024|12/31/9999|0.1000
54|41100640000EB|129.1000|129.2000|BASE_TYPE|1/1/2023|6.000||||4/24/2024|12/31/9999|0.1000
54|41100640000EB|129.2000|129.3000|BASE_TYPE|1/1/2023|6.000||||4/24/2024|12/31/9999|0.1000
54|41100640000EB|129.3000|129.4000|BASE_TYPE|1/1/2023|6.000||||4/24/2024|12/31/9999|0.1000
54|41100640000EB|129.4000|129.4900|BASE_TYPE|1/1/2023|6.000||||4/24/2024|12/31/9999|0.0900
54|41100640000EB|129.4900|129.5000|BASE_TYPE|1/1/2023|6.000||||4/24/2024|12/31/9999|0.0100
54|41100640000EB|129.5000|129.6000|BASE_TYPE|1/1/2023|6.000||||4/24/2024|12/31/9999|0.1000
54|41100640000EB|129.6000|129.7000|BASE_TYPE|1/1/2023|6.000||||4/24/2024|12/31/9999|0.1000
54|41100640000EB|129.7000|129.8000|BASE_TYPE|1/1/2023|6.000||||4/24/2024|12/31/9999|0.1000
54|41100640000EB|129.8000|129.9000|BASE_TYPE|1/1/2023|6.000||||4/24/2024|12/31/9999|0.1000
54|41100640000EB|129.9000|130.0000|BASE_TYPE|1/1/2023|6.000||||4/24/2024|12/31/9999|0.1000
54|41100640000EB|130.0000|130.1000|BASE_TYPE|1/1/2023|6.000||||4/24/2024|12/31/9999|0.1000
54|41100640000EB|130.1000|130.2000|BASE_TYPE|1/1/2023|6.000||||4/24/2024|12/31/9999|0.1000
54|41100640000EB|130.2000|130.3000|BASE_TYPE|1/1/2023|6.000||||4/24/2024|12/31/9999|0.1000
54|41100640000EB|130.3000|130.4000|BASE_TYPE|1/1/2023|6.000||||4/24/2024|12/31/9999|0.1000
54|41100640000EB|130.4000|130.5000|BASE_TYPE|1/1/2023|6.000||||4/24/2024|12/31/9999|0.1000
54|41100640000EB|130.5000|130.6000|BASE_TYPE|1/1/2023|6.000||||4/24/2024|12/31/9999|0.1000
54|41100640000EB|130.6000|130.7000|BASE_TYPE|1/1/2023|6.000||||4/24/2024|12/31/9999|0.1000
54|41100640000EB|130.7000|130.8000|BASE_TYPE|1/1/2023|6.000||||4/24/2024|12/31/9999|0.1000
54|41100640000EB|130.8000|130.9000|BASE_TYPE|1/1/2023|6.000||||4/24/2024|12/31/9999|0.1000
54|41100640000EB|130.9000|131.0000|BASE_TYPE|1/1/2023|6.000||||4/24/2024|12/31/9999|0.1000
54|41100640000EB|131.0000|131.1000|BASE_TYPE|1/1/2023|6.000||||4/24/2024|12/31/9999|0.1000
54|41100640000EB|131.1000|131.2000|BASE_TYPE|1/1/2023|6.000||||4/24/2024|12/31/9999|0.1000
54|41100640000EB|131.2000|131.3000|BASE_TYPE|1/1/2023|6.000||||4/24/2024|12/31/9999|0.1000
54|41100640000EB|131.3000|131.4000|BASE_TYPE|1/1/2023|6.000||||4/24/2024|12/31/9999|0.1000
54|41100640000EB|131.4000|131.5000|BASE_TYPE|1/1/2023|6.000||||4/24/2024|12/31/9999|0.1000
54|41100640000EB|131.5000|131.6000|BASE_TYPE|1/1/2023|6.000||||4/24/2024|12/31/9999|0.1000
54|41100640000EB|131.6000|131.7000|BASE_TYPE|1/1/2023|6.000||||4/24/2024|12/31/9999|0.1000
54|41100640000EB|131.7000|131.8000|BASE_TYPE|1/1/2023|6.000||||4/24/2024|12/31/9999|0.1000
54|41100640000EB|131.8000|131.9000|BASE_TYPE|1/1/2023|6.000||||4/24/2024|12/31/9999|0.1000
54|41100640000EB|131.9000|132.0000|BASE_TYPE|1/1/2023|6.000||||4/24/2024|12/31/9999|0.1000
54|41100640000EB|132.0000|132.1000|BASE_TYPE|1/1/2023|6.000||||4/24/2024|12/31/9999|0.1000
54|41100640000EB|132.1000|132.2000|BASE_TYPE|1/1/2023|6.000||||4/24/2024|12/31/9999|0.1000
54|41100640000EB|132.2000|132.3000|BASE_TYPE|1/1/2023|6.000||||4/24/2024|12/31/9999|0.1000
54|41100640000EB|132.3000|132.4000|BASE_TYPE|1/1/2023|6.000||||4/24/2024|12/31/9999|0.1000
54|41100640000EB|132.4000|132.5000|BASE_TYPE|1/1/2023|6.000||||4/24/2024|12/31/9999|0.1000
54|41100640000EB|132.5000|132.5300|BASE_TYPE|1/1/2023|6.000||||4/24/2024|12/31/9999|0.0300
54|41100640000EB|132.8400|132.9000|BASE_TYPE|1/1/2023|6.000||||4/24/2024|12/31/9999|0.0600
54|41100640000EB|132.9000|133.0000|BASE_TYPE|1/1/2023|6.000||||4/24/2024|12/31/9999|0.1000
54|41100640000EB|133.0000|133.1000|BASE_TYPE|1/1/2023|6.000||||4/24/2024|12/31/9999|0.1000
54|41100640000EB|133.1000|133.2000|BASE_TYPE|1/1/2023|6.000||||4/24/2024|12/31/9999|0.1000
54|41100640000EB|133.2000|133.3000|BASE_TYPE|1/1/2023|6.000||||4/24/2024|12/31/9999|0.1000
54|41100640000EB|133.3000|133.4000|BASE_TYPE|1/1/2023|6.000||||4/24/2024|12/31/9999|0.1000
54|41100640000EB|133.4000|133.5000|BASE_TYPE|1/1/2023|6.000||||4/24/2024|12/31/9999|0.1000
54|41100640000EB|133.5000|133.6000|BASE_TYPE|1/1/2023|6.000||||4/24/2024|12/31/9999|0.1000
54|41100640000EB|133.6000|133.7000|BASE_TYPE|1/1/2023|6.000||||4/24/2024|12/31/9999|0.1000
54|41100640000EB|133.7000|133.8000|BASE_TYPE|1/1/2023|6.000||||4/24/2024|12/31/9999|0.1000
54|41100640000EB|133.8000|133.9000|BASE_TYPE|1/1/2023|6.000||||4/24/2024|12/31/9999|0.1000
54|41100640000EB|133.9000|134.0000|BASE_TYPE|1/1/2023|6.000||||4/24/2024|12/31/9999|0.1000
54|41100640000EB|134.0000|134.1000|BASE_TYPE|1/1/2023|6.000||||4/24/2024|12/31/9999|0.1000
54|41100640000EB|134.1000|134.2000|BASE_TYPE|1/1/2023|6.000||||4/24/2024|12/31/9999|0.1000
54|41100640000EB|134.2000|134.3000|BASE_TYPE|1/1/2023|6.000||||4/24/2024|12/31/9999|0.1000
54|41100640000EB|134.3000|134.4000|BASE_TYPE|1/1/2023|6.000||||4/24/2024|12/31/9999|0.1000
54|41100640000EB|134.4000|134.5000|BASE_TYPE|1/1/2023|6.000||||4/24/2024|12/31/9999|0.1000
54|41100640000EB|134.5000|134.6000|BASE_TYPE|1/1/2023|6.000||||4/24/2024|12/31/9999|0.1000
54|41100640000EB|134.6000|134.7000|BASE_TYPE|1/1/2023|6.000||||4/24/2024|12/31/9999|0.1000
54|41100640000EB|134.7000|134.8000|BASE_TYPE|1/1/2023|6.000||||4/24/2024|12/31/9999|0.1000
54|41100640000EB|134.8000|134.9000|BASE_TYPE|1/1/2023|6.000||||4/24/2024|12/31/9999|0.1000
54|41100640000EB|134.9000|135.0000|BASE_TYPE|1/1/2023|6.000||||4/24/2024|12/31/9999|0.1000
54|41100640000EB|135.0000|135.1000|BASE_TYPE|1/1/2023|6.000||||4/24/2024|12/31/9999|0.1000
54|41100640000EB|135.1000|135.2000|BASE_TYPE|1/1/2023|6.000||||4/24/2024|12/31/9999|0.1000
54|41100640000EB|135.2000|135.3000|BASE_TYPE|1/1/2023|6.000||||4/24/2024|12/31/9999|0.1000
54|41100640000EB|135.3000|135.4000|BASE_TYPE|1/1/2023|6.000||||4/24/2024|12/31/9999|0.1000
54|41100640000EB|135.4000|135.5000|BASE_TYPE|1/1/2023|6.000||||4/24/2024|12/31/9999|0.1000
54|41100640000EB|135.5000|135.6000|BASE_TYPE|1/1/2023|6.000||||4/24/2024|12/31/9999|0.1000
54|41100640000EB|135.6000|135.7000|BASE_TYPE|1/1/2023|6.000||||4/24/2024|12/31/9999|0.1000
54|41100640000EB|135.7000|135.8000|BASE_TYPE|1/1/2023|6.000||||4/24/2024|12/31/9999|0.1000
54|41100640000EB|135.8000|135.9000|BASE_TYPE|1/1/2023|6.000||||4/24/2024|12/31/9999|0.1000
54|41100640000EB|135.9000|136.0000|BASE_TYPE|1/1/2023|6.000||||4/24/2024|12/31/9999|0.1000
54|41100640000EB|136.0000|136.1000|BASE_TYPE|1/1/2023|6.000||||4/24/2024|12/31/9999|0.1000
54|41100640000EB|136.1000|136.2000|BASE_TYPE|1/1/2023|6.000||||4/24/2024|12/31/9999|0.1000
54|41100640000EB|136.2000|136.3000|BASE_TYPE|1/1/2023|6.000||||4/24/2024|12/31/9999|0.1000
54|41100640000EB|136.3000|136.4000|BASE_TYPE|1/1/2023|6.000||||4/24/2024|12/31/9999|0.1000
54|41100640000EB|136.4000|136.5000|BASE_TYPE|1/1/2023|6.000||||4/24/2024|12/31/9999|0.1000
54|41100640000EB|136.5000|136.6000|BASE_TYPE|1/1/2023|6.000||||4/24/2024|12/31/9999|0.1000
54|41100640000EB|136.6000|136.7000|BASE_TYPE|1/1/2023|6.000||||4/24/2024|12/31/9999|0.1000
54|41100640000EB|136.7000|136.8000|BASE_TYPE|1/1/2023|6.000||||4/24/2024|12/31/9999|0.1000
54|41100640000EB|136.8000|136.9000|BASE_TYPE|1/1/2023|6.000||||4/24/2024|12/31/9999|0.1000
54|41100640000EB|136.9000|137.0000|BASE_TYPE|1/1/2023|6.000||||4/24/2024|12/31/9999|0.1000
54|41100640000EB|137.0000|137.1000|BASE_TYPE|1/1/2023|6.000||||4/24/2024|12/31/9999|0.1000
54|41100640000EB|137.1000|137.2000|BASE_TYPE|1/1/2023|6.000||||4/24/2024|12/31/9999|0.1000
54|41100640000EB|137.2000|137.3000|BASE_TYPE|1/1/2023|6.000||||4/24/2024|12/31/9999|0.1000
54|41100640000EB|137.3000|137.4000|BASE_TYPE|1/1/2023|6.000||||4/24/2024|12/31/9999|0.1000
54|41100640000EB|137.4000|137.4800|BASE_TYPE|1/1/2023|6.000||||4/24/2024|12/31/9999|0.0800
54|41100640000EB|137.4800|137.5000|BASE_TYPE|1/1/2023|6.000||||4/24/2024|12/31/9999|0.0200
54|41100640000EB|137.5000|137.6000|BASE_TYPE|1/1/2023|6.000||||4/24/2024|12/31/9999|0.1000
54|41100640000EB|137.6000|137.7000|BASE_TYPE|1/1/2023|6.000||||4/24/2024|12/31/9999|0.1000
54|41100640000EB|137.7000|137.8000|BASE_TYPE|1/1/2023|6.000||||4/24/2024|12/31/9999|0.1000
54|41100640000EB|137.8000|137.9000|BASE_TYPE|1/1/2023|6.000||||4/24/2024|12/31/9999|0.1000
54|41100640000EB|137.9000|138.0000|BASE_TYPE|1/1/2023|6.000||||4/24/2024|12/31/9999|0.1000
54|41100640000EB|138.0000|138.0100|BASE_TYPE|1/1/2023|6.000||||4/24/2024|12/31/9999|0.0100
54|41200190000NB|0.0000|0.1000|BASE_TYPE|1/1/2023|3.000||||4/24/2024|12/31/9999|0.1000
54|41200190000NB|0.1000|0.2000|BASE_TYPE|1/1/2023|3.000||||4/24/2024|12/31/9999|0.1000
54|41200190000NB|0.2000|0.3000|BASE_TYPE|1/1/2023|3.000||||4/24/2024|12/31/9999|0.1000
54|41200190000NB|0.3000|0.4000|BASE_TYPE|1/1/2023|3.000||||4/24/2024|12/31/9999|0.1000
54|41200190000NB|0.4000|0.5000|BASE_TYPE|1/1/2023|3.000||||4/24/2024|12/31/9999|0.1000
54|41200190000NB|0.5000|0.6000|BASE_TYPE|1/1/2023|3.000||||4/24/2024|12/31/9999|0.1000
54|41200190000NB|0.6000|0.7000|BASE_TYPE|1/1/2023|3.000||||4/24/2024|12/31/9999|0.1000
54|41200190000NB|0.7000|0.8000|BASE_TYPE|1/1/2023|3.000||||4/24/2024|12/31/9999|0.1000
54|41200190000NB|0.8000|0.9000|BASE_TYPE|1/1/2023|3.000||||4/24/2024|12/31/9999|0.1000
54|41200190000NB|0.9000|1.0000|BASE_TYPE|1/1/2023|3.000||||4/24/2024|12/31/9999|0.1000
54|41200190000NB|1.0000|1.1000|BASE_TYPE|1/1/2023|3.000||||4/24/2024|12/31/9999|0.1000
54|41200190000NB|1.1000|1.2000|BASE_TYPE|1/1/2023|3.000||||4/24/2024|12/31/9999|0.1000
54|41200190000NB|1.2000|1.3000|BASE_TYPE|1/1/2023|3.000||||4/24/2024|12/31/9999|0.1000
54|41200190000NB|1.3000|1.4000|BASE_TYPE|1/1/2023|3.000||||4/24/2024|12/31/9999|0.1000
54|41200190000NB|1.4000|1.5000|BASE_TYPE|1/1/2023|3.000||||4/24/2024|12/31/9999|0.1000
54|41200190000NB|1.5000|1.6000|BASE_TYPE|1/1/2023|3.000||||4/24/2024|12/31/9999|0.1000
54|41200190000NB|1.6000|1.7000|BASE_TYPE|1/1/2023|3.000||||4/24/2024|12/31/9999|0.1000
54|41200190000NB|1.7000|1.8000|BASE_TYPE|1/1/2023|3.000||||4/24/2024|12/31/9999|0.1000
54|41200190000NB|1.8000|1.9000|BASE_TYPE|1/1/2023|3.000||||4/24/2024|12/31/9999|0.1000
54|41200190000NB|1.9000|2.0000|BASE_TYPE|1/1/2023|3.000||||4/24/2024|12/31/9999|0.1000
54|41200190000NB|2.0000|2.1000|BASE_TYPE|1/1/2023|3.000||||4/24/2024|12/31/9999|0.1000
54|41200190000NB|2.1000|2.1700|BASE_TYPE|1/1/2023|3.000||||4/24/2024|12/31/9999|0.0700
54|41200190000NB|2.1700|2.2000|BASE_TYPE|1/1/2023|3.000||||4/24/2024|12/31/9999|0.0300
54|41200190000NB|2.2000|2.3000|BASE_TYPE|1/1/2023|3.000||||4/24/2024|12/31/9999|0.1000
54|41200190000NB|2.3000|2.4000|BASE_TYPE|1/1/2023|3.000||||4/24/2024|12/31/9999|0.1000
54|41200190000NB|2.4000|2.5000|BASE_TYPE|1/1/2023|3.000||||4/24/2024|12/31/9999|0.1000
54|41200190000NB|2.5000|2.6000|BASE_TYPE|1/1/2023|3.000||||4/24/2024|12/31/9999|0.1000
54|41200190000NB|2.6000|2.7000|BASE_TYPE|1/1/2023|3.000||||4/24/2024|12/31/9999|0.1000
54|41200190000NB|2.7000|2.8000|BASE_TYPE|1/1/2023|3.000||||4/24/2024|12/31/9999|0.1000
54|41200190000NB|2.8000|2.9000|BASE_TYPE|1/1/2023|3.000||||4/24/2024|12/31/9999|0.1000
54|41200190000NB|2.9000|3.0000|BASE_TYPE|1/1/2023|3.000||||4/24/2024|12/31/9999|0.1000
54|41200190000NB|3.0000|3.1000|BASE_TYPE|1/1/2023|3.000||||4/24/2024|12/31/9999|0.1000
54|41200190000NB|3.1000|3.2000|BASE_TYPE|1/1/2023|3.000||||4/24/2024|12/31/9999|0.1000
54|41200190000NB|3.2000|3.3000|BASE_TYPE|1/1/2023|3.000||||4/24/2024|12/31/9999|0.1000
54|41200190000NB|3.3000|3.4000|BASE_TYPE|1/1/2023|3.000||||4/24/2024|12/31/9999|0.1000
54|41200190000NB|3.4000|3.5000|BASE_TYPE|1/1/2023|3.000||||4/24/2024|12/31/9999|0.1000
54|41200190000NB|3.5000|3.6000|BASE_TYPE|1/1/2023|3.000||||4/24/2024|12/31/9999|0.1000
54|41200190000NB|3.6000|3.7000|BASE_TYPE|1/1/2023|3.000||||4/24/2024|12/31/9999|0.1000
54|41200190000NB|3.7000|3.8000|BASE_TYPE|1/1/2023|3.000||||4/24/2024|12/31/9999|0.1000
54|41200190000NB|3.8000|3.9000|BASE_TYPE|1/1/2023|3.000||||4/24/2024|12/31/9999|0.1000
54|41200190000NB|3.9000|4.0000|BASE_TYPE|1/1/2023|3.000||||4/24/2024|12/31/9999|0.1000
54|41200190000NB|4.0000|4.1000|BASE_TYPE|1/1/2023|3.000||||4/24/2024|12/31/9999|0.1000
54|41200190000NB|4.1000|4.2000|BASE_TYPE|1/1/2023|3.000||||4/24/2024|12/31/9999|0.1000
54|41200190000NB|4.2000|4.3000|BASE_TYPE|1/1/2023|3.000||||4/24/2024|12/31/9999|0.1000
54|41200190000NB|4.3000|4.4000|BASE_TYPE|1/1/2023|3.000||||4/24/2024|12/31/9999|0.1000
54|41200190000NB|4.4000|4.5000|BASE_TYPE|1/1/2023|3.000||||4/24/2024|12/31/9999|0.1000
54|41200190000NB|4.5000|4.6000|BASE_TYPE|1/1/2023|3.000||||4/24/2024|12/31/9999|0.1000
54|41200190000NB|4.6000|4.7000|BASE_TYPE|1/1/2023|3.000||||4/24/2024|12/31/9999|0.1000
54|41200190000NB|4.7000|4.8000|BASE_TYPE|1/1/2023|3.000||||4/24/2024|12/31/9999|0.1000
54|41200190000NB|4.8000|4.9000|BASE_TYPE|1/1/2023|3.000||||4/24/2024|12/31/9999|0.1000
54|41200190000NB|4.9000|5.0000|BASE_TYPE|1/1/2023|3.000||||4/24/2024|12/31/9999|0.1000
54|41200190000NB|5.0000|5.1000|BASE_TYPE|1/1/2023|3.000||||4/24/2024|12/31/9999|0.1000
54|41200190000NB|5.1000|5.2000|BASE_TYPE|1/1/2023|3.000||||4/24/2024|12/31/9999|0.1000
54|41200190000NB|5.2000|5.3000|BASE_TYPE|1/1/2023|3.000||||4/24/2024|12/31/9999|0.1000
54|41200190000NB|5.3000|5.4000|BASE_TYPE|1/1/2023|3.000||||4/24/2024|12/31/9999|0.1000
54|41200190000NB|5.4000|5.5000|BASE_TYPE|1/1/2023|3.000||||4/24/2024|12/31/9999|0.1000
54|41200190000NB|5.5000|5.6000|BASE_TYPE|1/1/2023|3.000||||4/24/2024|12/31/9999|0.1000
54|41200190000NB|5.6000|5.7000|BASE_TYPE|1/1/2023|3.000||||4/24/2024|12/31/9999|0.1000
54|41200190000NB|5.7000|5.8000|BASE_TYPE|1/1/2023|3.000||||4/24/2024|12/31/9999|0.1000
54|41200190000NB|5.8000|5.9000|BASE_TYPE|1/1/2023|3.000||||4/24/2024|12/31/9999|0.1000
54|41200190000NB|5.9000|6.0000|BASE_TYPE|1/1/2023|3.000||||4/24/2024|12/31/9999|0.1000
54|41200190000NB|6.0000|6.1000|BASE_TYPE|1/1/2023|3.000||||4/24/2024|12/31/9999|0.1000
54|41200190000NB|6.1000|6.2000|BASE_TYPE|1/1/2023|3.000||||4/24/2024|12/31/9999|0.1000
54|41200190000NB|6.2000|6.3000|BASE_TYPE|1/1/2023|3.000||||4/24/2024|12/31/9999|0.1000
54|41200190000NB|6.3000|6.4000|BASE_TYPE|1/1/2023|3.000||||4/24/2024|12/31/9999|0.1000
54|41200190000NB|6.4000|6.4700|BASE_TYPE|1/1/2023|3.000||||4/24/2024|12/31/9999|0.0700
54|41200190000NB|16.6690|16.7000|BASE_TYPE|1/1/2023|3.000||||4/24/2024|12/31/9999|0.0310
54|41200190000NB|16.7000|16.8000|BASE_TYPE|1/1/2023|3.000||||4/24/2024|12/31/9999|0.1000
54|41200190000NB|16.8000|16.9000|BASE_TYPE|1/1/2023|3.000||||4/24/2024|12/31/9999|0.1000
54|41200190000NB|16.9000|16.9250|BASE_TYPE|1/1/2023|3.000||||4/24/2024|12/31/9999|0.0250
54|41200190000NB|17.1800|17.2000|BASE_TYPE|1/1/2023|3.000||||4/24/2024|12/31/9999|0.0200
54|41200190000NB|17.2000|17.3000|BASE_TYPE|1/1/2023|3.000||||4/24/2024|12/31/9999|0.1000
54|41200190000NB|17.3000|17.4000|BASE_TYPE|1/1/2023|3.000||||4/24/2024|12/31/9999|0.1000
54|41200190000NB|17.4000|17.5000|BASE_TYPE|1/1/2023|3.000||||4/24/2024|12/31/9999|0.1000
54|41200190000NB|17.5000|17.6000|BASE_TYPE|1/1/2023|3.000||||4/24/2024|12/31/9999|0.1000
54|41200190000NB|17.6000|17.7000|BASE_TYPE|1/1/2023|3.000||||4/24/2024|12/31/9999|0.1000
54|41200190000NB|17.7000|17.8000|BASE_TYPE|1/1/2023|3.000||||4/24/2024|12/31/9999|0.1000
54|41200190000NB|17.8000|17.9000|BASE_TYPE|1/1/2023|3.000||||4/24/2024|12/31/9999|0.1000
54|41200190000NB|17.9000|17.9500|BASE_TYPE|1/1/2023|3.000||||4/24/2024|12/31/9999|0.0500
54|41200190000NB|18.3100|18.4000|BASE_TYPE|1/1/2023|3.000||||4/24/2024|12/31/9999|0.0900
54|41200190000NB|18.4000|18.4100|BASE_TYPE|1/1/2023|3.000||||4/24/2024|12/31/9999|0.0100
54|41200190000NB|18.4100|18.5000|BASE_TYPE|1/1/2023|3.000||||4/24/2024|12/31/9999|0.0900
54|41200190000NB|18.5000|18.6000|BASE_TYPE|1/1/2023|3.000||||4/24/2024|12/31/9999|0.1000
54|41200190000NB|18.6000|18.6400|BASE_TYPE|1/1/2023|3.000||||4/24/2024|12/31/9999|0.0400
54|41200190000NB|18.6400|18.7000|BASE_TYPE|1/1/2023|3.000||||4/24/2024|12/31/9999|0.0600
54|41200190000NB|18.7000|18.8000|BASE_TYPE|1/1/2023|3.000||||4/24/2024|12/31/9999|0.1000
54|41200190000NB|18.8000|18.9000|BASE_TYPE|1/1/2023|3.000||||4/24/2024|12/31/9999|0.1000
54|41200190000NB|18.9000|19.0000|BASE_TYPE|1/1/2023|3.000||||4/24/2024|12/31/9999|0.1000
54|41200190000NB|19.0000|19.1000|BASE_TYPE|1/1/2023|3.000||||4/24/2024|12/31/9999|0.1000
54|41200190000NB|19.1000|19.2000|BASE_TYPE|1/1/2023|3.000||||4/24/2024|12/31/9999|0.1000
54|41200190000NB|19.2000|19.3000|BASE_TYPE|1/1/2023|3.000||||4/24/2024|12/31/9999|0.1000
54|41200190000NB|19.3000|19.3300|BASE_TYPE|1/1/2023|3.000||||4/24/2024|12/31/9999|0.0300
54|41200190000NB|19.8000|19.9000|BASE_TYPE|1/1/2023|3.000||||4/24/2024|12/31/9999|0.1000
54|41200190000NB|19.9000|20.0000|BASE_TYPE|1/1/2023|3.000||||4/24/2024|12/31/9999|0.1000
54|41200190000NB|20.0000|20.1000|BASE_TYPE|1/1/2023|3.000||||4/24/2024|12/31/9999|0.1000
54|41200190000NB|20.1000|20.2000|BASE_TYPE|1/1/2023|3.000||||4/24/2024|12/31/9999|0.1000
54|41200190000NB|20.2000|20.3000|BASE_TYPE|1/1/2023|3.000||||4/24/2024|12/31/9999|0.1000
54|41200190000NB|20.3000|20.4000|BASE_TYPE|1/1/2023|3.000||||4/24/2024|12/31/9999|0.1000
54|41200190000NB|20.4000|20.5000|BASE_TYPE|1/1/2023|3.000||||4/24/2024|12/31/9999|0.1000
54|41200190000NB|20.5000|20.6000|BASE_TYPE|1/1/2023|3.000||||4/24/2024|12/31/9999|0.1000
54|41200190000NB|20.6000|20.7000|BASE_TYPE|1/1/2023|3.000||||4/24/2024|12/31/9999|0.1000
54|41200190000NB|20.7000|20.8000|BASE_TYPE|1/1/2023|3.000||||4/24/2024|12/31/9999|0.1000
54|41200190000NB|20.8000|20.9000|BASE_TYPE|1/1/2023|3.000||||4/24/2024|12/31/9999|0.1000
54|41200190000NB|20.9000|21.0000|BASE_TYPE|1/1/2023|3.000||||4/24/2024|12/31/9999|0.1000
54|41200190000NB|21.0000|21.1000|BASE_TYPE|1/1/2023|3.000||||4/24/2024|12/31/9999|0.1000
54|41200190000NB|21.1000|21.2000|BASE_TYPE|1/1/2023|3.000||||4/24/2024|12/31/9999|0.1000
54|41200190000NB|21.2000|21.3000|BASE_TYPE|1/1/2023|3.000||||4/24/2024|12/31/9999|0.1000
54|41200190000NB|21.3000|21.4000|BASE_TYPE|1/1/2023|3.000||||4/24/2024|12/31/9999|0.1000
54|41200190000NB|21.4000|21.5000|BASE_TYPE|1/1/2023|3.000||||4/24/2024|12/31/9999|0.1000
54|41200190000NB|21.5000|21.6000|BASE_TYPE|1/1/2023|3.000||||4/24/2024|12/31/9999|0.1000
54|41200190000NB|21.6000|21.6100|BASE_TYPE|1/1/2023|3.000||||4/24/2024|12/31/9999|0.0100
54|41200190000NB|23.3100|23.4000|BASE_TYPE|1/1/2023|3.000||||4/24/2024|12/31/9999|0.0900
54|41200190000NB|23.4000|23.5000|BASE_TYPE|1/1/2023|3.000||||4/24/2024|12/31/9999|0.1000
54|41200190000NB|23.5000|23.6000|BASE_TYPE|1/1/2023|3.000||||4/24/2024|12/31/9999|0.1000
54|41200190000NB|23.6000|23.7000|BASE_TYPE|1/1/2023|3.000||||4/24/2024|12/31/9999|0.1000
54|41200190000NB|23.7000|23.8000|BASE_TYPE|1/1/2023|3.000||||4/24/2024|12/31/9999|0.1000
54|41200190000NB|23.8000|23.9000|BASE_TYPE|1/1/2023|3.000||||4/24/2024|12/31/9999|0.1000
54|41200190000NB|23.9000|24.0000|BASE_TYPE|1/1/2023|3.000||||4/24/2024|12/31/9999|0.1000
54|41200190000NB|24.0000|24.0900|BASE_TYPE|1/1/2023|3.000||||4/24/2024|12/31/9999|0.0900
54|41200190014NB|0.0000|0.1000|BASE_TYPE|1/1/2023|3.000||||4/24/2024|12/31/9999|0.1000
54|41200190014NB|0.1000|0.2000|BASE_TYPE|1/1/2023|3.000||||4/24/2024|12/31/9999|0.1000
54|41200190014NB|0.2000|0.3000|BASE_TYPE|1/1/2023|3.000||||4/24/2024|12/31/9999|0.1000
54|41200190014NB|0.3000|0.4000|BASE_TYPE|1/1/2023|3.000||||4/24/2024|12/31/9999|0.1000
54|41200190014NB|0.4000|0.5000|BASE_TYPE|1/1/2023|3.000||||4/24/2024|12/31/9999|0.1000
54|41200190014NB|0.5000|0.6000|BASE_TYPE|1/1/2023|3.000||||4/24/2024|12/31/9999|0.1000
54|41200190014NB|0.6000|0.7000|BASE_TYPE|1/1/2023|3.000||||4/24/2024|12/31/9999|0.1000
54|41200190014NB|0.7000|0.8000|BASE_TYPE|1/1/2023|3.000||||4/24/2024|12/31/9999|0.1000
54|41200190014NB|0.8000|0.9000|BASE_TYPE|1/1/2023|3.000||||4/24/2024|12/31/9999|0.1000
54|41200190014NB|0.9000|1.0000|BASE_TYPE|1/1/2023|3.000||||4/24/2024|12/31/9999|0.1000
54|41200190014NB|1.0000|1.1000|BASE_TYPE|1/1/2023|3.000||||4/24/2024|12/31/9999|0.1000
54|41200190014NB|1.1000|1.2000|BASE_TYPE|1/1/2023|3.000||||4/24/2024|12/31/9999|0.1000
54|41200190014NB|1.2000|1.3000|BASE_TYPE|1/1/2023|3.000||||4/24/2024|12/31/9999|0.1000
54|41200190014NB|1.3000|1.4000|BASE_TYPE|1/1/2023|3.000||||4/24/2024|12/31/9999|0.1000
54|41200190014NB|1.4000|1.5000|BASE_TYPE|1/1/2023|3.000||||4/24/2024|12/31/9999|0.1000
54|41200190014NB|1.5000|1.6000|BASE_TYPE|1/1/2023|3.000||||4/24/2024|12/31/9999|0.1000
54|41200190014NB|1.6000|1.7000|BASE_TYPE|1/1/2023|3.000||||4/24/2024|12/31/9999|0.1000
54|41200190014NB|1.7000|1.8000|BASE_TYPE|1/1/2023|3.000||||4/24/2024|12/31/9999|0.1000
54|41200190014NB|1.8000|1.9000|BASE_TYPE|1/1/2023|3.000||||4/24/2024|12/31/9999|0.1000
54|41200190014NB|1.9000|2.0000|BASE_TYPE|1/1/2023|3.000||||4/24/2024|12/31/9999|0.1000
54|41200190014NB|2.0000|2.1000|BASE_TYPE|1/1/2023|3.000||||4/24/2024|12/31/9999|0.1000
54|41200190014NB|2.1000|2.2000|BASE_TYPE|1/1/2023|3.000||||4/24/2024|12/31/9999|0.1000
54|41200190014NB|2.2000|2.3000|BASE_TYPE|1/1/2023|3.000||||4/24/2024|12/31/9999|0.1000
54|41200190014NB|2.3000|2.4000|BASE_TYPE|1/1/2023|3.000||||4/24/2024|12/31/9999|0.1000
54|41200190014NB|2.4000|2.5000|BASE_TYPE|1/1/2023|3.000||||4/24/2024|12/31/9999|0.1000
54|41200190014NB|2.5000|2.6000|BASE_TYPE|1/1/2023|3.000||||4/24/2024|12/31/9999|0.1000
54|41200190014NB|2.6000|2.7000|BASE_TYPE|1/1/2023|3.000||||4/24/2024|12/31/9999|0.1000
54|41200190023EB|0.0000|0.0330|BASE_TYPE|1/1/2023|3.000||||4/24/2024|12/31/9999|0.0330
54|41200190023EB|0.0330|0.0340|BASE_TYPE|1/1/2023|3.000||||4/24/2024|12/31/9999|0.0010
54|41200190023EB|0.0340|0.1000|BASE_TYPE|1/1/2023|3.000||||4/24/2024|12/31/9999|0.0660
54|41200190023EB|0.1000|0.2000|BASE_TYPE|1/1/2023|3.000||||4/24/2024|12/31/9999|0.1000
54|41200190023EB|0.2000|0.3000|BASE_TYPE|1/1/2023|3.000||||4/24/2024|12/31/9999|0.1000
54|41200190023EB|0.3000|0.4000|BASE_TYPE|1/1/2023|3.000||||4/24/2024|12/31/9999|0.1000
54|41200190023EB|0.4000|0.5000|BASE_TYPE|1/1/2023|3.000||||4/24/2024|12/31/9999|0.1000
54|41200190023EB|0.5000|0.6000|BASE_TYPE|1/1/2023|3.000||||4/24/2024|12/31/9999|0.1000
54|41200190023EB|0.6000|0.7000|BASE_TYPE|1/1/2023|3.000||||4/24/2024|12/31/9999|0.1000
54|41200190023EB|0.7000|0.8000|BASE_TYPE|1/1/2023|3.000||||4/24/2024|12/31/9999|0.1000
54|41200190023EB|0.8000|0.9000|BASE_TYPE|1/1/2023|3.000||||4/24/2024|12/31/9999|0.1000
54|41200190023EB|0.9000|1.0000|BASE_TYPE|1/1/2023|3.000||||4/24/2024|12/31/9999|0.1000
54|41200190023EB|1.0000|1.1000|BASE_TYPE|1/1/2023|3.000||||4/24/2024|12/31/9999|0.1000
54|41200190023EB|1.1000|1.2000|BASE_TYPE|1/1/2023|3.000||||4/24/2024|12/31/9999|0.1000
54|41200190023EB|1.2000|1.3000|BASE_TYPE|1/1/2023|3.000||||4/24/2024|12/31/9999|0.1000
54|41200190023EB|1.3000|1.3600|BASE_TYPE|1/1/2023|3.000||||4/24/2024|12/31/9999|0.0600
54|4130003000000|35.9800|36.0000|BASE_TYPE|1/1/2023|3.000||||4/24/2024|12/31/9999|0.0200
54|4130003000000|36.0000|36.1000|BASE_TYPE|1/1/2023|3.000||||4/24/2024|12/31/9999|0.1000
54|4130003000000|36.1000|36.1800|BASE_TYPE|1/1/2023|3.000||||4/24/2024|12/31/9999|0.0800
54|4130003000000|36.2300|36.4900|BASE_TYPE|1/1/2023|3.000||||4/24/2024|12/31/9999|0.2600
54|4130003000000|37.1000|37.7300|BASE_TYPE|1/1/2023|3.000||||4/24/2024|12/31/9999|0.6300
54|4130016000000|8.4700|9.4850|BASE_TYPE|1/1/2023|3.000||||4/24/2024|12/31/9999|1.0150
54|4130016000000|9.4850|9.8000|BASE_TYPE|1/1/2023|3.000||||4/24/2024|12/31/9999|0.3150
54|4130016000000|12.0000|12.0090|BASE_TYPE|1/1/2023|3.000||||4/24/2024|12/31/9999|0.0090
54|4130016000000|12.0090|12.1000|BASE_TYPE|1/1/2023|3.000||||4/24/2024|12/31/9999|0.0910
54|4130016000000|12.1000|12.2000|BASE_TYPE|1/1/2023|3.000||||4/24/2024|12/31/9999|0.1000
54|4130016000000|12.2000|12.3000|BASE_TYPE|1/1/2023|3.000||||4/24/2024|12/31/9999|0.1000
54|4130016000000|12.3000|12.4000|BASE_TYPE|1/1/2023|3.000||||4/24/2024|12/31/9999|0.1000
54|4130016000000|12.4000|12.5000|BASE_TYPE|1/1/2023|3.000||||4/24/2024|12/31/9999|0.1000
54|4130016000000|12.5000|12.6000|BASE_TYPE|1/1/2023|3.000||||4/24/2024|12/31/9999|0.1000
54|4130016000000|12.6000|12.7000|BASE_TYPE|1/1/2023|3.000||||4/24/2024|12/31/9999|0.1000
54|4130016000000|12.7000|12.8000|BASE_TYPE|1/1/2023|3.000||||4/24/2024|12/31/9999|0.1000
54|4130016000000|12.8000|12.9000|BASE_TYPE|1/1/2023|3.000||||4/24/2024|12/31/9999|0.1000
54|4130016000000|12.9000|13.0000|BASE_TYPE|1/1/2023|3.000||||4/24/2024|12/31/9999|0.1000
54|4130016000000|13.0000|13.1000|BASE_TYPE|1/1/2023|3.000||||4/24/2024|12/31/9999|0.1000
54|4130016000000|13.1000|13.2000|BASE_TYPE|1/1/2023|3.000||||4/24/2024|12/31/9999|0.1000
54|4130016000000|13.2000|13.3000|BASE_TYPE|1/1/2023|3.000||||4/24/2024|12/31/9999|0.1000
54|4130016000000|13.3000|13.4000|BASE_TYPE|1/1/2023|3.000||||4/24/2024|12/31/9999|0.1000
54|4130016000000|13.4000|13.5000|BASE_TYPE|1/1/2023|3.000||||4/24/2024|12/31/9999|0.1000
54|4130016000000|13.5000|13.6000|BASE_TYPE|1/1/2023|3.000||||4/24/2024|12/31/9999|0.1000
54|4130016000000|13.6000|13.7000|BASE_TYPE|1/1/2023|3.000||||4/24/2024|12/31/9999|0.1000
54|4130016000000|13.7000|13.8000|BASE_TYPE|1/1/2023|3.000||||4/24/2024|12/31/9999|0.1000
54|4130016000000|13.8000|13.9000|BASE_TYPE|1/1/2023|3.000||||4/24/2024|12/31/9999|0.1000
54|4130016000000|13.9000|14.0000|BASE_TYPE|1/1/2023|3.000||||4/24/2024|12/31/9999|0.1000
54|4130016000000|14.0000|14.1000|BASE_TYPE|1/1/2023|3.000||||4/24/2024|12/31/9999|0.1000
54|4130016000000|14.1000|14.1200|BASE_TYPE|1/1/2023|3.000||||4/24/2024|12/31/9999|0.0200
54|4130016000000|14.4200|14.5000|BASE_TYPE|1/1/2023|3.000||||4/24/2024|12/31/9999|0.0800
54|4130016000000|14.5000|14.6000|BASE_TYPE|1/1/2023|3.000||||4/24/2024|12/31/9999|0.1000
54|4130016000000|14.6000|14.7000|BASE_TYPE|1/1/2023|3.000||||4/24/2024|12/31/9999|0.1000
54|4130016000000|14.7000|14.7200|BASE_TYPE|1/1/2023|3.000||||4/24/2024|12/31/9999|0.0200
54|4130016000000|14.7200|14.8000|BASE_TYPE|1/1/2023|3.000||||4/24/2024|12/31/9999|0.0800
54|4130016000000|14.8000|14.9000|BASE_TYPE|1/1/2023|3.000||||4/24/2024|12/31/9999|0.1000
54|4130016000000|14.9000|15.0000|BASE_TYPE|1/1/2023|3.000||||4/24/2024|12/31/9999|0.1000
54|4130016000000|15.0000|15.0800|BASE_TYPE|1/1/2023|3.000||||4/24/2024|12/31/9999|0.0800
54|4130016000000|15.0800|15.1000|BASE_TYPE|1/1/2023|3.000||||4/24/2024|12/31/9999|0.0200
54|4130016000000|15.1000|15.2000|BASE_TYPE|1/1/2023|3.000||||4/24/2024|12/31/9999|0.1000
54|4130016000000|15.2000|15.3000|BASE_TYPE|1/1/2023|3.000||||4/24/2024|12/31/9999|0.1000
54|4130016000000|15.3000|15.4000|BASE_TYPE|1/1/2023|3.000||||4/24/2024|12/31/9999|0.1000
54|4130016000000|15.6500|15.7000|BASE_TYPE|1/1/2023|3.000||||4/24/2024|12/31/9999|0.0500
54|4130016000000|15.7000|15.8000|BASE_TYPE|1/1/2023|3.000||||4/24/2024|12/31/9999|0.1000
54|4130016000000|15.8000|15.8100|BASE_TYPE|1/1/2023|3.000||||4/24/2024|12/31/9999|0.0100
54|4130016000000|18.5300|18.8200|BASE_TYPE|1/1/2023|3.000||||4/24/2024|12/31/9999|0.2900
54|4130016000000|18.8200|18.9600|BASE_TYPE|1/1/2023|3.000||||4/24/2024|12/31/9999|0.1400
54|4130016000000|18.9600|19.7900|BASE_TYPE|1/1/2023|3.000||||4/24/2024|12/31/9999|0.8300
54|4130041000000|0.0000|0.7100|BASE_TYPE|1/1/2023|3.000||||4/24/2024|12/31/9999|0.7100
54|4130041000000|1.8500|1.9000|BASE_TYPE|1/1/2023|3.000||||4/24/2024|12/31/9999|0.0500
54|4130041000000|1.9900|2.0000|BASE_TYPE|1/1/2023|3.000||||4/24/2024|12/31/9999|0.0100
54|4130041000000|2.0000|2.1000|BASE_TYPE|1/1/2023|3.000||||4/24/2024|12/31/9999|0.1000
54|4130041000000|2.1000|2.1900|BASE_TYPE|1/1/2023|3.000||||4/24/2024|12/31/9999|0.0900
54|4130054000000|2.4800|2.5000|BASE_TYPE|1/1/2023|3.000||||4/24/2024|12/31/9999|0.0200
54|4130054000000|2.5000|2.6000|BASE_TYPE|1/1/2023|3.000||||4/24/2024|12/31/9999|0.1000
54|4130054000000|2.6000|2.7000|BASE_TYPE|1/1/2023|3.000||||4/24/2024|12/31/9999|0.1000
54|4130054000000|2.7000|2.8000|BASE_TYPE|1/1/2023|3.000||||4/24/2024|12/31/9999|0.1000
54|4130054000000|2.8000|2.9000|BASE_TYPE|1/1/2023|3.000||||4/24/2024|12/31/9999|0.1000
54|4130054000000|2.9000|3.0000|BASE_TYPE|1/1/2023|3.000||||4/24/2024|12/31/9999|0.1000
54|4130054000000|3.0000|3.1000|BASE_TYPE|1/1/2023|3.000||||4/24/2024|12/31/9999|0.1000
54|4130054000000|3.1000|3.2000|BASE_TYPE|1/1/2023|3.000||||4/24/2024|12/31/9999|0.1000
54|4130054000000|3.2000|3.3000|BASE_TYPE|1/1/2023|3.000||||4/24/2024|12/31/9999|0.1000
54|4130054000000|3.3000|3.4000|BASE_TYPE|1/1/2023|3.000||||4/24/2024|12/31/9999|0.1000
54|4130054000000|3.4000|3.5000|BASE_TYPE|1/1/2023|3.000||||4/24/2024|12/31/9999|0.1000
54|4130054000000|3.5000|3.6000|BASE_TYPE|1/1/2023|3.000||||4/24/2024|12/31/9999|0.1000
54|4130054000000|3.6000|3.7000|BASE_TYPE|1/1/2023|3.000||||4/24/2024|12/31/9999|0.1000
54|4130054000000|3.7000|3.8000|BASE_TYPE|1/1/2023|3.000||||4/24/2024|12/31/9999|0.1000
54|4130054000000|3.8000|3.9000|BASE_TYPE|1/1/2023|3.000||||4/24/2024|12/31/9999|0.1000
54|4130054000000|3.9000|4.0000|BASE_TYPE|1/1/2023|3.000||||4/24/2024|12/31/9999|0.1000
54|4130054000000|4.0000|4.1000|BASE_TYPE|1/1/2023|3.000||||4/24/2024|12/31/9999|0.1000
54|4130054000000|4.1000|4.2000|BASE_TYPE|1/1/2023|3.000||||4/24/2024|12/31/9999|0.1000
54|4130054000000|4.2000|4.3000|BASE_TYPE|1/1/2023|3.000||||4/24/2024|12/31/9999|0.1000
54|4130054000000|4.3000|4.4000|BASE_TYPE|1/1/2023|3.000||||4/24/2024|12/31/9999|0.1000
54|4130054000000|4.4000|4.5000|BASE_TYPE|1/1/2023|3.000||||4/24/2024|12/31/9999|0.1000
54|4130054000000|4.5000|4.6000|BASE_TYPE|1/1/2023|3.000||||4/24/2024|12/31/9999|0.1000
54|4130054000000|4.6000|4.7000|BASE_TYPE|1/1/2023|3.000||||4/24/2024|12/31/9999|0.1000
54|4130054000000|4.7000|4.8000|BASE_TYPE|1/1/2023|3.000||||4/24/2024|12/31/9999|0.1000
54|4130054000000|4.8000|4.8600|BASE_TYPE|1/1/2023|3.000||||4/24/2024|12/31/9999|0.0600
54|4130054000000|4.8600|4.9000|BASE_TYPE|1/1/2023|3.000||||4/24/2024|12/31/9999|0.0400
54|4130054000000|4.9000|5.0000|BASE_TYPE|1/1/2023|3.000||||4/24/2024|12/31/9999|0.1000
54|4130054000000|5.0000|5.1000|BASE_TYPE|1/1/2023|3.000||||4/24/2024|12/31/9999|0.1000
54|4130054000000|5.1000|5.2000|BASE_TYPE|1/1/2023|3.000||||4/24/2024|12/31/9999|0.1000
54|4130054000000|5.2000|5.3000|BASE_TYPE|1/1/2023|3.000||||4/24/2024|12/31/9999|0.1000
54|4130054000000|5.3000|5.4000|BASE_TYPE|1/1/2023|3.000||||4/24/2024|12/31/9999|0.1000
54|4130054000000|5.4000|5.5000|BASE_TYPE|1/1/2023|3.000||||4/24/2024|12/31/9999|0.1000
54|4130054000000|5.5000|5.6000|BASE_TYPE|1/1/2023|3.000||||4/24/2024|12/31/9999|0.1000
54|4130054000000|5.6000|5.7000|BASE_TYPE|1/1/2023|3.000||||4/24/2024|12/31/9999|0.1000
54|4130054000000|5.7000|5.7200|BASE_TYPE|1/1/2023|3.000||||4/24/2024|12/31/9999|0.0200
54|4130054000000|6.3500|6.4000|BASE_TYPE|1/1/2023|3.000||||4/24/2024|12/31/9999|0.0500
54|4130054000000|6.4000|6.5000|BASE_TYPE|1/1/2023|3.000||||4/24/2024|12/31/9999|0.1000
54|4130054000000|6.5000|6.5400|BASE_TYPE|1/1/2023|3.000||||4/24/2024|12/31/9999|0.0400
54|4130054000000|6.5400|6.6000|BASE_TYPE|1/1/2023|3.000||||4/24/2024|12/31/9999|0.0600
54|4130054000000|6.6000|6.7000|BASE_TYPE|1/1/2023|3.000||||4/24/2024|12/31/9999|0.1000
54|4130054000000|6.7000|6.8000|BASE_TYPE|1/1/2023|3.000||||4/24/2024|12/31/9999|0.1000
54|4130054000000|6.8000|6.9000|BASE_TYPE|1/1/2023|3.000||||4/24/2024|12/31/9999|0.1000
54|4130054000000|6.9000|7.0000|BASE_TYPE|1/1/2023|3.000||||4/24/2024|12/31/9999|0.1000
54|4130054000000|7.0000|7.1000|BASE_TYPE|1/1/2023|3.000||||4/24/2024|12/31/9999|0.1000
54|4130054000000|7.1000|7.2000|BASE_TYPE|1/1/2023|3.000||||4/24/2024|12/31/9999|0.1000
54|4130054000000|7.2000|7.3000|BASE_TYPE|1/1/2023|3.000||||4/24/2024|12/31/9999|0.1000
54|4130054000000|7.3000|7.4000|BASE_TYPE|1/1/2023|3.000||||4/24/2024|12/31/9999|0.1000
54|4130054000000|7.4000|7.4100|BASE_TYPE|1/1/2023|3.000||||4/24/2024|12/31/9999|0.0100
54|4130054000000|7.4100|7.5000|BASE_TYPE|1/1/2023|3.000||||4/24/2024|12/31/9999|0.0900
54|4130054000000|7.5000|7.6000|BASE_TYPE|1/1/2023|3.000||||4/24/2024|12/31/9999|0.1000
54|4130054000000|7.6000|7.7000|BASE_TYPE|1/1/2023|3.000||||4/24/2024|12/31/9999|0.1000
54|4130054000000|7.7000|7.8000|BASE_TYPE|1/1/2023|3.000||||4/24/2024|12/31/9999|0.1000
54|4130054000000|7.8000|7.9000|BASE_TYPE|1/1/2023|3.000||||4/24/2024|12/31/9999|0.1000
54|4130054000000|7.9000|8.0000|BASE_TYPE|1/1/2023|3.000||||4/24/2024|12/31/9999|0.1000
54|4130054000000|8.0000|8.1000|BASE_TYPE|1/1/2023|3.000||||4/24/2024|12/31/9999|0.1000
54|4130054000000|8.1000|8.2000|BASE_TYPE|1/1/2023|3.000||||4/24/2024|12/31/9999|0.1000
54|4130054000000|8.2000|8.3000|BASE_TYPE|1/1/2023|3.000||||4/24/2024|12/31/9999|0.1000
54|4130054000000|8.3000|8.4000|BASE_TYPE|1/1/2023|3.000||||4/24/2024|12/31/9999|0.1000
54|4130054000000|8.4000|8.5000|BASE_TYPE|1/1/2023|3.000||||4/24/2024|12/31/9999|0.1000
54|4130054000000|8.5000|8.6000|BASE_TYPE|1/1/2023|3.000||||4/24/2024|12/31/9999|0.1000
54|4130054000000|8.6000|8.7000|BASE_TYPE|1/1/2023|3.000||||4/24/2024|12/31/9999|0.1000
54|4130054000000|8.7000|8.8000|BASE_TYPE|1/1/2023|3.000||||4/24/2024|12/31/9999|0.1000
54|4130054000000|8.8000|8.8400|BASE_TYPE|1/1/2023|3.000||||4/24/2024|12/31/9999|0.0400
54|4130054000000|10.1400|10.2000|BASE_TYPE|1/1/2023|3.000||||4/24/2024|12/31/9999|0.0600
54|4130054000000|10.2000|10.3000|BASE_TYPE|1/1/2023|3.000||||4/24/2024|12/31/9999|0.1000
54|4130054000000|10.3000|10.3300|BASE_TYPE|1/1/2023|3.000||||4/24/2024|12/31/9999|0.0300
54|4130061000000|2.6040|3.2900|BASE_TYPE|1/1/2023|3.000||||4/24/2024|12/31/9999|0.6860
54|4130210000000|1.2000|1.8900|BASE_TYPE|1/1/2023|3.000||||4/24/2024|12/31/9999|0.6900
54|4130210000000|1.8900|2.7900|BASE_TYPE|1/1/2023|3.000||||4/24/2024|12/31/9999|0.9000
54|4130307000000|4.5500|5.5900|BASE_TYPE|1/1/2023|3.000||||4/24/2024|12/31/9999|1.0400
54|4130307000000|7.4200|8.4500|BASE_TYPE|1/1/2023|6.000||||4/24/2024|12/31/9999|1.0300
54|4140001000000|1.9500|3.4000|BASE_TYPE|1/1/2023|3.000||||4/24/2024|12/31/9999|1.4500
54|4140001000000|3.4000|4.1400|BASE_TYPE|1/1/2023|3.000||||4/24/2024|12/31/9999|0.7400
54|4140003180000|2.7700|3.5100|BASE_TYPE|1/1/2023|3.000||||4/24/2024|12/31/9999|0.7400
54|4140004030000|0.0000|0.4700|BASE_TYPE|1/1/2023|3.000||||4/24/2024|12/31/9999|0.4700
54|4140006000000|0.0000|0.1400|BASE_TYPE|1/1/2023|3.000||||4/24/2024|12/31/9999|0.1400
54|4140006000000|0.9100|1.1300|BASE_TYPE|1/1/2023|3.000||||4/24/2024|12/31/9999|0.2200
54|4140006020000|1.5700|1.6900|BASE_TYPE|1/1/2023|3.000||||4/24/2024|12/31/9999|0.1200
54|4140006030000|0.5300|1.4800|BASE_TYPE|1/1/2023|3.000||||4/24/2024|12/31/9999|0.9500
54|4140006090000|0.6000|1.3700|BASE_TYPE|1/1/2023|3.000||||4/24/2024|12/31/9999|0.7700
54|4140008000000|0.0000|0.1100|BASE_TYPE|1/1/2023|3.000||||4/24/2024|12/31/9999|0.1100
54|4140008000000|0.1900|0.7500|BASE_TYPE|1/1/2023|3.000||||4/24/2024|12/31/9999|0.5600
54|4140008010000|1.0200|1.6000|BASE_TYPE|1/1/2023|3.000||||4/24/2024|12/31/9999|0.5800
54|4140008030000|0.0000|0.6500|BASE_TYPE|1/1/2023|3.000||||4/24/2024|12/31/9999|0.6500
54|45100640000EB|138.1000|138.2000|BASE_TYPE|1/1/2023|3.000||||4/24/2024|12/31/9999|0.1000
54|45100640000EB|138.2000|138.3000|BASE_TYPE|1/1/2023|3.000||||4/24/2024|12/31/9999|0.1000
54|45100640000EB|138.3000|138.3800|BASE_TYPE|1/1/2023|3.000||||4/24/2024|12/31/9999|0.0800
54|45100640000EB|138.3800|138.4000|BASE_TYPE|1/1/2023|3.000||||4/24/2024|12/31/9999|0.0200
54|45100640000EB|138.4000|138.5000|BASE_TYPE|1/1/2023|3.000||||4/24/2024|12/31/9999|0.1000
54|4140009000000|5.2800|5.5400|BASE_TYPE|1/1/2023|3.000||||4/24/2024|12/31/9999|0.2600
54|4140011000000|0.0000|1.2600|BASE_TYPE|1/1/2023|3.000||||4/24/2024|12/31/9999|1.2600
54|4140016100000|0.5300|0.9000|BASE_TYPE|1/1/2023|3.000||||4/24/2024|12/31/9999|0.3700
54|4140016160000|0.0000|0.4200|BASE_TYPE|1/1/2023|3.000||||4/24/2024|12/31/9999|0.4200
54|4140016390000|0.0000|0.6400|BASE_TYPE|1/1/2023|3.000||||4/24/2024|12/31/9999|0.6400
54|4140018000000|2.9900|3.0000|BASE_TYPE|1/1/2023|3.000||||4/24/2024|12/31/9999|0.0100
54|4140018000000|3.0000|3.5100|BASE_TYPE|1/1/2023|3.000||||4/24/2024|12/31/9999|0.5100
54|4140018000000|3.5100|4.4100|BASE_TYPE|1/1/2023|3.000||||4/24/2024|12/31/9999|0.9000
54|4140019030000|0.3870|0.5000|BASE_TYPE|1/1/2023|3.000||||4/24/2024|12/31/9999|0.1130
54|4140019030000|0.5000|0.9800|BASE_TYPE|1/1/2023|3.000||||4/24/2024|12/31/9999|0.4800
54|4140019210000|3.7300|5.1400|BASE_TYPE|1/1/2023|3.000||||4/24/2024|12/31/9999|1.4100
54|4140025000000|3.7000|5.9000|BASE_TYPE|1/1/2023|3.000||||4/24/2024|12/31/9999|2.2000
54|4140030000000|4.2700|4.5200|BASE_TYPE|1/1/2023|3.000||||4/24/2024|12/31/9999|0.2500
54|4140041210000|0.0000|1.6300|BASE_TYPE|1/1/2023|3.000||||4/24/2024|12/31/9999|1.6300
54|4140048000000|0.0000|1.9000|BASE_TYPE|1/1/2023|3.000||||4/24/2024|12/31/9999|1.9000
54|55200520000EB|0.0000|0.1000|BASE_TYPE|1/1/2023|3.000||||4/24/2024|12/31/9999|0.1000
54|55200520000EB|0.1000|0.2000|BASE_TYPE|1/1/2023|3.000||||4/24/2024|12/31/9999|0.1000
54|55200520000EB|0.2000|0.3000|BASE_TYPE|1/1/2023|3.000||||4/24/2024|12/31/9999|0.1000
54|55200520000EB|0.3000|0.4000|BASE_TYPE|1/1/2023|3.000||||4/24/2024|12/31/9999|0.1000
54|55200520000EB|0.4000|0.5000|BASE_TYPE|1/1/2023|3.000||||4/24/2024|12/31/9999|0.1000
54|55200520000EB|0.5000|0.6000|BASE_TYPE|1/1/2023|3.000||||4/24/2024|12/31/9999|0.1000
54|55200520000EB|0.6000|0.7000|BASE_TYPE|1/1/2023|3.000||||4/24/2024|12/31/9999|0.1000
54|55200520000EB|0.7000|0.8000|BASE_TYPE|1/1/2023|3.000||||4/24/2024|12/31/9999|0.1000
54|55200520000EB|0.8000|0.9000|BASE_TYPE|1/1/2023|3.000||||4/24/2024|12/31/9999|0.1000
54|55200520000EB|0.9000|1.0000|BASE_TYPE|1/1/2023|3.000||||4/24/2024|12/31/9999|0.1000
54|55200520000EB|1.0000|1.1000|BASE_TYPE|1/1/2023|3.000||||4/24/2024|12/31/9999|0.1000
54|55200520000EB|1.1000|1.2000|BASE_TYPE|1/1/2023|3.000||||4/24/2024|12/31/9999|0.1000
54|55200520000EB|1.2000|1.3000|BASE_TYPE|1/1/2023|3.000||||4/24/2024|12/31/9999|0.1000
54|55200520000EB|1.3000|1.4000|BASE_TYPE|1/1/2023|3.000||||4/24/2024|12/31/9999|0.1000
54|55200520000EB|4.7800|4.8000|BASE_TYPE|1/1/2023|3.000||||4/24/2024|12/31/9999|0.0200
54|55200520000EB|4.8000|4.9000|BASE_TYPE|1/1/2023|3.000||||4/24/2024|12/31/9999|0.1000
54|55200520000EB|4.9000|5.0000|BASE_TYPE|1/1/2023|3.000||||4/24/2024|12/31/9999|0.1000
54|55200520000EB|5.0000|5.1000|BASE_TYPE|1/1/2023|3.000||||4/24/2024|12/31/9999|0.1000
54|55200520000EB|5.1000|5.2000|BASE_TYPE|1/1/2023|3.000||||4/24/2024|12/31/9999|0.1000
54|55200520000EB|5.2000|5.3000|BASE_TYPE|1/1/2023|3.000||||4/24/2024|12/31/9999|0.1000
54|55200520000EB|5.3000|5.4000|BASE_TYPE|1/1/2023|3.000||||4/24/2024|12/31/9999|0.1000
54|55200520000EB|5.4000|5.5000|BASE_TYPE|1/1/2023|3.000||||4/24/2024|12/31/9999|0.1000
54|55200520000EB|5.5000|5.6000|BASE_TYPE|1/1/2023|3.000||||4/24/2024|12/31/9999|0.1000
54|55200520000EB|5.6000|5.7000|BASE_TYPE|1/1/2023|3.000||||4/24/2024|12/31/9999|0.1000
54|55200520000EB|5.7000|5.8000|BASE_TYPE|1/1/2023|3.000||||4/24/2024|12/31/9999|0.1000
54|55200520000EB|5.8000|5.9000|BASE_TYPE|1/1/2023|3.000||||4/24/2024|12/31/9999|0.1000
54|55200520000EB|5.9000|6.0000|BASE_TYPE|1/1/2023|3.000||||4/24/2024|12/31/9999|0.1000
54|55200520000EB|6.0000|6.1000|BASE_TYPE|1/1/2023|3.000||||4/24/2024|12/31/9999|0.1000
54|55200520000EB|6.1000|6.2000|BASE_TYPE|1/1/2023|3.000||||4/24/2024|12/31/9999|0.1000
54|55200520000EB|6.2000|6.3000|BASE_TYPE|1/1/2023|3.000||||4/24/2024|12/31/9999|0.1000
54|55200520000EB|6.3000|6.4000|BASE_TYPE|1/1/2023|3.000||||4/24/2024|12/31/9999|0.1000
54|55200520000EB|6.4000|6.5000|BASE_TYPE|1/1/2023|3.000||||4/24/2024|12/31/9999|0.1000
54|55200520000EB|6.5000|6.6000|BASE_TYPE|1/1/2023|3.000||||4/24/2024|12/31/9999|0.1000
54|55200520000EB|6.6000|6.7000|BASE_TYPE|1/1/2023|3.000||||4/24/2024|12/31/9999|0.1000
54|55200520000EB|6.7000|6.8000|BASE_TYPE|1/1/2023|3.000||||4/24/2024|12/31/9999|0.1000
54|55200520000EB|6.8000|6.9000|BASE_TYPE|1/1/2023|3.000||||4/24/2024|12/31/9999|0.1000
54|55200520000EB|6.9000|7.0000|BASE_TYPE|1/1/2023|3.000||||4/24/2024|12/31/9999|0.1000
54|55200520000EB|7.0000|7.1000|BASE_TYPE|1/1/2023|3.000||||4/24/2024|12/31/9999|0.1000
54|55200520000EB|7.1000|7.2000|BASE_TYPE|1/1/2023|3.000||||4/24/2024|12/31/9999|0.1000
54|55200520000EB|7.2000|7.3000|BASE_TYPE|1/1/2023|3.000||||4/24/2024|12/31/9999|0.1000
54|55200520000EB|7.3000|7.4000|BASE_TYPE|1/1/2023|3.000||||4/24/2024|12/31/9999|0.1000
54|55200520000EB|7.4000|7.5000|BASE_TYPE|1/1/2023|3.000||||4/24/2024|12/31/9999|0.1000
54|55200520000EB|7.5000|7.6000|BASE_TYPE|1/1/2023|3.000||||4/24/2024|12/31/9999|0.1000
54|55200520000EB|7.6000|7.6500|BASE_TYPE|1/1/2023|3.000||||4/24/2024|12/31/9999|0.0500
54|55200520000EB|7.6500|7.7000|BASE_TYPE|1/1/2023|3.000||||4/24/2024|12/31/9999|0.0500
54|55200520000EB|7.7000|7.8000|BASE_TYPE|1/1/2023|3.000||||4/24/2024|12/31/9999|0.1000
54|55200520000EB|7.8000|7.9000|BASE_TYPE|1/1/2023|3.000||||4/24/2024|12/31/9999|0.1000
54|55200520000EB|7.9000|8.0000|BASE_TYPE|1/1/2023|3.000||||4/24/2024|12/31/9999|0.1000
54|55200520000EB|8.0000|8.1000|BASE_TYPE|1/1/2023|3.000||||4/24/2024|12/31/9999|0.1000
54|55200520000EB|8.1000|8.2000|BASE_TYPE|1/1/2023|3.000||||4/24/2024|12/31/9999|0.1000
54|55200520000EB|8.2000|8.3000|BASE_TYPE|1/1/2023|3.000||||4/24/2024|12/31/9999|0.1000
54|55200520000EB|8.3000|8.3400|BASE_TYPE|1/1/2023|3.000||||4/24/2024|12/31/9999|0.0400
54|5530010000000|24.1400|24.2000|BASE_TYPE|1/1/2023|3.000||||4/24/2024|12/31/9999|0.0600
54|5530010000000|24.2000|24.3000|BASE_TYPE|1/1/2023|3.000||||4/24/2024|12/31/9999|0.1000
54|5530010000000|24.3000|24.3800|BASE_TYPE|1/1/2023|3.000||||4/24/2024|12/31/9999|0.0800
54|5530016000000|1.7300|1.8000|BASE_TYPE|1/1/2023|3.000||||4/24/2024|12/31/9999|0.0700
54|5530016000000|1.8000|1.9000|BASE_TYPE|1/1/2023|3.000||||4/24/2024|12/31/9999|0.1000
54|5530016000000|1.9000|2.0000|BASE_TYPE|1/1/2023|3.000||||4/24/2024|12/31/9999|0.1000
54|5530016000000|2.0000|2.1000|BASE_TYPE|1/1/2023|3.000||||4/24/2024|12/31/9999|0.1000
54|5530016000000|2.1000|2.2000|BASE_TYPE|1/1/2023|3.000||||4/24/2024|12/31/9999|0.1000
54|5530016000000|2.2000|2.3000|BASE_TYPE|1/1/2023|3.000||||4/24/2024|12/31/9999|0.1000
54|5530016000000|2.3000|2.4000|BASE_TYPE|1/1/2023|3.000||||4/24/2024|12/31/9999|0.1000
54|5530016000000|2.4000|2.5000|BASE_TYPE|1/1/2023|3.000||||4/24/2024|12/31/9999|0.1000
54|5530016000000|2.5000|2.6000|BASE_TYPE|1/1/2023|3.000||||4/24/2024|12/31/9999|0.1000
54|5530016000000|2.6000|2.7000|BASE_TYPE|1/1/2023|3.000||||4/24/2024|12/31/9999|0.1000
54|5530016000000|2.7000|2.8000|BASE_TYPE|1/1/2023|3.000||||4/24/2024|12/31/9999|0.1000
54|5530016000000|2.8000|2.9000|BASE_TYPE|1/1/2023|3.000||||4/24/2024|12/31/9999|0.1000
54|5530016000000|2.9000|3.0000|BASE_TYPE|1/1/2023|3.000||||4/24/2024|12/31/9999|0.1000
54|5530016000000|3.0000|3.1000|BASE_TYPE|1/1/2023|3.000||||4/24/2024|12/31/9999|0.1000
54|5530016000000|3.1000|3.2000|BASE_TYPE|1/1/2023|3.000||||4/24/2024|12/31/9999|0.1000
54|5530016000000|3.2000|3.3000|BASE_TYPE|1/1/2023|3.000||||4/24/2024|12/31/9999|0.1000
54|5530016000000|3.3000|3.3300|BASE_TYPE|1/1/2023|3.000||||4/24/2024|12/31/9999|0.0300
54|5530016000000|6.4200|6.5000|BASE_TYPE|1/1/2023|3.000||||4/24/2024|12/31/9999|0.0800
54|5530016000000|6.5000|6.6000|BASE_TYPE|1/1/2023|3.000||||4/24/2024|12/31/9999|0.1000
54|5530016000000|6.6000|6.7000|BASE_TYPE|1/1/2023|3.000||||4/24/2024|12/31/9999|0.1000
54|5530016000000|6.7000|6.8000|BASE_TYPE|1/1/2023|3.000||||4/24/2024|12/31/9999|0.1000
54|5530016000000|6.8000|6.9000|BASE_TYPE|1/1/2023|3.000||||4/24/2024|12/31/9999|0.1000
54|5530016000000|6.9000|7.0000|BASE_TYPE|1/1/2023|3.000||||4/24/2024|12/31/9999|0.1000
54|5530016000000|7.0000|7.1000|BASE_TYPE|1/1/2023|3.000||||4/24/2024|12/31/9999|0.1000
54|5530016000000|7.1000|7.2000|BASE_TYPE|1/1/2023|3.000||||4/24/2024|12/31/9999|0.1000
54|5530016000000|7.2000|7.3000|BASE_TYPE|1/1/2023|3.000||||4/24/2024|12/31/9999|0.1000
54|5530016000000|7.3000|7.4000|BASE_TYPE|1/1/2023|3.000||||4/24/2024|12/31/9999|0.1000
54|5530016000000|7.4000|7.5000|BASE_TYPE|1/1/2023|3.000||||4/24/2024|12/31/9999|0.1000
54|5530016000000|7.5000|7.6000|BASE_TYPE|1/1/2023|3.000||||4/24/2024|12/31/9999|0.1000
54|5530016000000|7.6000|7.7000|BASE_TYPE|1/1/2023|3.000||||4/24/2024|12/31/9999|0.1000
54|5530016000000|7.7000|7.8000|BASE_TYPE|1/1/2023|3.000||||4/24/2024|12/31/9999|0.1000
54|5530016000000|7.8000|7.9000|BASE_TYPE|1/1/2023|3.000||||4/24/2024|12/31/9999|0.1000
54|5530016000000|7.9000|8.0000|BASE_TYPE|1/1/2023|3.000||||4/24/2024|12/31/9999|0.1000
54|5530016000000|8.0000|8.1000|BASE_TYPE|1/1/2023|3.000||||4/24/2024|12/31/9999|0.1000
54|5530016000000|8.1000|8.2000|BASE_TYPE|1/1/2023|3.000||||4/24/2024|12/31/9999|0.1000
54|5530016000000|8.2000|8.3000|BASE_TYPE|1/1/2023|3.000||||4/24/2024|12/31/9999|0.1000
54|5530016000000|8.3000|8.4000|BASE_TYPE|1/1/2023|3.000||||4/24/2024|12/31/9999|0.1000
54|5530016000000|8.4000|8.5000|BASE_TYPE|1/1/2023|3.000||||4/24/2024|12/31/9999|0.1000
54|5530016000000|8.5000|8.6000|BASE_TYPE|1/1/2023|3.000||||4/24/2024|12/31/9999|0.1000
54|5530016000000|8.6000|8.7000|BASE_TYPE|1/1/2023|3.000||||4/24/2024|12/31/9999|0.1000
54|5530016000000|8.7000|8.8000|BASE_TYPE|1/1/2023|3.000||||4/24/2024|12/31/9999|0.1000
54|5530016000000|8.8000|8.9000|BASE_TYPE|1/1/2023|3.000||||4/24/2024|12/31/9999|0.1000
54|5530016000000|8.9000|8.9500|BASE_TYPE|1/1/2023|3.000||||4/24/2024|12/31/9999|0.0500
54|5530016000000|10.9900|11.0000|BASE_TYPE|1/1/2023|3.000||||4/24/2024|12/31/9999|0.0100
54|5530016000000|11.0000|11.1000|BASE_TYPE|1/1/2023|3.000||||4/24/2024|12/31/9999|0.1000
54|5530016000000|11.1000|11.2000|BASE_TYPE|1/1/2023|3.000||||4/24/2024|12/31/9999|0.1000
54|5530016000000|11.2000|11.3000|BASE_TYPE|1/1/2023|3.000||||4/24/2024|12/31/9999|0.1000
54|5530016000000|11.3000|11.4000|BASE_TYPE|1/1/2023|3.000||||4/24/2024|12/31/9999|0.1000
54|5530097000000|21.5600|22.2600|BASE_TYPE|1/1/2023|3.000||||4/24/2024|12/31/9999|0.7000
54|5530097000000|22.8300|22.9000|BASE_TYPE|1/1/2023|3.000||||4/24/2024|12/31/9999|0.0700
54|5530097000000|22.9000|23.0000|BASE_TYPE|1/1/2023|3.000||||4/24/2024|12/31/9999|0.1000
54|5530097000000|23.0000|23.1000|BASE_TYPE|1/1/2023|3.000||||4/24/2024|12/31/9999|0.1000
54|5530097000000|23.1000|23.2000|BASE_TYPE|1/1/2023|3.000||||4/24/2024|12/31/9999|0.1000
54|5530097000000|28.0900|28.1000|BASE_TYPE|1/1/2023|3.000||||4/24/2024|12/31/9999|0.0100
54|5530097000000|28.1000|28.2000|BASE_TYPE|1/1/2023|3.000||||4/24/2024|12/31/9999|0.1000
54|5530097000000|28.2000|28.3000|BASE_TYPE|1/1/2023|3.000||||4/24/2024|12/31/9999|0.1000
54|5530097000000|28.3000|28.4000|BASE_TYPE|1/1/2023|3.000||||4/24/2024|12/31/9999|0.1000
54|5530097000000|28.4000|28.5000|BASE_TYPE|1/1/2023|3.000||||4/24/2024|12/31/9999|0.1000
54|5530097000000|28.5000|28.6000|BASE_TYPE|1/1/2023|3.000||||4/24/2024|12/31/9999|0.1000
54|5530097000000|28.6000|28.7000|BASE_TYPE|1/1/2023|3.000||||4/24/2024|12/31/9999|0.1000
54|5530097000000|28.7000|28.8000|BASE_TYPE|1/1/2023|3.000||||4/24/2024|12/31/9999|0.1000
54|5530097000000|28.8000|28.9000|BASE_TYPE|1/1/2023|3.000||||4/24/2024|12/31/9999|0.1000
54|5530097000000|28.9000|29.0000|BASE_TYPE|1/1/2023|3.000||||4/24/2024|12/31/9999|0.1000
54|5530097000000|29.0000|29.1000|BASE_TYPE|1/1/2023|3.000||||4/24/2024|12/31/9999|0.1000
54|5530097000000|29.1000|29.2000|BASE_TYPE|1/1/2023|3.000||||4/24/2024|12/31/9999|0.1000
54|5530097000000|29.2000|29.3000|BASE_TYPE|1/1/2023|3.000||||4/24/2024|12/31/9999|0.1000
54|5530097000000|29.3000|29.4000|BASE_TYPE|1/1/2023|3.000||||4/24/2024|12/31/9999|0.1000
54|5530097000000|29.4000|29.5000|BASE_TYPE|1/1/2023|3.000||||4/24/2024|12/31/9999|0.1000
54|5530097000000|29.5000|29.6000|BASE_TYPE|1/1/2023|3.000||||4/24/2024|12/31/9999|0.1000
54|5530097000000|29.6000|29.7000|BASE_TYPE|1/1/2023|3.000||||4/24/2024|12/31/9999|0.1000
54|5530097000000|29.7000|29.8000|BASE_TYPE|1/1/2023|3.000||||4/24/2024|12/31/9999|0.1000
54|5530097000000|29.8000|29.9000|BASE_TYPE|1/1/2023|3.000||||4/24/2024|12/31/9999|0.1000
54|5530097000000|29.9000|30.0000|BASE_TYPE|1/1/2023|3.000||||4/24/2024|12/31/9999|0.1000
54|5530097000000|30.0000|30.1000|BASE_TYPE|1/1/2023|3.000||||4/24/2024|12/31/9999|0.1000
54|5530097000000|30.1000|30.2000|BASE_TYPE|1/1/2023|3.000||||4/24/2024|12/31/9999|0.1000
54|5530097000000|30.2000|30.3000|BASE_TYPE|1/1/2023|3.000||||4/24/2024|12/31/9999|0.1000
54|5530097000000|30.3000|30.4000|BASE_TYPE|1/1/2023|3.000||||4/24/2024|12/31/9999|0.1000
54|5530097000000|30.4000|30.5000|BASE_TYPE|1/1/2023|3.000||||4/24/2024|12/31/9999|0.1000
54|5530097000000|30.5000|30.6000|BASE_TYPE|1/1/2023|3.000||||4/24/2024|12/31/9999|0.1000
54|5530097000000|30.6000|30.7000|BASE_TYPE|1/1/2023|3.000||||4/24/2024|12/31/9999|0.1000
54|5530097000000|30.7000|30.8000|BASE_TYPE|1/1/2023|3.000||||4/24/2024|12/31/9999|0.1000
54|5530097000000|30.8000|30.9000|BASE_TYPE|1/1/2023|3.000||||4/24/2024|12/31/9999|0.1000
54|5530097000000|30.9000|31.0000|BASE_TYPE|1/1/2023|3.000||||4/24/2024|12/31/9999|0.1000
54|5530097000000|31.0000|31.1000|BASE_TYPE|1/1/2023|3.000||||4/24/2024|12/31/9999|0.1000
54|5530097000000|31.1000|31.2000|BASE_TYPE|1/1/2023|3.000||||4/24/2024|12/31/9999|0.1000
54|5530097000000|31.2000|31.3000|BASE_TYPE|1/1/2023|3.000||||4/24/2024|12/31/9999|0.1000
54|5530097000000|31.3000|31.4000|BASE_TYPE|1/1/2023|3.000||||4/24/2024|12/31/9999|0.1000
54|5530097000000|31.4000|31.5000|BASE_TYPE|1/1/2023|3.000||||4/24/2024|12/31/9999|0.1000
54|5530097000000|31.5000|31.6000|BASE_TYPE|1/1/2023|3.000||||4/24/2024|12/31/9999|0.1000
54|5530097000000|31.6000|31.7000|BASE_TYPE|1/1/2023|3.000||||4/24/2024|12/31/9999|0.1000
54|5530097000000|31.7000|31.8000|BASE_TYPE|1/1/2023|3.000||||4/24/2024|12/31/9999|0.1000
54|5530097000000|31.8000|31.9000|BASE_TYPE|1/1/2023|3.000||||4/24/2024|12/31/9999|0.1000
54|5530097000000|31.9000|32.0000|BASE_TYPE|1/1/2023|3.000||||4/24/2024|12/31/9999|0.1000
54|5530097000000|32.0000|32.1000|BASE_TYPE|1/1/2023|3.000||||4/24/2024|12/31/9999|0.1000
54|5530097000000|32.1000|32.2000|BASE_TYPE|1/1/2023|3.000||||4/24/2024|12/31/9999|0.1000
54|5530097000000|32.2000|32.3000|BASE_TYPE|1/1/2023|3.000||||4/24/2024|12/31/9999|0.1000
54|5530097000000|32.3000|32.4000|BASE_TYPE|1/1/2023|3.000||||4/24/2024|12/31/9999|0.1000
54|5530097000000|32.4000|32.5000|BASE_TYPE|1/1/2023|3.000||||4/24/2024|12/31/9999|0.1000
54|5530097000000|32.5000|32.5120|BASE_TYPE|1/1/2023|3.000||||4/24/2024|12/31/9999|0.0120
54|5530097000000|32.5120|32.6000|BASE_TYPE|1/1/2023|3.000||||4/24/2024|12/31/9999|0.0880
54|5530097000000|32.6000|32.7000|BASE_TYPE|1/1/2023|3.000||||4/24/2024|12/31/9999|0.1000
54|5530097000000|32.7000|32.8000|BASE_TYPE|1/1/2023|3.000||||4/24/2024|12/31/9999|0.1000
54|5530097000000|32.8000|32.8800|BASE_TYPE|1/1/2023|3.000||||4/24/2024|12/31/9999|0.0800
54|25100790000NB|130.5300|132.8000|BASE_TYPE|1/1/2023|2.000|||same as 2020|4/24/2024|12/31/9999|2.2700
54|25100790000NB|132.8000|133.0000|BASE_TYPE|1/1/2023|2.000|||same as 2020|4/24/2024|12/31/9999|0.2000
54|25100790000NB|133.0000|133.3700|BASE_TYPE|1/1/2023|2.000|||same as 2020|4/24/2024|12/31/9999|0.3700
54|25100790000NB|133.3700|134.9700|BASE_TYPE|1/1/2023|6.000|||same as 2020|4/24/2024|12/31/9999|1.6000
54|25100790000NB|136.6400|139.1000|BASE_TYPE|1/1/2023|2.000|||same as 2020|4/24/2024|12/31/9999|2.4600
54|25100790000NB|139.1000|139.8200|BASE_TYPE|1/1/2023|2.000|||same as 2020|4/24/2024|12/31/9999|0.7200
54|25100790000NB|139.8200|140.3520|BASE_TYPE|1/1/2023|2.000|||same as 2020|4/24/2024|12/31/9999|0.5320
54|2530310000000|7.1600|7.8080|BASE_TYPE|1/1/2023|2.000|||same as 2020|4/24/2024|12/31/9999|0.6480
54|2530310000000|8.3500|8.4500|BASE_TYPE|1/1/2023|2.000|||same as 2020|4/24/2024|12/31/9999|0.1000
54|2540031010000|1.7200|2.0300|BASE_TYPE|1/1/2023|2.000|||same as 2020|4/24/2024|12/31/9999|0.3100
54|2540054000000|0.0000|0.1830|BASE_TYPE|1/1/2023|2.000|||same as 2020|4/24/2024|12/31/9999|0.1830
54|2540064020000|0.0000|0.2400|BASE_TYPE|1/1/2023|2.000|||same as 2020|4/24/2024|12/31/9999|0.2400
54|2540072020000|0.0000|0.5000|BASE_TYPE|1/1/2023|1.000|||same as 2020|4/24/2024|12/31/9999|0.5000
54|2540072020000|0.5000|0.7200|BASE_TYPE|1/1/2023|2.000|||same as 2020|4/24/2024|12/31/9999|0.2200
54|2540072020000|0.7200|1.1700|BASE_TYPE|1/1/2023|1.000|||same as 2020|4/24/2024|12/31/9999|0.4500
54|2540072020000|1.1700|1.7100|BASE_TYPE|1/1/2023|1.000|||same as 2020|4/24/2024|12/31/9999|0.5400
54|2540072020000|1.7600|1.9300|BASE_TYPE|1/1/2023|1.000|||same as 2020|4/24/2024|12/31/9999|0.1700
54|2540072040000|0.0000|0.1300|BASE_TYPE|1/1/2023|2.000|||same as 2020|4/24/2024|12/31/9999|0.1300
54|2540250180000|0.0800|0.8500|BASE_TYPE|1/1/2023|1.000|||same as 2020|4/24/2024|12/31/9999|0.7700
54|2540250310000|0.0000|0.5500|BASE_TYPE|1/1/2023|1.000|||same as 2020|4/24/2024|12/31/9999|0.5500
54|2540250550000|0.0450|0.2900|BASE_TYPE|1/1/2023|2.000|||same as 2020|4/24/2024|12/31/9999|0.2450
54|31200190000NB|8.2900|8.8060|BASE_TYPE|1/1/2023|6.000|||same as 2020|4/24/2024|12/31/9999|0.5160
54|31200190000NB|8.9900|9.1600|BASE_TYPE|1/1/2023|2.000|||same as 2020|4/24/2024|12/31/9999|0.1700
54|31200190000NB|9.5400|9.9400|BASE_TYPE|1/1/2023|6.000|||same as 2020|4/24/2024|12/31/9999|0.4000
54|31200190000NB|10.5900|11.0800|BASE_TYPE|1/1/2023|6.000|||same as 2020|4/24/2024|12/31/9999|0.4900
54|31200190000NB|11.5100|12.3300|BASE_TYPE|1/1/2023|6.000|||same as 2020|4/24/2024|12/31/9999|0.8200
54|31200190000NB|13.7400|14.1900|BASE_TYPE|1/1/2023|2.000|||same as 2020|4/24/2024|12/31/9999|0.4500
54|31200190000NB|14.2500|14.3000|BASE_TYPE|1/1/2023|6.000|||same as 2020|4/24/2024|12/31/9999|0.0500
54|31200190000NB|14.3000|14.3500|BASE_TYPE|1/1/2023|6.000|||same as 2020|4/24/2024|12/31/9999|0.0500
54|31200190000NB|14.4400|14.5000|BASE_TYPE|1/1/2023|2.000|||same as 2020|4/24/2024|12/31/9999|0.0600
54|31200190000NB|14.5000|14.8000|BASE_TYPE|1/1/2023|2.000|||same as 2020|4/24/2024|12/31/9999|0.3000
54|31200190000NB|14.8000|14.9800|BASE_TYPE|1/1/2023|2.000|||same as 2020|4/24/2024|12/31/9999|0.1800
54|31200190000NB|15.6200|16.4900|BASE_TYPE|1/1/2023|2.000|||same as 2020|4/24/2024|12/31/9999|0.8700
54|31200190000NB|16.4900|17.0210|BASE_TYPE|1/1/2023|2.000|||same as 2020|4/24/2024|12/31/9999|0.5310
54|31201190000NB|7.8100|9.8200|BASE_TYPE|1/1/2023|2.000|||same as 2020|4/24/2024|12/31/9999|2.0100
54|31201190000NB|11.9000|12.0600|BASE_TYPE|1/1/2023|6.000|||same as 2020|4/24/2024|12/31/9999|0.1600
54|31201190000NB|13.7800|13.8000|BASE_TYPE|1/1/2023|6.000|||same as 2020|4/24/2024|12/31/9999|0.0200
54|31201190000NB|13.8000|13.9900|BASE_TYPE|1/1/2023|6.000|||same as 2020|4/24/2024|12/31/9999|0.1900
54|31201190000NB|13.9900|14.1000|BASE_TYPE|1/1/2023|6.000|||same as 2020|4/24/2024|12/31/9999|0.1100
54|31201190000NB|14.1000|14.2200|BASE_TYPE|1/1/2023|6.000|||same as 2020|4/24/2024|12/31/9999|0.1200
54|31201190000NB|14.4200|14.6200|BASE_TYPE|1/1/2023|6.000|||same as 2020|4/24/2024|12/31/9999|0.2000
54|31201190000NB|14.8500|15.1500|BASE_TYPE|1/1/2023|6.000|||same as 2020|4/24/2024|12/31/9999|0.3000
54|31201190000NB|15.7200|16.0000|BASE_TYPE|1/1/2023|6.000|||same as 2020|4/24/2024|12/31/9999|0.2800
54|31201190000NB|16.8200|17.3500|BASE_TYPE|1/1/2023|6.000|||same as 2020|4/24/2024|12/31/9999|0.5300
54|31201190000NB|17.4400|18.2000|BASE_TYPE|1/1/2023|6.000|||same as 2020|4/24/2024|12/31/9999|0.7600
54|31201190000NB|18.2000|19.6600|BASE_TYPE|1/1/2023|6.000|||same as 2020|4/24/2024|12/31/9999|1.4600
54|31201190000NB|19.6600|20.0000|BASE_TYPE|1/1/2023|6.000|||same as 2020|4/24/2024|12/31/9999|0.3400
54|31201190000NB|20.0000|20.4700|BASE_TYPE|1/1/2023|6.000|||same as 2020|4/24/2024|12/31/9999|0.4700
54|3130705000000|0.0000|0.5100|BASE_TYPE|1/1/2023|2.000|||same as 2020|4/24/2024|12/31/9999|0.5100
54|3130705000000|0.6800|0.7000|BASE_TYPE|1/1/2023|2.000|||same as 2020|4/24/2024|12/31/9999|0.0200
54|3130705000000|0.7000|1.2300|BASE_TYPE|1/1/2023|2.000|||same as 2020|4/24/2024|12/31/9999|0.5300
54|3130705000000|1.2300|1.6300|BASE_TYPE|1/1/2023|2.000|||same as 2020|4/24/2024|12/31/9999|0.4000
54|3130705000000|1.6300|1.8100|BASE_TYPE|1/1/2023|2.000|||same as 2020|4/24/2024|12/31/9999|0.1800
54|3140007210000|0.0000|1.1100|BASE_TYPE|1/1/2023|2.000|||same as 2020|4/24/2024|12/31/9999|1.1100
54|3140019080000|0.0000|0.2300|BASE_TYPE|1/1/2023|1.000|||same as 2020|4/24/2024|12/31/9999|0.2300
54|3140019240000|2.7700|3.0000|BASE_TYPE|1/1/2023|1.000|||same as 2020|4/24/2024|12/31/9999|0.2300
54|3140019240000|3.0000|3.0800|BASE_TYPE|1/1/2023|1.000|||same as 2020|4/24/2024|12/31/9999|0.0800
54|3140049000000|0.6600|1.2500|BASE_TYPE|1/1/2023|1.000|||same as 2020|4/24/2024|12/31/9999|0.5900
54|3140057000000|1.2100|1.3300|BASE_TYPE|1/1/2023|2.000|||same as 2020|4/24/2024|12/31/9999|0.1200
54|3140059000000|0.0000|0.3300|BASE_TYPE|1/1/2023|2.000|||same as 2020|4/24/2024|12/31/9999|0.3300
54|3140059020000|0.0000|0.4400|BASE_TYPE|1/1/2023|2.000|||same as 2020|4/24/2024|12/31/9999|0.4400
54|3140060000000|0.0000|0.8500|BASE_TYPE|1/1/2023|1.000|||same as 2020|4/24/2024|12/31/9999|0.8500
54|3140060000000|0.8500|1.7500|BASE_TYPE|1/1/2023|1.000|||same as 2020|4/24/2024|12/31/9999|0.9000
54|3140060020000|0.0000|0.2600|BASE_TYPE|1/1/2023|1.000|||same as 2020|4/24/2024|12/31/9999|0.2600
54|3140061000000|0.0000|0.9400|BASE_TYPE|1/1/2023|2.000|||same as 2020|4/24/2024|12/31/9999|0.9400
54|3140061010000|0.0000|0.3700|BASE_TYPE|1/1/2023|1.000|||same as 2020|4/24/2024|12/31/9999|0.3700
54|3140061010000|0.4100|0.5200|BASE_TYPE|1/1/2023|1.000|||same as 2020|4/24/2024|12/31/9999|0.1100
54|3140064000000|0.0000|0.3800|BASE_TYPE|1/1/2023|2.000|||same as 2020|4/24/2024|12/31/9999|0.3800
54|3140067000000|6.2200|7.9700|BASE_TYPE|1/1/2023|2.000|||same as 2020|4/24/2024|12/31/9999|1.7500
54|3140067000000|7.9700|8.3600|BASE_TYPE|1/1/2023|2.000|||same as 2020|4/24/2024|12/31/9999|0.3900
54|3140067000000|8.3600|8.5500|BASE_TYPE|1/1/2023|2.000|||same as 2020|4/24/2024|12/31/9999|0.1900
54|3140067010000|0.0000|0.6500|BASE_TYPE|1/1/2023|1.000|||same as 2020|4/24/2024|12/31/9999|0.6500
54|3140069050000|0.0000|1.7700|BASE_TYPE|1/1/2023|1.000|||same as 2020|4/24/2024|12/31/9999|1.7700
54|3140069050000|1.7700|2.0200|BASE_TYPE|1/1/2023|1.000|||same as 2020|4/24/2024|12/31/9999|0.2500
54|3140069050000|2.0200|2.1000|BASE_TYPE|1/1/2023|1.000|||New 2021|4/24/2024|12/31/9999|0.0800
54|3140069060000|0.0000|0.3200|BASE_TYPE|1/1/2023|2.000|||same as 2020|4/24/2024|12/31/9999|0.3200
54|3140069060000|0.3200|0.3800|BASE_TYPE|1/1/2023|2.000|||same as 2020|4/24/2024|12/31/9999|0.0600
54|3140072000000|3.7720|3.7800|BASE_TYPE|1/1/2023|1.000|||same as 2020|4/24/2024|12/31/9999|0.0080
54|3140073730000|0.0000|0.5800|BASE_TYPE|1/1/2023|2.000|||same as 2020|4/24/2024|12/31/9999|0.5800
54|3140081000000|7.2500|8.0300|BASE_TYPE|1/1/2023|2.000|||same as 2020|4/24/2024|12/31/9999|0.7800
54|3140082000000|0.0000|1.8800|BASE_TYPE|1/1/2023|1.000|||same as 2020|4/24/2024|12/31/9999|1.8800
54|3140857010000|0.0000|0.1900|BASE_TYPE|1/1/2023|2.000|||same as 2020|4/24/2024|12/31/9999|0.1900
54|39100680000EB|14.6600|18.1000|BASE_TYPE|1/1/2023|2.000|||same as 2020|4/24/2024|12/31/9999|3.4400
54|39100680000EB|18.1000|18.1200|BASE_TYPE|1/1/2023|2.000|||same as 2020|4/24/2024|12/31/9999|0.0200
54|39100680000EB|18.1200|18.2000|BASE_TYPE|1/1/2023|2.000|||same as 2020|4/24/2024|12/31/9999|0.0800
54|39100680000EB|18.2000|23.3400|BASE_TYPE|1/1/2023|2.000|||same as 2020|4/24/2024|12/31/9999|5.1400
54|39100680000EB|26.7500|28.6400|BASE_TYPE|1/1/2023|2.000|||same as 2020|4/24/2024|12/31/9999|1.8900
54|39100680000EB|28.6400|29.2300|BASE_TYPE|1/1/2023|2.000|||same as 2020|4/24/2024|12/31/9999|0.5900
54|39100680000EB|29.2300|31.2400|BASE_TYPE|1/1/2023|2.000|||same as 2020|4/24/2024|12/31/9999|2.0100
54|39100680000EB|31.2400|31.4200|BASE_TYPE|1/1/2023|2.000|||same as 2020|4/24/2024|12/31/9999|0.1800
54|39100680000EB|31.4200|32.0600|BASE_TYPE|1/1/2023|2.000|||same as 2020|4/24/2024|12/31/9999|0.6400
54|39202190000NB|0.0000|0.8000|BASE_TYPE|1/1/2023|3.000|||same as 2020|4/24/2024|12/31/9999|0.8000
54|39202190000NB|0.8000|3.0100|BASE_TYPE|1/1/2023|3.000|||same as 2020|4/24/2024|12/31/9999|2.2100
54|39202190000NB|3.0100|3.3100|BASE_TYPE|1/1/2023|3.000|||same as 2020|4/24/2024|12/31/9999|0.3000
54|39202190000NB|3.3100|4.7600|BASE_TYPE|1/1/2023|3.000|||same as 2020|4/24/2024|12/31/9999|1.4500
54|3930072000000|18.4200|20.4400|BASE_TYPE|1/1/2023|2.000|||same as 2020|4/24/2024|12/31/9999|2.0200
54|3940003000000|4.6000|7.2700|BASE_TYPE|1/1/2023|2.000|||same as 2020|4/24/2024|12/31/9999|2.6700
54|4030025000000|0.0000|0.6300|BASE_TYPE|1/1/2023|3.000|||same as 2020|4/24/2024|12/31/9999|0.6300
54|27200350000NB|8.5300|8.7000|BASE_TYPE|1/1/2023|5.000|||same as 2020|4/24/2024|12/31/9999|0.1700
54|27200350000NB|9.6440|10.3700|BASE_TYPE|1/1/2023|5.000|||same as 2020|4/24/2024|12/31/9999|0.7260
54|27200350000NB|11.5320|11.8700|BASE_TYPE|1/1/2023|5.000|||same as 2020|4/24/2024|12/31/9999|0.3380
54|27200350000NB|16.4100|16.6000|BASE_TYPE|1/1/2023|5.000|||same as 2020|4/24/2024|12/31/9999|0.1900
54|27200350000NB|16.6400|17.2800|BASE_TYPE|1/1/2023|5.000|||same as 2020|4/24/2024|12/31/9999|0.6400
54|27200350000NB|17.4130|17.5000|BASE_TYPE|1/1/2023|5.000|||same as 2020|4/24/2024|12/31/9999|0.0870
54|27200350000NB|17.8500|17.9800|BASE_TYPE|1/1/2023|5.000|||same as 2020|4/24/2024|12/31/9999|0.1300
54|27200350000NB|17.9800|18.0970|BASE_TYPE|1/1/2023|5.000|||same as 2020|4/24/2024|12/31/9999|0.1170
54|27200350000NB|18.3500|18.4600|BASE_TYPE|1/1/2023|5.000|||same as 2020|4/24/2024|12/31/9999|0.1100
54|40100640000EB|31.7700|32.5700|BASE_TYPE|1/1/2023|5.000|||same as 2020|4/24/2024|12/31/9999|0.8000
54|40100640000EB|32.5700|33.4500|BASE_TYPE|1/1/2023|5.000|||same as 2020|4/24/2024|12/31/9999|0.8800
54|40100640000EB|33.4500|34.4500|BASE_TYPE|1/1/2023|5.000|||same as 2020|4/24/2024|12/31/9999|1.0000
54|40100640000EB|34.4500|36.2700|BASE_TYPE|1/1/2023|5.000|||same as 2020|4/24/2024|12/31/9999|1.8200
54|40100640000EB|36.2700|38.5400|BASE_TYPE|1/1/2023|5.000|||same as 2020|4/24/2024|12/31/9999|2.2700
54|40100640000EB|40.4600|40.5680|BASE_TYPE|1/1/2023|8.000|||same as 2020|4/24/2024|12/31/9999|0.1080
54|40100640000EB|41.6600|41.8600|BASE_TYPE|1/1/2023|3.000|||same as 2020|4/24/2024|12/31/9999|0.2000
54|40100640000EB|41.8600|41.8900|BASE_TYPE|1/1/2023|3.000|||same as 2020|4/24/2024|12/31/9999|0.0300
54|40100640000EB|42.7900|43.7700|BASE_TYPE|1/1/2023|3.000|||same as 2020|4/24/2024|12/31/9999|0.9800
54|40100640000EB|43.7700|43.8000|BASE_TYPE|1/1/2023|3.000|||same as 2020|4/24/2024|12/31/9999|0.0300
54|40100640000EB|44.4700|44.7800|BASE_TYPE|1/1/2023|3.000|||same as 2020|4/24/2024|12/31/9999|0.3100
54|2730002000000|15.9300|18.0500|BASE_TYPE|1/1/2023|3.000|||same as 2020|4/24/2024|12/31/9999|2.1200
54|2730002000000|18.9100|19.8900|BASE_TYPE|1/1/2023|3.000|||same as 2020|4/24/2024|12/31/9999|0.9800
54|40200350000NB|0.2900|0.6500|BASE_TYPE|1/1/2023|5.000|||same as 2020|4/24/2024|12/31/9999|0.3600
54|40200350000NB|1.3600|1.6000|BASE_TYPE|1/1/2023|5.000|||same as 2020|4/24/2024|12/31/9999|0.2400
54|40200350000NB|1.6400|2.0600|BASE_TYPE|1/1/2023|5.000|||same as 2020|4/24/2024|12/31/9999|0.4200
54|40200350000NB|2.1000|2.3000|BASE_TYPE|1/1/2023|5.000|||same as 2020|4/24/2024|12/31/9999|0.2000
54|5430014000000|11.2800|11.7600|BASE_TYPE|1/1/2023|5.000||||4/24/2024|12/31/9999|0.4800
54|5440014160000|0.1800|0.8600|BASE_TYPE|1/1/2023|5.000||||4/24/2024|12/31/9999|0.6800
54|5440014160000|0.8600|1.2300|BASE_TYPE|1/1/2023|5.000||||4/24/2024|12/31/9999|0.3700
54|5440014160000|2.8900|3.8300|BASE_TYPE|1/1/2023|5.000||||4/24/2024|12/31/9999|0.9400
54|3230012000000|0.7800|5.9300|BASE_TYPE|1/1/2023|2.000||||4/24/2024|12/31/9999|5.1500
54|3230012000000|5.9300|6.1100|BASE_TYPE|1/1/2023|2.000||||4/24/2024|12/31/9999|0.1800
54|3230012000000|9.3300|11.3100|BASE_TYPE|1/1/2023|2.000||||4/24/2024|12/31/9999|1.9800
54|3430020000000|28.2900|29.0700|BASE_TYPE|1/1/2023|2.000||||4/24/2024|12/31/9999|0.7800
54|3430039000000|24.6000|24.9600|BASE_TYPE|1/1/2023|2.000||||4/24/2024|12/31/9999|0.3600
54|3430041000000|0.0300|2.5900|BASE_TYPE|1/1/2023|2.000||||4/24/2024|12/31/9999|2.5600
54|4530003000000|9.5600|10.9100|BASE_TYPE|1/1/2023|6.000||||4/24/2024|12/31/9999|1.3500
54|4530020000000|32.0000|32.1400|BASE_TYPE|1/1/2023|2.000||||4/24/2024|12/31/9999|0.1400
54|32202190000NB|1.9200|2.0000|BASE_TYPE|1/1/2023|2.000||||4/24/2024|12/31/9999|0.0800
54|32202190000NB|2.0000|2.1000|BASE_TYPE|1/1/2023|2.000||||4/24/2024|12/31/9999|0.1000
54|32202190000NB|2.1000|2.2000|BASE_TYPE|1/1/2023|2.000||||4/24/2024|12/31/9999|0.1000
54|32202190000NB|2.2000|2.3000|BASE_TYPE|1/1/2023|2.000||||4/24/2024|12/31/9999|0.1000
54|32202190000NB|2.3000|2.4000|BASE_TYPE|1/1/2023|2.000||||4/24/2024|12/31/9999|0.1000
54|32202190000NB|2.4000|2.5000|BASE_TYPE|1/1/2023|2.000||||4/24/2024|12/31/9999|0.1000
54|32202190000NB|2.5000|2.6000|BASE_TYPE|1/1/2023|2.000||||4/24/2024|12/31/9999|0.1000
54|32202190000NB|2.6000|2.7000|BASE_TYPE|1/1/2023|2.000||||4/24/2024|12/31/9999|0.1000
54|32202190000NB|2.7000|2.8000|BASE_TYPE|1/1/2023|2.000||||4/24/2024|12/31/9999|0.1000
54|32202190000NB|2.8000|2.9000|BASE_TYPE|1/1/2023|2.000||||4/24/2024|12/31/9999|0.1000
54|32202190000NB|2.9000|3.0000|BASE_TYPE|1/1/2023|2.000||||4/24/2024|12/31/9999|0.1000
54|32202190000NB|3.0000|3.1000|BASE_TYPE|1/1/2023|2.000||||4/24/2024|12/31/9999|0.1000
54|32202190000NB|3.1000|3.2000|BASE_TYPE|1/1/2023|2.000||||4/24/2024|12/31/9999|0.1000
54|32202190000NB|3.2000|3.3000|BASE_TYPE|1/1/2023|2.000||||4/24/2024|12/31/9999|0.1000
54|32202190000NB|3.3000|3.4000|BASE_TYPE|1/1/2023|2.000||||4/24/2024|12/31/9999|0.1000
54|32202190000NB|3.4000|3.5000|BASE_TYPE|1/1/2023|2.000||||4/24/2024|12/31/9999|0.1000
54|32202190000NB|3.5000|3.6000|BASE_TYPE|1/1/2023|2.000||||4/24/2024|12/31/9999|0.1000
54|32202190000NB|3.6000|3.7000|BASE_TYPE|1/1/2023|2.000||||4/24/2024|12/31/9999|0.1000
54|32202190000NB|3.7000|3.8000|BASE_TYPE|1/1/2023|2.000||||4/24/2024|12/31/9999|0.1000
54|32202190000NB|3.8000|3.9000|BASE_TYPE|1/1/2023|2.000||||4/24/2024|12/31/9999|0.1000
54|32202190000NB|3.9000|4.0000|BASE_TYPE|1/1/2023|2.000||||4/24/2024|12/31/9999|0.1000
54|32202190000NB|4.0000|4.1000|BASE_TYPE|1/1/2023|2.000||||4/24/2024|12/31/9999|0.1000
54|32202190000NB|4.1000|4.2000|BASE_TYPE|1/1/2023|2.000||||4/24/2024|12/31/9999|0.1000
54|32202190000NB|4.2000|4.3000|BASE_TYPE|1/1/2023|2.000||||4/24/2024|12/31/9999|0.1000
54|32202190000NB|4.3000|4.4000|BASE_TYPE|1/1/2023|2.000||||4/24/2024|12/31/9999|0.1000
54|32202190000NB|4.4000|4.5000|BASE_TYPE|1/1/2023|2.000||||4/24/2024|12/31/9999|0.1000
54|32202190000NB|4.5000|4.6000|BASE_TYPE|1/1/2023|2.000||||4/24/2024|12/31/9999|0.1000
54|32202190000NB|4.6000|4.7000|BASE_TYPE|1/1/2023|2.000||||4/24/2024|12/31/9999|0.1000
54|32202190000NB|4.7000|4.8000|BASE_TYPE|1/1/2023|2.000||||4/24/2024|12/31/9999|0.1000
54|32202190000NB|4.8000|4.9000|BASE_TYPE|1/1/2023|2.000||||4/24/2024|12/31/9999|0.1000
54|32202190000NB|4.9000|5.0000|BASE_TYPE|1/1/2023|2.000||||4/24/2024|12/31/9999|0.1000
54|32202190000NB|5.0000|5.1000|BASE_TYPE|1/1/2023|2.000||||4/24/2024|12/31/9999|0.1000
54|32202190000NB|5.1000|5.2000|BASE_TYPE|1/1/2023|2.000||||4/24/2024|12/31/9999|0.1000
54|32202190000NB|5.2000|5.3000|BASE_TYPE|1/1/2023|2.000||||4/24/2024|12/31/9999|0.1000
54|32202190000NB|5.3000|5.4000|BASE_TYPE|1/1/2023|2.000||||4/24/2024|12/31/9999|0.1000
54|32202190000NB|5.4000|5.5000|BASE_TYPE|1/1/2023|2.000||||4/24/2024|12/31/9999|0.1000
54|32202190000NB|5.5000|5.6000|BASE_TYPE|1/1/2023|2.000||||4/24/2024|12/31/9999|0.1000
54|32202190000NB|5.6000|5.7000|BASE_TYPE|1/1/2023|2.000||||4/24/2024|12/31/9999|0.1000
54|32202190000NB|5.7000|5.8000|BASE_TYPE|1/1/2023|2.000||||4/24/2024|12/31/9999|0.1000
54|32202190000NB|5.8000|5.9000|BASE_TYPE|1/1/2023|2.000||||4/24/2024|12/31/9999|0.1000
54|32202190000NB|5.9000|6.0000|BASE_TYPE|1/1/2023|2.000||||4/24/2024|12/31/9999|0.1000
54|32202190000NB|6.0000|6.1000|BASE_TYPE|1/1/2023|2.000||||4/24/2024|12/31/9999|0.1000
54|32202190000NB|6.1000|6.2000|BASE_TYPE|1/1/2023|2.000||||4/24/2024|12/31/9999|0.1000
54|32202190000NB|6.2000|6.3000|BASE_TYPE|1/1/2023|2.000||||4/24/2024|12/31/9999|0.1000
54|32202190000NB|6.3000|6.4000|BASE_TYPE|1/1/2023|2.000||||4/24/2024|12/31/9999|0.1000
54|32202190000NB|6.4000|6.5000|BASE_TYPE|1/1/2023|2.000||||4/24/2024|12/31/9999|0.1000
54|32202190000NB|6.5000|6.6000|BASE_TYPE|1/1/2023|2.000||||4/24/2024|12/31/9999|0.1000
54|32202190000NB|6.6000|6.7000|BASE_TYPE|1/1/2023|2.000||||4/24/2024|12/31/9999|0.1000
54|32202190000NB|6.7000|6.8000|BASE_TYPE|1/1/2023|2.000||||4/24/2024|12/31/9999|0.1000
54|32202190000NB|6.8000|6.9000|BASE_TYPE|1/1/2023|2.000||||4/24/2024|12/31/9999|0.1000
54|32202190000NB|6.9000|7.0000|BASE_TYPE|1/1/2023|2.000||||4/24/2024|12/31/9999|0.1000
54|32202190000NB|7.0000|7.1000|BASE_TYPE|1/1/2023|2.000||||4/24/2024|12/31/9999|0.1000
54|32202190000NB|7.1000|7.2000|BASE_TYPE|1/1/2023|2.000||||4/24/2024|12/31/9999|0.1000
54|32202190000NB|7.2000|7.3000|BASE_TYPE|1/1/2023|2.000||||4/24/2024|12/31/9999|0.1000
54|32202190000NB|7.3000|7.4000|BASE_TYPE|1/1/2023|2.000||||4/24/2024|12/31/9999|0.1000
54|32202190000NB|7.4000|7.5000|BASE_TYPE|1/1/2023|2.000||||4/24/2024|12/31/9999|0.1000
54|32202190000NB|7.5000|7.6000|BASE_TYPE|1/1/2023|2.000||||4/24/2024|12/31/9999|0.1000
54|32202190000NB|7.6000|7.7000|BASE_TYPE|1/1/2023|2.000||||4/24/2024|12/31/9999|0.1000
54|32202190000NB|7.7000|7.8000|BASE_TYPE|1/1/2023|2.000||||4/24/2024|12/31/9999|0.1000
54|32202190000NB|7.8000|7.8700|BASE_TYPE|1/1/2023|2.000||||4/24/2024|12/31/9999|0.0700
54|32202190000NB|14.3800|14.4000|BASE_TYPE|1/1/2023|2.000||||4/24/2024|12/31/9999|0.0200
54|32202190000NB|14.4000|14.5000|BASE_TYPE|1/1/2023|2.000||||4/24/2024|12/31/9999|0.1000
54|32202190000NB|14.5000|14.6000|BASE_TYPE|1/1/2023|2.000||||4/24/2024|12/31/9999|0.1000
54|32202190000NB|14.6000|14.7000|BASE_TYPE|1/1/2023|2.000||||4/24/2024|12/31/9999|0.1000
54|32202190000NB|14.7000|14.8000|BASE_TYPE|1/1/2023|2.000||||4/24/2024|12/31/9999|0.1000
54|32202190000NB|14.8000|14.9000|BASE_TYPE|1/1/2023|2.000||||4/24/2024|12/31/9999|0.1000
54|32202190000NB|14.9000|15.0000|BASE_TYPE|1/1/2023|2.000||||4/24/2024|12/31/9999|0.1000
54|32202190000NB|15.0000|15.1000|BASE_TYPE|1/1/2023|2.000||||4/24/2024|12/31/9999|0.1000
54|32202190000NB|15.1000|15.2000|BASE_TYPE|1/1/2023|2.000||||4/24/2024|12/31/9999|0.1000
54|32202190000NB|15.2000|15.3000|BASE_TYPE|1/1/2023|2.000||||4/24/2024|12/31/9999|0.1000
54|32202190000NB|15.3000|15.4000|BASE_TYPE|1/1/2023|2.000||||4/24/2024|12/31/9999|0.1000
54|32202190000NB|15.4000|15.5000|BASE_TYPE|1/1/2023|2.000||||4/24/2024|12/31/9999|0.1000
54|32202190000NB|15.5000|15.6000|BASE_TYPE|1/1/2023|2.000||||4/24/2024|12/31/9999|0.1000
54|32202190000NB|15.6000|15.7000|BASE_TYPE|1/1/2023|2.000||||4/24/2024|12/31/9999|0.1000
54|32202190000NB|15.7000|15.8000|BASE_TYPE|1/1/2023|2.000||||4/24/2024|12/31/9999|0.1000
54|32202190000NB|15.8000|15.9000|BASE_TYPE|1/1/2023|2.000||||4/24/2024|12/31/9999|0.1000
54|32202190000NB|15.9000|16.0000|BASE_TYPE|1/1/2023|2.000||||4/24/2024|12/31/9999|0.1000
54|32202190000NB|16.0000|16.1000|BASE_TYPE|1/1/2023|2.000||||4/24/2024|12/31/9999|0.1000
54|32202190000NB|16.1000|16.1800|BASE_TYPE|1/1/2023|2.000||||4/24/2024|12/31/9999|0.0800
54|32202190000NB|16.1800|16.2000|BASE_TYPE|1/1/2023|2.000||||4/24/2024|12/31/9999|0.0200
54|32202190000NB|16.2000|16.3000|BASE_TYPE|1/1/2023|2.000||||4/24/2024|12/31/9999|0.1000
54|32202190000NB|16.3000|16.4000|BASE_TYPE|1/1/2023|2.000||||4/24/2024|12/31/9999|0.1000
54|32202190000NB|16.4000|16.5000|BASE_TYPE|1/1/2023|2.000||||4/24/2024|12/31/9999|0.1000
54|32202190000NB|16.5000|16.6000|BASE_TYPE|1/1/2023|2.000||||4/24/2024|12/31/9999|0.1000
54|32202190000NB|16.6000|16.7000|BASE_TYPE|1/1/2023|2.000||||4/24/2024|12/31/9999|0.1000
54|32202190000NB|16.7000|16.8000|BASE_TYPE|1/1/2023|2.000||||4/24/2024|12/31/9999|0.1000
54|32202190000NB|16.8000|16.9000|BASE_TYPE|1/1/2023|2.000||||4/24/2024|12/31/9999|0.1000
54|32202190000NB|16.9000|17.0000|BASE_TYPE|1/1/2023|2.000||||4/24/2024|12/31/9999|0.1000
54|32202190000NB|17.0000|17.1000|BASE_TYPE|1/1/2023|2.000||||4/24/2024|12/31/9999|0.1000
54|32202190000NB|17.1000|17.2000|BASE_TYPE|1/1/2023|2.000||||4/24/2024|12/31/9999|0.1000
54|32202190000NB|17.2000|17.3000|BASE_TYPE|1/1/2023|2.000||||4/24/2024|12/31/9999|0.1000
54|32202190000NB|17.3000|17.4000|BASE_TYPE|1/1/2023|2.000||||4/24/2024|12/31/9999|0.1000
54|32202190000NB|17.4000|17.5000|BASE_TYPE|1/1/2023|2.000||||4/24/2024|12/31/9999|0.1000
54|32202190000NB|17.5000|17.6000|BASE_TYPE|1/1/2023|2.000||||4/24/2024|12/31/9999|0.1000
54|32202190000NB|17.6000|17.7000|BASE_TYPE|1/1/2023|2.000||||4/24/2024|12/31/9999|0.1000
54|32202190000NB|17.7000|17.8000|BASE_TYPE|1/1/2023|2.000||||4/24/2024|12/31/9999|0.1000
54|32202190000NB|17.8000|17.9000|BASE_TYPE|1/1/2023|2.000||||4/24/2024|12/31/9999|0.1000
54|32202190000NB|17.9000|18.0000|BASE_TYPE|1/1/2023|2.000||||4/24/2024|12/31/9999|0.1000
54|32202190000NB|18.0000|18.1000|BASE_TYPE|1/1/2023|2.000||||4/24/2024|12/31/9999|0.1000
54|32202190000NB|18.1000|18.2000|BASE_TYPE|1/1/2023|2.000||||4/24/2024|12/31/9999|0.1000
54|32202190000NB|18.2000|18.3000|BASE_TYPE|1/1/2023|2.000||||4/24/2024|12/31/9999|0.1000
54|32202190000NB|18.3000|18.4000|BASE_TYPE|1/1/2023|2.000||||4/24/2024|12/31/9999|0.1000
54|32202190000NB|18.4000|18.5000|BASE_TYPE|1/1/2023|2.000||||4/24/2024|12/31/9999|0.1000
54|32202190000NB|18.5000|18.6000|BASE_TYPE|1/1/2023|2.000||||4/24/2024|12/31/9999|0.1000
54|32202190000NB|18.6000|18.7000|BASE_TYPE|1/1/2023|2.000||||4/24/2024|12/31/9999|0.1000
54|32202190000NB|18.7000|18.8000|BASE_TYPE|1/1/2023|2.000||||4/24/2024|12/31/9999|0.1000
54|32202190000NB|18.8000|18.9000|BASE_TYPE|1/1/2023|2.000||||4/24/2024|12/31/9999|0.1000
54|32202190000NB|18.9000|19.0000|BASE_TYPE|1/1/2023|2.000||||4/24/2024|12/31/9999|0.1000
54|32202190000NB|19.0000|19.1000|BASE_TYPE|1/1/2023|2.000||||4/24/2024|12/31/9999|0.1000
54|32202190000NB|19.1000|19.2000|BASE_TYPE|1/1/2023|2.000||||4/24/2024|12/31/9999|0.1000
54|32202190000NB|19.2000|19.2400|BASE_TYPE|1/1/2023|2.000||||4/24/2024|12/31/9999|0.0400
54|32202190000NB|19.2400|19.3000|BASE_TYPE|1/1/2023|2.000||||4/24/2024|12/31/9999|0.0600
54|32202190000NB|19.3000|19.4000|BASE_TYPE|1/1/2023|2.000||||4/24/2024|12/31/9999|0.1000
54|32202190000NB|19.4000|19.5000|BASE_TYPE|1/1/2023|2.000||||4/24/2024|12/31/9999|0.1000
54|32202190000NB|19.5000|19.6000|BASE_TYPE|1/1/2023|2.000||||4/24/2024|12/31/9999|0.1000
54|32202190000NB|19.6000|19.6600|BASE_TYPE|1/1/2023|2.000||||4/24/2024|12/31/9999|0.0600
54|32202190000NB|19.6600|19.7000|BASE_TYPE|1/1/2023|2.000||||4/24/2024|12/31/9999|0.0400
54|32202190000NB|19.7000|19.8000|BASE_TYPE|1/1/2023|2.000||||4/24/2024|12/31/9999|0.1000
54|32202190000NB|19.8000|19.9000|BASE_TYPE|1/1/2023|2.000||||4/24/2024|12/31/9999|0.1000
54|32202190000NB|19.9000|20.0000|BASE_TYPE|1/1/2023|2.000||||4/24/2024|12/31/9999|0.1000
54|32202190000NB|20.0000|20.1000|BASE_TYPE|1/1/2023|2.000||||4/24/2024|12/31/9999|0.1000
54|32202190000NB|20.1000|20.2000|BASE_TYPE|1/1/2023|2.000||||4/24/2024|12/31/9999|0.1000
54|32202190000NB|20.2000|20.3000|BASE_TYPE|1/1/2023|2.000||||4/24/2024|12/31/9999|0.1000
54|32202190000NB|20.3000|20.4000|BASE_TYPE|1/1/2023|2.000||||4/24/2024|12/31/9999|0.1000
54|32202190000NB|20.4000|20.5000|BASE_TYPE|1/1/2023|2.000||||4/24/2024|12/31/9999|0.1000
54|32202190000NB|20.5000|20.6000|BASE_TYPE|1/1/2023|2.000||||4/24/2024|12/31/9999|0.1000
54|32202190000NB|20.6000|20.7000|BASE_TYPE|1/1/2023|2.000||||4/24/2024|12/31/9999|0.1000
54|32202190000NB|20.7000|20.8000|BASE_TYPE|1/1/2023|2.000||||4/24/2024|12/31/9999|0.1000
54|32202190000NB|20.8000|20.9000|BASE_TYPE|1/1/2023|2.000||||4/24/2024|12/31/9999|0.1000
54|32202190000NB|20.9000|21.0000|BASE_TYPE|1/1/2023|2.000||||4/24/2024|12/31/9999|0.1000
54|32202190000NB|21.0000|21.1000|BASE_TYPE|1/1/2023|2.000||||4/24/2024|12/31/9999|0.1000
54|32202190000NB|21.1000|21.2000|BASE_TYPE|1/1/2023|2.000||||4/24/2024|12/31/9999|0.1000
54|32202190000NB|21.2000|21.3000|BASE_TYPE|1/1/2023|2.000||||4/24/2024|12/31/9999|0.1000
54|32202190000NB|21.3000|21.4000|BASE_TYPE|1/1/2023|2.000||||4/24/2024|12/31/9999|0.1000
54|32202190000NB|21.4000|21.5000|BASE_TYPE|1/1/2023|2.000||||4/24/2024|12/31/9999|0.1000
54|32202190000NB|21.5000|21.6000|BASE_TYPE|1/1/2023|2.000||||4/24/2024|12/31/9999|0.1000
54|32202190000NB|21.6000|21.7000|BASE_TYPE|1/1/2023|2.000||||4/24/2024|12/31/9999|0.1000
54|32202190000NB|21.7000|21.8000|BASE_TYPE|1/1/2023|2.000||||4/24/2024|12/31/9999|0.1000
54|32202190000NB|21.8000|21.9000|BASE_TYPE|1/1/2023|2.000||||4/24/2024|12/31/9999|0.1000
54|32202190000NB|21.9000|22.0000|BASE_TYPE|1/1/2023|2.000||||4/24/2024|12/31/9999|0.1000
54|32202190000NB|22.0000|22.1000|BASE_TYPE|1/1/2023|2.000||||4/24/2024|12/31/9999|0.1000
54|32202190000NB|22.1000|22.2000|BASE_TYPE|1/1/2023|2.000||||4/24/2024|12/31/9999|0.1000
54|32202190000NB|22.2000|22.3000|BASE_TYPE|1/1/2023|2.000||||4/24/2024|12/31/9999|0.1000
54|32202190000NB|22.3000|22.4000|BASE_TYPE|1/1/2023|2.000||||4/24/2024|12/31/9999|0.1000
54|32202190000NB|22.4000|22.5000|BASE_TYPE|1/1/2023|2.000||||4/24/2024|12/31/9999|0.1000
54|32202190000NB|22.5000|22.6000|BASE_TYPE|1/1/2023|2.000||||4/24/2024|12/31/9999|0.1000
54|32202190000NB|22.6000|22.7000|BASE_TYPE|1/1/2023|2.000||||4/24/2024|12/31/9999|0.1000
54|32202190000NB|22.7000|22.8000|BASE_TYPE|1/1/2023|2.000||||4/24/2024|12/31/9999|0.1000
54|32202190000NB|22.8000|22.9000|BASE_TYPE|1/1/2023|2.000||||4/24/2024|12/31/9999|0.1000
54|32202190000NB|22.9000|23.0000|BASE_TYPE|1/1/2023|2.000||||4/24/2024|12/31/9999|0.1000
54|32202190000NB|24.9200|25.0000|BASE_TYPE|1/1/2023|2.000||||4/24/2024|12/31/9999|0.0800
54|32202190000NB|25.0000|25.1000|BASE_TYPE|1/1/2023|2.000||||4/24/2024|12/31/9999|0.1000
54|32202190000NB|25.1000|25.2000|BASE_TYPE|1/1/2023|2.000||||4/24/2024|12/31/9999|0.1000
54|32202190000NB|25.2000|25.3000|BASE_TYPE|1/1/2023|2.000||||4/24/2024|12/31/9999|0.1000
54|32202190000NB|25.3000|25.4000|BASE_TYPE|1/1/2023|2.000||||4/24/2024|12/31/9999|0.1000
54|32202190000NB|25.4000|25.5000|BASE_TYPE|1/1/2023|2.000||||4/24/2024|12/31/9999|0.1000
54|32202190000NB|25.5000|25.6000|BASE_TYPE|1/1/2023|2.000||||4/24/2024|12/31/9999|0.1000
54|32202190000NB|25.6000|25.7000|BASE_TYPE|1/1/2023|2.000||||4/24/2024|12/31/9999|0.1000
54|32202190000NB|25.7000|25.8000|BASE_TYPE|1/1/2023|2.000||||4/24/2024|12/31/9999|0.1000
54|32202190000NB|25.8000|25.9000|BASE_TYPE|1/1/2023|2.000||||4/24/2024|12/31/9999|0.1000
54|32202190000NB|25.9000|25.9300|BASE_TYPE|1/1/2023|2.000||||4/24/2024|12/31/9999|0.0300
54|32202190000NB|25.9300|26.0000|BASE_TYPE|1/1/2023|2.000||||4/24/2024|12/31/9999|0.0700
54|32202190000NB|26.0000|26.1000|BASE_TYPE|1/1/2023|2.000||||4/24/2024|12/31/9999|0.1000
54|32202190000NB|26.1000|26.2000|BASE_TYPE|1/1/2023|2.000||||4/24/2024|12/31/9999|0.1000
54|32202190000NB|26.2000|26.2400|BASE_TYPE|1/1/2023|2.000||||4/24/2024|12/31/9999|0.0400
54|32202190000NB|26.2400|26.3000|BASE_TYPE|1/1/2023|2.000||||4/24/2024|12/31/9999|0.0600
54|32202190000NB|26.3000|26.4000|BASE_TYPE|1/1/2023|2.000||||4/24/2024|12/31/9999|0.1000
54|32202190000NB|26.4000|26.5000|BASE_TYPE|1/1/2023|2.000||||4/24/2024|12/31/9999|0.1000
54|32202190000NB|26.5000|26.6000|BASE_TYPE|1/1/2023|2.000||||4/24/2024|12/31/9999|0.1000
54|32202190000NB|26.6000|26.7000|BASE_TYPE|1/1/2023|2.000||||4/24/2024|12/31/9999|0.1000
54|32202190000NB|26.7000|26.8000|BASE_TYPE|1/1/2023|2.000||||4/24/2024|12/31/9999|0.1000
54|32202190000NB|26.8000|26.9000|BASE_TYPE|1/1/2023|2.000||||4/24/2024|12/31/9999|0.1000
54|32202190000NB|26.9000|27.0000|BASE_TYPE|1/1/2023|2.000||||4/24/2024|12/31/9999|0.1000
54|32202190000NB|27.0000|27.1000|BASE_TYPE|1/1/2023|2.000||||4/24/2024|12/31/9999|0.1000
54|32202190000NB|27.1000|27.2000|BASE_TYPE|1/1/2023|2.000||||4/24/2024|12/31/9999|0.1000
54|32202190000NB|27.2000|27.3000|BASE_TYPE|1/1/2023|2.000||||4/24/2024|12/31/9999|0.1000
54|32202190000NB|27.3000|27.4000|BASE_TYPE|1/1/2023|2.000||||4/24/2024|12/31/9999|0.1000
54|32202190000NB|27.4000|27.5000|BASE_TYPE|1/1/2023|2.000||||4/24/2024|12/31/9999|0.1000
54|32202190000NB|27.5000|27.5900|BASE_TYPE|1/1/2023|2.000||||4/24/2024|12/31/9999|0.0900
54|32202190000NB|27.5900|27.6000|BASE_TYPE|1/1/2023|2.000||||4/24/2024|12/31/9999|0.0100
54|32202190000NB|27.6000|27.7000|BASE_TYPE|1/1/2023|2.000||||4/24/2024|12/31/9999|0.1000
54|32202190000NB|27.7000|27.8000|BASE_TYPE|1/1/2023|2.000||||4/24/2024|12/31/9999|0.1000
54|32202190000NB|27.8000|27.9000|BASE_TYPE|1/1/2023|2.000||||4/24/2024|12/31/9999|0.1000
54|32202190000NB|27.9000|28.0000|BASE_TYPE|1/1/2023|2.000||||4/24/2024|12/31/9999|0.1000
54|32202190000NB|28.0000|28.1000|BASE_TYPE|1/1/2023|2.000||||4/24/2024|12/31/9999|0.1000
54|32202190000NB|28.1000|28.2000|BASE_TYPE|1/1/2023|2.000||||4/24/2024|12/31/9999|0.1000
54|32202190000NB|28.2000|28.3000|BASE_TYPE|1/1/2023|2.000||||4/24/2024|12/31/9999|0.1000
54|32202190000NB|28.3000|28.4000|BASE_TYPE|1/1/2023|2.000||||4/24/2024|12/31/9999|0.1000
54|32202190000NB|28.4000|28.5000|BASE_TYPE|1/1/2023|2.000||||4/24/2024|12/31/9999|0.1000
54|32202190000NB|28.5000|28.6000|BASE_TYPE|1/1/2023|2.000||||4/24/2024|12/31/9999|0.1000
54|32202190000NB|28.6000|28.6800|BASE_TYPE|1/1/2023|2.000||||4/24/2024|12/31/9999|0.0800
54|34200190000NB|1.3800|1.4000|BASE_TYPE|1/1/2023|6.000||||4/24/2024|12/31/9999|0.0200
54|34200190000NB|1.4000|1.5000|BASE_TYPE|1/1/2023|6.000||||4/24/2024|12/31/9999|0.1000
54|34200190000NB|1.5000|1.6000|BASE_TYPE|1/1/2023|6.000||||4/24/2024|12/31/9999|0.1000
54|34200190000NB|1.6000|1.7000|BASE_TYPE|1/1/2023|6.000||||4/24/2024|12/31/9999|0.1000
54|34200190000NB|1.7000|1.8000|BASE_TYPE|1/1/2023|6.000||||4/24/2024|12/31/9999|0.1000
54|34200190000NB|1.8000|1.9000|BASE_TYPE|1/1/2023|6.000||||4/24/2024|12/31/9999|0.1000
54|34200190000NB|1.9000|2.0000|BASE_TYPE|1/1/2023|6.000||||4/24/2024|12/31/9999|0.1000
54|34200190000NB|2.0000|2.1000|BASE_TYPE|1/1/2023|6.000||||4/24/2024|12/31/9999|0.1000
54|34200190000NB|2.1000|2.2000|BASE_TYPE|1/1/2023|6.000||||4/24/2024|12/31/9999|0.1000
54|34200190000NB|2.2000|2.3000|BASE_TYPE|1/1/2023|6.000||||4/24/2024|12/31/9999|0.1000
54|34200190000NB|2.3000|2.4000|BASE_TYPE|1/1/2023|6.000||||4/24/2024|12/31/9999|0.1000
54|34200190000NB|2.4000|2.5000|BASE_TYPE|1/1/2023|6.000||||4/24/2024|12/31/9999|0.1000
54|34200190000NB|2.5000|2.6000|BASE_TYPE|1/1/2023|6.000||||4/24/2024|12/31/9999|0.1000
54|34200190000NB|2.6000|2.7000|BASE_TYPE|1/1/2023|6.000||||4/24/2024|12/31/9999|0.1000
54|34200190000NB|2.7000|2.8000|BASE_TYPE|1/1/2023|6.000||||4/24/2024|12/31/9999|0.1000
54|34200190000NB|2.8000|2.9000|BASE_TYPE|1/1/2023|6.000||||4/24/2024|12/31/9999|0.1000
54|34200190000NB|2.9000|3.0000|BASE_TYPE|1/1/2023|6.000||||4/24/2024|12/31/9999|0.1000
54|34200190000NB|3.0000|3.1000|BASE_TYPE|1/1/2023|6.000||||4/24/2024|12/31/9999|0.1000
54|34200190000NB|3.1000|3.2000|BASE_TYPE|1/1/2023|6.000||||4/24/2024|12/31/9999|0.1000
54|34200190000NB|3.2000|3.3000|BASE_TYPE|1/1/2023|6.000||||4/24/2024|12/31/9999|0.1000
54|34200190000NB|3.3000|3.4000|BASE_TYPE|1/1/2023|6.000||||4/24/2024|12/31/9999|0.1000
54|34200190000NB|11.0300|11.1000|BASE_TYPE|1/1/2023|6.000||||4/24/2024|12/31/9999|0.0700
54|34200190000NB|11.1000|11.2000|BASE_TYPE|1/1/2023|6.000||||4/24/2024|12/31/9999|0.1000
54|34200190000NB|11.2000|11.3000|BASE_TYPE|1/1/2023|6.000||||4/24/2024|12/31/9999|0.1000
54|34200190000NB|11.3000|11.4000|BASE_TYPE|1/1/2023|6.000||||4/24/2024|12/31/9999|0.1000
54|34200190000NB|11.4000|11.4700|BASE_TYPE|1/1/2023|6.000||||4/24/2024|12/31/9999|0.0700
54|34200190000NB|31.6500|31.7000|BASE_TYPE|1/1/2023|6.000||||4/24/2024|12/31/9999|0.0500
54|34200190000NB|31.7000|31.8000|BASE_TYPE|1/1/2023|6.000||||4/24/2024|12/31/9999|0.1000
54|34200190000NB|31.8000|31.8500|BASE_TYPE|1/1/2023|6.000||||4/24/2024|12/31/9999|0.0500
54|4940001000000|2.2800|3.0900|BASE_TYPE|1/1/2023|3.000||||4/24/2024|12/31/9999|0.8100
54|4940001000000|3.0900|3.1400|BASE_TYPE|1/1/2023|3.000||||4/24/2024|12/31/9999|0.0500
54|4940001000000|3.1400|3.1700|BASE_TYPE|1/1/2023|3.000||||4/24/2024|12/31/9999|0.0300
54|4930020000000|22.8700|23.5400|BASE_TYPE|1/1/2023|5.000||||4/24/2024|12/31/9999|0.6700
54|49200330000EB|1.2200|1.3000|BASE_TYPE|1/1/2023|5.000||||4/24/2024|12/31/9999|0.0800
54|49200330000EB|1.3000|1.4000|BASE_TYPE|1/1/2023|5.000||||4/24/2024|12/31/9999|0.1000
54|49200330000EB|1.4000|1.5000|BASE_TYPE|1/1/2023|5.000||||4/24/2024|12/31/9999|0.1000
54|49200330000EB|1.5000|1.6000|BASE_TYPE|1/1/2023|5.000||||4/24/2024|12/31/9999|0.1000
54|49200330000EB|1.6000|1.7000|BASE_TYPE|1/1/2023|5.000||||4/24/2024|12/31/9999|0.1000
54|49200330000EB|1.7000|1.8000|BASE_TYPE|1/1/2023|5.000||||4/24/2024|12/31/9999|0.1000
54|49200330000EB|1.8000|1.9000|BASE_TYPE|1/1/2023|5.000||||4/24/2024|12/31/9999|0.1000
54|49200330000EB|1.9000|2.0000|BASE_TYPE|1/1/2023|5.000||||4/24/2024|12/31/9999|0.1000
54|49200330000EB|2.0000|2.1000|BASE_TYPE|1/1/2023|5.000||||4/24/2024|12/31/9999|0.1000
54|49200330000EB|2.1000|2.2000|BASE_TYPE|1/1/2023|5.000||||4/24/2024|12/31/9999|0.1000
54|49200330000EB|2.2000|2.3000|BASE_TYPE|1/1/2023|5.000||||4/24/2024|12/31/9999|0.1000
54|49200330000EB|2.3000|2.4000|BASE_TYPE|1/1/2023|5.000||||4/24/2024|12/31/9999|0.1000
54|49200330000EB|2.4000|2.5000|BASE_TYPE|1/1/2023|5.000||||4/24/2024|12/31/9999|0.1000
54|49200330000EB|2.5000|2.5100|BASE_TYPE|1/1/2023|5.000||||4/24/2024|12/31/9999|0.0100
54|49200330000EB|2.5100|2.6000|BASE_TYPE|1/1/2023|5.000||||4/24/2024|12/31/9999|0.0900
54|49200330000EB|2.6000|2.7000|BASE_TYPE|1/1/2023|5.000||||4/24/2024|12/31/9999|0.1000
54|49200330000EB|2.7000|2.8000|BASE_TYPE|1/1/2023|5.000||||4/24/2024|12/31/9999|0.1000
54|49200330000EB|2.8000|2.9000|BASE_TYPE|1/1/2023|5.000||||4/24/2024|12/31/9999|0.1000
54|49200330000EB|2.9000|3.0000|BASE_TYPE|1/1/2023|5.000||||4/24/2024|12/31/9999|0.1000
54|49200330000EB|3.0000|3.1000|BASE_TYPE|1/1/2023|5.000||||4/24/2024|12/31/9999|0.1000
54|49200330000EB|3.1000|3.2000|BASE_TYPE|1/1/2023|5.000||||4/24/2024|12/31/9999|0.1000
54|49200330000EB|3.2000|3.3000|BASE_TYPE|1/1/2023|5.000||||4/24/2024|12/31/9999|0.1000
54|49200330000EB|3.3000|3.4000|BASE_TYPE|1/1/2023|5.000||||4/24/2024|12/31/9999|0.1000
54|49200330000EB|3.4000|3.5000|BASE_TYPE|1/1/2023|5.000||||4/24/2024|12/31/9999|0.1000
54|49200330000EB|3.5000|3.6000|BASE_TYPE|1/1/2023|5.000||||4/24/2024|12/31/9999|0.1000
54|49200330000EB|3.6000|3.7000|BASE_TYPE|1/1/2023|5.000||||4/24/2024|12/31/9999|0.1000
54|49200330000EB|3.7000|3.8000|BASE_TYPE|1/1/2023|5.000||||4/24/2024|12/31/9999|0.1000
54|49200330000EB|3.8000|3.9000|BASE_TYPE|1/1/2023|5.000||||4/24/2024|12/31/9999|0.1000
54|49200330000EB|3.9000|4.0000|BASE_TYPE|1/1/2023|5.000||||4/24/2024|12/31/9999|0.1000
54|49200330000EB|4.0000|4.1000|BASE_TYPE|1/1/2023|5.000||||4/24/2024|12/31/9999|0.1000
54|49200330000EB|4.1000|4.2000|BASE_TYPE|1/1/2023|5.000||||4/24/2024|12/31/9999|0.1000
54|49200330000EB|4.2000|4.3000|BASE_TYPE|1/1/2023|5.000||||4/24/2024|12/31/9999|0.1000
54|49200330000EB|4.3000|4.3500|BASE_TYPE|1/1/2023|5.000||||4/24/2024|12/31/9999|0.0500
54|49200330000EB|5.3700|5.4000|BASE_TYPE|1/1/2023|5.000||||4/24/2024|12/31/9999|0.0300
54|49200330000EB|5.4000|5.5000|BASE_TYPE|1/1/2023|5.000||||4/24/2024|12/31/9999|0.1000
54|49200330000EB|5.5000|5.6000|BASE_TYPE|1/1/2023|5.000||||4/24/2024|12/31/9999|0.1000
54|49200330000EB|5.6000|5.7000|BASE_TYPE|1/1/2023|5.000||||4/24/2024|12/31/9999|0.1000
54|49200330000EB|5.7000|5.8000|BASE_TYPE|1/1/2023|5.000||||4/24/2024|12/31/9999|0.1000
54|49200330000EB|5.8000|5.9000|BASE_TYPE|1/1/2023|5.000||||4/24/2024|12/31/9999|0.1000
54|49200330000EB|5.9000|6.0000|BASE_TYPE|1/1/2023|5.000||||4/24/2024|12/31/9999|0.1000
54|49200330000EB|6.0000|6.1000|BASE_TYPE|1/1/2023|5.000||||4/24/2024|12/31/9999|0.1000
54|49200330000EB|6.1000|6.2000|BASE_TYPE|1/1/2023|5.000||||4/24/2024|12/31/9999|0.1000
54|49200330000EB|6.2000|6.3000|BASE_TYPE|1/1/2023|5.000||||4/24/2024|12/31/9999|0.1000
54|49200330000EB|6.3000|6.4000|BASE_TYPE|1/1/2023|5.000||||4/24/2024|12/31/9999|0.1000
54|49200330000EB|6.4000|6.5000|BASE_TYPE|1/1/2023|5.000||||4/24/2024|12/31/9999|0.1000
54|49200330000EB|6.5000|6.6000|BASE_TYPE|1/1/2023|5.000||||4/24/2024|12/31/9999|0.1000
54|49200330000EB|6.6000|6.7000|BASE_TYPE|1/1/2023|5.000||||4/24/2024|12/31/9999|0.1000
54|49200330000EB|6.7000|6.8000|BASE_TYPE|1/1/2023|5.000||||4/24/2024|12/31/9999|0.1000
54|49200330000EB|6.8000|6.9000|BASE_TYPE|1/1/2023|5.000||||4/24/2024|12/31/9999|0.1000
54|49200330000EB|6.9000|7.0000|BASE_TYPE|1/1/2023|5.000||||4/24/2024|12/31/9999|0.1000
54|49200330000EB|7.0000|7.1000|BASE_TYPE|1/1/2023|5.000||||4/24/2024|12/31/9999|0.1000
54|49200330000EB|7.1000|7.1920|BASE_TYPE|1/1/2023|5.000||||4/24/2024|12/31/9999|0.0920
54|49200330000EB|8.3100|8.4000|BASE_TYPE|1/1/2023|5.000||||4/24/2024|12/31/9999|0.0900
54|49200330000EB|8.4000|8.5000|BASE_TYPE|1/1/2023|5.000||||4/24/2024|12/31/9999|0.1000
54|49200330000EB|8.5000|8.6000|BASE_TYPE|1/1/2023|5.000||||4/24/2024|12/31/9999|0.1000
54|49200330000EB|8.6000|8.7000|BASE_TYPE|1/1/2023|5.000||||4/24/2024|12/31/9999|0.1000
54|49200330000EB|8.7000|8.8000|BASE_TYPE|1/1/2023|5.000||||4/24/2024|12/31/9999|0.1000
54|49200330000EB|8.8000|8.9000|BASE_TYPE|1/1/2023|5.000||||4/24/2024|12/31/9999|0.1000
54|49200330000EB|8.9000|9.0000|BASE_TYPE|1/1/2023|5.000||||4/24/2024|12/31/9999|0.1000
54|49200330000EB|9.0000|9.1000|BASE_TYPE|1/1/2023|5.000||||4/24/2024|12/31/9999|0.1000
54|49200330000EB|9.1000|9.2000|BASE_TYPE|1/1/2023|5.000||||4/24/2024|12/31/9999|0.1000
54|49200330000EB|9.2000|9.3000|BASE_TYPE|1/1/2023|5.000||||4/24/2024|12/31/9999|0.1000
54|49200330000EB|9.3000|9.4000|BASE_TYPE|1/1/2023|5.000||||4/24/2024|12/31/9999|0.1000
54|49200330000EB|9.4000|9.5000|BASE_TYPE|1/1/2023|5.000||||4/24/2024|12/31/9999|0.1000
54|49200330000EB|9.5000|9.6000|BASE_TYPE|1/1/2023|5.000||||4/24/2024|12/31/9999|0.1000
54|49200330000EB|9.6000|9.7000|BASE_TYPE|1/1/2023|5.000||||4/24/2024|12/31/9999|0.1000
54|49200330000EB|9.7000|9.8000|BASE_TYPE|1/1/2023|5.000||||4/24/2024|12/31/9999|0.1000
54|49200330000EB|9.8000|9.9000|BASE_TYPE|1/1/2023|5.000||||4/24/2024|12/31/9999|0.1000
54|49200330000EB|9.9000|10.0000|BASE_TYPE|1/1/2023|5.000||||4/24/2024|12/31/9999|0.1000
54|49200330000EB|10.0000|10.1000|BASE_TYPE|1/1/2023|5.000||||4/24/2024|12/31/9999|0.1000
54|49200330000EB|10.1000|10.2000|BASE_TYPE|1/1/2023|5.000||||4/24/2024|12/31/9999|0.1000
54|49200330000EB|10.2000|10.3000|BASE_TYPE|1/1/2023|5.000||||4/24/2024|12/31/9999|0.1000
54|49200330000EB|10.3000|10.4000|BASE_TYPE|1/1/2023|5.000||||4/24/2024|12/31/9999|0.1000
54|49200330000EB|10.4000|10.5000|BASE_TYPE|1/1/2023|5.000||||4/24/2024|12/31/9999|0.1000
54|49200330000EB|10.5000|10.6000|BASE_TYPE|1/1/2023|5.000||||4/24/2024|12/31/9999|0.1000
54|49200330000EB|10.6000|10.7000|BASE_TYPE|1/1/2023|5.000||||4/24/2024|12/31/9999|0.1000
54|49200330000EB|10.7000|10.8000|BASE_TYPE|1/1/2023|5.000||||4/24/2024|12/31/9999|0.1000
54|49200330000EB|10.8000|10.8700|BASE_TYPE|1/1/2023|5.000||||4/24/2024|12/31/9999|0.0700
54|5130015000000|6.3000|8.4800|BASE_TYPE|1/1/2023|3.000||||4/24/2024|12/31/9999|2.1800
54|47300320005SB|0.0400|0.1000|BASE_TYPE|1/1/2023|5.000||||4/24/2024|12/31/9999|0.0600
54|47300320005SB|0.1000|0.1900|BASE_TYPE|1/1/2023|5.000||||4/24/2024|12/31/9999|0.0900
54|3830092000000|0.0000|5.8300|BASE_TYPE|1/1/2023|5.000||||4/24/2024|12/31/9999|5.8300
54|4240031000000|0.0000|1.8100|BASE_TYPE|1/1/2023|5.000||||4/24/2024|12/31/9999|1.8100
54|4730093000000|0.0000|0.1000|BASE_TYPE|1/1/2023|7.000||||4/24/2024|12/31/9999|0.1000
54|4730093000000|0.1000|0.1500|BASE_TYPE|1/1/2023|7.000||||4/24/2024|12/31/9999|0.0500
54|4730093000000|0.1500|0.2000|BASE_TYPE|1/1/2023|7.000||||4/24/2024|12/31/9999|0.0500
54|4730093000000|0.2000|0.3000|BASE_TYPE|1/1/2023|7.000||||4/24/2024|12/31/9999|0.1000
54|4730093000000|0.3000|0.4000|BASE_TYPE|1/1/2023|7.000||||4/24/2024|12/31/9999|0.1000
54|4730093000000|0.4000|0.5000|BASE_TYPE|1/1/2023|7.000||||4/24/2024|12/31/9999|0.1000
54|4730093000000|0.5000|0.6000|BASE_TYPE|1/1/2023|7.000||||4/24/2024|12/31/9999|0.1000
54|4730093000000|0.6000|0.7000|BASE_TYPE|1/1/2023|7.000||||4/24/2024|12/31/9999|0.1000
54|4730093000000|0.7000|0.8000|BASE_TYPE|1/1/2023|7.000||||4/24/2024|12/31/9999|0.1000
54|4730093000000|0.8000|0.9000|BASE_TYPE|1/1/2023|7.000||||4/24/2024|12/31/9999|0.1000
54|4730093000000|0.9000|0.9100|BASE_TYPE|1/1/2023|7.000||||4/24/2024|12/31/9999|0.0100
54|3630028000000|24.0700|24.3300|BASE_TYPE|1/1/2023|5.000||||4/24/2024|12/31/9999|0.2600
54|3630028000000|24.3300|25.5700|BASE_TYPE|1/1/2023|5.000||||4/24/2024|12/31/9999|1.2400
54|42202500000NB|9.7100|9.7700|BASE_TYPE|1/1/2023|5.000||||4/24/2024|12/31/9999|0.0600
54|42202500000NB|9.7700|9.8000|BASE_TYPE|1/1/2023|5.000||||4/24/2024|12/31/9999|0.0300
54|42202500000NB|9.8000|9.9000|BASE_TYPE|1/1/2023|5.000||||4/24/2024|12/31/9999|0.1000
54|42202500000NB|9.9000|10.0000|BASE_TYPE|1/1/2023|5.000||||4/24/2024|12/31/9999|0.1000
54|42202500000NB|10.0000|10.1000|BASE_TYPE|1/1/2023|5.000||||4/24/2024|12/31/9999|0.1000
54|42202500000NB|10.1000|10.2000|BASE_TYPE|1/1/2023|5.000||||4/24/2024|12/31/9999|0.1000
54|42202500000NB|10.2000|10.3000|BASE_TYPE|1/1/2023|5.000||||4/24/2024|12/31/9999|0.1000
54|42202500000NB|10.3000|10.4000|BASE_TYPE|1/1/2023|5.000||||4/24/2024|12/31/9999|0.1000
54|42202500000NB|10.4000|10.4200|BASE_TYPE|1/1/2023|5.000||||4/24/2024|12/31/9999|0.0200
54|42202500000NB|10.4200|10.5000|BASE_TYPE|1/1/2023|5.000||||4/24/2024|12/31/9999|0.0800
54|42202500000NB|10.5000|10.6000|BASE_TYPE|1/1/2023|5.000||||4/24/2024|12/31/9999|0.1000
54|42202500000NB|10.6000|10.7000|BASE_TYPE|1/1/2023|5.000||||4/24/2024|12/31/9999|0.1000
54|42202500000NB|10.7000|10.8000|BASE_TYPE|1/1/2023|5.000||||4/24/2024|12/31/9999|0.1000
54|42202500000NB|10.8000|10.9000|BASE_TYPE|1/1/2023|5.000||||4/24/2024|12/31/9999|0.1000
54|42202500000NB|10.9000|11.0000|BASE_TYPE|1/1/2023|5.000||||4/24/2024|12/31/9999|0.1000
54|42202500000NB|11.0000|11.1000|BASE_TYPE|1/1/2023|5.000||||4/24/2024|12/31/9999|0.1000
54|42202500000NB|11.1000|11.2000|BASE_TYPE|1/1/2023|5.000||||4/24/2024|12/31/9999|0.1000
54|42202500000NB|11.2000|11.3000|BASE_TYPE|1/1/2023|5.000||||4/24/2024|12/31/9999|0.1000
54|42202500000NB|11.3000|11.4000|BASE_TYPE|1/1/2023|5.000||||4/24/2024|12/31/9999|0.1000
54|42202500000NB|11.4000|11.5000|BASE_TYPE|1/1/2023|5.000||||4/24/2024|12/31/9999|0.1000
54|42202500000NB|11.5000|11.6000|BASE_TYPE|1/1/2023|5.000||||4/24/2024|12/31/9999|0.1000
54|42202500000NB|11.6000|11.7000|BASE_TYPE|1/1/2023|5.000||||4/24/2024|12/31/9999|0.1000
54|42202500000NB|11.7000|11.8000|BASE_TYPE|1/1/2023|5.000||||4/24/2024|12/31/9999|0.1000
54|42202500000NB|11.8000|11.9000|BASE_TYPE|1/1/2023|5.000||||4/24/2024|12/31/9999|0.1000
54|42202500000NB|11.9000|12.0000|BASE_TYPE|1/1/2023|5.000||||4/24/2024|12/31/9999|0.1000
54|42202500000NB|12.0000|12.1000|BASE_TYPE|1/1/2023|5.000||||4/24/2024|12/31/9999|0.1000
54|42202500000NB|12.1000|12.2000|BASE_TYPE|1/1/2023|5.000||||4/24/2024|12/31/9999|0.1000
54|42202500000NB|12.2000|12.3000|BASE_TYPE|1/1/2023|5.000||||4/24/2024|12/31/9999|0.1000
54|42202500000NB|12.3000|12.4000|BASE_TYPE|1/1/2023|5.000||||4/24/2024|12/31/9999|0.1000
54|42202500000NB|12.4000|12.4500|BASE_TYPE|1/1/2023|5.000||||4/24/2024|12/31/9999|0.0500
54|38202190000NB|0.0000|0.1000|BASE_TYPE|1/1/2023|5.000||||4/24/2024|12/31/9999|0.1000
54|38202190000NB|0.1000|0.2000|BASE_TYPE|1/1/2023|5.000||||4/24/2024|12/31/9999|0.1000
54|38202190000NB|0.2000|0.3000|BASE_TYPE|1/1/2023|5.000||||4/24/2024|12/31/9999|0.1000
54|38202190000NB|0.3000|0.4000|BASE_TYPE|1/1/2023|5.000||||4/24/2024|12/31/9999|0.1000
54|38202190000NB|0.4000|0.5000|BASE_TYPE|1/1/2023|5.000||||4/24/2024|12/31/9999|0.1000
54|38202190000NB|0.5000|0.6000|BASE_TYPE|1/1/2023|5.000||||4/24/2024|12/31/9999|0.1000
54|38202190000NB|0.6000|0.7000|BASE_TYPE|1/1/2023|5.000||||4/24/2024|12/31/9999|0.1000
54|38202190000NB|0.7000|0.8000|BASE_TYPE|1/1/2023|5.000||||4/24/2024|12/31/9999|0.1000
54|38202190000NB|0.8000|0.9000|BASE_TYPE|1/1/2023|5.000||||4/24/2024|12/31/9999|0.1000
54|38202190000NB|0.9000|1.0000|BASE_TYPE|1/1/2023|5.000||||4/24/2024|12/31/9999|0.1000
54|38202190000NB|1.0000|1.1000|BASE_TYPE|1/1/2023|5.000||||4/24/2024|12/31/9999|0.1000
54|38202190000NB|1.1000|1.2000|BASE_TYPE|1/1/2023|5.000||||4/24/2024|12/31/9999|0.1000
54|38202190000NB|1.2000|1.3000|BASE_TYPE|1/1/2023|5.000||||4/24/2024|12/31/9999|0.1000
54|38202190000NB|1.3000|1.4000|BASE_TYPE|1/1/2023|5.000||||4/24/2024|12/31/9999|0.1000
54|38202190000NB|1.4000|1.5000|BASE_TYPE|1/1/2023|5.000||||4/24/2024|12/31/9999|0.1000
54|38202190000NB|1.5000|1.6000|BASE_TYPE|1/1/2023|5.000||||4/24/2024|12/31/9999|0.1000
54|38202190000NB|1.6000|1.7000|BASE_TYPE|1/1/2023|5.000||||4/24/2024|12/31/9999|0.1000
54|38202190000NB|1.7000|1.8000|BASE_TYPE|1/1/2023|5.000||||4/24/2024|12/31/9999|0.1000
54|38202190000NB|1.8000|1.9000|BASE_TYPE|1/1/2023|5.000||||4/24/2024|12/31/9999|0.1000
54|38202190000NB|1.9000|2.0000|BASE_TYPE|1/1/2023|5.000||||4/24/2024|12/31/9999|0.1000
54|38202190000NB|2.0000|2.1000|BASE_TYPE|1/1/2023|5.000||||4/24/2024|12/31/9999|0.1000
54|38202190000NB|2.1000|2.2000|BASE_TYPE|1/1/2023|5.000||||4/24/2024|12/31/9999|0.1000
54|38202190000NB|2.2000|2.3000|BASE_TYPE|1/1/2023|5.000||||4/24/2024|12/31/9999|0.1000
54|38202190000NB|2.3000|2.4000|BASE_TYPE|1/1/2023|5.000||||4/24/2024|12/31/9999|0.1000
54|38202190000NB|2.4000|2.5000|BASE_TYPE|1/1/2023|5.000||||4/24/2024|12/31/9999|0.1000
54|38202190000NB|2.5000|2.6000|BASE_TYPE|1/1/2023|5.000||||4/24/2024|12/31/9999|0.1000
54|38202190000NB|2.6000|2.7000|BASE_TYPE|1/1/2023|5.000||||4/24/2024|12/31/9999|0.1000
54|38202190000NB|2.7000|2.8000|BASE_TYPE|1/1/2023|5.000||||4/24/2024|12/31/9999|0.1000
54|38202190000NB|2.8000|2.9000|BASE_TYPE|1/1/2023|5.000||||4/24/2024|12/31/9999|0.1000
54|38202190000NB|2.9000|3.0000|BASE_TYPE|1/1/2023|5.000||||4/24/2024|12/31/9999|0.1000
54|38202190000NB|3.0000|3.1000|BASE_TYPE|1/1/2023|5.000||||4/24/2024|12/31/9999|0.1000
54|38202190000NB|3.1000|3.2000|BASE_TYPE|1/1/2023|5.000||||4/24/2024|12/31/9999|0.1000
54|38202190000NB|3.2000|3.3000|BASE_TYPE|1/1/2023|5.000||||4/24/2024|12/31/9999|0.1000
54|38202190000NB|3.3000|3.4000|BASE_TYPE|1/1/2023|5.000||||4/24/2024|12/31/9999|0.1000
54|38202190000NB|3.4000|3.5000|BASE_TYPE|1/1/2023|5.000||||4/24/2024|12/31/9999|0.1000
54|38202190000NB|3.5000|3.6000|BASE_TYPE|1/1/2023|5.000||||4/24/2024|12/31/9999|0.1000
54|38202190000NB|3.6000|3.6900|BASE_TYPE|1/1/2023|5.000||||4/24/2024|12/31/9999|0.0900
54|38202190000NB|3.6900|3.7000|BASE_TYPE|1/1/2023|5.000||||4/24/2024|12/31/9999|0.0100
54|38202190000NB|3.7000|3.8000|BASE_TYPE|1/1/2023|5.000||||4/24/2024|12/31/9999|0.1000
54|38202190000NB|3.8000|3.9000|BASE_TYPE|1/1/2023|5.000||||4/24/2024|12/31/9999|0.1000
54|38202190000NB|3.9000|4.0000|BASE_TYPE|1/1/2023|5.000||||4/24/2024|12/31/9999|0.1000
54|38202190000NB|4.0000|4.1000|BASE_TYPE|1/1/2023|5.000||||4/24/2024|12/31/9999|0.1000
54|38202190000NB|4.1000|4.2000|BASE_TYPE|1/1/2023|5.000||||4/24/2024|12/31/9999|0.1000
54|38202190000NB|4.2000|4.3000|BASE_TYPE|1/1/2023|5.000||||4/24/2024|12/31/9999|0.1000
54|38202190000NB|4.3000|4.3700|BASE_TYPE|1/1/2023|5.000||||4/24/2024|12/31/9999|0.0700
54|38202190000NB|4.3700|4.4000|BASE_TYPE|1/1/2023|5.000||||4/24/2024|12/31/9999|0.0300
54|38202190000NB|4.4000|4.5000|BASE_TYPE|1/1/2023|5.000||||4/24/2024|12/31/9999|0.1000
54|38202190000NB|4.5000|4.6000|BASE_TYPE|1/1/2023|5.000||||4/24/2024|12/31/9999|0.1000
54|38202190000NB|4.6000|4.7000|BASE_TYPE|1/1/2023|5.000||||4/24/2024|12/31/9999|0.1000
54|38202190000NB|4.7000|4.8000|BASE_TYPE|1/1/2023|5.000||||4/24/2024|12/31/9999|0.1000
54|38202190000NB|4.8000|4.9000|BASE_TYPE|1/1/2023|5.000||||4/24/2024|12/31/9999|0.1000
54|38202190000NB|4.9000|5.0000|BASE_TYPE|1/1/2023|5.000||||4/24/2024|12/31/9999|0.1000
54|38202190000NB|5.0000|5.1000|BASE_TYPE|1/1/2023|5.000||||4/24/2024|12/31/9999|0.1000
54|38202190000NB|5.1000|5.2000|BASE_TYPE|1/1/2023|5.000||||4/24/2024|12/31/9999|0.1000
54|38202190000NB|5.2000|5.3000|BASE_TYPE|1/1/2023|5.000||||4/24/2024|12/31/9999|0.1000
54|38202190000NB|5.3000|5.4000|BASE_TYPE|1/1/2023|5.000||||4/24/2024|12/31/9999|0.1000
54|38202190000NB|5.4000|5.5000|BASE_TYPE|1/1/2023|5.000||||4/24/2024|12/31/9999|0.1000
54|38202190000NB|5.5000|5.6000|BASE_TYPE|1/1/2023|5.000||||4/24/2024|12/31/9999|0.1000
54|38202190000NB|5.6000|5.7000|BASE_TYPE|1/1/2023|5.000||||4/24/2024|12/31/9999|0.1000
54|38202190000NB|5.7000|5.8000|BASE_TYPE|1/1/2023|5.000||||4/24/2024|12/31/9999|0.1000
54|38202190000NB|5.8000|5.9000|BASE_TYPE|1/1/2023|5.000||||4/24/2024|12/31/9999|0.1000
54|38202190000NB|5.9000|6.0000|BASE_TYPE|1/1/2023|5.000||||4/24/2024|12/31/9999|0.1000
54|38202190000NB|6.0000|6.0100|BASE_TYPE|1/1/2023|5.000||||4/24/2024|12/31/9999|0.0100
54|38202190000NB|6.0100|6.1000|BASE_TYPE|1/1/2023|5.000||||4/24/2024|12/31/9999|0.0900
54|38202190000NB|6.1000|6.2000|BASE_TYPE|1/1/2023|5.000||||4/24/2024|12/31/9999|0.1000
54|38202190000NB|6.2000|6.3000|BASE_TYPE|1/1/2023|5.000||||4/24/2024|12/31/9999|0.1000
54|38202190000NB|6.3000|6.4000|BASE_TYPE|1/1/2023|5.000||||4/24/2024|12/31/9999|0.1000
54|38202190000NB|6.4000|6.5000|BASE_TYPE|1/1/2023|5.000||||4/24/2024|12/31/9999|0.1000
54|38202190000NB|6.5000|6.6000|BASE_TYPE|1/1/2023|5.000||||4/24/2024|12/31/9999|0.1000
54|38202190000NB|6.6000|6.7000|BASE_TYPE|1/1/2023|5.000||||4/24/2024|12/31/9999|0.1000
54|38202190000NB|6.7000|6.8000|BASE_TYPE|1/1/2023|5.000||||4/24/2024|12/31/9999|0.1000
54|38202190000NB|6.8000|6.9000|BASE_TYPE|1/1/2023|5.000||||4/24/2024|12/31/9999|0.1000
54|38202190000NB|6.9000|7.0000|BASE_TYPE|1/1/2023|5.000||||4/24/2024|12/31/9999|0.1000
54|38202190000NB|7.0000|7.1000|BASE_TYPE|1/1/2023|5.000||||4/24/2024|12/31/9999|0.1000
54|38202190000NB|7.1000|7.1500|BASE_TYPE|1/1/2023|5.000||||4/24/2024|12/31/9999|0.0500
54|38202190000NB|7.7700|7.8000|BASE_TYPE|1/1/2023|5.000||||4/24/2024|12/31/9999|0.0300
54|38202190000NB|7.8000|7.9000|BASE_TYPE|1/1/2023|5.000||||4/24/2024|12/31/9999|0.1000
54|38202190000NB|7.9000|8.0000|BASE_TYPE|1/1/2023|5.000||||4/24/2024|12/31/9999|0.1000
54|38202190000NB|8.0000|8.1000|BASE_TYPE|1/1/2023|5.000||||4/24/2024|12/31/9999|0.1000
54|38202190000NB|8.1000|8.2000|BASE_TYPE|1/1/2023|5.000||||4/24/2024|12/31/9999|0.1000
54|38202190000NB|8.2000|8.3000|BASE_TYPE|1/1/2023|5.000||||4/24/2024|12/31/9999|0.1000
54|38202190000NB|8.3000|8.4000|BASE_TYPE|1/1/2023|5.000||||4/24/2024|12/31/9999|0.1000
54|38202190000NB|8.4000|8.5000|BASE_TYPE|1/1/2023|5.000||||4/24/2024|12/31/9999|0.1000
54|38202190000NB|8.5000|8.6000|BASE_TYPE|1/1/2023|5.000||||4/24/2024|12/31/9999|0.1000
54|38202190000NB|8.6000|8.7000|BASE_TYPE|1/1/2023|5.000||||4/24/2024|12/31/9999|0.1000
54|38202190000NB|8.7000|8.8000|BASE_TYPE|1/1/2023|5.000||||4/24/2024|12/31/9999|0.1000
54|38202190000NB|8.8000|8.9000|BASE_TYPE|1/1/2023|5.000||||4/24/2024|12/31/9999|0.1000
54|38202190000NB|8.9000|9.0000|BASE_TYPE|1/1/2023|5.000||||4/24/2024|12/31/9999|0.1000
54|38202190000NB|9.0000|9.1000|BASE_TYPE|1/1/2023|5.000||||4/24/2024|12/31/9999|0.1000
54|38202190000NB|9.1000|9.2000|BASE_TYPE|1/1/2023|5.000||||4/24/2024|12/31/9999|0.1000
54|38202190000NB|9.2000|9.3000|BASE_TYPE|1/1/2023|5.000||||4/24/2024|12/31/9999|0.1000
54|38202190000NB|9.3000|9.4000|BASE_TYPE|1/1/2023|5.000||||4/24/2024|12/31/9999|0.1000
54|38202190000NB|9.4000|9.5000|BASE_TYPE|1/1/2023|5.000||||4/24/2024|12/31/9999|0.1000
54|38202190000NB|9.5000|9.6000|BASE_TYPE|1/1/2023|5.000||||4/24/2024|12/31/9999|0.1000
54|38202190000NB|9.6000|9.7000|BASE_TYPE|1/1/2023|5.000||||4/24/2024|12/31/9999|0.1000
54|38202190000NB|9.7000|9.8000|BASE_TYPE|1/1/2023|5.000||||4/24/2024|12/31/9999|0.1000
54|38202190000NB|9.8000|9.8200|BASE_TYPE|1/1/2023|5.000||||4/24/2024|12/31/9999|0.0200
54|38202190000NB|14.1500|14.2000|BASE_TYPE|1/1/2023|5.000||||4/24/2024|12/31/9999|0.0500
54|38202190000NB|14.2000|14.3000|BASE_TYPE|1/1/2023|5.000||||4/24/2024|12/31/9999|0.1000
54|38202190000NB|14.3000|14.4000|BASE_TYPE|1/1/2023|5.000||||4/24/2024|12/31/9999|0.1000
54|38202190000NB|14.4000|14.5000|BASE_TYPE|1/1/2023|5.000||||4/24/2024|12/31/9999|0.1000
54|38202190000NB|14.5000|14.6000|BASE_TYPE|1/1/2023|5.000||||4/24/2024|12/31/9999|0.1000
54|38202190000NB|14.6000|14.6700|BASE_TYPE|1/1/2023|5.000||||4/24/2024|12/31/9999|0.0700
54|38202190000NB|19.5800|19.6000|BASE_TYPE|1/1/2023|5.000||||4/24/2024|12/31/9999|0.0200
54|38202190000NB|19.6000|19.7000|BASE_TYPE|1/1/2023|5.000||||4/24/2024|12/31/9999|0.1000
54|38202190000NB|19.7000|19.8000|BASE_TYPE|1/1/2023|5.000||||4/24/2024|12/31/9999|0.1000
54|38202190000NB|19.8000|19.9000|BASE_TYPE|1/1/2023|5.000||||4/24/2024|12/31/9999|0.1000
54|38202190000NB|19.9000|20.0000|BASE_TYPE|1/1/2023|5.000||||4/24/2024|12/31/9999|0.1000
54|38202190000NB|20.0000|20.1000|BASE_TYPE|1/1/2023|5.000||||4/24/2024|12/31/9999|0.1000
54|38202190000NB|20.1000|20.2000|BASE_TYPE|1/1/2023|5.000||||4/24/2024|12/31/9999|0.1000
54|38202190000NB|20.2000|20.3000|BASE_TYPE|1/1/2023|5.000||||4/24/2024|12/31/9999|0.1000
54|38202190000NB|20.3000|20.4000|BASE_TYPE|1/1/2023|5.000||||4/24/2024|12/31/9999|0.1000
54|38202190000NB|20.4000|20.5000|BASE_TYPE|1/1/2023|5.000||||4/24/2024|12/31/9999|0.1000
54|38202190000NB|20.5000|20.6000|BASE_TYPE|1/1/2023|5.000||||4/24/2024|12/31/9999|0.1000
54|38202190000NB|20.6000|20.7000|BASE_TYPE|1/1/2023|5.000||||4/24/2024|12/31/9999|0.1000
54|38202190000NB|20.7000|20.8000|BASE_TYPE|1/1/2023|5.000||||4/24/2024|12/31/9999|0.1000
54|38202190000NB|20.8000|20.9000|BASE_TYPE|1/1/2023|5.000||||4/24/2024|12/31/9999|0.1000
54|38202190000NB|20.9000|21.0000|BASE_TYPE|1/1/2023|5.000||||4/24/2024|12/31/9999|0.1000
54|38202190000NB|21.0000|21.1000|BASE_TYPE|1/1/2023|5.000||||4/24/2024|12/31/9999|0.1000
54|38202190000NB|21.1000|21.2000|BASE_TYPE|1/1/2023|5.000||||4/24/2024|12/31/9999|0.1000
54|38202190000NB|21.2000|21.3000|BASE_TYPE|1/1/2023|5.000||||4/24/2024|12/31/9999|0.1000
54|38202190000NB|21.3000|21.4000|BASE_TYPE|1/1/2023|5.000||||4/24/2024|12/31/9999|0.1000
54|38202190000NB|21.4000|21.5000|BASE_TYPE|1/1/2023|5.000||||4/24/2024|12/31/9999|0.1000
54|38202190000NB|21.5000|21.6000|BASE_TYPE|1/1/2023|5.000||||4/24/2024|12/31/9999|0.1000
54|38202190000NB|21.6000|21.6900|BASE_TYPE|1/1/2023|5.000||||4/24/2024|12/31/9999|0.0900
54|38202190000NB|21.6900|21.7000|BASE_TYPE|1/1/2023|5.000||||4/24/2024|12/31/9999|0.0100
54|38202190000NB|21.7000|21.8000|BASE_TYPE|1/1/2023|5.000||||4/24/2024|12/31/9999|0.1000
54|38202190000NB|21.8000|21.8400|BASE_TYPE|1/1/2023|5.000||||4/24/2024|12/31/9999|0.0400
54|38202190000NB|26.5400|26.6000|BASE_TYPE|1/1/2023|5.000||||4/24/2024|12/31/9999|0.0600
54|38202190000NB|26.6000|26.7000|BASE_TYPE|1/1/2023|5.000||||4/24/2024|12/31/9999|0.1000
54|38202190000NB|26.7000|26.8000|BASE_TYPE|1/1/2023|5.000||||4/24/2024|12/31/9999|0.1000
54|38202190000NB|26.8000|26.9000|BASE_TYPE|1/1/2023|5.000||||4/24/2024|12/31/9999|0.1000
54|38202190000NB|26.9000|27.0000|BASE_TYPE|1/1/2023|5.000||||4/24/2024|12/31/9999|0.1000
54|38202190000NB|27.0000|27.1000|BASE_TYPE|1/1/2023|5.000||||4/24/2024|12/31/9999|0.1000
54|38202190000NB|27.1000|27.2000|BASE_TYPE|1/1/2023|5.000||||4/24/2024|12/31/9999|0.1000
54|38202190000NB|27.2000|27.3000|BASE_TYPE|1/1/2023|5.000||||4/24/2024|12/31/9999|0.1000
54|38202190000NB|27.3000|27.4000|BASE_TYPE|1/1/2023|5.000||||4/24/2024|12/31/9999|0.1000
54|38202190000NB|27.4000|27.5000|BASE_TYPE|1/1/2023|5.000||||4/24/2024|12/31/9999|0.1000
54|38202190000NB|27.5000|27.6000|BASE_TYPE|1/1/2023|5.000||||4/24/2024|12/31/9999|0.1000
54|38202190000NB|27.6000|27.7000|BASE_TYPE|1/1/2023|5.000||||4/24/2024|12/31/9999|0.1000
54|38202190000NB|27.7000|27.8000|BASE_TYPE|1/1/2023|5.000||||4/24/2024|12/31/9999|0.1000
54|38202190000NB|27.8000|27.9000|BASE_TYPE|1/1/2023|5.000||||4/24/2024|12/31/9999|0.1000
54|38202190000NB|27.9000|28.0000|BASE_TYPE|1/1/2023|5.000||||4/24/2024|12/31/9999|0.1000
54|38202190000NB|28.0000|28.1000|BASE_TYPE|1/1/2023|5.000||||4/24/2024|12/31/9999|0.1000
54|38202190000NB|28.1000|28.2000|BASE_TYPE|1/1/2023|5.000||||4/24/2024|12/31/9999|0.1000
54|38202190000NB|28.2000|28.3000|BASE_TYPE|1/1/2023|5.000||||4/24/2024|12/31/9999|0.1000
54|38202190000NB|28.3000|28.4000|BASE_TYPE|1/1/2023|5.000||||4/24/2024|12/31/9999|0.1000
54|38202190000NB|28.4000|28.5000|BASE_TYPE|1/1/2023|5.000||||4/24/2024|12/31/9999|0.1000
54|38202190000NB|28.5000|28.6000|BASE_TYPE|1/1/2023|5.000||||4/24/2024|12/31/9999|0.1000
54|38202190000NB|28.6000|28.7000|BASE_TYPE|1/1/2023|5.000||||4/24/2024|12/31/9999|0.1000
54|38202190000NB|28.7000|28.8000|BASE_TYPE|1/1/2023|5.000||||4/24/2024|12/31/9999|0.1000
54|38202190000NB|28.8000|28.9000|BASE_TYPE|1/1/2023|5.000||||4/24/2024|12/31/9999|0.1000
54|38202190000NB|28.9000|29.0000|BASE_TYPE|1/1/2023|5.000||||4/24/2024|12/31/9999|0.1000
54|38202190000NB|29.0000|29.1000|BASE_TYPE|1/1/2023|5.000||||4/24/2024|12/31/9999|0.1000
54|38202190000NB|29.1000|29.1200|BASE_TYPE|1/1/2023|5.000||||4/24/2024|12/31/9999|0.0200
54|38202190000NB|34.4700|34.5000|BASE_TYPE|1/1/2023|5.000||||4/24/2024|12/31/9999|0.0300
54|38202190000NB|34.5000|34.5700|BASE_TYPE|1/1/2023|5.000||||4/24/2024|12/31/9999|0.0700
54|38202190000NB|34.5700|34.6000|BASE_TYPE|1/1/2023|5.000||||4/24/2024|12/31/9999|0.0300
54|38202190000NB|34.6000|34.7000|BASE_TYPE|1/1/2023|5.000||||4/24/2024|12/31/9999|0.1000
54|38202190000NB|34.7000|34.7800|BASE_TYPE|1/1/2023|5.000||||4/24/2024|12/31/9999|0.0800
54|38202190000NB|34.7900|34.8000|BASE_TYPE|1/1/2023|5.000||||4/24/2024|12/31/9999|0.0100
54|38202190000NB|34.8000|34.9000|BASE_TYPE|1/1/2023|5.000||||4/24/2024|12/31/9999|0.1000
54|38202190000NB|34.9000|35.0000|BASE_TYPE|1/1/2023|5.000||||4/24/2024|12/31/9999|0.1000
54|38202190000NB|35.0000|35.1000|BASE_TYPE|1/1/2023|5.000||||4/24/2024|12/31/9999|0.1000
54|38202190000NB|35.1000|35.2000|BASE_TYPE|1/1/2023|5.000||||4/24/2024|12/31/9999|0.1000
54|38202190000NB|35.2000|35.3000|BASE_TYPE|1/1/2023|5.000||||4/24/2024|12/31/9999|0.1000
54|38202190000NB|35.3000|35.4000|BASE_TYPE|1/1/2023|5.000||||4/24/2024|12/31/9999|0.1000
54|38202190000NB|35.4000|35.5000|BASE_TYPE|1/1/2023|5.000||||4/24/2024|12/31/9999|0.1000
54|38202190000NB|35.5000|35.6000|BASE_TYPE|1/1/2023|5.000||||4/24/2024|12/31/9999|0.1000
54|38202190000NB|35.6000|35.7000|BASE_TYPE|1/1/2023|5.000||||4/24/2024|12/31/9999|0.1000
54|38202190000NB|35.7000|35.8000|BASE_TYPE|1/1/2023|5.000||||4/24/2024|12/31/9999|0.1000
54|38202190000NB|35.8000|35.9000|BASE_TYPE|1/1/2023|5.000||||4/24/2024|12/31/9999|0.1000
54|38202190000NB|35.9000|36.0000|BASE_TYPE|1/1/2023|5.000||||4/24/2024|12/31/9999|0.1000
54|38202190000NB|36.0000|36.1000|BASE_TYPE|1/1/2023|5.000||||4/24/2024|12/31/9999|0.1000
54|38202190000NB|36.1000|36.2000|BASE_TYPE|1/1/2023|5.000||||4/24/2024|12/31/9999|0.1000
54|38202190000NB|36.2000|36.3000|BASE_TYPE|1/1/2023|5.000||||4/24/2024|12/31/9999|0.1000
54|38202190000NB|36.3000|36.4000|BASE_TYPE|1/1/2023|5.000||||4/24/2024|12/31/9999|0.1000
54|38202190000NB|36.4000|36.5000|BASE_TYPE|1/1/2023|5.000||||4/24/2024|12/31/9999|0.1000
54|38202190000NB|36.5000|36.6000|BASE_TYPE|1/1/2023|5.000||||4/24/2024|12/31/9999|0.1000
54|38202190000NB|36.6000|36.7000|BASE_TYPE|1/1/2023|5.000||||4/24/2024|12/31/9999|0.1000
54|38202190000NB|36.7000|36.8000|BASE_TYPE|1/1/2023|5.000||||4/24/2024|12/31/9999|0.1000
54|38202190000NB|36.8000|36.9000|BASE_TYPE|1/1/2023|5.000||||4/24/2024|12/31/9999|0.1000
54|38202190000NB|36.9000|37.0000|BASE_TYPE|1/1/2023|5.000||||4/24/2024|12/31/9999|0.1000
54|38202190000NB|37.0000|37.1000|BASE_TYPE|1/1/2023|5.000||||4/24/2024|12/31/9999|0.1000
54|38202190000NB|37.1000|37.2000|BASE_TYPE|1/1/2023|5.000||||4/24/2024|12/31/9999|0.1000
54|38202190000NB|37.2000|37.3000|BASE_TYPE|1/1/2023|5.000||||4/24/2024|12/31/9999|0.1000
54|38202190000NB|37.3000|37.4000|BASE_TYPE|1/1/2023|5.000||||4/24/2024|12/31/9999|0.1000
54|38202190000NB|37.4000|37.5000|BASE_TYPE|1/1/2023|5.000||||4/24/2024|12/31/9999|0.1000
54|38202190000NB|37.5000|37.6000|BASE_TYPE|1/1/2023|5.000||||4/24/2024|12/31/9999|0.1000
54|38202190000NB|37.6000|37.7000|BASE_TYPE|1/1/2023|5.000||||4/24/2024|12/31/9999|0.1000
54|38202190000NB|37.7000|37.8000|BASE_TYPE|1/1/2023|5.000||||4/24/2024|12/31/9999|0.1000
54|38202190000NB|37.8000|37.8900|BASE_TYPE|1/1/2023|5.000||||4/24/2024|12/31/9999|0.0900
54|3830039000000|27.7800|28.0800|BASE_TYPE|1/1/2023|5.000||||4/24/2024|12/31/9999|0.3000
54|4240033070000|0.0000|0.4300|BASE_TYPE|1/1/2023|8.000||||4/24/2024|12/31/9999|0.4300
54|36200330000EB|5.4900|5.5000|BASE_TYPE|1/1/2023|5.000||||4/24/2024|12/31/9999|0.0100
54|36200330000EB|5.5000|5.6000|BASE_TYPE|1/1/2023|5.000||||4/24/2024|12/31/9999|0.1000
54|36200330000EB|5.6000|5.7000|BASE_TYPE|1/1/2023|5.000||||4/24/2024|12/31/9999|0.1000
54|36200330000EB|5.7000|5.8000|BASE_TYPE|1/1/2023|5.000||||4/24/2024|12/31/9999|0.1000
54|36200330000EB|5.8000|5.9000|BASE_TYPE|1/1/2023|5.000||||4/24/2024|12/31/9999|0.1000
54|36200330000EB|5.9000|5.9200|BASE_TYPE|1/1/2023|5.000||||4/24/2024|12/31/9999|0.0200
54|4272254001900|0.0000|0.0700|BASE_TYPE|1/1/2023|5.000||||4/24/2024|12/31/9999|0.0700
54|4272254001900|0.0700|0.3000|BASE_TYPE|1/1/2023|5.000||||4/24/2024|12/31/9999|0.2300
54|42200330000EB|9.5000|9.6000|BASE_TYPE|1/1/2023|5.000||||4/24/2024|12/31/9999|0.1000
54|42200330000EB|9.6000|9.7000|BASE_TYPE|1/1/2023|5.000||||4/24/2024|12/31/9999|0.1000
54|42200330000EB|9.7000|9.7400|BASE_TYPE|1/1/2023|5.000||||4/24/2024|12/31/9999|0.0400
54|42200330000EB|10.2600|10.3000|BASE_TYPE|1/1/2023|5.000||||4/24/2024|12/31/9999|0.0400
54|42200330000EB|10.3000|10.4000|BASE_TYPE|1/1/2023|5.000||||4/24/2024|12/31/9999|0.1000
54|42200330000EB|10.4000|10.4100|BASE_TYPE|1/1/2023|5.000||||4/24/2024|12/31/9999|0.0100
54|42200330000EB|10.4100|10.5000|BASE_TYPE|1/1/2023|5.000||||4/24/2024|12/31/9999|0.0900
54|42200330000EB|10.5000|10.6000|BASE_TYPE|1/1/2023|5.000||||4/24/2024|12/31/9999|0.1000
54|42200330000EB|10.6000|10.7000|BASE_TYPE|1/1/2023|5.000||||4/24/2024|12/31/9999|0.1000
54|42200330000EB|10.7000|10.8000|BASE_TYPE|1/1/2023|5.000||||4/24/2024|12/31/9999|0.1000
54|42200330000EB|10.8000|10.9000|BASE_TYPE|1/1/2023|5.000||||4/24/2024|12/31/9999|0.1000
54|42200330000EB|10.9000|10.9900|BASE_TYPE|1/1/2023|5.000||||4/24/2024|12/31/9999|0.0900
54|47202190000NB|5.5700|5.6000|BASE_TYPE|1/1/2023|5.000||||4/24/2024|12/31/9999|0.0300
54|47202190000NB|5.6000|5.7000|BASE_TYPE|1/1/2023|5.000||||4/24/2024|12/31/9999|0.1000
54|47202190000NB|5.7000|5.8000|BASE_TYPE|1/1/2023|5.000||||4/24/2024|12/31/9999|0.1000
54|47202190000NB|5.8000|5.9000|BASE_TYPE|1/1/2023|5.000||||4/24/2024|12/31/9999|0.1000
54|47202190000NB|13.1000|13.1300|BASE_TYPE|1/1/2023|5.000||||4/24/2024|12/31/9999|0.0300
54|47202190000NB|13.1300|13.2000|BASE_TYPE|1/1/2023|5.000||||4/24/2024|12/31/9999|0.0700
54|47202190000NB|13.2000|13.3000|BASE_TYPE|1/1/2023|5.000||||4/24/2024|12/31/9999|0.1000
54|47202190000NB|13.3000|13.4000|BASE_TYPE|1/1/2023|5.000||||4/24/2024|12/31/9999|0.1000
54|47202190000NB|13.4000|13.5000|BASE_TYPE|1/1/2023|5.000||||4/24/2024|12/31/9999|0.1000
54|47202190000NB|13.5000|13.6000|BASE_TYPE|1/1/2023|5.000||||4/24/2024|12/31/9999|0.1000
54|47202190000NB|13.6000|13.7000|BASE_TYPE|1/1/2023|5.000||||4/24/2024|12/31/9999|0.1000
54|47202190000NB|13.7000|13.8000|BASE_TYPE|1/1/2023|5.000||||4/24/2024|12/31/9999|0.1000
54|47202190000NB|13.8000|13.9000|BASE_TYPE|1/1/2023|5.000||||4/24/2024|12/31/9999|0.1000
54|47202190000NB|13.9000|14.0000|BASE_TYPE|1/1/2023|5.000||||4/24/2024|12/31/9999|0.1000
54|47202190000NB|14.0000|14.1000|BASE_TYPE|1/1/2023|5.000||||4/24/2024|12/31/9999|0.1000
54|47202190000NB|14.1000|14.2000|BASE_TYPE|1/1/2023|5.000||||4/24/2024|12/31/9999|0.1000
54|47202190000NB|14.2000|14.3000|BASE_TYPE|1/1/2023|5.000||||4/24/2024|12/31/9999|0.1000
54|47202190000NB|14.3000|14.4000|BASE_TYPE|1/1/2023|5.000||||4/24/2024|12/31/9999|0.1000
54|47202190000NB|14.4000|14.5000|BASE_TYPE|1/1/2023|5.000||||4/24/2024|12/31/9999|0.1000
54|47202190000NB|14.5000|14.6000|BASE_TYPE|1/1/2023|5.000||||4/24/2024|12/31/9999|0.1000
54|47202190000NB|14.6000|14.7000|BASE_TYPE|1/1/2023|5.000||||4/24/2024|12/31/9999|0.1000
54|47202190000NB|14.7000|14.8000|BASE_TYPE|1/1/2023|5.000||||4/24/2024|12/31/9999|0.1000
54|47202190000NB|14.8000|14.9000|BASE_TYPE|1/1/2023|5.000||||4/24/2024|12/31/9999|0.1000
54|47202190000NB|14.9000|15.0000|BASE_TYPE|1/1/2023|5.000||||4/24/2024|12/31/9999|0.1000
54|47202190000NB|15.0000|15.1000|BASE_TYPE|1/1/2023|5.000||||4/24/2024|12/31/9999|0.1000
54|47202190000NB|15.1000|15.2000|BASE_TYPE|1/1/2023|5.000||||4/24/2024|12/31/9999|0.1000
54|47202190000NB|15.2000|15.3000|BASE_TYPE|1/1/2023|5.000||||4/24/2024|12/31/9999|0.1000
54|47202190000NB|15.3000|15.4000|BASE_TYPE|1/1/2023|5.000||||4/24/2024|12/31/9999|0.1000
54|47202190000NB|15.4000|15.5000|BASE_TYPE|1/1/2023|5.000||||4/24/2024|12/31/9999|0.1000
54|47202190000NB|15.5000|15.6000|BASE_TYPE|1/1/2023|5.000||||4/24/2024|12/31/9999|0.1000
54|47202190000NB|15.6000|15.7000|BASE_TYPE|1/1/2023|5.000||||4/24/2024|12/31/9999|0.1000
54|47202190000NB|15.7000|15.8000|BASE_TYPE|1/1/2023|5.000||||4/24/2024|12/31/9999|0.1000
54|47202190000NB|15.8000|15.9000|BASE_TYPE|1/1/2023|5.000||||4/24/2024|12/31/9999|0.1000
54|47202190000NB|15.9000|16.0000|BASE_TYPE|1/1/2023|5.000||||4/24/2024|12/31/9999|0.1000
54|47202190000NB|16.0000|16.1000|BASE_TYPE|1/1/2023|5.000||||4/24/2024|12/31/9999|0.1000
54|47202190000NB|16.1000|16.2000|BASE_TYPE|1/1/2023|5.000||||4/24/2024|12/31/9999|0.1000
54|47202190000NB|16.2000|16.3000|BASE_TYPE|1/1/2023|5.000||||4/24/2024|12/31/9999|0.1000
54|47202190000NB|16.3000|16.4000|BASE_TYPE|1/1/2023|5.000||||4/24/2024|12/31/9999|0.1000
54|47202190000NB|16.4000|16.5000|BASE_TYPE|1/1/2023|5.000||||4/24/2024|12/31/9999|0.1000
54|47202190000NB|16.5000|16.6000|BASE_TYPE|1/1/2023|5.000||||4/24/2024|12/31/9999|0.1000
54|47202190000NB|16.6000|16.7000|BASE_TYPE|1/1/2023|5.000||||4/24/2024|12/31/9999|0.1000
54|47202190000NB|16.7000|16.8000|BASE_TYPE|1/1/2023|5.000||||4/24/2024|12/31/9999|0.1000
54|47202190000NB|16.8000|16.9000|BASE_TYPE|1/1/2023|5.000||||4/24/2024|12/31/9999|0.1000
54|47202190000NB|16.9000|17.0000|BASE_TYPE|1/1/2023|5.000||||4/24/2024|12/31/9999|0.1000
54|47202190000NB|17.0000|17.1000|BASE_TYPE|1/1/2023|5.000||||4/24/2024|12/31/9999|0.1000
54|47202190000NB|17.1000|17.2000|BASE_TYPE|1/1/2023|5.000||||4/24/2024|12/31/9999|0.1000
54|47202190000NB|17.2000|17.3000|BASE_TYPE|1/1/2023|5.000||||4/24/2024|12/31/9999|0.1000
54|47202190000NB|17.3000|17.4000|BASE_TYPE|1/1/2023|5.000||||4/24/2024|12/31/9999|0.1000
54|47202190000NB|17.4000|17.4900|BASE_TYPE|1/1/2023|5.000||||4/24/2024|12/31/9999|0.0900
54|47202190000NB|17.4900|17.5000|BASE_TYPE|1/1/2023|5.000||||4/24/2024|12/31/9999|0.0100
54|47202190000NB|17.5000|17.6000|BASE_TYPE|1/1/2023|5.000||||4/24/2024|12/31/9999|0.1000
54|47202190000NB|17.6000|17.7000|BASE_TYPE|1/1/2023|5.000||||4/24/2024|12/31/9999|0.1000
54|47202190000NB|17.7000|17.7400|BASE_TYPE|1/1/2023|5.000||||4/24/2024|12/31/9999|0.0400
54|47202190000NB|17.7400|17.8000|BASE_TYPE|1/1/2023|5.000||||4/24/2024|12/31/9999|0.0600
54|47202190000NB|17.8000|17.9000|BASE_TYPE|1/1/2023|5.000||||4/24/2024|12/31/9999|0.1000
54|47202190000NB|17.9000|18.0000|BASE_TYPE|1/1/2023|5.000||||4/24/2024|12/31/9999|0.1000
54|47202190000NB|22.1600|22.2000|BASE_TYPE|1/1/2023|5.000||||4/24/2024|12/31/9999|0.0400
54|47202190000NB|22.2000|22.3000|BASE_TYPE|1/1/2023|5.000||||4/24/2024|12/31/9999|0.1000
54|47202190000NB|22.3000|22.4000|BASE_TYPE|1/1/2023|5.000||||4/24/2024|12/31/9999|0.1000
54|47202190000NB|22.4000|22.5000|BASE_TYPE|1/1/2023|5.000||||4/24/2024|12/31/9999|0.1000
54|47202190000NB|22.5000|22.6000|BASE_TYPE|1/1/2023|5.000||||4/24/2024|12/31/9999|0.1000
54|47202190000NB|22.6000|22.7000|BASE_TYPE|1/1/2023|5.000||||4/24/2024|12/31/9999|0.1000
54|47202190000NB|22.7000|22.8000|BASE_TYPE|1/1/2023|5.000||||4/24/2024|12/31/9999|0.1000
54|47202190000NB|22.8000|22.9000|BASE_TYPE|1/1/2023|5.000||||4/24/2024|12/31/9999|0.1000
54|47202190000NB|22.9000|23.0000|BASE_TYPE|1/1/2023|5.000||||4/24/2024|12/31/9999|0.1000
54|47202190000NB|23.0000|23.1000|BASE_TYPE|1/1/2023|5.000||||4/24/2024|12/31/9999|0.1000
54|47202190000NB|23.1000|23.2000|BASE_TYPE|1/1/2023|5.000||||4/24/2024|12/31/9999|0.1000
54|47202190000NB|23.2000|23.3000|BASE_TYPE|1/1/2023|5.000||||4/24/2024|12/31/9999|0.1000
54|47202190000NB|23.3000|23.4000|BASE_TYPE|1/1/2023|5.000||||4/24/2024|12/31/9999|0.1000
54|47202190000NB|23.4000|23.5000|BASE_TYPE|1/1/2023|5.000||||4/24/2024|12/31/9999|0.1000
54|47202190000NB|23.5000|23.6000|BASE_TYPE|1/1/2023|5.000||||4/24/2024|12/31/9999|0.1000
54|47202190000NB|23.6000|23.7000|BASE_TYPE|1/1/2023|5.000||||4/24/2024|12/31/9999|0.1000
54|47202190000NB|23.7000|23.8000|BASE_TYPE|1/1/2023|5.000||||4/24/2024|12/31/9999|0.1000
54|47202190000NB|23.8000|23.9000|BASE_TYPE|1/1/2023|5.000||||4/24/2024|12/31/9999|0.1000
54|47202190000NB|23.9000|24.0000|BASE_TYPE|1/1/2023|5.000||||4/24/2024|12/31/9999|0.1000
54|47202190000NB|24.0000|24.1000|BASE_TYPE|1/1/2023|5.000||||4/24/2024|12/31/9999|0.1000
54|47202190000NB|24.1000|24.2000|BASE_TYPE|1/1/2023|5.000||||4/24/2024|12/31/9999|0.1000
54|47202190000NB|24.2000|24.3000|BASE_TYPE|1/1/2023|5.000||||4/24/2024|12/31/9999|0.1000
54|47202190000NB|24.3000|24.4000|BASE_TYPE|1/1/2023|5.000||||4/24/2024|12/31/9999|0.1000
54|47202190000NB|24.4000|24.5000|BASE_TYPE|1/1/2023|5.000||||4/24/2024|12/31/9999|0.1000
54|47202190000NB|24.5000|24.6000|BASE_TYPE|1/1/2023|5.000||||4/24/2024|12/31/9999|0.1000
54|47202190000NB|24.6000|24.7000|BASE_TYPE|1/1/2023|5.000||||4/24/2024|12/31/9999|0.1000
54|47202190000NB|24.7000|24.8000|BASE_TYPE|1/1/2023|5.000||||4/24/2024|12/31/9999|0.1000
54|47202190000NB|24.8000|24.9000|BASE_TYPE|1/1/2023|5.000||||4/24/2024|12/31/9999|0.1000
54|47202190000NB|24.9000|25.0000|BASE_TYPE|1/1/2023|5.000||||4/24/2024|12/31/9999|0.1000
54|47202190000NB|25.0000|25.1000|BASE_TYPE|1/1/2023|5.000||||4/24/2024|12/31/9999|0.1000
54|47202190000NB|25.1000|25.2000|BASE_TYPE|1/1/2023|5.000||||4/24/2024|12/31/9999|0.1000
54|47202190000NB|25.2000|25.3000|BASE_TYPE|1/1/2023|5.000||||4/24/2024|12/31/9999|0.1000
54|47202190000NB|25.3000|25.4000|BASE_TYPE|1/1/2023|5.000||||4/24/2024|12/31/9999|0.1000
54|47202190000NB|25.4000|25.4900|BASE_TYPE|1/1/2023|5.000||||4/24/2024|12/31/9999|0.0900
54|47202190000NB|25.4900|25.5000|BASE_TYPE|1/1/2023|5.000||||4/24/2024|12/31/9999|0.0100
54|47202190000NB|25.5000|25.6000|BASE_TYPE|1/1/2023|5.000||||4/24/2024|12/31/9999|0.1000
54|47202190000NB|25.6000|25.7000|BASE_TYPE|1/1/2023|5.000||||4/24/2024|12/31/9999|0.1000
54|47202190000NB|25.7000|25.8000|BASE_TYPE|1/1/2023|5.000||||4/24/2024|12/31/9999|0.1000
54|47202190000NB|25.8000|25.8300|BASE_TYPE|1/1/2023|5.000||||4/24/2024|12/31/9999|0.0300
54|47202190000NB|26.1000|26.2000|BASE_TYPE|1/1/2023|5.000||||4/24/2024|12/31/9999|0.1000
54|47202190000NB|26.2000|26.3000|BASE_TYPE|1/1/2023|5.000||||4/24/2024|12/31/9999|0.1000
54|47202190000NB|26.3000|26.4000|BASE_TYPE|1/1/2023|5.000||||4/24/2024|12/31/9999|0.1000
54|47202190000NB|26.4000|26.5000|BASE_TYPE|1/1/2023|5.000||||4/24/2024|12/31/9999|0.1000
54|47202190000NB|26.5000|26.6000|BASE_TYPE|1/1/2023|5.000||||4/24/2024|12/31/9999|0.1000
54|47202190000NB|26.6000|26.7000|BASE_TYPE|1/1/2023|5.000||||4/24/2024|12/31/9999|0.1000
54|47202190000NB|26.7000|26.8000|BASE_TYPE|1/1/2023|5.000||||4/24/2024|12/31/9999|0.1000
54|47202190000NB|26.8000|26.9000|BASE_TYPE|1/1/2023|5.000||||4/24/2024|12/31/9999|0.1000
54|47202190000NB|26.9000|27.0000|BASE_TYPE|1/1/2023|5.000||||4/24/2024|12/31/9999|0.1000
54|47202190000NB|27.0000|27.1000|BASE_TYPE|1/1/2023|5.000||||4/24/2024|12/31/9999|0.1000
54|47202190000NB|27.1000|27.2000|BASE_TYPE|1/1/2023|5.000||||4/24/2024|12/31/9999|0.1000
54|47202190000NB|27.2000|27.3000|BASE_TYPE|1/1/2023|5.000||||4/24/2024|12/31/9999|0.1000
54|47202190000NB|27.3000|27.4000|BASE_TYPE|1/1/2023|5.000||||4/24/2024|12/31/9999|0.1000
54|47202190000NB|27.4000|27.5000|BASE_TYPE|1/1/2023|5.000||||4/24/2024|12/31/9999|0.1000
54|47202190000NB|27.5000|27.6000|BASE_TYPE|1/1/2023|5.000||||4/24/2024|12/31/9999|0.1000
54|47202190000NB|27.6000|27.7000|BASE_TYPE|1/1/2023|5.000||||4/24/2024|12/31/9999|0.1000
54|47202190000NB|27.7000|27.7220|BASE_TYPE|1/1/2023|5.000||||4/24/2024|12/31/9999|0.0220
54|47202190000NB|27.7220|27.7600|BASE_TYPE|1/1/2023|5.000||||4/24/2024|12/31/9999|0.0380
54|42202190000NB|0.0000|0.1000|BASE_TYPE|1/1/2023|5.000||||4/24/2024|12/31/9999|0.1000
54|42202190000NB|0.1000|0.2000|BASE_TYPE|1/1/2023|5.000||||4/24/2024|12/31/9999|0.1000
54|42202190000NB|0.2000|0.3000|BASE_TYPE|1/1/2023|5.000||||4/24/2024|12/31/9999|0.1000
54|42202190000NB|0.3000|0.4000|BASE_TYPE|1/1/2023|5.000||||4/24/2024|12/31/9999|0.1000
54|42202190000NB|0.4000|0.5000|BASE_TYPE|1/1/2023|5.000||||4/24/2024|12/31/9999|0.1000
54|42202190000NB|0.5000|0.6000|BASE_TYPE|1/1/2023|5.000||||4/24/2024|12/31/9999|0.1000
54|42202190000NB|0.6000|0.7000|BASE_TYPE|1/1/2023|5.000||||4/24/2024|12/31/9999|0.1000
54|42202190000NB|0.7000|0.8000|BASE_TYPE|1/1/2023|5.000||||4/24/2024|12/31/9999|0.1000
54|42202190000NB|0.8000|0.9000|BASE_TYPE|1/1/2023|5.000||||4/24/2024|12/31/9999|0.1000
54|42202190000NB|0.9000|1.0000|BASE_TYPE|1/1/2023|5.000||||4/24/2024|12/31/9999|0.1000
54|42202190000NB|1.0000|1.1000|BASE_TYPE|1/1/2023|5.000||||4/24/2024|12/31/9999|0.1000
54|42202190000NB|1.1000|1.2000|BASE_TYPE|1/1/2023|5.000||||4/24/2024|12/31/9999|0.1000
54|42202190000NB|1.2000|1.3000|BASE_TYPE|1/1/2023|5.000||||4/24/2024|12/31/9999|0.1000
54|42202190000NB|1.3000|1.4000|BASE_TYPE|1/1/2023|5.000||||4/24/2024|12/31/9999|0.1000
54|42202190000NB|1.4000|1.5000|BASE_TYPE|1/1/2023|5.000||||4/24/2024|12/31/9999|0.1000
54|42202190000NB|1.5000|1.6000|BASE_TYPE|1/1/2023|5.000||||4/24/2024|12/31/9999|0.1000
54|42202190000NB|1.6000|1.7000|BASE_TYPE|1/1/2023|5.000||||4/24/2024|12/31/9999|0.1000
54|42202190000NB|1.7000|1.8000|BASE_TYPE|1/1/2023|5.000||||4/24/2024|12/31/9999|0.1000
54|42202190000NB|1.8000|1.9000|BASE_TYPE|1/1/2023|5.000||||4/24/2024|12/31/9999|0.1000
54|42202190000NB|1.9000|2.0000|BASE_TYPE|1/1/2023|5.000||||4/24/2024|12/31/9999|0.1000
54|42202190000NB|2.0000|2.1000|BASE_TYPE|1/1/2023|5.000||||4/24/2024|12/31/9999|0.1000
54|42202190000NB|2.1000|2.2000|BASE_TYPE|1/1/2023|5.000||||4/24/2024|12/31/9999|0.1000
54|42202190000NB|2.2000|2.3000|BASE_TYPE|1/1/2023|5.000||||4/24/2024|12/31/9999|0.1000
54|42202190000NB|2.3000|2.4000|BASE_TYPE|1/1/2023|5.000||||4/24/2024|12/31/9999|0.1000
54|42202190000NB|2.4000|2.5000|BASE_TYPE|1/1/2023|5.000||||4/24/2024|12/31/9999|0.1000
54|42202190000NB|2.5000|2.6000|BASE_TYPE|1/1/2023|5.000||||4/24/2024|12/31/9999|0.1000
54|42202190000NB|2.6000|2.7000|BASE_TYPE|1/1/2023|5.000||||4/24/2024|12/31/9999|0.1000
54|42202190000NB|2.7000|2.8000|BASE_TYPE|1/1/2023|5.000||||4/24/2024|12/31/9999|0.1000
54|42202190000NB|2.8000|2.9000|BASE_TYPE|1/1/2023|5.000||||4/24/2024|12/31/9999|0.1000
54|42202190000NB|2.9000|3.0000|BASE_TYPE|1/1/2023|5.000||||4/24/2024|12/31/9999|0.1000
54|42202190000NB|3.0000|3.1000|BASE_TYPE|1/1/2023|5.000||||4/24/2024|12/31/9999|0.1000
54|42202190000NB|3.1000|3.1600|BASE_TYPE|1/1/2023|5.000||||4/24/2024|12/31/9999|0.0600
54|42202190000NB|3.1600|3.2000|BASE_TYPE|1/1/2023|5.000||||4/24/2024|12/31/9999|0.0400
54|42202190000NB|3.2000|3.2400|BASE_TYPE|1/1/2023|5.000||||4/24/2024|12/31/9999|0.0400
54|42202190000NB|8.5500|8.6000|BASE_TYPE|1/1/2023|5.000||||4/24/2024|12/31/9999|0.0500
54|42202190000NB|8.6000|8.7000|BASE_TYPE|1/1/2023|5.000||||4/24/2024|12/31/9999|0.1000
54|42202190000NB|8.7000|8.7400|BASE_TYPE|1/1/2023|5.000||||4/24/2024|12/31/9999|0.0400
54|42202190000NB|8.7400|8.8000|BASE_TYPE|1/1/2023|5.000||||4/24/2024|12/31/9999|0.0600
54|42202190000NB|8.8000|8.9000|BASE_TYPE|1/1/2023|5.000||||4/24/2024|12/31/9999|0.1000
54|42202190000NB|8.9000|9.0000|BASE_TYPE|1/1/2023|5.000||||4/24/2024|12/31/9999|0.1000
54|42202190000NB|9.0000|9.1000|BASE_TYPE|1/1/2023|5.000||||4/24/2024|12/31/9999|0.1000
54|42202190000NB|9.1000|9.2000|BASE_TYPE|1/1/2023|5.000||||4/24/2024|12/31/9999|0.1000
54|42202190000NB|9.2000|9.3000|BASE_TYPE|1/1/2023|5.000||||4/24/2024|12/31/9999|0.1000
54|42202190000NB|9.3000|9.4000|BASE_TYPE|1/1/2023|5.000||||4/24/2024|12/31/9999|0.1000
54|42202190000NB|9.4000|9.4500|BASE_TYPE|1/1/2023|5.000||||4/24/2024|12/31/9999|0.0500
54|42202190000NB|9.4500|9.5000|BASE_TYPE|1/1/2023|5.000||||4/24/2024|12/31/9999|0.0500
54|42202190000NB|9.5000|9.6000|BASE_TYPE|1/1/2023|5.000||||4/24/2024|12/31/9999|0.1000
54|42202190000NB|9.6000|9.6800|BASE_TYPE|1/1/2023|5.000||||4/24/2024|12/31/9999|0.0800
54|42202190000NB|15.8900|15.9000|BASE_TYPE|1/1/2023|5.000||||4/24/2024|12/31/9999|0.0100
54|42202190000NB|15.9000|16.0000|BASE_TYPE|1/1/2023|5.000||||4/24/2024|12/31/9999|0.1000
54|42202190000NB|16.0000|16.1000|BASE_TYPE|1/1/2023|5.000||||4/24/2024|12/31/9999|0.1000
54|42202190000NB|16.1000|16.2000|BASE_TYPE|1/1/2023|5.000||||4/24/2024|12/31/9999|0.1000
54|42202190000NB|16.2000|16.3000|BASE_TYPE|1/1/2023|5.000||||4/24/2024|12/31/9999|0.1000
54|42202190000NB|16.3000|16.4000|BASE_TYPE|1/1/2023|5.000||||4/24/2024|12/31/9999|0.1000
54|42202190000NB|16.4000|16.5000|BASE_TYPE|1/1/2023|5.000||||4/24/2024|12/31/9999|0.1000
54|42202190000NB|16.5000|16.6000|BASE_TYPE|1/1/2023|5.000||||4/24/2024|12/31/9999|0.1000
54|42202190000NB|16.6000|16.7000|BASE_TYPE|1/1/2023|5.000||||4/24/2024|12/31/9999|0.1000
54|42202190000NB|16.7000|16.8000|BASE_TYPE|1/1/2023|5.000||||4/24/2024|12/31/9999|0.1000
54|42202190000NB|16.8000|16.9000|BASE_TYPE|1/1/2023|5.000||||4/24/2024|12/31/9999|0.1000
54|42202190000NB|16.9000|17.0000|BASE_TYPE|1/1/2023|5.000||||4/24/2024|12/31/9999|0.1000
54|42202190000NB|17.0000|17.1000|BASE_TYPE|1/1/2023|5.000||||4/24/2024|12/31/9999|0.1000
54|42202190000NB|17.1000|17.2000|BASE_TYPE|1/1/2023|5.000||||4/24/2024|12/31/9999|0.1000
54|42202190000NB|17.2000|17.2900|BASE_TYPE|1/1/2023|5.000||||4/24/2024|12/31/9999|0.0900
54|42202190000NB|17.4000|17.5000|BASE_TYPE|1/1/2023|5.000||||4/24/2024|12/31/9999|0.1000
54|42202190000NB|17.5000|17.6000|BASE_TYPE|1/1/2023|5.000||||4/24/2024|12/31/9999|0.1000
54|42202190000NB|17.6000|17.7000|BASE_TYPE|1/1/2023|5.000||||4/24/2024|12/31/9999|0.1000
54|42202190000NB|17.7000|17.8000|BASE_TYPE|1/1/2023|5.000||||4/24/2024|12/31/9999|0.1000
54|42202190000NB|17.8000|17.9000|BASE_TYPE|1/1/2023|5.000||||4/24/2024|12/31/9999|0.1000
54|42202190000NB|17.9000|18.0000|BASE_TYPE|1/1/2023|5.000||||4/24/2024|12/31/9999|0.1000
54|42202190000NB|18.0000|18.1000|BASE_TYPE|1/1/2023|5.000||||4/24/2024|12/31/9999|0.1000
54|42202190000NB|18.1000|18.2000|BASE_TYPE|1/1/2023|5.000||||4/24/2024|12/31/9999|0.1000
54|42202190000NB|18.2000|18.3000|BASE_TYPE|1/1/2023|5.000||||4/24/2024|12/31/9999|0.1000
54|42202190000NB|18.3000|18.4000|BASE_TYPE|1/1/2023|5.000||||4/24/2024|12/31/9999|0.1000
54|42202190000NB|18.4000|18.5000|BASE_TYPE|1/1/2023|5.000||||4/24/2024|12/31/9999|0.1000
54|42202190000NB|18.5000|18.6000|BASE_TYPE|1/1/2023|5.000||||4/24/2024|12/31/9999|0.1000
54|42202190000NB|18.6000|18.7000|BASE_TYPE|1/1/2023|5.000||||4/24/2024|12/31/9999|0.1000
54|42202190000NB|18.7000|18.8000|BASE_TYPE|1/1/2023|5.000||||4/24/2024|12/31/9999|0.1000
54|42202190000NB|18.8000|18.9000|BASE_TYPE|1/1/2023|5.000||||4/24/2024|12/31/9999|0.1000
54|42202190000NB|18.9000|19.0000|BASE_TYPE|1/1/2023|5.000||||4/24/2024|12/31/9999|0.1000
54|42202190000NB|19.0000|19.1000|BASE_TYPE|1/1/2023|5.000||||4/24/2024|12/31/9999|0.1000
54|42202190000NB|19.1000|19.1500|BASE_TYPE|1/1/2023|5.000||||4/24/2024|12/31/9999|0.0500
54|42202190000NB|19.1500|19.2000|BASE_TYPE|1/1/2023|5.000||||4/24/2024|12/31/9999|0.0500
54|42202190000NB|19.2000|19.3000|BASE_TYPE|1/1/2023|5.000||||4/24/2024|12/31/9999|0.1000
54|42202190000NB|19.3000|19.4000|BASE_TYPE|1/1/2023|5.000||||4/24/2024|12/31/9999|0.1000
54|42202190000NB|19.4000|19.5000|BASE_TYPE|1/1/2023|5.000||||4/24/2024|12/31/9999|0.1000
54|42202190000NB|19.5000|19.5100|BASE_TYPE|1/1/2023|5.000||||4/24/2024|12/31/9999|0.0100
54|42202190000NB|19.5100|19.6000|BASE_TYPE|1/1/2023|5.000||||4/24/2024|12/31/9999|0.0900
54|42202190000NB|19.6000|19.7000|BASE_TYPE|1/1/2023|5.000||||4/24/2024|12/31/9999|0.1000
54|42202190000NB|19.7000|19.8000|BASE_TYPE|1/1/2023|5.000||||4/24/2024|12/31/9999|0.1000
54|42202190000NB|19.8000|19.9000|BASE_TYPE|1/1/2023|5.000||||4/24/2024|12/31/9999|0.1000
54|42202190000NB|19.9000|20.0000|BASE_TYPE|1/1/2023|5.000||||4/24/2024|12/31/9999|0.1000
54|42202190000NB|20.0000|20.1000|BASE_TYPE|1/1/2023|5.000||||4/24/2024|12/31/9999|0.1000
54|42202190000NB|21.4800|21.5000|BASE_TYPE|1/1/2023|5.000||||4/24/2024|12/31/9999|0.0200
54|42202190000NB|21.5000|21.6000|BASE_TYPE|1/1/2023|5.000||||4/24/2024|12/31/9999|0.1000
54|42202190000NB|21.6000|21.6400|BASE_TYPE|1/1/2023|5.000||||4/24/2024|12/31/9999|0.0400
54|42202190000NB|21.6400|21.6700|BASE_TYPE|1/1/2023|5.000||||4/24/2024|12/31/9999|0.0300
54|42202190000NB|27.8500|27.9000|BASE_TYPE|1/1/2023|5.000||||4/24/2024|12/31/9999|0.0500
54|42202190000NB|27.9000|28.0000|BASE_TYPE|1/1/2023|5.000||||4/24/2024|12/31/9999|0.1000
54|42202190000NB|28.0000|28.1000|BASE_TYPE|1/1/2023|5.000||||4/24/2024|12/31/9999|0.1000
54|42202190000NB|28.1000|28.2000|BASE_TYPE|1/1/2023|5.000||||4/24/2024|12/31/9999|0.1000
54|42202190000NB|28.2000|28.3000|BASE_TYPE|1/1/2023|5.000||||4/24/2024|12/31/9999|0.1000
54|42202190000NB|28.3000|28.4000|BASE_TYPE|1/1/2023|5.000||||4/24/2024|12/31/9999|0.1000
54|42202190000NB|28.4000|28.5000|BASE_TYPE|1/1/2023|5.000||||4/24/2024|12/31/9999|0.1000
54|42202190000NB|28.5000|28.6000|BASE_TYPE|1/1/2023|5.000||||4/24/2024|12/31/9999|0.1000
54|42202190000NB|28.6000|28.7000|BASE_TYPE|1/1/2023|5.000||||4/24/2024|12/31/9999|0.1000
54|42202190000NB|28.7000|28.8000|BASE_TYPE|1/1/2023|5.000||||4/24/2024|12/31/9999|0.1000
54|42202190000NB|28.8000|28.9000|BASE_TYPE|1/1/2023|5.000||||4/24/2024|12/31/9999|0.1000
54|42202190000NB|28.9000|29.0000|BASE_TYPE|1/1/2023|5.000||||4/24/2024|12/31/9999|0.1000
54|42202190000NB|29.0000|29.1000|BASE_TYPE|1/1/2023|5.000||||4/24/2024|12/31/9999|0.1000
54|42202190000NB|29.1000|29.2000|BASE_TYPE|1/1/2023|5.000||||4/24/2024|12/31/9999|0.1000
54|42202190000NB|29.2000|29.3000|BASE_TYPE|1/1/2023|5.000||||4/24/2024|12/31/9999|0.1000
54|42202190000NB|29.3000|29.4000|BASE_TYPE|1/1/2023|5.000||||4/24/2024|12/31/9999|0.1000
54|42202190000NB|29.4000|29.5000|BASE_TYPE|1/1/2023|5.000||||4/24/2024|12/31/9999|0.1000
54|42202190000NB|29.5000|29.6000|BASE_TYPE|1/1/2023|5.000||||4/24/2024|12/31/9999|0.1000
54|42202190000NB|29.6000|29.7000|BASE_TYPE|1/1/2023|5.000||||4/24/2024|12/31/9999|0.1000
54|42202190000NB|29.7000|29.8000|BASE_TYPE|1/1/2023|5.000||||4/24/2024|12/31/9999|0.1000
54|42202190000NB|29.8000|29.9000|BASE_TYPE|1/1/2023|5.000||||4/24/2024|12/31/9999|0.1000
54|42202190000NB|29.9000|30.0000|BASE_TYPE|1/1/2023|5.000||||4/24/2024|12/31/9999|0.1000
54|42202190000NB|30.0000|30.1000|BASE_TYPE|1/1/2023|5.000||||4/24/2024|12/31/9999|0.1000
54|42202190000NB|30.1000|30.1600|BASE_TYPE|1/1/2023|5.000||||4/24/2024|12/31/9999|0.0600
54|4240011000000|2.4800|2.4910|BASE_TYPE|1/1/2023|5.000||||4/24/2024|12/31/9999|0.0110
54|4730032000000|0.0000|0.1900|BASE_TYPE|1/1/2023|5.000||||4/24/2024|12/31/9999|0.1900
54|4730032000000|0.1900|3.1900|BASE_TYPE|1/1/2023|5.000||||4/24/2024|12/31/9999|3.0000
54|4730032000000|3.1900|3.2600|BASE_TYPE|1/1/2023|5.000||||4/24/2024|12/31/9999|0.0700
54|4730032000000|14.7900|14.8000|BASE_TYPE|1/1/2023|5.000||||4/24/2024|12/31/9999|0.0100
54|4730032000000|14.8000|14.9000|BASE_TYPE|1/1/2023|5.000||||4/24/2024|12/31/9999|0.1000
54|4730032000000|14.9000|15.0000|BASE_TYPE|1/1/2023|5.000||||4/24/2024|12/31/9999|0.1000
54|4730032000000|15.0000|15.1000|BASE_TYPE|1/1/2023|5.000||||4/24/2024|12/31/9999|0.1000
54|4730032000000|15.1000|15.2000|BASE_TYPE|1/1/2023|5.000||||4/24/2024|12/31/9999|0.1000
54|4730032000000|15.2000|15.3000|BASE_TYPE|1/1/2023|5.000||||4/24/2024|12/31/9999|0.1000
54|4730032000000|15.3000|15.4000|BASE_TYPE|1/1/2023|5.000||||4/24/2024|12/31/9999|0.1000
54|4730032000000|15.4000|15.5000|BASE_TYPE|1/1/2023|5.000||||4/24/2024|12/31/9999|0.1000
54|4730032000000|15.5000|15.6000|BASE_TYPE|1/1/2023|5.000||||4/24/2024|12/31/9999|0.1000
54|4730032000000|15.6000|15.7000|BASE_TYPE|1/1/2023|5.000||||4/24/2024|12/31/9999|0.1000
54|4730032000000|15.7000|15.8000|BASE_TYPE|1/1/2023|5.000||||4/24/2024|12/31/9999|0.1000
54|4730032000000|15.8000|15.9000|BASE_TYPE|1/1/2023|5.000||||4/24/2024|12/31/9999|0.1000
54|4730032000000|15.9000|16.0000|BASE_TYPE|1/1/2023|5.000||||4/24/2024|12/31/9999|0.1000
54|4730032000000|16.0000|16.0900|BASE_TYPE|1/1/2023|5.000||||4/24/2024|12/31/9999|0.0900
54|4730032000000|16.0900|16.1000|BASE_TYPE|1/1/2023|5.000||||4/24/2024|12/31/9999|0.0100
54|4730032000000|16.1000|16.2000|BASE_TYPE|1/1/2023|5.000||||4/24/2024|12/31/9999|0.1000
54|4730032000000|16.2000|16.3000|BASE_TYPE|1/1/2023|5.000||||4/24/2024|12/31/9999|0.1000
54|4730032000000|16.3000|16.4000|BASE_TYPE|1/1/2023|5.000||||4/24/2024|12/31/9999|0.1000
54|4730032000000|16.4000|16.4500|BASE_TYPE|1/1/2023|5.000||||4/24/2024|12/31/9999|0.0500
